State,Institute,Course,Quota,Fee,Stipend Year 1,Bond Years,Bond Penalty,Beds,,,
Telangana,"DCMS, Hyderabad",DPM (Psychiatry),TELMgmt-MQ1-CatB-All,"?24,00,000*",Info not available*,1*,"?20,00,000*",1400,,,
Telangana,"DCMS, Hyderabad",DPM (Psychiatry),TELMgmt-MQ2-CatC-NRI,"?72,00,000*",Info not available*,1*,"?20,00,000*",1400,,,
Telangana,"DCMS, Hyderabad",DPM (Psychiatry),TELMgmt-MQ3-CatC-Inst,"?72,00,000*",Info not available*,1*,"?20,00,000*",1400,,,
Telangana,"Mahavir Inst of MS, Vikarabad",ANAESTHESIOLOGY,TELMgmt-MQ1-CatB-All,"?23,00,000*",Info not available*,1*,"?20,00,000*",700,,,
Telangana,"Mamata Med Coll, Khammam",ANAESTHESIOLOGY,TELMgmt-MQ1-CatB-All,"?23,00,000*",Info not available*,1*,"?20,00,000*",1080,,,
Telangana,"Kamineni IMS, Narketpally",ANAESTHESIOLOGY,TELMgmt-MQ1-CatB-All,"?23,00,000*",Info not available*,1*,"?20,00,000*",1060,,,
Telangana,"SVS Med Coll, Mehboobnagar",ANAESTHESIOLOGY,TELMgmt-MQ1-CatB-All,"?24,00,000*",Info not available*,1*,"?20,00,000*",760,,,
Telangana,"Surabhi InstituteofMS,Siddipet",ANAESTHESIOLOGY,TELMgmt-MQ1-CatB-All,"?24,00,000*",Info not available*,1*,"?20,00,000*",Info Not Available,,,
Telangana,"Dr Patnam MRInstofMS,Chevella",ANAESTHESIOLOGY,TELMgmt-MQ1-CatB-All,"?23,00,000*",Info not available*,1*,"?20,00,000*",Info Not Available,,,
Telangana,"RVM IMSRC, Siddipet",ANAESTHESIOLOGY,TELMgmt-MQ1-CatB-All,"?23,00,000*",Info not available*,1*,"?20,00,000*",1110,,,
Telangana,"Apollo IMSR, Hyderabad",ANAESTHESIOLOGY,TELMgmt-MQ1-CatB-All,"?23,00,000*",Info not available*,1*,"?20,00,000*",570,,,
Telangana,"Bhaskar Med Coll, Yenkapally",ANAESTHESIOLOGY,TELMgmt-MQ1-CatB-All,"?23,00,000*",Info not available*,1*,"?20,00,000*",850,,,
Telangana,"Kamineni (KAMSRC), Hyderabad",ANAESTHESIOLOGY,TELMgmt-MQ1-CatB-All,"?23,00,000*",Info not available*,1*,"?20,00,000*",650,,,
Telangana,"Shadan IMSRC, Peerancheru",ANAESTHESIOLOGY,TELMgmt-MQ1-CatB-All,"?24,00,000*",Info not available*,1*,"?20,00,000*",800,,,
Telangana,"Mediciti IMS, Ghanpur",ANAESTHESIOLOGY,TELMgmt-MQ1-CatB-All,"?23,00,000*",Info not available*,1*,"?20,00,000*",720,,,
Telangana,"MNR Med Coll, Sangareddy",ANAESTHESIOLOGY,TELMgmt-MQ1-CatB-All,"?23,00,000*",Info not available*,1*,"?20,00,000*",760,,,
Telangana,"Prathima IMS, Karimnagar",ANAESTHESIOLOGY,TELMgmt-MQ1-CatB-All,"?23,00,000*",Info not available*,1*,"?20,00,000*",1060,,,
Telangana,"CAIMS, Karimnagar",ANAESTHESIOLOGY,TELMgmt-MQ1-CatB-All,"?24,00,000*",Info not available*,1*,"?20,00,000*",1000,,,
Telangana,"DCMS, Hyderabad",ANAESTHESIOLOGY,TELMgmt-MQ1-CatB-All,"?24,00,000*",Info not available*,1*,"?20,00,000*",1400,,,
Telangana,"Maheshwara Med Coll, Medak",ANAESTHESIOLOGY,TELMgmt-MQ1-CatB-All,"?23,00,000*",Info not available*,1*,"?20,00,000*",745,,,
Telangana,"Mamata AcadofMedSci,Bachupally",ANAESTHESIOLOGY,TELMgmt-MQ1-CatB-All,"?23,00,000*",Info not available*,1*,"?20,00,000*",Info Not Available,,,
Telangana,"Maheshwara Med Coll, Medak",ANAESTHESIOLOGY,TELMgmt-MQ2-CatC-NRI,"?69,00,000*",Info not available*,1*,"?20,00,000*",745,,,
Telangana,"Mahavir Inst of MS, Vikarabad",ANAESTHESIOLOGY,TELMgmt-MQ2-CatC-NRI,"?69,00,000*",Info not available*,1*,"?20,00,000*",700,,,
Telangana,"Mamata Med Coll, Khammam",ANAESTHESIOLOGY,TELMgmt-MQ2-CatC-NRI,"?69,00,000*",Info not available*,1*,"?20,00,000*",1080,,,
Telangana,"Kamineni IMS, Narketpally",ANAESTHESIOLOGY,TELMgmt-MQ2-CatC-NRI,"?69,00,000*",Info not available*,1*,"?20,00,000*",1060,,,
Telangana,"SVS Med Coll, Mehboobnagar",ANAESTHESIOLOGY,TELMgmt-MQ2-CatC-NRI,"?72,00,000*",Info not available*,1*,"?20,00,000*",760,,,
Telangana,"Surabhi InstituteofMS,Siddipet",ANAESTHESIOLOGY,TELMgmt-MQ2-CatC-NRI,"?72,00,000*",Info not available*,1*,"?20,00,000*",Info Not Available,,,
Telangana,"Dr Patnam MRInstofMS,Chevella",ANAESTHESIOLOGY,TELMgmt-MQ2-CatC-NRI,"?69,00,000*",Info not available*,1*,"?20,00,000*",Info Not Available,,,
Telangana,"RVM IMSRC, Siddipet",ANAESTHESIOLOGY,TELMgmt-MQ2-CatC-NRI,"?69,00,000*",Info not available*,1*,"?20,00,000*",1110,,,
Telangana,"Apollo IMSR, Hyderabad",ANAESTHESIOLOGY,TELMgmt-MQ2-CatC-NRI,"?69,00,000*",Info not available*,1*,"?20,00,000*",570,,,
Telangana,"Bhaskar Med Coll, Yenkapally",ANAESTHESIOLOGY,TELMgmt-MQ2-CatC-NRI,"?69,00,000*",Info not available*,1*,"?20,00,000*",850,,,
Telangana,"Kamineni (KAMSRC), Hyderabad",ANAESTHESIOLOGY,TELMgmt-MQ2-CatC-NRI,"?69,00,000*",Info not available*,1*,"?20,00,000*",650,,,
Telangana,"Shadan IMSRC, Peerancheru",ANAESTHESIOLOGY,TELMgmt-MQ2-CatC-NRI,"?72,00,000*",Info not available*,1*,"?20,00,000*",800,,,
Telangana,"Mediciti IMS, Ghanpur",ANAESTHESIOLOGY,TELMgmt-MQ2-CatC-NRI,"?69,00,000*",Info not available*,1*,"?20,00,000*",720,,,
Telangana,"MNR Med Coll, Sangareddy",ANAESTHESIOLOGY,TELMgmt-MQ2-CatC-NRI,"?69,00,000*",Info not available*,1*,"?20,00,000*",760,,,
Telangana,"Prathima IMS, Karimnagar",ANAESTHESIOLOGY,TELMgmt-MQ2-CatC-NRI,"?69,00,000*",Info not available*,1*,"?20,00,000*",1060,,,
Telangana,"CAIMS, Karimnagar",ANAESTHESIOLOGY,TELMgmt-MQ2-CatC-NRI,"?72,00,000*",Info not available*,1*,"?20,00,000*",1000,,,
Telangana,"DCMS, Hyderabad",ANAESTHESIOLOGY,TELMgmt-MQ2-CatC-NRI,"?72,00,000*",Info not available*,1*,"?20,00,000*",1400,,,
Telangana,"Mamata AcadofMedSci,Bachupally",ANAESTHESIOLOGY,TELMgmt-MQ2-CatC-NRI,"?69,00,000*",Info not available*,1*,"?20,00,000*",Info Not Available,,,
Telangana,"Mamata AcadofMedSci,Bachupally",ANAESTHESIOLOGY,TELMgmt-MQ3-CatC-Inst,"?69,00,000*",Info not available*,1*,"?20,00,000*",Info Not Available,,,
Telangana,"Mahavir Inst of MS, Vikarabad",ANAESTHESIOLOGY,TELMgmt-MQ3-CatC-Inst,"?69,00,000*",Info not available*,1*,"?20,00,000*",700,,,
Telangana,"Mamata Med Coll, Khammam",ANAESTHESIOLOGY,TELMgmt-MQ3-CatC-Inst,"?69,00,000*",Info not available*,1*,"?20,00,000*",1080,,,
Telangana,"Kamineni IMS, Narketpally",ANAESTHESIOLOGY,TELMgmt-MQ3-CatC-Inst,"?69,00,000*",Info not available*,1*,"?20,00,000*",1060,,,
Telangana,"SVS Med Coll, Mehboobnagar",ANAESTHESIOLOGY,TELMgmt-MQ3-CatC-Inst,"?72,00,000*",Info not available*,1*,"?20,00,000*",760,,,
Telangana,"Surabhi InstituteofMS,Siddipet",ANAESTHESIOLOGY,TELMgmt-MQ3-CatC-Inst,"?72,00,000*",Info not available*,1*,"?20,00,000*",Info Not Available,,,
Telangana,"Dr Patnam MRInstofMS,Chevella",ANAESTHESIOLOGY,TELMgmt-MQ3-CatC-Inst,"?69,00,000*",Info not available*,1*,"?20,00,000*",Info Not Available,,,
Telangana,"RVM IMSRC, Siddipet",ANAESTHESIOLOGY,TELMgmt-MQ3-CatC-Inst,"?69,00,000*",Info not available*,1*,"?20,00,000*",1110,,,
Telangana,"Apollo IMSR, Hyderabad",ANAESTHESIOLOGY,TELMgmt-MQ3-CatC-Inst,"?69,00,000*",Info not available*,1*,"?20,00,000*",570,,,
Telangana,"Bhaskar Med Coll, Yenkapally",ANAESTHESIOLOGY,TELMgmt-MQ3-CatC-Inst,"?69,00,000*",Info not available*,1*,"?20,00,000*",850,,,
Telangana,"Kamineni (KAMSRC), Hyderabad",ANAESTHESIOLOGY,TELMgmt-MQ3-CatC-Inst,"?69,00,000*",Info not available*,1*,"?20,00,000*",650,,,
Telangana,"Shadan IMSRC, Peerancheru",ANAESTHESIOLOGY,TELMgmt-MQ3-CatC-Inst,"?72,00,000*",Info not available*,1*,"?20,00,000*",800,,,
Telangana,"Mediciti IMS, Ghanpur",ANAESTHESIOLOGY,TELMgmt-MQ3-CatC-Inst,"?69,00,000*",Info not available*,1*,"?20,00,000*",720,,,
Telangana,"MNR Med Coll, Sangareddy",ANAESTHESIOLOGY,TELMgmt-MQ3-CatC-Inst,"?69,00,000*",Info not available*,1*,"?20,00,000*",760,,,
Telangana,"Prathima IMS, Karimnagar",ANAESTHESIOLOGY,TELMgmt-MQ3-CatC-Inst,"?69,00,000*",Info not available*,1*,"?20,00,000*",1060,,,
Telangana,"CAIMS, Karimnagar",ANAESTHESIOLOGY,TELMgmt-MQ3-CatC-Inst,"?72,00,000*",Info not available*,1*,"?20,00,000*",1000,,,
Telangana,"DCMS, Hyderabad",ANAESTHESIOLOGY,TELMgmt-MQ3-CatC-Inst,"?72,00,000*",Info not available*,1*,"?20,00,000*",1400,,,
Telangana,"CAIMS, Karimnagar",ANATOMY,TELMgmt-MQ1-CatB-All,"?2,00,000*",Info not available*,1*,"?20,00,000*",1000,,,
Telangana,"DrVRK Womens MedColl,Aziznagar",ANATOMY,TELMgmt-MQ1-CatB-All,"?1,70,000*",Info not available*,1*,"?20,00,000*",500,,,
Telangana,"Mamata Med Coll, Khammam",ANATOMY,TELMgmt-MQ1-CatB-All,"?1,70,000*",Info not available*,1*,"?20,00,000*",1080,,,
Telangana,"Mahavir Inst of MS, Vikarabad",ANATOMY,TELMgmt-MQ1-CatB-All,"?1,70,000*",Info not available*,1*,"?20,00,000*",700,,,
Telangana,"RVM IMSRC, Siddipet",ANATOMY,TELMgmt-MQ1-CatB-All,"?1,70,000*",Info not available*,1*,"?20,00,000*",1110,,,
Telangana,"Apollo IMSR, Hyderabad",ANATOMY,TELMgmt-MQ1-CatB-All,"?1,70,000*",Info not available*,1*,"?20,00,000*",570,,,
Telangana,"Kamineni (KAMSRC), Hyderabad",ANATOMY,TELMgmt-MQ1-CatB-All,"?2,16,000*",Info not available*,1*,"?20,00,000*",650,,,
Telangana,"MNR Med Coll, Sangareddy",ANATOMY,TELMgmt-MQ1-CatB-All,"?1,89,000*",Info not available*,1*,"?20,00,000*",760,,,
Telangana,"Bhaskar Med Coll, Yenkapally",ANATOMY,TELMgmt-MQ1-CatB-All,"?1,70,000*",Info not available*,1*,"?20,00,000*",850,,,
Telangana,"Shadan IMSRC, Peerancheru",ANATOMY,TELMgmt-MQ1-CatB-All,"?2,00,000*",Info not available*,1*,"?20,00,000*",800,,,
Telangana,"Mediciti IMS, Ghanpur",ANATOMY,TELMgmt-MQ1-CatB-All,"?1,70,000*",Info not available*,1*,"?20,00,000*",720,,,
Telangana,"DCMS, Hyderabad",ANATOMY,TELMgmt-MQ1-CatB-All,"?2,16,000*",Info not available*,1*,"?20,00,000*",1400,,,
Telangana,"Kamineni IMS, Narketpally",ANATOMY,TELMgmt-MQ1-CatB-All,"?2,16,000*",Info not available*,1*,"?20,00,000*",1060,,,
Telangana,"Prathima IMS, Karimnagar",ANATOMY,TELMgmt-MQ1-CatB-All,"?1,87,000*",Info not available*,1*,"?20,00,000*",1060,,,
Telangana,"SVS Med Coll, Mehboobnagar",ANATOMY,TELMgmt-MQ1-CatB-All,"?1,80,000*",Info not available*,1*,"?20,00,000*",760,,,
Telangana,"CAIMS, Karimnagar",ANATOMY,TELMgmt-MQ2-CatC-NRI,"?6,00,000*",Info not available*,1*,"?20,00,000*",1000,,,
Telangana,"DrVRK Womens MedColl,Aziznagar",ANATOMY,TELMgmt-MQ2-CatC-NRI,"?5,10,000*",Info not available*,1*,"?20,00,000*",500,,,
Telangana,"Mamata Med Coll, Khammam",ANATOMY,TELMgmt-MQ2-CatC-NRI,"?5,10,000*",Info not available*,1*,"?20,00,000*",1080,,,
Telangana,"Mahavir Inst of MS, Vikarabad",ANATOMY,TELMgmt-MQ2-CatC-NRI,"?5,10,000*",Info not available*,1*,"?20,00,000*",700,,,
Telangana,"RVM IMSRC, Siddipet",ANATOMY,TELMgmt-MQ2-CatC-NRI,"?5,10,000*",Info not available*,1*,"?20,00,000*",1110,,,
Telangana,"Apollo IMSR, Hyderabad",ANATOMY,TELMgmt-MQ2-CatC-NRI,"?5,10,000*",Info not available*,1*,"?20,00,000*",570,,,
Telangana,"Kamineni (KAMSRC), Hyderabad",ANATOMY,TELMgmt-MQ2-CatC-NRI,"?6,48,000*",Info not available*,1*,"?20,00,000*",650,,,
Telangana,"MNR Med Coll, Sangareddy",ANATOMY,TELMgmt-MQ2-CatC-NRI,"?5,67,000*",Info not available*,1*,"?20,00,000*",760,,,
Telangana,"Bhaskar Med Coll, Yenkapally",ANATOMY,TELMgmt-MQ2-CatC-NRI,"?5,10,000*",Info not available*,1*,"?20,00,000*",850,,,
Telangana,"Shadan IMSRC, Peerancheru",ANATOMY,TELMgmt-MQ2-CatC-NRI,"?6,00,000*",Info not available*,1*,"?20,00,000*",800,,,
Telangana,"Mediciti IMS, Ghanpur",ANATOMY,TELMgmt-MQ2-CatC-NRI,"?5,10,000*",Info not available*,1*,"?20,00,000*",720,,,
Telangana,"DCMS, Hyderabad",ANATOMY,TELMgmt-MQ2-CatC-NRI,"?6,48,000*",Info not available*,1*,"?20,00,000*",1400,,,
Telangana,"Kamineni IMS, Narketpally",ANATOMY,TELMgmt-MQ2-CatC-NRI,"?6,48,000*",Info not available*,1*,"?20,00,000*",1060,,,
Telangana,"Prathima IMS, Karimnagar",ANATOMY,TELMgmt-MQ2-CatC-NRI,"?5,61,000*",Info not available*,1*,"?20,00,000*",1060,,,
Telangana,"SVS Med Coll, Mehboobnagar",ANATOMY,TELMgmt-MQ2-CatC-NRI,"?5,40,000*",Info not available*,1*,"?20,00,000*",760,,,
Telangana,"CAIMS, Karimnagar",ANATOMY,TELMgmt-MQ3-CatC-Inst,"?6,00,000*",Info not available*,1*,"?20,00,000*",1000,,,
Telangana,"DrVRK Womens MedColl,Aziznagar",ANATOMY,TELMgmt-MQ3-CatC-Inst,"?5,10,000*",Info not available*,1*,"?20,00,000*",500,,,
Telangana,"Mamata Med Coll, Khammam",ANATOMY,TELMgmt-MQ3-CatC-Inst,"?5,10,000*",Info not available*,1*,"?20,00,000*",1080,,,
Telangana,"Mahavir Inst of MS, Vikarabad",ANATOMY,TELMgmt-MQ3-CatC-Inst,"?5,10,000*",Info not available*,1*,"?20,00,000*",700,,,
Telangana,"RVM IMSRC, Siddipet",ANATOMY,TELMgmt-MQ3-CatC-Inst,"?5,10,000*",Info not available*,1*,"?20,00,000*",1110,,,
Telangana,"Apollo IMSR, Hyderabad",ANATOMY,TELMgmt-MQ3-CatC-Inst,"?5,10,000*",Info not available*,1*,"?20,00,000*",570,,,
Telangana,"Kamineni (KAMSRC), Hyderabad",ANATOMY,TELMgmt-MQ3-CatC-Inst,"?6,48,000*",Info not available*,1*,"?20,00,000*",650,,,
Telangana,"MNR Med Coll, Sangareddy",ANATOMY,TELMgmt-MQ3-CatC-Inst,"?5,67,000*",Info not available*,1*,"?20,00,000*",760,,,
Telangana,"Bhaskar Med Coll, Yenkapally",ANATOMY,TELMgmt-MQ3-CatC-Inst,"?5,10,000*",Info not available*,1*,"?20,00,000*",850,,,
Telangana,"Shadan IMSRC, Peerancheru",ANATOMY,TELMgmt-MQ3-CatC-Inst,"?6,00,000*",Info not available*,1*,"?20,00,000*",800,,,
Telangana,"Mediciti IMS, Ghanpur",ANATOMY,TELMgmt-MQ3-CatC-Inst,"?5,10,000*",Info not available*,1*,"?20,00,000*",720,,,
Telangana,"DCMS, Hyderabad",ANATOMY,TELMgmt-MQ3-CatC-Inst,"?6,48,000*",Info not available*,1*,"?20,00,000*",1400,,,
Telangana,"Kamineni IMS, Narketpally",ANATOMY,TELMgmt-MQ3-CatC-Inst,"?6,48,000*",Info not available*,1*,"?20,00,000*",1060,,,
Telangana,"Prathima IMS, Karimnagar",ANATOMY,TELMgmt-MQ3-CatC-Inst,"?5,61,000*",Info not available*,1*,"?20,00,000*",1060,,,
Telangana,"SVS Med Coll, Mehboobnagar",ANATOMY,TELMgmt-MQ3-CatC-Inst,"?5,40,000*",Info not available*,1*,"?20,00,000*",760,,,
Telangana,"SVS Med Coll, Mehboobnagar",BIOCHEMISTRY,TELMgmt-MQ1-CatB-All,"?1,80,000*",Info not available*,1*,"?20,00,000*",760,,,
Telangana,"Kamineni IMS, Narketpally",BIOCHEMISTRY,TELMgmt-MQ1-CatB-All,"?2,16,000*",Info not available*,1*,"?20,00,000*",1060,,,
Telangana,"Mamata Med Coll, Khammam",BIOCHEMISTRY,TELMgmt-MQ1-CatB-All,"?1,70,000*",Info not available*,1*,"?20,00,000*",1080,,,
Telangana,"Surabhi InstituteofMS,Siddipet",BIOCHEMISTRY,TELMgmt-MQ1-CatB-All,"?2,16,000*",Info not available*,1*,"?20,00,000*",Info Not Available,,,
Telangana,"Dr Patnam MRInstofMS,Chevella",BIOCHEMISTRY,TELMgmt-MQ1-CatB-All,"?1,70,000*",Info not available*,1*,"?20,00,000*",Info Not Available,,,
Telangana,"DrVRK Womens MedColl,Aziznagar",BIOCHEMISTRY,TELMgmt-MQ1-CatB-All,"?1,70,000*",Info not available*,1*,"?20,00,000*",500,,,
Telangana,"Mahavir Inst of MS, Vikarabad",BIOCHEMISTRY,TELMgmt-MQ1-CatB-All,"?1,70,000*",Info not available*,1*,"?20,00,000*",700,,,
Telangana,"RVM IMSRC, Siddipet",BIOCHEMISTRY,TELMgmt-MQ1-CatB-All,"?1,70,000*",Info not available*,1*,"?20,00,000*",1110,,,
Telangana,"Kamineni (KAMSRC), Hyderabad",BIOCHEMISTRY,TELMgmt-MQ1-CatB-All,"?2,16,000*",Info not available*,1*,"?20,00,000*",650,,,
Telangana,"MNR Med Coll, Sangareddy",BIOCHEMISTRY,TELMgmt-MQ1-CatB-All,"?1,89,000*",Info not available*,1*,"?20,00,000*",760,,,
Telangana,"Shadan IMSRC, Peerancheru",BIOCHEMISTRY,TELMgmt-MQ1-CatB-All,"?2,00,000*",Info not available*,1*,"?20,00,000*",800,,,
Telangana,"Mediciti IMS, Ghanpur",BIOCHEMISTRY,TELMgmt-MQ1-CatB-All,"?1,70,000*",Info not available*,1*,"?20,00,000*",720,,,
Telangana,"Prathima IMS, Karimnagar",BIOCHEMISTRY,TELMgmt-MQ1-CatB-All,"?1,87,000*",Info not available*,1*,"?20,00,000*",1060,,,
Telangana,"CAIMS, Karimnagar",BIOCHEMISTRY,TELMgmt-MQ1-CatB-All,"?2,00,000*",Info not available*,1*,"?20,00,000*",1000,,,
Telangana,"DCMS, Hyderabad",BIOCHEMISTRY,TELMgmt-MQ1-CatB-All,"?2,16,000*",Info not available*,1*,"?20,00,000*",1400,,,
Telangana,"SVS Med Coll, Mehboobnagar",BIOCHEMISTRY,TELMgmt-MQ2-CatC-NRI,"?5,40,000*",Info not available*,1*,"?20,00,000*",760,,,
Telangana,"Kamineni IMS, Narketpally",BIOCHEMISTRY,TELMgmt-MQ2-CatC-NRI,"?6,48,000*",Info not available*,1*,"?20,00,000*",1060,,,
Telangana,"Mamata Med Coll, Khammam",BIOCHEMISTRY,TELMgmt-MQ2-CatC-NRI,"?5,10,000*",Info not available*,1*,"?20,00,000*",1080,,,
Telangana,"Surabhi InstituteofMS,Siddipet",BIOCHEMISTRY,TELMgmt-MQ2-CatC-NRI,"?6,48,000*",Info not available*,1*,"?20,00,000*",Info Not Available,,,
Telangana,"Dr Patnam MRInstofMS,Chevella",BIOCHEMISTRY,TELMgmt-MQ2-CatC-NRI,"?5,10,000*",Info not available*,1*,"?20,00,000*",Info Not Available,,,
Telangana,"DrVRK Womens MedColl,Aziznagar",BIOCHEMISTRY,TELMgmt-MQ2-CatC-NRI,"?5,10,000*",Info not available*,1*,"?20,00,000*",500,,,
Telangana,"Mahavir Inst of MS, Vikarabad",BIOCHEMISTRY,TELMgmt-MQ2-CatC-NRI,"?5,10,000*",Info not available*,1*,"?20,00,000*",700,,,
Telangana,"RVM IMSRC, Siddipet",BIOCHEMISTRY,TELMgmt-MQ2-CatC-NRI,"?5,10,000*",Info not available*,1*,"?20,00,000*",1110,,,
Telangana,"Kamineni (KAMSRC), Hyderabad",BIOCHEMISTRY,TELMgmt-MQ2-CatC-NRI,"?6,48,000*",Info not available*,1*,"?20,00,000*",650,,,
Telangana,"MNR Med Coll, Sangareddy",BIOCHEMISTRY,TELMgmt-MQ2-CatC-NRI,"?5,67,000*",Info not available*,1*,"?20,00,000*",760,,,
Telangana,"Shadan IMSRC, Peerancheru",BIOCHEMISTRY,TELMgmt-MQ2-CatC-NRI,"?6,00,000*",Info not available*,1*,"?20,00,000*",800,,,
Telangana,"Mediciti IMS, Ghanpur",BIOCHEMISTRY,TELMgmt-MQ2-CatC-NRI,"?5,10,000*",Info not available*,1*,"?20,00,000*",720,,,
Telangana,"Prathima IMS, Karimnagar",BIOCHEMISTRY,TELMgmt-MQ2-CatC-NRI,"?5,61,000*",Info not available*,1*,"?20,00,000*",1060,,,
Telangana,"CAIMS, Karimnagar",BIOCHEMISTRY,TELMgmt-MQ2-CatC-NRI,"?6,00,000*",Info not available*,1*,"?20,00,000*",1000,,,
Telangana,"DCMS, Hyderabad",BIOCHEMISTRY,TELMgmt-MQ2-CatC-NRI,"?6,48,000*",Info not available*,1*,"?20,00,000*",1400,,,
Telangana,"SVS Med Coll, Mehboobnagar",BIOCHEMISTRY,TELMgmt-MQ3-CatC-Inst,"?5,40,000*",Info not available*,1*,"?20,00,000*",760,,,
Telangana,"Kamineni IMS, Narketpally",BIOCHEMISTRY,TELMgmt-MQ3-CatC-Inst,"?6,48,000*",Info not available*,1*,"?20,00,000*",1060,,,
Telangana,"Mamata Med Coll, Khammam",BIOCHEMISTRY,TELMgmt-MQ3-CatC-Inst,"?5,10,000*",Info not available*,1*,"?20,00,000*",1080,,,
Telangana,"Surabhi InstituteofMS,Siddipet",BIOCHEMISTRY,TELMgmt-MQ3-CatC-Inst,"?6,48,000*",Info not available*,1*,"?20,00,000*",Info Not Available,,,
Telangana,"Dr Patnam MRInstofMS,Chevella",BIOCHEMISTRY,TELMgmt-MQ3-CatC-Inst,"?5,10,000*",Info not available*,1*,"?20,00,000*",Info Not Available,,,
Telangana,"DrVRK Womens MedColl,Aziznagar",BIOCHEMISTRY,TELMgmt-MQ3-CatC-Inst,"?5,10,000*",Info not available*,1*,"?20,00,000*",500,,,
Telangana,"Mahavir Inst of MS, Vikarabad",BIOCHEMISTRY,TELMgmt-MQ3-CatC-Inst,"?5,10,000*",Info not available*,1*,"?20,00,000*",700,,,
Telangana,"RVM IMSRC, Siddipet",BIOCHEMISTRY,TELMgmt-MQ3-CatC-Inst,"?5,10,000*",Info not available*,1*,"?20,00,000*",1110,,,
Telangana,"Kamineni (KAMSRC), Hyderabad",BIOCHEMISTRY,TELMgmt-MQ3-CatC-Inst,"?6,48,000*",Info not available*,1*,"?20,00,000*",650,,,
Telangana,"MNR Med Coll, Sangareddy",BIOCHEMISTRY,TELMgmt-MQ3-CatC-Inst,"?5,67,000*",Info not available*,1*,"?20,00,000*",760,,,
Telangana,"Shadan IMSRC, Peerancheru",BIOCHEMISTRY,TELMgmt-MQ3-CatC-Inst,"?6,00,000*",Info not available*,1*,"?20,00,000*",800,,,
Telangana,"Mediciti IMS, Ghanpur",BIOCHEMISTRY,TELMgmt-MQ3-CatC-Inst,"?5,10,000*",Info not available*,1*,"?20,00,000*",720,,,
Telangana,"Prathima IMS, Karimnagar",BIOCHEMISTRY,TELMgmt-MQ3-CatC-Inst,"?5,61,000*",Info not available*,1*,"?20,00,000*",1060,,,
Telangana,"CAIMS, Karimnagar",BIOCHEMISTRY,TELMgmt-MQ3-CatC-Inst,"?6,00,000*",Info not available*,1*,"?20,00,000*",1000,,,
Telangana,"DCMS, Hyderabad",BIOCHEMISTRY,TELMgmt-MQ3-CatC-Inst,"?6,48,000*",Info not available*,1*,"?20,00,000*",1400,,,
Telangana,"SVS Med Coll, Mehboobnagar",DERMATOLOGY,TELMgmt-MQ1-CatB-All,"?24,00,000*",Info not available*,1*,"?20,00,000*",760,,,
Telangana,"Mamata Med Coll, Khammam",DERMATOLOGY,TELMgmt-MQ1-CatB-All,"?23,00,000*",Info not available*,1*,"?20,00,000*",1080,,,
Telangana,"Kamineni IMS, Narketpally",DERMATOLOGY,TELMgmt-MQ1-CatB-All,"?23,00,000*",Info not available*,1*,"?20,00,000*",1060,,,
Telangana,"Mahavir Inst of MS, Vikarabad",DERMATOLOGY,TELMgmt-MQ1-CatB-All,"?23,00,000*",Info not available*,1*,"?20,00,000*",700,,,
Telangana,"Dr Patnam MRInstofMS,Chevella",DERMATOLOGY,TELMgmt-MQ1-CatB-All,"?23,00,000*",Info not available*,1*,"?20,00,000*",Info Not Available,,,
Telangana,"Apollo IMSR, Hyderabad",DERMATOLOGY,TELMgmt-MQ1-CatB-All,"?23,00,000*",Info not available*,1*,"?20,00,000*",570,,,
Telangana,"RVM IMSRC, Siddipet",DERMATOLOGY,TELMgmt-MQ1-CatB-All,"?23,00,000*",Info not available*,1*,"?20,00,000*",1110,,,
Telangana,"Kamineni (KAMSRC), Hyderabad",DERMATOLOGY,TELMgmt-MQ1-CatB-All,"?23,00,000*",Info not available*,1*,"?20,00,000*",650,,,
Telangana,"Bhaskar Med Coll, Yenkapally",DERMATOLOGY,TELMgmt-MQ1-CatB-All,"?23,00,000*",Info not available*,1*,"?20,00,000*",850,,,
Telangana,"Shadan IMSRC, Peerancheru",DERMATOLOGY,TELMgmt-MQ1-CatB-All,"?24,00,000*",Info not available*,1*,"?20,00,000*",800,,,
Telangana,"CAIMS, Karimnagar",DERMATOLOGY,TELMgmt-MQ1-CatB-All,"?24,00,000*",Info not available*,1*,"?20,00,000*",1000,,,
Telangana,"Mediciti IMS, Ghanpur",DERMATOLOGY,TELMgmt-MQ1-CatB-All,"?23,00,000*",Info not available*,1*,"?20,00,000*",720,,,
Telangana,"MNR Med Coll, Sangareddy",DERMATOLOGY,TELMgmt-MQ1-CatB-All,"?23,00,000*",Info not available*,1*,"?20,00,000*",760,,,
Telangana,"Prathima IMS, Karimnagar",DERMATOLOGY,TELMgmt-MQ1-CatB-All,"?23,00,000*",Info not available*,1*,"?20,00,000*",1060,,,
Telangana,"DCMS, Hyderabad",DERMATOLOGY,TELMgmt-MQ1-CatB-All,"?24,00,000*",Info not available*,1*,"?20,00,000*",1400,,,
Telangana,"Mamata AcadofMedSci,Bachupally",DERMATOLOGY,TELMgmt-MQ1-CatB-All,"?23,00,000*",Info not available*,1*,"?20,00,000*",Info Not Available,,,
Telangana,"SVS Med Coll, Mehboobnagar",DERMATOLOGY,TELMgmt-MQ2-CatC-NRI,"?72,00,000*",Info not available*,1*,"?20,00,000*",760,,,
Telangana,"Mamata Med Coll, Khammam",DERMATOLOGY,TELMgmt-MQ2-CatC-NRI,"?69,00,000*",Info not available*,1*,"?20,00,000*",1080,,,
Telangana,"Kamineni IMS, Narketpally",DERMATOLOGY,TELMgmt-MQ2-CatC-NRI,"?69,00,000*",Info not available*,1*,"?20,00,000*",1060,,,
Telangana,"Mahavir Inst of MS, Vikarabad",DERMATOLOGY,TELMgmt-MQ2-CatC-NRI,"?69,00,000*",Info not available*,1*,"?20,00,000*",700,,,
Telangana,"Dr Patnam MRInstofMS,Chevella",DERMATOLOGY,TELMgmt-MQ2-CatC-NRI,"?69,00,000*",Info not available*,1*,"?20,00,000*",Info Not Available,,,
Telangana,"Apollo IMSR, Hyderabad",DERMATOLOGY,TELMgmt-MQ2-CatC-NRI,"?69,00,000*",Info not available*,1*,"?20,00,000*",570,,,
Telangana,"RVM IMSRC, Siddipet",DERMATOLOGY,TELMgmt-MQ2-CatC-NRI,"?69,00,000*",Info not available*,1*,"?20,00,000*",1110,,,
Telangana,"Kamineni (KAMSRC), Hyderabad",DERMATOLOGY,TELMgmt-MQ2-CatC-NRI,"?69,00,000*",Info not available*,1*,"?20,00,000*",650,,,
Telangana,"Bhaskar Med Coll, Yenkapally",DERMATOLOGY,TELMgmt-MQ2-CatC-NRI,"?69,00,000*",Info not available*,1*,"?20,00,000*",850,,,
Telangana,"Shadan IMSRC, Peerancheru",DERMATOLOGY,TELMgmt-MQ2-CatC-NRI,"?72,00,000*",Info not available*,1*,"?20,00,000*",800,,,
Telangana,"CAIMS, Karimnagar",DERMATOLOGY,TELMgmt-MQ2-CatC-NRI,"?72,00,000*",Info not available*,1*,"?20,00,000*",1000,,,
Telangana,"Mediciti IMS, Ghanpur",DERMATOLOGY,TELMgmt-MQ2-CatC-NRI,"?69,00,000*",Info not available*,1*,"?20,00,000*",720,,,
Telangana,"MNR Med Coll, Sangareddy",DERMATOLOGY,TELMgmt-MQ2-CatC-NRI,"?69,00,000*",Info not available*,1*,"?20,00,000*",760,,,
Telangana,"Prathima IMS, Karimnagar",DERMATOLOGY,TELMgmt-MQ2-CatC-NRI,"?69,00,000*",Info not available*,1*,"?20,00,000*",1060,,,
Telangana,"DCMS, Hyderabad",DERMATOLOGY,TELMgmt-MQ2-CatC-NRI,"?72,00,000*",Info not available*,1*,"?20,00,000*",1400,,,
Telangana,"Maheshwara Med Coll, Medak",DERMATOLOGY,TELMgmt-MQ3-CatC-Inst,"?69,00,000*",Info not available*,1*,"?20,00,000*",745,,,
Telangana,"Mamata AcadofMedSci,Bachupally",DERMATOLOGY,TELMgmt-MQ3-CatC-Inst,"?69,00,000*",Info not available*,1*,"?20,00,000*",Info Not Available,,,
Telangana,"Surabhi InstituteofMS,Siddipet",DERMATOLOGY,TELMgmt-MQ3-CatC-Inst,"?72,00,000*",Info not available*,1*,"?20,00,000*",Info Not Available,,,
Telangana,"SVS Med Coll, Mehboobnagar",DERMATOLOGY,TELMgmt-MQ3-CatC-Inst,"?72,00,000*",Info not available*,1*,"?20,00,000*",760,,,
Telangana,"Mamata Med Coll, Khammam",DERMATOLOGY,TELMgmt-MQ3-CatC-Inst,"?69,00,000*",Info not available*,1*,"?20,00,000*",1080,,,
Telangana,"Kamineni IMS, Narketpally",DERMATOLOGY,TELMgmt-MQ3-CatC-Inst,"?69,00,000*",Info not available*,1*,"?20,00,000*",1060,,,
Telangana,"Mahavir Inst of MS, Vikarabad",DERMATOLOGY,TELMgmt-MQ3-CatC-Inst,"?69,00,000*",Info not available*,1*,"?20,00,000*",700,,,
Telangana,"Dr Patnam MRInstofMS,Chevella",DERMATOLOGY,TELMgmt-MQ3-CatC-Inst,"?69,00,000*",Info not available*,1*,"?20,00,000*",Info Not Available,,,
Telangana,"Apollo IMSR, Hyderabad",DERMATOLOGY,TELMgmt-MQ3-CatC-Inst,"?69,00,000*",Info not available*,1*,"?20,00,000*",570,,,
Telangana,"RVM IMSRC, Siddipet",DERMATOLOGY,TELMgmt-MQ3-CatC-Inst,"?69,00,000*",Info not available*,1*,"?20,00,000*",1110,,,
Telangana,"Kamineni (KAMSRC), Hyderabad",DERMATOLOGY,TELMgmt-MQ3-CatC-Inst,"?69,00,000*",Info not available*,1*,"?20,00,000*",650,,,
Telangana,"Bhaskar Med Coll, Yenkapally",DERMATOLOGY,TELMgmt-MQ3-CatC-Inst,"?69,00,000*",Info not available*,1*,"?20,00,000*",850,,,
Telangana,"Shadan IMSRC, Peerancheru",DERMATOLOGY,TELMgmt-MQ3-CatC-Inst,"?72,00,000*",Info not available*,1*,"?20,00,000*",800,,,
Telangana,"CAIMS, Karimnagar",DERMATOLOGY,TELMgmt-MQ3-CatC-Inst,"?72,00,000*",Info not available*,1*,"?20,00,000*",1000,,,
Telangana,"Mediciti IMS, Ghanpur",DERMATOLOGY,TELMgmt-MQ3-CatC-Inst,"?69,00,000*",Info not available*,1*,"?20,00,000*",720,,,
Telangana,"MNR Med Coll, Sangareddy",DERMATOLOGY,TELMgmt-MQ3-CatC-Inst,"?69,00,000*",Info not available*,1*,"?20,00,000*",760,,,
Telangana,"Prathima IMS, Karimnagar",DERMATOLOGY,TELMgmt-MQ3-CatC-Inst,"?69,00,000*",Info not available*,1*,"?20,00,000*",1060,,,
Telangana,"DCMS, Hyderabad",DERMATOLOGY,TELMgmt-MQ3-CatC-Inst,"?72,00,000*",Info not available*,1*,"?20,00,000*",1400,,,
Telangana,"Apollo IMSR, Hyderabad",EMERGENCY MEDICINE,TELMgmt-MQ1-CatB-All,"?23,00,000*",Info not available*,1*,"?20,00,000*",570,,,
Telangana,"Kamineni (KAMSRC), Hyderabad",EMERGENCY MEDICINE,TELMgmt-MQ1-CatB-All,"?23,00,000*",Info not available*,1*,"?20,00,000*",650,,,
Telangana,"Kamineni IMS, Narketpally",EMERGENCY MEDICINE,TELMgmt-MQ1-CatB-All,"?23,00,000*",Info not available*,1*,"?20,00,000*",1060,,,
Telangana,"Mamata Med Coll, Khammam",EMERGENCY MEDICINE,TELMgmt-MQ1-CatB-All,"?23,00,000*",Info not available*,1*,"?20,00,000*",1080,,,
Telangana,"MNR Med Coll, Sangareddy",EMERGENCY MEDICINE,TELMgmt-MQ1-CatB-All,"?23,00,000*",Info not available*,1*,"?20,00,000*",760,,,
Telangana,"Apollo IMSR, Hyderabad",EMERGENCY MEDICINE,TELMgmt-MQ2-CatC-NRI,"?69,00,000*",Info not available*,1*,"?20,00,000*",570,,,
Telangana,"Kamineni (KAMSRC), Hyderabad",EMERGENCY MEDICINE,TELMgmt-MQ2-CatC-NRI,"?69,00,000*",Info not available*,1*,"?20,00,000*",650,,,
Telangana,"Kamineni IMS, Narketpally",EMERGENCY MEDICINE,TELMgmt-MQ2-CatC-NRI,"?69,00,000*",Info not available*,1*,"?20,00,000*",1060,,,
Telangana,"MNR Med Coll, Sangareddy",EMERGENCY MEDICINE,TELMgmt-MQ3-CatC-Inst,"?69,00,000*",Info not available*,1*,"?20,00,000*",760,,,
Telangana,"Apollo IMSR, Hyderabad",EMERGENCY MEDICINE,TELMgmt-MQ3-CatC-Inst,"?69,00,000*",Info not available*,1*,"?20,00,000*",570,,,
Telangana,"Kamineni (KAMSRC), Hyderabad",EMERGENCY MEDICINE,TELMgmt-MQ3-CatC-Inst,"?69,00,000*",Info not available*,1*,"?20,00,000*",650,,,
Telangana,"Kamineni IMS, Narketpally",EMERGENCY MEDICINE,TELMgmt-MQ3-CatC-Inst,"?69,00,000*",Info not available*,1*,"?20,00,000*",1060,,,
Telangana,"Mamata Med Coll, Khammam",FORENSIC MEDICINE,TELMgmt-MQ1-CatB-All,"?6,60,000*",Info not available*,1*,"?20,00,000*",1080,,,
Telangana,"Mahavir Inst of MS, Vikarabad",FORENSIC MEDICINE,TELMgmt-MQ1-CatB-All,"?5,30,000*",Info not available*,1*,"?20,00,000*",700,,,
Telangana,"Mamata Med Coll, Khammam",FORENSIC MEDICINE,TELMgmt-MQ2-CatC-NRI,"?19,80,000*",Info not available*,1*,"?20,00,000*",1080,,,
Telangana,"Mahavir Inst of MS, Vikarabad",FORENSIC MEDICINE,TELMgmt-MQ2-CatC-NRI,"?15,90,000*",Info not available*,1*,"?20,00,000*",700,,,
Telangana,"Mamata Med Coll, Khammam",FORENSIC MEDICINE,TELMgmt-MQ3-CatC-Inst,"?19,80,000*",Info not available*,1*,"?20,00,000*",1080,,,
Telangana,"Mahavir Inst of MS, Vikarabad",FORENSIC MEDICINE,TELMgmt-MQ3-CatC-Inst,"?15,90,000*",Info not available*,1*,"?20,00,000*",700,,,
Telangana,"Mahavir Inst of MS, Vikarabad",GENERAL MEDICINE,TELMgmt-MQ1-CatB-All,"?23,00,000*",Info not available*,1*,"?20,00,000*",700,,,
Telangana,"SVS Med Coll, Mehboobnagar",GENERAL MEDICINE,TELMgmt-MQ1-CatB-All,"?24,00,000*",Info not available*,1*,"?20,00,000*",760,,,
Telangana,"Kamineni IMS, Narketpally",GENERAL MEDICINE,TELMgmt-MQ1-CatB-All,"?23,00,000*",Info not available*,1*,"?20,00,000*",1060,,,
Telangana,"Mamata Med Coll, Khammam",GENERAL MEDICINE,TELMgmt-MQ1-CatB-All,"?23,00,000*",Info not available*,1*,"?20,00,000*",1080,,,
Telangana,"Dr Patnam MRInstofMS,Chevella",GENERAL MEDICINE,TELMgmt-MQ1-CatB-All,"?23,00,000*",Info not available*,1*,"?20,00,000*",Info Not Available,,,
Telangana,"Surabhi InstituteofMS,Siddipet",GENERAL MEDICINE,TELMgmt-MQ1-CatB-All,"?24,00,000*",Info not available*,1*,"?20,00,000*",Info Not Available,,,
Telangana,"RVM IMSRC, Siddipet",GENERAL MEDICINE,TELMgmt-MQ1-CatB-All,"?23,00,000*",Info not available*,1*,"?20,00,000*",1110,,,
Telangana,"Apollo IMSR, Hyderabad",GENERAL MEDICINE,TELMgmt-MQ1-CatB-All,"?23,00,000*",Info not available*,1*,"?20,00,000*",570,,,
Telangana,"Kamineni (KAMSRC), Hyderabad",GENERAL MEDICINE,TELMgmt-MQ1-CatB-All,"?23,00,000*",Info not available*,1*,"?20,00,000*",650,,,
Telangana,"Bhaskar Med Coll, Yenkapally",GENERAL MEDICINE,TELMgmt-MQ1-CatB-All,"?23,00,000*",Info not available*,1*,"?20,00,000*",850,,,
Telangana,"Shadan IMSRC, Peerancheru",GENERAL MEDICINE,TELMgmt-MQ1-CatB-All,"?24,00,000*",Info not available*,1*,"?20,00,000*",800,,,
Telangana,"Mediciti IMS, Ghanpur",GENERAL MEDICINE,TELMgmt-MQ1-CatB-All,"?23,00,000*",Info not available*,1*,"?20,00,000*",720,,,
Telangana,"MNR Med Coll, Sangareddy",GENERAL MEDICINE,TELMgmt-MQ1-CatB-All,"?23,00,000*",Info not available*,1*,"?20,00,000*",760,,,
Telangana,"CAIMS, Karimnagar",GENERAL MEDICINE,TELMgmt-MQ1-CatB-All,"?24,00,000*",Info not available*,1*,"?20,00,000*",1000,,,
Telangana,"Prathima IMS, Karimnagar",GENERAL MEDICINE,TELMgmt-MQ1-CatB-All,"?23,00,000*",Info not available*,1*,"?20,00,000*",1060,,,
Telangana,"DCMS, Hyderabad",GENERAL MEDICINE,TELMgmt-MQ1-CatB-All,"?24,00,000*",Info not available*,1*,"?20,00,000*",1400,,,
Telangana,"Maheshwara Med Coll, Medak",GENERAL MEDICINE,TELMgmt-MQ1-CatB-All,"?23,00,000*",Info not available*,1*,"?20,00,000*",745,,,
Telangana,"Mamata AcadofMedSci,Bachupally",GENERAL MEDICINE,TELMgmt-MQ1-CatB-All,"?23,00,000*",Info not available*,1*,"?20,00,000*",Info Not Available,,,
Telangana,"Mahavir Inst of MS, Vikarabad",GENERAL MEDICINE,TELMgmt-MQ2-CatC-NRI,"?69,00,000*",Info not available*,1*,"?20,00,000*",700,,,
Telangana,"SVS Med Coll, Mehboobnagar",GENERAL MEDICINE,TELMgmt-MQ2-CatC-NRI,"?72,00,000*",Info not available*,1*,"?20,00,000*",760,,,
Telangana,"Kamineni IMS, Narketpally",GENERAL MEDICINE,TELMgmt-MQ2-CatC-NRI,"?69,00,000*",Info not available*,1*,"?20,00,000*",1060,,,
Telangana,"Mamata Med Coll, Khammam",GENERAL MEDICINE,TELMgmt-MQ2-CatC-NRI,"?69,00,000*",Info not available*,1*,"?20,00,000*",1080,,,
Telangana,"Dr Patnam MRInstofMS,Chevella",GENERAL MEDICINE,TELMgmt-MQ2-CatC-NRI,"?69,00,000*",Info not available*,1*,"?20,00,000*",Info Not Available,,,
Telangana,"Surabhi InstituteofMS,Siddipet",GENERAL MEDICINE,TELMgmt-MQ2-CatC-NRI,"?72,00,000*",Info not available*,1*,"?20,00,000*",Info Not Available,,,
Telangana,"RVM IMSRC, Siddipet",GENERAL MEDICINE,TELMgmt-MQ2-CatC-NRI,"?69,00,000*",Info not available*,1*,"?20,00,000*",1110,,,
Telangana,"Apollo IMSR, Hyderabad",GENERAL MEDICINE,TELMgmt-MQ2-CatC-NRI,"?69,00,000*",Info not available*,1*,"?20,00,000*",570,,,
Telangana,"Kamineni (KAMSRC), Hyderabad",GENERAL MEDICINE,TELMgmt-MQ2-CatC-NRI,"?69,00,000*",Info not available*,1*,"?20,00,000*",650,,,
Telangana,"Bhaskar Med Coll, Yenkapally",GENERAL MEDICINE,TELMgmt-MQ2-CatC-NRI,"?69,00,000*",Info not available*,1*,"?20,00,000*",850,,,
Telangana,"Shadan IMSRC, Peerancheru",GENERAL MEDICINE,TELMgmt-MQ2-CatC-NRI,"?72,00,000*",Info not available*,1*,"?20,00,000*",800,,,
Telangana,"Mediciti IMS, Ghanpur",GENERAL MEDICINE,TELMgmt-MQ2-CatC-NRI,"?69,00,000*",Info not available*,1*,"?20,00,000*",720,,,
Telangana,"MNR Med Coll, Sangareddy",GENERAL MEDICINE,TELMgmt-MQ2-CatC-NRI,"?69,00,000*",Info not available*,1*,"?20,00,000*",760,,,
Telangana,"CAIMS, Karimnagar",GENERAL MEDICINE,TELMgmt-MQ2-CatC-NRI,"?72,00,000*",Info not available*,1*,"?20,00,000*",1000,,,
Telangana,"Prathima IMS, Karimnagar",GENERAL MEDICINE,TELMgmt-MQ2-CatC-NRI,"?69,00,000*",Info not available*,1*,"?20,00,000*",1060,,,
Telangana,"DCMS, Hyderabad",GENERAL MEDICINE,TELMgmt-MQ2-CatC-NRI,"?72,00,000*",Info not available*,1*,"?20,00,000*",1400,,,
Telangana,"Mamata AcadofMedSci,Bachupally",GENERAL MEDICINE,TELMgmt-MQ2-CatC-NRI,"?69,00,000*",Info not available*,1*,"?20,00,000*",Info Not Available,,,
Telangana,"Mamata AcadofMedSci,Bachupally",GENERAL MEDICINE,TELMgmt-MQ3-CatC-Inst,"?69,00,000*",Info not available*,1*,"?20,00,000*",Info Not Available,,,
Telangana,"Mahavir Inst of MS, Vikarabad",GENERAL MEDICINE,TELMgmt-MQ3-CatC-Inst,"?69,00,000*",Info not available*,1*,"?20,00,000*",700,,,
Telangana,"SVS Med Coll, Mehboobnagar",GENERAL MEDICINE,TELMgmt-MQ3-CatC-Inst,"?72,00,000*",Info not available*,1*,"?20,00,000*",760,,,
Telangana,"Kamineni IMS, Narketpally",GENERAL MEDICINE,TELMgmt-MQ3-CatC-Inst,"?69,00,000*",Info not available*,1*,"?20,00,000*",1060,,,
Telangana,"Mamata Med Coll, Khammam",GENERAL MEDICINE,TELMgmt-MQ3-CatC-Inst,"?69,00,000*",Info not available*,1*,"?20,00,000*",1080,,,
Telangana,"Dr Patnam MRInstofMS,Chevella",GENERAL MEDICINE,TELMgmt-MQ3-CatC-Inst,"?69,00,000*",Info not available*,1*,"?20,00,000*",Info Not Available,,,
Telangana,"Surabhi InstituteofMS,Siddipet",GENERAL MEDICINE,TELMgmt-MQ3-CatC-Inst,"?72,00,000*",Info not available*,1*,"?20,00,000*",Info Not Available,,,
Telangana,"RVM IMSRC, Siddipet",GENERAL MEDICINE,TELMgmt-MQ3-CatC-Inst,"?69,00,000*",Info not available*,1*,"?20,00,000*",1110,,,
Telangana,"Apollo IMSR, Hyderabad",GENERAL MEDICINE,TELMgmt-MQ3-CatC-Inst,"?69,00,000*",Info not available*,1*,"?20,00,000*",570,,,
Telangana,"Kamineni (KAMSRC), Hyderabad",GENERAL MEDICINE,TELMgmt-MQ3-CatC-Inst,"?69,00,000*",Info not available*,1*,"?20,00,000*",650,,,
Telangana,"Bhaskar Med Coll, Yenkapally",GENERAL MEDICINE,TELMgmt-MQ3-CatC-Inst,"?69,00,000*",Info not available*,1*,"?20,00,000*",850,,,
Telangana,"Shadan IMSRC, Peerancheru",GENERAL MEDICINE,TELMgmt-MQ3-CatC-Inst,"?72,00,000*",Info not available*,1*,"?20,00,000*",800,,,
Telangana,"Mediciti IMS, Ghanpur",GENERAL MEDICINE,TELMgmt-MQ3-CatC-Inst,"?69,00,000*",Info not available*,1*,"?20,00,000*",720,,,
Telangana,"MNR Med Coll, Sangareddy",GENERAL MEDICINE,TELMgmt-MQ3-CatC-Inst,"?69,00,000*",Info not available*,1*,"?20,00,000*",760,,,
Telangana,"CAIMS, Karimnagar",GENERAL MEDICINE,TELMgmt-MQ3-CatC-Inst,"?72,00,000*",Info not available*,1*,"?20,00,000*",1000,,,
Telangana,"Prathima IMS, Karimnagar",GENERAL MEDICINE,TELMgmt-MQ3-CatC-Inst,"?69,00,000*",Info not available*,1*,"?20,00,000*",1060,,,
Telangana,"DCMS, Hyderabad",GENERAL MEDICINE,TELMgmt-MQ3-CatC-Inst,"?72,00,000*",Info not available*,1*,"?20,00,000*",1400,,,
Telangana,"Kamineni IMS, Narketpally",HOSPITAL ADMINISTRATION,TELMgmt-MQ1-CatB-All,"?2,16,000*",Info not available*,1*,"?20,00,000*",1060,,,
Telangana,"Kamineni IMS, Narketpally",HOSPITAL ADMINISTRATION,TELMgmt-MQ2-CatC-NRI,"?6,48,000*",Info not available*,1*,"?20,00,000*",1060,,,
Telangana,"Kamineni IMS, Narketpally",HOSPITAL ADMINISTRATION,TELMgmt-MQ3-CatC-Inst,"?6,48,000*",Info not available*,1*,"?20,00,000*",1060,,,
Telangana,"Kamineni (KAMSRC), Hyderabad",IHBT,TELMgmt-MQ1-CatB-All,"?23,00,000*",Info not available*,1*,"?20,00,000*",650,,,
Telangana,"Kamineni IMS, Narketpally",IHBT,TELMgmt-MQ1-CatB-All,"?23,00,000*",Info not available*,1*,"?20,00,000*",1060,,,
Telangana,"Kamineni (KAMSRC), Hyderabad",IHBT,TELMgmt-MQ2-CatC-NRI,"?69,00,000*",Info not available*,1*,"?20,00,000*",650,,,
Telangana,"Kamineni IMS, Narketpally",IHBT,TELMgmt-MQ2-CatC-NRI,"?69,00,000*",Info not available*,1*,"?20,00,000*",1060,,,
Telangana,"Kamineni (KAMSRC), Hyderabad",IHBT,TELMgmt-MQ3-CatC-Inst,"?69,00,000*",Info not available*,1*,"?20,00,000*",650,,,
Telangana,"Kamineni IMS, Narketpally",IHBT,TELMgmt-MQ3-CatC-Inst,"?69,00,000*",Info not available*,1*,"?20,00,000*",1060,,,
Telangana,"Mamata Med Coll, Khammam",MICROBIOLOGY,TELMgmt-MQ1-CatB-All,"?6,60,000*",Info not available*,1*,"?20,00,000*",1080,,,
Telangana,"Kamineni IMS, Narketpally",MICROBIOLOGY,TELMgmt-MQ1-CatB-All,"?5,45,000*",Info not available*,1*,"?20,00,000*",1060,,,
Telangana,"Surabhi InstituteofMS,Siddipet",MICROBIOLOGY,TELMgmt-MQ1-CatB-All,"?7,50,000*",Info not available*,1*,"?20,00,000*",Info Not Available,,,
Telangana,"Dr Patnam MRInstofMS,Chevella",MICROBIOLOGY,TELMgmt-MQ1-CatB-All,"?5,30,000*",Info not available*,1*,"?20,00,000*",Info Not Available,,,
Telangana,"Maheshwara Med Coll, Medak",MICROBIOLOGY,TELMgmt-MQ1-CatB-All,"?5,30,000*",Info not available*,1*,"?20,00,000*",745,,,
Telangana,"Mahavir Inst of MS, Vikarabad",MICROBIOLOGY,TELMgmt-MQ1-CatB-All,"?5,30,000*",Info not available*,1*,"?20,00,000*",700,,,
Telangana,"RVM IMSRC, Siddipet",MICROBIOLOGY,TELMgmt-MQ1-CatB-All,"?5,30,000*",Info not available*,1*,"?20,00,000*",1110,,,
Telangana,"Apollo IMSR, Hyderabad",MICROBIOLOGY,TELMgmt-MQ1-CatB-All,"?5,30,000*",Info not available*,1*,"?20,00,000*",570,,,
Telangana,"Kamineni (KAMSRC), Hyderabad",MICROBIOLOGY,TELMgmt-MQ1-CatB-All,"?5,45,000*",Info not available*,1*,"?20,00,000*",650,,,
Telangana,"MNR Med Coll, Sangareddy",MICROBIOLOGY,TELMgmt-MQ1-CatB-All,"?5,62,250*",Info not available*,1*,"?20,00,000*",760,,,
Telangana,"Shadan IMSRC, Peerancheru",MICROBIOLOGY,TELMgmt-MQ1-CatB-All,"?5,30,000*",Info not available*,1*,"?20,00,000*",800,,,
Telangana,"Mediciti IMS, Ghanpur",MICROBIOLOGY,TELMgmt-MQ1-CatB-All,"?5,30,000*",Info not available*,1*,"?20,00,000*",720,,,
Telangana,"CAIMS, Karimnagar",MICROBIOLOGY,TELMgmt-MQ1-CatB-All,"?5,30,000*",Info not available*,1*,"?20,00,000*",1000,,,
Telangana,"Prathima IMS, Karimnagar",MICROBIOLOGY,TELMgmt-MQ1-CatB-All,"?5,62,250*",Info not available*,1*,"?20,00,000*",1060,,,
Telangana,"SVS Med Coll, Mehboobnagar",MICROBIOLOGY,TELMgmt-MQ1-CatB-All,"?7,50,000*",Info not available*,1*,"?20,00,000*",760,,,
Telangana,"DCMS, Hyderabad",MICROBIOLOGY,TELMgmt-MQ1-CatB-All,"?5,30,000*",Info not available*,1*,"?20,00,000*",1400,,,
Telangana,"Mamata Med Coll, Khammam",MICROBIOLOGY,TELMgmt-MQ2-CatC-NRI,"?19,80,000*",Info not available*,1*,"?20,00,000*",1080,,,
Telangana,"Kamineni IMS, Narketpally",MICROBIOLOGY,TELMgmt-MQ2-CatC-NRI,"?16,35,000*",Info not available*,1*,"?20,00,000*",1060,,,
Telangana,"Surabhi InstituteofMS,Siddipet",MICROBIOLOGY,TELMgmt-MQ2-CatC-NRI,"?22,50,000*",Info not available*,1*,"?20,00,000*",Info Not Available,,,
Telangana,"Dr Patnam MRInstofMS,Chevella",MICROBIOLOGY,TELMgmt-MQ2-CatC-NRI,"?15,90,000*",Info not available*,1*,"?20,00,000*",Info Not Available,,,
Telangana,"Maheshwara Med Coll, Medak",MICROBIOLOGY,TELMgmt-MQ2-CatC-NRI,"?15,90,000*",Info not available*,1*,"?20,00,000*",745,,,
Telangana,"Mahavir Inst of MS, Vikarabad",MICROBIOLOGY,TELMgmt-MQ2-CatC-NRI,"?15,90,000*",Info not available*,1*,"?20,00,000*",700,,,
Telangana,"RVM IMSRC, Siddipet",MICROBIOLOGY,TELMgmt-MQ2-CatC-NRI,"?15,90,000*",Info not available*,1*,"?20,00,000*",1110,,,
Telangana,"Apollo IMSR, Hyderabad",MICROBIOLOGY,TELMgmt-MQ2-CatC-NRI,"?15,90,000*",Info not available*,1*,"?20,00,000*",570,,,
Telangana,"Kamineni (KAMSRC), Hyderabad",MICROBIOLOGY,TELMgmt-MQ2-CatC-NRI,"?16,35,000*",Info not available*,1*,"?20,00,000*",650,,,
Telangana,"MNR Med Coll, Sangareddy",MICROBIOLOGY,TELMgmt-MQ2-CatC-NRI,"?16,86,750*",Info not available*,1*,"?20,00,000*",760,,,
Telangana,"Shadan IMSRC, Peerancheru",MICROBIOLOGY,TELMgmt-MQ2-CatC-NRI,"?15,90,000*",Info not available*,1*,"?20,00,000*",800,,,
Telangana,"Mediciti IMS, Ghanpur",MICROBIOLOGY,TELMgmt-MQ2-CatC-NRI,"?15,90,000*",Info not available*,1*,"?20,00,000*",720,,,
Telangana,"CAIMS, Karimnagar",MICROBIOLOGY,TELMgmt-MQ2-CatC-NRI,"?15,90,000*",Info not available*,1*,"?20,00,000*",1000,,,
Telangana,"Prathima IMS, Karimnagar",MICROBIOLOGY,TELMgmt-MQ2-CatC-NRI,"?16,86,750*",Info not available*,1*,"?20,00,000*",1060,,,
Telangana,"SVS Med Coll, Mehboobnagar",MICROBIOLOGY,TELMgmt-MQ2-CatC-NRI,"?22,50,000*",Info not available*,1*,"?20,00,000*",760,,,
Telangana,"DCMS, Hyderabad",MICROBIOLOGY,TELMgmt-MQ2-CatC-NRI,"?15,90,000*",Info not available*,1*,"?20,00,000*",1400,,,
Telangana,"Mamata Med Coll, Khammam",MICROBIOLOGY,TELMgmt-MQ3-CatC-Inst,"?19,80,000*",Info not available*,1*,"?20,00,000*",1080,,,
Telangana,"Kamineni IMS, Narketpally",MICROBIOLOGY,TELMgmt-MQ3-CatC-Inst,"?16,35,000*",Info not available*,1*,"?20,00,000*",1060,,,
Telangana,"Surabhi InstituteofMS,Siddipet",MICROBIOLOGY,TELMgmt-MQ3-CatC-Inst,"?22,50,000*",Info not available*,1*,"?20,00,000*",Info Not Available,,,
Telangana,"Dr Patnam MRInstofMS,Chevella",MICROBIOLOGY,TELMgmt-MQ3-CatC-Inst,"?15,90,000*",Info not available*,1*,"?20,00,000*",Info Not Available,,,
Telangana,"Maheshwara Med Coll, Medak",MICROBIOLOGY,TELMgmt-MQ3-CatC-Inst,"?15,90,000*",Info not available*,1*,"?20,00,000*",745,,,
Telangana,"Mahavir Inst of MS, Vikarabad",MICROBIOLOGY,TELMgmt-MQ3-CatC-Inst,"?15,90,000*",Info not available*,1*,"?20,00,000*",700,,,
Telangana,"RVM IMSRC, Siddipet",MICROBIOLOGY,TELMgmt-MQ3-CatC-Inst,"?15,90,000*",Info not available*,1*,"?20,00,000*",1110,,,
Telangana,"Apollo IMSR, Hyderabad",MICROBIOLOGY,TELMgmt-MQ3-CatC-Inst,"?15,90,000*",Info not available*,1*,"?20,00,000*",570,,,
Telangana,"Kamineni (KAMSRC), Hyderabad",MICROBIOLOGY,TELMgmt-MQ3-CatC-Inst,"?16,35,000*",Info not available*,1*,"?20,00,000*",650,,,
Telangana,"MNR Med Coll, Sangareddy",MICROBIOLOGY,TELMgmt-MQ3-CatC-Inst,"?16,86,750*",Info not available*,1*,"?20,00,000*",760,,,
Telangana,"Shadan IMSRC, Peerancheru",MICROBIOLOGY,TELMgmt-MQ3-CatC-Inst,"?15,90,000*",Info not available*,1*,"?20,00,000*",800,,,
Telangana,"Mediciti IMS, Ghanpur",MICROBIOLOGY,TELMgmt-MQ3-CatC-Inst,"?15,90,000*",Info not available*,1*,"?20,00,000*",720,,,
Telangana,"CAIMS, Karimnagar",MICROBIOLOGY,TELMgmt-MQ3-CatC-Inst,"?15,90,000*",Info not available*,1*,"?20,00,000*",1000,,,
Telangana,"Prathima IMS, Karimnagar",MICROBIOLOGY,TELMgmt-MQ3-CatC-Inst,"?16,86,750*",Info not available*,1*,"?20,00,000*",1060,,,
Telangana,"SVS Med Coll, Mehboobnagar",MICROBIOLOGY,TELMgmt-MQ3-CatC-Inst,"?22,50,000*",Info not available*,1*,"?20,00,000*",760,,,
Telangana,"DCMS, Hyderabad",MICROBIOLOGY,TELMgmt-MQ3-CatC-Inst,"?15,90,000*",Info not available*,1*,"?20,00,000*",1400,,,
Telangana,"Mamata Med Coll, Khammam",PAEDIATRICS,TELMgmt-MQ1-CatB-All,"?23,00,000*",Info not available*,1*,"?20,00,000*",1080,,,
Telangana,"Mahavir Inst of MS, Vikarabad",PAEDIATRICS,TELMgmt-MQ1-CatB-All,"?23,00,000*",Info not available*,1*,"?20,00,000*",700,,,
Telangana,"Kamineni IMS, Narketpally",PAEDIATRICS,TELMgmt-MQ1-CatB-All,"?23,00,000*",Info not available*,1*,"?20,00,000*",1060,,,
Telangana,"Dr Patnam MRInstofMS,Chevella",PAEDIATRICS,TELMgmt-MQ1-CatB-All,"?23,00,000*",Info not available*,1*,"?20,00,000*",Info Not Available,,,
Telangana,"Surabhi InstituteofMS,Siddipet",PAEDIATRICS,TELMgmt-MQ1-CatB-All,"?24,00,000*",Info not available*,1*,"?20,00,000*",Info Not Available,,,
Telangana,"DrVRK Womens MedColl,Aziznagar",PAEDIATRICS,TELMgmt-MQ1-CatB-All,"?23,00,000*",Info not available*,1*,"?20,00,000*",500,,,
Telangana,"RVM IMSRC, Siddipet",PAEDIATRICS,TELMgmt-MQ1-CatB-All,"?23,00,000*",Info not available*,1*,"?20,00,000*",1110,,,
Telangana,"Apollo IMSR, Hyderabad",PAEDIATRICS,TELMgmt-MQ1-CatB-All,"?23,00,000*",Info not available*,1*,"?20,00,000*",570,,,
Telangana,"Kamineni (KAMSRC), Hyderabad",PAEDIATRICS,TELMgmt-MQ1-CatB-All,"?23,00,000*",Info not available*,1*,"?20,00,000*",650,,,
Telangana,"Bhaskar Med Coll, Yenkapally",PAEDIATRICS,TELMgmt-MQ1-CatB-All,"?23,00,000*",Info not available*,1*,"?20,00,000*",850,,,
Telangana,"Shadan IMSRC, Peerancheru",PAEDIATRICS,TELMgmt-MQ1-CatB-All,"?24,00,000*",Info not available*,1*,"?20,00,000*",800,,,
Telangana,"MNR Med Coll, Sangareddy",PAEDIATRICS,TELMgmt-MQ1-CatB-All,"?23,00,000*",Info not available*,1*,"?20,00,000*",760,,,
Telangana,"Prathima IMS, Karimnagar",PAEDIATRICS,TELMgmt-MQ1-CatB-All,"?23,00,000*",Info not available*,1*,"?20,00,000*",1060,,,
Telangana,"CAIMS, Karimnagar",PAEDIATRICS,TELMgmt-MQ1-CatB-All,"?24,00,000*",Info not available*,1*,"?20,00,000*",1000,,,
Telangana,"SVS Med Coll, Mehboobnagar",PAEDIATRICS,TELMgmt-MQ1-CatB-All,"?24,00,000*",Info not available*,1*,"?20,00,000*",760,,,
Telangana,"DCMS, Hyderabad",PAEDIATRICS,TELMgmt-MQ1-CatB-All,"?24,00,000*",Info not available*,1*,"?20,00,000*",1400,,,
Telangana,"Mediciti IMS, Ghanpur",PAEDIATRICS,TELMgmt-MQ1-CatB-All,"?23,00,000*",Info not available*,1*,"?20,00,000*",720,,,
Telangana,"Mamata AcadofMedSci,Bachupally",PAEDIATRICS,TELMgmt-MQ1-CatB-All,"?23,00,000*",Info not available*,1*,"?20,00,000*",Info Not Available,,,
Telangana,"Mamata Med Coll, Khammam",PAEDIATRICS,TELMgmt-MQ2-CatC-NRI,"?69,00,000*",Info not available*,1*,"?20,00,000*",1080,,,
Telangana,"Mahavir Inst of MS, Vikarabad",PAEDIATRICS,TELMgmt-MQ2-CatC-NRI,"?69,00,000*",Info not available*,1*,"?20,00,000*",700,,,
Telangana,"Kamineni IMS, Narketpally",PAEDIATRICS,TELMgmt-MQ2-CatC-NRI,"?69,00,000*",Info not available*,1*,"?20,00,000*",1060,,,
Telangana,"Dr Patnam MRInstofMS,Chevella",PAEDIATRICS,TELMgmt-MQ2-CatC-NRI,"?69,00,000*",Info not available*,1*,"?20,00,000*",Info Not Available,,,
Telangana,"Surabhi InstituteofMS,Siddipet",PAEDIATRICS,TELMgmt-MQ2-CatC-NRI,"?72,00,000*",Info not available*,1*,"?20,00,000*",Info Not Available,,,
Telangana,"DrVRK Womens MedColl,Aziznagar",PAEDIATRICS,TELMgmt-MQ2-CatC-NRI,"?69,00,000*",Info not available*,1*,"?20,00,000*",500,,,
Telangana,"RVM IMSRC, Siddipet",PAEDIATRICS,TELMgmt-MQ2-CatC-NRI,"?69,00,000*",Info not available*,1*,"?20,00,000*",1110,,,
Telangana,"Apollo IMSR, Hyderabad",PAEDIATRICS,TELMgmt-MQ2-CatC-NRI,"?69,00,000*",Info not available*,1*,"?20,00,000*",570,,,
Telangana,"Kamineni (KAMSRC), Hyderabad",PAEDIATRICS,TELMgmt-MQ2-CatC-NRI,"?69,00,000*",Info not available*,1*,"?20,00,000*",650,,,
Telangana,"Bhaskar Med Coll, Yenkapally",PAEDIATRICS,TELMgmt-MQ2-CatC-NRI,"?69,00,000*",Info not available*,1*,"?20,00,000*",850,,,
Telangana,"Shadan IMSRC, Peerancheru",PAEDIATRICS,TELMgmt-MQ2-CatC-NRI,"?72,00,000*",Info not available*,1*,"?20,00,000*",800,,,
Telangana,"MNR Med Coll, Sangareddy",PAEDIATRICS,TELMgmt-MQ2-CatC-NRI,"?69,00,000*",Info not available*,1*,"?20,00,000*",760,,,
Telangana,"Prathima IMS, Karimnagar",PAEDIATRICS,TELMgmt-MQ2-CatC-NRI,"?69,00,000*",Info not available*,1*,"?20,00,000*",1060,,,
Telangana,"CAIMS, Karimnagar",PAEDIATRICS,TELMgmt-MQ2-CatC-NRI,"?72,00,000*",Info not available*,1*,"?20,00,000*",1000,,,
Telangana,"SVS Med Coll, Mehboobnagar",PAEDIATRICS,TELMgmt-MQ2-CatC-NRI,"?72,00,000*",Info not available*,1*,"?20,00,000*",760,,,
Telangana,"DCMS, Hyderabad",PAEDIATRICS,TELMgmt-MQ2-CatC-NRI,"?72,00,000*",Info not available*,1*,"?20,00,000*",1400,,,
Telangana,"Mediciti IMS, Ghanpur",PAEDIATRICS,TELMgmt-MQ2-CatC-NRI,"?69,00,000*",Info not available*,1*,"?20,00,000*",720,,,
Telangana,"Mamata AcadofMedSci,Bachupally",PAEDIATRICS,TELMgmt-MQ2-CatC-NRI,"?69,00,000*",Info not available*,1*,"?20,00,000*",Info Not Available,,,
Telangana,"Maheshwara Med Coll, Medak",PAEDIATRICS,TELMgmt-MQ3-CatC-Inst,"?69,00,000*",Info not available*,1*,"?20,00,000*",745,,,
Telangana,"Mamata AcadofMedSci,Bachupally",PAEDIATRICS,TELMgmt-MQ3-CatC-Inst,"?69,00,000*",Info not available*,1*,"?20,00,000*",Info Not Available,,,
Telangana,"Mamata Med Coll, Khammam",PAEDIATRICS,TELMgmt-MQ3-CatC-Inst,"?69,00,000*",Info not available*,1*,"?20,00,000*",1080,,,
Telangana,"Mahavir Inst of MS, Vikarabad",PAEDIATRICS,TELMgmt-MQ3-CatC-Inst,"?69,00,000*",Info not available*,1*,"?20,00,000*",700,,,
Telangana,"Kamineni IMS, Narketpally",PAEDIATRICS,TELMgmt-MQ3-CatC-Inst,"?69,00,000*",Info not available*,1*,"?20,00,000*",1060,,,
Telangana,"Dr Patnam MRInstofMS,Chevella",PAEDIATRICS,TELMgmt-MQ3-CatC-Inst,"?69,00,000*",Info not available*,1*,"?20,00,000*",Info Not Available,,,
Telangana,"Surabhi InstituteofMS,Siddipet",PAEDIATRICS,TELMgmt-MQ3-CatC-Inst,"?72,00,000*",Info not available*,1*,"?20,00,000*",Info Not Available,,,
Telangana,"DrVRK Womens MedColl,Aziznagar",PAEDIATRICS,TELMgmt-MQ3-CatC-Inst,"?69,00,000*",Info not available*,1*,"?20,00,000*",500,,,
Telangana,"RVM IMSRC, Siddipet",PAEDIATRICS,TELMgmt-MQ3-CatC-Inst,"?69,00,000*",Info not available*,1*,"?20,00,000*",1110,,,
Telangana,"Apollo IMSR, Hyderabad",PAEDIATRICS,TELMgmt-MQ3-CatC-Inst,"?69,00,000*",Info not available*,1*,"?20,00,000*",570,,,
Telangana,"Kamineni (KAMSRC), Hyderabad",PAEDIATRICS,TELMgmt-MQ3-CatC-Inst,"?69,00,000*",Info not available*,1*,"?20,00,000*",650,,,
Telangana,"Bhaskar Med Coll, Yenkapally",PAEDIATRICS,TELMgmt-MQ3-CatC-Inst,"?69,00,000*",Info not available*,1*,"?20,00,000*",850,,,
Telangana,"Shadan IMSRC, Peerancheru",PAEDIATRICS,TELMgmt-MQ3-CatC-Inst,"?72,00,000*",Info not available*,1*,"?20,00,000*",800,,,
Telangana,"MNR Med Coll, Sangareddy",PAEDIATRICS,TELMgmt-MQ3-CatC-Inst,"?69,00,000*",Info not available*,1*,"?20,00,000*",760,,,
Telangana,"Prathima IMS, Karimnagar",PAEDIATRICS,TELMgmt-MQ3-CatC-Inst,"?69,00,000*",Info not available*,1*,"?20,00,000*",1060,,,
Telangana,"CAIMS, Karimnagar",PAEDIATRICS,TELMgmt-MQ3-CatC-Inst,"?72,00,000*",Info not available*,1*,"?20,00,000*",1000,,,
Telangana,"SVS Med Coll, Mehboobnagar",PAEDIATRICS,TELMgmt-MQ3-CatC-Inst,"?72,00,000*",Info not available*,1*,"?20,00,000*",760,,,
Telangana,"DCMS, Hyderabad",PAEDIATRICS,TELMgmt-MQ3-CatC-Inst,"?72,00,000*",Info not available*,1*,"?20,00,000*",1400,,,
Telangana,"Mediciti IMS, Ghanpur",PAEDIATRICS,TELMgmt-MQ3-CatC-Inst,"?69,00,000*",Info not available*,1*,"?20,00,000*",720,,,
Telangana,"Mamata Med Coll, Khammam",PATHOLOGY,TELMgmt-MQ1-CatB-All,"?6,60,000*",Info not available*,1*,"?20,00,000*",1080,,,
Telangana,"Kamineni IMS, Narketpally",PATHOLOGY,TELMgmt-MQ1-CatB-All,"?5,45,000*",Info not available*,1*,"?20,00,000*",1060,,,
Telangana,"Mamata AcadofMedSci,Bachupally",PATHOLOGY,TELMgmt-MQ1-CatB-All,"?7,50,000*",Info not available*,1*,"?20,00,000*",Info Not Available,,,
Telangana,"Dr Patnam MRInstofMS,Chevella",PATHOLOGY,TELMgmt-MQ1-CatB-All,"?5,30,000*",Info not available*,1*,"?20,00,000*",Info Not Available,,,
Telangana,"DrVRK Womens MedColl,Aziznagar",PATHOLOGY,TELMgmt-MQ1-CatB-All,"?5,30,000*",Info not available*,1*,"?20,00,000*",500,,,
Telangana,"Maheshwara Med Coll, Medak",PATHOLOGY,TELMgmt-MQ1-CatB-All,"?5,30,000*",Info not available*,1*,"?20,00,000*",745,,,
Telangana,"RVM IMSRC, Siddipet",PATHOLOGY,TELMgmt-MQ1-CatB-All,"?5,30,000*",Info not available*,1*,"?20,00,000*",1110,,,
Telangana,"Kamineni (KAMSRC), Hyderabad",PATHOLOGY,TELMgmt-MQ1-CatB-All,"?5,45,000*",Info not available*,1*,"?20,00,000*",650,,,
Telangana,"Mediciti IMS, Ghanpur",PATHOLOGY,TELMgmt-MQ1-CatB-All,"?5,30,000*",Info not available*,1*,"?20,00,000*",720,,,
Telangana,"DCMS, Hyderabad",PATHOLOGY,TELMgmt-MQ1-CatB-All,"?5,30,000*",Info not available*,1*,"?20,00,000*",1400,,,
Telangana,"CAIMS, Karimnagar",PATHOLOGY,TELMgmt-MQ1-CatB-All,"?5,30,000*",Info not available*,1*,"?20,00,000*",1000,,,
Telangana,"Prathima IMS, Karimnagar",PATHOLOGY,TELMgmt-MQ1-CatB-All,"?5,62,250*",Info not available*,1*,"?20,00,000*",1060,,,
Telangana,"SVS Med Coll, Mehboobnagar",PATHOLOGY,TELMgmt-MQ1-CatB-All,"?7,50,000*",Info not available*,1*,"?20,00,000*",760,,,
Telangana,"Mahavir Inst of MS, Vikarabad",PATHOLOGY,TELMgmt-MQ1-CatB-All,"?5,30,000*",Info not available*,1*,"?20,00,000*",700,,,
Telangana,"Surabhi InstituteofMS,Siddipet",PATHOLOGY,TELMgmt-MQ1-CatB-All,"?7,50,000*",Info not available*,1*,"?20,00,000*",Info Not Available,,,
Telangana,"Mamata Med Coll, Khammam",PATHOLOGY,TELMgmt-MQ2-CatC-NRI,"?19,80,000*",Info not available*,1*,"?20,00,000*",1080,,,
Telangana,"Kamineni IMS, Narketpally",PATHOLOGY,TELMgmt-MQ2-CatC-NRI,"?16,35,000*",Info not available*,1*,"?20,00,000*",1060,,,
Telangana,"Mamata AcadofMedSci,Bachupally",PATHOLOGY,TELMgmt-MQ2-CatC-NRI,"?22,50,000*",Info not available*,1*,"?20,00,000*",Info Not Available,,,
Telangana,"Dr Patnam MRInstofMS,Chevella",PATHOLOGY,TELMgmt-MQ2-CatC-NRI,"?15,90,000*",Info not available*,1*,"?20,00,000*",Info Not Available,,,
Telangana,"DrVRK Womens MedColl,Aziznagar",PATHOLOGY,TELMgmt-MQ2-CatC-NRI,"?15,90,000*",Info not available*,1*,"?20,00,000*",500,,,
Telangana,"Maheshwara Med Coll, Medak",PATHOLOGY,TELMgmt-MQ2-CatC-NRI,"?15,90,000*",Info not available*,1*,"?20,00,000*",745,,,
Telangana,"RVM IMSRC, Siddipet",PATHOLOGY,TELMgmt-MQ2-CatC-NRI,"?15,90,000*",Info not available*,1*,"?20,00,000*",1110,,,
Telangana,"Kamineni (KAMSRC), Hyderabad",PATHOLOGY,TELMgmt-MQ2-CatC-NRI,"?16,35,000*",Info not available*,1*,"?20,00,000*",650,,,
Telangana,"Mediciti IMS, Ghanpur",PATHOLOGY,TELMgmt-MQ2-CatC-NRI,"?15,90,000*",Info not available*,1*,"?20,00,000*",720,,,
Telangana,"DCMS, Hyderabad",PATHOLOGY,TELMgmt-MQ2-CatC-NRI,"?15,90,000*",Info not available*,1*,"?20,00,000*",1400,,,
Telangana,"CAIMS, Karimnagar",PATHOLOGY,TELMgmt-MQ2-CatC-NRI,"?15,90,000*",Info not available*,1*,"?20,00,000*",1000,,,
Telangana,"Prathima IMS, Karimnagar",PATHOLOGY,TELMgmt-MQ2-CatC-NRI,"?16,86,750*",Info not available*,1*,"?20,00,000*",1060,,,
Telangana,"SVS Med Coll, Mehboobnagar",PATHOLOGY,TELMgmt-MQ2-CatC-NRI,"?22,50,000*",Info not available*,1*,"?20,00,000*",760,,,
Telangana,"Mahavir Inst of MS, Vikarabad",PATHOLOGY,TELMgmt-MQ2-CatC-NRI,"?15,90,000*",Info not available*,1*,"?20,00,000*",700,,,
Telangana,"Surabhi InstituteofMS,Siddipet",PATHOLOGY,TELMgmt-MQ2-CatC-NRI,"?22,50,000*",Info not available*,1*,"?20,00,000*",Info Not Available,,,
Telangana,"Mamata Med Coll, Khammam",PATHOLOGY,TELMgmt-MQ3-CatC-Inst,"?19,80,000*",Info not available*,1*,"?20,00,000*",1080,,,
Telangana,"Kamineni IMS, Narketpally",PATHOLOGY,TELMgmt-MQ3-CatC-Inst,"?16,35,000*",Info not available*,1*,"?20,00,000*",1060,,,
Telangana,"Mamata AcadofMedSci,Bachupally",PATHOLOGY,TELMgmt-MQ3-CatC-Inst,"?22,50,000*",Info not available*,1*,"?20,00,000*",Info Not Available,,,
Telangana,"Dr Patnam MRInstofMS,Chevella",PATHOLOGY,TELMgmt-MQ3-CatC-Inst,"?15,90,000*",Info not available*,1*,"?20,00,000*",Info Not Available,,,
Telangana,"DrVRK Womens MedColl,Aziznagar",PATHOLOGY,TELMgmt-MQ3-CatC-Inst,"?15,90,000*",Info not available*,1*,"?20,00,000*",500,,,
Telangana,"Maheshwara Med Coll, Medak",PATHOLOGY,TELMgmt-MQ3-CatC-Inst,"?15,90,000*",Info not available*,1*,"?20,00,000*",745,,,
Telangana,"RVM IMSRC, Siddipet",PATHOLOGY,TELMgmt-MQ3-CatC-Inst,"?15,90,000*",Info not available*,1*,"?20,00,000*",1110,,,
Telangana,"Kamineni (KAMSRC), Hyderabad",PATHOLOGY,TELMgmt-MQ3-CatC-Inst,"?16,35,000*",Info not available*,1*,"?20,00,000*",650,,,
Telangana,"Mediciti IMS, Ghanpur",PATHOLOGY,TELMgmt-MQ3-CatC-Inst,"?15,90,000*",Info not available*,1*,"?20,00,000*",720,,,
Telangana,"DCMS, Hyderabad",PATHOLOGY,TELMgmt-MQ3-CatC-Inst,"?15,90,000*",Info not available*,1*,"?20,00,000*",1400,,,
Telangana,"CAIMS, Karimnagar",PATHOLOGY,TELMgmt-MQ3-CatC-Inst,"?15,90,000*",Info not available*,1*,"?20,00,000*",1000,,,
Telangana,"Prathima IMS, Karimnagar",PATHOLOGY,TELMgmt-MQ3-CatC-Inst,"?16,86,750*",Info not available*,1*,"?20,00,000*",1060,,,
Telangana,"SVS Med Coll, Mehboobnagar",PATHOLOGY,TELMgmt-MQ3-CatC-Inst,"?22,50,000*",Info not available*,1*,"?20,00,000*",760,,,
Telangana,"Mahavir Inst of MS, Vikarabad",PATHOLOGY,TELMgmt-MQ3-CatC-Inst,"?15,90,000*",Info not available*,1*,"?20,00,000*",700,,,
Telangana,"Surabhi InstituteofMS,Siddipet",PATHOLOGY,TELMgmt-MQ3-CatC-Inst,"?22,50,000*",Info not available*,1*,"?20,00,000*",Info Not Available,,,
Telangana,"DrVRK Womens MedColl,Aziznagar",PHARMACOLOGY,TELMgmt-MQ1-CatB-All,"?5,30,000*",Info not available*,1*,"?20,00,000*",500,,,
Telangana,"Kamineni IMS, Narketpally",PHARMACOLOGY,TELMgmt-MQ1-CatB-All,"?5,45,000*",Info not available*,1*,"?20,00,000*",1060,,,
Telangana,"Mamata Med Coll, Khammam",PHARMACOLOGY,TELMgmt-MQ1-CatB-All,"?6,60,000*",Info not available*,1*,"?20,00,000*",1080,,,
Telangana,"Mahavir Inst of MS, Vikarabad",PHARMACOLOGY,TELMgmt-MQ1-CatB-All,"?5,30,000*",Info not available*,1*,"?20,00,000*",700,,,
Telangana,"RVM IMSRC, Siddipet",PHARMACOLOGY,TELMgmt-MQ1-CatB-All,"?5,30,000*",Info not available*,1*,"?20,00,000*",1110,,,
Telangana,"Kamineni (KAMSRC), Hyderabad",PHARMACOLOGY,TELMgmt-MQ1-CatB-All,"?5,45,000*",Info not available*,1*,"?20,00,000*",650,,,
Telangana,"MNR Med Coll, Sangareddy",PHARMACOLOGY,TELMgmt-MQ1-CatB-All,"?5,62,250*",Info not available*,1*,"?20,00,000*",760,,,
Telangana,"Bhaskar Med Coll, Yenkapally",PHARMACOLOGY,TELMgmt-MQ1-CatB-All,"?5,30,000*",Info not available*,1*,"?20,00,000*",850,,,
Telangana,"Mediciti IMS, Ghanpur",PHARMACOLOGY,TELMgmt-MQ1-CatB-All,"?5,30,000*",Info not available*,1*,"?20,00,000*",720,,,
Telangana,"Shadan IMSRC, Peerancheru",PHARMACOLOGY,TELMgmt-MQ1-CatB-All,"?5,30,000*",Info not available*,1*,"?20,00,000*",800,,,
Telangana,"DCMS, Hyderabad",PHARMACOLOGY,TELMgmt-MQ1-CatB-All,"?5,30,000*",Info not available*,1*,"?20,00,000*",1400,,,
Telangana,"Prathima IMS, Karimnagar",PHARMACOLOGY,TELMgmt-MQ1-CatB-All,"?5,62,250*",Info not available*,1*,"?20,00,000*",1060,,,
Telangana,"CAIMS, Karimnagar",PHARMACOLOGY,TELMgmt-MQ1-CatB-All,"?5,30,000*",Info not available*,1*,"?20,00,000*",1000,,,
Telangana,"DrVRK Womens MedColl,Aziznagar",PHARMACOLOGY,TELMgmt-MQ2-CatC-NRI,"?15,90,000*",Info not available*,1*,"?20,00,000*",500,,,
Telangana,"Kamineni IMS, Narketpally",PHARMACOLOGY,TELMgmt-MQ2-CatC-NRI,"?16,35,000*",Info not available*,1*,"?20,00,000*",1060,,,
Telangana,"Mamata Med Coll, Khammam",PHARMACOLOGY,TELMgmt-MQ2-CatC-NRI,"?19,80,000*",Info not available*,1*,"?20,00,000*",1080,,,
Telangana,"Mahavir Inst of MS, Vikarabad",PHARMACOLOGY,TELMgmt-MQ2-CatC-NRI,"?15,90,000*",Info not available*,1*,"?20,00,000*",700,,,
Telangana,"RVM IMSRC, Siddipet",PHARMACOLOGY,TELMgmt-MQ2-CatC-NRI,"?15,90,000*",Info not available*,1*,"?20,00,000*",1110,,,
Telangana,"Kamineni (KAMSRC), Hyderabad",PHARMACOLOGY,TELMgmt-MQ2-CatC-NRI,"?16,35,000*",Info not available*,1*,"?20,00,000*",650,,,
Telangana,"MNR Med Coll, Sangareddy",PHARMACOLOGY,TELMgmt-MQ2-CatC-NRI,"?16,86,750*",Info not available*,1*,"?20,00,000*",760,,,
Telangana,"Bhaskar Med Coll, Yenkapally",PHARMACOLOGY,TELMgmt-MQ2-CatC-NRI,"?15,90,000*",Info not available*,1*,"?20,00,000*",850,,,
Telangana,"Mediciti IMS, Ghanpur",PHARMACOLOGY,TELMgmt-MQ2-CatC-NRI,"?15,90,000*",Info not available*,1*,"?20,00,000*",720,,,
Telangana,"Shadan IMSRC, Peerancheru",PHARMACOLOGY,TELMgmt-MQ2-CatC-NRI,"?15,90,000*",Info not available*,1*,"?20,00,000*",800,,,
Telangana,"DCMS, Hyderabad",PHARMACOLOGY,TELMgmt-MQ2-CatC-NRI,"?15,90,000*",Info not available*,1*,"?20,00,000*",1400,,,
Telangana,"Prathima IMS, Karimnagar",PHARMACOLOGY,TELMgmt-MQ2-CatC-NRI,"?16,86,750*",Info not available*,1*,"?20,00,000*",1060,,,
Telangana,"CAIMS, Karimnagar",PHARMACOLOGY,TELMgmt-MQ2-CatC-NRI,"?15,90,000*",Info not available*,1*,"?20,00,000*",1000,,,
Telangana,"DrVRK Womens MedColl,Aziznagar",PHARMACOLOGY,TELMgmt-MQ3-CatC-Inst,"?15,90,000*",Info not available*,1*,"?20,00,000*",500,,,
Telangana,"Kamineni IMS, Narketpally",PHARMACOLOGY,TELMgmt-MQ3-CatC-Inst,"?16,35,000*",Info not available*,1*,"?20,00,000*",1060,,,
Telangana,"Mamata Med Coll, Khammam",PHARMACOLOGY,TELMgmt-MQ3-CatC-Inst,"?19,80,000*",Info not available*,1*,"?20,00,000*",1080,,,
Telangana,"Mahavir Inst of MS, Vikarabad",PHARMACOLOGY,TELMgmt-MQ3-CatC-Inst,"?15,90,000*",Info not available*,1*,"?20,00,000*",700,,,
Telangana,"RVM IMSRC, Siddipet",PHARMACOLOGY,TELMgmt-MQ3-CatC-Inst,"?15,90,000*",Info not available*,1*,"?20,00,000*",1110,,,
Telangana,"Kamineni (KAMSRC), Hyderabad",PHARMACOLOGY,TELMgmt-MQ3-CatC-Inst,"?16,35,000*",Info not available*,1*,"?20,00,000*",650,,,
Telangana,"MNR Med Coll, Sangareddy",PHARMACOLOGY,TELMgmt-MQ3-CatC-Inst,"?16,86,750*",Info not available*,1*,"?20,00,000*",760,,,
Telangana,"Bhaskar Med Coll, Yenkapally",PHARMACOLOGY,TELMgmt-MQ3-CatC-Inst,"?15,90,000*",Info not available*,1*,"?20,00,000*",850,,,
Telangana,"Mediciti IMS, Ghanpur",PHARMACOLOGY,TELMgmt-MQ3-CatC-Inst,"?15,90,000*",Info not available*,1*,"?20,00,000*",720,,,
Telangana,"Shadan IMSRC, Peerancheru",PHARMACOLOGY,TELMgmt-MQ3-CatC-Inst,"?15,90,000*",Info not available*,1*,"?20,00,000*",800,,,
Telangana,"DCMS, Hyderabad",PHARMACOLOGY,TELMgmt-MQ3-CatC-Inst,"?15,90,000*",Info not available*,1*,"?20,00,000*",1400,,,
Telangana,"Prathima IMS, Karimnagar",PHARMACOLOGY,TELMgmt-MQ3-CatC-Inst,"?16,86,750*",Info not available*,1*,"?20,00,000*",1060,,,
Telangana,"CAIMS, Karimnagar",PHARMACOLOGY,TELMgmt-MQ3-CatC-Inst,"?15,90,000*",Info not available*,1*,"?20,00,000*",1000,,,
Telangana,"DrVRK Womens MedColl,Aziznagar",PHYSIOLOGY,TELMgmt-MQ1-CatB-All,"?1,70,000*",Info not available*,1*,"?20,00,000*",500,,,
Telangana,"CAIMS, Karimnagar",PHYSIOLOGY,TELMgmt-MQ1-CatB-All,"?2,00,000*",Info not available*,1*,"?20,00,000*",1000,,,
Telangana,"Mahavir Inst of MS, Vikarabad",PHYSIOLOGY,TELMgmt-MQ1-CatB-All,"?1,70,000*",Info not available*,1*,"?20,00,000*",700,,,
Telangana,"RVM IMSRC, Siddipet",PHYSIOLOGY,TELMgmt-MQ1-CatB-All,"?1,70,000*",Info not available*,1*,"?20,00,000*",1110,,,
Telangana,"Apollo IMSR, Hyderabad",PHYSIOLOGY,TELMgmt-MQ1-CatB-All,"?1,70,000*",Info not available*,1*,"?20,00,000*",570,,,
Telangana,"Kamineni (KAMSRC), Hyderabad",PHYSIOLOGY,TELMgmt-MQ1-CatB-All,"?2,16,000*",Info not available*,1*,"?20,00,000*",650,,,
Telangana,"Bhaskar Med Coll, Yenkapally",PHYSIOLOGY,TELMgmt-MQ1-CatB-All,"?1,70,000*",Info not available*,1*,"?20,00,000*",850,,,
Telangana,"MNR Med Coll, Sangareddy",PHYSIOLOGY,TELMgmt-MQ1-CatB-All,"?1,89,000*",Info not available*,1*,"?20,00,000*",760,,,
Telangana,"Shadan IMSRC, Peerancheru",PHYSIOLOGY,TELMgmt-MQ1-CatB-All,"?2,00,000*",Info not available*,1*,"?20,00,000*",800,,,
Telangana,"Mediciti IMS, Ghanpur",PHYSIOLOGY,TELMgmt-MQ1-CatB-All,"?1,70,000*",Info not available*,1*,"?20,00,000*",720,,,
Telangana,"Mamata Med Coll, Khammam",PHYSIOLOGY,TELMgmt-MQ1-CatB-All,"?1,70,000*",Info not available*,1*,"?20,00,000*",1080,,,
Telangana,"DCMS, Hyderabad",PHYSIOLOGY,TELMgmt-MQ1-CatB-All,"?2,16,000*",Info not available*,1*,"?20,00,000*",1400,,,
Telangana,"Kamineni IMS, Narketpally",PHYSIOLOGY,TELMgmt-MQ1-CatB-All,"?2,16,000*",Info not available*,1*,"?20,00,000*",1060,,,
Telangana,"Prathima IMS, Karimnagar",PHYSIOLOGY,TELMgmt-MQ1-CatB-All,"?1,87,000*",Info not available*,1*,"?20,00,000*",1060,,,
Telangana,"DrVRK Womens MedColl,Aziznagar",PHYSIOLOGY,TELMgmt-MQ2-CatC-NRI,"?5,10,000*",Info not available*,1*,"?20,00,000*",500,,,
Telangana,"CAIMS, Karimnagar",PHYSIOLOGY,TELMgmt-MQ2-CatC-NRI,"?6,00,000*",Info not available*,1*,"?20,00,000*",1000,,,
Telangana,"Mahavir Inst of MS, Vikarabad",PHYSIOLOGY,TELMgmt-MQ2-CatC-NRI,"?5,10,000*",Info not available*,1*,"?20,00,000*",700,,,
Telangana,"RVM IMSRC, Siddipet",PHYSIOLOGY,TELMgmt-MQ2-CatC-NRI,"?5,10,000*",Info not available*,1*,"?20,00,000*",1110,,,
Telangana,"Apollo IMSR, Hyderabad",PHYSIOLOGY,TELMgmt-MQ2-CatC-NRI,"?5,10,000*",Info not available*,1*,"?20,00,000*",570,,,
Telangana,"Kamineni (KAMSRC), Hyderabad",PHYSIOLOGY,TELMgmt-MQ2-CatC-NRI,"?6,48,000*",Info not available*,1*,"?20,00,000*",650,,,
Telangana,"Bhaskar Med Coll, Yenkapally",PHYSIOLOGY,TELMgmt-MQ2-CatC-NRI,"?5,10,000*",Info not available*,1*,"?20,00,000*",850,,,
Telangana,"MNR Med Coll, Sangareddy",PHYSIOLOGY,TELMgmt-MQ2-CatC-NRI,"?5,67,000*",Info not available*,1*,"?20,00,000*",760,,,
Telangana,"Shadan IMSRC, Peerancheru",PHYSIOLOGY,TELMgmt-MQ2-CatC-NRI,"?6,00,000*",Info not available*,1*,"?20,00,000*",800,,,
Telangana,"Mediciti IMS, Ghanpur",PHYSIOLOGY,TELMgmt-MQ2-CatC-NRI,"?5,10,000*",Info not available*,1*,"?20,00,000*",720,,,
Telangana,"Mamata Med Coll, Khammam",PHYSIOLOGY,TELMgmt-MQ2-CatC-NRI,"?5,10,000*",Info not available*,1*,"?20,00,000*",1080,,,
Telangana,"DCMS, Hyderabad",PHYSIOLOGY,TELMgmt-MQ2-CatC-NRI,"?6,48,000*",Info not available*,1*,"?20,00,000*",1400,,,
Telangana,"Kamineni IMS, Narketpally",PHYSIOLOGY,TELMgmt-MQ2-CatC-NRI,"?6,48,000*",Info not available*,1*,"?20,00,000*",1060,,,
Telangana,"Prathima IMS, Karimnagar",PHYSIOLOGY,TELMgmt-MQ2-CatC-NRI,"?5,61,000*",Info not available*,1*,"?20,00,000*",1060,,,
Telangana,"DrVRK Womens MedColl,Aziznagar",PHYSIOLOGY,TELMgmt-MQ3-CatC-Inst,"?5,10,000*",Info not available*,1*,"?20,00,000*",500,,,
Telangana,"CAIMS, Karimnagar",PHYSIOLOGY,TELMgmt-MQ3-CatC-Inst,"?6,00,000*",Info not available*,1*,"?20,00,000*",1000,,,
Telangana,"Mahavir Inst of MS, Vikarabad",PHYSIOLOGY,TELMgmt-MQ3-CatC-Inst,"?5,10,000*",Info not available*,1*,"?20,00,000*",700,,,
Telangana,"RVM IMSRC, Siddipet",PHYSIOLOGY,TELMgmt-MQ3-CatC-Inst,"?5,10,000*",Info not available*,1*,"?20,00,000*",1110,,,
Telangana,"Apollo IMSR, Hyderabad",PHYSIOLOGY,TELMgmt-MQ3-CatC-Inst,"?5,10,000*",Info not available*,1*,"?20,00,000*",570,,,
Telangana,"Kamineni (KAMSRC), Hyderabad",PHYSIOLOGY,TELMgmt-MQ3-CatC-Inst,"?6,48,000*",Info not available*,1*,"?20,00,000*",650,,,
Telangana,"Bhaskar Med Coll, Yenkapally",PHYSIOLOGY,TELMgmt-MQ3-CatC-Inst,"?5,10,000*",Info not available*,1*,"?20,00,000*",850,,,
Telangana,"MNR Med Coll, Sangareddy",PHYSIOLOGY,TELMgmt-MQ3-CatC-Inst,"?5,67,000*",Info not available*,1*,"?20,00,000*",760,,,
Telangana,"Shadan IMSRC, Peerancheru",PHYSIOLOGY,TELMgmt-MQ3-CatC-Inst,"?6,00,000*",Info not available*,1*,"?20,00,000*",800,,,
Telangana,"Mediciti IMS, Ghanpur",PHYSIOLOGY,TELMgmt-MQ3-CatC-Inst,"?5,10,000*",Info not available*,1*,"?20,00,000*",720,,,
Telangana,"Mamata Med Coll, Khammam",PHYSIOLOGY,TELMgmt-MQ3-CatC-Inst,"?5,10,000*",Info not available*,1*,"?20,00,000*",1080,,,
Telangana,"DCMS, Hyderabad",PHYSIOLOGY,TELMgmt-MQ3-CatC-Inst,"?6,48,000*",Info not available*,1*,"?20,00,000*",1400,,,
Telangana,"Kamineni IMS, Narketpally",PHYSIOLOGY,TELMgmt-MQ3-CatC-Inst,"?6,48,000*",Info not available*,1*,"?20,00,000*",1060,,,
Telangana,"Prathima IMS, Karimnagar",PHYSIOLOGY,TELMgmt-MQ3-CatC-Inst,"?5,61,000*",Info not available*,1*,"?20,00,000*",1060,,,
Telangana,"SVS Med Coll, Mehboobnagar",PSYCHIATRY,TELMgmt-MQ1-CatB-All,"?24,00,000*",Info not available*,1*,"?20,00,000*",760,,,
Telangana,"Mamata Med Coll, Khammam",PSYCHIATRY,TELMgmt-MQ1-CatB-All,"?23,00,000*",Info not available*,1*,"?20,00,000*",1080,,,
Telangana,"Kamineni IMS, Narketpally",PSYCHIATRY,TELMgmt-MQ1-CatB-All,"?23,00,000*",Info not available*,1*,"?20,00,000*",1060,,,
Telangana,"Apollo IMSR, Hyderabad",PSYCHIATRY,TELMgmt-MQ1-CatB-All,"?23,00,000*",Info not available*,1*,"?20,00,000*",570,,,
Telangana,"RVM IMSRC, Siddipet",PSYCHIATRY,TELMgmt-MQ1-CatB-All,"?23,00,000*",Info not available*,1*,"?20,00,000*",1110,,,
Telangana,"MNR Med Coll, Sangareddy",PSYCHIATRY,TELMgmt-MQ1-CatB-All,"?23,00,000*",Info not available*,1*,"?20,00,000*",760,,,
Telangana,"Bhaskar Med Coll, Yenkapally",PSYCHIATRY,TELMgmt-MQ1-CatB-All,"?23,00,000*",Info not available*,1*,"?20,00,000*",850,,,
Telangana,"Mediciti IMS, Ghanpur",PSYCHIATRY,TELMgmt-MQ1-CatB-All,"?23,00,000*",Info not available*,1*,"?20,00,000*",720,,,
Telangana,"CAIMS, Karimnagar",PSYCHIATRY,TELMgmt-MQ1-CatB-All,"?24,00,000*",Info not available*,1*,"?20,00,000*",1000,,,
Telangana,"Prathima IMS, Karimnagar",PSYCHIATRY,TELMgmt-MQ1-CatB-All,"?23,00,000*",Info not available*,1*,"?20,00,000*",1060,,,
Telangana,"DCMS, Hyderabad",PSYCHIATRY,TELMgmt-MQ1-CatB-All,"?24,00,000*",Info not available*,1*,"?20,00,000*",1400,,,
Telangana,"Dr Patnam MRInstofMS,Chevella",PSYCHIATRY,TELMgmt-MQ1-CatB-All,"?23,00,000*",Info not available*,1*,"?20,00,000*",Info Not Available,,,
Telangana,"Mamata AcadofMedSci,Bachupally",PSYCHIATRY,TELMgmt-MQ1-CatB-All,"?23,00,000*",Info not available*,1*,"?20,00,000*",Info Not Available,,,
Telangana,"SVS Med Coll, Mehboobnagar",PSYCHIATRY,TELMgmt-MQ2-CatC-NRI,"?72,00,000*",Info not available*,1*,"?20,00,000*",760,,,
Telangana,"Mamata Med Coll, Khammam",PSYCHIATRY,TELMgmt-MQ2-CatC-NRI,"?69,00,000*",Info not available*,1*,"?20,00,000*",1080,,,
Telangana,"Kamineni IMS, Narketpally",PSYCHIATRY,TELMgmt-MQ2-CatC-NRI,"?69,00,000*",Info not available*,1*,"?20,00,000*",1060,,,
Telangana,"Apollo IMSR, Hyderabad",PSYCHIATRY,TELMgmt-MQ2-CatC-NRI,"?69,00,000*",Info not available*,1*,"?20,00,000*",570,,,
Telangana,"RVM IMSRC, Siddipet",PSYCHIATRY,TELMgmt-MQ2-CatC-NRI,"?69,00,000*",Info not available*,1*,"?20,00,000*",1110,,,
Telangana,"MNR Med Coll, Sangareddy",PSYCHIATRY,TELMgmt-MQ2-CatC-NRI,"?69,00,000*",Info not available*,1*,"?20,00,000*",760,,,
Telangana,"Bhaskar Med Coll, Yenkapally",PSYCHIATRY,TELMgmt-MQ2-CatC-NRI,"?69,00,000*",Info not available*,1*,"?20,00,000*",850,,,
Telangana,"Mediciti IMS, Ghanpur",PSYCHIATRY,TELMgmt-MQ2-CatC-NRI,"?69,00,000*",Info not available*,1*,"?20,00,000*",720,,,
Telangana,"CAIMS, Karimnagar",PSYCHIATRY,TELMgmt-MQ2-CatC-NRI,"?72,00,000*",Info not available*,1*,"?20,00,000*",1000,,,
Telangana,"Prathima IMS, Karimnagar",PSYCHIATRY,TELMgmt-MQ2-CatC-NRI,"?69,00,000*",Info not available*,1*,"?20,00,000*",1060,,,
Telangana,"DCMS, Hyderabad",PSYCHIATRY,TELMgmt-MQ2-CatC-NRI,"?72,00,000*",Info not available*,1*,"?20,00,000*",1400,,,
Telangana,"Dr Patnam MRInstofMS,Chevella",PSYCHIATRY,TELMgmt-MQ2-CatC-NRI,"?69,00,000*",Info not available*,1*,"?20,00,000*",Info Not Available,,,
Telangana,"Mamata AcadofMedSci,Bachupally",PSYCHIATRY,TELMgmt-MQ2-CatC-NRI,"?69,00,000*",Info not available*,1*,"?20,00,000*",Info Not Available,,,
Telangana,"SVS Med Coll, Mehboobnagar",PSYCHIATRY,TELMgmt-MQ3-CatC-Inst,"?72,00,000*",Info not available*,1*,"?20,00,000*",760,,,
Telangana,"Mamata Med Coll, Khammam",PSYCHIATRY,TELMgmt-MQ3-CatC-Inst,"?69,00,000*",Info not available*,1*,"?20,00,000*",1080,,,
Telangana,"Kamineni IMS, Narketpally",PSYCHIATRY,TELMgmt-MQ3-CatC-Inst,"?69,00,000*",Info not available*,1*,"?20,00,000*",1060,,,
Telangana,"Apollo IMSR, Hyderabad",PSYCHIATRY,TELMgmt-MQ3-CatC-Inst,"?69,00,000*",Info not available*,1*,"?20,00,000*",570,,,
Telangana,"RVM IMSRC, Siddipet",PSYCHIATRY,TELMgmt-MQ3-CatC-Inst,"?69,00,000*",Info not available*,1*,"?20,00,000*",1110,,,
Telangana,"MNR Med Coll, Sangareddy",PSYCHIATRY,TELMgmt-MQ3-CatC-Inst,"?69,00,000*",Info not available*,1*,"?20,00,000*",760,,,
Telangana,"Bhaskar Med Coll, Yenkapally",PSYCHIATRY,TELMgmt-MQ3-CatC-Inst,"?69,00,000*",Info not available*,1*,"?20,00,000*",850,,,
Telangana,"Mediciti IMS, Ghanpur",PSYCHIATRY,TELMgmt-MQ3-CatC-Inst,"?69,00,000*",Info not available*,1*,"?20,00,000*",720,,,
Telangana,"CAIMS, Karimnagar",PSYCHIATRY,TELMgmt-MQ3-CatC-Inst,"?72,00,000*",Info not available*,1*,"?20,00,000*",1000,,,
Telangana,"Prathima IMS, Karimnagar",PSYCHIATRY,TELMgmt-MQ3-CatC-Inst,"?69,00,000*",Info not available*,1*,"?20,00,000*",1060,,,
Telangana,"DCMS, Hyderabad",PSYCHIATRY,TELMgmt-MQ3-CatC-Inst,"?72,00,000*",Info not available*,1*,"?20,00,000*",1400,,,
Telangana,"Dr Patnam MRInstofMS,Chevella",PSYCHIATRY,TELMgmt-MQ3-CatC-Inst,"?69,00,000*",Info not available*,1*,"?20,00,000*",Info Not Available,,,
Telangana,"Kamineni (KAMSRC), Hyderabad",RADIATION ONCOLOGY,TELMgmt-MQ1-CatB-All,"?23,00,000*",Info not available*,1*,"?20,00,000*",650,,,
Telangana,"Kamineni (KAMSRC), Hyderabad",RADIATION ONCOLOGY,TELMgmt-MQ2-CatC-NRI,"?69,00,000*",Info not available*,1*,"?20,00,000*",650,,,
Telangana,"Kamineni (KAMSRC), Hyderabad",RADIATION ONCOLOGY,TELMgmt-MQ3-CatC-Inst,"?69,00,000*",Info not available*,1*,"?20,00,000*",650,,,
Telangana,"Mahavir Inst of MS, Vikarabad",RADIO DIAGNOSIS,TELMgmt-MQ1-CatB-All,"?23,00,000*",Info not available*,1*,"?20,00,000*",700,,,
Telangana,"Kamineni IMS, Narketpally",RADIO DIAGNOSIS,TELMgmt-MQ1-CatB-All,"?23,00,000*",Info not available*,1*,"?20,00,000*",1060,,,
Telangana,"Mamata Med Coll, Khammam",RADIO DIAGNOSIS,TELMgmt-MQ1-CatB-All,"?23,00,000*",Info not available*,1*,"?20,00,000*",1080,,,
Telangana,"Surabhi InstituteofMS,Siddipet",RADIO DIAGNOSIS,TELMgmt-MQ1-CatB-All,"?24,00,000*",Info not available*,1*,"?20,00,000*",Info Not Available,,,
Telangana,"RVM IMSRC, Siddipet",RADIO DIAGNOSIS,TELMgmt-MQ1-CatB-All,"?23,00,000*",Info not available*,1*,"?20,00,000*",1110,,,
Telangana,"Apollo IMSR, Hyderabad",RADIO DIAGNOSIS,TELMgmt-MQ1-CatB-All,"?23,00,000*",Info not available*,1*,"?20,00,000*",570,,,
Telangana,"Kamineni (KAMSRC), Hyderabad",RADIO DIAGNOSIS,TELMgmt-MQ1-CatB-All,"?23,00,000*",Info not available*,1*,"?20,00,000*",650,,,
Telangana,"Bhaskar Med Coll, Yenkapally",RADIO DIAGNOSIS,TELMgmt-MQ1-CatB-All,"?23,00,000*",Info not available*,1*,"?20,00,000*",850,,,
Telangana,"Shadan IMSRC, Peerancheru",RADIO DIAGNOSIS,TELMgmt-MQ1-CatB-All,"?24,00,000*",Info not available*,1*,"?20,00,000*",800,,,
Telangana,"MNR Med Coll, Sangareddy",RADIO DIAGNOSIS,TELMgmt-MQ1-CatB-All,"?23,00,000*",Info not available*,1*,"?20,00,000*",760,,,
Telangana,"Mediciti IMS, Ghanpur",RADIO DIAGNOSIS,TELMgmt-MQ1-CatB-All,"?23,00,000*",Info not available*,1*,"?20,00,000*",720,,,
Telangana,"Prathima IMS, Karimnagar",RADIO DIAGNOSIS,TELMgmt-MQ1-CatB-All,"?23,00,000*",Info not available*,1*,"?20,00,000*",1060,,,
Telangana,"CAIMS, Karimnagar",RADIO DIAGNOSIS,TELMgmt-MQ1-CatB-All,"?24,00,000*",Info not available*,1*,"?20,00,000*",1000,,,
Telangana,"SVS Med Coll, Mehboobnagar",RADIO DIAGNOSIS,TELMgmt-MQ1-CatB-All,"?24,00,000*",Info not available*,1*,"?20,00,000*",760,,,
Telangana,"DCMS, Hyderabad",RADIO DIAGNOSIS,TELMgmt-MQ1-CatB-All,"?24,00,000*",Info not available*,1*,"?20,00,000*",1400,,,
Telangana,"Dr Patnam MRInstofMS,Chevella",RADIO DIAGNOSIS,TELMgmt-MQ1-CatB-All,"?23,00,000*",Info not available*,1*,"?20,00,000*",Info Not Available,,,
Telangana,"Mamata AcadofMedSci,Bachupally",RADIO DIAGNOSIS,TELMgmt-MQ1-CatB-All,"?23,00,000*",Info not available*,1*,"?20,00,000*",Info Not Available,,,
Telangana,"Mahavir Inst of MS, Vikarabad",RADIO DIAGNOSIS,TELMgmt-MQ2-CatC-NRI,"?69,00,000*",Info not available*,1*,"?20,00,000*",700,,,
Telangana,"Kamineni IMS, Narketpally",RADIO DIAGNOSIS,TELMgmt-MQ2-CatC-NRI,"?69,00,000*",Info not available*,1*,"?20,00,000*",1060,,,
Telangana,"Mamata Med Coll, Khammam",RADIO DIAGNOSIS,TELMgmt-MQ2-CatC-NRI,"?69,00,000*",Info not available*,1*,"?20,00,000*",1080,,,
Telangana,"Surabhi InstituteofMS,Siddipet",RADIO DIAGNOSIS,TELMgmt-MQ2-CatC-NRI,"?72,00,000*",Info not available*,1*,"?20,00,000*",Info Not Available,,,
Telangana,"RVM IMSRC, Siddipet",RADIO DIAGNOSIS,TELMgmt-MQ2-CatC-NRI,"?69,00,000*",Info not available*,1*,"?20,00,000*",1110,,,
Telangana,"Apollo IMSR, Hyderabad",RADIO DIAGNOSIS,TELMgmt-MQ2-CatC-NRI,"?69,00,000*",Info not available*,1*,"?20,00,000*",570,,,
Telangana,"Kamineni (KAMSRC), Hyderabad",RADIO DIAGNOSIS,TELMgmt-MQ2-CatC-NRI,"?69,00,000*",Info not available*,1*,"?20,00,000*",650,,,
Telangana,"Bhaskar Med Coll, Yenkapally",RADIO DIAGNOSIS,TELMgmt-MQ2-CatC-NRI,"?69,00,000*",Info not available*,1*,"?20,00,000*",850,,,
Telangana,"Shadan IMSRC, Peerancheru",RADIO DIAGNOSIS,TELMgmt-MQ2-CatC-NRI,"?72,00,000*",Info not available*,1*,"?20,00,000*",800,,,
Telangana,"MNR Med Coll, Sangareddy",RADIO DIAGNOSIS,TELMgmt-MQ2-CatC-NRI,"?69,00,000*",Info not available*,1*,"?20,00,000*",760,,,
Telangana,"Mediciti IMS, Ghanpur",RADIO DIAGNOSIS,TELMgmt-MQ2-CatC-NRI,"?69,00,000*",Info not available*,1*,"?20,00,000*",720,,,
Telangana,"Prathima IMS, Karimnagar",RADIO DIAGNOSIS,TELMgmt-MQ2-CatC-NRI,"?69,00,000*",Info not available*,1*,"?20,00,000*",1060,,,
Telangana,"CAIMS, Karimnagar",RADIO DIAGNOSIS,TELMgmt-MQ2-CatC-NRI,"?72,00,000*",Info not available*,1*,"?20,00,000*",1000,,,
Telangana,"SVS Med Coll, Mehboobnagar",RADIO DIAGNOSIS,TELMgmt-MQ2-CatC-NRI,"?72,00,000*",Info not available*,1*,"?20,00,000*",760,,,
Telangana,"DCMS, Hyderabad",RADIO DIAGNOSIS,TELMgmt-MQ2-CatC-NRI,"?72,00,000*",Info not available*,1*,"?20,00,000*",1400,,,
Telangana,"Dr Patnam MRInstofMS,Chevella",RADIO DIAGNOSIS,TELMgmt-MQ2-CatC-NRI,"?69,00,000*",Info not available*,1*,"?20,00,000*",Info Not Available,,,
Telangana,"Mamata AcadofMedSci,Bachupally",RADIO DIAGNOSIS,TELMgmt-MQ2-CatC-NRI,"?69,00,000*",Info not available*,1*,"?20,00,000*",Info Not Available,,,
Telangana,"Maheshwara Med Coll, Medak",RADIO DIAGNOSIS,TELMgmt-MQ3-CatC-Inst,"?69,00,000*",Info not available*,1*,"?20,00,000*",745,,,
Telangana,"Mamata AcadofMedSci,Bachupally",RADIO DIAGNOSIS,TELMgmt-MQ3-CatC-Inst,"?69,00,000*",Info not available*,1*,"?20,00,000*",Info Not Available,,,
Telangana,"Mahavir Inst of MS, Vikarabad",RADIO DIAGNOSIS,TELMgmt-MQ3-CatC-Inst,"?69,00,000*",Info not available*,1*,"?20,00,000*",700,,,
Telangana,"Kamineni IMS, Narketpally",RADIO DIAGNOSIS,TELMgmt-MQ3-CatC-Inst,"?69,00,000*",Info not available*,1*,"?20,00,000*",1060,,,
Telangana,"Mamata Med Coll, Khammam",RADIO DIAGNOSIS,TELMgmt-MQ3-CatC-Inst,"?69,00,000*",Info not available*,1*,"?20,00,000*",1080,,,
Telangana,"Surabhi InstituteofMS,Siddipet",RADIO DIAGNOSIS,TELMgmt-MQ3-CatC-Inst,"?72,00,000*",Info not available*,1*,"?20,00,000*",Info Not Available,,,
Telangana,"RVM IMSRC, Siddipet",RADIO DIAGNOSIS,TELMgmt-MQ3-CatC-Inst,"?69,00,000*",Info not available*,1*,"?20,00,000*",1110,,,
Telangana,"Apollo IMSR, Hyderabad",RADIO DIAGNOSIS,TELMgmt-MQ3-CatC-Inst,"?69,00,000*",Info not available*,1*,"?20,00,000*",570,,,
Telangana,"Kamineni (KAMSRC), Hyderabad",RADIO DIAGNOSIS,TELMgmt-MQ3-CatC-Inst,"?69,00,000*",Info not available*,1*,"?20,00,000*",650,,,
Telangana,"Bhaskar Med Coll, Yenkapally",RADIO DIAGNOSIS,TELMgmt-MQ3-CatC-Inst,"?69,00,000*",Info not available*,1*,"?20,00,000*",850,,,
Telangana,"Shadan IMSRC, Peerancheru",RADIO DIAGNOSIS,TELMgmt-MQ3-CatC-Inst,"?72,00,000*",Info not available*,1*,"?20,00,000*",800,,,
Telangana,"MNR Med Coll, Sangareddy",RADIO DIAGNOSIS,TELMgmt-MQ3-CatC-Inst,"?69,00,000*",Info not available*,1*,"?20,00,000*",760,,,
Telangana,"Mediciti IMS, Ghanpur",RADIO DIAGNOSIS,TELMgmt-MQ3-CatC-Inst,"?69,00,000*",Info not available*,1*,"?20,00,000*",720,,,
Telangana,"Prathima IMS, Karimnagar",RADIO DIAGNOSIS,TELMgmt-MQ3-CatC-Inst,"?69,00,000*",Info not available*,1*,"?20,00,000*",1060,,,
Telangana,"CAIMS, Karimnagar",RADIO DIAGNOSIS,TELMgmt-MQ3-CatC-Inst,"?72,00,000*",Info not available*,1*,"?20,00,000*",1000,,,
Telangana,"SVS Med Coll, Mehboobnagar",RADIO DIAGNOSIS,TELMgmt-MQ3-CatC-Inst,"?72,00,000*",Info not available*,1*,"?20,00,000*",760,,,
Telangana,"DCMS, Hyderabad",RADIO DIAGNOSIS,TELMgmt-MQ3-CatC-Inst,"?72,00,000*",Info not available*,1*,"?20,00,000*",1400,,,
Telangana,"Dr Patnam MRInstofMS,Chevella",RADIO DIAGNOSIS,TELMgmt-MQ3-CatC-Inst,"?69,00,000*",Info not available*,1*,"?20,00,000*",Info Not Available,,,
Telangana,"Kamineni IMS, Narketpally",SPM,TELMgmt-MQ1-CatB-All,"?5,45,000*",Info not available*,1*,"?20,00,000*",1060,,,
Telangana,"Mamata Med Coll, Khammam",SPM,TELMgmt-MQ1-CatB-All,"?6,60,000*",Info not available*,1*,"?20,00,000*",1080,,,
Telangana,"DrVRK Womens MedColl,Aziznagar",SPM,TELMgmt-MQ1-CatB-All,"?5,30,000*",Info not available*,1*,"?20,00,000*",500,,,
Telangana,"Mamata AcadofMedSci,Bachupally",SPM,TELMgmt-MQ1-CatB-All,"?7,50,000*",Info not available*,1*,"?20,00,000*",Info Not Available,,,
Telangana,"Maheshwara Med Coll, Medak",SPM,TELMgmt-MQ1-CatB-All,"?5,30,000*",Info not available*,1*,"?20,00,000*",745,,,
Telangana,"Apollo IMSR, Hyderabad",SPM,TELMgmt-MQ1-CatB-All,"?5,30,000*",Info not available*,1*,"?20,00,000*",570,,,
Telangana,"Kamineni (KAMSRC), Hyderabad",SPM,TELMgmt-MQ1-CatB-All,"?5,45,000*",Info not available*,1*,"?20,00,000*",650,,,
Telangana,"RVM IMSRC, Siddipet",SPM,TELMgmt-MQ1-CatB-All,"?5,30,000*",Info not available*,1*,"?20,00,000*",1110,,,
Telangana,"MNR Med Coll, Sangareddy",SPM,TELMgmt-MQ1-CatB-All,"?5,62,250*",Info not available*,1*,"?20,00,000*",760,,,
Telangana,"Mediciti IMS, Ghanpur",SPM,TELMgmt-MQ1-CatB-All,"?5,30,000*",Info not available*,1*,"?20,00,000*",720,,,
Telangana,"DCMS, Hyderabad",SPM,TELMgmt-MQ1-CatB-All,"?5,30,000*",Info not available*,1*,"?20,00,000*",1400,,,
Telangana,"Prathima IMS, Karimnagar",SPM,TELMgmt-MQ1-CatB-All,"?5,62,250*",Info not available*,1*,"?20,00,000*",1060,,,
Telangana,"CAIMS, Karimnagar",SPM,TELMgmt-MQ1-CatB-All,"?5,30,000*",Info not available*,1*,"?20,00,000*",1000,,,
Telangana,"Mahavir Inst of MS, Vikarabad",SPM,TELMgmt-MQ1-CatB-All,"?5,30,000*",Info not available*,1*,"?20,00,000*",700,,,
Telangana,"Kamineni IMS, Narketpally",SPM,TELMgmt-MQ2-CatC-NRI,"?16,35,000*",Info not available*,1*,"?20,00,000*",1060,,,
Telangana,"Mamata Med Coll, Khammam",SPM,TELMgmt-MQ2-CatC-NRI,"?19,80,000*",Info not available*,1*,"?20,00,000*",1080,,,
Telangana,"DrVRK Womens MedColl,Aziznagar",SPM,TELMgmt-MQ2-CatC-NRI,"?15,90,000*",Info not available*,1*,"?20,00,000*",500,,,
Telangana,"Mamata AcadofMedSci,Bachupally",SPM,TELMgmt-MQ2-CatC-NRI,"?22,50,000*",Info not available*,1*,"?20,00,000*",Info Not Available,,,
Telangana,"Maheshwara Med Coll, Medak",SPM,TELMgmt-MQ2-CatC-NRI,"?15,90,000*",Info not available*,1*,"?20,00,000*",745,,,
Telangana,"Apollo IMSR, Hyderabad",SPM,TELMgmt-MQ2-CatC-NRI,"?15,90,000*",Info not available*,1*,"?20,00,000*",570,,,
Telangana,"Kamineni (KAMSRC), Hyderabad",SPM,TELMgmt-MQ2-CatC-NRI,"?16,35,000*",Info not available*,1*,"?20,00,000*",650,,,
Telangana,"RVM IMSRC, Siddipet",SPM,TELMgmt-MQ2-CatC-NRI,"?15,90,000*",Info not available*,1*,"?20,00,000*",1110,,,
Telangana,"MNR Med Coll, Sangareddy",SPM,TELMgmt-MQ2-CatC-NRI,"?16,86,750*",Info not available*,1*,"?20,00,000*",760,,,
Telangana,"Mediciti IMS, Ghanpur",SPM,TELMgmt-MQ2-CatC-NRI,"?15,90,000*",Info not available*,1*,"?20,00,000*",720,,,
Telangana,"DCMS, Hyderabad",SPM,TELMgmt-MQ2-CatC-NRI,"?15,90,000*",Info not available*,1*,"?20,00,000*",1400,,,
Telangana,"Prathima IMS, Karimnagar",SPM,TELMgmt-MQ2-CatC-NRI,"?16,86,750*",Info not available*,1*,"?20,00,000*",1060,,,
Telangana,"CAIMS, Karimnagar",SPM,TELMgmt-MQ2-CatC-NRI,"?15,90,000*",Info not available*,1*,"?20,00,000*",1000,,,
Telangana,"Mahavir Inst of MS, Vikarabad",SPM,TELMgmt-MQ2-CatC-NRI,"?15,90,000*",Info not available*,1*,"?20,00,000*",700,,,
Telangana,"Kamineni IMS, Narketpally",SPM,TELMgmt-MQ3-CatC-Inst,"?16,35,000*",Info not available*,1*,"?20,00,000*",1060,,,
Telangana,"Mamata Med Coll, Khammam",SPM,TELMgmt-MQ3-CatC-Inst,"?19,80,000*",Info not available*,1*,"?20,00,000*",1080,,,
Telangana,"DrVRK Womens MedColl,Aziznagar",SPM,TELMgmt-MQ3-CatC-Inst,"?15,90,000*",Info not available*,1*,"?20,00,000*",500,,,
Telangana,"Mamata AcadofMedSci,Bachupally",SPM,TELMgmt-MQ3-CatC-Inst,"?22,50,000*",Info not available*,1*,"?20,00,000*",Info Not Available,,,
Telangana,"Maheshwara Med Coll, Medak",SPM,TELMgmt-MQ3-CatC-Inst,"?15,90,000*",Info not available*,1*,"?20,00,000*",745,,,
Telangana,"Apollo IMSR, Hyderabad",SPM,TELMgmt-MQ3-CatC-Inst,"?15,90,000*",Info not available*,1*,"?20,00,000*",570,,,
Telangana,"Kamineni (KAMSRC), Hyderabad",SPM,TELMgmt-MQ3-CatC-Inst,"?16,35,000*",Info not available*,1*,"?20,00,000*",650,,,
Telangana,"RVM IMSRC, Siddipet",SPM,TELMgmt-MQ3-CatC-Inst,"?15,90,000*",Info not available*,1*,"?20,00,000*",1110,,,
Telangana,"MNR Med Coll, Sangareddy",SPM,TELMgmt-MQ3-CatC-Inst,"?16,86,750*",Info not available*,1*,"?20,00,000*",760,,,
Telangana,"Mediciti IMS, Ghanpur",SPM,TELMgmt-MQ3-CatC-Inst,"?15,90,000*",Info not available*,1*,"?20,00,000*",720,,,
Telangana,"DCMS, Hyderabad",SPM,TELMgmt-MQ3-CatC-Inst,"?15,90,000*",Info not available*,1*,"?20,00,000*",1400,,,
Telangana,"Prathima IMS, Karimnagar",SPM,TELMgmt-MQ3-CatC-Inst,"?16,86,750*",Info not available*,1*,"?20,00,000*",1060,,,
Telangana,"CAIMS, Karimnagar",SPM,TELMgmt-MQ3-CatC-Inst,"?15,90,000*",Info not available*,1*,"?20,00,000*",1000,,,
Telangana,"Mahavir Inst of MS, Vikarabad",SPM,TELMgmt-MQ3-CatC-Inst,"?15,90,000*",Info not available*,1*,"?20,00,000*",700,,,
Telangana,"SVS Med Coll, Mehboobnagar",TBRD,TELMgmt-MQ1-CatB-All,"?24,00,000*",Info not available*,1*,"?20,00,000*",760,,,
Telangana,"DrVRK Womens MedColl,Aziznagar",TBRD,TELMgmt-MQ1-CatB-All,"?23,00,000*",Info not available*,1*,"?20,00,000*",500,,,
Telangana,"Kamineni IMS, Narketpally",TBRD,TELMgmt-MQ1-CatB-All,"?23,00,000*",Info not available*,1*,"?20,00,000*",1060,,,
Telangana,"Mamata Med Coll, Khammam",TBRD,TELMgmt-MQ1-CatB-All,"?23,00,000*",Info not available*,1*,"?20,00,000*",1080,,,
Telangana,"Dr Patnam MRInstofMS,Chevella",TBRD,TELMgmt-MQ1-CatB-All,"?23,00,000*",Info not available*,1*,"?20,00,000*",Info Not Available,,,
Telangana,"Apollo IMSR, Hyderabad",TBRD,TELMgmt-MQ1-CatB-All,"?23,00,000*",Info not available*,1*,"?20,00,000*",570,,,
Telangana,"RVM IMSRC, Siddipet",TBRD,TELMgmt-MQ1-CatB-All,"?23,00,000*",Info not available*,1*,"?20,00,000*",1110,,,
Telangana,"Kamineni (KAMSRC), Hyderabad",TBRD,TELMgmt-MQ1-CatB-All,"?23,00,000*",Info not available*,1*,"?20,00,000*",650,,,
Telangana,"DCMS, Hyderabad",TBRD,TELMgmt-MQ1-CatB-All,"?24,00,000*",Info not available*,1*,"?20,00,000*",1400,,,
Telangana,"Bhaskar Med Coll, Yenkapally",TBRD,TELMgmt-MQ1-CatB-All,"?23,00,000*",Info not available*,1*,"?20,00,000*",850,,,
Telangana,"Mediciti IMS, Ghanpur",TBRD,TELMgmt-MQ1-CatB-All,"?23,00,000*",Info not available*,1*,"?20,00,000*",720,,,
Telangana,"MNR Med Coll, Sangareddy",TBRD,TELMgmt-MQ1-CatB-All,"?23,00,000*",Info not available*,1*,"?20,00,000*",760,,,
Telangana,"Shadan IMSRC, Peerancheru",TBRD,TELMgmt-MQ1-CatB-All,"?24,00,000*",Info not available*,1*,"?20,00,000*",800,,,
Telangana,"CAIMS, Karimnagar",TBRD,TELMgmt-MQ1-CatB-All,"?24,00,000*",Info not available*,1*,"?20,00,000*",1000,,,
Telangana,"Prathima IMS, Karimnagar",TBRD,TELMgmt-MQ1-CatB-All,"?23,00,000*",Info not available*,1*,"?20,00,000*",1060,,,
Telangana,"Mamata AcadofMedSci,Bachupally",TBRD,TELMgmt-MQ1-CatB-All,"?23,00,000*",Info not available*,1*,"?20,00,000*",Info Not Available,,,
Telangana,"SVS Med Coll, Mehboobnagar",TBRD,TELMgmt-MQ2-CatC-NRI,"?72,00,000*",Info not available*,1*,"?20,00,000*",760,,,
Telangana,"DrVRK Womens MedColl,Aziznagar",TBRD,TELMgmt-MQ2-CatC-NRI,"?69,00,000*",Info not available*,1*,"?20,00,000*",500,,,
Telangana,"Kamineni IMS, Narketpally",TBRD,TELMgmt-MQ2-CatC-NRI,"?69,00,000*",Info not available*,1*,"?20,00,000*",1060,,,
Telangana,"Mamata Med Coll, Khammam",TBRD,TELMgmt-MQ2-CatC-NRI,"?69,00,000*",Info not available*,1*,"?20,00,000*",1080,,,
Telangana,"Dr Patnam MRInstofMS,Chevella",TBRD,TELMgmt-MQ2-CatC-NRI,"?69,00,000*",Info not available*,1*,"?20,00,000*",Info Not Available,,,
Telangana,"Apollo IMSR, Hyderabad",TBRD,TELMgmt-MQ2-CatC-NRI,"?69,00,000*",Info not available*,1*,"?20,00,000*",570,,,
Telangana,"RVM IMSRC, Siddipet",TBRD,TELMgmt-MQ2-CatC-NRI,"?69,00,000*",Info not available*,1*,"?20,00,000*",1110,,,
Telangana,"Kamineni (KAMSRC), Hyderabad",TBRD,TELMgmt-MQ2-CatC-NRI,"?69,00,000*",Info not available*,1*,"?20,00,000*",650,,,
Telangana,"DCMS, Hyderabad",TBRD,TELMgmt-MQ2-CatC-NRI,"?72,00,000*",Info not available*,1*,"?20,00,000*",1400,,,
Telangana,"Bhaskar Med Coll, Yenkapally",TBRD,TELMgmt-MQ2-CatC-NRI,"?69,00,000*",Info not available*,1*,"?20,00,000*",850,,,
Telangana,"Mediciti IMS, Ghanpur",TBRD,TELMgmt-MQ2-CatC-NRI,"?69,00,000*",Info not available*,1*,"?20,00,000*",720,,,
Telangana,"MNR Med Coll, Sangareddy",TBRD,TELMgmt-MQ2-CatC-NRI,"?69,00,000*",Info not available*,1*,"?20,00,000*",760,,,
Telangana,"Shadan IMSRC, Peerancheru",TBRD,TELMgmt-MQ2-CatC-NRI,"?72,00,000*",Info not available*,1*,"?20,00,000*",800,,,
Telangana,"CAIMS, Karimnagar",TBRD,TELMgmt-MQ2-CatC-NRI,"?72,00,000*",Info not available*,1*,"?20,00,000*",1000,,,
Telangana,"Prathima IMS, Karimnagar",TBRD,TELMgmt-MQ2-CatC-NRI,"?69,00,000*",Info not available*,1*,"?20,00,000*",1060,,,
Telangana,"Maheshwara Med Coll, Medak",TBRD,TELMgmt-MQ2-CatC-NRI,"?69,00,000*",Info not available*,1*,"?20,00,000*",745,,,
Telangana,"Mamata AcadofMedSci,Bachupally",TBRD,TELMgmt-MQ3-CatC-Inst,"?69,00,000*",Info not available*,1*,"?20,00,000*",Info Not Available,,,
Telangana,"SVS Med Coll, Mehboobnagar",TBRD,TELMgmt-MQ3-CatC-Inst,"?72,00,000*",Info not available*,1*,"?20,00,000*",760,,,
Telangana,"DrVRK Womens MedColl,Aziznagar",TBRD,TELMgmt-MQ3-CatC-Inst,"?69,00,000*",Info not available*,1*,"?20,00,000*",500,,,
Telangana,"Kamineni IMS, Narketpally",TBRD,TELMgmt-MQ3-CatC-Inst,"?69,00,000*",Info not available*,1*,"?20,00,000*",1060,,,
Telangana,"Mamata Med Coll, Khammam",TBRD,TELMgmt-MQ3-CatC-Inst,"?69,00,000*",Info not available*,1*,"?20,00,000*",1080,,,
Telangana,"Dr Patnam MRInstofMS,Chevella",TBRD,TELMgmt-MQ3-CatC-Inst,"?69,00,000*",Info not available*,1*,"?20,00,000*",Info Not Available,,,
Telangana,"Apollo IMSR, Hyderabad",TBRD,TELMgmt-MQ3-CatC-Inst,"?69,00,000*",Info not available*,1*,"?20,00,000*",570,,,
Telangana,"RVM IMSRC, Siddipet",TBRD,TELMgmt-MQ3-CatC-Inst,"?69,00,000*",Info not available*,1*,"?20,00,000*",1110,,,
Telangana,"Kamineni (KAMSRC), Hyderabad",TBRD,TELMgmt-MQ3-CatC-Inst,"?69,00,000*",Info not available*,1*,"?20,00,000*",650,,,
Telangana,"DCMS, Hyderabad",TBRD,TELMgmt-MQ3-CatC-Inst,"?72,00,000*",Info not available*,1*,"?20,00,000*",1400,,,
Telangana,"Bhaskar Med Coll, Yenkapally",TBRD,TELMgmt-MQ3-CatC-Inst,"?69,00,000*",Info not available*,1*,"?20,00,000*",850,,,
Telangana,"Mediciti IMS, Ghanpur",TBRD,TELMgmt-MQ3-CatC-Inst,"?69,00,000*",Info not available*,1*,"?20,00,000*",720,,,
Telangana,"MNR Med Coll, Sangareddy",TBRD,TELMgmt-MQ3-CatC-Inst,"?69,00,000*",Info not available*,1*,"?20,00,000*",760,,,
Telangana,"Shadan IMSRC, Peerancheru",TBRD,TELMgmt-MQ3-CatC-Inst,"?72,00,000*",Info not available*,1*,"?20,00,000*",800,,,
Telangana,"CAIMS, Karimnagar",TBRD,TELMgmt-MQ3-CatC-Inst,"?72,00,000*",Info not available*,1*,"?20,00,000*",1000,,,
Telangana,"Prathima IMS, Karimnagar",TBRD,TELMgmt-MQ3-CatC-Inst,"?69,00,000*",Info not available*,1*,"?20,00,000*",1060,,,
Telangana,"SVS Med Coll, Mehboobnagar",ENT,TELMgmt-MQ1-CatB-All,"?24,00,000*",Info not available*,1*,"?20,00,000*",760,,,
Telangana,"Mamata Med Coll, Khammam",ENT,TELMgmt-MQ1-CatB-All,"?23,00,000*",Info not available*,1*,"?20,00,000*",1080,,,
Telangana,"Kamineni IMS, Narketpally",ENT,TELMgmt-MQ1-CatB-All,"?23,00,000*",Info not available*,1*,"?20,00,000*",1060,,,
Telangana,"Dr Patnam MRInstofMS,Chevella",ENT,TELMgmt-MQ1-CatB-All,"?23,00,000*",Info not available*,1*,"?20,00,000*",Info Not Available,,,
Telangana,"Apollo IMSR, Hyderabad",ENT,TELMgmt-MQ1-CatB-All,"?23,00,000*",Info not available*,1*,"?20,00,000*",570,,,
Telangana,"DrVRK Womens MedColl,Aziznagar",ENT,TELMgmt-MQ1-CatB-All,"?23,00,000*",Info not available*,1*,"?20,00,000*",500,,,
Telangana,"RVM IMSRC, Siddipet",ENT,TELMgmt-MQ1-CatB-All,"?23,00,000*",Info not available*,1*,"?20,00,000*",1110,,,
Telangana,"Bhaskar Med Coll, Yenkapally",ENT,TELMgmt-MQ1-CatB-All,"?23,00,000*",Info not available*,1*,"?20,00,000*",850,,,
Telangana,"Mediciti IMS, Ghanpur",ENT,TELMgmt-MQ1-CatB-All,"?23,00,000*",Info not available*,1*,"?20,00,000*",720,,,
Telangana,"Shadan IMSRC, Peerancheru",ENT,TELMgmt-MQ1-CatB-All,"?24,00,000*",Info not available*,1*,"?20,00,000*",800,,,
Telangana,"DCMS, Hyderabad",ENT,TELMgmt-MQ1-CatB-All,"?24,00,000*",Info not available*,1*,"?20,00,000*",1400,,,
Telangana,"MNR Med Coll, Sangareddy",ENT,TELMgmt-MQ1-CatB-All,"?23,00,000*",Info not available*,1*,"?20,00,000*",760,,,
Telangana,"Prathima IMS, Karimnagar",ENT,TELMgmt-MQ1-CatB-All,"?23,00,000*",Info not available*,1*,"?20,00,000*",1060,,,
Telangana,"CAIMS, Karimnagar",ENT,TELMgmt-MQ1-CatB-All,"?24,00,000*",Info not available*,1*,"?20,00,000*",1000,,,
Telangana,"Mamata AcadofMedSci,Bachupally",ENT,TELMgmt-MQ1-CatB-All,"?23,00,000*",Info not available*,1*,"?20,00,000*",Info Not Available,,,
Telangana,"SVS Med Coll, Mehboobnagar",ENT,TELMgmt-MQ2-CatC-NRI,"?72,00,000*",Info not available*,1*,"?20,00,000*",760,,,
Telangana,"Mamata Med Coll, Khammam",ENT,TELMgmt-MQ2-CatC-NRI,"?69,00,000*",Info not available*,1*,"?20,00,000*",1080,,,
Telangana,"Kamineni IMS, Narketpally",ENT,TELMgmt-MQ2-CatC-NRI,"?69,00,000*",Info not available*,1*,"?20,00,000*",1060,,,
Telangana,"Dr Patnam MRInstofMS,Chevella",ENT,TELMgmt-MQ2-CatC-NRI,"?69,00,000*",Info not available*,1*,"?20,00,000*",Info Not Available,,,
Telangana,"Apollo IMSR, Hyderabad",ENT,TELMgmt-MQ2-CatC-NRI,"?69,00,000*",Info not available*,1*,"?20,00,000*",570,,,
Telangana,"DrVRK Womens MedColl,Aziznagar",ENT,TELMgmt-MQ2-CatC-NRI,"?69,00,000*",Info not available*,1*,"?20,00,000*",500,,,
Telangana,"RVM IMSRC, Siddipet",ENT,TELMgmt-MQ2-CatC-NRI,"?69,00,000*",Info not available*,1*,"?20,00,000*",1110,,,
Telangana,"Bhaskar Med Coll, Yenkapally",ENT,TELMgmt-MQ2-CatC-NRI,"?69,00,000*",Info not available*,1*,"?20,00,000*",850,,,
Telangana,"Mediciti IMS, Ghanpur",ENT,TELMgmt-MQ2-CatC-NRI,"?69,00,000*",Info not available*,1*,"?20,00,000*",720,,,
Telangana,"Shadan IMSRC, Peerancheru",ENT,TELMgmt-MQ2-CatC-NRI,"?72,00,000*",Info not available*,1*,"?20,00,000*",800,,,
Telangana,"DCMS, Hyderabad",ENT,TELMgmt-MQ2-CatC-NRI,"?72,00,000*",Info not available*,1*,"?20,00,000*",1400,,,
Telangana,"MNR Med Coll, Sangareddy",ENT,TELMgmt-MQ2-CatC-NRI,"?69,00,000*",Info not available*,1*,"?20,00,000*",760,,,
Telangana,"Prathima IMS, Karimnagar",ENT,TELMgmt-MQ2-CatC-NRI,"?69,00,000*",Info not available*,1*,"?20,00,000*",1060,,,
Telangana,"CAIMS, Karimnagar",ENT,TELMgmt-MQ2-CatC-NRI,"?72,00,000*",Info not available*,1*,"?20,00,000*",1000,,,
Telangana,"Mamata AcadofMedSci,Bachupally",ENT,TELMgmt-MQ2-CatC-NRI,"?69,00,000*",Info not available*,1*,"?20,00,000*",Info Not Available,,,
Telangana,"Maheshwara Med Coll, Medak",ENT,TELMgmt-MQ2-CatC-NRI,"?69,00,000*",Info not available*,1*,"?20,00,000*",745,,,
Telangana,"SVS Med Coll, Mehboobnagar",ENT,TELMgmt-MQ3-CatC-Inst,"?72,00,000*",Info not available*,1*,"?20,00,000*",760,,,
Telangana,"Mamata Med Coll, Khammam",ENT,TELMgmt-MQ3-CatC-Inst,"?69,00,000*",Info not available*,1*,"?20,00,000*",1080,,,
Telangana,"Kamineni IMS, Narketpally",ENT,TELMgmt-MQ3-CatC-Inst,"?69,00,000*",Info not available*,1*,"?20,00,000*",1060,,,
Telangana,"Dr Patnam MRInstofMS,Chevella",ENT,TELMgmt-MQ3-CatC-Inst,"?69,00,000*",Info not available*,1*,"?20,00,000*",Info Not Available,,,
Telangana,"Apollo IMSR, Hyderabad",ENT,TELMgmt-MQ3-CatC-Inst,"?69,00,000*",Info not available*,1*,"?20,00,000*",570,,,
Telangana,"DrVRK Womens MedColl,Aziznagar",ENT,TELMgmt-MQ3-CatC-Inst,"?69,00,000*",Info not available*,1*,"?20,00,000*",500,,,
Telangana,"RVM IMSRC, Siddipet",ENT,TELMgmt-MQ3-CatC-Inst,"?69,00,000*",Info not available*,1*,"?20,00,000*",1110,,,
Telangana,"Bhaskar Med Coll, Yenkapally",ENT,TELMgmt-MQ3-CatC-Inst,"?69,00,000*",Info not available*,1*,"?20,00,000*",850,,,
Telangana,"Mediciti IMS, Ghanpur",ENT,TELMgmt-MQ3-CatC-Inst,"?69,00,000*",Info not available*,1*,"?20,00,000*",720,,,
Telangana,"Shadan IMSRC, Peerancheru",ENT,TELMgmt-MQ3-CatC-Inst,"?72,00,000*",Info not available*,1*,"?20,00,000*",800,,,
Telangana,"DCMS, Hyderabad",ENT,TELMgmt-MQ3-CatC-Inst,"?72,00,000*",Info not available*,1*,"?20,00,000*",1400,,,
Telangana,"MNR Med Coll, Sangareddy",ENT,TELMgmt-MQ3-CatC-Inst,"?69,00,000*",Info not available*,1*,"?20,00,000*",760,,,
Telangana,"Prathima IMS, Karimnagar",ENT,TELMgmt-MQ3-CatC-Inst,"?69,00,000*",Info not available*,1*,"?20,00,000*",1060,,,
Telangana,"CAIMS, Karimnagar",ENT,TELMgmt-MQ3-CatC-Inst,"?72,00,000*",Info not available*,1*,"?20,00,000*",1000,,,
Telangana,"Mamata Med Coll, Khammam",GENERAL SURGERY,TELMgmt-MQ1-CatB-All,"?23,00,000*",Info not available*,1*,"?20,00,000*",1080,,,
Telangana,"SVS Med Coll, Mehboobnagar",GENERAL SURGERY,TELMgmt-MQ1-CatB-All,"?24,00,000*",Info not available*,1*,"?20,00,000*",760,,,
Telangana,"Mahavir Inst of MS, Vikarabad",GENERAL SURGERY,TELMgmt-MQ1-CatB-All,"?23,00,000*",Info not available*,1*,"?20,00,000*",700,,,
Telangana,"Kamineni IMS, Narketpally",GENERAL SURGERY,TELMgmt-MQ1-CatB-All,"?23,00,000*",Info not available*,1*,"?20,00,000*",1060,,,
Telangana,"RVM IMSRC, Siddipet",GENERAL SURGERY,TELMgmt-MQ1-CatB-All,"?23,00,000*",Info not available*,1*,"?20,00,000*",1110,,,
Telangana,"Apollo IMSR, Hyderabad",GENERAL SURGERY,TELMgmt-MQ1-CatB-All,"?23,00,000*",Info not available*,1*,"?20,00,000*",570,,,
Telangana,"Kamineni (KAMSRC), Hyderabad",GENERAL SURGERY,TELMgmt-MQ1-CatB-All,"?23,00,000*",Info not available*,1*,"?20,00,000*",650,,,
Telangana,"Bhaskar Med Coll, Yenkapally",GENERAL SURGERY,TELMgmt-MQ1-CatB-All,"?23,00,000*",Info not available*,1*,"?20,00,000*",850,,,
Telangana,"Shadan IMSRC, Peerancheru",GENERAL SURGERY,TELMgmt-MQ1-CatB-All,"?24,00,000*",Info not available*,1*,"?20,00,000*",800,,,
Telangana,"Mediciti IMS, Ghanpur",GENERAL SURGERY,TELMgmt-MQ1-CatB-All,"?23,00,000*",Info not available*,1*,"?20,00,000*",720,,,
Telangana,"MNR Med Coll, Sangareddy",GENERAL SURGERY,TELMgmt-MQ1-CatB-All,"?23,00,000*",Info not available*,1*,"?20,00,000*",760,,,
Telangana,"Prathima IMS, Karimnagar",GENERAL SURGERY,TELMgmt-MQ1-CatB-All,"?23,00,000*",Info not available*,1*,"?20,00,000*",1060,,,
Telangana,"CAIMS, Karimnagar",GENERAL SURGERY,TELMgmt-MQ1-CatB-All,"?24,00,000*",Info not available*,1*,"?20,00,000*",1000,,,
Telangana,"DCMS, Hyderabad",GENERAL SURGERY,TELMgmt-MQ1-CatB-All,"?24,00,000*",Info not available*,1*,"?20,00,000*",1400,,,
Telangana,"Dr Patnam MRInstofMS,Chevella",GENERAL SURGERY,TELMgmt-MQ1-CatB-All,"?23,00,000*",Info not available*,1*,"?20,00,000*",Info Not Available,,,
Telangana,"Surabhi InstituteofMS,Siddipet",GENERAL SURGERY,TELMgmt-MQ1-CatB-All,"?24,00,000*",Info not available*,1*,"?20,00,000*",Info Not Available,,,
Telangana,"Maheshwara Med Coll, Medak",GENERAL SURGERY,TELMgmt-MQ1-CatB-All,"?23,00,000*",Info not available*,1*,"?20,00,000*",745,,,
Telangana,"Mamata AcadofMedSci,Bachupally",GENERAL SURGERY,TELMgmt-MQ1-CatB-All,"?23,00,000*",Info not available*,1*,"?20,00,000*",Info Not Available,,,
Telangana,"Mamata Med Coll, Khammam",GENERAL SURGERY,TELMgmt-MQ2-CatC-NRI,"?69,00,000*",Info not available*,1*,"?20,00,000*",1080,,,
Telangana,"SVS Med Coll, Mehboobnagar",GENERAL SURGERY,TELMgmt-MQ2-CatC-NRI,"?72,00,000*",Info not available*,1*,"?20,00,000*",760,,,
Telangana,"Mahavir Inst of MS, Vikarabad",GENERAL SURGERY,TELMgmt-MQ2-CatC-NRI,"?69,00,000*",Info not available*,1*,"?20,00,000*",700,,,
Telangana,"Kamineni IMS, Narketpally",GENERAL SURGERY,TELMgmt-MQ2-CatC-NRI,"?69,00,000*",Info not available*,1*,"?20,00,000*",1060,,,
Telangana,"RVM IMSRC, Siddipet",GENERAL SURGERY,TELMgmt-MQ2-CatC-NRI,"?69,00,000*",Info not available*,1*,"?20,00,000*",1110,,,
Telangana,"Apollo IMSR, Hyderabad",GENERAL SURGERY,TELMgmt-MQ2-CatC-NRI,"?69,00,000*",Info not available*,1*,"?20,00,000*",570,,,
Telangana,"Kamineni (KAMSRC), Hyderabad",GENERAL SURGERY,TELMgmt-MQ2-CatC-NRI,"?69,00,000*",Info not available*,1*,"?20,00,000*",650,,,
Telangana,"Bhaskar Med Coll, Yenkapally",GENERAL SURGERY,TELMgmt-MQ2-CatC-NRI,"?69,00,000*",Info not available*,1*,"?20,00,000*",850,,,
Telangana,"Shadan IMSRC, Peerancheru",GENERAL SURGERY,TELMgmt-MQ2-CatC-NRI,"?72,00,000*",Info not available*,1*,"?20,00,000*",800,,,
Telangana,"Mediciti IMS, Ghanpur",GENERAL SURGERY,TELMgmt-MQ2-CatC-NRI,"?69,00,000*",Info not available*,1*,"?20,00,000*",720,,,
Telangana,"MNR Med Coll, Sangareddy",GENERAL SURGERY,TELMgmt-MQ2-CatC-NRI,"?69,00,000*",Info not available*,1*,"?20,00,000*",760,,,
Telangana,"Prathima IMS, Karimnagar",GENERAL SURGERY,TELMgmt-MQ2-CatC-NRI,"?69,00,000*",Info not available*,1*,"?20,00,000*",1060,,,
Telangana,"CAIMS, Karimnagar",GENERAL SURGERY,TELMgmt-MQ2-CatC-NRI,"?72,00,000*",Info not available*,1*,"?20,00,000*",1000,,,
Telangana,"DCMS, Hyderabad",GENERAL SURGERY,TELMgmt-MQ2-CatC-NRI,"?72,00,000*",Info not available*,1*,"?20,00,000*",1400,,,
Telangana,"Dr Patnam MRInstofMS,Chevella",GENERAL SURGERY,TELMgmt-MQ2-CatC-NRI,"?69,00,000*",Info not available*,1*,"?20,00,000*",Info Not Available,,,
Telangana,"Surabhi InstituteofMS,Siddipet",GENERAL SURGERY,TELMgmt-MQ2-CatC-NRI,"?72,00,000*",Info not available*,1*,"?20,00,000*",Info Not Available,,,
Telangana,"Mamata AcadofMedSci,Bachupally",GENERAL SURGERY,TELMgmt-MQ2-CatC-NRI,"?69,00,000*",Info not available*,1*,"?20,00,000*",Info Not Available,,,
Telangana,"Mamata AcadofMedSci,Bachupally",GENERAL SURGERY,TELMgmt-MQ3-CatC-Inst,"?69,00,000*",Info not available*,1*,"?20,00,000*",Info Not Available,,,
Telangana,"Mamata Med Coll, Khammam",GENERAL SURGERY,TELMgmt-MQ3-CatC-Inst,"?69,00,000*",Info not available*,1*,"?20,00,000*",1080,,,
Telangana,"SVS Med Coll, Mehboobnagar",GENERAL SURGERY,TELMgmt-MQ3-CatC-Inst,"?72,00,000*",Info not available*,1*,"?20,00,000*",760,,,
Telangana,"Mahavir Inst of MS, Vikarabad",GENERAL SURGERY,TELMgmt-MQ3-CatC-Inst,"?69,00,000*",Info not available*,1*,"?20,00,000*",700,,,
Telangana,"Kamineni IMS, Narketpally",GENERAL SURGERY,TELMgmt-MQ3-CatC-Inst,"?69,00,000*",Info not available*,1*,"?20,00,000*",1060,,,
Telangana,"RVM IMSRC, Siddipet",GENERAL SURGERY,TELMgmt-MQ3-CatC-Inst,"?69,00,000*",Info not available*,1*,"?20,00,000*",1110,,,
Telangana,"Apollo IMSR, Hyderabad",GENERAL SURGERY,TELMgmt-MQ3-CatC-Inst,"?69,00,000*",Info not available*,1*,"?20,00,000*",570,,,
Telangana,"Kamineni (KAMSRC), Hyderabad",GENERAL SURGERY,TELMgmt-MQ3-CatC-Inst,"?69,00,000*",Info not available*,1*,"?20,00,000*",650,,,
Telangana,"Bhaskar Med Coll, Yenkapally",GENERAL SURGERY,TELMgmt-MQ3-CatC-Inst,"?69,00,000*",Info not available*,1*,"?20,00,000*",850,,,
Telangana,"Shadan IMSRC, Peerancheru",GENERAL SURGERY,TELMgmt-MQ3-CatC-Inst,"?72,00,000*",Info not available*,1*,"?20,00,000*",800,,,
Telangana,"Mediciti IMS, Ghanpur",GENERAL SURGERY,TELMgmt-MQ3-CatC-Inst,"?69,00,000*",Info not available*,1*,"?20,00,000*",720,,,
Telangana,"MNR Med Coll, Sangareddy",GENERAL SURGERY,TELMgmt-MQ3-CatC-Inst,"?69,00,000*",Info not available*,1*,"?20,00,000*",760,,,
Telangana,"Prathima IMS, Karimnagar",GENERAL SURGERY,TELMgmt-MQ3-CatC-Inst,"?69,00,000*",Info not available*,1*,"?20,00,000*",1060,,,
Telangana,"CAIMS, Karimnagar",GENERAL SURGERY,TELMgmt-MQ3-CatC-Inst,"?72,00,000*",Info not available*,1*,"?20,00,000*",1000,,,
Telangana,"DCMS, Hyderabad",GENERAL SURGERY,TELMgmt-MQ3-CatC-Inst,"?72,00,000*",Info not available*,1*,"?20,00,000*",1400,,,
Telangana,"Dr Patnam MRInstofMS,Chevella",GENERAL SURGERY,TELMgmt-MQ3-CatC-Inst,"?69,00,000*",Info not available*,1*,"?20,00,000*",Info Not Available,,,
Telangana,"Surabhi InstituteofMS,Siddipet",GENERAL SURGERY,TELMgmt-MQ3-CatC-Inst,"?72,00,000*",Info not available*,1*,"?20,00,000*",Info Not Available,,,
Telangana,"Mamata Med Coll, Khammam",OBG,TELMgmt-MQ1-CatB-All,"?23,00,000*",Info not available*,1*,"?20,00,000*",1080,,,
Telangana,"Kamineni IMS, Narketpally",OBG,TELMgmt-MQ1-CatB-All,"?23,00,000*",Info not available*,1*,"?20,00,000*",1060,,,
Telangana,"Mahavir Inst of MS, Vikarabad",OBG,TELMgmt-MQ1-CatB-All,"?23,00,000*",Info not available*,1*,"?20,00,000*",700,,,
Telangana,"SVS Med Coll, Mehboobnagar",OBG,TELMgmt-MQ1-CatB-All,"?24,00,000*",Info not available*,1*,"?20,00,000*",760,,,
Telangana,"Dr Patnam MRInstofMS,Chevella",OBG,TELMgmt-MQ1-CatB-All,"?23,00,000*",Info not available*,1*,"?20,00,000*",Info Not Available,,,
Telangana,"Surabhi InstituteofMS,Siddipet",OBG,TELMgmt-MQ1-CatB-All,"?24,00,000*",Info not available*,1*,"?20,00,000*",Info Not Available,,,
Telangana,"Apollo IMSR, Hyderabad",OBG,TELMgmt-MQ1-CatB-All,"?23,00,000*",Info not available*,1*,"?20,00,000*",570,,,
Telangana,"DrVRK Womens MedColl,Aziznagar",OBG,TELMgmt-MQ1-CatB-All,"?23,00,000*",Info not available*,1*,"?20,00,000*",500,,,
Telangana,"RVM IMSRC, Siddipet",OBG,TELMgmt-MQ1-CatB-All,"?23,00,000*",Info not available*,1*,"?20,00,000*",1110,,,
Telangana,"Kamineni (KAMSRC), Hyderabad",OBG,TELMgmt-MQ1-CatB-All,"?23,00,000*",Info not available*,1*,"?20,00,000*",650,,,
Telangana,"Bhaskar Med Coll, Yenkapally",OBG,TELMgmt-MQ1-CatB-All,"?23,00,000*",Info not available*,1*,"?20,00,000*",850,,,
Telangana,"Shadan IMSRC, Peerancheru",OBG,TELMgmt-MQ1-CatB-All,"?24,00,000*",Info not available*,1*,"?20,00,000*",800,,,
Telangana,"Mediciti IMS, Ghanpur",OBG,TELMgmt-MQ1-CatB-All,"?23,00,000*",Info not available*,1*,"?20,00,000*",720,,,
Telangana,"MNR Med Coll, Sangareddy",OBG,TELMgmt-MQ1-CatB-All,"?23,00,000*",Info not available*,1*,"?20,00,000*",760,,,
Telangana,"Prathima IMS, Karimnagar",OBG,TELMgmt-MQ1-CatB-All,"?23,00,000*",Info not available*,1*,"?20,00,000*",1060,,,
Telangana,"CAIMS, Karimnagar",OBG,TELMgmt-MQ1-CatB-All,"?24,00,000*",Info not available*,1*,"?20,00,000*",1000,,,
Telangana,"DCMS, Hyderabad",OBG,TELMgmt-MQ1-CatB-All,"?24,00,000*",Info not available*,1*,"?20,00,000*",1400,,,
Telangana,"Maheshwara Med Coll, Medak",OBG,TELMgmt-MQ1-CatB-All,"?23,00,000*",Info not available*,1*,"?20,00,000*",745,,,
Telangana,"Mamata AcadofMedSci,Bachupally",OBG,TELMgmt-MQ1-CatB-All,"?23,00,000*",Info not available*,1*,"?20,00,000*",Info Not Available,,,
Telangana,"Mamata Med Coll, Khammam",OBG,TELMgmt-MQ2-CatC-NRI,"?69,00,000*",Info not available*,1*,"?20,00,000*",1080,,,
Telangana,"Kamineni IMS, Narketpally",OBG,TELMgmt-MQ2-CatC-NRI,"?69,00,000*",Info not available*,1*,"?20,00,000*",1060,,,
Telangana,"Mahavir Inst of MS, Vikarabad",OBG,TELMgmt-MQ2-CatC-NRI,"?69,00,000*",Info not available*,1*,"?20,00,000*",700,,,
Telangana,"SVS Med Coll, Mehboobnagar",OBG,TELMgmt-MQ2-CatC-NRI,"?72,00,000*",Info not available*,1*,"?20,00,000*",760,,,
Telangana,"Dr Patnam MRInstofMS,Chevella",OBG,TELMgmt-MQ2-CatC-NRI,"?69,00,000*",Info not available*,1*,"?20,00,000*",Info Not Available,,,
Telangana,"Surabhi InstituteofMS,Siddipet",OBG,TELMgmt-MQ2-CatC-NRI,"?72,00,000*",Info not available*,1*,"?20,00,000*",Info Not Available,,,
Telangana,"Apollo IMSR, Hyderabad",OBG,TELMgmt-MQ2-CatC-NRI,"?69,00,000*",Info not available*,1*,"?20,00,000*",570,,,
Telangana,"DrVRK Womens MedColl,Aziznagar",OBG,TELMgmt-MQ2-CatC-NRI,"?69,00,000*",Info not available*,1*,"?20,00,000*",500,,,
Telangana,"RVM IMSRC, Siddipet",OBG,TELMgmt-MQ2-CatC-NRI,"?69,00,000*",Info not available*,1*,"?20,00,000*",1110,,,
Telangana,"Kamineni (KAMSRC), Hyderabad",OBG,TELMgmt-MQ2-CatC-NRI,"?69,00,000*",Info not available*,1*,"?20,00,000*",650,,,
Telangana,"Bhaskar Med Coll, Yenkapally",OBG,TELMgmt-MQ2-CatC-NRI,"?69,00,000*",Info not available*,1*,"?20,00,000*",850,,,
Telangana,"Shadan IMSRC, Peerancheru",OBG,TELMgmt-MQ2-CatC-NRI,"?72,00,000*",Info not available*,1*,"?20,00,000*",800,,,
Telangana,"Mediciti IMS, Ghanpur",OBG,TELMgmt-MQ2-CatC-NRI,"?69,00,000*",Info not available*,1*,"?20,00,000*",720,,,
Telangana,"MNR Med Coll, Sangareddy",OBG,TELMgmt-MQ2-CatC-NRI,"?69,00,000*",Info not available*,1*,"?20,00,000*",760,,,
Telangana,"Prathima IMS, Karimnagar",OBG,TELMgmt-MQ2-CatC-NRI,"?69,00,000*",Info not available*,1*,"?20,00,000*",1060,,,
Telangana,"CAIMS, Karimnagar",OBG,TELMgmt-MQ2-CatC-NRI,"?72,00,000*",Info not available*,1*,"?20,00,000*",1000,,,
Telangana,"DCMS, Hyderabad",OBG,TELMgmt-MQ2-CatC-NRI,"?72,00,000*",Info not available*,1*,"?20,00,000*",1400,,,
Telangana,"Mamata AcadofMedSci,Bachupally",OBG,TELMgmt-MQ2-CatC-NRI,"?69,00,000*",Info not available*,1*,"?20,00,000*",Info Not Available,,,
Telangana,"Mamata AcadofMedSci,Bachupally",OBG,TELMgmt-MQ3-CatC-Inst,"?69,00,000*",Info not available*,1*,"?20,00,000*",Info Not Available,,,
Telangana,"Mamata Med Coll, Khammam",OBG,TELMgmt-MQ3-CatC-Inst,"?69,00,000*",Info not available*,1*,"?20,00,000*",1080,,,
Telangana,"Kamineni IMS, Narketpally",OBG,TELMgmt-MQ3-CatC-Inst,"?69,00,000*",Info not available*,1*,"?20,00,000*",1060,,,
Telangana,"Mahavir Inst of MS, Vikarabad",OBG,TELMgmt-MQ3-CatC-Inst,"?69,00,000*",Info not available*,1*,"?20,00,000*",700,,,
Telangana,"SVS Med Coll, Mehboobnagar",OBG,TELMgmt-MQ3-CatC-Inst,"?72,00,000*",Info not available*,1*,"?20,00,000*",760,,,
Telangana,"Dr Patnam MRInstofMS,Chevella",OBG,TELMgmt-MQ3-CatC-Inst,"?69,00,000*",Info not available*,1*,"?20,00,000*",Info Not Available,,,
Telangana,"Surabhi InstituteofMS,Siddipet",OBG,TELMgmt-MQ3-CatC-Inst,"?72,00,000*",Info not available*,1*,"?20,00,000*",Info Not Available,,,
Telangana,"Apollo IMSR, Hyderabad",OBG,TELMgmt-MQ3-CatC-Inst,"?69,00,000*",Info not available*,1*,"?20,00,000*",570,,,
Telangana,"DrVRK Womens MedColl,Aziznagar",OBG,TELMgmt-MQ3-CatC-Inst,"?69,00,000*",Info not available*,1*,"?20,00,000*",500,,,
Telangana,"RVM IMSRC, Siddipet",OBG,TELMgmt-MQ3-CatC-Inst,"?69,00,000*",Info not available*,1*,"?20,00,000*",1110,,,
Telangana,"Kamineni (KAMSRC), Hyderabad",OBG,TELMgmt-MQ3-CatC-Inst,"?69,00,000*",Info not available*,1*,"?20,00,000*",650,,,
Telangana,"Bhaskar Med Coll, Yenkapally",OBG,TELMgmt-MQ3-CatC-Inst,"?69,00,000*",Info not available*,1*,"?20,00,000*",850,,,
Telangana,"Shadan IMSRC, Peerancheru",OBG,TELMgmt-MQ3-CatC-Inst,"?72,00,000*",Info not available*,1*,"?20,00,000*",800,,,
Telangana,"Mediciti IMS, Ghanpur",OBG,TELMgmt-MQ3-CatC-Inst,"?69,00,000*",Info not available*,1*,"?20,00,000*",720,,,
Telangana,"MNR Med Coll, Sangareddy",OBG,TELMgmt-MQ3-CatC-Inst,"?69,00,000*",Info not available*,1*,"?20,00,000*",760,,,
Telangana,"Prathima IMS, Karimnagar",OBG,TELMgmt-MQ3-CatC-Inst,"?69,00,000*",Info not available*,1*,"?20,00,000*",1060,,,
Telangana,"CAIMS, Karimnagar",OBG,TELMgmt-MQ3-CatC-Inst,"?72,00,000*",Info not available*,1*,"?20,00,000*",1000,,,
Telangana,"DCMS, Hyderabad",OBG,TELMgmt-MQ3-CatC-Inst,"?72,00,000*",Info not available*,1*,"?20,00,000*",1400,,,
Telangana,"Kamineni IMS, Narketpally",OPHTHALMOLOGY,TELMgmt-MQ1-CatB-All,"?23,00,000*",Info not available*,1*,"?20,00,000*",1060,,,
Telangana,"Mamata Med Coll, Khammam",OPHTHALMOLOGY,TELMgmt-MQ1-CatB-All,"?23,00,000*",Info not available*,1*,"?20,00,000*",1080,,,
Telangana,"SVS Med Coll, Mehboobnagar",OPHTHALMOLOGY,TELMgmt-MQ1-CatB-All,"?24,00,000*",Info not available*,1*,"?20,00,000*",760,,,
Telangana,"Surabhi InstituteofMS,Siddipet",OPHTHALMOLOGY,TELMgmt-MQ1-CatB-All,"?24,00,000*",Info not available*,1*,"?20,00,000*",Info Not Available,,,
Telangana,"Apollo IMSR, Hyderabad",OPHTHALMOLOGY,TELMgmt-MQ1-CatB-All,"?23,00,000*",Info not available*,1*,"?20,00,000*",570,,,
Telangana,"RVM IMSRC, Siddipet",OPHTHALMOLOGY,TELMgmt-MQ1-CatB-All,"?23,00,000*",Info not available*,1*,"?20,00,000*",1110,,,
Telangana,"Mediciti IMS, Ghanpur",OPHTHALMOLOGY,TELMgmt-MQ1-CatB-All,"?23,00,000*",Info not available*,1*,"?20,00,000*",720,,,
Telangana,"MNR Med Coll, Sangareddy",OPHTHALMOLOGY,TELMgmt-MQ1-CatB-All,"?23,00,000*",Info not available*,1*,"?20,00,000*",760,,,
Telangana,"Bhaskar Med Coll, Yenkapally",OPHTHALMOLOGY,TELMgmt-MQ1-CatB-All,"?23,00,000*",Info not available*,1*,"?20,00,000*",850,,,
Telangana,"Shadan IMSRC, Peerancheru",OPHTHALMOLOGY,TELMgmt-MQ1-CatB-All,"?24,00,000*",Info not available*,1*,"?20,00,000*",800,,,
Telangana,"DCMS, Hyderabad",OPHTHALMOLOGY,TELMgmt-MQ1-CatB-All,"?24,00,000*",Info not available*,1*,"?20,00,000*",1400,,,
Telangana,"CAIMS, Karimnagar",OPHTHALMOLOGY,TELMgmt-MQ1-CatB-All,"?24,00,000*",Info not available*,1*,"?20,00,000*",1000,,,
Telangana,"Prathima IMS, Karimnagar",OPHTHALMOLOGY,TELMgmt-MQ1-CatB-All,"?23,00,000*",Info not available*,1*,"?20,00,000*",1060,,,
Telangana,"Dr Patnam MRInstofMS,Chevella",OPHTHALMOLOGY,TELMgmt-MQ1-CatB-All,"?23,00,000*",Info not available*,1*,"?20,00,000*",Info Not Available,,,
Telangana,"Maheshwara Med Coll, Medak",OPHTHALMOLOGY,TELMgmt-MQ1-CatB-All,"?23,00,000*",Info not available*,1*,"?20,00,000*",745,,,
Telangana,"Mamata AcadofMedSci,Bachupally",OPHTHALMOLOGY,TELMgmt-MQ1-CatB-All,"?23,00,000*",Info not available*,1*,"?20,00,000*",Info Not Available,,,
Telangana,"Kamineni IMS, Narketpally",OPHTHALMOLOGY,TELMgmt-MQ2-CatC-NRI,"?69,00,000*",Info not available*,1*,"?20,00,000*",1060,,,
Telangana,"Mamata Med Coll, Khammam",OPHTHALMOLOGY,TELMgmt-MQ2-CatC-NRI,"?69,00,000*",Info not available*,1*,"?20,00,000*",1080,,,
Telangana,"SVS Med Coll, Mehboobnagar",OPHTHALMOLOGY,TELMgmt-MQ2-CatC-NRI,"?72,00,000*",Info not available*,1*,"?20,00,000*",760,,,
Telangana,"Surabhi InstituteofMS,Siddipet",OPHTHALMOLOGY,TELMgmt-MQ2-CatC-NRI,"?72,00,000*",Info not available*,1*,"?20,00,000*",Info Not Available,,,
Telangana,"Apollo IMSR, Hyderabad",OPHTHALMOLOGY,TELMgmt-MQ2-CatC-NRI,"?69,00,000*",Info not available*,1*,"?20,00,000*",570,,,
Telangana,"RVM IMSRC, Siddipet",OPHTHALMOLOGY,TELMgmt-MQ2-CatC-NRI,"?69,00,000*",Info not available*,1*,"?20,00,000*",1110,,,
Telangana,"Mediciti IMS, Ghanpur",OPHTHALMOLOGY,TELMgmt-MQ2-CatC-NRI,"?69,00,000*",Info not available*,1*,"?20,00,000*",720,,,
Telangana,"MNR Med Coll, Sangareddy",OPHTHALMOLOGY,TELMgmt-MQ2-CatC-NRI,"?69,00,000*",Info not available*,1*,"?20,00,000*",760,,,
Telangana,"Bhaskar Med Coll, Yenkapally",OPHTHALMOLOGY,TELMgmt-MQ2-CatC-NRI,"?69,00,000*",Info not available*,1*,"?20,00,000*",850,,,
Telangana,"Shadan IMSRC, Peerancheru",OPHTHALMOLOGY,TELMgmt-MQ2-CatC-NRI,"?72,00,000*",Info not available*,1*,"?20,00,000*",800,,,
Telangana,"DCMS, Hyderabad",OPHTHALMOLOGY,TELMgmt-MQ2-CatC-NRI,"?72,00,000*",Info not available*,1*,"?20,00,000*",1400,,,
Telangana,"CAIMS, Karimnagar",OPHTHALMOLOGY,TELMgmt-MQ2-CatC-NRI,"?72,00,000*",Info not available*,1*,"?20,00,000*",1000,,,
Telangana,"Prathima IMS, Karimnagar",OPHTHALMOLOGY,TELMgmt-MQ2-CatC-NRI,"?69,00,000*",Info not available*,1*,"?20,00,000*",1060,,,
Telangana,"Dr Patnam MRInstofMS,Chevella",OPHTHALMOLOGY,TELMgmt-MQ2-CatC-NRI,"?69,00,000*",Info not available*,1*,"?20,00,000*",Info Not Available,,,
Telangana,"Mamata AcadofMedSci,Bachupally",OPHTHALMOLOGY,TELMgmt-MQ3-CatC-Inst,"?69,00,000*",Info not available*,1*,"?20,00,000*",Info Not Available,,,
Telangana,"Kamineni IMS, Narketpally",OPHTHALMOLOGY,TELMgmt-MQ3-CatC-Inst,"?69,00,000*",Info not available*,1*,"?20,00,000*",1060,,,
Telangana,"Mamata Med Coll, Khammam",OPHTHALMOLOGY,TELMgmt-MQ3-CatC-Inst,"?69,00,000*",Info not available*,1*,"?20,00,000*",1080,,,
Telangana,"SVS Med Coll, Mehboobnagar",OPHTHALMOLOGY,TELMgmt-MQ3-CatC-Inst,"?72,00,000*",Info not available*,1*,"?20,00,000*",760,,,
Telangana,"Surabhi InstituteofMS,Siddipet",OPHTHALMOLOGY,TELMgmt-MQ3-CatC-Inst,"?72,00,000*",Info not available*,1*,"?20,00,000*",Info Not Available,,,
Telangana,"Apollo IMSR, Hyderabad",OPHTHALMOLOGY,TELMgmt-MQ3-CatC-Inst,"?69,00,000*",Info not available*,1*,"?20,00,000*",570,,,
Telangana,"RVM IMSRC, Siddipet",OPHTHALMOLOGY,TELMgmt-MQ3-CatC-Inst,"?69,00,000*",Info not available*,1*,"?20,00,000*",1110,,,
Telangana,"Mediciti IMS, Ghanpur",OPHTHALMOLOGY,TELMgmt-MQ3-CatC-Inst,"?69,00,000*",Info not available*,1*,"?20,00,000*",720,,,
Telangana,"MNR Med Coll, Sangareddy",OPHTHALMOLOGY,TELMgmt-MQ3-CatC-Inst,"?69,00,000*",Info not available*,1*,"?20,00,000*",760,,,
Telangana,"Bhaskar Med Coll, Yenkapally",OPHTHALMOLOGY,TELMgmt-MQ3-CatC-Inst,"?69,00,000*",Info not available*,1*,"?20,00,000*",850,,,
Telangana,"Shadan IMSRC, Peerancheru",OPHTHALMOLOGY,TELMgmt-MQ3-CatC-Inst,"?72,00,000*",Info not available*,1*,"?20,00,000*",800,,,
Telangana,"DCMS, Hyderabad",OPHTHALMOLOGY,TELMgmt-MQ3-CatC-Inst,"?72,00,000*",Info not available*,1*,"?20,00,000*",1400,,,
Telangana,"CAIMS, Karimnagar",OPHTHALMOLOGY,TELMgmt-MQ3-CatC-Inst,"?72,00,000*",Info not available*,1*,"?20,00,000*",1000,,,
Telangana,"Prathima IMS, Karimnagar",OPHTHALMOLOGY,TELMgmt-MQ3-CatC-Inst,"?69,00,000*",Info not available*,1*,"?20,00,000*",1060,,,
Telangana,"Dr Patnam MRInstofMS,Chevella",OPHTHALMOLOGY,TELMgmt-MQ3-CatC-Inst,"?69,00,000*",Info not available*,1*,"?20,00,000*",Info Not Available,,,
Telangana,"Mahavir Inst of MS, Vikarabad",ORTHOPAEDICS,TELMgmt-MQ1-CatB-All,"?23,00,000*",Info not available*,1*,"?20,00,000*",700,,,
Telangana,"Mamata Med Coll, Khammam",ORTHOPAEDICS,TELMgmt-MQ1-CatB-All,"?23,00,000*",Info not available*,1*,"?20,00,000*",1080,,,
Telangana,"Kamineni IMS, Narketpally",ORTHOPAEDICS,TELMgmt-MQ1-CatB-All,"?23,00,000*",Info not available*,1*,"?20,00,000*",1060,,,
Telangana,"DrVRK Womens MedColl,Aziznagar",ORTHOPAEDICS,TELMgmt-MQ1-CatB-All,"?23,00,000*",Info not available*,1*,"?20,00,000*",500,,,
Telangana,"Dr Patnam MRInstofMS,Chevella",ORTHOPAEDICS,TELMgmt-MQ1-CatB-All,"?23,00,000*",Info not available*,1*,"?20,00,000*",Info Not Available,,,
Telangana,"RVM IMSRC, Siddipet",ORTHOPAEDICS,TELMgmt-MQ1-CatB-All,"?23,00,000*",Info not available*,1*,"?20,00,000*",1110,,,
Telangana,"Apollo IMSR, Hyderabad",ORTHOPAEDICS,TELMgmt-MQ1-CatB-All,"?23,00,000*",Info not available*,1*,"?20,00,000*",570,,,
Telangana,"Kamineni (KAMSRC), Hyderabad",ORTHOPAEDICS,TELMgmt-MQ1-CatB-All,"?23,00,000*",Info not available*,1*,"?20,00,000*",650,,,
Telangana,"Bhaskar Med Coll, Yenkapally",ORTHOPAEDICS,TELMgmt-MQ1-CatB-All,"?23,00,000*",Info not available*,1*,"?20,00,000*",850,,,
Telangana,"SVS Med Coll, Mehboobnagar",ORTHOPAEDICS,TELMgmt-MQ1-CatB-All,"?24,00,000*",Info not available*,1*,"?20,00,000*",760,,,
Telangana,"Shadan IMSRC, Peerancheru",ORTHOPAEDICS,TELMgmt-MQ1-CatB-All,"?24,00,000*",Info not available*,1*,"?20,00,000*",800,,,
Telangana,"Mediciti IMS, Ghanpur",ORTHOPAEDICS,TELMgmt-MQ1-CatB-All,"?23,00,000*",Info not available*,1*,"?20,00,000*",720,,,
Telangana,"MNR Med Coll, Sangareddy",ORTHOPAEDICS,TELMgmt-MQ1-CatB-All,"?23,00,000*",Info not available*,1*,"?20,00,000*",760,,,
Telangana,"CAIMS, Karimnagar",ORTHOPAEDICS,TELMgmt-MQ1-CatB-All,"?24,00,000*",Info not available*,1*,"?20,00,000*",1000,,,
Telangana,"Prathima IMS, Karimnagar",ORTHOPAEDICS,TELMgmt-MQ1-CatB-All,"?23,00,000*",Info not available*,1*,"?20,00,000*",1060,,,
Telangana,"DCMS, Hyderabad",ORTHOPAEDICS,TELMgmt-MQ1-CatB-All,"?24,00,000*",Info not available*,1*,"?20,00,000*",1400,,,
Telangana,"Surabhi InstituteofMS,Siddipet",ORTHOPAEDICS,TELMgmt-MQ1-CatB-All,"?24,00,000*",Info not available*,1*,"?20,00,000*",Info Not Available,,,
Telangana,"Maheshwara Med Coll, Medak",ORTHOPAEDICS,TELMgmt-MQ1-CatB-All,"?23,00,000*",Info not available*,1*,"?20,00,000*",745,,,
Telangana,"Mamata AcadofMedSci,Bachupally",ORTHOPAEDICS,TELMgmt-MQ1-CatB-All,"?23,00,000*",Info not available*,1*,"?20,00,000*",Info Not Available,,,
Telangana,"Mahavir Inst of MS, Vikarabad",ORTHOPAEDICS,TELMgmt-MQ2-CatC-NRI,"?69,00,000*",Info not available*,1*,"?20,00,000*",700,,,
Telangana,"Mamata Med Coll, Khammam",ORTHOPAEDICS,TELMgmt-MQ2-CatC-NRI,"?69,00,000*",Info not available*,1*,"?20,00,000*",1080,,,
Telangana,"Kamineni IMS, Narketpally",ORTHOPAEDICS,TELMgmt-MQ2-CatC-NRI,"?69,00,000*",Info not available*,1*,"?20,00,000*",1060,,,
Telangana,"DrVRK Womens MedColl,Aziznagar",ORTHOPAEDICS,TELMgmt-MQ2-CatC-NRI,"?69,00,000*",Info not available*,1*,"?20,00,000*",500,,,
Telangana,"Dr Patnam MRInstofMS,Chevella",ORTHOPAEDICS,TELMgmt-MQ2-CatC-NRI,"?69,00,000*",Info not available*,1*,"?20,00,000*",Info Not Available,,,
Telangana,"RVM IMSRC, Siddipet",ORTHOPAEDICS,TELMgmt-MQ2-CatC-NRI,"?69,00,000*",Info not available*,1*,"?20,00,000*",1110,,,
Telangana,"Apollo IMSR, Hyderabad",ORTHOPAEDICS,TELMgmt-MQ2-CatC-NRI,"?69,00,000*",Info not available*,1*,"?20,00,000*",570,,,
Telangana,"Kamineni (KAMSRC), Hyderabad",ORTHOPAEDICS,TELMgmt-MQ2-CatC-NRI,"?69,00,000*",Info not available*,1*,"?20,00,000*",650,,,
Telangana,"Bhaskar Med Coll, Yenkapally",ORTHOPAEDICS,TELMgmt-MQ2-CatC-NRI,"?69,00,000*",Info not available*,1*,"?20,00,000*",850,,,
Telangana,"SVS Med Coll, Mehboobnagar",ORTHOPAEDICS,TELMgmt-MQ2-CatC-NRI,"?72,00,000*",Info not available*,1*,"?20,00,000*",760,,,
Telangana,"Shadan IMSRC, Peerancheru",ORTHOPAEDICS,TELMgmt-MQ2-CatC-NRI,"?72,00,000*",Info not available*,1*,"?20,00,000*",800,,,
Telangana,"Mediciti IMS, Ghanpur",ORTHOPAEDICS,TELMgmt-MQ2-CatC-NRI,"?69,00,000*",Info not available*,1*,"?20,00,000*",720,,,
Telangana,"MNR Med Coll, Sangareddy",ORTHOPAEDICS,TELMgmt-MQ2-CatC-NRI,"?69,00,000*",Info not available*,1*,"?20,00,000*",760,,,
Telangana,"CAIMS, Karimnagar",ORTHOPAEDICS,TELMgmt-MQ2-CatC-NRI,"?72,00,000*",Info not available*,1*,"?20,00,000*",1000,,,
Telangana,"Prathima IMS, Karimnagar",ORTHOPAEDICS,TELMgmt-MQ2-CatC-NRI,"?69,00,000*",Info not available*,1*,"?20,00,000*",1060,,,
Telangana,"DCMS, Hyderabad",ORTHOPAEDICS,TELMgmt-MQ2-CatC-NRI,"?72,00,000*",Info not available*,1*,"?20,00,000*",1400,,,
Telangana,"Surabhi InstituteofMS,Siddipet",ORTHOPAEDICS,TELMgmt-MQ2-CatC-NRI,"?72,00,000*",Info not available*,1*,"?20,00,000*",Info Not Available,,,
Telangana,"Mamata AcadofMedSci,Bachupally",ORTHOPAEDICS,TELMgmt-MQ2-CatC-NRI,"?69,00,000*",Info not available*,1*,"?20,00,000*",Info Not Available,,,
Telangana,"Mamata AcadofMedSci,Bachupally",ORTHOPAEDICS,TELMgmt-MQ3-CatC-Inst,"?69,00,000*",Info not available*,1*,"?20,00,000*",Info Not Available,,,
Telangana,"Mahavir Inst of MS, Vikarabad",ORTHOPAEDICS,TELMgmt-MQ3-CatC-Inst,"?69,00,000*",Info not available*,1*,"?20,00,000*",700,,,
Telangana,"Mamata Med Coll, Khammam",ORTHOPAEDICS,TELMgmt-MQ3-CatC-Inst,"?69,00,000*",Info not available*,1*,"?20,00,000*",1080,,,
Telangana,"Kamineni IMS, Narketpally",ORTHOPAEDICS,TELMgmt-MQ3-CatC-Inst,"?69,00,000*",Info not available*,1*,"?20,00,000*",1060,,,
Telangana,"DrVRK Womens MedColl,Aziznagar",ORTHOPAEDICS,TELMgmt-MQ3-CatC-Inst,"?69,00,000*",Info not available*,1*,"?20,00,000*",500,,,
Telangana,"Dr Patnam MRInstofMS,Chevella",ORTHOPAEDICS,TELMgmt-MQ3-CatC-Inst,"?69,00,000*",Info not available*,1*,"?20,00,000*",Info Not Available,,,
Telangana,"RVM IMSRC, Siddipet",ORTHOPAEDICS,TELMgmt-MQ3-CatC-Inst,"?69,00,000*",Info not available*,1*,"?20,00,000*",1110,,,
Telangana,"Apollo IMSR, Hyderabad",ORTHOPAEDICS,TELMgmt-MQ3-CatC-Inst,"?69,00,000*",Info not available*,1*,"?20,00,000*",570,,,
Telangana,"Kamineni (KAMSRC), Hyderabad",ORTHOPAEDICS,TELMgmt-MQ3-CatC-Inst,"?69,00,000*",Info not available*,1*,"?20,00,000*",650,,,
Telangana,"Bhaskar Med Coll, Yenkapally",ORTHOPAEDICS,TELMgmt-MQ3-CatC-Inst,"?69,00,000*",Info not available*,1*,"?20,00,000*",850,,,
Telangana,"SVS Med Coll, Mehboobnagar",ORTHOPAEDICS,TELMgmt-MQ3-CatC-Inst,"?72,00,000*",Info not available*,1*,"?20,00,000*",760,,,
Telangana,"Shadan IMSRC, Peerancheru",ORTHOPAEDICS,TELMgmt-MQ3-CatC-Inst,"?72,00,000*",Info not available*,1*,"?20,00,000*",800,,,
Telangana,"Mediciti IMS, Ghanpur",ORTHOPAEDICS,TELMgmt-MQ3-CatC-Inst,"?69,00,000*",Info not available*,1*,"?20,00,000*",720,,,
Telangana,"MNR Med Coll, Sangareddy",ORTHOPAEDICS,TELMgmt-MQ3-CatC-Inst,"?69,00,000*",Info not available*,1*,"?20,00,000*",760,,,
Telangana,"CAIMS, Karimnagar",ORTHOPAEDICS,TELMgmt-MQ3-CatC-Inst,"?72,00,000*",Info not available*,1*,"?20,00,000*",1000,,,
Telangana,"Prathima IMS, Karimnagar",ORTHOPAEDICS,TELMgmt-MQ3-CatC-Inst,"?69,00,000*",Info not available*,1*,"?20,00,000*",1060,,,
Telangana,"DCMS, Hyderabad",ORTHOPAEDICS,TELMgmt-MQ3-CatC-Inst,"?72,00,000*",Info not available*,1*,"?20,00,000*",1400,,,
Telangana,"Surabhi InstituteofMS,Siddipet",ORTHOPAEDICS,TELMgmt-MQ3-CatC-Inst,"?72,00,000*",Info not available*,1*,"?20,00,000*",Info Not Available,,,
