,State,Institute,Course,Quota,Fee,Stipend Year 1,Bond Years,Bond Penalty,Beds,,,
,Uttar Pradesh,"GSVM Med Coll, Kanpur",DA,UP-Govt Quota,"?40,000","?1,00,980*",2*,"?20,00,000*",2083,,,
,Uttar Pradesh,"BRD Med Coll, Gorakhpur",DA,UP-Govt Quota,"?40,000","?1,00,980*",2*,"?20,00,000*",1050,,,
,Uttar Pradesh,"MLB Med Coll, Jhansi",DA,UP-Govt Quota,"?40,000","?1,00,980*",2*,"?20,00,000*",700,,,
,Uttar Pradesh,"LLRM Med Coll, Meerut",DCH,UP-Govt Quota,"?40,000","?1,00,980*",2*,"?20,00,000*",1090,,,
,Uttar Pradesh,"BRD Med Coll, Gorakhpur",DCH,UP-Govt Quota,"?40,000","?1,00,980*",2*,"?20,00,000*",1050,,,
,Uttar Pradesh,"MLB Med Coll, Jhansi",DCH,UP-Govt Quota,"?40,000","?1,00,980*",2*,"?20,00,000*",700,,,
,Uttar Pradesh,"S N Med Coll, Agra",DCH,UP-Govt Quota,"?40,000","?1,00,980*",2*,"?20,00,000*",976,,,
,Uttar Pradesh,"GSVM Med Coll, Kanpur",DCH,UP-Govt Quota,"?40,000","?1,00,980*",2*,"?20,00,000*",2083,,,
,Uttar Pradesh,"LLRM Med Coll, Meerut",DDVL,UP-Govt Quota,"?40,000","?1,00,980*",2*,"?20,00,000*",1090,,,
,Uttar Pradesh,"S N Med Coll, Agra",DDVL,UP-Govt Quota,"?40,000","?1,00,980*",2*,"?20,00,000*",976,,,
,Uttar Pradesh,"BRD Med Coll, Gorakhpur",DGO,UP-Govt Quota,"?40,000","?1,00,980*",2*,"?20,00,000*",1050,,,
,Uttar Pradesh,"LLRM Med Coll, Meerut",DO,UP-Govt Quota,"?40,000","?1,00,980*",2*,"?20,00,000*",1090,,,
,Uttar Pradesh,"LLRM Med Coll, Meerut",DORTHO,UP-Govt Quota,"?40,000","?1,00,980*",2*,"?20,00,000*",1090,,,
,Uttar Pradesh,"BRD Med Coll, Gorakhpur",DORTHO,UP-Govt Quota,"?40,000","?1,00,980*",2*,"?20,00,000*",1050,,,
,Uttar Pradesh,"S N Med Coll, Agra",DORTHO,UP-Govt Quota,"?40,000","?1,00,980*",2*,"?20,00,000*",976,,,
,Uttar Pradesh,"S N Med Coll, Agra",DLO,UP-Govt Quota,"?40,000","?1,00,980*",2*,"?20,00,000*",976,,,
,Uttar Pradesh,"MLB Med Coll, Jhansi",DMRD,UP-Govt Quota,"?40,000","?1,00,980*",2*,"?20,00,000*",700,,,
,Uttar Pradesh,"LLRM Med Coll, Meerut",DMRD,UP-Govt Quota,"?40,000","?1,00,980*",2*,"?20,00,000*",1090,,,
,Uttar Pradesh,"S N Med Coll, Agra",DTBCD,UP-Govt Quota,"?40,000","?1,00,980*",2*,"?20,00,000*",976,,,
,Uttar Pradesh,"KGMU, Lucknow",ANAESTHESIOLOGY,UP-Govt Quota,"?54,700*","?1,09,955",2*,"?40,00,000*",4500,,,
,Uttar Pradesh,"S N Med Coll, Agra",ANAESTHESIOLOGY,UP-Govt Quota,"?40,000","?1,00,980*",2*,"?40,00,000*",976,,,
,Uttar Pradesh,"GSVM Med Coll, Kanpur",ANAESTHESIOLOGY,UP-Govt Quota,"?40,000","?1,00,980*",2*,"?40,00,000*",2083,,,
,Uttar Pradesh,"MLN Med Coll, Allahabad",ANAESTHESIOLOGY,UP-Govt Quota,"?40,000","?1,00,980*",2*,"?40,00,000*",Info Not Available,,,
,Uttar Pradesh,"SGPGI, Lucknow",ANAESTHESIOLOGY,UP-Govt Quota,"?61,600*","?1,11,780",2*,"?40,00,000*",1609,,,
,Uttar Pradesh,"MLB Med Coll, Jhansi",ANAESTHESIOLOGY,UP-Govt Quota,"?40,000","?1,00,980*",2*,"?40,00,000*",700,,,
,Uttar Pradesh,"BRD Med Coll, Gorakhpur",ANAESTHESIOLOGY,UP-Govt Quota,"?40,000","?1,00,980*",2*,"?40,00,000*",1050,,,
,Uttar Pradesh,"Shaik-ul-Hind, Saharanpur",ANAESTHESIOLOGY,UP-Govt Quota,"?40,000","?1,00,980*",2*,"?40,00,000*",500,,,
,Uttar Pradesh,"LLRM Med Coll, Meerut",ANAESTHESIOLOGY,UP-Govt Quota,"?40,000","?1,00,980*",2*,"?40,00,000*",1090,,,
,Uttar Pradesh,"Dr RML IMS, Lucknow",ANAESTHESIOLOGY,UP-Govt Quota,"?37,500*","?1,08,672",2*,"?40,00,000*",Info Not Available,,,
,Uttar Pradesh,"UP Univ of Med Sci, Etawah",ANAESTHESIOLOGY,UP-Govt Quota,"?40,000","?1,00,980*",2*,"?40,00,000*",1268,,,
,Uttar Pradesh,"Govt IMS, Kasna",ANAESTHESIOLOGY,UP-Govt Quota,"?40,000","?1,00,980*",2*,"?40,00,000*",500,,,
,Uttar Pradesh,"Govt Med Coll, Azamgarh",ANAESTHESIOLOGY,UP-Govt Quota,"?40,000","?1,00,980*",2*,"?40,00,000*",550,,,
,Uttar Pradesh,"Govt Allopathic Med Coll,Banda",ANAESTHESIOLOGY,UP-Govt Quota,"?40,000","?1,00,980*",2*,"?40,00,000*",430,,,
,Uttar Pradesh,"Rajkiya Med Coll, Jalaun",ANAESTHESIOLOGY,UP-Govt Quota,"?40,000","?1,00,980*",2*,"?40,00,000*",Info Not Available,,,
,Uttar Pradesh,"Govt Med Coll, Kannauj",ANAESTHESIOLOGY,UP-Govt Quota,"?40,000","?1,00,980*",2*,"?40,00,000*",470,,,
,Uttar Pradesh,"Varun Arjun, Shahjahanpur",ANAESTHESIOLOGY,UP Priv-Open Quota,"?23,38,116*","?24,000*",1,"?2,50,000",770,,,
,Uttar Pradesh,"Rama Med Coll, Kanpur",ANAESTHESIOLOGY,UP Priv-Open Quota,"?25,62,430*","?30,000",0,?0,730,,,
,Uttar Pradesh,"KD Med Coll, Mathura",ANAESTHESIOLOGY,UP Priv-Open Quota,"?21,63,946*","?32,000",0,?0,720,,,
,Uttar Pradesh,Muzaffarnagar Medical College,ANAESTHESIOLOGY,UP Priv-Open Quota,"?23,23,197*","?56,100*",1*,?0*,857,,,
,Uttar Pradesh,"Hind IMS, Barabanki",ANAESTHESIOLOGY,UP Priv-Open Quota,"?25,24,901*","?35,000",1*,?0*,580,,,
,Uttar Pradesh,"Prasad Inst of Med Sci,Lucknow",ANAESTHESIOLOGY,UP Priv-Open Quota,"?21,63,946*","?18,000",0,?0,410,,,
,Uttar Pradesh,"TS Misra Med Coll, Lucknow",ANAESTHESIOLOGY,UP Priv-Open Quota,"?21,63,946*","?30,000",0,?0,735,,,
,Uttar Pradesh,"Venkateshwara IMS, Gajraula",ANAESTHESIOLOGY,UP Priv-Open Quota,"?21,63,946*","?36,000",0,?0,750,,,
,Uttar Pradesh,"GS Med Coll Hosp,Hapur",ANAESTHESIOLOGY,UP Priv-Open Quota,"?21,63,946*","?32,000",0,?0,Info Not Available,,,
,Uttar Pradesh,"Krishna Mohan Med Coll,Mathura",ANAESTHESIOLOGY,UP Priv-Open Quota,"?21,63,946*","?15,000*",0,?0,700,,,
,Uttar Pradesh,"Rama Med Coll, Hapur",ANAESTHESIOLOGY,UP Priv-Open Quota,"?24,75,612*","?30,000*",Info Not Available,Info not available,1259,,,
,Uttar Pradesh,"Rajshree MRI, Bareilly",ANAESTHESIOLOGY,UP Priv-Open Quota,"?24,89,880*","?32,000",1*,?0*,740,,,
,Uttar Pradesh,"Saraswati IMS, Hapur",ANAESTHESIOLOGY,UP Priv-Open Quota,"?20,22,143*","?32,000*",0,?0,851,,,
,Uttar Pradesh,"SMSR, Greater Noida",ANAESTHESIOLOGY,UP Priv-Open Quota,"?25,40,649*","?32,000",0,?0,1200,,,
,Uttar Pradesh,"SRMS IMS, Bareilly",ANAESTHESIOLOGY,UP Priv-Open Quota,"?22,00,000*","?32,000*",1*,?0*,950,,,
,Uttar Pradesh,"Subharti Med Coll, Meerut",ANAESTHESIOLOGY,UP Priv-Open Quota,"?14,43,744*","?30,000*",2*,?0*,938,,,
,Uttar Pradesh,"Era Lucknow Med Coll, Lucknow",ANAESTHESIOLOGY,UP Priv-Open Quota,"?21,50,000*","?62,000",0,?0,850,,,
,Uttar Pradesh,"FH Med Coll, Agra",ANAESTHESIOLOGY,UP Priv-Open Quota,"?22,50,000*","?45,000",0,?0,932,,,
,Uttar Pradesh,"Career Instt of MS, Lucknow",ANAESTHESIOLOGY,UP Priv-Open Quota,"?16,00,000*","?40,000",0,?0,600,,,
,Uttar Pradesh,"Teerthanker Med Coll,Moradabad",ANAESTHESIOLOGY,UP Priv-Open Quota,"?19,80,000*","?69,600",0,?0,1000,,,
,Uttar Pradesh,"National Captl Reg IMS, Meerut",ANAESTHESIOLOGY,UP Priv-Open Quota,"?22,35,387*","?56,100",0,?0,680,,,
,Uttar Pradesh,Noida International Inst of MS,ANAESTHESIOLOGY,UP Priv-Open Quota,"?22,35,387*","?30,000",0,?0,Info Not Available,,,
,Uttar Pradesh,"Mayo IMS, Barabanki",ANAESTHESIOLOGY,UP Priv-Open Quota,"?20,30,961*","?14,000*",1*,?0*,736,,,
,Uttar Pradesh,"Rohilkhand Med Coll, Bareilly",ANAESTHESIOLOGY,UP Priv-Open Quota,"?23,09,009*","?24,000*",1,"?2,50,000",720,,,
,Uttar Pradesh,"Heritage IMS, Varanasi",ANAESTHESIOLOGY,UP Priv-Open Quota,"?21,12,517*","?21,000",0,?0,735,,,
,Uttar Pradesh,"Hind IMS, Sitapur",ANAESTHESIOLOGY,UP Priv-Open Quota,"?20,40,950*","?30,000",1*,?0*,700,,,
,Uttar Pradesh,"IIMSR, Lucknow",ANAESTHESIOLOGY,UP Priv-Open Quota,"?19,00,000*","?40,800",0,?0,540,,,
,Uttar Pradesh,"Era Lucknow Med Coll, Lucknow",ANAESTHESIOLOGY,UP Priv-Min. Quota,"?21,50,000*","?62,000",0,?0,850,,,
,Uttar Pradesh,"FH Med Coll, Agra",ANAESTHESIOLOGY,UP Priv-Min. Quota,"?22,50,000*","?45,000",0,?0,932,,,
,Uttar Pradesh,"Career Instt of MS, Lucknow",ANAESTHESIOLOGY,UP Priv-Min. Quota,"?16,00,000*","?40,000",0,?0,600,,,
,Uttar Pradesh,"Teerthanker Med Coll,Moradabad",ANAESTHESIOLOGY,UP Priv-Min. Quota,"?19,80,000*","?69,600",0,?0,1000,,,
,Uttar Pradesh,"Subharti Med Coll, Meerut",ANAESTHESIOLOGY,UP Priv-Min. Quota,"?14,43,744*","?30,000*",2*,?0*,938,,,
,Uttar Pradesh,"IIMSR, Lucknow",ANAESTHESIOLOGY,UP Priv-Min. Quota,"?19,00,000*","?40,800",0,?0,540,,,
,Uttar Pradesh,"GSVM Med Coll, Kanpur",ANATOMY,UP-Govt Quota,"?40,000","?1,00,980*",2*,"?40,00,000*",2083,,,
,Uttar Pradesh,"S N Med Coll, Agra",ANATOMY,UP-Govt Quota,"?40,000","?1,00,980*",2*,"?40,00,000*",976,,,
,Uttar Pradesh,"MLN Med Coll, Allahabad",ANATOMY,UP-Govt Quota,"?40,000","?1,00,980*",2*,"?40,00,000*",Info Not Available,,,
,Uttar Pradesh,"LLRM Med Coll, Meerut",ANATOMY,UP-Govt Quota,"?40,000","?1,00,980*",2*,"?40,00,000*",1090,,,
,Uttar Pradesh,"Govt Allopathic Med Coll,Banda",ANATOMY,UP-Govt Quota,"?40,000","?1,00,980*",2*,"?40,00,000*",430,,,
,Uttar Pradesh,"BRD Med Coll, Gorakhpur",ANATOMY,UP-Govt Quota,"?40,000","?1,00,980*",2*,"?40,00,000*",1050,,,
,Uttar Pradesh,"Govt Med Coll, Azamgarh",ANATOMY,UP-Govt Quota,"?40,000","?1,00,980*",2*,"?40,00,000*",550,,,
,Uttar Pradesh,"KGMU, Lucknow",ANATOMY,UP-Govt Quota,"?54,700*","?1,09,955",2*,"?40,00,000*",4500,,,
,Uttar Pradesh,"Shaik-ul-Hind, Saharanpur",ANATOMY,UP-Govt Quota,"?40,000","?1,00,980*",2*,"?40,00,000*",500,,,
,Uttar Pradesh,"Rajkiya Med Coll, Jalaun",ANATOMY,UP-Govt Quota,"?40,000","?1,00,980*",2*,"?40,00,000*",Info Not Available,,,
,Uttar Pradesh,"Dr RML IMS, Lucknow",ANATOMY,UP-Govt Quota,"?37,500*","?1,08,672",2*,"?40,00,000*",Info Not Available,,,
,Uttar Pradesh,"UP Univ of Med Sci, Etawah",ANATOMY,UP-Govt Quota,"?40,000","?1,00,980*",2*,"?40,00,000*",1268,,,
,Uttar Pradesh,"Auton. State Med Coll, Ayodhya",ANATOMY,UP-Govt Quota,"?40,000","?1,00,980*",2*,"?40,00,000*",Info Not Available,,,
,Uttar Pradesh,"Auton. State Med Coll, Jaunpur",ANATOMY,UP-Govt Quota,"?40,000","?1,00,980*",2*,"?40,00,000*",394,,,
,Uttar Pradesh,"Govt IMS, Kasna",ANATOMY,UP-Govt Quota,"?40,000","?1,00,980*",2*,"?40,00,000*",500,,,
,Uttar Pradesh,"Auton. State Med Coll, Deoria",ANATOMY,UP-Govt Quota,"?40,000","?1,00,980*",2*,"?40,00,000*",340,,,
,Uttar Pradesh,"Govt Med Coll, Bahraich",ANATOMY,UP-Govt Quota,"?40,000","?1,00,980*",2*,"?40,00,000*",Info Not Available,,,
,Uttar Pradesh,"Govt Med Coll, Firozobad",ANATOMY,UP-Govt Quota,"?40,000","?1,00,980*",2*,"?40,00,000*",517,,,
,Uttar Pradesh,"Govt Med Coll, Shahjhanpur",ANATOMY,UP-Govt Quota,"?40,000","?1,00,980*",2*,"?40,00,000*",460,,,
,Uttar Pradesh,"Govt Med Coll, Kannauj",ANATOMY,UP-Govt Quota,"?40,000","?1,00,980*",2*,"?40,00,000*",470,,,
,Uttar Pradesh,"Rama Med Coll, Kanpur",ANATOMY,UP Priv-Open Quota,"?40,000*","?30,000",0,?0,730,,,
,Uttar Pradesh,"SMSR, Greater Noida",ANATOMY,UP Priv-Open Quota,"?9,77,116*","?32,000",0,?0,1200,,,
,Uttar Pradesh,"Saraswati IMS, Hapur",ANATOMY,UP Priv-Open Quota,"?10,000*","?25,000*",0,?0,851,,,
,Uttar Pradesh,"Hind IMS, Barabanki",ANATOMY,UP Priv-Open Quota,?0*,"?35,000",1*,?0*,580,,,
,Uttar Pradesh,"SRMS IMS, Bareilly",ANATOMY,UP Priv-Open Quota,"?36,000*","?32,000*",1*,?0*,950,,,
,Uttar Pradesh,Muzaffarnagar Medical College,ANATOMY,UP Priv-Open Quota,"?8,93,521*","?56,100*",1*,?0*,857,,,
,Uttar Pradesh,"Subharti Med Coll, Meerut",ANATOMY,UP Priv-Open Quota,?0*,"?30,000*",2*,Info not available*,938,,,
,Uttar Pradesh,"Career Instt of MS, Lucknow",ANATOMY,UP Priv-Open Quota,"?1,00,000*",Info not available*,0,?0,600,,,
,Uttar Pradesh,"Teerthanker Med Coll,Moradabad",ANATOMY,UP Priv-Open Quota,"?10,000*",Info not available*,0,?0,1000,,,
,Uttar Pradesh,"Era Lucknow Med Coll, Lucknow",ANATOMY,UP Priv-Open Quota,"?6,00,000*",?0*,0,?0,850,,,
,Uttar Pradesh,"Mayo IMS, Barabanki",ANATOMY,UP Priv-Open Quota,"?2,00,000*","?14,000*",0*,?0*,736,,,
,Uttar Pradesh,"Rohilkhand Med Coll, Bareilly",ANATOMY,UP Priv-Open Quota,"?50,000*","?24,000*",0,?0,720,,,
,Uttar Pradesh,"Heritage IMS, Varanasi",ANATOMY,UP Priv-Open Quota,"?5,00,000*","?21,000",0,?0,735,,,
,Uttar Pradesh,"Career Instt of MS, Lucknow",ANATOMY,UP Priv-Min. Quota,"?1,00,000*",Info not available*,0,?0,600,,,
,Uttar Pradesh,"Teerthanker Med Coll,Moradabad",ANATOMY,UP Priv-Min. Quota,"?10,000*",Info not available*,0,?0,1000,,,
,Uttar Pradesh,"Era Lucknow Med Coll, Lucknow",ANATOMY,UP Priv-Min. Quota,"?6,00,000*",?0*,0,?0,850,,,
,Uttar Pradesh,"Subharti Med Coll, Meerut",ANATOMY,UP Priv-Min. Quota,?0*,"?30,000*",2*,Info not available*,938,,,
,Uttar Pradesh,"LLRM Med Coll, Meerut",BIOCHEMISTRY,UP-Govt Quota,"?40,000","?1,00,980*",2*,"?40,00,000*",1090,,,
,Uttar Pradesh,"KGMU, Lucknow",BIOCHEMISTRY,UP-Govt Quota,"?54,700*","?1,09,955",2*,"?40,00,000*",4500,,,
,Uttar Pradesh,"UP Univ of Med Sci, Etawah",BIOCHEMISTRY,UP-Govt Quota,"?40,000","?1,00,980*",2*,"?40,00,000*",1268,,,
,Uttar Pradesh,"Auton. State Med Coll, Ayodhya",BIOCHEMISTRY,UP-Govt Quota,"?40,000","?1,00,980*",2*,"?40,00,000*",Info Not Available,,,
,Uttar Pradesh,"Govt Med Coll, Bahraich",BIOCHEMISTRY,UP-Govt Quota,"?40,000","?1,00,980*",2*,"?40,00,000*",Info Not Available,,,
,Uttar Pradesh,"Govt Med Coll, Firozobad",BIOCHEMISTRY,UP-Govt Quota,"?40,000","?1,00,980*",2*,"?40,00,000*",517,,,
,Uttar Pradesh,"Auton. State Med Coll, Jaunpur",BIOCHEMISTRY,UP-Govt Quota,"?40,000","?1,00,980*",2*,"?40,00,000*",394,,,
,Uttar Pradesh,"Govt IMS, Kasna",BIOCHEMISTRY,UP-Govt Quota,"?40,000","?1,00,980*",2*,"?40,00,000*",500,,,
,Uttar Pradesh,"Govt Med Coll, Shahjhanpur",BIOCHEMISTRY,UP-Govt Quota,"?40,000","?1,00,980*",2*,"?40,00,000*",460,,,
,Uttar Pradesh,"GSVM Med Coll, Kanpur",BIOCHEMISTRY,UP-Govt Quota,"?40,000","?1,00,980*",2*,"?40,00,000*",2083,,,
,Uttar Pradesh,"Govt Med Coll, Kannauj",BIOCHEMISTRY,UP-Govt Quota,"?40,000","?1,00,980*",2*,"?40,00,000*",470,,,
,Uttar Pradesh,"SMSR, Greater Noida",BIOCHEMISTRY,UP Priv-Open Quota,"?9,77,116*","?32,000",0,?0,1200,,,
,Uttar Pradesh,"Hind IMS, Barabanki",BIOCHEMISTRY,UP Priv-Open Quota,?0*,"?35,000",1*,?0*,580,,,
,Uttar Pradesh,Muzaffarnagar Medical College,BIOCHEMISTRY,UP Priv-Open Quota,"?8,93,521*","?56,100*",1*,?0*,857,,,
,Uttar Pradesh,"Rama Med Coll, Kanpur",BIOCHEMISTRY,UP Priv-Open Quota,"?40,000*","?30,000",0,?0,730,,,
,Uttar Pradesh,"Rajshree MRI, Bareilly",BIOCHEMISTRY,UP Priv-Open Quota,"?11,000*","?32,000",1*,?0*,740,,,
,Uttar Pradesh,"TS Misra Med Coll, Lucknow",BIOCHEMISTRY,UP Priv-Open Quota,?0*,"?10,000",0,?0,735,,,
,Uttar Pradesh,"SRMS IMS, Bareilly",BIOCHEMISTRY,UP Priv-Open Quota,"?36,000*","?32,000*",1*,?0*,950,,,
,Uttar Pradesh,"Subharti Med Coll, Meerut",BIOCHEMISTRY,UP Priv-Open Quota,?0*,"?30,000*",2*,Info not available*,938,,,
,Uttar Pradesh,"Era Lucknow Med Coll, Lucknow",BIOCHEMISTRY,UP Priv-Open Quota,"?6,00,000*",?0*,0,?0,850,,,
,Uttar Pradesh,"Career Instt of MS, Lucknow",BIOCHEMISTRY,UP Priv-Open Quota,"?1,00,000*",Info not available*,0,?0,600,,,
,Uttar Pradesh,"Teerthanker Med Coll,Moradabad",BIOCHEMISTRY,UP Priv-Open Quota,"?10,000*",Info not available*,0,?0,1000,,,
,Uttar Pradesh,"Mayo IMS, Barabanki",BIOCHEMISTRY,UP Priv-Open Quota,"?5,00,000*","?14,000*",0*,?0*,736,,,
,Uttar Pradesh,"Rohilkhand Med Coll, Bareilly",BIOCHEMISTRY,UP Priv-Open Quota,"?50,000*","?24,000*",0,?0,720,,,
,Uttar Pradesh,"Hind IMS, Sitapur",BIOCHEMISTRY,UP Priv-Open Quota,?0*,"?30,000",1*,?0*,700,,,
,Uttar Pradesh,"Heritage IMS, Varanasi",BIOCHEMISTRY,UP Priv-Open Quota,"?5,00,000*","?21,000",0,?0,735,,,
,Uttar Pradesh,"IIMSR, Lucknow",BIOCHEMISTRY,UP Priv-Open Quota,"?6,00,000*",Info not available*,0,?0,540,,,
,Uttar Pradesh,"Era Lucknow Med Coll, Lucknow",BIOCHEMISTRY,UP Priv-Min. Quota,"?6,00,000*",?0*,0,?0,850,,,
,Uttar Pradesh,"Career Instt of MS, Lucknow",BIOCHEMISTRY,UP Priv-Min. Quota,"?1,00,000*",Info not available*,0,?0,600,,,
,Uttar Pradesh,"Teerthanker Med Coll,Moradabad",BIOCHEMISTRY,UP Priv-Min. Quota,"?10,000*",Info not available*,0,?0,1000,,,
,Uttar Pradesh,"Subharti Med Coll, Meerut",BIOCHEMISTRY,UP Priv-Min. Quota,?0*,"?30,000*",2*,Info not available*,938,,,
,Uttar Pradesh,"IIMSR, Lucknow",BIOCHEMISTRY,UP Priv-Min. Quota,"?6,00,000*",Info not available*,0,?0,540,,,
,Uttar Pradesh,"LLRM Med Coll, Meerut",DERMATOLOGY,UP-Govt Quota,"?40,000","?1,00,980*",2*,"?40,00,000*",1090,,,
,Uttar Pradesh,"BRD Med Coll, Gorakhpur",DERMATOLOGY,UP-Govt Quota,"?40,000","?1,00,980*",2*,"?40,00,000*",1050,,,
,Uttar Pradesh,"Shaik-ul-Hind, Saharanpur",DERMATOLOGY,UP-Govt Quota,"?40,000","?1,00,980*",2*,"?40,00,000*",500,,,
,Uttar Pradesh,"S N Med Coll, Agra",DERMATOLOGY,UP-Govt Quota,"?40,000","?1,00,980*",2*,"?40,00,000*",976,,,
,Uttar Pradesh,"MLN Med Coll, Allahabad",DERMATOLOGY,UP-Govt Quota,"?40,000","?1,00,980*",2*,"?40,00,000*",Info Not Available,,,
,Uttar Pradesh,"KD Med Coll, Mathura",DERMATOLOGY,UP Priv-Open Quota,"?21,63,946*","?32,000",0,?0,720,,,
,Uttar Pradesh,"TS Misra Med Coll, Lucknow",DERMATOLOGY,UP Priv-Open Quota,"?21,63,946*","?30,000",0,?0,735,,,
,Uttar Pradesh,"Venkateshwara IMS, Gajraula",DERMATOLOGY,UP Priv-Open Quota,"?21,63,946*","?36,000",0,?0,750,,,
,Uttar Pradesh,"Rama Med Coll, Hapur",DERMATOLOGY,UP Priv-Open Quota,"?24,75,612*","?30,000*",Info Not Available,Info not available,1259,,,
,Uttar Pradesh,"Varun Arjun, Shahjahanpur",DERMATOLOGY,UP Priv-Open Quota,"?23,38,116*","?24,000*",1*,"?10,00,000*",770,,,
,Uttar Pradesh,"Krishna Mohan Med Coll,Mathura",DERMATOLOGY,UP Priv-Open Quota,"?21,63,946*","?15,000*",0,?0,700,,,
,Uttar Pradesh,"GS Med Coll Hosp,Hapur",DERMATOLOGY,UP Priv-Open Quota,"?21,63,946*","?32,000",0,?0,Info Not Available,,,
,Uttar Pradesh,"Prasad Inst of Med Sci,Lucknow",DERMATOLOGY,UP Priv-Open Quota,"?21,63,946*","?18,000",0,?0,410,,,
,Uttar Pradesh,"Rama Med Coll, Kanpur",DERMATOLOGY,UP Priv-Open Quota,"?25,62,430*","?30,000",0,?0,730,,,
,Uttar Pradesh,Muzaffarnagar Medical College,DERMATOLOGY,UP Priv-Open Quota,"?23,23,197*","?56,100*",1*,?0*,857,,,
,Uttar Pradesh,"SRMS IMS, Bareilly",DERMATOLOGY,UP Priv-Open Quota,"?25,09,957*","?32,000*",1*,?0*,950,,,
,Uttar Pradesh,"Saraswati IMS, Hapur",DERMATOLOGY,UP Priv-Open Quota,"?20,22,143*","?32,000*",0,?0,851,,,
,Uttar Pradesh,"Hind IMS, Barabanki",DERMATOLOGY,UP Priv-Open Quota,"?25,24,901*","?35,000",1*,?0*,580,,,
,Uttar Pradesh,"Rajshree MRI, Bareilly",DERMATOLOGY,UP Priv-Open Quota,"?24,89,880*","?32,000",1*,?0*,740,,,
,Uttar Pradesh,"SMSR, Greater Noida",DERMATOLOGY,UP Priv-Open Quota,"?25,40,649*","?32,000",0,?0,1200,,,
,Uttar Pradesh,"Subharti Med Coll, Meerut",DERMATOLOGY,UP Priv-Open Quota,"?14,43,744*","?30,000*",2*,?0*,938,,,
,Uttar Pradesh,"Era Lucknow Med Coll, Lucknow",DERMATOLOGY,UP Priv-Open Quota,"?39,90,000*","?62,000",0,?0,850,,,
,Uttar Pradesh,"FH Med Coll, Agra",DERMATOLOGY,UP Priv-Open Quota,"?42,50,000*","?45,000",0,?0,932,,,
,Uttar Pradesh,"Career Instt of MS, Lucknow",DERMATOLOGY,UP Priv-Open Quota,"?39,90,000*","?40,000",0,?0,600,,,
,Uttar Pradesh,"Teerthanker Med Coll,Moradabad",DERMATOLOGY,UP Priv-Open Quota,"?39,90,000*","?69,600",0,?0,1000,,,
,Uttar Pradesh,"National Captl Reg IMS, Meerut",DERMATOLOGY,UP Priv-Open Quota,"?22,35,387*","?56,100",0,?0,680,,,
,Uttar Pradesh,"Mayo IMS, Barabanki",DERMATOLOGY,UP Priv-Open Quota,"?20,30,961*","?14,000*",1*,?0*,736,,,
,Uttar Pradesh,"Rohilkhand Med Coll, Bareilly",DERMATOLOGY,UP Priv-Open Quota,"?29,09,009*","?24,000*",1,"?15,00,000",720,,,
,Uttar Pradesh,"Hind IMS, Sitapur",DERMATOLOGY,UP Priv-Open Quota,"?20,40,950*","?30,000",1*,?0*,700,,,
,Uttar Pradesh,"IIMSR, Lucknow",DERMATOLOGY,UP Priv-Open Quota,"?41,95,000*","?45,000",0,?0,540,,,
,Uttar Pradesh,"Era Lucknow Med Coll, Lucknow",DERMATOLOGY,UP Priv-Min. Quota,"?39,90,000*","?62,000",0,?0,850,,,
,Uttar Pradesh,"FH Med Coll, Agra",DERMATOLOGY,UP Priv-Min. Quota,"?42,50,000*","?45,000",0,?0,932,,,
,Uttar Pradesh,"Career Instt of MS, Lucknow",DERMATOLOGY,UP Priv-Min. Quota,"?38,90,000*","?40,000",0,?0,600,,,
,Uttar Pradesh,"Teerthanker Med Coll,Moradabad",DERMATOLOGY,UP Priv-Min. Quota,"?39,90,000*","?69,600",0,?0,1000,,,
,Uttar Pradesh,"Subharti Med Coll, Meerut",DERMATOLOGY,UP Priv-Min. Quota,"?14,43,744*","?30,000*",2*,?0*,938,,,
,Uttar Pradesh,"IIMSR, Lucknow",DERMATOLOGY,UP Priv-Min. Quota,"?41,95,000*","?45,000",0,?0,540,,,
,Uttar Pradesh,"SGPGI, Lucknow",EMERGENCY MEDICINE,UP-Govt Quota,"?61,600*","?1,11,780",2*,"?40,00,000*",1609,,,
,Uttar Pradesh,"Dr RML IMS, Lucknow",EMERGENCY MEDICINE,UP-Govt Quota,"?37,500*","?1,08,672",2*,"?40,00,000*",Info Not Available,,,
,Uttar Pradesh,"KGMU, Lucknow",EMERGENCY MEDICINE,UP-Govt Quota,"?54,700*","?1,09,955",2*,"?40,00,000*",4500,,,
,Uttar Pradesh,"SMSR, Greater Noida",EMERGENCY MEDICINE,UP Priv-Open Quota,"?25,40,649*","?32,000",0,?0,1200,,,
,Uttar Pradesh,"Rama Med Coll, Kanpur",EMERGENCY MEDICINE,UP Priv-Open Quota,"?25,62,430*","?30,000",0,?0,730,,,
,Uttar Pradesh,Muzaffarnagar Medical College,EMERGENCY MEDICINE,UP Priv-Open Quota,"?23,23,197*","?56,100*",1*,?0*,857,,,
,Uttar Pradesh,"KD Med Coll, Mathura",EMERGENCY MEDICINE,UP Priv-Open Quota,"?21,63,946*","?32,000",0,?0,720,,,
,Uttar Pradesh,"SRMS IMS, Bareilly",EMERGENCY MEDICINE,UP Priv-Open Quota,"?22,00,000*","?32,000*",1*,?0*,950,,,
,Uttar Pradesh,"Rajshree MRI, Bareilly",EMERGENCY MEDICINE,UP Priv-Open Quota,"?24,89,880*","?32,000",1*,?0*,740,,,
,Uttar Pradesh,"Subharti Med Coll, Meerut",EMERGENCY MEDICINE,UP Priv-Open Quota,"?14,43,744*","?30,000*",2*,?0*,938,,,
,Uttar Pradesh,"Rohilkhand Med Coll, Bareilly",EMERGENCY MEDICINE,UP Priv-Open Quota,"?23,09,009*","?24,000*",1,"?7,50,000",720,,,
,Uttar Pradesh,"Subharti Med Coll, Meerut",EMERGENCY MEDICINE,UP Priv-Min. Quota,"?14,43,744*","?30,000*",2*,?0*,938,,,
,Uttar Pradesh,"S N Med Coll, Agra",FORENSIC MEDICINE,UP-Govt Quota,"?40,000","?1,00,980*",2*,"?40,00,000*",976,,,
,Uttar Pradesh,"GSVM Med Coll, Kanpur",FORENSIC MEDICINE,UP-Govt Quota,"?40,000","?1,00,980*",2*,"?40,00,000*",2083,,,
,Uttar Pradesh,"MLN Med Coll, Allahabad",FORENSIC MEDICINE,UP-Govt Quota,"?40,000","?1,00,980*",2*,"?40,00,000*",Info Not Available,,,
,Uttar Pradesh,"Govt Allopathic Med Coll,Banda",FORENSIC MEDICINE,UP-Govt Quota,"?40,000","?1,00,980*",2*,"?40,00,000*",430,,,
,Uttar Pradesh,"KGMU, Lucknow",FORENSIC MEDICINE,UP-Govt Quota,"?54,700*","?1,09,955",2*,"?40,00,000*",4500,,,
,Uttar Pradesh,"Govt Med Coll, Bahraich",FORENSIC MEDICINE,UP-Govt Quota,"?40,000","?1,00,980*",2*,"?40,00,000*",Info Not Available,,,
,Uttar Pradesh,"Govt Med Coll, Firozobad",FORENSIC MEDICINE,UP-Govt Quota,"?40,000","?1,00,980*",2*,"?40,00,000*",517,,,
,Uttar Pradesh,"Govt Med Coll, Shahjhanpur",FORENSIC MEDICINE,UP-Govt Quota,"?40,000","?1,00,980*",2*,"?40,00,000*",460,,,
,Uttar Pradesh,"Hind IMS, Barabanki",FORENSIC MEDICINE,UP Priv-Open Quota,?0*,"?35,000",1*,?0*,580,,,
,Uttar Pradesh,"Rama Med Coll, Kanpur",FORENSIC MEDICINE,UP Priv-Open Quota,"?10,60,307*","?30,000",0,?0,730,,,
,Uttar Pradesh,"SRMS IMS, Bareilly",FORENSIC MEDICINE,UP Priv-Open Quota,"?36,000*","?32,000*",1*,?0*,950,,,
,Uttar Pradesh,"Subharti Med Coll, Meerut",FORENSIC MEDICINE,UP Priv-Open Quota,"?1,20,000*","?10,000*",2*,Info not available*,938,,,
,Uttar Pradesh,"Teerthanker Med Coll,Moradabad",FORENSIC MEDICINE,UP Priv-Open Quota,"?10,000*",Info not available*,0,?0,1000,,,
,Uttar Pradesh,"Teerthanker Med Coll,Moradabad",FORENSIC MEDICINE,UP Priv-Min. Quota,"?10,000*",Info not available*,0,?0,1000,,,
,Uttar Pradesh,"Subharti Med Coll, Meerut",FORENSIC MEDICINE,UP Priv-Min. Quota,"?1,20,000*","?10,000*",2*,Info not available*,938,,,
,Uttar Pradesh,"MLN Med Coll, Allahabad",GENERAL MEDICINE,UP-Govt Quota,"?40,000","?1,00,980*",2*,"?40,00,000*",Info Not Available,,,
,Uttar Pradesh,"GSVM Med Coll, Kanpur",GENERAL MEDICINE,UP-Govt Quota,"?40,000","?1,00,980*",2*,"?40,00,000*",2083,,,
,Uttar Pradesh,"LLRM Med Coll, Meerut",GENERAL MEDICINE,UP-Govt Quota,"?40,000","?1,00,980*",2*,"?40,00,000*",1090,,,
,Uttar Pradesh,"KGMU, Lucknow",GENERAL MEDICINE,UP-Govt Quota,"?54,700*","?1,09,955",2*,"?40,00,000*",4500,,,
,Uttar Pradesh,"MLB Med Coll, Jhansi",GENERAL MEDICINE,UP-Govt Quota,"?40,000","?1,00,980*",2*,"?40,00,000*",700,,,
,Uttar Pradesh,"S N Med Coll, Agra",GENERAL MEDICINE,UP-Govt Quota,"?40,000","?1,00,980*",2*,"?40,00,000*",976,,,
,Uttar Pradesh,"Shaik-ul-Hind, Saharanpur",GENERAL MEDICINE,UP-Govt Quota,"?40,000","?1,00,980*",2*,"?40,00,000*",500,,,
,Uttar Pradesh,"BRD Med Coll, Gorakhpur",GENERAL MEDICINE,UP-Govt Quota,"?40,000","?1,00,980*",2*,"?40,00,000*",1050,,,
,Uttar Pradesh,"Dr RML IMS, Lucknow",GENERAL MEDICINE,UP-Govt Quota,"?37,500*","?1,08,672",2*,"?40,00,000*",Info Not Available,,,
,Uttar Pradesh,"Auton. State Med Coll, Ayodhya",GENERAL MEDICINE,UP-Govt Quota,"?40,000","?1,00,980*",2*,"?40,00,000*",Info Not Available,,,
,Uttar Pradesh,"Govt IMS, Kasna",GENERAL MEDICINE,UP-Govt Quota,"?40,000","?1,00,980*",2*,"?40,00,000*",500,,,
,Uttar Pradesh,"Rajkiya Med Coll, Jalaun",GENERAL MEDICINE,UP-Govt Quota,"?40,000","?1,00,980*",2*,"?40,00,000*",Info Not Available,,,
,Uttar Pradesh,"Prasad Inst of Med Sci,Lucknow",GENERAL MEDICINE,UP Priv-Open Quota,"?21,63,946*","?18,000",0,?0,410,,,
,Uttar Pradesh,"Saraswati IMS, Hapur",GENERAL MEDICINE,UP Priv-Open Quota,"?20,22,143*","?32,000*",0,?0,851,,,
,Uttar Pradesh,"TS Misra Med Coll, Lucknow",GENERAL MEDICINE,UP Priv-Open Quota,"?21,63,946*","?30,000",0,?0,735,,,
,Uttar Pradesh,"KD Med Coll, Mathura",GENERAL MEDICINE,UP Priv-Open Quota,"?21,63,946*","?32,000",0,?0,720,,,
,Uttar Pradesh,"GS Med Coll Hosp,Hapur",GENERAL MEDICINE,UP Priv-Open Quota,"?21,63,946*","?32,000",0,?0,Info Not Available,,,
,Uttar Pradesh,"Varun Arjun, Shahjahanpur",GENERAL MEDICINE,UP Priv-Open Quota,"?23,38,116*","?24,000*",1,"?7,50,000",770,,,
,Uttar Pradesh,"Venkateshwara IMS, Gajraula",GENERAL MEDICINE,UP Priv-Open Quota,"?21,63,946*","?36,000",0,?0,750,,,
,Uttar Pradesh,"Krishna Mohan Med Coll,Mathura",GENERAL MEDICINE,UP Priv-Open Quota,"?21,63,946*","?15,000*",0,?0,700,,,
,Uttar Pradesh,Muzaffarnagar Medical College,GENERAL MEDICINE,UP Priv-Open Quota,"?23,23,197*","?56,100*",1*,?0*,857,,,
,Uttar Pradesh,"Rama Med Coll, Kanpur",GENERAL MEDICINE,UP Priv-Open Quota,"?25,62,430*","?30,000",0,?0,730,,,
,Uttar Pradesh,"Rama Med Coll, Hapur",GENERAL MEDICINE,UP Priv-Open Quota,"?24,75,612*","?30,000*",Info Not Available,Info not available,1259,,,
,Uttar Pradesh,"Hind IMS, Barabanki",GENERAL MEDICINE,UP Priv-Open Quota,"?25,24,901*","?35,000",1*,?0*,580,,,
,Uttar Pradesh,"Rajshree MRI, Bareilly",GENERAL MEDICINE,UP Priv-Open Quota,"?24,89,880*","?32,000",1*,?0*,740,,,
,Uttar Pradesh,"SMSR, Greater Noida",GENERAL MEDICINE,UP Priv-Open Quota,"?25,40,649*","?32,000",0,?0,1200,,,
,Uttar Pradesh,"SRMS IMS, Bareilly",GENERAL MEDICINE,UP Priv-Open Quota,"?25,09,957*","?32,000*",1*,?0*,950,,,
,Uttar Pradesh,"Subharti Med Coll, Meerut",GENERAL MEDICINE,UP Priv-Open Quota,"?14,43,744*","?30,000*",2*,?0*,938,,,
,Uttar Pradesh,"Career Instt of MS, Lucknow",GENERAL MEDICINE,UP Priv-Open Quota,"?39,90,000*","?40,000",0,?0,600,,,
,Uttar Pradesh,"FH Med Coll, Agra",GENERAL MEDICINE,UP Priv-Open Quota,"?42,00,000*","?45,000",0,?0,932,,,
,Uttar Pradesh,"Teerthanker Med Coll,Moradabad",GENERAL MEDICINE,UP Priv-Open Quota,"?39,90,000*","?69,600",0,?0,1000,,,
,Uttar Pradesh,"Era Lucknow Med Coll, Lucknow",GENERAL MEDICINE,UP Priv-Open Quota,"?39,60,000*","?62,000",0,?0,850,,,
,Uttar Pradesh,"National Captl Reg IMS, Meerut",GENERAL MEDICINE,UP Priv-Open Quota,"?22,35,387*","?56,100",0,?0,680,,,
,Uttar Pradesh,Noida International Inst of MS,GENERAL MEDICINE,UP Priv-Open Quota,"?22,35,387*","?30,000",0,?0,Info Not Available,,,
,Uttar Pradesh,"Mayo IMS, Barabanki",GENERAL MEDICINE,UP Priv-Open Quota,"?20,30,961*","?14,000*",1*,?0*,736,,,
,Uttar Pradesh,"Rohilkhand Med Coll, Bareilly",GENERAL MEDICINE,UP Priv-Open Quota,"?29,09,009*","?24,000*",1,"?7,50,000",720,,,
,Uttar Pradesh,"Heritage IMS, Varanasi",GENERAL MEDICINE,UP Priv-Open Quota,"?21,12,517*","?21,000",0,?0,735,,,
,Uttar Pradesh,"Hind IMS, Sitapur",GENERAL MEDICINE,UP Priv-Open Quota,"?20,40,950*","?30,000",1*,?0*,700,,,
,Uttar Pradesh,"IIMSR, Lucknow",GENERAL MEDICINE,UP Priv-Open Quota,"?39,95,000*","?40,800",0,?0,540,,,
,Uttar Pradesh,"Career Instt of MS, Lucknow",GENERAL MEDICINE,UP Priv-Min. Quota,"?39,90,000*","?40,000",0,?0,600,,,
,Uttar Pradesh,"FH Med Coll, Agra",GENERAL MEDICINE,UP Priv-Min. Quota,"?42,00,000*","?45,000",0,?0,932,,,
,Uttar Pradesh,"Teerthanker Med Coll,Moradabad",GENERAL MEDICINE,UP Priv-Min. Quota,"?39,90,000*","?69,600",0,?0,1000,,,
,Uttar Pradesh,"Era Lucknow Med Coll, Lucknow",GENERAL MEDICINE,UP Priv-Min. Quota,"?39,60,000*","?62,000",0,?0,850,,,
,Uttar Pradesh,"Subharti Med Coll, Meerut",GENERAL MEDICINE,UP Priv-Min. Quota,"?14,43,744*","?30,000*",2*,?0*,938,,,
,Uttar Pradesh,"IIMSR, Lucknow",GENERAL MEDICINE,UP Priv-Min. Quota,"?39,95,000*","?40,800",0,?0,540,,,
,Uttar Pradesh,"KGMU, Lucknow",HOSPITAL ADMINISTRATION,UP-Govt Quota,"?54,700*","?1,09,955",2*,"?40,00,000*",4500,,,
,Uttar Pradesh,"SGPGI, Lucknow",IHBT,UP-Govt Quota,"?61,600*","?1,11,780",2*,"?40,00,000*",1609,,,
,Uttar Pradesh,"MLN Med Coll, Allahabad",IHBT,UP-Govt Quota,"?40,000","?1,00,980*",2*,"?40,00,000*",Info Not Available,,,
,Uttar Pradesh,"KGMU, Lucknow",IHBT,UP-Govt Quota,"?54,700*","?1,09,955",2*,"?40,00,000*",4500,,,
,Uttar Pradesh,"SRMS IMS, Bareilly",IHBT,UP Priv-Open Quota,"?50,000*","?32,000*",1*,?0*,950,,,
,Uttar Pradesh,"SGPGI, Lucknow",MICROBIOLOGY,UP-Govt Quota,"?61,600*","?1,11,780",2*,"?40,00,000*",1609,,,
,Uttar Pradesh,"KGMU, Lucknow",MICROBIOLOGY,UP-Govt Quota,"?54,700*","?1,09,955",2*,"?40,00,000*",4500,,,
,Uttar Pradesh,"LLRM Med Coll, Meerut",MICROBIOLOGY,UP-Govt Quota,"?40,000","?1,00,980*",2*,"?40,00,000*",1090,,,
,Uttar Pradesh,"MLN Med Coll, Allahabad",MICROBIOLOGY,UP-Govt Quota,"?40,000","?1,00,980*",2*,"?40,00,000*",Info Not Available,,,
,Uttar Pradesh,"S N Med Coll, Agra",MICROBIOLOGY,UP-Govt Quota,"?40,000","?1,00,980*",2*,"?40,00,000*",976,,,
,Uttar Pradesh,"Super Spec Paediatric, Noida",MICROBIOLOGY,UP-Govt Quota,"?40,000","?1,00,980*",2*,"?40,00,000*",312,,,
,Uttar Pradesh,"Dr RML IMS, Lucknow",MICROBIOLOGY,UP-Govt Quota,"?37,500*","?1,08,672",2*,"?40,00,000*",Info Not Available,,,
,Uttar Pradesh,"UP Univ of Med Sci, Etawah",MICROBIOLOGY,UP-Govt Quota,"?40,000","?1,00,980*",2*,"?40,00,000*",1268,,,
,Uttar Pradesh,"Govt Med Coll, Rampur, Basti",MICROBIOLOGY,UP-Govt Quota,"?40,000","?1,00,980*",2*,"?40,00,000*",500,,,
,Uttar Pradesh,"Govt Med Coll, Firozobad",MICROBIOLOGY,UP-Govt Quota,"?40,000","?1,00,980*",2*,"?40,00,000*",517,,,
,Uttar Pradesh,"Govt Med Coll, Shahjhanpur",MICROBIOLOGY,UP-Govt Quota,"?40,000","?1,00,980*",2*,"?40,00,000*",460,,,
,Uttar Pradesh,"Govt IMS, Kasna",MICROBIOLOGY,UP-Govt Quota,"?40,000","?1,00,980*",2*,"?40,00,000*",500,,,
,Uttar Pradesh,"GSVM Med Coll, Kanpur",MICROBIOLOGY,UP-Govt Quota,"?40,000","?1,00,980*",2*,"?40,00,000*",2083,,,
,Uttar Pradesh,"Govt Med Coll, Kannauj",MICROBIOLOGY,UP-Govt Quota,"?40,000","?1,00,980*",2*,"?40,00,000*",470,,,
,Uttar Pradesh,"SMSR, Greater Noida",MICROBIOLOGY,UP Priv-Open Quota,"?9,77,116*","?32,000",0,?0,1200,,,
,Uttar Pradesh,"Hind IMS, Barabanki",MICROBIOLOGY,UP Priv-Open Quota,"?6,00,000*","?35,000",1*,?0*,580,,,
,Uttar Pradesh,Muzaffarnagar Medical College,MICROBIOLOGY,UP Priv-Open Quota,"?8,93,521*","?56,100*",1*,?0*,857,,,
,Uttar Pradesh,"Saraswati IMS, Hapur",MICROBIOLOGY,UP Priv-Open Quota,"?50,000*","?25,000*",0,?0,851,,,
,Uttar Pradesh,"Rajshree MRI, Bareilly",MICROBIOLOGY,UP Priv-Open Quota,"?11,000*","?32,000",1*,?0*,740,,,
,Uttar Pradesh,"Varun Arjun, Shahjahanpur",MICROBIOLOGY,UP Priv-Open Quota,"?4,00,000*",?0,0,?0,770,,,
,Uttar Pradesh,"Rama Med Coll, Kanpur",MICROBIOLOGY,UP Priv-Open Quota,"?40,000*","?30,000",0,?0,730,,,
,Uttar Pradesh,"TS Misra Med Coll, Lucknow",MICROBIOLOGY,UP Priv-Open Quota,?0*,"?10,000",0,?0,735,,,
,Uttar Pradesh,"SRMS IMS, Bareilly",MICROBIOLOGY,UP Priv-Open Quota,"?36,000*","?32,000*",1*,?0*,950,,,
,Uttar Pradesh,"Subharti Med Coll, Meerut",MICROBIOLOGY,UP Priv-Open Quota,?0*,"?30,000*",2*,Info not available*,938,,,
,Uttar Pradesh,"Era Lucknow Med Coll, Lucknow",MICROBIOLOGY,UP Priv-Open Quota,"?6,00,000*",?0*,0,?0,850,,,
,Uttar Pradesh,"FH Med Coll, Agra",MICROBIOLOGY,UP Priv-Open Quota,"?10,000*","?45,000",0,?0,932,,,
,Uttar Pradesh,"Career Instt of MS, Lucknow",MICROBIOLOGY,UP Priv-Open Quota,"?1,00,000*",Info not available*,0,?0,600,,,
,Uttar Pradesh,"Teerthanker Med Coll,Moradabad",MICROBIOLOGY,UP Priv-Open Quota,"?10,000*",Info not available*,0,?0,1000,,,
,Uttar Pradesh,"Mayo IMS, Barabanki",MICROBIOLOGY,UP Priv-Open Quota,"?5,00,000*","?14,000*",0*,?0*,736,,,
,Uttar Pradesh,"Rohilkhand Med Coll, Bareilly",MICROBIOLOGY,UP Priv-Open Quota,"?1,00,000*","?24,000*",0,?0,720,,,
,Uttar Pradesh,"Heritage IMS, Varanasi",MICROBIOLOGY,UP Priv-Open Quota,"?5,00,000*","?21,000",0,?0,735,,,
,Uttar Pradesh,"Hind IMS, Sitapur",MICROBIOLOGY,UP Priv-Open Quota,?0*,"?30,000",1*,?0*,700,,,
,Uttar Pradesh,"IIMSR, Lucknow",MICROBIOLOGY,UP Priv-Open Quota,"?6,00,000*",Info not available*,0,?0,540,,,
,Uttar Pradesh,"Era Lucknow Med Coll, Lucknow",MICROBIOLOGY,UP Priv-Min. Quota,"?6,00,000*",?0*,0,?0,850,,,
,Uttar Pradesh,"FH Med Coll, Agra",MICROBIOLOGY,UP Priv-Min. Quota,"?10,000*","?45,000",0,?0,932,,,
,Uttar Pradesh,"Career Instt of MS, Lucknow",MICROBIOLOGY,UP Priv-Min. Quota,"?1,00,000*",Info not available*,0,?0,600,,,
,Uttar Pradesh,"Teerthanker Med Coll,Moradabad",MICROBIOLOGY,UP Priv-Min. Quota,"?10,000*",Info not available*,0,?0,1000,,,
,Uttar Pradesh,"Subharti Med Coll, Meerut",MICROBIOLOGY,UP Priv-Min. Quota,?0*,"?30,000*",2*,Info not available*,938,,,
,Uttar Pradesh,"IIMSR, Lucknow",MICROBIOLOGY,UP Priv-Min. Quota,"?6,00,000*",Info not available*,0,?0,540,,,
,Uttar Pradesh,"SGPGI, Lucknow",NUCLEAR MEDICINE,UP-Govt Quota,"?61,600*","?1,11,780",2*,"?40,00,000*",1609,,,
,Uttar Pradesh,"MLN Med Coll, Allahabad",PAEDIATRICS,UP-Govt Quota,"?40,000","?1,00,980*",2*,"?40,00,000*",Info Not Available,,,
,Uttar Pradesh,"GSVM Med Coll, Kanpur",PAEDIATRICS,UP-Govt Quota,"?40,000","?1,00,980*",2*,"?40,00,000*",2083,,,
,Uttar Pradesh,"MLB Med Coll, Jhansi",PAEDIATRICS,UP-Govt Quota,"?40,000","?1,00,980*",2*,"?40,00,000*",700,,,
,Uttar Pradesh,"S N Med Coll, Agra",PAEDIATRICS,UP-Govt Quota,"?40,000","?1,00,980*",2*,"?40,00,000*",976,,,
,Uttar Pradesh,"LLRM Med Coll, Meerut",PAEDIATRICS,UP-Govt Quota,"?40,000","?1,00,980*",2*,"?40,00,000*",1090,,,
,Uttar Pradesh,"BRD Med Coll, Gorakhpur",PAEDIATRICS,UP-Govt Quota,"?40,000","?1,00,980*",2*,"?40,00,000*",1050,,,
,Uttar Pradesh,"KGMU, Lucknow",PAEDIATRICS,UP-Govt Quota,"?54,700*","?1,09,955",2*,"?40,00,000*",4500,,,
,Uttar Pradesh,"Shaik-ul-Hind, Saharanpur",PAEDIATRICS,UP-Govt Quota,"?40,000","?1,00,980*",2*,"?40,00,000*",500,,,
,Uttar Pradesh,"Dr RML IMS, Lucknow",PAEDIATRICS,UP-Govt Quota,"?37,500*","?1,08,672",2*,"?40,00,000*",Info Not Available,,,
,Uttar Pradesh,"Super Spec Paediatric, Noida",PAEDIATRICS,UP-Govt Quota,"?40,000","?1,00,980*",2*,"?40,00,000*",312,,,
,Uttar Pradesh,"UP Univ of Med Sci, Etawah",PAEDIATRICS,UP-Govt Quota,"?40,000","?1,00,980*",2*,"?40,00,000*",1268,,,
,Uttar Pradesh,"Govt IMS, Kasna",PAEDIATRICS,UP-Govt Quota,"?40,000","?1,00,980*",2*,"?40,00,000*",500,,,
,Uttar Pradesh,"Rajkiya Med Coll, Jalaun",PAEDIATRICS,UP-Govt Quota,"?40,000","?1,00,980*",2*,"?40,00,000*",Info Not Available,,,
,Uttar Pradesh,"Govt Med Coll, Kannauj",PAEDIATRICS,UP-Govt Quota,"?40,000","?1,00,980*",2*,"?40,00,000*",470,,,
,Uttar Pradesh,"TS Misra Med Coll, Lucknow",PAEDIATRICS,UP Priv-Open Quota,"?21,63,946*","?30,000",0,?0,735,,,
,Uttar Pradesh,"GS Med Coll Hosp,Hapur",PAEDIATRICS,UP Priv-Open Quota,"?21,63,946*","?32,000",0,?0,Info Not Available,,,
,Uttar Pradesh,Muzaffarnagar Medical College,PAEDIATRICS,UP Priv-Open Quota,"?23,23,197*","?56,100*",1*,?0*,857,,,
,Uttar Pradesh,"Rama Med Coll, Kanpur",PAEDIATRICS,UP Priv-Open Quota,"?25,62,430*","?30,000",0,?0,730,,,
,Uttar Pradesh,"Prasad Inst of Med Sci,Lucknow",PAEDIATRICS,UP Priv-Open Quota,"?21,63,946*","?18,000",0,?0,410,,,
,Uttar Pradesh,"KD Med Coll, Mathura",PAEDIATRICS,UP Priv-Open Quota,"?21,63,946*","?32,000",0,?0,720,,,
,Uttar Pradesh,"Krishna Mohan Med Coll,Mathura",PAEDIATRICS,UP Priv-Open Quota,"?21,63,946*","?15,000*",0,?0,700,,,
,Uttar Pradesh,"Venkateshwara IMS, Gajraula",PAEDIATRICS,UP Priv-Open Quota,"?21,63,946*","?36,000",0,?0,750,,,
,Uttar Pradesh,"Varun Arjun, Shahjahanpur",PAEDIATRICS,UP Priv-Open Quota,"?23,38,116*","?24,000*",1,"?7,50,000",770,,,
,Uttar Pradesh,"Saraswati IMS, Hapur",PAEDIATRICS,UP Priv-Open Quota,"?20,22,143*","?32,000*",0,?0,851,,,
,Uttar Pradesh,"Rama Med Coll, Hapur",PAEDIATRICS,UP Priv-Open Quota,"?24,75,612*","?30,000*",Info Not Available,Info not available,1259,,,
,Uttar Pradesh,"Hind IMS, Barabanki",PAEDIATRICS,UP Priv-Open Quota,"?25,24,901*","?35,000",1*,?0*,580,,,
,Uttar Pradesh,"Rajshree MRI, Bareilly",PAEDIATRICS,UP Priv-Open Quota,"?24,89,880*","?32,000",1*,?0*,740,,,
,Uttar Pradesh,"SMSR, Greater Noida",PAEDIATRICS,UP Priv-Open Quota,"?25,40,649*","?32,000",0,?0,1200,,,
,Uttar Pradesh,"SRMS IMS, Bareilly",PAEDIATRICS,UP Priv-Open Quota,"?25,09,957*","?32,000*",1*,?0*,950,,,
,Uttar Pradesh,"Subharti Med Coll, Meerut",PAEDIATRICS,UP Priv-Open Quota,"?14,43,744*","?30,000*",2*,?0*,938,,,
,Uttar Pradesh,"Era Lucknow Med Coll, Lucknow",PAEDIATRICS,UP Priv-Open Quota,"?36,10,000*","?62,000",0,?0,850,,,
,Uttar Pradesh,"FH Med Coll, Agra",PAEDIATRICS,UP Priv-Open Quota,"?38,50,000*","?45,000",0,?0,932,,,
,Uttar Pradesh,"Career Instt of MS, Lucknow",PAEDIATRICS,UP Priv-Open Quota,"?35,90,000*","?40,000",0,?0,600,,,
,Uttar Pradesh,"Teerthanker Med Coll,Moradabad",PAEDIATRICS,UP Priv-Open Quota,"?36,00,000*","?69,600",0,?0,1000,,,
,Uttar Pradesh,Noida International Inst of MS,PAEDIATRICS,UP Priv-Open Quota,"?22,35,387*","?30,000",0,?0,Info Not Available,,,
,Uttar Pradesh,"Mayo IMS, Barabanki",PAEDIATRICS,UP Priv-Open Quota,"?20,30,961*","?14,000*",1*,?0*,736,,,
,Uttar Pradesh,"Rohilkhand Med Coll, Bareilly",PAEDIATRICS,UP Priv-Open Quota,"?29,09,009*","?24,000*",1,"?7,50,000",720,,,
,Uttar Pradesh,"Hind IMS, Sitapur",PAEDIATRICS,UP Priv-Open Quota,"?20,40,950*","?30,000",1*,?0*,700,,,
,Uttar Pradesh,"Heritage IMS, Varanasi",PAEDIATRICS,UP Priv-Open Quota,"?21,12,517*","?21,000",0,?0,735,,,
,Uttar Pradesh,"IIMSR, Lucknow",PAEDIATRICS,UP Priv-Open Quota,"?38,95,000*","?40,800",0,?0,540,,,
,Uttar Pradesh,"Era Lucknow Med Coll, Lucknow",PAEDIATRICS,UP Priv-Min. Quota,"?36,10,000*","?62,000",0,?0,850,,,
,Uttar Pradesh,"FH Med Coll, Agra",PAEDIATRICS,UP Priv-Min. Quota,"?38,50,000*","?45,000",0,?0,932,,,
,Uttar Pradesh,"Career Instt of MS, Lucknow",PAEDIATRICS,UP Priv-Min. Quota,"?35,90,000*","?40,000",0,?0,600,,,
,Uttar Pradesh,"Teerthanker Med Coll,Moradabad",PAEDIATRICS,UP Priv-Min. Quota,"?36,00,000*","?69,600",0,?0,1000,,,
,Uttar Pradesh,"Subharti Med Coll, Meerut",PAEDIATRICS,UP Priv-Min. Quota,"?14,43,744*","?30,000*",2*,?0*,938,,,
,Uttar Pradesh,"IIMSR, Lucknow",PAEDIATRICS,UP Priv-Min. Quota,"?38,95,000*","?40,800",0,?0,540,,,
,Uttar Pradesh,"GSVM Med Coll, Kanpur",PATHOLOGY,UP-Govt Quota,"?40,000","?1,00,980*",2*,"?40,00,000*",2083,,,
,Uttar Pradesh,"S N Med Coll, Agra",PATHOLOGY,UP-Govt Quota,"?40,000","?1,00,980*",2*,"?40,00,000*",976,,,
,Uttar Pradesh,"KGMU, Lucknow",PATHOLOGY,UP-Govt Quota,"?54,700*","?1,09,955",2*,"?40,00,000*",4500,,,
,Uttar Pradesh,"SGPGI, Lucknow",PATHOLOGY,UP-Govt Quota,"?61,600*","?1,11,780",2*,"?40,00,000*",1609,,,
,Uttar Pradesh,"MLN Med Coll, Allahabad",PATHOLOGY,UP-Govt Quota,"?40,000","?1,00,980*",2*,"?40,00,000*",Info Not Available,,,
,Uttar Pradesh,"MLB Med Coll, Jhansi",PATHOLOGY,UP-Govt Quota,"?40,000","?1,00,980*",2*,"?40,00,000*",700,,,
,Uttar Pradesh,"Shaik-ul-Hind, Saharanpur",PATHOLOGY,UP-Govt Quota,"?40,000","?1,00,980*",2*,"?40,00,000*",500,,,
,Uttar Pradesh,"LLRM Med Coll, Meerut",PATHOLOGY,UP-Govt Quota,"?40,000","?1,00,980*",2*,"?40,00,000*",1090,,,
,Uttar Pradesh,"BRD Med Coll, Gorakhpur",PATHOLOGY,UP-Govt Quota,"?40,000","?1,00,980*",2*,"?40,00,000*",1050,,,
,Uttar Pradesh,"Rajkiya Med Coll, Jalaun",PATHOLOGY,UP-Govt Quota,"?40,000","?1,00,980*",2*,"?40,00,000*",Info Not Available,,,
,Uttar Pradesh,"UP Univ of Med Sci, Etawah",PATHOLOGY,UP-Govt Quota,"?40,000","?1,00,980*",2*,"?40,00,000*",1268,,,
,Uttar Pradesh,"Dr RML IMS, Lucknow",PATHOLOGY,UP-Govt Quota,"?37,500*","?1,08,672",2*,"?40,00,000*",Info Not Available,,,
,Uttar Pradesh,"Auton. State Med Coll, Ayodhya",PATHOLOGY,UP-Govt Quota,"?40,000","?1,00,980*",2*,"?40,00,000*",Info Not Available,,,
,Uttar Pradesh,"Govt Med Coll, Rampur, Basti",PATHOLOGY,UP-Govt Quota,"?40,000","?1,00,980*",2*,"?40,00,000*",500,,,
,Uttar Pradesh,"Govt Med Coll, Firozobad",PATHOLOGY,UP-Govt Quota,"?40,000","?1,00,980*",2*,"?40,00,000*",517,,,
,Uttar Pradesh,"Govt IMS, Kasna",PATHOLOGY,UP-Govt Quota,"?40,000","?1,00,980*",2*,"?40,00,000*",500,,,
,Uttar Pradesh,"Govt Med Coll, Shahjhanpur",PATHOLOGY,UP-Govt Quota,"?40,000","?1,00,980*",2*,"?40,00,000*",460,,,
,Uttar Pradesh,"Govt Med Coll, Kannauj",PATHOLOGY,UP-Govt Quota,"?40,000","?1,00,980*",2*,"?40,00,000*",470,,,
,Uttar Pradesh,"Saraswati IMS, Hapur",PATHOLOGY,UP Priv-Open Quota,"?10,88,846*","?25,000*",0,?0,851,,,
,Uttar Pradesh,"SMSR, Greater Noida",PATHOLOGY,UP Priv-Open Quota,"?13,68,025*","?32,000",0,?0,1200,,,
,Uttar Pradesh,"Rama Med Coll, Kanpur",PATHOLOGY,UP Priv-Open Quota,"?14,32,270*","?30,000",0,?0,730,,,
,Uttar Pradesh,Muzaffarnagar Medical College,PATHOLOGY,UP Priv-Open Quota,"?12,50,889*","?56,100*",1*,?0*,857,,,
,Uttar Pradesh,"Varun Arjun, Shahjahanpur",PATHOLOGY,UP Priv-Open Quota,"?12,02,199*",?0,0,?0,770,,,
,Uttar Pradesh,"National Captl Reg IMS, Meerut",PATHOLOGY,UP Priv-Open Quota,"?12,02,199*","?56,100",0,?0,680,,,
,Uttar Pradesh,"United InstofMed Sci,Allahabad",PATHOLOGY,UP Priv-Open Quota,"?11,96,543*",Info not available,0,?0,Info Not Available,,,
,Uttar Pradesh,"Krishna Mohan Med Coll,Mathura",PATHOLOGY,UP Priv-Open Quota,"?11,96,543*","?15,000*",0,?0,700,,,
,Uttar Pradesh,"Venkateshwara IMS, Gajraula",PATHOLOGY,UP Priv-Open Quota,"?12,02,199*","?36,000",0,?0,750,,,
,Uttar Pradesh,"Hind IMS, Barabanki",PATHOLOGY,UP Priv-Open Quota,"?6,00,000*","?35,000",1*,?0*,580,,,
,Uttar Pradesh,"KD Med Coll, Mathura",PATHOLOGY,UP Priv-Open Quota,"?8,00,000*","?32,000",0,?0,720,,,
,Uttar Pradesh,"TS Misra Med Coll, Lucknow",PATHOLOGY,UP Priv-Open Quota,"?2,00,000*","?30,000",0,?0,735,,,
,Uttar Pradesh,"Rajshree MRI, Bareilly",PATHOLOGY,UP Priv-Open Quota,"?8,00,000*","?32,000",1*,?0*,740,,,
,Uttar Pradesh,"SRMS IMS, Bareilly",PATHOLOGY,UP Priv-Open Quota,"?9,00,000*","?32,000*",1*,?0*,950,,,
,Uttar Pradesh,"Subharti Med Coll, Meerut",PATHOLOGY,UP Priv-Open Quota,"?10,80,000*","?30,000*",2*,?0*,938,,,
,Uttar Pradesh,"FH Med Coll, Agra",PATHOLOGY,UP Priv-Open Quota,"?12,50,000*","?45,000",0,?0,932,,,
,Uttar Pradesh,"Era Lucknow Med Coll, Lucknow",PATHOLOGY,UP Priv-Open Quota,"?10,90,000*","?62,000",0,?0,850,,,
,Uttar Pradesh,"Career Instt of MS, Lucknow",PATHOLOGY,UP Priv-Open Quota,"?8,00,000*","?40,000",0,?0,600,,,
,Uttar Pradesh,"Teerthanker Med Coll,Moradabad",PATHOLOGY,UP Priv-Open Quota,"?11,70,000*","?69,600",0,?0,1000,,,
,Uttar Pradesh,Noida International Inst of MS,PATHOLOGY,UP Priv-Open Quota,"?12,18,877*","?30,000",0,?0,Info Not Available,,,
,Uttar Pradesh,"Mayo IMS, Barabanki",PATHOLOGY,UP Priv-Open Quota,"?10,93,571*","?14,000*",0*,?0*,736,,,
,Uttar Pradesh,"Rohilkhand Med Coll, Bareilly",PATHOLOGY,UP Priv-Open Quota,"?11,00,000*","?24,000*",1,"?2,50,000",720,,,
,Uttar Pradesh,"Heritage IMS, Varanasi",PATHOLOGY,UP Priv-Open Quota,"?11,37,509*","?21,000",0,?0,735,,,
,Uttar Pradesh,"Hind IMS, Sitapur",PATHOLOGY,UP Priv-Open Quota,"?5,00,000*","?30,000",1*,?0*,700,,,
,Uttar Pradesh,"IIMSR, Lucknow",PATHOLOGY,UP Priv-Open Quota,"?12,00,000*","?40,800",0,?0,540,,,
,Uttar Pradesh,"FH Med Coll, Agra",PATHOLOGY,UP Priv-Min. Quota,"?12,50,000*","?45,000",0,?0,932,,,
,Uttar Pradesh,"Era Lucknow Med Coll, Lucknow",PATHOLOGY,UP Priv-Min. Quota,"?10,90,000*","?62,000",0,?0,850,,,
,Uttar Pradesh,"Career Instt of MS, Lucknow",PATHOLOGY,UP Priv-Min. Quota,"?8,00,000*","?40,000",0,?0,600,,,
,Uttar Pradesh,"Teerthanker Med Coll,Moradabad",PATHOLOGY,UP Priv-Min. Quota,"?11,70,000*","?69,600",0,?0,1000,,,
,Uttar Pradesh,"Subharti Med Coll, Meerut",PATHOLOGY,UP Priv-Min. Quota,"?10,80,000*","?30,000*",2*,?0*,938,,,
,Uttar Pradesh,"IIMSR, Lucknow",PATHOLOGY,UP Priv-Min. Quota,"?12,00,000*","?40,800",0,?0,540,,,
,Uttar Pradesh,"MLN Med Coll, Allahabad",PHARMACOLOGY,UP-Govt Quota,"?40,000","?1,00,980*",2*,"?40,00,000*",Info Not Available,,,
,Uttar Pradesh,"LLRM Med Coll, Meerut",PHARMACOLOGY,UP-Govt Quota,"?40,000","?1,00,980*",2*,"?40,00,000*",1090,,,
,Uttar Pradesh,"Govt Med Coll, Azamgarh",PHARMACOLOGY,UP-Govt Quota,"?40,000","?1,00,980*",2*,"?40,00,000*",550,,,
,Uttar Pradesh,"MLB Med Coll, Jhansi",PHARMACOLOGY,UP-Govt Quota,"?40,000","?1,00,980*",2*,"?40,00,000*",700,,,
,Uttar Pradesh,"Shaik-ul-Hind, Saharanpur",PHARMACOLOGY,UP-Govt Quota,"?40,000","?1,00,980*",2*,"?40,00,000*",500,,,
,Uttar Pradesh,"Govt Med Coll, Kannauj",PHARMACOLOGY,UP-Govt Quota,"?40,000","?1,00,980*",2*,"?40,00,000*",470,,,
,Uttar Pradesh,"KGMU, Lucknow",PHARMACOLOGY,UP-Govt Quota,"?54,700*","?1,09,955",2*,"?40,00,000*",4500,,,
,Uttar Pradesh,"GSVM Med Coll, Kanpur",PHARMACOLOGY,UP-Govt Quota,"?40,000","?1,00,980*",2*,"?40,00,000*",2083,,,
,Uttar Pradesh,"BRD Med Coll, Gorakhpur",PHARMACOLOGY,UP-Govt Quota,"?40,000","?1,00,980*",2*,"?40,00,000*",1050,,,
,Uttar Pradesh,"Dr RML IMS, Lucknow",PHARMACOLOGY,UP-Govt Quota,"?37,500*","?1,08,672",2*,"?40,00,000*",Info Not Available,,,
,Uttar Pradesh,"S N Med Coll, Agra",PHARMACOLOGY,UP-Govt Quota,"?40,000","?1,00,980*",2*,"?40,00,000*",976,,,
,Uttar Pradesh,"UP Univ of Med Sci, Etawah",PHARMACOLOGY,UP-Govt Quota,"?40,000","?1,00,980*",2*,"?40,00,000*",1268,,,
,Uttar Pradesh,"Auton. State Med Coll, Ayodhya",PHARMACOLOGY,UP-Govt Quota,"?40,000","?1,00,980*",2*,"?40,00,000*",Info Not Available,,,
,Uttar Pradesh,"Govt Med Coll, Shahjhanpur",PHARMACOLOGY,UP-Govt Quota,"?40,000","?1,00,980*",2*,"?40,00,000*",460,,,
,Uttar Pradesh,"Govt IMS, Kasna",PHARMACOLOGY,UP-Govt Quota,"?40,000","?1,00,980*",2*,"?40,00,000*",500,,,
,Uttar Pradesh,"Govt Allopathic Med Coll,Banda",PHARMACOLOGY,UP-Govt Quota,"?40,000","?1,00,980*",2*,"?40,00,000*",430,,,
,Uttar Pradesh,"Govt Med Coll, Firozobad",PHARMACOLOGY,UP-Govt Quota,"?40,000","?1,00,980*",2*,"?40,00,000*",517,,,
,Uttar Pradesh,"SMSR, Greater Noida",PHARMACOLOGY,UP Priv-Open Quota,"?9,77,116*","?32,000",0,?0,1200,,,
,Uttar Pradesh,"Saraswati IMS, Hapur",PHARMACOLOGY,UP Priv-Open Quota,"?10,000*","?25,000*",0,?0,851,,,
,Uttar Pradesh,"Hind IMS, Barabanki",PHARMACOLOGY,UP Priv-Open Quota,?0*,"?35,000",1*,?0*,580,,,
,Uttar Pradesh,Muzaffarnagar Medical College,PHARMACOLOGY,UP Priv-Open Quota,"?8,93,521*","?56,100*",1*,?0*,857,,,
,Uttar Pradesh,"TS Misra Med Coll, Lucknow",PHARMACOLOGY,UP Priv-Open Quota,?0*,"?10,000",0,?0,735,,,
,Uttar Pradesh,"Rajshree MRI, Bareilly",PHARMACOLOGY,UP Priv-Open Quota,"?11,000*","?32,000",1*,?0*,740,,,
,Uttar Pradesh,"Rama Med Coll, Kanpur",PHARMACOLOGY,UP Priv-Open Quota,"?40,000*","?30,000",0,?0,730,,,
,Uttar Pradesh,"SRMS IMS, Bareilly",PHARMACOLOGY,UP Priv-Open Quota,"?36,000*","?32,000*",1*,?0*,950,,,
,Uttar Pradesh,"Subharti Med Coll, Meerut",PHARMACOLOGY,UP Priv-Open Quota,?0*,"?30,000*",2*,Info not available*,938,,,
,Uttar Pradesh,"Era Lucknow Med Coll, Lucknow",PHARMACOLOGY,UP Priv-Open Quota,"?6,00,000*",?0*,0,?0,850,,,
,Uttar Pradesh,"Career Instt of MS, Lucknow",PHARMACOLOGY,UP Priv-Open Quota,"?1,00,000*",Info not available*,0,?0,600,,,
,Uttar Pradesh,"Teerthanker Med Coll,Moradabad",PHARMACOLOGY,UP Priv-Open Quota,"?10,000*",Info not available*,0,?0,1000,,,
,Uttar Pradesh,"Mayo IMS, Barabanki",PHARMACOLOGY,UP Priv-Open Quota,"?5,00,000*","?14,000*",0*,?0*,736,,,
,Uttar Pradesh,"Rohilkhand Med Coll, Bareilly",PHARMACOLOGY,UP Priv-Open Quota,"?50,000*","?24,000*",0,?0,720,,,
,Uttar Pradesh,"Heritage IMS, Varanasi",PHARMACOLOGY,UP Priv-Open Quota,"?5,00,000*","?21,000",0,?0,735,,,
,Uttar Pradesh,"Era Lucknow Med Coll, Lucknow",PHARMACOLOGY,UP Priv-Min. Quota,"?6,00,000*",?0*,0,?0,850,,,
,Uttar Pradesh,"Career Instt of MS, Lucknow",PHARMACOLOGY,UP Priv-Min. Quota,"?1,00,000*",Info not available*,0,?0,600,,,
,Uttar Pradesh,"Teerthanker Med Coll,Moradabad",PHARMACOLOGY,UP Priv-Min. Quota,"?10,000*",Info not available*,0,?0,1000,,,
,Uttar Pradesh,"Subharti Med Coll, Meerut",PHARMACOLOGY,UP Priv-Min. Quota,?0*,"?30,000*",2*,Info not available*,938,,,
,Uttar Pradesh,"KGMU, Lucknow",PMR,UP-Govt Quota,"?54,700*","?1,09,955",2*,"?40,00,000*",4500,,,
,Uttar Pradesh,"LLRM Med Coll, Meerut",PHYSIOLOGY,UP-Govt Quota,"?40,000","?1,00,980*",2*,"?40,00,000*",1090,,,
,Uttar Pradesh,"GSVM Med Coll, Kanpur",PHYSIOLOGY,UP-Govt Quota,"?40,000","?1,00,980*",2*,"?40,00,000*",2083,,,
,Uttar Pradesh,"MLN Med Coll, Allahabad",PHYSIOLOGY,UP-Govt Quota,"?40,000","?1,00,980*",2*,"?40,00,000*",Info Not Available,,,
,Uttar Pradesh,"Govt Med Coll, Kannauj",PHYSIOLOGY,UP-Govt Quota,"?40,000","?1,00,980*",2*,"?40,00,000*",470,,,
,Uttar Pradesh,"MLB Med Coll, Jhansi",PHYSIOLOGY,UP-Govt Quota,"?40,000","?1,00,980*",2*,"?40,00,000*",700,,,
,Uttar Pradesh,"Govt Allopathic Med Coll,Banda",PHYSIOLOGY,UP-Govt Quota,"?40,000","?1,00,980*",2*,"?40,00,000*",430,,,
,Uttar Pradesh,"BRD Med Coll, Gorakhpur",PHYSIOLOGY,UP-Govt Quota,"?40,000","?1,00,980*",2*,"?40,00,000*",1050,,,
,Uttar Pradesh,"KGMU, Lucknow",PHYSIOLOGY,UP-Govt Quota,"?54,700*","?1,09,955",2*,"?40,00,000*",4500,,,
,Uttar Pradesh,"Dr RML IMS, Lucknow",PHYSIOLOGY,UP-Govt Quota,"?37,500*","?1,08,672",2*,"?40,00,000*",Info Not Available,,,
,Uttar Pradesh,"S N Med Coll, Agra",PHYSIOLOGY,UP-Govt Quota,"?40,000","?1,00,980*",2*,"?40,00,000*",976,,,
,Uttar Pradesh,"UP Univ of Med Sci, Etawah",PHYSIOLOGY,UP-Govt Quota,"?40,000","?1,00,980*",2*,"?40,00,000*",1268,,,
,Uttar Pradesh,"Auton. State Med Coll, Ayodhya",PHYSIOLOGY,UP-Govt Quota,"?40,000","?1,00,980*",2*,"?40,00,000*",Info Not Available,,,
,Uttar Pradesh,"Govt Med Coll, Bahraich",PHYSIOLOGY,UP-Govt Quota,"?40,000","?1,00,980*",2*,"?40,00,000*",Info Not Available,,,
,Uttar Pradesh,"Govt Med Coll, Rampur, Basti",PHYSIOLOGY,UP-Govt Quota,"?40,000","?1,00,980*",2*,"?40,00,000*",500,,,
,Uttar Pradesh,"Govt IMS, Kasna",PHYSIOLOGY,UP-Govt Quota,"?40,000","?1,00,980*",2*,"?40,00,000*",500,,,
,Uttar Pradesh,"Govt Med Coll, Firozobad",PHYSIOLOGY,UP-Govt Quota,"?40,000","?1,00,980*",2*,"?40,00,000*",517,,,
,Uttar Pradesh,"Govt Med Coll, Shahjhanpur",PHYSIOLOGY,UP-Govt Quota,"?40,000","?1,00,980*",2*,"?40,00,000*",460,,,
,Uttar Pradesh,"SMSR, Greater Noida",PHYSIOLOGY,UP Priv-Open Quota,"?9,77,116*","?32,000",0,?0,1200,,,
,Uttar Pradesh,"Hind IMS, Barabanki",PHYSIOLOGY,UP Priv-Open Quota,?0*,"?35,000",1*,?0*,580,,,
,Uttar Pradesh,"Saraswati IMS, Hapur",PHYSIOLOGY,UP Priv-Open Quota,"?10,000*","?25,000*",0,?0,851,,,
,Uttar Pradesh,"Rama Med Coll, Kanpur",PHYSIOLOGY,UP Priv-Open Quota,"?40,000*","?30,000",0,?0,730,,,
,Uttar Pradesh,Muzaffarnagar Medical College,PHYSIOLOGY,UP Priv-Open Quota,"?8,93,521*","?56,100*",1*,?0*,857,,,
,Uttar Pradesh,"SRMS IMS, Bareilly",PHYSIOLOGY,UP Priv-Open Quota,"?36,000*","?32,000*",1*,?0*,950,,,
,Uttar Pradesh,"Subharti Med Coll, Meerut",PHYSIOLOGY,UP Priv-Open Quota,?0*,"?30,000*",2*,Info not available*,938,,,
,Uttar Pradesh,"Career Instt of MS, Lucknow",PHYSIOLOGY,UP Priv-Open Quota,"?1,00,000*",Info not available*,0,?0,600,,,
,Uttar Pradesh,"Era Lucknow Med Coll, Lucknow",PHYSIOLOGY,UP Priv-Open Quota,"?6,00,000*",?0*,0,?0,850,,,
,Uttar Pradesh,"Teerthanker Med Coll,Moradabad",PHYSIOLOGY,UP Priv-Open Quota,"?10,000*",Info not available*,0,?0,1000,,,
,Uttar Pradesh,"United InstofMed Sci,Allahabad",PHYSIOLOGY,UP Priv-Open Quota,"?8,74,840*",Info not available,0,?0,Info Not Available,,,
,Uttar Pradesh,"Mayo IMS, Barabanki",PHYSIOLOGY,UP Priv-Open Quota,"?5,00,000*","?14,000*",0*,?0*,736,,,
,Uttar Pradesh,"Rohilkhand Med Coll, Bareilly",PHYSIOLOGY,UP Priv-Open Quota,"?50,000*","?24,000*",0,?0,720,,,
,Uttar Pradesh,"Career Instt of MS, Lucknow",PHYSIOLOGY,UP Priv-Min. Quota,"?1,00,000*",Info not available*,0,?0,600,,,
,Uttar Pradesh,"Era Lucknow Med Coll, Lucknow",PHYSIOLOGY,UP Priv-Min. Quota,"?6,00,000*",?0*,0,?0,850,,,
,Uttar Pradesh,"Teerthanker Med Coll,Moradabad",PHYSIOLOGY,UP Priv-Min. Quota,"?10,000*",Info not available*,0,?0,1000,,,
,Uttar Pradesh,"Subharti Med Coll, Meerut",PHYSIOLOGY,UP Priv-Min. Quota,?0*,"?30,000*",2*,Info not available*,938,,,
,Uttar Pradesh,"S N Med Coll, Agra",PSYCHIATRY,UP-Govt Quota,"?40,000","?1,00,980*",2*,"?40,00,000*",976,,,
,Uttar Pradesh,"KGMU, Lucknow",PSYCHIATRY,UP-Govt Quota,"?54,700*","?1,09,955",2*,"?40,00,000*",4500,,,
,Uttar Pradesh,"LLRM Med Coll, Meerut",PSYCHIATRY,UP-Govt Quota,"?40,000","?1,00,980*",2*,"?40,00,000*",1090,,,
,Uttar Pradesh,"BRD Med Coll, Gorakhpur",PSYCHIATRY,UP-Govt Quota,"?40,000","?1,00,980*",2*,"?40,00,000*",1050,,,
,Uttar Pradesh,"MLN Med Coll, Allahabad",PSYCHIATRY,UP-Govt Quota,"?40,000","?1,00,980*",2*,"?40,00,000*",Info Not Available,,,
,Uttar Pradesh,"IMHH, Agra",PSYCHIATRY,UP-Govt Quota,"?40,000","?1,00,980*",2*,"?40,00,000*",718,,,
,Uttar Pradesh,"SRMS IMS, Bareilly",PSYCHIATRY,UP Priv-Open Quota,"?23,00,000*","?32,000*",1*,?0*,950,,,
,Uttar Pradesh,"Subharti Med Coll, Meerut",PSYCHIATRY,UP Priv-Open Quota,"?14,43,744*","?30,000*",2*,?0*,938,,,
,Uttar Pradesh,"Varun Arjun, Shahjahanpur",PSYCHIATRY,UP Priv-Open Quota,"?23,38,116*","?24,000*",1,"?5,00,000",770,,,
,Uttar Pradesh,"Rama Med Coll, Kanpur",PSYCHIATRY,UP Priv-Open Quota,"?25,62,430*","?30,000",0,?0,730,,,
,Uttar Pradesh,"KD Med Coll, Mathura",PSYCHIATRY,UP Priv-Open Quota,"?21,63,946*","?32,000",0,?0,720,,,
,Uttar Pradesh,"Hind IMS, Barabanki",PSYCHIATRY,UP Priv-Open Quota,"?25,24,901*","?35,000",1*,?0*,580,,,
,Uttar Pradesh,"Krishna Mohan Med Coll,Mathura",PSYCHIATRY,UP Priv-Open Quota,"?21,63,946*","?15,000*",0,?0,700,,,
,Uttar Pradesh,"Venkateshwara IMS, Gajraula",PSYCHIATRY,UP Priv-Open Quota,"?21,63,946*","?36,000",0,?0,750,,,
,Uttar Pradesh,"Rama Med Coll, Hapur",PSYCHIATRY,UP Priv-Open Quota,"?24,75,612*","?30,000*",Info Not Available,Info not available,1259,,,
,Uttar Pradesh,"GS Med Coll Hosp,Hapur",PSYCHIATRY,UP Priv-Open Quota,"?21,63,946*","?32,000",0,?0,Info Not Available,,,
,Uttar Pradesh,"Prasad Inst of Med Sci,Lucknow",PSYCHIATRY,UP Priv-Open Quota,"?21,63,946*","?18,000",0,?0,410,,,
,Uttar Pradesh,"Rajshree MRI, Bareilly",PSYCHIATRY,UP Priv-Open Quota,"?24,89,880*","?32,000",1*,?0*,740,,,
,Uttar Pradesh,"Saraswati IMS, Hapur",PSYCHIATRY,UP Priv-Open Quota,"?20,22,143*","?32,000*",0,?0,851,,,
,Uttar Pradesh,Muzaffarnagar Medical College,PSYCHIATRY,UP Priv-Open Quota,"?23,23,197*","?56,100*",1*,?0*,857,,,
,Uttar Pradesh,"SMSR, Greater Noida",PSYCHIATRY,UP Priv-Open Quota,"?25,40,649*","?32,000",0,?0,1200,,,
,Uttar Pradesh,"Era Lucknow Med Coll, Lucknow",PSYCHIATRY,UP Priv-Open Quota,"?25,10,000*","?62,000",0,?0,850,,,
,Uttar Pradesh,"Career Instt of MS, Lucknow",PSYCHIATRY,UP Priv-Open Quota,"?26,90,000*","?40,000",0,?0,600,,,
,Uttar Pradesh,"FH Med Coll, Agra",PSYCHIATRY,UP Priv-Open Quota,"?24,00,000*","?45,000",0,?0,932,,,
,Uttar Pradesh,"Teerthanker Med Coll,Moradabad",PSYCHIATRY,UP Priv-Open Quota,"?23,40,000*","?69,600",0,?0,1000,,,
,Uttar Pradesh,"National Captl Reg IMS, Meerut",PSYCHIATRY,UP Priv-Open Quota,"?22,35,387*","?56,100",0,?0,680,,,
,Uttar Pradesh,"Rohilkhand Med Coll, Bareilly",PSYCHIATRY,UP Priv-Open Quota,"?23,09,009*","?24,000*",1,"?5,00,000",720,,,
,Uttar Pradesh,"Hind IMS, Sitapur",PSYCHIATRY,UP Priv-Open Quota,"?20,40,950*","?30,000",1*,?0*,700,,,
,Uttar Pradesh,"IIMSR, Lucknow",PSYCHIATRY,UP Priv-Open Quota,"?25,00,000*","?40,800",0,?0,540,,,
,Uttar Pradesh,"Era Lucknow Med Coll, Lucknow",PSYCHIATRY,UP Priv-Min. Quota,"?25,10,000*","?62,000",0,?0,850,,,
,Uttar Pradesh,"Career Instt of MS, Lucknow",PSYCHIATRY,UP Priv-Min. Quota,"?26,90,000*","?40,000",0,?0,600,,,
,Uttar Pradesh,"FH Med Coll, Agra",PSYCHIATRY,UP Priv-Min. Quota,"?24,00,000*","?45,000",0,?0,932,,,
,Uttar Pradesh,"Teerthanker Med Coll,Moradabad",PSYCHIATRY,UP Priv-Min. Quota,"?23,40,000*","?69,600",0,?0,1000,,,
,Uttar Pradesh,"Subharti Med Coll, Meerut",PSYCHIATRY,UP Priv-Min. Quota,"?14,43,744*","?30,000*",2*,?0*,938,,,
,Uttar Pradesh,"IIMSR, Lucknow",PSYCHIATRY,UP Priv-Min. Quota,"?25,00,000*","?40,800",0,?0,540,,,
,Uttar Pradesh,"KGMU, Lucknow",RADIATION ONCOLOGY,UP-Govt Quota,"?54,700*","?1,09,955",2*,"?40,00,000*",4500,,,
,Uttar Pradesh,"GSVM Med Coll, Kanpur",RADIATION ONCOLOGY,UP-Govt Quota,"?40,000","?1,00,980*",2*,"?40,00,000*",2083,,,
,Uttar Pradesh,"SGPGI, Lucknow",RADIATION ONCOLOGY,UP-Govt Quota,"?61,600*","?1,11,780",2*,"?40,00,000*",1609,,,
,Uttar Pradesh,"S N Med Coll, Agra",RADIATION ONCOLOGY,UP-Govt Quota,"?40,000","?1,00,980*",2*,"?40,00,000*",976,,,
,Uttar Pradesh,"MLN Med Coll, Allahabad",RADIATION ONCOLOGY,UP-Govt Quota,"?40,000","?1,00,980*",2*,"?40,00,000*",Info Not Available,,,
,Uttar Pradesh,"Dr RML IMS, Lucknow",RADIATION ONCOLOGY,UP-Govt Quota,"?37,500*","?1,08,672",2*,"?40,00,000*",Info Not Available,,,
,Uttar Pradesh,"SRMS IMS, Bareilly",RADIATION ONCOLOGY,UP Priv-Open Quota,"?16,00,000*","?32,000*",1*,?0*,950,,,
,Uttar Pradesh,"Subharti Med Coll, Meerut",RADIATION ONCOLOGY,UP Priv-Open Quota,"?14,43,744*","?30,000*",2*,?0*,938,,,
,Uttar Pradesh,"Rohilkhand Med Coll, Bareilly",RADIATION ONCOLOGY,UP Priv-Open Quota,"?18,00,000*","?24,000*",0,?0,720,,,
,Uttar Pradesh,"LLRM Med Coll, Meerut",RADIO DIAGNOSIS,UP-Govt Quota,"?40,000","?1,00,980*",2*,"?40,00,000*",1090,,,
,Uttar Pradesh,"MLB Med Coll, Jhansi",RADIO DIAGNOSIS,UP-Govt Quota,"?40,000","?1,00,980*",2*,"?40,00,000*",700,,,
,Uttar Pradesh,"GSVM Med Coll, Kanpur",RADIO DIAGNOSIS,UP-Govt Quota,"?40,000","?1,00,980*",2*,"?40,00,000*",2083,,,
,Uttar Pradesh,"SGPGI, Lucknow",RADIO DIAGNOSIS,UP-Govt Quota,"?61,600*","?1,11,780",2*,"?40,00,000*",1609,,,
,Uttar Pradesh,"KGMU, Lucknow",RADIO DIAGNOSIS,UP-Govt Quota,"?54,700*","?1,09,955",2*,"?40,00,000*",4500,,,
,Uttar Pradesh,"MLN Med Coll, Allahabad",RADIO DIAGNOSIS,UP-Govt Quota,"?40,000","?1,00,980*",2*,"?40,00,000*",Info Not Available,,,
,Uttar Pradesh,"S N Med Coll, Agra",RADIO DIAGNOSIS,UP-Govt Quota,"?40,000","?1,00,980*",2*,"?40,00,000*",976,,,
,Uttar Pradesh,"BRD Med Coll, Gorakhpur",RADIO DIAGNOSIS,UP-Govt Quota,"?40,000","?1,00,980*",2*,"?40,00,000*",1050,,,
,Uttar Pradesh,"Dr RML IMS, Lucknow",RADIO DIAGNOSIS,UP-Govt Quota,"?37,500*","?1,08,672",2*,"?40,00,000*",Info Not Available,,,
,Uttar Pradesh,"Varun Arjun, Shahjahanpur",RADIO DIAGNOSIS,UP Priv-Open Quota,"?23,38,116*","?24,000*",1,"?10,00,000",770,,,
,Uttar Pradesh,"KD Med Coll, Mathura",RADIO DIAGNOSIS,UP Priv-Open Quota,"?21,63,946*","?32,000",0,?0,720,,,
,Uttar Pradesh,"Saraswati IMS, Hapur",RADIO DIAGNOSIS,UP Priv-Open Quota,"?20,22,143*","?32,000*",0,?0,851,,,
,Uttar Pradesh,"TS Misra Med Coll, Lucknow",RADIO DIAGNOSIS,UP Priv-Open Quota,"?21,63,946*","?30,000",0,?0,735,,,
,Uttar Pradesh,"Venkateshwara IMS, Gajraula",RADIO DIAGNOSIS,UP Priv-Open Quota,"?21,63,946*","?36,000",0,?0,750,,,
,Uttar Pradesh,"Rajshree MRI, Bareilly",RADIO DIAGNOSIS,UP Priv-Open Quota,"?24,89,880*","?32,000",1*,?0*,740,,,
,Uttar Pradesh,"GS Med Coll Hosp,Hapur",RADIO DIAGNOSIS,UP Priv-Open Quota,"?21,63,946*","?32,000",0,?0,Info Not Available,,,
,Uttar Pradesh,Muzaffarnagar Medical College,RADIO DIAGNOSIS,UP Priv-Open Quota,"?23,23,197*","?56,100*",1*,?0*,857,,,
,Uttar Pradesh,"Rama Med Coll, Hapur",RADIO DIAGNOSIS,UP Priv-Open Quota,"?24,75,612*","?30,000*",Info Not Available,Info not available,1259,,,
,Uttar Pradesh,"Rama Med Coll, Kanpur",RADIO DIAGNOSIS,UP Priv-Open Quota,"?25,62,430*","?30,000",0,?0,730,,,
,Uttar Pradesh,"Hind IMS, Barabanki",RADIO DIAGNOSIS,UP Priv-Open Quota,"?25,24,901*","?35,000",1*,?0*,580,,,
,Uttar Pradesh,"SMSR, Greater Noida",RADIO DIAGNOSIS,UP Priv-Open Quota,"?25,40,649*","?32,000",0,?0,1200,,,
,Uttar Pradesh,"SRMS IMS, Bareilly",RADIO DIAGNOSIS,UP Priv-Open Quota,"?25,09,957*","?32,000*",1*,?0*,950,,,
,Uttar Pradesh,"Subharti Med Coll, Meerut",RADIO DIAGNOSIS,UP Priv-Open Quota,"?14,43,744*","?30,000*",2*,?0*,938,,,
,Uttar Pradesh,"Career Instt of MS, Lucknow",RADIO DIAGNOSIS,UP Priv-Open Quota,"?42,20,000*","?40,000",0,?0,600,,,
,Uttar Pradesh,"FH Med Coll, Agra",RADIO DIAGNOSIS,UP Priv-Open Quota,"?42,50,000*","?45,000",0,?0,932,,,
,Uttar Pradesh,"Teerthanker Med Coll,Moradabad",RADIO DIAGNOSIS,UP Priv-Open Quota,"?39,90,000*","?69,600",0,?0,1000,,,
,Uttar Pradesh,"Era Lucknow Med Coll, Lucknow",RADIO DIAGNOSIS,UP Priv-Open Quota,"?39,95,000*","?62,000",0,?0,850,,,
,Uttar Pradesh,"National Captl Reg IMS, Meerut",RADIO DIAGNOSIS,UP Priv-Open Quota,"?22,35,387*","?56,100",0,?0,680,,,
,Uttar Pradesh,"Prasad Inst of Med Sci,Lucknow",RADIO DIAGNOSIS,UP Priv-Open Quota,"?21,63,946*","?18,000",0,?0,410,,,
,Uttar Pradesh,"Krishna Mohan Med Coll,Mathura",RADIO DIAGNOSIS,UP Priv-Open Quota,"?21,63,946*","?15,000*",0,?0,700,,,
,Uttar Pradesh,"Mayo IMS, Barabanki",RADIO DIAGNOSIS,UP Priv-Open Quota,"?20,30,961*","?14,000*",1*,?0*,736,,,
,Uttar Pradesh,"Rohilkhand Med Coll, Bareilly",RADIO DIAGNOSIS,UP Priv-Open Quota,"?29,09,009*","?24,000*",1,"?15,00,000",720,,,
,Uttar Pradesh,"Heritage IMS, Varanasi",RADIO DIAGNOSIS,UP Priv-Open Quota,"?21,12,517*","?21,000",0,?0,735,,,
,Uttar Pradesh,"Hind IMS, Sitapur",RADIO DIAGNOSIS,UP Priv-Open Quota,"?20,40,950*","?30,000",1*,?0*,700,,,
,Uttar Pradesh,"IIMSR, Lucknow",RADIO DIAGNOSIS,UP Priv-Open Quota,"?41,95,000*","?40,800",0,?0,540,,,
,Uttar Pradesh,"Career Instt of MS, Lucknow",RADIO DIAGNOSIS,UP Priv-Min. Quota,"?42,20,000*","?40,000",0,?0,600,,,
,Uttar Pradesh,"FH Med Coll, Agra",RADIO DIAGNOSIS,UP Priv-Min. Quota,"?42,50,000*","?45,000",0,?0,932,,,
,Uttar Pradesh,"Teerthanker Med Coll,Moradabad",RADIO DIAGNOSIS,UP Priv-Min. Quota,"?39,90,000*","?69,600",0,?0,1000,,,
,Uttar Pradesh,"Era Lucknow Med Coll, Lucknow",RADIO DIAGNOSIS,UP Priv-Min. Quota,"?39,95,000*","?62,000",0,?0,850,,,
,Uttar Pradesh,"Subharti Med Coll, Meerut",RADIO DIAGNOSIS,UP Priv-Min. Quota,"?14,43,744*","?30,000*",2*,?0*,938,,,
,Uttar Pradesh,"IIMSR, Lucknow",RADIO DIAGNOSIS,UP Priv-Min. Quota,"?41,95,000*","?40,800",0,?0,540,,,
,Uttar Pradesh,"MLN Med Coll, Allahabad",SPM,UP-Govt Quota,"?40,000","?1,00,980*",2*,"?40,00,000*",Info Not Available,,,
,Uttar Pradesh,"Govt Allopathic Med Coll,Banda",SPM,UP-Govt Quota,"?40,000","?1,00,980*",2*,"?40,00,000*",430,,,
,Uttar Pradesh,"BRD Med Coll, Gorakhpur",SPM,UP-Govt Quota,"?40,000","?1,00,980*",2*,"?40,00,000*",1050,,,
,Uttar Pradesh,"KGMU, Lucknow",SPM,UP-Govt Quota,"?54,700*","?1,09,955",2*,"?40,00,000*",4500,,,
,Uttar Pradesh,"MLB Med Coll, Jhansi",SPM,UP-Govt Quota,"?40,000","?1,00,980*",2*,"?40,00,000*",700,,,
,Uttar Pradesh,"Shaik-ul-Hind, Saharanpur",SPM,UP-Govt Quota,"?40,000","?1,00,980*",2*,"?40,00,000*",500,,,
,Uttar Pradesh,"S N Med Coll, Agra",SPM,UP-Govt Quota,"?40,000","?1,00,980*",2*,"?40,00,000*",976,,,
,Uttar Pradesh,"GSVM Med Coll, Kanpur",SPM,UP-Govt Quota,"?40,000","?1,00,980*",2*,"?40,00,000*",2083,,,
,Uttar Pradesh,"Govt Med Coll, Azamgarh",SPM,UP-Govt Quota,"?40,000","?1,00,980*",2*,"?40,00,000*",550,,,
,Uttar Pradesh,"Rajkiya Med Coll, Jalaun",SPM,UP-Govt Quota,"?40,000","?1,00,980*",2*,"?40,00,000*",Info Not Available,,,
,Uttar Pradesh,"LLRM Med Coll, Meerut",SPM,UP-Govt Quota,"?40,000","?1,00,980*",2*,"?40,00,000*",1090,,,
,Uttar Pradesh,"Dr RML IMS, Lucknow",SPM,UP-Govt Quota,"?37,500*","?1,08,672",2*,"?40,00,000*",Info Not Available,,,
,Uttar Pradesh,"UP Univ of Med Sci, Etawah",SPM,UP-Govt Quota,"?40,000","?1,00,980*",2*,"?40,00,000*",1268,,,
,Uttar Pradesh,"Auton. State Med Coll, Ayodhya",SPM,UP-Govt Quota,"?40,000","?1,00,980*",2*,"?40,00,000*",Info Not Available,,,
,Uttar Pradesh,"Govt Med Coll, Bahraich",SPM,UP-Govt Quota,"?40,000","?1,00,980*",2*,"?40,00,000*",Info Not Available,,,
,Uttar Pradesh,"Govt Med Coll, Rampur, Basti",SPM,UP-Govt Quota,"?40,000","?1,00,980*",2*,"?40,00,000*",500,,,
,Uttar Pradesh,"Govt Med Coll, Firozobad",SPM,UP-Govt Quota,"?40,000","?1,00,980*",2*,"?40,00,000*",517,,,
,Uttar Pradesh,"Govt IMS, Kasna",SPM,UP-Govt Quota,"?40,000","?1,00,980*",2*,"?40,00,000*",500,,,
,Uttar Pradesh,"MRA Med Coll, Ambedkarnagar",SPM,UP-Govt Quota,"?40,000","?1,00,980*",2*,"?40,00,000*",490,,,
,Uttar Pradesh,"Govt Med Coll, Badaun",SPM,UP-Govt Quota,"?40,000","?1,00,980*",2*,"?40,00,000*",Info Not Available,,,
,Uttar Pradesh,"Govt Med Coll, Shahjhanpur",SPM,UP-Govt Quota,"?40,000","?1,00,980*",2*,"?40,00,000*",460,,,
,Uttar Pradesh,"Govt Med Coll, Kannauj",SPM,UP-Govt Quota,"?40,000","?1,00,980*",2*,"?40,00,000*",470,,,
,Uttar Pradesh,"Varun Arjun, Shahjahanpur",SPM,UP Priv-Open Quota,"?4,00,000*",?0,0,?0,770,,,
,Uttar Pradesh,"SMSR, Greater Noida",SPM,UP Priv-Open Quota,"?9,77,116*","?32,000",0,?0,1200,,,
,Uttar Pradesh,Muzaffarnagar Medical College,SPM,UP Priv-Open Quota,"?8,93,521*","?56,100*",1*,?0*,857,,,
,Uttar Pradesh,"Saraswati IMS, Hapur",SPM,UP Priv-Open Quota,"?50,000*","?25,000*",0,?0,851,,,
,Uttar Pradesh,"National Captl Reg IMS, Meerut",SPM,UP Priv-Open Quota,"?8,80,186*","?56,100",0,?0,680,,,
,Uttar Pradesh,"Rajshree MRI, Bareilly",SPM,UP Priv-Open Quota,"?11,000*","?32,000",1*,?0*,740,,,
,Uttar Pradesh,"Hind IMS, Barabanki",SPM,UP Priv-Open Quota,"?6,00,000*","?35,000",1*,?0*,580,,,
,Uttar Pradesh,"TS Misra Med Coll, Lucknow",SPM,UP Priv-Open Quota,?0*,"?10,000",0,?0,735,,,
,Uttar Pradesh,"Rama Med Coll, Kanpur",SPM,UP Priv-Open Quota,"?40,000*","?30,000",0,?0,730,,,
,Uttar Pradesh,"SRMS IMS, Bareilly",SPM,UP Priv-Open Quota,"?36,000*","?32,000*",1*,?0*,950,,,
,Uttar Pradesh,"Subharti Med Coll, Meerut",SPM,UP Priv-Open Quota,?0*,"?30,000*",2*,Info not available*,938,,,
,Uttar Pradesh,"FH Med Coll, Agra",SPM,UP Priv-Open Quota,"?10,000*","?45,000",0,?0,932,,,
,Uttar Pradesh,"Era Lucknow Med Coll, Lucknow",SPM,UP Priv-Open Quota,"?6,00,000*",?0*,0,?0,850,,,
,Uttar Pradesh,"Career Instt of MS, Lucknow",SPM,UP Priv-Open Quota,"?1,00,000*",Info not available*,0,?0,600,,,
,Uttar Pradesh,"Teerthanker Med Coll,Moradabad",SPM,UP Priv-Open Quota,"?10,000*",Info not available*,0,?0,1000,,,
,Uttar Pradesh,"Mayo IMS, Barabanki",SPM,UP Priv-Open Quota,"?5,00,000*","?14,000*",0*,?0*,736,,,
,Uttar Pradesh,"Rohilkhand Med Coll, Bareilly",SPM,UP Priv-Open Quota,"?1,00,000*","?24,000*",0,?0,720,,,
,Uttar Pradesh,"IIMSR, Lucknow",SPM,UP Priv-Open Quota,"?6,00,000*",Info not available*,0,?0,540,,,
,Uttar Pradesh,"FH Med Coll, Agra",SPM,UP Priv-Min. Quota,"?10,000*","?45,000",0,?0,932,,,
,Uttar Pradesh,"Era Lucknow Med Coll, Lucknow",SPM,UP Priv-Min. Quota,"?6,00,000*",?0*,0,?0,850,,,
,Uttar Pradesh,"Career Instt of MS, Lucknow",SPM,UP Priv-Min. Quota,"?1,00,000*",Info not available*,0,?0,600,,,
,Uttar Pradesh,"Teerthanker Med Coll,Moradabad",SPM,UP Priv-Min. Quota,"?10,000*",Info not available*,0,?0,1000,,,
,Uttar Pradesh,"Subharti Med Coll, Meerut",SPM,UP Priv-Min. Quota,?0*,"?30,000*",2*,Info not available*,938,,,
,Uttar Pradesh,"IIMSR, Lucknow",SPM,UP Priv-Min. Quota,"?6,00,000*",Info not available*,0,?0,540,,,
,Uttar Pradesh,"KGMU, Lucknow",TRANSFUSION MEDICINE,UP-Govt Quota,"?54,700*","?1,09,955",2*,"?40,00,000*",4500,,,
,Uttar Pradesh,"MLN Med Coll, Allahabad",TRANSFUSION MEDICINE,UP-Govt Quota,"?40,000","?1,00,980*",2*,"?40,00,000*",Info Not Available,,,
,Uttar Pradesh,"S N Med Coll, Agra",TBRD,UP-Govt Quota,"?40,000","?1,00,980*",2*,"?40,00,000*",976,,,
,Uttar Pradesh,"KGMU, Lucknow",TBRD,UP-Govt Quota,"?54,700*","?1,09,955",2*,"?40,00,000*",4500,,,
,Uttar Pradesh,"MLN Med Coll, Allahabad",TBRD,UP-Govt Quota,"?40,000","?1,00,980*",2*,"?40,00,000*",Info Not Available,,,
,Uttar Pradesh,"GSVM Med Coll, Kanpur",TBRD,UP-Govt Quota,"?40,000","?1,00,980*",2*,"?40,00,000*",2083,,,
,Uttar Pradesh,"MLB Med Coll, Jhansi",TBRD,UP-Govt Quota,"?40,000","?1,00,980*",2*,"?40,00,000*",700,,,
,Uttar Pradesh,"UP Univ of Med Sci, Etawah",TBRD,UP-Govt Quota,"?40,000","?1,00,980*",2*,"?40,00,000*",1268,,,
,Uttar Pradesh,"TS Misra Med Coll, Lucknow",TBRD,UP Priv-Open Quota,"?21,63,946*","?30,000",0,?0,735,,,
,Uttar Pradesh,"KD Med Coll, Mathura",TBRD,UP Priv-Open Quota,"?21,63,946*","?32,000",0,?0,720,,,
,Uttar Pradesh,"Hind IMS, Barabanki",TBRD,UP Priv-Open Quota,"?25,24,901*","?35,000",1*,?0*,580,,,
,Uttar Pradesh,"Varun Arjun, Shahjahanpur",TBRD,UP Priv-Open Quota,"?23,38,116*","?24,000*",1,"?5,00,000",770,,,
,Uttar Pradesh,"Krishna Mohan Med Coll,Mathura",TBRD,UP Priv-Open Quota,"?21,63,946*","?15,000*",0,?0,700,,,
,Uttar Pradesh,"GS Med Coll Hosp,Hapur",TBRD,UP Priv-Open Quota,"?21,63,946*","?32,000",0,?0,Info Not Available,,,
,Uttar Pradesh,"Prasad Inst of Med Sci,Lucknow",TBRD,UP Priv-Open Quota,"?21,63,946*","?18,000",0,?0,410,,,
,Uttar Pradesh,"Rama Med Coll, Kanpur",TBRD,UP Priv-Open Quota,"?25,62,430*","?30,000",0,?0,730,,,
,Uttar Pradesh,"Rama Med Coll, Hapur",TBRD,UP Priv-Open Quota,"?24,75,612*","?30,000*",Info Not Available,Info not available,1259,,,
,Uttar Pradesh,"Rajshree MRI, Bareilly",TBRD,UP Priv-Open Quota,"?24,89,880*","?32,000",1*,?0*,740,,,
,Uttar Pradesh,"Saraswati IMS, Hapur",TBRD,UP Priv-Open Quota,"?20,22,143*","?32,000*",0,?0,851,,,
,Uttar Pradesh,Muzaffarnagar Medical College,TBRD,UP Priv-Open Quota,"?23,23,197*","?56,100*",1*,?0*,857,,,
,Uttar Pradesh,"SMSR, Greater Noida",TBRD,UP Priv-Open Quota,"?25,40,649*","?32,000",0,?0,1200,,,
,Uttar Pradesh,"SRMS IMS, Bareilly",TBRD,UP Priv-Open Quota,"?25,09,957*","?32,000*",1*,?0*,950,,,
,Uttar Pradesh,"Subharti Med Coll, Meerut",TBRD,UP Priv-Open Quota,"?14,43,744*","?30,000*",2*,?0*,938,,,
,Uttar Pradesh,"Era Lucknow Med Coll, Lucknow",TBRD,UP Priv-Open Quota,"?29,50,000*","?62,000",0,?0,850,,,
,Uttar Pradesh,"FH Med Coll, Agra",TBRD,UP Priv-Open Quota,"?32,50,000*","?45,000",0,?0,932,,,
,Uttar Pradesh,"Career Instt of MS, Lucknow",TBRD,UP Priv-Open Quota,"?34,90,000*","?40,000",0,?0,600,,,
,Uttar Pradesh,"Teerthanker Med Coll,Moradabad",TBRD,UP Priv-Open Quota,"?27,00,000*","?69,600",0,?0,1000,,,
,Uttar Pradesh,"Mayo IMS, Barabanki",TBRD,UP Priv-Open Quota,"?20,30,961*","?14,000*",1*,?0*,736,,,
,Uttar Pradesh,"Rohilkhand Med Coll, Bareilly",TBRD,UP Priv-Open Quota,"?23,09,009*","?24,000*",1,"?5,00,000",720,,,
,Uttar Pradesh,"Hind IMS, Sitapur",TBRD,UP Priv-Open Quota,"?20,40,950*","?30,000",1*,?0*,700,,,
,Uttar Pradesh,"Heritage IMS, Varanasi",TBRD,UP Priv-Open Quota,"?21,12,517*","?21,000",0,?0,735,,,
,Uttar Pradesh,"Era Lucknow Med Coll, Lucknow",TBRD,UP Priv-Min. Quota,"?29,50,000*","?62,000",0,?0,850,,,
,Uttar Pradesh,"FH Med Coll, Agra",TBRD,UP Priv-Min. Quota,"?32,50,000*","?45,000",0,?0,932,,,
,Uttar Pradesh,"Career Instt of MS, Lucknow",TBRD,UP Priv-Min. Quota,"?34,90,000*","?40,000",0,?0,600,,,
,Uttar Pradesh,"Teerthanker Med Coll,Moradabad",TBRD,UP Priv-Min. Quota,"?27,00,000*","?69,600",0,?0,1000,,,
,Uttar Pradesh,"Subharti Med Coll, Meerut",TBRD,UP Priv-Min. Quota,"?14,43,744*","?30,000*",2*,?0*,938,,,
,Uttar Pradesh,"MLN Med Coll, Allahabad",ENT,UP-Govt Quota,"?40,000","?1,00,980*",2*,"?40,00,000*",Info Not Available,,,
,Uttar Pradesh,"KGMU, Lucknow",ENT,UP-Govt Quota,"?54,700*","?1,09,955",2*,"?40,00,000*",4500,,,
,Uttar Pradesh,"MLB Med Coll, Jhansi",ENT,UP-Govt Quota,"?40,000","?1,00,980*",2*,"?40,00,000*",700,,,
,Uttar Pradesh,"GSVM Med Coll, Kanpur",ENT,UP-Govt Quota,"?40,000","?1,00,980*",2*,"?40,00,000*",2083,,,
,Uttar Pradesh,"LLRM Med Coll, Meerut",ENT,UP-Govt Quota,"?40,000","?1,00,980*",2*,"?40,00,000*",1090,,,
,Uttar Pradesh,"Dr RML IMS, Lucknow",ENT,UP-Govt Quota,"?37,500*","?1,08,672",2*,"?40,00,000*",Info Not Available,,,
,Uttar Pradesh,"BRD Med Coll, Gorakhpur",ENT,UP-Govt Quota,"?40,000","?1,00,980*",2*,"?40,00,000*",1050,,,
,Uttar Pradesh,"S N Med Coll, Agra",ENT,UP-Govt Quota,"?40,000","?1,00,980*",2*,"?40,00,000*",976,,,
,Uttar Pradesh,"UP Univ of Med Sci, Etawah",ENT,UP-Govt Quota,"?40,000","?1,00,980*",2*,"?40,00,000*",1268,,,
,Uttar Pradesh,"Govt IMS, Kasna",ENT,UP-Govt Quota,"?40,000","?1,00,980*",2*,"?40,00,000*",500,,,
,Uttar Pradesh,"Govt Med Coll, Azamgarh",ENT,UP-Govt Quota,"?40,000","?1,00,980*",2*,"?40,00,000*",550,,,
,Uttar Pradesh,"Govt Allopathic Med Coll,Banda",ENT,UP-Govt Quota,"?40,000","?1,00,980*",2*,"?40,00,000*",430,,,
,Uttar Pradesh,"Govt Med Coll, Kannauj",ENT,UP-Govt Quota,"?40,000","?1,00,980*",2*,"?40,00,000*",470,,,
,Uttar Pradesh,Muzaffarnagar Medical College,ENT,UP Priv-Open Quota,"?23,23,197*","?56,100*",1*,?0*,857,,,
,Uttar Pradesh,"TS Misra Med Coll, Lucknow",ENT,UP Priv-Open Quota,"?21,63,946*","?30,000",0,?0,735,,,
,Uttar Pradesh,"Varun Arjun, Shahjahanpur",ENT,UP Priv-Open Quota,"?23,38,116*","?24,000*",1,"?2,50,000",770,,,
,Uttar Pradesh,"Krishna Mohan Med Coll,Mathura",ENT,UP Priv-Open Quota,"?21,63,946*","?15,000*",0,?0,700,,,
,Uttar Pradesh,"Venkateshwara IMS, Gajraula",ENT,UP Priv-Open Quota,"?21,63,946*","?36,000",0,?0,750,,,
,Uttar Pradesh,"GS Med Coll Hosp,Hapur",ENT,UP Priv-Open Quota,"?21,63,946*","?32,000",0,?0,Info Not Available,,,
,Uttar Pradesh,"Prasad Inst of Med Sci,Lucknow",ENT,UP Priv-Open Quota,"?21,63,946*","?18,000",0,?0,410,,,
,Uttar Pradesh,"Rama Med Coll, Kanpur",ENT,UP Priv-Open Quota,"?25,62,430*","?30,000",0,?0,730,,,
,Uttar Pradesh,"KD Med Coll, Mathura",ENT,UP Priv-Open Quota,"?21,63,946*","?32,000",0,?0,720,,,
,Uttar Pradesh,"Saraswati IMS, Hapur",ENT,UP Priv-Open Quota,"?20,22,143*","?32,000*",0,?0,851,,,
,Uttar Pradesh,"Rama Med Coll, Hapur",ENT,UP Priv-Open Quota,"?24,75,612*","?30,000*",Info Not Available,Info not available,1259,,,
,Uttar Pradesh,"Rajshree MRI, Bareilly",ENT,UP Priv-Open Quota,"?24,89,880*","?32,000",1*,?0*,740,,,
,Uttar Pradesh,"Hind IMS, Barabanki",ENT,UP Priv-Open Quota,"?25,24,901*","?35,000",1*,?0*,580,,,
,Uttar Pradesh,"SMSR, Greater Noida",ENT,UP Priv-Open Quota,"?25,40,649*","?32,000",0,?0,1200,,,
,Uttar Pradesh,"SRMS IMS, Bareilly",ENT,UP Priv-Open Quota,"?22,00,000*","?32,000*",1*,?0*,950,,,
,Uttar Pradesh,"Subharti Med Coll, Meerut",ENT,UP Priv-Open Quota,"?14,43,744*","?30,000*",2*,?0*,938,,,
,Uttar Pradesh,"Era Lucknow Med Coll, Lucknow",ENT,UP Priv-Open Quota,"?22,90,000*","?62,000",0,?0,850,,,
,Uttar Pradesh,"FH Med Coll, Agra",ENT,UP Priv-Open Quota,"?22,50,000*","?45,000",0,?0,932,,,
,Uttar Pradesh,"Career Instt of MS, Lucknow",ENT,UP Priv-Open Quota,"?19,00,000*","?40,000",0,?0,600,,,
,Uttar Pradesh,"Teerthanker Med Coll,Moradabad",ENT,UP Priv-Open Quota,"?23,40,000*","?69,600",0,?0,1000,,,
,Uttar Pradesh,"Mayo IMS, Barabanki",ENT,UP Priv-Open Quota,"?20,30,961*","?14,000*",1*,?0*,736,,,
,Uttar Pradesh,"Rohilkhand Med Coll, Bareilly",ENT,UP Priv-Open Quota,"?23,09,009*","?24,000*",1,"?2,50,000",720,,,
,Uttar Pradesh,"Hind IMS, Sitapur",ENT,UP Priv-Open Quota,"?20,40,950*","?30,000",1*,?0*,700,,,
,Uttar Pradesh,"Heritage IMS, Varanasi",ENT,UP Priv-Open Quota,"?21,12,517*","?21,000",0,?0,735,,,
,Uttar Pradesh,"IIMSR, Lucknow",ENT,UP Priv-Open Quota,"?22,00,000*","?40,800",0,?0,540,,,
,Uttar Pradesh,"Era Lucknow Med Coll, Lucknow",ENT,UP Priv-Min. Quota,"?22,90,000*","?62,000",0,?0,850,,,
,Uttar Pradesh,"FH Med Coll, Agra",ENT,UP Priv-Min. Quota,"?22,50,000*","?45,000",0,?0,932,,,
,Uttar Pradesh,"Career Instt of MS, Lucknow",ENT,UP Priv-Min. Quota,"?19,00,000*","?40,000",0,?0,600,,,
,Uttar Pradesh,"Teerthanker Med Coll,Moradabad",ENT,UP Priv-Min. Quota,"?23,40,000*","?69,600",0,?0,1000,,,
,Uttar Pradesh,"Subharti Med Coll, Meerut",ENT,UP Priv-Min. Quota,"?14,43,744*","?30,000*",2*,?0*,938,,,
,Uttar Pradesh,"IIMSR, Lucknow",ENT,UP Priv-Min. Quota,"?22,00,000*","?40,800",0,?0,540,,,
,Uttar Pradesh,"MLN Med Coll, Allahabad",GENERAL SURGERY,UP-Govt Quota,"?40,000","?1,00,980*",2*,"?40,00,000*",Info Not Available,,,
,Uttar Pradesh,"LLRM Med Coll, Meerut",GENERAL SURGERY,UP-Govt Quota,"?40,000","?1,00,980*",2*,"?40,00,000*",1090,,,
,Uttar Pradesh,"MLB Med Coll, Jhansi",GENERAL SURGERY,UP-Govt Quota,"?40,000","?1,00,980*",2*,"?40,00,000*",700,,,
,Uttar Pradesh,"GSVM Med Coll, Kanpur",GENERAL SURGERY,UP-Govt Quota,"?40,000","?1,00,980*",2*,"?40,00,000*",2083,,,
,Uttar Pradesh,"S N Med Coll, Agra",GENERAL SURGERY,UP-Govt Quota,"?40,000","?1,00,980*",2*,"?40,00,000*",976,,,
,Uttar Pradesh,"KGMU, Lucknow",GENERAL SURGERY,UP-Govt Quota,"?54,700*","?1,09,955",2*,"?40,00,000*",4500,,,
,Uttar Pradesh,"Shaik-ul-Hind, Saharanpur",GENERAL SURGERY,UP-Govt Quota,"?40,000","?1,00,980*",2*,"?40,00,000*",500,,,
,Uttar Pradesh,"Rajkiya Med Coll, Jalaun",GENERAL SURGERY,UP-Govt Quota,"?40,000","?1,00,980*",2*,"?40,00,000*",Info Not Available,,,
,Uttar Pradesh,"BRD Med Coll, Gorakhpur",GENERAL SURGERY,UP-Govt Quota,"?40,000","?1,00,980*",2*,"?40,00,000*",1050,,,
,Uttar Pradesh,"Dr RML IMS, Lucknow",GENERAL SURGERY,UP-Govt Quota,"?37,500*","?1,08,672",2*,"?40,00,000*",Info Not Available,,,
,Uttar Pradesh,"UP Univ of Med Sci, Etawah",GENERAL SURGERY,UP-Govt Quota,"?40,000","?1,00,980*",2*,"?40,00,000*",1268,,,
,Uttar Pradesh,"Govt IMS, Kasna",GENERAL SURGERY,UP-Govt Quota,"?40,000","?1,00,980*",2*,"?40,00,000*",500,,,
,Uttar Pradesh,"Govt Allopathic Med Coll,Banda",GENERAL SURGERY,UP-Govt Quota,"?40,000","?1,00,980*",2*,"?40,00,000*",430,,,
,Uttar Pradesh,"Govt Med Coll, Kannauj",GENERAL SURGERY,UP-Govt Quota,"?40,000","?1,00,980*",2*,"?40,00,000*",470,,,
,Uttar Pradesh,"TS Misra Med Coll, Lucknow",GENERAL SURGERY,UP Priv-Open Quota,"?21,63,946*","?30,000",0,?0,735,,,
,Uttar Pradesh,"Prasad Inst of Med Sci,Lucknow",GENERAL SURGERY,UP Priv-Open Quota,"?21,63,946*","?18,000",0,?0,410,,,
,Uttar Pradesh,"GS Med Coll Hosp,Hapur",GENERAL SURGERY,UP Priv-Open Quota,"?21,63,946*","?32,000",0,?0,Info Not Available,,,
,Uttar Pradesh,"Venkateshwara IMS, Gajraula",GENERAL SURGERY,UP Priv-Open Quota,"?21,63,946*","?36,000",0,?0,750,,,
,Uttar Pradesh,"KD Med Coll, Mathura",GENERAL SURGERY,UP Priv-Open Quota,"?21,63,946*","?32,000",0,?0,720,,,
,Uttar Pradesh,"Varun Arjun, Shahjahanpur",GENERAL SURGERY,UP Priv-Open Quota,"?23,38,116*","?24,000*",1,"?5,00,000",770,,,
,Uttar Pradesh,Muzaffarnagar Medical College,GENERAL SURGERY,UP Priv-Open Quota,"?23,23,197*","?56,100*",1*,?0*,857,,,
,Uttar Pradesh,"Saraswati IMS, Hapur",GENERAL SURGERY,UP Priv-Open Quota,"?20,22,143*","?32,000*",0,?0,851,,,
,Uttar Pradesh,"Krishna Mohan Med Coll,Mathura",GENERAL SURGERY,UP Priv-Open Quota,"?21,63,946*","?15,000*",0,?0,700,,,
,Uttar Pradesh,"Rama Med Coll, Kanpur",GENERAL SURGERY,UP Priv-Open Quota,"?25,62,430*","?30,000",0,?0,730,,,
,Uttar Pradesh,"Rama Med Coll, Hapur",GENERAL SURGERY,UP Priv-Open Quota,"?24,75,612*","?30,000*",Info Not Available,Info not available,1259,,,
,Uttar Pradesh,"Rajshree MRI, Bareilly",GENERAL SURGERY,UP Priv-Open Quota,"?24,89,880*","?32,000",1*,?0*,740,,,
,Uttar Pradesh,"SMSR, Greater Noida",GENERAL SURGERY,UP Priv-Open Quota,"?25,40,649*","?32,000",0,?0,1200,,,
,Uttar Pradesh,"Hind IMS, Barabanki",GENERAL SURGERY,UP Priv-Open Quota,"?25,24,901*","?35,000",1*,?0*,580,,,
,Uttar Pradesh,"SRMS IMS, Bareilly",GENERAL SURGERY,UP Priv-Open Quota,"?25,09,957*","?32,000*",1*,?0*,950,,,
,Uttar Pradesh,"Subharti Med Coll, Meerut",GENERAL SURGERY,UP Priv-Open Quota,"?14,43,744*","?30,000*",2*,?0*,938,,,
,Uttar Pradesh,"Era Lucknow Med Coll, Lucknow",GENERAL SURGERY,UP Priv-Open Quota,"?32,00,000*","?62,000",0,?0,850,,,
,Uttar Pradesh,"Career Instt of MS, Lucknow",GENERAL SURGERY,UP Priv-Open Quota,"?36,90,000*","?40,000",0,?0,600,,,
,Uttar Pradesh,"FH Med Coll, Agra",GENERAL SURGERY,UP Priv-Open Quota,"?33,00,000*","?45,000",0,?0,932,,,
,Uttar Pradesh,"Teerthanker Med Coll,Moradabad",GENERAL SURGERY,UP Priv-Open Quota,"?27,00,000*","?69,600",0,?0,1000,,,
,Uttar Pradesh,"National Captl Reg IMS, Meerut",GENERAL SURGERY,UP Priv-Open Quota,"?22,35,387*","?56,100",0,?0,680,,,
,Uttar Pradesh,Noida International Inst of MS,GENERAL SURGERY,UP Priv-Open Quota,"?22,35,387*","?30,000",0,?0,Info Not Available,,,
,Uttar Pradesh,"Mayo IMS, Barabanki",GENERAL SURGERY,UP Priv-Open Quota,"?20,30,961*","?14,000*",1*,?0*,736,,,
,Uttar Pradesh,"Rohilkhand Med Coll, Bareilly",GENERAL SURGERY,UP Priv-Open Quota,"?23,09,009*","?24,000*",1,"?5,00,000",720,,,
,Uttar Pradesh,"Hind IMS, Sitapur",GENERAL SURGERY,UP Priv-Open Quota,"?20,40,950*","?30,000",1*,?0*,700,,,
,Uttar Pradesh,"Heritage IMS, Varanasi",GENERAL SURGERY,UP Priv-Open Quota,"?21,12,517*","?21,000",0,?0,735,,,
,Uttar Pradesh,"IIMSR, Lucknow",GENERAL SURGERY,UP Priv-Open Quota,"?34,95,000*","?40,800",0,?0,540,,,
,Uttar Pradesh,"Era Lucknow Med Coll, Lucknow",GENERAL SURGERY,UP Priv-Min. Quota,"?32,00,000*","?62,000",0,?0,850,,,
,Uttar Pradesh,"Career Instt of MS, Lucknow",GENERAL SURGERY,UP Priv-Min. Quota,"?36,90,000*","?40,000",0,?0,600,,,
,Uttar Pradesh,"FH Med Coll, Agra",GENERAL SURGERY,UP Priv-Min. Quota,"?33,00,000*","?45,000",0,?0,932,,,
,Uttar Pradesh,"Teerthanker Med Coll,Moradabad",GENERAL SURGERY,UP Priv-Min. Quota,"?27,00,000*","?69,600",0,?0,1000,,,
,Uttar Pradesh,"Subharti Med Coll, Meerut",GENERAL SURGERY,UP Priv-Min. Quota,"?14,43,744*","?30,000*",2*,?0*,938,,,
,Uttar Pradesh,"IIMSR, Lucknow",GENERAL SURGERY,UP Priv-Min. Quota,"?34,95,000*","?40,800",0,?0,540,,,
,Uttar Pradesh,"KGMU, Lucknow",OBG,UP-Govt Quota,"?54,700*","?1,09,955",2*,"?40,00,000*",4500,,,
,Uttar Pradesh,"GSVM Med Coll, Kanpur",OBG,UP-Govt Quota,"?40,000","?1,00,980*",2*,"?40,00,000*",2083,,,
,Uttar Pradesh,"MLB Med Coll, Jhansi",OBG,UP-Govt Quota,"?40,000","?1,00,980*",2*,"?40,00,000*",700,,,
,Uttar Pradesh,"MLN Med Coll, Allahabad",OBG,UP-Govt Quota,"?40,000","?1,00,980*",2*,"?40,00,000*",Info Not Available,,,
,Uttar Pradesh,"BRD Med Coll, Gorakhpur",OBG,UP-Govt Quota,"?40,000","?1,00,980*",2*,"?40,00,000*",1050,,,
,Uttar Pradesh,"Shaik-ul-Hind, Saharanpur",OBG,UP-Govt Quota,"?40,000","?1,00,980*",2*,"?40,00,000*",500,,,
,Uttar Pradesh,"LLRM Med Coll, Meerut",OBG,UP-Govt Quota,"?40,000","?1,00,980*",2*,"?40,00,000*",1090,,,
,Uttar Pradesh,"S N Med Coll, Agra",OBG,UP-Govt Quota,"?40,000","?1,00,980*",2*,"?40,00,000*",976,,,
,Uttar Pradesh,"Dr RML IMS, Lucknow",OBG,UP-Govt Quota,"?37,500*","?1,08,672",2*,"?40,00,000*",Info Not Available,,,
,Uttar Pradesh,"UP Univ of Med Sci, Etawah",OBG,UP-Govt Quota,"?40,000","?1,00,980*",2*,"?40,00,000*",1268,,,
,Uttar Pradesh,"Rajkiya Med Coll, Jalaun",OBG,UP-Govt Quota,"?40,000","?1,00,980*",2*,"?40,00,000*",Info Not Available,,,
,Uttar Pradesh,"Govt Med Coll, Kannauj",OBG,UP-Govt Quota,"?40,000","?1,00,980*",2*,"?40,00,000*",470,,,
,Uttar Pradesh,"Saraswati IMS, Hapur",OBG,UP Priv-Open Quota,"?20,22,143*","?32,000*",0,?0,851,,,
,Uttar Pradesh,"Rama Med Coll, Hapur",OBG,UP Priv-Open Quota,"?24,75,612*","?30,000*",Info Not Available,Info not available,1259,,,
,Uttar Pradesh,"Krishna Mohan Med Coll,Mathura",OBG,UP Priv-Open Quota,"?21,63,946*","?15,000*",0,?0,700,,,
,Uttar Pradesh,Muzaffarnagar Medical College,OBG,UP Priv-Open Quota,"?23,23,197*","?56,100*",1*,?0*,857,,,
,Uttar Pradesh,"Varun Arjun, Shahjahanpur",OBG,UP Priv-Open Quota,"?23,38,116*","?24,000*",1,"?10,00,000",770,,,
,Uttar Pradesh,"GS Med Coll Hosp,Hapur",OBG,UP Priv-Open Quota,"?21,63,946*","?32,000",0,?0,Info Not Available,,,
,Uttar Pradesh,"KD Med Coll, Mathura",OBG,UP Priv-Open Quota,"?21,63,946*","?32,000",0,?0,720,,,
,Uttar Pradesh,"TS Misra Med Coll, Lucknow",OBG,UP Priv-Open Quota,"?21,63,946*","?30,000",0,?0,735,,,
,Uttar Pradesh,"Venkateshwara IMS, Gajraula",OBG,UP Priv-Open Quota,"?21,63,946*","?36,000",0,?0,750,,,
,Uttar Pradesh,"Rama Med Coll, Kanpur",OBG,UP Priv-Open Quota,"?25,62,430*","?30,000",0,?0,730,,,
,Uttar Pradesh,"Hind IMS, Barabanki",OBG,UP Priv-Open Quota,"?25,24,901*","?35,000",1*,?0*,580,,,
,Uttar Pradesh,"Prasad Inst of Med Sci,Lucknow",OBG,UP Priv-Open Quota,"?21,63,946*","?18,000",0,?0,410,,,
,Uttar Pradesh,"SMSR, Greater Noida",OBG,UP Priv-Open Quota,"?25,40,649*","?32,000",0,?0,1200,,,
,Uttar Pradesh,"Rajshree MRI, Bareilly",OBG,UP Priv-Open Quota,"?24,89,880*","?32,000",1*,?0*,740,,,
,Uttar Pradesh,"SRMS IMS, Bareilly",OBG,UP Priv-Open Quota,"?25,09,957*","?32,000*",1*,?0*,950,,,
,Uttar Pradesh,"Subharti Med Coll, Meerut",OBG,UP Priv-Open Quota,"?14,43,744*","?30,000*",2*,?0*,938,,,
,Uttar Pradesh,"Era Lucknow Med Coll, Lucknow",OBG,UP Priv-Open Quota,"?39,80,000*","?62,000",0,?0,850,,,
,Uttar Pradesh,"Career Instt of MS, Lucknow",OBG,UP Priv-Open Quota,"?39,90,000*","?40,000",0,?0,600,,,
,Uttar Pradesh,"FH Med Coll, Agra",OBG,UP Priv-Open Quota,"?42,00,000*","?45,000",0,?0,932,,,
,Uttar Pradesh,"Teerthanker Med Coll,Moradabad",OBG,UP Priv-Open Quota,"?35,10,000*","?69,600",0,?0,1000,,,
,Uttar Pradesh,"National Captl Reg IMS, Meerut",OBG,UP Priv-Open Quota,"?22,35,387*","?56,100",0,?0,680,,,
,Uttar Pradesh,Noida International Inst of MS,OBG,UP Priv-Open Quota,"?22,35,387*","?30,000",0,?0,Info Not Available,,,
,Uttar Pradesh,"Mayo IMS, Barabanki",OBG,UP Priv-Open Quota,"?20,30,961*","?14,000*",1*,?0*,736,,,
,Uttar Pradesh,"Rohilkhand Med Coll, Bareilly",OBG,UP Priv-Open Quota,"?29,09,009*","?24,000*",1,"?15,00,000",720,,,
,Uttar Pradesh,"Heritage IMS, Varanasi",OBG,UP Priv-Open Quota,"?21,12,517*","?21,000",0,?0,735,,,
,Uttar Pradesh,"Hind IMS, Sitapur",OBG,UP Priv-Open Quota,"?20,40,950*","?30,000",1*,?0*,700,,,
,Uttar Pradesh,"IIMSR, Lucknow",OBG,UP Priv-Open Quota,"?39,95,000*","?40,800",0,?0,540,,,
,Uttar Pradesh,"Era Lucknow Med Coll, Lucknow",OBG,UP Priv-Min. Quota,"?39,80,000*","?62,000",0,?0,850,,,
,Uttar Pradesh,"Career Instt of MS, Lucknow",OBG,UP Priv-Min. Quota,"?39,90,000*","?40,000",0,?0,600,,,
,Uttar Pradesh,"FH Med Coll, Agra",OBG,UP Priv-Min. Quota,"?42,00,000*","?45,000",0,?0,932,,,
,Uttar Pradesh,"Teerthanker Med Coll,Moradabad",OBG,UP Priv-Min. Quota,"?35,10,000*","?69,600",0,?0,1000,,,
,Uttar Pradesh,"Subharti Med Coll, Meerut",OBG,UP Priv-Min. Quota,"?14,43,744*","?30,000*",2*,?0*,938,,,
,Uttar Pradesh,"IIMSR, Lucknow",OBG,UP Priv-Min. Quota,"?39,95,000*","?40,800",0,?0,540,,,
,Uttar Pradesh,"S N Med Coll, Agra",OPHTHALMOLOGY,UP-Govt Quota,"?40,000","?1,00,980*",2*,"?40,00,000*",976,,,
,Uttar Pradesh,"BRD Med Coll, Gorakhpur",OPHTHALMOLOGY,UP-Govt Quota,"?40,000","?1,00,980*",2*,"?40,00,000*",1050,,,
,Uttar Pradesh,"MLB Med Coll, Jhansi",OPHTHALMOLOGY,UP-Govt Quota,"?40,000","?1,00,980*",2*,"?40,00,000*",700,,,
,Uttar Pradesh,"SGPGI, Lucknow",OPHTHALMOLOGY,UP-Govt Quota,"?61,600*","?1,11,780",2*,"?40,00,000*",1609,,,
,Uttar Pradesh,"GSVM Med Coll, Kanpur",OPHTHALMOLOGY,UP-Govt Quota,"?40,000","?1,00,980*",2*,"?40,00,000*",2083,,,
,Uttar Pradesh,"LLRM Med Coll, Meerut",OPHTHALMOLOGY,UP-Govt Quota,"?40,000","?1,00,980*",2*,"?40,00,000*",1090,,,
,Uttar Pradesh,"MLN Med Coll, Allahabad",OPHTHALMOLOGY,UP-Govt Quota,"?40,000","?1,00,980*",2*,"?40,00,000*",Info Not Available,,,
,Uttar Pradesh,"KGMU, Lucknow",OPHTHALMOLOGY,UP-Govt Quota,"?54,700*","?1,09,955",2*,"?40,00,000*",4500,,,
,Uttar Pradesh,"RIO, Sitapur",OPHTHALMOLOGY,UP-Govt Quota,"?40,000","?1,00,980*",2*,"?40,00,000*",500,,,
,Uttar Pradesh,"Rajkiya Med Coll, Jalaun",OPHTHALMOLOGY,UP-Govt Quota,"?40,000","?1,00,980*",2*,"?40,00,000*",Info Not Available,,,
,Uttar Pradesh,"UP Univ of Med Sci, Etawah",OPHTHALMOLOGY,UP-Govt Quota,"?40,000","?1,00,980*",2*,"?40,00,000*",1268,,,
,Uttar Pradesh,"Govt Med Coll, Kannauj",OPHTHALMOLOGY,UP-Govt Quota,"?40,000","?1,00,980*",2*,"?40,00,000*",470,,,
,Uttar Pradesh,"Varun Arjun, Shahjahanpur",OPHTHALMOLOGY,UP Priv-Open Quota,"?23,38,116*","?24,000*",1,"?5,00,000",770,,,
,Uttar Pradesh,"Prasad Inst of Med Sci,Lucknow",OPHTHALMOLOGY,UP Priv-Open Quota,"?21,63,946*","?18,000",0,?0,410,,,
,Uttar Pradesh,"KD Med Coll, Mathura",OPHTHALMOLOGY,UP Priv-Open Quota,"?21,63,946*","?32,000",0,?0,720,,,
,Uttar Pradesh,"Venkateshwara IMS, Gajraula",OPHTHALMOLOGY,UP Priv-Open Quota,"?21,63,946*","?36,000",0,?0,750,,,
,Uttar Pradesh,"Krishna Mohan Med Coll,Mathura",OPHTHALMOLOGY,UP Priv-Open Quota,"?21,63,946*","?15,000*",0,?0,700,,,
,Uttar Pradesh,"GS Med Coll Hosp,Hapur",OPHTHALMOLOGY,UP Priv-Open Quota,"?21,63,946*","?32,000",0,?0,Info Not Available,,,
,Uttar Pradesh,"TS Misra Med Coll, Lucknow",OPHTHALMOLOGY,UP Priv-Open Quota,"?21,63,946*","?30,000",0,?0,735,,,
,Uttar Pradesh,"Rama Med Coll, Kanpur",OPHTHALMOLOGY,UP Priv-Open Quota,"?25,62,430*","?30,000",0,?0,730,,,
,Uttar Pradesh,"Saraswati IMS, Hapur",OPHTHALMOLOGY,UP Priv-Open Quota,"?20,22,143*","?32,000*",0,?0,851,,,
,Uttar Pradesh,"Rama Med Coll, Hapur",OPHTHALMOLOGY,UP Priv-Open Quota,"?24,75,612*","?30,000*",Info Not Available,Info not available,1259,,,
,Uttar Pradesh,"Rajshree MRI, Bareilly",OPHTHALMOLOGY,UP Priv-Open Quota,"?24,89,880*","?32,000",1*,?0*,740,,,
,Uttar Pradesh,"Hind IMS, Barabanki",OPHTHALMOLOGY,UP Priv-Open Quota,"?25,24,901*","?35,000",1*,?0*,580,,,
,Uttar Pradesh,"SMSR, Greater Noida",OPHTHALMOLOGY,UP Priv-Open Quota,"?25,40,649*","?32,000",0,?0,1200,,,
,Uttar Pradesh,Muzaffarnagar Medical College,OPHTHALMOLOGY,UP Priv-Open Quota,"?23,23,197*","?56,100*",1*,?0*,857,,,
,Uttar Pradesh,"SRMS IMS, Bareilly",OPHTHALMOLOGY,UP Priv-Open Quota,"?25,09,957*","?32,000*",1*,?0*,950,,,
,Uttar Pradesh,"Subharti Med Coll, Meerut",OPHTHALMOLOGY,UP Priv-Open Quota,"?14,43,744*","?30,000*",2*,?0*,938,,,
,Uttar Pradesh,"Career Instt of MS, Lucknow",OPHTHALMOLOGY,UP Priv-Open Quota,"?30,00,000*","?40,000",0,?0,600,,,
,Uttar Pradesh,"FH Med Coll, Agra",OPHTHALMOLOGY,UP Priv-Open Quota,"?32,50,000*","?45,000",0,?0,932,,,
,Uttar Pradesh,"Teerthanker Med Coll,Moradabad",OPHTHALMOLOGY,UP Priv-Open Quota,"?30,60,000*","?69,600",0,?0,1000,,,
,Uttar Pradesh,"Era Lucknow Med Coll, Lucknow",OPHTHALMOLOGY,UP Priv-Open Quota,"?35,80,000*","?62,000",0,?0,850,,,
,Uttar Pradesh,"Mayo IMS, Barabanki",OPHTHALMOLOGY,UP Priv-Open Quota,"?20,30,961*","?14,000*",1*,?0*,736,,,
,Uttar Pradesh,"Rohilkhand Med Coll, Bareilly",OPHTHALMOLOGY,UP Priv-Open Quota,"?23,09,009*","?24,000*",1,"?5,00,000",720,,,
,Uttar Pradesh,"Heritage IMS, Varanasi",OPHTHALMOLOGY,UP Priv-Open Quota,"?21,12,517*","?21,000",0,?0,735,,,
,Uttar Pradesh,"Hind IMS, Sitapur",OPHTHALMOLOGY,UP Priv-Open Quota,"?20,40,950*","?30,000",1*,?0*,700,,,
,Uttar Pradesh,"IIMSR, Lucknow",OPHTHALMOLOGY,UP Priv-Open Quota,"?35,95,000*","?40,800",0,?0,540,,,
,Uttar Pradesh,"Career Instt of MS, Lucknow",OPHTHALMOLOGY,UP Priv-Min. Quota,"?30,00,000*","?40,000",0,?0,600,,,
,Uttar Pradesh,"FH Med Coll, Agra",OPHTHALMOLOGY,UP Priv-Min. Quota,"?32,50,000*","?45,000",0,?0,932,,,
,Uttar Pradesh,"Teerthanker Med Coll,Moradabad",OPHTHALMOLOGY,UP Priv-Min. Quota,"?30,60,000*","?69,600",0,?0,1000,,,
,Uttar Pradesh,"Era Lucknow Med Coll, Lucknow",OPHTHALMOLOGY,UP Priv-Min. Quota,"?35,80,000*","?62,000",0,?0,850,,,
,Uttar Pradesh,"Subharti Med Coll, Meerut",OPHTHALMOLOGY,UP Priv-Min. Quota,"?14,43,744*","?30,000*",2*,?0*,938,,,
,Uttar Pradesh,"IIMSR, Lucknow",OPHTHALMOLOGY,UP Priv-Min. Quota,"?35,95,000*","?40,800",0,?0,540,,,
,Uttar Pradesh,"LLRM Med Coll, Meerut",ORTHOPAEDICS,UP-Govt Quota,"?40,000","?1,00,980*",2*,"?40,00,000*",1090,,,
,Uttar Pradesh,"S N Med Coll, Agra",ORTHOPAEDICS,UP-Govt Quota,"?40,000","?1,00,980*",2*,"?40,00,000*",976,,,
,Uttar Pradesh,"MLB Med Coll, Jhansi",ORTHOPAEDICS,UP-Govt Quota,"?40,000","?1,00,980*",2*,"?40,00,000*",700,,,
,Uttar Pradesh,"MLN Med Coll, Allahabad",ORTHOPAEDICS,UP-Govt Quota,"?40,000","?1,00,980*",2*,"?40,00,000*",Info Not Available,,,
,Uttar Pradesh,"GSVM Med Coll, Kanpur",ORTHOPAEDICS,UP-Govt Quota,"?40,000","?1,00,980*",2*,"?40,00,000*",2083,,,
,Uttar Pradesh,"KGMU, Lucknow",ORTHOPAEDICS,UP-Govt Quota,"?54,700*","?1,09,955",2*,"?40,00,000*",4500,,,
,Uttar Pradesh,"BRD Med Coll, Gorakhpur",ORTHOPAEDICS,UP-Govt Quota,"?40,000","?1,00,980*",2*,"?40,00,000*",1050,,,
,Uttar Pradesh,"Shaik-ul-Hind, Saharanpur",ORTHOPAEDICS,UP-Govt Quota,"?40,000","?1,00,980*",2*,"?40,00,000*",500,,,
,Uttar Pradesh,"Dr RML IMS, Lucknow",ORTHOPAEDICS,UP-Govt Quota,"?37,500*","?1,08,672",2*,"?40,00,000*",Info Not Available,,,
,Uttar Pradesh,"UP Univ of Med Sci, Etawah",ORTHOPAEDICS,UP-Govt Quota,"?40,000","?1,00,980*",2*,"?40,00,000*",1268,,,
,Uttar Pradesh,"Govt Med Coll, Bahraich",ORTHOPAEDICS,UP-Govt Quota,"?40,000","?1,00,980*",2*,"?40,00,000*",Info Not Available,,,
,Uttar Pradesh,"Govt IMS, Kasna",ORTHOPAEDICS,UP-Govt Quota,"?40,000","?1,00,980*",2*,"?40,00,000*",500,,,
,Uttar Pradesh,"Rajkiya Med Coll, Jalaun",ORTHOPAEDICS,UP-Govt Quota,"?40,000","?1,00,980*",2*,"?40,00,000*",Info Not Available,,,
,Uttar Pradesh,"Govt Med Coll, Kannauj",ORTHOPAEDICS,UP-Govt Quota,"?40,000","?1,00,980*",2*,"?40,00,000*",470,,,
,Uttar Pradesh,"GS Med Coll Hosp,Hapur",ORTHOPAEDICS,UP Priv-Open Quota,"?21,63,946*","?32,000",0,?0,Info Not Available,,,
,Uttar Pradesh,"TS Misra Med Coll, Lucknow",ORTHOPAEDICS,UP Priv-Open Quota,"?21,63,946*","?30,000",0,?0,735,,,
,Uttar Pradesh,"Krishna Mohan Med Coll,Mathura",ORTHOPAEDICS,UP Priv-Open Quota,"?21,63,946*","?15,000*",0,?0,700,,,
,Uttar Pradesh,"Venkateshwara IMS, Gajraula",ORTHOPAEDICS,UP Priv-Open Quota,"?21,63,946*","?36,000",0,?0,750,,,
,Uttar Pradesh,"Rama Med Coll, Hapur",ORTHOPAEDICS,UP Priv-Open Quota,"?24,75,612*","?30,000*",Info Not Available,Info not available,1259,,,
,Uttar Pradesh,"Prasad Inst of Med Sci,Lucknow",ORTHOPAEDICS,UP Priv-Open Quota,"?21,63,946*","?18,000",0,?0,410,,,
,Uttar Pradesh,"Rama Med Coll, Kanpur",ORTHOPAEDICS,UP Priv-Open Quota,"?25,62,430*","?30,000",0,?0,730,,,
,Uttar Pradesh,"KD Med Coll, Mathura",ORTHOPAEDICS,UP Priv-Open Quota,"?21,63,946*","?32,000",0,?0,720,,,
,Uttar Pradesh,"Varun Arjun, Shahjahanpur",ORTHOPAEDICS,UP Priv-Open Quota,"?23,38,116*","?24,000*",1,"?10,00,000",770,,,
,Uttar Pradesh,"Saraswati IMS, Hapur",ORTHOPAEDICS,UP Priv-Open Quota,"?20,22,143*","?32,000*",0,?0,851,,,
,Uttar Pradesh,"Rajshree MRI, Bareilly",ORTHOPAEDICS,UP Priv-Open Quota,"?24,89,880*","?32,000",1*,?0*,740,,,
,Uttar Pradesh,"Hind IMS, Barabanki",ORTHOPAEDICS,UP Priv-Open Quota,"?25,24,901*","?35,000",1*,?0*,580,,,
,Uttar Pradesh,"SMSR, Greater Noida",ORTHOPAEDICS,UP Priv-Open Quota,"?25,40,649*","?32,000",0,?0,1200,,,
,Uttar Pradesh,Muzaffarnagar Medical College,ORTHOPAEDICS,UP Priv-Open Quota,"?23,23,197*","?56,100*",1*,?0*,857,,,
,Uttar Pradesh,"SRMS IMS, Bareilly",ORTHOPAEDICS,UP Priv-Open Quota,"?25,09,957*","?32,000*",1*,?0*,950,,,
,Uttar Pradesh,"Subharti Med Coll, Meerut",ORTHOPAEDICS,UP Priv-Open Quota,"?14,43,744*","?30,000*",2*,?0*,938,,,
,Uttar Pradesh,"Career Instt of MS, Lucknow",ORTHOPAEDICS,UP Priv-Open Quota,"?39,90,000*","?40,000",0,?0,600,,,
,Uttar Pradesh,"FH Med Coll, Agra",ORTHOPAEDICS,UP Priv-Open Quota,"?39,50,000*","?45,000",0,?0,932,,,
,Uttar Pradesh,"Teerthanker Med Coll,Moradabad",ORTHOPAEDICS,UP Priv-Open Quota,"?36,00,000*","?69,600",0,?0,1000,,,
,Uttar Pradesh,"Era Lucknow Med Coll, Lucknow",ORTHOPAEDICS,UP Priv-Open Quota,"?39,80,000*","?62,000",0,?0,850,,,
,Uttar Pradesh,"National Captl Reg IMS, Meerut",ORTHOPAEDICS,UP Priv-Open Quota,"?22,35,387*","?56,100",0,?0,680,,,
,Uttar Pradesh,Noida International Inst of MS,ORTHOPAEDICS,UP Priv-Open Quota,"?22,35,387*","?30,000",0,?0,Info Not Available,,,
,Uttar Pradesh,"Mayo IMS, Barabanki",ORTHOPAEDICS,UP Priv-Open Quota,"?20,30,961*","?14,000*",1*,?0*,736,,,
,Uttar Pradesh,"Rohilkhand Med Coll, Bareilly",ORTHOPAEDICS,UP Priv-Open Quota,"?29,09,009*","?24,000*",1,"?15,00,000",720,,,
,Uttar Pradesh,"Hind IMS, Sitapur",ORTHOPAEDICS,UP Priv-Open Quota,"?20,40,950*","?30,000",1*,?0*,700,,,
,Uttar Pradesh,"Heritage IMS, Varanasi",ORTHOPAEDICS,UP Priv-Open Quota,"?21,12,517*","?21,000",0,?0,735,,,
,Uttar Pradesh,"IIMSR, Lucknow",ORTHOPAEDICS,UP Priv-Open Quota,"?39,95,000*","?40,800",0,?0,540,,,
,Uttar Pradesh,"Career Instt of MS, Lucknow",ORTHOPAEDICS,UP Priv-Min. Quota,"?39,90,000*","?40,000",0,?0,600,,,
,Uttar Pradesh,"FH Med Coll, Agra",ORTHOPAEDICS,UP Priv-Min. Quota,"?39,50,000*","?45,000",0,?0,932,,,
,Uttar Pradesh,"Teerthanker Med Coll,Moradabad",ORTHOPAEDICS,UP Priv-Min. Quota,"?36,00,000*","?69,600",0,?0,1000,,,
,Uttar Pradesh,"Era Lucknow Med Coll, Lucknow",ORTHOPAEDICS,UP Priv-Min. Quota,"?39,80,000*","?62,000",0,?0,850,,,
,Uttar Pradesh,"Subharti Med Coll, Meerut",ORTHOPAEDICS,UP Priv-Min. Quota,"?14,43,744*","?30,000*",2*,?0*,938,,,
,Uttar Pradesh,"IIMSR, Lucknow",ORTHOPAEDICS,UP Priv-Min. Quota,"?39,95,000*","?40,800",0,?0,540,,,
,Uttar Pradesh,"KGMU, Lucknow",TRAUMATOLOGY AND SURGERY,UP-Govt Quota,"?54,700*","?1,09,955",2*,"?40,00,000*",4500,,,
,Uttar Pradesh,"Dr RML IMS,Lucknow",DNBFORENSIC MEDICINE,UP-DNB InS,"?1,25,000","?1,00,980*",0*,?0*,350,,,
,Uttar Pradesh,"Autonomous State MC, Firozabad",DNBGENERAL MEDICINE,UP-DNB InS,"?1,25,000","?80,000*",0*,?0*,244,,,
,Uttar Pradesh,"RajaPratapBahadurHosp,Pratapgar",DNBGENERAL MEDICINE,UP-DNB InS,"?1,25,000","?80,000*",0*,?0*,336,,,
,Uttar Pradesh,"AutonomousStateMC,Shahjahanpur",DNBGENERAL MEDICINE,UP-DNB InS,"?1,25,000","?80,000*",0*,?0*,312,,,
,Uttar Pradesh,"PL Sharma Dist Hosp, Meerut",DNBGENERAL MEDICINE,UP-DNB InS,"?1,25,000","?70,000",0*,?0*,250,,,
,Uttar Pradesh,"UrsalaHorsmanMemHosp, Kanpur",DNBGENERAL MEDICINE,UP-DNB InS,"?1,25,000","?70,000",0*,?0*,550,,,
,Uttar Pradesh,"District Comb Hosp,Sec 39,Noida",DNBGENERAL MEDICINE,UP-DNB InS,"?1,25,000","?70,000*",0*,?0*,240,,,
,Uttar Pradesh,"Dist Male Hosp,SaiKaTakia,Agra",DNBGENERAL MEDICINE,UP-DNB InS,"?1,25,000","?70,000",0*,?0*,150,,,
,Uttar Pradesh,"Divisional Dist Hosp, Azamgarh",DNBGENERAL MEDICINE,UP-DNB InS,"?1,25,000","?70,000",0*,?0*,312,,,
,Uttar Pradesh,"LokBandhuRajNarayanHosp,Lucknow",DNBGENERAL MEDICINE,UP-DNB InS,"?1,25,000","?70,000",0*,?0*,318,,,
,Uttar Pradesh,"NSC Bose Dist Hosp, Gorakhpur",DNBGENERAL MEDICINE,UP-DNB InS,"?1,25,000","?70,000",0*,?0*,305,,,
,Uttar Pradesh,"Rana Beni MS DistHosp,Raebareli",DNBGENERAL MEDICINE,UP-DNB InS,"?1,25,000","?70,000*",0*,?0*,Info Not Available,,,
,Uttar Pradesh,"UP Rural Inst of Med Sci,Etawah",DNBGENERAL MEDICINE,UP-DNB InS,"?1,25,000","?80,000*",0*,?0*,1078,,,
,Uttar Pradesh,"Balrampur Hospital, Lucknow",DNBGENERAL MEDICINE,UP-DNB InS,"?1,25,000","?70,000*",0*,?0*,656,,,
,Uttar Pradesh,"ShyamaPrasad (Civil), Lucknow",DNBGENERAL MEDICINE,UP-DNB InS,"?1,25,000","?70,000*",0*,?0*,401,,,
,Uttar Pradesh,"TejBahadurSapru Hosp,Allahabad",DNBGENERAL MEDICINE,UP-DNB InS,"?1,25,000","?70,000*",0*,?0*,171,,,
,Uttar Pradesh,"Autonomous State MC, Hardoi",DNBGENERAL SURGERY,UP-DNB InS,"?1,25,000","?80,000*",0*,?0*,332,,,
,Uttar Pradesh,"AutonomousStateMC,Shahjahanpur",DNBGENERAL SURGERY,UP-DNB InS,"?1,25,000","?80,000*",0*,?0*,312,,,
,Uttar Pradesh,"Balrampur Hospital, Lucknow",DNBGENERAL SURGERY,UP-DNB InS,"?1,25,000","?70,000*",0*,?0*,656,,,
,Uttar Pradesh,"ShyamaPrasad (Civil), Lucknow",DNBGENERAL SURGERY,UP-DNB InS,"?1,25,000","?70,000",0*,?0*,401,,,
,Uttar Pradesh,"MaharanaPratapDistHos,Bareilly",DNBGENERAL SURGERY,UP-DNB InS,"?1,25,000","?70,000",0*,?0*,325,,,
,Uttar Pradesh,"Divisional Dist Hosp, Azamgarh",DNBGENERAL SURGERY,UP-DNB InS,"?1,25,000","?70,000",0*,?0*,312,,,
,Uttar Pradesh,"Autonomous State MC, Ayodhya",DNBGENERAL SURGERY,UP-DNB InS,"?1,25,000","?80,000*",0*,?0*,300,,,
,Uttar Pradesh,"VeeranganaAwantiBaiWom,Lucknow",DNBOBG,UP-DNB InS,"?1,25,000","?70,000",0*,?0*,326,,,
,Uttar Pradesh,"Govt IMS, Greater Noida",DNBOBG,UP-DNB InS,"?1,25,000","?80,000*",0*,?0*,300,,,
,Uttar Pradesh,"Autonomous State MC, Firozabad",DNBORTHOPAEDICS,UP-DNB InS,"?1,25,000","?80,000*",0*,?0*,244,,,
,Uttar Pradesh,"ShyamaPrasad (Civil), Lucknow",DNBORTHOPAEDICS,UP-DNB InS,"?1,25,000","?70,000",0*,?0*,401,,,
,Uttar Pradesh,"TejBahadurSapru Hosp,Allahabad",DNBORTHOPAEDICS,UP-DNB InS,"?1,25,000","?70,000*",0*,?0*,171,,,
,Uttar Pradesh,"Rana Beni MS DistHosp,Raebareli",DNBENT,UP-DNB InS,"?1,25,000","?70,000*",0*,?0*,Info Not Available,,,
,Uttar Pradesh,"Autonomous State MC, Firozabad",DNBPAEDIATRICS,UP-DNB InS,"?1,25,000","?80,000*",0*,?0*,244,,,
,Uttar Pradesh,"ShyamaPrasad (Civil), Lucknow",DNBPAEDIATRICS,UP-DNB InS,"?1,25,000","?70,000",0*,?0*,401,,,
,Uttar Pradesh,"UrsalaHorsmanMemHosp, Kanpur",DNBPAEDIATRICS,UP-DNB InS,"?1,25,000","?70,000",0*,?0*,550,,,
,Uttar Pradesh,"Balrampur Hospital, Lucknow",DNBPATHOLOGY,UP-DNB InS,"?1,25,000","?70,000*",0*,?0*,656,,,
,Uttar Pradesh,"NSC Bose Dist Hosp, Gorakhpur",DNBTBRD,UP-DNB InS,"?1,25,000","?70,000",0*,?0*,305,,,
,Uttar Pradesh,"Autonomous State MC, Firozabad",DA(NBEMS),UP-DNB InS,"?1,25,000","?80,000*",0*,?0*,244,,,
,Uttar Pradesh,"Government Med Col, Azamgarh,UP",DA(NBEMS),UP-DNB InS,"?1,25,000","?80,000*",0*,?0*,550,,,
,Uttar Pradesh,"MaharajaSuhelDevMed,Bahraich,UP",DA(NBEMS),UP-DNB InS,"?1,25,000","?80,000*",0*,?0*,550,,,
,Uttar Pradesh,"AutonomousStateMC,Rampur",DA(NBEMS),UP-DNB InS,"?1,25,000","?80,000*",0*,?0*,Info Not Available,,,
,Uttar Pradesh,"Autonomous State MC, Ayodhya",DA(NBEMS),UP-DNB InS,"?1,25,000","?80,000*",0*,?0*,300,,,
,Uttar Pradesh,"MaharanaPratapDistHos,Bareilly",DLO(NBEMS),UP-DNB InS,"?1,25,000","?70,000",0*,?0*,325,,,
,Uttar Pradesh,"SwamiKalyanDistHos,Muzaffrnagar",DLO(NBEMS),UP-DNB InS,"?1,25,000","?70,000",0*,?0*,Info Not Available,,,
,Uttar Pradesh,"UrsalaHorsmanMemHosp, Kanpur",DLO(NBEMS),UP-DNB InS,"?1,25,000","?70,000",0*,?0*,550,,,
,Uttar Pradesh,"Divisional Dist Hosp, Azamgarh",DLO(NBEMS),UP-DNB InS,"?1,25,000","?70,000*",0*,?0*,312,,,
,Uttar Pradesh,"Autonomous State MC, Firozabad",DGO(NBEMS),UP-DNB InS,"?1,25,000","?80,000*",0*,?0*,244,,,
,Uttar Pradesh,"MRA Med Coll, Ambedkar Nagar",DGO(NBEMS),UP-DNB InS,"?1,25,000","?80,000*",0*,?0*,Info Not Available,,,
,Uttar Pradesh,"VeeranganaAwantiBaiWom,Lucknow",DGO(NBEMS),UP-DNB InS,"?1,25,000","?70,000",0*,?0*,326,,,
,Uttar Pradesh,"District Comb Hosp,Sec 39,Noida",DGO(NBEMS),UP-DNB InS,"?1,25,000","?70,000*",0*,?0*,240,,,
,Uttar Pradesh,"DistrictCombHosp,Vrindavan,UP",DGO(NBEMS),UP-DNB InS,"?1,25,000","?70,000",0*,?0*,Info Not Available,,,
,Uttar Pradesh,"Dist Women Hosp, Barabanki",DGO(NBEMS),UP-DNB InS,"?1,25,000","?70,000*",0*,?0*,Info Not Available,,,
,Uttar Pradesh,"Dist Women Hosp, Raebareli",DGO(NBEMS),UP-DNB InS,"?1,25,000","?70,000",0*,?0*,Info Not Available,,,
,Uttar Pradesh,"LokBandhuRajNarayanHosp,Lucknow",DGO(NBEMS),UP-DNB InS,"?1,25,000","?70,000",0*,?0*,318,,,
,Uttar Pradesh,"Autonomous State MC, Ayodhya",DGO(NBEMS),UP-DNB InS,"?1,25,000","?80,000*",0*,?0*,300,,,
,Uttar Pradesh,"Government Med Col, Azamgarh,UP",DGO(NBEMS),UP-DNB InS,"?1,25,000","?80,000*",0*,?0*,550,,,
,Uttar Pradesh,"Autonomous StateMC, Siraon,Etah",DGO(NBEMS),UP-DNB InS,"?1,25,000","?80,000*",0*,?0*,300,,,
,Uttar Pradesh,"Autonomous State MC, Hardoi",DGO(NBEMS),UP-DNB InS,"?1,25,000","?80,000*",0*,?0*,332,,,
,Uttar Pradesh,"RajaPratapBahadurHosp,Pratapgar",DGO(NBEMS),UP-DNB InS,"?1,25,000","?80,000*",0*,?0*,336,,,
,Uttar Pradesh,"AutonomousStateMC,Shahjahanpur",DGO(NBEMS),UP-DNB InS,"?1,25,000","?80,000*",0*,?0*,312,,,
,Uttar Pradesh,"Government Med Coll, Badaun",DGO(NBEMS),UP-DNB InS,"?1,25,000","?80,000*",0*,?0*,234,,,
,Uttar Pradesh,"Rani DurgavatiMedColl,Banda,UP",DGO(NBEMS),UP-DNB InS,"?1,25,000","?80,000*",0*,?0*,430,,,
,Uttar Pradesh,"MaharajaSuhelDevMed,Bahraich,UP",DGO(NBEMS),UP-DNB InS,"?1,25,000","?80,000*",0*,?0*,550,,,
,Uttar Pradesh,"Balrampur Hospital, Lucknow",DO(NBEMS),UP-DNB InS,"?1,25,000","?70,000*",0*,?0*,656,,,
,Uttar Pradesh,"MaharanaPratapDistHos,Bareilly",DO(NBEMS),UP-DNB InS,"?1,25,000","?70,000",0*,?0*,325,,,
,Uttar Pradesh,"ShriShivPrasadDistHos,Varanasi",DO(NBEMS),UP-DNB InS,"?1,25,000","?70,000",0*,?0*,316,,,
,Uttar Pradesh,"UrsalaHorsmanMemHosp, Kanpur",DO(NBEMS),UP-DNB InS,"?1,25,000","?70,000",0*,?0*,550,,,
,Uttar Pradesh,"LalBahadurShastri Hosp,Varanasi",DO(NBEMS),UP-DNB InS,"?1,25,000","?70,000*",0*,?0*,Info Not Available,,,
,Uttar Pradesh,"Divisional Dist Hosp, Azamgarh",DO(NBEMS),UP-DNB InS,"?1,25,000","?70,000",0*,?0*,312,,,
,Uttar Pradesh,"PL Sharma Dist Hosp, Meerut",DO(NBEMS),UP-DNB InS,"?1,25,000","?70,000*",0*,?0*,250,,,
,Uttar Pradesh,"AutonomousStateMC,Shahjahanpur",DCH(NBEMS),UP-DNB InS,"?1,25,000","?80,000*",0*,?0*,312,,,
,Uttar Pradesh,"Balrampur Hospital, Lucknow",DCH(NBEMS),UP-DNB InS,"?1,25,000","?70,000*",0*,?0*,656,,,
,Uttar Pradesh,"Government Med Col, Azamgarh,UP",DCH(NBEMS),UP-DNB InS,"?1,25,000","?80,000*",0*,?0*,550,,,
,Uttar Pradesh,"Government Med Coll, Badaun",DCH(NBEMS),UP-DNB InS,"?1,25,000","?80,000*",0*,?0*,234,,,
,Uttar Pradesh,"Rani DurgavatiMedColl,Banda,UP",DCH(NBEMS),UP-DNB InS,"?1,25,000","?80,000*",0*,?0*,430,,,
,Uttar Pradesh,"Govt Med Coll, Kannauj, UP",DCH(NBEMS),UP-DNB InS,"?1,25,000","?80,000*",0*,?0*,470,,,
,Uttar Pradesh,"MaharajaSuhelDevMed,Bahraich,UP",DCH(NBEMS),UP-DNB InS,"?1,25,000","?80,000*",0*,?0*,550,,,
,Uttar Pradesh,"AutonomousStateMC,Rampur",DCH(NBEMS),UP-DNB InS,"?1,25,000","?80,000*",0*,?0*,Info Not Available,,,
,Uttar Pradesh,"ShriShivPrasadDistHos,Varanasi",DCH(NBEMS),UP-DNB InS,"?1,25,000","?70,000",0*,?0*,316,,,
,Uttar Pradesh,"DistrictCombHos,Sec23,Ghaziabad",DCH(NBEMS),UP-DNB InS,"?1,25,000","?70,000",0*,?0*,Info Not Available,,,
,Uttar Pradesh,"Dist Women Hosp, Rekab Ganj",DCH(NBEMS),UP-DNB InS,"?1,25,000","?70,000",0*,?0*,Info Not Available,,,
,Uttar Pradesh,"LokBandhuRajNarayanHosp,Lucknow",DCH(NBEMS),UP-DNB InS,"?1,25,000","?70,000",0*,?0*,318,,,
,Uttar Pradesh,"Pandit DDUDivDistHosp,Moradabad",DCH(NBEMS),UP-DNB InS,"?1,25,000","?70,000",0*,?0*,Info Not Available,,,
,Uttar Pradesh,"Rana Beni MS DistHosp,Raebareli",DCH(NBEMS),UP-DNB InS,"?1,25,000","?70,000*",0*,?0*,Info Not Available,,,
,Uttar Pradesh,"Autonomous State MC, Ayodhya",DCH(NBEMS),UP-DNB InS,"?1,25,000","?80,000*",0*,?0*,300,,,
,Uttar Pradesh,"MRA Med Coll, Ambedkar Nagar",DCH(NBEMS),UP-DNB InS,"?1,25,000","?80,000*",0*,?0*,Info Not Available,,,
,Uttar Pradesh,"TejBahadurSapru Hosp,Allahabad",DCH(NBEMS),UP-DNB InS,"?1,25,000","?70,000*",0*,?0*,171,,,
,Uttar Pradesh,"AutonomousStateMC,Shahjahanpur",DMRD(NBEMS),UP-DNB InS,"?1,25,000","?80,000*",0*,?0*,312,,,
,Uttar Pradesh,"AutonomousStateMC,Rampur",DMRD(NBEMS),UP-DNB InS,"?1,25,000","?80,000*",0*,?0*,Info Not Available,,,
,Uttar Pradesh,"Balrampur Hospital, Lucknow",DTBCD(NBEMS),UP-DNB InS,"?1,25,000","?70,000*",0*,?0*,656,,,
,Uttar Pradesh,"Government Med Coll, Badaun",DTBCD(NBEMS),UP-DNB InS,"?1,25,000","?80,000*",0*,?0*,234,,,
,Uttar Pradesh,"UrsalaHorsmanMemHosp, Kanpur",DTBCD(NBEMS),UP-DNB InS,"?1,25,000","?70,000",0*,?0*,550,,,
,Uttar Pradesh,"Dist Male Hosp, Basti, UP",DTBCD(NBEMS),UP-DNB InS,"?1,25,000","?70,000*",0*,?0*,Info Not Available,,,
,Uttar Pradesh,"LalBahadurShastri Hosp,Varanasi",DTBCD(NBEMS),UP-DNB InS,"?1,25,000","?70,000*",0*,?0*,Info Not Available,,,
,Uttar Pradesh,"Sri Ram Hospital, Ayodhya, UP",DTBCD(NBEMS),UP-DNB InS,"?1,25,000","?70,000*",0*,?0*,Info Not Available,,,
,Uttar Pradesh,"Autonomous State MC, Ayodhya",DTBCD(NBEMS),UP-DNB InS,"?1,25,000","?80,000*",0*,?0*,300,,,
