Quota,Category,State,Institute,Course,Fee,Stipend Year 1,Bond Years,Bond Penalty,Beds,CR 2023 1,CR 2023 2,CR 2023 3,CR 2023 4,CR 2023 5,CR 2023 6,CR 2023 7,CR 2024 1,CR 2024 2,CR 2024 3,CR 2024 4
AP Govt-NS APUR,OPEN-GEN,Andhra Pradesh,"SV Med Coll, Tirupati",GENERAL MEDICINE,"₹48,600*","₹60,823",1*,"₹40,00,000*",940,100(1),154(1),-,-,-,-,-,-,25(1),25(1),-
AP Govt-NS LOC (AU),OPEN-GEN,Andhra Pradesh,"Andhra Med Coll, Vizag",RADIO DIAGNOSIS,"₹48,600*","₹60,823",1*,"₹40,00,000*",1030,37(1),64(1),-,-,-,-,-,26(1),27(1),27(1),-
AP Govt-NS LOC (SVU),OPEN-GEN,Andhra Pradesh,"SVIMS, Tirupati",RADIO DIAGNOSIS,"₹2,11,600*","₹80,904*",1*,"₹40,00,000*",1257,-,86(1),-,-,-,-,-,25(1),35(1),36(1),-
AP Govt-NS LOC (SVU),BCB-GEN,Andhra Pradesh,"SVIMS, Tirupati",RADIO DIAGNOSIS,"₹2,11,600*","₹80,904*",1*,"₹40,00,000*",1257,-,-,-,-,-,-,-,53(1),53(1),54(1),-
AP Govt-NS LOC (AU),OPEN-GEN,Andhra Pradesh,"Rangaraya Med Coll, Kakinada",RADIO DIAGNOSIS,"₹48,600*","₹60,823",1*,"₹40,00,000*",1450,38(1),91(1),-,-,-,-,-,27(1),31(1),58(1),-
AP Govt-NS LOC (SVU),OPEN-GEN,Andhra Pradesh,"Kurnool Med Coll, Kurnool",DERMATOLOGY,"₹48,600*","₹60,823",1*,"₹40,00,000*",1150,-,-,-,-,-,-,-,58(1),58(1),59(1),-
AP Govt-NS LOC (SVU),OPEN-FEM,Andhra Pradesh,"Kurnool Med Coll, Kurnool",GENERAL MEDICINE,"₹48,600*","₹60,823",1*,"₹40,00,000*",1150,49(1),100(1),-,-,-,-,-,65(1),65(1),66(1),-
AP Govt-NS APUR,BCD-GEN,Andhra Pradesh,"Andhra Med Coll, Vizag",GENERAL MEDICINE,"₹48,600*","₹60,823",1*,"₹40,00,000*",1030,-,-,-,-,-,-,-,67(1),67(1),68(1),-
AP Govt-NS LOC (AU),BCD-GEN,Andhra Pradesh,"Andhra Med Coll, Vizag",RADIO DIAGNOSIS,"₹48,600*","₹60,823",1*,"₹40,00,000*",1030,-,-,-,-,-,-,-,68(1),68(1),69(1),-
AP Govt-NS LOC (AU),OPEN-FEM,Andhra Pradesh,"Guntur Med Coll, Guntur",GENERAL MEDICINE,"₹48,600*","₹60,823",1*,"₹40,00,000*",1170,68(1),130(2),-,-,-,-,-,39(1),76(1),77(1),-
AP Govt-NS LOC (AU),OPEN-FEM,Andhra Pradesh,"Andhra Med Coll, Vizag",GENERAL MEDICINE,"₹48,600*","₹60,823",1*,"₹40,00,000*",1030,84(2),106(2),-,-,-,-,-,56(2),87(2),88(2),-
AP Govt-NS LOC (AU),OPEN-GEN,Andhra Pradesh,"Andhra Med Coll, Vizag",GENERAL MEDICINE,"₹48,600*","₹60,823",1*,"₹40,00,000*",1030,73(2),73(2),-,-,-,-,-,43(3),77(4),91(4),-
AP Govt-NS LOC (AU),BCA-GEN,Andhra Pradesh,"Andhra Med Coll, Vizag",GENERAL MEDICINE,"₹48,600*","₹60,823",1*,"₹40,00,000*",1030,-,-,-,-,-,-,-,93(1),93(1),94(1),-
AP Govt-NS APUR,OPEN-GEN,Andhra Pradesh,"Kurnool Med Coll, Kurnool",GENERAL MEDICINE,"₹48,600*","₹60,823",1*,"₹40,00,000*",1150,-,-,-,-,-,-,-,49(1),40(1),97(2),-
AP Govt-NS APUR,OPEN-GEN,Andhra Pradesh,"Kurnool Med Coll, Kurnool",RADIO DIAGNOSIS,"₹48,600*","₹60,823",1*,"₹40,00,000*",1150,-,-,-,-,-,-,-,41(1),61(1),99(1),-
AP Govt-NS LOC (AU),OPEN-FEM,Andhra Pradesh,"Andhra Med Coll, Vizag",DERMATOLOGY,"₹48,600*","₹60,823",1*,"₹40,00,000*",1030,-,-,-,-,-,-,-,99(1),99(1),100(1),-
AP Govt-NS APUR,OPEN-FEM,Andhra Pradesh,"Guntur Med Coll, Guntur",GENERAL MEDICINE,"₹48,600*","₹60,823",1*,"₹40,00,000*",1170,-,-,-,-,-,-,-,34(1),55(1),102(1),-
AP Govt-NS APUR,OPEN-GEN,Andhra Pradesh,"Govt Siddhartha, Vijaywada",RADIO DIAGNOSIS,"₹48,600*","₹60,823",1*,"₹40,00,000*",707,-,-,-,-,-,-,-,31(1),75(1),106(1),-
AP Govt-NS LOC (AU),OPEN-GEN,Andhra Pradesh,"Guntur Med Coll, Guntur",RADIO DIAGNOSIS,"₹48,600*","₹60,823",1*,"₹40,00,000*",1170,34(1),34(1),-,-,-,-,-,42(1),110(1),114(1),-
AP Govt-NS LOC (AU),OPEN-FEM,Andhra Pradesh,"Rajiv Gandhi IMS, Srikakulam",RADIO DIAGNOSIS,"₹48,600*","₹60,823",1*,"₹40,00,000*",532,-,-,-,-,-,-,-,57(1),57(1),118(1),-
AP Govt-NS LOC (SVU),OPEN-GEN,Andhra Pradesh,"Kurnool Med Coll, Kurnool",GENERAL MEDICINE,"₹48,600*","₹60,823",1*,"₹40,00,000*",1150,93(3),153(3),-,-,-,-,-,63(2),70(2),120(3),-
AP Govt-NS LOC (AU),BCB-FEM,Andhra Pradesh,"Andhra Med Coll, Vizag",GENERAL MEDICINE,"₹48,600*","₹60,823",1*,"₹40,00,000*",1030,-,-,-,-,-,-,-,122(1),122(1),123(1),-
AP Govt-NS LOC (SVU),OPEN-GEN,Andhra Pradesh,"SV Med Coll, Tirupati",RADIO DIAGNOSIS,"₹48,600*","₹60,823",1*,"₹40,00,000*",940,80(1),238(2),-,-,-,-,-,35(1),111(2),124(3),-
AP Govt-NS LOC (AU),OPEN-GEN,Andhra Pradesh,"Rajiv Gandhi IMS, Ongole",RADIO DIAGNOSIS,"₹48,600*","₹60,823",1*,"₹40,00,000*",500,76(1),171(1),-,-,-,-,-,75(1),125(1),126(1),-
AP Govt-NS LOC (SVU),OPEN-GEN,Andhra Pradesh,"Govt Siddhartha, Vijaywada",GENERAL MEDICINE,"₹48,600*","₹60,823",1*,"₹40,00,000*",707,-,-,-,-,-,-,-,-,126(1),127(1),-
AP Govt-NS LOC (SVU),BCB-GEN,Andhra Pradesh,"Narayana Med Coll, Nellore",RADIO DIAGNOSIS,"₹4,96,800*","₹30,000*",1*,"₹40,00,000*",1430,-,-,-,-,-,-,-,442(1),128(1),129(1),-
AP Govt-NS LOC (AU),OPEN-GEN,Andhra Pradesh,"Guntur Med Coll, Guntur",GENERAL MEDICINE,"₹48,600*","₹60,823",1*,"₹40,00,000*",1170,77(1),147(3),-,-,-,-,-,55(3),106(4),132(4),-
AP Govt-NS LOC (AU),BCA-GEN,Andhra Pradesh,"Andhra Med Coll, Vizag",DERMATOLOGY,"₹48,600*","₹60,823",1*,"₹40,00,000*",1030,-,-,-,-,-,-,-,133(1),133(1),134(1),-
AP Govt-NS APUR,OPEN-GEN,Andhra Pradesh,"Govt Siddhartha, Vijaywada",GENERAL MEDICINE,"₹48,600*","₹60,823",1*,"₹40,00,000*",707,-,-,-,-,-,-,-,70(1),100(1),139(1),-
AP Govt-NS LOC (SVU),OPEN-FEM,Andhra Pradesh,"SV Med Coll, Tirupati",GENERAL MEDICINE,"₹48,600*","₹60,823",1*,"₹40,00,000*",940,153(1),157(1),-,-,-,-,-,82(1),86(2),141(2),-
AP Govt-NS LOC (SVU),OPEN-FEM,Andhra Pradesh,"SV Med Coll, Tirupati",DERMATOLOGY,"₹48,600*","₹60,823",1*,"₹40,00,000*",940,-,-,-,-,-,-,-,84(1),145(1),146(1),-
AP Govt-NS LOC (SVU),OPEN-GEN,Andhra Pradesh,"Govt Med Coll, Ananthapuram",RADIO DIAGNOSIS,"₹48,600*","₹60,823",1*,"₹40,00,000*",500,-,-,-,-,-,-,-,123(1),123(1),152(1),-
AP Govt-NS AP LOC,OPEN-GEN,Andhra Pradesh,"Govt Siddhartha, Vijaywada",GENERAL MEDICINE,"₹48,600*","₹60,823",1*,"₹40,00,000*",707,-,-,-,-,-,-,-,76(1),118(1),155(2),-
AP Govt-NS LOC (AU),BCD-GEN,Andhra Pradesh,"Andhra Med Coll, Vizag",DERMATOLOGY,"₹48,600*","₹60,823",1*,"₹40,00,000*",1030,-,-,-,-,-,-,-,155(1),155(1),156(1),-
AP Govt-NS LOC (SVU),OPEN-FEM,Andhra Pradesh,"Kurnool Med Coll, Kurnool",RADIO DIAGNOSIS,"₹48,600*","₹60,823",1*,"₹40,00,000*",1150,-,-,-,-,-,-,-,61(1),98(1),160(1),-
AP Govt-NS LOC (AU),BCB-GEN,Andhra Pradesh,"Guntur Med Coll, Guntur",GENERAL MEDICINE,"₹48,600*","₹60,823",1*,"₹40,00,000*",1170,-,-,-,-,-,-,-,147(1),147(1),161(1),-
AP Govt-NS LOC (AU),OPEN-FEM,Andhra Pradesh,"NRI Med Coll, Guntur",RADIO DIAGNOSIS,"₹4,96,800*","₹27,000*",1*,"₹40,00,000*",1050,-,-,-,-,-,-,-,163(1),163(1),164(1),-
AP Govt-NS LOC (SVU),OPEN-FEM,Andhra Pradesh,"Narayana Med Coll, Nellore",RADIO DIAGNOSIS,"₹4,96,800*","₹30,000*",1*,"₹40,00,000*",1430,-,-,-,-,-,-,-,166(1),166(1),167(1),-
AP Govt-NS APUR,OPEN-GEN,Andhra Pradesh,"Rangaraya Med Coll, Kakinada",GENERAL MEDICINE,"₹48,600*","₹60,823",1*,"₹40,00,000*",1450,-,-,-,-,-,-,-,29(1),101(1),173(2),-
AP Govt-NS LOC (AU),OPEN-GEN,Andhra Pradesh,"Rangaraya Med Coll, Kakinada",DERMATOLOGY,"₹48,600*","₹60,823",1*,"₹40,00,000*",1450,-,-,-,-,-,-,-,101(1),173(1),175(1),-
AP Govt-NS LOC (SVU),OPEN-FEM,Andhra Pradesh,"Govt Med Coll, Ananthapuram",RADIO DIAGNOSIS,"₹48,600*","₹60,823",1*,"₹40,00,000*",500,122(1),531(1),-,-,-,-,-,98(1),159(1),185(1),-
AP Govt-NS LOC (AU),OPEN-FEM,Andhra Pradesh,"Rangaraya Med Coll, Kakinada",GENERAL MEDICINE,"₹48,600*","₹60,823",1*,"₹40,00,000*",1450,87(1),179(1),-,-,-,-,-,66(1),131(1),186(2),-
AP Govt-NS LOC (SVU),OPEN-GEN,Andhra Pradesh,"SV Med Coll, Tirupati",GENERAL MEDICINE,"₹48,600*","₹60,823",1*,"₹40,00,000*",940,146(2),209(4),-,-,-,-,-,86(3),139(4),190(4),-
AP Govt-NS APUR,OPEN-GEN,Andhra Pradesh,"NRI Med Coll, Guntur",RADIO DIAGNOSIS,"₹4,96,800*","₹27,000*",1*,"₹40,00,000*",1050,-,-,-,-,-,-,-,105(1),105(1),192(1),-
AP Govt-NS LOC (SVU),OPEN-GEN-PHO,Andhra Pradesh,"SV Med Coll, Tirupati",GENERAL MEDICINE,"₹48,600*","₹60,823",1*,"₹40,00,000*",940,-,-,-,-,-,-,-,96(1),96(1),199(1),-
AP Govt-NS LOC (AU),BCE-GEN,Andhra Pradesh,"Guntur Med Coll, Guntur",GENERAL MEDICINE,"₹48,600*","₹60,823",1*,"₹40,00,000*",1170,-,-,-,-,-,-,-,150(1),150(1),202(1),-
AP Govt-NS LOC (SVU),BCB-GEN,Andhra Pradesh,"Rajiv Gandhi IMS, Kadapa",RADIO DIAGNOSIS,"₹48,600*","₹60,823",1*,"₹40,00,000*",715,124(1),547(1),-,-,-,-,-,-,153(1),204(1),-
AP Govt-NS LOC (AU),OPEN-GEN,Andhra Pradesh,"Rangaraya Med Coll, Kakinada",GENERAL MEDICINE,"₹48,600*","₹60,823",1*,"₹40,00,000*",1450,106(1),201(1),-,-,-,-,-,-,109(1),206(1),-
AP Govt-NS APUR,OPEN-FEM,Andhra Pradesh,"Alluri Sitaram Raju, Eluru",RADIO DIAGNOSIS,"₹4,96,800*","₹30,000*",1*,"₹40,00,000*",1200,-,-,-,-,-,-,-,201(1),205(1),207(1),-
AP Govt-NS LOC (SVU),OPEN-FEM,Andhra Pradesh,"SV Med Coll, Tirupati",PAEDIATRICS,"₹48,600*","₹60,823",1*,"₹40,00,000*",940,226(2),474(2),-,-,-,-,-,206(1),206(1),208(1),-
AP Govt-NS APUR,OPEN-FEM,Andhra Pradesh,"NRI Med Coll, Guntur",GENERAL MEDICINE,"₹4,96,800*","₹27,000*",1*,"₹40,00,000*",1050,-,348(1),-,-,-,-,-,152(1),152(1),209(1),-
AP Govt-NS APUR,OPEN-GEN,Andhra Pradesh,"Govt Siddhartha, Vijaywada",DERMATOLOGY,"₹48,600*","₹60,823",1*,"₹40,00,000*",707,-,-,-,-,-,-,-,125(1),158(1),212(1),-
AP Govt-NS APUR,OPEN-GEN,Andhra Pradesh,"Rajiv Gandhi IMS, Srikakulam",GENERAL MEDICINE,"₹48,600*","₹60,823",1*,"₹40,00,000*",532,-,206(1),-,-,-,-,-,-,-,219(1),-
AP Govt-NS LOC (AU),BCD-GEN,Andhra Pradesh,"Rangaraya Med Coll, Kakinada",GENERAL MEDICINE,"₹48,600*","₹60,823",1*,"₹40,00,000*",1450,-,-,-,-,-,-,-,108(2),112(1),223(1),-
AP Govt-NS APUR,OPEN-GEN,Andhra Pradesh,"Rajiv Gandhi IMS, Srikakulam",DERMATOLOGY,"₹48,600*","₹60,823",1*,"₹40,00,000*",532,281(1),515(1),-,-,-,-,-,-,174(1),226(1),-
AP Govt-NS LOC (AU),OPEN-FEM,Andhra Pradesh,"Rajiv Gandhi IMS, Srikakulam",GENERAL MEDICINE,"₹48,600*","₹60,823",1*,"₹40,00,000*",532,-,-,-,-,-,-,-,-,185(1),227(1),-
AP Govt-NS APUR,OPEN-GEN,Andhra Pradesh,"Dr PSI Med Coll, Chinoutpalli",RADIO DIAGNOSIS,"₹4,96,800*","₹28,000*",1*,"₹40,00,000*",790,-,-,-,-,-,-,-,-,191(1),231(1),-
AP Govt-NS LOC (SVU),OPEN-GEN,Andhra Pradesh,"SVIMS, Tirupati",GENERAL MEDICINE,"₹2,11,600*","₹80,904*",1*,"₹40,00,000*",1257,-,-,-,-,-,-,-,119(1),151(1),232(1),-
AP Govt-NS LOC (AU),OPEN-GEN,Andhra Pradesh,"Andhra Med Coll, Vizag",PAEDIATRICS,"₹48,600*","₹60,823",1*,"₹40,00,000*",1030,-,-,-,-,-,-,-,109(1),233(2),235(1),-
AP Govt-NS LOC (SVU),BCB-FEM,Andhra Pradesh,"Govt Med Coll, Ananthapuram",RADIO DIAGNOSIS,"₹48,600*","₹60,823",1*,"₹40,00,000*",500,-,-,-,-,-,-,-,236(1),236(1),238(1),-
AP Govt-NS LOC (SVU),OPEN-FEM,Andhra Pradesh,"Rajiv Gandhi IMS, Kadapa",GENERAL MEDICINE,"₹48,600*","₹60,823",1*,"₹40,00,000*",715,-,-,-,-,-,-,-,-,-,251(2),-
AP Govt-NS APUR,BCA-GEN,Andhra Pradesh,"SVIMS, Tirupati",GENERAL MEDICINE,"₹2,11,600*","₹80,904*",1*,"₹40,00,000*",1257,-,-,-,-,-,-,-,176(1),176(1),255(1),-
AP Govt-NS LOC (SVU),BCB-FEM,Andhra Pradesh,"SV Med Coll, Tirupati",GENERAL MEDICINE,"₹48,600*","₹60,823",1*,"₹40,00,000*",940,-,-,-,-,-,-,-,116(1),258(1),260(1),-
AP Govt-NS LOC (SVU),BCB-FEM,Andhra Pradesh,"SVIMS, Tirupati",GENERAL MEDICINE,"₹2,11,600*","₹80,904*",1*,"₹40,00,000*",1257,-,-,-,-,-,-,-,258(1),260(1),262(1),-
AP Govt-NS APUR,OPEN-GEN,Andhra Pradesh,"Alluri Sitaram Raju, Eluru",GENERAL MEDICINE,"₹4,96,800*","₹30,000*",1*,"₹40,00,000*",1200,-,-,-,-,-,-,-,195(1),195(1),263(2),-
AP Govt-NS LOC (SVU),OPEN-FEM,Andhra Pradesh,"Narayana Med Coll, Nellore",GENERAL MEDICINE,"₹4,96,800*","₹30,000*",1*,"₹40,00,000*",1430,368(2),392(3),-,-,-,-,-,260(1),270(1),272(1),-
AP Govt-NS LOC (AU),BCA-GEN,Andhra Pradesh,"Rajiv Gandhi IMS, Srikakulam",GENERAL MEDICINE,"₹48,600*","₹60,823",1*,"₹40,00,000*",532,-,-,-,-,-,-,-,275(1),275(1),277(1),-
AP Govt-NS LOC (AU),BCB-FEM,Andhra Pradesh,"Rangaraya Med Coll, Kakinada",PAEDIATRICS,"₹48,600*","₹60,823",1*,"₹40,00,000*",1450,-,-,-,-,-,-,-,278(1),278(1),280(1),-
AP Govt-NS LOC (SVU),OPEN-GEN,Andhra Pradesh,"Rajiv Gandhi IMS, Kadapa",GENERAL MEDICINE,"₹48,600*","₹60,823",1*,"₹40,00,000*",715,-,-,-,-,-,-,-,151(2),146(2),283(3),-
AP Govt-NS LOC (AU),BCA-FEM,Andhra Pradesh,"Rajiv Gandhi IMS, Srikakulam",GENERAL MEDICINE,"₹48,600*","₹60,823",1*,"₹40,00,000*",532,-,-,-,-,-,-,-,-,286(1),288(1),-
AP Govt-NS LOC (AU),BCE-GEN,Andhra Pradesh,"NRI Med Coll, Guntur",RADIO DIAGNOSIS,"₹4,96,800*","₹27,000*",1*,"₹40,00,000*",1050,-,-,-,-,-,-,-,287(1),287(1),289(1),-
AP Govt-NS LOC (AU),OPEN-FEM,Andhra Pradesh,"Rangaraya Med Coll, Kakinada",PAEDIATRICS,"₹48,600*","₹60,823",1*,"₹40,00,000*",1450,201(1),-,-,-,-,-,-,131(1),266(1),295(1),-
AP Govt-NS LOC (AU),OPEN-GEN,Andhra Pradesh,"Rajiv Gandhi IMS, Ongole",GENERAL MEDICINE,"₹48,600*","₹60,823",1*,"₹40,00,000*",500,-,-,-,-,-,-,-,90(1),160(1),299(1),-
AP Govt-NS LOC (AU),OPEN-GEN,Andhra Pradesh,"Rangaraya Med Coll, Kakinada",PAEDIATRICS,"₹48,600*","₹60,823",1*,"₹40,00,000*",1450,190(1),484(1),-,-,-,-,-,165(1),267(2),301(2),-
AP Govt-NS LOC (SVU),OPEN-GEN,Andhra Pradesh,"Govt Med Coll, Ananthapuram",GENERAL MEDICINE,"₹48,600*","₹60,823",1*,"₹40,00,000*",500,-,-,-,-,-,-,-,126(1),172(1),310(2),-
AP Govt-NS APUR,BCD-GEN,Andhra Pradesh,"Guntur Med Coll, Guntur",DERMATOLOGY,"₹48,600*","₹60,823",1*,"₹40,00,000*",1170,-,-,-,-,-,-,-,248(1),309(1),311(1),-
AP Govt-NS LOC (SVU),OPEN-GEN-PHO,Andhra Pradesh,"ACSR Medical College, Nellore",GENERAL MEDICINE,"₹48,600*","₹60,823",1*,"₹40,00,000*",355,-,-,-,-,-,-,-,-,189(1),314(1),-
AP Govt-NS LOC (AU),BCA-GEN,Andhra Pradesh,"Guntur Med Coll, Guntur",RADIO DIAGNOSIS,"₹48,600*","₹60,823",1*,"₹40,00,000*",1170,-,-,-,-,-,-,-,168(1),313(1),315(1),-
AP Govt-NS LOC (AU),OPEN-GEN,Andhra Pradesh,"NRI Med Coll, Guntur",GENERAL MEDICINE,"₹4,96,800*","₹27,000*",1*,"₹40,00,000*",1050,161(1),430(2),-,-,-,-,-,169(1),169(1),317(2),-
AP Govt-NS LOC (AU),BCD-FEM,Andhra Pradesh,"Rajiv Gandhi IMS, Srikakulam",RADIO DIAGNOSIS,"₹48,600*","₹60,823",1*,"₹40,00,000*",532,-,-,-,-,-,-,-,-,117(1),324(1),-
AP Govt-NS LOC (AU),OPEN-FEM,Andhra Pradesh,"Andhra Med Coll, Vizag",PAEDIATRICS,"₹48,600*","₹60,823",1*,"₹40,00,000*",1030,179(1),192(1),-,-,-,-,-,110(1),210(1),327(1),-
AP Govt-NS LOC (SVU),BCE-FEM,Andhra Pradesh,"SV Med Coll, Tirupati",PAEDIATRICS,"₹48,600*","₹60,823",1*,"₹40,00,000*",940,-,-,-,-,-,-,-,326(1),326(1),328(1),-
AP Govt-NS LOC (SVU),BCA-GEN,Andhra Pradesh,"Kurnool Med Coll, Kurnool",PAEDIATRICS,"₹48,600*","₹60,823",1*,"₹40,00,000*",1150,-,-,-,-,-,-,-,329(1),329(1),331(1),-
AP Govt-NS LOC (AU),OPEN-FEM,Andhra Pradesh,"Dr PSI Med Coll, Chinoutpalli",GENERAL MEDICINE,"₹4,96,800*","₹28,000*",1*,"₹40,00,000*",790,300(1),661(2),-,-,-,-,-,-,-,333(1),-
AP Govt-NS APUR,OPEN-GEN,Andhra Pradesh,"Guntur Med Coll, Guntur",PAEDIATRICS,"₹48,600*","₹60,823",1*,"₹40,00,000*",1170,-,-,-,-,-,-,-,118(1),246(1),339(1),-
AP Govt-NS LOC (SVU),OPEN-GEN,Andhra Pradesh,"ACSR Medical College, Nellore",ORTHOPAEDICS,"₹48,600*","₹60,823",1*,"₹40,00,000*",355,-,-,-,-,-,-,-,-,-,341(1),-
AP Govt-NS APUR,OPEN-FEM,Andhra Pradesh,"Maharajah IMS, Vizianagaram",RADIO DIAGNOSIS,"₹4,96,800*",Info not available*,1*,"₹40,00,000*",850,-,-,-,-,-,-,-,342(1),439(1),344(1),-
AP Govt-NS LOC (SVU),OPEN-FEM,Andhra Pradesh,"ACSR Medical College, Nellore",GENERAL MEDICINE,"₹48,600*","₹60,823",1*,"₹40,00,000*",355,-,-,-,-,-,-,-,140(1),178(1),351(1),-
AP Govt-NS LOC (AU),OPEN-GEN,Andhra Pradesh,"GVP Med Coll, Vizag",RADIO DIAGNOSIS,"₹4,96,800*","₹30,000*",1*,"₹40,00,000*",750,-,-,-,-,-,-,-,497(1),351(1),353(1),-
AP Govt-NS LOC (AU),OPEN-GEN,Andhra Pradesh,"GVP Med Coll, Vizag",DERMATOLOGY,"₹4,96,800*","₹30,000*",1*,"₹40,00,000*",750,-,-,-,-,-,-,-,352(1),352(1),354(1),-
AP Govt-NS APUR,OPEN-GEN,Andhra Pradesh,"GSL Med Coll, Rajahmundry",RADIO DIAGNOSIS,"₹4,96,800*","₹30,000*",1*,"₹40,00,000*",1140,-,-,-,-,-,-,-,191(1),355(1),357(1),-
AP Govt-NS LOC (AU),BCB-GEN,Andhra Pradesh,"Rangaraya Med Coll, Kakinada",RADIO DIAGNOSIS,"₹48,600*","₹60,823",1*,"₹40,00,000*",1450,-,-,-,-,-,-,-,114(1),143(1),360(1),-
AP Govt-NS APUR,BCD-GEN,Andhra Pradesh,"Govt Siddhartha, Vijaywada",DERMATOLOGY,"₹48,600*","₹60,823",1*,"₹40,00,000*",707,-,-,-,-,-,-,-,306(1),359(1),361(1),-
AP Govt-NS LOC (AU),BCA-FEM,Andhra Pradesh,"Rajiv Gandhi IMS, Ongole",GENERAL MEDICINE,"₹48,600*","₹60,823",1*,"₹40,00,000*",500,-,-,-,-,-,-,-,286(1),360(1),362(1),-
AP Govt-NS LOC (SVU),OPEN-GEN,Andhra Pradesh,"ACSR Medical College, Nellore",GENERAL MEDICINE,"₹48,600*","₹60,823",1*,"₹40,00,000*",355,-,-,-,-,-,-,-,183(2),190(2),363(2),-
AP Govt-NS LOC (AU),BCE-FEM,Andhra Pradesh,"NRI Med Coll, Guntur",GENERAL MEDICINE,"₹4,96,800*","₹27,000*",1*,"₹40,00,000*",1050,-,-,-,-,-,-,-,365(1),365(1),367(1),-
AP Govt-NS APUR,OPEN-GEN,Andhra Pradesh,"Govt Siddhartha, Vijaywada",PAEDIATRICS,"₹48,600*","₹60,823",1*,"₹40,00,000*",707,-,-,-,-,-,-,-,148(1),-,371(2),-
AP Govt-NS LOC (AU),BCB-GEN,Andhra Pradesh,"Guntur Med Coll, Guntur",PAEDIATRICS,"₹48,600*","₹60,823",1*,"₹40,00,000*",1170,-,-,-,-,-,-,-,234(1),372(1),374(1),-
AP Govt-NS APUR,OPEN-FEM,Andhra Pradesh,"Guntur Med Coll, Guntur",OBG,"₹48,600*","₹60,823",1*,"₹40,00,000*",1170,-,-,-,-,-,-,-,298(1),298(1),378(1),-
AP Govt-NS LOC (SVU),OPEN-GEN,Andhra Pradesh,"Govt Med Coll, Ananthapuram",DERMATOLOGY,"₹48,600*","₹60,823",1*,"₹40,00,000*",500,-,-,-,-,-,-,-,171(1),223(1),380(1),-
AP Govt-NS APUR,OPEN-GEN,Andhra Pradesh,"Guntur Med Coll, Guntur",OBG,"₹48,600*","₹60,823",1*,"₹40,00,000*",1170,-,-,-,-,-,-,-,-,-,386(1),51(1)
AP Govt-NS APUR,BCB-GEN,Andhra Pradesh,"Narayana Med Coll, Nellore",RADIO DIAGNOSIS,"₹4,96,800*","₹30,000*",1*,"₹40,00,000*",1430,-,-,-,-,-,-,-,385(1),385(1),387(1),-
AP Govt-NS APUR,BCA-GEN,Andhra Pradesh,"Andhra Med Coll, Vizag",PAEDIATRICS,"₹48,600*","₹60,823",1*,"₹40,00,000*",1030,-,-,-,-,-,-,-,313(1),340(1),389(1),-
AP Govt-NS APUR,BCB-GEN,Andhra Pradesh,"Narayana Med Coll, Nellore",GENERAL MEDICINE,"₹4,96,800*","₹30,000*",1*,"₹40,00,000*",1430,-,-,-,-,-,-,-,388(1),388(1),390(1),-
AP Govt-NS LOC (AU),BCE-GEN,Andhra Pradesh,"Andhra Med Coll, Vizag",OBG,"₹48,600*","₹60,823",1*,"₹40,00,000*",1030,-,-,-,-,-,-,-,390(1),390(1),392(1),-
AP Govt-NS LOC (AU),BCD-GEN,Andhra Pradesh,"GreatEastern MedSch,Srikakulam",GENERAL MEDICINE,"₹4,96,800*",Info not available*,1*,"₹40,00,000*",780,-,-,-,-,-,-,-,394(1),394(1),396(1),-
AP Govt-NS LOC (AU),OPEN-FEM,Andhra Pradesh,"Guntur Med Coll, Guntur",PAEDIATRICS,"₹48,600*","₹60,823",1*,"₹40,00,000*",1170,249(1),412(1),-,-,-,-,-,-,293(1),401(1),-
AP Govt-NS APUR,OPEN-FEM,Andhra Pradesh,"Kurnool Med Coll, Kurnool",PAEDIATRICS,"₹48,600*","₹60,823",1*,"₹40,00,000*",1150,-,-,-,-,-,-,-,174(1),279(1),403(1),-
AP Govt-NS APUR,OPEN-GEN,Andhra Pradesh,"PES IMS, Kuppam",GENERAL MEDICINE,"₹4,96,800*","₹30,000*",1*,"₹40,00,000*",975,-,-,-,-,-,-,-,225(1),225(1),405(1),-
AP Govt-NS LOC (AU),OPEN-GEN,Andhra Pradesh,"Guntur Med Coll, Guntur",PAEDIATRICS,"₹48,600*","₹60,823",1*,"₹40,00,000*",1170,196(1),586(2),-,-,-,-,-,127(1),297(1),407(1),-
AP Govt-NS LOC (AU),OPEN-GEN,Andhra Pradesh,"Rajiv Gandhi IMS, Srikakulam",PAEDIATRICS,"₹48,600*","₹60,823",1*,"₹40,00,000*",532,-,645(1),-,-,-,-,-,-,325(1),409(1),-
AP Govt-NS LOC (SVU),OPEN-GEN,Andhra Pradesh,"Rajiv Gandhi IMS, Kadapa",DERMATOLOGY,"₹48,600*","₹60,823",1*,"₹40,00,000*",715,-,-,-,-,-,-,-,145(1),171(1),412(1),-
AP Govt-NS APUR,BCB-FEM,Andhra Pradesh,"Govt Siddhartha, Vijaywada",PAEDIATRICS,"₹48,600*","₹60,823",1*,"₹40,00,000*",707,-,-,-,-,-,-,-,336(1),413(1),415(1),-
AP Govt-NS LOC (AU),OPEN-FEM,Andhra Pradesh,"Alluri Sitaram Raju, Eluru",GENERAL MEDICINE,"₹4,96,800*","₹30,000*",1*,"₹40,00,000*",1200,-,-,-,-,-,-,-,207(1),207(1),416(1),-
AP Govt-NS LOC (AU),OPEN-GEN,Andhra Pradesh,"Rajiv Gandhi IMS, Ongole",PAEDIATRICS,"₹48,600*","₹60,823",1*,"₹40,00,000*",500,-,-,-,-,-,-,-,227(1),386(1),421(1),-
AP Govt-NS LOC (SVU),BCD-GEN,Andhra Pradesh,"Kurnool Med Coll, Kurnool",PAEDIATRICS,"₹48,600*","₹60,823",1*,"₹40,00,000*",1150,-,-,-,-,-,-,-,420(2),420(2),422(1),-
AP Govt-NS LOC (SVU),BCA-GEN,Andhra Pradesh,"SV Med Coll, Tirupati",PAEDIATRICS,"₹48,600*","₹60,823",1*,"₹40,00,000*",940,247(1),597(1),-,-,-,-,-,432(1),432(1),434(1),-
AP Govt-NS LOC (SVU),OPEN-GEN,Andhra Pradesh,"Narayana Med Coll, Nellore",GENERAL MEDICINE,"₹4,96,800*","₹30,000*",1*,"₹40,00,000*",1430,276(1),277(1),-,-,-,-,-,270(2),345(3),436(3),-
AP Govt-NS APUR,OPEN-FEM,Andhra Pradesh,"Apollo IMS&R, Chittoor",GENERAL MEDICINE,"₹4,96,800*","₹30,000*",1*,"₹40,00,000*",850,-,-,-,-,-,-,-,317(1),175(1),441(1),49(1)
AP Govt-NS APUR,OPEN-GEN,Andhra Pradesh,"Kurnool Med Coll, Kurnool",ORTHOPAEDICS,"₹48,600*","₹60,823",1*,"₹40,00,000*",1150,-,-,-,-,-,-,-,459(1),442(1),444(1),-
AP Govt-NS LOC (AU),SC-GEN,Andhra Pradesh,"Andhra Med Coll, Vizag",GENERAL MEDICINE,"₹48,600*","₹60,823",1*,"₹40,00,000*",1030,551(1),653(1),-,-,-,-,-,444(1),444(1),446(1),-
AP Govt-NS LOC (SVU),OPEN-FEM,Andhra Pradesh,"Rajiv Gandhi IMS, Kadapa",RADIO DIAGNOSIS,"₹48,600*","₹60,823",1*,"₹40,00,000*",715,-,-,-,-,-,-,-,111(1),184(1),447(1),-
AP Govt-NS LOC (SVU),SC-GEN,Andhra Pradesh,"SVIMS, Tirupati",RADIO DIAGNOSIS,"₹2,11,600*","₹80,904*",1*,"₹40,00,000*",1257,-,-,-,-,-,-,-,446(1),446(1),448(1),-
AP Govt-NS LOC (SVU),OPEN-GEN,Andhra Pradesh,"Apollo IMS&R, Chittoor",RADIO DIAGNOSIS,"₹4,96,800*","₹30,000*",1*,"₹40,00,000*",850,341(1),543(1),-,-,-,-,-,-,447(1),449(1),-
AP Govt-NS LOC (AU),OPEN-GEN,Andhra Pradesh,"Dr PSI Med Coll, Chinoutpalli",RADIO DIAGNOSIS,"₹4,96,800*","₹28,000*",1*,"₹40,00,000*",790,171(1),362(1),-,-,-,-,-,158(1),201(1),452(1),-
AP Govt-NS LOC (AU),BCD-GEN,Andhra Pradesh,"Govt Siddhartha, Vijaywada",OBG,"₹48,600*","₹60,823",1*,"₹40,00,000*",707,719(1),-,-,-,-,-,-,462(1),462(1),465(1),-
AP Govt-NS LOC (SVU),BCA-GEN,Andhra Pradesh,"ACSR Medical College, Nellore",GENERAL MEDICINE,"₹48,600*","₹60,823",1*,"₹40,00,000*",355,-,-,-,-,-,-,-,253(1),253(1),470(1),-
AP Govt-NS LOC (SVU),OPEN-GEN-PHO,Andhra Pradesh,"SV Med Coll, Tirupati",PAEDIATRICS,"₹48,600*","₹60,823",1*,"₹40,00,000*",940,-,-,-,-,-,-,-,-,-,484(1),-
AP Govt-NS LOC (SVU),OPEN-GEN,Andhra Pradesh,"Kurnool Med Coll, Kurnool",PAEDIATRICS,"₹48,600*","₹60,823",1*,"₹40,00,000*",1150,187(1),241(1),-,-,-,-,-,-,202(1),486(2),-
AP Govt-NS LOC (AU),BCD-GEN,Andhra Pradesh,"Andhra Med Coll, Vizag",PAEDIATRICS,"₹48,600*","₹60,823",1*,"₹40,00,000*",1030,192(1),374(1),-,-,-,-,-,124(1),-,488(1),-
AP Govt-NS LOC (SVU),OPEN-FEM,Andhra Pradesh,"PES IMS, Kuppam",GENERAL MEDICINE,"₹4,96,800*","₹30,000*",1*,"₹40,00,000*",975,290(1),370(1),-,-,-,-,-,-,-,495(1),-
AP Govt-NS APUR,OPEN-FEM,Andhra Pradesh,"Dr PSI Med Coll, Chinoutpalli",DERMATOLOGY,"₹4,96,800*","₹28,000*",1*,"₹40,00,000*",790,-,-,-,-,-,-,-,215(1),228(1),501(1),-
AP Govt-NS LOC (SVU),BCB-GEN,Andhra Pradesh,"Kurnool Med Coll, Kurnool",GENERAL SURGERY,"₹48,600*","₹60,823",1*,"₹40,00,000*",1150,-,-,-,-,-,-,-,503(2),503(2),506(1),-
AP Govt-NS LOC (AU),BCB-FEM,Andhra Pradesh,"Andhra Med Coll, Vizag",GENERAL SURGERY,"₹48,600*","₹60,823",1*,"₹40,00,000*",1030,-,-,-,-,-,-,-,505(1),505(1),508(1),-
AP Govt-NS LOC (AU),BCA-FEM,Andhra Pradesh,"NRI Med Coll, Guntur",RADIO DIAGNOSIS,"₹4,96,800*","₹27,000*",1*,"₹40,00,000*",1050,-,-,-,-,-,-,-,506(1),506(1),509(1),-
AP Govt-NS LOC (AU),OPEN-GEN,Andhra Pradesh,"Dr PSI Med Coll, Chinoutpalli",GENERAL MEDICINE,"₹4,96,800*","₹28,000*",1*,"₹40,00,000*",790,-,449(1),-,-,-,-,-,232(2),232(2),510(3),-
AP Govt-NS LOC (AU),OPEN-GEN,Andhra Pradesh,"NRI Inst of Med Sci, Vizag",RADIO DIAGNOSIS,"₹4,96,800*","₹40,000*",1*,"₹40,00,000*",980,-,-,-,-,-,-,-,351(1),508(1),511(1),-
AP Govt-NS LOC (AU),OPEN-GEN,Andhra Pradesh,"Katuri Med Coll, Guntur",RADIO DIAGNOSIS,"₹4,96,800*",Info not available*,1*,"₹40,00,000*",1100,444(1),723(1),-,-,-,-,-,508(1),511(1),514(1),-
AP Govt-NS LOC (AU),BCD-GEN,Andhra Pradesh,"Andhra Med Coll, Vizag",OBG,"₹48,600*","₹60,823",1*,"₹40,00,000*",1030,569(2),776(1),-,-,-,-,-,512(2),512(1),515(1),-
AP Govt-NS LOC (AU),OPEN-GEN,Andhra Pradesh,"Alluri Sitaram Raju, Eluru",GENERAL MEDICINE,"₹4,96,800*","₹30,000*",1*,"₹40,00,000*",1200,258(2),634(3),-,-,-,-,-,245(3),261(2),516(3),-
AP Govt-NS LOC (SVU),BCB-GEN,Andhra Pradesh,"SV Med Coll, Tirupati",DERMATOLOGY,"₹48,600*","₹60,823",1*,"₹40,00,000*",940,-,-,-,-,-,-,-,341(1),341(1),517(1),-
AP Govt-NS LOC (AU),BCE-GEN,Andhra Pradesh,"Rajiv Gandhi IMS, Ongole",DERMATOLOGY,"₹48,600*","₹60,823",1*,"₹40,00,000*",500,-,-,-,-,-,-,-,515(1),515(1),518(1),-
AP Govt-NS APUR,BCA-GEN,Andhra Pradesh,"NRI Med Coll, Guntur",GENERAL MEDICINE,"₹4,96,800*","₹27,000*",1*,"₹40,00,000*",1050,-,-,-,-,-,-,-,517(1),517(1),520(1),-
AP Govt-NS LOC (AU),OPEN-FEM,Andhra Pradesh,"Andhra Med Coll, Vizag",OBG,"₹48,600*","₹60,823",1*,"₹40,00,000*",1030,-,-,-,-,-,-,-,120(2),250(2),523(2),-
AP Govt-NS LOC (AU),SC-FEM,Andhra Pradesh,"Guntur Med Coll, Guntur",GENERAL MEDICINE,"₹48,600*","₹60,823",1*,"₹40,00,000*",1170,-,-,-,-,-,-,-,522(1),522(1),525(1),-
AP Govt-NS LOC (AU),OPEN-FEM,Andhra Pradesh,"Guntur Med Coll, Guntur",OBG,"₹48,600*","₹60,823",1*,"₹40,00,000*",1170,418(1),419(1),-,-,-,-,-,324(1),376(1),527(1),-
AP Govt-NS LOC (SVU),OPEN-GEN,Andhra Pradesh,"SV Med Coll, Tirupati",PAEDIATRICS,"₹48,600*","₹60,823",1*,"₹40,00,000*",940,217(1),518(1),-,-,-,-,-,-,-,528(3),-
AP Govt-NS LOC (AU),BCB-FEM,Andhra Pradesh,"Andhra Med Coll, Vizag",OBG,"₹48,600*","₹60,823",1*,"₹40,00,000*",1030,527(1),772(1),-,-,-,-,-,372(1),528(1),531(1),-
AP Govt-NS LOC (SVU),OPEN-GEN,Andhra Pradesh,"VMC, Kurnool",RADIO DIAGNOSIS,"₹4,96,800*","₹30,000*",1*,"₹40,00,000*",650,-,-,-,-,-,-,-,292(1),530(1),533(1),-
AP Govt-NS LOC (SVU),OPEN-GEN,Andhra Pradesh,"Kurnool Med Coll, Kurnool",OBG,"₹48,600*","₹60,823",1*,"₹40,00,000*",1150,-,663(1),-,-,-,-,-,271(1),532(1),535(1),-
AP Govt-NS LOC (AU),OPEN-FEM,Andhra Pradesh,"Alluri Sitaram Raju, Eluru",RADIO DIAGNOSIS,"₹4,96,800*","₹30,000*",1*,"₹40,00,000*",1200,184(1),579(2),-,-,-,-,-,205(1),405(2),536(1),-
AP Govt-NS LOC (AU),OPEN-GEN,Andhra Pradesh,"NRI Inst of Med Sci, Vizag",GENERAL MEDICINE,"₹4,96,800*","₹40,000*",1*,"₹40,00,000*",980,-,-,-,-,-,-,-,409(2),315(1),537(1),-
AP Govt-NS LOC (AU),OPEN-GEN,Andhra Pradesh,"NRI Med Coll, Guntur",DERMATOLOGY,"₹4,96,800*","₹27,000*",1*,"₹40,00,000*",1050,686(1),977(1),-,-,-,-,-,224(1),224(1),538(1),-
AP Govt-NS LOC (SVU),OPEN-GEN,Andhra Pradesh,"Santhiram Med Coll, Nandyal",RADIO DIAGNOSIS,"₹4,96,800*","₹30,000*",1*,"₹40,00,000*",930,-,-,-,-,-,-,-,184(1),536(1),539(1),-
AP Govt-NS LOC (AU),SC-GEN,Andhra Pradesh,"Rangaraya Med Coll, Kakinada",GENERAL MEDICINE,"₹48,600*","₹60,823",1*,"₹40,00,000*",1450,645(1),657(1),-,-,-,-,-,545(1),545(1),548(1),-
AP Govt-NS LOC (SVU),OPEN-FEM,Andhra Pradesh,"SV Med Coll, Tirupati",GENERAL SURGERY,"₹48,600*","₹60,823",1*,"₹40,00,000*",940,737(2),1330(2),-,-,-,-,-,483(1),483(1),551(1),-
AP Govt-NS LOC (AU),OPEN-GEN,Andhra Pradesh,"Andhra Med Coll, Vizag",OBG,"₹48,600*","₹60,823",1*,"₹40,00,000*",1030,497(3),759(5),-,-,-,-,-,251(3),373(4),553(4),-
AP Govt-NS LOC (SVU),BCB-GEN,Andhra Pradesh,"PES IMS, Kuppam",RADIO DIAGNOSIS,"₹4,96,800*","₹30,000*",1*,"₹40,00,000*",975,-,-,-,-,-,-,-,-,-,558(1),-
AP Govt-NS LOC (AU),BCB-GEN,Andhra Pradesh,"GSL Med Coll, Rajahmundry",RADIO DIAGNOSIS,"₹4,96,800*","₹30,000*",1*,"₹40,00,000*",1140,-,-,-,-,-,-,-,556(1),556(1),559(1),-
AP Govt-NS LOC (AU),OPEN-GEN,Andhra Pradesh,"GSL Med Coll, Rajahmundry",GENERAL MEDICINE,"₹4,96,800*","₹30,000*",1*,"₹40,00,000*",1140,429(2),815(3),-,-,-,-,-,356(1),356(1),560(3),-
AP Govt-NS APUR,OPEN-GEN,Andhra Pradesh,"SV Med Coll, Tirupati",OBG,"₹48,600*","₹60,823",1*,"₹40,00,000*",940,-,-,-,-,-,-,-,-,-,566(1),-
AP Govt-NS LOC (AU),OPEN-GEN,Andhra Pradesh,"Alluri Sitaram Raju, Eluru",RADIO DIAGNOSIS,"₹4,96,800*","₹30,000*",1*,"₹40,00,000*",1200,218(1),495(2),-,-,-,-,-,229(1),229(1),570(1),-
AP Govt-NS APUR,OPEN-GEN,Andhra Pradesh,"Guntur Med Coll, Guntur",GENERAL SURGERY,"₹48,600*","₹60,823",1*,"₹40,00,000*",1170,-,-,-,-,-,-,-,-,403(1),571(1),-
AP Govt-NS LOC (SVU),OPEN-GEN,Andhra Pradesh,"Kurnool Med Coll, Kurnool",GENERAL SURGERY,"₹48,600*","₹60,823",1*,"₹40,00,000*",1150,186(1),829(1),-,-,-,-,-,296(1),307(1),572(3),-
AP Govt-NS APUR,OPEN-GEN,Andhra Pradesh,"Andhra Med Coll, Vizag",GENERAL SURGERY,"₹48,600*","₹60,823",1*,"₹40,00,000*",1030,-,-,-,-,-,-,-,129(1),230(1),573(2),-
AP Govt-NS LOC (AU),BCA-GEN,Andhra Pradesh,"GreatEastern MedSch,Srikakulam",GENERAL MEDICINE,"₹4,96,800*",Info not available*,1*,"₹40,00,000*",780,-,-,-,-,-,-,-,572(1),572(1),575(1),-
AP Govt-NS LOC (AU),BCA-FEM-PHO,Andhra Pradesh,"Andhra Med Coll, Vizag",OBG,"₹48,600*","₹60,823",1*,"₹40,00,000*",1030,-,-,-,-,-,-,-,573(1),573(1),576(1),-
AP Govt-NS APUR,SC-FEM,Andhra Pradesh,"Andhra Med Coll, Vizag",GENERAL MEDICINE,"₹48,600*","₹60,823",1*,"₹40,00,000*",1030,-,-,-,-,-,-,-,576(1),576(1),579(1),-
AP Govt-NS APUR,OPEN-GEN,Andhra Pradesh,"Rajiv Gandhi IMS, Srikakulam",OBG,"₹48,600*","₹60,823",1*,"₹40,00,000*",532,-,-,-,-,-,-,-,-,520(1),581(1),-
AP Govt-NS LOC (SVU),BCE-GEN,Andhra Pradesh,"Apollo IMS&R, Chittoor",DERMATOLOGY,"₹4,96,800*","₹30,000*",1*,"₹40,00,000*",850,-,-,-,-,-,-,-,579(1),579(1),582(1),-
AP Govt-NS LOC (SVU),OPEN-FEM,Andhra Pradesh,"SV Med Coll, Tirupati",OBG,"₹48,600*","₹60,823",1*,"₹40,00,000*",940,520(3),809(4),-,-,-,-,-,310(1),514(3),583(2),-
AP Govt-NS LOC (AU),OPEN-GEN,Andhra Pradesh,"Andhra Med Coll, Vizag",GENERAL SURGERY,"₹48,600*","₹60,823",1*,"₹40,00,000*",1030,483(2),866(4),-,-,-,-,-,238(2),273(1),584(2),-
AP Govt-NS LOC (AU),BCB-FEM,Andhra Pradesh,"Govt Siddhartha, Vijaywada",GENERAL MEDICINE,"₹48,600*","₹60,823",1*,"₹40,00,000*",707,-,-,-,-,-,-,-,-,-,585(1),-
AP Govt-NS LOC (AU),OPEN-GEN,Andhra Pradesh,"NRI Med Coll, Guntur",PAEDIATRICS,"₹4,96,800*","₹27,000*",1*,"₹40,00,000*",1050,-,-,-,-,-,-,-,-,-,586(1),-
AP Govt-NS LOC (AU),OPEN-FEM,Andhra Pradesh,"Konaseema IMS, Amalapuram",DERMATOLOGY,"₹4,96,800*","₹30,000*",1*,"₹40,00,000*",840,-,-,-,-,-,-,-,587(1),587(1),590(1),-
AP Govt-NS LOC (AU),BCB-GEN,Andhra Pradesh,"Andhra Med Coll, Vizag",GENERAL SURGERY,"₹48,600*","₹60,823",1*,"₹40,00,000*",1030,775(2),-,-,-,-,-,-,-,588(1),591(1),-
AP Govt-NS LOC (SVU),OPEN-GEN,Andhra Pradesh,"Santhiram Med Coll, Nandyal",DERMATOLOGY,"₹4,96,800*","₹30,000*",1*,"₹40,00,000*",930,-,-,-,-,-,-,-,-,590(1),593(1),-
AP Govt-NS LOC (SVU),OPEN-GEN,Andhra Pradesh,"PES IMS, Kuppam",DERMATOLOGY,"₹4,96,800*","₹30,000*",1*,"₹40,00,000*",975,498(1),572(1),-,-,-,-,-,254(1),378(1),595(1),-
AP Govt-NS LOC (SVU),OPEN-GEN,Andhra Pradesh,"SVIMS, Tirupati",NUCLEAR MEDICINE,"₹2,11,600*","₹80,904*",1*,"₹40,00,000*",1257,264(1),265(1),-,-,-,-,-,239(1),257(1),599(1),50(1)
AP Govt-NS APUR,OPEN-GEN,Andhra Pradesh,"Kurnool Med Coll, Kurnool",OBG,"₹48,600*","₹60,823",1*,"₹40,00,000*",1150,-,-,-,-,-,-,-,52(1),342(2),607(2),-
AP Govt-NS LOC (AU),OPEN-GEN,Andhra Pradesh,"Guntur Med Coll, Guntur",OBG,"₹48,600*","₹60,823",1*,"₹40,00,000*",1170,518(1),843(2),-,-,-,-,-,366(2),417(2),611(2),-
AP Govt-NS LOC (AU),OPEN-FEM,Andhra Pradesh,"GreatEastern MedSch,Srikakulam",RADIO DIAGNOSIS,"₹4,96,800*",Info not available*,1*,"₹40,00,000*",780,-,-,-,-,-,-,-,449(1),449(1),613(1),-
AP Govt-NS LOC (SVU),SC-GEN,Andhra Pradesh,"Kurnool Med Coll, Kurnool",GENERAL MEDICINE,"₹48,600*","₹60,823",1*,"₹40,00,000*",1150,-,-,-,-,-,-,-,612(1),612(1),615(1),-
AP Govt-NS LOC (AU),OPEN-FEM,Andhra Pradesh,"Konaseema IMS, Amalapuram",GENERAL MEDICINE,"₹4,96,800*","₹30,000*",1*,"₹40,00,000*",840,-,888(1),-,-,-,-,-,507(1),507(1),618(1),-
AP Govt-NS LOC (SVU),BCA-GEN,Andhra Pradesh,"Rajiv Gandhi IMS, Kadapa",RADIO DIAGNOSIS,"₹48,600*","₹60,823",1*,"₹40,00,000*",715,-,-,-,-,-,-,-,272(1),440(1),621(1),-
AP Govt-NS APUR,OPEN-GEN,Andhra Pradesh,"Maharajah IMS, Vizianagaram",GENERAL MEDICINE,"₹4,96,800*",Info not available*,1*,"₹40,00,000*",850,-,-,-,-,-,-,-,282(1),395(1),622(1),-
AP Govt-NS LOC (SVU),OPEN-GEN,Andhra Pradesh,"Rajiv Gandhi IMS, Kadapa",PAEDIATRICS,"₹48,600*","₹60,823",1*,"₹40,00,000*",715,-,-,-,-,-,-,-,-,-,624(2),-
AP Govt-NS LOC (AU),BCB-FEM,Andhra Pradesh,"Alluri Sitaram Raju, Eluru",GENERAL MEDICINE,"₹4,96,800*","₹30,000*",1*,"₹40,00,000*",1200,-,-,-,-,-,-,-,746(1),746(1),625(1),-
AP Govt-NS LOC (SVU),OPEN-GEN,Andhra Pradesh,"SV Med Coll, Tirupati",GENERAL SURGERY,"₹48,600*","₹60,823",1*,"₹40,00,000*",940,717(2),1176(2),-,-,-,-,-,328(1),412(1),628(1),-
AP Govt-NS APUR,OPEN-GEN,Andhra Pradesh,"Govt Siddhartha, Vijaywada",OBG,"₹48,600*","₹60,823",1*,"₹40,00,000*",707,-,-,-,-,-,-,-,-,338(1),629(1),-
AP Govt-NS APUR,OPEN-GEN,Andhra Pradesh,"Katuri Med Coll, Guntur",GENERAL MEDICINE,"₹4,96,800*",Info not available*,1*,"₹40,00,000*",1100,-,638(1),-,-,-,-,-,243(1),434(1),631(1),58(1)
AP Govt-NS APUR,BCD-GEN,Andhra Pradesh,"Andhra Med Coll, Vizag",TBRD,"₹48,600*","₹60,823",1*,"₹40,00,000*",1030,367(1),-,-,-,-,-,-,632(1),632(1),635(1),-
AP Govt-NS LOC (AU),BCE-GEN,Andhra Pradesh,"Maharajah IMS, Vizianagaram",GENERAL MEDICINE,"₹4,96,800*",Info not available*,1*,"₹40,00,000*",850,-,-,-,-,-,-,-,633(1),633(1),636(1),-
AP Govt-NS LOC (AU),SC-GEN,Andhra Pradesh,"Guntur Med Coll, Guntur",DERMATOLOGY,"₹48,600*","₹60,823",1*,"₹40,00,000*",1170,-,-,-,-,-,-,-,635(1),635(1),638(1),-
AP Govt-NS LOC (SVU),OPEN-GEN,Andhra Pradesh,"Govt Med Coll, Ananthapuram",PAEDIATRICS,"₹48,600*","₹60,823",1*,"₹40,00,000*",500,-,-,-,-,-,-,-,-,-,647(1),-
AP Govt-NS LOC (AU),OPEN-GEN,Andhra Pradesh,"GSL Med Coll, Rajahmundry",DERMATOLOGY,"₹4,96,800*","₹30,000*",1*,"₹40,00,000*",1140,-,-,-,-,-,-,-,533(1),535(1),649(1),-
AP Govt-NS LOC (SVU),OPEN-FEM,Andhra Pradesh,"Kurnool Med Coll, Kurnool",OBG,"₹48,600*","₹60,823",1*,"₹40,00,000*",1150,-,-,-,-,-,-,-,240(1),448(1),655(1),-
AP Govt-NS LOC (AU),SC-GEN,Andhra Pradesh,"Guntur Med Coll, Guntur",GENERAL MEDICINE,"₹48,600*","₹60,823",1*,"₹40,00,000*",1170,301(1),-,-,-,-,-,-,654(1),654(1),657(1),-
AP Govt-NS LOC (SVU),BCB-GEN-PHO,Andhra Pradesh,"SV Med Coll, Tirupati",GENERAL SURGERY,"₹48,600*","₹60,823",1*,"₹40,00,000*",940,-,-,-,-,-,-,-,655(1),655(1),658(1),-
AP Govt-NS LOC (AU),OPEN-FEM,Andhra Pradesh,"Konaseema IMS, Amalapuram",RADIO DIAGNOSIS,"₹4,96,800*","₹30,000*",1*,"₹40,00,000*",840,-,-,-,-,-,-,-,453(1),533(1),661(1),-
AP Govt-NS LOC (AU),BCD-GEN,Andhra Pradesh,"Rajiv Gandhi IMS, Ongole",PAEDIATRICS,"₹48,600*","₹60,823",1*,"₹40,00,000*",500,-,-,-,-,-,-,-,268(1),539(2),664(2),-
AP Govt-NS LOC (SVU),BCB-GEN,Andhra Pradesh,"Govt Med Coll, Ananthapuram",TBRD,"₹48,600*","₹60,823",1*,"₹40,00,000*",500,-,-,-,-,-,-,-,665(1),665(1),668(1),-
AP Govt-NS LOC (SVU),OPEN-FEM,Andhra Pradesh,"Rajiv Gandhi IMS, Kadapa",OBG,"₹48,600*","₹60,823",1*,"₹40,00,000*",715,-,-,-,-,-,-,-,481(1),580(1),669(1),-
AP Govt-NS LOC (SVU),BCA-FEM,Andhra Pradesh,"Narayana Med Coll, Nellore",RADIO DIAGNOSIS,"₹4,96,800*","₹30,000*",1*,"₹40,00,000*",1430,-,-,-,-,-,-,-,618(1),618(1),670(1),-
AP Govt-NS LOC (SVU),BCD-FEM,Andhra Pradesh,"PES IMS, Kuppam",RADIO DIAGNOSIS,"₹4,96,800*","₹30,000*",1*,"₹40,00,000*",975,-,-,-,-,-,-,-,669(1),669(1),672(1),-
AP Govt-NS LOC (SVU),OPEN-GEN-PHO,Andhra Pradesh,"SV Med Coll, Tirupati",OBG,"₹48,600*","₹60,823",1*,"₹40,00,000*",940,-,-,-,-,-,-,-,458(1),544(1),677(1),-
AP Govt-NS LOC (AU),BCB-GEN,Andhra Pradesh,"Konaseema IMS, Amalapuram",GENERAL MEDICINE,"₹4,96,800*","₹30,000*",1*,"₹40,00,000*",840,723(2),998(2),-,-,-,-,-,764(2),678(2),681(2),-
AP Govt-NS LOC (AU),BCB-GEN,Andhra Pradesh,"NRI Inst of Med Sci, Vizag",GENERAL MEDICINE,"₹4,96,800*","₹40,000*",1*,"₹40,00,000*",980,-,-,-,-,-,-,-,681(1),681(1),684(1),-
AP Govt-NS APUR,OPEN-GEN,Andhra Pradesh,"SVIMS, Tirupati",GENERAL SURGERY,"₹2,11,600*","₹80,904*",1*,"₹40,00,000*",1257,-,-,-,-,-,-,-,-,-,686(1),-
AP Govt-NS LOC (AU),OPEN-FEM-PHO,Andhra Pradesh,"GSL Med Coll, Rajahmundry",GENERAL MEDICINE,"₹4,96,800*","₹30,000*",1*,"₹40,00,000*",1140,-,-,-,-,-,-,-,435(1),435(1),687(1),-
AP Govt-NS LOC (SVU),OPEN-GEN,Andhra Pradesh,"PES IMS, Kuppam",GENERAL MEDICINE,"₹4,96,800*","₹30,000*",1*,"₹40,00,000*",975,263(1),-,-,-,-,-,-,312(1),312(1),689(3),-
AP Govt-NS LOC (AU),BCB-GEN,Andhra Pradesh,"GreatEastern MedSch,Srikakulam",GENERAL MEDICINE,"₹4,96,800*",Info not available*,1*,"₹40,00,000*",780,448(1),-,-,-,-,-,-,584(1),687(1),690(1),-
AP Govt-NS APUR,SC-GEN,Andhra Pradesh,"SV Med Coll, Tirupati",DERMATOLOGY,"₹48,600*","₹60,823",1*,"₹40,00,000*",940,-,-,-,-,-,-,-,470(1),691(1),694(1),-
AP Govt-NS LOC (AU),OPEN-GEN-PHO,Andhra Pradesh,"Maharajah IMS, Vizianagaram",RADIO DIAGNOSIS,"₹4,96,800*",Info not available*,1*,"₹40,00,000*",850,-,-,-,-,-,-,-,511(1),567(1),695(1),-
AP Govt-NS AP LOC,OPEN-FEM,Andhra Pradesh,"Govt Siddhartha, Vijaywada",OBG,"₹48,600*","₹60,823",1*,"₹40,00,000*",707,-,-,-,-,-,-,-,373(1),418(1),696(1),-
AP Govt-NS LOC (AU),OPEN-FEM,Andhra Pradesh,"Rangaraya Med Coll, Kakinada",OBG,"₹48,600*","₹60,823",1*,"₹40,00,000*",1450,519(1),655(1),-,-,-,-,-,299(1),299(1),698(2),-
AP Govt-NS APUR,OPEN-FEM,Andhra Pradesh,"Rangaraya Med Coll, Kakinada",GENERAL SURGERY,"₹48,600*","₹60,823",1*,"₹40,00,000*",1450,-,-,-,-,-,-,-,319(1),399(1),702(1),-
AP Govt-NS APUR,OPEN-GEN,Andhra Pradesh,"Govt Siddhartha, Vijaywada",GENERAL SURGERY,"₹48,600*","₹60,823",1*,"₹40,00,000*",707,-,-,-,-,-,-,-,307(1),347(1),707(1),-
AP Govt-NS LOC (AU),BCE-FEM,Andhra Pradesh,"GSL Med Coll, Rajahmundry",GENERAL MEDICINE,"₹4,96,800*","₹30,000*",1*,"₹40,00,000*",1140,-,-,-,-,-,-,-,709(1),709(1),712(1),-
AP Govt-NS LOC (SVU),OPEN-GEN,Andhra Pradesh,"SV Med Coll, Tirupati",OBG,"₹48,600*","₹60,823",1*,"₹40,00,000*",940,530(1),1018(4),-,-,-,-,-,448(2),551(2),714(3),-
AP Govt-NS LOC (AU),BCD-FEM,Andhra Pradesh,"NRI Inst of Med Sci, Vizag",GENERAL MEDICINE,"₹4,96,800*","₹40,000*",1*,"₹40,00,000*",980,-,-,-,-,-,-,-,657(1),657(1),715(1),-
AP Govt-NS LOC (SVU),BCA-GEN,Andhra Pradesh,"PES IMS, Kuppam",GENERAL MEDICINE,"₹4,96,800*","₹30,000*",1*,"₹40,00,000*",975,-,-,-,-,-,-,-,467(1),467(1),716(1),-
AP Govt-NS LOC (SVU),OPEN-GEN,Andhra Pradesh,"SV Med Coll, Tirupati",TBRD,"₹48,600*","₹60,823",1*,"₹40,00,000*",940,-,-,-,-,-,-,-,362(1),362(1),717(1),-
AP Govt-NS LOC (AU),OPEN-FEM,Andhra Pradesh,"Govt Siddhartha, Vijaywada",OBG,"₹48,600*","₹60,823",1*,"₹40,00,000*",707,-,-,-,-,-,-,-,376(1),419(1),718(1),-
AP Govt-NS LOC (AU),BCA-FEM,Andhra Pradesh,"Andhra Med Coll, Vizag",OBG,"₹48,600*","₹60,823",1*,"₹40,00,000*",1030,-,-,-,-,-,-,-,415(1),717(1),720(1),-
AP Govt-NS LOC (SVU),BCD-GEN,Andhra Pradesh,"Santhiram Med Coll, Nandyal",GENERAL MEDICINE,"₹4,96,800*","₹30,000*",1*,"₹40,00,000*",930,376(1),-,-,-,-,-,-,-,686(1),721(1),-
AP Govt-NS LOC (SVU),OPEN-FEM,Andhra Pradesh,"Govt Med Coll, Ananthapuram",OBG,"₹48,600*","₹60,823",1*,"₹40,00,000*",500,-,-,-,-,-,-,-,311(1),566(1),729(1),-
AP Govt-NS LOC (AU),BCB-FEM,Andhra Pradesh,"Rajiv Gandhi IMS, Ongole",RADIO DIAGNOSIS,"₹48,600*","₹60,823",1*,"₹40,00,000*",500,-,-,-,-,-,-,-,358(1),358(1),733(1),-
AP Govt-NS LOC (AU),OPEN-FEM,Andhra Pradesh,"Maharajah IMS, Vizianagaram",GENERAL MEDICINE,"₹4,96,800*",Info not available*,1*,"₹40,00,000*",850,560(1),848(1),-,-,-,-,-,-,552(1),736(1),-
AP Govt-NS LOC (SVU),SC-FEM,Andhra Pradesh,"Govt Med Coll, Ananthapuram",RADIO DIAGNOSIS,"₹48,600*","₹60,823",1*,"₹40,00,000*",500,-,-,-,-,-,-,-,1090(1),734(1),737(1),-
AP Govt-NS LOC (SVU),BCD-GEN,Andhra Pradesh,"Narayana Med Coll, Nellore",PAEDIATRICS,"₹4,96,800*","₹30,000*",1*,"₹40,00,000*",1430,-,-,-,-,-,-,-,-,-,744(1),-
AP Govt-NS LOC (AU),BCD-GEN,Andhra Pradesh,"GSL Med Coll, Rajahmundry",GENERAL MEDICINE,"₹4,96,800*","₹30,000*",1*,"₹40,00,000*",1140,-,-,-,-,-,-,-,557(3),557(3),747(2),-
AP Govt-NS APUR,BCB-GEN,Andhra Pradesh,"GreatEastern MedSch,Srikakulam",RADIO DIAGNOSIS,"₹4,96,800*",Info not available*,1*,"₹40,00,000*",780,-,-,-,-,-,-,-,555(1),555(1),749(1),-
AP Govt-NS LOC (AU),OPEN-GEN,Andhra Pradesh,"Rangaraya Med Coll, Kakinada",OBG,"₹48,600*","₹60,823",1*,"₹40,00,000*",1450,544(1),814(2),-,-,-,-,-,363(1),397(1),751(2),-
AP Govt-NS LOC (SVU),OPEN-FEM,Andhra Pradesh,"Santhiram Med Coll, Nandyal",GENERAL MEDICINE,"₹4,96,800*","₹30,000*",1*,"₹40,00,000*",930,-,-,-,-,-,-,-,-,357(1),752(1),-
AP Govt-NS LOC (AU),BCD-GEN,Andhra Pradesh,"Rangaraya Med Coll, Kakinada",GENERAL SURGERY,"₹48,600*","₹60,823",1*,"₹40,00,000*",1450,883(1),886(1),-,-,-,-,-,751(1),751(1),754(1),-
AP Govt-NS LOC (AU),BCD-GEN,Andhra Pradesh,"Konaseema IMS, Amalapuram",GENERAL MEDICINE,"₹4,96,800*","₹30,000*",1*,"₹40,00,000*",840,633(1),818(1),-,-,-,-,-,534(1),744(1),763(1),-
AP Govt-NS LOC (SVU),OPEN-FEM,Andhra Pradesh,"Kurnool Med Coll, Kurnool",GENERAL SURGERY,"₹48,600*","₹60,823",1*,"₹40,00,000*",1150,662(1),1154(1),-,-,-,-,-,478(1),478(1),765(1),54(1)
AP Govt-NS APUR,OPEN-GEN,Andhra Pradesh,"Rajiv Gandhi IMS, Ongole",OBG,"₹48,600*","₹60,823",1*,"₹40,00,000*",500,-,-,-,-,-,-,-,-,469(1),768(1),65(1)
AP Govt-NS LOC (AU),BCD-GEN,Andhra Pradesh,"NRI Inst of Med Sci, Vizag",GENERAL MEDICINE,"₹4,96,800*","₹40,000*",1*,"₹40,00,000*",980,-,-,-,-,-,-,-,-,534(1),769(1),-
AP Govt-NS LOC (AU),OPEN-FEM,Andhra Pradesh,"Rajiv Gandhi IMS, Ongole",OBG,"₹48,600*","₹60,823",1*,"₹40,00,000*",500,562(1),933(1),-,-,-,-,-,397(1),471(1),773(1),-
AP Govt-NS LOC (SVU),BCB-FEM,Andhra Pradesh,"SV Med Coll, Tirupati",OBG,"₹48,600*","₹60,823",1*,"₹40,00,000*",940,-,-,-,-,-,-,-,475(1),-,776(1),-
AP Govt-NS APUR,OPEN-GEN,Andhra Pradesh,"NRI Inst of Med Sci, Vizag",PAEDIATRICS,"₹4,96,800*","₹40,000*",1*,"₹40,00,000*",980,-,-,-,-,-,-,-,447(1),561(1),781(1),-
AP Govt-NS APUR,BCB-FEM,Andhra Pradesh,"ACSR Medical College, Nellore",PAEDIATRICS,"₹48,600*","₹60,823",1*,"₹40,00,000*",355,-,-,-,-,-,-,-,413(1),457(1),785(1),-
AP Govt-NS LOC (AU),BCC-GEN,Andhra Pradesh,"Andhra Med Coll, Vizag",OBG,"₹48,600*","₹60,823",1*,"₹40,00,000*",1030,-,-,-,-,-,-,-,787(1),787(1),790(1),-
AP Govt-NS LOC (SVU),OPEN-GEN,Andhra Pradesh,"Govt Siddhartha, Vijaywada",OBG,"₹48,600*","₹60,823",1*,"₹40,00,000*",707,-,-,-,-,-,-,-,408(1),461(1),792(2),-
AP Govt-NS LOC (AU),OPEN-GEN,Andhra Pradesh,"Rangaraya Med Coll, Kakinada",ORTHOPAEDICS,"₹48,600*","₹60,823",1*,"₹40,00,000*",1450,-,-,-,-,-,-,-,411(1),797(1),800(1),-
AP Govt-NS LOC (AU),OPEN-GEN,Andhra Pradesh,"Katuri Med Coll, Guntur",DERMATOLOGY,"₹4,96,800*",Info not available*,1*,"₹40,00,000*",1100,-,-,-,-,-,-,-,535(1),646(2),801(1),-
AP Govt-NS APUR,OPEN-GEN,Andhra Pradesh,"Narayana Med Coll, Nellore",GENERAL SURGERY,"₹4,96,800*","₹30,000*",1*,"₹40,00,000*",1430,-,-,-,-,-,-,-,630(1),723(1),803(1),-
AP Govt-NS LOC (AU),OPEN-GEN,Andhra Pradesh,"Rajiv Gandhi IMS, Ongole",OBG,"₹48,600*","₹60,823",1*,"₹40,00,000*",500,-,-,-,-,-,-,-,418(1),510(1),807(1),-
AP Govt-NS APUR,BCD-FEM,Andhra Pradesh,"SV Med Coll, Tirupati",OBG,"₹48,600*","₹60,823",1*,"₹40,00,000*",940,-,-,-,-,-,-,-,367(1),438(1),808(1),-
AP Govt-NS LOC (AU),BCD-FEM,Andhra Pradesh,"GSL Med Coll, Rajahmundry",RADIO DIAGNOSIS,"₹4,96,800*","₹30,000*",1*,"₹40,00,000*",1140,-,-,-,-,-,-,-,806(1),806(1),809(1),-
AP Govt-NS LOC (SVU),OPEN-GEN,Andhra Pradesh,"ACSR Medical College, Nellore",OBG,"₹48,600*","₹60,823",1*,"₹40,00,000*",355,-,-,-,-,-,-,-,461(1),604(1),810(1),-
AP Govt-NS LOC (SVU),BCA-FEM,Andhra Pradesh,"Govt Med Coll, Ananthapuram",OBG,"₹48,600*","₹60,823",1*,"₹40,00,000*",500,-,-,-,-,-,-,-,679(1),679(1),812(1),-
AP Govt-NS LOC (AU),OPEN-FEM,Andhra Pradesh,"NRI Med Coll, Guntur",OBG,"₹4,96,800*","₹27,000*",1*,"₹40,00,000*",1050,-,-,-,-,-,-,-,623(1),623(1),814(1),-
AP Govt-NS LOC (SVU),BCD-GEN,Andhra Pradesh,"Kurnool Med Coll, Kurnool",OBG,"₹48,600*","₹60,823",1*,"₹40,00,000*",1150,-,-,-,-,-,-,-,685(1),816(1),819(1),-
AP Govt-NS LOC (AU),BCB-FEM,Andhra Pradesh,"GSL Med Coll, Rajahmundry",DERMATOLOGY,"₹4,96,800*","₹30,000*",1*,"₹40,00,000*",1140,-,-,-,-,-,-,-,820(1),820(1),823(1),-
AP Govt-NS LOC (AU),BCD-GEN,Andhra Pradesh,"GVP Med Coll, Vizag",GENERAL MEDICINE,"₹4,96,800*","₹30,000*",1*,"₹40,00,000*",750,-,-,-,-,-,-,-,712(1),712(1),824(1),-
AP Govt-NS LOC (AU),OPEN-GEN,Andhra Pradesh,"Rangaraya Med Coll, Kakinada",GENERAL SURGERY,"₹48,600*","₹60,823",1*,"₹40,00,000*",1450,-,-,-,-,-,-,-,337(2),337(2),825(3),-
AP Govt-NS LOC (SVU),OPEN-FEM,Andhra Pradesh,"PES IMS, Kuppam",OBG,"₹4,96,800*","₹30,000*",1*,"₹40,00,000*",975,-,-,-,-,-,-,-,604(1),674(1),826(1),-
AP Govt-NS LOC (AU),BCA-GEN,Andhra Pradesh,"Konaseema IMS, Amalapuram",RADIO DIAGNOSIS,"₹4,96,800*","₹30,000*",1*,"₹40,00,000*",840,1593(1),1600(1),-,-,-,-,-,658(1),658(1),832(1),-
AP Govt-NS LOC (AU),OPEN-FEM,Andhra Pradesh,"Alluri Sitaram Raju, Eluru",PAEDIATRICS,"₹4,96,800*","₹30,000*",1*,"₹40,00,000*",1200,-,-,-,-,-,-,-,405(1),760(1),833(1),-
AP Govt-NS LOC (AU),OPEN-FEM,Andhra Pradesh,"Maharajah IMS, Vizianagaram",RADIO DIAGNOSIS,"₹4,96,800*",Info not available*,1*,"₹40,00,000*",850,-,-,-,-,-,-,-,-,-,834(1),-
AP Govt-NS LOC (AU),BCD-GEN,Andhra Pradesh,"Katuri Med Coll, Guntur",RADIO DIAGNOSIS,"₹4,96,800*",Info not available*,1*,"₹40,00,000*",1100,-,-,-,-,-,-,-,742(1),832(1),835(1),-
AP Govt-NS LOC (AU),BCD-GEN,Andhra Pradesh,"Andhra Med Coll, Vizag",GENERAL SURGERY,"₹48,600*","₹60,823",1*,"₹40,00,000*",1030,691(1),939(1),-,-,-,-,-,661(1),661(1),838(1),-
AP Govt-NS AP LOC,OPEN-GEN,Andhra Pradesh,"Govt Siddhartha, Vijaywada",GENERAL SURGERY,"₹48,600*","₹60,823",1*,"₹40,00,000*",707,-,-,-,-,-,-,-,-,369(1),840(1),-
AP Govt-NS LOC (AU),BCB-GEN,Andhra Pradesh,"Guntur Med Coll, Guntur",OBG,"₹48,600*","₹60,823",1*,"₹40,00,000*",1170,-,-,-,-,-,-,-,466(1),582(1),845(1),-
AP Govt-NS LOC (SVU),OPEN-FEM,Andhra Pradesh,"SVIMS, Tirupati",ANAESTHESIOLOGY,"₹2,11,600*","₹80,904*",1*,"₹40,00,000*",1257,1009(1),1013(1),-,-,-,-,-,706(1),836(1),847(1),-
AP Govt-NS LOC (AU),OPEN-GEN,Andhra Pradesh,"NRI Med Coll, Guntur",OBG,"₹4,96,800*","₹27,000*",1*,"₹40,00,000*",1050,576(1),948(1),-,-,-,-,-,-,-,848(1),-
AP Govt-NS LOC (AU),OPEN-FEM,Andhra Pradesh,"Dr PSI Med Coll, Chinoutpalli",PAEDIATRICS,"₹4,96,800*","₹28,000*",1*,"₹40,00,000*",790,-,-,-,-,-,-,-,-,798(1),850(1),-
AP Govt-NS LOC (SVU),BCB-GEN,Andhra Pradesh,"ACSR Medical College, Nellore",PAEDIATRICS,"₹48,600*","₹60,823",1*,"₹40,00,000*",355,-,-,-,-,-,-,-,-,-,858(1),-
AP Govt-NS LOC (AU),BCD-FEM,Andhra Pradesh,"Maharajah IMS, Vizianagaram",DERMATOLOGY,"₹4,96,800*",Info not available*,1*,"₹40,00,000*",850,-,-,-,-,-,-,-,856(1),856(1),859(1),-
AP Govt-NS LOC (AU),OPEN-GEN,Andhra Pradesh,"Andhra Med Coll, Vizag",ORTHOPAEDICS,"₹48,600*","₹60,823",1*,"₹40,00,000*",1030,-,-,-,-,-,-,-,354(1),863(2),866(2),-
AP Govt-NS LOC (AU),BCB-GEN,Andhra Pradesh,"NRI Inst of Med Sci, Vizag",DERMATOLOGY,"₹4,96,800*","₹40,000*",1*,"₹40,00,000*",980,-,-,-,-,-,-,-,864(1),864(1),867(1),-
AP Govt-NS LOC (AU),OPEN-GEN,Andhra Pradesh,"GSL Med Coll, Rajahmundry",PAEDIATRICS,"₹4,96,800*","₹30,000*",1*,"₹40,00,000*",1140,639(1),1294(2),-,-,-,-,-,646(1),692(1),874(1),-
AP Govt-NS LOC (AU),OPEN-GEN,Andhra Pradesh,"Homi Bhabha CancerHosp,Vizag",RADIATION ONCOLOGY,"₹1,05,500*","₹1,00,800",1*,"₹25,00,000*",100,-,-,-,-,-,-,-,738(1),738(1),878(1),-
AP Govt-NS LOC (AU),OPEN-GEN,Andhra Pradesh,"Andhra Med Coll, Vizag",ANAESTHESIOLOGY,"₹48,600*","₹60,823",1*,"₹40,00,000*",1030,1094(2),1857(3),-,-,-,-,-,589(1),730(2),879(1),-
AP Govt-NS LOC (SVU),OPEN-GEN,Andhra Pradesh,"Rajiv Gandhi IMS, Kadapa",GENERAL SURGERY,"₹48,600*","₹60,823",1*,"₹40,00,000*",715,-,-,-,-,-,-,-,443(1),569(1),882(1),-
AP Govt-NS LOC (AU),OPEN-GEN,Andhra Pradesh,"Andhra Med Coll, Vizag",TBRD,"₹48,600*","₹60,823",1*,"₹40,00,000*",1030,443(1),804(1),-,-,-,-,-,-,591(1),884(1),-
AP Govt-NS APUR,BCD-GEN,Andhra Pradesh,"GSL Med Coll, Rajahmundry",PAEDIATRICS,"₹4,96,800*","₹30,000*",1*,"₹40,00,000*",1140,-,-,-,-,-,-,-,741(1),741(1),885(1),-
AP Govt-NS LOC (AU),OPEN-FEM,Andhra Pradesh,"Guntur Med Coll, Guntur",PSYCHIATRY,"₹48,600*","₹60,823",1*,"₹40,00,000*",1170,-,-,-,-,-,-,-,1059(1),884(1),887(1),-
AP Govt-NS LOC (AU),BCB-FEM,Andhra Pradesh,"NRI Med Coll, Guntur",PAEDIATRICS,"₹4,96,800*","₹27,000*",1*,"₹40,00,000*",1050,-,-,-,-,-,-,-,884(1),885(1),888(1),-
AP Govt-NS LOC (AU),OPEN-GEN,Andhra Pradesh,"Alluri Sitaram Raju, Eluru",PAEDIATRICS,"₹4,96,800*","₹30,000*",1*,"₹40,00,000*",1200,-,-,-,-,-,-,-,513(2),702(2),891(2),-
AP Govt-NS LOC (AU),BCD-GEN,Andhra Pradesh,"GSL Med Coll, Rajahmundry",RADIO DIAGNOSIS,"₹4,96,800*","₹30,000*",1*,"₹40,00,000*",1140,878(1),881(1),-,-,-,-,-,-,742(1),892(1),-
AP Govt-NS LOC (AU),OPEN-FEM,Andhra Pradesh,"GSL Med Coll, Rajahmundry",PAEDIATRICS,"₹4,96,800*","₹30,000*",1*,"₹40,00,000*",1140,774(1),-,-,-,-,-,-,567(1),830(1),893(1),-
AP Govt-NS LOC (SVU),OPEN-GEN,Andhra Pradesh,"Apollo IMS&R, Chittoor",OBG,"₹4,96,800*","₹30,000*",1*,"₹40,00,000*",850,972(1),1340(1),-,-,-,-,-,580(1),667(1),894(1),-
AP Govt-NS LOC (SVU),BCB-GEN,Andhra Pradesh,"Govt Med Coll, Ananthapuram",OBG,"₹48,600*","₹60,823",1*,"₹40,00,000*",500,-,-,-,-,-,-,-,773(1),789(1),895(1),-
AP Govt-NS LOC (SVU),OPEN-FEM,Andhra Pradesh,"Govt Siddhartha, Vijaywada",GENERAL SURGERY,"₹48,600*","₹60,823",1*,"₹40,00,000*",707,-,-,-,-,-,-,-,548(1),548(1),898(1),-
AP Govt-NS LOC (AU),SC-GEN,Andhra Pradesh,"Andhra Med Coll, Vizag",RADIO DIAGNOSIS,"₹48,600*","₹60,823",1*,"₹40,00,000*",1030,-,-,-,-,-,-,-,162(1),377(1),900(1),-
AP Govt-NS LOC (AU),OPEN-FEM,Andhra Pradesh,"Dr PSI Med Coll, Chinoutpalli",OBG,"₹4,96,800*","₹28,000*",1*,"₹40,00,000*",790,-,-,-,-,-,-,-,690(1),626(1),901(1),-
AP Govt-NS LOC (AU),OPEN-FEM,Andhra Pradesh,"Andhra Med Coll, Vizag",GENERAL SURGERY,"₹48,600*","₹60,823",1*,"₹40,00,000*",1030,484(1),485(1),-,-,-,-,-,-,319(1),908(1),-
AP Govt-NS APUR,SC-GEN,Andhra Pradesh,"SV Med Coll, Tirupati",GENERAL MEDICINE,"₹48,600*","₹60,823",1*,"₹40,00,000*",940,-,-,-,-,-,-,-,662(1),761(1),910(1),-
AP Govt-NS APUR,OPEN-FEM,Andhra Pradesh,"Rajiv Gandhi IMS, Kadapa",GENERAL SURGERY,"₹48,600*","₹60,823",1*,"₹40,00,000*",715,-,-,-,-,-,-,-,469(1),620(1),913(1),-
AP Govt-NS APUR,OPEN-GEN,Andhra Pradesh,"SVIMS, Tirupati",EMERGENCY MEDICINE,"₹2,11,600*","₹80,904*",1*,"₹40,00,000*",1257,-,-,-,-,-,-,-,290(1),647(1),914(1),177(1)
AP Govt-NS LOC (SVU),OPEN-GEN,Andhra Pradesh,"Kurnool Med Coll, Kurnool",OPHTHALMOLOGY,"₹48,600*","₹60,823",1*,"₹40,00,000*",1150,-,-,-,-,-,-,-,726(1),726(1),915(1),-
AP Govt-NS LOC (AU),OPEN-GEN,Andhra Pradesh,"Konaseema IMS, Amalapuram",PAEDIATRICS,"₹4,96,800*","₹30,000*",1*,"₹40,00,000*",840,644(1),1020(1),-,-,-,-,-,583(1),583(1),916(1),-
AP Govt-NS LOC (SVU),BCA-GEN,Andhra Pradesh,"Govt Med Coll, Ananthapuram",OBG,"₹48,600*","₹60,823",1*,"₹40,00,000*",500,-,-,-,-,-,-,-,809(1),809(1),919(1),-
AP Govt-NS LOC (SVU),BCC-FEM,Andhra Pradesh,"Narayana Med Coll, Nellore",PAEDIATRICS,"₹4,96,800*","₹30,000*",1*,"₹40,00,000*",1430,-,-,-,-,-,-,-,916(1),917(1),920(1),-
AP Govt-NS APUR,OPEN-GEN,Andhra Pradesh,"SV Med Coll, Tirupati",ANAESTHESIOLOGY,"₹48,600*","₹60,823",1*,"₹40,00,000*",940,-,-,-,-,-,-,-,729(1),729(1),928(1),-
AP Govt-NS LOC (AU),BCA-FEM,Andhra Pradesh,"Dr PSI Med Coll, Chinoutpalli",PAEDIATRICS,"₹4,96,800*","₹28,000*",1*,"₹40,00,000*",790,-,-,-,-,-,-,-,925(1),926(1),929(1),-
AP Govt-NS LOC (AU),OPEN-FEM,Andhra Pradesh,"Andhra Med Coll, Vizag",TBRD,"₹48,600*","₹60,823",1*,"₹40,00,000*",1030,-,-,-,-,-,-,-,350(1),484(1),936(1),-
AP Govt-NS LOC (AU),BCA-FEM,Andhra Pradesh,"NRI Med Coll, Guntur",DERMATOLOGY,"₹4,96,800*","₹27,000*",1*,"₹40,00,000*",1050,-,-,-,-,-,-,-,934(1),935(1),938(1),-
AP Govt-NS LOC (AU),OPEN-GEN,Andhra Pradesh,"Rangaraya Med Coll, Kakinada",TBRD,"₹48,600*","₹60,823",1*,"₹40,00,000*",1450,601(1),1041(1),-,-,-,-,-,-,649(1),940(1),-
AP Govt-NS APUR,OPEN-GEN,Andhra Pradesh,"Konaseema IMS, Amalapuram",OBG,"₹4,96,800*","₹30,000*",1*,"₹40,00,000*",840,-,-,-,-,-,-,-,-,-,941(1),-
AP Govt-NS LOC (SVU),BCE-GEN,Andhra Pradesh,"SV Med Coll, Tirupati",GENERAL SURGERY,"₹48,600*","₹60,823",1*,"₹40,00,000*",940,-,-,-,-,-,-,-,479(1),479(1),942(1),-
AP Govt-NS LOC (AU),OPEN-GEN,Andhra Pradesh,"Dr PSI Med Coll, Chinoutpalli",OBG,"₹4,96,800*","₹28,000*",1*,"₹40,00,000*",790,-,-,-,-,-,-,-,770(1),770(1),943(1),-
AP Govt-NS LOC (SVU),OPEN-GEN,Andhra Pradesh,"ACSR Medical College, Nellore",TBRD,"₹48,600*","₹60,823",1*,"₹40,00,000*",355,-,-,-,-,-,-,-,561(1),641(1),944(1),102(1)
AP Govt-NS APUR,BCE-FEM,Andhra Pradesh,"Guntur Med Coll, Guntur",ANAESTHESIOLOGY,"₹48,600*","₹60,823",1*,"₹40,00,000*",1170,-,-,-,-,-,-,-,942(1),943(1),946(1),-
AP Govt-NS LOC (SVU),OPEN-GEN,Andhra Pradesh,"Santhiram Med Coll, Nandyal",OPHTHALMOLOGY,"₹4,96,800*","₹30,000*",1*,"₹40,00,000*",930,272(1),2318(1),-,-,-,-,-,911(1),912(1),947(1),-
AP Govt-NS LOC (AU),BCD-GEN,Andhra Pradesh,"Andhra Med Coll, Vizag",ORTHOPAEDICS,"₹48,600*","₹60,823",1*,"₹40,00,000*",1030,-,-,-,-,-,-,-,850(1),948(1),951(1),-
AP Govt-NS LOC (AU),OPEN-GEN,Andhra Pradesh,"Alluri Sitaram Raju, Eluru",OBG,"₹4,96,800*","₹30,000*",1*,"₹40,00,000*",1200,757(1),1184(1),-,-,-,-,-,698(1),698(1),952(1),-
AP Govt-NS LOC (SVU),BCD-FEM-PHO,Andhra Pradesh,"SV Med Coll, Tirupati",OBG,"₹48,600*","₹60,823",1*,"₹40,00,000*",940,-,-,-,-,-,-,-,-,-,960(1),-
AP Govt-NS LOC (AU),BCD-FEM,Andhra Pradesh,"Andhra Med Coll, Vizag",GENERAL SURGERY,"₹48,600*","₹60,823",1*,"₹40,00,000*",1030,-,-,-,-,-,-,-,382(1),382(1),961(1),-
AP Govt-NS LOC (SVU),BCD-FEM,Andhra Pradesh,"Apollo IMS&R, Chittoor",PAEDIATRICS,"₹4,96,800*","₹30,000*",1*,"₹40,00,000*",850,-,-,-,-,-,-,-,816(1),959(1),962(1),-
AP Govt-NS LOC (AU),OPEN-FEM,Andhra Pradesh,"Andhra Med Coll, Vizag",PSYCHIATRY,"₹48,600*","₹60,823",1*,"₹40,00,000*",1030,1504(1),1776(2),-,-,-,-,-,961(1),962(1),965(1),-
AP Govt-NS LOC (AU),OPEN-GEN,Andhra Pradesh,"Guntur Med Coll, Guntur",GENERAL SURGERY,"₹48,600*","₹60,823",1*,"₹40,00,000*",1170,672(2),992(2),-,-,-,-,-,403(4),574(4),966(3),-
AP Govt-NS LOC (AU),OPEN-GEN,Andhra Pradesh,"Guntur Med Coll, Guntur",TBRD,"₹48,600*","₹60,823",1*,"₹40,00,000*",1170,-,-,-,-,-,-,-,484(1),763(1),968(1),-
AP Govt-NS LOC (SVU),OPEN-FEM,Andhra Pradesh,"Govt Med Coll, Ananthapuram",GENERAL SURGERY,"₹48,600*","₹60,823",1*,"₹40,00,000*",500,-,-,-,-,-,-,-,560(1),563(1),969(1),-
AP Govt-NS LOC (SVU),BCB-GEN,Andhra Pradesh,"SVIMS, Tirupati",GENERAL SURGERY,"₹2,11,600*","₹80,904*",1*,"₹40,00,000*",1257,-,-,-,-,-,-,-,563(1),683(1),975(1),-
AP Govt-NS LOC (SVU),BCE-FEM,Andhra Pradesh,"SV Med Coll, Tirupati",OBG,"₹48,600*","₹60,823",1*,"₹40,00,000*",940,780(1),-,-,-,-,-,-,677(1),711(1),979(1),-
AP Govt-NS LOC (AU),BCB-GEN,Andhra Pradesh,"Katuri Med Coll, Guntur",GENERAL MEDICINE,"₹4,96,800*",Info not available*,1*,"₹40,00,000*",1100,-,-,-,-,-,-,-,687(1),980(1),983(1),-
AP Govt-NS LOC (AU),SC-GEN,Andhra Pradesh,"Govt Siddhartha, Vijaywada",GENERAL MEDICINE,"₹48,600*","₹60,823",1*,"₹40,00,000*",707,-,-,-,-,-,-,-,636(1),981(1),984(1),-
AP Govt-NS LOC (AU),OPEN-GEN-PHO,Andhra Pradesh,"Alluri Sitaram Raju, Eluru",OBG,"₹4,96,800*","₹30,000*",1*,"₹40,00,000*",1200,-,-,-,-,-,-,-,748(1),748(1),986(1),-
AP Govt-NS LOC (SVU),BCB-GEN,Andhra Pradesh,"ACSR Medical College, Nellore",OBG,"₹48,600*","₹60,823",1*,"₹40,00,000*",355,-,-,-,-,-,-,-,984(1),985(1),988(1),-
AP Govt-NS LOC (AU),BCD-FEM,Andhra Pradesh,"Alluri Sitaram Raju, Eluru",RADIO DIAGNOSIS,"₹4,96,800*","₹30,000*",1*,"₹40,00,000*",1200,-,-,-,-,-,-,-,322(1),-,989(1),-
AP Govt-NS LOC (AU),OPEN-GEN,Andhra Pradesh,"GreatEastern MedSch,Srikakulam",OBG,"₹4,96,800*",Info not available*,1*,"₹40,00,000*",780,655(1),-,-,-,-,-,-,805(1),715(1),991(1),-
AP Govt-NS LOC (SVU),BCE-FEM,Andhra Pradesh,"Narayana Med Coll, Nellore",DERMATOLOGY,"₹4,96,800*","₹30,000*",1*,"₹40,00,000*",1430,-,-,-,-,-,-,-,988(1),989(1),992(1),-
AP Govt-NS LOC (SVU),OPEN-GEN,Andhra Pradesh,"Narayana Med Coll, Nellore",GENERAL SURGERY,"₹4,96,800*","₹30,000*",1*,"₹40,00,000*",1430,1023(2),1771(2),-,-,-,-,-,945(1),784(1),996(1),-
AP Govt-NS LOC (SVU),OPEN-FEM,Andhra Pradesh,"Kurnool Med Coll, Kurnool",ORTHOPAEDICS,"₹48,600*","₹60,823",1*,"₹40,00,000*",1150,-,-,-,-,-,-,-,-,997(1),1000(1),-
AP Govt-NS LOC (AU),BCE-GEN,Andhra Pradesh,"Alluri Sitaram Raju, Eluru",RADIO DIAGNOSIS,"₹4,96,800*","₹30,000*",1*,"₹40,00,000*",1200,268(1),-,-,-,-,-,-,578(1),1000(1),1003(1),-
AP Govt-NS LOC (SVU),BCA-GEN,Andhra Pradesh,"SV Med Coll, Tirupati",GENERAL SURGERY,"₹48,600*","₹60,823",1*,"₹40,00,000*",940,-,-,-,-,-,-,-,625(1),625(1),1006(1),-
AP Govt-NS LOC (AU),BCA-GEN,Andhra Pradesh,"Maharajah IMS, Vizianagaram",RADIO DIAGNOSIS,"₹4,96,800*",Info not available*,1*,"₹40,00,000*",850,-,-,-,-,-,-,-,859(2),859(2),1008(2),-
AP Govt-NS LOC (SVU),BCD-GEN-PHO,Andhra Pradesh,"SV Med Coll, Tirupati",GENERAL SURGERY,"₹48,600*","₹60,823",1*,"₹40,00,000*",940,-,-,-,-,-,-,-,565(1),565(1),1012(1),-
AP Govt-NS LOC (SVU),BCB-GEN,Andhra Pradesh,"PES IMS, Kuppam",PAEDIATRICS,"₹4,96,800*","₹30,000*",1*,"₹40,00,000*",975,-,-,-,-,-,-,-,855(1),855(1),1017(1),-
AP Govt-NS LOC (AU),BCD-FEM,Andhra Pradesh,"GreatEastern MedSch,Srikakulam",OBG,"₹4,96,800*",Info not available*,1*,"₹40,00,000*",780,-,-,-,-,-,-,-,987(1),988(1),1020(1),-
AP Govt-NS LOC (SVU),BCA-FEM,Andhra Pradesh,"VMC, Kurnool",GENERAL MEDICINE,"₹4,96,800*","₹30,000*",1*,"₹40,00,000*",650,-,-,-,-,-,-,-,-,-,1025(1),-
AP Govt-NS APUR,BCB-GEN,Andhra Pradesh,"Rangaraya Med Coll, Kakinada",OBG,"₹48,600*","₹60,823",1*,"₹40,00,000*",1450,-,-,-,-,-,-,-,406(1),558(1),1026(1),-
AP Govt-NS LOC (SVU),OPEN-FEM,Andhra Pradesh,"Rajiv Gandhi IMS, Kadapa",TBRD,"₹48,600*","₹60,823",1*,"₹40,00,000*",715,-,-,-,-,-,-,-,536(1),714(1),1028(1),-
AP Govt-NS LOC (AU),BCB-FEM,Andhra Pradesh,"Rajiv Gandhi IMS, Srikakulam",OBG,"₹48,600*","₹60,823",1*,"₹40,00,000*",532,-,-,-,-,-,-,-,-,614(1),1030(1),-
AP Govt-NS LOC (SVU),BCE-FEM,Andhra Pradesh,"Narayana Med Coll, Nellore",GENERAL MEDICINE,"₹4,96,800*","₹30,000*",1*,"₹40,00,000*",1430,470(1),471(1),-,-,-,-,-,1028(1),1029(1),1032(1),-
AP Govt-NS LOC (AU),BCB-GEN,Andhra Pradesh,"Katuri Med Coll, Guntur",DERMATOLOGY,"₹4,96,800*",Info not available*,1*,"₹40,00,000*",1100,-,-,-,-,-,-,-,622(1),-,1036(1),-
AP Govt-NS LOC (AU),OPEN-GEN-PHO,Andhra Pradesh,"Andhra Med Coll, Vizag",GENERAL MEDICINE,"₹48,600*","₹60,823",1*,"₹40,00,000*",1030,-,-,-,-,-,-,-,1037(1),1038(1),1041(1),-
AP Govt-NS LOC (AU),BCD-GEN,Andhra Pradesh,"GreatEastern MedSch,Srikakulam",RADIO DIAGNOSIS,"₹4,96,800*",Info not available*,1*,"₹40,00,000*",780,-,-,-,-,-,-,-,610(1),610(1),1045(1),-
AP Govt-NS LOC (AU),BCD-GEN,Andhra Pradesh,"GVP Med Coll, Vizag",PAEDIATRICS,"₹4,96,800*","₹30,000*",1*,"₹40,00,000*",750,-,-,-,-,-,-,-,750(1),889(1),1046(1),-
AP Govt-NS LOC (SVU),BCD-FEM,Andhra Pradesh,"SV Med Coll, Tirupati",ENT,"₹48,600*","₹60,823",1*,"₹40,00,000*",940,-,-,-,-,-,-,-,1044(1),1045(1),1048(1),-
AP Govt-NS LOC (AU),OPEN-FEM,Andhra Pradesh,"Guntur Med Coll, Guntur",GENERAL SURGERY,"₹48,600*","₹60,823",1*,"₹40,00,000*",1170,-,1035(1),-,-,-,-,-,419(2),486(2),1049(2),-
AP Govt-NS APUR,OPEN-GEN-PHO,Andhra Pradesh,"Govt Siddhartha, Vijaywada",ORTHOPAEDICS,"₹48,600*","₹60,823",1*,"₹40,00,000*",707,-,-,-,-,-,-,-,650(1),718(1),1051(1),-
AP Govt-NS LOC (AU),BCD-FEM,Andhra Pradesh,"Andhra Med Coll, Vizag",TBRD,"₹48,600*","₹60,823",1*,"₹40,00,000*",1030,-,-,-,-,-,-,-,1051(1),1052(1),1055(1),-
AP Govt-NS APUR,OPEN-GEN,Andhra Pradesh,"Govt Siddhartha, Vijaywada",TBRD,"₹48,600*","₹60,823",1*,"₹40,00,000*",707,-,-,-,-,-,-,-,-,464(1),1056(2),-
AP Govt-NS LOC (AU),OPEN-GEN-PHO,Andhra Pradesh,"Rangaraya Med Coll, Kakinada",ORTHOPAEDICS,"₹48,600*","₹60,823",1*,"₹40,00,000*",1450,-,-,-,-,-,-,-,574(1),903(1),1057(1),-
AP Govt-NS LOC (SVU),BCD-FEM,Andhra Pradesh,"Kurnool Med Coll, Kurnool",TBRD,"₹48,600*","₹60,823",1*,"₹40,00,000*",1150,-,-,-,-,-,-,-,1055(2),1056(2),1059(2),-
AP Govt-NS APUR,BCD-GEN,Andhra Pradesh,"VMC, Kurnool",DERMATOLOGY,"₹4,96,800*","₹30,000*",1*,"₹40,00,000*",650,-,-,-,-,-,-,-,-,-,1060(1),-
AP Govt-NS LOC (SVU),BCD-FEM,Andhra Pradesh,"VMC, Kurnool",PAEDIATRICS,"₹4,96,800*","₹30,000*",1*,"₹40,00,000*",650,-,-,-,-,-,-,-,958(1),1059(1),1062(1),-
AP Govt-NS LOC (AU),OPEN-FEM,Andhra Pradesh,"Katuri Med Coll, Guntur",OBG,"₹4,96,800*",Info not available*,1*,"₹40,00,000*",1100,726(1),1456(1),-,-,-,-,-,830(1),845(1),1063(1),-
AP Govt-NS APUR,OPEN-FEM,Andhra Pradesh,"ACSR Medical College, Nellore",GENERAL SURGERY,"₹48,600*","₹60,823",1*,"₹40,00,000*",355,-,-,-,-,-,-,-,-,-,1064(1),-
AP Govt-NS LOC (AU),OPEN-GEN,Andhra Pradesh,"Homi Bhabha CancerHosp,Vizag",ANAESTHESIOLOGY,"₹1,05,500*","₹1,00,800",1*,"₹25,00,000*",100,-,-,-,-,-,-,-,1061(1),1062(1),1065(1),-
AP Govt-NS LOC (AU),OPEN-GEN,Andhra Pradesh,"Govt Siddhartha, Vijaywada",GENERAL SURGERY,"₹48,600*","₹60,823",1*,"₹40,00,000*",707,-,-,-,-,-,-,-,369(1),519(1),1067(2),-
AP Govt-NS LOC (SVU),BCB-GEN,Andhra Pradesh,"SV Med Coll, Tirupati",OBG,"₹48,600*","₹60,823",1*,"₹40,00,000*",940,666(1),668(1),-,-,-,-,-,666(3),773(3),1070(2),-
AP Govt-NS LOC (AU),OPEN-GEN,Andhra Pradesh,"GSL Med Coll, Rajahmundry",OBG,"₹4,96,800*","₹30,000*",1*,"₹40,00,000*",1140,701(1),1247(2),-,-,-,-,-,798(1),664(1),1071(1),-
AP Govt-NS LOC (SVU),OPEN-GEN,Andhra Pradesh,"SV Med Coll, Tirupati",DDVL,"₹48,600*","₹60,823",1*,"₹40,00,000*",940,-,-,-,-,-,-,-,592(1),1070(1),1073(1),-
AP Govt-NS LOC (AU),BCD-FEM,Andhra Pradesh,"Katuri Med Coll, Guntur",GENERAL MEDICINE,"₹4,96,800*",Info not available*,1*,"₹40,00,000*",1100,-,-,-,-,-,-,-,-,-,1074(1),-
AP Govt-NS LOC (AU),OPEN-GEN,Andhra Pradesh,"Katuri Med Coll, Guntur",TBRD,"₹4,96,800*",Info not available*,1*,"₹40,00,000*",1100,-,-,-,-,-,-,-,1034(1),933(1),1075(1),-
AP Govt-NS LOC (AU),OPEN-GEN,Andhra Pradesh,"Rajiv Gandhi IMS, Ongole",GENERAL SURGERY,"₹48,600*","₹60,823",1*,"₹40,00,000*",500,-,1059(1),-,-,-,-,-,-,-,1078(1),-
AP Govt-NS LOC (SVU),BCA-FEM,Andhra Pradesh,"Kurnool Med Coll, Kurnool",GENERAL SURGERY,"₹48,600*","₹60,823",1*,"₹40,00,000*",1150,-,-,-,-,-,-,-,1079(1),1080(1),1083(1),-
AP Govt-NS APUR,OPEN-FEM,Andhra Pradesh,"Alluri Sitaram Raju, Eluru",GENERAL SURGERY,"₹4,96,800*","₹30,000*",1*,"₹40,00,000*",1200,-,-,-,-,-,-,-,700(1),865(1),1086(1),-
AP Govt-NS APUR,BCA-GEN,Andhra Pradesh,"Rangaraya Med Coll, Kakinada",ANAESTHESIOLOGY,"₹48,600*","₹60,823",1*,"₹40,00,000*",1450,-,-,-,-,-,-,-,1084(1),1085(1),1088(1),-
AP Govt-NS LOC (SVU),OPEN-GEN,Andhra Pradesh,"Narayana Med Coll, Nellore",TBRD,"₹4,96,800*","₹30,000*",1*,"₹40,00,000*",1430,-,-,-,-,-,-,-,771(1),772(1),1089(1),-
AP Govt-NS AP LOC,SC-GEN,Andhra Pradesh,"Govt Siddhartha, Vijaywada",OBG,"₹48,600*","₹60,823",1*,"₹40,00,000*",707,-,-,-,-,-,-,-,1089(1),1090(1),1093(1),-
AP Govt-NS LOC (SVU),SC-FEM,Andhra Pradesh,"SVIMS, Tirupati",GENERAL MEDICINE,"₹2,11,600*","₹80,904*",1*,"₹40,00,000*",1257,-,-,-,-,-,-,-,761(1),907(1),1094(1),-
AP Govt-NS LOC (AU),BCD-FEM-PHO,Andhra Pradesh,"GreatEastern MedSch,Srikakulam",DERMATOLOGY,"₹4,96,800*",Info not available*,1*,"₹40,00,000*",780,-,-,-,-,-,-,-,985(1),986(1),1095(1),-
AP Govt-NS APUR,MIN-GEN-MSM,Andhra Pradesh,"Nimra Inst of Med Sci, Krishna",OBG,"₹4,96,800*",Info not available*,1*,"₹40,00,000*",-,-,2111(1),-,-,-,-,-,-,1095(1),1098(1),-
AP Govt-NS APUR,OPEN-GEN,Andhra Pradesh,"GreatEastern MedSch,Srikakulam",GENERAL SURGERY,"₹4,96,800*",Info not available*,1*,"₹40,00,000*",780,-,-,-,-,-,-,-,-,800(1),1101(1),-
AP Govt-NS LOC (AU),BCD-FEM,Andhra Pradesh,"Maharajah IMS, Vizianagaram",PAEDIATRICS,"₹4,96,800*",Info not available*,1*,"₹40,00,000*",850,-,-,-,-,-,-,-,1100(1),1101(1),1104(1),-
AP Govt-NS LOC (SVU),BCE-GEN,Andhra Pradesh,"Govt Med Coll, Ananthapuram",TBRD,"₹48,600*","₹60,823",1*,"₹40,00,000*",500,-,-,-,-,-,-,-,1024(1),1025(1),1105(1),-
AP Govt-NS LOC (AU),BCE-FEM,Andhra Pradesh,"Konaseema IMS, Amalapuram",RADIO DIAGNOSIS,"₹4,96,800*","₹30,000*",1*,"₹40,00,000*",840,1549(1),1556(1),-,-,-,-,-,1105(1),1106(1),1109(1),-
AP Govt-NS LOC (SVU),BCB-GEN-PHO,Andhra Pradesh,"SV Med Coll, Tirupati",OBG,"₹48,600*","₹60,823",1*,"₹40,00,000*",940,-,-,-,-,-,-,-,-,-,1114(1),-
AP Govt-NS LOC (AU),SC-FEM,Andhra Pradesh,"Rajiv Gandhi IMS, Srikakulam",RADIO DIAGNOSIS,"₹48,600*","₹60,823",1*,"₹40,00,000*",532,-,-,-,-,-,-,-,896(1),897(1),1116(1),-
AP Govt-NS LOC (SVU),BCA-GEN,Andhra Pradesh,"SV Med Coll, Tirupati",TBRD,"₹48,600*","₹60,823",1*,"₹40,00,000*",940,-,-,-,-,-,-,-,653(1),886(1),1117(1),-
AP Govt-NS LOC (AU),BCB-GEN,Andhra Pradesh,"Dr PSI Med Coll, Chinoutpalli",OBG,"₹4,96,800*","₹28,000*",1*,"₹40,00,000*",790,-,-,-,-,-,-,-,1022(1),1023(1),1124(1),-
AP Govt-NS APUR,BCB-GEN,Andhra Pradesh,"Alluri Sitaram Raju, Eluru",PAEDIATRICS,"₹4,96,800*","₹30,000*",1*,"₹40,00,000*",1200,-,-,-,-,-,-,-,882(1),637(1),1133(1),-
AP Govt-NS LOC (SVU),BCB-GEN,Andhra Pradesh,"Narayana Med Coll, Nellore",GENERAL SURGERY,"₹4,96,800*","₹30,000*",1*,"₹40,00,000*",1430,-,-,-,-,-,-,-,1134(1),1136(1),1139(1),-
AP Govt-NS LOC (AU),BCD-GEN,Andhra Pradesh,"Rangaraya Med Coll, Kakinada",ENT,"₹48,600*","₹60,823",1*,"₹40,00,000*",1450,1786(1),2774(1),-,-,-,-,-,1135(1),1137(1),1140(1),-
AP Govt-NS LOC (SVU),BCA-FEM,Andhra Pradesh,"Santhiram Med Coll, Nandyal",PAEDIATRICS,"₹4,96,800*","₹30,000*",1*,"₹40,00,000*",930,-,-,-,-,-,-,-,1137(1),1139(1),1142(1),-
AP Govt-NS LOC (SVU),OPEN-GEN,Andhra Pradesh,"SVIMS, Tirupati",ANAESTHESIOLOGY,"₹2,11,600*","₹80,904*",1*,"₹40,00,000*",1257,-,2166(2),-,-,-,-,-,714(1),844(1),1143(1),-
AP Govt-NS APUR,BCB-FEM,Andhra Pradesh,"Alluri Sitaram Raju, Eluru",OBG,"₹4,96,800*","₹30,000*",1*,"₹40,00,000*",1200,-,-,-,-,-,-,-,1025(1),1141(1),1144(1),-
AP Govt-NS APUR,OPEN-GEN,Andhra Pradesh,"Andhra Med Coll, Vizag",OPHTHALMOLOGY,"₹48,600*","₹60,823",1*,"₹40,00,000*",1030,-,-,-,-,-,-,-,-,621(1),1145(1),-
AP Govt-NS LOC (SVU),OPEN-FEM,Andhra Pradesh,"SV Med Coll, Tirupati",OPHTHALMOLOGY,"₹48,600*","₹60,823",1*,"₹40,00,000*",940,-,-,-,-,-,-,-,740(1),771(1),1149(1),-
AP Govt-NS LOC (AU),BCB-FEM,Andhra Pradesh,"Rajiv Gandhi IMS, Ongole",TBRD,"₹48,600*","₹60,823",1*,"₹40,00,000*",500,-,-,-,-,-,-,-,936(1),937(1),1150(1),-
AP Govt-NS LOC (AU),BCB-GEN,Andhra Pradesh,"NRI Inst of Med Sci, Vizag",OBG,"₹4,96,800*","₹40,000*",1*,"₹40,00,000*",980,-,-,-,-,-,-,-,1148(1),1150(1),1153(1),-
AP Govt-NS APUR,BCA-GEN,Andhra Pradesh,"VMC, Kurnool",OBG,"₹4,96,800*","₹30,000*",1*,"₹40,00,000*",650,-,-,-,-,-,-,-,1151(1),1153(1),1156(1),-
AP Govt-NS APUR,OPEN-GEN,Andhra Pradesh,"Guntur Med Coll, Guntur",ORTHOPAEDICS,"₹48,600*","₹60,823",1*,"₹40,00,000*",1170,-,-,-,-,-,-,-,568(1),673(1),1163(1),117(1)
AP Govt-NS LOC (AU),OPEN-GEN,Andhra Pradesh,"GSL Med Coll, Rajahmundry",TBRD,"₹4,96,800*","₹30,000*",1*,"₹40,00,000*",1140,1215(1),1627(1),-,-,-,-,-,986(2),965(2),1164(2),-
AP Govt-NS LOC (AU),BCA-GEN,Andhra Pradesh,"Rajiv Gandhi IMS, Ongole",GENERAL SURGERY,"₹48,600*","₹60,823",1*,"₹40,00,000*",500,-,-,-,-,-,-,-,727(1),848(1),1166(1),-
AP Govt-NS LOC (AU),OPEN-GEN,Andhra Pradesh,"Guntur Med Coll, Guntur",OPHTHALMOLOGY,"₹48,600*","₹60,823",1*,"₹40,00,000*",1170,1014(1),2176(1),-,-,-,-,-,845(1),898(1),1170(1),-
AP Govt-NS LOC (SVU),BCE-GEN,Andhra Pradesh,"SVIMS, Tirupati",ANAESTHESIOLOGY,"₹2,11,600*","₹80,904*",1*,"₹40,00,000*",1257,-,-,-,-,-,-,-,-,1167(1),1171(1),-
AP Govt-NS APUR,BCD-GEN,Andhra Pradesh,"PES IMS, Kuppam",OBG,"₹4,96,800*","₹30,000*",1*,"₹40,00,000*",975,-,-,-,-,-,-,-,956(1),957(1),1175(1),-
AP Govt-NS APUR,BCB-GEN,Andhra Pradesh,"Guntur Med Coll, Guntur",EMERGENCY MEDICINE,"₹48,600*","₹60,823",1*,"₹40,00,000*",1170,-,-,-,-,-,-,-,639(1),682(1),1176(1),-
AP Govt-NS LOC (SVU),OPEN-FEM,Andhra Pradesh,"Kurnool Med Coll, Kurnool",ANAESTHESIOLOGY,"₹48,600*","₹60,823",1*,"₹40,00,000*",1150,1013(1),1345(1),-,-,-,-,-,620(1),862(1),1178(1),-
AP Govt-NS LOC (SVU),BCB-GEN,Andhra Pradesh,"Rajiv Gandhi IMS, Kadapa",OBG,"₹48,600*","₹60,823",1*,"₹40,00,000*",715,-,-,-,-,-,-,-,789(1),994(1),1179(1),-
AP Govt-NS LOC (SVU),OPEN-GEN,Andhra Pradesh,"SV Med Coll, Tirupati",ORTHOPAEDICS,"₹48,600*","₹60,823",1*,"₹40,00,000*",940,23(1),1489(1),-,-,-,-,-,694(1),675(1),1181(1),112(1)
AP Govt-NS LOC (AU),BCB-GEN,Andhra Pradesh,"Katuri Med Coll, Guntur",PAEDIATRICS,"₹4,96,800*",Info not available*,1*,"₹40,00,000*",1100,-,-,-,-,-,-,-,979(1),1026(1),1184(1),-
AP Govt-NS LOC (AU),OPEN-GEN,Andhra Pradesh,"Konaseema IMS, Amalapuram",TBRD,"₹4,96,800*","₹30,000*",1*,"₹40,00,000*",840,-,-,-,-,-,-,-,1071(1),1072(1),1185(1),-
AP Govt-NS LOC (AU),SC-GEN,Andhra Pradesh,"Guntur Med Coll, Guntur",PAEDIATRICS,"₹48,600*","₹60,823",1*,"₹40,00,000*",1170,-,-,-,-,-,-,-,1046(1),1188(1),1192(1),-
AP Govt-NS APUR,OPEN-GEN,Andhra Pradesh,"GSL Med Coll, Rajahmundry",GENERAL SURGERY,"₹4,96,800*","₹30,000*",1*,"₹40,00,000*",1140,-,-,-,-,-,-,-,723(1),745(1),1194(1),-
AP Govt-NS LOC (SVU),OPEN-FEM,Andhra Pradesh,"Rajiv Gandhi IMS, Kadapa",EMERGENCY MEDICINE,"₹48,600*","₹60,823",1*,"₹40,00,000*",715,-,-,-,-,-,-,-,598(1),906(1),1199(1),-
AP Govt-NS LOC (AU),OPEN-GEN,Andhra Pradesh,"NRI Med Coll, Guntur",GENERAL SURGERY,"₹4,96,800*","₹27,000*",1*,"₹40,00,000*",1050,879(1),1355(1),-,-,-,-,-,645(1),716(1),1201(1),-
AP Govt-NS APUR,SC-GEN,Andhra Pradesh,"PES IMS, Kuppam",RADIO DIAGNOSIS,"₹4,96,800*","₹30,000*",1*,"₹40,00,000*",975,-,-,-,-,-,-,-,1197(1),1199(1),1203(1),-
AP Govt-NS LOC (AU),BCD-GEN,Andhra Pradesh,"GSL Med Coll, Rajahmundry",OBG,"₹4,96,800*","₹30,000*",1*,"₹40,00,000*",1140,888(1),-,-,-,-,-,-,1204(1),1206(1),1210(1),-
AP Govt-NS LOC (AU),SC-GEN,Andhra Pradesh,"NRI Med Coll, Guntur",GENERAL MEDICINE,"₹4,96,800*","₹27,000*",1*,"₹40,00,000*",1050,1495(1),1823(1),-,-,-,-,-,1064(1),1207(1),1211(1),-
AP Govt-NS LOC (SVU),BCB-FEM,Andhra Pradesh,"SV Med Coll, Tirupati",GENERAL SURGERY,"₹48,600*","₹60,823",1*,"₹40,00,000*",940,-,-,-,-,-,-,-,1019(2),1175(2),1213(2),-
AP Govt-NS LOC (AU),BCA-FEM,Andhra Pradesh,"Maharajah IMS, Vizianagaram",GENERAL MEDICINE,"₹4,96,800*",Info not available*,1*,"₹40,00,000*",850,-,-,-,-,-,-,-,1208(2),1210(1),1214(1),-
AP Govt-NS APUR,BCD-FEM,Andhra Pradesh,"GSL Med Coll, Rajahmundry",PAEDIATRICS,"₹4,96,800*","₹30,000*",1*,"₹40,00,000*",1140,-,-,-,-,-,-,-,597(1),685(1),1217(1),-
AP Govt-NS LOC (SVU),BCB-FEM-PHO,Andhra Pradesh,"Narayana Med Coll, Nellore",OBG,"₹4,96,800*","₹30,000*",1*,"₹40,00,000*",1430,-,-,-,-,-,-,-,1066(1),1067(1),1219(1),-
AP Govt-NS LOC (AU),BCA-GEN,Andhra Pradesh,"Konaseema IMS, Amalapuram",OBG,"₹4,96,800*","₹30,000*",1*,"₹40,00,000*",840,-,-,-,-,-,-,-,1215(1),1217(1),1221(1),-
AP Govt-NS LOC (AU),BCA-GEN,Andhra Pradesh,"Andhra Med Coll, Vizag",TBRD,"₹48,600*","₹60,823",1*,"₹40,00,000*",1030,-,-,-,-,-,-,-,1124(1),765(1),1224(1),-
AP Govt-NS LOC (SVU),OPEN-GEN,Andhra Pradesh,"Apollo IMS&R, Chittoor",ORTHOPAEDICS,"₹4,96,800*","₹30,000*",1*,"₹40,00,000*",850,-,-,-,-,-,-,-,1068(1),1222(1),1226(1),-
AP Govt-NS LOC (AU),SC-GEN,Andhra Pradesh,"Guntur Med Coll, Guntur",OBG,"₹48,600*","₹60,823",1*,"₹40,00,000*",1170,-,-,-,-,-,-,-,1224(1),1226(1),1230(1),-
AP Govt-NS LOC (AU),OPEN-GEN-PHO,Andhra Pradesh,"Alluri Sitaram Raju, Eluru",TBRD,"₹4,96,800*","₹30,000*",1*,"₹40,00,000*",1200,-,-,-,-,-,-,-,948(1),949(1),1232(1),-
AP Govt-NS LOC (AU),OPEN-GEN,Andhra Pradesh,"Andhra Med Coll, Vizag",OPHTHALMOLOGY,"₹48,600*","₹60,823",1*,"₹40,00,000*",1030,-,-,-,-,-,-,-,562(1),1109(1),1235(1),-
AP Govt-NS LOC (AU),OPEN-GEN,Andhra Pradesh,"Andhra Med Coll, Vizag",RADIATION ONCOLOGY,"₹48,600*","₹60,823",1*,"₹40,00,000*",1030,-,-,-,-,-,-,-,947(1),1232(1),1236(1),-
AP Govt-NS LOC (AU),OPEN-FEM-PHO,Andhra Pradesh,"Katuri Med Coll, Guntur",OBG,"₹4,96,800*",Info not available*,1*,"₹40,00,000*",1100,-,-,-,-,-,-,-,-,811(1),1237(1),-
AP Govt-NS APUR,OPEN-GEN,Andhra Pradesh,"Govt Siddhartha, Vijaywada",ENT,"₹48,600*","₹60,823",1*,"₹40,00,000*",707,-,-,-,-,-,-,-,865(1),996(1),1241(1),-
AP Govt-NS APUR,OPEN-FEM,Andhra Pradesh,"GSL Med Coll, Rajahmundry",TBRD,"₹4,96,800*","₹30,000*",1*,"₹40,00,000*",1140,-,-,-,-,-,-,-,688(1),818(1),1245(1),-
AP Govt-NS LOC (SVU),ST-FEM,Andhra Pradesh,"Kurnool Med Coll, Kurnool",GENERAL MEDICINE,"₹48,600*","₹60,823",1*,"₹40,00,000*",1150,-,-,-,-,-,-,-,1240(1),1242(1),1246(1),-
AP Govt-NS LOC (AU),OPEN-GEN,Andhra Pradesh,"Rangaraya Med Coll, Kakinada",PSYCHIATRY,"₹48,600*","₹60,823",1*,"₹40,00,000*",1450,-,-,-,-,-,-,-,1242(1),1244(1),1248(1),-
AP Govt-NS LOC (AU),BCB-GEN,Andhra Pradesh,"Guntur Med Coll, Guntur",ORTHOPAEDICS,"₹48,600*","₹60,823",1*,"₹40,00,000*",1170,1420(1),-,-,-,-,-,-,707(1),707(1),1249(1),-
AP Govt-NS LOC (AU),BCB-FEM,Andhra Pradesh,"Konaseema IMS, Amalapuram",PAEDIATRICS,"₹4,96,800*","₹30,000*",1*,"₹40,00,000*",840,-,-,-,-,-,-,-,1103(1),1121(1),1251(1),-
AP Govt-NS LOC (AU),BCB-GEN,Andhra Pradesh,"Maharajah IMS, Vizianagaram",PAEDIATRICS,"₹4,96,800*",Info not available*,1*,"₹40,00,000*",850,-,-,-,-,-,-,-,1032(1),1033(1),1253(1),-
AP Govt-NS APUR,OPEN-GEN,Andhra Pradesh,"Kurnool Med Coll, Kurnool",ENT,"₹48,600*","₹60,823",1*,"₹40,00,000*",1150,-,-,-,-,-,-,-,-,-,1257(1),-
AP Govt-NS LOC (SVU),BCB-FEM,Andhra Pradesh,"PES IMS, Kuppam",OBG,"₹4,96,800*","₹30,000*",1*,"₹40,00,000*",975,-,-,-,-,-,-,-,1110(1),1111(1),1259(1),-
AP Govt-NS LOC (SVU),BCB-FEM,Andhra Pradesh,"ACSR Medical College, Nellore",GENERAL SURGERY,"₹48,600*","₹60,823",1*,"₹40,00,000*",355,-,-,-,-,-,-,-,-,-,1260(1),-
AP Govt-NS LOC (AU),OPEN-GEN,Andhra Pradesh,"GVP Med Coll, Vizag",OBG,"₹4,96,800*","₹30,000*",1*,"₹40,00,000*",750,-,-,-,-,-,-,-,889(1),847(1),1262(1),-
AP Govt-NS APUR,BCB-GEN,Andhra Pradesh,"Maharajah IMS, Vizianagaram",TBRD,"₹4,96,800*",Info not available*,1*,"₹40,00,000*",850,-,-,-,-,-,-,-,1259(1),1261(1),1265(1),-
AP Govt-NS APUR,BCB-GEN,Andhra Pradesh,"Konaseema IMS, Amalapuram",OBG,"₹4,96,800*","₹30,000*",1*,"₹40,00,000*",840,-,-,-,-,-,-,-,1139(1),1201(1),1269(1),-
AP Govt-NS LOC (AU),BCD-GEN,Andhra Pradesh,"Guntur Med Coll, Guntur",GENERAL SURGERY,"₹48,600*","₹60,823",1*,"₹40,00,000*",1170,936(1),1241(1),-,-,-,-,-,-,-,1271(1),96(1)
AP Govt-NS LOC (SVU),SC-GEN,Andhra Pradesh,"ACSR Medical College, Nellore",GENERAL MEDICINE,"₹48,600*","₹60,823",1*,"₹40,00,000*",355,-,-,-,-,-,-,-,858(1),919(1),1272(1),-
AP Govt-NS LOC (AU),BCA-GEN,Andhra Pradesh,"GreatEastern MedSch,Srikakulam",PAEDIATRICS,"₹4,96,800*",Info not available*,1*,"₹40,00,000*",780,-,-,-,-,-,-,-,1218(1),1220(1),1273(1),-
AP Govt-NS LOC (AU),OPEN-GEN,Andhra Pradesh,"Dr PSI Med Coll, Chinoutpalli",GENERAL SURGERY,"₹4,96,800*","₹28,000*",1*,"₹40,00,000*",790,1163(1),1676(1),-,-,-,-,-,-,-,1274(1),-
AP Govt-NS LOC (AU),BCD-GEN,Andhra Pradesh,"Konaseema IMS, Amalapuram",OBG,"₹4,96,800*","₹30,000*",1*,"₹40,00,000*",840,986(1),1772(1),-,-,-,-,-,1269(1),1271(1),1275(1),-
AP Govt-NS LOC (SVU),SC-GEN-PHO,Andhra Pradesh,"Kurnool Med Coll, Kurnool",PAEDIATRICS,"₹48,600*","₹60,823",1*,"₹40,00,000*",1150,-,-,-,-,-,-,-,918(1),1246(1),1277(1),-
AP Govt-NS APUR,OPEN-GEN,Andhra Pradesh,"Andhra Med Coll, Vizag",ENT,"₹48,600*","₹60,823",1*,"₹40,00,000*",1030,-,-,-,-,-,-,-,309(1),290(1),1282(1),-
AP Govt-NS LOC (AU),OPEN-GEN,Andhra Pradesh,"GreatEastern MedSch,Srikakulam",GENERAL SURGERY,"₹4,96,800*",Info not available*,1*,"₹40,00,000*",780,988(1),1374(1),-,-,-,-,-,824(1),834(1),1283(1),-
AP Govt-NS APUR,BCB-GEN,Andhra Pradesh,"PES IMS, Kuppam",GENERAL SURGERY,"₹4,96,800*","₹30,000*",1*,"₹40,00,000*",975,-,-,-,-,-,-,-,1279(1),1281(1),1285(1),-
AP Govt-NS LOC (AU),OPEN-FEM,Andhra Pradesh,"NRI Med Coll, Guntur",GENERAL SURGERY,"₹4,96,800*","₹27,000*",1*,"₹40,00,000*",1050,-,-,-,-,-,-,-,699(1),699(1),1286(1),-
AP Govt-NS LOC (AU),OPEN-FEM,Andhra Pradesh,"Guntur Med Coll, Guntur",ANAESTHESIOLOGY,"₹48,600*","₹60,823",1*,"₹40,00,000*",1170,1159(1),2202(1),-,-,-,-,-,-,524(1),1288(1),226(1)
AP Govt-NS APUR,OPEN-GEN,Andhra Pradesh,"Rangaraya Med Coll, Kakinada",OPHTHALMOLOGY,"₹48,600*","₹60,823",1*,"₹40,00,000*",1450,-,-,-,-,-,-,-,797(1),882(1),1292(1),-
AP Govt-NS APUR,BCA-GEN,Andhra Pradesh,"GSL Med Coll, Rajahmundry",GENERAL SURGERY,"₹4,96,800*","₹30,000*",1*,"₹40,00,000*",1140,-,-,-,-,-,-,-,1289(1),1291(1),1295(1),-
AP Govt-NS APUR,BCB-GEN,Andhra Pradesh,"Govt Siddhartha, Vijaywada",ORTHOPAEDICS,"₹48,600*","₹60,823",1*,"₹40,00,000*",707,-,-,-,-,-,-,-,1027(1),1028(1),1298(1),-
AP Govt-NS LOC (AU),BCA-FEM,Andhra Pradesh,"Rajiv Gandhi IMS, Ongole",GENERAL SURGERY,"₹48,600*","₹60,823",1*,"₹40,00,000*",500,-,-,-,-,-,-,-,1294(1),1296(1),1300(1),-
AP Govt-NS APUR,OPEN-GEN,Andhra Pradesh,"Govt Siddhartha, Vijaywada",OPHTHALMOLOGY,"₹48,600*","₹60,823",1*,"₹40,00,000*",707,-,-,-,-,-,-,-,-,911(1),1306(1),-
AP Govt-NS LOC (AU),BCD-GEN,Andhra Pradesh,"Dr PSI Med Coll, Chinoutpalli",GENERAL SURGERY,"₹4,96,800*","₹28,000*",1*,"₹40,00,000*",790,-,-,-,-,-,-,-,1301(1),1303(1),1307(1),-
AP Govt-NS LOC (AU),OPEN-GEN,Andhra Pradesh,"GVP Med Coll, Vizag",TBRD,"₹4,96,800*","₹30,000*",1*,"₹40,00,000*",750,1066(1),1747(1),-,-,-,-,-,881(1),881(1),1312(1),-
AP Govt-NS LOC (AU),BCB-GEN,Andhra Pradesh,"Rajiv Gandhi IMS, Srikakulam",ORTHOPAEDICS,"₹48,600*","₹60,823",1*,"₹40,00,000*",532,-,-,-,-,-,-,-,1243(1),1245(1),1316(1),-
AP Govt-NS LOC (AU),OPEN-GEN,Andhra Pradesh,"Katuri Med Coll, Guntur",OBG,"₹4,96,800*",Info not available*,1*,"₹40,00,000*",1100,-,-,-,-,-,-,-,887(1),888(1),1319(1),-
AP Govt-NS LOC (SVU),OPEN-GEN,Andhra Pradesh,"Govt Med Coll, Ananthapuram",OPHTHALMOLOGY,"₹48,600*","₹60,823",1*,"₹40,00,000*",500,-,-,-,-,-,-,-,796(1),931(1),1322(1),-
AP Govt-NS LOC (SVU),BCB-GEN,Andhra Pradesh,"Santhiram Med Coll, Nandyal",OBG,"₹4,96,800*","₹30,000*",1*,"₹40,00,000*",930,-,-,-,-,-,-,-,1253(1),1255(1),1323(1),-
AP Govt-NS LOC (AU),BCD-FEM,Andhra Pradesh,"GreatEastern MedSch,Srikakulam",PAEDIATRICS,"₹4,96,800*",Info not available*,1*,"₹40,00,000*",780,-,-,-,-,-,-,-,821(1),821(1),1330(1),-
AP Govt-NS LOC (AU),OPEN-GEN,Andhra Pradesh,"Guntur Med Coll, Guntur",ANAESTHESIOLOGY,"₹48,600*","₹60,823",1*,"₹40,00,000*",1170,-,2203(1),-,-,-,-,-,651(2),984(2),1333(2),-
AP Govt-NS LOC (AU),OPEN-GEN,Andhra Pradesh,"Andhra Med Coll, Vizag",ENT,"₹48,600*","₹60,823",1*,"₹40,00,000*",1030,-,-,-,-,-,-,-,725(1),973(2),1334(1),-
AP Govt-NS APUR,OPEN-GEN,Andhra Pradesh,"Santhiram Med Coll, Nandyal",TBRD,"₹4,96,800*","₹30,000*",1*,"₹40,00,000*",930,-,-,-,-,-,-,-,689(1),768(1),1338(1),-
AP Govt-NS APUR,BCA-GEN,Andhra Pradesh,"PES IMS, Kuppam",PAEDIATRICS,"₹4,96,800*","₹30,000*",1*,"₹40,00,000*",975,-,-,-,-,-,-,-,-,-,1339(1),-
AP Govt-NS LOC (SVU),OPEN-GEN,Andhra Pradesh,"SV Med Coll, Tirupati",ENT,"₹48,600*","₹60,823",1*,"₹40,00,000*",940,925(1),2163(2),-,-,-,-,-,905(1),851(1),1341(1),-
AP Govt-NS LOC (AU),BCB-GEN,Andhra Pradesh,"Guntur Med Coll, Guntur",OPHTHALMOLOGY,"₹48,600*","₹60,823",1*,"₹40,00,000*",1170,-,-,-,-,-,-,-,-,1338(1),1342(1),-
AP Govt-NS LOC (AU),BCA-FEM,Andhra Pradesh,"GreatEastern MedSch,Srikakulam",GENERAL MEDICINE,"₹4,96,800*",Info not available*,1*,"₹40,00,000*",780,-,-,-,-,-,-,-,-,-,1346(1),-
AP Govt-NS LOC (SVU),OPEN-GEN,Andhra Pradesh,"PES IMS, Kuppam",ORTHOPAEDICS,"₹4,96,800*","₹30,000*",1*,"₹40,00,000*",975,1073(1),2075(1),-,-,-,-,-,913(1),1154(1),1349(1),-
AP Govt-NS LOC (SVU),OPEN-FEM,Andhra Pradesh,"SV Med Coll, Tirupati",ANAESTHESIOLOGY,"₹48,600*","₹60,823",1*,"₹40,00,000*",940,-,-,-,-,-,-,-,844(1),925(1),1350(1),-
AP Govt-NS LOC (AU),OPEN-FEM,Andhra Pradesh,"Andhra Med Coll, Vizag",OPHTHALMOLOGY,"₹48,600*","₹60,823",1*,"₹40,00,000*",1030,766(1),2055(2),-,-,-,-,-,464(1),1042(1),1357(1),-
AP Govt-NS LOC (AU),BCE-GEN,Andhra Pradesh,"GSL Med Coll, Rajahmundry",PAEDIATRICS,"₹4,96,800*","₹30,000*",1*,"₹40,00,000*",1140,-,-,-,-,-,-,-,999(1),1356(1),1361(1),-
AP Govt-NS LOC (AU),BCE-GEN,Andhra Pradesh,"Rangaraya Med Coll, Kakinada",TBRD,"₹48,600*","₹60,823",1*,"₹40,00,000*",1450,-,-,-,-,-,-,-,1354(1),1358(1),1363(1),-
AP Govt-NS APUR,BCA-GEN,Andhra Pradesh,"NRI Med Coll, Guntur",GENERAL SURGERY,"₹4,96,800*","₹27,000*",1*,"₹40,00,000*",1050,-,-,-,-,-,-,-,-,-,1364(1),-
AP Govt-NS LOC (AU),BCD-FEM-PHO,Andhra Pradesh,"Rajiv Gandhi IMS, Srikakulam",GENERAL SURGERY,"₹48,600*","₹60,823",1*,"₹40,00,000*",532,-,-,-,-,-,-,-,-,-,1370(1),-
AP Govt-NS APUR,MIN-GEN-MSM,Andhra Pradesh,"Fathima IMS,Kadapa",GENERAL MEDICINE,"₹4,96,800*","₹25,000*",1*,"₹40,00,000*",750,1486(1),1491(1),-,-,-,-,-,-,1369(1),1374(1),-
AP Govt-NS LOC (SVU),OPEN-FEM,Andhra Pradesh,"Narayana Med Coll, Nellore",GENERAL SURGERY,"₹4,96,800*","₹30,000*",1*,"₹40,00,000*",1430,1149(1),1585(1),3005(1),-,-,-,-,812(1),783(1),1375(1),-
AP Govt-NS LOC (AU),BCD-FEM,Andhra Pradesh,"Rangaraya Med Coll, Kakinada",ANAESTHESIOLOGY,"₹48,600*","₹60,823",1*,"₹40,00,000*",1450,-,-,-,-,-,-,-,1293(1),1295(1),1380(1),-
AP Govt-NS LOC (AU),BCA-FEM-PHO,Andhra Pradesh,"Guntur Med Coll, Guntur",OPHTHALMOLOGY,"₹48,600*","₹60,823",1*,"₹40,00,000*",1170,-,-,-,-,-,-,-,1374(1),1376(1),1381(1),-
AP Govt-NS LOC (AU),BCB-GEN,Andhra Pradesh,"Andhra Med Coll, Vizag",OPHTHALMOLOGY,"₹48,600*","₹60,823",1*,"₹40,00,000*",1030,1749(1),3254(1),-,-,-,-,-,1229(1),1231(1),1385(1),-
AP Govt-NS LOC (SVU),BCD-GEN,Andhra Pradesh,"Apollo IMS&R, Chittoor",GENERAL SURGERY,"₹4,96,800*","₹30,000*",1*,"₹40,00,000*",850,-,-,-,-,-,-,-,-,-,1386(1),-
AP Govt-NS APUR,MIN-GEN-MSM,Andhra Pradesh,"Nimra Inst of Med Sci, Krishna",GENERAL MEDICINE,"₹4,96,800*",Info not available*,1*,"₹40,00,000*",-,-,1072(1),-,-,-,-,-,1094(1),1383(1),1388(1),-
AP Govt-NS LOC (AU),OPEN-GEN,Andhra Pradesh,"GVP Med Coll, Vizag",GENERAL SURGERY,"₹4,96,800*","₹30,000*",1*,"₹40,00,000*",750,1203(1),2012(2),-,-,-,-,-,-,-,1390(1),-
AP Govt-NS LOC (AU),OPEN-GEN,Andhra Pradesh,"Rajiv Gandhi IMS, Ongole",OPHTHALMOLOGY,"₹48,600*","₹60,823",1*,"₹40,00,000*",500,1376(1),2588(1),-,-,-,-,-,939(1),1166(1),1394(1),-
AP Govt-NS LOC (AU),OPEN-FEM,Andhra Pradesh,"Dr PSI Med Coll, Chinoutpalli",GENERAL SURGERY,"₹4,96,800*","₹28,000*",1*,"₹40,00,000*",790,1065(1),1951(2),2626(1),-,-,-,-,1082(1),1314(1),1395(1),-
AP Govt-NS LOC (AU),BCA-GEN,Andhra Pradesh,"Maharajah IMS, Vizianagaram",OBG,"₹4,96,800*",Info not available*,1*,"₹40,00,000*",850,-,-,-,-,-,-,-,1503(2),1505(2),1397(2),-
AP Govt-NS LOC (SVU),OPEN-FEM,Andhra Pradesh,"Kurnool Med Coll, Kurnool",ENT,"₹48,600*","₹60,823",1*,"₹40,00,000*",1150,-,-,-,-,-,-,-,463(1),706(1),1398(1),-
AP Govt-NS LOC (AU),BCD-FEM,Andhra Pradesh,"Andhra Med Coll, Vizag",ANAESTHESIOLOGY,"₹48,600*","₹60,823",1*,"₹40,00,000*",1030,-,-,-,-,-,-,-,1211(1),1213(1),1400(1),-
AP Govt-NS LOC (SVU),OPEN-FEM,Andhra Pradesh,"SV Med Coll, Tirupati",PATHOLOGY,"₹48,600*","₹60,823",1*,"₹40,00,000*",940,-,3360(1),3685(1),-,-,-,-,2029(1),1399(1),1404(1),-
AP Govt-NS LOC (AU),BCE-FEM,Andhra Pradesh,"GSL Med Coll, Rajahmundry",OBG,"₹4,96,800*","₹30,000*",1*,"₹40,00,000*",1140,-,-,-,-,-,-,-,1403(1),1405(1),1410(1),-
AP Govt-NS LOC (AU),SC-FEM,Andhra Pradesh,"Andhra Med Coll, Vizag",PAEDIATRICS,"₹48,600*","₹60,823",1*,"₹40,00,000*",1030,-,-,-,-,-,-,-,853(1),1113(1),1412(1),-
AP Govt-NS APUR,BCB-GEN,Andhra Pradesh,"Rajiv Gandhi IMS, Kadapa",ANAESTHESIOLOGY,"₹48,600*","₹60,823",1*,"₹40,00,000*",715,-,-,-,-,-,-,-,1413(1),1415(1),1420(1),-
AP Govt-NS LOC (SVU),OPEN-GEN,Andhra Pradesh,"Santhiram Med Coll, Nandyal",GENERAL SURGERY,"₹4,96,800*","₹30,000*",1*,"₹40,00,000*",930,-,-,-,-,-,-,-,992(2),1098(2),1421(2),-
AP Govt-NS APUR,OPEN-GEN,Andhra Pradesh,"Rajiv Gandhi IMS, Srikakulam",EMERGENCY MEDICINE,"₹48,600*","₹60,823",1*,"₹40,00,000*",532,-,-,-,-,-,-,-,-,-,1424(1),-
AP Govt-NS AP LOC,OPEN-GEN,Andhra Pradesh,"Govt Siddhartha, Vijaywada",ANAESTHESIOLOGY,"₹48,600*","₹60,823",1*,"₹40,00,000*",707,-,-,-,-,-,-,-,803(1),893(1),1427(1),-
AP Govt-NS LOC (AU),OPEN-FEM,Andhra Pradesh,"Rangaraya Med Coll, Kakinada",RADIATION ONCOLOGY,"₹48,600*","₹60,823",1*,"₹40,00,000*",1450,2359(1),2743(1),-,-,-,-,-,1337(1),1426(1),1431(1),-
AP Govt-NS LOC (SVU),BCB-GEN,Andhra Pradesh,"Rajiv Gandhi IMS, Kadapa",PSYCHIATRY,"₹48,600*","₹60,823",1*,"₹40,00,000*",715,-,-,-,-,-,-,-,1427(1),1429(1),1434(1),-
AP Govt-NS LOC (AU),OPEN-GEN,Andhra Pradesh,"NRI Med Coll, Guntur",OPHTHALMOLOGY,"₹4,96,800*","₹27,000*",1*,"₹40,00,000*",1050,-,-,-,-,-,-,-,1140(1),1142(1),1435(1),-
AP Govt-NS LOC (AU),BCB-FEM,Andhra Pradesh,"Guntur Med Coll, Guntur",OPHTHALMOLOGY,"₹48,600*","₹60,823",1*,"₹40,00,000*",1170,-,-,-,-,-,-,-,-,-,1436(1),-
AP Govt-NS LOC (AU),OPEN-GEN-PHO,Andhra Pradesh,"Andhra Med Coll, Vizag",PSYCHIATRY,"₹48,600*","₹60,823",1*,"₹40,00,000*",1030,-,-,-,-,-,-,-,1431(1),1433(1),1438(1),-
AP Govt-NS LOC (AU),OPEN-GEN,Andhra Pradesh,"Alluri Sitaram Raju, Eluru",ENT,"₹4,96,800*","₹30,000*",1*,"₹40,00,000*",1200,1823(1),2962(1),-,-,-,-,-,1433(1),1435(1),1440(1),-
AP Govt-NS LOC (AU),BCD-GEN,Andhra Pradesh,"Alluri Sitaram Raju, Eluru",OBG,"₹4,96,800*","₹30,000*",1*,"₹40,00,000*",1200,-,-,-,-,-,-,-,1016(1),1017(1),1441(1),-
AP Govt-NS LOC (AU),BCB-GEN,Andhra Pradesh,"Rangaraya Med Coll, Kakinada",ORTHOPAEDICS,"₹48,600*","₹60,823",1*,"₹40,00,000*",1450,-,-,-,-,-,-,-,-,-,1445(1),-
AP Govt-NS LOC (SVU),BCE-GEN,Andhra Pradesh,"Govt Med Coll, Ananthapuram",GENERAL SURGERY,"₹48,600*","₹60,823",1*,"₹40,00,000*",500,-,-,-,-,-,-,-,1212(2),1214(2),1450(2),-
AP Govt-NS LOC (SVU),OPEN-FEM,Andhra Pradesh,"PES IMS, Kuppam",GENERAL SURGERY,"₹4,96,800*","₹30,000*",1*,"₹40,00,000*",975,-,-,-,-,-,-,-,909(1),812(1),1454(1),-
AP Govt-NS APUR,BCA-GEN,Andhra Pradesh,"Govt Siddhartha, Vijaywada",OPHTHALMOLOGY,"₹48,600*","₹60,823",1*,"₹40,00,000*",707,-,-,-,-,-,-,-,1375(1),1453(1),1458(1),-
AP Govt-NS APUR,BCB-GEN,Andhra Pradesh,"Maharajah IMS, Vizianagaram",OBG,"₹4,96,800*",Info not available*,1*,"₹40,00,000*",850,-,-,-,-,-,-,-,1263(1),1215(1),1460(1),-
AP Govt-NS APUR,OPEN-FEM,Andhra Pradesh,"Alluri Sitaram Raju, Eluru",OPHTHALMOLOGY,"₹4,96,800*","₹30,000*",1*,"₹40,00,000*",1200,-,-,-,-,-,-,-,640(1),1151(1),1462(1),-
AP Govt-NS LOC (SVU),BCB-GEN,Andhra Pradesh,"Kurnool Med Coll, Kurnool",ORTHOPAEDICS,"₹48,600*","₹60,823",1*,"₹40,00,000*",1150,819(1),821(1),-,-,-,-,-,927(1),928(1),1469(2),-
AP Govt-NS LOC (AU),BCA-GEN,Andhra Pradesh,"Andhra Med Coll, Vizag",ENT,"₹48,600*","₹60,823",1*,"₹40,00,000*",1030,-,-,-,-,-,-,-,1464(1),1466(1),1471(1),-
AP Govt-NS LOC (AU),OPEN-FEM,Andhra Pradesh,"Alluri Sitaram Raju, Eluru",GENERAL SURGERY,"₹4,96,800*","₹30,000*",1*,"₹40,00,000*",1200,880(1),1636(1),-,-,-,-,-,767(1),1282(2),1472(2),-
AP Govt-NS LOC (AU),BCD-GEN,Andhra Pradesh,"Andhra Med Coll, Vizag",ANAESTHESIOLOGY,"₹48,600*","₹60,823",1*,"₹40,00,000*",1030,1190(1),2305(1),-,-,-,-,-,-,-,1473(1),-
AP Govt-NS LOC (SVU),BCB-GEN,Andhra Pradesh,"Kurnool Med Coll, Kurnool",OPHTHALMOLOGY,"₹48,600*","₹60,823",1*,"₹40,00,000*",1150,-,-,-,-,-,-,-,891(1),892(1),1474(1),-
AP Govt-NS LOC (SVU),BCE-FEM,Andhra Pradesh,"Narayana Med Coll, Nellore",OBG,"₹4,96,800*","₹30,000*",1*,"₹40,00,000*",1430,1139(1),-,-,-,-,-,-,975(1),976(1),1475(1),-
AP Govt-NS LOC (SVU),BCA-GEN,Andhra Pradesh,"Santhiram Med Coll, Nandyal",OBG,"₹4,96,800*","₹30,000*",1*,"₹40,00,000*",930,-,-,-,-,-,-,-,1469(1),1471(1),1476(1),-
AP Govt-NS LOC (AU),OPEN-FEM,Andhra Pradesh,"GreatEastern MedSch,Srikakulam",GENERAL SURGERY,"₹4,96,800*",Info not available*,1*,"₹40,00,000*",780,1030(1),1588(1),-,-,-,-,-,837(1),837(1),1479(1),-
AP Govt-NS LOC (SVU),OPEN-GEN,Andhra Pradesh,"Kurnool Med Coll, Kurnool",ANAESTHESIOLOGY,"₹48,600*","₹60,823",1*,"₹40,00,000*",1150,-,-,-,-,-,-,-,675(1),1134(3),1485(3),-
AP Govt-NS LOC (SVU),SC-FEM,Andhra Pradesh,"Govt Med Coll, Ananthapuram",GENERAL MEDICINE,"₹48,600*","₹60,823",1*,"₹40,00,000*",500,-,-,-,-,-,-,-,906(1),1091(1),1487(1),-
AP Govt-NS LOC (AU),OPEN-FEM,Andhra Pradesh,"GSL Med Coll, Rajahmundry",GENERAL SURGERY,"₹4,96,800*","₹30,000*",1*,"₹40,00,000*",1140,1145(1),2037(1),-,-,-,-,-,-,1064(1),1489(1),-
AP Govt-NS LOC (AU),BCA-GEN,Andhra Pradesh,"Katuri Med Coll, Guntur",OBG,"₹4,96,800*",Info not available*,1*,"₹40,00,000*",1100,-,-,-,-,-,-,-,1485(1),1487(1),1493(1),-
AP Govt-NS LOC (AU),BCE-FEM,Andhra Pradesh,"Rajiv Gandhi IMS, Srikakulam",OBG,"₹48,600*","₹60,823",1*,"₹40,00,000*",532,-,-,-,-,-,-,-,575(1),578(1),1496(1),-
AP Govt-NS APUR,BCB-GEN,Andhra Pradesh,"Rajiv Gandhi IMS, Kadapa",OPHTHALMOLOGY,"₹48,600*","₹60,823",1*,"₹40,00,000*",715,-,-,-,-,-,-,-,1336(1),1319(1),1500(1),-
AP Govt-NS LOC (SVU),OPEN-FEM,Andhra Pradesh,"Govt Siddhartha, Vijaywada",ANAESTHESIOLOGY,"₹48,600*","₹60,823",1*,"₹40,00,000*",707,-,-,-,-,-,-,-,-,-,1501(1),-
AP Govt-NS LOC (AU),BCB-FEM,Andhra Pradesh,"Alluri Sitaram Raju, Eluru",OBG,"₹4,96,800*","₹30,000*",1*,"₹40,00,000*",1200,1210(1),1291(1),-,-,-,-,-,1108(1),1265(1),1502(1),-
AP Govt-NS LOC (AU),BCD-GEN,Andhra Pradesh,"Alluri Sitaram Raju, Eluru",GENERAL SURGERY,"₹4,96,800*","₹30,000*",1*,"₹40,00,000*",1200,-,-,-,-,-,-,-,1265(1),1082(1),1509(1),-
AP Govt-NS LOC (AU),OPEN-GEN,Andhra Pradesh,"GSL Med Coll, Rajahmundry",GENERAL SURGERY,"₹4,96,800*","₹30,000*",1*,"₹40,00,000*",1140,-,-,-,-,-,-,-,1063(2),1036(2),1511(2),-
AP Govt-NS LOC (AU),BCD-GEN,Andhra Pradesh,"Rajiv Gandhi IMS, Ongole",ANAESTHESIOLOGY,"₹48,600*","₹60,823",1*,"₹40,00,000*",500,-,-,-,-,-,-,-,1154(1),1186(1),1513(1),-
AP Govt-NS LOC (SVU),BCB-FEM,Andhra Pradesh,"VMC, Kurnool",TBRD,"₹4,96,800*","₹30,000*",1*,"₹40,00,000*",650,-,-,-,-,-,-,-,-,-,1518(1),-
AP Govt-NS LOC (SVU),OPEN-GEN,Andhra Pradesh,"SV Med Coll, Tirupati",ANAESTHESIOLOGY,"₹48,600*","₹60,823",1*,"₹40,00,000*",940,-,-,-,-,-,-,-,-,967(1),1520(1),-
AP Govt-NS APUR,BCE-GEN,Andhra Pradesh,"Govt Siddhartha, Vijaywada",ENT,"₹48,600*","₹60,823",1*,"₹40,00,000*",707,-,-,-,-,-,-,-,1514(1),1516(1),1522(1),-
AP Govt-NS LOC (SVU),BCD-GEN,Andhra Pradesh,"SV Med Coll, Tirupati",ANAESTHESIOLOGY,"₹48,600*","₹60,823",1*,"₹40,00,000*",940,-,-,-,-,-,-,-,1058(1),1171(1),1526(1),-
AP Govt-NS LOC (AU),SC-FEM,Andhra Pradesh,"Andhra Med Coll, Vizag",OBG,"₹48,600*","₹60,823",1*,"₹40,00,000*",1030,2143(1),2153(1),-,-,-,-,-,1258(1),1407(1),1529(1),-
AP Govt-NS LOC (AU),OPEN-GEN,Andhra Pradesh,"Konaseema IMS, Amalapuram",GENERAL SURGERY,"₹4,96,800*","₹30,000*",1*,"₹40,00,000*",840,1195(1),1767(1),-,-,-,-,-,775(1),775(1),1531(1),-
AP Govt-NS LOC (SVU),BCA-GEN,Andhra Pradesh,"PES IMS, Kuppam",DERMATOLOGY,"₹4,96,800*","₹30,000*",1*,"₹40,00,000*",975,-,-,-,-,-,-,-,667(1),1022(1),1534(1),-
AP Govt-NS LOC (SVU),OPEN-GEN,Andhra Pradesh,"Govt Med Coll, Ananthapuram",ANAESTHESIOLOGY,"₹48,600*","₹60,823",1*,"₹40,00,000*",500,1087(1),1986(1),-,-,-,-,-,-,-,1535(1),-
AP Govt-NS LOC (AU),BCD-GEN,Andhra Pradesh,"NRI Med Coll, Guntur",TBRD,"₹4,96,800*","₹27,000*",1*,"₹40,00,000*",1050,-,-,-,-,-,-,-,1091(1),1158(2),1536(2),-
AP Govt-NS LOC (AU),BCB-GEN,Andhra Pradesh,"Guntur Med Coll, Guntur",EMERGENCY MEDICINE,"₹48,600*","₹60,823",1*,"₹40,00,000*",1170,-,-,-,-,-,-,-,842(1),842(1),1538(1),-
AP Govt-NS LOC (SVU),BCB-GEN,Andhra Pradesh,"Rajiv Gandhi IMS, Kadapa",ENT,"₹48,600*","₹60,823",1*,"₹40,00,000*",715,-,-,-,-,-,-,-,-,-,1539(1),-
AP Govt-NS APUR,MIN-GEN-MSM,Andhra Pradesh,"Fathima IMS,Kadapa",PAEDIATRICS,"₹4,96,800*","₹25,000*",1*,"₹40,00,000*",750,-,-,-,-,-,-,-,1133(1),1533(1),1540(1),-
AP Govt-NS APUR,OPEN-FEM,Andhra Pradesh,"Govt Siddhartha, Vijaywada",ORTHOPAEDICS,"₹48,600*","₹60,823",1*,"₹40,00,000*",707,-,-,-,-,-,-,-,996(1),982(1),1543(1),-
AP Govt-NS APUR,OPEN-GEN,Andhra Pradesh,"Konaseema IMS, Amalapuram",ORTHOPAEDICS,"₹4,96,800*","₹30,000*",1*,"₹40,00,000*",840,-,-,-,-,-,-,-,-,-,1556(1),-
AP Govt-NS LOC (SVU),OPEN-FEM,Andhra Pradesh,"PES IMS, Kuppam",OPHTHALMOLOGY,"₹4,96,800*","₹30,000*",1*,"₹40,00,000*",975,-,2362(1),-,-,-,-,-,943(1),1288(1),1557(1),-
AP Govt-NS LOC (SVU),SC-GEN,Andhra Pradesh,"Apollo IMS&R, Chittoor",GENERAL MEDICINE,"₹4,96,800*","₹30,000*",1*,"₹40,00,000*",850,-,-,-,-,-,-,-,1551(1),1553(1),1560(1),-
AP Govt-NS APUR,BCD-GEN,Andhra Pradesh,"Kurnool Med Coll, Kurnool",PSYCHIATRY,"₹48,600*","₹60,823",1*,"₹40,00,000*",1150,-,-,-,-,-,-,-,1555(1),1557(1),1564(1),-
AP Govt-NS LOC (AU),BCB-FEM,Andhra Pradesh,"GSL Med Coll, Rajahmundry",GENERAL SURGERY,"₹4,96,800*","₹30,000*",1*,"₹40,00,000*",1140,1646(1),3616(1),-,-,-,-,-,1562(1),1564(1),1571(1),-
AP Govt-NS AP LOC,BCB-GEN,Andhra Pradesh,"Govt Siddhartha, Vijaywada",ANAESTHESIOLOGY,"₹48,600*","₹60,823",1*,"₹40,00,000*",707,-,-,-,-,-,-,-,895(1),896(1),1572(1),-
AP Govt-NS LOC (SVU),BCD-GEN,Andhra Pradesh,"PES IMS, Kuppam",EMERGENCY MEDICINE,"₹4,96,800*","₹30,000*",1*,"₹40,00,000*",975,-,-,-,-,-,-,-,-,1573(1),1580(1),-
AP Govt-NS LOC (SVU),OPEN-GEN,Andhra Pradesh,"SV Med Coll, Tirupati",PHARMACOLOGY,"₹48,600*","₹60,823",1*,"₹40,00,000*",940,4015(1),4644(1),-,-,-,-,-,1575(1),1577(1),1584(1),-
AP Govt-NS APUR,OPEN-FEM,Andhra Pradesh,"NRI Inst of Med Sci, Vizag",ENT,"₹4,96,800*","₹40,000*",1*,"₹40,00,000*",980,-,-,-,-,-,-,-,1470(1),1387(1),1585(1),-
AP Govt-NS LOC (SVU),OPEN-GEN,Andhra Pradesh,"ACSR Medical College, Nellore",ANAESTHESIOLOGY,"₹48,600*","₹60,823",1*,"₹40,00,000*",355,-,-,-,2996(1),-,-,-,-,-,1586(1),-
AP Govt-NS APUR,SC-GEN,Andhra Pradesh,"Rangaraya Med Coll, Kakinada",GENERAL SURGERY,"₹48,600*","₹60,823",1*,"₹40,00,000*",1450,-,-,-,-,-,-,-,1361(1),1581(1),1588(1),-
AP Govt-NS LOC (SVU),BCA-FEM,Andhra Pradesh,"VMC, Kurnool",OBG,"₹4,96,800*","₹30,000*",1*,"₹40,00,000*",650,-,-,-,-,-,-,-,1589(1),1591(1),1598(1),-
AP Govt-NS LOC (AU),BCD-GEN,Andhra Pradesh,"Rangaraya Med Coll, Kakinada",OPHTHALMOLOGY,"₹48,600*","₹60,823",1*,"₹40,00,000*",1450,1534(2),2671(2),4460(2),-,-,-,-,1338(1),1340(1),1600(1),-
AP Govt-NS LOC (AU),BCA-GEN,Andhra Pradesh,"GSL Med Coll, Rajahmundry",PAEDIATRICS,"₹4,96,800*","₹30,000*",1*,"₹40,00,000*",1140,-,-,-,-,-,-,-,1004(1),1005(1),1602(1),-
AP Govt-NS LOC (AU),SC-FEM,Andhra Pradesh,"Konaseema IMS, Amalapuram",DERMATOLOGY,"₹4,96,800*","₹30,000*",1*,"₹40,00,000*",840,-,-,-,-,-,-,-,1595(1),1597(1),1604(1),-
AP Govt-NS LOC (AU),OPEN-GEN-PHO,Andhra Pradesh,"Rajiv Gandhi IMS, Srikakulam",ENT,"₹48,600*","₹60,823",1*,"₹40,00,000*",532,-,-,-,-,-,-,-,991(1),1015(1),1609(1),-
AP Govt-NS APUR,OPEN-GEN,Andhra Pradesh,"Rajiv Gandhi IMS, Kadapa",RADIATION ONCOLOGY,"₹48,600*","₹60,823",1*,"₹40,00,000*",715,-,-,-,-,-,-,-,854(1),1227(1),1615(1),-
AP Govt-NS LOC (SVU),BCA-GEN,Andhra Pradesh,"Santhiram Med Coll, Nandyal",PAEDIATRICS,"₹4,96,800*","₹30,000*",1*,"₹40,00,000*",930,-,-,-,-,-,-,-,713(1),713(1),1616(1),-
AP Govt-NS LOC (AU),BCA-FEM,Andhra Pradesh,"Andhra Med Coll, Vizag",ORTHOPAEDICS,"₹48,600*","₹60,823",1*,"₹40,00,000*",1030,1832(1),-,-,-,-,-,-,1609(1),1611(1),1618(1),-
AP Govt-NS LOC (AU),BCA-GEN,Andhra Pradesh,"Alluri Sitaram Raju, Eluru",GENERAL SURGERY,"₹4,96,800*","₹30,000*",1*,"₹40,00,000*",1200,1903(1),1912(1),-,-,-,-,-,1610(1),1612(1),1619(1),-
AP Govt-NS APUR,BCB-GEN,Andhra Pradesh,"Rangaraya Med Coll, Kakinada",ANAESTHESIOLOGY,"₹48,600*","₹60,823",1*,"₹40,00,000*",1450,-,-,-,-,-,-,-,1026(1),1147(1),1622(1),-
AP Govt-NS LOC (SVU),BCB-GEN-PHO,Andhra Pradesh,"SV Med Coll, Tirupati",ANAESTHESIOLOGY,"₹48,600*","₹60,823",1*,"₹40,00,000*",940,-,-,-,-,-,-,-,-,-,1626(1),-
AP Govt-NS LOC (AU),BCB-GEN,Andhra Pradesh,"Rajiv Gandhi IMS, Ongole",ORTHOPAEDICS,"₹48,600*","₹60,823",1*,"₹40,00,000*",500,-,-,-,-,-,-,-,1074(1),1075(1),1627(1),-
AP Govt-NS LOC (AU),BCD-FEM,Andhra Pradesh,"Dr PSI Med Coll, Chinoutpalli",TBRD,"₹4,96,800*","₹28,000*",1*,"₹40,00,000*",790,-,-,-,-,-,-,-,1502(1),1504(1),1628(1),-
AP Govt-NS LOC (SVU),BCD-FEM,Andhra Pradesh,"Rajiv Gandhi IMS, Kadapa",GENERAL SURGERY,"₹48,600*","₹60,823",1*,"₹40,00,000*",715,-,-,-,-,-,-,-,894(1),895(1),1629(1),-
AP Govt-NS LOC (AU),OPEN-FEM,Andhra Pradesh,"Guntur Med Coll, Guntur",ORTHOPAEDICS,"₹48,600*","₹60,823",1*,"₹40,00,000*",1170,-,-,-,-,-,-,-,1158(1),1229(2),1631(2),-
AP Govt-NS LOC (AU),OPEN-GEN,Andhra Pradesh,"NRI Inst of Med Sci, Vizag",GENERAL SURGERY,"₹4,96,800*","₹40,000*",1*,"₹40,00,000*",980,1054(1),1657(1),-,-,-,-,-,1035(1),905(1),1635(1),-
AP Govt-NS LOC (AU),BCA-GEN,Andhra Pradesh,"Dr PSI Med Coll, Chinoutpalli",GENERAL SURGERY,"₹4,96,800*","₹28,000*",1*,"₹40,00,000*",790,-,-,-,-,-,-,-,1627(1),1629(1),1636(1),-
AP Govt-NS LOC (AU),BCA-GEN,Andhra Pradesh,"Andhra Med Coll, Vizag",ANAESTHESIOLOGY,"₹48,600*","₹60,823",1*,"₹40,00,000*",1030,1276(1),-,-,-,-,-,-,1127(2),1149(2),1637(2),-
AP Govt-NS LOC (SVU),SC-FEM,Andhra Pradesh,"SV Med Coll, Tirupati",PAEDIATRICS,"₹48,600*","₹60,823",1*,"₹40,00,000*",940,-,-,-,-,-,-,-,1480(1),1482(1),1638(1),-
AP Govt-NS LOC (SVU),OPEN-GEN,Andhra Pradesh,"VMC, Kurnool",OPHTHALMOLOGY,"₹4,96,800*","₹30,000*",1*,"₹40,00,000*",650,-,-,-,-,-,-,-,1080(1),1318(1),1639(1),-
AP Govt-NS APUR,BCB-GEN,Andhra Pradesh,"Govt Med Coll, Ananthapuram",ORTHOPAEDICS,"₹48,600*","₹60,823",1*,"₹40,00,000*",500,-,-,-,-,-,-,-,769(1),883(1),1641(1),-
AP Govt-NS LOC (AU),BCD-FEM,Andhra Pradesh,"GreatEastern MedSch,Srikakulam",TBRD,"₹4,96,800*",Info not available*,1*,"₹40,00,000*",780,2237(1),2247(1),-,-,-,-,-,1349(1),1529(1),1642(1),-
AP Govt-NS LOC (AU),BCA-FEM,Andhra Pradesh,"Andhra Med Coll, Vizag",ENT,"₹48,600*","₹60,823",1*,"₹40,00,000*",1030,1952(1),2363(1),-,-,-,-,-,1634(1),1636(1),1643(1),-
AP Govt-NS LOC (SVU),OPEN-GEN,Andhra Pradesh,"SVIMS, Tirupati",RADIATION ONCOLOGY,"₹2,11,600*","₹80,904*",1*,"₹40,00,000*",1257,1570(1),1577(1),-,-,-,-,-,880(1),902(1),1644(1),-
AP Govt-NS LOC (AU),BCD-GEN,Andhra Pradesh,"Guntur Med Coll, Guntur",ENT,"₹48,600*","₹60,823",1*,"₹40,00,000*",1170,1988(1),3113(1),-,-,-,-,-,1277(1),1375(1),1645(1),-
AP Govt-NS LOC (AU),OPEN-GEN,Andhra Pradesh,"Alluri Sitaram Raju, Eluru",ORTHOPAEDICS,"₹4,96,800*","₹30,000*",1*,"₹40,00,000*",1200,-,-,-,-,-,-,-,1341(1),1239(1),1651(1),-
AP Govt-NS APUR,OPEN-GEN,Andhra Pradesh,"GVP Med Coll, Vizag",ORTHOPAEDICS,"₹4,96,800*","₹30,000*",1*,"₹40,00,000*",750,-,-,-,-,-,-,-,1047(1),1048(1),1652(1),-
AP Govt-NS LOC (AU),OPEN-GEN,Andhra Pradesh,"NRI Med Coll, Guntur",ENT,"₹4,96,800*","₹27,000*",1*,"₹40,00,000*",1050,-,-,-,-,-,-,-,1285(1),1385(1),1654(1),-
AP Govt-NS LOC (AU),BCA-FEM,Andhra Pradesh,"NRI Inst of Med Sci, Vizag",TBRD,"₹4,96,800*","₹40,000*",1*,"₹40,00,000*",980,-,-,-,-,-,-,-,1646(1),1648(1),1655(1),-
AP Govt-NS LOC (AU),BCB-GEN,Andhra Pradesh,"NRI Med Coll, Guntur",GENERAL SURGERY,"₹4,96,800*","₹27,000*",1*,"₹40,00,000*",1050,-,-,-,-,-,-,-,1048(1),1049(1),1657(1),-
AP Govt-NS LOC (AU),BCB-GEN,Andhra Pradesh,"GSL Med Coll, Rajahmundry",GENERAL SURGERY,"₹4,96,800*","₹30,000*",1*,"₹40,00,000*",1140,-,-,-,-,-,-,-,1315(1),1317(1),1659(1),-
AP Govt-NS LOC (AU),OPEN-FEM,Andhra Pradesh,"NRI Med Coll, Guntur",ANAESTHESIOLOGY,"₹4,96,800*","₹27,000*",1*,"₹40,00,000*",1050,1616(1),2376(2),-,-,-,-,-,874(1),1200(1),1660(1),-
AP Govt-NS LOC (AU),ST-GEN,Andhra Pradesh,"Andhra Med Coll, Vizag",ENT,"₹48,600*","₹60,823",1*,"₹40,00,000*",1030,-,-,-,-,-,-,-,1653(1),1655(1),1662(1),-
AP Govt-NS LOC (AU),BCD-FEM,Andhra Pradesh,"Konaseema IMS, Amalapuram",GENERAL SURGERY,"₹4,96,800*","₹30,000*",1*,"₹40,00,000*",840,-,-,-,-,-,-,-,-,-,1664(1),-
AP Govt-NS LOC (SVU),BCD-FEM,Andhra Pradesh,"Santhiram Med Coll, Nandyal",GENERAL SURGERY,"₹4,96,800*","₹30,000*",1*,"₹40,00,000*",930,-,-,-,-,-,-,-,1656(1),1658(1),1665(1),-
AP Govt-NS LOC (SVU),BCD-GEN,Andhra Pradesh,"PES IMS, Kuppam",GENERAL SURGERY,"₹4,96,800*","₹30,000*",1*,"₹40,00,000*",975,-,-,-,-,-,-,-,1620(2),1622(2),1670(2),-
AP Govt-NS APUR,SC-GEN,Andhra Pradesh,"Alluri Sitaram Raju, Eluru",RADIO DIAGNOSIS,"₹4,96,800*","₹30,000*",1*,"₹40,00,000*",1200,-,-,-,-,-,-,-,1664(1),1666(1),1673(1),-
AP Govt-NS LOC (SVU),SC-GEN,Andhra Pradesh,"VMC, Kurnool",GENERAL MEDICINE,"₹4,96,800*","₹30,000*",1*,"₹40,00,000*",650,-,-,-,-,-,-,-,2049(1),1667(1),1674(1),-
AP Govt-NS LOC (AU),BCB-FEM,Andhra Pradesh,"GSL Med Coll, Rajahmundry",OBG,"₹4,96,800*","₹30,000*",1*,"₹40,00,000*",1140,-,-,-,-,-,-,-,1119(1),1027(1),1676(1),-
AP Govt-NS LOC (SVU),SC-GEN,Andhra Pradesh,"Govt Med Coll, Ananthapuram",PAEDIATRICS,"₹48,600*","₹60,823",1*,"₹40,00,000*",500,-,-,-,-,-,-,-,1078(1),1273(1),1678(1),-
AP Govt-NS LOC (AU),BCA-FEM,Andhra Pradesh,"GreatEastern MedSch,Srikakulam",OBG,"₹4,96,800*",Info not available*,1*,"₹40,00,000*",780,-,-,-,-,-,-,-,-,829(1),1681(1),-
AP Govt-NS APUR,SC-GEN,Andhra Pradesh,"Narayana Med Coll, Nellore",PAEDIATRICS,"₹4,96,800*","₹30,000*",1*,"₹40,00,000*",1430,-,-,-,-,-,-,-,1675(1),1677(1),1684(1),-
AP Govt-NS LOC (SVU),BCB-FEM,Andhra Pradesh,"Santhiram Med Coll, Nandyal",OPHTHALMOLOGY,"₹4,96,800*","₹30,000*",1*,"₹40,00,000*",930,-,-,-,-,-,-,-,1467(1),1469(1),1688(1),-
AP Govt-NS LOC (AU),SC-GEN,Andhra Pradesh,"Rangaraya Med Coll, Kakinada",OBG,"₹48,600*","₹60,823",1*,"₹40,00,000*",1450,2080(1),2089(1),-,-,-,-,-,1191(1),1193(1),1691(1),-
AP Govt-NS LOC (AU),BCA-GEN-PHO,Andhra Pradesh,"Rajiv Gandhi IMS, Ongole",OPHTHALMOLOGY,"₹48,600*","₹60,823",1*,"₹40,00,000*",500,-,-,-,-,-,-,-,1451(1),1686(1),1693(1),-
AP Govt-NS LOC (SVU),BCB-GEN,Andhra Pradesh,"SV Med Coll, Tirupati",ORTHOPAEDICS,"₹48,600*","₹60,823",1*,"₹40,00,000*",940,-,-,-,-,-,-,-,971(1),972(1),1698(1),-
AP Govt-NS LOC (AU),SC-GEN,Andhra Pradesh,"Alluri Sitaram Raju, Eluru",GENERAL MEDICINE,"₹4,96,800*","₹30,000*",1*,"₹40,00,000*",1200,-,-,-,-,-,-,-,1692(1),1694(1),1701(1),-
AP Govt-NS APUR,SC-GEN,Andhra Pradesh,"SV Med Coll, Tirupati",OBG,"₹48,600*","₹60,823",1*,"₹40,00,000*",940,-,-,-,-,-,-,-,1520(1),1697(1),1704(1),-
AP Govt-NS LOC (AU),BCD-GEN,Andhra Pradesh,"Homi Bhabha CancerHosp,Vizag",RADIATION ONCOLOGY,"₹1,05,500*","₹1,00,800",1*,"₹25,00,000*",100,-,-,-,-,-,-,-,875(1),875(1),1706(1),-
AP Govt-NS LOC (AU),OPEN-GEN,Andhra Pradesh,"Dr PSI Med Coll, Chinoutpalli",ORTHOPAEDICS,"₹4,96,800*","₹28,000*",1*,"₹40,00,000*",790,1133(1),1725(1),-,-,-,-,-,1465(1),1197(1),1710(1),-
AP Govt-NS LOC (SVU),BCB-GEN,Andhra Pradesh,"Govt Med Coll, Ananthapuram",ORTHOPAEDICS,"₹48,600*","₹60,823",1*,"₹40,00,000*",500,-,-,-,-,-,-,-,1013(1),1014(1),1713(1),-
AP Govt-NS LOC (AU),OPEN-GEN,Andhra Pradesh,"Andhra Med Coll, Vizag",PATHOLOGY,"₹48,600*","₹60,823",1*,"₹40,00,000*",1030,-,-,-,-,-,-,-,1705(2),1707(2),1714(2),-
AP Govt-NS LOC (AU),BCB-GEN,Andhra Pradesh,"Konaseema IMS, Amalapuram",GENERAL SURGERY,"₹4,96,800*","₹30,000*",1*,"₹40,00,000*",840,-,-,-,-,-,-,-,1345(1),1378(1),1726(1),-
AP Govt-NS APUR,BCA-GEN,Andhra Pradesh,"Dr PSI Med Coll, Chinoutpalli",ORTHOPAEDICS,"₹4,96,800*","₹28,000*",1*,"₹40,00,000*",790,-,-,-,-,-,-,-,1357(1),1359(1),1729(1),-
AP Govt-NS LOC (SVU),BCA-GEN,Andhra Pradesh,"Narayana Med Coll, Nellore",GENERAL SURGERY,"₹4,96,800*","₹30,000*",1*,"₹40,00,000*",1430,-,-,-,-,-,-,-,1002(1),1003(1),1730(1),-
AP Govt-NS LOC (AU),OPEN-GEN,Andhra Pradesh,"GSL Med Coll, Rajahmundry",ORTHOPAEDICS,"₹4,96,800*","₹30,000*",1*,"₹40,00,000*",1140,1563(1),2407(1),-,-,-,-,-,1237(1),1488(1),1733(1),-
AP Govt-NS LOC (AU),SC-FEM,Andhra Pradesh,"Guntur Med Coll, Guntur",GENERAL SURGERY,"₹48,600*","₹60,823",1*,"₹40,00,000*",1170,2484(1),2495(1),-,-,-,-,-,1713(1),1734(1),1742(1),-
AP Govt-NS LOC (SVU),BCB-GEN,Andhra Pradesh,"SVIMS, Tirupati",RADIATION ONCOLOGY,"₹2,11,600*","₹80,904*",1*,"₹40,00,000*",1257,1890(1),3067(1),-,-,-,-,-,1510(1),1512(1),1743(1),-
AP Govt-NS APUR,OPEN-GEN,Andhra Pradesh,"Govt Siddhartha, Vijaywada",PSYCHIATRY,"₹48,600*","₹60,823",1*,"₹40,00,000*",707,-,-,-,-,-,-,-,1225(1),1060(1),1744(1),-
AP Govt-NS LOC (AU),OPEN-GEN,Andhra Pradesh,"Konaseema IMS, Amalapuram",ORTHOPAEDICS,"₹4,96,800*","₹30,000*",1*,"₹40,00,000*",840,1369(1),2314(1),-,-,-,-,-,1522(1),1524(1),1748(1),-
AP Govt-NS LOC (AU),OPEN-GEN,Andhra Pradesh,"Maharajah IMS, Vizianagaram",ORTHOPAEDICS,"₹4,96,800*",Info not available*,1*,"₹40,00,000*",850,-,-,-,-,-,-,-,-,1440(1),1753(1),-
AP Govt-NS LOC (SVU),BCD-GEN,Andhra Pradesh,"SV Med Coll, Tirupati",ORTHOPAEDICS,"₹48,600*","₹60,823",1*,"₹40,00,000*",940,-,-,-,-,-,-,-,1281(2),1283(2),1755(2),-
AP Govt-NS LOC (AU),OPEN-GEN,Andhra Pradesh,"Katuri Med Coll, Guntur",ORTHOPAEDICS,"₹4,96,800*",Info not available*,1*,"₹40,00,000*",1100,-,-,-,-,-,-,-,1498(1),1644(1),1756(1),-
AP Govt-NS LOC (AU),BCE-GEN,Andhra Pradesh,"Rajiv Gandhi IMS, Srikakulam",GENERAL SURGERY,"₹48,600*","₹60,823",1*,"₹40,00,000*",532,-,-,-,-,-,-,-,-,-,1757(1),-
AP Govt-NS LOC (SVU),BCD-FEM,Andhra Pradesh,"Govt Med Coll, Ananthapuram",ORTHOPAEDICS,"₹48,600*","₹60,823",1*,"₹40,00,000*",500,-,-,-,-,-,-,-,1748(1),1750(1),1758(1),-
AP Govt-NS APUR,SC-GEN,Andhra Pradesh,"Andhra Med Coll, Vizag",TBRD,"₹48,600*","₹60,823",1*,"₹40,00,000*",1030,-,-,-,-,-,-,-,1365(1),1671(1),1761(1),-
AP Govt-NS LOC (AU),OPEN-GEN,Andhra Pradesh,"Alluri Sitaram Raju, Eluru",OPHTHALMOLOGY,"₹4,96,800*","₹30,000*",1*,"₹40,00,000*",1200,1601(1),2694(1),-,-,-,-,-,-,1382(1),1762(1),-
AP Govt-NS LOC (AU),BCA-GEN-PHO,Andhra Pradesh,"GVP Med Coll, Vizag",ENT,"₹4,96,800*","₹30,000*",1*,"₹40,00,000*",750,-,-,-,-,-,-,-,2306(1),1756(1),1764(1),-
AP Govt-NS LOC (AU),BCB-GEN,Andhra Pradesh,"Rangaraya Med Coll, Kakinada",ANAESTHESIOLOGY,"₹48,600*","₹60,823",1*,"₹40,00,000*",1450,-,-,-,-,-,-,-,1145(1),1247(1),1768(1),-
AP Govt-NS LOC (SVU),BCD-GEN,Andhra Pradesh,"Santhiram Med Coll, Nandyal",GENERAL SURGERY,"₹4,96,800*","₹30,000*",1*,"₹40,00,000*",930,-,-,-,-,-,-,-,-,-,1770(1),-
AP Govt-NS LOC (SVU),BCD-GEN,Andhra Pradesh,"Govt Med Coll, Ananthapuram",ANAESTHESIOLOGY,"₹48,600*","₹60,823",1*,"₹40,00,000*",500,-,-,-,-,-,-,-,1391(1),1393(1),1771(1),-
AP Govt-NS LOC (AU),BCD-FEM,Andhra Pradesh,"Andhra Med Coll, Vizag",PSYCHIATRY,"₹48,600*","₹60,823",1*,"₹40,00,000*",1030,-,-,-,-,-,-,-,1490(1),1492(1),1774(1),-
AP Govt-NS LOC (SVU),BCB-GEN,Andhra Pradesh,"Rajiv Gandhi IMS, Kadapa",ORTHOPAEDICS,"₹48,600*","₹60,823",1*,"₹40,00,000*",715,-,-,-,-,-,-,-,1146(1),1148(1),1775(1),-
AP Govt-NS LOC (SVU),BCE-GEN,Andhra Pradesh,"Rajiv Gandhi IMS, Kadapa",ANAESTHESIOLOGY,"₹48,600*","₹60,823",1*,"₹40,00,000*",715,-,-,-,-,-,-,-,1773(1),1775(1),1783(1),-
AP Govt-NS LOC (AU),OPEN-GEN,Andhra Pradesh,"NRI Med Coll, Guntur",ANAESTHESIOLOGY,"₹4,96,800*","₹27,000*",1*,"₹40,00,000*",1050,1651(1),2634(1),3351(1),-,-,-,-,1267(1),1077(1),1786(1),-
AP Govt-NS LOC (SVU),BCA-FEM,Andhra Pradesh,"Govt Med Coll, Ananthapuram",ANAESTHESIOLOGY,"₹48,600*","₹60,823",1*,"₹40,00,000*",500,-,-,-,-,-,-,-,1779(1),1781(1),1789(1),-
AP Govt-NS LOC (AU),BCE-FEM,Andhra Pradesh,"GVP Med Coll, Vizag",PAEDIATRICS,"₹4,96,800*","₹30,000*",1*,"₹40,00,000*",750,-,-,-,-,-,-,-,1782(1),1784(1),1792(1),-
AP Govt-NS LOC (AU),BCB-FEM,Andhra Pradesh,"Alluri Sitaram Raju, Eluru",TBRD,"₹4,96,800*","₹30,000*",1*,"₹40,00,000*",1200,-,-,-,-,-,-,-,1178(1),1180(1),1794(1),-
AP Govt-NS LOC (AU),ST-FEM-PHO,Andhra Pradesh,"Guntur Med Coll, Guntur",OBG,"₹48,600*","₹60,823",1*,"₹40,00,000*",1170,-,-,-,-,-,-,-,1789(1),1791(1),1799(1),-
AP Govt-NS LOC (AU),BCC-GEN,Andhra Pradesh,"GSL Med Coll, Rajahmundry",PAEDIATRICS,"₹4,96,800*","₹30,000*",1*,"₹40,00,000*",1140,-,-,-,-,-,-,-,1793(1),1795(1),1803(1),-
AP Govt-NS LOC (AU),OPEN-FEM,Andhra Pradesh,"Rajiv Gandhi IMS, Ongole",ORTHOPAEDICS,"₹48,600*","₹60,823",1*,"₹40,00,000*",500,-,-,-,-,-,-,-,1416(1),1418(1),1808(1),-
AP Govt-NS APUR,BCB-GEN,Andhra Pradesh,"NRI Med Coll, Guntur",ORTHOPAEDICS,"₹4,96,800*","₹27,000*",1*,"₹40,00,000*",1050,-,-,-,-,-,-,-,1292(1),1294(1),1809(1),-
AP Govt-NS LOC (AU),SC-GEN,Andhra Pradesh,"Andhra Med Coll, Vizag",OBG,"₹48,600*","₹60,823",1*,"₹40,00,000*",1030,2148(1),2158(1),-,-,-,-,-,1405(1),1522(1),1811(1),-
AP Govt-NS LOC (SVU),BCA-GEN,Andhra Pradesh,"Govt Siddhartha, Vijaywada",ANAESTHESIOLOGY,"₹48,600*","₹60,823",1*,"₹40,00,000*",707,1804(1),2827(1),-,-,-,-,-,1607(1),1609(1),1812(1),-
AP Govt-NS LOC (SVU),BCB-GEN-PHO,Andhra Pradesh,"Narayana Med Coll, Nellore",ORTHOPAEDICS,"₹4,96,800*","₹30,000*",1*,"₹40,00,000*",1430,-,-,-,-,-,-,-,1414(1),1449(1),1815(1),-
AP Govt-NS LOC (AU),BCB-FEM,Andhra Pradesh,"Rajiv Gandhi IMS, Srikakulam",EMERGENCY MEDICINE,"₹48,600*","₹60,823",1*,"₹40,00,000*",532,-,-,-,-,-,-,-,1378(1),1531(1),1816(1),-
AP Govt-NS LOC (SVU),OPEN-GEN,Andhra Pradesh,"Narayana Med Coll, Nellore",ENT,"₹4,96,800*","₹30,000*",1*,"₹40,00,000*",1430,-,-,-,-,-,-,-,1162(1),1237(1),1817(1),-
AP Govt-NS LOC (SVU),BCA-FEM,Andhra Pradesh,"SV Med Coll, Tirupati",ORTHOPAEDICS,"₹48,600*","₹60,823",1*,"₹40,00,000*",940,-,-,-,-,-,-,-,1809(1),1811(1),1819(1),-
AP Govt-NS LOC (AU),SC-FEM,Andhra Pradesh,"Andhra Med Coll, Vizag",GENERAL SURGERY,"₹48,600*","₹60,823",1*,"₹40,00,000*",1030,-,-,-,-,-,-,-,1528(1),1770(1),1821(1),-
AP Govt-NS LOC (AU),BCD-GEN,Andhra Pradesh,"Maharajah IMS, Vizianagaram",GENERAL SURGERY,"₹4,96,800*",Info not available*,1*,"₹40,00,000*",850,-,-,-,-,-,-,-,1501(1),1503(1),1824(1),-
AP Govt-NS LOC (SVU),OPEN-GEN,Andhra Pradesh,"PES IMS, Kuppam",ANAESTHESIOLOGY,"₹4,96,800*","₹30,000*",1*,"₹40,00,000*",975,-,2223(1),-,-,-,-,-,1512(1),1514(1),1826(1),-
AP Govt-NS LOC (AU),OPEN-GEN,Andhra Pradesh,"Dr PSI Med Coll, Chinoutpalli",ENT,"₹4,96,800*","₹28,000*",1*,"₹40,00,000*",790,-,-,-,-,-,-,-,1428(1),1602(1),1832(1),-
AP Govt-NS LOC (AU),BCA-FEM,Andhra Pradesh,"Andhra Med Coll, Vizag",PSYCHIATRY,"₹48,600*","₹60,823",1*,"₹40,00,000*",1030,-,-,-,-,-,-,-,1826(1),1828(1),1836(1),-
AP Govt-NS LOC (AU),MIN-GEN-MSM,Andhra Pradesh,"Nimra Inst of Med Sci, Krishna",GENERAL MEDICINE,"₹4,96,800*",Info not available*,1*,"₹40,00,000*",-,1067(1),2195(1),-,-,-,-,-,-,1833(1),1841(1),-
AP Govt-NS LOC (SVU),BCD-FEM,Andhra Pradesh,"Rajiv Gandhi IMS, Kadapa",ANAESTHESIOLOGY,"₹48,600*","₹60,823",1*,"₹40,00,000*",715,-,-,-,-,-,-,-,1252(1),1173(1),1843(1),-
AP Govt-NS LOC (AU),OPEN-FEM,Andhra Pradesh,"Alluri Sitaram Raju, Eluru",ANAESTHESIOLOGY,"₹4,96,800*","₹30,000*",1*,"₹40,00,000*",1200,-,-,-,-,-,-,-,1319(1),1328(1),1848(1),-
AP Govt-NS LOC (AU),BCE-GEN,Andhra Pradesh,"Rajiv Gandhi IMS, Srikakulam",OBG,"₹48,600*","₹60,823",1*,"₹40,00,000*",532,-,-,-,-,-,-,-,1488(1),1490(1),1850(1),-
AP Govt-NS LOC (AU),BCA-GEN,Andhra Pradesh,"Govt Siddhartha, Vijaywada",ANAESTHESIOLOGY,"₹48,600*","₹60,823",1*,"₹40,00,000*",707,1875(1),2517(1),-,-,-,-,-,1147(1),1552(1),1853(1),-
AP Govt-NS LOC (AU),BCB-FEM,Andhra Pradesh,"Alluri Sitaram Raju, Eluru",GENERAL SURGERY,"₹4,96,800*","₹30,000*",1*,"₹40,00,000*",1200,-,-,-,-,-,-,-,1542(1),1680(1),1855(1),-
AP Govt-NS APUR,BCC-FEM,Andhra Pradesh,"Govt Siddhartha, Vijaywada",ANAESTHESIOLOGY,"₹48,600*","₹60,823",1*,"₹40,00,000*",707,-,-,-,-,-,-,-,1045(1),1046(1),1863(1),-
AP Govt-NS LOC (AU),OPEN-FEM-PHO,Andhra Pradesh,"Alluri Sitaram Raju, Eluru",ANAESTHESIOLOGY,"₹4,96,800*","₹30,000*",1*,"₹40,00,000*",1200,-,-,-,-,-,-,-,1327(1),1329(1),1864(1),-
AP Govt-NS LOC (AU),BCE-FEM,Andhra Pradesh,"Guntur Med Coll, Guntur",GENERAL SURGERY,"₹48,600*","₹60,823",1*,"₹40,00,000*",1170,-,-,-,-,-,-,-,1860(1),1862(1),1871(1),-
AP Govt-NS LOC (AU),OPEN-GEN,Andhra Pradesh,"GreatEastern MedSch,Srikakulam",ANAESTHESIOLOGY,"₹4,96,800*",Info not available*,1*,"₹40,00,000*",780,1743(1),2847(1),-,-,-,-,-,1407(1),1409(1),1872(1),-
AP Govt-NS LOC (AU),BCD-FEM,Andhra Pradesh,"Rajiv Gandhi IMS, Ongole",ENT,"₹48,600*","₹60,823",1*,"₹40,00,000*",500,-,-,-,-,-,-,-,1373(1),1395(1),1877(1),-
AP Govt-NS LOC (AU),BCD-GEN,Andhra Pradesh,"GVP Med Coll, Vizag",OPHTHALMOLOGY,"₹4,96,800*","₹30,000*",1*,"₹40,00,000*",750,-,-,-,-,-,-,-,1869(1),1871(1),1880(1),-
AP Govt-NS LOC (AU),OPEN-FEM,Andhra Pradesh,"Alluri Sitaram Raju, Eluru",ORTHOPAEDICS,"₹4,96,800*","₹30,000*",1*,"₹40,00,000*",1200,2730(1),2780(1),-,-,-,-,-,1557(1),1420(1),1883(1),-
AP Govt-NS LOC (AU),BCB-GEN,Andhra Pradesh,"Andhra Med Coll, Vizag",ENT,"₹48,600*","₹60,823",1*,"₹40,00,000*",1030,-,-,-,-,-,-,-,-,-,1886(1),-
AP Govt-NS LOC (AU),SC-GEN,Andhra Pradesh,"NRI Med Coll, Guntur",RADIO DIAGNOSIS,"₹4,96,800*","₹27,000*",1*,"₹40,00,000*",1050,1423(1),1428(1),-,-,-,-,-,732(1),1011(1),1890(1),-
AP Govt-NS LOC (SVU),BCD-GEN,Andhra Pradesh,"Narayana Med Coll, Nellore",ANAESTHESIOLOGY,"₹4,96,800*","₹30,000*",1*,"₹40,00,000*",1430,-,-,-,-,-,-,-,1833(1),1835(1),1891(1),-
AP Govt-NS LOC (SVU),BCA-FEM,Andhra Pradesh,"Rajiv Gandhi IMS, Kadapa",ANAESTHESIOLOGY,"₹48,600*","₹60,823",1*,"₹40,00,000*",715,-,-,-,-,-,-,-,1635(1),1883(1),1892(1),-
AP Govt-NS LOC (AU),SC-GEN,Andhra Pradesh,"Rajiv Gandhi IMS, Srikakulam",OBG,"₹48,600*","₹60,823",1*,"₹40,00,000*",532,-,-,-,-,-,-,-,-,1684(1),1894(1),-
AP Govt-NS LOC (AU),BCE-GEN-PHO,Andhra Pradesh,"Andhra Med Coll, Vizag",ANAESTHESIOLOGY,"₹48,600*","₹60,823",1*,"₹40,00,000*",1030,-,-,-,-,-,-,-,-,1891(1),1900(1),-
AP Govt-NS LOC (AU),BCE-GEN,Andhra Pradesh,"Guntur Med Coll, Guntur",ENT,"₹48,600*","₹60,823",1*,"₹40,00,000*",1170,-,-,-,-,-,-,-,1356(1),1894(1),1903(1),-
AP Govt-NS LOC (AU),BCA-GEN,Andhra Pradesh,"GSL Med Coll, Rajahmundry",GENERAL SURGERY,"₹4,96,800*","₹30,000*",1*,"₹40,00,000*",1140,-,-,-,-,-,-,-,-,-,1907(1),-
AP Govt-NS LOC (AU),SC-FEM,Andhra Pradesh,"Rajiv Gandhi IMS, Ongole",OBG,"₹48,600*","₹60,823",1*,"₹40,00,000*",500,-,-,-,-,-,-,-,1509(1),1715(1),1909(1),-
AP Govt-NS LOC (AU),ST-GEN,Andhra Pradesh,"Rangaraya Med Coll, Kakinada",GENERAL MEDICINE,"₹48,600*","₹60,823",1*,"₹40,00,000*",1450,-,-,-,-,-,-,-,1362(1),1902(1),1911(1),-
AP Govt-NS APUR,BCA-GEN,Andhra Pradesh,"Andhra Med Coll, Vizag",PATHOLOGY,"₹48,600*","₹60,823",1*,"₹40,00,000*",1030,-,-,-,-,-,-,-,-,-,1916(1),-
AP Govt-NS APUR,OPEN-FEM,Andhra Pradesh,"Dr PSI Med Coll, Chinoutpalli",ANAESTHESIOLOGY,"₹4,96,800*","₹28,000*",1*,"₹40,00,000*",790,-,-,-,-,-,-,-,1312(1),1315(1),1917(1),-
AP Govt-NS LOC (SVU),OPEN-FEM,Andhra Pradesh,"PES IMS, Kuppam",ANAESTHESIOLOGY,"₹4,96,800*","₹30,000*",1*,"₹40,00,000*",975,-,-,-,-,-,-,-,1411(1),1413(1),1918(1),280(1)
AP Govt-NS LOC (SVU),BCB-FEM,Andhra Pradesh,"Rajiv Gandhi IMS, Kadapa",ANAESTHESIOLOGY,"₹48,600*","₹60,823",1*,"₹40,00,000*",715,-,-,-,-,-,-,-,1765(2),1767(2),1923(2),-
AP Govt-NS APUR,MIN-GEN-MSM,Andhra Pradesh,"Nimra Inst of Med Sci, Krishna",GENERAL SURGERY,"₹4,96,800*",Info not available*,1*,"₹40,00,000*",-,-,2709(1),-,-,-,-,-,1347(1),1915(1),1924(1),-
AP Govt-NS LOC (SVU),BCD-FEM,Andhra Pradesh,"PES IMS, Kuppam",ORTHOPAEDICS,"₹4,96,800*","₹30,000*",1*,"₹40,00,000*",975,-,-,-,-,-,-,-,1914(1),1916(1),1925(1),-
AP Govt-NS APUR,OPEN-GEN,Andhra Pradesh,"Santhiram Med Coll, Nandyal",ANAESTHESIOLOGY,"₹4,96,800*","₹30,000*",1*,"₹40,00,000*",930,-,-,-,-,-,-,-,960(1),1274(1),1928(1),-
AP Govt-NS LOC (AU),OPEN-GEN,Andhra Pradesh,"Rangaraya Med Coll, Kakinada",PATHOLOGY,"₹48,600*","₹60,823",1*,"₹40,00,000*",1450,-,-,-,-,-,-,-,1918(1),1920(1),1929(1),-
AP Govt-NS LOC (AU),BCE-GEN,Andhra Pradesh,"Alluri Sitaram Raju, Eluru",DERMATOLOGY,"₹4,96,800*","₹30,000*",1*,"₹40,00,000*",1200,-,-,-,-,-,-,-,1747(1),1749(1),1932(1),-
AP Govt-NS LOC (SVU),OPEN-FEM,Andhra Pradesh,"Santhiram Med Coll, Nandyal",ANAESTHESIOLOGY,"₹4,96,800*","₹30,000*",1*,"₹40,00,000*",930,1731(1),2573(1),-,-,-,-,-,1548(1),1403(1),1936(1),288(1)
AP Govt-NS LOC (SVU),BCA-GEN,Andhra Pradesh,"SV Med Coll, Tirupati",ENT,"₹48,600*","₹60,823",1*,"₹40,00,000*",940,-,-,-,-,-,-,-,915(1),916(1),1942(1),-
AP Govt-NS LOC (AU),BCB-GEN-PHO,Andhra Pradesh,"Rangaraya Med Coll, Kakinada",ANAESTHESIOLOGY,"₹48,600*","₹60,823",1*,"₹40,00,000*",1450,-,-,-,-,-,-,-,-,-,1952(1),-
AP Govt-NS LOC (AU),SC-GEN,Andhra Pradesh,"Dr PSI Med Coll, Chinoutpalli",RADIO DIAGNOSIS,"₹4,96,800*","₹28,000*",1*,"₹40,00,000*",790,-,-,-,-,-,-,-,1010(1),1944(1),1953(1),-
AP Govt-NS APUR,SC-GEN,Andhra Pradesh,"SV Med Coll, Tirupati",GENERAL SURGERY,"₹48,600*","₹60,823",1*,"₹40,00,000*",940,-,-,-,-,-,-,-,1244(1),1682(1),1955(1),-
AP Govt-NS LOC (SVU),SC-FEM,Andhra Pradesh,"SV Med Coll, Tirupati",OBG,"₹48,600*","₹60,823",1*,"₹40,00,000*",940,-,-,-,-,-,-,-,1566(1),1568(1),1957(1),-
AP Govt-NS LOC (SVU),BCB-FEM,Andhra Pradesh,"Narayana Med Coll, Nellore",ENT,"₹4,96,800*","₹30,000*",1*,"₹40,00,000*",1430,-,-,-,-,-,-,-,1733(1),1735(1),1962(1),-
AP Govt-NS LOC (AU),BCB-FEM,Andhra Pradesh,"Rangaraya Med Coll, Kakinada",ANAESTHESIOLOGY,"₹48,600*","₹60,823",1*,"₹40,00,000*",1450,-,-,-,-,-,-,-,-,-,1965(1),-
AP Govt-NS LOC (SVU),OPEN-GEN,Andhra Pradesh,"Govt Med Coll, Ananthapuram",PSYCHIATRY,"₹48,600*","₹60,823",1*,"₹40,00,000*",500,-,-,-,-,-,-,-,1323(1),1120(1),1968(1),-
AP Govt-NS LOC (SVU),BCD-GEN,Andhra Pradesh,"Apollo IMS&R, Chittoor",OPHTHALMOLOGY,"₹4,96,800*","₹30,000*",1*,"₹40,00,000*",850,-,-,-,-,-,-,-,1957(1),1959(1),1969(1),-
AP Govt-NS LOC (AU),OPEN-FEM,Andhra Pradesh,"Dr PSI Med Coll, Chinoutpalli",OPHTHALMOLOGY,"₹4,96,800*","₹28,000*",1*,"₹40,00,000*",790,1704(1),2867(1),-,-,-,-,-,-,1430(1),1972(1),-
AP Govt-NS LOC (AU),OPEN-GEN,Andhra Pradesh,"Dr PSI Med Coll, Chinoutpalli",PSYCHIATRY,"₹4,96,800*","₹28,000*",1*,"₹40,00,000*",790,-,-,-,-,-,-,-,1791(1),1736(1),1976(1),-
AP Govt-NS LOC (AU),OPEN-FEM,Andhra Pradesh,"Konaseema IMS, Amalapuram",ANAESTHESIOLOGY,"₹4,96,800*","₹30,000*",1*,"₹40,00,000*",840,-,-,-,-,-,-,-,1424(1),1422(1),1980(1),-
AP Govt-NS LOC (AU),BCA-FEM,Andhra Pradesh,"Katuri Med Coll, Guntur",GENERAL SURGERY,"₹4,96,800*",Info not available*,1*,"₹40,00,000*",1100,-,-,-,-,-,-,-,1970(1),1972(1),1982(1),-
AP Govt-NS APUR,OPEN-GEN,Andhra Pradesh,"GSL Med Coll, Rajahmundry",RADIATION ONCOLOGY,"₹4,96,800*","₹30,000*",1*,"₹40,00,000*",1140,-,-,-,-,-,-,-,1270(1),1721(1),1985(1),-
AP Govt-NS LOC (SVU),BCD-GEN,Andhra Pradesh,"Narayana Med Coll, Nellore",EMERGENCY MEDICINE,"₹4,96,800*","₹30,000*",1*,"₹40,00,000*",1430,-,-,-,-,-,-,-,1571(1),1976(1),1986(1),-
AP Govt-NS LOC (AU),BCA-GEN,Andhra Pradesh,"GreatEastern MedSch,Srikakulam",GENERAL SURGERY,"₹4,96,800*",Info not available*,1*,"₹40,00,000*",780,-,-,-,-,-,-,-,1593(1),1595(1),1988(1),-
AP Govt-NS APUR,OPEN-GEN,Andhra Pradesh,"PES IMS, Kuppam",ENT,"₹4,96,800*","₹30,000*",1*,"₹40,00,000*",975,-,-,-,-,-,-,-,995(1),1241(1),1991(1),-
AP Govt-NS LOC (SVU),OPEN-GEN,Andhra Pradesh,"VMC, Kurnool",ANAESTHESIOLOGY,"₹4,96,800*","₹30,000*",1*,"₹40,00,000*",650,-,-,-,-,-,-,-,1577(1),1579(1),1992(1),298(1)
AP Govt-NS LOC (AU),MIN-GEN-MSM,Andhra Pradesh,"Nimra Inst of Med Sci, Krishna",OBG,"₹4,96,800*",Info not available*,1*,"₹40,00,000*",-,-,2251(1),-,-,-,-,-,1812(1),1984(2),1994(2),-
AP Govt-NS LOC (AU),OPEN-GEN,Andhra Pradesh,"Katuri Med Coll, Guntur",ENT,"₹4,96,800*",Info not available*,1*,"₹40,00,000*",1100,-,-,-,-,-,-,-,1636(1),1647(1),1995(1),-
AP Govt-NS LOC (AU),SC-GEN,Andhra Pradesh,"Guntur Med Coll, Guntur",GENERAL SURGERY,"₹48,600*","₹60,823",1*,"₹40,00,000*",1170,1931(1),1940(1),-,-,-,-,-,1538(1),1540(1),1996(1),-
AP Govt-NS LOC (AU),SC-GEN,Andhra Pradesh,"Dr PSI Med Coll, Chinoutpalli",GENERAL MEDICINE,"₹4,96,800*","₹28,000*",1*,"₹40,00,000*",790,2061(2),2070(2),-,-,-,-,-,1205(1),1989(1),1999(1),-
AP Govt-NS APUR,OPEN-FEM,Andhra Pradesh,"GSL Med Coll, Rajahmundry",ORTHOPAEDICS,"₹4,96,800*","₹30,000*",1*,"₹40,00,000*",1140,-,-,-,-,-,-,-,1219(1),1628(1),2000(1),-
AP Govt-NS APUR,SC-GEN,Andhra Pradesh,"GreatEastern MedSch,Srikakulam",GENERAL MEDICINE,"₹4,96,800*",Info not available*,1*,"₹40,00,000*",780,-,-,-,-,-,-,-,1587(1),1992(1),2002(1),-
AP Govt-NS LOC (SVU),BCE-GEN,Andhra Pradesh,"SV Med Coll, Tirupati",ANAESTHESIOLOGY,"₹48,600*","₹60,823",1*,"₹40,00,000*",940,-,-,-,-,-,-,-,1165(1),1346(1),2008(1),-
AP Govt-NS LOC (AU),BCB-FEM,Andhra Pradesh,"Konaseema IMS, Amalapuram",GENERAL SURGERY,"₹4,96,800*","₹30,000*",1*,"₹40,00,000*",840,-,-,-,-,-,-,-,2000(1),2002(1),2012(1),-
AP Govt-NS LOC (SVU),ST-GEN,Andhra Pradesh,"Kurnool Med Coll, Kurnool",DERMATOLOGY,"₹48,600*","₹60,823",1*,"₹40,00,000*",1150,-,-,-,-,-,-,-,2002(1),2004(1),2014(1),-
AP Govt-NS LOC (SVU),SC-FEM,Andhra Pradesh,"Kurnool Med Coll, Kurnool",OBG,"₹48,600*","₹60,823",1*,"₹40,00,000*",1150,-,-,-,-,-,-,-,1629(1),1631(1),2015(1),-
AP Govt-NS APUR,BCB-GEN,Andhra Pradesh,"Narayana Med Coll, Nellore",ANAESTHESIOLOGY,"₹4,96,800*","₹30,000*",1*,"₹40,00,000*",1430,-,-,-,-,-,-,-,1499(1),1416(1),2017(1),-
AP Govt-NS LOC (AU),OPEN-GEN,Andhra Pradesh,"Katuri Med Coll, Guntur",ANAESTHESIOLOGY,"₹4,96,800*",Info not available*,1*,"₹40,00,000*",1100,2029(1),2677(1),3320(1),-,-,-,-,1486(1),1537(1),2022(1),-
AP Govt-NS LOC (AU),BCE-GEN,Andhra Pradesh,"GSL Med Coll, Rajahmundry",GENERAL SURGERY,"₹4,96,800*","₹30,000*",1*,"₹40,00,000*",1140,2050(1),2059(1),-,-,-,-,-,1831(1),2014(1),2024(1),-
AP Govt-NS LOC (SVU),BCD-GEN,Andhra Pradesh,"Apollo IMS&R, Chittoor",ANAESTHESIOLOGY,"₹4,96,800*","₹30,000*",1*,"₹40,00,000*",850,-,-,-,-,-,-,-,1880(1),1882(1),2026(1),-
AP Govt-NS LOC (SVU),BCD-GEN,Andhra Pradesh,"Narayana Med Coll, Nellore",ORTHOPAEDICS,"₹4,96,800*","₹30,000*",1*,"₹40,00,000*",1430,1484(1),2330(1),-,-,-,-,-,1661(1),1663(1),2027(1),-
AP Govt-NS APUR,OPEN-GEN,Andhra Pradesh,"NRI Inst of Med Sci, Vizag",ANAESTHESIOLOGY,"₹4,96,800*","₹40,000*",1*,"₹40,00,000*",980,-,-,-,-,-,-,-,-,-,2030(1),-
AP Govt-NS LOC (AU),BCA-FEM,Andhra Pradesh,"NRI Med Coll, Guntur",ANAESTHESIOLOGY,"₹4,96,800*","₹27,000*",1*,"₹40,00,000*",1050,-,-,-,-,-,-,-,2019(1),2021(1),2031(1),-
AP Govt-NS LOC (AU),SC-FEM,Andhra Pradesh,"GreatEastern MedSch,Srikakulam",RADIO DIAGNOSIS,"₹4,96,800*",Info not available*,1*,"₹40,00,000*",780,-,-,-,-,-,-,-,2025(1),2027(1),2037(1),-
AP Govt-NS LOC (AU),BCC-FEM,Andhra Pradesh,"Rajiv Gandhi IMS, Ongole",GENERAL SURGERY,"₹48,600*","₹60,823",1*,"₹40,00,000*",500,-,-,-,-,-,-,-,2026(1),2028(1),2038(1),-
AP Govt-NS LOC (AU),BCD-FEM,Andhra Pradesh,"GreatEastern MedSch,Srikakulam",ENT,"₹4,96,800*",Info not available*,1*,"₹40,00,000*",780,-,-,-,-,-,-,-,1866(1),2029(1),2039(1),-
AP Govt-NS LOC (AU),SC-GEN,Andhra Pradesh,"Rajiv Gandhi IMS, Ongole",GENERAL SURGERY,"₹48,600*","₹60,823",1*,"₹40,00,000*",500,2290(1),2623(1),-,-,-,-,-,1579(1),1787(1),2042(1),-
AP Govt-NS LOC (AU),BCD-FEM,Andhra Pradesh,"NRI Inst of Med Sci, Vizag",OPHTHALMOLOGY,"₹4,96,800*","₹40,000*",1*,"₹40,00,000*",980,-,-,-,-,-,-,-,-,1717(1),2043(1),-
AP Govt-NS LOC (SVU),BCE-GEN,Andhra Pradesh,"Rajiv Gandhi IMS, Kadapa",ENT,"₹48,600*","₹60,823",1*,"₹40,00,000*",715,-,-,-,-,-,-,-,1101(1),1102(1),2046(1),-
AP Govt-NS LOC (AU),BCD-GEN,Andhra Pradesh,"Andhra Med Coll, Vizag",PSYCHIATRY,"₹48,600*","₹60,823",1*,"₹40,00,000*",1030,2295(1),-,-,-,-,-,-,2036(1),2038(1),2048(1),-
AP Govt-NS LOC (SVU),BCE-FEM,Andhra Pradesh,"ACSR Medical College, Nellore",OPHTHALMOLOGY,"₹48,600*","₹60,823",1*,"₹40,00,000*",355,-,-,-,-,-,-,-,1194(1),2041(1),2051(1),-
AP Govt-NS LOC (AU),OPEN-GEN,Andhra Pradesh,"Alluri Sitaram Raju, Eluru",ANAESTHESIOLOGY,"₹4,96,800*","₹30,000*",1*,"₹40,00,000*",1200,-,2643(1),-,-,-,-,-,-,1343(1),2055(1),-
AP Govt-NS LOC (SVU),BCD-GEN,Andhra Pradesh,"Santhiram Med Coll, Nandyal",ANAESTHESIOLOGY,"₹4,96,800*","₹30,000*",1*,"₹40,00,000*",930,-,-,-,-,-,-,-,2152(1),2016(1),2057(1),-
AP Govt-NS LOC (AU),BCD-GEN,Andhra Pradesh,"NRI Inst of Med Sci, Vizag",ORTHOPAEDICS,"₹4,96,800*","₹40,000*",1*,"₹40,00,000*",980,-,-,-,-,-,-,-,2046(1),2048(1),2058(1),-
AP Govt-NS LOC (SVU),BCD-GEN,Andhra Pradesh,"Kurnool Med Coll, Kurnool",PSYCHIATRY,"₹48,600*","₹60,823",1*,"₹40,00,000*",1150,-,-,-,-,-,-,-,2048(1),2050(1),2060(1),-
AP Govt-NS APUR,SC-GEN,Andhra Pradesh,"SVIMS, Tirupati",ANAESTHESIOLOGY,"₹2,11,600*","₹80,904*",1*,"₹40,00,000*",1257,-,-,-,-,-,-,-,2137(1),2051(1),2061(1),-
AP Govt-NS LOC (SVU),ST-GEN,Andhra Pradesh,"Govt Med Coll, Ananthapuram",GENERAL MEDICINE,"₹48,600*","₹60,823",1*,"₹40,00,000*",500,-,-,-,-,-,-,-,2050(1),2052(1),2062(1),-
AP Govt-NS AP LOC,SC-FEM,Andhra Pradesh,"Govt Siddhartha, Vijaywada",GENERAL SURGERY,"₹48,600*","₹60,823",1*,"₹40,00,000*",707,-,-,-,-,-,-,-,1732(1),1900(1),2067(1),-
AP Govt-NS LOC (AU),BCB-GEN,Andhra Pradesh,"Govt Siddhartha, Vijaywada",ANAESTHESIOLOGY,"₹48,600*","₹60,823",1*,"₹40,00,000*",707,-,-,-,-,-,-,-,1282(1),1284(1),2070(1),-
AP Govt-NS LOC (SVU),BCE-GEN,Andhra Pradesh,"VMC, Kurnool",ORTHOPAEDICS,"₹4,96,800*","₹30,000*",1*,"₹40,00,000*",650,-,-,-,-,-,-,-,1343(1),1345(1),2073(1),-
AP Govt-NS LOC (AU),BCB-GEN,Andhra Pradesh,"Rangaraya Med Coll, Kakinada",ENT,"₹48,600*","₹60,823",1*,"₹40,00,000*",1450,-,-,-,-,-,-,-,972(1),1312(1),2078(1),-
AP Govt-NS APUR,BCD-GEN,Andhra Pradesh,"Katuri Med Coll, Guntur",ANAESTHESIOLOGY,"₹4,96,800*",Info not available*,1*,"₹40,00,000*",1100,-,-,-,-,-,-,-,2045(1),2047(1),2079(1),-
AP Govt-NS LOC (AU),OPEN-GEN,Andhra Pradesh,"GSL Med Coll, Rajahmundry",ANAESTHESIOLOGY,"₹4,96,800*","₹30,000*",1*,"₹40,00,000*",1140,-,-,-,-,-,-,-,1420(1),1401(1),2084(1),-
AP Govt-NS LOC (AU),SC-FEM,Andhra Pradesh,"Andhra Med Coll, Vizag",ANAESTHESIOLOGY,"₹48,600*","₹60,823",1*,"₹40,00,000*",1030,-,-,-,-,-,-,-,2073(1),2075(1),2085(1),-
AP Govt-NS LOC (AU),BCD-GEN,Andhra Pradesh,"Konaseema IMS, Amalapuram",ANAESTHESIOLOGY,"₹4,96,800*","₹30,000*",1*,"₹40,00,000*",840,-,-,-,-,-,-,-,2043(1),2045(1),2086(1),-
AP Govt-NS LOC (AU),BCB-GEN,Andhra Pradesh,"Katuri Med Coll, Guntur",GENERAL SURGERY,"₹4,96,800*",Info not available*,1*,"₹40,00,000*",1100,-,-,-,-,-,-,-,1648(2),1652(2),2093(2),-
AP Govt-NS LOC (AU),OPEN-GEN,Andhra Pradesh,"GSL Med Coll, Rajahmundry",OPHTHALMOLOGY,"₹4,96,800*","₹30,000*",1*,"₹40,00,000*",1140,1572(1),2893(1),-,-,-,-,-,1005(1),1287(1),2094(1),-
AP Govt-NS LOC (AU),SC-GEN,Andhra Pradesh,"Guntur Med Coll, Guntur",ANAESTHESIOLOGY,"₹48,600*","₹60,823",1*,"₹40,00,000*",1170,2518(1),2949(1),-,-,-,-,-,1942(1),2087(1),2097(1),-
AP Govt-NS LOC (AU),BCB-GEN,Andhra Pradesh,"NRI Med Coll, Guntur",ORTHOPAEDICS,"₹4,96,800*","₹27,000*",1*,"₹40,00,000*",1050,-,-,-,-,-,-,-,-,-,2099(1),-
AP Govt-NS LOC (AU),OPEN-GEN,Andhra Pradesh,"Maharajah IMS, Vizianagaram",ANAESTHESIOLOGY,"₹4,96,800*",Info not available*,1*,"₹40,00,000*",850,-,-,-,-,-,-,-,1535(1),-,2100(1),291(1)
AP Govt-NS LOC (AU),BCE-FEM,Andhra Pradesh,"Rangaraya Med Coll, Kakinada",ORTHOPAEDICS,"₹48,600*","₹60,823",1*,"₹40,00,000*",1450,-,-,-,-,-,-,-,2090(1),2092(1),2102(1),-
AP Govt-NS LOC (SVU),MIN-GEN-MSM,Andhra Pradesh,"Fathima IMS,Kadapa",RADIO DIAGNOSIS,"₹4,96,800*","₹25,000*",1*,"₹40,00,000*",750,1864(1),2390(1),-,-,-,-,-,-,2096(1),2106(1),-
AP Govt-NS LOC (SVU),SC-FEM,Andhra Pradesh,"Narayana Med Coll, Nellore",DERMATOLOGY,"₹4,96,800*","₹30,000*",1*,"₹40,00,000*",1430,-,-,-,-,-,-,-,2102(1),2104(1),2114(1),-
AP Govt-NS LOC (SVU),BCB-GEN,Andhra Pradesh,"Kurnool Med Coll, Kurnool",RADIATION ONCOLOGY,"₹48,600*","₹60,823",1*,"₹40,00,000*",1150,-,-,-,-,-,-,-,-,-,2116(1),-
AP Govt-NS LOC (SVU),ST-FEM,Andhra Pradesh,"Kurnool Med Coll, Kurnool",OBG,"₹48,600*","₹60,823",1*,"₹40,00,000*",1150,-,-,-,-,-,-,-,2107(1),2109(1),2119(1),-
AP Govt-NS LOC (SVU),SC-GEN,Andhra Pradesh,"Rajiv Gandhi IMS, Kadapa",OBG,"₹48,600*","₹60,823",1*,"₹40,00,000*",715,-,-,-,-,-,-,-,1695(1),1948(1),2120(1),-
AP Govt-NS LOC (SVU),OPEN-FEM,Andhra Pradesh,"Narayana Med Coll, Nellore",ORTHOPAEDICS,"₹4,96,800*","₹30,000*",1*,"₹40,00,000*",1430,1958(1),3001(1),-,-,-,-,-,-,1176(1),2122(2),-
AP Govt-NS LOC (SVU),MIN-GEN-MSM,Andhra Pradesh,"Fathima IMS,Kadapa",GENERAL MEDICINE,"₹4,96,800*","₹25,000*",1*,"₹40,00,000*",750,2098(2),2767(2),-,-,-,-,-,1367(1),2123(2),2134(2),-
AP Govt-NS LOC (SVU),ST-FEM,Andhra Pradesh,"Govt Med Coll, Ananthapuram",OBG,"₹48,600*","₹60,823",1*,"₹40,00,000*",500,-,-,-,-,-,-,-,2126(1),2128(1),2139(1),-
AP Govt-NS LOC (SVU),BCA-FEM,Andhra Pradesh,"SV Med Coll, Tirupati",PSYCHIATRY,"₹48,600*","₹60,823",1*,"₹40,00,000*",940,-,-,-,-,-,-,-,-,2134(1),2145(1),-
AP Govt-NS LOC (AU),OPEN-GEN,Andhra Pradesh,"Maharajah IMS, Vizianagaram",OPHTHALMOLOGY,"₹4,96,800*",Info not available*,1*,"₹40,00,000*",850,-,-,-,-,-,-,-,1402(1),1457(1),2149(1),-
AP Govt-NS LOC (AU),SC-GEN,Andhra Pradesh,"Maharajah IMS, Vizianagaram",RADIO DIAGNOSIS,"₹4,96,800*",Info not available*,1*,"₹40,00,000*",850,-,-,-,-,-,-,-,1879(1),1881(1),2150(1),-
AP Govt-NS LOC (SVU),OPEN-FEM,Andhra Pradesh,"Narayana Med Coll, Nellore",PSYCHIATRY,"₹4,96,800*","₹30,000*",1*,"₹40,00,000*",1430,-,-,-,-,-,-,-,1649(1),1886(1),2152(1),-
AP Govt-NS LOC (SVU),BCD-GEN,Andhra Pradesh,"VMC, Kurnool",ENT,"₹4,96,800*","₹30,000*",1*,"₹40,00,000*",650,-,-,-,-,-,-,-,2143(1),2145(1),2156(1),-
AP Govt-NS LOC (AU),SC-FEM,Andhra Pradesh,"Alluri Sitaram Raju, Eluru",PAEDIATRICS,"₹4,96,800*","₹30,000*",1*,"₹40,00,000*",1200,-,-,-,-,-,-,-,2144(1),2146(1),2157(1),-
AP Govt-NS LOC (SVU),SC-GEN,Andhra Pradesh,"ACSR Medical College, Nellore",OBG,"₹48,600*","₹60,823",1*,"₹40,00,000*",355,-,-,-,-,-,-,-,1946(1),2005(1),2159(1),-
AP Govt-NS LOC (AU),OPEN-FEM,Andhra Pradesh,"Maharajah IMS, Vizianagaram",ORTHOPAEDICS,"₹4,96,800*",Info not available*,1*,"₹40,00,000*",850,-,-,-,-,-,-,-,1688(1),1874(1),2163(1),-
AP Govt-NS LOC (AU),SC-GEN,Andhra Pradesh,"NRI Inst of Med Sci, Vizag",GENERAL MEDICINE,"₹4,96,800*","₹40,000*",1*,"₹40,00,000*",980,-,-,-,-,-,-,-,2155(1),2157(1),2168(1),-
AP Govt-NS LOC (AU),BCB-GEN,Andhra Pradesh,"Rajiv Gandhi IMS, Ongole",ANAESTHESIOLOGY,"₹48,600*","₹60,823",1*,"₹40,00,000*",500,-,-,-,-,-,-,-,1556(1),1558(1),2169(1),-
AP Govt-NS LOC (SVU),BCA-GEN,Andhra Pradesh,"Narayana Med Coll, Nellore",ORTHOPAEDICS,"₹4,96,800*","₹30,000*",1*,"₹40,00,000*",1430,-,-,-,-,-,-,-,2161(1),2163(1),2174(1),-
AP Govt-NS LOC (AU),BCD-GEN,Andhra Pradesh,"Dr PSI Med Coll, Chinoutpalli",ANAESTHESIOLOGY,"₹4,96,800*","₹28,000*",1*,"₹40,00,000*",790,-,-,-,-,-,-,-,1651(1),1653(1),2176(1),-
AP Govt-NS APUR,BCB-GEN,Andhra Pradesh,"GSL Med Coll, Rajahmundry",ENT,"₹4,96,800*","₹30,000*",1*,"₹40,00,000*",1140,-,-,-,-,-,-,-,1784(1),1786(1),2179(1),-
AP Govt-NS LOC (SVU),ST-FEM,Andhra Pradesh,"Kurnool Med Coll, Kurnool",RADIO DIAGNOSIS,"₹48,600*","₹60,823",1*,"₹40,00,000*",1150,-,-,-,-,-,-,-,2169(1),2171(1),2182(1),-
AP Govt-NS LOC (AU),BCA-GEN,Andhra Pradesh,"Maharajah IMS, Vizianagaram",ANAESTHESIOLOGY,"₹4,96,800*",Info not available*,1*,"₹40,00,000*",850,-,-,-,-,-,-,-,2173(1),2175(1),2186(1),-
AP Govt-NS LOC (AU),BCB-FEM,Andhra Pradesh,"Rangaraya Med Coll, Kakinada",OPHTHALMOLOGY,"₹48,600*","₹60,823",1*,"₹40,00,000*",1450,-,-,-,-,-,-,-,1247(1),1380(1),2189(2),-
AP Govt-NS LOC (AU),BCB-GEN,Andhra Pradesh,"GSL Med Coll, Rajahmundry",ORTHOPAEDICS,"₹4,96,800*","₹30,000*",1*,"₹40,00,000*",1140,2438(2),3590(2),5006(1),-,-,-,-,1632(1),1634(1),2193(1),-
AP Govt-NS LOC (AU),BCD-GEN,Andhra Pradesh,"GVP Med Coll, Vizag",ANAESTHESIOLOGY,"₹4,96,800*","₹30,000*",1*,"₹40,00,000*",750,-,-,-,-,-,-,-,1814(1),1709(1),2198(1),-
AP Govt-NS LOC (SVU),BCA-GEN,Andhra Pradesh,"Govt Med Coll, Ananthapuram",ENT,"₹48,600*","₹60,823",1*,"₹40,00,000*",500,-,-,-,-,-,-,-,1251(1),1253(1),2199(1),-
AP Govt-NS LOC (AU),BCD-FEM,Andhra Pradesh,"Andhra Med Coll, Vizag",PATHOLOGY,"₹48,600*","₹60,823",1*,"₹40,00,000*",1030,-,-,-,-,-,-,-,2187(1),2189(1),2200(1),-
AP Govt-NS LOC (AU),SC-GEN,Andhra Pradesh,"Rangaraya Med Coll, Kakinada",ANAESTHESIOLOGY,"₹48,600*","₹60,823",1*,"₹40,00,000*",1450,-,-,-,-,-,-,-,2188(1),2190(1),2201(1),-
AP Govt-NS LOC (SVU),BCB-FEM-PHO,Andhra Pradesh,"Santhiram Med Coll, Nandyal",ENT,"₹4,96,800*","₹30,000*",1*,"₹40,00,000*",930,-,-,-,-,-,-,-,1950(1),1952(1),2205(1),-
AP Govt-NS LOC (SVU),SC-FEM,Andhra Pradesh,"Kurnool Med Coll, Kurnool",GENERAL SURGERY,"₹48,600*","₹60,823",1*,"₹40,00,000*",1150,-,-,-,-,-,-,-,2003(1),2148(1),2208(1),-
AP Govt-NS LOC (SVU),OPEN-FEM,Andhra Pradesh,"SV Med Coll, Tirupati",DLO,"₹48,600*","₹60,823",1*,"₹40,00,000*",940,-,-,-,-,-,-,-,2564(1),2197(1),2209(1),-
AP Govt-NS APUR,BCB-GEN,Andhra Pradesh,"Andhra Med Coll, Vizag",PSYCHIATRY,"₹48,600*","₹60,823",1*,"₹40,00,000*",1030,2294(1),3345(1),4546(1),-,-,-,-,1972(1),1877(1),2213(1),-
AP Govt-NS LOC (AU),BCB-GEN,Andhra Pradesh,"Andhra Med Coll, Vizag",RADIATION ONCOLOGY,"₹48,600*","₹60,823",1*,"₹40,00,000*",1030,-,-,-,-,-,-,-,1494(1),1808(1),2214(1),-
AP Govt-NS LOC (AU),BCE-GEN,Andhra Pradesh,"Rajiv Gandhi IMS, Srikakulam",ANAESTHESIOLOGY,"₹48,600*","₹60,823",1*,"₹40,00,000*",532,-,-,-,-,-,-,-,1892(1),1842(1),2219(1),-
AP Govt-NS LOC (AU),BCD-GEN-PHO,Andhra Pradesh,"Andhra Med Coll, Vizag",PATHOLOGY,"₹48,600*","₹60,823",1*,"₹40,00,000*",1030,-,-,-,-,-,-,-,-,1699(1),2220(1),-
AP Govt-NS LOC (SVU),MIN-GEN-MSM,Andhra Pradesh,"Fathima IMS,Kadapa",DERMATOLOGY,"₹4,96,800*","₹25,000*",1*,"₹40,00,000*",750,-,2619(1),-,-,-,-,-,-,1196(1),2221(1),-
AP Govt-NS APUR,OPEN-GEN,Andhra Pradesh,"GSL Med Coll, Rajahmundry",PSYCHIATRY,"₹4,96,800*","₹30,000*",1*,"₹40,00,000*",1140,-,-,-,-,-,-,-,1531(1),1299(1),2223(1),389(1)
AP Govt-NS LOC (SVU),MIN-GEN-MSM,Andhra Pradesh,"Fathima IMS,Kadapa",OBG,"₹4,96,800*","₹25,000*",1*,"₹40,00,000*",750,-,3009(2),-,-,-,-,-,-,2212(1),2224(1),-
AP Govt-NS LOC (AU),BCB-FEM-PHO,Andhra Pradesh,"Maharajah IMS, Vizianagaram",GENERAL SURGERY,"₹4,96,800*",Info not available*,1*,"₹40,00,000*",850,-,-,-,-,-,-,-,2176(1),2178(1),2228(1),-
AP Govt-NS LOC (SVU),SC-GEN,Andhra Pradesh,"PES IMS, Kuppam",OBG,"₹4,96,800*","₹30,000*",1*,"₹40,00,000*",975,-,-,-,-,-,-,-,2215(1),2217(1),2229(1),-
AP Govt-NS LOC (SVU),OPEN-GEN,Andhra Pradesh,"SVIMS, Tirupati",PATHOLOGY,"₹2,11,600*","₹80,904*",1*,"₹40,00,000*",1257,-,3289(2),-,-,-,-,-,1182(1),1184(1),2233(1),-
AP Govt-NS APUR,OPEN-FEM,Andhra Pradesh,"Guntur Med Coll, Guntur",PATHOLOGY,"₹48,600*","₹60,823",1*,"₹40,00,000*",1170,-,-,-,-,-,-,-,1662(1),1664(1),2234(1),-
AP Govt-NS LOC (AU),BCD-GEN-PHO,Andhra Pradesh,"Konaseema IMS, Amalapuram",ENT,"₹4,96,800*","₹30,000*",1*,"₹40,00,000*",840,-,-,-,-,-,-,-,1591(1),-,2241(1),-
AP Govt-NS LOC (AU),SC-GEN,Andhra Pradesh,"Maharajah IMS, Vizianagaram",DERMATOLOGY,"₹4,96,800*",Info not available*,1*,"₹40,00,000*",850,-,-,-,-,-,-,-,2236(1),2238(1),2250(1),-
AP Govt-NS LOC (SVU),SC-GEN,Andhra Pradesh,"SV Med Coll, Tirupati",ANAESTHESIOLOGY,"₹48,600*","₹60,823",1*,"₹40,00,000*",940,-,-,-,-,-,-,-,2237(1),2239(1),2251(1),-
AP Govt-NS LOC (AU),BCE-GEN,Andhra Pradesh,"NRI Med Coll, Guntur",ANAESTHESIOLOGY,"₹4,96,800*","₹27,000*",1*,"₹40,00,000*",1050,-,-,-,-,-,-,-,1986(1),2207(1),2263(1),-
AP Govt-NS LOC (SVU),BCA-GEN-PHO,Andhra Pradesh,"PES IMS, Kuppam",ANAESTHESIOLOGY,"₹4,96,800*","₹30,000*",1*,"₹40,00,000*",975,-,-,-,-,-,-,-,1881(1),1908(1),2264(1),-
AP Govt-NS APUR,ST-GEN,Andhra Pradesh,"Andhra Med Coll, Vizag",RADIO DIAGNOSIS,"₹48,600*","₹60,823",1*,"₹40,00,000*",1030,-,-,-,-,-,-,-,739(1),739(1),2269(1),-
AP Govt-NS LOC (AU),BCA-FEM,Andhra Pradesh,"GSL Med Coll, Rajahmundry",ENT,"₹4,96,800*","₹30,000*",1*,"₹40,00,000*",1140,-,-,-,-,-,-,-,-,-,2271(1),-
AP Govt-NS LOC (AU),SC-GEN-PHO,Andhra Pradesh,"Konaseema IMS, Amalapuram",GENERAL MEDICINE,"₹4,96,800*","₹30,000*",1*,"₹40,00,000*",840,-,-,-,-,-,-,-,2352(1),2139(1),2272(1),-
AP Govt-NS LOC (AU),BCD-FEM,Andhra Pradesh,"Katuri Med Coll, Guntur",OPHTHALMOLOGY,"₹4,96,800*",Info not available*,1*,"₹40,00,000*",1100,-,-,-,-,-,-,-,1727(1),1593(1),2277(1),-
AP Govt-NS LOC (AU),BCA-GEN,Andhra Pradesh,"Alluri Sitaram Raju, Eluru",ORTHOPAEDICS,"₹4,96,800*","₹30,000*",1*,"₹40,00,000*",1200,-,-,-,-,-,-,-,2272(1),2274(1),2287(1),-
AP Govt-NS LOC (AU),BCC-GEN,Andhra Pradesh,"NRI Inst of Med Sci, Vizag",OBG,"₹4,96,800*","₹40,000*",1*,"₹40,00,000*",980,-,-,-,-,-,-,-,2273(1),2275(1),2288(1),-
AP Govt-NS APUR,BCB-GEN,Andhra Pradesh,"GreatEastern MedSch,Srikakulam",ANAESTHESIOLOGY,"₹4,96,800*",Info not available*,1*,"₹40,00,000*",780,-,-,-,-,-,-,-,1613(1),1869(1),2294(1),-
AP Govt-NS LOC (SVU),OPEN-GEN,Andhra Pradesh,"SV Med Coll, Tirupati",PATHOLOGY,"₹48,600*","₹60,823",1*,"₹40,00,000*",940,-,-,-,-,-,-,-,2172(1),2206(1),2305(1),-
AP Govt-NS LOC (AU),OPEN-FEM,Andhra Pradesh,"NRI Inst of Med Sci, Vizag",ORTHOPAEDICS,"₹4,96,800*","₹40,000*",1*,"₹40,00,000*",980,-,-,-,-,-,-,-,1762(1),1912(1),2309(1),-
AP Govt-NS LOC (AU),ST-FEM,Andhra Pradesh,"Alluri Sitaram Raju, Eluru",RADIO DIAGNOSIS,"₹4,96,800*","₹30,000*",1*,"₹40,00,000*",1200,-,-,-,-,-,-,-,2296(1),2298(1),2311(1),-
AP Govt-NS LOC (SVU),MIN-GEN-MSM,Andhra Pradesh,"Fathima IMS,Kadapa",PAEDIATRICS,"₹4,96,800*","₹25,000*",1*,"₹40,00,000*",750,-,2761(1),-,-,-,-,-,1381(1),2209(1),2314(1),-
AP Govt-NS APUR,SC-GEN,Andhra Pradesh,"Alluri Sitaram Raju, Eluru",DERMATOLOGY,"₹4,96,800*","₹30,000*",1*,"₹40,00,000*",1200,-,-,-,-,-,-,-,1665(1),2078(1),2324(1),-
AP Govt-NS LOC (AU),BCA-GEN,Andhra Pradesh,"GreatEastern MedSch,Srikakulam",ANAESTHESIOLOGY,"₹4,96,800*",Info not available*,1*,"₹40,00,000*",780,-,-,-,-,-,-,-,1901(1),1863(1),2327(1),-
AP Govt-NS LOC (AU),BCE-GEN,Andhra Pradesh,"GSL Med Coll, Rajahmundry",ORTHOPAEDICS,"₹4,96,800*","₹30,000*",1*,"₹40,00,000*",1140,-,-,-,-,-,-,-,2312(1),2314(1),2328(1),-
AP Govt-NS LOC (AU),BCA-GEN,Andhra Pradesh,"Maharajah IMS, Vizianagaram",GENERAL SURGERY,"₹4,96,800*",Info not available*,1*,"₹40,00,000*",850,-,-,-,-,-,-,-,1976(1),1978(1),2329(1),-
AP Govt-NS LOC (SVU),MIN-GEN-MSM,Andhra Pradesh,"Fathima IMS,Kadapa",GENERAL SURGERY,"₹4,96,800*","₹25,000*",1*,"₹40,00,000*",750,-,2815(1),-,-,-,-,-,2207(1),2297(1),2339(1),-
AP Govt-NS LOC (AU),OPEN-GEN,Andhra Pradesh,"Konaseema IMS, Amalapuram",PSYCHIATRY,"₹4,96,800*","₹30,000*",1*,"₹40,00,000*",840,-,-,-,-,-,-,-,1858(1),2012(1),2341(1),-
AP Govt-NS LOC (SVU),SC-GEN,Andhra Pradesh,"PES IMS, Kuppam",GENERAL MEDICINE,"₹4,96,800*","₹30,000*",1*,"₹40,00,000*",975,2232(1),2242(1),-,-,-,-,-,1266(1),1268(1),2342(1),-
AP Govt-NS LOC (SVU),BCA-GEN,Andhra Pradesh,"Narayana Med Coll, Nellore",OPHTHALMOLOGY,"₹4,96,800*","₹30,000*",1*,"₹40,00,000*",1430,-,-,-,-,-,-,-,1525(1),1527(1),2344(2),-
AP Govt-NS APUR,OPEN-GEN,Andhra Pradesh,"Govt Siddhartha, Vijaywada",PATHOLOGY,"₹48,600*","₹60,823",1*,"₹40,00,000*",707,-,-,-,-,-,-,-,2079(1),1702(1),2348(1),-
AP Govt-NS LOC (AU),SC-GEN,Andhra Pradesh,"Rajiv Gandhi IMS, Ongole",ENT,"₹48,600*","₹60,823",1*,"₹40,00,000*",500,-,-,-,-,-,-,-,2342(1),2344(1),2358(1),-
AP Govt-NS APUR,SC-GEN,Andhra Pradesh,"Konaseema IMS, Amalapuram",PAEDIATRICS,"₹4,96,800*","₹30,000*",1*,"₹40,00,000*",840,-,-,-,-,-,-,-,1990(1),2149(1),2361(1),-
AP Govt-NS LOC (AU),SC-GEN,Andhra Pradesh,"Dr PSI Med Coll, Chinoutpalli",PAEDIATRICS,"₹4,96,800*","₹28,000*",1*,"₹40,00,000*",790,-,-,-,-,-,-,-,2341(1),2354(1),2368(1),-
AP Govt-NS LOC (SVU),OPEN-FEM,Andhra Pradesh,"VMC, Kurnool",RADIATION ONCOLOGY,"₹4,96,800*","₹30,000*",1*,"₹40,00,000*",650,-,-,-,-,-,-,-,1572(1),1637(1),2377(1),-
AP Govt-NS LOC (AU),SC-FEM,Andhra Pradesh,"Guntur Med Coll, Guntur",TBRD,"₹48,600*","₹60,823",1*,"₹40,00,000*",1170,-,-,-,-,-,-,-,1751(1),1753(1),2379(1),-
AP Govt-NS LOC (AU),BCA-FEM,Andhra Pradesh,"GreatEastern MedSch,Srikakulam",ANAESTHESIOLOGY,"₹4,96,800*",Info not available*,1*,"₹40,00,000*",780,-,-,-,-,-,-,-,2370(1),2372(1),2386(1),-
AP Govt-NS LOC (SVU),SC-GEN,Andhra Pradesh,"ACSR Medical College, Nellore",ORTHOPAEDICS,"₹48,600*","₹60,823",1*,"₹40,00,000*",355,-,-,-,-,-,-,-,-,-,2391(1),-
AP Govt-NS LOC (AU),ST-GEN,Andhra Pradesh,"Rangaraya Med Coll, Kakinada",PAEDIATRICS,"₹48,600*","₹60,823",1*,"₹40,00,000*",1450,-,-,-,-,-,-,-,1668(1),2383(1),2398(1),-
AP Govt-NS LOC (AU),BCB-GEN,Andhra Pradesh,"Rajiv Gandhi IMS, Srikakulam",OPHTHALMOLOGY,"₹48,600*","₹60,823",1*,"₹40,00,000*",532,-,-,-,-,-,-,-,-,-,2400(1),-
AP Govt-NS APUR,ST-GEN,Andhra Pradesh,"Andhra Med Coll, Vizag",OBG,"₹48,600*","₹60,823",1*,"₹40,00,000*",1030,-,-,-,-,-,-,-,2134(1),2136(1),2403(1),-
AP Govt-NS LOC (SVU),OPEN-GEN,Andhra Pradesh,"Kurnool Med Coll, Kurnool",PATHOLOGY,"₹48,600*","₹60,823",1*,"₹40,00,000*",1150,-,-,-,-,-,-,-,1909(1),1651(1),2414(1),306(1)
AP Govt-NS LOC (SVU),SC-FEM,Andhra Pradesh,"Kurnool Med Coll, Kurnool",ENT,"₹48,600*","₹60,823",1*,"₹40,00,000*",1150,-,-,-,-,-,-,-,2326(1),2402(1),2417(1),-
AP Govt-NS APUR,BCB-FEM,Andhra Pradesh,"Andhra Med Coll, Vizag",PSYCHIATRY,"₹48,600*","₹60,823",1*,"₹40,00,000*",1030,-,-,-,-,-,-,-,1845(1),1615(1),2418(1),-
AP Govt-NS LOC (AU),SC-GEN,Andhra Pradesh,"Andhra Med Coll, Vizag",ORTHOPAEDICS,"₹48,600*","₹60,823",1*,"₹40,00,000*",1030,-,-,-,-,-,-,-,1725(1),1600(1),2421(1),-
AP Govt-NS LOC (SVU),OPEN-GEN,Andhra Pradesh,"ACSR Medical College, Nellore",SPM,"₹48,600*","₹60,823",1*,"₹40,00,000*",355,-,-,-,-,-,-,-,2410(1),2412(1),2427(1),-
AP Govt-NS LOC (SVU),BCE-GEN,Andhra Pradesh,"Narayana Med Coll, Nellore",TBRD,"₹4,96,800*","₹30,000*",1*,"₹40,00,000*",1430,-,-,-,-,-,-,-,1123(1),1125(1),2433(1),-
AP Govt-NS LOC (AU),SC-GEN,Andhra Pradesh,"Guntur Med Coll, Guntur",ORTHOPAEDICS,"₹48,600*","₹60,823",1*,"₹40,00,000*",1170,-,-,-,-,-,-,-,1598(1),2406(1),2438(1),-
AP Govt-NS APUR,MIN-GEN-MSM,Andhra Pradesh,"Nimra Inst of Med Sci, Krishna",ORTHOPAEDICS,"₹4,96,800*",Info not available*,1*,"₹40,00,000*",-,-,3141(1),-,-,-,-,-,1547(1),1549(1),2439(1),-
AP Govt-NS APUR,OPEN-GEN,Andhra Pradesh,"SVIMS, Tirupati",SPM,"₹2,11,600*","₹80,904*",1*,"₹40,00,000*",1257,-,-,-,-,-,-,-,2608(1),2430(1),2445(1),-
AP Govt-NS LOC (AU),BCA-GEN,Andhra Pradesh,"GVP Med Coll, Vizag",ENT,"₹4,96,800*","₹30,000*",1*,"₹40,00,000*",750,-,-,-,-,-,-,-,2438(1),2440(1),2455(1),-
AP Govt-NS LOC (SVU),BCE-FEM,Andhra Pradesh,"Santhiram Med Coll, Nandyal",GENERAL SURGERY,"₹4,96,800*","₹30,000*",1*,"₹40,00,000*",930,-,-,-,-,-,-,-,1443(1),1445(1),2457(1),-
AP Govt-NS LOC (AU),BCB-FEM,Andhra Pradesh,"Rajiv Gandhi IMS, Ongole",ANAESTHESIOLOGY,"₹48,600*","₹60,823",1*,"₹40,00,000*",500,-,-,-,-,-,-,-,1563(1),1565(1),2461(1),-
AP Govt-NS LOC (AU),OPEN-FEM,Andhra Pradesh,"NRI Inst of Med Sci, Vizag",PSYCHIATRY,"₹4,96,800*","₹40,000*",1*,"₹40,00,000*",980,-,-,-,-,-,-,-,1964(1),1966(1),2462(1),-
AP Govt-NS LOC (AU),SC-GEN,Andhra Pradesh,"Rajiv Gandhi IMS, Ongole",OPHTHALMOLOGY,"₹48,600*","₹60,823",1*,"₹40,00,000*",500,-,-,-,-,-,-,-,2447(1),2449(1),2464(1),-
AP Govt-NS LOC (AU),BCB-FEM,Andhra Pradesh,"Konaseema IMS, Amalapuram",ANAESTHESIOLOGY,"₹4,96,800*","₹30,000*",1*,"₹40,00,000*",840,2292(1),3095(1),-,-,-,-,-,1953(1),1955(1),2468(1),-
AP Govt-NS APUR,SC-GEN,Andhra Pradesh,"Govt Med Coll, Ananthapuram",TBRD,"₹48,600*","₹60,823",1*,"₹40,00,000*",500,-,-,-,-,-,-,-,1271(1),1759(1),2471(1),-
AP Govt-NS LOC (AU),SC-GEN,Andhra Pradesh,"Andhra Med Coll, Vizag",OPHTHALMOLOGY,"₹48,600*","₹60,823",1*,"₹40,00,000*",1030,-,-,-,-,-,-,-,1811(1),1813(1),2477(1),-
AP Govt-NS LOC (SVU),SC-FEM,Andhra Pradesh,"PES IMS, Kuppam",PAEDIATRICS,"₹4,96,800*","₹30,000*",1*,"₹40,00,000*",975,-,-,-,-,-,-,-,1699(1),2468(1),2485(1),-
AP Govt-NS LOC (AU),SC-FEM,Andhra Pradesh,"Maharajah IMS, Vizianagaram",GENERAL MEDICINE,"₹4,96,800*",Info not available*,1*,"₹40,00,000*",850,-,-,-,-,-,-,-,2800(1),2469(1),2486(1),-
AP Govt-NS LOC (AU),ST-FEM,Andhra Pradesh,"Guntur Med Coll, Guntur",GENERAL MEDICINE,"₹48,600*","₹60,823",1*,"₹40,00,000*",1170,-,-,-,-,-,-,-,2473(1),2475(1),2492(1),-
AP Govt-NS LOC (AU),BCB-GEN,Andhra Pradesh,"NRI Med Coll, Guntur",OPHTHALMOLOGY,"₹4,96,800*","₹27,000*",1*,"₹40,00,000*",1050,-,-,-,-,-,-,-,1545(1),1547(1),2497(1),-
AP Govt-NS LOC (AU),BCA-FEM,Andhra Pradesh,"Katuri Med Coll, Guntur",ANAESTHESIOLOGY,"₹4,96,800*",Info not available*,1*,"₹40,00,000*",1100,-,-,-,-,-,-,-,2483(1),2485(1),2502(1),-
AP Govt-NS LOC (SVU),SC-GEN,Andhra Pradesh,"Apollo IMS&R, Chittoor",OBG,"₹4,96,800*","₹30,000*",1*,"₹40,00,000*",850,-,-,-,-,-,-,-,2466(1),2496(1),2513(1),-
AP Govt-NS APUR,BCC-GEN,Andhra Pradesh,"Dr PSI Med Coll, Chinoutpalli",OPHTHALMOLOGY,"₹4,96,800*","₹28,000*",1*,"₹40,00,000*",790,-,-,-,-,-,-,-,1702(1),2504(1),2521(1),-
AP Govt-NS LOC (AU),BCE-FEM,Andhra Pradesh,"GSL Med Coll, Rajahmundry",ANAESTHESIOLOGY,"₹4,96,800*","₹30,000*",1*,"₹40,00,000*",1140,-,-,-,-,-,-,-,2274(1),2276(1),2531(1),-
AP Govt-NS LOC (AU),SC-GEN,Andhra Pradesh,"Katuri Med Coll, Guntur",GENERAL MEDICINE,"₹4,96,800*",Info not available*,1*,"₹40,00,000*",1100,-,-,-,-,-,-,-,2514(1),2516(1),2533(1),-
AP Govt-NS LOC (SVU),BCD-GEN,Andhra Pradesh,"Kurnool Med Coll, Kurnool",PATHOLOGY,"₹48,600*","₹60,823",1*,"₹40,00,000*",1150,-,4691(1),4453(1),-,-,-,-,2397(1),2399(1),2546(1),-
AP Govt-NS LOC (SVU),BCA-GEN,Andhra Pradesh,"ACSR Medical College, Nellore",PSYCHIATRY,"₹48,600*","₹60,823",1*,"₹40,00,000*",355,-,-,-,-,-,-,-,1614(1),2369(1),2549(1),-
AP Govt-NS LOC (AU),SC-GEN,Andhra Pradesh,"NRI Med Coll, Guntur",GENERAL SURGERY,"₹4,96,800*","₹27,000*",1*,"₹40,00,000*",1050,2610(1),2916(1),-,-,-,-,-,2030(1),2032(1),2551(1),-
AP Govt-NS LOC (SVU),BCA-FEM,Andhra Pradesh,"Rajiv Gandhi IMS, Kadapa",ORTHOPAEDICS,"₹48,600*","₹60,823",1*,"₹40,00,000*",715,-,-,-,-,-,-,-,2534(1),2536(1),2554(1),-
AP Govt-NS LOC (SVU),BCE-FEM-PHO,Andhra Pradesh,"Santhiram Med Coll, Nandyal",GENERAL SURGERY,"₹4,96,800*","₹30,000*",1*,"₹40,00,000*",930,-,-,-,-,-,-,-,-,-,2555(1),-
AP Govt-NS LOC (AU),BCD-FEM,Andhra Pradesh,"Rangaraya Med Coll, Kakinada",PATHOLOGY,"₹48,600*","₹60,823",1*,"₹40,00,000*",1450,-,-,-,-,-,-,-,-,2208(1),2557(1),-
AP Govt-NS LOC (AU),BCC-GEN,Andhra Pradesh,"Dr PSI Med Coll, Chinoutpalli",ENT,"₹4,96,800*","₹28,000*",1*,"₹40,00,000*",790,-,-,-,-,-,-,-,-,-,2573(1),-
AP Govt-NS LOC (AU),BCA-FEM,Andhra Pradesh,"Alluri Sitaram Raju, Eluru",GENERAL SURGERY,"₹4,96,800*","₹30,000*",1*,"₹40,00,000*",1200,-,-,-,-,-,-,-,1550(1),1674(1),2577(1),-
AP Govt-NS LOC (AU),BCB-FEM,Andhra Pradesh,"Katuri Med Coll, Guntur",ENT,"₹4,96,800*",Info not available*,1*,"₹40,00,000*",1100,-,-,-,-,-,-,-,2451(1),2453(1),2579(1),-
AP Govt-NS LOC (SVU),BCB-FEM,Andhra Pradesh,"SV Med Coll, Tirupati",PATHOLOGY,"₹48,600*","₹60,823",1*,"₹40,00,000*",940,-,-,-,-,-,-,-,2290(1),2292(1),2582(1),-
AP Govt-NS AP LOC,OPEN-FEM,Andhra Pradesh,"Govt Siddhartha, Vijaywada",PATHOLOGY,"₹48,600*","₹60,823",1*,"₹40,00,000*",707,-,-,-,-,-,-,-,-,1947(1),2584(1),-
AP Govt-NS LOC (AU),SC-FEM,Andhra Pradesh,"Rangaraya Med Coll, Kakinada",ORTHOPAEDICS,"₹48,600*","₹60,823",1*,"₹40,00,000*",1450,-,-,-,-,-,-,-,2240(1),2242(1),2592(1),-
AP Govt-NS LOC (SVU),SC-GEN,Andhra Pradesh,"Rajiv Gandhi IMS, Kadapa",GENERAL SURGERY,"₹48,600*","₹60,823",1*,"₹40,00,000*",715,-,-,-,-,-,-,-,1329(1),1946(1),2593(1),-
AP Govt-NS LOC (SVU),OPEN-FEM,Andhra Pradesh,"Govt Med Coll, Ananthapuram",PATHOLOGY,"₹48,600*","₹60,823",1*,"₹40,00,000*",500,-,-,-,-,-,-,-,1936(1),2241(1),2607(1),-
AP Govt-NS LOC (AU),BCB-GEN-PHO,Andhra Pradesh,"Alluri Sitaram Raju, Eluru",ANAESTHESIOLOGY,"₹4,96,800*","₹30,000*",1*,"₹40,00,000*",1200,-,-,-,-,-,-,-,2058(1),2060(1),2611(1),-
AP Govt-NS LOC (SVU),SC-GEN-PHO,Andhra Pradesh,"Kurnool Med Coll, Kurnool",ORTHOPAEDICS,"₹48,600*","₹60,823",1*,"₹40,00,000*",1150,-,-,-,-,-,-,-,1856(1),1858(1),2615(1),-
AP Govt-NS LOC (AU),BCE-GEN,Andhra Pradesh,"GreatEastern MedSch,Srikakulam",OPHTHALMOLOGY,"₹4,96,800*",Info not available*,1*,"₹40,00,000*",780,-,-,-,-,-,-,-,2622(1),2624(1),2642(1),-
AP Govt-NS LOC (SVU),ST-GEN,Andhra Pradesh,"ACSR Medical College, Nellore",GENERAL MEDICINE,"₹48,600*","₹60,823",1*,"₹40,00,000*",355,-,-,-,-,-,-,-,2255(1),2257(1),2643(1),-
AP Govt-NS APUR,OPEN-FEM,Andhra Pradesh,"Govt Siddhartha, Vijaywada",SPM,"₹48,600*","₹60,823",1*,"₹40,00,000*",707,-,-,-,-,-,-,-,2470(1),2627(1),2645(1),-
AP Govt-NS APUR,OPEN-GEN,Andhra Pradesh,"Govt Med Coll, Ananthapuram",MICROBIOLOGY,"₹48,600*","₹60,823",1*,"₹40,00,000*",500,-,4598(1),-,-,-,-,-,-,3429(1),2654(1),-
AP Govt-NS LOC (SVU),BCC-GEN,Andhra Pradesh,"Narayana Med Coll, Nellore",ANAESTHESIOLOGY,"₹4,96,800*","₹30,000*",1*,"₹40,00,000*",1430,-,-,-,-,-,-,-,1852(1),1854(1),2655(1),-
AP Govt-NS LOC (AU),SC-GEN,Andhra Pradesh,"NRI Med Coll, Guntur",ORTHOPAEDICS,"₹4,96,800*","₹27,000*",1*,"₹40,00,000*",1050,-,-,-,-,-,-,-,2637(1),2639(1),2657(1),-
AP Govt-NS LOC (AU),BCA-GEN,Andhra Pradesh,"Alluri Sitaram Raju, Eluru",PSYCHIATRY,"₹4,96,800*","₹30,000*",1*,"₹40,00,000*",1200,-,-,-,-,-,-,-,2638(1),2640(1),2658(1),-
AP Govt-NS LOC (AU),SC-GEN,Andhra Pradesh,"Govt Siddhartha, Vijaywada",ANAESTHESIOLOGY,"₹48,600*","₹60,823",1*,"₹40,00,000*",707,-,-,-,-,-,-,-,2055(1),2057(1),2663(1),-
AP Govt-NS LOC (AU),ST-FEM,Andhra Pradesh,"Govt Siddhartha, Vijaywada",OBG,"₹48,600*","₹60,823",1*,"₹40,00,000*",707,-,-,-,-,-,-,-,2386(1),2388(1),2674(1),-
AP Govt-NS LOC (AU),SC-FEM,Andhra Pradesh,"Rangaraya Med Coll, Kakinada",OPHTHALMOLOGY,"₹48,600*","₹60,823",1*,"₹40,00,000*",1450,-,-,-,-,-,-,-,1821(1),2461(1),2678(1),-
AP Govt-NS LOC (SVU),BCA-GEN,Andhra Pradesh,"VMC, Kurnool",RADIATION ONCOLOGY,"₹4,96,800*","₹30,000*",1*,"₹40,00,000*",650,-,-,-,-,-,-,-,2070(1),2396(1),2702(1),-
AP Govt-NS APUR,BCB-GEN,Andhra Pradesh,"Dr PSI Med Coll, Chinoutpalli",PATHOLOGY,"₹1,55,250*","₹28,000*",1*,"₹40,00,000*",790,-,-,-,-,-,-,-,2686(1),2688(1),2708(1),-
AP Govt-NS LOC (SVU),SC-FEM,Andhra Pradesh,"Kurnool Med Coll, Kurnool",OPHTHALMOLOGY,"₹48,600*","₹60,823",1*,"₹40,00,000*",1150,-,-,-,-,-,-,-,2575(2),2696(2),2716(2),-
AP Govt-NS LOC (SVU),BCE-FEM,Andhra Pradesh,"PES IMS, Kuppam",ANAESTHESIOLOGY,"₹4,96,800*","₹30,000*",1*,"₹40,00,000*",975,-,-,-,-,-,-,-,1927(1),2442(1),2720(1),-
AP Govt-NS LOC (AU),SC-GEN,Andhra Pradesh,"Alluri Sitaram Raju, Eluru",GENERAL SURGERY,"₹4,96,800*","₹30,000*",1*,"₹40,00,000*",1200,-,-,-,-,-,-,-,2707(1),2709(1),2729(1),-
AP Govt-NS LOC (AU),MIN-GEN-MSM,Andhra Pradesh,"Nimra Inst of Med Sci, Krishna",GENERAL SURGERY,"₹4,96,800*",Info not available*,1*,"₹40,00,000*",-,2701(1),2922(3),-,-,-,-,-,-,2382(2),2731(2),-
AP Govt-NS LOC (AU),SC-FEM,Andhra Pradesh,"NRI Inst of Med Sci, Vizag",PAEDIATRICS,"₹4,96,800*","₹40,000*",1*,"₹40,00,000*",980,-,-,-,-,-,-,-,2467(1),2802(1),2732(1),-
AP Govt-NS LOC (SVU),BCA-FEM,Andhra Pradesh,"Apollo IMS&R, Chittoor",ENT,"₹4,96,800*","₹30,000*",1*,"₹40,00,000*",850,-,-,-,-,-,-,-,1720(1),2188(1),2735(1),-
AP Govt-NS LOC (SVU),SC-FEM-PHO,Andhra Pradesh,"Narayana Med Coll, Nellore",GENERAL SURGERY,"₹4,96,800*","₹30,000*",1*,"₹40,00,000*",1430,-,-,-,-,-,-,-,2716(1),2718(1),2738(1),-
AP Govt-NS LOC (AU),SC-GEN,Andhra Pradesh,"GSL Med Coll, Rajahmundry",PAEDIATRICS,"₹4,96,800*","₹30,000*",1*,"₹40,00,000*",1140,-,-,-,-,-,-,-,2258(1),2260(1),2742(1),-
AP Govt-NS LOC (AU),BCB-GEN,Andhra Pradesh,"Guntur Med Coll, Guntur",PATHOLOGY,"₹48,600*","₹60,823",1*,"₹40,00,000*",1170,-,-,-,-,-,-,-,2591(1),2593(1),2748(1),-
AP Govt-NS APUR,MIN-GEN-MSM,Andhra Pradesh,"Nimra Inst of Med Sci, Krishna",ANAESTHESIOLOGY,"₹4,96,800*",Info not available*,1*,"₹40,00,000*",-,2270(1),3699(1),4159(1),-,-,-,-,-,2290(1),2756(1),-
AP Govt-NS APUR,SC-GEN,Andhra Pradesh,"GSL Med Coll, Rajahmundry",OBG,"₹4,96,800*","₹30,000*",1*,"₹40,00,000*",1140,-,-,-,-,-,-,-,1883(1),1885(1),2767(1),-
AP Govt-NS LOC (AU),SC-GEN,Andhra Pradesh,"GSL Med Coll, Rajahmundry",TBRD,"₹4,96,800*","₹30,000*",1*,"₹40,00,000*",1140,-,-,-,-,-,-,-,2748(1),2750(1),2770(1),-
AP Govt-NS LOC (AU),OPEN-FEM,Andhra Pradesh,"Andhra Med Coll, Vizag",MICROBIOLOGY,"₹48,600*","₹60,823",1*,"₹40,00,000*",1030,-,4428(1),-,-,-,-,-,3572(1),2751(1),2771(1),-
AP Govt-NS LOC (AU),BCC-GEN,Andhra Pradesh,"NRI Med Coll, Guntur",ANAESTHESIOLOGY,"₹4,96,800*","₹27,000*",1*,"₹40,00,000*",1050,-,-,-,-,-,-,-,2576(1),2754(1),2774(1),-
AP Govt-NS LOC (SVU),BCC-GEN,Andhra Pradesh,"Rajiv Gandhi IMS, Kadapa",RADIATION ONCOLOGY,"₹48,600*","₹60,823",1*,"₹40,00,000*",715,-,-,-,-,-,-,-,-,-,2781(1),-
AP Govt-NS LOC (AU),BCD-GEN,Andhra Pradesh,"NRI Med Coll, Guntur",PSYCHIATRY,"₹4,96,800*","₹27,000*",1*,"₹40,00,000*",1050,-,-,-,-,-,-,-,2365(1),2033(1),2782(1),-
AP Govt-NS LOC (AU),BCB-FEM,Andhra Pradesh,"GSL Med Coll, Rajahmundry",ANAESTHESIOLOGY,"₹4,96,800*","₹30,000*",1*,"₹40,00,000*",1140,-,-,-,-,-,-,-,-,-,2786(1),-
AP Govt-NS LOC (SVU),SC-GEN,Andhra Pradesh,"Rajiv Gandhi IMS, Kadapa",OPHTHALMOLOGY,"₹48,600*","₹60,823",1*,"₹40,00,000*",715,-,-,-,-,-,-,-,2694(1),2553(1),2791(1),-
AP Govt-NS LOC (SVU),BCA-GEN,Andhra Pradesh,"Santhiram Med Coll, Nandyal",PSYCHIATRY,"₹4,96,800*","₹30,000*",1*,"₹40,00,000*",930,-,-,-,-,-,-,-,2775(1),2777(1),2798(1),-
AP Govt-NS LOC (AU),BCB-GEN,Andhra Pradesh,"Alluri Sitaram Raju, Eluru",ANAESTHESIOLOGY,"₹4,96,800*","₹30,000*",1*,"₹40,00,000*",1200,1848(1),-,-,-,-,-,-,1758(1),1760(1),2800(2),-
AP Govt-NS LOC (SVU),BCA-GEN,Andhra Pradesh,"SV Med Coll, Tirupati",PATHOLOGY,"₹48,600*","₹60,823",1*,"₹40,00,000*",940,-,-,-,-,-,-,-,2785(1),2787(1),2808(1),-
AP Govt-NS LOC (AU),BCE-GEN,Andhra Pradesh,"Rajiv Gandhi IMS, Ongole",PATHOLOGY,"₹48,600*","₹60,823",1*,"₹40,00,000*",500,-,-,-,-,-,-,-,2786(1),2788(1),2809(1),-
AP Govt-NS LOC (AU),BCA-GEN-PHO,Andhra Pradesh,"Govt Siddhartha, Vijaywada",PATHOLOGY,"₹48,600*","₹60,823",1*,"₹40,00,000*",707,-,-,-,-,-,-,-,2788(1),2790(1),2811(1),-
AP Govt-NS LOC (SVU),SC-FEM,Andhra Pradesh,"Santhiram Med Coll, Nandyal",GENERAL MEDICINE,"₹4,96,800*","₹30,000*",1*,"₹40,00,000*",930,-,-,-,-,-,-,-,2108(1),2110(1),2812(1),-
AP Govt-NS LOC (SVU),SC-FEM,Andhra Pradesh,"Apollo IMS&R, Chittoor",TBRD,"₹4,96,800*","₹30,000*",1*,"₹40,00,000*",850,-,-,-,-,-,-,-,2494(1),2747(1),2818(1),-
AP Govt-NS LOC (AU),BCB-GEN,Andhra Pradesh,"GreatEastern MedSch,Srikakulam",ORTHOPAEDICS,"₹4,96,800*",Info not available*,1*,"₹40,00,000*",780,-,-,-,-,-,-,-,1618(2),1620(2),2821(2),-
AP Govt-NS APUR,SC-GEN,Andhra Pradesh,"SVIMS, Tirupati",RADIATION ONCOLOGY,"₹2,11,600*","₹80,904*",1*,"₹40,00,000*",1257,-,-,-,-,-,-,-,-,-,2823(1),-
AP Govt-NS LOC (AU),BCE-FEM,Andhra Pradesh,"Dr PSI Med Coll, Chinoutpalli",ORTHOPAEDICS,"₹4,96,800*","₹28,000*",1*,"₹40,00,000*",790,-,-,-,-,-,-,-,2805(1),2807(1),2828(1),-
AP Govt-NS LOC (SVU),SC-GEN,Andhra Pradesh,"Govt Med Coll, Ananthapuram",ENT,"₹48,600*","₹60,823",1*,"₹40,00,000*",500,-,-,-,-,-,-,-,2400(1),2455(1),2830(1),-
AP Govt-NS LOC (SVU),BCB-GEN,Andhra Pradesh,"Rajiv Gandhi IMS, Kadapa",PATHOLOGY,"₹48,600*","₹60,823",1*,"₹40,00,000*",715,-,3915(1),-,-,-,-,-,2598(2),2564(2),2838(2),-
AP Govt-NS LOC (SVU),OPEN-GEN,Andhra Pradesh,"Narayana Med Coll, Nellore",PATHOLOGY,"₹1,55,250*","₹30,000*",1*,"₹40,00,000*",1430,-,3847(1),-,-,-,-,-,-,-,2842(1),-
AP Govt-NS LOC (AU),ST-GEN,Andhra Pradesh,"Rajiv Gandhi IMS, Srikakulam",GENERAL MEDICINE,"₹48,600*","₹60,823",1*,"₹40,00,000*",532,-,-,-,-,-,-,-,-,2830(1),2851(1),-
AP Govt-NS LOC (AU),SC-FEM,Andhra Pradesh,"GSL Med Coll, Rajahmundry",GENERAL MEDICINE,"₹4,96,800*","₹30,000*",1*,"₹40,00,000*",1140,-,-,-,-,-,-,-,1987(1),2831(1),2852(1),-
AP Govt-NS LOC (AU),SC-FEM,Andhra Pradesh,"Andhra Med Coll, Vizag",PSYCHIATRY,"₹48,600*","₹60,823",1*,"₹40,00,000*",1030,-,-,-,-,-,-,-,2830(1),2832(1),2853(1),-
AP Govt-NS LOC (SVU),SC-FEM,Andhra Pradesh,"Kurnool Med Coll, Kurnool",ANAESTHESIOLOGY,"₹48,600*","₹60,823",1*,"₹40,00,000*",1150,-,-,-,-,-,-,-,2146(1),2328(1),2855(1),-
AP Govt-NS LOC (AU),BCD-GEN,Andhra Pradesh,"Rangaraya Med Coll, Kakinada",PATHOLOGY,"₹48,600*","₹60,823",1*,"₹40,00,000*",1450,-,3815(1),4185(1),-,-,-,-,2206(1),2665(1),2861(1),-
AP Govt-NS LOC (AU),SC-GEN,Andhra Pradesh,"Dr PSI Med Coll, Chinoutpalli",GENERAL SURGERY,"₹4,96,800*","₹28,000*",1*,"₹40,00,000*",790,-,-,-,-,-,-,-,2839(1),2841(1),2862(1),-
AP Govt-NS LOC (SVU),SC-GEN,Andhra Pradesh,"Rajiv Gandhi IMS, Kadapa",EMERGENCY MEDICINE,"₹48,600*","₹60,823",1*,"₹40,00,000*",715,-,-,-,-,-,-,-,2017(1),2196(1),2863(1),-
AP Govt-NS LOC (SVU),OPEN-FEM,Andhra Pradesh,"PES IMS, Kuppam",PATHOLOGY,"₹1,55,250*","₹30,000*",1*,"₹40,00,000*",975,-,-,-,-,-,-,-,-,2544(1),2865(1),-
AP Govt-NS APUR,BCB-FEM,Andhra Pradesh,"Santhiram Med Coll, Nandyal",ORTHOPAEDICS,"₹4,96,800*","₹30,000*",1*,"₹40,00,000*",930,-,-,-,-,-,-,-,-,-,2871(1),-
AP Govt-NS APUR,BCE-GEN,Andhra Pradesh,"Santhiram Med Coll, Nandyal",PATHOLOGY,"₹1,55,250*","₹30,000*",1*,"₹40,00,000*",930,-,-,-,-,-,-,-,-,2472(1),2872(1),-
AP Govt-NS LOC (SVU),BCB-GEN,Andhra Pradesh,"VMC, Kurnool",PSYCHIATRY,"₹4,96,800*","₹30,000*",1*,"₹40,00,000*",650,-,-,-,-,-,-,-,-,-,2873(1),-
AP Govt-NS LOC (AU),BCE-GEN,Andhra Pradesh,"Andhra Med Coll, Vizag",PSYCHIATRY,"₹48,600*","₹60,823",1*,"₹40,00,000*",1030,-,-,-,-,-,-,-,2852(1),2854(1),2875(1),-
AP Govt-NS LOC (AU),SC-GEN,Andhra Pradesh,"NRI Med Coll, Guntur",ANAESTHESIOLOGY,"₹4,96,800*","₹27,000*",1*,"₹40,00,000*",1050,-,-,-,-,-,-,-,2857(1),2859(1),2880(1),-
AP Govt-NS LOC (AU),BCE-GEN,Andhra Pradesh,"Rajiv Gandhi IMS, Ongole",PSYCHIATRY,"₹48,600*","₹60,823",1*,"₹40,00,000*",500,-,-,-,-,-,-,-,2858(1),2860(1),2881(1),-
AP Govt-NS APUR,SC-GEN,Andhra Pradesh,"PES IMS, Kuppam",OPHTHALMOLOGY,"₹4,96,800*","₹30,000*",1*,"₹40,00,000*",975,-,-,-,-,-,-,-,2890(1),2549(1),2882(1),-
AP Govt-NS LOC (SVU),SC-GEN,Andhra Pradesh,"Santhiram Med Coll, Nandyal",ORTHOPAEDICS,"₹4,96,800*","₹30,000*",1*,"₹40,00,000*",930,-,-,-,-,-,-,-,2595(1),2597(1),2884(1),-
AP Govt-NS LOC (SVU),SC-GEN,Andhra Pradesh,"Rajiv Gandhi IMS, Kadapa",RADIATION ONCOLOGY,"₹48,600*","₹60,823",1*,"₹40,00,000*",715,-,-,-,-,-,-,-,2511(1),2398(1),2885(1),-
AP Govt-NS AP LOC,BCB-GEN,Andhra Pradesh,"Govt Siddhartha, Vijaywada",PATHOLOGY,"₹48,600*","₹60,823",1*,"₹40,00,000*",707,-,-,-,-,-,-,-,2219(1),2221(1),2890(1),-
AP Govt-NS LOC (AU),SC-GEN,Andhra Pradesh,"Rajiv Gandhi IMS, Srikakulam",ANAESTHESIOLOGY,"₹48,600*","₹60,823",1*,"₹40,00,000*",532,-,-,-,-,-,-,-,2404(1),2535(1),2899(1),-
AP Govt-NS APUR,ST-GEN,Andhra Pradesh,"Kurnool Med Coll, Kurnool",GENERAL SURGERY,"₹48,600*","₹60,823",1*,"₹40,00,000*",1150,-,-,-,-,-,-,-,2381(1),2838(1),2903(1),-
AP Govt-NS LOC (AU),SC-GEN,Andhra Pradesh,"NRI Inst of Med Sci, Vizag",OBG,"₹4,96,800*","₹40,000*",1*,"₹40,00,000*",980,-,-,-,-,-,-,-,2710(1),2712(1),2904(1),-
AP Govt-NS LOC (SVU),BCB-GEN,Andhra Pradesh,"Govt Siddhartha, Vijaywada",PATHOLOGY,"₹48,600*","₹60,823",1*,"₹40,00,000*",707,-,-,-,-,-,-,-,-,-,2906(1),-
AP Govt-NS APUR,SC-GEN,Andhra Pradesh,"Narayana Med Coll, Nellore",ORTHOPAEDICS,"₹4,96,800*","₹30,000*",1*,"₹40,00,000*",1430,-,-,-,-,-,-,-,2284(1),2376(1),2910(1),-
AP Govt-NS APUR,ST-GEN,Andhra Pradesh,"Konaseema IMS, Amalapuram",GENERAL MEDICINE,"₹4,96,800*","₹30,000*",1*,"₹40,00,000*",840,-,-,-,-,-,-,-,2159(1),2890(1),2911(1),-
AP Govt-NS LOC (AU),BCB-GEN,Andhra Pradesh,"Katuri Med Coll, Guntur",PSYCHIATRY,"₹4,96,800*",Info not available*,1*,"₹40,00,000*",1100,-,-,-,-,-,-,-,2330(1),2766(1),2916(1),-
AP Govt-NS LOC (AU),BCA-GEN,Andhra Pradesh,"Andhra Med Coll, Vizag",SPM,"₹48,600*","₹60,823",1*,"₹40,00,000*",1030,-,-,-,-,-,-,-,2905(1),2908(1),2929(1),-
AP Govt-NS LOC (AU),ST-GEN,Andhra Pradesh,"Rajiv Gandhi IMS, Srikakulam",OBG,"₹48,600*","₹60,823",1*,"₹40,00,000*",532,-,-,-,-,-,-,-,-,2655(1),2937(1),-
AP Govt-NS LOC (AU),SC-FEM,Andhra Pradesh,"GVP Med Coll, Vizag",TBRD,"₹4,96,800*","₹30,000*",1*,"₹40,00,000*",750,-,-,-,-,-,-,-,2829(1),2921(1),2942(1),-
AP Govt-NS APUR,OPEN-GEN,Andhra Pradesh,"Kurnool Med Coll, Kurnool",PHARMACOLOGY,"₹48,600*","₹60,823",1*,"₹40,00,000*",1150,-,-,-,-,-,-,-,-,-,2944(1),-
AP Govt-NS LOC (SVU),SC-FEM,Andhra Pradesh,"Apollo IMS&R, Chittoor",GENERAL SURGERY,"₹4,96,800*","₹30,000*",1*,"₹40,00,000*",850,-,-,-,-,-,-,-,2929(1),2932(1),2953(1),-
AP Govt-NS LOC (SVU),SC-GEN,Andhra Pradesh,"PES IMS, Kuppam",GENERAL SURGERY,"₹4,96,800*","₹30,000*",1*,"₹40,00,000*",975,-,-,-,-,-,-,-,2308(1),2347(1),2955(1),-
AP Govt-NS LOC (AU),SC-GEN,Andhra Pradesh,"Guntur Med Coll, Guntur",RADIATION ONCOLOGY,"₹48,600*","₹60,823",1*,"₹40,00,000*",1170,-,-,-,-,-,-,-,2462(1),2645(1),2968(1),-
AP Govt-NS LOC (AU),SC-GEN-PHO,Andhra Pradesh,"GSL Med Coll, Rajahmundry",GENERAL SURGERY,"₹4,96,800*","₹30,000*",1*,"₹40,00,000*",1140,-,-,-,-,-,-,-,2947(1),2950(1),2971(1),-
AP Govt-NS LOC (AU),BCD-GEN-PHO,Andhra Pradesh,"Rangaraya Med Coll, Kakinada",PATHOLOGY,"₹48,600*","₹60,823",1*,"₹40,00,000*",1450,-,-,-,-,-,-,-,2537(1),2539(1),2972(1),-
AP Govt-NS LOC (AU),SC-GEN,Andhra Pradesh,"Alluri Sitaram Raju, Eluru",TBRD,"₹4,96,800*","₹30,000*",1*,"₹40,00,000*",1200,-,-,-,-,-,-,-,2689(1),2794(1),2978(1),-
AP Govt-NS LOC (AU),SC-GEN,Andhra Pradesh,"Rangaraya Med Coll, Kakinada",PSYCHIATRY,"₹48,600*","₹60,823",1*,"₹40,00,000*",1450,-,-,-,-,-,-,-,2955(1),2958(1),2979(1),-
AP Govt-NS LOC (SVU),ST-GEN,Andhra Pradesh,"Narayana Med Coll, Nellore",RADIO DIAGNOSIS,"₹4,96,800*","₹30,000*",1*,"₹40,00,000*",1430,-,-,-,-,-,-,-,2956(1),2959(1),2980(1),-
AP Govt-NS LOC (AU),SC-FEM-PHO,Andhra Pradesh,"Rangaraya Med Coll, Kakinada",ENT,"₹48,600*","₹60,823",1*,"₹40,00,000*",1450,-,-,-,-,-,-,-,2429(1),2431(1),2982(1),-
AP Govt-NS LOC (SVU),ST-GEN,Andhra Pradesh,"Narayana Med Coll, Nellore",GENERAL MEDICINE,"₹4,96,800*","₹30,000*",1*,"₹40,00,000*",1430,-,-,-,-,-,-,-,2960(1),2963(1),2984(1),-
AP Govt-NS LOC (AU),ST-GEN,Andhra Pradesh,"Konaseema IMS, Amalapuram",RADIO DIAGNOSIS,"₹4,96,800*","₹30,000*",1*,"₹40,00,000*",840,-,-,-,-,-,-,-,2963(1),2966(1),2987(1),-
AP Govt-NS LOC (AU),BCC-GEN,Andhra Pradesh,"Maharajah IMS, Vizianagaram",ENT,"₹4,96,800*",Info not available*,1*,"₹40,00,000*",850,-,-,-,-,-,-,-,2553(1),2555(1),2990(1),-
AP Govt-NS LOC (AU),SC-FEM,Andhra Pradesh,"Konaseema IMS, Amalapuram",OBG,"₹4,96,800*","₹30,000*",1*,"₹40,00,000*",840,-,-,-,-,-,-,-,2085(1),2971(1),2992(1),-
AP Govt-NS LOC (SVU),SC-FEM,Andhra Pradesh,"SV Med Coll, Tirupati",ORTHOPAEDICS,"₹48,600*","₹60,823",1*,"₹40,00,000*",940,-,-,-,-,-,-,-,2971(1),2974(1),2995(1),-
AP Govt-NS APUR,SC-GEN,Andhra Pradesh,"GSL Med Coll, Rajahmundry",ORTHOPAEDICS,"₹4,96,800*","₹30,000*",1*,"₹40,00,000*",1140,-,-,-,-,-,-,-,2402(1),2310(1),2999(1),-
AP Govt-NS LOC (AU),SC-GEN,Andhra Pradesh,"Konaseema IMS, Amalapuram",GENERAL SURGERY,"₹4,96,800*","₹30,000*",1*,"₹40,00,000*",840,-,-,-,-,-,-,-,2985(1),2988(1),3009(1),-
AP Govt-NS LOC (AU),BCB-FEM,Andhra Pradesh,"Rajiv Gandhi IMS, Srikakulam",PATHOLOGY,"₹48,600*","₹60,823",1*,"₹40,00,000*",532,-,-,-,-,-,-,-,2988(1),2991(1),3012(1),-
AP Govt-NS LOC (AU),MIN-GEN-MSM,Andhra Pradesh,"Nimra Inst of Med Sci, Krishna",ORTHOPAEDICS,"₹4,96,800*",Info not available*,1*,"₹40,00,000*",-,2695(1),3412(2),-,-,-,-,-,2028(1),2994(2),3017(2),-
AP Govt-NS LOC (SVU),SC-FEM,Andhra Pradesh,"Rajiv Gandhi IMS, Kadapa",PSYCHIATRY,"₹48,600*","₹60,823",1*,"₹40,00,000*",715,-,-,-,-,-,-,-,2998(1),3001(1),3022(1),-
AP Govt-NS LOC (AU),MIN-GEN-MSM,Andhra Pradesh,"Nimra Inst of Med Sci, Krishna",ANAESTHESIOLOGY,"₹4,96,800*",Info not available*,1*,"₹40,00,000*",-,-,3991(3),-,3768(1),4575(1),-,-,2607(2),2875(2),3023(3),-
AP Govt-NS LOC (AU),SC-GEN,Andhra Pradesh,"GreatEastern MedSch,Srikakulam",EMERGENCY MEDICINE,"₹4,96,800*",Info not available*,1*,"₹40,00,000*",780,2985(1),3002(1),-,-,-,-,-,3028(1),3031(1),3052(1),-
AP Govt-NS APUR,SC-GEN,Andhra Pradesh,"Katuri Med Coll, Guntur",OPHTHALMOLOGY,"₹4,96,800*",Info not available*,1*,"₹40,00,000*",1100,-,-,-,-,-,-,-,2859(1),2861(1),3053(1),-
AP Govt-NS LOC (SVU),SC-GEN,Andhra Pradesh,"Santhiram Med Coll, Nandyal",ENT,"₹4,96,800*","₹30,000*",1*,"₹40,00,000*",930,-,-,-,-,-,-,-,3053(1),3056(1),3078(1),-
AP Govt-NS LOC (SVU),SC-FEM,Andhra Pradesh,"Narayana Med Coll, Nellore",ANAESTHESIOLOGY,"₹4,96,800*","₹30,000*",1*,"₹40,00,000*",1430,-,-,-,-,-,-,-,3058(1),3067(1),3089(1),-
AP Govt-NS LOC (AU),SC-GEN,Andhra Pradesh,"NRI Inst of Med Sci, Vizag",ANAESTHESIOLOGY,"₹4,96,800*","₹40,000*",1*,"₹40,00,000*",980,-,-,-,-,-,-,-,3067(1),3070(1),3092(1),-
AP Govt-NS LOC (AU),SC-GEN,Andhra Pradesh,"GreatEastern MedSch,Srikakulam",GENERAL SURGERY,"₹4,96,800*",Info not available*,1*,"₹40,00,000*",780,-,-,-,-,-,-,-,2531(1),2533(1),3102(1),-
AP Govt-NS LOC (AU),BCA-FEM,Andhra Pradesh,"Guntur Med Coll, Guntur",PATHOLOGY,"₹48,600*","₹60,823",1*,"₹40,00,000*",1170,-,-,-,-,-,-,-,2557(1),3082(1),3104(1),-
AP Govt-NS LOC (AU),BCB-FEM,Andhra Pradesh,"GVP Med Coll, Vizag",ORTHOPAEDICS,"₹4,96,800*","₹30,000*",1*,"₹40,00,000*",750,-,-,-,-,-,-,-,-,-,3115(1),-
AP Govt-NS LOC (AU),SC-GEN,Andhra Pradesh,"Dr PSI Med Coll, Chinoutpalli",ANAESTHESIOLOGY,"₹4,96,800*","₹28,000*",1*,"₹40,00,000*",790,-,-,-,-,-,-,-,3100(1),3103(1),3126(1),-
AP Govt-NS LOC (AU),OPEN-GEN,Andhra Pradesh,"Alluri Sitaram Raju, Eluru",PATHOLOGY,"₹1,55,250*","₹30,000*",1*,"₹40,00,000*",1200,3065(1),4119(1),4105(1),4526(1),-,4460(1),-,1910(1),2674(1),3127(2),788(1)
AP Govt-NS APUR,SC-GEN,Andhra Pradesh,"NRI Med Coll, Guntur",ENT,"₹4,96,800*","₹27,000*",1*,"₹40,00,000*",1050,-,-,-,-,-,-,-,2975(1),2978(1),3136(1),-
AP Govt-NS LOC (AU),SC-FEM,Andhra Pradesh,"Rajiv Gandhi IMS, Srikakulam",ENT,"₹48,600*","₹60,823",1*,"₹40,00,000*",532,-,-,-,-,-,-,-,-,2574(1),3142(1),-
AP Govt-NS LOC (AU),SC-GEN-PHO,Andhra Pradesh,"Alluri Sitaram Raju, Eluru",OBG,"₹4,96,800*","₹30,000*",1*,"₹40,00,000*",1200,-,-,-,-,-,-,-,1801(1),2676(1),3145(1),-
AP Govt-NS LOC (SVU),SC-GEN,Andhra Pradesh,"VMC, Kurnool",PSYCHIATRY,"₹4,96,800*","₹30,000*",1*,"₹40,00,000*",650,-,-,-,-,-,-,-,3205(1),3208(1),3154(1),-
AP Govt-NS LOC (AU),BCA-FEM,Andhra Pradesh,"GSL Med Coll, Rajahmundry",ORTHOPAEDICS,"₹4,96,800*","₹30,000*",1*,"₹40,00,000*",1140,-,-,-,-,-,-,-,3000(2),3134(2),3158(2),-
AP Govt-NS LOC (AU),OPEN-GEN,Andhra Pradesh,"Rajiv Gandhi IMS, Ongole",SPM,"₹48,600*","₹60,823",1*,"₹40,00,000*",500,3952(1),4420(1),-,-,-,-,-,3141(1),3144(1),3168(1),-
AP Govt-NS LOC (AU),BCA-GEN,Andhra Pradesh,"GVP Med Coll, Vizag",PSYCHIATRY,"₹4,96,800*","₹30,000*",1*,"₹40,00,000*",750,-,-,-,-,-,-,-,2885(1),2313(1),3169(1),-
AP Govt-NS LOC (SVU),BCC-GEN,Andhra Pradesh,"SVIMS, Tirupati",IHBT,"₹2,11,600*","₹80,904*",1*,"₹40,00,000*",1257,-,-,-,-,-,-,-,-,3162(1),3186(1),-
AP Govt-NS LOC (AU),BCB-GEN,Andhra Pradesh,"Rajiv Gandhi IMS, Ongole",PATHOLOGY,"₹48,600*","₹60,823",1*,"₹40,00,000*",500,-,-,-,-,-,-,-,3161(1),3164(1),3188(1),-
AP Govt-NS LOC (SVU),SC-GEN,Andhra Pradesh,"Apollo IMS&R, Chittoor",ANAESTHESIOLOGY,"₹4,96,800*","₹30,000*",1*,"₹40,00,000*",850,-,-,-,-,-,-,-,3081(1),3061(1),3199(1),-
AP Govt-NS LOC (AU),BCE-GEN,Andhra Pradesh,"Rajiv Gandhi IMS, Ongole",SPM,"₹48,600*","₹60,823",1*,"₹40,00,000*",500,-,-,-,-,-,-,-,3180(1),3183(1),3207(1),-
AP Govt-NS LOC (SVU),SC-GEN,Andhra Pradesh,"VMC, Kurnool",ANAESTHESIOLOGY,"₹4,96,800*","₹30,000*",1*,"₹40,00,000*",650,-,-,-,-,-,-,-,-,-,3218(1),-
AP Govt-NS APUR,SC-GEN,Andhra Pradesh,"NRI Med Coll, Guntur",PSYCHIATRY,"₹4,96,800*","₹27,000*",1*,"₹40,00,000*",1050,-,-,-,-,-,-,-,3127(1),3198(1),3222(1),-
AP Govt-NS LOC (SVU),SC-GEN,Andhra Pradesh,"Santhiram Med Coll, Nandyal",ANAESTHESIOLOGY,"₹4,96,800*","₹30,000*",1*,"₹40,00,000*",930,-,-,-,-,-,-,-,3064(1),2934(1),3232(1),-
AP Govt-NS LOC (SVU),OPEN-GEN,Andhra Pradesh,"SVIMS, Tirupati",PHARMACOLOGY,"₹2,11,600*","₹80,904*",1*,"₹40,00,000*",1257,-,-,-,-,-,-,-,3206(1),3209(1),3233(1),-
AP Govt-NS LOC (SVU),OPEN-FEM,Andhra Pradesh,"Rajiv Gandhi IMS, Kadapa",SPM,"₹48,600*","₹60,823",1*,"₹40,00,000*",715,-,-,-,-,-,-,-,3162(1),3212(1),3236(1),-
AP Govt-NS LOC (SVU),SC-GEN,Andhra Pradesh,"VMC, Kurnool",GENERAL SURGERY,"₹4,96,800*","₹30,000*",1*,"₹40,00,000*",650,-,-,-,-,-,-,-,2807(1),2809(1),3239(1),-
AP Govt-NS LOC (AU),OPEN-FEM,Andhra Pradesh,"Andhra Med Coll, Vizag",SPM,"₹48,600*","₹60,823",1*,"₹40,00,000*",1030,-,-,-,-,-,-,-,2612(1),3222(2),3246(2),-
AP Govt-NS LOC (AU),ST-FEM,Andhra Pradesh,"Dr PSI Med Coll, Chinoutpalli",DERMATOLOGY,"₹4,96,800*","₹28,000*",1*,"₹40,00,000*",790,-,-,-,-,-,-,-,3221(1),3224(1),3248(1),-
AP Govt-NS APUR,OPEN-GEN,Andhra Pradesh,"Rajiv Gandhi IMS, Kadapa",SPM,"₹48,600*","₹60,823",1*,"₹40,00,000*",715,-,-,-,-,-,-,-,-,2851(1),3251(1),-
AP Govt-NS LOC (AU),ST-GEN,Andhra Pradesh,"Rangaraya Med Coll, Kakinada",DERMATOLOGY,"₹48,600*","₹60,823",1*,"₹40,00,000*",1450,-,-,-,-,-,-,-,1900(1),1937(1),3257(1),-
AP Govt-NS LOC (AU),SC-FEM,Andhra Pradesh,"GreatEastern MedSch,Srikakulam",OBG,"₹4,96,800*",Info not available*,1*,"₹40,00,000*",780,-,-,-,-,-,-,-,1621(1),1803(1),3265(1),-
AP Govt-NS LOC (AU),OPEN-FEM,Andhra Pradesh,"NRI Med Coll, Guntur",PATHOLOGY,"₹1,55,250*","₹27,000*",1*,"₹40,00,000*",1050,-,-,-,-,-,-,-,-,-,3275(1),-
AP Govt-NS LOC (SVU),OPEN-FEM,Andhra Pradesh,"SVIMS, Tirupati",MICROBIOLOGY,"₹2,11,600*","₹80,904*",1*,"₹40,00,000*",1257,-,-,-,-,-,-,-,3258(1),3261(1),3285(1),-
AP Govt-NS LOC (SVU),ST-GEN,Andhra Pradesh,"SV Med Coll, Tirupati",PAEDIATRICS,"₹48,600*","₹60,823",1*,"₹40,00,000*",940,-,-,-,-,-,-,-,2202(1),2287(1),3286(1),-
AP Govt-NS LOC (SVU),OPEN-GEN,Andhra Pradesh,"Govt Med Coll, Ananthapuram",SPM,"₹48,600*","₹60,823",1*,"₹40,00,000*",500,-,-,-,-,-,-,-,3121(1),3227(1),3287(1),-
AP Govt-NS APUR,SC-FEM,Andhra Pradesh,"GSL Med Coll, Rajahmundry",GENERAL SURGERY,"₹4,96,800*","₹30,000*",1*,"₹40,00,000*",1140,-,-,-,-,-,-,-,2954(1),2957(1),3289(1),-
AP Govt-NS LOC (AU),SC-GEN,Andhra Pradesh,"Maharajah IMS, Vizianagaram",ORTHOPAEDICS,"₹4,96,800*",Info not available*,1*,"₹40,00,000*",850,-,-,-,-,-,-,-,2886(1),2889(1),3299(1),-
AP Govt-NS APUR,SC-FEM,Andhra Pradesh,"Alluri Sitaram Raju, Eluru",ANAESTHESIOLOGY,"₹4,96,800*","₹30,000*",1*,"₹40,00,000*",1200,-,-,-,-,-,-,-,2946(1),2949(1),3305(1),-
AP Govt-NS LOC (AU),BCE-GEN,Andhra Pradesh,"Maharajah IMS, Vizianagaram",PSYCHIATRY,"₹4,96,800*",Info not available*,1*,"₹40,00,000*",850,-,-,-,-,-,-,-,2999(1),3002(1),3307(1),-
AP Govt-NS LOC (AU),BCB-FEM,Andhra Pradesh,"Rajiv Gandhi IMS, Srikakulam",PSYCHIATRY,"₹48,600*","₹60,823",1*,"₹40,00,000*",532,-,-,-,-,-,-,-,2151(1),2393(1),3320(1),-
AP Govt-NS LOC (AU),OPEN-GEN,Andhra Pradesh,"Guntur Med Coll, Guntur",DPM (Psychiatry),"₹48,600*","₹60,823",1*,"₹40,00,000*",1170,3172(1),3194(1),-,-,-,-,-,2260(1),3305(1),3329(1),-
AP Govt-NS LOC (AU),SC-FEM,Andhra Pradesh,"GVP Med Coll, Vizag",ANAESTHESIOLOGY,"₹4,96,800*","₹30,000*",1*,"₹40,00,000*",750,-,-,-,-,-,-,-,3001(1),3241(1),3331(1),-
AP Govt-NS APUR,ST-GEN,Andhra Pradesh,"Kurnool Med Coll, Kurnool",ANAESTHESIOLOGY,"₹48,600*","₹60,823",1*,"₹40,00,000*",1150,-,-,-,-,-,-,-,3361(1),3248(1),3336(1),-
AP Govt-NS APUR,SC-FEM,Andhra Pradesh,"Andhra Med Coll, Vizag",PHARMACOLOGY,"₹48,600*","₹60,823",1*,"₹40,00,000*",1030,-,-,-,-,-,-,-,3817(1),3820(1),3337(1),-
AP Govt-NS LOC (SVU),OPEN-GEN,Andhra Pradesh,"Kurnool Med Coll, Kurnool",MICROBIOLOGY,"₹48,600*","₹60,823",1*,"₹40,00,000*",1150,-,-,-,-,-,-,-,2474(1),3510(1),3340(1),-
AP Govt-NS LOC (SVU),BCB-GEN,Andhra Pradesh,"Narayana Med Coll, Nellore",PATHOLOGY,"₹1,55,250*","₹30,000*",1*,"₹40,00,000*",1430,-,-,-,-,-,-,-,2848(1),2850(1),3341(1),-
AP Govt-NS LOC (SVU),SC-FEM,Andhra Pradesh,"SV Med Coll, Tirupati",PATHOLOGY,"₹48,600*","₹60,823",1*,"₹40,00,000*",940,-,-,-,-,-,-,-,3044(1),3318(1),3342(1),-
AP Govt-NS LOC (AU),SC-FEM,Andhra Pradesh,"Alluri Sitaram Raju, Eluru",ORTHOPAEDICS,"₹4,96,800*","₹30,000*",1*,"₹40,00,000*",1200,-,-,-,-,-,-,-,3116(1),3119(1),3357(1),-
AP Govt-NS LOC (AU),SC-GEN,Andhra Pradesh,"Govt Siddhartha, Vijaywada",PATHOLOGY,"₹48,600*","₹60,823",1*,"₹40,00,000*",707,-,-,-,-,-,-,-,3115(1),3118(1),3365(1),-
AP Govt-NS LOC (AU),OPEN-GEN,Andhra Pradesh,"GSL Med Coll, Rajahmundry",PATHOLOGY,"₹1,55,250*","₹30,000*",1*,"₹40,00,000*",1140,3150(1),4133(1),-,-,-,-,-,2663(1),2768(1),3371(1),-
AP Govt-NS LOC (AU),SC-FEM,Andhra Pradesh,"GVP Med Coll, Vizag",GENERAL SURGERY,"₹4,96,800*","₹30,000*",1*,"₹40,00,000*",750,-,-,-,-,-,-,-,2880(1),2883(1),3385(1),-
AP Govt-NS LOC (AU),SC-GEN,Andhra Pradesh,"Rangaraya Med Coll, Kakinada",MICROBIOLOGY,"₹48,600*","₹60,823",1*,"₹40,00,000*",1450,4316(2),4789(1),-,-,-,5043(1),-,-,-,3400(1),-
AP Govt-NS LOC (AU),OPEN-GEN,Andhra Pradesh,"Guntur Med Coll, Guntur",SPM,"₹48,600*","₹60,823",1*,"₹40,00,000*",1170,3224(1),3573(1),-,-,-,-,-,2625(1),3450(2),3403(1),-
AP Govt-NS LOC (AU),OPEN-FEM,Andhra Pradesh,"NRI Inst of Med Sci, Vizag",PATHOLOGY,"₹1,55,250*","₹40,000*",1*,"₹40,00,000*",980,-,-,-,-,-,-,-,2730(1),2951(1),3405(1),-
AP Govt-NS LOC (AU),SC-GEN,Andhra Pradesh,"Dr PSI Med Coll, Chinoutpalli",ENT,"₹4,96,800*","₹28,000*",1*,"₹40,00,000*",790,-,-,-,-,-,-,-,3029(1),3032(1),3406(1),-
AP Govt-NS LOC (SVU),OPEN-GEN,Andhra Pradesh,"Rajiv Gandhi IMS, Kadapa",SPM,"₹48,600*","₹60,823",1*,"₹40,00,000*",715,-,4474(1),-,-,-,-,-,3187(1),2902(1),3410(1),-
AP Govt-NS LOC (AU),SC-FEM,Andhra Pradesh,"GSL Med Coll, Rajahmundry",OPHTHALMOLOGY,"₹4,96,800*","₹30,000*",1*,"₹40,00,000*",1140,-,-,-,-,-,-,-,2918(1),3121(1),3412(1),-
AP Govt-NS APUR,OPEN-GEN,Andhra Pradesh,"Rajiv Gandhi IMS, Kadapa",FORENSIC MEDICINE,"₹48,600*","₹60,823",1*,"₹40,00,000*",715,3701(1),5040(1),-,-,-,-,-,-,-,3413(1),540(1)
AP Govt-NS LOC (AU),ST-GEN,Andhra Pradesh,"Guntur Med Coll, Guntur",GENERAL SURGERY,"₹48,600*","₹60,823",1*,"₹40,00,000*",1170,-,-,-,-,-,-,-,2708(1),3233(1),3415(1),-
AP Govt-NS LOC (AU),ST-GEN,Andhra Pradesh,"GSL Med Coll, Rajahmundry",GENERAL MEDICINE,"₹4,96,800*","₹30,000*",1*,"₹40,00,000*",1140,-,-,-,-,-,-,-,2887(1),3398(1),3424(1),-
AP Govt-NS LOC (SVU),ST-GEN,Andhra Pradesh,"Narayana Med Coll, Nellore",OBG,"₹4,96,800*","₹30,000*",1*,"₹40,00,000*",1430,-,-,-,-,-,-,-,3403(1),3405(1),3431(1),-
AP Govt-NS LOC (AU),ST-GEN,Andhra Pradesh,"Katuri Med Coll, Guntur",PAEDIATRICS,"₹4,96,800*",Info not available*,1*,"₹40,00,000*",1100,-,-,-,-,-,-,-,3412(1),3414(1),3440(1),-
AP Govt-NS LOC (SVU),ST-FEM,Andhra Pradesh,"Narayana Med Coll, Nellore",PAEDIATRICS,"₹4,96,800*","₹30,000*",1*,"₹40,00,000*",1430,-,-,-,-,-,-,-,3414(1),3416(1),3442(1),-
AP Govt-NS LOC (AU),ST-GEN,Andhra Pradesh,"GVP Med Coll, Vizag",OBG,"₹4,96,800*","₹30,000*",1*,"₹40,00,000*",750,-,-,-,-,-,-,-,3687(1),3226(1),3470(1),-
AP Govt-NS LOC (AU),OPEN-GEN,Andhra Pradesh,"Rangaraya Med Coll, Kakinada",HOSPITAL ADMINISTRATION,"₹48,600*","₹60,823",1*,"₹40,00,000*",1450,-,-,-,-,-,-,-,1746(1),2213(1),3478(2),-
AP Govt-NS LOC (AU),OPEN-FEM,Andhra Pradesh,"Rajiv Gandhi IMS, Srikakulam",SPM,"₹48,600*","₹60,823",1*,"₹40,00,000*",532,-,-,-,-,-,-,-,3219(1),3570(1),3487(1),770(1)
AP Govt-NS APUR,BCB-GEN,Andhra Pradesh,"Rangaraya Med Coll, Kakinada",SPM,"₹48,600*","₹60,823",1*,"₹40,00,000*",1450,-,-,-,-,-,-,-,-,-,3497(1),-
AP Govt-NS LOC (SVU),ST-GEN,Andhra Pradesh,"SV Med Coll, Tirupati",OPHTHALMOLOGY,"₹48,600*","₹60,823",1*,"₹40,00,000*",940,-,-,-,-,-,-,-,3472(1),3474(1),3501(1),-
AP Govt-NS LOC (AU),BCD-GEN,Andhra Pradesh,"GSL Med Coll, Rajahmundry",PATHOLOGY,"₹1,55,250*","₹30,000*",1*,"₹40,00,000*",1140,-,-,-,-,-,-,-,-,-,3513(1),-
AP Govt-NS LOC (AU),BCC-GEN,Andhra Pradesh,"Dr PSI Med Coll, Chinoutpalli",PATHOLOGY,"₹1,55,250*","₹28,000*",1*,"₹40,00,000*",790,-,-,-,-,-,-,-,-,-,3514(1),-
AP Govt-NS LOC (SVU),OPEN-GEN,Andhra Pradesh,"Rajiv Gandhi IMS, Kadapa",MICROBIOLOGY,"₹48,600*","₹60,823",1*,"₹40,00,000*",715,-,-,-,-,-,-,-,3508(1),3885(1),3538(1),-
AP Govt-NS APUR,SC-GEN,Andhra Pradesh,"Rajiv Gandhi IMS, Ongole",SPM,"₹48,600*","₹60,823",1*,"₹40,00,000*",500,-,-,-,-,-,-,-,3544(1),3547(1),3576(1),-
AP Govt-NS LOC (AU),OPEN-GEN,Andhra Pradesh,"Andhra Med Coll, Vizag",MICROBIOLOGY,"₹48,600*","₹60,823",1*,"₹40,00,000*",1030,-,-,-,-,-,-,-,-,3562(1),3591(1),-
AP Govt-NS LOC (AU),SC-FEM,Andhra Pradesh,"GreatEastern MedSch,Srikakulam",ORTHOPAEDICS,"₹4,96,800*",Info not available*,1*,"₹40,00,000*",780,-,-,-,-,-,-,-,3331(1),3333(1),3603(1),-
AP Govt-NS LOC (SVU),SC-FEM,Andhra Pradesh,"SV Med Coll, Tirupati",FORENSIC MEDICINE,"₹48,600*","₹60,823",1*,"₹40,00,000*",940,-,-,-,-,-,-,-,3574(1),3577(1),3606(1),-
AP Govt-NS APUR,OPEN-GEN,Andhra Pradesh,"Govt Siddhartha, Vijaywada",PHARMACOLOGY,"₹48,600*","₹60,823",1*,"₹40,00,000*",707,-,-,-,-,-,-,-,3600(1),3641(1),3672(1),-
AP Govt-NS LOC (AU),OPEN-FEM,Andhra Pradesh,"Guntur Med Coll, Guntur",MICROBIOLOGY,"₹48,600*","₹60,823",1*,"₹40,00,000*",1170,3498(1),4368(1),-,-,-,-,-,-,-,3676(1),-
AP Govt-NS LOC (SVU),BCC-GEN,Andhra Pradesh,"Santhiram Med Coll, Nandyal",ANAESTHESIOLOGY,"₹4,96,800*","₹30,000*",1*,"₹40,00,000*",930,-,-,-,-,-,-,-,2532(1),2637(1),3678(1),-
AP Govt-NS LOC (SVU),OPEN-FEM,Andhra Pradesh,"Narayana Med Coll, Nellore",SPM,"₹1,55,250*","₹30,000*",1*,"₹40,00,000*",1430,-,4848(1),-,-,-,-,-,-,3446(1),3681(1),-
AP Govt-NS AP LOC,ST-GEN,Andhra Pradesh,"Govt Siddhartha, Vijaywada",ANAESTHESIOLOGY,"₹48,600*","₹60,823",1*,"₹40,00,000*",707,-,-,-,-,-,-,-,3363(1),3521(1),3687(1),-
AP Govt-NS APUR,ST-GEN,Andhra Pradesh,"Andhra Med Coll, Vizag",ANAESTHESIOLOGY,"₹48,600*","₹60,823",1*,"₹40,00,000*",1030,-,-,-,-,-,-,-,3322(1),3365(1),3696(1),-
AP Govt-NS LOC (AU),ST-FEM,Andhra Pradesh,"Rangaraya Med Coll, Kakinada",GENERAL SURGERY,"₹48,600*","₹60,823",1*,"₹40,00,000*",1450,-,-,-,-,-,-,-,2913(1),3669(1),3702(1),-
AP Govt-NS LOC (SVU),OPEN-GEN,Andhra Pradesh,"ACSR Medical College, Nellore",FORENSIC MEDICINE,"₹48,600*","₹60,823",1*,"₹40,00,000*",355,-,-,-,-,-,-,-,-,3672(1),3705(1),-
AP Govt-NS LOC (SVU),ST-GEN,Andhra Pradesh,"Rajiv Gandhi IMS, Kadapa",TBRD,"₹48,600*","₹60,823",1*,"₹40,00,000*",715,-,-,-,-,-,-,-,3124(1),3127(1),3712(1),-
AP Govt-NS APUR,SC-GEN,Andhra Pradesh,"Rajiv Gandhi IMS, Kadapa",PATHOLOGY,"₹48,600*","₹60,823",1*,"₹40,00,000*",715,-,-,-,-,-,-,-,3305(1),2947(1),3715(1),-
AP Govt-NS LOC (AU),BCB-GEN,Andhra Pradesh,"GVP Med Coll, Vizag",PATHOLOGY,"₹1,55,250*","₹30,000*",1*,"₹40,00,000*",750,-,-,-,-,-,-,-,3680(1),3683(1),3716(1),-
AP Govt-NS LOC (AU),ST-FEM,Andhra Pradesh,"Konaseema IMS, Amalapuram",PAEDIATRICS,"₹4,96,800*","₹30,000*",1*,"₹40,00,000*",840,-,-,-,-,-,-,-,3230(1),3690(1),3723(1),-
AP Govt-NS LOC (AU),SC-GEN,Andhra Pradesh,"NRI Med Coll, Guntur",FAMILY MEDICINE,"₹4,96,800*","₹27,000*",1*,"₹40,00,000*",1050,-,-,-,-,-,-,-,3047(1),3695(1),3728(1),-
AP Govt-NS APUR,SC-GEN,Andhra Pradesh,"Rajiv Gandhi IMS, Ongole",PATHOLOGY,"₹48,600*","₹60,823",1*,"₹40,00,000*",500,-,-,-,-,-,-,-,3339(1),3341(1),3732(1),-
AP Govt-NS LOC (AU),OPEN-GEN,Andhra Pradesh,"Guntur Med Coll, Guntur",MICROBIOLOGY,"₹48,600*","₹60,823",1*,"₹40,00,000*",1170,-,4740(1),-,-,-,-,-,3510(1),3703(1),3736(1),-
AP Govt-NS LOC (SVU),OPEN-GEN,Andhra Pradesh,"Narayana Med Coll, Nellore",SPM,"₹1,55,250*","₹30,000*",1*,"₹40,00,000*",1430,-,-,-,-,-,-,-,-,-,3743(1),1215(1)
AP Govt-NS LOC (AU),BCB-FEM,Andhra Pradesh,"Rangaraya Med Coll, Kakinada",PHARMACOLOGY,"₹48,600*","₹60,823",1*,"₹40,00,000*",1450,-,-,-,-,-,-,-,-,-,3754(1),-
AP Govt-NS APUR,OPEN-FEM,Andhra Pradesh,"SV Med Coll, Tirupati",PHYSIOLOGY,"₹48,600*","₹60,823",1*,"₹40,00,000*",940,-,-,-,-,-,-,-,3726(1),3729(1),3763(1),-
AP Govt-NS APUR,OPEN-GEN,Andhra Pradesh,"Govt Siddhartha, Vijaywada",FORENSIC MEDICINE,"₹48,600*","₹60,823",1*,"₹40,00,000*",707,-,-,-,-,-,-,-,3595(1),3470(1),3787(1),-
AP Govt-NS LOC (AU),SC-GEN,Andhra Pradesh,"GreatEastern MedSch,Srikakulam",PSYCHIATRY,"₹4,96,800*",Info not available*,1*,"₹40,00,000*",780,-,-,-,-,-,-,-,3301(1),3359(1),3793(1),-
AP Govt-NS LOC (SVU),OPEN-GEN,Andhra Pradesh,"Santhiram Med Coll, Nandyal",SPM,"₹1,55,250*","₹30,000*",1*,"₹40,00,000*",930,-,-,-,-,-,-,-,-,3316(1),3804(1),1185(1)
AP Govt-NS LOC (AU),BCA-FEM,Andhra Pradesh,"Rangaraya Med Coll, Kakinada",PATHOLOGY,"₹48,600*","₹60,823",1*,"₹40,00,000*",1450,-,-,-,-,-,-,-,-,-,3805(1),-
AP Govt-NS LOC (SVU),ST-GEN,Andhra Pradesh,"Kurnool Med Coll, Kurnool",ANAESTHESIOLOGY,"₹48,600*","₹60,823",1*,"₹40,00,000*",1150,-,-,-,-,-,-,-,-,-,3812(1),-
AP Govt-NS LOC (AU),OPEN-GEN-PHO,Andhra Pradesh,"Andhra Med Coll, Vizag",DERMATOLOGY,"₹48,600*","₹60,823",1*,"₹40,00,000*",1030,-,-,-,-,-,-,-,3779(1),3782(1),3817(1),-
AP Govt-NS LOC (SVU),SC-GEN,Andhra Pradesh,"VMC, Kurnool",PATHOLOGY,"₹1,55,250*","₹30,000*",1*,"₹40,00,000*",650,-,-,-,-,-,-,-,3759(1),3532(1),3822(1),-
AP Govt-NS LOC (SVU),OPEN-FEM,Andhra Pradesh,"Govt Med Coll, Ananthapuram",MICROBIOLOGY,"₹48,600*","₹60,823",1*,"₹40,00,000*",500,-,-,-,-,-,-,-,-,3493(1),3829(1),1580(1)
AP Govt-NS LOC (AU),ST-GEN,Andhra Pradesh,"Andhra Med Coll, Vizag",OPHTHALMOLOGY,"₹48,600*","₹60,823",1*,"₹40,00,000*",1030,-,-,-,-,-,-,-,2668(1),3803(1),3838(1),-
AP Govt-NS LOC (AU),ST-FEM,Andhra Pradesh,"Andhra Med Coll, Vizag",TBRD,"₹48,600*","₹60,823",1*,"₹40,00,000*",1030,-,-,-,-,-,-,-,2653(1),3822(1),3857(1),-
AP Govt-NS LOC (AU),ST-FEM,Andhra Pradesh,"Dr PSI Med Coll, Chinoutpalli",GENERAL MEDICINE,"₹4,96,800*","₹28,000*",1*,"₹40,00,000*",790,-,-,-,-,-,-,-,2828(1),3837(1),3872(1),-
AP Govt-NS LOC (SVU),ST-GEN,Andhra Pradesh,"Narayana Med Coll, Nellore",GENERAL SURGERY,"₹4,96,800*","₹30,000*",1*,"₹40,00,000*",1430,-,-,-,-,-,-,-,3843(1),3846(1),3881(1),-
AP Govt-NS LOC (SVU),ST-GEN,Andhra Pradesh,"PES IMS, Kuppam",ORTHOPAEDICS,"₹4,96,800*","₹30,000*",1*,"₹40,00,000*",975,-,-,-,-,-,-,-,3585(1),3363(1),3885(1),-
AP Govt-NS APUR,OPEN-GEN,Andhra Pradesh,"Govt Siddhartha, Vijaywada",MICROBIOLOGY,"₹48,600*","₹60,823",1*,"₹40,00,000*",707,-,-,-,-,-,-,-,3319(1),3321(1),3886(2),-
AP Govt-NS LOC (AU),BCD-GEN,Andhra Pradesh,"Rangaraya Med Coll, Kakinada",MICROBIOLOGY,"₹48,600*","₹60,823",1*,"₹40,00,000*",1450,-,-,-,-,-,-,-,3867(1),3870(1),3906(1),-
AP Govt-NS LOC (AU),OPEN-GEN,Andhra Pradesh,"Guntur Med Coll, Guntur",FORENSIC MEDICINE,"₹48,600*","₹60,823",1*,"₹40,00,000*",1170,-,4645(1),-,4994(1),-,-,-,3732(1),3877(1),3913(1),-
AP Govt-NS LOC (SVU),ST-FEM,Andhra Pradesh,"SV Med Coll, Tirupati",GENERAL SURGERY,"₹48,600*","₹60,823",1*,"₹40,00,000*",940,-,-,-,-,-,-,-,3068(1),3071(1),3915(1),-
AP Govt-NS LOC (SVU),BCA-GEN,Andhra Pradesh,"SV Med Coll, Tirupati",SPM,"₹48,600*","₹60,823",1*,"₹40,00,000*",940,-,-,-,-,-,-,-,4128(1),3880(1),3916(1),-
AP Govt-NS LOC (SVU),ST-FEM,Andhra Pradesh,"Kurnool Med Coll, Kurnool",ORTHOPAEDICS,"₹48,600*","₹60,823",1*,"₹40,00,000*",1150,-,-,-,-,-,-,-,3245(1),3906(1),3943(1),-
AP Govt-NS LOC (AU),SC-GEN,Andhra Pradesh,"Andhra Med Coll, Vizag",SPM,"₹48,600*","₹60,823",1*,"₹40,00,000*",1030,3986(1),4220(1),-,-,-,-,-,3558(1),3909(1),3946(1),-
AP Govt-NS APUR,OPEN-GEN,Andhra Pradesh,"Rajiv Gandhi IMS, Kadapa",PHARMACOLOGY,"₹48,600*","₹60,823",1*,"₹40,00,000*",715,-,-,-,-,-,-,-,3669(1),3922(1),3959(1),-
AP Govt-NS LOC (AU),SC-GEN,Andhra Pradesh,"GreatEastern MedSch,Srikakulam",PATHOLOGY,"₹1,55,250*",Info not available*,1*,"₹40,00,000*",780,-,-,-,-,-,-,-,3460(1),3735(1),3990(1),-
AP Govt-NS LOC (SVU),ST-GEN,Andhra Pradesh,"SVIMS, Tirupati",RADIATION ONCOLOGY,"₹2,11,600*","₹80,904*",1*,"₹40,00,000*",1257,-,-,-,-,-,-,-,3259(1),3262(1),3995(1),-
AP Govt-NS LOC (AU),OPEN-GEN,Andhra Pradesh,"Rangaraya Med Coll, Kakinada",PHARMACOLOGY,"₹48,600*","₹60,823",1*,"₹40,00,000*",1450,4036(1),4693(1),-,-,-,-,-,3781(2),3959(2),3996(2),1743(1)
AP Govt-NS LOC (SVU),BCD-FEM,Andhra Pradesh,"PES IMS, Kuppam",PATHOLOGY,"₹1,55,250*","₹30,000*",1*,"₹40,00,000*",975,-,-,-,-,-,-,-,3961(1),3964(1),4001(1),-
AP Govt-NS LOC (AU),OPEN-GEN,Andhra Pradesh,"GSL Med Coll, Rajahmundry",SPM,"₹1,55,250*","₹30,000*",1*,"₹40,00,000*",1140,-,4854(1),-,-,-,-,-,3393(1),3843(1),4005(1),-
AP Govt-NS LOC (AU),OPEN-GEN,Andhra Pradesh,"Alluri Sitaram Raju, Eluru",SPM,"₹1,55,250*","₹30,000*",1*,"₹40,00,000*",1200,-,-,-,4855(1),-,-,-,3175(1),3269(1),4021(1),-
AP Govt-NS LOC (AU),ST-FEM,Andhra Pradesh,"Guntur Med Coll, Guntur",ANAESTHESIOLOGY,"₹48,600*","₹60,823",1*,"₹40,00,000*",1170,-,-,-,-,-,-,-,3538(1),3541(1),4028(1),-
AP Govt-NS LOC (AU),BCD-GEN-PHO,Andhra Pradesh,"Andhra Med Coll, Vizag",MICROBIOLOGY,"₹48,600*","₹60,823",1*,"₹40,00,000*",1030,-,-,-,-,-,-,-,-,-,4031(1),-
AP Govt-NS APUR,ST-GEN,Andhra Pradesh,"NRI Inst of Med Sci, Vizag",GENERAL SURGERY,"₹4,96,800*","₹40,000*",1*,"₹40,00,000*",980,-,-,-,-,-,-,-,3651(1),3588(1),4042(1),-
AP Govt-NS LOC (SVU),OPEN-GEN,Andhra Pradesh,"Kurnool Med Coll, Kurnool",PHARMACOLOGY,"₹48,600*","₹60,823",1*,"₹40,00,000*",1150,-,-,-,-,-,-,-,2920(1),2923(1),4049(1),-
AP Govt-NS LOC (SVU),OPEN-GEN,Andhra Pradesh,"Govt Med Coll, Ananthapuram",PHARMACOLOGY,"₹48,600*","₹60,823",1*,"₹40,00,000*",500,-,-,-,-,-,-,-,-,4010(1),4071(1),-
AP Govt-NS LOC (AU),BCD-FEM-PHO,Andhra Pradesh,"NRI Med Coll, Guntur",SPM,"₹1,55,250*","₹27,000*",1*,"₹40,00,000*",1050,-,-,-,-,-,-,-,-,4032(1),4072(1),-
AP Govt-NS LOC (AU),BCA-FEM,Andhra Pradesh,"GreatEastern MedSch,Srikakulam",SPM,"₹1,55,250*",Info not available*,1*,"₹40,00,000*",780,-,-,-,-,-,-,-,-,-,4081(1),-
AP Govt-NS LOC (AU),SC-FEM,Andhra Pradesh,"Guntur Med Coll, Guntur",PATHOLOGY,"₹48,600*","₹60,823",1*,"₹40,00,000*",1170,-,-,-,-,-,-,-,2944(1),3307(1),4082(1),-
AP Govt-NS LOC (AU),ST-GEN,Andhra Pradesh,"Rajiv Gandhi IMS, Ongole",ORTHOPAEDICS,"₹48,600*","₹60,823",1*,"₹40,00,000*",500,-,-,-,-,-,-,-,3387(1),3389(1),4088(1),-
AP Govt-NS LOC (AU),BCA-GEN,Andhra Pradesh,"Alluri Sitaram Raju, Eluru",PATHOLOGY,"₹1,55,250*","₹30,000*",1*,"₹40,00,000*",1200,-,-,-,-,-,-,-,3345(1),3653(1),4094(1),-
AP Govt-NS LOC (AU),BCA-FEM,Andhra Pradesh,"Maharajah IMS, Vizianagaram",PATHOLOGY,"₹1,55,250*",Info not available*,1*,"₹40,00,000*",850,-,-,-,-,-,-,-,3898(1),3901(1),4104(1),-
AP Govt-NS LOC (AU),ST-GEN,Andhra Pradesh,"NRI Med Coll, Guntur",GENERAL SURGERY,"₹4,96,800*","₹27,000*",1*,"₹40,00,000*",1050,-,-,-,-,-,-,-,3347(1),3349(1),4107(1),-
AP Govt-NS APUR,OPEN-GEN,Andhra Pradesh,"Kurnool Med Coll, Kurnool",FORENSIC MEDICINE,"₹48,600*","₹60,823",1*,"₹40,00,000*",1150,-,-,-,-,-,-,-,2750(1),3323(1),4111(1),-
AP Govt-NS LOC (SVU),BCB-GEN,Andhra Pradesh,"Govt Med Coll, Ananthapuram",PHARMACOLOGY,"₹48,600*","₹60,823",1*,"₹40,00,000*",500,-,-,-,-,-,-,-,-,4074(1),4116(1),-
AP Govt-NS LOC (SVU),OPEN-GEN,Andhra Pradesh,"Govt Med Coll, Ananthapuram",MICROBIOLOGY,"₹48,600*","₹60,823",1*,"₹40,00,000*",500,-,-,-,-,-,-,-,3570(2),3891(2),4128(1),-
AP Govt-NS LOC (AU),SC-FEM,Andhra Pradesh,"Rangaraya Med Coll, Kakinada",MICROBIOLOGY,"₹48,600*","₹60,823",1*,"₹40,00,000*",1450,-,-,-,-,-,-,-,4095(1),4098(1),4140(1),-
AP Govt-NS APUR,OPEN-FEM,Andhra Pradesh,"Govt Siddhartha, Vijaywada",MICROBIOLOGY,"₹48,600*","₹60,823",1*,"₹40,00,000*",707,-,-,-,-,-,-,-,3642(1),3645(1),4145(1),-
AP Govt-NS LOC (AU),SC-GEN,Andhra Pradesh,"Guntur Med Coll, Guntur",SPM,"₹48,600*","₹60,823",1*,"₹40,00,000*",1170,-,-,-,-,-,-,-,-,-,4153(1),-
AP Govt-NS LOC (AU),ST-GEN,Andhra Pradesh,"Andhra Med Coll, Vizag",PSYCHIATRY,"₹48,600*","₹60,823",1*,"₹40,00,000*",1030,4222(1),4297(1),-,-,-,-,-,4117(1),4120(1),4162(1),-
AP Govt-NS LOC (AU),SC-GEN,Andhra Pradesh,"Guntur Med Coll, Guntur",MICROBIOLOGY,"₹48,600*","₹60,823",1*,"₹40,00,000*",1170,-,-,-,-,-,-,-,4120(1),4123(1),4165(1),-
AP Govt-NS LOC (SVU),OPEN-FEM,Andhra Pradesh,"Rajiv Gandhi IMS, Kadapa",MICROBIOLOGY,"₹48,600*","₹60,823",1*,"₹40,00,000*",715,-,-,-,-,-,-,-,3644(1),3544(1),4173(1),-
AP Govt-NS LOC (AU),ST-GEN,Andhra Pradesh,"Konaseema IMS, Amalapuram",ANAESTHESIOLOGY,"₹4,96,800*","₹30,000*",1*,"₹40,00,000*",840,-,-,-,-,-,-,-,4147(1),4150(1),4192(1),-
AP Govt-NS LOC (AU),ST-GEN,Andhra Pradesh,"Maharajah IMS, Vizianagaram",OBG,"₹4,96,800*",Info not available*,1*,"₹40,00,000*",850,-,-,-,-,-,-,-,3254(1),3257(1),4197(1),-
AP Govt-NS LOC (AU),OPEN-GEN,Andhra Pradesh,"Dr PSI Med Coll, Chinoutpalli",DCP,"₹1,55,250*","₹28,000*",1*,"₹40,00,000*",790,3203(1),4562(2),4953(1),-,-,-,-,-,-,4199(1),-
AP Govt-NS LOC (AU),SC-GEN,Andhra Pradesh,"Dr PSI Med Coll, Chinoutpalli",DCP,"₹1,55,250*","₹28,000*",1*,"₹40,00,000*",790,-,-,-,-,-,-,-,4154(1),-,4201(1),-
AP Govt-NS LOC (AU),SC-FEM,Andhra Pradesh,"Rangaraya Med Coll, Kakinada",PHARMACOLOGY,"₹48,600*","₹60,823",1*,"₹40,00,000*",1450,-,-,-,-,-,-,-,4036(1),-,4202(1),-
AP Govt-NS LOC (SVU),BCE-GEN,Andhra Pradesh,"SV Med Coll, Tirupati",MICROBIOLOGY,"₹48,600*","₹60,823",1*,"₹40,00,000*",940,-,-,-,-,-,-,-,4164(1),4167(1),4210(1),-
AP Govt-NS LOC (SVU),SC-GEN,Andhra Pradesh,"SV Med Coll, Tirupati",PHARMACOLOGY,"₹48,600*","₹60,823",1*,"₹40,00,000*",940,-,-,-,-,-,-,-,-,-,4217(1),-
AP Govt-NS LOC (AU),BCB-GEN,Andhra Pradesh,"Andhra Med Coll, Vizag",MICROBIOLOGY,"₹48,600*","₹60,823",1*,"₹40,00,000*",1030,-,-,-,-,-,-,-,4200(1),4203(1),4248(1),-
AP Govt-NS LOC (AU),OPEN-FEM,Andhra Pradesh,"GVP Med Coll, Vizag",SPM,"₹1,55,250*","₹30,000*",1*,"₹40,00,000*",750,-,-,-,-,-,-,-,3684(1),4133(1),4250(1),-
AP Govt-NS LOC (SVU),OPEN-GEN,Andhra Pradesh,"Apollo IMS&R, Chittoor",PHYSIOLOGY,"₹70,380*","₹30,000*",1*,"₹40,00,000*",850,-,-,-,-,-,-,-,4294(1),-,4260(1),-
AP Govt-NS LOC (SVU),OPEN-GEN,Andhra Pradesh,"Rajiv Gandhi IMS, Kadapa",FORENSIC MEDICINE,"₹48,600*","₹60,823",1*,"₹40,00,000*",715,-,-,-,-,-,-,-,3385(1),4175(2),4261(2),-
AP Govt-NS LOC (SVU),ST-GEN,Andhra Pradesh,"Kurnool Med Coll, Kurnool",PATHOLOGY,"₹48,600*","₹60,823",1*,"₹40,00,000*",1150,-,-,-,-,-,-,-,3994(1),3997(1),4262(1),-
AP Govt-NS LOC (SVU),ST-GEN-PHO,Andhra Pradesh,"PES IMS, Kuppam",ENT,"₹4,96,800*","₹30,000*",1*,"₹40,00,000*",975,-,-,-,-,-,-,-,3428(1),3430(1),4266(1),-
AP Govt-NS LOC (AU),ST-GEN,Andhra Pradesh,"GSL Med Coll, Rajahmundry",ORTHOPAEDICS,"₹4,96,800*","₹30,000*",1*,"₹40,00,000*",1140,-,-,-,-,-,-,-,4044(1),3745(1),4267(1),-
AP Govt-NS LOC (AU),OPEN-GEN-PHO,Andhra Pradesh,"Rajiv Gandhi IMS, Srikakulam",GENERAL MEDICINE,"₹48,600*","₹60,823",1*,"₹40,00,000*",532,-,-,-,-,-,-,-,-,154(1),4274(1),-
AP Govt-NS LOC (AU),ST-FEM,Andhra Pradesh,"Dr PSI Med Coll, Chinoutpalli",PSYCHIATRY,"₹4,96,800*","₹28,000*",1*,"₹40,00,000*",790,-,-,-,-,-,-,-,4232(1),4235(1),4282(1),-
AP Govt-NS LOC (AU),OPEN-GEN,Andhra Pradesh,"Rangaraya Med Coll, Kakinada",FORENSIC MEDICINE,"₹48,600*","₹60,823",1*,"₹40,00,000*",1450,-,-,-,-,-,-,-,2265(1),3982(1),4294(1),-
AP Govt-NS LOC (SVU),ST-GEN,Andhra Pradesh,"Apollo IMS&R, Chittoor",PSYCHIATRY,"₹4,96,800*","₹30,000*",1*,"₹40,00,000*",850,-,-,-,-,-,-,-,3780(1),3958(1),4302(1),-
AP Govt-NS LOC (AU),ST-GEN,Andhra Pradesh,"Dr PSI Med Coll, Chinoutpalli",TBRD,"₹4,96,800*","₹28,000*",1*,"₹40,00,000*",790,-,-,-,-,-,-,-,3518(1),3654(1),4309(1),-
AP Govt-NS LOC (SVU),BCE-GEN,Andhra Pradesh,"PES IMS, Kuppam",SPM,"₹1,55,250*","₹30,000*",1*,"₹40,00,000*",975,-,-,-,-,-,-,-,4017(1),3578(1),4314(2),-
AP Govt-NS LOC (SVU),BCA-GEN,Andhra Pradesh,"Kurnool Med Coll, Kurnool",MICROBIOLOGY,"₹48,600*","₹60,823",1*,"₹40,00,000*",1150,-,4723(1),-,-,-,-,-,3474(1),4131(1),4325(1),-
AP Govt-NS LOC (AU),BCB-FEM,Andhra Pradesh,"Katuri Med Coll, Guntur",MICROBIOLOGY,"₹1,55,250*",Info not available*,1*,"₹40,00,000*",1100,-,-,-,-,-,-,-,-,-,4328(1),-
AP Govt-NS LOC (SVU),BCE-GEN,Andhra Pradesh,"Kurnool Med Coll, Kurnool",FORENSIC MEDICINE,"₹48,600*","₹60,823",1*,"₹40,00,000*",1150,-,-,-,-,-,-,-,3351(1),4284(1),4331(1),-
AP Govt-NS LOC (SVU),OPEN-GEN,Andhra Pradesh,"SVIMS, Tirupati",ANATOMY,"₹2,11,600*","₹80,904*",1*,"₹40,00,000*",1257,-,-,-,-,-,-,-,4063(1),4289(1),4336(1),-
AP Govt-NS LOC (AU),ST-GEN-PHO,Andhra Pradesh,"Katuri Med Coll, Guntur",GENERAL SURGERY,"₹4,96,800*",Info not available*,1*,"₹40,00,000*",1100,-,-,-,-,-,-,-,3742(1),4047(1),4343(1),-
AP Govt-NS LOC (SVU),BCE-FEM,Andhra Pradesh,"PES IMS, Kuppam",PHARMACOLOGY,"₹1,55,250*","₹30,000*",1*,"₹40,00,000*",975,-,-,-,-,-,-,-,4515(1),-,4344(1),-
AP Govt-NS APUR,OPEN-GEN,Andhra Pradesh,"Andhra Med Coll, Vizag",PHYSIOLOGY,"₹48,600*","₹60,823",1*,"₹40,00,000*",1030,-,-,-,-,-,-,-,-,-,4345(1),-
AP Govt-NS LOC (SVU),BCD-GEN,Andhra Pradesh,"Rajiv Gandhi IMS, Kadapa",MICROBIOLOGY,"₹48,600*","₹60,823",1*,"₹40,00,000*",715,-,-,-,-,-,-,-,3940(1),4300(1),4347(1),-
AP Govt-NS LOC (AU),OPEN-GEN,Andhra Pradesh,"Andhra Med Coll, Vizag",BIOCHEMISTRY,"₹48,600*","₹60,823",1*,"₹40,00,000*",1030,-,-,-,-,-,-,-,3848(2),4041(2),4350(3),-
AP Govt-NS LOC (SVU),SC-FEM,Andhra Pradesh,"VMC, Kurnool",SPM,"₹1,55,250*","₹30,000*",1*,"₹40,00,000*",650,-,-,-,-,-,-,-,4368(1),3566(1),4361(1),-
AP Govt-NS LOC (SVU),BCB-FEM,Andhra Pradesh,"Kurnool Med Coll, Kurnool",SPM,"₹48,600*","₹60,823",1*,"₹40,00,000*",1150,-,-,-,-,-,-,-,-,-,4383(1),-
AP Govt-NS LOC (SVU),ST-GEN,Andhra Pradesh,"Rajiv Gandhi IMS, Kadapa",MICROBIOLOGY,"₹48,600*","₹60,823",1*,"₹40,00,000*",715,-,-,-,-,-,-,-,3888(1),4373(1),4392(1),-
AP Govt-NS LOC (AU),SC-GEN,Andhra Pradesh,"Andhra Med Coll, Vizag",PHARMACOLOGY,"₹48,600*","₹60,823",1*,"₹40,00,000*",1030,-,-,-,-,-,-,-,-,-,4397(1),-
AP Govt-NS LOC (SVU),OPEN-GEN,Andhra Pradesh,"Govt Med Coll, Ananthapuram",BIOCHEMISTRY,"₹48,600*","₹60,823",1*,"₹40,00,000*",500,-,-,-,-,-,-,-,3820(1),4270(1),4424(1),-
AP Govt-NS APUR,BCA-GEN,Andhra Pradesh,"Govt Siddhartha, Vijaywada",MICROBIOLOGY,"₹48,600*","₹60,823",1*,"₹40,00,000*",707,-,-,-,-,-,-,-,3877(1),4052(1),4427(1),-
AP Govt-NS LOC (SVU),ST-GEN,Andhra Pradesh,"Narayana Med Coll, Nellore",ANAESTHESIOLOGY,"₹4,96,800*","₹30,000*",1*,"₹40,00,000*",1430,-,4808(1),-,-,-,-,-,3676(1),3679(1),4433(1),-
AP Govt-NS LOC (AU),ST-FEM,Andhra Pradesh,"Maharajah IMS, Vizianagaram",OPHTHALMOLOGY,"₹4,96,800*",Info not available*,1*,"₹40,00,000*",850,-,-,-,-,-,-,-,3666(1),4262(1),4437(1),-
AP Govt-NS LOC (SVU),BCD-FEM,Andhra Pradesh,"Rajiv Gandhi IMS, Kadapa",SPM,"₹48,600*","₹60,823",1*,"₹40,00,000*",715,-,-,-,-,-,-,-,3444(1),4383(1),4443(1),-
AP Govt-NS APUR,OPEN-GEN,Andhra Pradesh,"Govt Siddhartha, Vijaywada",PHYSIOLOGY,"₹48,600*","₹60,823",1*,"₹40,00,000*",707,-,-,-,-,-,-,-,3963(1),2643(1),4447(1),-
AP Govt-NS LOC (AU),SC-GEN,Andhra Pradesh,"Rajiv Gandhi IMS, Srikakulam",FORENSIC MEDICINE,"₹48,600*","₹60,823",1*,"₹40,00,000*",532,-,-,-,-,-,-,-,3789(1),4401(1),4466(1),-
AP Govt-NS LOC (SVU),OPEN-FEM,Andhra Pradesh,"Rajiv Gandhi IMS, Kadapa",PHARMACOLOGY,"₹48,600*","₹60,823",1*,"₹40,00,000*",715,-,-,-,-,-,-,-,-,-,4467(1),-
AP Govt-NS LOC (AU),ST-GEN,Andhra Pradesh,"Dr PSI Med Coll, Chinoutpalli",ANAESTHESIOLOGY,"₹4,96,800*","₹28,000*",1*,"₹40,00,000*",790,-,-,-,-,-,-,-,4135(1),4138(1),4468(1),-
AP Govt-NS LOC (SVU),BCB-GEN,Andhra Pradesh,"Rajiv Gandhi IMS, Kadapa",BIOCHEMISTRY,"₹48,600*","₹60,823",1*,"₹40,00,000*",715,-,-,-,-,-,-,-,4406(1),4409(1),4474(1),-
AP Govt-NS LOC (AU),BCB-GEN,Andhra Pradesh,"Andhra Med Coll, Vizag",PHYSIOLOGY,"₹48,600*","₹60,823",1*,"₹40,00,000*",1030,-,-,-,-,-,-,-,4410(1),4413(1),4478(1),-
AP Govt-NS APUR,OPEN-GEN,Andhra Pradesh,"SV Med Coll, Tirupati",BIOCHEMISTRY,"₹48,600*","₹60,823",1*,"₹40,00,000*",940,-,-,-,-,-,-,-,-,3746(1),4489(1),-
AP Govt-NS LOC (SVU),BCB-FEM,Andhra Pradesh,"Apollo IMS&R, Chittoor",SPM,"₹1,55,250*","₹30,000*",1*,"₹40,00,000*",850,-,-,-,-,-,-,-,3209(1),4425(1),4491(1),-
AP Govt-NS LOC (AU),ST-GEN,Andhra Pradesh,"Andhra Med Coll, Vizag",PATHOLOGY,"₹48,600*","₹60,823",1*,"₹40,00,000*",1030,-,-,-,-,-,-,-,3800(1),4028(1),4494(2),-
AP Govt-NS APUR,BCB-GEN,Andhra Pradesh,"Dr PSI Med Coll, Chinoutpalli",SPM,"₹1,55,250*","₹28,000*",1*,"₹40,00,000*",790,-,-,-,-,-,-,-,3446(1),4437(1),4503(1),-
AP Govt-NS LOC (AU),SC-GEN,Andhra Pradesh,"Rajiv Gandhi IMS, Srikakulam",PHARMACOLOGY,"₹48,600*","₹60,823",1*,"₹40,00,000*",532,-,-,-,-,-,-,-,4457(1),-,4508(1),-
AP Govt-NS LOC (AU),OPEN-FEM,Andhra Pradesh,"Dr PSI Med Coll, Chinoutpalli",DPH,"₹1,55,250*","₹28,000*",1*,"₹40,00,000*",790,-,-,-,-,-,-,-,3283(1),4157(1),4511(1),-
AP Govt-NS LOC (AU),BCB-FEM,Andhra Pradesh,"Rajiv Gandhi IMS, Ongole",PHYSIOLOGY,"₹48,600*","₹60,823",1*,"₹40,00,000*",500,-,-,-,-,-,-,-,-,-,4518(1),-
AP Govt-NS LOC (AU),OPEN-FEM,Andhra Pradesh,"Rajiv Gandhi IMS, Ongole",MICROBIOLOGY,"₹48,600*","₹60,823",1*,"₹40,00,000*",500,-,-,-,-,-,-,-,3709(1),3851(1),4530(1),-
AP Govt-NS LOC (SVU),SC-GEN,Andhra Pradesh,"SVIMS, Tirupati",PHYSIOLOGY,"₹2,11,600*","₹80,904*",1*,"₹40,00,000*",1257,-,-,-,-,-,-,-,4466(1),4469(1),4540(1),-
AP Govt-NS LOC (AU),BCD-FEM,Andhra Pradesh,"NRI Inst of Med Sci, Vizag",SPM,"₹1,55,250*","₹40,000*",1*,"₹40,00,000*",980,-,-,-,-,-,-,-,-,4477(1),4552(1),-
AP Govt-NS LOC (SVU),OPEN-GEN-PHO,Andhra Pradesh,"Govt Med Coll, Ananthapuram",RADIO DIAGNOSIS,"₹48,600*","₹60,823",1*,"₹40,00,000*",500,3707(1),3749(1),-,-,-,-,-,4366(1),4478(1),4554(1),-
AP Govt-NS LOC (AU),OPEN-GEN-PHO,Andhra Pradesh,"Guntur Med Coll, Guntur",GENERAL SURGERY,"₹48,600*","₹60,823",1*,"₹40,00,000*",1170,-,-,-,-,-,-,-,4476(1),4479(1),4555(1),-
AP Govt-NS LOC (AU),ST-GEN,Andhra Pradesh,"Rajiv Gandhi IMS, Ongole",MICROBIOLOGY,"₹48,600*","₹60,823",1*,"₹40,00,000*",500,-,-,-,-,-,-,-,-,-,4560(1),-
AP Govt-NS LOC (AU),ST-FEM,Andhra Pradesh,"Alluri Sitaram Raju, Eluru",ENT,"₹4,96,800*","₹30,000*",1*,"₹40,00,000*",1200,-,-,-,-,-,-,-,4152(1),4296(1),4561(1),-
AP Govt-NS LOC (AU),ST-GEN,Andhra Pradesh,"NRI Med Coll, Guntur",RADIATION ONCOLOGY,"₹4,96,800*","₹27,000*",1*,"₹40,00,000*",1050,-,-,-,-,-,-,-,4369(1),4488(1),4564(1),-
AP Govt-NS APUR,BCB-GEN,Andhra Pradesh,"Rangaraya Med Coll, Kakinada",MICROBIOLOGY,"₹48,600*","₹60,823",1*,"₹40,00,000*",1450,-,-,-,-,-,-,-,4488(1),4491(1),4568(1),-
AP Govt-NS LOC (AU),BCA-GEN,Andhra Pradesh,"Andhra Med Coll, Vizag",PHYSIOLOGY,"₹48,600*","₹60,823",1*,"₹40,00,000*",1030,-,-,-,-,-,-,-,4499(1),4502(1),4580(1),-
AP Govt-NS LOC (AU),BCE-GEN,Andhra Pradesh,"Dr PSI Med Coll, Chinoutpalli",PATHOLOGY,"₹1,55,250*","₹28,000*",1*,"₹40,00,000*",790,-,-,-,-,-,-,-,-,-,4592(1),-
AP Govt-NS LOC (AU),OPEN-FEM,Andhra Pradesh,"Maharajah IMS, Vizianagaram",MICROBIOLOGY,"₹1,55,250*",Info not available*,1*,"₹40,00,000*",850,-,-,-,-,-,-,-,-,-,4601(1),-
AP Govt-NS LOC (AU),BCA-FEM,Andhra Pradesh,"Andhra Med Coll, Vizag",FORENSIC MEDICINE,"₹48,600*","₹60,823",1*,"₹40,00,000*",1030,-,-,-,-,-,-,-,-,-,4606(1),-
AP Govt-NS LOC (AU),OPEN-GEN-PHO,Andhra Pradesh,"Rangaraya Med Coll, Kakinada",PAEDIATRICS,"₹48,600*","₹60,823",1*,"₹40,00,000*",1450,-,-,-,-,-,-,-,4225(1),4530(1),4610(1),-
AP Govt-NS LOC (SVU),ST-FEM,Andhra Pradesh,"Santhiram Med Coll, Nandyal",ANAESTHESIOLOGY,"₹4,96,800*","₹30,000*",1*,"₹40,00,000*",930,-,-,-,-,-,-,-,3667(1),3835(1),4612(1),-
AP Govt-NS LOC (AU),ST-FEM,Andhra Pradesh,"Andhra Med Coll, Vizag",FORENSIC MEDICINE,"₹48,600*","₹60,823",1*,"₹40,00,000*",1030,-,-,-,-,-,-,-,-,-,4632(1),-
AP Govt-NS LOC (AU),OPEN-GEN,Andhra Pradesh,"NRI Inst of Med Sci, Vizag",MICROBIOLOGY,"₹1,55,250*","₹40,000*",1*,"₹40,00,000*",980,-,-,-,-,-,-,-,4332(1),-,4638(1),-
AP Govt-NS LOC (SVU),ST-GEN,Andhra Pradesh,"SVIMS, Tirupati",BIOCHEMISTRY,"₹2,11,600*","₹80,904*",1*,"₹40,00,000*",1257,-,-,-,-,-,-,-,-,-,4642(1),-
AP Govt-NS LOC (AU),SC-GEN,Andhra Pradesh,"Rangaraya Med Coll, Kakinada",SPM,"₹48,600*","₹60,823",1*,"₹40,00,000*",1450,-,-,-,-,-,-,-,3681(1),3406(1),4646(1),-
AP Govt-NS LOC (AU),OPEN-GEN,Andhra Pradesh,"Dr PSI Med Coll, Chinoutpalli",MICROBIOLOGY,"₹1,55,250*","₹28,000*",1*,"₹40,00,000*",790,-,-,-,-,-,-,-,4271(1),4159(1),4652(1),-
AP Govt-NS LOC (SVU),SC-FEM,Andhra Pradesh,"Govt Med Coll, Ananthapuram",PHARMACOLOGY,"₹48,600*","₹60,823",1*,"₹40,00,000*",500,-,-,-,-,-,-,-,-,-,4661(1),-
AP Govt-NS LOC (SVU),BCB-GEN,Andhra Pradesh,"VMC, Kurnool",MICROBIOLOGY,"₹1,55,250*","₹30,000*",1*,"₹40,00,000*",650,-,-,-,-,-,-,-,-,-,4668(1),-
AP Govt-NS LOC (AU),BCD-GEN,Andhra Pradesh,"Andhra Med Coll, Vizag",PHYSIOLOGY,"₹48,600*","₹60,823",1*,"₹40,00,000*",1030,-,-,-,-,-,-,-,-,4298(1),4670(1),-
AP Govt-NS LOC (AU),OPEN-FEM,Andhra Pradesh,"Guntur Med Coll, Guntur",PHARMACOLOGY,"₹48,600*","₹60,823",1*,"₹40,00,000*",1170,-,-,-,-,-,-,-,3814(1),3993(1),4671(1),-
AP Govt-NS LOC (SVU),OPEN-FEM,Andhra Pradesh,"SV Med Coll, Tirupati",ANATOMY,"₹48,600*","₹60,823",1*,"₹40,00,000*",940,-,-,-,-,-,-,-,2969(1),-,4676(1),-
AP Govt-NS LOC (AU),BCB-GEN,Andhra Pradesh,"Rajiv Gandhi IMS, Srikakulam",MICROBIOLOGY,"₹48,600*","₹60,823",1*,"₹40,00,000*",532,-,-,-,-,-,-,-,-,-,4684(1),-
AP Govt-NS LOC (AU),BCB-GEN,Andhra Pradesh,"Andhra Med Coll, Vizag",BIOCHEMISTRY,"₹48,600*","₹60,823",1*,"₹40,00,000*",1030,-,4973(1),-,-,-,-,-,-,-,4686(1),-
AP Govt-NS LOC (AU),ST-FEM,Andhra Pradesh,"Katuri Med Coll, Guntur",ORTHOPAEDICS,"₹4,96,800*",Info not available*,1*,"₹40,00,000*",1100,-,-,-,-,-,-,-,4078(1),4377(1),4687(1),-
AP Govt-NS LOC (SVU),BCB-FEM,Andhra Pradesh,"PES IMS, Kuppam",MICROBIOLOGY,"₹1,55,250*","₹30,000*",1*,"₹40,00,000*",975,-,-,-,-,-,-,-,4422(1),-,4695(1),-
AP Govt-NS APUR,BCE-GEN,Andhra Pradesh,"Govt Siddhartha, Vijaywada",MICROBIOLOGY,"₹48,600*","₹60,823",1*,"₹40,00,000*",707,-,-,-,-,-,-,-,-,-,4698(1),-
AP Govt-NS LOC (AU),OPEN-GEN,Andhra Pradesh,"Katuri Med Coll, Guntur",SPM,"₹1,55,250*",Info not available*,1*,"₹40,00,000*",1100,-,-,-,-,-,-,-,-,-,4701(1),-
AP Govt-NS LOC (AU),BCB-FEM,Andhra Pradesh,"Rangaraya Med Coll, Kakinada",SPM,"₹48,600*","₹60,823",1*,"₹40,00,000*",1450,-,-,-,-,-,-,-,4068(1),3374(1),4702(1),-
AP Govt-NS LOC (AU),BCA-GEN,Andhra Pradesh,"GSL Med Coll, Rajahmundry",SPM,"₹1,55,250*","₹30,000*",1*,"₹40,00,000*",1140,-,-,-,-,-,-,-,-,-,4703(1),-
AP Govt-NS LOC (SVU),OPEN-FEM,Andhra Pradesh,"Rajiv Gandhi IMS, Kadapa",BIOCHEMISTRY,"₹48,600*","₹60,823",1*,"₹40,00,000*",715,-,-,-,-,-,-,-,4286(1),4423(1),4709(1),-
AP Govt-NS LOC (AU),SC-GEN,Andhra Pradesh,"GSL Med Coll, Rajahmundry",SPM,"₹1,55,250*","₹30,000*",1*,"₹40,00,000*",1140,-,-,-,-,-,-,-,4216(1),4299(1),4715(1),-
AP Govt-NS LOC (SVU),SC-GEN,Andhra Pradesh,"Kurnool Med Coll, Kurnool",BIOCHEMISTRY,"₹48,600*","₹60,823",1*,"₹40,00,000*",1150,-,-,-,-,-,-,-,4083(1),4086(1),4718(1),-
AP Govt-NS LOC (AU),ST-GEN,Andhra Pradesh,"Katuri Med Coll, Guntur",SPM,"₹1,55,250*",Info not available*,1*,"₹40,00,000*",1100,-,-,-,-,-,-,-,-,-,4719(1),-
AP Govt-NS LOC (AU),ST-FEM,Andhra Pradesh,"Rajiv Gandhi IMS, Ongole",PHARMACOLOGY,"₹48,600*","₹60,823",1*,"₹40,00,000*",500,-,-,-,-,-,-,-,4439(1),-,4721(1),-
AP Govt-NS LOC (AU),OPEN-GEN,Andhra Pradesh,"Dr PSI Med Coll, Chinoutpalli",PHARMACOLOGY,"₹1,55,250*","₹28,000*",1*,"₹40,00,000*",790,-,-,-,-,-,-,-,4506(1),-,4722(1),-
AP Govt-NS APUR,OPEN-GEN,Andhra Pradesh,"Kurnool Med Coll, Kurnool",BIOCHEMISTRY,"₹48,600*","₹60,823",1*,"₹40,00,000*",1150,-,-,-,-,-,-,-,-,-,4723(1),1776(1)
AP Govt-NS LOC (AU),BCD-GEN,Andhra Pradesh,"Andhra Med Coll, Vizag",FORENSIC MEDICINE,"₹48,600*","₹60,823",1*,"₹40,00,000*",1030,-,-,-,-,-,-,-,3402(1),-,4727(1),-
AP Govt-NS LOC (AU),SC-FEM,Andhra Pradesh,"Andhra Med Coll, Vizag",PHYSIOLOGY,"₹48,600*","₹60,823",1*,"₹40,00,000*",1030,-,-,-,-,-,-,-,-,-,4732(1),-
AP Govt-NS LOC (AU),OPEN-FEM,Andhra Pradesh,"Rangaraya Med Coll, Kakinada",BIOCHEMISTRY,"₹48,600*","₹60,823",1*,"₹40,00,000*",1450,-,-,-,-,-,-,-,-,-,4734(1),-
AP Govt-NS LOC (AU),SC-GEN,Andhra Pradesh,"Maharajah IMS, Vizianagaram",SPM,"₹1,55,250*",Info not available*,1*,"₹40,00,000*",850,-,-,-,-,-,-,-,4296(1),-,4736(1),-
AP Govt-NS LOC (SVU),BCC-GEN,Andhra Pradesh,"PES IMS, Kuppam",PSYCHIATRY,"₹4,96,800*","₹30,000*",1*,"₹40,00,000*",975,-,-,-,-,-,-,-,3880(1),2534(1),4737(1),-
AP Govt-NS LOC (AU),BCA-FEM,Andhra Pradesh,"Andhra Med Coll, Vizag",PHARMACOLOGY,"₹48,600*","₹60,823",1*,"₹40,00,000*",1030,-,-,-,-,-,-,-,-,-,4748(1),-
AP Govt-NS LOC (SVU),BCA-GEN,Andhra Pradesh,"Govt Med Coll, Ananthapuram",MICROBIOLOGY,"₹48,600*","₹60,823",1*,"₹40,00,000*",500,-,-,-,-,-,-,-,-,-,4749(1),-
AP Govt-NS LOC (AU),SC-FEM,Andhra Pradesh,"GSL Med Coll, Rajahmundry",MICROBIOLOGY,"₹1,55,250*","₹30,000*",1*,"₹40,00,000*",1140,-,-,-,-,-,-,-,-,-,4760(1),-
AP Govt-NS APUR,OPEN-GEN,Andhra Pradesh,"Govt Siddhartha, Vijaywada",ANATOMY,"₹48,600*","₹60,823",1*,"₹40,00,000*",707,-,-,-,-,-,-,-,-,-,4761(1),1667(1)
AP Govt-NS LOC (SVU),ST-GEN,Andhra Pradesh,"SV Med Coll, Tirupati",SPM,"₹48,600*","₹60,823",1*,"₹40,00,000*",940,-,-,-,-,-,-,-,4353(1),4216(1),4764(1),-
AP Govt-NS LOC (AU),OPEN-FEM,Andhra Pradesh,"Katuri Med Coll, Guntur",PHARMACOLOGY,"₹1,55,250*",Info not available*,1*,"₹40,00,000*",1100,-,-,-,-,-,-,-,-,-,4766(1),-
AP Govt-NS LOC (AU),BCA-FEM,Andhra Pradesh,"Dr PSI Med Coll, Chinoutpalli",MICROBIOLOGY,"₹1,55,250*","₹28,000*",1*,"₹40,00,000*",790,-,-,-,-,-,-,-,-,-,4769(1),-
AP Govt-NS LOC (AU),BCD-GEN,Andhra Pradesh,"Andhra Med Coll, Vizag",PHARMACOLOGY,"₹48,600*","₹60,823",1*,"₹40,00,000*",1030,-,-,-,-,-,-,-,4508(1),4511(1),4775(2),-
AP Govt-NS LOC (AU),BCA-GEN,Andhra Pradesh,"Guntur Med Coll, Guntur",MICROBIOLOGY,"₹48,600*","₹60,823",1*,"₹40,00,000*",1170,-,-,-,-,-,-,-,-,3979(1),4779(1),-
AP Govt-NS LOC (AU),OPEN-GEN-PHO,Andhra Pradesh,"NRI Med Coll, Guntur",MICROBIOLOGY,"₹1,55,250*","₹27,000*",1*,"₹40,00,000*",1050,-,-,-,-,-,-,-,-,-,4785(1),-
AP Govt-NS LOC (SVU),BCB-GEN,Andhra Pradesh,"Govt Med Coll, Ananthapuram",MICROBIOLOGY,"₹48,600*","₹60,823",1*,"₹40,00,000*",500,-,-,-,-,-,-,-,-,-,4786(1),-
AP Govt-NS LOC (SVU),OPEN-FEM-PHO,Andhra Pradesh,"Narayana Med Coll, Nellore",MICROBIOLOGY,"₹1,55,250*","₹30,000*",1*,"₹40,00,000*",1430,-,-,-,-,-,-,-,3931(1),4520(1),4790(1),-
AP Govt-NS LOC (SVU),BCA-FEM,Andhra Pradesh,"Rajiv Gandhi IMS, Kadapa",PHARMACOLOGY,"₹48,600*","₹60,823",1*,"₹40,00,000*",715,-,-,-,-,-,-,-,-,-,4791(1),-
AP Govt-NS APUR,OPEN-FEM,Andhra Pradesh,"Govt Siddhartha, Vijaywada",BIOCHEMISTRY,"₹48,600*","₹60,823",1*,"₹40,00,000*",707,-,-,-,-,-,-,-,-,4099(1),4793(1),-
AP Govt-NS LOC (AU),OPEN-FEM,Andhra Pradesh,"Konaseema IMS, Amalapuram",SPM,"₹1,55,250*","₹30,000*",1*,"₹40,00,000*",840,-,-,-,-,-,-,-,3811(1),4274(1),4795(1),-
AP Govt-NS LOC (SVU),BCB-GEN,Andhra Pradesh,"Santhiram Med Coll, Nandyal",PHYSIOLOGY,"₹70,380*","₹30,000*",1*,"₹40,00,000*",930,-,-,-,-,-,-,-,-,-,4798(1),-
AP Govt-NS LOC (AU),BCE-GEN,Andhra Pradesh,"NRI Med Coll, Guntur",MICROBIOLOGY,"₹1,55,250*","₹27,000*",1*,"₹40,00,000*",1050,-,-,-,-,-,-,-,-,-,4799(1),-
AP Govt-NS LOC (AU),SC-GEN,Andhra Pradesh,"Rajiv Gandhi IMS, Ongole",PHARMACOLOGY,"₹48,600*","₹60,823",1*,"₹40,00,000*",500,-,-,-,-,-,-,-,-,-,4800(1),-
AP Govt-NS LOC (AU),OPEN-FEM,Andhra Pradesh,"Alluri Sitaram Raju, Eluru",MICROBIOLOGY,"₹1,55,250*","₹30,000*",1*,"₹40,00,000*",1200,-,-,-,-,-,-,-,4156(1),-,4806(1),-
AP Govt-NS APUR,BCB-GEN,Andhra Pradesh,"Konaseema IMS, Amalapuram",FORENSIC MEDICINE,"₹1,55,250*","₹30,000*",1*,"₹40,00,000*",840,-,-,-,-,-,-,-,-,-,4807(1),-
AP Govt-NS LOC (SVU),SC-FEM,Andhra Pradesh,"Rajiv Gandhi IMS, Kadapa",PHARMACOLOGY,"₹48,600*","₹60,823",1*,"₹40,00,000*",715,-,-,-,-,-,-,-,-,-,4813(1),-
AP Govt-NS LOC (AU),BCA-GEN,Andhra Pradesh,"Rajiv Gandhi IMS, Ongole",FORENSIC MEDICINE,"₹48,600*","₹60,823",1*,"₹40,00,000*",500,-,-,-,-,-,-,-,4059(1),4509(1),4818(1),-
AP Govt-NS LOC (SVU),BCB-GEN,Andhra Pradesh,"Kurnool Med Coll, Kurnool",PHYSIOLOGY,"₹48,600*","₹60,823",1*,"₹40,00,000*",1150,-,-,-,-,-,-,-,4187(1),4190(1),4819(1),-
AP Govt-NS LOC (AU),BCD-FEM,Andhra Pradesh,"Guntur Med Coll, Guntur",BIOCHEMISTRY,"₹48,600*","₹60,823",1*,"₹40,00,000*",1170,-,-,-,-,-,-,-,-,-,4821(1),-
AP Govt-NS LOC (AU),BCA-GEN,Andhra Pradesh,"Andhra Med Coll, Vizag",BIOCHEMISTRY,"₹48,600*","₹60,823",1*,"₹40,00,000*",1030,-,-,-,-,-,-,-,-,-,4827(1),-
AP Govt-NS LOC (SVU),SC-GEN,Andhra Pradesh,"Govt Med Coll, Ananthapuram",PHYSIOLOGY,"₹48,600*","₹60,823",1*,"₹40,00,000*",500,-,-,-,-,-,-,-,-,-,4828(1),-
AP Govt-NS LOC (AU),BCE-FEM,Andhra Pradesh,"Alluri Sitaram Raju, Eluru",PHARMACOLOGY,"₹1,55,250*","₹30,000*",1*,"₹40,00,000*",1200,-,-,-,-,-,-,-,-,-,4832(1),-
AP Govt-NS LOC (AU),BCB-GEN,Andhra Pradesh,"Guntur Med Coll, Guntur",MICROBIOLOGY,"₹48,600*","₹60,823",1*,"₹40,00,000*",1170,-,4604(1),-,-,-,-,-,4365(1),4368(1),4844(1),413(1)
AP Govt-NS LOC (AU),SC-GEN,Andhra Pradesh,"Andhra Med Coll, Vizag",PHYSIOLOGY,"₹48,600*","₹60,823",1*,"₹40,00,000*",1030,-,-,-,-,-,-,-,-,-,4848(1),-
AP Govt-NS LOC (SVU),BCA-GEN,Andhra Pradesh,"Govt Med Coll, Ananthapuram",FORENSIC MEDICINE,"₹48,600*","₹60,823",1*,"₹40,00,000*",500,-,-,-,-,-,-,-,4275(1),4278(1),4851(1),-
AP Govt-NS LOC (AU),ST-GEN,Andhra Pradesh,"Guntur Med Coll, Guntur",PHYSIOLOGY,"₹48,600*","₹60,823",1*,"₹40,00,000*",1170,-,-,-,-,-,-,-,-,-,4852(1),-
AP Govt-NS LOC (AU),ST-FEM,Andhra Pradesh,"NRI Med Coll, Guntur",PATHOLOGY,"₹1,55,250*","₹27,000*",1*,"₹40,00,000*",1050,-,-,-,-,-,-,-,4259(1),4428(1),4854(1),-
AP Govt-NS LOC (SVU),BCB-GEN,Andhra Pradesh,"PES IMS, Kuppam",PHYSIOLOGY,"₹70,380*","₹30,000*",1*,"₹40,00,000*",975,-,-,-,-,-,-,-,-,-,4856(1),-
AP Govt-NS APUR,OPEN-GEN,Andhra Pradesh,"Santhiram Med Coll, Nandyal",MICROBIOLOGY,"₹1,55,250*","₹30,000*",1*,"₹40,00,000*",930,-,-,-,-,-,-,-,-,4174(1),4860(1),-
AP Govt-Serv LOC (SVU),OPEN-GEN,Andhra Pradesh,"Kurnool Med Coll, Kurnool",GENERAL MEDICINE,"₹48,600*","₹60,823",1*,"₹40,00,000*",1150,-,-,-,-,-,-,-,1(1),1(1),-,-
AP Govt-Serv LOC (AU),OPEN-FEM,Andhra Pradesh,"Andhra Med Coll, Vizag",RADIO DIAGNOSIS,"₹48,600*","₹60,823",1*,"₹40,00,000*",1030,-,-,-,-,-,-,-,2(1),2(1),-,-
AP Govt-Serv LOC (SVU),OPEN-FEM,Andhra Pradesh,"SV Med Coll, Tirupati",GENERAL MEDICINE,"₹48,600*","₹60,823",1*,"₹40,00,000*",940,-,-,-,-,-,-,-,3(1),3(1),-,-
AP Govt-Serv APUR,OPEN-GEN,Andhra Pradesh,"SV Med Coll, Tirupati",RADIO DIAGNOSIS,"₹48,600*","₹60,823",1*,"₹40,00,000*",940,-,-,-,-,-,-,-,4(1),4(1),-,-
AP Govt-Serv LOC (AU),OPEN-FEM,Andhra Pradesh,"Andhra Med Coll, Vizag",GENERAL MEDICINE,"₹48,600*","₹60,823",1*,"₹40,00,000*",1030,25(1),25(1),-,-,-,-,-,5(1),5(1),-,-
AP Govt-Serv LOC (AU),OPEN-GEN,Andhra Pradesh,"Andhra Med Coll, Vizag",OBG,"₹48,600*","₹60,823",1*,"₹40,00,000*",1030,47(1),47(1),-,-,-,-,-,6(1),6(1),-,-
AP Govt-Serv LOC (AU),OPEN-GEN,Andhra Pradesh,"Andhra Med Coll, Vizag",PAEDIATRICS,"₹48,600*","₹60,823",1*,"₹40,00,000*",1030,-,-,-,-,-,-,-,7(1),7(1),-,-
AP Govt-Serv LOC (AU),OPEN-GEN,Andhra Pradesh,"Rajiv Gandhi IMS, Ongole",RADIO DIAGNOSIS,"₹48,600*","₹60,823",1*,"₹40,00,000*",500,-,-,-,-,-,-,-,8(1),8(1),-,-
AP Govt-Serv LOC (AU),SC-GEN,Andhra Pradesh,"Rangaraya Med Coll, Kakinada",RADIO DIAGNOSIS,"₹48,600*","₹60,823",1*,"₹40,00,000*",1450,-,-,-,-,-,-,-,9(1),9(1),-,-
AP Govt-Serv LOC (AU),OPEN-GEN,Andhra Pradesh,"Rangaraya Med Coll, Kakinada",GENERAL MEDICINE,"₹48,600*","₹60,823",1*,"₹40,00,000*",1450,9(1),9(1),-,-,-,-,-,10(1),10(1),-,-
AP Govt-Serv LOC (SVU),BCA-GEN,Andhra Pradesh,"SVIMS, Tirupati",RADIO DIAGNOSIS,"₹2,11,600*","₹80,904*",1*,"₹40,00,000*",1257,-,-,-,-,-,-,-,11(1),11(1),-,-
AP Govt-Serv LOC (SVU),OPEN-FEM,Andhra Pradesh,"Narayana Med Coll, Nellore",RADIO DIAGNOSIS,"₹4,96,800*","₹30,000*",1*,"₹40,00,000*",1430,-,-,-,-,-,-,-,12(1),12(1),-,-
AP Govt-Serv LOC (AU),BCA-GEN,Andhra Pradesh,"Andhra Med Coll, Vizag",GENERAL MEDICINE,"₹48,600*","₹60,823",1*,"₹40,00,000*",1030,-,-,-,-,-,-,-,13(1),13(1),-,-
AP Govt-Serv LOC (SVU),OPEN-GEN,Andhra Pradesh,"SV Med Coll, Tirupati",DERMATOLOGY,"₹48,600*","₹60,823",1*,"₹40,00,000*",940,5(1),5(1),-,-,-,-,-,-,14(1),-,-
AP Govt-Serv APUR,OPEN-GEN,Andhra Pradesh,"SV Med Coll, Tirupati",DERMATOLOGY,"₹48,600*","₹60,823",1*,"₹40,00,000*",940,-,-,-,-,-,-,-,14(1),-,-,-
AP Govt-Serv LOC (SVU),BCB-GEN,Andhra Pradesh,"SV Med Coll, Tirupati",ENT,"₹48,600*","₹60,823",1*,"₹40,00,000*",940,-,-,-,-,-,-,-,15(1),15(1),-,-
AP Govt-Serv LOC (SVU),OPEN-FEM,Andhra Pradesh,"Kurnool Med Coll, Kurnool",PAEDIATRICS,"₹48,600*","₹60,823",1*,"₹40,00,000*",1150,-,-,-,-,-,-,-,16(1),16(1),-,-
AP Govt-Serv LOC (AU),OPEN-GEN,Andhra Pradesh,"Maharajah IMS, Vizianagaram",GENERAL MEDICINE,"₹4,96,800*",Info not available*,1*,"₹40,00,000*",850,35(1),35(1),-,-,-,-,-,17(1),17(1),-,-
AP Govt-Serv LOC (AU),OPEN-GEN,Andhra Pradesh,"Andhra Med Coll, Vizag",DERMATOLOGY,"₹48,600*","₹60,823",1*,"₹40,00,000*",1030,-,-,-,-,-,-,-,18(1),18(1),-,-
AP Govt-Serv LOC (AU),OPEN-FEM,Andhra Pradesh,"Rangaraya Med Coll, Kakinada",OBG,"₹48,600*","₹60,823",1*,"₹40,00,000*",1450,-,-,-,-,-,-,-,19(1),19(1),-,-
AP Govt-Serv APUR,OPEN-GEN,Andhra Pradesh,"Govt Siddhartha, Vijaywada",GENERAL MEDICINE,"₹48,600*","₹60,823",1*,"₹40,00,000*",707,-,-,-,-,-,-,-,20(1),20(1),-,-
AP Govt-Serv APUR,OPEN-GEN,Andhra Pradesh,"SV Med Coll, Tirupati",SPM,"₹48,600*","₹60,823",1*,"₹40,00,000*",940,-,-,-,-,-,-,-,21(1),-,-,-
AP Govt-Serv LOC (AU),BCD-GEN,Andhra Pradesh,"Andhra Med Coll, Vizag",OBG,"₹48,600*","₹60,823",1*,"₹40,00,000*",1030,-,-,-,-,-,-,-,22(1),22(1),-,-
AP Govt-Serv APUR,OPEN-GEN,Andhra Pradesh,"Govt Siddhartha, Vijaywada",PAEDIATRICS,"₹48,600*","₹60,823",1*,"₹40,00,000*",707,-,-,-,-,-,-,-,23(1),-,-,-
AP Govt-Serv LOC (SVU),OPEN-GEN,Andhra Pradesh,"Govt Siddhartha, Vijaywada",PAEDIATRICS,"₹48,600*","₹60,823",1*,"₹40,00,000*",707,-,-,-,-,-,-,-,-,23(1),-,-
AP Govt-Serv LOC (SVU),OPEN-GEN,Andhra Pradesh,"Dr PSI Med Coll, Chinoutpalli",DERMATOLOGY,"₹4,96,800*","₹28,000*",1*,"₹40,00,000*",790,-,-,-,-,-,-,-,-,24(1),-,-
AP Govt-Serv APUR,OPEN-GEN,Andhra Pradesh,"Dr PSI Med Coll, Chinoutpalli",DERMATOLOGY,"₹4,96,800*","₹28,000*",1*,"₹40,00,000*",790,-,-,-,-,-,-,-,24(1),-,-,-
AP Govt-Serv LOC (AU),BCD-GEN,Andhra Pradesh,"Dr PSI Med Coll, Chinoutpalli",RADIO DIAGNOSIS,"₹4,96,800*","₹28,000*",1*,"₹40,00,000*",790,-,-,-,-,-,-,-,25(1),25(1),-,-
AP Govt-Serv LOC (AU),SC-GEN,Andhra Pradesh,"Rangaraya Med Coll, Kakinada",PAEDIATRICS,"₹48,600*","₹60,823",1*,"₹40,00,000*",1450,-,-,-,-,-,-,-,26(1),26(1),-,-
AP Govt-Serv LOC (SVU),OPEN-GEN,Andhra Pradesh,"SV Med Coll, Tirupati",PAEDIATRICS,"₹48,600*","₹60,823",1*,"₹40,00,000*",940,-,-,-,-,-,-,-,27(1),27(1),-,-
AP Govt-Serv LOC (AU),OPEN-GEN,Andhra Pradesh,"Rajiv Gandhi IMS, Ongole",GENERAL MEDICINE,"₹48,600*","₹60,823",1*,"₹40,00,000*",500,-,-,-,-,-,-,-,28(1),28(1),-,-
AP Govt-Serv LOC (AU),BCA-GEN,Andhra Pradesh,"NRI Med Coll, Guntur",RADIO DIAGNOSIS,"₹4,96,800*","₹27,000*",1*,"₹40,00,000*",1050,-,-,-,-,-,-,-,29(1),29(1),-,-
AP Govt-Serv LOC (AU),OPEN-GEN,Andhra Pradesh,"GreatEastern MedSch,Srikakulam",RADIO DIAGNOSIS,"₹4,96,800*",Info not available*,1*,"₹40,00,000*",780,33(1),33(1),-,-,-,-,-,-,30(1),-,-
AP Govt-Serv APUR,OPEN-GEN,Andhra Pradesh,"GreatEastern MedSch,Srikakulam",RADIO DIAGNOSIS,"₹4,96,800*",Info not available*,1*,"₹40,00,000*",780,-,-,-,-,-,-,-,30(1),-,-,-
AP Govt-Serv APUR,OPEN-GEN,Andhra Pradesh,"Rajiv Gandhi IMS, Kadapa",GENERAL MEDICINE,"₹48,600*","₹60,823",1*,"₹40,00,000*",715,-,-,-,-,-,-,-,31(1),-,-,-
AP Govt-Serv LOC (AU),OPEN-GEN,Andhra Pradesh,"Rajiv Gandhi IMS, Kadapa",GENERAL MEDICINE,"₹48,600*","₹60,823",1*,"₹40,00,000*",715,-,-,-,-,-,-,-,-,31(1),-,-
AP Govt-Serv APUR,OPEN-GEN,Andhra Pradesh,"SV Med Coll, Tirupati",OBG,"₹48,600*","₹60,823",1*,"₹40,00,000*",940,-,-,-,-,-,-,-,32(1),-,-,-
AP Govt-Serv LOC (AU),OPEN-GEN,Andhra Pradesh,"SV Med Coll, Tirupati",OBG,"₹48,600*","₹60,823",1*,"₹40,00,000*",940,-,-,-,-,-,-,-,-,32(1),-,-
AP Govt-Serv LOC (SVU),SC-GEN,Andhra Pradesh,"Govt Med Coll, Ananthapuram",DERMATOLOGY,"₹48,600*","₹60,823",1*,"₹40,00,000*",500,-,-,-,-,-,-,-,33(1),33(1),-,-
AP Govt-Serv APUR,OPEN-GEN,Andhra Pradesh,"GSL Med Coll, Rajahmundry",PAEDIATRICS,"₹4,96,800*","₹30,000*",1*,"₹40,00,000*",1140,-,-,-,-,-,-,-,34(1),34(1),-,-
AP Govt-Serv LOC (AU),OPEN-GEN-PHO,Andhra Pradesh,"GSL Med Coll, Rajahmundry",GENERAL MEDICINE,"₹4,96,800*","₹30,000*",1*,"₹40,00,000*",1140,-,-,-,-,-,-,-,35(1),35(1),-,-
AP Govt-Serv LOC (SVU),OPEN-GEN-PHO,Andhra Pradesh,"SV Med Coll, Tirupati",OBG,"₹48,600*","₹60,823",1*,"₹40,00,000*",940,-,-,-,-,-,-,-,36(1),36(1),-,-
AP Govt-Serv LOC (AU),SC-FEM,Andhra Pradesh,"Rajiv Gandhi IMS, Srikakulam",GENERAL MEDICINE,"₹48,600*","₹60,823",1*,"₹40,00,000*",532,-,-,-,-,-,-,-,-,37(1),-,-
AP Govt-Serv LOC (SVU),OPEN-FEM,Andhra Pradesh,"Kurnool Med Coll, Kurnool",OBG,"₹48,600*","₹60,823",1*,"₹40,00,000*",1150,-,-,-,-,-,-,-,38(1),38(1),-,-
AP Govt-Serv LOC (SVU),BCB-GEN,Andhra Pradesh,"ACSR Medical College, Nellore",PAEDIATRICS,"₹48,600*","₹60,823",1*,"₹40,00,000*",355,-,-,-,-,-,-,-,39(1),39(1),-,-
AP Govt-Serv LOC (SVU),OPEN-GEN,Andhra Pradesh,"Rajiv Gandhi IMS, Kadapa",OBG,"₹48,600*","₹60,823",1*,"₹40,00,000*",715,-,-,-,-,-,-,-,40(1),40(1),-,-
AP Govt-Serv LOC (SVU),OPEN-GEN,Andhra Pradesh,"Govt Med Coll, Ananthapuram",GENERAL MEDICINE,"₹48,600*","₹60,823",1*,"₹40,00,000*",500,-,-,-,-,-,-,-,41(1),41(1),-,-
AP Govt-Serv LOC (AU),OPEN-GEN,Andhra Pradesh,"Konaseema IMS, Amalapuram",GENERAL MEDICINE,"₹4,96,800*","₹30,000*",1*,"₹40,00,000*",840,-,152(1),-,-,-,-,-,42(1),42(1),-,-
AP Govt-Serv LOC (AU),SC-FEM,Andhra Pradesh,"Alluri Sitaram Raju, Eluru",RADIO DIAGNOSIS,"₹4,96,800*","₹30,000*",1*,"₹40,00,000*",1200,-,-,-,-,-,-,-,43(1),43(1),-,-
AP Govt-Serv LOC (SVU),OPEN-GEN,Andhra Pradesh,"PES IMS, Kuppam",RADIO DIAGNOSIS,"₹4,96,800*","₹30,000*",1*,"₹40,00,000*",975,26(1),26(1),-,-,-,-,-,44(1),44(1),-,-
AP Govt-Serv LOC (AU),BCA-GEN,Andhra Pradesh,"Guntur Med Coll, Guntur",GENERAL MEDICINE,"₹48,600*","₹60,823",1*,"₹40,00,000*",1170,-,-,-,-,-,-,-,-,45(1),-,-
AP Govt-Serv APUR,BCA-GEN,Andhra Pradesh,"Guntur Med Coll, Guntur",GENERAL MEDICINE,"₹48,600*","₹60,823",1*,"₹40,00,000*",1170,-,-,-,-,-,-,-,45(1),-,-,-
AP Govt-Serv LOC (SVU),SC-GEN,Andhra Pradesh,"Govt Med Coll, Ananthapuram",RADIO DIAGNOSIS,"₹48,600*","₹60,823",1*,"₹40,00,000*",500,-,-,-,-,-,-,-,46(1),46(1),-,-
AP Govt-Serv LOC (AU),SC-GEN,Andhra Pradesh,"Alluri Sitaram Raju, Eluru",RADIO DIAGNOSIS,"₹4,96,800*","₹30,000*",1*,"₹40,00,000*",1200,-,-,-,-,-,-,-,47(1),47(1),-,-
AP Govt-Serv LOC (AU),SC-GEN,Andhra Pradesh,"Andhra Med Coll, Vizag",OBG,"₹48,600*","₹60,823",1*,"₹40,00,000*",1030,-,-,-,-,-,-,-,48(1),48(1),-,-
AP Govt-Serv LOC (AU),BCD-GEN,Andhra Pradesh,"Rajiv Gandhi IMS, Srikakulam",GENERAL MEDICINE,"₹48,600*","₹60,823",1*,"₹40,00,000*",532,-,-,-,-,-,-,-,49(1),49(1),-,-
AP Govt-Serv LOC (AU),OPEN-GEN,Andhra Pradesh,"Andhra Med Coll, Vizag",GENERAL SURGERY,"₹48,600*","₹60,823",1*,"₹40,00,000*",1030,11(1),11(1),-,-,-,-,-,50(1),50(1),-,-
AP Govt-Serv LOC (AU),OPEN-GEN,Andhra Pradesh,"Kurnool Med Coll, Kurnool",PHYSIOLOGY,"₹48,600*","₹60,823",1*,"₹40,00,000*",1150,-,-,-,-,-,-,-,-,51(1),-,-
AP Govt-Serv APUR,OPEN-GEN,Andhra Pradesh,"Kurnool Med Coll, Kurnool",PHYSIOLOGY,"₹48,600*","₹60,823",1*,"₹40,00,000*",1150,-,-,-,-,-,-,-,51(1),-,-,-
AP Govt-Serv LOC (AU),SC-GEN,Andhra Pradesh,"Rajiv Gandhi IMS, Ongole",PAEDIATRICS,"₹48,600*","₹60,823",1*,"₹40,00,000*",500,-,-,-,-,-,-,-,52(1),52(1),-,-
AP Govt-Serv LOC (AU),OPEN-FEM,Andhra Pradesh,"Rangaraya Med Coll, Kakinada",PAEDIATRICS,"₹48,600*","₹60,823",1*,"₹40,00,000*",1450,-,-,-,-,-,-,-,53(1),53(1),-,-
AP Govt-Serv LOC (AU),BCD-GEN,Andhra Pradesh,"Rajiv Gandhi IMS, Srikakulam",MICROBIOLOGY,"₹48,600*","₹60,823",1*,"₹40,00,000*",532,-,-,-,-,-,-,-,-,54(1),-,-
AP Govt-Serv APUR,OPEN-GEN,Andhra Pradesh,"SVIMS, Tirupati",RADIATION ONCOLOGY,"₹2,11,600*","₹80,904*",1*,"₹40,00,000*",1257,-,-,-,-,-,-,-,54(1),-,-,-
AP Govt-Serv LOC (AU),ST-GEN,Andhra Pradesh,"Andhra Med Coll, Vizag",GENERAL MEDICINE,"₹48,600*","₹60,823",1*,"₹40,00,000*",1030,-,-,-,-,-,-,-,55(1),55(1),-,-
AP Govt-Serv LOC (SVU),BCE-GEN,Andhra Pradesh,"Santhiram Med Coll, Nandyal",RADIO DIAGNOSIS,"₹4,96,800*","₹30,000*",1*,"₹40,00,000*",930,-,-,-,-,-,-,-,56(1),56(1),-,-
AP Govt-Serv APUR,SC-GEN,Andhra Pradesh,"NRI Inst of Med Sci, Vizag",GENERAL MEDICINE,"₹4,96,800*","₹40,000*",1*,"₹40,00,000*",980,-,-,-,-,-,-,-,57(1),-,-,-
AP Govt-Serv LOC (AU),SC-GEN,Andhra Pradesh,"Guntur Med Coll, Guntur",GENERAL MEDICINE,"₹48,600*","₹60,823",1*,"₹40,00,000*",1170,-,-,-,-,-,-,-,37(1),57(1),-,-
AP Govt-Serv APUR,OPEN-GEN,Andhra Pradesh,"Dr PSI Med Coll, Chinoutpalli",OPHTHALMOLOGY,"₹4,96,800*","₹28,000*",1*,"₹40,00,000*",790,-,-,-,-,-,-,-,58(1),-,-,-
AP Govt-Serv LOC (SVU),OPEN-GEN,Andhra Pradesh,"Dr PSI Med Coll, Chinoutpalli",OPHTHALMOLOGY,"₹4,96,800*","₹28,000*",1*,"₹40,00,000*",790,-,-,-,-,-,-,-,-,58(1),-,-
AP Govt-Serv LOC (AU),OPEN-GEN,Andhra Pradesh,"Andhra Med Coll, Vizag",TBRD,"₹48,600*","₹60,823",1*,"₹40,00,000*",1030,63(1),63(1),-,-,-,-,-,59(1),59(1),-,-
AP Govt-Serv LOC (SVU),OPEN-GEN,Andhra Pradesh,"SV Med Coll, Tirupati",GENERAL SURGERY,"₹48,600*","₹60,823",1*,"₹40,00,000*",940,139(1),-,-,-,-,-,-,60(1),60(1),-,-
AP Govt-Serv LOC (SVU),OPEN-GEN,Andhra Pradesh,"Apollo IMS&R, Chittoor",PAEDIATRICS,"₹4,96,800*","₹30,000*",1*,"₹40,00,000*",850,-,-,-,-,-,-,-,61(1),61(1),-,-
AP Govt-Serv LOC (AU),BCD-GEN,Andhra Pradesh,"GSL Med Coll, Rajahmundry",RADIO DIAGNOSIS,"₹4,96,800*","₹30,000*",1*,"₹40,00,000*",1140,147(1),149(1),-,-,-,-,-,62(1),62(1),-,-
AP Govt-Serv LOC (SVU),BCD-GEN,Andhra Pradesh,"Santhiram Med Coll, Nandyal",DERMATOLOGY,"₹4,96,800*","₹30,000*",1*,"₹40,00,000*",930,-,-,-,-,-,-,-,63(1),63(1),-,-
AP Govt-Serv LOC (AU),SC-GEN,Andhra Pradesh,"SV Med Coll, Tirupati",GENERAL MEDICINE,"₹48,600*","₹60,823",1*,"₹40,00,000*",940,-,-,-,-,-,-,-,-,64(1),-,-
AP Govt-Serv APUR,SC-GEN,Andhra Pradesh,"SV Med Coll, Tirupati",GENERAL MEDICINE,"₹48,600*","₹60,823",1*,"₹40,00,000*",940,-,-,-,-,-,-,-,64(1),-,-,-
AP Govt-Serv LOC (AU),BCB-GEN,Andhra Pradesh,"Maharajah IMS, Vizianagaram",RADIO DIAGNOSIS,"₹4,96,800*",Info not available*,1*,"₹40,00,000*",850,-,-,-,-,-,-,-,65(1),65(1),-,-
AP Govt-Serv APUR,OPEN-GEN,Andhra Pradesh,"Rajiv Gandhi IMS, Kadapa",ANAESTHESIOLOGY,"₹48,600*","₹60,823",1*,"₹40,00,000*",715,-,-,-,-,-,-,-,66(1),66(1),-,-
AP Govt-Serv APUR,BCB-GEN,Andhra Pradesh,"Narayana Med Coll, Nellore",PAEDIATRICS,"₹4,96,800*","₹30,000*",1*,"₹40,00,000*",1430,-,-,-,-,-,-,-,67(1),67(1),-,-
AP Govt-Serv LOC (SVU),BCB-GEN,Andhra Pradesh,"SVIMS, Tirupati",GENERAL MEDICINE,"₹2,11,600*","₹80,904*",1*,"₹40,00,000*",1257,-,-,-,-,-,-,-,68(1),68(1),-,-
AP Govt-Serv LOC (SVU),OPEN-GEN,Andhra Pradesh,"ACSR Medical College, Nellore",OBG,"₹48,600*","₹60,823",1*,"₹40,00,000*",355,-,-,-,-,-,-,-,69(1),69(1),-,-
AP Govt-Serv LOC (AU),BCB-GEN,Andhra Pradesh,"GreatEastern MedSch,Srikakulam",GENERAL MEDICINE,"₹4,96,800*",Info not available*,1*,"₹40,00,000*",780,-,-,-,-,-,-,-,70(1),70(1),-,-
AP Govt-Serv LOC (SVU),SC-GEN,Andhra Pradesh,"SV Med Coll, Tirupati",ORTHOPAEDICS,"₹48,600*","₹60,823",1*,"₹40,00,000*",940,-,-,-,-,-,-,-,71(1),71(1),-,-
AP Govt-NS LOC (AU),BCD-GEN,Andhra Pradesh,"Guntur Med Coll, Guntur",GENERAL MEDICINE,"₹48,600*","₹60,823",1*,"₹40,00,000*",1170,125(1),125(1),-,-,-,-,-,72(1),-,-,-
AP Govt-Serv LOC (AU),BCA-GEN,Andhra Pradesh,"Rajiv Gandhi IMS, Srikakulam",DERMATOLOGY,"₹48,600*","₹60,823",1*,"₹40,00,000*",532,-,-,-,-,-,-,-,73(1),73(1),-,-
AP Govt-Serv LOC (AU),OPEN-FEM,Andhra Pradesh,"Alluri Sitaram Raju, Eluru",OBG,"₹4,96,800*","₹30,000*",1*,"₹40,00,000*",1200,-,-,-,-,-,-,-,74(1),74(1),-,-
AP Govt-Serv LOC (AU),BCB-GEN,Andhra Pradesh,"Guntur Med Coll, Guntur",PAEDIATRICS,"₹48,600*","₹60,823",1*,"₹40,00,000*",1170,94(1),146(1),-,-,-,-,-,75(1),75(1),-,-
AP Govt-Serv LOC (AU),BCB-FEM,Andhra Pradesh,"Rangaraya Med Coll, Kakinada",GENERAL MEDICINE,"₹48,600*","₹60,823",1*,"₹40,00,000*",1450,-,-,-,-,-,-,-,76(1),76(1),-,-
AP Govt-Serv LOC (SVU),ST-GEN,Andhra Pradesh,"SV Med Coll, Tirupati",PAEDIATRICS,"₹48,600*","₹60,823",1*,"₹40,00,000*",940,174(1),177(1),-,-,-,-,-,77(1),77(1),-,-
AP Govt-Serv LOC (SVU),OPEN-GEN,Andhra Pradesh,"Rajiv Gandhi IMS, Kadapa",EMERGENCY MEDICINE,"₹48,600*","₹60,823",1*,"₹40,00,000*",715,-,-,-,-,-,-,-,78(1),78(1),-,-
AP Govt-Serv LOC (AU),BCE-GEN,Andhra Pradesh,"GVP Med Coll, Vizag",DERMATOLOGY,"₹4,96,800*","₹30,000*",1*,"₹40,00,000*",750,-,-,-,-,-,-,-,79(1),79(1),-,-
AP Govt-Serv LOC (SVU),OPEN-FEM-PHO,Andhra Pradesh,"Kurnool Med Coll, Kurnool",OPHTHALMOLOGY,"₹48,600*","₹60,823",1*,"₹40,00,000*",1150,-,-,-,-,-,-,-,80(1),80(1),-,-
AP Govt-Serv LOC (SVU),OPEN-GEN,Andhra Pradesh,"Govt Med Coll, Ananthapuram",ORTHOPAEDICS,"₹48,600*","₹60,823",1*,"₹40,00,000*",500,-,-,-,-,-,-,-,-,81(1),-,-
AP Govt-Serv APUR,OPEN-GEN,Andhra Pradesh,"Govt Med Coll, Ananthapuram",ORTHOPAEDICS,"₹48,600*","₹60,823",1*,"₹40,00,000*",500,-,-,-,-,-,-,-,81(1),-,-,-
AP Govt-Serv LOC (SVU),BCB-GEN,Andhra Pradesh,"PES IMS, Kuppam",PAEDIATRICS,"₹4,96,800*","₹30,000*",1*,"₹40,00,000*",975,-,-,-,-,-,-,-,82(1),82(1),-,-
AP Govt-Serv LOC (AU),BCD-GEN,Andhra Pradesh,"Dr PSI Med Coll, Chinoutpalli",GENERAL MEDICINE,"₹4,96,800*","₹28,000*",1*,"₹40,00,000*",790,-,-,-,-,-,-,-,83(1),83(1),-,-
AP Govt-Serv LOC (AU),BCB-FEM,Andhra Pradesh,"Maharajah IMS, Vizianagaram",DERMATOLOGY,"₹4,96,800*",Info not available*,1*,"₹40,00,000*",850,-,-,-,-,-,-,-,84(1),84(1),-,-
AP Govt-Serv LOC (SVU),BCB-GEN,Andhra Pradesh,"SV Med Coll, Tirupati",OPHTHALMOLOGY,"₹48,600*","₹60,823",1*,"₹40,00,000*",940,-,471(1),-,-,-,-,-,85(1),85(1),-,-
AP Govt-Serv LOC (AU),BCB-FEM,Andhra Pradesh,"Rangaraya Med Coll, Kakinada",OBG,"₹48,600*","₹60,823",1*,"₹40,00,000*",1450,-,-,-,-,-,-,-,86(1),86(1),-,-
AP Govt-Serv LOC (AU),OPEN-GEN,Andhra Pradesh,"Andhra Med Coll, Vizag",ORTHOPAEDICS,"₹48,600*","₹60,823",1*,"₹40,00,000*",1030,-,-,-,-,-,-,-,88(1),88(1),-,-
AP Govt-Serv LOC (AU),OPEN-GEN-PHO,Andhra Pradesh,"Rangaraya Med Coll, Kakinada",GENERAL SURGERY,"₹48,600*","₹60,823",1*,"₹40,00,000*",1450,-,-,-,-,-,-,-,-,89(1),-,-
AP Govt-Serv LOC (AU),BCD-GEN,Andhra Pradesh,"Maharajah IMS, Vizianagaram",PAEDIATRICS,"₹4,96,800*",Info not available*,1*,"₹40,00,000*",850,-,-,-,-,-,-,-,89(1),90(1),-,-
AP Govt-Serv APUR,OPEN-GEN,Andhra Pradesh,"Rajiv Gandhi IMS, Srikakulam",EMERGENCY MEDICINE,"₹48,600*","₹60,823",1*,"₹40,00,000*",532,-,-,-,-,-,-,-,91(1),-,-,-
AP Govt-Serv LOC (SVU),SC-GEN,Andhra Pradesh,"SVIMS, Tirupati",RADIATION ONCOLOGY,"₹2,11,600*","₹80,904*",1*,"₹40,00,000*",1257,-,-,-,-,-,-,-,-,91(1),-,-
AP Govt-Serv LOC (AU),OPEN-GEN,Andhra Pradesh,"Rangaraya Med Coll, Kakinada",HOSPITAL ADMINISTRATION,"₹48,600*","₹60,823",1*,"₹40,00,000*",1450,-,-,-,-,-,-,-,92(1),21(1),-,-
AP Govt-Serv LOC (AU),OPEN-GEN,Andhra Pradesh,"Rajiv Gandhi IMS, Srikakulam",EMERGENCY MEDICINE,"₹48,600*","₹60,823",1*,"₹40,00,000*",532,-,-,-,-,-,-,-,-,93(1),-,-
AP Govt-Serv LOC (AU),BCB-GEN,Andhra Pradesh,"Alluri Sitaram Raju, Eluru",TBRD,"₹4,96,800*","₹30,000*",1*,"₹40,00,000*",1200,-,-,-,-,-,-,-,93(1),94(1),-,-
AP Govt-Serv APUR,BCD-GEN,Andhra Pradesh,"Guntur Med Coll, Guntur",OBG,"₹48,600*","₹60,823",1*,"₹40,00,000*",1170,-,-,-,-,-,-,-,95(1),-,-,-
AP Govt-Serv APUR,BCB-GEN,Andhra Pradesh,"Govt Siddhartha, Vijaywada",ANAESTHESIOLOGY,"₹48,600*","₹60,823",1*,"₹40,00,000*",707,-,-,-,-,-,-,-,94(1),95(1),-,-
AP Govt-Serv LOC (AU),BCD-GEN,Andhra Pradesh,"Guntur Med Coll, Guntur",OBG,"₹48,600*","₹60,823",1*,"₹40,00,000*",1170,254(1),267(1),-,-,-,-,-,-,96(1),-,-
AP Govt-Serv LOC (AU),OPEN-GEN,Andhra Pradesh,"Maharajah IMS, Vizianagaram",OBG,"₹4,96,800*",Info not available*,1*,"₹40,00,000*",850,-,-,-,-,-,-,-,-,97(1),-,-
AP Govt-Serv LOC (SVU),BCB-GEN,Andhra Pradesh,"Rajiv Gandhi IMS, Kadapa",TBRD,"₹48,600*","₹60,823",1*,"₹40,00,000*",715,-,-,-,-,-,-,-,97(1),98(1),-,-
AP Govt-Serv LOC (SVU),BCB-GEN,Andhra Pradesh,"PES IMS, Kuppam",ORTHOPAEDICS,"₹4,96,800*","₹30,000*",1*,"₹40,00,000*",975,-,-,-,-,-,-,-,-,99(1),-,-
AP Govt-NS APUR,OPEN-GEN,Andhra Pradesh,"Rajiv Gandhi IMS, Kadapa",GENERAL SURGERY,"₹48,600*","₹60,823",1*,"₹40,00,000*",715,-,-,-,-,-,-,-,-,-,-,101(1)
AP Govt-Serv LOC (AU),SC-GEN,Andhra Pradesh,"Alluri Sitaram Raju, Eluru",GENERAL MEDICINE,"₹4,96,800*","₹30,000*",1*,"₹40,00,000*",1200,-,-,-,-,-,-,-,101(1),102(1),-,-
AP Govt-Serv LOC (AU),OPEN-FEM-PHO,Andhra Pradesh,"GSL Med Coll, Rajahmundry",OBG,"₹4,96,800*","₹30,000*",1*,"₹40,00,000*",1140,-,-,-,-,-,-,-,102(1),103(1),-,-
AP Govt-Serv LOC (SVU),BCD-GEN,Andhra Pradesh,"SV Med Coll, Tirupati",GENERAL MEDICINE,"₹48,600*","₹60,823",1*,"₹40,00,000*",940,-,-,-,-,-,-,-,103(1),104(1),-,-
AP Govt-Serv LOC (AU),OPEN-GEN,Andhra Pradesh,"Alluri Sitaram Raju, Eluru",GENERAL SURGERY,"₹4,96,800*","₹30,000*",1*,"₹40,00,000*",1200,-,-,-,-,-,-,-,104(1),105(1),-,-
AP Govt-Serv LOC (AU),BCD-FEM,Andhra Pradesh,"Maharajah IMS, Vizianagaram",GENERAL MEDICINE,"₹4,96,800*",Info not available*,1*,"₹40,00,000*",850,-,-,-,-,-,-,-,105(1),106(1),-,-
AP Govt-Serv APUR,OPEN-FEM,Andhra Pradesh,"Govt Siddhartha, Vijaywada",TBRD,"₹48,600*","₹60,823",1*,"₹40,00,000*",707,-,-,-,-,-,-,-,106(1),107(1),-,-
AP Govt-Serv APUR,OPEN-GEN,Andhra Pradesh,"GSL Med Coll, Rajahmundry",ORTHOPAEDICS,"₹4,96,800*","₹30,000*",1*,"₹40,00,000*",1140,-,-,-,-,-,-,-,107(1),108(1),-,-
AP Govt-Serv LOC (AU),BCB-FEM,Andhra Pradesh,"Rajiv Gandhi IMS, Srikakulam",OBG,"₹48,600*","₹60,823",1*,"₹40,00,000*",532,-,-,-,-,-,-,-,-,109(1),-,-
AP Govt-Serv LOC (AU),SC-GEN,Andhra Pradesh,"Alluri Sitaram Raju, Eluru",DERMATOLOGY,"₹4,96,800*","₹30,000*",1*,"₹40,00,000*",1200,-,-,-,-,-,-,-,109(1),110(1),-,-
AP Govt-Serv LOC (AU),BCA-GEN,Andhra Pradesh,"Guntur Med Coll, Guntur",GENERAL SURGERY,"₹48,600*","₹60,823",1*,"₹40,00,000*",1170,-,-,-,-,-,-,-,110(1),111(1),-,-
AP Govt-Serv LOC (SVU),OPEN-GEN,Andhra Pradesh,"Narayana Med Coll, Nellore",BIOCHEMISTRY,"₹70,380*","₹30,000*",1*,"₹40,00,000*",1430,-,-,-,-,-,-,-,111(1),-,-,-
AP Govt-NS APUR,BCB-GEN,Andhra Pradesh,"Alluri Sitaram Raju, Eluru",GENERAL SURGERY,"₹4,96,800*","₹30,000*",1*,"₹40,00,000*",1200,-,-,-,-,-,-,-,-,-,-,111(1)
AP Govt-NS APUR,BCD-GEN,Andhra Pradesh,"Kurnool Med Coll, Kurnool",GENERAL MEDICINE,"₹48,600*","₹60,823",1*,"₹40,00,000*",1150,-,-,-,-,-,-,-,113(1),113(1),-,-
AP Govt-Serv LOC (AU),BCA-FEM,Andhra Pradesh,"Rajiv Gandhi IMS, Ongole",OBG,"₹48,600*","₹60,823",1*,"₹40,00,000*",500,-,-,-,-,-,-,-,112(1),113(1),-,-
AP Govt-Serv APUR,BCB-GEN,Andhra Pradesh,"Katuri Med Coll, Guntur",TBRD,"₹4,96,800*",Info not available*,1*,"₹40,00,000*",1100,-,-,-,-,-,-,-,114(1),-,-,-
AP Govt-Serv LOC (AU),BCD-GEN,Andhra Pradesh,"Andhra Med Coll, Vizag",TBRD,"₹48,600*","₹60,823",1*,"₹40,00,000*",1030,-,-,-,-,-,-,-,113(1),114(1),-,-
AP Govt-Serv LOC (AU),BCB-GEN,Andhra Pradesh,"Katuri Med Coll, Guntur",TBRD,"₹4,96,800*",Info not available*,1*,"₹40,00,000*",1100,-,-,-,-,-,-,-,-,115(1),-,-
AP Govt-NS LOC (SVU),BCB-GEN,Andhra Pradesh,"Kurnool Med Coll, Kurnool",GENERAL MEDICINE,"₹48,600*","₹60,823",1*,"₹40,00,000*",1150,-,-,-,-,-,-,-,81(1),116(1),-,-
AP Govt-Serv LOC (AU),BCA-GEN,Andhra Pradesh,"Guntur Med Coll, Guntur",DERMATOLOGY,"₹48,600*","₹60,823",1*,"₹40,00,000*",1170,-,-,-,-,-,-,-,115(1),116(1),-,-
AP Govt-Serv LOC (AU),BCB-GEN-PHO,Andhra Pradesh,"Rangaraya Med Coll, Kakinada",ANAESTHESIOLOGY,"₹48,600*","₹60,823",1*,"₹40,00,000*",1450,-,-,-,-,-,-,-,116(1),117(1),-,-
AP Govt-Serv LOC (AU),SC-GEN,Andhra Pradesh,"Rajiv Gandhi IMS, Ongole",ANAESTHESIOLOGY,"₹48,600*","₹60,823",1*,"₹40,00,000*",500,-,-,-,-,-,-,-,117(1),118(1),-,-
AP Govt-Serv LOC (SVU),BCD-GEN,Andhra Pradesh,"Narayana Med Coll, Nellore",GENERAL MEDICINE,"₹4,96,800*","₹30,000*",1*,"₹40,00,000*",1430,-,-,-,-,-,-,-,118(1),119(1),-,-
AP Govt-Serv LOC (AU),SC-FEM,Andhra Pradesh,"GreatEastern MedSch,Srikakulam",PAEDIATRICS,"₹4,96,800*",Info not available*,1*,"₹40,00,000*",780,-,-,-,-,-,-,-,119(1),120(1),-,-
AP Govt-Serv LOC (AU),OPEN-GEN,Andhra Pradesh,"Dr PSI Med Coll, Chinoutpalli",ANAESTHESIOLOGY,"₹4,96,800*","₹28,000*",1*,"₹40,00,000*",790,-,-,-,-,-,-,-,120(1),-,-,-
AP Govt-Serv LOC (AU),BCD-FEM,Andhra Pradesh,"Andhra Med Coll, Vizag",ANAESTHESIOLOGY,"₹48,600*","₹60,823",1*,"₹40,00,000*",1030,-,-,-,-,-,-,-,-,121(1),-,-
AP Govt-Serv APUR,BCD-GEN,Andhra Pradesh,"Govt Siddhartha, Vijaywada",OBG,"₹48,600*","₹60,823",1*,"₹40,00,000*",707,-,-,-,-,-,-,-,122(1),123(1),-,-
AP Govt-Serv LOC (AU),SC-GEN,Andhra Pradesh,"NRI Med Coll, Guntur",PAEDIATRICS,"₹4,96,800*","₹27,000*",1*,"₹40,00,000*",1050,-,-,-,-,-,-,-,123(1),124(1),-,-
AP Govt-Serv LOC (SVU),ST-GEN,Andhra Pradesh,"ACSR Medical College, Nellore",GENERAL MEDICINE,"₹48,600*","₹60,823",1*,"₹40,00,000*",355,-,-,-,-,-,-,-,124(1),125(1),-,-
AP Govt-Serv LOC (AU),OPEN-FEM,Andhra Pradesh,"Guntur Med Coll, Guntur",GENERAL SURGERY,"₹48,600*","₹60,823",1*,"₹40,00,000*",1170,-,-,-,-,-,-,-,125(1),126(1),-,-
AP Govt-Serv LOC (SVU),ST-GEN,Andhra Pradesh,"Govt Med Coll, Ananthapuram",OBG,"₹48,600*","₹60,823",1*,"₹40,00,000*",500,-,-,-,-,-,-,-,126(1),127(1),-,-
AP Govt-NS LOC (SVU),OPEN-GEN,Andhra Pradesh,"Rajiv Gandhi IMS, Kadapa",RADIO DIAGNOSIS,"₹48,600*","₹60,823",1*,"₹40,00,000*",715,-,-,-,-,-,-,-,128(1),-,-,-
AP Govt-Serv LOC (SVU),BCD-GEN,Andhra Pradesh,"ACSR Medical College, Nellore",GENERAL SURGERY,"₹48,600*","₹60,823",1*,"₹40,00,000*",355,-,-,-,-,-,-,-,-,128(1),-,-
AP Govt-Serv LOC (AU),BCD-GEN,Andhra Pradesh,"Guntur Med Coll, Guntur",PHARMACOLOGY,"₹48,600*","₹60,823",1*,"₹40,00,000*",1170,-,-,-,-,-,-,-,-,129(1),-,-
AP Govt-Serv APUR,SC-FEM,Andhra Pradesh,"GSL Med Coll, Rajahmundry",GENERAL MEDICINE,"₹4,96,800*","₹30,000*",1*,"₹40,00,000*",1140,-,-,-,-,-,-,-,130(1),-,-,-
AP Govt-Serv LOC (SVU),OPEN-GEN,Andhra Pradesh,"SV Med Coll, Tirupati",PATHOLOGY,"₹48,600*","₹60,823",1*,"₹40,00,000*",940,-,-,-,-,-,-,-,-,131(1),-,-
AP Govt-Serv LOC (AU),ST-FEM,Andhra Pradesh,"NRI Med Coll, Guntur",GENERAL MEDICINE,"₹4,96,800*","₹27,000*",1*,"₹40,00,000*",1050,-,-,-,-,-,-,-,131(1),133(1),-,-
AP Govt-Serv APUR,OPEN-GEN,Andhra Pradesh,"NRI Inst of Med Sci, Vizag",ANAESTHESIOLOGY,"₹4,96,800*","₹40,000*",1*,"₹40,00,000*",980,-,-,-,-,-,-,-,98(1),134(1),-,-
AP Govt-NS LOC (AU),BCC-GEN,Andhra Pradesh,"Andhra Med Coll, Vizag",GENERAL MEDICINE,"₹48,600*","₹60,823",1*,"₹40,00,000*",1030,-,-,-,-,-,-,-,135(1),-,-,-
AP Govt-Serv LOC (AU),BCA-GEN,Andhra Pradesh,"GSL Med Coll, Rajahmundry",PAEDIATRICS,"₹4,96,800*","₹30,000*",1*,"₹40,00,000*",1140,-,-,-,-,-,-,-,133(1),135(1),-,-
AP Govt-NS LOC (SVU),BCD-FEM,Andhra Pradesh,"SV Med Coll, Tirupati",GENERAL MEDICINE,"₹48,600*","₹60,823",1*,"₹40,00,000*",940,-,-,-,-,-,-,-,136(1),-,-,-
AP Govt-Serv LOC (SVU),OPEN-FEM,Andhra Pradesh,"Kurnool Med Coll, Kurnool",ENT,"₹48,600*","₹60,823",1*,"₹40,00,000*",1150,-,-,-,-,-,-,-,134(1),136(1),-,-
AP Govt-Serv LOC (AU),BCD-GEN,Andhra Pradesh,"Andhra Med Coll, Vizag",GENERAL SURGERY,"₹48,600*","₹60,823",1*,"₹40,00,000*",1030,-,-,-,-,-,-,-,135(1),137(1),-,-
AP Govt-Serv LOC (SVU),OPEN-GEN,Andhra Pradesh,"Govt Med Coll, Ananthapuram",ANAESTHESIOLOGY,"₹48,600*","₹60,823",1*,"₹40,00,000*",500,-,-,-,-,-,-,-,-,138(1),-,-
AP Govt-NS LOC (AU),OPEN-FEM,Andhra Pradesh,"Govt Siddhartha, Vijaywada",GENERAL MEDICINE,"₹48,600*","₹60,823",1*,"₹40,00,000*",707,-,-,-,-,-,-,-,88(1),138(1),-,-
AP Govt-Serv LOC (AU),BCB-GEN,Andhra Pradesh,"Maharajah IMS, Vizianagaram",OBG,"₹4,96,800*",Info not available*,1*,"₹40,00,000*",850,-,-,-,-,-,-,-,139(1),-,-,-
AP Govt-NS LOC (SVU),BCB-GEN,Andhra Pradesh,"Govt Siddhartha, Vijaywada",GENERAL MEDICINE,"₹48,600*","₹60,823",1*,"₹40,00,000*",707,-,-,-,-,-,-,-,139(1),-,-,-
AP Govt-Serv LOC (AU),BCB-FEM,Andhra Pradesh,"Dr PSI Med Coll, Chinoutpalli",GENERAL SURGERY,"₹4,96,800*","₹28,000*",1*,"₹40,00,000*",790,-,-,-,-,-,-,-,-,139(1),-,-
AP Govt-Serv LOC (SVU),BCB-GEN,Andhra Pradesh,"PES IMS, Kuppam",GENERAL MEDICINE,"₹4,96,800*","₹30,000*",1*,"₹40,00,000*",975,-,-,-,-,-,-,-,138(1),140(1),-,-
AP Govt-NS APUR,BCB-GEN,Andhra Pradesh,"Rangaraya Med Coll, Kakinada",GENERAL MEDICINE,"₹48,600*","₹60,823",1*,"₹40,00,000*",1450,-,-,-,-,-,-,-,77(1),141(1),-,-
AP Govt-NS AP LOC,BCD-GEN,Andhra Pradesh,"Govt Siddhartha, Vijaywada",GENERAL MEDICINE,"₹48,600*","₹60,823",1*,"₹40,00,000*",707,-,-,-,-,-,-,-,117(1),142(1),-,-
AP Govt-Serv LOC (SVU),OPEN-FEM,Andhra Pradesh,"Kurnool Med Coll, Kurnool",ANAESTHESIOLOGY,"₹48,600*","₹60,823",1*,"₹40,00,000*",1150,-,-,-,-,-,-,-,-,142(1),-,-
AP Govt-Serv LOC (AU),BCA-FEM,Andhra Pradesh,"Katuri Med Coll, Guntur",RADIO DIAGNOSIS,"₹4,96,800*",Info not available*,1*,"₹40,00,000*",1100,-,-,-,-,-,-,-,140(1),143(1),-,-
AP Govt-Serv LOC (AU),OPEN-GEN,Andhra Pradesh,"Andhra Med Coll, Vizag",PSYCHIATRY,"₹48,600*","₹60,823",1*,"₹40,00,000*",1030,235(1),247(1),-,-,-,-,-,-,144(1),-,-
AP Govt-Serv LOC (SVU),MIN-GEN-MSM,Andhra Pradesh,"Fathima IMS,Kadapa",GENERAL MEDICINE,"₹4,96,800*","₹25,000*",1*,"₹40,00,000*",750,-,342(1),-,-,-,-,-,142(1),145(1),-,-
AP Govt-Serv APUR,SC-FEM,Andhra Pradesh,"Govt Siddhartha, Vijaywada",OBG,"₹48,600*","₹60,823",1*,"₹40,00,000*",707,-,-,-,-,-,-,-,145(1),-,-,-
AP Govt-Serv APUR,SC-GEN,Andhra Pradesh,"Rangaraya Med Coll, Kakinada",GENERAL SURGERY,"₹48,600*","₹60,823",1*,"₹40,00,000*",1450,-,-,-,-,-,-,-,147(1),-,-,-
AP Govt-Serv LOC (AU),BCE-GEN,Andhra Pradesh,"Rajiv Gandhi IMS, Ongole",ORTHOPAEDICS,"₹48,600*","₹60,823",1*,"₹40,00,000*",500,-,-,-,-,-,-,-,-,148(1),-,-
AP Govt-Serv LOC (AU),BCA-GEN,Andhra Pradesh,"Andhra Med Coll, Vizag",OPHTHALMOLOGY,"₹48,600*","₹60,823",1*,"₹40,00,000*",1030,-,-,-,-,-,-,-,149(1),-,-,-
AP Govt-Serv LOC (AU),SC-FEM,Andhra Pradesh,"Govt Siddhartha, Vijaywada",OBG,"₹48,600*","₹60,823",1*,"₹40,00,000*",707,-,-,-,-,-,-,-,-,150(1),-,-
AP Govt-NS APUR,OPEN-GEN,Andhra Pradesh,"ACSR Medical College, Nellore",ORTHOPAEDICS,"₹48,600*","₹60,823",1*,"₹40,00,000*",355,-,-,-,-,-,-,-,-,-,-,151(1)
AP Govt-Serv LOC (SVU),SC-GEN,Andhra Pradesh,"Kurnool Med Coll, Kurnool",PAEDIATRICS,"₹48,600*","₹60,823",1*,"₹40,00,000*",1150,-,-,-,-,-,-,-,146(1),151(1),-,-
AP Govt-Serv APUR,SC-GEN,Andhra Pradesh,"Govt Siddhartha, Vijaywada",ORTHOPAEDICS,"₹48,600*","₹60,823",1*,"₹40,00,000*",707,-,-,-,-,-,-,-,151(1),-,-,-
AP Govt-Serv LOC (AU),SC-GEN,Andhra Pradesh,"Rangaraya Med Coll, Kakinada",GENERAL SURGERY,"₹48,600*","₹60,823",1*,"₹40,00,000*",1450,-,-,-,-,-,-,-,-,152(1),-,-
AP Govt-Serv APUR,SC-GEN,Andhra Pradesh,"SV Med Coll, Tirupati",TBRD,"₹48,600*","₹60,823",1*,"₹40,00,000*",940,-,-,-,-,-,-,-,152(1),-,-,-
AP Govt-Serv LOC (AU),SC-GEN,Andhra Pradesh,"GreatEastern MedSch,Srikakulam",ORTHOPAEDICS,"₹4,96,800*",Info not available*,1*,"₹40,00,000*",780,-,-,-,-,-,-,-,-,153(1),-,-
AP Govt-Serv LOC (SVU),ST-FEM,Andhra Pradesh,"Kurnool Med Coll, Kurnool",ANAESTHESIOLOGY,"₹48,600*","₹60,823",1*,"₹40,00,000*",1150,-,-,-,-,-,-,-,154(1),-,-,-
AP Govt-Serv APUR,OPEN-GEN,Andhra Pradesh,"Andhra Med Coll, Vizag",FORENSIC MEDICINE,"₹48,600*","₹60,823",1*,"₹40,00,000*",1030,-,-,-,-,-,-,-,155(1),-,-,-
AP Govt-Serv LOC (AU),ST-GEN,Andhra Pradesh,"Konaseema IMS, Amalapuram",RADIO DIAGNOSIS,"₹4,96,800*","₹30,000*",1*,"₹40,00,000*",840,-,-,-,-,-,-,-,150(1),155(1),-,-
AP Govt-Serv LOC (SVU),SC-GEN,Andhra Pradesh,"Govt Siddhartha, Vijaywada",ORTHOPAEDICS,"₹48,600*","₹60,823",1*,"₹40,00,000*",707,-,-,-,-,-,-,-,-,156(1),-,-
AP Govt-Serv LOC (SVU),SC-GEN,Andhra Pradesh,"SV Med Coll, Tirupati",TBRD,"₹48,600*","₹60,823",1*,"₹40,00,000*",940,-,-,-,-,-,-,-,-,157(1),-,-
AP Govt-NS APUR,OPEN-GEN,Andhra Pradesh,"NRI Inst of Med Sci, Vizag",GENERAL SURGERY,"₹4,96,800*","₹40,000*",1*,"₹40,00,000*",980,-,-,-,-,-,-,-,-,-,-,157(1)
AP Govt-NS APUR,OPEN-FEM,Andhra Pradesh,"Alluri Sitaram Raju, Eluru",OBG,"₹4,96,800*","₹30,000*",1*,"₹40,00,000*",1200,-,-,-,-,-,-,-,-,-,-,158(1)
AP Govt-Serv LOC (SVU),OPEN-FEM,Andhra Pradesh,"Govt Med Coll, Ananthapuram",MICROBIOLOGY,"₹48,600*","₹60,823",1*,"₹40,00,000*",500,-,-,-,-,-,-,-,-,159(1),-,-
AP Govt-Serv LOC (AU),BCD-FEM,Andhra Pradesh,"Katuri Med Coll, Guntur",ORTHOPAEDICS,"₹4,96,800*",Info not available*,1*,"₹40,00,000*",1100,-,-,-,-,-,-,-,-,160(1),-,-
AP Govt-NS LOC (AU),BCB-GEN-PHO,Andhra Pradesh,"Rajiv Gandhi IMS, Srikakulam",GENERAL MEDICINE,"₹48,600*","₹60,823",1*,"₹40,00,000*",532,-,-,-,-,-,-,-,160(1),-,-,-
AP Govt-Serv LOC (AU),SC-GEN,Andhra Pradesh,"Andhra Med Coll, Vizag",ENT,"₹48,600*","₹60,823",1*,"₹40,00,000*",1030,-,417(1),-,-,-,-,-,-,161(1),-,-
AP Govt-Serv LOC (SVU),BCA-GEN,Andhra Pradesh,"Kurnool Med Coll, Kurnool",RADIO DIAGNOSIS,"₹48,600*","₹60,823",1*,"₹40,00,000*",1150,82(1),83(1),-,-,-,-,-,156(1),162(1),-,-
AP Govt-Serv LOC (AU),OPEN-GEN,Andhra Pradesh,"Andhra Med Coll, Vizag",OPHTHALMOLOGY,"₹48,600*","₹60,823",1*,"₹40,00,000*",1030,-,183(1),525(1),-,-,-,-,-,163(1),-,-
AP Govt-Serv LOC (AU),SC-GEN,Andhra Pradesh,"Guntur Med Coll, Guntur",ORTHOPAEDICS,"₹48,600*","₹60,823",1*,"₹40,00,000*",1170,-,-,-,-,-,-,-,157(1),164(1),-,-
AP Govt-Serv LOC (SVU),BCA-GEN,Andhra Pradesh,"Kurnool Med Coll, Kurnool",GENERAL MEDICINE,"₹48,600*","₹60,823",1*,"₹40,00,000*",1150,-,-,-,-,-,-,-,158(1),166(1),-,-
AP Govt-Serv LOC (AU),SC-GEN,Andhra Pradesh,"Guntur Med Coll, Guntur",OPHTHALMOLOGY,"₹48,600*","₹60,823",1*,"₹40,00,000*",1170,-,-,-,-,-,-,-,159(1),167(1),-,-
AP Govt-Serv APUR,SC-GEN,Andhra Pradesh,"Rangaraya Med Coll, Kakinada",ANAESTHESIOLOGY,"₹48,600*","₹60,823",1*,"₹40,00,000*",1450,-,-,-,-,-,-,-,168(1),-,-,-
AP Govt-Serv APUR,OPEN-GEN,Andhra Pradesh,"Govt Siddhartha, Vijaywada",PATHOLOGY,"₹48,600*","₹60,823",1*,"₹40,00,000*",707,-,-,-,-,-,-,-,160(1),168(1),-,-
AP Govt-NS APUR,OPEN-GEN,Andhra Pradesh,"Rajiv Gandhi IMS, Kadapa",EMERGENCY MEDICINE,"₹48,600*","₹60,823",1*,"₹40,00,000*",715,-,-,-,-,-,-,-,-,-,-,169(1)
AP Govt-Serv LOC (AU),SC-GEN,Andhra Pradesh,"NRI Inst of Med Sci, Vizag",GENERAL MEDICINE,"₹4,96,800*","₹40,000*",1*,"₹40,00,000*",980,-,-,-,-,-,-,-,-,169(1),-,-
AP Govt-Serv LOC (AU),OPEN-GEN,Andhra Pradesh,"GVP Med Coll, Vizag",PSYCHIATRY,"₹4,96,800*","₹30,000*",1*,"₹40,00,000*",750,-,-,-,-,-,-,-,-,170(1),-,-
AP Govt-Serv LOC (AU),BCD-GEN,Andhra Pradesh,"GSL Med Coll, Rajahmundry",TBRD,"₹4,96,800*","₹30,000*",1*,"₹40,00,000*",1140,-,-,-,-,-,-,-,162(1),171(1),-,-
AP Govt-Serv LOC (SVU),BCD-GEN,Andhra Pradesh,"Kurnool Med Coll, Kurnool",OBG,"₹48,600*","₹60,823",1*,"₹40,00,000*",1150,-,-,-,-,-,-,-,163(1),172(1),-,-
AP Govt-Serv LOC (SVU),SC-FEM,Andhra Pradesh,"SV Med Coll, Tirupati",OBG,"₹48,600*","₹60,823",1*,"₹40,00,000*",940,-,-,-,-,-,-,-,164(1),173(1),-,-
AP Govt-Serv LOC (SVU),BCE-FEM,Andhra Pradesh,"Narayana Med Coll, Nellore",DERMATOLOGY,"₹4,96,800*","₹30,000*",1*,"₹40,00,000*",1430,-,-,-,-,-,-,-,166(1),175(1),-,-
AP Govt-Serv LOC (SVU),BCB-GEN,Andhra Pradesh,"Govt Med Coll, Ananthapuram",ANAESTHESIOLOGY,"₹48,600*","₹60,823",1*,"₹40,00,000*",500,-,-,-,-,-,-,-,175(1),-,-,-
AP Govt-Serv LOC (AU),BCE-GEN,Andhra Pradesh,"Katuri Med Coll, Guntur",GENERAL MEDICINE,"₹4,96,800*",Info not available*,1*,"₹40,00,000*",1100,-,-,-,-,-,-,-,-,176(1),-,-
AP Govt-NS LOC (AU),BCD-FEM,Andhra Pradesh,"Rangaraya Med Coll, Kakinada",GENERAL MEDICINE,"₹48,600*","₹60,823",1*,"₹40,00,000*",1450,-,-,-,-,-,-,-,97(1),177(1),-,-
AP Govt-Serv LOC (AU),OPEN-GEN,Andhra Pradesh,"Maharajah IMS, Vizianagaram",ORTHOPAEDICS,"₹4,96,800*",Info not available*,1*,"₹40,00,000*",850,-,-,-,-,-,-,-,148(1),177(1),-,-
AP Govt-Serv LOC (AU),SC-GEN,Andhra Pradesh,"Rangaraya Med Coll, Kakinada",ANAESTHESIOLOGY,"₹48,600*","₹60,823",1*,"₹40,00,000*",1450,-,-,-,-,-,-,-,-,178(1),-,-
AP Govt-Serv APUR,OPEN-GEN,Andhra Pradesh,"PES IMS, Kuppam",ENT,"₹4,96,800*","₹30,000*",1*,"₹40,00,000*",975,-,-,-,-,-,-,-,169(1),179(1),-,-
AP Govt-Serv LOC (AU),SC-GEN-PHO,Andhra Pradesh,"Rangaraya Med Coll, Kakinada",GENERAL SURGERY,"₹48,600*","₹60,823",1*,"₹40,00,000*",1450,-,-,-,-,-,-,-,179(1),-,-,-
AP Govt-Serv LOC (AU),SC-GEN,Andhra Pradesh,"Dr PSI Med Coll, Chinoutpalli",TBRD,"₹4,96,800*","₹28,000*",1*,"₹40,00,000*",790,-,-,-,-,-,-,-,170(1),180(1),-,-
AP Govt-Serv APUR,OPEN-GEN,Andhra Pradesh,"Rajiv Gandhi IMS, Kadapa",FORENSIC MEDICINE,"₹48,600*","₹60,823",1*,"₹40,00,000*",715,-,-,-,-,-,-,-,181(1),-,-,-
AP Govt-Serv LOC (SVU),SC-GEN,Andhra Pradesh,"Rajiv Gandhi IMS, Kadapa",PSYCHIATRY,"₹48,600*","₹60,823",1*,"₹40,00,000*",715,-,-,-,-,-,-,-,171(1),181(1),-,-
AP Govt-Serv LOC (AU),OPEN-FEM,Andhra Pradesh,"Guntur Med Coll, Guntur",PSYCHIATRY,"₹48,600*","₹60,823",1*,"₹40,00,000*",1170,-,-,-,-,-,-,-,172(1),182(1),-,-
AP Govt-NS APUR,BCE-GEN,Andhra Pradesh,"SV Med Coll, Tirupati",GENERAL MEDICINE,"₹48,600*","₹60,823",1*,"₹40,00,000*",940,-,-,-,-,-,-,-,182(1),-,-,-
AP Govt-Serv LOC (SVU),BCA-GEN,Andhra Pradesh,"Govt Med Coll, Ananthapuram",PHYSIOLOGY,"₹48,600*","₹60,823",1*,"₹40,00,000*",500,-,-,-,-,-,-,-,-,183(1),-,-
AP Govt-Serv LOC (AU),ST-GEN,Andhra Pradesh,"Guntur Med Coll, Guntur",OBG,"₹48,600*","₹60,823",1*,"₹40,00,000*",1170,-,-,-,-,-,-,-,173(1),185(1),-,-
AP Govt-Serv LOC (SVU),BCA-FEM,Andhra Pradesh,"SV Med Coll, Tirupati",OBG,"₹48,600*","₹60,823",1*,"₹40,00,000*",940,-,-,-,-,-,-,-,-,187(1),-,-
AP Govt-Serv LOC (AU),BCB-FEM,Andhra Pradesh,"Andhra Med Coll, Vizag",OPHTHALMOLOGY,"₹48,600*","₹60,823",1*,"₹40,00,000*",1030,-,-,-,-,-,-,-,-,188(1),-,-
AP Govt-Serv LOC (AU),SC-FEM,Andhra Pradesh,"GSL Med Coll, Rajahmundry",GENERAL MEDICINE,"₹4,96,800*","₹30,000*",1*,"₹40,00,000*",1140,218(1),-,-,-,-,-,-,177(1),189(2),-,-
AP Govt-Serv LOC (AU),ST-GEN,Andhra Pradesh,"Katuri Med Coll, Guntur",PAEDIATRICS,"₹4,96,800*",Info not available*,1*,"₹40,00,000*",1100,-,-,-,-,-,-,-,178(1),190(1),-,-
AP Govt-Serv LOC (AU),ST-GEN,Andhra Pradesh,"Rajiv Gandhi IMS, Srikakulam",ENT,"₹48,600*","₹60,823",1*,"₹40,00,000*",532,-,-,-,-,-,-,-,-,191(1),-,-
AP Govt-NS LOC (AU),BCD-FEM,Andhra Pradesh,"Guntur Med Coll, Guntur",PAEDIATRICS,"₹48,600*","₹60,823",1*,"₹40,00,000*",1170,-,-,-,-,-,-,-,192(1),-,-,-
AP Govt-Serv LOC (SVU),SC-FEM,Andhra Pradesh,"ACSR Medical College, Nellore",GENERAL MEDICINE,"₹48,600*","₹60,823",1*,"₹40,00,000*",355,-,-,-,-,-,-,-,-,193(1),-,-
AP Govt-Serv LOC (AU),BCA-GEN,Andhra Pradesh,"Guntur Med Coll, Guntur",ENT,"₹48,600*","₹60,823",1*,"₹40,00,000*",1170,-,-,-,-,-,-,-,167(1),194(1),-,-
AP Govt-Serv LOC (SVU),OPEN-FEM,Andhra Pradesh,"Narayana Med Coll, Nellore",TBRD,"₹4,96,800*","₹30,000*",1*,"₹40,00,000*",1430,-,-,-,-,-,-,-,-,195(1),-,-
AP Govt-Serv LOC (SVU),SC-GEN-PHO,Andhra Pradesh,"Narayana Med Coll, Nellore",GENERAL SURGERY,"₹4,96,800*","₹30,000*",1*,"₹40,00,000*",1430,-,-,-,-,-,-,-,-,196(1),-,-
AP Govt-NS LOC (SVU),BCB-GEN-PHO,Andhra Pradesh,"ACSR Medical College, Nellore",GENERAL MEDICINE,"₹48,600*","₹60,823",1*,"₹40,00,000*",355,-,-,-,-,-,-,-,196(1),-,-,-
AP Govt-NS LOC (SVU),BCD-GEN,Andhra Pradesh,"Rajiv Gandhi IMS, Kadapa",GENERAL MEDICINE,"₹48,600*","₹60,823",1*,"₹40,00,000*",715,-,-,-,-,-,-,-,197(1),197(1),-,-
AP Govt-Serv LOC (SVU),MIN-GEN-MSM,Andhra Pradesh,"Nimra Inst of Med Sci, Krishna",GENERAL MEDICINE,"₹4,96,800*",Info not available*,1*,"₹40,00,000*",-,-,-,-,-,-,-,-,-,198(1),-,-
AP Govt-Serv LOC (AU),OPEN-FEM,Andhra Pradesh,"Konaseema IMS, Amalapuram",GENERAL SURGERY,"₹4,96,800*","₹30,000*",1*,"₹40,00,000*",840,-,-,-,-,-,-,-,-,199(1),-,-
AP Govt-Serv LOC (AU),BCB-GEN,Andhra Pradesh,"NRI Med Coll, Guntur",RADIATION ONCOLOGY,"₹4,96,800*","₹27,000*",1*,"₹40,00,000*",1050,-,-,-,-,-,-,-,-,200(1),-,-
AP Govt-Serv LOC (SVU),BCB-GEN,Andhra Pradesh,"Govt Siddhartha, Vijaywada",ENT,"₹48,600*","₹60,823",1*,"₹40,00,000*",707,-,-,-,-,-,-,-,-,201(1),-,-
AP Govt-NS APUR,OPEN-GEN,Andhra Pradesh,"Guntur Med Coll, Guntur",RADIATION ONCOLOGY,"₹48,600*","₹60,823",1*,"₹40,00,000*",1170,618(1),-,-,-,-,-,-,-,-,-,202(1)
AP Govt-Serv LOC (AU),OPEN-GEN,Andhra Pradesh,"GSL Med Coll, Rajahmundry",GENERAL SURGERY,"₹4,96,800*","₹30,000*",1*,"₹40,00,000*",1140,-,-,-,-,-,-,-,141(1),202(1),-,-
AP Govt-Serv LOC (AU),OPEN-GEN,Andhra Pradesh,"Guntur Med Coll, Guntur",SPM,"₹48,600*","₹60,823",1*,"₹40,00,000*",1170,-,-,-,-,-,-,-,-,203(1),-,-
AP Govt-Serv LOC (SVU),ST-GEN,Andhra Pradesh,"Kurnool Med Coll, Kurnool",ANAESTHESIOLOGY,"₹48,600*","₹60,823",1*,"₹40,00,000*",1150,-,-,-,-,-,-,-,-,204(1),-,-
AP Govt-Serv LOC (SVU),BCE-FEM,Andhra Pradesh,"Narayana Med Coll, Nellore",OBG,"₹4,96,800*","₹30,000*",1*,"₹40,00,000*",1430,-,-,-,-,-,-,-,-,205(1),-,-
AP Govt-NS LOC (SVU),BCE-GEN,Andhra Pradesh,"Kurnool Med Coll, Kurnool",PAEDIATRICS,"₹48,600*","₹60,823",1*,"₹40,00,000*",1150,240(1),701(1),-,-,-,-,-,208(1),-,-,-
AP Govt-Serv LOC (SVU),ST-FEM,Andhra Pradesh,"Kurnool Med Coll, Kurnool",GENERAL SURGERY,"₹48,600*","₹60,823",1*,"₹40,00,000*",1150,-,-,-,-,-,-,-,-,208(1),-,-
AP Govt-Serv LOC (SVU),BCD-FEM,Andhra Pradesh,"Apollo IMS&R, Chittoor",GENERAL MEDICINE,"₹4,96,800*","₹30,000*",1*,"₹40,00,000*",850,-,-,-,-,-,-,-,-,210(1),-,-
AP Govt-NS LOC (SVU),BCE-GEN,Andhra Pradesh,"Apollo IMS&R, Chittoor",RADIO DIAGNOSIS,"₹4,96,800*","₹30,000*",1*,"₹40,00,000*",850,-,-,-,-,-,-,-,211(1),-,-,-
AP Govt-Serv LOC (AU),SC-GEN-PHO,Andhra Pradesh,"Rajiv Gandhi IMS, Ongole",GENERAL SURGERY,"₹48,600*","₹60,823",1*,"₹40,00,000*",500,-,-,-,-,-,-,-,-,211(1),-,-
AP Govt-NS APUR,BCD-GEN,Andhra Pradesh,"Rajiv Gandhi IMS, Srikakulam",GENERAL MEDICINE,"₹48,600*","₹60,823",1*,"₹40,00,000*",532,176(1),-,-,-,-,-,-,-,212(1),-,-
AP Govt-NS LOC (SVU),BCD-GEN,Andhra Pradesh,"SV Med Coll, Tirupati",RADIO DIAGNOSIS,"₹48,600*","₹60,823",1*,"₹40,00,000*",940,-,-,-,-,-,-,-,212(1),-,-,-
AP Govt-Serv LOC (AU),OPEN-FEM,Andhra Pradesh,"Rangaraya Med Coll, Kakinada",SPM,"₹48,600*","₹60,823",1*,"₹40,00,000*",1450,-,-,-,-,-,-,-,-,212(1),-,-
AP Govt-Serv APUR,BCB-GEN,Andhra Pradesh,"Govt Med Coll, Ananthapuram",PATHOLOGY,"₹48,600*","₹60,823",1*,"₹40,00,000*",500,-,-,-,-,-,-,-,-,213(1),-,-
AP Govt-Serv LOC (AU),BCB-GEN,Andhra Pradesh,"GSL Med Coll, Rajahmundry",OBG,"₹4,96,800*","₹30,000*",1*,"₹40,00,000*",1140,-,-,-,-,-,-,-,-,214(1),-,-
AP Govt-Serv LOC (AU),BCA-GEN,Andhra Pradesh,"GSL Med Coll, Rajahmundry",GENERAL SURGERY,"₹4,96,800*","₹30,000*",1*,"₹40,00,000*",1140,-,613(1),-,-,-,-,-,-,215(1),-,-
AP Govt-Serv LOC (SVU),BCD-GEN,Andhra Pradesh,"Santhiram Med Coll, Nandyal",OBG,"₹4,96,800*","₹30,000*",1*,"₹40,00,000*",930,-,-,-,-,-,-,-,-,216(1),-,-
AP Govt-Serv LOC (AU),BCA-FEM,Andhra Pradesh,"Rajiv Gandhi IMS, Ongole",ENT,"₹48,600*","₹60,823",1*,"₹40,00,000*",500,-,-,-,-,-,-,-,-,217(1),-,-
AP Govt-Serv LOC (AU),BCB-GEN-PHO,Andhra Pradesh,"Rajiv Gandhi IMS, Srikakulam",ORTHOPAEDICS,"₹48,600*","₹60,823",1*,"₹40,00,000*",532,-,-,-,-,-,-,-,-,218(1),-,-
AP Govt-Serv APUR,OPEN-FEM,Andhra Pradesh,"GSL Med Coll, Rajahmundry",ENT,"₹4,96,800*","₹30,000*",1*,"₹40,00,000*",1140,-,-,-,-,-,-,-,-,219(1),-,-
AP Govt-Serv LOC (AU),SC-FEM,Andhra Pradesh,"Katuri Med Coll, Guntur",OBG,"₹4,96,800*",Info not available*,1*,"₹40,00,000*",1100,-,-,-,-,-,-,-,-,220(1),-,-
AP Govt-Serv LOC (AU),ST-FEM,Andhra Pradesh,"Guntur Med Coll, Guntur",GENERAL SURGERY,"₹48,600*","₹60,823",1*,"₹40,00,000*",1170,-,-,-,-,-,-,-,-,221(1),-,-
AP Govt-NS APUR,OPEN-GEN,Andhra Pradesh,"ACSR Medical College, Nellore",PSYCHIATRY,"₹48,600*","₹60,823",1*,"₹40,00,000*",355,-,-,-,-,-,-,-,-,-,-,221(1)
AP Govt-NS APUR,BCB-GEN,Andhra Pradesh,"Rajiv Gandhi IMS, Srikakulam",DERMATOLOGY,"₹48,600*","₹60,823",1*,"₹40,00,000*",532,-,-,-,-,-,-,-,222(1),-,-,-
AP Govt-Serv LOC (SVU),SC-FEM,Andhra Pradesh,"Narayana Med Coll, Nellore",GENERAL MEDICINE,"₹4,96,800*","₹30,000*",1*,"₹40,00,000*",1430,-,-,-,-,-,-,-,-,223(1),-,-
AP Govt-Serv LOC (SVU),BCA-GEN,Andhra Pradesh,"SVIMS, Tirupati",ANAESTHESIOLOGY,"₹2,11,600*","₹80,904*",1*,"₹40,00,000*",1257,-,-,-,-,-,-,-,-,224(1),-,-
AP Govt-NS APUR,OPEN-GEN,Andhra Pradesh,"Rajiv Gandhi IMS, Kadapa",ENT,"₹48,600*","₹60,823",1*,"₹40,00,000*",715,-,-,-,-,-,-,-,-,-,-,224(1)
AP Govt-Serv LOC (AU),OPEN-FEM,Andhra Pradesh,"Rangaraya Med Coll, Kakinada",ORTHOPAEDICS,"₹48,600*","₹60,823",1*,"₹40,00,000*",1450,-,-,-,-,-,-,-,-,225(1),-,-
AP Govt-Serv LOC (AU),BCE-GEN,Andhra Pradesh,"Alluri Sitaram Raju, Eluru",PAEDIATRICS,"₹4,96,800*","₹30,000*",1*,"₹40,00,000*",1200,-,-,-,-,-,-,-,-,226(1),-,-
AP Govt-Serv LOC (SVU),BCB-GEN,Andhra Pradesh,"VMC, Kurnool",ORTHOPAEDICS,"₹4,96,800*","₹30,000*",1*,"₹40,00,000*",650,-,-,-,-,-,-,-,-,227(1),-,-
AP Govt-Serv LOC (AU),SC-FEM,Andhra Pradesh,"GVP Med Coll, Vizag",GENERAL MEDICINE,"₹4,96,800*","₹30,000*",1*,"₹40,00,000*",750,-,-,-,-,-,-,-,-,229(1),-,-
AP Govt-Serv LOC (AU),SC-GEN,Andhra Pradesh,"GreatEastern MedSch,Srikakulam",OBG,"₹4,96,800*",Info not available*,1*,"₹40,00,000*",780,-,-,-,-,-,-,-,-,230(1),-,-
AP Govt-Serv LOC (AU),BCB-FEM,Andhra Pradesh,"GSL Med Coll, Rajahmundry",ORTHOPAEDICS,"₹4,96,800*","₹30,000*",1*,"₹40,00,000*",1140,-,-,-,-,-,-,-,-,231(1),-,-
AP Govt-Serv LOC (AU),OPEN-GEN,Andhra Pradesh,"Katuri Med Coll, Guntur",GENERAL SURGERY,"₹4,96,800*",Info not available*,1*,"₹40,00,000*",1100,-,-,-,-,-,-,-,137(1),232(1),-,-
AP Govt-NS LOC (AU),OPEN-GEN,Andhra Pradesh,"Govt Siddhartha, Vijaywada",ANAESTHESIOLOGY,"₹48,600*","₹60,823",1*,"₹40,00,000*",707,-,-,-,-,-,-,-,-,-,-,233(1)
AP Govt-Serv LOC (SVU),BCD-GEN,Andhra Pradesh,"Santhiram Med Coll, Nandyal",GENERAL SURGERY,"₹4,96,800*","₹30,000*",1*,"₹40,00,000*",930,-,-,-,-,-,-,-,-,234(1),-,-
AP Govt-Serv LOC (SVU),OPEN-GEN,Andhra Pradesh,"SV Med Coll, Tirupati",SPM,"₹48,600*","₹60,823",1*,"₹40,00,000*",940,175(1),523(1),422(1),-,-,-,-,-,235(1),-,-
AP Govt-NS LOC (SVU),BCA-FEM,Andhra Pradesh,"Rajiv Gandhi IMS, Kadapa",GENERAL MEDICINE,"₹48,600*","₹60,823",1*,"₹40,00,000*",715,-,-,-,-,-,-,-,235(1),235(1),-,-
AP Govt-Serv LOC (SVU),OPEN-FEM,Andhra Pradesh,"PES IMS, Kuppam",ANAESTHESIOLOGY,"₹4,96,800*","₹30,000*",1*,"₹40,00,000*",975,-,-,-,-,-,-,-,-,237(1),-,-
AP Govt-Serv LOC (AU),BCB-FEM,Andhra Pradesh,"Dr PSI Med Coll, Chinoutpalli",OBG,"₹4,96,800*","₹28,000*",1*,"₹40,00,000*",790,-,-,-,-,-,-,-,-,238(1),-,-
AP Govt-NS APUR,OPEN-GEN,Andhra Pradesh,"Rangaraya Med Coll, Kakinada",ANAESTHESIOLOGY,"₹48,600*","₹60,823",1*,"₹40,00,000*",1450,-,-,-,-,-,-,-,-,-,-,238(1)
AP Govt-NS APUR,OPEN-GEN,Andhra Pradesh,"Dr PSI Med Coll, Chinoutpalli",ORTHOPAEDICS,"₹4,96,800*","₹28,000*",1*,"₹40,00,000*",790,-,-,-,-,-,-,-,-,-,-,240(1)
AP Govt-Serv LOC (AU),BCC-FEM,Andhra Pradesh,"GSL Med Coll, Rajahmundry",OBG,"₹4,96,800*","₹30,000*",1*,"₹40,00,000*",1140,-,-,-,-,-,-,-,-,240(1),-,-
AP Govt-Serv APUR,OPEN-GEN,Andhra Pradesh,"Andhra Med Coll, Vizag",FAMILY MEDICINE,"₹48,600*","₹60,823",1*,"₹40,00,000*",1030,-,-,-,-,-,-,-,-,241(1),-,-
AP Govt-Serv LOC (SVU),BCE-GEN,Andhra Pradesh,"Narayana Med Coll, Nellore",PSYCHIATRY,"₹4,96,800*","₹30,000*",1*,"₹40,00,000*",1430,-,-,-,-,-,-,-,-,242(1),-,-
AP Govt-Serv LOC (AU),OPEN-FEM,Andhra Pradesh,"NRI Inst of Med Sci, Vizag",GENERAL SURGERY,"₹4,96,800*","₹40,000*",1*,"₹40,00,000*",980,-,-,-,-,-,-,-,-,243(1),-,-
AP Govt-NS LOC (AU),BCD-GEN,Andhra Pradesh,"NRI Med Coll, Guntur",GENERAL MEDICINE,"₹4,96,800*","₹27,000*",1*,"₹40,00,000*",1050,-,-,-,-,-,-,-,177(1),245(1),-,-
AP Govt-Serv LOC (SVU),SC-GEN,Andhra Pradesh,"VMC, Kurnool",ANAESTHESIOLOGY,"₹4,96,800*","₹30,000*",1*,"₹40,00,000*",650,-,-,-,-,-,-,-,-,245(1),-,-
AP Govt-Serv LOC (AU),SC-GEN,Andhra Pradesh,"Andhra Med Coll, Vizag",FAMILY MEDICINE,"₹48,600*","₹60,823",1*,"₹40,00,000*",1030,-,-,-,-,-,-,-,-,246(1),-,-
AP Govt-Serv APUR,SC-GEN,Andhra Pradesh,"Maharajah IMS, Vizianagaram",GENERAL SURGERY,"₹4,96,800*",Info not available*,1*,"₹40,00,000*",850,-,-,-,-,-,-,-,-,248(1),-,-
AP Govt-NS LOC (SVU),BCD-FEM,Andhra Pradesh,"Rajiv Gandhi IMS, Kadapa",GENERAL MEDICINE,"₹48,600*","₹60,823",1*,"₹40,00,000*",715,205(1),553(1),-,-,-,-,-,249(1),249(1),-,-
AP Govt-Serv LOC (AU),ST-GEN,Andhra Pradesh,"NRI Med Coll, Guntur",OPHTHALMOLOGY,"₹4,96,800*","₹27,000*",1*,"₹40,00,000*",1050,-,-,-,-,-,-,-,180(1),250(1),-,-
AP Govt-Serv LOC (AU),SC-GEN,Andhra Pradesh,"GSL Med Coll, Rajahmundry",OPHTHALMOLOGY,"₹4,96,800*","₹30,000*",1*,"₹40,00,000*",1140,-,-,-,-,-,-,-,-,251(1),-,-
AP Govt-Serv LOC (AU),SC-FEM,Andhra Pradesh,"NRI Med Coll, Guntur",GENERAL SURGERY,"₹4,96,800*","₹27,000*",1*,"₹40,00,000*",1050,-,-,-,-,-,-,-,-,253(1),-,-
AP Govt-NS LOC (SVU),OPEN-GEN,Andhra Pradesh,"PES IMS, Kuppam",RADIO DIAGNOSIS,"₹4,96,800*","₹30,000*",1*,"₹40,00,000*",975,237(2),492(2),1000(1),-,-,-,-,159(1),254(1),-,-
AP Govt-Serv APUR,SC-FEM,Andhra Pradesh,"GSL Med Coll, Rajahmundry",PATHOLOGY,"₹1,55,250*","₹30,000*",1*,"₹40,00,000*",1140,-,-,-,-,-,-,-,-,254(1),-,-
AP Govt-Serv LOC (AU),ST-GEN,Andhra Pradesh,"Andhra Med Coll, Vizag",PATHOLOGY,"₹48,600*","₹60,823",1*,"₹40,00,000*",1030,-,-,-,-,-,-,-,-,255(1),-,-
AP Govt-Serv LOC (SVU),BCD-FEM,Andhra Pradesh,"Narayana Med Coll, Nellore",ANAESTHESIOLOGY,"₹4,96,800*","₹30,000*",1*,"₹40,00,000*",1430,-,-,-,-,-,-,-,-,256(1),-,-
AP Govt-NS APUR,BCD-GEN,Andhra Pradesh,"Govt Med Coll, Ananthapuram",ANAESTHESIOLOGY,"₹48,600*","₹60,823",1*,"₹40,00,000*",500,-,-,-,-,-,-,-,-,-,-,257(1)
AP Govt-Serv APUR,OPEN-GEN,Andhra Pradesh,"Narayana Med Coll, Nellore",SPM,"₹1,55,250*","₹30,000*",1*,"₹40,00,000*",1430,-,-,-,-,-,-,-,-,259(1),-,-
AP Govt-NS APUR,OPEN-GEN,Andhra Pradesh,"GSL Med Coll, Rajahmundry",ORTHOPAEDICS,"₹4,96,800*","₹30,000*",1*,"₹40,00,000*",1140,-,-,-,-,-,-,-,-,-,-,259(1)
AP Govt-Serv LOC (SVU),BCD-GEN,Andhra Pradesh,"Kurnool Med Coll, Kurnool",ORTHOPAEDICS,"₹48,600*","₹60,823",1*,"₹40,00,000*",1150,-,-,-,-,-,-,-,127(1),260(1),-,-
AP Govt-Serv LOC (SVU),OPEN-GEN,Andhra Pradesh,"SV Med Coll, Tirupati",MICROBIOLOGY,"₹48,600*","₹60,823",1*,"₹40,00,000*",940,-,639(1),-,-,-,-,-,-,261(1),-,-
AP Govt-Serv LOC (SVU),BCC-GEN,Andhra Pradesh,"Rajiv Gandhi IMS, Kadapa",RADIATION ONCOLOGY,"₹48,600*","₹60,823",1*,"₹40,00,000*",715,-,-,-,-,-,-,-,-,262(1),-,-
AP Govt-Serv LOC (AU),SC-GEN,Andhra Pradesh,"Konaseema IMS, Amalapuram",ANAESTHESIOLOGY,"₹4,96,800*","₹30,000*",1*,"₹40,00,000*",840,-,-,-,-,-,-,-,-,264(1),-,-
AP Govt-NS LOC (SVU),BCB-GEN,Andhra Pradesh,"Govt Med Coll, Ananthapuram",GENERAL MEDICINE,"₹48,600*","₹60,823",1*,"₹40,00,000*",500,284(1),340(1),-,-,-,-,-,265(1),265(1),-,-
AP Govt-NS LOC (AU),BCD-GEN,Andhra Pradesh,"Rajiv Gandhi IMS, Srikakulam",PAEDIATRICS,"₹48,600*","₹60,823",1*,"₹40,00,000*",532,373(1),-,-,-,-,-,-,267(1),-,-,-
AP Govt-Serv APUR,MIN-GEN-MSM,Andhra Pradesh,"Fathima IMS,Kadapa",GENERAL SURGERY,"₹4,96,800*","₹25,000*",1*,"₹40,00,000*",750,-,-,-,-,-,-,-,-,267(1),-,-
AP Govt-Serv LOC (SVU),BCD-GEN,Andhra Pradesh,"Santhiram Med Coll, Nandyal",OPHTHALMOLOGY,"₹4,96,800*","₹30,000*",1*,"₹40,00,000*",930,-,-,-,-,-,-,-,-,268(1),-,-
AP Govt-Serv LOC (AU),ST-FEM,Andhra Pradesh,"GSL Med Coll, Rajahmundry",ANAESTHESIOLOGY,"₹4,96,800*","₹30,000*",1*,"₹40,00,000*",1140,-,-,-,-,-,-,-,-,269(1),-,-
AP Govt-Serv LOC (AU),SC-GEN,Andhra Pradesh,"Rangaraya Med Coll, Kakinada",ENT,"₹48,600*","₹60,823",1*,"₹40,00,000*",1450,233(1),245(1),-,-,-,-,-,-,270(1),-,-
AP Govt-Serv LOC (SVU),ST-FEM,Andhra Pradesh,"Rajiv Gandhi IMS, Kadapa",PATHOLOGY,"₹48,600*","₹60,823",1*,"₹40,00,000*",715,-,-,-,-,-,-,-,-,272(1),-,-
AP Govt-Serv LOC (AU),BCD-GEN,Andhra Pradesh,"GreatEastern MedSch,Srikakulam",GENERAL SURGERY,"₹4,96,800*",Info not available*,1*,"₹40,00,000*",780,-,-,-,-,-,-,-,-,273(1),-,-
AP Govt-NS APUR,OPEN-GEN,Andhra Pradesh,"Narayana Med Coll, Nellore",ANAESTHESIOLOGY,"₹4,96,800*","₹30,000*",1*,"₹40,00,000*",1430,-,-,-,-,-,-,-,-,-,-,275(2)
AP Govt-NS APUR,OPEN-GEN,Andhra Pradesh,"Apollo IMS&R, Chittoor",ANAESTHESIOLOGY,"₹4,96,800*","₹30,000*",1*,"₹40,00,000*",850,-,-,-,-,-,-,-,-,-,-,276(1)
AP Govt-Serv LOC (SVU),BCE-GEN,Andhra Pradesh,"Santhiram Med Coll, Nandyal",GENERAL MEDICINE,"₹4,96,800*","₹30,000*",1*,"₹40,00,000*",930,-,-,-,-,-,-,-,-,277(1),-,-
AP Govt-Serv LOC (AU),OPEN-FEM,Andhra Pradesh,"Rangaraya Med Coll, Kakinada",FAMILY MEDICINE,"₹48,600*","₹60,823",1*,"₹40,00,000*",1450,-,-,-,-,-,-,-,-,278(1),-,-
AP Govt-Serv LOC (SVU),OPEN-GEN,Andhra Pradesh,"Govt Med Coll, Ananthapuram",SPM,"₹48,600*","₹60,823",1*,"₹40,00,000*",500,-,-,-,-,-,-,-,-,279(1),-,-
AP Govt-NS APUR,BCE-GEN,Andhra Pradesh,"Andhra Med Coll, Vizag",GENERAL SURGERY,"₹48,600*","₹60,823",1*,"₹40,00,000*",1030,1099(1),1104(1),-,-,-,-,-,280(1),280(1),-,-
AP Govt-NS LOC (SVU),BCD-GEN,Andhra Pradesh,"Narayana Med Coll, Nellore",GENERAL MEDICINE,"₹4,96,800*","₹30,000*",1*,"₹40,00,000*",1430,-,-,-,-,-,-,-,281(1),-,-,-
AP Govt-Serv APUR,BCD-GEN,Andhra Pradesh,"Rangaraya Med Coll, Kakinada",RADIATION ONCOLOGY,"₹48,600*","₹60,823",1*,"₹40,00,000*",1450,-,-,-,-,-,-,-,-,281(1),-,-
AP Govt-NS LOC (SVU),OPEN-GEN,Andhra Pradesh,"ACSR Medical College, Nellore",PAEDIATRICS,"₹48,600*","₹60,823",1*,"₹40,00,000*",355,-,-,-,-,-,-,-,279(1),283(1),-,-
AP Govt-Serv LOC (AU),BCB-GEN,Andhra Pradesh,"Andhra Med Coll, Vizag",GENERAL SURGERY,"₹48,600*","₹60,823",1*,"₹40,00,000*",1030,-,-,-,-,-,-,-,-,283(1),-,-
AP Govt-NS LOC (SVU),BCD-GEN,Andhra Pradesh,"SV Med Coll, Tirupati",PAEDIATRICS,"₹48,600*","₹60,823",1*,"₹40,00,000*",940,353(1),575(1),-,-,-,-,-,285(2),285(2),-,-
AP Govt-NS APUR,OPEN-GEN,Andhra Pradesh,"Katuri Med Coll, Guntur",ORTHOPAEDICS,"₹4,96,800*",Info not available*,1*,"₹40,00,000*",1100,1295(1),2276(1),-,-,-,-,-,-,-,-,285(1)
AP Govt-NS APUR,OPEN-FEM,Andhra Pradesh,"Alluri Sitaram Raju, Eluru",ANAESTHESIOLOGY,"₹4,96,800*","₹30,000*",1*,"₹40,00,000*",1200,-,-,-,-,-,-,-,-,-,-,286(1)
AP Govt-Serv APUR,BCB-FEM,Andhra Pradesh,"Govt Siddhartha, Vijaywada",ANAESTHESIOLOGY,"₹48,600*","₹60,823",1*,"₹40,00,000*",707,-,-,-,-,-,-,-,-,286(1),-,-
AP Govt-Serv LOC (AU),ST-FEM,Andhra Pradesh,"Andhra Med Coll, Vizag",SPM,"₹48,600*","₹60,823",1*,"₹40,00,000*",1030,-,-,-,-,-,-,-,-,287(1),-,-
AP Govt-Serv LOC (AU),ST-FEM,Andhra Pradesh,"NRI Inst of Med Sci, Vizag",TBRD,"₹4,96,800*","₹40,000*",1*,"₹40,00,000*",980,-,-,-,-,-,-,-,-,288(1),-,-
AP Govt-Serv LOC (AU),SC-GEN,Andhra Pradesh,"Andhra Med Coll, Vizag",SPM,"₹48,600*","₹60,823",1*,"₹40,00,000*",1030,-,-,-,-,-,-,-,-,289(1),-,-
AP Govt-Serv LOC (AU),BCD-GEN,Andhra Pradesh,"Konaseema IMS, Amalapuram",OBG,"₹4,96,800*","₹30,000*",1*,"₹40,00,000*",840,-,-,-,-,-,-,-,-,290(1),-,-
AP Govt-Serv LOC (SVU),BCE-GEN,Andhra Pradesh,"Govt Med Coll, Ananthapuram",PHARMACOLOGY,"₹48,600*","₹60,823",1*,"₹40,00,000*",500,-,-,-,-,-,-,-,-,291(1),-,-
AP Govt-NS APUR,OPEN-GEN,Andhra Pradesh,"Maharajah IMS, Vizianagaram",ORTHOPAEDICS,"₹4,96,800*",Info not available*,1*,"₹40,00,000*",850,-,-,-,-,-,-,-,-,-,-,293(1)
AP Govt-Serv LOC (SVU),BCA-GEN,Andhra Pradesh,"PES IMS, Kuppam",OBG,"₹4,96,800*","₹30,000*",1*,"₹40,00,000*",975,-,-,-,-,-,-,-,-,294(1),-,-
AP Govt-Serv APUR,BCD-GEN,Andhra Pradesh,"NRI Inst of Med Sci, Vizag",PATHOLOGY,"₹1,55,250*","₹40,000*",1*,"₹40,00,000*",980,-,-,-,-,-,-,-,-,295(1),-,-
AP Govt-Serv LOC (AU),BCB-FEM,Andhra Pradesh,"GVP Med Coll, Vizag",GENERAL SURGERY,"₹4,96,800*","₹30,000*",1*,"₹40,00,000*",750,-,-,-,-,-,-,-,-,296(1),-,-
AP Govt-Serv LOC (AU),BCB-FEM,Andhra Pradesh,"GVP Med Coll, Vizag",GENERAL SURGERY,"₹4,96,800*","₹30,000*",1*,"₹40,00,000*",750,-,-,-,-,-,-,-,-,296(1),-,-
AP Govt-Serv LOC (SVU),BCB-GEN,Andhra Pradesh,"Kurnool Med Coll, Kurnool",GENERAL SURGERY,"₹48,600*","₹60,823",1*,"₹40,00,000*",1150,-,-,-,-,-,-,-,-,297(1),-,-
AP Govt-Serv LOC (SVU),SC-GEN,Andhra Pradesh,"Santhiram Med Coll, Nandyal",ANAESTHESIOLOGY,"₹4,96,800*","₹30,000*",1*,"₹40,00,000*",930,-,-,-,-,-,-,-,-,298(1),-,-
AP Govt-Serv LOC (SVU),BCD-GEN,Andhra Pradesh,"SVIMS, Tirupati",PATHOLOGY,"₹2,11,600*","₹80,904*",1*,"₹40,00,000*",1257,-,-,-,-,-,-,-,-,299(1),-,-
AP Govt-Serv APUR,OPEN-FEM,Andhra Pradesh,"VMC, Kurnool",SPM,"₹1,55,250*","₹30,000*",1*,"₹40,00,000*",650,-,-,-,-,-,-,-,-,300(1),-,-
AP Govt-Serv LOC (AU),BCB-GEN,Andhra Pradesh,"Alluri Sitaram Raju, Eluru",OPHTHALMOLOGY,"₹4,96,800*","₹30,000*",1*,"₹40,00,000*",1200,-,-,-,-,-,-,-,-,301(1),-,-
AP Govt-Serv LOC (AU),ST-GEN,Andhra Pradesh,"Alluri Sitaram Raju, Eluru",ORTHOPAEDICS,"₹4,96,800*","₹30,000*",1*,"₹40,00,000*",1200,-,-,-,-,-,-,-,182(1),304(1),-,-
AP Govt-Serv LOC (SVU),OPEN-FEM,Andhra Pradesh,"Rajiv Gandhi IMS, Kadapa",MICROBIOLOGY,"₹48,600*","₹60,823",1*,"₹40,00,000*",715,-,-,-,-,-,-,-,-,305(1),-,-
AP Govt-NS APUR,BCD-GEN,Andhra Pradesh,"Govt Siddhartha, Vijaywada",PAEDIATRICS,"₹48,600*","₹60,823",1*,"₹40,00,000*",707,-,-,-,-,-,-,-,221(1),306(1),-,-
AP Govt-Serv LOC (AU),BCB-GEN,Andhra Pradesh,"Katuri Med Coll, Guntur",PSYCHIATRY,"₹4,96,800*",Info not available*,1*,"₹40,00,000*",1100,-,-,-,-,-,-,-,-,307(1),-,-
AP Govt-Serv LOC (AU),BCD-GEN,Andhra Pradesh,"Alluri Sitaram Raju, Eluru",ENT,"₹4,96,800*","₹30,000*",1*,"₹40,00,000*",1200,-,-,-,-,-,-,-,-,308(1),-,-
AP Govt-NS LOC (SVU),BCD-GEN-PHO,Andhra Pradesh,"SV Med Coll, Tirupati",PAEDIATRICS,"₹48,600*","₹60,823",1*,"₹40,00,000*",940,-,-,-,-,-,-,-,308(1),308(1),-,-
AP Govt-Serv LOC (AU),BCB-GEN,Andhra Pradesh,"Alluri Sitaram Raju, Eluru",ANAESTHESIOLOGY,"₹4,96,800*","₹30,000*",1*,"₹40,00,000*",1200,-,-,-,-,-,-,-,-,309(1),-,-
AP Govt-Serv LOC (SVU),SC-GEN,Andhra Pradesh,"PES IMS, Kuppam",PATHOLOGY,"₹1,55,250*","₹30,000*",1*,"₹40,00,000*",975,-,-,-,-,-,-,-,-,310(1),-,-
AP Govt-Serv LOC (SVU),OPEN-GEN,Andhra Pradesh,"PES IMS, Kuppam",PSYCHIATRY,"₹4,96,800*","₹30,000*",1*,"₹40,00,000*",975,-,-,-,-,-,-,-,-,311(1),-,-
AP Govt-Serv LOC (SVU),BCD-FEM,Andhra Pradesh,"Alluri Sitaram Raju, Eluru",SPM,"₹1,55,250*","₹30,000*",1*,"₹40,00,000*",1200,-,-,-,-,-,-,-,-,312(1),-,-
AP Govt-Serv LOC (AU),OPEN-FEM,Andhra Pradesh,"Rangaraya Med Coll, Kakinada",PATHOLOGY,"₹48,600*","₹60,823",1*,"₹40,00,000*",1450,-,-,-,-,-,-,-,-,315(1),-,-
AP Govt-Serv LOC (AU),BCB-GEN,Andhra Pradesh,"Govt Siddhartha, Vijaywada",GENERAL SURGERY,"₹48,600*","₹60,823",1*,"₹40,00,000*",707,-,-,-,-,-,-,-,-,316(1),-,-
AP Govt-Serv LOC (SVU),BCE-GEN,Andhra Pradesh,"Rajiv Gandhi IMS, Ongole",PHYSIOLOGY,"₹48,600*","₹60,823",1*,"₹40,00,000*",500,-,-,-,-,-,-,-,-,317(1),-,-
AP Govt-Serv APUR,BCB-GEN,Andhra Pradesh,"Govt Siddhartha, Vijaywada",OPHTHALMOLOGY,"₹48,600*","₹60,823",1*,"₹40,00,000*",707,-,-,-,-,-,-,-,-,318(1),-,-
AP Govt-Serv LOC (SVU),SC-GEN,Andhra Pradesh,"Rajiv Gandhi IMS, Kadapa",SPM,"₹48,600*","₹60,823",1*,"₹40,00,000*",715,-,-,-,-,-,-,-,-,319(1),-,-
AP Govt-Serv LOC (AU),BCA-GEN,Andhra Pradesh,"Rangaraya Med Coll, Kakinada",OPHTHALMOLOGY,"₹48,600*","₹60,823",1*,"₹40,00,000*",1450,265(1),357(1),402(1),-,-,-,-,-,320(1),-,-
AP Govt-Serv LOC (AU),OPEN-GEN,Andhra Pradesh,"Guntur Med Coll, Guntur",PATHOLOGY,"₹48,600*","₹60,823",1*,"₹40,00,000*",1170,-,473(1),704(1),-,-,-,-,-,321(1),-,-
AP Govt-Serv LOC (AU),SC-FEM,Andhra Pradesh,"NRI Med Coll, Guntur",ANAESTHESIOLOGY,"₹4,96,800*","₹27,000*",1*,"₹40,00,000*",1050,-,-,-,-,-,-,-,-,323(1),-,-
AP Govt-Serv LOC (AU),SC-GEN,Andhra Pradesh,"Rajiv Gandhi IMS, Ongole",PATHOLOGY,"₹48,600*","₹60,823",1*,"₹40,00,000*",500,-,-,-,-,-,-,-,-,324(1),-,-
AP Govt-Serv LOC (AU),BCA-FEM,Andhra Pradesh,"Andhra Med Coll, Vizag",ANAESTHESIOLOGY,"₹48,600*","₹60,823",1*,"₹40,00,000*",1030,-,344(1),-,-,-,-,-,-,325(1),-,-
AP Govt-Serv APUR,SC-GEN,Andhra Pradesh,"SV Med Coll, Tirupati",PHARMACOLOGY,"₹48,600*","₹60,823",1*,"₹40,00,000*",940,-,-,-,-,-,-,-,-,326(1),-,-
AP Govt-Serv APUR,OPEN-GEN,Andhra Pradesh,"Rangaraya Med Coll, Kakinada",MICROBIOLOGY,"₹48,600*","₹60,823",1*,"₹40,00,000*",1450,-,-,-,-,-,-,-,-,329(1),-,-
AP Govt-NS LOC (AU),BCD-FEM,Andhra Pradesh,"Dr PSI Med Coll, Chinoutpalli",GENERAL MEDICINE,"₹4,96,800*","₹28,000*",1*,"₹40,00,000*",790,-,-,-,-,-,-,-,331(1),331(1),-,-
AP Govt-Serv LOC (AU),BCD-GEN,Andhra Pradesh,"Andhra Med Coll, Vizag",PSYCHIATRY,"₹48,600*","₹60,823",1*,"₹40,00,000*",1030,-,-,-,-,-,-,-,-,332(1),-,-
AP Govt-Serv LOC (AU),BCB-FEM,Andhra Pradesh,"Rangaraya Med Coll, Kakinada",PATHOLOGY,"₹48,600*","₹60,823",1*,"₹40,00,000*",1450,-,-,-,-,-,-,-,-,333(1),-,-
AP Govt-Serv APUR,OPEN-GEN,Andhra Pradesh,"Narayana Med Coll, Nellore",PATHOLOGY,"₹1,55,250*","₹30,000*",1*,"₹40,00,000*",1430,-,-,-,-,-,-,-,-,334(1),-,-
AP Govt-Serv LOC (AU),OPEN-FEM,Andhra Pradesh,"Govt Siddhartha, Vijaywada",PHYSIOLOGY,"₹48,600*","₹60,823",1*,"₹40,00,000*",707,-,-,-,-,-,-,-,-,335(1),-,-
AP Govt-Serv LOC (SVU),BCA-GEN,Andhra Pradesh,"PES IMS, Kuppam",GENERAL SURGERY,"₹4,96,800*","₹30,000*",1*,"₹40,00,000*",975,-,-,-,-,-,-,-,-,336(1),-,-
AP Govt-NS APUR,OPEN-GEN,Andhra Pradesh,"Rajiv Gandhi IMS, Kadapa",PATHOLOGY,"₹48,600*","₹60,823",1*,"₹40,00,000*",715,-,3457(1),-,-,-,-,-,-,-,-,338(1)
AP Govt-Serv LOC (AU),BCD-FEM,Andhra Pradesh,"Guntur Med Coll, Guntur",TBRD,"₹48,600*","₹60,823",1*,"₹40,00,000*",1170,-,-,-,-,-,-,-,-,339(1),-,-
AP Govt-Serv APUR,BCE-GEN,Andhra Pradesh,"Dr PSI Med Coll, Chinoutpalli",PATHOLOGY,"₹1,55,250*","₹28,000*",1*,"₹40,00,000*",790,-,-,-,-,-,-,-,-,340(1),-,-
AP Govt-Serv LOC (AU),BCC-GEN,Andhra Pradesh,"Dr PSI Med Coll, Chinoutpalli",ENT,"₹4,96,800*","₹28,000*",1*,"₹40,00,000*",790,-,-,-,-,-,-,-,-,341(1),-,-
AP Govt-Serv LOC (AU),BCB-GEN,Andhra Pradesh,"Andhra Med Coll, Vizag",PSYCHIATRY,"₹48,600*","₹60,823",1*,"₹40,00,000*",1030,-,459(1),-,-,-,-,-,-,342(1),-,-
AP Govt-Serv LOC (AU),SC-FEM,Andhra Pradesh,"Konaseema IMS, Amalapuram",ORTHOPAEDICS,"₹4,96,800*","₹30,000*",1*,"₹40,00,000*",840,-,-,-,-,-,-,-,-,343(1),-,-
AP Govt-Serv LOC (SVU),ST-GEN,Andhra Pradesh,"Rajiv Gandhi IMS, Kadapa",PATHOLOGY,"₹48,600*","₹60,823",1*,"₹40,00,000*",715,-,-,-,-,-,-,-,-,344(1),-,-
AP Govt-Serv LOC (AU),OPEN-GEN,Andhra Pradesh,"Guntur Med Coll, Guntur",BIOCHEMISTRY,"₹48,600*","₹60,823",1*,"₹40,00,000*",1170,-,-,-,-,-,-,-,-,345(1),-,-
AP Govt-Serv LOC (AU),BCE-FEM,Andhra Pradesh,"Alluri Sitaram Raju, Eluru",GENERAL SURGERY,"₹4,96,800*","₹30,000*",1*,"₹40,00,000*",1200,-,-,-,-,-,-,-,-,346(1),-,-
AP Govt-NS APUR,BCB-GEN,Andhra Pradesh,"Guntur Med Coll, Guntur",GENERAL SURGERY,"₹48,600*","₹60,823",1*,"₹40,00,000*",1170,-,-,-,-,-,-,-,347(1),-,-,-
AP Govt-Serv LOC (SVU),BCB-FEM,Andhra Pradesh,"SV Med Coll, Tirupati",PSYCHIATRY,"₹48,600*","₹60,823",1*,"₹40,00,000*",940,-,-,-,-,-,-,-,-,348(1),-,-
AP Govt-Serv APUR,MIN-GEN-MSM,Andhra Pradesh,"Nimra Inst of Med Sci, Krishna",ORTHOPAEDICS,"₹4,96,800*",Info not available*,1*,"₹40,00,000*",-,-,-,-,-,-,-,-,-,349(1),-,-
AP Govt-NS LOC (SVU),BCE-GEN,Andhra Pradesh,"SV Med Coll, Tirupati",PAEDIATRICS,"₹48,600*","₹60,823",1*,"₹40,00,000*",940,-,-,-,-,-,-,-,349(1),349(1),-,-
AP Govt-Serv LOC (SVU),SC-FEM,Andhra Pradesh,"SV Med Coll, Tirupati",GENERAL SURGERY,"₹48,600*","₹60,823",1*,"₹40,00,000*",940,-,-,-,-,-,-,-,-,351(1),-,-
AP Govt-Serv LOC (AU),SC-FEM,Andhra Pradesh,"NRI Inst of Med Sci, Vizag",SPM,"₹1,55,250*","₹40,000*",1*,"₹40,00,000*",980,-,-,-,-,-,-,-,-,352(1),-,-
AP Govt-Serv LOC (SVU),BCD-GEN,Andhra Pradesh,"Apollo IMS&R, Chittoor",GENERAL SURGERY,"₹4,96,800*","₹30,000*",1*,"₹40,00,000*",850,-,408(1),506(1),-,-,-,-,-,353(1),-,-
AP Govt-NS LOC (AU),OPEN-GEN,Andhra Pradesh,"GSL Med Coll, Rajahmundry",RADIO DIAGNOSIS,"₹4,96,800*","₹30,000*",1*,"₹40,00,000*",1140,366(2),624(1),-,-,-,-,-,355(1),-,-,-
AP Govt-NS LOC (SVU),OPEN-GEN,Andhra Pradesh,"Santhiram Med Coll, Nandyal",GENERAL MEDICINE,"₹4,96,800*","₹30,000*",1*,"₹40,00,000*",930,-,559(1),-,-,-,-,-,357(1),-,-,-
AP Govt-Serv LOC (AU),OPEN-GEN,Andhra Pradesh,"Rangaraya Med Coll, Kakinada",PHARMACOLOGY,"₹48,600*","₹60,823",1*,"₹40,00,000*",1450,-,-,-,-,-,-,-,-,357(1),-,-
AP Govt-NS APUR,BCD-GEN,Andhra Pradesh,"Dr PSI Med Coll, Chinoutpalli",RADIO DIAGNOSIS,"₹4,96,800*","₹28,000*",1*,"₹40,00,000*",790,-,-,-,-,-,-,-,359(1),-,-,-
AP Govt-Serv APUR,BCE-GEN,Andhra Pradesh,"Govt Siddhartha, Vijaywada",PATHOLOGY,"₹48,600*","₹60,823",1*,"₹40,00,000*",707,-,-,-,-,-,-,-,-,359(1),-,-
AP Govt-Serv LOC (AU),OPEN-GEN,Andhra Pradesh,"Rajiv Gandhi IMS, Kadapa",FAMILY MEDICINE,"₹48,600*","₹60,823",1*,"₹40,00,000*",715,-,-,-,-,-,-,-,-,360(1),-,-
AP Govt-NS LOC (SVU),BCD-GEN,Andhra Pradesh,"PES IMS, Kuppam",GENERAL MEDICINE,"₹4,96,800*","₹30,000*",1*,"₹40,00,000*",975,359(1),360(1),-,-,-,-,-,345(1),361(1),-,-
AP Govt-Serv LOC (SVU),SC-FEM,Andhra Pradesh,"SV Med Coll, Tirupati",ANAESTHESIOLOGY,"₹48,600*","₹60,823",1*,"₹40,00,000*",940,-,-,-,-,-,-,-,-,361(1),-,-
AP Govt-Serv LOC (SVU),SC-GEN,Andhra Pradesh,"Santhiram Med Coll, Nandyal",ENT,"₹4,96,800*","₹30,000*",1*,"₹40,00,000*",930,-,-,-,-,-,-,-,-,362(1),-,-
AP Govt-Serv LOC (AU),SC-GEN,Andhra Pradesh,"Alluri Sitaram Raju, Eluru",PSYCHIATRY,"₹4,96,800*","₹30,000*",1*,"₹40,00,000*",1200,-,-,-,-,-,-,-,-,363(1),-,-
AP Govt-Serv LOC (SVU),MIN-GEN-MSM,Andhra Pradesh,"Nimra Inst of Med Sci, Krishna",GENERAL SURGERY,"₹4,96,800*",Info not available*,1*,"₹40,00,000*",-,-,-,-,-,-,-,-,-,364(1),-,-
AP Govt-Serv LOC (AU),BCD-GEN,Andhra Pradesh,"Dr PSI Med Coll, Chinoutpalli",ANAESTHESIOLOGY,"₹4,96,800*","₹28,000*",1*,"₹40,00,000*",790,-,-,-,-,-,-,-,-,365(1),-,-
AP Govt-Serv LOC (AU),OPEN-GEN,Andhra Pradesh,"Rajiv Gandhi IMS, Ongole",PATHOLOGY,"₹48,600*","₹60,823",1*,"₹40,00,000*",500,-,-,-,-,-,-,-,-,366(1),-,-
AP Govt-Serv LOC (AU),BCA-FEM,Andhra Pradesh,"Konaseema IMS, Amalapuram",PAEDIATRICS,"₹4,96,800*","₹30,000*",1*,"₹40,00,000*",840,-,-,-,-,-,-,-,-,367(1),-,-
AP Govt-Serv LOC (SVU),OPEN-GEN-PHO,Andhra Pradesh,"Narayana Med Coll, Nellore",PHARMACOLOGY,"₹1,55,250*","₹30,000*",1*,"₹40,00,000*",1430,-,-,-,-,-,-,-,-,368(1),-,-
AP Govt-NS APUR,BCB-GEN,Andhra Pradesh,"Govt Siddhartha, Vijaywada",PAEDIATRICS,"₹48,600*","₹60,823",1*,"₹40,00,000*",707,-,-,-,-,-,-,-,-,368(1),-,-
AP Govt-Serv LOC (SVU),SC-FEM,Andhra Pradesh,"Apollo IMS&R, Chittoor",OBG,"₹4,96,800*","₹30,000*",1*,"₹40,00,000*",850,-,-,-,-,-,-,-,-,369(1),-,-
AP Govt-NS LOC (SVU),BCE-GEN,Andhra Pradesh,"Kurnool Med Coll, Kurnool",GENERAL SURGERY,"₹48,600*","₹60,823",1*,"₹40,00,000*",1150,1110(1),1115(1),-,-,-,-,-,370(1),370(1),-,-
AP Govt-Serv LOC (SVU),BCD-GEN,Andhra Pradesh,"Narayana Med Coll, Nellore",ORTHOPAEDICS,"₹4,96,800*","₹30,000*",1*,"₹40,00,000*",1430,-,-,-,-,-,-,-,-,370(1),-,-
AP Govt-Serv LOC (SVU),BCA-GEN,Andhra Pradesh,"Kurnool Med Coll, Kurnool",FAMILY MEDICINE,"₹48,600*","₹60,823",1*,"₹40,00,000*",1150,-,-,-,-,-,-,-,-,371(1),-,-
AP Govt-Serv APUR,BCB-GEN,Andhra Pradesh,"VMC, Kurnool",PATHOLOGY,"₹1,55,250*","₹30,000*",1*,"₹40,00,000*",650,-,-,-,-,-,-,-,-,372(1),-,-
AP Govt-Serv LOC (SVU),OPEN-FEM,Andhra Pradesh,"Narayana Med Coll, Nellore",GENERAL SURGERY,"₹4,96,800*","₹30,000*",1*,"₹40,00,000*",1430,-,237(1),-,-,-,-,-,-,373(1),-,-
AP Govt-Serv LOC (AU),BCB-GEN,Andhra Pradesh,"Rajiv Gandhi IMS, Ongole",SPM,"₹48,600*","₹60,823",1*,"₹40,00,000*",500,-,-,-,-,-,-,-,-,375(1),-,-
AP Govt-Serv LOC (AU),SC-FEM,Andhra Pradesh,"Katuri Med Coll, Guntur",ANAESTHESIOLOGY,"₹4,96,800*",Info not available*,1*,"₹40,00,000*",1100,-,-,-,-,-,-,-,-,376(1),-,-
AP Govt-Serv LOC (SVU),OPEN-FEM,Andhra Pradesh,"SV Med Coll, Tirupati",ORTHOPAEDICS,"₹48,600*","₹60,823",1*,"₹40,00,000*",940,-,-,-,-,-,-,-,-,377(1),-,-
AP Govt-NS LOC (SVU),BCC-GEN,Andhra Pradesh,"SV Med Coll, Tirupati",GENERAL MEDICINE,"₹48,600*","₹60,823",1*,"₹40,00,000*",940,-,-,-,-,-,-,-,378(1),-,-,-
AP Govt-Serv LOC (AU),BCE-GEN,Andhra Pradesh,"Guntur Med Coll, Guntur",ANAESTHESIOLOGY,"₹48,600*","₹60,823",1*,"₹40,00,000*",1170,-,-,-,-,-,-,-,-,378(1),-,-
AP Govt-Serv LOC (AU),BCB-GEN,Andhra Pradesh,"Alluri Sitaram Raju, Eluru",OBG,"₹4,96,800*","₹30,000*",1*,"₹40,00,000*",1200,-,-,-,-,-,-,-,108(1),379(1),-,-
AP Govt-Serv LOC (AU),SC-GEN,Andhra Pradesh,"Rangaraya Med Coll, Kakinada",SPM,"₹48,600*","₹60,823",1*,"₹40,00,000*",1450,-,-,-,-,-,-,-,-,380(1),-,-
AP Govt-Serv LOC (SVU),BCD-GEN,Andhra Pradesh,"SV Med Coll, Tirupati",BIOCHEMISTRY,"₹48,600*","₹60,823",1*,"₹40,00,000*",940,-,-,-,-,-,-,-,-,381(1),-,-
AP Govt-Serv LOC (AU),BCA-FEM,Andhra Pradesh,"Alluri Sitaram Raju, Eluru",GENERAL MEDICINE,"₹4,96,800*","₹30,000*",1*,"₹40,00,000*",1200,-,-,-,-,-,-,-,87(1),382(1),-,-
AP Govt-Serv LOC (AU),OPEN-FEM,Andhra Pradesh,"Dr PSI Med Coll, Chinoutpalli",ORTHOPAEDICS,"₹4,96,800*","₹28,000*",1*,"₹40,00,000*",790,-,-,-,-,-,-,-,-,383(1),-,-
AP Govt-Serv LOC (SVU),BCB-GEN,Andhra Pradesh,"Govt Med Coll, Ananthapuram",GENERAL SURGERY,"₹48,600*","₹60,823",1*,"₹40,00,000*",500,-,-,-,-,-,-,-,-,384(1),-,-
AP Govt-Serv APUR,BCA-GEN,Andhra Pradesh,"Andhra Med Coll, Vizag",PATHOLOGY,"₹48,600*","₹60,823",1*,"₹40,00,000*",1030,-,-,-,-,-,-,-,-,386(1),-,-
AP Govt-NS LOC (AU),BCB-GEN,Andhra Pradesh,"Andhra Med Coll, Vizag",TBRD,"₹48,600*","₹60,823",1*,"₹40,00,000*",1030,-,-,-,-,-,-,-,386(1),-,-,-
AP Govt-NS LOC (AU),OPEN-FEM,Andhra Pradesh,"GreatEastern MedSch,Srikakulam",GENERAL MEDICINE,"₹4,96,800*",Info not available*,1*,"₹40,00,000*",780,387(1),570(1),-,-,-,-,-,261(1),387(1),-,-
AP Govt-Serv LOC (SVU),SC-GEN,Andhra Pradesh,"Narayana Med Coll, Nellore",OPHTHALMOLOGY,"₹4,96,800*","₹30,000*",1*,"₹40,00,000*",1430,-,-,-,-,-,-,-,-,388(1),-,-
AP Govt-NS LOC (SVU),OPEN-GEN,Andhra Pradesh,"Narayana Med Coll, Nellore",PAEDIATRICS,"₹4,96,800*","₹30,000*",1*,"₹40,00,000*",1430,399(2),1002(1),-,-,-,-,-,389(1),389(1),-,-
AP Govt-Serv LOC (SVU),BCB-FEM,Andhra Pradesh,"SV Med Coll, Tirupati",GENERAL SURGERY,"₹48,600*","₹60,823",1*,"₹40,00,000*",940,-,-,-,-,-,-,-,-,389(1),-,-
AP Govt-Serv LOC (SVU),BCA-FEM,Andhra Pradesh,"SV Med Coll, Tirupati",ANAESTHESIOLOGY,"₹48,600*","₹60,823",1*,"₹40,00,000*",940,-,423(2),-,-,-,-,-,-,390(1),-,-
AP Govt-Serv LOC (SVU),SC-GEN,Andhra Pradesh,"Kurnool Med Coll, Kurnool",MICROBIOLOGY,"₹48,600*","₹60,823",1*,"₹40,00,000*",1150,-,-,-,-,-,-,-,-,391(1),-,-
AP Govt-Serv LOC (SVU),BCB-GEN,Andhra Pradesh,"Kurnool Med Coll, Kurnool",SPM,"₹48,600*","₹60,823",1*,"₹40,00,000*",1150,-,-,-,-,-,-,-,-,392(1),-,-
AP Govt-Serv LOC (AU),SC-FEM,Andhra Pradesh,"GreatEastern MedSch,Srikakulam",ANAESTHESIOLOGY,"₹4,96,800*",Info not available*,1*,"₹40,00,000*",780,-,-,-,-,-,-,-,-,394(1),-,-
AP Govt-Serv LOC (AU),BCA-GEN,Andhra Pradesh,"Guntur Med Coll, Guntur",PATHOLOGY,"₹48,600*","₹60,823",1*,"₹40,00,000*",1170,-,-,-,-,-,-,-,-,395(1),-,-
AP Govt-Serv LOC (AU),BCD-GEN,Andhra Pradesh,"Andhra Med Coll, Vizag",MICROBIOLOGY,"₹48,600*","₹60,823",1*,"₹40,00,000*",1030,-,-,-,-,-,-,-,-,396(1),-,-
AP Govt-Serv LOC (SVU),BCA-GEN,Andhra Pradesh,"Kurnool Med Coll, Kurnool",PATHOLOGY,"₹48,600*","₹60,823",1*,"₹40,00,000*",1150,-,-,-,-,-,-,-,-,397(1),-,-
AP Govt-Serv LOC (AU),OPEN-FEM,Andhra Pradesh,"Dr PSI Med Coll, Chinoutpalli",SPM,"₹1,55,250*","₹28,000*",1*,"₹40,00,000*",790,-,649(1),-,-,-,-,-,-,398(1),-,-
AP Govt-Serv LOC (AU),BCA-GEN,Andhra Pradesh,"GVP Med Coll, Vizag",ANAESTHESIOLOGY,"₹4,96,800*","₹30,000*",1*,"₹40,00,000*",750,-,-,-,-,-,-,-,-,399(1),-,-
AP Govt-Serv LOC (AU),BCD-GEN,Andhra Pradesh,"GreatEastern MedSch,Srikakulam",EMERGENCY MEDICINE,"₹4,96,800*",Info not available*,1*,"₹40,00,000*",780,-,-,-,-,-,-,-,-,401(1),-,-
AP Govt-Serv LOC (SVU),ST-FEM,Andhra Pradesh,"Rajiv Gandhi IMS, Kadapa",GENERAL SURGERY,"₹48,600*","₹60,823",1*,"₹40,00,000*",715,-,-,-,-,-,-,-,-,402(1),-,-
AP Govt-NS LOC (AU),BCD-GEN,Andhra Pradesh,"Alluri Sitaram Raju, Eluru",GENERAL MEDICINE,"₹4,96,800*","₹30,000*",1*,"₹40,00,000*",1200,-,-,-,-,-,-,-,-,409(1),-,-
AP Govt-NS APUR,BCE-GEN,Andhra Pradesh,"Alluri Sitaram Raju, Eluru",GENERAL MEDICINE,"₹4,96,800*","₹30,000*",1*,"₹40,00,000*",1200,-,-,-,-,-,-,-,414(1),414(1),-,-
AP Govt-NS APUR,BCE-GEN,Andhra Pradesh,"SVIMS, Tirupati",GENERAL SURGERY,"₹2,11,600*","₹80,904*",1*,"₹40,00,000*",1257,-,-,-,-,-,-,-,425(1),425(1),-,-
AP Govt-NS LOC (AU),BCE-GEN,Andhra Pradesh,"Rangaraya Med Coll, Kakinada",PAEDIATRICS,"₹48,600*","₹60,823",1*,"₹40,00,000*",1450,-,-,-,-,-,-,-,433(1),-,-,-
AP Govt-NS LOC (SVU),BCB-GEN,Andhra Pradesh,"Rajiv Gandhi IMS, Kadapa",PAEDIATRICS,"₹48,600*","₹60,823",1*,"₹40,00,000*",715,-,-,-,-,-,-,-,445(2),445(2),-,-
AP Govt-NS APUR,BCA-GEN,Andhra Pradesh,"Guntur Med Coll, Guntur",OBG,"₹48,600*","₹60,823",1*,"₹40,00,000*",1170,852(1),953(1),-,-,-,-,-,452(1),452(1),-,-
AP Govt-NS LOC (AU),BCD-GEN,Andhra Pradesh,"Dr PSI Med Coll, Chinoutpalli",GENERAL MEDICINE,"₹4,96,800*","₹28,000*",1*,"₹40,00,000*",790,499(1),500(1),-,-,-,-,-,454(1),454(1),-,-
AP Govt-NS APUR,BCB-GEN,Andhra Pradesh,"Kurnool Med Coll, Kurnool",OBG,"₹48,600*","₹60,823",1*,"₹40,00,000*",1150,-,-,-,-,-,-,-,457(1),-,-,-
AP Govt-NS LOC (SVU),OPEN-FEM-PHO,Andhra Pradesh,"SV Med Coll, Tirupati",OBG,"₹48,600*","₹60,823",1*,"₹40,00,000*",940,-,-,-,-,-,-,-,410(1),475(1),-,-
AP Govt-NS APUR,OPEN-GEN,Andhra Pradesh,"VMC, Kurnool",DERMATOLOGY,"₹4,96,800*","₹30,000*",1*,"₹40,00,000*",650,521(1),989(1),-,-,-,-,-,228(1),498(1),-,-
AP Govt-NS LOC (SVU),BCD-GEN,Andhra Pradesh,"Govt Med Coll, Ananthapuram",PAEDIATRICS,"₹48,600*","₹60,823",1*,"₹40,00,000*",500,-,-,-,-,-,-,-,500(1),500(1),-,-
AP Govt-NS APUR,BCB-GEN,Andhra Pradesh,"Govt Siddhartha, Vijaywada",OBG,"₹48,600*","₹60,823",1*,"₹40,00,000*",707,-,-,-,-,-,-,-,514(1),-,-,-
AP Govt-NS LOC (AU),BCA-GEN,Andhra Pradesh,"Andhra Med Coll, Vizag",GENERAL SURGERY,"₹48,600*","₹60,823",1*,"₹40,00,000*",1030,-,-,-,-,-,-,-,516(1),516(1),-,-
AP Govt-NS LOC (SVU),BCB-FEM,Andhra Pradesh,"PES IMS, Kuppam",GENERAL MEDICINE,"₹4,96,800*","₹30,000*",1*,"₹40,00,000*",975,-,-,-,-,-,-,-,521(1),521(1),-,-
AP Govt-NS LOC (SVU),BCB-GEN,Andhra Pradesh,"PES IMS, Kuppam",GENERAL MEDICINE,"₹4,96,800*","₹30,000*",1*,"₹40,00,000*",975,-,1182(1),-,-,-,-,-,523(1),523(1),-,-
AP Govt-NS LOC (SVU),BCD-FEM,Andhra Pradesh,"SV Med Coll, Tirupati",OBG,"₹48,600*","₹60,823",1*,"₹40,00,000*",940,-,-,-,-,-,-,-,525(1),-,-,-
AP Govt-NS APUR,BCB-GEN,Andhra Pradesh,"Rajiv Gandhi IMS, Ongole",OBG,"₹48,600*","₹60,823",1*,"₹40,00,000*",500,-,-,-,-,-,-,-,528(1),-,-,-
AP Govt-NS APUR,OPEN-GEN,Andhra Pradesh,"PES IMS, Kuppam",PAEDIATRICS,"₹4,96,800*","₹30,000*",1*,"₹40,00,000*",975,-,-,-,-,-,-,-,396(1),538(1),-,-
AP Govt-NS AP LOC,BCA-GEN,Andhra Pradesh,"Govt Siddhartha, Vijaywada",GENERAL SURGERY,"₹48,600*","₹60,823",1*,"₹40,00,000*",707,-,-,-,-,-,-,-,540(1),-,-,-
AP Govt-NS LOC (AU),BCC-FEM,Andhra Pradesh,"Andhra Med Coll, Vizag",GENERAL SURGERY,"₹48,600*","₹60,823",1*,"₹40,00,000*",1030,-,-,-,-,-,-,-,547(1),-,-,-
AP Govt-NS LOC (SVU),OPEN-FEM,Andhra Pradesh,"VMC, Kurnool",GENERAL MEDICINE,"₹4,96,800*","₹30,000*",1*,"₹40,00,000*",650,-,-,-,-,-,-,-,434(1),549(1),-,-
AP Govt-NS LOC (AU),BCD-FEM,Andhra Pradesh,"Rangaraya Med Coll, Kakinada",OBG,"₹48,600*","₹60,823",1*,"₹40,00,000*",1450,-,-,-,-,-,-,-,550(1),550(1),-,-
AP Govt-NS LOC (AU),OPEN-FEM,Andhra Pradesh,"Katuri Med Coll, Guntur",GENERAL MEDICINE,"₹4,96,800*",Info not available*,1*,"₹40,00,000*",1100,347(1),681(1),-,-,-,-,-,552(1),473(1),-,-
AP Govt-NS LOC (AU),BCB-GEN,Andhra Pradesh,"Rangaraya Med Coll, Kakinada",TBRD,"₹48,600*","₹60,823",1*,"₹40,00,000*",1450,-,-,-,-,-,-,-,558(1),-,-,-
AP Govt-NS LOC (AU),BCE-GEN,Andhra Pradesh,"Govt Siddhartha, Vijaywada",GENERAL SURGERY,"₹48,600*","₹60,823",1*,"₹40,00,000*",707,-,-,-,-,-,-,-,581(1),581(1),-,-
AP Govt-NS APUR,OPEN-GEN,Andhra Pradesh,"Dr PSI Med Coll, Chinoutpalli",PATHOLOGY,"₹1,55,250*","₹28,000*",1*,"₹40,00,000*",790,-,-,-,-,-,-,-,-,-,-,586(1)
AP Govt-NS LOC (AU),OPEN-GEN,Andhra Pradesh,"NRI Med Coll, Guntur",TBRD,"₹4,96,800*","₹27,000*",1*,"₹40,00,000*",1050,913(1),1462(1),-,-,-,-,-,591(1),-,-,-
AP Govt-NS APUR,BCB-GEN,Andhra Pradesh,"Govt Siddhartha, Vijaywada",TBRD,"₹48,600*","₹60,823",1*,"₹40,00,000*",707,-,-,-,-,-,-,-,593(2),593(1),-,-
AP Govt-NS LOC (SVU),SC-GEN,Andhra Pradesh,"SV Med Coll, Tirupati",RADIO DIAGNOSIS,"₹48,600*","₹60,823",1*,"₹40,00,000*",940,-,-,-,-,-,-,-,596(1),596(1),-,-
AP Govt-NS LOC (AU),BCD-GEN,Andhra Pradesh,"Rangaraya Med Coll, Kakinada",OBG,"₹48,600*","₹60,823",1*,"₹40,00,000*",1450,-,-,-,-,-,-,-,559(1),599(1),-,-
AP Govt-NS LOC (AU),OPEN-FEM-PHO,Andhra Pradesh,"Rajiv Gandhi IMS, Srikakulam",GENERAL SURGERY,"₹48,600*","₹60,823",1*,"₹40,00,000*",532,-,-,-,-,-,-,-,437(1),608(1),-,-
AP Govt-NS LOC (AU),OPEN-GEN,Andhra Pradesh,"Rajiv Gandhi IMS, Srikakulam",GENERAL SURGERY,"₹48,600*","₹60,823",1*,"₹40,00,000*",532,-,-,-,-,-,-,-,486(1),609(1),-,-
AP Govt-NS LOC (SVU),BCB-GEN,Andhra Pradesh,"Govt Siddhartha, Vijaywada",OBG,"₹48,600*","₹60,823",1*,"₹40,00,000*",707,-,-,-,-,-,-,-,624(1),624(1),-,-
AP Govt-NS LOC (SVU),BCB-FEM,Andhra Pradesh,"Santhiram Med Coll, Nandyal",GENERAL MEDICINE,"₹4,96,800*","₹30,000*",1*,"₹40,00,000*",930,-,-,-,-,-,-,-,637(1),-,-,-
AP Govt-NS APUR,OPEN-GEN,Andhra Pradesh,"NRI Med Coll, Guntur",GENERAL SURGERY,"₹4,96,800*","₹27,000*",1*,"₹40,00,000*",1050,743(1),1338(1),-,-,-,-,-,570(1),645(1),-,-
AP Govt-NS LOC (AU),BCB-GEN,Andhra Pradesh,"NRI Med Coll, Guntur",OBG,"₹4,96,800*","₹27,000*",1*,"₹40,00,000*",1050,-,-,-,-,-,-,-,648(1),648(1),-,-
AP Govt-NS LOC (SVU),OPEN-GEN,Andhra Pradesh,"Kurnool Med Coll, Kurnool",ORTHOPAEDICS,"₹48,600*","₹60,823",1*,"₹40,00,000*",1150,699(1),1248(2),-,-,-,-,-,460(1),650(1),-,-
AP Govt-NS APUR,BCA-GEN,Andhra Pradesh,"SV Med Coll, Tirupati",OBG,"₹48,600*","₹60,823",1*,"₹40,00,000*",940,-,-,-,-,-,-,-,652(1),652(1),-,-
AP Govt-NS LOC (AU),BCB-GEN,Andhra Pradesh,"Rangaraya Med Coll, Kakinada",GENERAL SURGERY,"₹48,600*","₹60,823",1*,"₹40,00,000*",1450,-,-,-,-,-,-,-,588(1),663(1),-,-
AP Govt-NS LOC (AU),BCB-GEN,Andhra Pradesh,"Rajiv Gandhi IMS, Ongole",GENERAL SURGERY,"₹48,600*","₹60,823",1*,"₹40,00,000*",500,811(1),-,-,-,-,-,-,663(1),676(1),-,-
AP Govt-NS LOC (AU),BCB-GEN,Andhra Pradesh,"Andhra Med Coll, Vizag",ORTHOPAEDICS,"₹48,600*","₹60,823",1*,"₹40,00,000*",1030,1229(1),1234(1),-,-,-,-,-,682(1),-,-,-
AP Govt-NS LOC (AU),BCA-GEN,Andhra Pradesh,"GSL Med Coll, Rajahmundry",GENERAL MEDICINE,"₹4,96,800*","₹30,000*",1*,"₹40,00,000*",1140,-,-,-,-,-,-,-,684(1),684(1),-,-
AP Govt-NS LOC (SVU),BCE-FEM-PHO,Andhra Pradesh,"SV Med Coll, Tirupati",OBG,"₹48,600*","₹60,823",1*,"₹40,00,000*",940,-,-,-,-,-,-,-,711(1),-,-,-
AP Govt-NS LOC (AU),OPEN-FEM,Andhra Pradesh,"GreatEastern MedSch,Srikakulam",OBG,"₹4,96,800*",Info not available*,1*,"₹40,00,000*",780,-,-,-,-,-,-,-,717(1),-,-,-
AP Govt-NS LOC (AU),BCB-FEM,Andhra Pradesh,"Maharajah IMS, Vizianagaram",RADIO DIAGNOSIS,"₹4,96,800*",Info not available*,1*,"₹40,00,000*",850,-,-,-,-,-,-,-,722(1),722(1),-,-
AP Govt-NS APUR,OPEN-GEN,Andhra Pradesh,"Guntur Med Coll, Guntur",SPM,"₹48,600*","₹60,823",1*,"₹40,00,000*",1170,-,-,-,-,-,-,-,-,-,-,724(1)
AP Govt-NS LOC (AU),BCD-GEN,Andhra Pradesh,"NRI Med Coll, Guntur",PAEDIATRICS,"₹4,96,800*","₹27,000*",1*,"₹40,00,000*",1050,-,-,-,-,-,-,-,539(1),750(1),-,-
AP Govt-NS LOC (AU),BCD-FEM,Andhra Pradesh,"Dr PSI Med Coll, Chinoutpalli",PAEDIATRICS,"₹4,96,800*","₹28,000*",1*,"₹40,00,000*",790,-,-,-,-,-,-,-,760(1),-,-,-
AP Govt-NS LOC (AU),BCC-FEM,Andhra Pradesh,"Guntur Med Coll, Guntur",ANAESTHESIOLOGY,"₹48,600*","₹60,823",1*,"₹40,00,000*",1170,-,-,-,-,-,-,-,768(1),-,-,-
AP Govt-NS LOC (SVU),BCB-GEN,Andhra Pradesh,"SVIMS, Tirupati",ANAESTHESIOLOGY,"₹2,11,600*","₹80,904*",1*,"₹40,00,000*",1257,1064(1),-,-,-,-,-,-,781(1),-,-,-
AP Govt-NS LOC (AU),OPEN-FEM,Andhra Pradesh,"Guntur Med Coll, Guntur",OPHTHALMOLOGY,"₹48,600*","₹60,823",1*,"₹40,00,000*",1170,-,2039(1),-,-,-,-,-,782(1),782(1),-,-
AP Govt-NS LOC (SVU),BCE-GEN-PHO,Andhra Pradesh,"SV Med Coll, Tirupati",OBG,"₹48,600*","₹60,823",1*,"₹40,00,000*",940,-,-,-,-,-,-,-,-,808(1),-,-
AP Govt-NS APUR,BCD-GEN,Andhra Pradesh,"GreatEastern MedSch,Srikakulam",GENERAL SURGERY,"₹4,96,800*",Info not available*,1*,"₹40,00,000*",780,-,-,-,-,-,-,-,834(1),-,-,-
AP Govt-NS APUR,OPEN-GEN,Andhra Pradesh,"Kurnool Med Coll, Kurnool",MICROBIOLOGY,"₹48,600*","₹60,823",1*,"₹40,00,000*",1150,-,-,-,-,-,-,-,-,-,-,853(1)
AP Govt-NS LOC (AU),OPEN-GEN-PHO,Andhra Pradesh,"Rangaraya Med Coll, Kakinada",ANAESTHESIOLOGY,"₹48,600*","₹60,823",1*,"₹40,00,000*",1450,-,-,-,-,-,-,-,759(1),860(1),-,-
AP Govt-NS APUR,OPEN-GEN,Andhra Pradesh,"GSL Med Coll, Rajahmundry",PATHOLOGY,"₹1,55,250*","₹30,000*",1*,"₹40,00,000*",1140,-,-,-,-,-,-,-,-,-,-,887(1)
AP Govt-NS LOC (SVU),OPEN-GEN,Andhra Pradesh,"PES IMS, Kuppam",EMERGENCY MEDICINE,"₹4,96,800*","₹30,000*",1*,"₹40,00,000*",975,-,-,-,-,-,-,-,901(1),-,-,-
AP Govt-NS LOC (SVU),OPEN-FEM-PHO,Andhra Pradesh,"Santhiram Med Coll, Nandyal",GENERAL SURGERY,"₹4,96,800*","₹30,000*",1*,"₹40,00,000*",930,-,-,-,-,-,-,-,-,910(1),-,-
AP Govt-NS LOC (SVU),BCB-GEN,Andhra Pradesh,"SV Med Coll, Tirupati",ANAESTHESIOLOGY,"₹48,600*","₹60,823",1*,"₹40,00,000*",940,1607(1),2331(1),4004(1),-,-,-,-,924(1),-,-,-
AP Govt-NS LOC (AU),BCD-GEN,Andhra Pradesh,"Andhra Med Coll, Vizag",ENT,"₹48,600*","₹60,823",1*,"₹40,00,000*",1030,1505(1),3041(1),-,-,-,-,-,935(1),-,-,-
AP Govt-NS APUR,OPEN-GEN,Andhra Pradesh,"Rangaraya Med Coll, Kakinada",HOSPITAL ADMINISTRATION,"₹48,600*","₹60,823",1*,"₹40,00,000*",1450,2478(1),3818(1),4709(1),4733(1),-,-,-,-,-,-,968(2)
AP Govt-NS LOC (SVU),OPEN-GEN-PHO,Andhra Pradesh,"SV Med Coll, Tirupati",ANAESTHESIOLOGY,"₹48,600*","₹60,823",1*,"₹40,00,000*",940,-,-,-,-,-,-,-,862(1),969(1),-,-
AP Govt-NS LOC (AU),BCB-GEN,Andhra Pradesh,"Andhra Med Coll, Vizag",ANAESTHESIOLOGY,"₹48,600*","₹60,823",1*,"₹40,00,000*",1030,-,-,-,-,-,-,-,978(1),-,-,-
AP Govt-NS LOC (AU),OPEN-FEM,Andhra Pradesh,"Rangaraya Med Coll, Kakinada",ANAESTHESIOLOGY,"₹48,600*","₹60,823",1*,"₹40,00,000*",1450,1242(1),1510(1),-,-,-,-,-,730(1),987(1),-,-
AP Govt-NS LOC (SVU),BCA-GEN,Andhra Pradesh,"Kurnool Med Coll, Kurnool",ANAESTHESIOLOGY,"₹48,600*","₹60,823",1*,"₹40,00,000*",1150,-,-,-,-,-,-,-,1000(1),-,-,-
AP Govt-NS LOC (SVU),BCD-GEN,Andhra Pradesh,"Santhiram Med Coll, Nandyal",DERMATOLOGY,"₹4,96,800*","₹30,000*",1*,"₹40,00,000*",930,-,-,-,-,-,-,-,1001(1),-,-,-
AP Govt-NS LOC (SVU),OPEN-FEM,Andhra Pradesh,"SV Med Coll, Tirupati",PSYCHIATRY,"₹48,600*","₹60,823",1*,"₹40,00,000*",940,-,-,-,-,-,-,-,1021(1),-,-,-
AP Govt-NS LOC (SVU),OPEN-GEN,Andhra Pradesh,"Kurnool Med Coll, Kurnool",RADIATION ONCOLOGY,"₹48,600*","₹60,823",1*,"₹40,00,000*",1150,-,-,-,-,-,-,-,1031(1),697(1),-,-
AP Govt-NS LOC (AU),BCD-GEN,Andhra Pradesh,"Guntur Med Coll, Guntur",OPHTHALMOLOGY,"₹48,600*","₹60,823",1*,"₹40,00,000*",1170,-,-,-,-,-,-,-,1041(1),-,-,-
AP Govt-NS APUR,BCD-GEN,Andhra Pradesh,"Govt Siddhartha, Vijaywada",OPHTHALMOLOGY,"₹48,600*","₹60,823",1*,"₹40,00,000*",707,-,-,-,-,-,-,-,1043(1),-,-,-
AP Govt-NS LOC (SVU),OPEN-GEN,Andhra Pradesh,"Rajiv Gandhi IMS, Kadapa",ENT,"₹48,600*","₹60,823",1*,"₹40,00,000*",715,-,-,-,-,-,-,-,910(1),1053(1),-,-
AP Govt-NS LOC (AU),OPEN-GEN,Andhra Pradesh,"NRI Med Coll, Guntur",ORTHOPAEDICS,"₹4,96,800*","₹27,000*",1*,"₹40,00,000*",1050,1021(1),-,-,-,-,-,-,944(1),1054(1),-,-
AP Govt-NS LOC (SVU),OPEN-FEM,Andhra Pradesh,"VMC, Kurnool",TBRD,"₹4,96,800*","₹30,000*",1*,"₹40,00,000*",650,-,-,-,-,-,-,-,807(1),1086(1),-,-
AP Govt-NS APUR,BCD-GEN,Andhra Pradesh,"Konaseema IMS, Amalapuram",OBG,"₹4,96,800*","₹30,000*",1*,"₹40,00,000*",840,-,-,-,-,-,-,-,1070(1),1088(1),-,-
AP Govt-NS LOC (AU),SC-GEN,Andhra Pradesh,"Rajiv Gandhi IMS, Ongole",PAEDIATRICS,"₹48,600*","₹60,823",1*,"₹40,00,000*",500,1405(1),2189(1),-,-,-,-,-,1112(1),-,-,-
AP Govt-NS LOC (AU),OPEN-FEM,Andhra Pradesh,"Rangaraya Med Coll, Kakinada",OPHTHALMOLOGY,"₹48,600*","₹60,823",1*,"₹40,00,000*",1450,-,1975(1),-,-,-,-,-,897(1),1116(1),-,160(1)
AP Govt-NS LOC (SVU),BCC-GEN,Andhra Pradesh,"Kurnool Med Coll, Kurnool",ANAESTHESIOLOGY,"₹48,600*","₹60,823",1*,"₹40,00,000*",1150,-,-,-,-,-,-,-,1125(1),-,-,-
AP Govt-NS LOC (AU),BCB-GEN,Andhra Pradesh,"Dr PSI Med Coll, Chinoutpalli",GENERAL SURGERY,"₹4,96,800*","₹28,000*",1*,"₹40,00,000*",790,-,-,-,-,-,-,-,1128(1),1130(1),-,-
AP Govt-NS LOC (SVU),BCD-GEN,Andhra Pradesh,"ACSR Medical College, Nellore",ANAESTHESIOLOGY,"₹48,600*","₹60,823",1*,"₹40,00,000*",355,1415(1),2438(1),4170(1),-,-,-,-,1138(1),1140(1),-,-
AP Govt-NS LOC (SVU),OPEN-GEN,Andhra Pradesh,"Narayana Med Coll, Nellore",OPHTHALMOLOGY,"₹4,96,800*","₹30,000*",1*,"₹40,00,000*",1430,-,-,-,-,-,-,-,937(1),1146(1),-,-
AP Govt-NS APUR,BCB-GEN,Andhra Pradesh,"Andhra Med Coll, Vizag",OPHTHALMOLOGY,"₹48,600*","₹60,823",1*,"₹40,00,000*",1030,-,-,-,-,-,-,-,1173(1),-,-,-
AP Govt-NS LOC (SVU),BCC-FEM,Andhra Pradesh,"Govt Siddhartha, Vijaywada",ANAESTHESIOLOGY,"₹48,600*","₹60,823",1*,"₹40,00,000*",707,-,-,-,-,-,-,-,1172(1),1174(1),-,-
AP Govt-NS APUR,BCD-GEN,Andhra Pradesh,"Konaseema IMS, Amalapuram",ORTHOPAEDICS,"₹4,96,800*","₹30,000*",1*,"₹40,00,000*",840,-,-,-,-,-,-,-,1192(1),1194(1),-,-
AP Govt-NS APUR,BCB-GEN,Andhra Pradesh,"Kurnool Med Coll, Kurnool",ENT,"₹48,600*","₹60,823",1*,"₹40,00,000*",1150,-,-,-,-,-,-,-,1207(1),1209(1),-,-
AP Govt-NS LOC (AU),BCC-FEM,Andhra Pradesh,"Alluri Sitaram Raju, Eluru",GENERAL SURGERY,"₹4,96,800*","₹30,000*",1*,"₹40,00,000*",1200,-,-,-,-,-,-,-,1227(1),-,-,-
AP Govt-NS LOC (AU),BCA-GEN,Andhra Pradesh,"Rangaraya Med Coll, Kakinada",ORTHOPAEDICS,"₹48,600*","₹60,823",1*,"₹40,00,000*",1450,-,-,-,-,-,-,-,1257(1),1259(1),-,-
AP Govt-NS APUR,OPEN-GEN,Andhra Pradesh,"Alluri Sitaram Raju, Eluru",SPM,"₹1,55,250*","₹30,000*",1*,"₹40,00,000*",1200,-,-,-,-,-,-,-,-,-,-,1335(1)
AP Govt-NS LOC (AU),BCD-FEM,Andhra Pradesh,"GSL Med Coll, Rajahmundry",GENERAL SURGERY,"₹4,96,800*","₹30,000*",1*,"₹40,00,000*",1140,-,-,-,-,-,-,-,1358(1),-,-,-
AP Govt-NS LOC (AU),BCD-GEN,Andhra Pradesh,"Rajiv Gandhi IMS, Srikakulam",OPHTHALMOLOGY,"₹48,600*","₹60,823",1*,"₹40,00,000*",532,-,-,-,-,-,-,-,1370(1),1372(1),-,-
AP Govt-NS LOC (AU),OPEN-FEM,Andhra Pradesh,"NRI Inst of Med Sci, Vizag",OPHTHALMOLOGY,"₹4,96,800*","₹40,000*",1*,"₹40,00,000*",980,-,-,-,-,-,-,-,1383(1),-,-,-
AP Govt-NS LOC (SVU),BCB-FEM,Andhra Pradesh,"Kurnool Med Coll, Kurnool",ORTHOPAEDICS,"₹48,600*","₹60,823",1*,"₹40,00,000*",1150,-,-,-,-,-,-,-,1384(1),-,-,-
AP Govt-NS LOC (AU),BCD-GEN,Andhra Pradesh,"Alluri Sitaram Raju, Eluru",ANAESTHESIOLOGY,"₹4,96,800*","₹30,000*",1*,"₹40,00,000*",1200,-,-,-,-,-,-,-,1393(1),-,-,-
AP Govt-NS APUR,BCA-FEM,Andhra Pradesh,"GreatEastern MedSch,Srikakulam",SPM,"₹1,55,250*",Info not available*,1*,"₹40,00,000*",780,-,-,-,-,-,-,-,-,-,-,1411(1)
AP Govt-NS LOC (AU),BCD-FEM,Andhra Pradesh,"Dr PSI Med Coll, Chinoutpalli",OPHTHALMOLOGY,"₹4,96,800*","₹28,000*",1*,"₹40,00,000*",790,-,-,-,-,-,-,-,1434(1),-,-,-
AP Govt-NS LOC (SVU),BCB-FEM-PHO,Andhra Pradesh,"Santhiram Med Coll, Nandyal",GENERAL SURGERY,"₹4,96,800*","₹30,000*",1*,"₹40,00,000*",930,-,-,-,-,-,-,-,1447(1),-,-,-
AP Govt-NS LOC (AU),OPEN-FEM,Andhra Pradesh,"GSL Med Coll, Rajahmundry",ANAESTHESIOLOGY,"₹4,96,800*","₹30,000*",1*,"₹40,00,000*",1140,-,-,-,-,-,-,-,1380(1),1467(1),-,-
AP Govt-NS LOC (SVU),OPEN-GEN,Andhra Pradesh,"ACSR Medical College, Nellore",ANATOMY,"₹48,600*","₹60,823",1*,"₹40,00,000*",355,-,-,-,-,-,-,-,-,-,-,1510(1)
AP Govt-NS LOC (AU),BCB-GEN,Andhra Pradesh,"GVP Med Coll, Vizag",GENERAL SURGERY,"₹4,96,800*","₹30,000*",1*,"₹40,00,000*",750,1649(1),-,-,-,-,-,-,1529(1),1347(1),-,-
AP Govt-NS APUR,OPEN-GEN,Andhra Pradesh,"Govt Med Coll, Ananthapuram",ANATOMY,"₹48,600*","₹60,823",1*,"₹40,00,000*",500,-,-,-,-,-,-,-,-,-,-,1547(1)
AP Govt-NS LOC (AU),OPEN-FEM,Andhra Pradesh,"GSL Med Coll, Rajahmundry",ENT,"₹4,96,800*","₹30,000*",1*,"₹40,00,000*",1140,-,-,-,-,-,-,-,1507(1),1575(1),-,-
AP Govt-NS APUR,OPEN-FEM,Andhra Pradesh,"Santhiram Med Coll, Nandyal",ORTHOPAEDICS,"₹4,96,800*","₹30,000*",1*,"₹40,00,000*",930,-,-,-,-,-,-,-,1576(1),1523(1),-,-
AP Govt-NS LOC (AU),OPEN-GEN,Andhra Pradesh,"Rangaraya Med Coll, Kakinada",BIOCHEMISTRY,"₹48,600*","₹60,823",1*,"₹40,00,000*",1450,-,-,-,-,-,-,-,-,-,-,1632(1)
AP Govt-NS APUR,OPEN-GEN,Andhra Pradesh,"Rangaraya Med Coll, Kakinada",FORENSIC MEDICINE,"₹48,600*","₹60,823",1*,"₹40,00,000*",1450,-,-,-,-,-,-,-,-,-,-,1637(1)
AP Govt-NS LOC (AU),OPEN-GEN-PHO,Andhra Pradesh,"Konaseema IMS, Amalapuram",ENT,"₹4,96,800*","₹30,000*",1*,"₹40,00,000*",840,-,-,-,-,-,-,-,-,1638(1),-,-
AP Govt-NS APUR,BCA-GEN,Andhra Pradesh,"Govt Med Coll, Ananthapuram",MICROBIOLOGY,"₹48,600*","₹60,823",1*,"₹40,00,000*",500,-,-,-,-,-,-,-,-,-,-,1639(1)
AP Govt-NS APUR,OPEN-GEN,Andhra Pradesh,"Dr PSI Med Coll, Chinoutpalli",DPH,"₹1,55,250*","₹28,000*",1*,"₹40,00,000*",790,-,-,-,-,-,-,-,-,-,-,1642(1)
AP Govt-NS LOC (AU),BCD-GEN,Andhra Pradesh,"Maharajah IMS, Vizianagaram",ORTHOPAEDICS,"₹4,96,800*",Info not available*,1*,"₹40,00,000*",850,-,-,-,-,-,-,-,1642(1),-,-,-
AP Govt-NS LOC (AU),BCD-GEN,Andhra Pradesh,"Maharajah IMS, Vizianagaram",ANAESTHESIOLOGY,"₹4,96,800*",Info not available*,1*,"₹40,00,000*",850,2127(1),3830(1),-,-,-,-,-,-,1646(1),-,-
AP Govt-NS APUR,OPEN-GEN,Andhra Pradesh,"Rajiv Gandhi IMS, Ongole",FORENSIC MEDICINE,"₹48,600*","₹60,823",1*,"₹40,00,000*",500,-,-,-,-,-,-,-,-,-,-,1665(1)
AP Govt-NS APUR,OPEN-GEN,Andhra Pradesh,"GSL Med Coll, Rajahmundry",SPM,"₹1,55,250*","₹30,000*",1*,"₹40,00,000*",1140,-,-,-,-,-,-,-,-,-,-,1671(1)
AP Govt-NS APUR,OPEN-GEN,Andhra Pradesh,"Rajiv Gandhi IMS, Ongole",MICROBIOLOGY,"₹48,600*","₹60,823",1*,"₹40,00,000*",500,-,-,-,-,-,-,-,-,-,-,1697(1)
AP Govt-NS APUR,OPEN-GEN,Andhra Pradesh,"Govt Med Coll, Ananthapuram",PHYSIOLOGY,"₹48,600*","₹60,823",1*,"₹40,00,000*",500,-,-,-,-,-,-,-,-,-,-,1724(1)
AP Govt-NS APUR,OPEN-GEN,Andhra Pradesh,"Guntur Med Coll, Guntur",PHARMACOLOGY,"₹48,600*","₹60,823",1*,"₹40,00,000*",1170,-,-,-,-,-,-,-,-,-,-,1772(1)
AP Govt-NS APUR,OPEN-GEN,Andhra Pradesh,"GSL Med Coll, Rajahmundry",PHARMACOLOGY,"₹1,55,250*","₹30,000*",1*,"₹40,00,000*",1140,-,-,-,-,-,-,-,-,-,-,1803(1)
AP Govt-NS LOC (SVU),OPEN-GEN,Andhra Pradesh,"Govt Siddhartha, Vijaywada",PATHOLOGY,"₹48,600*","₹60,823",1*,"₹40,00,000*",707,-,-,-,-,-,-,-,-,1804(1),-,-
AP Govt-NS APUR,OPEN-GEN,Andhra Pradesh,"Rajiv Gandhi IMS, Ongole",BIOCHEMISTRY,"₹48,600*","₹60,823",1*,"₹40,00,000*",500,-,-,-,-,-,-,-,-,-,-,1806(1)
AP Govt-NS LOC (AU),OPEN-GEN,Andhra Pradesh,"Alluri Sitaram Raju, Eluru",BIOCHEMISTRY,"₹70,380*","₹30,000*",1*,"₹40,00,000*",1200,-,-,-,-,-,-,-,-,-,-,1820(1)
AP Govt-NS APUR,OPEN-GEN,Andhra Pradesh,"Alluri Sitaram Raju, Eluru",MICROBIOLOGY,"₹1,55,250*","₹30,000*",1*,"₹40,00,000*",1200,-,-,-,-,-,-,-,-,-,-,1827(1)
AP Govt-NS APUR,OPEN-GEN,Andhra Pradesh,"SV Med Coll, Tirupati",PHARMACOLOGY,"₹48,600*","₹60,823",1*,"₹40,00,000*",940,-,-,-,-,-,-,-,-,-,-,1837(1)
AP Govt-NS APUR,BCD-GEN,Andhra Pradesh,"NRI Inst of Med Sci, Vizag",ANAESTHESIOLOGY,"₹4,96,800*","₹40,000*",1*,"₹40,00,000*",980,-,-,-,-,-,-,-,1854(1),1479(1),-,-
AP Govt-NS LOC (AU),OPEN-FEM,Andhra Pradesh,"GVP Med Coll, Vizag",ORTHOPAEDICS,"₹4,96,800*","₹30,000*",1*,"₹40,00,000*",750,-,-,-,-,-,-,-,1872(1),1642(1),-,-
AP Govt-NS LOC (AU),OPEN-FEM,Andhra Pradesh,"Rangaraya Med Coll, Kakinada",PATHOLOGY,"₹48,600*","₹60,823",1*,"₹40,00,000*",1450,-,-,-,-,-,-,-,1877(1),1766(1),-,-
AP Govt-NS LOC (SVU),OPEN-GEN,Andhra Pradesh,"VMC, Kurnool",BIOCHEMISTRY,"₹70,380*","₹30,000*",1*,"₹40,00,000*",650,-,-,-,-,-,-,-,-,-,-,1887(1)
AP Govt-NS LOC (AU),BCE-FEM-PHO,Andhra Pradesh,"Andhra Med Coll, Vizag",ANAESTHESIOLOGY,"₹48,600*","₹60,823",1*,"₹40,00,000*",1030,-,-,-,-,-,-,-,1889(1),-,-,-
AP Govt-NS APUR,ST-GEN,Andhra Pradesh,"Rajiv Gandhi IMS, Kadapa",ANATOMY,"₹48,600*","₹60,823",1*,"₹40,00,000*",715,-,-,-,-,-,-,-,-,-,-,1891(1)
AP Govt-NS LOC (SVU),OPEN-FEM,Andhra Pradesh,"Narayana Med Coll, Nellore",PHARMACOLOGY,"₹1,55,250*","₹30,000*",1*,"₹40,00,000*",1430,-,-,-,-,-,-,-,-,-,-,1900(1)
AP Govt-NS LOC (SVU),OPEN-GEN,Andhra Pradesh,"VMC, Kurnool",PSYCHIATRY,"₹4,96,800*","₹30,000*",1*,"₹40,00,000*",650,-,-,-,-,-,-,-,1813(1),1982(1),-,-
AP Govt-NS LOC (AU),SC-FEM-PHO,Andhra Pradesh,"Katuri Med Coll, Guntur",OBG,"₹4,96,800*",Info not available*,1*,"₹40,00,000*",1100,-,-,-,-,-,-,-,1984(1),-,-,-
AP Govt-NS LOC (AU),BCB-GEN-PHO,Andhra Pradesh,"Andhra Med Coll, Vizag",PATHOLOGY,"₹48,600*","₹60,823",1*,"₹40,00,000*",1030,-,-,-,-,-,-,-,2156(1),-,-,-
AP Govt-NS LOC (AU),BCA-GEN,Andhra Pradesh,"Alluri Sitaram Raju, Eluru",OPHTHALMOLOGY,"₹4,96,800*","₹30,000*",1*,"₹40,00,000*",1200,-,-,-,-,-,-,-,2189(1),-,-,-
AP Govt-NS LOC (AU),BCB-FEM,Andhra Pradesh,"Guntur Med Coll, Guntur",ORTHOPAEDICS,"₹48,600*","₹60,823",1*,"₹40,00,000*",1170,-,-,-,-,-,-,-,2222(1),-,-,-
AP Govt-NS APUR,OPEN-GEN,Andhra Pradesh,"Santhiram Med Coll, Nandyal",PATHOLOGY,"₹1,55,250*","₹30,000*",1*,"₹40,00,000*",930,-,-,-,-,-,-,-,2430(1),-,-,1056(1)
AP Govt-NS LOC (AU),OPEN-GEN,Andhra Pradesh,"Dr PSI Med Coll, Chinoutpalli",PATHOLOGY,"₹1,55,250*","₹28,000*",1*,"₹40,00,000*",790,-,-,-,-,-,-,-,2502(1),-,-,-
AP Govt-NS LOC (SVU),BCB-FEM,Andhra Pradesh,"Narayana Med Coll, Nellore",ORTHOPAEDICS,"₹4,96,800*","₹30,000*",1*,"₹40,00,000*",1430,-,-,-,-,-,-,-,2519(2),1536(1),-,-
AP Govt-NS LOC (SVU),BCD-GEN,Andhra Pradesh,"Govt Siddhartha, Vijaywada",PATHOLOGY,"₹48,600*","₹60,823",1*,"₹40,00,000*",707,-,-,-,-,-,-,-,2542(1),-,-,-
AP Govt-NS APUR,OPEN-GEN,Andhra Pradesh,"Rangaraya Med Coll, Kakinada",SPM,"₹48,600*","₹60,823",1*,"₹40,00,000*",1450,-,-,-,-,-,-,-,1670(1),2586(1),-,-
AP Govt-NS LOC (SVU),BCA-GEN,Andhra Pradesh,"ACSR Medical College, Nellore",FORENSIC MEDICINE,"₹48,600*","₹60,823",1*,"₹40,00,000*",355,-,-,-,-,-,-,-,2590(1),-,-,-
AP Govt-NS AP LOC,BCA-FEM,Andhra Pradesh,"Govt Siddhartha, Vijaywada",PATHOLOGY,"₹48,600*","₹60,823",1*,"₹40,00,000*",707,-,-,-,-,-,-,-,2749(1),-,-,-
AP Govt-NS LOC (AU),BCB-FEM,Andhra Pradesh,"Rangaraya Med Coll, Kakinada",PATHOLOGY,"₹48,600*","₹60,823",1*,"₹40,00,000*",1450,-,-,-,-,-,-,-,2764(1),-,-,-
AP Govt-NS LOC (AU),OPEN-GEN-PHO,Andhra Pradesh,"Andhra Med Coll, Vizag",MICROBIOLOGY,"₹48,600*","₹60,823",1*,"₹40,00,000*",1030,-,-,-,-,-,-,-,2838(1),2840(1),-,-
AP Govt-NS LOC (SVU),BCE-FEM,Andhra Pradesh,"PES IMS, Kuppam",PATHOLOGY,"₹1,55,250*","₹30,000*",1*,"₹40,00,000*",975,-,-,-,-,-,-,-,2844(1),-,-,-
AP Govt-NS LOC (SVU),OPEN-FEM,Andhra Pradesh,"Kurnool Med Coll, Kurnool",SPM,"₹48,600*","₹60,823",1*,"₹40,00,000*",1150,-,-,-,-,-,-,-,2862(1),2885(1),-,-
AP Govt-NS LOC (AU),OPEN-FEM,Andhra Pradesh,"Guntur Med Coll, Guntur",BIOCHEMISTRY,"₹48,600*","₹60,823",1*,"₹40,00,000*",1170,-,-,-,-,-,-,-,3031(1),-,-,-
AP Govt-NS LOC (SVU),BCB-FEM,Andhra Pradesh,"Narayana Med Coll, Nellore",SPM,"₹1,55,250*","₹30,000*",1*,"₹40,00,000*",1430,-,-,-,-,-,-,-,3315(1),-,-,-
AP Govt-NS LOC (AU),SC-FEM,Andhra Pradesh,"Andhra Med Coll, Vizag",SPM,"₹48,600*","₹60,823",1*,"₹40,00,000*",1030,-,-,-,-,-,-,-,3404(1),-,-,-
AP Govt-NS LOC (AU),OPEN-GEN,Andhra Pradesh,"Andhra Med Coll, Vizag",PHARMACOLOGY,"₹48,600*","₹60,823",1*,"₹40,00,000*",1030,3489(1),4446(1),-,-,-,-,-,3425(1),3520(1),-,-
AP Govt-NS LOC (AU),SC-GEN,Andhra Pradesh,"GSL Med Coll, Rajahmundry",PATHOLOGY,"₹1,55,250*","₹30,000*",1*,"₹40,00,000*",1140,-,-,-,-,-,-,-,3614(1),3617(1),-,-
AP Govt-NS APUR,SC-GEN,Andhra Pradesh,"Rajiv Gandhi IMS, Kadapa",SPM,"₹48,600*","₹60,823",1*,"₹40,00,000*",715,-,4458(1),4754(1),-,-,-,-,3713(1),-,-,-
AP Govt-NS LOC (AU),OPEN-FEM,Andhra Pradesh,"Andhra Med Coll, Vizag",FORENSIC MEDICINE,"₹48,600*","₹60,823",1*,"₹40,00,000*",1030,-,-,-,-,-,-,-,3767(1),3770(1),-,-
AP Govt-NS LOC (SVU),SC-FEM,Andhra Pradesh,"Govt Med Coll, Ananthapuram",MICROBIOLOGY,"₹48,600*","₹60,823",1*,"₹40,00,000*",500,4274(1),4988(1),-,-,-,-,-,3883(1),-,-,-
AP Govt-NS LOC (SVU),SC-GEN,Andhra Pradesh,"Rajiv Gandhi IMS, Kadapa",FORENSIC MEDICINE,"₹48,600*","₹60,823",1*,"₹40,00,000*",715,-,-,-,-,-,-,-,3968(1),-,-,-
AP Govt-NS APUR,OPEN-GEN,Andhra Pradesh,"Guntur Med Coll, Guntur",ANATOMY,"₹48,600*","₹60,823",1*,"₹40,00,000*",1170,-,-,-,-,-,-,-,-,3970(1),-,-
AP Govt-NS LOC (AU),BCD-GEN,Andhra Pradesh,"Guntur Med Coll, Guntur",SPM,"₹48,600*","₹60,823",1*,"₹40,00,000*",1170,-,-,-,-,-,-,-,3980(1),-,-,-
AP Govt-NS LOC (SVU),BCB-GEN,Andhra Pradesh,"Santhiram Med Coll, Nandyal",SPM,"₹1,55,250*","₹30,000*",1*,"₹40,00,000*",930,-,-,-,-,-,-,-,4071(1),-,-,-
AP Govt-NS APUR,SC-GEN,Andhra Pradesh,"Guntur Med Coll, Guntur",ANATOMY,"₹48,600*","₹60,823",1*,"₹40,00,000*",1170,-,-,-,-,-,-,-,4129(1),-,-,-
AP Govt-NS APUR,SC-FEM,Andhra Pradesh,"Govt Siddhartha, Vijaywada",BIOCHEMISTRY,"₹48,600*","₹60,823",1*,"₹40,00,000*",707,-,-,-,-,-,-,-,4169(1),-,-,-
AP Govt-NS LOC (SVU),OPEN-GEN,Andhra Pradesh,"Govt Med Coll, Ananthapuram",PHYSIOLOGY,"₹48,600*","₹60,823",1*,"₹40,00,000*",500,-,-,-,-,-,-,-,4171(1),3886(1),-,-
AP Govt-NS LOC (AU),OPEN-GEN,Andhra Pradesh,"NRI Med Coll, Guntur",PHARMACOLOGY,"₹1,55,250*","₹27,000*",1*,"₹40,00,000*",1050,-,-,-,-,-,-,-,4209(1),-,-,-
AP Govt-NS LOC (SVU),OPEN-GEN-PHO,Andhra Pradesh,"Govt Med Coll, Ananthapuram",ANATOMY,"₹48,600*","₹60,823",1*,"₹40,00,000*",500,-,-,-,-,-,-,-,4246(1),-,-,-
AP Govt-NS LOC (AU),BCE-FEM,Andhra Pradesh,"Maharajah IMS, Vizianagaram",MICROBIOLOGY,"₹1,55,250*",Info not available*,1*,"₹40,00,000*",850,-,-,-,-,-,-,-,4260(1),-,-,-
AP Govt-NS LOC (SVU),OPEN-GEN-PHO,Andhra Pradesh,"Santhiram Med Coll, Nandyal",BIOCHEMISTRY,"₹70,380*","₹30,000*",1*,"₹40,00,000*",930,-,-,-,-,-,-,-,-,4297(1),-,-
AP Govt-NS LOC (AU),OPEN-GEN,Andhra Pradesh,"GSL Med Coll, Rajahmundry",PHARMACOLOGY,"₹1,55,250*","₹30,000*",1*,"₹40,00,000*",1140,-,-,-,-,-,-,-,4299(1),-,-,-
AP Govt-NS LOC (SVU),ST-GEN,Andhra Pradesh,"Govt Med Coll, Ananthapuram",PHARMACOLOGY,"₹48,600*","₹60,823",1*,"₹40,00,000*",500,-,-,-,-,-,-,-,4305(1),-,-,-
AP Govt-NS APUR,BCB-GEN,Andhra Pradesh,"Govt Med Coll, Ananthapuram",MICROBIOLOGY,"₹48,600*","₹60,823",1*,"₹40,00,000*",500,-,-,-,-,-,-,-,4333(1),-,-,-
AP Govt-NS LOC (SVU),SC-GEN-PHO,Andhra Pradesh,"VMC, Kurnool",MICROBIOLOGY,"₹1,55,250*","₹30,000*",1*,"₹40,00,000*",650,-,-,-,-,-,-,-,4340(1),-,-,-
AP Govt-NS APUR,SC-GEN,Andhra Pradesh,"SV Med Coll, Tirupati",BIOCHEMISTRY,"₹48,600*","₹60,823",1*,"₹40,00,000*",940,-,-,-,-,-,-,-,4352(1),-,-,-
AP Govt-NS APUR,BCE-GEN,Andhra Pradesh,"Santhiram Med Coll, Nandyal",MICROBIOLOGY,"₹1,55,250*","₹30,000*",1*,"₹40,00,000*",930,-,-,-,-,-,-,-,4364(1),-,-,-
AP Govt-NS APUR,OPEN-GEN,Andhra Pradesh,"Apollo IMS&R, Chittoor",ANATOMY,"₹70,380*","₹30,000*",1*,"₹40,00,000*",850,-,-,-,-,-,-,-,4370(1),3573(1),-,-
AP Govt-NS LOC (AU),BCD-GEN,Andhra Pradesh,"Andhra Med Coll, Vizag",BIOCHEMISTRY,"₹48,600*","₹60,823",1*,"₹40,00,000*",1030,-,-,-,-,-,-,-,4455(1),4335(1),-,-
AP Govt-NS LOC (AU),ST-GEN,Andhra Pradesh,"Andhra Med Coll, Vizag",MICROBIOLOGY,"₹48,600*","₹60,823",1*,"₹40,00,000*",1030,-,-,-,-,-,-,-,4511(1),-,-,-
AP Govt-NS APUR,SC-GEN,Andhra Pradesh,"Konaseema IMS, Amalapuram",PHARMACOLOGY,"₹1,55,250*","₹30,000*",1*,"₹40,00,000*",840,-,-,-,-,-,-,-,-,4521(1),-,-
AP Govt-Serv APUR,OPEN-GEN,Andhra Pradesh,"Rangaraya Med Coll, Kakinada",RADIO DIAGNOSIS,"₹48,600*","₹60,823",1*,"₹40,00,000*",1450,1(1),1(1),-,-,-,-,-,-,-,-,-
AP Govt-Serv LOC (AU),OPEN-FEM,Andhra Pradesh,"Guntur Med Coll, Guntur",RADIO DIAGNOSIS,"₹48,600*","₹60,823",1*,"₹40,00,000*",1170,2(1),2(1),-,-,-,-,-,-,-,-,-
AP Govt-Serv UNR,OPEN-GEN,Andhra Pradesh,"Govt Siddhartha, Vijaywada",RADIO DIAGNOSIS,"₹48,600*","₹60,823",1*,"₹40,00,000*",707,3(1),3(1),-,-,-,-,-,-,-,-,-
AP Govt-Serv APUR,OPEN-GEN,Andhra Pradesh,"Guntur Med Coll, Guntur",GENERAL MEDICINE,"₹48,600*","₹60,823",1*,"₹40,00,000*",1170,4(1),4(1),-,-,-,-,-,-,-,-,-
AP Govt-Serv LOC (SVU),OPEN-FEM,Andhra Pradesh,"SV Med Coll, Tirupati",RADIO DIAGNOSIS,"₹48,600*","₹60,823",1*,"₹40,00,000*",940,6(1),6(1),-,-,-,-,-,-,-,-,-
AP Govt-Serv LOC (SVU),OPEN-FEM,Andhra Pradesh,"ACSR Medical College, Nellore",PAEDIATRICS,"₹48,600*","₹60,823",1*,"₹40,00,000*",355,7(1),7(1),-,-,-,-,-,-,-,-,-
AP Govt-NS UNR,OPEN-GEN,Andhra Pradesh,"Andhra Med Coll, Vizag",GENERAL MEDICINE,"₹48,600*","₹60,823",1*,"₹40,00,000*",1030,8(1),8(1),-,-,-,-,-,-,-,-,-
AP Govt-Serv LOC (SVU),BCE-GEN,Andhra Pradesh,"Kurnool Med Coll, Kurnool",DERMATOLOGY,"₹48,600*","₹60,823",1*,"₹40,00,000*",1150,8(1),8(1),-,-,-,-,-,-,-,-,-
AP Govt-Serv LOC (SVU),SC-GEN,Andhra Pradesh,"SVIMS, Tirupati",RADIO DIAGNOSIS,"₹2,11,600*","₹80,904*",1*,"₹40,00,000*",1257,10(1),10(1),-,-,-,-,-,-,-,-,-
AP Govt-Serv LOC (SVU),BCB-GEN,Andhra Pradesh,"SV Med Coll, Tirupati",RADIO DIAGNOSIS,"₹48,600*","₹60,823",1*,"₹40,00,000*",940,12(1),12(1),-,-,-,-,-,-,-,-,-
AP Govt-Serv UNR,OPEN-FEM,Andhra Pradesh,"Govt Siddhartha, Vijaywada",OPHTHALMOLOGY,"₹48,600*","₹60,823",1*,"₹40,00,000*",707,13(1),13(1),-,-,-,-,-,-,-,-,-
AP Govt-Serv UNR,OPEN-GEN,Andhra Pradesh,"Guntur Med Coll, Guntur",GENERAL SURGERY,"₹48,600*","₹60,823",1*,"₹40,00,000*",1170,14(1),14(1),-,-,-,-,-,-,-,-,-
AP Govt-Serv LOC (SVU),ST-GEN,Andhra Pradesh,"Govt Med Coll, Ananthapuram",RADIO DIAGNOSIS,"₹48,600*","₹60,823",1*,"₹40,00,000*",500,18(1),18(1),-,-,-,-,-,-,-,-,-
AP Govt-Serv LOC (AU),OPEN-GEN,Andhra Pradesh,"Rangaraya Med Coll, Kakinada",OBG,"₹48,600*","₹60,823",1*,"₹40,00,000*",1450,19(1),19(1),-,-,-,-,-,-,-,-,-
AP Govt-Serv LOC (SVU),OPEN-GEN,Andhra Pradesh,"Narayana Med Coll, Nellore",RADIO DIAGNOSIS,"₹4,96,800*","₹30,000*",1*,"₹40,00,000*",1430,20(1),20(1),-,-,-,-,-,-,-,-,-
AP Govt-Serv UNR,OPEN-GEN,Andhra Pradesh,"Govt Siddhartha, Vijaywada",GENERAL MEDICINE,"₹48,600*","₹60,823",1*,"₹40,00,000*",707,16(1),21(1),-,-,-,-,-,-,-,-,-
AP Govt-Serv LOC (SVU),OPEN-FEM,Andhra Pradesh,"Santhiram Med Coll, Nandyal",RADIO DIAGNOSIS,"₹4,96,800*","₹30,000*",1*,"₹40,00,000*",930,22(1),22(1),-,-,-,-,-,-,-,-,-
AP Govt-Serv APUR,OPEN-FEM,Andhra Pradesh,"Andhra Med Coll, Vizag",OBG,"₹48,600*","₹60,823",1*,"₹40,00,000*",1030,24(1),24(1),-,-,-,-,-,-,-,-,-
AP Govt-Serv LOC (AU),SC-GEN,Andhra Pradesh,"Guntur Med Coll, Guntur",DERMATOLOGY,"₹48,600*","₹60,823",1*,"₹40,00,000*",1170,27(1),27(1),-,-,-,-,-,-,-,-,-
AP Govt-Serv UNR,OPEN-GEN,Andhra Pradesh,"Alluri Sitaram Raju, Eluru",RADIO DIAGNOSIS,"₹4,96,800*","₹30,000*",1*,"₹40,00,000*",1200,28(1),28(1),-,-,-,-,-,-,-,-,-
AP Govt-NS UNR,BCD-GEN,Andhra Pradesh,"Dr PSI Med Coll, Chinoutpalli",ORTHOPAEDICS,"₹4,96,800*","₹28,000*",1*,"₹40,00,000*",790,29(1),-,-,-,-,-,-,-,-,-,-
AP Govt-Serv LOC (SVU),OPEN-GEN,Andhra Pradesh,"SVIMS, Tirupati",GENERAL MEDICINE,"₹2,11,600*","₹80,904*",1*,"₹40,00,000*",1257,30(1),30(1),-,-,-,-,-,-,-,-,-
AP Govt-Serv LOC (AU),BCA-GEN,Andhra Pradesh,"Andhra Med Coll, Vizag",RADIO DIAGNOSIS,"₹48,600*","₹60,823",1*,"₹40,00,000*",1030,31(1),31(1),-,-,-,-,-,-,-,-,-
AP Govt-Serv LOC (AU),BCB-GEN,Andhra Pradesh,"Rajiv Gandhi IMS, Ongole",RADIO DIAGNOSIS,"₹48,600*","₹60,823",1*,"₹40,00,000*",500,32(1),32(1),-,-,-,-,-,-,-,-,-
AP Govt-Serv LOC (SVU),SC-FEM,Andhra Pradesh,"Narayana Med Coll, Nellore",RADIO DIAGNOSIS,"₹4,96,800*","₹30,000*",1*,"₹40,00,000*",1430,34(1),34(1),-,-,-,-,-,-,-,-,-
AP Govt-Serv APUR,SC-GEN,Andhra Pradesh,"Rajiv Gandhi IMS, Srikakulam",RADIO DIAGNOSIS,"₹48,600*","₹60,823",1*,"₹40,00,000*",532,36(1),36(1),-,-,-,-,-,-,-,-,-
AP Govt-Serv LOC (AU),BCB-GEN,Andhra Pradesh,"Andhra Med Coll, Vizag",GENERAL MEDICINE,"₹48,600*","₹60,823",1*,"₹40,00,000*",1030,37(1),37(1),-,-,-,-,-,-,-,-,-
AP Govt-Serv LOC (SVU),SC-GEN,Andhra Pradesh,"Kurnool Med Coll, Kurnool",GENERAL MEDICINE,"₹48,600*","₹60,823",1*,"₹40,00,000*",1150,38(1),38(1),-,-,-,-,-,-,-,-,-
AP Govt-Serv LOC (SVU),OPEN-GEN,Andhra Pradesh,"SV Med Coll, Tirupati",GENERAL MEDICINE,"₹48,600*","₹60,823",1*,"₹40,00,000*",940,-,39(1),-,-,-,-,-,-,-,-,-
AP Govt-Serv LOC (AU),OPEN-GEN,Andhra Pradesh,"Maharajah IMS, Vizianagaram",RADIO DIAGNOSIS,"₹4,96,800*",Info not available*,1*,"₹40,00,000*",850,40(1),40(1),-,-,-,-,-,-,-,-,-
AP Govt-Serv LOC (AU),OPEN-GEN,Andhra Pradesh,"NRI Med Coll, Guntur",RADIO DIAGNOSIS,"₹4,96,800*","₹27,000*",1*,"₹40,00,000*",1050,41(1),41(1),-,-,-,-,-,-,-,-,-
AP Govt-Serv LOC (AU),OPEN-GEN,Andhra Pradesh,"Guntur Med Coll, Guntur",GENERAL MEDICINE,"₹48,600*","₹60,823",1*,"₹40,00,000*",1170,42(1),42(1),-,-,-,-,-,-,-,-,-
AP Govt-Serv LOC (SVU),OPEN-GEN,Andhra Pradesh,"Govt Med Coll, Ananthapuram",PAEDIATRICS,"₹48,600*","₹60,823",1*,"₹40,00,000*",500,-,43(1),-,-,-,-,-,-,-,-,-
AP Govt-Serv LOC (AU),OPEN-FEM,Andhra Pradesh,"NRI Inst of Med Sci, Vizag",GENERAL MEDICINE,"₹4,96,800*","₹40,000*",1*,"₹40,00,000*",980,45(1),45(1),-,-,-,-,-,-,-,-,-
AP Govt-Serv APUR,OPEN-GEN,Andhra Pradesh,"Govt Med Coll, Ananthapuram",OPHTHALMOLOGY,"₹48,600*","₹60,823",1*,"₹40,00,000*",500,43(1),46(1),-,-,-,-,-,-,-,-,-
AP Govt-Serv LOC (SVU),BCB-GEN,Andhra Pradesh,"Govt Med Coll, Ananthapuram",PAEDIATRICS,"₹48,600*","₹60,823",1*,"₹40,00,000*",500,46(1),-,-,-,-,-,-,-,-,-,-
AP Govt-Serv LOC (AU),BCA-GEN,Andhra Pradesh,"Rangaraya Med Coll, Kakinada",GENERAL MEDICINE,"₹48,600*","₹60,823",1*,"₹40,00,000*",1450,48(1),48(1),-,-,-,-,-,-,-,-,-
AP Govt-Serv LOC (SVU),OPEN-FEM,Andhra Pradesh,"SV Med Coll, Tirupati",OBG,"₹48,600*","₹60,823",1*,"₹40,00,000*",940,49(1),49(1),-,-,-,-,-,-,-,-,-
AP Govt-Serv LOC (AU),OPEN-FEM,Andhra Pradesh,"Konaseema IMS, Amalapuram",RADIO DIAGNOSIS,"₹4,96,800*","₹30,000*",1*,"₹40,00,000*",840,50(1),50(1),-,-,-,-,-,-,-,-,-
AP Govt-Serv LOC (SVU),OPEN-GEN,Andhra Pradesh,"Santhiram Med Coll, Nandyal",GENERAL MEDICINE,"₹4,96,800*","₹30,000*",1*,"₹40,00,000*",930,51(1),51(1),-,-,-,-,-,-,-,-,-
AP Govt-Serv LOC (AU),OPEN-GEN,Andhra Pradesh,"Alluri Sitaram Raju, Eluru",RADIO DIAGNOSIS,"₹4,96,800*","₹30,000*",1*,"₹40,00,000*",1200,52(1),52(1),-,-,-,-,-,-,-,-,-
AP Govt-NS LOC (AU),OPEN-FEM,Andhra Pradesh,"Andhra Med Coll, Vizag",RADIO DIAGNOSIS,"₹48,600*","₹60,823",1*,"₹40,00,000*",1030,53(1),53(1),-,-,-,-,-,-,-,-,-
AP Govt-Serv LOC (AU),SC-FEM,Andhra Pradesh,"Katuri Med Coll, Guntur",RADIO DIAGNOSIS,"₹4,96,800*",Info not available*,1*,"₹40,00,000*",1100,53(1),53(1),-,-,-,-,-,-,-,-,-
AP Govt-Serv LOC (AU),OPEN-FEM,Andhra Pradesh,"Andhra Med Coll, Vizag",PAEDIATRICS,"₹48,600*","₹60,823",1*,"₹40,00,000*",1030,54(1),54(1),-,-,-,-,-,-,-,-,-
AP Govt-Serv APUR,BCE-GEN,Andhra Pradesh,"Govt Med Coll, Ananthapuram",RADIO DIAGNOSIS,"₹48,600*","₹60,823",1*,"₹40,00,000*",500,55(1),55(1),-,-,-,-,-,-,-,-,-
AP Govt-Serv LOC (AU),OPEN-GEN,Andhra Pradesh,"NRI Med Coll, Guntur",GENERAL MEDICINE,"₹4,96,800*","₹27,000*",1*,"₹40,00,000*",1050,56(1),56(1),-,-,-,-,-,-,-,-,-
AP Govt-Serv APUR,OPEN-GEN,Andhra Pradesh,"SV Med Coll, Tirupati",PAEDIATRICS,"₹48,600*","₹60,823",1*,"₹40,00,000*",940,17(1),57(1),-,-,-,-,-,-,-,-,-
AP Govt-Serv LOC (SVU),OPEN-GEN,Andhra Pradesh,"Kurnool Med Coll, Kurnool",PAEDIATRICS,"₹48,600*","₹60,823",1*,"₹40,00,000*",1150,58(1),58(1),-,-,-,-,-,-,-,-,-
AP Govt-NS LOC (SVU),OPEN-FEM,Andhra Pradesh,"SVIMS, Tirupati",RADIO DIAGNOSIS,"₹2,11,600*","₹80,904*",1*,"₹40,00,000*",1257,16(1),58(1),-,-,-,-,-,-,-,-,-
AP Govt-Serv LOC (SVU),SC-FEM,Andhra Pradesh,"SV Med Coll, Tirupati",PAEDIATRICS,"₹48,600*","₹60,823",1*,"₹40,00,000*",940,61(1),61(1),-,-,-,-,-,-,-,-,-
AP Govt-Serv UNR,OPEN-GEN,Andhra Pradesh,"GSL Med Coll, Rajahmundry",GENERAL MEDICINE,"₹4,96,800*","₹30,000*",1*,"₹40,00,000*",1140,62(1),62(1),-,-,-,-,-,-,-,-,-
AP Govt-Serv APUR,OPEN-GEN,Andhra Pradesh,"Rangaraya Med Coll, Kakinada",ANAESTHESIOLOGY,"₹48,600*","₹60,823",1*,"₹40,00,000*",1450,21(1),64(1),-,-,-,-,-,-,-,-,-
AP Govt-Serv LOC (AU),SC-GEN,Andhra Pradesh,"Andhra Med Coll, Vizag",GENERAL MEDICINE,"₹48,600*","₹60,823",1*,"₹40,00,000*",1030,66(2),66(2),-,-,-,-,-,-,-,-,-
AP Govt-Serv LOC (SVU),OPEN-FEM,Andhra Pradesh,"Govt Med Coll, Ananthapuram",GENERAL MEDICINE,"₹48,600*","₹60,823",1*,"₹40,00,000*",500,39(1),67(1),-,-,-,-,-,-,-,-,-
AP Govt-Serv LOC (AU),BCD-GEN,Andhra Pradesh,"NRI Inst of Med Sci, Vizag",GENERAL MEDICINE,"₹4,96,800*","₹40,000*",1*,"₹40,00,000*",980,68(1),68(1),-,-,-,-,-,-,-,-,-
AP Govt-Serv UNR,SC-GEN,Andhra Pradesh,"Narayana Med Coll, Nellore",DERMATOLOGY,"₹4,96,800*","₹30,000*",1*,"₹40,00,000*",1430,70(1),70(1),-,-,-,-,-,-,-,-,-
AP Govt-Serv LOC (SVU),OPEN-GEN,Andhra Pradesh,"Kurnool Med Coll, Kurnool",OBG,"₹48,600*","₹60,823",1*,"₹40,00,000*",1150,71(1),71(1),-,-,-,-,-,-,-,-,-
AP Govt-Serv UNR,OPEN-GEN,Andhra Pradesh,"Govt Siddhartha, Vijaywada",PAEDIATRICS,"₹48,600*","₹60,823",1*,"₹40,00,000*",707,23(1),72(1),-,-,-,-,-,-,-,-,-
AP Govt-Serv APUR,OPEN-GEN,Andhra Pradesh,"Kurnool Med Coll, Kurnool",GENERAL SURGERY,"₹48,600*","₹60,823",1*,"₹40,00,000*",1150,72(1),73(1),-,-,-,-,-,-,-,-,-
AP Govt-Serv LOC (SVU),BCB-GEN,Andhra Pradesh,"SV Med Coll, Tirupati",GENERAL MEDICINE,"₹48,600*","₹60,823",1*,"₹40,00,000*",940,73(1),74(1),-,-,-,-,-,-,-,-,-
AP Govt-Serv LOC (AU),OPEN-GEN,Andhra Pradesh,"Rangaraya Med Coll, Kakinada",PAEDIATRICS,"₹48,600*","₹60,823",1*,"₹40,00,000*",1450,74(1),75(1),-,-,-,-,-,-,-,-,-
AP Govt-NS LOC (AU),OPEN-FEM,Andhra Pradesh,"Rangaraya Med Coll, Kakinada",RADIO DIAGNOSIS,"₹48,600*","₹60,823",1*,"₹40,00,000*",1450,64(1),76(1),-,-,-,-,-,-,-,-,-
AP Govt-Serv LOC (SVU),OPEN-FEM,Andhra Pradesh,"VMC, Kurnool",DERMATOLOGY,"₹4,96,800*","₹30,000*",1*,"₹40,00,000*",650,69(1),76(1),-,-,-,-,-,-,-,-,-
AP Govt-Serv UNR,BCE-GEN,Andhra Pradesh,"Govt Siddhartha, Vijaywada",GENERAL MEDICINE,"₹48,600*","₹60,823",1*,"₹40,00,000*",707,76(1),77(1),-,-,-,-,-,-,-,-,-
AP Govt-Serv LOC (AU),BCB-GEN,Andhra Pradesh,"Andhra Med Coll, Vizag",PAEDIATRICS,"₹48,600*","₹60,823",1*,"₹40,00,000*",1030,77(1),78(1),-,-,-,-,-,-,-,-,-
AP Govt-Serv LOC (SVU),ST-GEN,Andhra Pradesh,"SV Med Coll, Tirupati",GENERAL MEDICINE,"₹48,600*","₹60,823",1*,"₹40,00,000*",940,78(2),79(1),-,-,-,-,-,-,-,-,-
AP Govt-NS LOC (AU),BCD-GEN,Andhra Pradesh,"Andhra Med Coll, Vizag",GENERAL MEDICINE,"₹48,600*","₹60,823",1*,"₹40,00,000*",1030,79(1),79(1),-,-,-,-,-,-,-,-,-
AP Govt-Serv LOC (AU),BCB-GEN,Andhra Pradesh,"Rangaraya Med Coll, Kakinada",RADIATION ONCOLOGY,"₹48,600*","₹60,823",1*,"₹40,00,000*",1450,79(1),80(1),-,-,-,-,-,-,-,-,-
AP Govt-Serv LOC (AU),OPEN-GEN,Andhra Pradesh,"Katuri Med Coll, Guntur",GENERAL MEDICINE,"₹4,96,800*",Info not available*,1*,"₹40,00,000*",1100,80(1),81(1),-,-,-,-,-,-,-,-,-
AP Govt-Serv LOC (AU),SC-FEM,Andhra Pradesh,"Rangaraya Med Coll, Kakinada",GENERAL MEDICINE,"₹48,600*","₹60,823",1*,"₹40,00,000*",1450,81(1),82(1),-,-,-,-,-,-,-,-,-
AP Govt-Serv LOC (AU),SC-FEM,Andhra Pradesh,"Andhra Med Coll, Vizag",OBG,"₹48,600*","₹60,823",1*,"₹40,00,000*",1030,83(1),-,-,-,-,-,-,-,-,-,-
AP Govt-Serv LOC (AU),OPEN-FEM,Andhra Pradesh,"Andhra Med Coll, Vizag",DERMATOLOGY,"₹48,600*","₹60,823",1*,"₹40,00,000*",1030,29(1),84(1),-,-,-,-,-,-,-,-,-
AP Govt-Serv LOC (SVU),BCD-GEN,Andhra Pradesh,"Rajiv Gandhi IMS, Kadapa",RADIO DIAGNOSIS,"₹48,600*","₹60,823",1*,"₹40,00,000*",715,85(1),86(1),-,-,-,-,-,-,-,-,-
AP Govt-Serv LOC (AU),BCD-FEM,Andhra Pradesh,"Guntur Med Coll, Guntur",GENERAL MEDICINE,"₹48,600*","₹60,823",1*,"₹40,00,000*",1170,86(1),87(1),-,-,-,-,-,-,-,-,-
AP Govt-Serv LOC (AU),BCE-GEN,Andhra Pradesh,"Rangaraya Med Coll, Kakinada",GENERAL MEDICINE,"₹48,600*","₹60,823",1*,"₹40,00,000*",1450,87(1),88(1),-,-,-,-,-,-,-,-,-
AP Govt-Serv LOC (AU),OPEN-GEN,Andhra Pradesh,"Andhra Med Coll, Vizag",ANAESTHESIOLOGY,"₹48,600*","₹60,823",1*,"₹40,00,000*",1030,88(1),89(1),-,-,-,-,-,-,-,-,-
AP Govt-Serv APUR,SC-GEN,Andhra Pradesh,"Rajiv Gandhi IMS, Kadapa",GENERAL MEDICINE,"₹48,600*","₹60,823",1*,"₹40,00,000*",715,89(1),90(1),-,-,-,-,-,-,-,-,-
AP Govt-Serv LOC (AU),OPEN-FEM,Andhra Pradesh,"Maharajah IMS, Vizianagaram",RADIO DIAGNOSIS,"₹4,96,800*",Info not available*,1*,"₹40,00,000*",850,-,91(1),-,-,-,-,-,-,-,-,-
AP Govt-Serv LOC (AU),ST-GEN,Andhra Pradesh,"Guntur Med Coll, Guntur",GENERAL MEDICINE,"₹48,600*","₹60,823",1*,"₹40,00,000*",1170,91(1),92(1),-,-,-,-,-,-,-,-,-
AP Govt-Serv LOC (AU),SC-GEN,Andhra Pradesh,"Rajiv Gandhi IMS, Ongole",OBG,"₹48,600*","₹60,823",1*,"₹40,00,000*",500,93(1),94(1),-,-,-,-,-,-,-,-,-
AP Govt-Serv LOC (AU),BCB-GEN,Andhra Pradesh,"Dr PSI Med Coll, Chinoutpalli",RADIO DIAGNOSIS,"₹4,96,800*","₹28,000*",1*,"₹40,00,000*",790,60(1),95(1),-,-,-,-,-,-,-,-,-
AP Govt-Serv LOC (SVU),OPEN-GEN,Andhra Pradesh,"Govt Med Coll, Ananthapuram",GENERAL SURGERY,"₹48,600*","₹60,823",1*,"₹40,00,000*",500,95(1),96(1),-,-,-,-,-,-,-,-,-
AP Govt-Serv UNR,OPEN-GEN,Andhra Pradesh,"Govt Siddhartha, Vijaywada",OBG,"₹48,600*","₹60,823",1*,"₹40,00,000*",707,96(1),97(1),-,-,-,-,-,-,-,-,-
AP Govt-Serv LOC (AU),SC-GEN,Andhra Pradesh,"GSL Med Coll, Rajahmundry",RADIO DIAGNOSIS,"₹4,96,800*","₹30,000*",1*,"₹40,00,000*",1140,97(1),98(1),-,-,-,-,-,-,-,-,-
AP Govt-Serv UNR,OPEN-GEN,Andhra Pradesh,"Alluri Sitaram Raju, Eluru",OBG,"₹4,96,800*","₹30,000*",1*,"₹40,00,000*",1200,99(1),100(1),-,-,-,-,-,-,-,-,-
AP Govt-Serv APUR,OPEN-FEM,Andhra Pradesh,"Alluri Sitaram Raju, Eluru",GENERAL MEDICINE,"₹4,96,800*","₹30,000*",1*,"₹40,00,000*",1200,100(1),101(1),-,-,-,-,-,-,-,-,-
AP Govt-Serv LOC (AU),OPEN-FEM,Andhra Pradesh,"Rajiv Gandhi IMS, Srikakulam",OBG,"₹48,600*","₹60,823",1*,"₹40,00,000*",532,101(1),102(1),-,-,-,-,-,-,-,-,-
AP Govt-Serv LOC (SVU),OPEN-FEM,Andhra Pradesh,"VMC, Kurnool",GENERAL MEDICINE,"₹4,96,800*","₹30,000*",1*,"₹40,00,000*",650,67(1),103(1),-,-,-,-,-,-,-,-,-
AP Govt-Serv LOC (AU),BCD-GEN,Andhra Pradesh,"Alluri Sitaram Raju, Eluru",GENERAL MEDICINE,"₹4,96,800*","₹30,000*",1*,"₹40,00,000*",1200,103(1),104(1),-,-,-,-,-,-,-,-,-
AP Govt-NS LOC (AU),OPEN-FEM,Andhra Pradesh,"Guntur Med Coll, Guntur",DERMATOLOGY,"₹48,600*","₹60,823",1*,"₹40,00,000*",1170,105(1),105(1),-,-,-,-,-,-,-,-,-
AP Govt-Serv LOC (AU),ST-GEN,Andhra Pradesh,"Rangaraya Med Coll, Kakinada",PAEDIATRICS,"₹48,600*","₹60,823",1*,"₹40,00,000*",1450,104(1),105(1),-,-,-,-,-,-,-,-,-
AP Govt-Serv LOC (SVU),OPEN-GEN,Andhra Pradesh,"SV Med Coll, Tirupati",OBG,"₹48,600*","₹60,823",1*,"₹40,00,000*",940,105(1),106(1),-,-,-,-,-,-,-,-,-
AP Govt-Serv UNR,OPEN-GEN,Andhra Pradesh,"PES IMS, Kuppam",GENERAL MEDICINE,"₹4,96,800*","₹30,000*",1*,"₹40,00,000*",975,106(1),107(1),-,-,-,-,-,-,-,-,-
AP Govt-Serv LOC (AU),BCD-GEN,Andhra Pradesh,"GSL Med Coll, Rajahmundry",GENERAL MEDICINE,"₹4,96,800*","₹30,000*",1*,"₹40,00,000*",1140,107(1),108(1),-,-,-,-,-,-,-,-,-
AP Govt-Serv LOC (SVU),SC-GEN,Andhra Pradesh,"Rajiv Gandhi IMS, Kadapa",PAEDIATRICS,"₹48,600*","₹60,823",1*,"₹40,00,000*",715,108(1),109(1),-,-,-,-,-,-,-,-,-
AP Govt-Serv LOC (AU),OPEN-FEM,Andhra Pradesh,"Andhra Med Coll, Vizag",OBG,"₹48,600*","₹60,823",1*,"₹40,00,000*",1030,44(1),110(2),-,-,-,-,-,-,-,-,-
AP Govt-Serv UNR,OPEN-GEN,Andhra Pradesh,"Govt Siddhartha, Vijaywada",ORTHOPAEDICS,"₹48,600*","₹60,823",1*,"₹40,00,000*",707,110(1),111(1),-,-,-,-,-,-,-,-,-
AP Govt-Serv UNR,OPEN-FEM,Andhra Pradesh,"Govt Siddhartha, Vijaywada",TBRD,"₹48,600*","₹60,823",1*,"₹40,00,000*",707,112(1),113(1),-,-,-,-,-,-,-,-,-
AP Govt-Serv UNR,BCA-GEN,Andhra Pradesh,"Govt Siddhartha, Vijaywada",OBG,"₹48,600*","₹60,823",1*,"₹40,00,000*",707,113(1),114(1),-,-,-,-,-,-,-,-,-
AP Govt-Serv LOC (SVU),BCA-GEN,Andhra Pradesh,"SV Med Coll, Tirupati",PAEDIATRICS,"₹48,600*","₹60,823",1*,"₹40,00,000*",940,114(1),115(1),-,-,-,-,-,-,-,-,-
AP Govt-Serv LOC (AU),BCA-FEM,Andhra Pradesh,"GSL Med Coll, Rajahmundry",RADIO DIAGNOSIS,"₹4,96,800*","₹30,000*",1*,"₹40,00,000*",1140,115(1),-,-,-,-,-,-,-,-,-,-
AP Govt-Serv LOC (SVU),BCD-GEN,Andhra Pradesh,"Kurnool Med Coll, Kurnool",GENERAL MEDICINE,"₹48,600*","₹60,823",1*,"₹40,00,000*",1150,116(1),117(1),-,-,-,-,-,-,-,-,-
AP Govt-Serv APUR,OPEN-FEM,Andhra Pradesh,"Rajiv Gandhi IMS, Ongole",PAEDIATRICS,"₹48,600*","₹60,823",1*,"₹40,00,000*",500,57(1),99(1),118(1),-,-,-,-,-,-,-,-
AP Govt-NS LOC (SVU),BCB-GEN,Andhra Pradesh,"SV Med Coll, Tirupati",RADIO DIAGNOSIS,"₹48,600*","₹60,823",1*,"₹40,00,000*",940,121(1),-,-,-,-,-,-,-,-,-,-
AP Govt-Serv UNR,OPEN-GEN,Andhra Pradesh,"Govt Siddhartha, Vijaywada",GENERAL SURGERY,"₹48,600*","₹60,823",1*,"₹40,00,000*",707,120(1),121(1),-,-,-,-,-,-,-,-,-
AP Govt-NS LOC (SVU),OPEN-GEN,Andhra Pradesh,"Kurnool Med Coll, Kurnool",RADIO DIAGNOSIS,"₹48,600*","₹60,823",1*,"₹40,00,000*",1150,58(1),122(1),-,-,-,-,-,-,-,-,-
AP Govt-Serv APUR,OPEN-GEN,Andhra Pradesh,"Kurnool Med Coll, Kurnool",ORTHOPAEDICS,"₹48,600*","₹60,823",1*,"₹40,00,000*",1150,-,122(1),-,-,-,-,-,-,-,-,-
AP Govt-Serv APUR,OPEN-GEN,Andhra Pradesh,"Rajiv Gandhi IMS, Ongole",GENERAL SURGERY,"₹48,600*","₹60,823",1*,"₹40,00,000*",500,122(1),123(1),-,-,-,-,-,-,-,-,-
AP Govt-Serv LOC (SVU),BCA-FEM,Andhra Pradesh,"Kurnool Med Coll, Kurnool",OBG,"₹48,600*","₹60,823",1*,"₹40,00,000*",1150,123(1),124(1),-,-,-,-,-,-,-,-,-
AP Govt-NS UNR,OPEN-GEN,Andhra Pradesh,"Govt Siddhartha, Vijaywada",RADIO DIAGNOSIS,"₹48,600*","₹60,823",1*,"₹40,00,000*",707,40(1),124(1),-,-,-,-,-,-,-,-,-
AP Govt-Serv APUR,OPEN-GEN,Andhra Pradesh,"ACSR Medical College, Nellore",TBRD,"₹48,600*","₹60,823",1*,"₹40,00,000*",355,124(1),125(1),-,-,-,-,-,-,-,-,-
AP Govt-Serv LOC (SVU),SC-GEN,Andhra Pradesh,"SV Med Coll, Tirupati",OBG,"₹48,600*","₹60,823",1*,"₹40,00,000*",940,125(1),126(1),-,-,-,-,-,-,-,-,-
AP Govt-Serv LOC (AU),BCD-GEN,Andhra Pradesh,"Maharajah IMS, Vizianagaram",DERMATOLOGY,"₹4,96,800*",Info not available*,1*,"₹40,00,000*",850,126(1),127(1),-,-,-,-,-,-,-,-,-
AP Govt-Serv LOC (AU),SC-GEN,Andhra Pradesh,"Guntur Med Coll, Guntur",TBRD,"₹48,600*","₹60,823",1*,"₹40,00,000*",1170,127(1),128(1),-,-,-,-,-,-,-,-,-
AP Govt-Serv LOC (SVU),BCB-GEN,Andhra Pradesh,"Kurnool Med Coll, Kurnool",PSYCHIATRY,"₹48,600*","₹60,823",1*,"₹40,00,000*",1150,128(1),129(1),-,-,-,-,-,-,-,-,-
AP Govt-Serv LOC (SVU),SC-FEM,Andhra Pradesh,"Govt Med Coll, Ananthapuram",OBG,"₹48,600*","₹60,823",1*,"₹40,00,000*",500,129(1),130(1),-,-,-,-,-,-,-,-,-
AP Govt-Serv LOC (AU),SC-FEM,Andhra Pradesh,"Dr PSI Med Coll, Chinoutpalli",GENERAL MEDICINE,"₹4,96,800*","₹28,000*",1*,"₹40,00,000*",790,130(1),131(1),-,-,-,-,-,-,-,-,-
AP Govt-NS LOC (AU),ST-GEN,Andhra Pradesh,"Guntur Med Coll, Guntur",GENERAL MEDICINE,"₹48,600*","₹60,823",1*,"₹40,00,000*",1170,132(1),-,-,-,-,-,-,-,-,-,-
AP Govt-Serv UNR,SC-FEM,Andhra Pradesh,"Govt Siddhartha, Vijaywada",OBG,"₹48,600*","₹60,823",1*,"₹40,00,000*",707,132(1),133(1),-,-,-,-,-,-,-,-,-
AP Govt-Serv LOC (SVU),OPEN-GEN,Andhra Pradesh,"Narayana Med Coll, Nellore",OBG,"₹4,96,800*","₹30,000*",1*,"₹40,00,000*",1430,133(1),134(1),-,-,-,-,-,-,-,-,-
AP Govt-Serv APUR,BCA-GEN,Andhra Pradesh,"Rajiv Gandhi IMS, Srikakulam",DERMATOLOGY,"₹48,600*","₹60,823",1*,"₹40,00,000*",532,134(1),135(1),-,-,-,-,-,-,-,-,-
AP Govt-Serv LOC (AU),SC-GEN,Andhra Pradesh,"Guntur Med Coll, Guntur",OBG,"₹48,600*","₹60,823",1*,"₹40,00,000*",1170,135(1),136(1),-,-,-,-,-,-,-,-,-
AP Govt-Serv LOC (AU),SC-GEN,Andhra Pradesh,"Konaseema IMS, Amalapuram",RADIO DIAGNOSIS,"₹4,96,800*","₹30,000*",1*,"₹40,00,000*",840,136(1),137(1),-,-,-,-,-,-,-,-,-
AP Govt-Serv LOC (SVU),BCA-GEN,Andhra Pradesh,"SVIMS, Tirupati",GENERAL MEDICINE,"₹2,11,600*","₹80,904*",1*,"₹40,00,000*",1257,136(1),138(1),-,-,-,-,-,-,-,-,-
AP Govt-NS UNR,OPEN-FEM,Andhra Pradesh,"Andhra Med Coll, Vizag",OBG,"₹48,600*","₹60,823",1*,"₹40,00,000*",1030,138(1),138(1),-,-,-,-,-,-,-,-,-
AP Govt-NS LOC (AU),OPEN-GEN,Andhra Pradesh,"NRI Med Coll, Guntur",RADIO DIAGNOSIS,"₹4,96,800*","₹27,000*",1*,"₹40,00,000*",1050,140(1),140(1),-,-,-,-,-,-,-,-,-
AP Govt-Serv LOC (AU),OPEN-GEN,Andhra Pradesh,"Katuri Med Coll, Guntur",DERMATOLOGY,"₹4,96,800*",Info not available*,1*,"₹40,00,000*",1100,138(1),140(1),-,-,-,-,-,-,-,-,-
AP Govt-Serv LOC (SVU),BCA-GEN,Andhra Pradesh,"SV Med Coll, Tirupati",ORTHOPAEDICS,"₹48,600*","₹60,823",1*,"₹40,00,000*",940,-,141(1),-,-,-,-,-,-,-,-,-
AP Govt-NS LOC (SVU),BCA-GEN,Andhra Pradesh,"SVIMS, Tirupati",RADIO DIAGNOSIS,"₹2,11,600*","₹80,904*",1*,"₹40,00,000*",1257,142(1),-,-,-,-,-,-,-,-,-,-
AP Govt-Serv LOC (AU),OPEN-GEN,Andhra Pradesh,"Guntur Med Coll, Guntur",ORTHOPAEDICS,"₹48,600*","₹60,823",1*,"₹40,00,000*",1170,141(1),143(1),-,-,-,-,-,-,-,-,-
AP Govt-Serv APUR,OPEN-GEN,Andhra Pradesh,"Rangaraya Med Coll, Kakinada",ORTHOPAEDICS,"₹48,600*","₹60,823",1*,"₹40,00,000*",1450,144(1),-,-,-,-,-,-,-,-,-,-
AP Govt-Serv LOC (AU),OPEN-GEN,Andhra Pradesh,"Katuri Med Coll, Guntur",OBG,"₹4,96,800*",Info not available*,1*,"₹40,00,000*",1100,142(1),144(1),-,-,-,-,-,-,-,-,-
AP Govt-Serv LOC (AU),BCE-GEN,Andhra Pradesh,"GSL Med Coll, Rajahmundry",RADIO DIAGNOSIS,"₹4,96,800*","₹30,000*",1*,"₹40,00,000*",1140,143(1),145(1),-,-,-,-,-,-,-,-,-
AP Govt-Serv LOC (AU),OPEN-GEN,Andhra Pradesh,"Guntur Med Coll, Guntur",GENERAL SURGERY,"₹48,600*","₹60,823",1*,"₹40,00,000*",1170,145(1),147(1),-,-,-,-,-,-,-,-,-
AP Govt-Serv LOC (SVU),OPEN-GEN,Andhra Pradesh,"PES IMS, Kuppam",PAEDIATRICS,"₹4,96,800*","₹30,000*",1*,"₹40,00,000*",975,-,148(1),-,-,-,-,-,-,-,-,-
AP Govt-Serv LOC (AU),OPEN-FEM,Andhra Pradesh,"Guntur Med Coll, Guntur",OPHTHALMOLOGY,"₹48,600*","₹60,823",1*,"₹40,00,000*",1170,148(1),150(1),-,-,-,-,-,-,-,-,-
AP Govt-NS LOC (AU),OPEN-FEM,Andhra Pradesh,"Rajiv Gandhi IMS, Ongole",RADIO DIAGNOSIS,"₹48,600*","₹60,823",1*,"₹40,00,000*",500,-,151(1),-,-,-,-,-,-,-,-,-
AP Govt-NS LOC (AU),BCA-FEM,Andhra Pradesh,"Rajiv Gandhi IMS, Ongole",RADIO DIAGNOSIS,"₹48,600*","₹60,823",1*,"₹40,00,000*",500,151(1),-,-,-,-,-,-,-,-,-,-
AP Govt-Serv LOC (AU),ST-GEN,Andhra Pradesh,"Alluri Sitaram Raju, Eluru",RADIO DIAGNOSIS,"₹4,96,800*","₹30,000*",1*,"₹40,00,000*",1200,151(1),153(1),-,-,-,-,-,-,-,-,-
AP Govt-Serv UNR,ST-GEN,Andhra Pradesh,"Govt Siddhartha, Vijaywada",ANAESTHESIOLOGY,"₹48,600*","₹60,823",1*,"₹40,00,000*",707,154(1),156(1),-,-,-,-,-,-,-,-,-
AP Govt-NS LOC (SVU),BCE-GEN,Andhra Pradesh,"SV Med Coll, Tirupati",GENERAL MEDICINE,"₹48,600*","₹60,823",1*,"₹40,00,000*",940,157(1),-,-,-,-,-,-,-,-,-,-
AP Govt-Serv LOC (SVU),BCE-GEN,Andhra Pradesh,"Narayana Med Coll, Nellore",GENERAL MEDICINE,"₹4,96,800*","₹30,000*",1*,"₹40,00,000*",1430,155(1),157(1),-,-,-,-,-,-,-,-,-
AP Govt-Serv LOC (AU),OPEN-GEN,Andhra Pradesh,"Rajiv Gandhi IMS, Srikakulam",ORTHOPAEDICS,"₹48,600*","₹60,823",1*,"₹40,00,000*",532,156(1),158(1),-,-,-,-,-,-,-,-,-
AP Govt-Serv LOC (AU),BCB-FEM,Andhra Pradesh,"Andhra Med Coll, Vizag",OBG,"₹48,600*","₹60,823",1*,"₹40,00,000*",1030,157(1),159(1),-,-,-,-,-,-,-,-,-
AP Govt-NS UNR,OPEN-GEN,Andhra Pradesh,"Govt Siddhartha, Vijaywada",GENERAL MEDICINE,"₹48,600*","₹60,823",1*,"₹40,00,000*",707,97(1),161(1),-,-,-,-,-,-,-,-,-
AP Govt-Serv LOC (AU),ST-GEN,Andhra Pradesh,"NRI Inst of Med Sci, Vizag",DERMATOLOGY,"₹4,96,800*","₹40,000*",1*,"₹40,00,000*",980,160(1),162(1),-,-,-,-,-,-,-,-,-
AP Govt-NS APUR,BCA-GEN,Andhra Pradesh,"Kurnool Med Coll, Kurnool",GENERAL MEDICINE,"₹48,600*","₹60,823",1*,"₹40,00,000*",1150,162(1),162(1),-,-,-,-,-,-,-,-,-
AP Govt-NS APUR,OPEN-FEM,Andhra Pradesh,"SV Med Coll, Tirupati",RADIO DIAGNOSIS,"₹48,600*","₹60,823",1*,"₹40,00,000*",940,31(1),163(1),-,-,-,-,-,-,-,-,-
AP Govt-Serv LOC (AU),SC-GEN,Andhra Pradesh,"Konaseema IMS, Amalapuram",DERMATOLOGY,"₹4,96,800*","₹30,000*",1*,"₹40,00,000*",840,161(1),163(1),-,-,-,-,-,-,-,-,-
AP Govt-Serv LOC (SVU),BCD-GEN,Andhra Pradesh,"Kurnool Med Coll, Kurnool",PAEDIATRICS,"₹48,600*","₹60,823",1*,"₹40,00,000*",1150,162(1),164(1),-,-,-,-,-,-,-,-,-
AP Govt-Serv LOC (AU),BCB-GEN,Andhra Pradesh,"GSL Med Coll, Rajahmundry",PAEDIATRICS,"₹4,96,800*","₹30,000*",1*,"₹40,00,000*",1140,-,167(1),-,-,-,-,-,-,-,-,-
AP Govt-Serv LOC (SVU),SC-GEN,Andhra Pradesh,"Narayana Med Coll, Nellore",GENERAL MEDICINE,"₹4,96,800*","₹30,000*",1*,"₹40,00,000*",1430,166(1),168(1),-,-,-,-,-,-,-,-,-
AP Govt-Serv LOC (AU),BCD-FEM,Andhra Pradesh,"Rangaraya Med Coll, Kakinada",OBG,"₹48,600*","₹60,823",1*,"₹40,00,000*",1450,167(1),169(1),-,-,-,-,-,-,-,-,-
AP Govt-NS LOC (SVU),BCA-GEN,Andhra Pradesh,"SV Med Coll, Tirupati",GENERAL MEDICINE,"₹48,600*","₹60,823",1*,"₹40,00,000*",940,169(1),-,-,-,-,-,-,-,-,-,-
AP Govt-Serv APUR,OPEN-GEN,Andhra Pradesh,"SV Med Coll, Tirupati",ANAESTHESIOLOGY,"₹48,600*","₹60,823",1*,"₹40,00,000*",940,121(1),171(1),-,-,-,-,-,-,-,-,-
AP Govt-Serv LOC (AU),ST-GEN,Andhra Pradesh,"Rajiv Gandhi IMS, Ongole",ANAESTHESIOLOGY,"₹48,600*","₹60,823",1*,"₹40,00,000*",500,171(1),-,-,-,-,-,-,-,-,-,-
AP Govt-Serv APUR,OPEN-GEN,Andhra Pradesh,"Rajiv Gandhi IMS, Kadapa",PSYCHIATRY,"₹48,600*","₹60,823",1*,"₹40,00,000*",715,170(1),172(1),-,-,-,-,-,-,-,-,-
AP Govt-Serv LOC (AU),OPEN-GEN,Andhra Pradesh,"Rangaraya Med Coll, Kakinada",ANAESTHESIOLOGY,"₹48,600*","₹60,823",1*,"₹40,00,000*",1450,64(1),173(1),-,-,-,-,-,-,-,-,-
AP Govt-NS LOC (AU),BCA-FEM,Andhra Pradesh,"Guntur Med Coll, Guntur",GENERAL MEDICINE,"₹48,600*","₹60,823",1*,"₹40,00,000*",1170,174(1),-,-,-,-,-,-,-,-,-,-
AP Govt-Serv UNR,OPEN-FEM,Andhra Pradesh,"Govt Siddhartha, Vijaywada",PATHOLOGY,"₹48,600*","₹60,823",1*,"₹40,00,000*",707,172(1),174(1),-,-,-,-,-,-,-,-,-
AP Govt-Serv LOC (AU),SC-GEN,Andhra Pradesh,"NRI Med Coll, Guntur",OBG,"₹4,96,800*","₹27,000*",1*,"₹40,00,000*",1050,172(1),175(1),-,-,-,-,-,-,-,-,-
AP Govt-Serv UNR,SC-FEM,Andhra Pradesh,"Govt Siddhartha, Vijaywada",ANAESTHESIOLOGY,"₹48,600*","₹60,823",1*,"₹40,00,000*",707,-,176(1),-,-,-,-,-,-,-,-,-
AP Govt-Serv LOC (SVU),OPEN-GEN,Andhra Pradesh,"Kurnool Med Coll, Kurnool",OPHTHALMOLOGY,"₹48,600*","₹60,823",1*,"₹40,00,000*",1150,-,178(1),-,-,-,-,-,-,-,-,-
AP Govt-Serv LOC (SVU),SC-GEN,Andhra Pradesh,"Rajiv Gandhi IMS, Kadapa",GENERAL SURGERY,"₹48,600*","₹60,823",1*,"₹40,00,000*",715,177(1),180(1),-,-,-,-,-,-,-,-,-
AP Govt-NS LOC (AU),BCB-GEN,Andhra Pradesh,"Andhra Med Coll, Vizag",GENERAL MEDICINE,"₹48,600*","₹60,823",1*,"₹40,00,000*",1030,181(1),181(1),-,-,-,-,-,-,-,-,-
AP Govt-Serv LOC (AU),OPEN-FEM,Andhra Pradesh,"Rangaraya Med Coll, Kakinada",GENERAL SURGERY,"₹48,600*","₹60,823",1*,"₹40,00,000*",1450,178(1),181(1),-,-,-,-,-,-,-,-,-
AP Govt-Serv APUR,SC-GEN,Andhra Pradesh,"Kurnool Med Coll, Kurnool",ORTHOPAEDICS,"₹48,600*","₹60,823",1*,"₹40,00,000*",1150,182(1),-,-,-,-,-,-,-,-,-,-
AP Govt-NS LOC (SVU),ST-GEN,Andhra Pradesh,"SVIMS, Tirupati",RADIO DIAGNOSIS,"₹2,11,600*","₹80,904*",1*,"₹40,00,000*",1257,182(1),182(1),-,-,-,-,-,-,-,-,-
AP Govt-Serv LOC (AU),SC-GEN,Andhra Pradesh,"GVP Med Coll, Vizag",GENERAL MEDICINE,"₹4,96,800*","₹30,000*",1*,"₹40,00,000*",750,181(1),184(1),-,-,-,-,-,-,-,-,-
AP Govt-Serv LOC (AU),BCD-GEN,Andhra Pradesh,"Konaseema IMS, Amalapuram",GENERAL MEDICINE,"₹4,96,800*","₹30,000*",1*,"₹40,00,000*",840,185(1),-,-,-,-,-,-,-,-,-,-
AP Govt-Serv LOC (AU),SC-FEM,Andhra Pradesh,"Dr PSI Med Coll, Chinoutpalli",DERMATOLOGY,"₹4,96,800*","₹28,000*",1*,"₹40,00,000*",790,184(1),187(1),-,-,-,-,-,-,-,-,-
AP Govt-Serv LOC (SVU),MIN-GEN-MSM,Andhra Pradesh,"Fathima IMS,Kadapa",PAEDIATRICS,"₹4,96,800*","₹25,000*",1*,"₹40,00,000*",750,-,189(1),-,-,-,-,-,-,-,-,-
AP Govt-Serv APUR,OPEN-GEN,Andhra Pradesh,"Rajiv Gandhi IMS, Srikakulam",PATHOLOGY,"₹48,600*","₹60,823",1*,"₹40,00,000*",532,187(1),191(1),-,-,-,-,-,-,-,-,-
AP Govt-Serv LOC (AU),ST-GEN,Andhra Pradesh,"Rangaraya Med Coll, Kakinada",GENERAL SURGERY,"₹48,600*","₹60,823",1*,"₹40,00,000*",1450,188(1),192(1),-,-,-,-,-,-,-,-,-
AP Govt-Serv LOC (AU),ST-GEN,Andhra Pradesh,"Alluri Sitaram Raju, Eluru",TBRD,"₹4,96,800*","₹30,000*",1*,"₹40,00,000*",1200,191(1),195(1),-,-,-,-,-,-,-,-,-
AP Govt-Serv LOC (AU),SC-GEN,Andhra Pradesh,"GSL Med Coll, Rajahmundry",GENERAL MEDICINE,"₹4,96,800*","₹30,000*",1*,"₹40,00,000*",1140,192(1),196(1),-,-,-,-,-,-,-,-,-
AP Govt-Serv LOC (AU),ST-FEM,Andhra Pradesh,"Dr PSI Med Coll, Chinoutpalli",GENERAL MEDICINE,"₹4,96,800*","₹28,000*",1*,"₹40,00,000*",790,193(1),197(1),-,-,-,-,-,-,-,-,-
AP Govt-NS LOC (SVU),BCD-GEN,Andhra Pradesh,"SVIMS, Tirupati",GENERAL MEDICINE,"₹2,11,600*","₹80,904*",1*,"₹40,00,000*",1257,197(1),197(1),-,-,-,-,-,-,-,-,-
AP Govt-Serv UNR,OPEN-GEN,Andhra Pradesh,"Narayana Med Coll, Nellore",GENERAL SURGERY,"₹4,96,800*","₹30,000*",1*,"₹40,00,000*",1430,173(1),200(1),-,-,-,-,-,-,-,-,-
AP Govt-Serv APUR,OPEN-GEN,Andhra Pradesh,"Andhra Med Coll, Vizag",PSYCHIATRY,"₹48,600*","₹60,823",1*,"₹40,00,000*",1030,198(1),202(1),-,-,-,-,-,-,-,-,-
AP Govt-NS LOC (AU),OPEN-GEN,Andhra Pradesh,"Govt Siddhartha, Vijaywada",GENERAL MEDICINE,"₹48,600*","₹60,823",1*,"₹40,00,000*",707,116(1),202(1),-,-,-,-,-,-,-,-,-
AP Govt-Serv LOC (AU),BCA-GEN,Andhra Pradesh,"Andhra Med Coll, Vizag",GENERAL SURGERY,"₹48,600*","₹60,823",1*,"₹40,00,000*",1030,199(1),203(1),-,-,-,-,-,-,-,-,-
AP Govt-Serv LOC (SVU),OPEN-FEM,Andhra Pradesh,"SV Med Coll, Tirupati",GENERAL SURGERY,"₹48,600*","₹60,823",1*,"₹40,00,000*",940,200(1),204(1),-,-,-,-,-,-,-,-,-
AP Govt-Serv UNR,OPEN-FEM,Andhra Pradesh,"Maharajah IMS, Vizianagaram",GENERAL MEDICINE,"₹4,96,800*",Info not available*,1*,"₹40,00,000*",850,-,205(1),-,-,-,-,-,-,-,-,-
AP Govt-Serv LOC (AU),BCA-GEN,Andhra Pradesh,"NRI Med Coll, Guntur",DERMATOLOGY,"₹4,96,800*","₹27,000*",1*,"₹40,00,000*",1050,201(1),206(1),-,-,-,-,-,-,-,-,-
AP Govt-Serv LOC (SVU),SC-FEM,Andhra Pradesh,"Rajiv Gandhi IMS, Kadapa",OBG,"₹48,600*","₹60,823",1*,"₹40,00,000*",715,202(1),207(1),-,-,-,-,-,-,-,-,-
AP Govt-NS UNR,OPEN-GEN,Andhra Pradesh,"PES IMS, Kuppam",GENERAL MEDICINE,"₹4,96,800*","₹30,000*",1*,"₹40,00,000*",975,208(1),-,-,-,-,-,-,-,-,-,-
AP Govt-Serv LOC (AU),SC-GEN,Andhra Pradesh,"Dr PSI Med Coll, Chinoutpalli",PAEDIATRICS,"₹4,96,800*","₹28,000*",1*,"₹40,00,000*",790,203(1),208(1),-,-,-,-,-,-,-,-,-
AP Govt-Serv LOC (SVU),SC-GEN,Andhra Pradesh,"PES IMS, Kuppam",PAEDIATRICS,"₹4,96,800*","₹30,000*",1*,"₹40,00,000*",975,210(1),-,-,-,-,-,-,-,-,-,-
AP Govt-Serv APUR,BCA-GEN,Andhra Pradesh,"Rajiv Gandhi IMS, Kadapa",EMERGENCY MEDICINE,"₹48,600*","₹60,823",1*,"₹40,00,000*",715,205(1),210(1),-,-,-,-,-,-,-,-,-
AP Govt-NS APUR,BCA-GEN,Andhra Pradesh,"GreatEastern MedSch,Srikakulam",RADIO DIAGNOSIS,"₹4,96,800*",Info not available*,1*,"₹40,00,000*",780,211(1),-,-,-,-,-,-,-,-,-,-
AP Govt-Serv LOC (AU),BCA-GEN,Andhra Pradesh,"NRI Med Coll, Guntur",PAEDIATRICS,"₹4,96,800*","₹27,000*",1*,"₹40,00,000*",1050,206(1),211(1),-,-,-,-,-,-,-,-,-
AP Govt-Serv LOC (SVU),BCD-FEM,Andhra Pradesh,"SV Med Coll, Tirupati",OBG,"₹48,600*","₹60,823",1*,"₹40,00,000*",940,207(1),212(1),-,-,-,-,-,-,-,-,-
AP Govt-Serv LOC (SVU),SC-GEN,Andhra Pradesh,"Rajiv Gandhi IMS, Kadapa",TBRD,"₹48,600*","₹60,823",1*,"₹40,00,000*",715,208(1),213(1),-,-,-,-,-,-,-,-,-
AP Govt-Serv LOC (AU),BCB-FEM,Andhra Pradesh,"Rajiv Gandhi IMS, Srikakulam",GENERAL MEDICINE,"₹48,600*","₹60,823",1*,"₹40,00,000*",532,209(1),214(1),-,-,-,-,-,-,-,-,-
AP Govt-NS LOC (SVU),BCB-GEN,Andhra Pradesh,"SVIMS, Tirupati",GENERAL MEDICINE,"₹2,11,600*","₹80,904*",1*,"₹40,00,000*",1257,213(1),214(1),-,-,-,-,-,-,-,-,-
AP Govt-Serv LOC (AU),ST-GEN,Andhra Pradesh,"Andhra Med Coll, Vizag",OBG,"₹48,600*","₹60,823",1*,"₹40,00,000*",1030,211(1),216(1),-,-,-,-,-,-,-,-,-
AP Govt-Serv LOC (AU),SC-FEM,Andhra Pradesh,"Andhra Med Coll, Vizag",RADIATION ONCOLOGY,"₹48,600*","₹60,823",1*,"₹40,00,000*",1030,212(1),217(1),-,-,-,-,-,-,-,-,-
AP Govt-Serv LOC (AU),OPEN-GEN,Andhra Pradesh,"Rangaraya Med Coll, Kakinada",FORENSIC MEDICINE,"₹48,600*","₹60,823",1*,"₹40,00,000*",1450,-,218(1),-,-,-,-,-,-,-,-,-
AP Govt-NS LOC (AU),OPEN-GEN,Andhra Pradesh,"Rajiv Gandhi IMS, Srikakulam",RADIO DIAGNOSIS,"₹48,600*","₹60,823",1*,"₹40,00,000*",532,91(1),219(1),-,-,-,-,-,-,-,-,-
AP Govt-Serv LOC (AU),BCA-GEN,Andhra Pradesh,"Rangaraya Med Coll, Kakinada",PSYCHIATRY,"₹48,600*","₹60,823",1*,"₹40,00,000*",1450,-,219(1),-,-,-,-,-,-,-,-,-
AP Govt-NS UNR,OPEN-GEN,Andhra Pradesh,"Rajiv Gandhi IMS, Kadapa",GENERAL MEDICINE,"₹48,600*","₹60,823",1*,"₹40,00,000*",715,118(1),220(1),-,-,-,-,-,-,-,-,-
AP Govt-Serv LOC (SVU),MIN-GEN-MSM,Andhra Pradesh,"Fathima IMS,Kadapa",RADIO DIAGNOSIS,"₹4,96,800*","₹25,000*",1*,"₹40,00,000*",750,-,221(1),-,-,-,-,-,-,-,-,-
AP Govt-Serv UNR,OPEN-GEN,Andhra Pradesh,"Govt Siddhartha, Vijaywada",ENT,"₹48,600*","₹60,823",1*,"₹40,00,000*",707,164(1),223(1),-,-,-,-,-,-,-,-,-
AP Govt-Serv LOC (AU),BCA-GEN,Andhra Pradesh,"Guntur Med Coll, Guntur",ORTHOPAEDICS,"₹48,600*","₹60,823",1*,"₹40,00,000*",1170,214(1),224(1),-,-,-,-,-,-,-,-,-
AP Govt-Serv LOC (SVU),ST-FEM,Andhra Pradesh,"Kurnool Med Coll, Kurnool",TBRD,"₹48,600*","₹60,823",1*,"₹40,00,000*",1150,215(1),225(1),-,-,-,-,-,-,-,-,-
AP Govt-NS LOC (SVU),OPEN-FEM,Andhra Pradesh,"SVIMS, Tirupati",GENERAL MEDICINE,"₹2,11,600*","₹80,904*",1*,"₹40,00,000*",1257,154(1),225(1),-,-,-,-,-,-,-,-,-
AP Govt-Serv LOC (AU),BCB-GEN,Andhra Pradesh,"Rangaraya Med Coll, Kakinada",ORTHOPAEDICS,"₹48,600*","₹60,823",1*,"₹40,00,000*",1450,217(1),227(1),-,-,-,-,-,-,-,-,-
AP Govt-NS LOC (SVU),BCB-FEM,Andhra Pradesh,"Govt Med Coll, Ananthapuram",DERMATOLOGY,"₹48,600*","₹60,823",1*,"₹40,00,000*",500,229(1),230(1),-,-,-,-,-,-,-,-,-
AP Govt-Serv LOC (SVU),BCB-FEM,Andhra Pradesh,"SV Med Coll, Tirupati",OBG,"₹48,600*","₹60,823",1*,"₹40,00,000*",940,220(1),230(1),-,-,-,-,-,-,-,-,-
AP Govt-Serv LOC (SVU),SC-FEM,Andhra Pradesh,"Kurnool Med Coll, Kurnool",GENERAL MEDICINE,"₹48,600*","₹60,823",1*,"₹40,00,000*",1150,223(1),233(1),-,-,-,-,-,-,-,-,-
AP Govt-Serv LOC (AU),SC-GEN,Andhra Pradesh,"Rajiv Gandhi IMS, Srikakulam",PAEDIATRICS,"₹48,600*","₹60,823",1*,"₹40,00,000*",532,109(1),234(1),-,-,-,-,-,-,-,-,-
AP Govt-NS APUR,BCD-GEN,Andhra Pradesh,"Rangaraya Med Coll, Kakinada",PAEDIATRICS,"₹48,600*","₹60,823",1*,"₹40,00,000*",1450,235(1),-,-,-,-,-,-,-,-,-,-
AP Govt-NS LOC (AU),BCA-GEN,Andhra Pradesh,"Rangaraya Med Coll, Kakinada",GENERAL MEDICINE,"₹48,600*","₹60,823",1*,"₹40,00,000*",1450,234(1),235(1),-,-,-,-,-,-,-,-,-
AP Govt-Serv LOC (AU),SC-FEM,Andhra Pradesh,"Guntur Med Coll, Guntur",ENT,"₹48,600*","₹60,823",1*,"₹40,00,000*",1170,225(1),235(1),-,-,-,-,-,-,-,-,-
AP Govt-Serv LOC (AU),BCD-GEN,Andhra Pradesh,"GVP Med Coll, Vizag",PAEDIATRICS,"₹4,96,800*","₹30,000*",1*,"₹40,00,000*",750,226(1),236(1),-,-,-,-,-,-,-,-,-
AP Govt-Serv LOC (AU),BCD-GEN,Andhra Pradesh,"Andhra Med Coll, Vizag",ORTHOPAEDICS,"₹48,600*","₹60,823",1*,"₹40,00,000*",1030,227(1),238(1),-,-,-,-,-,-,-,-,-
AP Govt-Serv LOC (SVU),BCD-GEN,Andhra Pradesh,"Kurnool Med Coll, Kurnool",OPHTHALMOLOGY,"₹48,600*","₹60,823",1*,"₹40,00,000*",1150,241(1),-,-,-,-,-,-,-,-,-,-
AP Govt-Serv APUR,SC-GEN,Andhra Pradesh,"GSL Med Coll, Rajahmundry",PAEDIATRICS,"₹4,96,800*","₹30,000*",1*,"₹40,00,000*",1140,230(1),241(1),-,-,-,-,-,-,-,-,-
AP Govt-NS LOC (AU),BCD-GEN,Andhra Pradesh,"Govt Siddhartha, Vijaywada",GENERAL MEDICINE,"₹48,600*","₹60,823",1*,"₹40,00,000*",707,129(1),242(1),-,-,-,-,-,-,-,-,-
AP Govt-Serv LOC (SVU),BCE-GEN,Andhra Pradesh,"SV Med Coll, Tirupati",PATHOLOGY,"₹48,600*","₹60,823",1*,"₹40,00,000*",940,-,242(1),243(1),-,-,-,-,-,-,-,-
AP Govt-Serv LOC (AU),SC-GEN,Andhra Pradesh,"Dr PSI Med Coll, Chinoutpalli",OBG,"₹4,96,800*","₹28,000*",1*,"₹40,00,000*",790,232(1),244(1),-,-,-,-,-,-,-,-,-
AP Govt-Serv LOC (AU),SC-GEN,Andhra Pradesh,"Rangaraya Med Coll, Kakinada",ORTHOPAEDICS,"₹48,600*","₹60,823",1*,"₹40,00,000*",1450,236(1),248(1),-,-,-,-,-,-,-,-,-
AP Govt-Serv UNR,BCB-FEM,Andhra Pradesh,"Maharajah IMS, Vizianagaram",GENERAL MEDICINE,"₹4,96,800*",Info not available*,1*,"₹40,00,000*",850,248(1),-,-,-,-,-,-,-,-,-,-
AP Govt-Serv LOC (SVU),SC-GEN,Andhra Pradesh,"Kurnool Med Coll, Kurnool",ORTHOPAEDICS,"₹48,600*","₹60,823",1*,"₹40,00,000*",1150,237(1),249(1),-,-,-,-,-,-,-,-,-
AP Govt-Serv APUR,ST-GEN,Andhra Pradesh,"Rajiv Gandhi IMS, Kadapa",RADIATION ONCOLOGY,"₹48,600*","₹60,823",1*,"₹40,00,000*",715,-,226(1),250(1),-,-,-,-,-,-,-,-
AP Govt-Serv LOC (AU),BCB-GEN,Andhra Pradesh,"Alluri Sitaram Raju, Eluru",GENERAL MEDICINE,"₹4,96,800*","₹30,000*",1*,"₹40,00,000*",1200,239(1),251(1),-,-,-,-,-,-,-,-,-
AP Govt-NS APUR,OPEN-GEN,Andhra Pradesh,"Narayana Med Coll, Nellore",GENERAL MEDICINE,"₹4,96,800*","₹30,000*",1*,"₹40,00,000*",1430,-,251(1),-,-,-,-,-,-,-,-,-
AP Govt-Serv LOC (AU),BCB-FEM,Andhra Pradesh,"Maharajah IMS, Vizianagaram",RADIO DIAGNOSIS,"₹4,96,800*",Info not available*,1*,"₹40,00,000*",850,252(1),-,-,-,-,-,-,-,-,-,-
AP Govt-Serv LOC (SVU),MIN-GEN-MSM,Andhra Pradesh,"Fathima IMS,Kadapa",DERMATOLOGY,"₹4,96,800*","₹25,000*",1*,"₹40,00,000*",750,-,252(1),-,-,-,-,-,-,-,-,-
AP Govt-Serv LOC (AU),SC-GEN,Andhra Pradesh,"Alluri Sitaram Raju, Eluru",OBG,"₹4,96,800*","₹30,000*",1*,"₹40,00,000*",1200,244(1),256(1),-,-,-,-,-,-,-,-,-
AP Govt-NS LOC (SVU),OPEN-FEM,Andhra Pradesh,"Govt Siddhartha, Vijaywada",GENERAL MEDICINE,"₹48,600*","₹60,823",1*,"₹40,00,000*",707,166(1),256(1),-,-,-,-,-,-,-,-,-
AP Govt-NS APUR,BCB-GEN,Andhra Pradesh,"Guntur Med Coll, Guntur",GENERAL MEDICINE,"₹48,600*","₹60,823",1*,"₹40,00,000*",1170,172(1),257(1),-,-,-,-,-,-,-,-,-
AP Govt-Serv APUR,BCE-GEN,Andhra Pradesh,"Alluri Sitaram Raju, Eluru",ORTHOPAEDICS,"₹4,96,800*","₹30,000*",1*,"₹40,00,000*",1200,-,258(1),-,-,-,-,-,-,-,-,-
AP Govt-Serv LOC (AU),BCB-GEN,Andhra Pradesh,"Alluri Sitaram Raju, Eluru",PAEDIATRICS,"₹4,96,800*","₹30,000*",1*,"₹40,00,000*",1200,246(1),259(1),-,-,-,-,-,-,-,-,-
AP Govt-Serv LOC (AU),SC-GEN,Andhra Pradesh,"Maharajah IMS, Vizianagaram",ORTHOPAEDICS,"₹4,96,800*",Info not available*,1*,"₹40,00,000*",850,-,260(1),-,-,-,-,-,-,-,-,-
AP Govt-Serv LOC (AU),OPEN-FEM,Andhra Pradesh,"GSL Med Coll, Rajahmundry",GENERAL MEDICINE,"₹4,96,800*","₹30,000*",1*,"₹40,00,000*",1140,-,261(1),-,-,-,-,-,-,-,-,-
AP Govt-Serv APUR,SC-GEN,Andhra Pradesh,"Homi Bhabha CancerHosp,Vizag",RADIATION ONCOLOGY,"₹1,05,500*","₹1,00,800",1*,"₹25,00,000*",100,249(1),262(1),-,-,-,-,-,-,-,-,-
AP Govt-NS LOC (SVU),BCA-FEM,Andhra Pradesh,"SV Med Coll, Tirupati",GENERAL MEDICINE,"₹48,600*","₹60,823",1*,"₹40,00,000*",940,261(1),262(1),-,-,-,-,-,-,-,-,-
AP Govt-Serv LOC (AU),OPEN-FEM,Andhra Pradesh,"Andhra Med Coll, Vizag",ORTHOPAEDICS,"₹48,600*","₹60,823",1*,"₹40,00,000*",1030,250(1),263(1),-,-,-,-,-,-,-,-,-
AP Govt-Serv LOC (AU),ST-FEM,Andhra Pradesh,"Guntur Med Coll, Guntur",ANAESTHESIOLOGY,"₹48,600*","₹60,823",1*,"₹40,00,000*",1170,251(1),264(1),-,-,-,-,-,-,-,-,-
AP Govt-NS LOC (AU),BCB-GEN,Andhra Pradesh,"NRI Med Coll, Guntur",GENERAL MEDICINE,"₹4,96,800*","₹27,000*",1*,"₹40,00,000*",1050,267(1),-,-,-,-,-,-,-,-,-,-
AP Govt-Serv LOC (AU),BCD-FEM,Andhra Pradesh,"Guntur Med Coll, Guntur",ANAESTHESIOLOGY,"₹48,600*","₹60,823",1*,"₹40,00,000*",1170,-,268(1),-,-,-,-,-,-,-,-,-
AP Govt-NS APUR,OPEN-GEN,Andhra Pradesh,"Alluri Sitaram Raju, Eluru",RADIO DIAGNOSIS,"₹4,96,800*","₹30,000*",1*,"₹40,00,000*",1200,180(1),269(1),-,-,-,-,-,-,-,-,-
AP Govt-Serv LOC (AU),BCD-GEN,Andhra Pradesh,"GSL Med Coll, Rajahmundry",OBG,"₹4,96,800*","₹30,000*",1*,"₹40,00,000*",1140,256(1),269(1),-,-,-,-,-,-,-,-,-
AP Govt-NS LOC (AU),BCB-GEN,Andhra Pradesh,"NRI Med Coll, Guntur",RADIO DIAGNOSIS,"₹4,96,800*","₹27,000*",1*,"₹40,00,000*",1050,269(1),270(1),-,-,-,-,-,-,-,-,-
AP Govt-Serv UNR,BCD-GEN,Andhra Pradesh,"Govt Siddhartha, Vijaywada",GENERAL SURGERY,"₹48,600*","₹60,823",1*,"₹40,00,000*",707,257(1),270(1),-,-,-,-,-,-,-,-,-
AP Govt-Serv LOC (AU),ST-GEN,Andhra Pradesh,"Andhra Med Coll, Vizag",OPHTHALMOLOGY,"₹48,600*","₹60,823",1*,"₹40,00,000*",1030,271(1),-,-,-,-,-,-,-,-,-,-
AP Govt-Serv LOC (SVU),OPEN-FEM,Andhra Pradesh,"Kurnool Med Coll, Kurnool",FORENSIC MEDICINE,"₹48,600*","₹60,823",1*,"₹40,00,000*",1150,-,271(1),-,-,-,-,-,-,-,-,-
AP Govt-NS LOC (AU),BCB-GEN,Andhra Pradesh,"Andhra Med Coll, Vizag",RADIO DIAGNOSIS,"₹48,600*","₹60,823",1*,"₹40,00,000*",1030,271(1),272(1),-,-,-,-,-,-,-,-,-
AP Govt-Serv APUR,BCA-FEM,Andhra Pradesh,"NRI Med Coll, Guntur",GENERAL MEDICINE,"₹4,96,800*","₹27,000*",1*,"₹40,00,000*",1050,261(1),274(1),-,-,-,-,-,-,-,-,-
AP Govt-Serv LOC (AU),ST-GEN,Andhra Pradesh,"Andhra Med Coll, Vizag",ENT,"₹48,600*","₹60,823",1*,"₹40,00,000*",1030,262(1),275(1),-,-,-,-,-,-,-,-,-
AP Govt-Serv LOC (SVU),OPEN-GEN,Andhra Pradesh,"Narayana Med Coll, Nellore",TBRD,"₹4,96,800*","₹30,000*",1*,"₹40,00,000*",1430,275(1),-,-,-,-,-,-,-,-,-,-
AP Govt-NS APUR,OPEN-GEN,Andhra Pradesh,"ACSR Medical College, Nellore",PAEDIATRICS,"₹48,600*","₹60,823",1*,"₹40,00,000*",355,278(1),-,-,-,-,-,-,-,-,-,-
AP Govt-Serv LOC (AU),SC-GEN,Andhra Pradesh,"GreatEastern MedSch,Srikakulam",PATHOLOGY,"₹1,55,250*",Info not available*,1*,"₹40,00,000*",780,-,279(1),-,-,-,-,-,-,-,-,-
AP Govt-Serv APUR,SC-GEN,Andhra Pradesh,"Konaseema IMS, Amalapuram",OBG,"₹4,96,800*","₹30,000*",1*,"₹40,00,000*",840,279(1),239(1),-,-,-,-,-,-,-,-,-
AP Govt-Serv APUR,BCB-FEM,Andhra Pradesh,"Katuri Med Coll, Guntur",GENERAL SURGERY,"₹4,96,800*",Info not available*,1*,"₹40,00,000*",1100,280(1),254(1),-,-,-,-,-,-,-,-,-
AP Govt-Serv LOC (AU),BCE-GEN,Andhra Pradesh,"Katuri Med Coll, Guntur",PAEDIATRICS,"₹4,96,800*",Info not available*,1*,"₹40,00,000*",1100,-,280(1),-,-,-,-,-,-,-,-,-
AP Govt-Serv APUR,OPEN-GEN,Andhra Pradesh,"Dr PSI Med Coll, Chinoutpalli",ENT,"₹4,96,800*","₹28,000*",1*,"₹40,00,000*",790,186(1),281(1),-,-,-,-,-,-,-,-,-
AP Govt-Serv LOC (AU),BCB-FEM,Andhra Pradesh,"Katuri Med Coll, Guntur",ORTHOPAEDICS,"₹4,96,800*",Info not available*,1*,"₹40,00,000*",1100,-,282(1),-,-,-,-,-,-,-,-,-
AP Govt-Serv APUR,BCA-GEN,Andhra Pradesh,"Govt Med Coll, Ananthapuram",OBG,"₹48,600*","₹60,823",1*,"₹40,00,000*",500,266(1),283(1),-,-,-,-,-,-,-,-,-
AP Govt-Serv LOC (SVU),BCD-GEN,Andhra Pradesh,"Kurnool Med Coll, Kurnool",ANAESTHESIOLOGY,"₹48,600*","₹60,823",1*,"₹40,00,000*",1150,267(1),284(1),-,-,-,-,-,-,-,-,-
AP Govt-Serv LOC (SVU),OPEN-GEN,Andhra Pradesh,"Narayana Med Coll, Nellore",ANAESTHESIOLOGY,"₹4,96,800*","₹30,000*",1*,"₹40,00,000*",1430,284(1),-,-,-,-,-,-,-,-,-,-
AP Govt-NS UNR,BCB-FEM,Andhra Pradesh,"Rangaraya Med Coll, Kakinada",GENERAL MEDICINE,"₹48,600*","₹60,823",1*,"₹40,00,000*",1450,202(1),285(1),-,-,-,-,-,-,-,-,-
AP Govt-Serv LOC (AU),OPEN-FEM,Andhra Pradesh,"Maharajah IMS, Vizianagaram",PAEDIATRICS,"₹4,96,800*",Info not available*,1*,"₹40,00,000*",850,90(1),289(1),-,-,-,-,-,-,-,-,-
AP Govt-NS APUR,OPEN-GEN,Andhra Pradesh,"Govt Med Coll, Ananthapuram",RADIO DIAGNOSIS,"₹48,600*","₹60,823",1*,"₹40,00,000*",500,115(1),290(1),-,-,-,-,-,-,-,-,-
AP Govt-Serv LOC (SVU),BCD-GEN,Andhra Pradesh,"Apollo IMS&R, Chittoor",GENERAL MEDICINE,"₹4,96,800*","₹30,000*",1*,"₹40,00,000*",850,274(1),291(1),-,-,-,-,-,-,-,-,-
AP Govt-NS LOC (SVU),BCB-GEN,Andhra Pradesh,"Rajiv Gandhi IMS, Kadapa",GENERAL MEDICINE,"₹48,600*","₹60,823",1*,"₹40,00,000*",715,256(1),291(1),-,-,-,-,-,-,-,-,-
AP Govt-Serv LOC (SVU),SC-FEM,Andhra Pradesh,"ACSR Medical College, Nellore",OPHTHALMOLOGY,"₹48,600*","₹60,823",1*,"₹40,00,000*",355,-,292(1),-,-,-,-,-,-,-,-,-
AP Govt-Serv LOC (AU),BCB-GEN,Andhra Pradesh,"Andhra Med Coll, Vizag",TBRD,"₹48,600*","₹60,823",1*,"₹40,00,000*",1030,277(1),294(1),-,-,-,-,-,-,-,-,-
AP Govt-NS LOC (AU),BCA-GEN,Andhra Pradesh,"Alluri Sitaram Raju, Eluru",GENERAL MEDICINE,"₹4,96,800*","₹30,000*",1*,"₹40,00,000*",1200,295(1),-,-,-,-,-,-,-,-,-,-
AP Govt-Serv LOC (AU),BCE-GEN,Andhra Pradesh,"GSL Med Coll, Rajahmundry",OBG,"₹4,96,800*","₹30,000*",1*,"₹40,00,000*",1140,-,296(1),-,-,-,-,-,-,-,-,-
AP Govt-NS APUR,OPEN-FEM,Andhra Pradesh,"Alluri Sitaram Raju, Eluru",GENERAL MEDICINE,"₹4,96,800*","₹30,000*",1*,"₹40,00,000*",1200,253(1),296(1),-,-,-,-,-,-,-,-,-
AP Govt-Serv APUR,BCB-FEM,Andhra Pradesh,"GreatEastern MedSch,Srikakulam",GENERAL SURGERY,"₹4,96,800*",Info not available*,1*,"₹40,00,000*",780,-,297(1),-,-,-,-,-,-,-,-,-
AP Govt-Serv LOC (AU),SC-GEN,Andhra Pradesh,"GreatEastern MedSch,Srikakulam",PAEDIATRICS,"₹4,96,800*",Info not available*,1*,"₹40,00,000*",780,282(1),299(1),-,-,-,-,-,-,-,-,-
AP Govt-NS LOC (AU),BCC-GEN,Andhra Pradesh,"Guntur Med Coll, Guntur",GENERAL MEDICINE,"₹48,600*","₹60,823",1*,"₹40,00,000*",1170,299(1),300(1),-,-,-,-,-,-,-,-,-
AP Govt-Serv LOC (AU),ST-FEM,Andhra Pradesh,"Andhra Med Coll, Vizag",PSYCHIATRY,"₹48,600*","₹60,823",1*,"₹40,00,000*",1030,283(1),301(1),-,-,-,-,-,-,-,-,-
AP Govt-Serv LOC (SVU),ST-GEN,Andhra Pradesh,"Kurnool Med Coll, Kurnool",GENERAL SURGERY,"₹48,600*","₹60,823",1*,"₹40,00,000*",1150,-,302(1),-,-,-,-,-,-,-,-,-
AP Govt-Serv LOC (SVU),OPEN-FEM,Andhra Pradesh,"SVIMS, Tirupati",ANAESTHESIOLOGY,"₹2,11,600*","₹80,904*",1*,"₹40,00,000*",1257,146(1),303(1),-,-,-,-,-,-,-,-,-
AP Govt-Serv LOC (AU),SC-FEM,Andhra Pradesh,"GSL Med Coll, Rajahmundry",PATHOLOGY,"₹1,55,250*","₹30,000*",1*,"₹40,00,000*",1140,-,304(1),-,-,-,-,-,-,-,-,-
AP Govt-Serv LOC (AU),SC-GEN,Andhra Pradesh,"GreatEastern MedSch,Srikakulam",GENERAL MEDICINE,"₹4,96,800*",Info not available*,1*,"₹40,00,000*",780,286(2),305(2),-,-,-,-,-,-,-,-,-
AP Govt-Serv LOC (SVU),SC-GEN,Andhra Pradesh,"PES IMS, Kuppam",OBG,"₹4,96,800*","₹30,000*",1*,"₹40,00,000*",975,288(1),307(1),-,-,-,-,-,-,-,-,-
AP Govt-Serv LOC (SVU),BCD-GEN,Andhra Pradesh,"PES IMS, Kuppam",ANAESTHESIOLOGY,"₹4,96,800*","₹30,000*",1*,"₹40,00,000*",975,-,308(1),-,-,-,-,-,-,-,-,-
AP Govt-Serv APUR,ST-GEN,Andhra Pradesh,"NRI Inst of Med Sci, Vizag",TBRD,"₹4,96,800*","₹40,000*",1*,"₹40,00,000*",980,290(1),310(1),-,-,-,-,-,-,-,-,-
AP Govt-Serv LOC (AU),BCD-GEN,Andhra Pradesh,"Alluri Sitaram Raju, Eluru",PAEDIATRICS,"₹4,96,800*","₹30,000*",1*,"₹40,00,000*",1200,272(1),311(1),-,-,-,-,-,-,-,-,-
AP Govt-Serv UNR,OPEN-GEN,Andhra Pradesh,"Rajiv Gandhi IMS, Kadapa",ENT,"₹48,600*","₹60,823",1*,"₹40,00,000*",715,72(1),228(1),312(1),-,-,-,-,-,-,-,-
AP Govt-Serv LOC (SVU),SC-GEN,Andhra Pradesh,"Narayana Med Coll, Nellore",PAEDIATRICS,"₹4,96,800*","₹30,000*",1*,"₹40,00,000*",1430,159(1),313(1),-,-,-,-,-,-,-,-,-
AP Govt-Serv LOC (AU),SC-FEM,Andhra Pradesh,"Konaseema IMS, Amalapuram",GENERAL MEDICINE,"₹4,96,800*","₹30,000*",1*,"₹40,00,000*",840,-,314(1),-,-,-,-,-,-,-,-,-
AP Govt-Serv LOC (AU),BCB-GEN,Andhra Pradesh,"Konaseema IMS, Amalapuram",OBG,"₹4,96,800*","₹30,000*",1*,"₹40,00,000*",840,-,315(1),-,-,-,-,-,-,-,-,-
AP Govt-Serv LOC (SVU),OPEN-FEM,Andhra Pradesh,"SV Med Coll, Tirupati",ENT,"₹48,600*","₹60,823",1*,"₹40,00,000*",940,-,316(1),-,-,-,-,-,-,-,-,-
AP Govt-Serv LOC (AU),BCB-GEN,Andhra Pradesh,"Rangaraya Med Coll, Kakinada",TBRD,"₹48,600*","₹60,823",1*,"₹40,00,000*",1450,-,317(1),-,-,-,-,-,-,-,-,-
AP Govt-Serv LOC (AU),BCD-GEN,Andhra Pradesh,"NRI Med Coll, Guntur",TBRD,"₹4,96,800*","₹27,000*",1*,"₹40,00,000*",1050,-,318(1),-,-,-,-,-,-,-,-,-
AP Govt-Serv LOC (SVU),OPEN-GEN,Andhra Pradesh,"Narayana Med Coll, Nellore",ORTHOPAEDICS,"₹4,96,800*","₹30,000*",1*,"₹40,00,000*",1430,149(1),321(1),-,-,-,-,-,-,-,-,-
AP Govt-Serv UNR,BCB-GEN,Andhra Pradesh,"Govt Siddhartha, Vijaywada",ANAESTHESIOLOGY,"₹48,600*","₹60,823",1*,"₹40,00,000*",707,194(1),326(1),-,-,-,-,-,-,-,-,-
AP Govt-Serv LOC (AU),ST-FEM,Andhra Pradesh,"Katuri Med Coll, Guntur",TBRD,"₹4,96,800*",Info not available*,1*,"₹40,00,000*",1100,-,327(1),-,-,-,-,-,-,-,-,-
AP Govt-Serv LOC (AU),BCB-GEN,Andhra Pradesh,"Rangaraya Med Coll, Kakinada",GENERAL SURGERY,"₹48,600*","₹60,823",1*,"₹40,00,000*",1450,189(1),328(1),-,-,-,-,-,-,-,-,-
AP Govt-Serv LOC (SVU),BCB-GEN,Andhra Pradesh,"SV Med Coll, Tirupati",PSYCHIATRY,"₹48,600*","₹60,823",1*,"₹40,00,000*",940,-,222(1),329(1),-,-,-,-,-,-,-,-
AP Govt-Serv LOC (AU),BCD-FEM,Andhra Pradesh,"Maharajah IMS, Vizianagaram",OBG,"₹4,96,800*",Info not available*,1*,"₹40,00,000*",850,255(1),329(1),-,-,-,-,-,-,-,-,-
AP Govt-Serv LOC (SVU),OPEN-FEM,Andhra Pradesh,"VMC, Kurnool",ORTHOPAEDICS,"₹4,96,800*","₹30,000*",1*,"₹40,00,000*",650,-,330(1),-,-,-,-,-,-,-,-,-
AP Govt-Serv LOC (SVU),BCA-GEN,Andhra Pradesh,"SV Med Coll, Tirupati",GENERAL SURGERY,"₹48,600*","₹60,823",1*,"₹40,00,000*",940,253(1),331(2),-,-,-,-,-,-,-,-,-
AP Govt-Serv LOC (SVU),BCD-FEM,Andhra Pradesh,"SVIMS, Tirupati",GENERAL SURGERY,"₹2,11,600*","₹80,904*",1*,"₹40,00,000*",1257,-,335(1),-,-,-,-,-,-,-,-,-
AP Govt-Serv LOC (SVU),ST-GEN,Andhra Pradesh,"Govt Med Coll, Ananthapuram",PHARMACOLOGY,"₹48,600*","₹60,823",1*,"₹40,00,000*",500,-,336(1),-,-,-,-,-,-,-,-,-
AP Govt-Serv LOC (AU),ST-FEM,Andhra Pradesh,"GreatEastern MedSch,Srikakulam",GENERAL SURGERY,"₹4,96,800*",Info not available*,1*,"₹40,00,000*",780,-,337(1),-,-,-,-,-,-,-,-,-
AP Govt-Serv LOC (AU),BCD-GEN,Andhra Pradesh,"Andhra Med Coll, Vizag",SPM,"₹48,600*","₹60,823",1*,"₹40,00,000*",1030,-,339(1),-,-,-,-,-,-,-,-,-
AP Govt-Serv LOC (AU),MIN-GEN-MSM,Andhra Pradesh,"Nimra Inst of Med Sci, Krishna",OBG,"₹4,96,800*",Info not available*,1*,"₹40,00,000*",-,-,340(1),-,-,-,-,-,-,-,-,-
AP Govt-Serv LOC (SVU),ST-FEM,Andhra Pradesh,"Kurnool Med Coll, Kurnool",OBG,"₹48,600*","₹60,823",1*,"₹40,00,000*",1150,-,341(1),-,-,-,-,-,-,-,-,-
AP Govt-NS LOC (AU),BCA-GEN,Andhra Pradesh,"Guntur Med Coll, Guntur",PAEDIATRICS,"₹48,600*","₹60,823",1*,"₹40,00,000*",1170,342(1),-,-,-,-,-,-,-,-,-,-
AP Govt-Serv APUR,BCB-GEN,Andhra Pradesh,"Rangaraya Med Coll, Kakinada",ORTHOPAEDICS,"₹48,600*","₹60,823",1*,"₹40,00,000*",1450,-,343(1),-,-,-,-,-,-,-,-,-
AP Govt-NS LOC (AU),OPEN-GEN,Andhra Pradesh,"Rajiv Gandhi IMS, Srikakulam",GENERAL MEDICINE,"₹48,600*","₹60,823",1*,"₹40,00,000*",532,147(1),343(1),-,-,-,-,-,-,-,-,-
AP Govt-Serv LOC (AU),OPEN-GEN,Andhra Pradesh,"Rajiv Gandhi IMS, Srikakulam",PHYSIOLOGY,"₹48,600*","₹60,823",1*,"₹40,00,000*",532,-,345(1),-,-,-,-,-,-,-,-,-
AP Govt-NS LOC (AU),BCB-GEN,Andhra Pradesh,"Andhra Med Coll, Vizag",DERMATOLOGY,"₹48,600*","₹60,823",1*,"₹40,00,000*",1030,345(1),-,-,-,-,-,-,-,-,-,-
AP Govt-Serv LOC (AU),BCE-GEN,Andhra Pradesh,"Alluri Sitaram Raju, Eluru",GENERAL SURGERY,"₹4,96,800*","₹30,000*",1*,"₹40,00,000*",1200,-,346(1),-,-,-,-,-,-,-,-,-
AP Govt-Serv LOC (SVU),OPEN-GEN,Andhra Pradesh,"SV Med Coll, Tirupati",BIOCHEMISTRY,"₹48,600*","₹60,823",1*,"₹40,00,000*",940,-,347(1),-,-,-,-,-,-,-,-,-
AP Govt-Serv LOC (AU),SC-FEM,Andhra Pradesh,"Konaseema IMS, Amalapuram",PAEDIATRICS,"₹4,96,800*","₹30,000*",1*,"₹40,00,000*",840,224(1),348(1),-,-,-,-,-,-,-,-,-
AP Govt-Serv LOC (AU),BCB-FEM,Andhra Pradesh,"NRI Med Coll, Guntur",RADIO DIAGNOSIS,"₹4,96,800*","₹27,000*",1*,"₹40,00,000*",1050,-,349(1),-,-,-,-,-,-,-,-,-
AP Govt-Serv LOC (AU),ST-FEM,Andhra Pradesh,"NRI Inst of Med Sci, Vizag",OBG,"₹4,96,800*","₹40,000*",1*,"₹40,00,000*",980,229(1),350(1),-,-,-,-,-,-,-,-,-
AP Govt-NS UNR,OPEN-GEN,Andhra Pradesh,"Govt Siddhartha, Vijaywada",DERMATOLOGY,"₹48,600*","₹60,823",1*,"₹40,00,000*",707,108(1),351(1),-,-,-,-,-,-,-,-,-
AP Govt-Serv LOC (AU),OPEN-GEN,Andhra Pradesh,"Dr PSI Med Coll, Chinoutpalli",ORTHOPAEDICS,"₹4,96,800*","₹28,000*",1*,"₹40,00,000*",790,216(1),352(1),-,-,-,-,-,-,-,-,-
AP Govt-Serv LOC (AU),BCD-GEN,Andhra Pradesh,"Alluri Sitaram Raju, Eluru",ORTHOPAEDICS,"₹4,96,800*","₹30,000*",1*,"₹40,00,000*",1200,-,353(1),-,-,-,-,-,-,-,-,-
AP Govt-Serv LOC (AU),BCA-FEM,Andhra Pradesh,"Andhra Med Coll, Vizag",OBG,"₹48,600*","₹60,823",1*,"₹40,00,000*",1030,219(1),354(1),-,-,-,-,-,-,-,-,-
AP Govt-NS LOC (SVU),BCD-GEN,Andhra Pradesh,"Kurnool Med Coll, Kurnool",RADIO DIAGNOSIS,"₹48,600*","₹60,823",1*,"₹40,00,000*",1150,69(1),354(1),-,-,-,-,-,-,-,-,-
AP Govt-Serv LOC (AU),BCB-GEN,Andhra Pradesh,"Alluri Sitaram Raju, Eluru",DERMATOLOGY,"₹4,96,800*","₹30,000*",1*,"₹40,00,000*",1200,-,356(1),-,-,-,-,-,-,-,-,-
AP Govt-Serv LOC (AU),SC-GEN,Andhra Pradesh,"Andhra Med Coll, Vizag",GENERAL SURGERY,"₹48,600*","₹60,823",1*,"₹40,00,000*",1030,281(1),358(1),-,-,-,-,-,-,-,-,-
AP Govt-Serv LOC (AU),BCA-FEM,Andhra Pradesh,"NRI Med Coll, Guntur",GENERAL SURGERY,"₹4,96,800*","₹27,000*",1*,"₹40,00,000*",1050,-,359(1),-,-,-,-,-,-,-,-,-
AP Govt-Serv LOC (SVU),ST-FEM,Andhra Pradesh,"Govt Med Coll, Ananthapuram",ANAESTHESIOLOGY,"₹48,600*","₹60,823",1*,"₹40,00,000*",500,-,360(1),-,-,-,-,-,-,-,-,-
AP Govt-Serv LOC (AU),BCE-FEM,Andhra Pradesh,"Guntur Med Coll, Guntur",OBG,"₹48,600*","₹60,823",1*,"₹40,00,000*",1170,-,361(1),-,-,-,-,-,-,-,-,-
AP Govt-Serv LOC (AU),OPEN-FEM,Andhra Pradesh,"Rangaraya Med Coll, Kakinada",PHARMACOLOGY,"₹48,600*","₹60,823",1*,"₹40,00,000*",1450,-,362(1),-,-,-,-,-,-,-,-,-
AP Govt-Serv LOC (AU),SC-FEM,Andhra Pradesh,"NRI Med Coll, Guntur",ORTHOPAEDICS,"₹4,96,800*","₹27,000*",1*,"₹40,00,000*",1050,-,364(1),-,-,-,-,-,-,-,-,-
AP Govt-Serv LOC (AU),BCB-GEN,Andhra Pradesh,"Rangaraya Med Coll, Kakinada",ANAESTHESIOLOGY,"₹48,600*","₹60,823",1*,"₹40,00,000*",1450,-,365(1),-,-,-,-,-,-,-,-,-
AP Govt-Serv LOC (SVU),ST-FEM,Andhra Pradesh,"Narayana Med Coll, Nellore",ORTHOPAEDICS,"₹4,96,800*","₹30,000*",1*,"₹40,00,000*",1430,-,367(1),-,-,-,-,-,-,-,-,-
AP Govt-NS LOC (SVU),BCB-FEM,Andhra Pradesh,"Narayana Med Coll, Nellore",GENERAL MEDICINE,"₹4,96,800*","₹30,000*",1*,"₹40,00,000*",1430,369(1),-,-,-,-,-,-,-,-,-,-
AP Govt-Serv LOC (SVU),SC-GEN,Andhra Pradesh,"Govt Med Coll, Ananthapuram",SPM,"₹48,600*","₹60,823",1*,"₹40,00,000*",500,-,369(1),-,-,-,-,-,-,-,-,-
AP Govt-Serv LOC (AU),BCA-GEN,Andhra Pradesh,"GreatEastern MedSch,Srikakulam",OBG,"₹4,96,800*",Info not available*,1*,"₹40,00,000*",780,-,371(1),-,-,-,-,-,-,-,-,-
AP Govt-Serv LOC (AU),OPEN-FEM,Andhra Pradesh,"Dr PSI Med Coll, Chinoutpalli",PSYCHIATRY,"₹4,96,800*","₹28,000*",1*,"₹40,00,000*",790,-,373(1),-,-,-,-,-,-,-,-,-
AP Govt-Serv LOC (AU),SC-GEN,Andhra Pradesh,"Andhra Med Coll, Vizag",ANAESTHESIOLOGY,"₹48,600*","₹60,823",1*,"₹40,00,000*",1030,269(1),374(1),-,-,-,-,-,-,-,-,-
AP Govt-Serv LOC (SVU),BCC-GEN,Andhra Pradesh,"SVIMS, Tirupati",RADIATION ONCOLOGY,"₹2,11,600*","₹80,904*",1*,"₹40,00,000*",1257,-,375(1),-,-,-,-,-,-,-,-,-
AP Govt-Serv LOC (AU),BCB-FEM,Andhra Pradesh,"GSL Med Coll, Rajahmundry",SPM,"₹1,55,250*","₹30,000*",1*,"₹40,00,000*",1140,-,376(1),-,-,-,-,-,-,-,-,-
AP Govt-NS LOC (SVU),OPEN-GEN,Andhra Pradesh,"Apollo IMS&R, Chittoor",GENERAL MEDICINE,"₹4,96,800*","₹30,000*",1*,"₹40,00,000*",850,339(1),377(1),-,-,-,-,-,-,-,-,-
AP Govt-Serv LOC (AU),OPEN-GEN,Andhra Pradesh,"Rajiv Gandhi IMS, Ongole",ANAESTHESIOLOGY,"₹48,600*","₹60,823",1*,"₹40,00,000*",500,-,182(1),377(1),-,-,-,-,-,-,-,-
AP Govt-Serv UNR,SC-GEN,Andhra Pradesh,"Govt Siddhartha, Vijaywada",PATHOLOGY,"₹48,600*","₹60,823",1*,"₹40,00,000*",707,-,378(1),-,-,-,-,-,-,-,-,-
AP Govt-Serv LOC (AU),OPEN-GEN,Andhra Pradesh,"Katuri Med Coll, Guntur",ENT,"₹4,96,800*",Info not available*,1*,"₹40,00,000*",1100,-,379(1),-,-,-,-,-,-,-,-,-
AP Govt-Serv LOC (SVU),SC-GEN,Andhra Pradesh,"Santhiram Med Coll, Nandyal",DERMATOLOGY,"₹4,96,800*","₹30,000*",1*,"₹40,00,000*",930,-,382(1),-,-,-,-,-,-,-,-,-
AP Govt-Serv LOC (SVU),SC-GEN,Andhra Pradesh,"Narayana Med Coll, Nellore",TBRD,"₹4,96,800*","₹30,000*",1*,"₹40,00,000*",1430,-,383(1),-,-,-,-,-,-,-,-,-
AP Govt-Serv LOC (AU),BCB-FEM,Andhra Pradesh,"NRI Inst of Med Sci, Vizag",PAEDIATRICS,"₹4,96,800*","₹40,000*",1*,"₹40,00,000*",980,-,385(1),-,-,-,-,-,-,-,-,-
AP Govt-Serv APUR,OPEN-GEN,Andhra Pradesh,"Rajiv Gandhi IMS, Kadapa",PATHOLOGY,"₹48,600*","₹60,823",1*,"₹40,00,000*",715,242(1),386(1),-,-,-,-,-,-,-,-,-
AP Govt-NS LOC (SVU),BCB-GEN,Andhra Pradesh,"Kurnool Med Coll, Kurnool",PAEDIATRICS,"₹48,600*","₹60,823",1*,"₹40,00,000*",1150,386(1),387(1),-,-,-,-,-,-,-,-,-
AP Govt-Serv LOC (AU),BCD-FEM,Andhra Pradesh,"Alluri Sitaram Raju, Eluru",ANAESTHESIOLOGY,"₹4,96,800*","₹30,000*",1*,"₹40,00,000*",1200,-,387(1),381(1),-,-,-,-,-,-,-,-
AP Govt-Serv LOC (AU),SC-FEM,Andhra Pradesh,"Andhra Med Coll, Vizag",TBRD,"₹48,600*","₹60,823",1*,"₹40,00,000*",1030,-,388(1),-,-,-,-,-,-,-,-,-
AP Govt-NS APUR,OPEN-GEN,Andhra Pradesh,"GreatEastern MedSch,Srikakulam",GENERAL MEDICINE,"₹4,96,800*",Info not available*,1*,"₹40,00,000*",780,206(1),389(1),-,-,-,-,-,-,-,-,-
AP Govt-Serv UNR,OPEN-GEN,Andhra Pradesh,"Guntur Med Coll, Guntur",PATHOLOGY,"₹48,600*","₹60,823",1*,"₹40,00,000*",1170,-,389(1),-,-,-,-,-,-,-,-,-
AP Govt-Serv LOC (AU),SC-FEM,Andhra Pradesh,"Konaseema IMS, Amalapuram",ANAESTHESIOLOGY,"₹4,96,800*","₹30,000*",1*,"₹40,00,000*",840,-,319(1),390(1),-,-,-,-,-,-,-,-
AP Govt-NS APUR,BCA-GEN,Andhra Pradesh,"Narayana Med Coll, Nellore",GENERAL MEDICINE,"₹4,96,800*","₹30,000*",1*,"₹40,00,000*",1430,391(1),-,-,-,-,-,-,-,-,-,-
AP Govt-Serv UNR,SC-GEN,Andhra Pradesh,"Govt Siddhartha, Vijaywada",SPM,"₹48,600*","₹60,823",1*,"₹40,00,000*",707,-,392(1),-,-,-,-,-,-,-,-,-
AP Govt-NS LOC (AU),OPEN-GEN,Andhra Pradesh,"Andhra Med Coll, Vizag",DERMATOLOGY,"₹48,600*","₹60,823",1*,"₹40,00,000*",1030,75(1),393(2),-,-,-,-,-,-,-,-,-
AP Govt-Serv LOC (SVU),ST-FEM,Andhra Pradesh,"Kurnool Med Coll, Kurnool",PATHOLOGY,"₹48,600*","₹60,823",1*,"₹40,00,000*",1150,-,393(1),-,-,-,-,-,-,-,-,-
AP Govt-Serv UNR,OPEN-FEM,Andhra Pradesh,"Dr PSI Med Coll, Chinoutpalli",BIOCHEMISTRY,"₹70,380*","₹28,000*",1*,"₹40,00,000*",790,-,399(1),-,-,-,-,-,-,-,-,-
AP Govt-Serv LOC (SVU),BCA-GEN,Andhra Pradesh,"SV Med Coll, Tirupati",TBRD,"₹48,600*","₹60,823",1*,"₹40,00,000*",940,-,401(1),-,-,-,-,-,-,-,-,-
AP Govt-Serv LOC (AU),SC-FEM,Andhra Pradesh,"Dr PSI Med Coll, Chinoutpalli",TBRD,"₹4,96,800*","₹28,000*",1*,"₹40,00,000*",790,-,403(1),-,-,-,-,-,-,-,-,-
AP Govt-Serv LOC (AU),SC-GEN,Andhra Pradesh,"NRI Med Coll, Guntur",ANAESTHESIOLOGY,"₹4,96,800*","₹27,000*",1*,"₹40,00,000*",1050,-,404(1),-,-,-,-,-,-,-,-,-
AP Govt-NS LOC (AU),OPEN-GEN,Andhra Pradesh,"GVP Med Coll, Vizag",GENERAL MEDICINE,"₹4,96,800*","₹30,000*",1*,"₹40,00,000*",750,405(1),406(1),-,-,-,-,-,-,-,-,-
AP Govt-Serv LOC (AU),BCD-GEN,Andhra Pradesh,"NRI Med Coll, Guntur",ANAESTHESIOLOGY,"₹4,96,800*","₹27,000*",1*,"₹40,00,000*",1050,-,406(1),-,-,-,-,-,-,-,-,-
AP Govt-Serv LOC (AU),BCC-GEN,Andhra Pradesh,"Rajiv Gandhi IMS, Ongole",ENT,"₹48,600*","₹60,823",1*,"₹40,00,000*",500,-,407(1),-,-,-,-,-,-,-,-,-
AP Govt-Serv LOC (AU),BCE-GEN,Andhra Pradesh,"Dr PSI Med Coll, Chinoutpalli",ANAESTHESIOLOGY,"₹4,96,800*","₹28,000*",1*,"₹40,00,000*",790,-,410(1),-,-,-,-,-,-,-,-,-
AP Govt-Serv LOC (AU),OPEN-GEN,Andhra Pradesh,"Rajiv Gandhi IMS, Srikakulam",SPM,"₹48,600*","₹60,823",1*,"₹40,00,000*",532,-,411(1),-,-,-,-,-,-,-,-,-
AP Govt-Serv LOC (AU),OPEN-FEM,Andhra Pradesh,"Rajiv Gandhi IMS, Ongole",PATHOLOGY,"₹48,600*","₹60,823",1*,"₹40,00,000*",500,-,413(1),-,-,-,-,-,-,-,-,-
AP Govt-Serv LOC (AU),SC-GEN,Andhra Pradesh,"Andhra Med Coll, Vizag",OPHTHALMOLOGY,"₹48,600*","₹60,823",1*,"₹40,00,000*",1030,-,414(1),-,-,-,-,-,-,-,-,-
AP Govt-Serv LOC (AU),ST-GEN,Andhra Pradesh,"GreatEastern MedSch,Srikakulam",ORTHOPAEDICS,"₹4,96,800*",Info not available*,1*,"₹40,00,000*",780,-,415(1),-,-,-,-,-,-,-,-,-
AP Govt-Serv LOC (SVU),OPEN-FEM,Andhra Pradesh,"VMC, Kurnool",PAEDIATRICS,"₹4,96,800*","₹30,000*",1*,"₹40,00,000*",650,102(1),253(1),416(1),-,-,-,-,-,-,-,-
AP Govt-Serv APUR,OPEN-GEN,Andhra Pradesh,"Rangaraya Med Coll, Kakinada",SPM,"₹48,600*","₹60,823",1*,"₹40,00,000*",1450,228(1),418(1),-,-,-,-,-,-,-,-,-
AP Govt-Serv LOC (AU),BCB-GEN,Andhra Pradesh,"GSL Med Coll, Rajahmundry",OPHTHALMOLOGY,"₹4,96,800*","₹30,000*",1*,"₹40,00,000*",1140,-,419(1),-,-,-,-,-,-,-,-,-
AP Govt-Serv APUR,SC-GEN,Andhra Pradesh,"Konaseema IMS, Amalapuram",ANAESTHESIOLOGY,"₹4,96,800*","₹30,000*",1*,"₹40,00,000*",840,-,421(1),-,-,-,-,-,-,-,-,-
AP Govt-NS APUR,BCD-FEM,Andhra Pradesh,"NRI Med Coll, Guntur",GENERAL MEDICINE,"₹4,96,800*","₹27,000*",1*,"₹40,00,000*",1050,423(1),-,-,-,-,-,-,-,-,-,-
AP Govt-NS APUR,BCB-GEN,Andhra Pradesh,"Dr PSI Med Coll, Chinoutpalli",RADIO DIAGNOSIS,"₹4,96,800*","₹28,000*",1*,"₹40,00,000*",790,424(1),425(1),-,-,-,-,-,-,-,-,-
AP Govt-NS LOC (AU),BCB-GEN,Andhra Pradesh,"Rangaraya Med Coll, Kakinada",PAEDIATRICS,"₹48,600*","₹60,823",1*,"₹40,00,000*",1450,425(1),426(1),-,-,-,-,-,-,-,-,-
AP Govt-Serv LOC (SVU),BCB-GEN,Andhra Pradesh,"SV Med Coll, Tirupati",ORTHOPAEDICS,"₹48,600*","₹60,823",1*,"₹40,00,000*",940,-,426(1),-,-,-,-,-,-,-,-,-
AP Govt-Serv LOC (SVU),OPEN-FEM,Andhra Pradesh,"PES IMS, Kuppam",GENERAL SURGERY,"₹4,96,800*","₹30,000*",1*,"₹40,00,000*",975,-,427(1),-,-,-,-,-,-,-,-,-
AP Govt-NS LOC (AU),BCE-GEN,Andhra Pradesh,"Andhra Med Coll, Vizag",GENERAL MEDICINE,"₹48,600*","₹60,823",1*,"₹40,00,000*",1030,427(1),428(1),-,-,-,-,-,-,-,-,-
AP Govt-Serv LOC (SVU),SC-GEN,Andhra Pradesh,"VMC, Kurnool",OBG,"₹4,96,800*","₹30,000*",1*,"₹40,00,000*",650,-,429(1),-,-,-,-,-,-,-,-,-
AP Govt-Serv LOC (AU),OPEN-GEN,Andhra Pradesh,"NRI Med Coll, Guntur",PATHOLOGY,"₹1,55,250*","₹27,000*",1*,"₹40,00,000*",1050,-,432(1),-,-,-,-,-,-,-,-,-
AP Govt-Serv LOC (AU),SC-FEM,Andhra Pradesh,"Rajiv Gandhi IMS, Srikakulam",ANAESTHESIOLOGY,"₹48,600*","₹60,823",1*,"₹40,00,000*",532,-,433(1),-,-,-,-,-,-,-,-,-
AP Govt-NS LOC (SVU),BCE-GEN,Andhra Pradesh,"Govt Med Coll, Ananthapuram",RADIO DIAGNOSIS,"₹48,600*","₹60,823",1*,"₹40,00,000*",500,433(1),434(1),-,-,-,-,-,-,-,-,-
AP Govt-Serv LOC (AU),BCE-FEM,Andhra Pradesh,"Guntur Med Coll, Guntur",GENERAL SURGERY,"₹48,600*","₹60,823",1*,"₹40,00,000*",1170,-,436(1),-,-,-,-,-,-,-,-,-
AP Govt-Serv APUR,OPEN-FEM,Andhra Pradesh,"Rajiv Gandhi IMS, Ongole",FORENSIC MEDICINE,"₹48,600*","₹60,823",1*,"₹40,00,000*",500,-,437(1),-,-,-,-,-,-,-,-,-
AP Govt-Serv LOC (SVU),SC-GEN,Andhra Pradesh,"Rajiv Gandhi IMS, Kadapa",OPHTHALMOLOGY,"₹48,600*","₹60,823",1*,"₹40,00,000*",715,-,438(1),-,-,-,-,-,-,-,-,-
AP Govt-Serv LOC (AU),BCC-GEN,Andhra Pradesh,"Guntur Med Coll, Guntur",PATHOLOGY,"₹48,600*","₹60,823",1*,"₹40,00,000*",1170,-,440(1),-,-,-,-,-,-,-,-,-
AP Govt-Serv LOC (AU),SC-FEM,Andhra Pradesh,"Guntur Med Coll, Guntur",GENERAL SURGERY,"₹48,600*","₹60,823",1*,"₹40,00,000*",1170,-,441(1),-,-,-,-,-,-,-,-,-
AP Govt-Serv APUR,OPEN-GEN,Andhra Pradesh,"SVIMS, Tirupati",PHARMACOLOGY,"₹2,11,600*","₹80,904*",1*,"₹40,00,000*",1257,-,442(1),-,-,-,-,-,-,-,-,-
AP Govt-NS LOC (AU),BCB-GEN,Andhra Pradesh,"Andhra Med Coll, Vizag",PAEDIATRICS,"₹48,600*","₹60,823",1*,"₹40,00,000*",1030,441(1),442(1),-,-,-,-,-,-,-,-,-
AP Govt-Serv UNR,OPEN-FEM,Andhra Pradesh,"Govt Siddhartha, Vijaywada",ANATOMY,"₹48,600*","₹60,823",1*,"₹40,00,000*",707,-,443(1),-,-,-,-,-,-,-,-,-
AP Govt-Serv LOC (AU),BCD-FEM,Andhra Pradesh,"Rajiv Gandhi IMS, Ongole",OPHTHALMOLOGY,"₹48,600*","₹60,823",1*,"₹40,00,000*",500,-,444(1),338(1),-,-,-,-,-,-,-,-
AP Govt-Serv LOC (AU),SC-GEN,Andhra Pradesh,"Rangaraya Med Coll, Kakinada",FORENSIC MEDICINE,"₹48,600*","₹60,823",1*,"₹40,00,000*",1450,-,445(1),-,-,-,-,-,-,-,-,-
AP Govt-Serv APUR,OPEN-GEN,Andhra Pradesh,"SVIMS, Tirupati",PHYSIOLOGY,"₹2,11,600*","₹80,904*",1*,"₹40,00,000*",1257,-,446(1),-,-,-,-,-,-,-,-,-
AP Govt-Serv LOC (AU),OPEN-GEN,Andhra Pradesh,"NRI Inst of Med Sci, Vizag",GENERAL SURGERY,"₹4,96,800*","₹40,000*",1*,"₹40,00,000*",980,-,451(1),-,-,-,-,-,-,-,-,-
AP Govt-Serv LOC (AU),BCB-FEM,Andhra Pradesh,"GreatEastern MedSch,Srikakulam",ANAESTHESIOLOGY,"₹4,96,800*",Info not available*,1*,"₹40,00,000*",780,-,453(1),431(1),-,-,-,-,-,-,-,-
AP Govt-Serv LOC (AU),BCD-FEM,Andhra Pradesh,"Andhra Med Coll, Vizag",GENERAL SURGERY,"₹48,600*","₹60,823",1*,"₹40,00,000*",1030,-,454(1),-,-,-,-,-,-,-,-,-
AP Govt-Serv LOC (SVU),SC-FEM,Andhra Pradesh,"Rajiv Gandhi IMS, Kadapa",GENERAL MEDICINE,"₹48,600*","₹60,823",1*,"₹40,00,000*",715,-,455(1),-,-,-,-,-,-,-,-,-
AP Govt-NS LOC (SVU),BCE-FEM,Andhra Pradesh,"Kurnool Med Coll, Kurnool",PAEDIATRICS,"₹48,600*","₹60,823",1*,"₹40,00,000*",1150,455(1),456(1),-,-,-,-,-,-,-,-,-
AP Govt-Serv LOC (SVU),SC-GEN,Andhra Pradesh,"Rajiv Gandhi IMS, Kadapa",PATHOLOGY,"₹48,600*","₹60,823",1*,"₹40,00,000*",715,-,456(1),-,-,-,-,-,-,-,-,-
AP Govt-Serv LOC (SVU),BCB-GEN,Andhra Pradesh,"Rajiv Gandhi IMS, Kadapa",ANAESTHESIOLOGY,"₹48,600*","₹60,823",1*,"₹40,00,000*",715,-,457(1),-,-,-,-,-,-,-,-,-
AP Govt-Serv LOC (AU),MIN-GEN-MSM,Andhra Pradesh,"Nimra Inst of Med Sci, Krishna",GENERAL MEDICINE,"₹4,96,800*",Info not available*,1*,"₹40,00,000*",-,-,461(1),-,-,-,-,-,-,-,-,-
AP Govt-Serv LOC (SVU),SC-GEN,Andhra Pradesh,"Kurnool Med Coll, Kurnool",ANAESTHESIOLOGY,"₹48,600*","₹60,823",1*,"₹40,00,000*",1150,169(1),322(1),462(1),-,-,-,-,-,-,-,-
AP Govt-Serv LOC (AU),OPEN-GEN,Andhra Pradesh,"NRI Med Coll, Guntur",ENT,"₹4,96,800*","₹27,000*",1*,"₹40,00,000*",1050,-,463(1),-,-,-,-,-,-,-,-,-
AP Govt-Serv LOC (AU),SC-FEM,Andhra Pradesh,"Andhra Med Coll, Vizag",PSYCHIATRY,"₹48,600*","₹60,823",1*,"₹40,00,000*",1030,-,464(1),-,-,-,-,-,-,-,-,-
AP Govt-NS UNR,OPEN-GEN,Andhra Pradesh,"NRI Inst of Med Sci, Vizag",GENERAL MEDICINE,"₹4,96,800*","₹40,000*",1*,"₹40,00,000*",980,242(1),465(1),-,-,-,-,-,-,-,-,-
AP Govt-NS APUR,OPEN-GEN,Andhra Pradesh,"Rangaraya Med Coll, Kakinada",PAEDIATRICS,"₹48,600*","₹60,823",1*,"₹40,00,000*",1450,-,466(1),-,-,-,-,-,-,-,-,-
AP Govt-Serv LOC (SVU),BCB-GEN,Andhra Pradesh,"SVIMS, Tirupati",ANATOMY,"₹2,11,600*","₹80,904*",1*,"₹40,00,000*",1257,-,467(1),-,-,-,-,-,-,-,-,-
AP Govt-Serv LOC (AU),SC-GEN,Andhra Pradesh,"Rajiv Gandhi IMS, Srikakulam",PSYCHIATRY,"₹48,600*","₹60,823",1*,"₹40,00,000*",532,-,424(1),468(1),-,-,-,-,-,-,-,-
AP Govt-NS APUR,OPEN-GEN,Andhra Pradesh,"GreatEastern MedSch,Srikakulam",RADIO DIAGNOSIS,"₹4,96,800*",Info not available*,1*,"₹40,00,000*",780,-,468(1),-,-,-,-,-,-,-,-,-
AP Govt-Serv LOC (SVU),BCE-FEM,Andhra Pradesh,"VMC, Kurnool",ANAESTHESIOLOGY,"₹4,96,800*","₹30,000*",1*,"₹40,00,000*",650,-,470(1),-,-,-,-,-,-,-,-,-
AP Govt-NS APUR,BCA-FEM,Andhra Pradesh,"GSL Med Coll, Rajahmundry",RADIO DIAGNOSIS,"₹4,96,800*","₹30,000*",1*,"₹40,00,000*",1140,472(1),-,-,-,-,-,-,-,-,-,-
AP Govt-Serv APUR,BCA-GEN,Andhra Pradesh,"Apollo IMS&R, Chittoor",OBG,"₹4,96,800*","₹30,000*",1*,"₹40,00,000*",850,-,332(1),472(1),-,-,-,-,-,-,-,-
AP Govt-NS LOC (AU),OPEN-GEN,Andhra Pradesh,"GreatEastern MedSch,Srikakulam",RADIO DIAGNOSIS,"₹4,96,800*",Info not available*,1*,"₹40,00,000*",780,333(1),473(1),-,-,-,-,-,-,-,-,-
AP Govt-Serv LOC (AU),SC-GEN,Andhra Pradesh,"Konaseema IMS, Amalapuram",ORTHOPAEDICS,"₹4,96,800*","₹30,000*",1*,"₹40,00,000*",840,-,474(1),-,-,-,-,-,-,-,-,-
AP Govt-Serv LOC (AU),ST-GEN,Andhra Pradesh,"Alluri Sitaram Raju, Eluru",OPHTHALMOLOGY,"₹4,96,800*","₹30,000*",1*,"₹40,00,000*",1200,-,475(1),-,-,-,-,-,-,-,-,-
AP Govt-Serv LOC (AU),SC-GEN,Andhra Pradesh,"GSL Med Coll, Rajahmundry",ANAESTHESIOLOGY,"₹4,96,800*","₹30,000*",1*,"₹40,00,000*",1140,-,476(1),-,-,-,-,-,-,-,-,-
AP Govt-NS LOC (AU),BCB-FEM,Andhra Pradesh,"Alluri Sitaram Raju, Eluru",RADIO DIAGNOSIS,"₹4,96,800*","₹30,000*",1*,"₹40,00,000*",1200,478(1),-,-,-,-,-,-,-,-,-,-
AP Govt-Serv LOC (AU),BCB-GEN,Andhra Pradesh,"Rajiv Gandhi IMS, Srikakulam",OPHTHALMOLOGY,"₹48,600*","₹60,823",1*,"₹40,00,000*",532,-,479(1),-,-,-,-,-,-,-,-,-
AP Govt-Serv LOC (AU),BCA-GEN,Andhra Pradesh,"GSL Med Coll, Rajahmundry",TBRD,"₹4,96,800*","₹30,000*",1*,"₹40,00,000*",1140,-,480(1),-,-,-,-,-,-,-,-,-
AP Govt-Serv LOC (AU),ST-GEN,Andhra Pradesh,"NRI Inst of Med Sci, Vizag",ANAESTHESIOLOGY,"₹4,96,800*","₹40,000*",1*,"₹40,00,000*",980,-,483(1),-,-,-,-,-,-,-,-,-
AP Govt-Serv LOC (AU),OPEN-GEN,Andhra Pradesh,"NRI Inst of Med Sci, Vizag",SPM,"₹1,55,250*","₹40,000*",1*,"₹40,00,000*",980,-,484(1),-,-,-,-,-,-,-,-,-
AP Govt-NS LOC (SVU),BCD-FEM,Andhra Pradesh,"PES IMS, Kuppam",PAEDIATRICS,"₹4,96,800*","₹30,000*",1*,"₹40,00,000*",975,485(1),-,-,-,-,-,-,-,-,-,-
AP Govt-Serv LOC (SVU),BCB-FEM,Andhra Pradesh,"Kurnool Med Coll, Kurnool",GENERAL SURGERY,"₹48,600*","₹60,823",1*,"₹40,00,000*",1150,-,485(1),-,-,-,-,-,-,-,-,-
AP Govt-NS APUR,BCB-GEN,Andhra Pradesh,"NRI Med Coll, Guntur",PAEDIATRICS,"₹4,96,800*","₹27,000*",1*,"₹40,00,000*",1050,486(1),-,-,-,-,-,-,-,-,-,-
AP Govt-Serv UNR,BCB-GEN,Andhra Pradesh,"Govt Siddhartha, Vijaywada",PATHOLOGY,"₹48,600*","₹60,823",1*,"₹40,00,000*",707,-,487(1),372(1),-,-,-,-,-,-,-,-
AP Govt-Serv LOC (AU),OPEN-GEN,Andhra Pradesh,"NRI Med Coll, Guntur",PSYCHIATRY,"₹4,96,800*","₹27,000*",1*,"₹40,00,000*",1050,-,488(1),-,-,-,-,-,-,-,-,-
AP Govt-Serv LOC (AU),ST-GEN,Andhra Pradesh,"Rangaraya Med Coll, Kakinada",PATHOLOGY,"₹48,600*","₹60,823",1*,"₹40,00,000*",1450,-,489(1),-,-,-,-,-,-,-,-,-
AP Govt-Serv LOC (AU),SC-GEN,Andhra Pradesh,"Rangaraya Med Coll, Kakinada",HOSPITAL ADMINISTRATION,"₹48,600*","₹60,823",1*,"₹40,00,000*",1450,-,490(1),-,-,-,-,-,-,-,-,-
AP Govt-Serv LOC (AU),BCA-GEN,Andhra Pradesh,"NRI Med Coll, Guntur",GENERAL SURGERY,"₹4,96,800*","₹27,000*",1*,"₹40,00,000*",1050,-,491(1),334(1),-,-,-,-,-,-,-,-
AP Govt-Serv LOC (SVU),SC-FEM,Andhra Pradesh,"VMC, Kurnool",RADIATION ONCOLOGY,"₹4,96,800*","₹30,000*",1*,"₹40,00,000*",650,-,469(1),492(1),-,-,-,-,-,-,-,-
AP Govt-Serv LOC (SVU),BCE-GEN,Andhra Pradesh,"SV Med Coll, Tirupati",OBG,"₹48,600*","₹60,823",1*,"₹40,00,000*",940,-,493(1),-,-,-,-,-,-,-,-,-
AP Govt-Serv LOC (AU),BCB-GEN,Andhra Pradesh,"Andhra Med Coll, Vizag",FORENSIC MEDICINE,"₹48,600*","₹60,823",1*,"₹40,00,000*",1030,-,498(1),-,-,-,-,-,-,-,-,-
AP Govt-Serv LOC (AU),OPEN-GEN,Andhra Pradesh,"Katuri Med Coll, Guntur",SPM,"₹1,55,250*",Info not available*,1*,"₹40,00,000*",1100,-,502(1),-,-,-,-,-,-,-,-,-
AP Govt-Serv LOC (AU),OPEN-GEN,Andhra Pradesh,"Dr PSI Med Coll, Chinoutpalli",DCP,"₹1,55,250*","₹28,000*",1*,"₹40,00,000*",790,-,503(1),501(1),-,-,-,-,-,-,-,-
AP Govt-Serv LOC (SVU),BCA-GEN,Andhra Pradesh,"Santhiram Med Coll, Nandyal",ORTHOPAEDICS,"₹4,96,800*","₹30,000*",1*,"₹40,00,000*",930,-,504(1),-,-,-,-,-,-,-,-,-
AP Govt-NS APUR,BCA-GEN,Andhra Pradesh,"Katuri Med Coll, Guntur",GENERAL MEDICINE,"₹4,96,800*",Info not available*,1*,"₹40,00,000*",1100,504(1),-,-,-,-,-,-,-,-,-,-
AP Govt-Serv LOC (AU),ST-FEM,Andhra Pradesh,"Konaseema IMS, Amalapuram",SPM,"₹1,55,250*","₹30,000*",1*,"₹40,00,000*",840,-,505(1),-,-,-,-,-,-,-,-,-
AP Govt-Serv LOC (AU),OPEN-GEN,Andhra Pradesh,"Konaseema IMS, Amalapuram",FORENSIC MEDICINE,"₹1,55,250*","₹30,000*",1*,"₹40,00,000*",840,-,510(1),-,-,-,-,-,-,-,-,-
AP Govt-Serv LOC (SVU),BCD-FEM,Andhra Pradesh,"SV Med Coll, Tirupati",SPM,"₹48,600*","₹60,823",1*,"₹40,00,000*",940,-,511(1),-,-,-,-,-,-,-,-,-
AP Govt-Serv LOC (SVU),SC-FEM,Andhra Pradesh,"Narayana Med Coll, Nellore",ANAESTHESIOLOGY,"₹4,96,800*","₹30,000*",1*,"₹40,00,000*",1430,-,512(1),-,-,-,-,-,-,-,-,-
AP Govt-Serv LOC (SVU),BCD-GEN,Andhra Pradesh,"Kurnool Med Coll, Kurnool",ENT,"₹48,600*","₹60,823",1*,"₹40,00,000*",1150,-,439(1),514(1),-,-,-,-,-,-,-,-
AP Govt-Serv LOC (SVU),BCD-GEN,Andhra Pradesh,"Narayana Med Coll, Nellore",OPHTHALMOLOGY,"₹4,96,800*","₹30,000*",1*,"₹40,00,000*",1430,-,518(1),-,-,-,-,-,-,-,-,-
AP Govt-Serv LOC (AU),OPEN-GEN,Andhra Pradesh,"Konaseema IMS, Amalapuram",GENERAL SURGERY,"₹4,96,800*","₹30,000*",1*,"₹40,00,000*",840,-,519(1),-,-,-,-,-,-,-,-,-
AP Govt-Serv LOC (AU),OPEN-FEM,Andhra Pradesh,"Dr PSI Med Coll, Chinoutpalli",ANAESTHESIOLOGY,"₹4,96,800*","₹28,000*",1*,"₹40,00,000*",790,-,520(1),-,-,-,-,-,-,-,-,-
AP Govt-NS LOC (SVU),OPEN-GEN,Andhra Pradesh,"SV Med Coll, Tirupati",DERMATOLOGY,"₹48,600*","₹60,823",1*,"₹40,00,000*",940,185(1),521(1),-,-,-,-,-,-,-,-,-
AP Govt-Serv LOC (AU),BCD-GEN,Andhra Pradesh,"Rangaraya Med Coll, Kakinada",OPHTHALMOLOGY,"₹48,600*","₹60,823",1*,"₹40,00,000*",1450,-,521(1),-,-,-,-,-,-,-,-,-
AP Govt-Serv LOC (SVU),OPEN-FEM,Andhra Pradesh,"VMC, Kurnool",PSYCHIATRY,"₹4,96,800*","₹30,000*",1*,"₹40,00,000*",650,-,522(1),-,-,-,-,-,-,-,-,-
AP Govt-Serv LOC (AU),BCE-GEN,Andhra Pradesh,"Andhra Med Coll, Vizag",PATHOLOGY,"₹48,600*","₹60,823",1*,"₹40,00,000*",1030,-,524(1),-,-,-,-,-,-,-,-,-
AP Govt-Serv LOC (AU),SC-GEN,Andhra Pradesh,"Alluri Sitaram Raju, Eluru",GENERAL SURGERY,"₹4,96,800*","₹30,000*",1*,"₹40,00,000*",1200,-,526(1),-,-,-,-,-,-,-,-,-
AP Govt-Serv LOC (AU),SC-GEN,Andhra Pradesh,"GSL Med Coll, Rajahmundry",GENERAL SURGERY,"₹4,96,800*","₹30,000*",1*,"₹40,00,000*",1140,-,527(1),-,-,-,-,-,-,-,-,-
AP Govt-Serv LOC (AU),BCC-GEN,Andhra Pradesh,"NRI Inst of Med Sci, Vizag",ORTHOPAEDICS,"₹4,96,800*","₹40,000*",1*,"₹40,00,000*",980,-,528(1),-,-,-,-,-,-,-,-,-
AP Govt-NS LOC (AU),BCB-GEN,Andhra Pradesh,"GSL Med Coll, Rajahmundry",GENERAL MEDICINE,"₹4,96,800*","₹30,000*",1*,"₹40,00,000*",1140,529(1),-,-,-,-,-,-,-,-,-,-
AP Govt-Serv LOC (AU),SC-GEN,Andhra Pradesh,"Andhra Med Coll, Vizag",PATHOLOGY,"₹48,600*","₹60,823",1*,"₹40,00,000*",1030,-,530(1),-,-,-,-,-,-,-,-,-
AP Govt-Serv LOC (SVU),BCB-FEM,Andhra Pradesh,"PES IMS, Kuppam",GENERAL MEDICINE,"₹4,96,800*","₹30,000*",1*,"₹40,00,000*",975,-,532(1),-,-,-,-,-,-,-,-,-
AP Govt-NS LOC (AU),BCE-GEN,Andhra Pradesh,"Guntur Med Coll, Guntur",PAEDIATRICS,"₹48,600*","₹60,823",1*,"₹40,00,000*",1170,531(1),532(1),-,-,-,-,-,-,-,-,-
AP Govt-NS LOC (SVU),BCE-GEN,Andhra Pradesh,"Kurnool Med Coll, Kurnool",OBG,"₹48,600*","₹60,823",1*,"₹40,00,000*",1150,533(1),-,-,-,-,-,-,-,-,-,-
AP Govt-Serv UNR,BCB-FEM,Andhra Pradesh,"Alluri Sitaram Raju, Eluru",ANAESTHESIOLOGY,"₹4,96,800*","₹30,000*",1*,"₹40,00,000*",1200,-,534(1),-,-,-,-,-,-,-,-,-
AP Govt-NS APUR,OPEN-FEM,Andhra Pradesh,"Kurnool Med Coll, Kurnool",OBG,"₹48,600*","₹60,823",1*,"₹40,00,000*",1150,382(1),534(1),-,-,-,-,-,-,-,-,-
AP Govt-NS LOC (AU),BCA-FEM,Andhra Pradesh,"Dr PSI Med Coll, Chinoutpalli",GENERAL MEDICINE,"₹4,96,800*","₹28,000*",1*,"₹40,00,000*",790,534(1),-,-,-,-,-,-,-,-,-,-
AP Govt-Serv LOC (AU),SC-GEN,Andhra Pradesh,"Maharajah IMS, Vizianagaram",ANAESTHESIOLOGY,"₹4,96,800*",Info not available*,1*,"₹40,00,000*",850,-,535(1),-,-,-,-,-,-,-,-,-
AP Govt-Serv LOC (AU),BCD-GEN,Andhra Pradesh,"GSL Med Coll, Rajahmundry",ENT,"₹4,96,800*","₹30,000*",1*,"₹40,00,000*",1140,-,536(1),-,-,-,-,-,-,-,-,-
AP Govt-NS LOC (AU),BCC-GEN,Andhra Pradesh,"NRI Med Coll, Guntur",RADIO DIAGNOSIS,"₹4,96,800*","₹27,000*",1*,"₹40,00,000*",1050,535(1),536(1),-,-,-,-,-,-,-,-,-
AP Govt-Serv LOC (SVU),BCA-FEM,Andhra Pradesh,"Kurnool Med Coll, Kurnool",SPM,"₹48,600*","₹60,823",1*,"₹40,00,000*",1150,-,537(1),-,-,-,-,-,-,-,-,-
AP Govt-NS APUR,BCD-GEN,Andhra Pradesh,"SV Med Coll, Tirupati",PAEDIATRICS,"₹48,600*","₹60,823",1*,"₹40,00,000*",940,326(1),539(1),-,-,-,-,-,-,-,-,-
AP Govt-Serv LOC (AU),OPEN-FEM,Andhra Pradesh,"Alluri Sitaram Raju, Eluru",PATHOLOGY,"₹1,55,250*","₹30,000*",1*,"₹40,00,000*",1200,-,539(1),-,-,-,-,-,-,-,-,-
AP Govt-NS LOC (SVU),BCB-GEN,Andhra Pradesh,"Rajiv Gandhi IMS, Kadapa",DERMATOLOGY,"₹48,600*","₹60,823",1*,"₹40,00,000*",715,407(1),541(1),-,-,-,-,-,-,-,-,-
AP Govt-Serv LOC (AU),BCD-GEN,Andhra Pradesh,"Rangaraya Med Coll, Kakinada",PATHOLOGY,"₹48,600*","₹60,823",1*,"₹40,00,000*",1450,-,541(1),-,-,-,-,-,-,-,-,-
AP Govt-Serv LOC (AU),SC-GEN,Andhra Pradesh,"Rangaraya Med Coll, Kakinada",BIOCHEMISTRY,"₹48,600*","₹60,823",1*,"₹40,00,000*",1450,-,542(1),-,-,-,-,-,-,-,-,-
AP Govt-Serv LOC (AU),BCB-FEM,Andhra Pradesh,"Alluri Sitaram Raju, Eluru",GENERAL SURGERY,"₹4,96,800*","₹30,000*",1*,"₹40,00,000*",1200,-,543(1),-,-,-,-,-,-,-,-,-
AP Govt-NS LOC (AU),BCC-GEN,Andhra Pradesh,"Dr PSI Med Coll, Chinoutpalli",GENERAL MEDICINE,"₹4,96,800*","₹28,000*",1*,"₹40,00,000*",790,545(1),-,-,-,-,-,-,-,-,-,-
AP Govt-Serv LOC (SVU),OPEN-GEN,Andhra Pradesh,"Santhiram Med Coll, Nandyal",SPM,"₹1,55,250*","₹30,000*",1*,"₹40,00,000*",930,-,545(1),-,-,-,-,-,-,-,-,-
AP Govt-Serv LOC (AU),BCD-GEN,Andhra Pradesh,"Rajiv Gandhi IMS, Srikakulam",FORENSIC MEDICINE,"₹48,600*","₹60,823",1*,"₹40,00,000*",532,-,546(1),-,-,-,-,-,-,-,-,-
AP Govt-Serv LOC (AU),SC-FEM,Andhra Pradesh,"Dr PSI Med Coll, Chinoutpalli",GENERAL SURGERY,"₹4,96,800*","₹28,000*",1*,"₹40,00,000*",790,-,547(1),447(1),-,-,-,-,-,-,-,-
AP Govt-Serv LOC (SVU),MIN-GEN-MSM,Andhra Pradesh,"Fathima IMS,Kadapa",GENERAL SURGERY,"₹4,96,800*","₹25,000*",1*,"₹40,00,000*",750,-,548(1),-,-,-,-,-,-,-,-,-
AP Govt-Serv LOC (SVU),BCB-GEN,Andhra Pradesh,"Rajiv Gandhi IMS, Kadapa",PATHOLOGY,"₹48,600*","₹60,823",1*,"₹40,00,000*",715,-,549(1),-,-,-,-,-,-,-,-,-
AP Govt-NS LOC (AU),BCD-FEM,Andhra Pradesh,"Andhra Med Coll, Vizag",OBG,"₹48,600*","₹60,823",1*,"₹40,00,000*",1030,549(1),550(1),-,-,-,-,-,-,-,-,-
AP Govt-Serv LOC (SVU),SC-FEM,Andhra Pradesh,"VMC, Kurnool",GENERAL SURGERY,"₹4,96,800*","₹30,000*",1*,"₹40,00,000*",650,-,551(1),-,-,-,-,-,-,-,-,-
AP Govt-Serv UNR,OPEN-GEN,Andhra Pradesh,"Govt Siddhartha, Vijaywada",PHYSIOLOGY,"₹48,600*","₹60,823",1*,"₹40,00,000*",707,-,552(1),-,-,-,-,-,-,-,-,-
AP Govt-Serv LOC (AU),OPEN-GEN,Andhra Pradesh,"Andhra Med Coll, Vizag",PATHOLOGY,"₹48,600*","₹60,823",1*,"₹40,00,000*",1030,-,288(1),554(1),-,-,-,-,-,-,-,-
AP Govt-NS UNR,OPEN-GEN,Andhra Pradesh,"Maharajah IMS, Vizianagaram",RADIO DIAGNOSIS,"₹4,96,800*",Info not available*,1*,"₹40,00,000*",850,385(1),556(1),-,-,-,-,-,-,-,-,-
AP Govt-Serv LOC (SVU),BCB-GEN,Andhra Pradesh,"Santhiram Med Coll, Nandyal",GENERAL SURGERY,"₹4,96,800*","₹30,000*",1*,"₹40,00,000*",930,-,557(1),-,-,-,-,-,-,-,-,-
AP Govt-Serv LOC (AU),OPEN-GEN,Andhra Pradesh,"Rangaraya Med Coll, Kakinada",PATHOLOGY,"₹48,600*","₹60,823",1*,"₹40,00,000*",1450,-,559(1),-,-,-,-,-,-,-,-,-
AP Govt-Serv LOC (AU),BCA-FEM,Andhra Pradesh,"Alluri Sitaram Raju, Eluru",ENT,"₹4,96,800*","₹30,000*",1*,"₹40,00,000*",1200,-,558(1),560(1),-,-,-,-,-,-,-,-
AP Govt-Serv LOC (SVU),OPEN-GEN,Andhra Pradesh,"PES IMS, Kuppam",ANAESTHESIOLOGY,"₹4,96,800*","₹30,000*",1*,"₹40,00,000*",975,285(1),300(1),561(1),-,-,-,-,-,-,-,-
AP Govt-Serv LOC (AU),ST-FEM,Andhra Pradesh,"Andhra Med Coll, Vizag",PATHOLOGY,"₹48,600*","₹60,823",1*,"₹40,00,000*",1030,-,562(1),-,-,-,-,-,-,-,-,-
AP Govt-Serv LOC (SVU),ST-GEN,Andhra Pradesh,"Narayana Med Coll, Nellore",ANAESTHESIOLOGY,"₹4,96,800*","₹30,000*",1*,"₹40,00,000*",1430,-,563(1),397(1),-,-,-,-,-,-,-,-
AP Govt-Serv LOC (AU),OPEN-FEM,Andhra Pradesh,"Andhra Med Coll, Vizag",FORENSIC MEDICINE,"₹48,600*","₹60,823",1*,"₹40,00,000*",1030,-,564(1),-,-,-,-,-,-,-,-,-
AP Govt-Serv LOC (AU),OPEN-GEN,Andhra Pradesh,"Andhra Med Coll, Vizag",BIOCHEMISTRY,"₹48,600*","₹60,823",1*,"₹40,00,000*",1030,287(1),565(1),-,-,-,-,-,-,-,-,-
AP Govt-Serv LOC (AU),SC-FEM,Andhra Pradesh,"Rajiv Gandhi IMS, Ongole",SPM,"₹48,600*","₹60,823",1*,"₹40,00,000*",500,-,566(1),-,-,-,-,-,-,-,-,-
AP Govt-Serv UNR,BCC-GEN,Andhra Pradesh,"Govt Siddhartha, Vijaywada",MICROBIOLOGY,"₹48,600*","₹60,823",1*,"₹40,00,000*",707,-,567(1),-,-,-,-,-,-,-,-,-
AP Govt-Serv LOC (AU),BCB-GEN,Andhra Pradesh,"Guntur Med Coll, Guntur",MICROBIOLOGY,"₹48,600*","₹60,823",1*,"₹40,00,000*",1170,-,568(1),-,-,-,-,-,-,-,-,-
AP Govt-Serv LOC (SVU),BCD-GEN,Andhra Pradesh,"Rajiv Gandhi IMS, Kadapa",ORTHOPAEDICS,"₹48,600*","₹60,823",1*,"₹40,00,000*",715,-,569(1),-,-,-,-,-,-,-,-,-
AP Govt-Serv LOC (SVU),BCB-FEM,Andhra Pradesh,"Govt Med Coll, Ananthapuram",ORTHOPAEDICS,"₹48,600*","₹60,823",1*,"₹40,00,000*",500,-,571(1),412(1),-,-,-,-,-,-,-,-
AP Govt-Serv LOC (AU),ST-FEM,Andhra Pradesh,"Andhra Med Coll, Vizag",PHARMACOLOGY,"₹48,600*","₹60,823",1*,"₹40,00,000*",1030,-,574(1),-,-,-,-,-,-,-,-,-
AP Govt-Serv LOC (SVU),BCB-GEN,Andhra Pradesh,"PES IMS, Kuppam",OBG,"₹4,96,800*","₹30,000*",1*,"₹40,00,000*",975,221(1),575(1),-,-,-,-,-,-,-,-,-
AP Govt-Serv LOC (AU),BCD-GEN,Andhra Pradesh,"Guntur Med Coll, Guntur",EMERGENCY MEDICINE,"₹48,600*","₹60,823",1*,"₹40,00,000*",1170,-,570(1),576(1),-,-,-,-,-,-,-,-
AP Govt-NS UNR,OPEN-GEN,Andhra Pradesh,"Govt Siddhartha, Vijaywada",PAEDIATRICS,"₹48,600*","₹60,823",1*,"₹40,00,000*",707,173(1),576(1),-,-,-,-,-,-,-,-,-
AP Govt-Serv LOC (AU),OPEN-GEN,Andhra Pradesh,"Guntur Med Coll, Guntur",PHARMACOLOGY,"₹48,600*","₹60,823",1*,"₹40,00,000*",1170,-,577(1),-,-,-,-,-,-,-,-,-
AP Govt-NS LOC (AU),BCB-FEM,Andhra Pradesh,"GSL Med Coll, Rajahmundry",RADIO DIAGNOSIS,"₹4,96,800*","₹30,000*",1*,"₹40,00,000*",1140,578(1),-,-,-,-,-,-,-,-,-,-
AP Govt-NS LOC (SVU),BCA-FEM,Andhra Pradesh,"PES IMS, Kuppam",RADIO DIAGNOSIS,"₹4,96,800*","₹30,000*",1*,"₹40,00,000*",975,577(1),578(1),-,-,-,-,-,-,-,-,-
AP Govt-Serv LOC (AU),BCB-FEM,Andhra Pradesh,"NRI Inst of Med Sci, Vizag",PATHOLOGY,"₹1,55,250*","₹40,000*",1*,"₹40,00,000*",980,-,580(1),-,-,-,-,-,-,-,-,-
AP Govt-Serv LOC (AU),BCA-GEN,Andhra Pradesh,"Katuri Med Coll, Guntur",ANAESTHESIOLOGY,"₹4,96,800*",Info not available*,1*,"₹40,00,000*",1100,-,581(1),-,-,-,-,-,-,-,-,-
AP Govt-Serv LOC (AU),SC-FEM,Andhra Pradesh,"Dr PSI Med Coll, Chinoutpalli",OPHTHALMOLOGY,"₹4,96,800*","₹28,000*",1*,"₹40,00,000*",790,-,550(1),582(1),-,-,-,-,-,-,-,-
AP Govt-Serv LOC (AU),BCA-FEM,Andhra Pradesh,"Rangaraya Med Coll, Kakinada",MICROBIOLOGY,"₹48,600*","₹60,823",1*,"₹40,00,000*",1450,-,584(1),-,-,-,-,-,-,-,-,-
AP Govt-Serv LOC (SVU),BCE-GEN,Andhra Pradesh,"PES IMS, Kuppam",GENERAL SURGERY,"₹4,96,800*","₹30,000*",1*,"₹40,00,000*",975,-,585(1),-,-,-,-,-,-,-,-,-
AP Govt-NS LOC (SVU),BCD-FEM,Andhra Pradesh,"Narayana Med Coll, Nellore",RADIO DIAGNOSIS,"₹4,96,800*","₹30,000*",1*,"₹40,00,000*",1430,584(1),585(1),-,-,-,-,-,-,-,-,-
AP Govt-Serv LOC (AU),OPEN-FEM,Andhra Pradesh,"GSL Med Coll, Rajahmundry",ORTHOPAEDICS,"₹4,96,800*","₹30,000*",1*,"₹40,00,000*",1140,-,586(1),323(1),-,-,-,-,-,-,-,-
AP Govt-Serv LOC (AU),BCB-GEN,Andhra Pradesh,"Rajiv Gandhi IMS, Ongole",PHARMACOLOGY,"₹48,600*","₹60,823",1*,"₹40,00,000*",500,-,587(1),-,-,-,-,-,-,-,-,-
AP Govt-Serv LOC (AU),OPEN-FEM,Andhra Pradesh,"Andhra Med Coll, Vizag",MICROBIOLOGY,"₹48,600*","₹60,823",1*,"₹40,00,000*",1030,-,588(1),-,-,-,-,-,-,-,-,-
AP Govt-Serv LOC (SVU),SC-FEM,Andhra Pradesh,"PES IMS, Kuppam",ORTHOPAEDICS,"₹4,96,800*","₹30,000*",1*,"₹40,00,000*",975,-,589(1),-,-,-,-,-,-,-,-,-
AP Govt-Serv LOC (SVU),SC-GEN,Andhra Pradesh,"Narayana Med Coll, Nellore",ENT,"₹4,96,800*","₹30,000*",1*,"₹40,00,000*",1430,-,420(1),590(1),-,-,-,-,-,-,-,-
AP Govt-Serv LOC (AU),OPEN-FEM,Andhra Pradesh,"Katuri Med Coll, Guntur",OPHTHALMOLOGY,"₹4,96,800*",Info not available*,1*,"₹40,00,000*",1100,-,320(1),591(1),-,-,-,-,-,-,-,-
AP Govt-Serv APUR,OPEN-GEN,Andhra Pradesh,"ACSR Medical College, Nellore",FORENSIC MEDICINE,"₹48,600*","₹60,823",1*,"₹40,00,000*",355,-,593(1),529(1),-,-,-,-,-,-,-,-
AP Govt-Serv APUR,OPEN-GEN,Andhra Pradesh,"Rajiv Gandhi IMS, Ongole",PHYSIOLOGY,"₹48,600*","₹60,823",1*,"₹40,00,000*",500,-,594(1),-,-,-,-,-,-,-,-,-
AP Govt-NS LOC (AU),OPEN-GEN,Andhra Pradesh,"GreatEastern MedSch,Srikakulam",GENERAL MEDICINE,"₹4,96,800*",Info not available*,1*,"₹40,00,000*",780,-,595(1),-,-,-,-,-,-,-,-,-
AP Govt-Serv LOC (AU),BCD-GEN,Andhra Pradesh,"GSL Med Coll, Rajahmundry",GENERAL SURGERY,"₹4,96,800*","₹30,000*",1*,"₹40,00,000*",1140,-,596(2),-,-,-,-,-,-,-,-,-
AP Govt-Serv LOC (AU),BCE-FEM,Andhra Pradesh,"GVP Med Coll, Vizag",SPM,"₹1,55,250*","₹30,000*",1*,"₹40,00,000*",750,-,597(1),-,-,-,-,-,-,-,-,-
AP Govt-NS APUR,OPEN-GEN,Andhra Pradesh,"Kurnool Med Coll, Kurnool",OPHTHALMOLOGY,"₹48,600*","₹60,823",1*,"₹40,00,000*",1150,598(1),-,-,-,-,-,-,-,-,-,-
AP Govt-Serv LOC (AU),BCB-GEN,Andhra Pradesh,"Dr PSI Med Coll, Chinoutpalli",GENERAL SURGERY,"₹4,96,800*","₹28,000*",1*,"₹40,00,000*",790,-,598(1),-,-,-,-,-,-,-,-,-
AP Govt-NS APUR,OPEN-FEM,Andhra Pradesh,"GSL Med Coll, Rajahmundry",RADIO DIAGNOSIS,"₹4,96,800*","₹30,000*",1*,"₹40,00,000*",1140,-,599(1),-,-,-,-,-,-,-,-,-
AP Govt-Serv LOC (AU),OPEN-GEN,Andhra Pradesh,"Andhra Med Coll, Vizag",PHARMACOLOGY,"₹48,600*","₹60,823",1*,"₹40,00,000*",1030,-,599(1),-,-,-,-,-,-,-,-,-
AP Govt-Serv LOC (AU),BCA-GEN,Andhra Pradesh,"Dr PSI Med Coll, Chinoutpalli",PATHOLOGY,"₹1,55,250*","₹28,000*",1*,"₹40,00,000*",790,-,600(1),-,-,-,-,-,-,-,-,-
AP Govt-Serv LOC (AU),BCE-GEN,Andhra Pradesh,"Guntur Med Coll, Guntur",PSYCHIATRY,"₹48,600*","₹60,823",1*,"₹40,00,000*",1170,-,366(1),602(1),-,-,-,-,-,-,-,-
AP Govt-Serv LOC (AU),BCB-GEN,Andhra Pradesh,"Andhra Med Coll, Vizag",BIOCHEMISTRY,"₹48,600*","₹60,823",1*,"₹40,00,000*",1030,-,603(1),-,-,-,-,-,-,-,-,-
AP Govt-Serv LOC (SVU),SC-GEN,Andhra Pradesh,"PES IMS, Kuppam",PSYCHIATRY,"₹4,96,800*","₹30,000*",1*,"₹40,00,000*",975,-,604(1),-,-,-,-,-,-,-,-,-
AP Govt-Serv APUR,SC-GEN,Andhra Pradesh,"Maharajah IMS, Vizianagaram",SPM,"₹1,55,250*",Info not available*,1*,"₹40,00,000*",850,-,605(1),-,-,-,-,-,-,-,-,-
AP Govt-Serv LOC (SVU),SC-GEN,Andhra Pradesh,"Govt Med Coll, Ananthapuram",MICROBIOLOGY,"₹48,600*","₹60,823",1*,"₹40,00,000*",500,-,606(1),-,-,-,-,-,-,-,-,-
AP Govt-Serv APUR,BCA-GEN,Andhra Pradesh,"NRI Med Coll, Guntur",OPHTHALMOLOGY,"₹4,96,800*","₹27,000*",1*,"₹40,00,000*",1050,-,500(1),607(1),-,-,-,-,-,-,-,-
AP Govt-NS LOC (AU),OPEN-FEM,Andhra Pradesh,"GSL Med Coll, Rajahmundry",RADIO DIAGNOSIS,"₹4,96,800*","₹30,000*",1*,"₹40,00,000*",1140,-,609(1),-,-,-,-,-,-,-,-,-
AP Govt-Serv LOC (SVU),OPEN-FEM,Andhra Pradesh,"Rajiv Gandhi IMS, Kadapa",SPM,"₹48,600*","₹60,823",1*,"₹40,00,000*",715,-,477(1),610(1),-,-,-,-,-,-,-,-
AP Govt-Serv LOC (AU),MIN-GEN-MSM,Andhra Pradesh,"Nimra Inst of Med Sci, Krishna",ORTHOPAEDICS,"₹4,96,800*",Info not available*,1*,"₹40,00,000*",-,-,611(1),-,-,-,-,-,-,-,-,-
AP Govt-Serv LOC (AU),OPEN-GEN,Andhra Pradesh,"Guntur Med Coll, Guntur",MICROBIOLOGY,"₹48,600*","₹60,823",1*,"₹40,00,000*",1170,-,612(1),-,-,-,-,-,-,-,-,-
AP Govt-Serv LOC (SVU),BCA-GEN,Andhra Pradesh,"Santhiram Med Coll, Nandyal",PATHOLOGY,"₹1,55,250*","₹30,000*",1*,"₹40,00,000*",930,-,614(1),-,-,-,-,-,-,-,-,-
AP Govt-Serv LOC (AU),SC-GEN,Andhra Pradesh,"Dr PSI Med Coll, Chinoutpalli",ANATOMY,"₹70,380*","₹28,000*",1*,"₹40,00,000*",790,-,615(1),-,-,-,-,-,-,-,-,-
AP Govt-Serv LOC (AU),OPEN-FEM,Andhra Pradesh,"Andhra Med Coll, Vizag",PHYSIOLOGY,"₹48,600*","₹60,823",1*,"₹40,00,000*",1030,-,616(1),-,-,-,-,-,-,-,-,-
AP Govt-NS UNR,OPEN-FEM,Andhra Pradesh,"Govt Siddhartha, Vijaywada",PAEDIATRICS,"₹48,600*","₹60,823",1*,"₹40,00,000*",707,255(1),617(1),-,-,-,-,-,-,-,-,-
AP Govt-Serv LOC (SVU),BCA-GEN,Andhra Pradesh,"PES IMS, Kuppam",OPHTHALMOLOGY,"₹4,96,800*","₹30,000*",1*,"₹40,00,000*",975,-,449(1),617(1),-,-,-,-,-,-,-,-
AP Govt-NS APUR,OPEN-GEN,Andhra Pradesh,"Rajiv Gandhi IMS, Ongole",PAEDIATRICS,"₹48,600*","₹60,823",1*,"₹40,00,000*",500,285(1),619(1),-,-,-,-,-,-,-,-,-
AP Govt-Serv LOC (SVU),BCB-GEN,Andhra Pradesh,"Narayana Med Coll, Nellore",EMERGENCY MEDICINE,"₹4,96,800*","₹30,000*",1*,"₹40,00,000*",1430,-,620(1),394(1),-,-,-,-,-,-,-,-
AP Govt-NS LOC (AU),BCD-GEN,Andhra Pradesh,"Guntur Med Coll, Guntur",OBG,"₹48,600*","₹60,823",1*,"₹40,00,000*",1170,621(1),-,-,-,-,-,-,-,-,-,-
AP Govt-Serv LOC (AU),BCB-GEN,Andhra Pradesh,"GSL Med Coll, Rajahmundry",GENERAL SURGERY,"₹4,96,800*","₹30,000*",1*,"₹40,00,000*",1140,-,621(1),-,-,-,-,-,-,-,-,-
AP Govt-NS LOC (AU),BCD-FEM,Andhra Pradesh,"Rangaraya Med Coll, Kakinada",PAEDIATRICS,"₹48,600*","₹60,823",1*,"₹40,00,000*",1450,-,622(1),-,-,-,-,-,-,-,-,-
AP Govt-Serv LOC (AU),ST-FEM,Andhra Pradesh,"Guntur Med Coll, Guntur",SPM,"₹48,600*","₹60,823",1*,"₹40,00,000*",1170,-,425(1),624(1),-,-,-,-,-,-,-,-
AP Govt-Serv LOC (SVU),BCB-FEM,Andhra Pradesh,"Govt Med Coll, Ananthapuram",MICROBIOLOGY,"₹48,600*","₹60,823",1*,"₹40,00,000*",500,-,625(1),-,-,-,-,-,-,-,-,-
AP Govt-NS APUR,BCA-GEN,Andhra Pradesh,"Konaseema IMS, Amalapuram",RADIO DIAGNOSIS,"₹4,96,800*","₹30,000*",1*,"₹40,00,000*",840,625(1),626(1),-,-,-,-,-,-,-,-,-
AP Govt-Serv LOC (SVU),OPEN-GEN,Andhra Pradesh,"Rajiv Gandhi IMS, Kadapa",ANATOMY,"₹48,600*","₹60,823",1*,"₹40,00,000*",715,-,627(1),-,-,-,-,-,-,-,-,-
AP Govt-Serv LOC (SVU),OPEN-GEN,Andhra Pradesh,"Narayana Med Coll, Nellore",PATHOLOGY,"₹1,55,250*","₹30,000*",1*,"₹40,00,000*",1430,-,628(1),-,-,-,-,-,-,-,-,-
AP Govt-NS LOC (SVU),OPEN-GEN,Andhra Pradesh,"Govt Med Coll, Ananthapuram",GENERAL SURGERY,"₹48,600*","₹60,823",1*,"₹40,00,000*",500,628(1),629(1),-,-,-,-,-,-,-,-,-
AP Govt-Serv LOC (AU),OPEN-FEM,Andhra Pradesh,"Maharajah IMS, Vizianagaram",GENERAL SURGERY,"₹4,96,800*",Info not available*,1*,"₹40,00,000*",850,-,629(1),-,-,-,-,-,-,-,-,-
AP Govt-NS LOC (SVU),BCA-FEM,Andhra Pradesh,"Kurnool Med Coll, Kurnool",OBG,"₹48,600*","₹60,823",1*,"₹40,00,000*",1150,629(1),630(1),-,-,-,-,-,-,-,-,-
AP Govt-Serv LOC (AU),OPEN-FEM,Andhra Pradesh,"Guntur Med Coll, Guntur",BIOCHEMISTRY,"₹48,600*","₹60,823",1*,"₹40,00,000*",1170,-,630(1),-,-,-,-,-,-,-,-,-
AP Govt-Serv LOC (AU),BCC-FEM,Andhra Pradesh,"Rajiv Gandhi IMS, Ongole",GENERAL SURGERY,"₹48,600*","₹60,823",1*,"₹40,00,000*",500,-,631(1),-,-,-,-,-,-,-,-,-
AP Govt-Serv LOC (AU),OPEN-GEN,Andhra Pradesh,"GVP Med Coll, Vizag",GENERAL SURGERY,"₹4,96,800*","₹30,000*",1*,"₹40,00,000*",750,-,324(1),632(1),-,-,-,-,-,-,-,-
AP Govt-Serv LOC (AU),BCB-GEN,Andhra Pradesh,"Andhra Med Coll, Vizag",SPM,"₹48,600*","₹60,823",1*,"₹40,00,000*",1030,-,632(1),-,-,-,-,-,-,-,-,-
AP Govt-Serv LOC (SVU),SC-FEM,Andhra Pradesh,"Rajiv Gandhi IMS, Kadapa",FORENSIC MEDICINE,"₹48,600*","₹60,823",1*,"₹40,00,000*",715,-,633(1),-,-,-,-,-,-,-,-,-
AP Govt-Serv LOC (SVU),BCD-GEN,Andhra Pradesh,"VMC, Kurnool",ENT,"₹4,96,800*","₹30,000*",1*,"₹40,00,000*",650,-,634(1),-,-,-,-,-,-,-,-,-
AP Govt-Serv APUR,SC-GEN,Andhra Pradesh,"Rajiv Gandhi IMS, Kadapa",SPM,"₹48,600*","₹60,823",1*,"₹40,00,000*",715,-,448(1),635(1),-,-,-,-,-,-,-,-
AP Govt-Serv LOC (SVU),BCB-GEN,Andhra Pradesh,"SVIMS, Tirupati",SPM,"₹2,11,600*","₹80,904*",1*,"₹40,00,000*",1257,-,636(1),486(1),-,-,-,-,-,-,-,-
AP Govt-NS LOC (AU),BCD-GEN,Andhra Pradesh,"Andhra Med Coll, Vizag",TBRD,"₹48,600*","₹60,823",1*,"₹40,00,000*",1030,636(1),637(1),-,-,-,-,-,-,-,-,-
AP Govt-Serv LOC (SVU),OPEN-GEN,Andhra Pradesh,"Rajiv Gandhi IMS, Kadapa",PHARMACOLOGY,"₹48,600*","₹60,823",1*,"₹40,00,000*",715,-,637(1),-,-,-,-,-,-,-,-,-
AP Govt-Serv LOC (AU),OPEN-GEN,Andhra Pradesh,"Alluri Sitaram Raju, Eluru",SPM,"₹1,55,250*","₹30,000*",1*,"₹40,00,000*",1200,-,619(1),640(1),-,-,-,-,-,-,-,-
AP Govt-NS APUR,OPEN-GEN,Andhra Pradesh,"NRI Med Coll, Guntur",PAEDIATRICS,"₹4,96,800*","₹27,000*",1*,"₹40,00,000*",1050,-,640(1),-,-,-,-,-,-,-,-,-
AP Govt-Serv LOC (SVU),SC-GEN,Andhra Pradesh,"Rajiv Gandhi IMS, Kadapa",PHARMACOLOGY,"₹48,600*","₹60,823",1*,"₹40,00,000*",715,-,642(1),-,-,-,-,-,-,-,-,-
AP Govt-Serv LOC (AU),OPEN-FEM,Andhra Pradesh,"GVP Med Coll, Vizag",ORTHOPAEDICS,"₹4,96,800*","₹30,000*",1*,"₹40,00,000*",750,-,643(1),-,-,-,-,-,-,-,-,-
AP Govt-Serv LOC (SVU),ST-GEN,Andhra Pradesh,"VMC, Kurnool",SPM,"₹1,55,250*","₹30,000*",1*,"₹40,00,000*",650,-,644(1),-,-,-,-,-,-,-,-,-
AP Govt-Serv LOC (AU),OPEN-GEN,Andhra Pradesh,"Rajiv Gandhi IMS, Ongole",MICROBIOLOGY,"₹48,600*","₹60,823",1*,"₹40,00,000*",500,-,646(1),-,-,-,-,-,-,-,-,-
AP Govt-Serv LOC (AU),SC-GEN,Andhra Pradesh,"Andhra Med Coll, Vizag",MICROBIOLOGY,"₹48,600*","₹60,823",1*,"₹40,00,000*",1030,-,647(1),-,-,-,-,-,-,-,-,-
AP Govt-NS LOC (SVU),BCB-FEM,Andhra Pradesh,"Santhiram Med Coll, Nandyal",RADIO DIAGNOSIS,"₹4,96,800*","₹30,000*",1*,"₹40,00,000*",930,648(1),649(1),-,-,-,-,-,-,-,-,-
AP Govt-Serv LOC (SVU),SC-GEN,Andhra Pradesh,"Kurnool Med Coll, Kurnool",BIOCHEMISTRY,"₹48,600*","₹60,823",1*,"₹40,00,000*",1150,-,650(1),-,-,-,-,-,-,-,-,-
AP Govt-Serv LOC (AU),OPEN-FEM,Andhra Pradesh,"Rangaraya Med Coll, Kakinada",MICROBIOLOGY,"₹48,600*","₹60,823",1*,"₹40,00,000*",1450,-,651(1),-,-,-,-,-,-,-,-,-
AP Govt-Serv LOC (SVU),OPEN-FEM,Andhra Pradesh,"PES IMS, Kuppam",SPM,"₹1,55,250*","₹30,000*",1*,"₹40,00,000*",975,-,652(1),-,-,-,-,-,-,-,-,-
AP Govt-Serv LOC (AU),SC-GEN,Andhra Pradesh,"Rangaraya Med Coll, Kakinada",PHARMACOLOGY,"₹48,600*","₹60,823",1*,"₹40,00,000*",1450,-,653(1),-,-,-,-,-,-,-,-,-
AP Govt-Serv LOC (AU),SC-GEN,Andhra Pradesh,"Rajiv Gandhi IMS, Ongole",SPM,"₹48,600*","₹60,823",1*,"₹40,00,000*",500,-,478(1),654(1),-,-,-,-,-,-,-,-
AP Govt-NS LOC (SVU),SC-GEN,Andhra Pradesh,"Kurnool Med Coll, Kurnool",RADIO DIAGNOSIS,"₹48,600*","₹60,823",1*,"₹40,00,000*",1150,279(1),654(1),-,-,-,-,-,-,-,-,-
AP Govt-Serv LOC (AU),SC-FEM,Andhra Pradesh,"Andhra Med Coll, Vizag",SPM,"₹48,600*","₹60,823",1*,"₹40,00,000*",1030,-,509(1),657(1),-,-,-,-,-,-,-,-
AP Govt-Serv UNR,OPEN-GEN,Andhra Pradesh,"Govt Siddhartha, Vijaywada",MICROBIOLOGY,"₹48,600*","₹60,823",1*,"₹40,00,000*",707,-,658(1),-,-,-,-,-,-,-,-,-
AP Govt-Serv LOC (AU),ST-GEN,Andhra Pradesh,"GVP Med Coll, Vizag",ANAESTHESIOLOGY,"₹4,96,800*","₹30,000*",1*,"₹40,00,000*",750,-,533(1),660(1),-,-,-,-,-,-,-,-
AP Govt-Serv LOC (SVU),BCD-GEN,Andhra Pradesh,"Kurnool Med Coll, Kurnool",PATHOLOGY,"₹48,600*","₹60,823",1*,"₹40,00,000*",1150,-,508(1),662(1),-,-,-,-,-,-,-,-
AP Govt-Serv LOC (AU),OPEN-FEM,Andhra Pradesh,"Rajiv Gandhi IMS, Srikakulam",PHARMACOLOGY,"₹48,600*","₹60,823",1*,"₹40,00,000*",532,-,663(1),-,-,-,-,-,-,-,-,-
AP Govt-Serv LOC (AU),SC-FEM,Andhra Pradesh,"Maharajah IMS, Vizianagaram",PHARMACOLOGY,"₹1,55,250*",Info not available*,1*,"₹40,00,000*",850,-,666(1),-,-,-,-,-,-,-,-,-
AP Govt-Serv UNR,OPEN-GEN,Andhra Pradesh,"Govt Siddhartha, Vijaywada",FORENSIC MEDICINE,"₹48,600*","₹60,823",1*,"₹40,00,000*",707,-,276(1),667(1),-,-,-,-,-,-,-,-
AP Govt-NS LOC (AU),BCD-GEN,Andhra Pradesh,"Guntur Med Coll, Guntur",DERMATOLOGY,"₹48,600*","₹60,823",1*,"₹40,00,000*",1170,133(1),674(1),-,-,-,-,-,-,-,-,-
AP Govt-Serv LOC (SVU),OPEN-GEN,Andhra Pradesh,"SVIMS, Tirupati",PATHOLOGY,"₹2,11,600*","₹80,904*",1*,"₹40,00,000*",1257,-,368(1),676(1),-,-,-,-,-,-,-,-
AP Govt-NS UNR,OPEN-GEN,Andhra Pradesh,"SV Med Coll, Tirupati",OBG,"₹48,600*","₹60,823",1*,"₹40,00,000*",940,319(1),677(1),-,-,-,-,-,-,-,-,-
AP Govt-NS LOC (AU),BCE-GEN,Andhra Pradesh,"Rangaraya Med Coll, Kakinada",OBG,"₹48,600*","₹60,823",1*,"₹40,00,000*",1450,679(1),-,-,-,-,-,-,-,-,-,-
AP Govt-NS LOC (AU),BCD-GEN,Andhra Pradesh,"GVP Med Coll, Vizag",RADIO DIAGNOSIS,"₹4,96,800*","₹30,000*",1*,"₹40,00,000*",750,684(1),686(1),-,-,-,-,-,-,-,-,-
AP Govt-Serv LOC (SVU),OPEN-FEM,Andhra Pradesh,"SV Med Coll, Tirupati",PATHOLOGY,"₹48,600*","₹60,823",1*,"₹40,00,000*",940,-,391(1),686(1),-,-,-,-,-,-,-,-
AP Govt-Serv LOC (AU),MIN-GEN-MSM,Andhra Pradesh,"Nimra Inst of Med Sci, Krishna",GENERAL SURGERY,"₹4,96,800*",Info not available*,1*,"₹40,00,000*",-,-,-,687(1),-,-,-,-,-,-,-,-
AP Govt-NS LOC (SVU),OPEN-GEN,Andhra Pradesh,"ACSR Medical College, Nellore",OPHTHALMOLOGY,"₹48,600*","₹60,823",1*,"₹40,00,000*",355,690(1),-,-,-,-,-,-,-,-,-,-
AP Govt-NS UNR,OPEN-GEN,Andhra Pradesh,"Rangaraya Med Coll, Kakinada",GENERAL SURGERY,"₹48,600*","₹60,823",1*,"₹40,00,000*",1450,507(1),691(1),-,-,-,-,-,-,-,-,-
AP Govt-NS UNR,BCD-GEN,Andhra Pradesh,"Govt Siddhartha, Vijaywada",PAEDIATRICS,"₹48,600*","₹60,823",1*,"₹40,00,000*",707,241(1),693(1),-,-,-,-,-,-,-,-,-
AP Govt-NS LOC (AU),BCB-FEM,Andhra Pradesh,"Guntur Med Coll, Guntur",OBG,"₹48,600*","₹60,823",1*,"₹40,00,000*",1170,698(1),700(1),-,-,-,-,-,-,-,-,-
AP Govt-Serv LOC (AU),BCB-GEN,Andhra Pradesh,"Rajiv Gandhi IMS, Ongole",PATHOLOGY,"₹48,600*","₹60,823",1*,"₹40,00,000*",500,-,513(1),708(1),-,-,-,-,-,-,-,-
AP Govt-Serv LOC (AU),BCA-GEN,Andhra Pradesh,"Guntur Med Coll, Guntur",SPM,"₹48,600*","₹60,823",1*,"₹40,00,000*",1170,-,458(1),709(1),-,-,-,-,-,-,-,-
AP Govt-Serv LOC (AU),BCB-GEN,Andhra Pradesh,"Rangaraya Med Coll, Kakinada",SPM,"₹48,600*","₹60,823",1*,"₹40,00,000*",1450,-,409(1),711(1),-,-,-,-,-,-,-,-
AP Govt-NS LOC (AU),BCD-FEM,Andhra Pradesh,"Alluri Sitaram Raju, Eluru",GENERAL MEDICINE,"₹4,96,800*","₹30,000*",1*,"₹40,00,000*",1200,710(1),712(1),-,-,-,-,-,-,-,-,-
AP Govt-Serv LOC (SVU),BCB-GEN,Andhra Pradesh,"Kurnool Med Coll, Kurnool",PHARMACOLOGY,"₹48,600*","₹60,823",1*,"₹40,00,000*",1150,-,430(1),715(1),-,-,-,-,-,-,-,-
AP Govt-Serv LOC (SVU),OPEN-FEM,Andhra Pradesh,"SV Med Coll, Tirupati",PHARMACOLOGY,"₹48,600*","₹60,823",1*,"₹40,00,000*",940,-,645(1),717(1),-,-,-,-,-,-,-,-
AP Govt-NS UNR,OPEN-GEN,Andhra Pradesh,"GSL Med Coll, Rajahmundry",DERMATOLOGY,"₹4,96,800*","₹30,000*",1*,"₹40,00,000*",1140,514(1),718(1),-,-,-,-,-,-,-,-,-
AP Govt-NS LOC (SVU),OPEN-GEN,Andhra Pradesh,"VMC, Kurnool",GENERAL MEDICINE,"₹4,96,800*","₹30,000*",1*,"₹40,00,000*",650,-,719(1),-,-,-,-,-,-,-,-,-
AP Govt-Serv LOC (AU),BCD-FEM,Andhra Pradesh,"Andhra Med Coll, Vizag",PHARMACOLOGY,"₹48,600*","₹60,823",1*,"₹40,00,000*",1030,-,578(1),721(1),-,-,-,-,-,-,-,-
AP Govt-NS LOC (AU),BCD-GEN,Andhra Pradesh,"Rajiv Gandhi IMS, Srikakulam",OBG,"₹48,600*","₹60,823",1*,"₹40,00,000*",532,724(1),-,-,-,-,-,-,-,-,-,-
AP Govt-Serv LOC (SVU),BCD-GEN,Andhra Pradesh,"Govt Med Coll, Ananthapuram",PATHOLOGY,"₹48,600*","₹60,823",1*,"₹40,00,000*",500,-,507(1),724(1),-,-,-,-,-,-,-,-
AP Govt-Serv APUR,OPEN-GEN,Andhra Pradesh,"GSL Med Coll, Rajahmundry",PATHOLOGY,"₹1,55,250*","₹30,000*",1*,"₹40,00,000*",1140,-,516(1),727(1),-,-,-,-,-,-,-,-
AP Govt-Serv LOC (SVU),OPEN-FEM,Andhra Pradesh,"VMC, Kurnool",PATHOLOGY,"₹1,55,250*","₹30,000*",1*,"₹40,00,000*",650,-,638(1),728(1),-,-,-,-,-,-,-,-
AP Govt-Serv LOC (SVU),BCE-GEN,Andhra Pradesh,"SV Med Coll, Tirupati",FORENSIC MEDICINE,"₹48,600*","₹60,823",1*,"₹40,00,000*",940,-,583(1),729(1),-,-,-,-,-,-,-,-
AP Govt-Serv UNR,OPEN-GEN,Andhra Pradesh,"Guntur Med Coll, Guntur",ANATOMY,"₹48,600*","₹60,823",1*,"₹40,00,000*",1170,-,481(1),730(1),-,-,-,-,-,-,-,-
AP Govt-NS APUR,BCB-GEN,Andhra Pradesh,"Andhra Med Coll, Vizag",ANAESTHESIOLOGY,"₹48,600*","₹60,823",1*,"₹40,00,000*",1030,733(1),-,-,-,-,-,-,-,-,-,-
AP Govt-NS LOC (AU),BCB-GEN,Andhra Pradesh,"Andhra Med Coll, Vizag",OBG,"₹48,600*","₹60,823",1*,"₹40,00,000*",1030,732(1),734(1),-,-,-,-,-,-,-,-,-
AP Govt-NS LOC (AU),OPEN-FEM,Andhra Pradesh,"NRI Med Coll, Guntur",PAEDIATRICS,"₹4,96,800*","₹27,000*",1*,"₹40,00,000*",1050,409(1),740(1),-,-,-,-,-,-,-,-,-
AP Govt-NS LOC (SVU),BCD-GEN,Andhra Pradesh,"SV Med Coll, Tirupati",OBG,"₹48,600*","₹60,823",1*,"₹40,00,000*",940,742(2),-,-,-,-,-,-,-,-,-,-
AP Govt-NS LOC (SVU),BCA-GEN,Andhra Pradesh,"Kurnool Med Coll, Kurnool",GENERAL SURGERY,"₹48,600*","₹60,823",1*,"₹40,00,000*",1150,744(1),746(1),-,-,-,-,-,-,-,-,-
AP Govt-NS LOC (AU),BCA-GEN,Andhra Pradesh,"Andhra Med Coll, Vizag",OBG,"₹48,600*","₹60,823",1*,"₹40,00,000*",1030,748(1),-,-,-,-,-,-,-,-,-,-
AP Govt-NS LOC (AU),OPEN-FEM,Andhra Pradesh,"GSL Med Coll, Rajahmundry",GENERAL MEDICINE,"₹4,96,800*","₹30,000*",1*,"₹40,00,000*",1140,312(1),756(1),-,-,-,-,-,-,-,-,-
AP Govt-NS LOC (AU),OPEN-GEN,Andhra Pradesh,"Alluri Sitaram Raju, Eluru",DERMATOLOGY,"₹4,96,800*","₹30,000*",1*,"₹40,00,000*",1200,762(1),764(1),-,-,-,-,-,-,-,-,-
AP Govt-NS LOC (AU),OPEN-GEN,Andhra Pradesh,"Maharajah IMS, Vizianagaram",RADIO DIAGNOSIS,"₹4,96,800*",Info not available*,1*,"₹40,00,000*",850,494(1),768(1),-,-,-,-,-,-,-,-,-
AP Govt-NS LOC (SVU),OPEN-GEN,Andhra Pradesh,"Rajiv Gandhi IMS, Kadapa",OBG,"₹48,600*","₹60,823",1*,"₹40,00,000*",715,616(1),771(1),-,-,-,-,-,-,-,-,-
AP Govt-NS APUR,OPEN-FEM,Andhra Pradesh,"Kurnool Med Coll, Kurnool",GENERAL SURGERY,"₹48,600*","₹60,823",1*,"₹40,00,000*",1150,329(1),773(1),-,-,-,-,-,-,-,-,-
AP Govt-NS APUR,OPEN-GEN,Andhra Pradesh,"Andhra Med Coll, Vizag",TBRD,"₹48,600*","₹60,823",1*,"₹40,00,000*",1030,-,787(1),-,-,-,-,-,-,-,-,-
AP Govt-NS LOC (SVU),BCB-GEN,Andhra Pradesh,"Narayana Med Coll, Nellore",DERMATOLOGY,"₹4,96,800*","₹30,000*",1*,"₹40,00,000*",1430,540(1),792(1),-,-,-,-,-,-,-,-,-
AP Govt-NS UNR,BCB-GEN,Andhra Pradesh,"PES IMS, Kuppam",GENERAL MEDICINE,"₹4,96,800*","₹30,000*",1*,"₹40,00,000*",975,-,796(1),-,-,-,-,-,-,-,-,-
AP Govt-NS LOC (SVU),BCA-GEN,Andhra Pradesh,"SV Med Coll, Tirupati",DERMATOLOGY,"₹48,600*","₹60,823",1*,"₹40,00,000*",940,473(1),806(1),-,-,-,-,-,-,-,-,-
AP Govt-NS LOC (SVU),BCE-GEN,Andhra Pradesh,"SV Med Coll, Tirupati",OBG,"₹48,600*","₹60,823",1*,"₹40,00,000*",940,807(1),-,-,-,-,-,-,-,-,-,-
AP Govt-NS LOC (AU),BCD-FEM,Andhra Pradesh,"Konaseema IMS, Amalapuram",GENERAL MEDICINE,"₹4,96,800*","₹30,000*",1*,"₹40,00,000*",840,809(1),-,-,-,-,-,-,-,-,-,-
AP Govt-NS LOC (AU),OPEN-GEN,Andhra Pradesh,"Dr PSI Med Coll, Chinoutpalli",DERMATOLOGY,"₹4,96,800*","₹28,000*",1*,"₹40,00,000*",790,283(1),812(1),-,-,-,-,-,-,-,-,-
AP Govt-NS LOC (AU),OPEN-GEN,Andhra Pradesh,"GreatEastern MedSch,Srikakulam",PAEDIATRICS,"₹4,96,800*",Info not available*,1*,"₹40,00,000*",780,657(1),816(1),-,-,-,-,-,-,-,-,-
AP Govt-NS UNR,OPEN-GEN,Andhra Pradesh,"Govt Siddhartha, Vijaywada",OBG,"₹48,600*","₹60,823",1*,"₹40,00,000*",707,289(1),819(1),-,-,-,-,-,-,-,-,-
AP Govt-NS LOC (SVU),BCE-FEM,Andhra Pradesh,"Kurnool Med Coll, Kurnool",OPHTHALMOLOGY,"₹48,600*","₹60,823",1*,"₹40,00,000*",1150,823(1),-,-,-,-,-,-,-,-,-,-
AP Govt-NS LOC (AU),BCB-FEM,Andhra Pradesh,"Rangaraya Med Coll, Kakinada",OBG,"₹48,600*","₹60,823",1*,"₹40,00,000*",1450,736(1),828(1),-,-,-,-,-,-,-,-,-
AP Govt-NS UNR,OPEN-GEN,Andhra Pradesh,"GSL Med Coll, Rajahmundry",PAEDIATRICS,"₹4,96,800*","₹30,000*",1*,"₹40,00,000*",1140,558(1),833(1),-,-,-,-,-,-,-,-,-
AP Govt-NS LOC (AU),BCE-GEN,Andhra Pradesh,"GSL Med Coll, Rajahmundry",GENERAL MEDICINE,"₹4,96,800*","₹30,000*",1*,"₹40,00,000*",1140,834(1),836(1),-,-,-,-,-,-,-,-,-
AP Govt-NS LOC (AU),BCD-FEM,Andhra Pradesh,"Dr PSI Med Coll, Chinoutpalli",RADIO DIAGNOSIS,"₹4,96,800*","₹28,000*",1*,"₹40,00,000*",790,844(1),846(1),-,-,-,-,-,-,-,-,-
AP Govt-NS LOC (AU),BCD-FEM,Andhra Pradesh,"Rangaraya Med Coll, Kakinada",GENERAL SURGERY,"₹48,600*","₹60,823",1*,"₹40,00,000*",1450,847(1),849(1),-,-,-,-,-,-,-,-,-
AP Govt-NS LOC (AU),BCA-GEN,Andhra Pradesh,"Rajiv Gandhi IMS, Srikakulam",DERMATOLOGY,"₹48,600*","₹60,823",1*,"₹40,00,000*",532,573(1),854(1),-,-,-,-,-,-,-,-,-
AP Govt-NS APUR,BCD-FEM,Andhra Pradesh,"GreatEastern MedSch,Srikakulam",OBG,"₹4,96,800*",Info not available*,1*,"₹40,00,000*",780,857(1),-,-,-,-,-,-,-,-,-,-
AP Govt-NS LOC (AU),OPEN-GEN,Andhra Pradesh,"Govt Siddhartha, Vijaywada",OBG,"₹48,600*","₹60,823",1*,"₹40,00,000*",707,-,859(1),-,-,-,-,-,-,-,-,-
AP Govt-NS LOC (AU),BCA-FEM,Andhra Pradesh,"Rangaraya Med Coll, Kakinada",GENERAL SURGERY,"₹48,600*","₹60,823",1*,"₹40,00,000*",1450,864(1),-,-,-,-,-,-,-,-,-,-
AP Govt-NS LOC (AU),BCB-GEN,Andhra Pradesh,"Dr PSI Med Coll, Chinoutpalli",PAEDIATRICS,"₹4,96,800*","₹28,000*",1*,"₹40,00,000*",790,868(1),-,-,-,-,-,-,-,-,-,-
AP Govt-NS LOC (AU),BCB-FEM,Andhra Pradesh,"NRI Inst of Med Sci, Vizag",GENERAL MEDICINE,"₹4,96,800*","₹40,000*",1*,"₹40,00,000*",980,876(1),879(1),-,-,-,-,-,-,-,-,-
AP Govt-NS LOC (AU),BCD-FEM,Andhra Pradesh,"Guntur Med Coll, Guntur",GENERAL SURGERY,"₹48,600*","₹60,823",1*,"₹40,00,000*",1170,885(1),-,-,-,-,-,-,-,-,-,-
AP Govt-NS LOC (SVU),BCB-GEN,Andhra Pradesh,"Rajiv Gandhi IMS, Kadapa",EMERGENCY MEDICINE,"₹48,600*","₹60,823",1*,"₹40,00,000*",715,894(1),897(1),-,-,-,-,-,-,-,-,-
AP Govt-NS APUR,OPEN-GEN,Andhra Pradesh,"SV Med Coll, Tirupati",GENERAL SURGERY,"₹48,600*","₹60,823",1*,"₹40,00,000*",940,464(1),906(1),-,-,-,-,-,-,-,-,-
AP Govt-NS LOC (AU),OPEN-FEM,Andhra Pradesh,"Guntur Med Coll, Guntur",TBRD,"₹48,600*","₹60,823",1*,"₹40,00,000*",1170,130(1),916(1),-,-,-,-,-,-,-,-,-
AP Govt-NS LOC (SVU),BCA-GEN,Andhra Pradesh,"Govt Med Coll, Ananthapuram",PAEDIATRICS,"₹48,600*","₹60,823",1*,"₹40,00,000*",500,596(1),930(1),-,-,-,-,-,-,-,-,-
AP Govt-NS LOC (SVU),SC-GEN,Andhra Pradesh,"SV Med Coll, Tirupati",GENERAL MEDICINE,"₹48,600*","₹60,823",1*,"₹40,00,000*",940,932(1),935(1),-,-,-,-,-,-,-,-,-
AP Govt-NS APUR,SC-GEN,Andhra Pradesh,"Govt Med Coll, Ananthapuram",GENERAL MEDICINE,"₹48,600*","₹60,823",1*,"₹40,00,000*",500,939(1),733(1),-,-,-,-,-,-,-,-,-
AP Govt-NS LOC (AU),BCD-GEN,Andhra Pradesh,"GSL Med Coll, Rajahmundry",PAEDIATRICS,"₹4,96,800*","₹30,000*",1*,"₹40,00,000*",1140,943(1),-,-,-,-,-,-,-,-,-,-
AP Govt-NS LOC (AU),BCC-FEM,Andhra Pradesh,"Rajiv Gandhi IMS, Ongole",OBG,"₹48,600*","₹60,823",1*,"₹40,00,000*",500,682(1),951(1),-,-,-,-,-,-,-,-,-
AP Govt-NS APUR,SC-GEN,Andhra Pradesh,"Rangaraya Med Coll, Kakinada",RADIO DIAGNOSIS,"₹48,600*","₹60,823",1*,"₹40,00,000*",1450,500(1),952(1),-,-,-,-,-,-,-,-,-
AP Govt-NS LOC (SVU),BCD-GEN,Andhra Pradesh,"SVIMS, Tirupati",GENERAL SURGERY,"₹2,11,600*","₹80,904*",1*,"₹40,00,000*",1257,783(1),965(1),-,-,-,-,-,-,-,-,-
AP Govt-NS LOC (AU),OPEN-FEM,Andhra Pradesh,"NRI Med Coll, Guntur",DERMATOLOGY,"₹4,96,800*","₹27,000*",1*,"₹40,00,000*",1050,654(1),966(1),-,-,-,-,-,-,-,-,-
AP Govt-NS LOC (SVU),BCB-FEM,Andhra Pradesh,"SV Med Coll, Tirupati",PAEDIATRICS,"₹48,600*","₹60,823",1*,"₹40,00,000*",940,383(1),967(1),-,-,-,-,-,-,-,-,-
AP Govt-NS LOC (AU),BCD-FEM,Andhra Pradesh,"GSL Med Coll, Rajahmundry",DERMATOLOGY,"₹4,96,800*","₹30,000*",1*,"₹40,00,000*",1140,973(1),-,-,-,-,-,-,-,-,-,-
AP Govt-NS LOC (SVU),BCA-GEN,Andhra Pradesh,"VMC, Kurnool",GENERAL MEDICINE,"₹4,96,800*","₹30,000*",1*,"₹40,00,000*",650,977(1),-,-,-,-,-,-,-,-,-,-
AP Govt-NS APUR,BCD-GEN,Andhra Pradesh,"ACSR Medical College, Nellore",PAEDIATRICS,"₹48,600*","₹60,823",1*,"₹40,00,000*",355,-,978(1),-,-,-,-,-,-,-,-,-
AP Govt-NS LOC (AU),BCD-FEM,Andhra Pradesh,"GreatEastern MedSch,Srikakulam",DERMATOLOGY,"₹4,96,800*",Info not available*,1*,"₹40,00,000*",780,978(1),-,-,-,-,-,-,-,-,-,-
AP Govt-NS LOC (SVU),BCD-FEM,Andhra Pradesh,"Narayana Med Coll, Nellore",PAEDIATRICS,"₹4,96,800*","₹30,000*",1*,"₹40,00,000*",1430,983(1),-,-,-,-,-,-,-,-,-,-
AP Govt-NS LOC (SVU),BCA-FEM,Andhra Pradesh,"PES IMS, Kuppam",PAEDIATRICS,"₹4,96,800*","₹30,000*",1*,"₹40,00,000*",975,985(1),-,-,-,-,-,-,-,-,-,-
AP Govt-NS LOC (SVU),OPEN-FEM,Andhra Pradesh,"Narayana Med Coll, Nellore",PAEDIATRICS,"₹4,96,800*","₹30,000*",1*,"₹40,00,000*",1430,-,987(1),-,-,-,-,-,-,-,-,-
AP Govt-NS APUR,OPEN-GEN,Andhra Pradesh,"Govt Med Coll, Ananthapuram",OBG,"₹48,600*","₹60,823",1*,"₹40,00,000*",500,456(1),990(1),-,-,-,-,-,-,-,-,-
AP Govt-NS LOC (AU),OPEN-GEN,Andhra Pradesh,"Rajiv Gandhi IMS, Srikakulam",OBG,"₹48,600*","₹60,823",1*,"₹40,00,000*",532,-,995(1),-,-,-,-,-,-,-,-,-
AP Govt-NS LOC (SVU),BCB-FEM,Andhra Pradesh,"VMC, Kurnool",GENERAL MEDICINE,"₹4,96,800*","₹30,000*",1*,"₹40,00,000*",650,1004(1),1008(1),-,-,-,-,-,-,-,-,-
AP Govt-NS APUR,OPEN-GEN,Andhra Pradesh,"Dr PSI Med Coll, Chinoutpalli",OBG,"₹4,96,800*","₹28,000*",1*,"₹40,00,000*",790,-,1019(1),-,-,-,-,-,-,-,-,-
AP Govt-NS UNR,OPEN-GEN,Andhra Pradesh,"Govt Siddhartha, Vijaywada",ANAESTHESIOLOGY,"₹48,600*","₹60,823",1*,"₹40,00,000*",707,1022(1),-,-,-,-,-,-,-,-,-,-
AP Govt-NS LOC (AU),OPEN-GEN,Andhra Pradesh,"Konaseema IMS, Amalapuram",DERMATOLOGY,"₹4,96,800*","₹30,000*",1*,"₹40,00,000*",840,810(1),1024(1),-,-,-,-,-,-,-,-,-
AP Govt-NS APUR,OPEN-GEN,Andhra Pradesh,"Rangaraya Med Coll, Kakinada",ORTHOPAEDICS,"₹48,600*","₹60,823",1*,"₹40,00,000*",1450,356(1),1025(1),-,-,-,-,-,-,-,-,-
AP Govt-NS UNR,OPEN-GEN,Andhra Pradesh,"Govt Siddhartha, Vijaywada",TBRD,"₹48,600*","₹60,823",1*,"₹40,00,000*",707,170(1),1028(1),-,-,-,-,-,-,-,-,-
AP Govt-NS LOC (SVU),OPEN-GEN,Andhra Pradesh,"Rajiv Gandhi IMS, Kadapa",TBRD,"₹48,600*","₹60,823",1*,"₹40,00,000*",715,663(1),1030(1),-,-,-,-,-,-,-,-,-
AP Govt-NS LOC (AU),BCE-FEM,Andhra Pradesh,"GSL Med Coll, Rajahmundry",RADIO DIAGNOSIS,"₹4,96,800*","₹30,000*",1*,"₹40,00,000*",1140,1026(1),1031(1),-,-,-,-,-,-,-,-,-
AP Govt-NS APUR,OPEN-GEN,Andhra Pradesh,"Alluri Sitaram Raju, Eluru",OBG,"₹4,96,800*","₹30,000*",1*,"₹40,00,000*",1200,693(1),1038(1),-,-,-,-,-,-,-,-,-
AP Govt-NS LOC (AU),BCA-GEN,Andhra Pradesh,"Guntur Med Coll, Guntur",GENERAL SURGERY,"₹48,600*","₹60,823",1*,"₹40,00,000*",1170,1035(1),1040(1),-,-,-,-,-,-,-,-,-
AP Govt-NS LOC (SVU),OPEN-FEM,Andhra Pradesh,"Govt Siddhartha, Vijaywada",OBG,"₹48,600*","₹60,823",1*,"₹40,00,000*",707,583(1),1048(1),-,-,-,-,-,-,-,-,-
AP Govt-NS LOC (AU),OPEN-GEN,Andhra Pradesh,"NRI Inst of Med Sci, Vizag",PAEDIATRICS,"₹4,96,800*","₹40,000*",1*,"₹40,00,000*",980,738(1),1052(1),-,-,-,-,-,-,-,-,-
AP Govt-NS LOC (SVU),OPEN-FEM,Andhra Pradesh,"SV Med Coll, Tirupati",TBRD,"₹48,600*","₹60,823",1*,"₹40,00,000*",940,543(1),1069(1),-,-,-,-,-,-,-,-,-
AP Govt-NS LOC (SVU),BCB-GEN,Andhra Pradesh,"SV Med Coll, Tirupati",OPHTHALMOLOGY,"₹48,600*","₹60,823",1*,"₹40,00,000*",940,1079(1),-,-,-,-,-,-,-,-,-,-
AP Govt-NS LOC (SVU),BCD-GEN,Andhra Pradesh,"SV Med Coll, Tirupati",DERMATOLOGY,"₹48,600*","₹60,823",1*,"₹40,00,000*",940,303(1),1092(1),-,-,-,-,-,-,-,-,-
AP Govt-NS LOC (AU),BCD-FEM,Andhra Pradesh,"Konaseema IMS, Amalapuram",PAEDIATRICS,"₹4,96,800*","₹30,000*",1*,"₹40,00,000*",840,1096(1),-,-,-,-,-,-,-,-,-,-
AP Govt-NS LOC (AU),OPEN-GEN,Andhra Pradesh,"Katuri Med Coll, Guntur",PAEDIATRICS,"₹4,96,800*",Info not available*,1*,"₹40,00,000*",1100,813(1),1098(1),-,-,-,-,-,-,-,-,-
AP Govt-NS LOC (SVU),SC-GEN,Andhra Pradesh,"Kurnool Med Coll, Kurnool",DERMATOLOGY,"₹48,600*","₹60,823",1*,"₹40,00,000*",1150,653(1),1108(1),-,-,-,-,-,-,-,-,-
AP Govt-NS APUR,OPEN-GEN,Andhra Pradesh,"PES IMS, Kuppam",OBG,"₹4,96,800*","₹30,000*",1*,"₹40,00,000*",975,646(1),1112(1),-,-,-,-,-,-,-,-,-
AP Govt-NS LOC (SVU),OPEN-FEM,Andhra Pradesh,"PES IMS, Kuppam",PAEDIATRICS,"₹4,96,800*","₹30,000*",1*,"₹40,00,000*",975,-,1113(2),-,-,-,-,-,-,-,-,-
AP Govt-NS APUR,BCB-GEN,Andhra Pradesh,"Dr PSI Med Coll, Chinoutpalli",OBG,"₹4,96,800*","₹28,000*",1*,"₹40,00,000*",790,1120(1),-,-,-,-,-,-,-,-,-,-
AP Govt-NS LOC (SVU),BCB-FEM,Andhra Pradesh,"Rajiv Gandhi IMS, Kadapa",OBG,"₹48,600*","₹60,823",1*,"₹40,00,000*",715,769(1),1125(1),-,-,-,-,-,-,-,-,-
AP Govt-NS APUR,OPEN-FEM,Andhra Pradesh,"GreatEastern MedSch,Srikakulam",OBG,"₹4,96,800*",Info not available*,1*,"₹40,00,000*",780,-,1127(1),-,-,-,-,-,-,-,-,-
AP Govt-NS APUR,OPEN-FEM,Andhra Pradesh,"Alluri Sitaram Raju, Eluru",PAEDIATRICS,"₹4,96,800*","₹30,000*",1*,"₹40,00,000*",1200,463(1),1128(1),-,-,-,-,-,-,-,-,-
AP Govt-NS LOC (SVU),OPEN-GEN,Andhra Pradesh,"Govt Siddhartha, Vijaywada",GENERAL SURGERY,"₹48,600*","₹60,823",1*,"₹40,00,000*",707,613(1),1130(1),-,-,-,-,-,-,-,-,-
AP Govt-NS LOC (AU),BCD-GEN,Andhra Pradesh,"GreatEastern MedSch,Srikakulam",OBG,"₹4,96,800*",Info not available*,1*,"₹40,00,000*",780,-,1133(1),-,-,-,-,-,-,-,-,-
AP Govt-NS LOC (SVU),BCB-GEN,Andhra Pradesh,"SV Med Coll, Tirupati",ENT,"₹48,600*","₹60,823",1*,"₹40,00,000*",940,1134(1),-,-,-,-,-,-,-,-,-,-
AP Govt-NS LOC (AU),BCB-GEN,Andhra Pradesh,"Govt Siddhartha, Vijaywada",OBG,"₹48,600*","₹60,823",1*,"₹40,00,000*",707,770(1),1145(1),-,-,-,-,-,-,-,-,-
AP Govt-NS LOC (SVU),BCD-GEN,Andhra Pradesh,"SVIMS, Tirupati",ANAESTHESIOLOGY,"₹2,11,600*","₹80,904*",1*,"₹40,00,000*",1257,1148(1),-,-,-,-,-,-,-,-,-,-
AP Govt-NS LOC (AU),BCA-GEN,Andhra Pradesh,"Rajiv Gandhi IMS, Ongole",DERMATOLOGY,"₹48,600*","₹60,823",1*,"₹40,00,000*",500,575(1),1157(1),-,-,-,-,-,-,-,-,-
AP Govt-NS LOC (SVU),BCD-FEM,Andhra Pradesh,"Kurnool Med Coll, Kurnool",OBG,"₹48,600*","₹60,823",1*,"₹40,00,000*",1150,552(1),1160(1),-,-,-,-,-,-,-,-,-
AP Govt-NS APUR,BCD-GEN,Andhra Pradesh,"Guntur Med Coll, Guntur",GENERAL SURGERY,"₹48,600*","₹60,823",1*,"₹40,00,000*",1170,785(1),1164(1),-,-,-,-,-,-,-,-,-
AP Govt-NS LOC (SVU),OPEN-GEN,Andhra Pradesh,"PES IMS, Kuppam",OBG,"₹4,96,800*","₹30,000*",1*,"₹40,00,000*",975,951(2),1166(1),-,-,-,-,-,-,-,-,-
AP Govt-NS LOC (SVU),BCA-GEN,Andhra Pradesh,"Kurnool Med Coll, Kurnool",TBRD,"₹48,600*","₹60,823",1*,"₹40,00,000*",1150,927(1),1174(1),-,-,-,-,-,-,-,-,-
AP Govt-NS LOC (AU),OPEN-FEM,Andhra Pradesh,"Rangaraya Med Coll, Kakinada",GENERAL SURGERY,"₹48,600*","₹60,823",1*,"₹40,00,000*",1450,522(1),1178(2),-,-,-,-,-,-,-,-,-
AP Govt-NS LOC (SVU),BCA-GEN,Andhra Pradesh,"Kurnool Med Coll, Kurnool",OBG,"₹48,600*","₹60,823",1*,"₹40,00,000*",1150,804(1),1179(1),-,-,-,-,-,-,-,-,-
AP Govt-NS LOC (AU),OPEN-FEM,Andhra Pradesh,"Katuri Med Coll, Guntur",GENERAL SURGERY,"₹4,96,800*",Info not available*,1*,"₹40,00,000*",1100,1179(1),-,-,-,-,-,-,-,-,-,-
AP Govt-NS LOC (AU),OPEN-FEM,Andhra Pradesh,"GSL Med Coll, Rajahmundry",DERMATOLOGY,"₹4,96,800*","₹30,000*",1*,"₹40,00,000*",1140,-,1181(1),-,-,-,-,-,-,-,-,-
AP Govt-NS LOC (SVU),OPEN-FEM,Andhra Pradesh,"Apollo IMS&R, Chittoor",PAEDIATRICS,"₹4,96,800*","₹30,000*",1*,"₹40,00,000*",850,517(1),1183(1),-,-,-,-,-,-,-,-,-
AP Govt-NS LOC (AU),OPEN-FEM,Andhra Pradesh,"Andhra Med Coll, Vizag",ANAESTHESIOLOGY,"₹48,600*","₹60,823",1*,"₹40,00,000*",1030,982(1),1195(1),-,-,-,-,-,-,-,-,-
AP Govt-NS LOC (AU),BCA-FEM,Andhra Pradesh,"Alluri Sitaram Raju, Eluru",PAEDIATRICS,"₹4,96,800*","₹30,000*",1*,"₹40,00,000*",1200,1191(1),1196(1),-,-,-,-,-,-,-,-,-
AP Govt-NS LOC (SVU),BCB-FEM,Andhra Pradesh,"Govt Med Coll, Ananthapuram",OBG,"₹48,600*","₹60,823",1*,"₹40,00,000*",500,963(1),1206(1),-,-,-,-,-,-,-,-,-
AP Govt-NS LOC (AU),BCB-FEM,Andhra Pradesh,"Rajiv Gandhi IMS, Ongole",PAEDIATRICS,"₹48,600*","₹60,823",1*,"₹40,00,000*",500,585(1),1215(1),-,-,-,-,-,-,-,-,-
AP Govt-NS UNR,BCE-GEN,Andhra Pradesh,"Govt Siddhartha, Vijaywada",ORTHOPAEDICS,"₹48,600*","₹60,823",1*,"₹40,00,000*",707,1219(1),-,-,-,-,-,-,-,-,-,-
AP Govt-NS LOC (SVU),BCD-GEN,Andhra Pradesh,"Kurnool Med Coll, Kurnool",GENERAL SURGERY,"₹48,600*","₹60,823",1*,"₹40,00,000*",1150,538(1),1226(1),-,-,-,-,-,-,-,-,-
AP Govt-NS LOC (SVU),BCD-FEM,Andhra Pradesh,"Govt Med Coll, Ananthapuram",OBG,"₹48,600*","₹60,823",1*,"₹40,00,000*",500,671(1),1231(1),-,-,-,-,-,-,-,-,-
AP Govt-NS UNR,BCD-GEN,Andhra Pradesh,"Narayana Med Coll, Nellore",PAEDIATRICS,"₹4,96,800*","₹30,000*",1*,"₹40,00,000*",1430,479(1),1251(1),-,-,-,-,-,-,-,-,-
AP Govt-NS LOC (AU),BCB-GEN,Andhra Pradesh,"Rajiv Gandhi IMS, Ongole",OBG,"₹48,600*","₹60,823",1*,"₹40,00,000*",500,826(1),1254(1),-,-,-,-,-,-,-,-,-
AP Govt-NS LOC (AU),BCB-GEN,Andhra Pradesh,"Maharajah IMS, Vizianagaram",GENERAL MEDICINE,"₹4,96,800*",Info not available*,1*,"₹40,00,000*",850,994(2),1263(1),-,-,-,-,-,-,-,-,-
AP Govt-NS LOC (AU),BCB-FEM,Andhra Pradesh,"Katuri Med Coll, Guntur",DERMATOLOGY,"₹4,96,800*",Info not available*,1*,"₹40,00,000*",1100,1261(1),1266(1),-,-,-,-,-,-,-,-,-
AP Govt-NS LOC (AU),OPEN-FEM,Andhra Pradesh,"Konaseema IMS, Amalapuram",OBG,"₹4,96,800*","₹30,000*",1*,"₹40,00,000*",840,752(1),1269(1),-,-,-,-,-,-,-,-,-
AP Govt-NS LOC (SVU),OPEN-FEM,Andhra Pradesh,"Narayana Med Coll, Nellore",OBG,"₹4,96,800*","₹30,000*",1*,"₹40,00,000*",1430,-,1272(1),-,-,-,-,-,-,-,-,-
AP Govt-NS LOC (SVU),BCB-GEN,Andhra Pradesh,"SV Med Coll, Tirupati",GENERAL SURGERY,"₹48,600*","₹60,823",1*,"₹40,00,000*",940,827(1),1277(1),-,-,-,-,-,-,-,-,-
AP Govt-NS LOC (AU),OPEN-FEM,Andhra Pradesh,"Govt Siddhartha, Vijaywada",ANAESTHESIOLOGY,"₹48,600*","₹60,823",1*,"₹40,00,000*",707,1279(1),-,-,-,-,-,-,-,-,-,-
AP Govt-NS LOC (AU),BCB-FEM,Andhra Pradesh,"NRI Inst of Med Sci, Vizag",OBG,"₹4,96,800*","₹40,000*",1*,"₹40,00,000*",980,1283(1),-,-,-,-,-,-,-,-,-,-
AP Govt-NS LOC (AU),OPEN-FEM,Andhra Pradesh,"Konaseema IMS, Amalapuram",PAEDIATRICS,"₹4,96,800*","₹30,000*",1*,"₹40,00,000*",840,-,1284(1),-,-,-,-,-,-,-,-,-
AP Govt-NS LOC (AU),BCB-GEN,Andhra Pradesh,"Guntur Med Coll, Guntur",ANAESTHESIOLOGY,"₹48,600*","₹60,823",1*,"₹40,00,000*",1170,1289(1),-,-,-,-,-,-,-,-,-,-
AP Govt-NS LOC (SVU),BCA-FEM,Andhra Pradesh,"SV Med Coll, Tirupati",OBG,"₹48,600*","₹60,823",1*,"₹40,00,000*",940,1125(1),1292(1),-,-,-,-,-,-,-,-,-
AP Govt-NS LOC (AU),BCB-FEM,Andhra Pradesh,"GreatEastern MedSch,Srikakulam",RADIO DIAGNOSIS,"₹4,96,800*",Info not available*,1*,"₹40,00,000*",780,465(1),1297(1),-,-,-,-,-,-,-,-,-
AP Govt-NS LOC (SVU),BCE-GEN,Andhra Pradesh,"Kurnool Med Coll, Kurnool",ORTHOPAEDICS,"₹48,600*","₹60,823",1*,"₹40,00,000*",1150,1307(1),-,-,-,-,-,-,-,-,-,-
AP Govt-NS APUR,OPEN-GEN,Andhra Pradesh,"ACSR Medical College, Nellore",TBRD,"₹48,600*","₹60,823",1*,"₹40,00,000*",355,574(1),1313(1),-,-,-,-,-,-,-,-,-
AP Govt-NS LOC (AU),BCB-GEN,Andhra Pradesh,"Guntur Med Coll, Guntur",GENERAL SURGERY,"₹48,600*","₹60,823",1*,"₹40,00,000*",1170,801(1),1318(1),-,-,-,-,-,-,-,-,-
AP Govt-NS LOC (SVU),BCB-GEN,Andhra Pradesh,"Santhiram Med Coll, Nandyal",PAEDIATRICS,"₹4,96,800*","₹30,000*",1*,"₹40,00,000*",930,790(1),1322(1),-,-,-,-,-,-,-,-,-
AP Govt-NS LOC (SVU),OPEN-GEN,Andhra Pradesh,"Narayana Med Coll, Nellore",OBG,"₹4,96,800*","₹30,000*",1*,"₹40,00,000*",1430,829(2),1329(2),-,-,-,-,-,-,-,-,-
AP Govt-NS LOC (AU),SC-FEM,Andhra Pradesh,"Andhra Med Coll, Vizag",GENERAL MEDICINE,"₹48,600*","₹60,823",1*,"₹40,00,000*",1030,325(1),1336(1),-,-,-,-,-,-,-,-,-
AP Govt-NS LOC (AU),SC-FEM,Andhra Pradesh,"Rangaraya Med Coll, Kakinada",DERMATOLOGY,"₹48,600*","₹60,823",1*,"₹40,00,000*",1450,1342(1),1347(1),-,-,-,-,-,-,-,-,-
AP Govt-NS LOC (AU),BCA-FEM,Andhra Pradesh,"GSL Med Coll, Rajahmundry",GENERAL MEDICINE,"₹4,96,800*","₹30,000*",1*,"₹40,00,000*",1140,1346(2),1351(2),-,-,-,-,-,-,-,-,-
AP Govt-NS LOC (AU),BCB-GEN,Andhra Pradesh,"GSL Med Coll, Rajahmundry",OBG,"₹4,96,800*","₹30,000*",1*,"₹40,00,000*",1140,1286(1),1361(1),-,-,-,-,-,-,-,-,-
AP Govt-NS LOC (SVU),SC-FEM,Andhra Pradesh,"Kurnool Med Coll, Kurnool",GENERAL MEDICINE,"₹48,600*","₹60,823",1*,"₹40,00,000*",1150,1364(1),1369(1),-,-,-,-,-,-,-,-,-
AP Govt-NS LOC (AU),OPEN-FEM,Andhra Pradesh,"Maharajah IMS, Vizianagaram",PAEDIATRICS,"₹4,96,800*",Info not available*,1*,"₹40,00,000*",850,814(1),1376(1),-,-,-,-,-,-,-,-,-
AP Govt-NS APUR,OPEN-FEM,Andhra Pradesh,"Maharajah IMS, Vizianagaram",OBG,"₹4,96,800*",Info not available*,1*,"₹40,00,000*",850,841(1),1393(1),-,-,-,-,-,-,-,-,-
AP Govt-NS LOC (SVU),BCD-GEN,Andhra Pradesh,"PES IMS, Kuppam",OBG,"₹4,96,800*","₹30,000*",1*,"₹40,00,000*",975,-,1405(1),-,-,-,-,-,-,-,-,-
AP Govt-NS LOC (AU),BCA-GEN,Andhra Pradesh,"Alluri Sitaram Raju, Eluru",OBG,"₹4,96,800*","₹30,000*",1*,"₹40,00,000*",1200,1404(1),1409(1),-,-,-,-,-,-,-,-,-
AP Govt-NS LOC (OU),OPEN-FEM,Andhra Pradesh,"Govt Siddhartha, Vijaywada",OBG,"₹48,600*","₹60,823",1*,"₹40,00,000*",707,539(1),1413(1),-,-,-,-,-,-,-,-,-
AP Govt-NS LOC (SVU),BCA-GEN,Andhra Pradesh,"PES IMS, Kuppam",OBG,"₹4,96,800*","₹30,000*",1*,"₹40,00,000*",975,1174(1),1415(1),-,-,-,-,-,-,-,-,-
AP Govt-NS LOC (AU),OPEN-FEM,Andhra Pradesh,"Rangaraya Med Coll, Kakinada",ORTHOPAEDICS,"₹48,600*","₹60,823",1*,"₹40,00,000*",1450,1413(1),1418(1),-,-,-,-,-,-,-,-,-
AP Govt-NS LOC (SVU),BCD-FEM,Andhra Pradesh,"SV Med Coll, Tirupati",GENERAL SURGERY,"₹48,600*","₹60,823",1*,"₹40,00,000*",940,1221(1),1420(1),-,-,-,-,-,-,-,-,-
AP Govt-NS LOC (SVU),BCE-GEN,Andhra Pradesh,"SV Med Coll, Tirupati",OPHTHALMOLOGY,"₹48,600*","₹60,823",1*,"₹40,00,000*",940,1425(1),-,-,-,-,-,-,-,-,-,-
AP Govt-NS LOC (AU),BCD-FEM,Andhra Pradesh,"Guntur Med Coll, Guntur",OPHTHALMOLOGY,"₹48,600*","₹60,823",1*,"₹40,00,000*",1170,1428(1),-,-,-,-,-,-,-,-,-,-
AP Govt-NS LOC (SVU),BCB-GEN,Andhra Pradesh,"SV Med Coll, Tirupati",TBRD,"₹48,600*","₹60,823",1*,"₹40,00,000*",940,794(1),1436(1),-,-,-,-,-,-,-,-,-
AP Govt-NS LOC (SVU),BCD-GEN,Andhra Pradesh,"Narayana Med Coll, Nellore",OBG,"₹4,96,800*","₹30,000*",1*,"₹40,00,000*",1430,1011(1),1454(1),-,-,-,-,-,-,-,-,-
AP Govt-NS LOC (AU),BCB-FEM,Andhra Pradesh,"Dr PSI Med Coll, Chinoutpalli",GENERAL SURGERY,"₹4,96,800*","₹28,000*",1*,"₹40,00,000*",790,1455(1),-,-,-,-,-,-,-,-,-,-
AP Govt-NS LOC (AU),BCB-GEN,Andhra Pradesh,"Katuri Med Coll, Guntur",OBG,"₹4,96,800*",Info not available*,1*,"₹40,00,000*",1100,1140(1),1460(1),-,-,-,-,-,-,-,-,-
AP Govt-NS LOC (AU),OPEN-FEM,Andhra Pradesh,"Govt Siddhartha, Vijaywada",GENERAL SURGERY,"₹48,600*","₹60,823",1*,"₹40,00,000*",707,453(1),1461(1),-,-,-,-,-,-,-,-,-
AP Govt-NS UNR,BCB-GEN,Andhra Pradesh,"GSL Med Coll, Rajahmundry",GENERAL SURGERY,"₹4,96,800*","₹30,000*",1*,"₹40,00,000*",1140,1466(1),-,-,-,-,-,-,-,-,-,-
AP Govt-NS LOC (AU),OPEN-FEM,Andhra Pradesh,"GVP Med Coll, Vizag",PAEDIATRICS,"₹4,96,800*","₹30,000*",1*,"₹40,00,000*",750,660(1),1468(1),-,-,-,-,-,-,-,-,-
AP Govt-NS APUR,BCB-GEN,Andhra Pradesh,"Rajiv Gandhi IMS, Ongole",TBRD,"₹48,600*","₹60,823",1*,"₹40,00,000*",500,1025(1),1471(1),-,-,-,-,-,-,-,-,-
AP Govt-NS LOC (SVU),SC-FEM,Andhra Pradesh,"SV Med Coll, Tirupati",GENERAL MEDICINE,"₹48,600*","₹60,823",1*,"₹40,00,000*",940,1434(1),1472(1),-,-,-,-,-,-,-,-,-
AP Govt-NS LOC (AU),BCD-FEM,Andhra Pradesh,"Alluri Sitaram Raju, Eluru",TBRD,"₹4,96,800*","₹30,000*",1*,"₹40,00,000*",1200,1468(1),1473(1),-,-,-,-,-,-,-,-,-
AP Govt-NS LOC (AU),OPEN-GEN,Andhra Pradesh,"Guntur Med Coll, Guntur",ORTHOPAEDICS,"₹48,600*","₹60,823",1*,"₹40,00,000*",1170,750(1),1477(2),-,-,-,-,-,-,-,-,-
AP Govt-NS LOC (AU),BCA-GEN,Andhra Pradesh,"Konaseema IMS, Amalapuram",GENERAL MEDICINE,"₹4,96,800*","₹30,000*",1*,"₹40,00,000*",840,1476(1),1481(1),-,-,-,-,-,-,-,-,-
AP Govt-NS LOC (AU),OPEN-GEN,Andhra Pradesh,"Alluri Sitaram Raju, Eluru",GENERAL SURGERY,"₹4,96,800*","₹30,000*",1*,"₹40,00,000*",1200,991(2),1485(2),-,-,-,-,-,-,-,-,-
AP Govt-NS LOC (AU),BCE-GEN,Andhra Pradesh,"Dr PSI Med Coll, Chinoutpalli",OBG,"₹4,96,800*","₹28,000*",1*,"₹40,00,000*",790,1490(1),1495(1),-,-,-,-,-,-,-,-,-
AP Govt-NS LOC (AU),SC-GEN,Andhra Pradesh,"Rangaraya Med Coll, Kakinada",PAEDIATRICS,"₹48,600*","₹60,823",1*,"₹40,00,000*",1450,1331(1),1500(1),-,-,-,-,-,-,-,-,-
AP Govt-NS UNR,OPEN-GEN,Andhra Pradesh,"Govt Siddhartha, Vijaywada",ORTHOPAEDICS,"₹48,600*","₹60,823",1*,"₹40,00,000*",707,581(1),1501(2),-,-,-,-,-,-,-,-,-
AP Govt-NS LOC (SVU),BCE-FEM,Andhra Pradesh,"Rajiv Gandhi IMS, Kadapa",ENT,"₹48,600*","₹60,823",1*,"₹40,00,000*",715,1508(1),-,-,-,-,-,-,-,-,-,-
AP Govt-NS LOC (SVU),OPEN-FEM,Andhra Pradesh,"Kurnool Med Coll, Kurnool",OPHTHALMOLOGY,"₹48,600*","₹60,823",1*,"₹40,00,000*",1150,-,1513(1),-,-,-,-,-,-,-,-,-
AP Govt-NS LOC (SVU),SC-FEM,Andhra Pradesh,"Rajiv Gandhi IMS, Kadapa",RADIO DIAGNOSIS,"₹48,600*","₹60,823",1*,"₹40,00,000*",715,1509(1),1514(1),-,-,-,-,-,-,-,-,-
AP Govt-NS LOC (SVU),OPEN-FEM,Andhra Pradesh,"Kurnool Med Coll, Kurnool",PATHOLOGY,"₹48,600*","₹60,823",1*,"₹40,00,000*",1150,1519(1),1524(1),-,-,-,-,-,-,-,-,-
AP Govt-NS LOC (AU),BCA-GEN,Andhra Pradesh,"GSL Med Coll, Rajahmundry",OBG,"₹4,96,800*","₹30,000*",1*,"₹40,00,000*",1140,1527(1),1532(1),-,-,-,-,-,-,-,-,-
AP Govt-NS LOC (AU),BCD-FEM,Andhra Pradesh,"GSL Med Coll, Rajahmundry",PAEDIATRICS,"₹4,96,800*","₹30,000*",1*,"₹40,00,000*",1140,-,1534(1),-,-,-,-,-,-,-,-,-
AP Govt-NS APUR,BCA-GEN,Andhra Pradesh,"Guntur Med Coll, Guntur",ANAESTHESIOLOGY,"₹48,600*","₹60,823",1*,"₹40,00,000*",1170,1532(1),1539(1),-,-,-,-,-,-,-,-,-
AP Govt-NS LOC (AU),BCE-GEN,Andhra Pradesh,"Dr PSI Med Coll, Chinoutpalli",DERMATOLOGY,"₹4,96,800*","₹28,000*",1*,"₹40,00,000*",790,1537(1),1544(1),-,-,-,-,-,-,-,-,-
AP Govt-NS LOC (AU),OPEN-FEM,Andhra Pradesh,"GSL Med Coll, Rajahmundry",TBRD,"₹4,96,800*","₹30,000*",1*,"₹40,00,000*",1140,981(1),1551(1),-,-,-,-,-,-,-,-,-
AP Govt-NS APUR,BCB-GEN,Andhra Pradesh,"Alluri Sitaram Raju, Eluru",ORTHOPAEDICS,"₹4,96,800*","₹30,000*",1*,"₹40,00,000*",1200,1557(1),-,-,-,-,-,-,-,-,-,-
AP Govt-NS LOC (AU),BCC-GEN,Andhra Pradesh,"Maharajah IMS, Vizianagaram",GENERAL MEDICINE,"₹4,96,800*",Info not available*,1*,"₹40,00,000*",850,1550(1),1557(1),-,-,-,-,-,-,-,-,-
AP Govt-NS LOC (SVU),OPEN-GEN,Andhra Pradesh,"Govt Med Coll, Ananthapuram",ORTHOPAEDICS,"₹48,600*","₹60,823",1*,"₹40,00,000*",500,134(1),1564(1),-,-,-,-,-,-,-,-,-
AP Govt-NS LOC (AU),BCC-GEN,Andhra Pradesh,"Guntur Med Coll, Guntur",GENERAL SURGERY,"₹48,600*","₹60,823",1*,"₹40,00,000*",1170,947(1),1570(1),-,-,-,-,-,-,-,-,-
AP Govt-NS APUR,BCB-GEN,Andhra Pradesh,"GreatEastern MedSch,Srikakulam",GENERAL SURGERY,"₹4,96,800*",Info not available*,1*,"₹40,00,000*",780,1313(1),1586(1),-,-,-,-,-,-,-,-,-
AP Govt-NS LOC (AU),OPEN-GEN,Andhra Pradesh,"Dr PSI Med Coll, Chinoutpalli",PAEDIATRICS,"₹4,96,800*","₹28,000*",1*,"₹40,00,000*",790,467(1),985(2),1589(1),-,-,-,-,-,-,-,-
AP Govt-NS LOC (AU),BCB-FEM,Andhra Pradesh,"Andhra Med Coll, Vizag",OPHTHALMOLOGY,"₹48,600*","₹60,823",1*,"₹40,00,000*",1030,1589(1),-,-,-,-,-,-,-,-,-,-
AP Govt-NS LOC (AU),BCA-GEN,Andhra Pradesh,"Katuri Med Coll, Guntur",GENERAL MEDICINE,"₹4,96,800*",Info not available*,1*,"₹40,00,000*",1100,1583(1),1590(1),-,-,-,-,-,-,-,-,-
AP Govt-NS LOC (AU),ST-GEN,Andhra Pradesh,"Andhra Med Coll, Vizag",RADIO DIAGNOSIS,"₹48,600*","₹60,823",1*,"₹40,00,000*",1030,1587(1),1594(1),-,-,-,-,-,-,-,-,-
AP Govt-NS LOC (AU),OPEN-FEM,Andhra Pradesh,"NRI Inst of Med Sci, Vizag",OBG,"₹4,96,800*","₹40,000*",1*,"₹40,00,000*",980,-,1603(1),-,-,-,-,-,-,-,-,-
AP Govt-NS LOC (AU),OPEN-GEN,Andhra Pradesh,"Maharajah IMS, Vizianagaram",OBG,"₹4,96,800*",Info not available*,1*,"₹40,00,000*",850,905(1),1606(1),-,-,-,-,-,-,-,-,-
AP Govt-NS LOC (SVU),BCB-GEN,Andhra Pradesh,"Narayana Med Coll, Nellore",EMERGENCY MEDICINE,"₹4,96,800*","₹30,000*",1*,"₹40,00,000*",1430,-,1614(1),-,-,-,-,-,-,-,-,-
AP Govt-NS UNR,BCB-GEN,Andhra Pradesh,"GSL Med Coll, Rajahmundry",ORTHOPAEDICS,"₹4,96,800*","₹30,000*",1*,"₹40,00,000*",1140,1614(1),1621(1),-,-,-,-,-,-,-,-,-
AP Govt-NS LOC (SVU),OPEN-GEN,Andhra Pradesh,"PES IMS, Kuppam",GENERAL SURGERY,"₹4,96,800*","₹30,000*",1*,"₹40,00,000*",975,940(1),1624(1),-,-,-,-,-,-,-,-,-
AP Govt-NS UNR,BCA-FEM,Andhra Pradesh,"Konaseema IMS, Amalapuram",OBG,"₹4,96,800*","₹30,000*",1*,"₹40,00,000*",840,949(1),1633(1),-,-,-,-,-,-,-,-,-
AP Govt-NS LOC (SVU),SC-GEN,Andhra Pradesh,"SV Med Coll, Tirupati",PAEDIATRICS,"₹48,600*","₹60,823",1*,"₹40,00,000*",940,1467(1),1635(1),-,-,-,-,-,-,-,-,-
AP Govt-NS LOC (AU),OPEN-GEN,Andhra Pradesh,"NRI Inst of Med Sci, Vizag",OBG,"₹4,96,800*","₹40,000*",1*,"₹40,00,000*",980,706(1),1638(1),-,-,-,-,-,-,-,-,-
AP Govt-NS UNR,OPEN-GEN,Andhra Pradesh,"Andhra Med Coll, Vizag",OPHTHALMOLOGY,"₹48,600*","₹60,823",1*,"₹40,00,000*",1030,392(1),1639(1),-,-,-,-,-,-,-,-,-
AP Govt-NS APUR,BCD-GEN,Andhra Pradesh,"Rajiv Gandhi IMS, Ongole",GENERAL SURGERY,"₹48,600*","₹60,823",1*,"₹40,00,000*",500,961(1),1640(1),-,-,-,-,-,-,-,-,-
AP Govt-NS LOC (AU),BCA-GEN,Andhra Pradesh,"Guntur Med Coll, Guntur",TBRD,"₹48,600*","₹60,823",1*,"₹40,00,000*",1170,1666(1),1674(1),-,-,-,-,-,-,-,-,-
AP Govt-NS LOC (AU),BCC-GEN,Andhra Pradesh,"Andhra Med Coll, Vizag",TBRD,"₹48,600*","₹60,823",1*,"₹40,00,000*",1030,1681(1),1689(1),-,-,-,-,-,-,-,-,-
AP Govt-NS LOC (AU),BCA-GEN,Andhra Pradesh,"Katuri Med Coll, Guntur",PAEDIATRICS,"₹4,96,800*",Info not available*,1*,"₹40,00,000*",1100,1596(1),1690(1),-,-,-,-,-,-,-,-,-
AP Govt-NS LOC (SVU),BCA-GEN,Andhra Pradesh,"Rajiv Gandhi IMS, Kadapa",OPHTHALMOLOGY,"₹48,600*","₹60,823",1*,"₹40,00,000*",715,1688(1),1696(1),-,-,-,-,-,-,-,-,-
AP Govt-NS LOC (AU),BCD-FEM,Andhra Pradesh,"Guntur Med Coll, Guntur",EMERGENCY MEDICINE,"₹48,600*","₹60,823",1*,"₹40,00,000*",1170,1308(1),1716(1),-,-,-,-,-,-,-,-,-
AP Govt-NS UNR,OPEN-GEN,Andhra Pradesh,"Dr PSI Med Coll, Chinoutpalli",ORTHOPAEDICS,"₹4,96,800*","₹28,000*",1*,"₹40,00,000*",790,-,1718(1),-,-,-,-,-,-,-,-,-
AP Govt-NS LOC (AU),BCE-FEM,Andhra Pradesh,"Maharajah IMS, Vizianagaram",OBG,"₹4,96,800*",Info not available*,1*,"₹40,00,000*",850,1720(1),1728(1),-,-,-,-,-,-,-,-,-
AP Govt-NS LOC (AU),BCB-FEM,Andhra Pradesh,"NRI Med Coll, Guntur",ANAESTHESIOLOGY,"₹4,96,800*","₹27,000*",1*,"₹40,00,000*",1050,1728(1),-,-,-,-,-,-,-,-,-,-
AP Govt-NS LOC (AU),BCB-GEN,Andhra Pradesh,"Konaseema IMS, Amalapuram",OBG,"₹4,96,800*","₹30,000*",1*,"₹40,00,000*",840,1292(1),1736(1),-,-,-,-,-,-,-,-,-
AP Govt-NS UNR,BCB-GEN,Andhra Pradesh,"Santhiram Med Coll, Nandyal",GENERAL SURGERY,"₹4,96,800*","₹30,000*",1*,"₹40,00,000*",930,1044(1),1743(1),-,-,-,-,-,-,-,-,-
AP Govt-NS LOC (AU),OPEN-FEM,Andhra Pradesh,"NRI Inst of Med Sci, Vizag",TBRD,"₹4,96,800*","₹40,000*",1*,"₹40,00,000*",980,1371(1),1751(1),-,-,-,-,-,-,-,-,-
AP Govt-NS LOC (AU),BCB-GEN,Andhra Pradesh,"Katuri Med Coll, Guntur",OPHTHALMOLOGY,"₹4,96,800*",Info not available*,1*,"₹40,00,000*",1100,1752(1),-,-,-,-,-,-,-,-,-,-
AP Govt-NS LOC (SVU),BCB-FEM,Andhra Pradesh,"Narayana Med Coll, Nellore",OBG,"₹4,96,800*","₹30,000*",1*,"₹40,00,000*",1430,1049(1),1753(1),-,-,-,-,-,-,-,-,-
AP Govt-NS LOC (AU),BCB-GEN,Andhra Pradesh,"GSL Med Coll, Rajahmundry",PAEDIATRICS,"₹4,96,800*","₹30,000*",1*,"₹40,00,000*",1140,1258(2),1757(2),-,-,-,-,-,-,-,-,-
AP Govt-NS LOC (AU),OPEN-FEM,Andhra Pradesh,"GreatEastern MedSch,Srikakulam",DERMATOLOGY,"₹4,96,800*",Info not available*,1*,"₹40,00,000*",780,-,1151(1),1766(1),-,-,-,-,-,-,-,-
AP Govt-NS LOC (SVU),BCA-GEN,Andhra Pradesh,"Govt Med Coll, Ananthapuram",GENERAL SURGERY,"₹48,600*","₹60,823",1*,"₹40,00,000*",500,771(1),1770(1),-,-,-,-,-,-,-,-,-
AP Govt-NS LOC (AU),BCA-FEM,Andhra Pradesh,"Rangaraya Med Coll, Kakinada",OPHTHALMOLOGY,"₹48,600*","₹60,823",1*,"₹40,00,000*",1450,1774(1),-,-,-,-,-,-,-,-,-,-
AP Govt-NS APUR,BCA-GEN,Andhra Pradesh,"Dr PSI Med Coll, Chinoutpalli",GENERAL SURGERY,"₹4,96,800*","₹28,000*",1*,"₹40,00,000*",790,1772(1),1780(1),-,-,-,-,-,-,-,-,-
AP Govt-NS LOC (SVU),BCD-GEN,Andhra Pradesh,"Rajiv Gandhi IMS, Kadapa",TBRD,"₹48,600*","₹60,823",1*,"₹40,00,000*",715,1083(1),1786(1),-,-,-,-,-,-,-,-,-
AP Govt-NS UNR,BCB-GEN,Andhra Pradesh,"Santhiram Med Coll, Nandyal",OBG,"₹4,96,800*","₹30,000*",1*,"₹40,00,000*",930,1201(1),1802(1),-,-,-,-,-,-,-,-,-
AP Govt-NS APUR,BCB-GEN,Andhra Pradesh,"Kurnool Med Coll, Kurnool",ANAESTHESIOLOGY,"₹48,600*","₹60,823",1*,"₹40,00,000*",1150,1197(1),1803(1),-,-,-,-,-,-,-,-,-
AP Govt-NS LOC (AU),OPEN-FEM,Andhra Pradesh,"Konaseema IMS, Amalapuram",GENERAL SURGERY,"₹4,96,800*","₹30,000*",1*,"₹40,00,000*",840,1456(1),1806(1),-,-,-,-,-,-,-,-,-
AP Govt-NS LOC (AU),SC-GEN,Andhra Pradesh,"Andhra Med Coll, Vizag",DERMATOLOGY,"₹48,600*","₹60,823",1*,"₹40,00,000*",1030,948(1),1809(1),-,-,-,-,-,-,-,-,-
AP Govt-NS LOC (AU),OPEN-GEN,Andhra Pradesh,"Rangaraya Med Coll, Kakinada",ANAESTHESIOLOGY,"₹48,600*","₹60,823",1*,"₹40,00,000*",1450,528(1),1811(1),-,-,-,-,-,-,-,-,-
AP Govt-NS LOC (AU),BCE-GEN,Andhra Pradesh,"Guntur Med Coll, Guntur",ANAESTHESIOLOGY,"₹48,600*","₹60,823",1*,"₹40,00,000*",1170,1808(1),1816(1),-,-,-,-,-,-,-,-,-
AP Govt-NS LOC (AU),BCD-GEN,Andhra Pradesh,"NRI Med Coll, Guntur",GENERAL SURGERY,"₹4,96,800*","₹27,000*",1*,"₹40,00,000*",1050,1236(1),1833(1),-,-,-,-,-,-,-,-,-
AP Govt-NS LOC (AU),BCA-FEM,Andhra Pradesh,"Maharajah IMS, Vizianagaram",RADIO DIAGNOSIS,"₹4,96,800*",Info not available*,1*,"₹40,00,000*",850,886(1),1841(1),-,-,-,-,-,-,-,-,-
AP Govt-NS LOC (SVU),BCB-FEM,Andhra Pradesh,"PES IMS, Kuppam",OPHTHALMOLOGY,"₹4,96,800*","₹30,000*",1*,"₹40,00,000*",975,1842(1),-,-,-,-,-,-,-,-,-,-
AP Govt-NS LOC (AU),BCA-GEN,Andhra Pradesh,"Guntur Med Coll, Guntur",OPHTHALMOLOGY,"₹48,600*","₹60,823",1*,"₹40,00,000*",1170,1845(1),1854(1),-,-,-,-,-,-,-,-,-
AP Govt-NS UNR,OPEN-GEN,Andhra Pradesh,"GSL Med Coll, Rajahmundry",GENERAL SURGERY,"₹4,96,800*","₹30,000*",1*,"₹40,00,000*",1140,-,1868(1),-,-,-,-,-,-,-,-,-
AP Govt-NS LOC (SVU),BCE-GEN,Andhra Pradesh,"Narayana Med Coll, Nellore",PAEDIATRICS,"₹4,96,800*","₹30,000*",1*,"₹40,00,000*",1430,-,1873(1),-,-,-,-,-,-,-,-,-
AP Govt-NS LOC (AU),BCA-GEN,Andhra Pradesh,"Rangaraya Med Coll, Kakinada",ANAESTHESIOLOGY,"₹48,600*","₹60,823",1*,"₹40,00,000*",1450,1721(1),1884(1),-,-,-,-,-,-,-,-,-
AP Govt-NS LOC (SVU),BCA-FEM,Andhra Pradesh,"Apollo IMS&R, Chittoor",TBRD,"₹4,96,800*","₹30,000*",1*,"₹40,00,000*",850,1410(1),1889(1),-,-,-,-,-,-,-,-,-
AP Govt-NS LOC (SVU),SC-GEN,Andhra Pradesh,"Kurnool Med Coll, Kurnool",GENERAL SURGERY,"₹48,600*","₹60,823",1*,"₹40,00,000*",1150,1884(1),1893(1),-,-,-,-,-,-,-,-,-
AP Govt-NS LOC (AU),ST-GEN,Andhra Pradesh,"Andhra Med Coll, Vizag",GENERAL MEDICINE,"₹48,600*","₹60,823",1*,"₹40,00,000*",1030,1885(1),1894(1),-,-,-,-,-,-,-,-,-
AP Govt-NS LOC (SVU),OPEN-GEN,Andhra Pradesh,"SV Med Coll, Tirupati",OPHTHALMOLOGY,"₹48,600*","₹60,823",1*,"₹40,00,000*",940,-,1898(2),-,-,-,-,-,-,-,-,-
AP Govt-NS LOC (SVU),BCB-GEN,Andhra Pradesh,"Narayana Med Coll, Nellore",TBRD,"₹4,96,800*","₹30,000*",1*,"₹40,00,000*",1430,1177(1),1899(1),-,-,-,-,-,-,-,-,-
AP Govt-NS LOC (SVU),BCA-GEN,Andhra Pradesh,"PES IMS, Kuppam",GENERAL SURGERY,"₹4,96,800*","₹30,000*",1*,"₹40,00,000*",975,1259(1),1901(1),-,-,-,-,-,-,-,-,-
AP Govt-NS LOC (SVU),BCD-GEN,Andhra Pradesh,"Narayana Med Coll, Nellore",GENERAL SURGERY,"₹4,96,800*","₹30,000*",1*,"₹40,00,000*",1430,1105(1),1907(1),-,-,-,-,-,-,-,-,-
AP Govt-NS LOC (AU),BCB-FEM,Andhra Pradesh,"Dr PSI Med Coll, Chinoutpalli",ENT,"₹4,96,800*","₹28,000*",1*,"₹40,00,000*",790,1915(1),-,-,-,-,-,-,-,-,-,-
AP Govt-NS LOC (SVU),BCB-FEM,Andhra Pradesh,"Rajiv Gandhi IMS, Kadapa",GENERAL SURGERY,"₹48,600*","₹60,823",1*,"₹40,00,000*",715,1325(1),1918(1),-,-,-,-,-,-,-,-,-
AP Govt-NS LOC (AU),BCB-FEM,Andhra Pradesh,"GVP Med Coll, Vizag",DERMATOLOGY,"₹4,96,800*","₹30,000*",1*,"₹40,00,000*",750,1401(1),1936(1),-,-,-,-,-,-,-,-,-
AP Govt-NS UNR,OPEN-GEN,Andhra Pradesh,"Alluri Sitaram Raju, Eluru",ANAESTHESIOLOGY,"₹4,96,800*","₹30,000*",1*,"₹40,00,000*",1200,1654(1),1938(1),-,-,-,-,-,-,-,-,-
AP Govt-NS APUR,BCE-FEM,Andhra Pradesh,"NRI Inst of Med Sci, Vizag",GENERAL MEDICINE,"₹4,96,800*","₹40,000*",1*,"₹40,00,000*",980,1335(1),1943(1),-,-,-,-,-,-,-,-,-
AP Govt-NS APUR,SC-GEN,Andhra Pradesh,"Maharajah IMS, Vizianagaram",DERMATOLOGY,"₹4,96,800*",Info not available*,1*,"₹40,00,000*",850,1936(1),1945(1),-,-,-,-,-,-,-,-,-
AP Govt-NS LOC (AU),SC-FEM,Andhra Pradesh,"Guntur Med Coll, Guntur",OBG,"₹48,600*","₹60,823",1*,"₹40,00,000*",1170,1941(1),1950(1),-,-,-,-,-,-,-,-,-
AP Govt-NS LOC (AU),OPEN-GEN,Andhra Pradesh,"Katuri Med Coll, Guntur",GENERAL SURGERY,"₹4,96,800*",Info not available*,1*,"₹40,00,000*",1100,1334(2),1958(2),-,-,-,-,-,-,-,-,-
AP Govt-NS LOC (AU),BCA-GEN,Andhra Pradesh,"Guntur Med Coll, Guntur",ENT,"₹48,600*","₹60,823",1*,"₹40,00,000*",1170,1682(1),1961(1),-,-,-,-,-,-,-,-,-
AP Govt-NS LOC (SVU),SC-FEM,Andhra Pradesh,"SV Med Coll, Tirupati",GENERAL SURGERY,"₹48,600*","₹60,823",1*,"₹40,00,000*",940,1955(1),1964(1),-,-,-,-,-,-,-,-,-
AP Govt-NS UNR,BCB-GEN,Andhra Pradesh,"Maharajah IMS, Vizianagaram",TBRD,"₹4,96,800*",Info not available*,1*,"₹40,00,000*",850,1248(1),1967(1),-,-,-,-,-,-,-,-,-
AP Govt-NS LOC (SVU),BCB-GEN,Andhra Pradesh,"Apollo IMS&R, Chittoor",GENERAL SURGERY,"₹4,96,800*","₹30,000*",1*,"₹40,00,000*",850,1077(1),1974(1),-,-,-,-,-,-,-,-,-
AP Govt-NS LOC (AU),BCD-GEN,Andhra Pradesh,"Rangaraya Med Coll, Kakinada",ORTHOPAEDICS,"₹48,600*","₹60,823",1*,"₹40,00,000*",1450,1020(1),1997(1),-,-,-,-,-,-,-,-,-
AP Govt-NS APUR,BCD-GEN,Andhra Pradesh,"Rajiv Gandhi IMS, Kadapa",EMERGENCY MEDICINE,"₹48,600*","₹60,823",1*,"₹40,00,000*",715,1217(1),1999(1),-,-,-,-,-,-,-,-,-
AP Govt-NS LOC (AU),BCD-GEN,Andhra Pradesh,"GVP Med Coll, Vizag",OBG,"₹4,96,800*","₹30,000*",1*,"₹40,00,000*",750,1128(1),2009(1),-,-,-,-,-,-,-,-,-
AP Govt-NS APUR,SC-GEN,Andhra Pradesh,"Narayana Med Coll, Nellore",RADIO DIAGNOSIS,"₹4,96,800*","₹30,000*",1*,"₹40,00,000*",1430,1341(1),2015(1),-,-,-,-,-,-,-,-,-
AP Govt-NS APUR,BCE-GEN,Andhra Pradesh,"Kurnool Med Coll, Kurnool",OPHTHALMOLOGY,"₹48,600*","₹60,823",1*,"₹40,00,000*",1150,-,2019(1),-,-,-,-,-,-,-,-,-
AP Govt-NS LOC (AU),BCB-GEN,Andhra Pradesh,"NRI Inst of Med Sci, Vizag",GENERAL SURGERY,"₹4,96,800*","₹40,000*",1*,"₹40,00,000*",980,1426(1),2023(1),-,-,-,-,-,-,-,-,-
AP Govt-NS LOC (AU),SC-FEM,Andhra Pradesh,"Alluri Sitaram Raju, Eluru",GENERAL MEDICINE,"₹4,96,800*","₹30,000*",1*,"₹40,00,000*",1200,1815(1),2033(1),-,-,-,-,-,-,-,-,-
AP Govt-NS LOC (SVU),BCD-GEN,Andhra Pradesh,"Kurnool Med Coll, Kurnool",ENT,"₹48,600*","₹60,823",1*,"₹40,00,000*",1150,1400(1),2035(1),-,-,-,-,-,-,-,-,-
AP Govt-NS LOC (AU),OPEN-GEN,Andhra Pradesh,"Maharajah IMS, Vizianagaram",GENERAL MEDICINE,"₹4,96,800*",Info not available*,1*,"₹40,00,000*",850,555(1),878(2),2041(1),-,-,-,-,-,-,-,-
AP Govt-NS LOC (AU),BCB-FEM,Andhra Pradesh,"Andhra Med Coll, Vizag",ANAESTHESIOLOGY,"₹48,600*","₹60,823",1*,"₹40,00,000*",1030,1249(1),2043(1),-,-,-,-,-,-,-,-,-
AP Govt-NS APUR,OPEN-GEN,Andhra Pradesh,"Narayana Med Coll, Nellore",ORTHOPAEDICS,"₹4,96,800*","₹30,000*",1*,"₹40,00,000*",1430,831(1),2046(1),-,-,-,-,-,-,-,-,-
AP Govt-NS UNR,OPEN-GEN,Andhra Pradesh,"Govt Siddhartha, Vijaywada",OPHTHALMOLOGY,"₹48,600*","₹60,823",1*,"₹40,00,000*",707,835(1),2049(1),-,-,-,-,-,-,-,-,-
AP Govt-NS LOC (AU),SC-GEN,Andhra Pradesh,"Konaseema IMS, Amalapuram",RADIO DIAGNOSIS,"₹4,96,800*","₹30,000*",1*,"₹40,00,000*",840,2041(1),2050(1),-,-,-,-,-,-,-,-,-
AP Govt-NS APUR,BCB-GEN,Andhra Pradesh,"Rajiv Gandhi IMS, Ongole",OPHTHALMOLOGY,"₹48,600*","₹60,823",1*,"₹40,00,000*",500,1709(1),2057(1),-,-,-,-,-,-,-,-,-
AP Govt-NS LOC (AU),BCD-FEM,Andhra Pradesh,"NRI Med Coll, Guntur",GENERAL SURGERY,"₹4,96,800*","₹27,000*",1*,"₹40,00,000*",1050,1633(1),2069(1),-,-,-,-,-,-,-,-,-
AP Govt-NS UNR,OPEN-GEN,Andhra Pradesh,"Andhra Med Coll, Vizag",TBRD,"₹48,600*","₹60,823",1*,"₹40,00,000*",1030,-,-,-,2073(1),1700(1),-,-,-,-,-,-
AP Govt-NS LOC (SVU),BCD-GEN,Andhra Pradesh,"Kurnool Med Coll, Kurnool",ANAESTHESIOLOGY,"₹48,600*","₹60,823",1*,"₹40,00,000*",1150,1226(1),2074(1),-,-,-,-,-,-,-,-,-
AP Govt-NS LOC (AU),BCE-FEM,Andhra Pradesh,"Konaseema IMS, Amalapuram",PAEDIATRICS,"₹4,96,800*","₹30,000*",1*,"₹40,00,000*",840,2069(1),2078(1),-,-,-,-,-,-,-,-,-
AP Govt-NS LOC (AU),SC-GEN,Andhra Pradesh,"GreatEastern MedSch,Srikakulam",GENERAL MEDICINE,"₹4,96,800*",Info not available*,1*,"₹40,00,000*",780,2024(1),2081(1),-,-,-,-,-,-,-,-,-
AP Govt-NS LOC (SVU),OPEN-GEN,Andhra Pradesh,"Narayana Med Coll, Nellore",ORTHOPAEDICS,"₹4,96,800*","₹30,000*",1*,"₹40,00,000*",1430,998(1),2087(1),-,-,-,-,-,-,-,-,-
AP Govt-NS LOC (AU),BCD-GEN,Andhra Pradesh,"GreatEastern MedSch,Srikakulam",GENERAL SURGERY,"₹4,96,800*",Info not available*,1*,"₹40,00,000*",780,1173(1),2106(1),-,-,-,-,-,-,-,-,-
AP Govt-NS LOC (SVU),OPEN-GEN,Andhra Pradesh,"Santhiram Med Coll, Nandyal",ORTHOPAEDICS,"₹4,96,800*","₹30,000*",1*,"₹40,00,000*",930,1243(1),2107(1),-,-,-,-,-,-,-,-,-
AP Govt-NS APUR,BCD-GEN,Andhra Pradesh,"Andhra Med Coll, Vizag",ANAESTHESIOLOGY,"₹48,600*","₹60,823",1*,"₹40,00,000*",1030,-,2109(1),-,-,-,-,-,-,-,-,-
AP Govt-NS LOC (SVU),OPEN-FEM,Andhra Pradesh,"VMC, Kurnool",GENERAL SURGERY,"₹4,96,800*","₹30,000*",1*,"₹40,00,000*",650,1513(1),2113(1),-,-,-,-,-,-,-,-,-
AP Govt-NS LOC (AU),SC-GEN,Andhra Pradesh,"Andhra Med Coll, Vizag",GENERAL SURGERY,"₹48,600*","₹60,823",1*,"₹40,00,000*",1030,749(1),2119(1),-,-,-,-,-,-,-,-,-
AP Govt-NS LOC (SVU),OPEN-GEN,Andhra Pradesh,"SV Med Coll, Tirupati",PSYCHIATRY,"₹48,600*","₹60,823",1*,"₹40,00,000*",940,1502(1),2121(1),-,-,-,-,-,-,-,-,-
AP Govt-NS LOC (AU),SC-FEM,Andhra Pradesh,"Alluri Sitaram Raju, Eluru",RADIO DIAGNOSIS,"₹4,96,800*","₹30,000*",1*,"₹40,00,000*",1200,2113(1),2123(1),-,-,-,-,-,-,-,-,-
AP Govt-NS LOC (SVU),SC-GEN,Andhra Pradesh,"Kurnool Med Coll, Kurnool",OBG,"₹48,600*","₹60,823",1*,"₹40,00,000*",1150,2115(1),2125(1),-,-,-,-,-,-,-,-,-
AP Govt-NS LOC (AU),BCA-FEM,Andhra Pradesh,"Dr PSI Med Coll, Chinoutpalli",RADIO DIAGNOSIS,"₹4,96,800*","₹28,000*",1*,"₹40,00,000*",790,361(1),2130(1),-,-,-,-,-,-,-,-,-
AP Govt-NS LOC (AU),OPEN-GEN,Andhra Pradesh,"Maharajah IMS, Vizianagaram",GENERAL SURGERY,"₹4,96,800*",Info not available*,1*,"₹40,00,000*",850,1244(1),2139(1),-,-,-,-,-,-,-,-,-
AP Govt-NS APUR,BCB-GEN,Andhra Pradesh,"Narayana Med Coll, Nellore",GENERAL SURGERY,"₹4,96,800*","₹30,000*",1*,"₹40,00,000*",1430,1272(1),2148(1),-,-,-,-,-,-,-,-,-
AP Govt-NS LOC (AU),BCE-GEN,Andhra Pradesh,"Rajiv Gandhi IMS, Srikakulam",ORTHOPAEDICS,"₹48,600*","₹60,823",1*,"₹40,00,000*",532,2149(1),2159(1),-,-,-,-,-,-,-,-,-
AP Govt-NS APUR,SC-FEM,Andhra Pradesh,"SV Med Coll, Tirupati",OBG,"₹48,600*","₹60,823",1*,"₹40,00,000*",940,1705(1),2161(1),-,-,-,-,-,-,-,-,-
AP Govt-NS LOC (AU),BCA-FEM,Andhra Pradesh,"Alluri Sitaram Raju, Eluru",DERMATOLOGY,"₹4,96,800*","₹30,000*",1*,"₹40,00,000*",1200,1152(1),2162(1),-,-,-,-,-,-,-,-,-
AP Govt-NS LOC (SVU),SC-GEN,Andhra Pradesh,"SV Med Coll, Tirupati",OBG,"₹48,600*","₹60,823",1*,"₹40,00,000*",940,2157(2),2167(2),-,-,-,-,-,-,-,-,-
AP Govt-NS LOC (AU),BCB-GEN,Andhra Pradesh,"Maharajah IMS, Vizianagaram",GENERAL SURGERY,"₹4,96,800*",Info not available*,1*,"₹40,00,000*",850,1579(1),2172(1),-,-,-,-,-,-,-,-,-
AP Govt-NS LOC (SVU),ST-GEN,Andhra Pradesh,"SV Med Coll, Tirupati",GENERAL MEDICINE,"₹48,600*","₹60,823",1*,"₹40,00,000*",940,1658(1),2173(1),-,-,-,-,-,-,-,-,-
AP Govt-NS LOC (SVU),BCA-GEN,Andhra Pradesh,"SV Med Coll, Tirupati",ORTHOPAEDICS,"₹48,600*","₹60,823",1*,"₹40,00,000*",940,1129(1),2181(1),-,-,-,-,-,-,-,-,-
AP Govt-NS LOC (SVU),BCA-GEN,Andhra Pradesh,"SV Med Coll, Tirupati",ANAESTHESIOLOGY,"₹48,600*","₹60,823",1*,"₹40,00,000*",940,1724(1),2204(1),-,-,-,-,-,-,-,-,-
AP Govt-NS LOC (AU),SC-FEM,Andhra Pradesh,"Govt Siddhartha, Vijaywada",OBG,"₹48,600*","₹60,823",1*,"₹40,00,000*",707,2151(1),2205(1),-,-,-,-,-,-,-,-,-
AP Govt-NS LOC (AU),OPEN-GEN,Andhra Pradesh,"Rangaraya Med Coll, Kakinada",ENT,"₹48,600*","₹60,823",1*,"₹40,00,000*",1450,1153(1),2206(1),-,-,-,-,-,-,-,-,-
AP Govt-NS LOC (SVU),SC-GEN,Andhra Pradesh,"SV Med Coll, Tirupati",ORTHOPAEDICS,"₹48,600*","₹60,823",1*,"₹40,00,000*",940,2197(1),2207(1),-,-,-,-,-,-,-,-,-
AP Govt-NS APUR,BCB-GEN,Andhra Pradesh,"Andhra Med Coll, Vizag",ENT,"₹48,600*","₹60,823",1*,"₹40,00,000*",1030,1431(1),2208(1),-,-,-,-,-,-,-,-,-
AP Govt-NS LOC (AU),SC-FEM,Andhra Pradesh,"NRI Inst of Med Sci, Vizag",GENERAL MEDICINE,"₹4,96,800*","₹40,000*",1*,"₹40,00,000*",980,2199(1),2209(1),-,-,-,-,-,-,-,-,-
AP Govt-NS LOC (AU),BCC-FEM,Andhra Pradesh,"Rangaraya Med Coll, Kakinada",ANAESTHESIOLOGY,"₹48,600*","₹60,823",1*,"₹40,00,000*",1450,2208(1),2218(1),-,-,-,-,-,-,-,-,-
AP Govt-NS LOC (AU),ST-GEN,Andhra Pradesh,"Andhra Med Coll, Vizag",DERMATOLOGY,"₹48,600*","₹60,823",1*,"₹40,00,000*",1030,2227(1),2237(1),-,-,-,-,-,-,-,-,-
AP Govt-NS LOC (AU),OPEN-GEN,Andhra Pradesh,"NRI Inst of Med Sci, Vizag",ORTHOPAEDICS,"₹4,96,800*","₹40,000*",1*,"₹40,00,000*",980,439(1),2244(1),-,-,-,-,-,-,-,-,-
AP Govt-NS LOC (AU),BCD-GEN,Andhra Pradesh,"GSL Med Coll, Rajahmundry",GENERAL SURGERY,"₹4,96,800*","₹30,000*",1*,"₹40,00,000*",1140,1708(2),2255(2),-,-,-,-,-,-,-,-,-
AP Govt-NS LOC (AU),SC-FEM,Andhra Pradesh,"Rangaraya Med Coll, Kakinada",GENERAL SURGERY,"₹48,600*","₹60,823",1*,"₹40,00,000*",1450,2255(1),2265(1),-,-,-,-,-,-,-,-,-
AP Govt-NS LOC (AU),SC-FEM,Andhra Pradesh,"Maharajah IMS, Vizianagaram",RADIO DIAGNOSIS,"₹4,96,800*",Info not available*,1*,"₹40,00,000*",850,2263(1),2273(1),-,-,-,-,-,-,-,-,-
AP Govt-NS LOC (SVU),BCD-GEN,Andhra Pradesh,"Kurnool Med Coll, Kurnool",OPHTHALMOLOGY,"₹48,600*","₹60,823",1*,"₹40,00,000*",1150,1246(1),2285(1),-,-,-,-,-,-,-,-,-
AP Govt-NS LOC (SVU),SC-GEN,Andhra Pradesh,"SVIMS, Tirupati",RADIATION ONCOLOGY,"₹2,11,600*","₹80,904*",1*,"₹40,00,000*",1257,2282(1),2292(1),-,-,-,-,-,-,-,-,-
AP Govt-NS LOC (AU),SC-GEN,Andhra Pradesh,"Govt Siddhartha, Vijaywada",GENERAL SURGERY,"₹48,600*","₹60,823",1*,"₹40,00,000*",707,2110(1),2300(1),-,-,-,-,-,-,-,-,-
AP Govt-NS UNR,BCB-GEN,Andhra Pradesh,"Govt Siddhartha, Vijaywada",ANAESTHESIOLOGY,"₹48,600*","₹60,823",1*,"₹40,00,000*",707,-,2302(1),-,-,-,-,-,-,-,-,-
AP Govt-NS LOC (SVU),OPEN-GEN,Andhra Pradesh,"VMC, Kurnool",ORTHOPAEDICS,"₹4,96,800*","₹30,000*",1*,"₹40,00,000*",650,1436(1),2308(1),-,-,-,-,-,-,-,-,-
AP Govt-NS LOC (AU),SC-GEN,Andhra Pradesh,"GSL Med Coll, Rajahmundry",RADIO DIAGNOSIS,"₹4,96,800*","₹30,000*",1*,"₹40,00,000*",1140,2310(1),2320(1),-,-,-,-,-,-,-,-,-
AP Govt-NS LOC (AU),BCA-GEN,Andhra Pradesh,"GreatEastern MedSch,Srikakulam",ORTHOPAEDICS,"₹4,96,800*",Info not available*,1*,"₹40,00,000*",780,2312(1),2322(1),-,-,-,-,-,-,-,-,-
AP Govt-NS LOC (AU),SC-GEN,Andhra Pradesh,"Rangaraya Med Coll, Kakinada",ORTHOPAEDICS,"₹48,600*","₹60,823",1*,"₹40,00,000*",1450,2337(1),2347(1),-,-,-,-,-,-,-,-,-
AP Govt-NS LOC (SVU),SC-GEN,Andhra Pradesh,"Rajiv Gandhi IMS, Kadapa",PAEDIATRICS,"₹48,600*","₹60,823",1*,"₹40,00,000*",715,1595(1),2348(1),-,-,-,-,-,-,-,-,-
AP Govt-NS LOC (AU),OPEN-GEN,Andhra Pradesh,"Andhra Med Coll, Vizag",PSYCHIATRY,"₹48,600*","₹60,823",1*,"₹40,00,000*",1030,1691(1),2351(2),-,-,-,-,-,-,-,-,-
AP Govt-NS LOC (AU),OPEN-FEM,Andhra Pradesh,"Katuri Med Coll, Guntur",ORTHOPAEDICS,"₹4,96,800*",Info not available*,1*,"₹40,00,000*",1100,2357(1),-,-,-,-,-,-,-,-,-,-
AP Govt-NS LOC (AU),BCE-GEN,Andhra Pradesh,"Guntur Med Coll, Guntur",OPHTHALMOLOGY,"₹48,600*","₹60,823",1*,"₹40,00,000*",1170,2252(1),2365(1),-,-,-,-,-,-,-,-,-
AP Govt-NS LOC (SVU),BCA-FEM,Andhra Pradesh,"Narayana Med Coll, Nellore",GENERAL SURGERY,"₹4,96,800*","₹30,000*",1*,"₹40,00,000*",1430,1762(1),2378(1),-,-,-,-,-,-,-,-,-
AP Govt-NS LOC (AU),OPEN-GEN,Andhra Pradesh,"Guntur Med Coll, Guntur",PSYCHIATRY,"₹48,600*","₹60,823",1*,"₹40,00,000*",1170,1768(1),2406(1),-,-,-,-,-,-,-,-,-
AP Govt-NS APUR,SC-FEM,Andhra Pradesh,"NRI Med Coll, Guntur",OBG,"₹4,96,800*","₹27,000*",1*,"₹40,00,000*",1050,2195(1),2411(1),-,-,-,-,-,-,-,-,-
AP Govt-NS LOC (SVU),BCB-GEN,Andhra Pradesh,"Kurnool Med Coll, Kurnool",ANAESTHESIOLOGY,"₹48,600*","₹60,823",1*,"₹40,00,000*",1150,1547(2),2421(2),-,-,-,-,-,-,-,-,-
AP Govt-NS LOC (AU),OPEN-GEN,Andhra Pradesh,"GVP Med Coll, Vizag",ORTHOPAEDICS,"₹4,96,800*","₹30,000*",1*,"₹40,00,000*",750,1472(1),2425(1),-,-,-,-,-,-,-,-,-
AP Govt-NS APUR,OPEN-FEM,Andhra Pradesh,"GreatEastern MedSch,Srikakulam",ANAESTHESIOLOGY,"₹4,96,800*",Info not available*,1*,"₹40,00,000*",780,1738(1),2429(1),-,-,-,-,-,-,-,-,-
AP Govt-NS LOC (AU),SC-FEM,Andhra Pradesh,"Guntur Med Coll, Guntur",PAEDIATRICS,"₹48,600*","₹60,823",1*,"₹40,00,000*",1170,656(1),2431(1),-,-,-,-,-,-,-,-,-
AP Govt-NS LOC (AU),OPEN-GEN,Andhra Pradesh,"Rajiv Gandhi IMS, Srikakulam",OPHTHALMOLOGY,"₹48,600*","₹60,823",1*,"₹40,00,000*",532,1033(1),2440(1),-,-,-,-,-,-,-,-,-
AP Govt-NS LOC (SVU),SC-FEM,Andhra Pradesh,"PES IMS, Kuppam",DERMATOLOGY,"₹4,96,800*","₹30,000*",1*,"₹40,00,000*",975,1103(1),2444(1),-,-,-,-,-,-,-,-,-
AP Govt-NS LOC (AU),BCB-GEN,Andhra Pradesh,"Alluri Sitaram Raju, Eluru",ORTHOPAEDICS,"₹4,96,800*","₹30,000*",1*,"₹40,00,000*",1200,1717(1),2448(1),-,-,-,-,-,-,-,-,-
AP Govt-NS APUR,BCD-FEM,Andhra Pradesh,"NRI Med Coll, Guntur",ANAESTHESIOLOGY,"₹4,96,800*","₹27,000*",1*,"₹40,00,000*",1050,2065(1),2452(1),-,-,-,-,-,-,-,-,-
AP Govt-NS LOC (AU),BCA-GEN,Andhra Pradesh,"Konaseema IMS, Amalapuram",GENERAL SURGERY,"₹4,96,800*","₹30,000*",1*,"₹40,00,000*",840,1798(1),2464(1),-,-,-,-,-,-,-,-,-
AP Govt-NS UNR,OPEN-GEN,Andhra Pradesh,"Govt Siddhartha, Vijaywada",ENT,"₹48,600*","₹60,823",1*,"₹40,00,000*",707,980(1),2465(1),-,-,-,-,-,-,-,-,-
AP Govt-NS LOC (SVU),OPEN-FEM,Andhra Pradesh,"Rajiv Gandhi IMS, Kadapa",ENT,"₹48,600*","₹60,823",1*,"₹40,00,000*",715,-,2469(1),-,-,-,-,-,-,-,-,-
AP Govt-NS LOC (SVU),BCB-GEN,Andhra Pradesh,"Govt Med Coll, Ananthapuram",ENT,"₹48,600*","₹60,823",1*,"₹40,00,000*",500,1357(1),2472(1),-,-,-,-,-,-,-,-,-
AP Govt-NS LOC (AU),SC-GEN,Andhra Pradesh,"Rangaraya Med Coll, Kakinada",OPHTHALMOLOGY,"₹48,600*","₹60,823",1*,"₹40,00,000*",1450,2463(1),2474(1),-,-,-,-,-,-,-,-,-
AP Govt-NS LOC (AU),BCB-GEN,Andhra Pradesh,"Maharajah IMS, Vizianagaram",ORTHOPAEDICS,"₹4,96,800*",Info not available*,1*,"₹40,00,000*",850,2138(1),2478(1),-,-,-,-,-,-,-,-,-
AP Govt-NS LOC (AU),BCB-FEM,Andhra Pradesh,"Rajiv Gandhi IMS, Srikakulam",ANAESTHESIOLOGY,"₹48,600*","₹60,823",1*,"₹40,00,000*",532,1694(1),2483(1),-,-,-,-,-,-,-,-,-
AP Govt-NS LOC (SVU),OPEN-FEM,Andhra Pradesh,"Govt Med Coll, Ananthapuram",OPHTHALMOLOGY,"₹48,600*","₹60,823",1*,"₹40,00,000*",500,896(1),1882(1),2492(1),-,-,-,-,-,-,-,-
AP Govt-NS UNR,BCE-FEM,Andhra Pradesh,"Govt Siddhartha, Vijaywada",ORTHOPAEDICS,"₹48,600*","₹60,823",1*,"₹40,00,000*",707,2498(1),2459(1),-,-,-,-,-,-,-,-,-
AP Govt-NS LOC (AU),BCB-GEN,Andhra Pradesh,"Rangaraya Med Coll, Kakinada",RADIATION ONCOLOGY,"₹48,600*","₹60,823",1*,"₹40,00,000*",1450,2491(1),2502(1),-,-,-,-,-,-,-,-,-
AP Govt-NS APUR,SC-GEN,Andhra Pradesh,"GreatEastern MedSch,Srikakulam",PAEDIATRICS,"₹4,96,800*",Info not available*,1*,"₹40,00,000*",780,2179(1),2504(1),-,-,-,-,-,-,-,-,-
AP Govt-NS LOC (AU),BCB-FEM,Andhra Pradesh,"Andhra Med Coll, Vizag",PSYCHIATRY,"₹48,600*","₹60,823",1*,"₹40,00,000*",1030,2511(1),-,-,-,-,-,-,-,-,-,-
AP Govt-NS LOC (AU),BCB-FEM,Andhra Pradesh,"Andhra Med Coll, Vizag",PATHOLOGY,"₹48,600*","₹60,823",1*,"₹40,00,000*",1030,2520(1),-,-,-,-,-,-,-,-,-,-
AP Govt-NS UNR,BCB-GEN,Andhra Pradesh,"PES IMS, Kuppam",ANAESTHESIOLOGY,"₹4,96,800*","₹30,000*",1*,"₹40,00,000*",975,1899(1),2522(1),-,-,-,-,-,-,-,-,-
AP Govt-NS LOC (SVU),SC-GEN,Andhra Pradesh,"SVIMS, Tirupati",EMERGENCY MEDICINE,"₹2,11,600*","₹80,904*",1*,"₹40,00,000*",1257,2514(1),2525(1),-,-,-,-,-,-,-,-,-
AP Govt-NS LOC (AU),OPEN-GEN-PHO,Andhra Pradesh,"Rangaraya Med Coll, Kakinada",GENERAL MEDICINE,"₹48,600*","₹60,823",1*,"₹40,00,000*",1450,2519(1),2530(1),-,-,-,-,-,-,-,-,-
AP Govt-NS UNR,SC-GEN,Andhra Pradesh,"Maharajah IMS, Vizianagaram",GENERAL MEDICINE,"₹4,96,800*",Info not available*,1*,"₹40,00,000*",850,1812(1),2533(1),-,-,-,-,-,-,-,-,-
AP Govt-NS LOC (AU),SC-GEN,Andhra Pradesh,"GreatEastern MedSch,Srikakulam",RADIO DIAGNOSIS,"₹4,96,800*",Info not available*,1*,"₹40,00,000*",780,2542(1),2553(1),-,-,-,-,-,-,-,-,-
AP Govt-NS LOC (AU),SC-GEN,Andhra Pradesh,"Andhra Med Coll, Vizag",TBRD,"₹48,600*","₹60,823",1*,"₹40,00,000*",1030,1801(1),2554(1),-,-,-,-,-,-,-,-,-
AP Govt-NS LOC (SVU),BCA-GEN,Andhra Pradesh,"Rajiv Gandhi IMS, Kadapa",PSYCHIATRY,"₹48,600*","₹60,823",1*,"₹40,00,000*",715,2554(1),-,-,-,-,-,-,-,-,-,-
AP Govt-NS LOC (AU),BCB-FEM,Andhra Pradesh,"Guntur Med Coll, Guntur",GENERAL SURGERY,"₹48,600*","₹60,823",1*,"₹40,00,000*",1170,812(1),2559(1),-,-,-,-,-,-,-,-,-
AP Govt-NS LOC (AU),SC-GEN,Andhra Pradesh,"Alluri Sitaram Raju, Eluru",PAEDIATRICS,"₹4,96,800*","₹30,000*",1*,"₹40,00,000*",1200,2493(1),2560(1),-,-,-,-,-,-,-,-,-
AP Govt-NS LOC (AU),SC-GEN,Andhra Pradesh,"Rajiv Gandhi IMS, Ongole",ANAESTHESIOLOGY,"₹48,600*","₹60,823",1*,"₹40,00,000*",500,2569(1),-,-,-,-,-,-,-,-,-,-
AP Govt-NS LOC (AU),SC-FEM,Andhra Pradesh,"GSL Med Coll, Rajahmundry",PAEDIATRICS,"₹4,96,800*","₹30,000*",1*,"₹40,00,000*",1140,2567(1),2579(1),-,-,-,-,-,-,-,-,-
AP Govt-NS APUR,BCD-GEN,Andhra Pradesh,"GreatEastern MedSch,Srikakulam",EMERGENCY MEDICINE,"₹4,96,800*",Info not available*,1*,"₹40,00,000*",780,1898(1),2586(1),-,-,-,-,-,-,-,-,-
AP Govt-NS LOC (SVU),OPEN-GEN,Andhra Pradesh,"Govt Siddhartha, Vijaywada",ANAESTHESIOLOGY,"₹48,600*","₹60,823",1*,"₹40,00,000*",707,1172(1),2145(1),2591(1),-,-,-,-,-,-,-,-
AP Govt-NS LOC (AU),BCE-GEN,Andhra Pradesh,"Alluri Sitaram Raju, Eluru",PAEDIATRICS,"₹4,96,800*","₹30,000*",1*,"₹40,00,000*",1200,1934(1),2269(1),2596(1),-,-,-,-,-,-,-,-
AP Govt-NS LOC (SVU),SC-FEM,Andhra Pradesh,"ACSR Medical College, Nellore",PAEDIATRICS,"₹48,600*","₹60,823",1*,"₹40,00,000*",355,1628(1),2607(1),-,-,-,-,-,-,-,-,-
AP Govt-NS LOC (AU),ST-GEN,Andhra Pradesh,"NRI Med Coll, Guntur",GENERAL MEDICINE,"₹4,96,800*","₹27,000*",1*,"₹40,00,000*",1050,2597(1),2610(1),-,-,-,-,-,-,-,-,-
AP Govt-NS LOC (SVU),BCA-FEM,Andhra Pradesh,"PES IMS, Kuppam",EMERGENCY MEDICINE,"₹4,96,800*","₹30,000*",1*,"₹40,00,000*",975,2171(1),2612(1),-,-,-,-,-,-,-,-,-
AP Govt-NS LOC (SVU),OPEN-GEN,Andhra Pradesh,"PES IMS, Kuppam",OPHTHALMOLOGY,"₹4,96,800*","₹30,000*",1*,"₹40,00,000*",975,1349(1),2621(1),-,-,-,-,-,-,-,-,-
AP Govt-NS LOC (AU),BCD-FEM,Andhra Pradesh,"Govt Siddhartha, Vijaywada",ANAESTHESIOLOGY,"₹48,600*","₹60,823",1*,"₹40,00,000*",707,-,2629(1),-,-,-,-,-,-,-,-,-
AP Govt-NS LOC (SVU),OPEN-FEM,Andhra Pradesh,"Kurnool Med Coll, Kurnool",RADIATION ONCOLOGY,"₹48,600*","₹60,823",1*,"₹40,00,000*",1150,1837(1),2630(1),-,-,-,-,-,-,-,-,-
AP Govt-NS LOC (SVU),BCA-GEN,Andhra Pradesh,"Kurnool Med Coll, Kurnool",ENT,"₹48,600*","₹60,823",1*,"₹40,00,000*",1150,1977(1),2565(1),2632(1),-,-,-,-,-,-,-,-
AP Govt-NS LOC (SVU),BCE-GEN,Andhra Pradesh,"Kurnool Med Coll, Kurnool",ANAESTHESIOLOGY,"₹48,600*","₹60,823",1*,"₹40,00,000*",1150,1269(1),2644(1),-,-,-,-,-,-,-,-,-
AP Govt-NS LOC (AU),OPEN-FEM,Andhra Pradesh,"Andhra Med Coll, Vizag",ORTHOPAEDICS,"₹48,600*","₹60,823",1*,"₹40,00,000*",1030,850(1),2649(2),-,-,-,-,-,-,-,-,-
AP Govt-NS APUR,SC-GEN,Andhra Pradesh,"PES IMS, Kuppam",PAEDIATRICS,"₹4,96,800*","₹30,000*",1*,"₹40,00,000*",975,2094(1),2656(1),-,-,-,-,-,-,-,-,-
AP Govt-NS UNR,OPEN-GEN,Andhra Pradesh,"Govt Siddhartha, Vijaywada",PSYCHIATRY,"₹48,600*","₹60,823",1*,"₹40,00,000*",707,1755(1),2657(1),-,-,-,-,-,-,-,-,-
AP Govt-NS LOC (AU),BCB-FEM,Andhra Pradesh,"GSL Med Coll, Rajahmundry",TBRD,"₹4,96,800*","₹30,000*",1*,"₹40,00,000*",1140,1794(1),1879(1),2663(1),-,-,-,-,-,-,-,-
AP Govt-NS LOC (SVU),SC-GEN,Andhra Pradesh,"Narayana Med Coll, Nellore",GENERAL MEDICINE,"₹4,96,800*","₹30,000*",1*,"₹40,00,000*",1430,2328(1),2672(1),-,-,-,-,-,-,-,-,-
AP Govt-NS LOC (AU),OPEN-GEN,Andhra Pradesh,"Rajiv Gandhi IMS, Srikakulam",ENT,"₹48,600*","₹60,823",1*,"₹40,00,000*",532,1569(1),2676(1),-,-,-,-,-,-,-,-,-
AP Govt-NS LOC (AU),OPEN-FEM,Andhra Pradesh,"Rangaraya Med Coll, Kakinada",ENT,"₹48,600*","₹60,823",1*,"₹40,00,000*",1450,1115(1),2684(1),-,-,-,-,-,-,-,-,-
AP Govt-NS APUR,OPEN-GEN,Andhra Pradesh,"Rajiv Gandhi IMS, Kadapa",PSYCHIATRY,"₹48,600*","₹60,823",1*,"₹40,00,000*",715,1800(1),2695(1),-,-,-,-,-,-,-,-,-
AP Govt-NS LOC (SVU),BCB-GEN,Andhra Pradesh,"Rajiv Gandhi IMS, Kadapa",ANAESTHESIOLOGY,"₹48,600*","₹60,823",1*,"₹40,00,000*",715,1756(1),2696(1),-,-,-,-,-,-,-,-,-
AP Govt-NS LOC (SVU),BCB-GEN,Andhra Pradesh,"Narayana Med Coll, Nellore",ANAESTHESIOLOGY,"₹4,96,800*","₹30,000*",1*,"₹40,00,000*",1430,2073(1),2697(1),-,-,-,-,-,-,-,-,-
AP Govt-NS LOC (SVU),BCB-FEM,Andhra Pradesh,"PES IMS, Kuppam",PSYCHIATRY,"₹4,96,800*","₹30,000*",1*,"₹40,00,000*",975,2698(1),-,-,-,-,-,-,-,-,-,-
AP Govt-NS LOC (AU),ST-GEN,Andhra Pradesh,"Maharajah IMS, Vizianagaram",RADIO DIAGNOSIS,"₹4,96,800*",Info not available*,1*,"₹40,00,000*",850,2692(1),2706(1),-,-,-,-,-,-,-,-,-
AP Govt-NS APUR,SC-GEN,Andhra Pradesh,"Apollo IMS&R, Chittoor",ORTHOPAEDICS,"₹4,96,800*","₹30,000*",1*,"₹40,00,000*",850,2696(1),2710(1),-,-,-,-,-,-,-,-,-
AP Govt-NS LOC (SVU),OPEN-FEM,Andhra Pradesh,"Apollo IMS&R, Chittoor",ENT,"₹4,96,800*","₹30,000*",1*,"₹40,00,000*",850,1680(1),2712(1),-,-,-,-,-,-,-,-,-
AP Govt-NS LOC (AU),SC-FEM,Andhra Pradesh,"Katuri Med Coll, Guntur",GENERAL MEDICINE,"₹4,96,800*",Info not available*,1*,"₹40,00,000*",1100,2705(1),2719(1),-,-,-,-,-,-,-,-,-
AP Govt-NS LOC (SVU),ST-FEM,Andhra Pradesh,"Narayana Med Coll, Nellore",RADIO DIAGNOSIS,"₹4,96,800*","₹30,000*",1*,"₹40,00,000*",1430,2709(2),2723(2),-,-,-,-,-,-,-,-,-
AP Govt-NS LOC (AU),SC-FEM,Andhra Pradesh,"Alluri Sitaram Raju, Eluru",TBRD,"₹4,96,800*","₹30,000*",1*,"₹40,00,000*",1200,2719(1),2733(1),-,-,-,-,-,-,-,-,-
AP Govt-NS LOC (AU),BCA-GEN,Andhra Pradesh,"Katuri Med Coll, Guntur",ORTHOPAEDICS,"₹4,96,800*",Info not available*,1*,"₹40,00,000*",1100,2416(1),2736(1),-,-,-,-,-,-,-,-,-
AP Govt-NS LOC (AU),OPEN-GEN,Andhra Pradesh,"Rajiv Gandhi IMS, Ongole",ENT,"₹48,600*","₹60,823",1*,"₹40,00,000*",500,1457(1),2738(1),-,-,-,-,-,-,-,-,-
AP Govt-NS APUR,BCD-GEN,Andhra Pradesh,"Andhra Med Coll, Vizag",PATHOLOGY,"₹48,600*","₹60,823",1*,"₹40,00,000*",1030,2732(1),2747(1),-,-,-,-,-,-,-,-,-
AP Govt-NS LOC (SVU),SC-GEN,Andhra Pradesh,"Govt Med Coll, Ananthapuram",OBG,"₹48,600*","₹60,823",1*,"₹40,00,000*",500,2338(1),2749(1),-,-,-,-,-,-,-,-,-
AP Govt-NS APUR,BCA-GEN,Andhra Pradesh,"PES IMS, Kuppam",ENT,"₹4,96,800*","₹30,000*",1*,"₹40,00,000*",975,2369(1),2750(1),-,-,-,-,-,-,-,-,-
AP Govt-NS LOC (AU),BCE-GEN,Andhra Pradesh,"Alluri Sitaram Raju, Eluru",ORTHOPAEDICS,"₹4,96,800*","₹30,000*",1*,"₹40,00,000*",1200,2761(1),2776(1),-,-,-,-,-,-,-,-,-
AP Govt-NS LOC (AU),SC-GEN,Andhra Pradesh,"Maharajah IMS, Vizianagaram",PAEDIATRICS,"₹4,96,800*",Info not available*,1*,"₹40,00,000*",850,2549(1),2787(1),-,-,-,-,-,-,-,-,-
AP Govt-NS LOC (AU),SC-GEN,Andhra Pradesh,"Andhra Med Coll, Vizag",PSYCHIATRY,"₹48,600*","₹60,823",1*,"₹40,00,000*",1030,2779(1),2795(1),-,-,-,-,-,-,-,-,-
AP Govt-NS LOC (AU),BCB-FEM,Andhra Pradesh,"Rajiv Gandhi IMS, Srikakulam",GENERAL SURGERY,"₹48,600*","₹60,823",1*,"₹40,00,000*",532,1024(1),2804(1),-,-,-,-,-,-,-,-,-
AP Govt-NS LOC (AU),BCB-GEN,Andhra Pradesh,"GSL Med Coll, Rajahmundry",ANAESTHESIOLOGY,"₹4,96,800*","₹30,000*",1*,"₹40,00,000*",1140,2034(1),2811(1),-,-,-,-,-,-,-,-,-
AP Govt-NS LOC (SVU),BCA-GEN,Andhra Pradesh,"PES IMS, Kuppam",ENT,"₹4,96,800*","₹30,000*",1*,"₹40,00,000*",975,2735(1),2816(1),-,-,-,-,-,-,-,-,-
AP Govt-NS LOC (AU),BCE-FEM,Andhra Pradesh,"Alluri Sitaram Raju, Eluru",GENERAL SURGERY,"₹4,96,800*","₹30,000*",1*,"₹40,00,000*",1200,2102(1),2820(1),-,-,-,-,-,-,-,-,-
AP Govt-NS LOC (AU),OPEN-FEM,Andhra Pradesh,"Rangaraya Med Coll, Kakinada",PSYCHIATRY,"₹48,600*","₹60,823",1*,"₹40,00,000*",1450,2129(1),2830(1),-,-,-,-,-,-,-,-,-
AP Govt-NS LOC (AU),BCD-GEN,Andhra Pradesh,"NRI Inst of Med Sci, Vizag",RADIO DIAGNOSIS,"₹4,96,800*","₹40,000*",1*,"₹40,00,000*",980,974(1),1244(1),2833(1),-,-,-,-,-,-,-,-
AP Govt-NS APUR,SC-GEN,Andhra Pradesh,"GreatEastern MedSch,Srikakulam",ORTHOPAEDICS,"₹4,96,800*",Info not available*,1*,"₹40,00,000*",780,2818(1),2834(1),-,-,-,-,-,-,-,-,-
AP Govt-NS APUR,OPEN-GEN,Andhra Pradesh,"GVP Med Coll, Vizag",ENT,"₹4,96,800*","₹30,000*",1*,"₹40,00,000*",750,1906(1),2836(1),-,-,-,-,-,-,-,-,-
AP Govt-NS LOC (AU),OPEN-GEN,Andhra Pradesh,"Konaseema IMS, Amalapuram",ANAESTHESIOLOGY,"₹4,96,800*","₹30,000*",1*,"₹40,00,000*",840,1966(1),2840(1),-,-,-,-,-,-,-,-,-
AP Govt-NS LOC (AU),SC-FEM,Andhra Pradesh,"Alluri Sitaram Raju, Eluru",OBG,"₹4,96,800*","₹30,000*",1*,"₹40,00,000*",1200,2402(1),2843(1),-,-,-,-,-,-,-,-,-
AP Govt-NS UNR,OPEN-GEN,Andhra Pradesh,"Rajiv Gandhi IMS, Kadapa",ENT,"₹48,600*","₹60,823",1*,"₹40,00,000*",715,-,2184(1),2844(1),-,-,-,-,-,-,-,-
AP Govt-NS LOC (SVU),SC-FEM,Andhra Pradesh,"SVIMS, Tirupati",ANAESTHESIOLOGY,"₹2,11,600*","₹80,904*",1*,"₹40,00,000*",1257,2837(1),2853(1),-,-,-,-,-,-,-,-,-
AP Govt-NS LOC (SVU),ST-FEM,Andhra Pradesh,"Rajiv Gandhi IMS, Kadapa",GENERAL MEDICINE,"₹48,600*","₹60,823",1*,"₹40,00,000*",715,2839(1),2855(1),-,-,-,-,-,-,-,-,-
AP Govt-NS LOC (AU),ST-GEN,Andhra Pradesh,"Andhra Med Coll, Vizag",GENERAL SURGERY,"₹48,600*","₹60,823",1*,"₹40,00,000*",1030,2844(1),2860(1),-,-,-,-,-,-,-,-,-
AP Govt-NS LOC (SVU),OPEN-FEM,Andhra Pradesh,"Narayana Med Coll, Nellore",OPHTHALMOLOGY,"₹4,96,800*","₹30,000*",1*,"₹40,00,000*",1430,1362(1),2337(1),2862(1),-,-,-,-,-,-,-,-
AP Govt-NS LOC (AU),SC-GEN,Andhra Pradesh,"GSL Med Coll, Rajahmundry",GENERAL SURGERY,"₹4,96,800*","₹30,000*",1*,"₹40,00,000*",1140,2849(1),2865(1),-,-,-,-,-,-,-,-,-
AP Govt-NS APUR,OPEN-GEN,Andhra Pradesh,"Alluri Sitaram Raju, Eluru",ORTHOPAEDICS,"₹4,96,800*","₹30,000*",1*,"₹40,00,000*",1200,-,2235(1),2875(1),-,-,-,-,-,-,-,-
AP Govt-NS LOC (SVU),BCA-FEM,Andhra Pradesh,"Narayana Med Coll, Nellore",ANAESTHESIOLOGY,"₹4,96,800*","₹30,000*",1*,"₹40,00,000*",1430,2194(1),2878(1),-,-,-,-,-,-,-,-,-
AP Govt-NS LOC (AU),SC-GEN,Andhra Pradesh,"Konaseema IMS, Amalapuram",ORTHOPAEDICS,"₹4,96,800*","₹30,000*",1*,"₹40,00,000*",840,2863(1),2879(1),-,-,-,-,-,-,-,-,-
AP Govt-NS LOC (SVU),OPEN-GEN,Andhra Pradesh,"Apollo IMS&R, Chittoor",ANAESTHESIOLOGY,"₹4,96,800*","₹30,000*",1*,"₹40,00,000*",850,1716(1),2882(1),-,-,-,-,-,-,-,-,-
AP Govt-NS LOC (SVU),BCB-FEM,Andhra Pradesh,"SV Med Coll, Tirupati",ANAESTHESIOLOGY,"₹48,600*","₹60,823",1*,"₹40,00,000*",940,1670(1),2890(1),-,-,-,-,-,-,-,-,-
AP Govt-NS LOC (AU),SC-GEN,Andhra Pradesh,"Katuri Med Coll, Guntur",TBRD,"₹4,96,800*",Info not available*,1*,"₹40,00,000*",1100,2771(1),2896(1),-,-,-,-,-,-,-,-,-
AP Govt-NS LOC (SVU),BCE-GEN,Andhra Pradesh,"SVIMS, Tirupati",PATHOLOGY,"₹2,11,600*","₹80,904*",1*,"₹40,00,000*",1257,2896(1),-,-,-,-,-,-,-,-,-,-
AP Govt-NS UNR,OPEN-FEM,Andhra Pradesh,"Alluri Sitaram Raju, Eluru",ENT,"₹4,96,800*","₹30,000*",1*,"₹40,00,000*",1200,1411(1),2903(1),-,-,-,-,-,-,-,-,-
AP Govt-NS LOC (AU),SC-GEN,Andhra Pradesh,"Andhra Med Coll, Vizag",ANAESTHESIOLOGY,"₹48,600*","₹60,823",1*,"₹40,00,000*",1030,2543(1),2909(1),-,-,-,-,-,-,-,-,-
AP Govt-NS LOC (AU),OPEN-GEN,Andhra Pradesh,"Rajiv Gandhi IMS, Srikakulam",PSYCHIATRY,"₹48,600*","₹60,823",1*,"₹40,00,000*",532,2216(1),2915(1),-,-,-,-,-,-,-,-,-
AP Govt-NS LOC (SVU),BCE-FEM,Andhra Pradesh,"SV Med Coll, Tirupati",GENERAL SURGERY,"₹48,600*","₹60,823",1*,"₹40,00,000*",940,1161(1),2932(1),-,-,-,-,-,-,-,-,-
AP Govt-NS LOC (SVU),ST-GEN,Andhra Pradesh,"Kurnool Med Coll, Kurnool",PAEDIATRICS,"₹48,600*","₹60,823",1*,"₹40,00,000*",1150,2916(1),2933(1),-,-,-,-,-,-,-,-,-
AP Govt-NS LOC (OU),OPEN-FEM,Andhra Pradesh,"Govt Siddhartha, Vijaywada",ANAESTHESIOLOGY,"₹48,600*","₹60,823",1*,"₹40,00,000*",707,1212(1),2939(1),-,-,-,-,-,-,-,-,-
AP Govt-NS LOC (AU),SC-FEM,Andhra Pradesh,"Katuri Med Coll, Guntur",OBG,"₹4,96,800*",Info not available*,1*,"₹40,00,000*",1100,2825(1),2965(1),-,-,-,-,-,-,-,-,-
AP Govt-NS LOC (SVU),ST-GEN,Andhra Pradesh,"Santhiram Med Coll, Nandyal",GENERAL MEDICINE,"₹4,96,800*","₹30,000*",1*,"₹40,00,000*",930,2950(1),2967(1),-,-,-,-,-,-,-,-,-
AP Govt-NS LOC (AU),OPEN-FEM,Andhra Pradesh,"Rajiv Gandhi IMS, Ongole",ANAESTHESIOLOGY,"₹48,600*","₹60,823",1*,"₹40,00,000*",500,1352(1),2339(1),2968(1),-,-,-,-,-,-,-,-
AP Govt-NS LOC (SVU),BCB-FEM,Andhra Pradesh,"Govt Med Coll, Ananthapuram",ANAESTHESIOLOGY,"₹48,600*","₹60,823",1*,"₹40,00,000*",500,1795(1),2970(1),-,-,-,-,-,-,-,-,-
AP Govt-NS LOC (AU),OPEN-GEN,Andhra Pradesh,"Guntur Med Coll, Guntur",PATHOLOGY,"₹48,600*","₹60,823",1*,"₹40,00,000*",1170,-,2973(1),-,-,-,-,-,-,-,-,-
AP Govt-NS LOC (AU),OPEN-FEM,Andhra Pradesh,"Dr PSI Med Coll, Chinoutpalli",ENT,"₹4,96,800*","₹28,000*",1*,"₹40,00,000*",790,-,2978(1),-,-,-,-,-,-,-,-,-
AP Govt-NS LOC (SVU),SC-GEN,Andhra Pradesh,"SV Med Coll, Tirupati",TBRD,"₹48,600*","₹60,823",1*,"₹40,00,000*",940,1761(1),2981(1),-,-,-,-,-,-,-,-,-
AP Govt-NS LOC (AU),BCE-GEN,Andhra Pradesh,"Govt Siddhartha, Vijaywada",PATHOLOGY,"₹48,600*","₹60,823",1*,"₹40,00,000*",707,2993(1),-,-,-,-,-,-,-,-,-,-
AP Govt-NS UNR,OPEN-FEM,Andhra Pradesh,"Govt Siddhartha, Vijaywada",PATHOLOGY,"₹48,600*","₹60,823",1*,"₹40,00,000*",707,2330(1),3010(1),-,-,-,-,-,-,-,-,-
AP Govt-NS LOC (SVU),ST-GEN,Andhra Pradesh,"Govt Med Coll, Ananthapuram",DERMATOLOGY,"₹48,600*","₹60,823",1*,"₹40,00,000*",500,2163(1),3021(1),-,-,-,-,-,-,-,-,-
AP Govt-NS LOC (AU),SC-GEN,Andhra Pradesh,"GreatEastern MedSch,Srikakulam",OBG,"₹4,96,800*",Info not available*,1*,"₹40,00,000*",780,2274(1),3027(1),-,-,-,-,-,-,-,-,-
AP Govt-NS LOC (AU),BCA-GEN,Andhra Pradesh,"Rajiv Gandhi IMS, Ongole",PATHOLOGY,"₹48,600*","₹60,823",1*,"₹40,00,000*",500,3045(1),-,-,-,-,-,-,-,-,-,-
AP Govt-NS LOC (AU),BCA-FEM,Andhra Pradesh,"NRI Inst of Med Sci, Vizag",OPHTHALMOLOGY,"₹4,96,800*","₹40,000*",1*,"₹40,00,000*",980,3029(1),3046(1),-,-,-,-,-,-,-,-,-
AP Govt-NS LOC (AU),BCA-GEN,Andhra Pradesh,"NRI Med Coll, Guntur",ANAESTHESIOLOGY,"₹4,96,800*","₹27,000*",1*,"₹40,00,000*",1050,2721(1),3059(1),-,-,-,-,-,-,-,-,-
AP Govt-NS LOC (AU),BCA-GEN,Andhra Pradesh,"Andhra Med Coll, Vizag",PSYCHIATRY,"₹48,600*","₹60,823",1*,"₹40,00,000*",1030,2152(1),3062(1),-,-,-,-,-,-,-,-,-
AP Govt-NS LOC (AU),OPEN-FEM,Andhra Pradesh,"GreatEastern MedSch,Srikakulam",ORTHOPAEDICS,"₹4,96,800*",Info not available*,1*,"₹40,00,000*",780,2765(1),3066(1),-,-,-,-,-,-,-,-,-
AP Govt-NS LOC (AU),OPEN-GEN,Andhra Pradesh,"Rajiv Gandhi IMS, Ongole",ANAESTHESIOLOGY,"₹48,600*","₹60,823",1*,"₹40,00,000*",500,1451(1),2600(2),3068(1),-,-,-,-,-,-,-,-
AP Govt-NS LOC (AU),SC-GEN,Andhra Pradesh,"GSL Med Coll, Rajahmundry",ORTHOPAEDICS,"₹4,96,800*","₹30,000*",1*,"₹40,00,000*",1140,3053(1),3070(1),-,-,-,-,-,-,-,-,-
AP Govt-NS UNR,OPEN-GEN,Andhra Pradesh,"Guntur Med Coll, Guntur",RADIATION ONCOLOGY,"₹48,600*","₹60,823",1*,"₹40,00,000*",1170,-,-,-,3075(1),-,-,-,-,-,-,-
AP Govt-NS LOC (SVU),SC-GEN,Andhra Pradesh,"Govt Med Coll, Ananthapuram",GENERAL SURGERY,"₹48,600*","₹60,823",1*,"₹40,00,000*",500,2082(1),3080(1),-,-,-,-,-,-,-,-,-
AP Govt-NS LOC (SVU),SC-GEN,Andhra Pradesh,"SV Med Coll, Tirupati",ENT,"₹48,600*","₹60,823",1*,"₹40,00,000*",940,2699(1),3081(1),-,-,-,-,-,-,-,-,-
AP Govt-NS LOC (AU),SC-GEN,Andhra Pradesh,"Andhra Med Coll, Vizag",RADIATION ONCOLOGY,"₹48,600*","₹60,823",1*,"₹40,00,000*",1030,3083(1),2357(1),-,-,-,-,-,-,-,-,-
AP Govt-NS LOC (SVU),ST-GEN,Andhra Pradesh,"SV Med Coll, Tirupati",GENERAL SURGERY,"₹48,600*","₹60,823",1*,"₹40,00,000*",940,3075(1),3092(1),-,-,-,-,-,-,-,-,-
AP Govt-NS LOC (AU),SC-FEM,Andhra Pradesh,"Rangaraya Med Coll, Kakinada",ANAESTHESIOLOGY,"₹48,600*","₹60,823",1*,"₹40,00,000*",1450,2422(1),3094(1),-,-,-,-,-,-,-,-,-
AP Govt-NS APUR,SC-GEN,Andhra Pradesh,"SV Med Coll, Tirupati",ANAESTHESIOLOGY,"₹48,600*","₹60,823",1*,"₹40,00,000*",940,2523(1),3109(1),-,-,-,-,-,-,-,-,-
AP Govt-NS LOC (AU),OPEN-GEN,Andhra Pradesh,"GSL Med Coll, Rajahmundry",EMERGENCY MEDICINE,"₹4,96,800*","₹30,000*",1*,"₹40,00,000*",1140,-,-,-,3116(1),-,-,-,-,-,-,-
AP Govt-NS LOC (SVU),BCC-FEM,Andhra Pradesh,"Narayana Med Coll, Nellore",ORTHOPAEDICS,"₹4,96,800*","₹30,000*",1*,"₹40,00,000*",1430,3100(1),3118(1),-,-,-,-,-,-,-,-,-
AP Govt-NS LOC (AU),BCA-GEN,Andhra Pradesh,"Konaseema IMS, Amalapuram",PSYCHIATRY,"₹4,96,800*","₹30,000*",1*,"₹40,00,000*",840,2895(1),3123(1),-,-,-,-,-,-,-,-,-
AP Govt-NS LOC (SVU),ST-GEN,Andhra Pradesh,"SV Med Coll, Tirupati",OBG,"₹48,600*","₹60,823",1*,"₹40,00,000*",940,3126(1),3145(1),-,-,-,-,-,-,-,-,-
AP Govt-NS LOC (SVU),SC-GEN,Andhra Pradesh,"Rajiv Gandhi IMS, Kadapa",ANAESTHESIOLOGY,"₹48,600*","₹60,823",1*,"₹40,00,000*",715,2594(1),3146(1),-,-,-,-,-,-,-,-,-
AP Govt-NS LOC (SVU),BCA-GEN,Andhra Pradesh,"PES IMS, Kuppam",OPHTHALMOLOGY,"₹4,96,800*","₹30,000*",1*,"₹40,00,000*",975,-,2646(1),3147(1),-,-,-,-,-,-,-,-
AP Govt-NS LOC (AU),SC-FEM,Andhra Pradesh,"Andhra Med Coll, Vizag",OPHTHALMOLOGY,"₹48,600*","₹60,823",1*,"₹40,00,000*",1030,2534(1),3150(1),-,-,-,-,-,-,-,-,-
AP Govt-NS LOC (AU),SC-FEM,Andhra Pradesh,"Andhra Med Coll, Vizag",ORTHOPAEDICS,"₹48,600*","₹60,823",1*,"₹40,00,000*",1030,3092(1),3157(1),-,-,-,-,-,-,-,-,-
AP Govt-NS LOC (OU),BCB-GEN,Andhra Pradesh,"Govt Siddhartha, Vijaywada",OBG,"₹48,600*","₹60,823",1*,"₹40,00,000*",707,622(1),3164(1),-,-,-,-,-,-,-,-,-
AP Govt-NS LOC (AU),SC-GEN,Andhra Pradesh,"Katuri Med Coll, Guntur",GENERAL SURGERY,"₹4,96,800*",Info not available*,1*,"₹40,00,000*",1100,2720(1),3166(1),-,-,-,-,-,-,-,-,-
AP Govt-NS LOC (AU),BCA-GEN,Andhra Pradesh,"GSL Med Coll, Rajahmundry",ANAESTHESIOLOGY,"₹4,96,800*","₹30,000*",1*,"₹40,00,000*",1140,2724(1),3167(1),-,-,-,-,-,-,-,-,-
AP Govt-NS LOC (AU),BCA-FEM,Andhra Pradesh,"Dr PSI Med Coll, Chinoutpalli",TBRD,"₹4,96,800*","₹28,000*",1*,"₹40,00,000*",790,1894(1),3168(1),-,-,-,-,-,-,-,-,-
AP Govt-NS UNR,BCB-FEM,Andhra Pradesh,"SV Med Coll, Tirupati",ORTHOPAEDICS,"₹48,600*","₹60,823",1*,"₹40,00,000*",940,1158(1),3179(1),-,-,-,-,-,-,-,-,-
AP Govt-NS UNR,ST-GEN,Andhra Pradesh,"Govt Siddhartha, Vijaywada",GENERAL SURGERY,"₹48,600*","₹60,823",1*,"₹40,00,000*",707,3161(1),3182(1),-,-,-,-,-,-,-,-,-
AP Govt-NS LOC (AU),BCE-GEN,Andhra Pradesh,"NRI Med Coll, Guntur",PSYCHIATRY,"₹4,96,800*","₹27,000*",1*,"₹40,00,000*",1050,3164(1),3185(1),-,-,-,-,-,-,-,-,-
AP Govt-NS LOC (AU),BCE-GEN,Andhra Pradesh,"GSL Med Coll, Rajahmundry",TBRD,"₹4,96,800*","₹30,000*",1*,"₹40,00,000*",1140,2185(1),3188(1),-,-,-,-,-,-,-,-,-
AP Govt-NS APUR,OPEN-GEN,Andhra Pradesh,"VMC, Kurnool",PATHOLOGY,"₹1,55,250*","₹30,000*",1*,"₹40,00,000*",650,3192(1),-,-,-,-,-,-,-,-,-,-
AP Govt-NS LOC (SVU),SC-FEM,Andhra Pradesh,"VMC, Kurnool",OBG,"₹4,96,800*","₹30,000*",1*,"₹40,00,000*",650,2434(1),3196(1),-,-,-,-,-,-,-,-,-
AP Govt-NS LOC (AU),SC-GEN,Andhra Pradesh,"Konaseema IMS, Amalapuram",TBRD,"₹4,96,800*","₹30,000*",1*,"₹40,00,000*",840,2880(1),3201(1),-,-,-,-,-,-,-,-,-
AP Govt-NS APUR,SC-GEN,Andhra Pradesh,"Alluri Sitaram Raju, Eluru",OPHTHALMOLOGY,"₹4,96,800*","₹30,000*",1*,"₹40,00,000*",1200,3080(1),3206(1),-,-,-,-,-,-,-,-,-
AP Govt-NS APUR,BCB-GEN,Andhra Pradesh,"VMC, Kurnool",ANAESTHESIOLOGY,"₹4,96,800*","₹30,000*",1*,"₹40,00,000*",650,2233(1),3207(1),-,-,-,-,-,-,-,-,-
AP Govt-NS LOC (SVU),BCD-FEM,Andhra Pradesh,"Kurnool Med Coll, Kurnool",ORTHOPAEDICS,"₹48,600*","₹60,823",1*,"₹40,00,000*",1150,2039(2),3210(2),-,-,-,-,-,-,-,-,-
AP Govt-NS LOC (SVU),SC-GEN,Andhra Pradesh,"PES IMS, Kuppam",ORTHOPAEDICS,"₹4,96,800*","₹30,000*",1*,"₹40,00,000*",975,2937(1),3211(1),-,-,-,-,-,-,-,-,-
AP Govt-NS LOC (SVU),SC-GEN,Andhra Pradesh,"PES IMS, Kuppam",RADIO DIAGNOSIS,"₹4,96,800*","₹30,000*",1*,"₹40,00,000*",975,2006(1),2103(1),3214(1),-,-,-,-,-,-,-,-
AP Govt-NS LOC (SVU),BCD-FEM,Andhra Pradesh,"PES IMS, Kuppam",ANAESTHESIOLOGY,"₹4,96,800*","₹30,000*",1*,"₹40,00,000*",975,1990(1),3215(1),-,-,-,-,-,-,-,-,-
AP Govt-NS UNR,OPEN-FEM,Andhra Pradesh,"NRI Med Coll, Guntur",OPHTHALMOLOGY,"₹4,96,800*","₹27,000*",1*,"₹40,00,000*",1050,1388(1),2642(1),3224(1),-,-,-,-,-,-,-,-
AP Govt-NS LOC (AU),OPEN-GEN,Andhra Pradesh,"GreatEastern MedSch,Srikakulam",PSYCHIATRY,"₹4,96,800*",Info not available*,1*,"₹40,00,000*",780,2728(1),3228(1),-,-,-,-,-,-,-,-,-
AP Govt-NS LOC (AU),SC-GEN,Andhra Pradesh,"Maharajah IMS, Vizianagaram",OBG,"₹4,96,800*",Info not available*,1*,"₹40,00,000*",850,2827(1),3232(1),-,-,-,-,-,-,-,-,-
AP Govt-NS LOC (AU),SC-GEN,Andhra Pradesh,"Andhra Med Coll, Vizag",ENT,"₹48,600*","₹60,823",1*,"₹40,00,000*",1030,2583(1),3234(1),-,-,-,-,-,-,-,-,-
AP Govt-NS LOC (AU),BCD-FEM,Andhra Pradesh,"Rajiv Gandhi IMS, Ongole",OPHTHALMOLOGY,"₹48,600*","₹60,823",1*,"₹40,00,000*",500,-,3248(1),-,-,-,-,-,-,-,-,-
AP Govt-NS LOC (OU),SC-GEN,Andhra Pradesh,"Govt Siddhartha, Vijaywada",GENERAL MEDICINE,"₹48,600*","₹60,823",1*,"₹40,00,000*",707,924(1),3261(1),-,-,-,-,-,-,-,-,-
AP Govt-NS LOC (AU),SC-GEN,Andhra Pradesh,"GSL Med Coll, Rajahmundry",OPHTHALMOLOGY,"₹4,96,800*","₹30,000*",1*,"₹40,00,000*",1140,3131(1),3263(1),-,-,-,-,-,-,-,-,-
AP Govt-NS LOC (AU),BCA-FEM,Andhra Pradesh,"NRI Inst of Med Sci, Vizag",ANAESTHESIOLOGY,"₹4,96,800*","₹40,000*",1*,"₹40,00,000*",980,2972(1),3264(1),-,-,-,-,-,-,-,-,-
AP Govt-NS UNR,OPEN-GEN,Andhra Pradesh,"GSL Med Coll, Rajahmundry",ENT,"₹4,96,800*","₹30,000*",1*,"₹40,00,000*",1140,-,-,-,3267(1),-,-,-,-,-,-,-
AP Govt-NS LOC (AU),SC-FEM,Andhra Pradesh,"Konaseema IMS, Amalapuram",GENERAL SURGERY,"₹4,96,800*","₹30,000*",1*,"₹40,00,000*",840,2900(1),3274(1),-,-,-,-,-,-,-,-,-
AP Govt-NS LOC (SVU),SC-GEN,Andhra Pradesh,"SV Med Coll, Tirupati",OPHTHALMOLOGY,"₹48,600*","₹60,823",1*,"₹40,00,000*",940,2964(1),3275(1),-,-,-,-,-,-,-,-,-
AP Govt-NS APUR,OPEN-GEN,Andhra Pradesh,"GVP Med Coll, Vizag",ANAESTHESIOLOGY,"₹4,96,800*","₹30,000*",1*,"₹40,00,000*",750,1818(1),2892(1),3280(1),-,-,-,-,-,-,-,-
AP Govt-NS LOC (AU),BCC-GEN,Andhra Pradesh,"NRI Med Coll, Guntur",ORTHOPAEDICS,"₹4,96,800*","₹27,000*",1*,"₹40,00,000*",1050,-,3281(1),-,-,-,-,-,-,-,-,-
AP Govt-NS UNR,SC-GEN,Andhra Pradesh,"Santhiram Med Coll, Nandyal",OPHTHALMOLOGY,"₹4,96,800*","₹30,000*",1*,"₹40,00,000*",930,3064(1),3282(1),-,-,-,-,-,-,-,-,-
AP Govt-NS LOC (SVU),SC-GEN,Andhra Pradesh,"Narayana Med Coll, Nellore",GENERAL SURGERY,"₹4,96,800*","₹30,000*",1*,"₹40,00,000*",1430,2737(1),3284(1),-,-,-,-,-,-,-,-,-
AP Govt-NS LOC (SVU),OPEN-GEN,Andhra Pradesh,"Kurnool Med Coll, Kurnool",BIOCHEMISTRY,"₹48,600*","₹60,823",1*,"₹40,00,000*",1150,3276(1),3300(1),-,-,-,-,-,-,-,-,-
AP Govt-NS LOC (SVU),BCE-GEN,Andhra Pradesh,"ACSR Medical College, Nellore",OPHTHALMOLOGY,"₹48,600*","₹60,823",1*,"₹40,00,000*",355,-,3301(1),-,-,-,-,-,-,-,-,-
AP Govt-NS UNR,SC-GEN,Andhra Pradesh,"Alluri Sitaram Raju, Eluru",GENERAL SURGERY,"₹4,96,800*","₹30,000*",1*,"₹40,00,000*",1200,2789(1),2966(1),3306(1),-,-,-,-,-,-,-,-
AP Govt-NS LOC (AU),OPEN-GEN,Andhra Pradesh,"Govt Siddhartha, Vijaywada",PATHOLOGY,"₹48,600*","₹60,823",1*,"₹40,00,000*",707,-,3309(1),-,-,-,-,-,-,-,-,-
AP Govt-NS LOC (SVU),BCB-GEN,Andhra Pradesh,"Kurnool Med Coll, Kurnool",SPM,"₹48,600*","₹60,823",1*,"₹40,00,000*",1150,3321(1),-,-,-,-,-,-,-,-,-,-
AP Govt-NS APUR,BCB-GEN,Andhra Pradesh,"Katuri Med Coll, Guntur",ANAESTHESIOLOGY,"₹4,96,800*",Info not available*,1*,"₹40,00,000*",1100,2071(1),3034(1),3326(1),-,-,-,-,-,-,-,-
AP Govt-NS LOC (AU),BCD-FEM,Andhra Pradesh,"Alluri Sitaram Raju, Eluru",ANAESTHESIOLOGY,"₹4,96,800*","₹30,000*",1*,"₹40,00,000*",1200,-,3329(1),-,-,-,-,-,-,-,-,-
AP Govt-NS APUR,OPEN-GEN,Andhra Pradesh,"NRI Med Coll, Guntur",OPHTHALMOLOGY,"₹4,96,800*","₹27,000*",1*,"₹40,00,000*",1050,-,-,-,3335(1),-,-,-,-,-,-,-
AP Govt-NS LOC (AU),ST-FEM,Andhra Pradesh,"GSL Med Coll, Rajahmundry",RADIO DIAGNOSIS,"₹4,96,800*","₹30,000*",1*,"₹40,00,000*",1140,3322(1),3346(1),-,-,-,-,-,-,-,-,-
AP Govt-NS LOC (AU),OPEN-GEN,Andhra Pradesh,"GSL Med Coll, Rajahmundry",PSYCHIATRY,"₹4,96,800*","₹30,000*",1*,"₹40,00,000*",1140,2557(1),3349(1),-,-,-,-,-,-,-,-,-
AP Govt-NS LOC (SVU),SC-GEN,Andhra Pradesh,"Narayana Med Coll, Nellore",ANAESTHESIOLOGY,"₹4,96,800*","₹30,000*",1*,"₹40,00,000*",1430,2969(1),3380(1),-,-,-,-,-,-,-,-,-
AP Govt-NS LOC (SVU),SC-GEN,Andhra Pradesh,"SV Med Coll, Tirupati",PSYCHIATRY,"₹48,600*","₹60,823",1*,"₹40,00,000*",940,2958(1),3395(1),-,-,-,-,-,-,-,-,-
AP Govt-NS LOC (AU),SC-FEM,Andhra Pradesh,"Maharajah IMS, Vizianagaram",GENERAL SURGERY,"₹4,96,800*",Info not available*,1*,"₹40,00,000*",850,3010(1),3367(1),3397(1),-,-,-,-,-,-,-,-
AP Govt-NS LOC (SVU),ST-FEM,Andhra Pradesh,"VMC, Kurnool",PAEDIATRICS,"₹4,96,800*","₹30,000*",1*,"₹40,00,000*",650,3004(1),3400(1),-,-,-,-,-,-,-,-,-
AP Govt-NS LOC (SVU),BCD-FEM,Andhra Pradesh,"Narayana Med Coll, Nellore",SPM,"₹1,55,250*","₹30,000*",1*,"₹40,00,000*",1430,3402(1),-,-,-,-,-,-,-,-,-,-
AP Govt-NS APUR,BCB-GEN,Andhra Pradesh,"Rajiv Gandhi IMS, Ongole",PSYCHIATRY,"₹48,600*","₹60,823",1*,"₹40,00,000*",500,2198(1),3406(1),-,-,-,-,-,-,-,-,-
AP Govt-NS LOC (SVU),OPEN-FEM,Andhra Pradesh,"Kurnool Med Coll, Kurnool",PSYCHIATRY,"₹48,600*","₹60,823",1*,"₹40,00,000*",1150,1893(1),3004(1),3415(1),-,-,-,-,-,-,-,-
AP Govt-NS APUR,OPEN-GEN,Andhra Pradesh,"VMC, Kurnool",RADIATION ONCOLOGY,"₹4,96,800*","₹30,000*",1*,"₹40,00,000*",650,2168(1),2800(1),3418(1),-,-,-,-,-,-,-,-
AP Govt-NS LOC (AU),SC-FEM,Andhra Pradesh,"Rajiv Gandhi IMS, Ongole",ENT,"₹48,600*","₹60,823",1*,"₹40,00,000*",500,2636(1),3420(1),-,-,-,-,-,-,-,-,-
AP Govt-NS LOC (SVU),OPEN-FEM,Andhra Pradesh,"PES IMS, Kuppam",ORTHOPAEDICS,"₹4,96,800*","₹30,000*",1*,"₹40,00,000*",975,2101(1),3424(1),-,-,-,-,-,-,-,-,-
AP Govt-NS APUR,OPEN-GEN,Andhra Pradesh,"ACSR Medical College, Nellore",SPM,"₹48,600*","₹60,823",1*,"₹40,00,000*",355,2835(1),3432(1),-,-,-,-,-,-,-,-,-
AP Govt-NS LOC (SVU),BCE-GEN,Andhra Pradesh,"VMC, Kurnool",OPHTHALMOLOGY,"₹4,96,800*","₹30,000*",1*,"₹40,00,000*",650,2010(1),3445(1),-,-,-,-,-,-,-,-,-
AP Govt-NS LOC (AU),BCD-FEM,Andhra Pradesh,"Maharajah IMS, Vizianagaram",OPHTHALMOLOGY,"₹4,96,800*",Info not available*,1*,"₹40,00,000*",850,2046(1),3464(1),-,-,-,-,-,-,-,-,-
AP Govt-NS LOC (AU),BCD-FEM,Andhra Pradesh,"Katuri Med Coll, Guntur",ENT,"₹4,96,800*",Info not available*,1*,"₹40,00,000*",1100,2759(1),3469(1),-,-,-,-,-,-,-,-,-
AP Govt-NS LOC (AU),SC-FEM,Andhra Pradesh,"NRI Med Coll, Guntur",ANAESTHESIOLOGY,"₹4,96,800*","₹27,000*",1*,"₹40,00,000*",1050,2893(1),3474(1),-,-,-,-,-,-,-,-,-
AP Govt-NS LOC (SVU),BCC-GEN,Andhra Pradesh,"Govt Med Coll, Ananthapuram",PSYCHIATRY,"₹48,600*","₹60,823",1*,"₹40,00,000*",500,2515(1),3475(1),-,-,-,-,-,-,-,-,-
AP Govt-NS LOC (AU),BCE-GEN,Andhra Pradesh,"NRI Inst of Med Sci, Vizag",ANAESTHESIOLOGY,"₹4,96,800*","₹40,000*",1*,"₹40,00,000*",980,2831(1),3480(1),-,-,-,-,-,-,-,-,-
AP Govt-NS UNR,SC-FEM,Andhra Pradesh,"PES IMS, Kuppam",GENERAL SURGERY,"₹4,96,800*","₹30,000*",1*,"₹40,00,000*",975,2734(1),3481(1),-,-,-,-,-,-,-,-,-
AP Govt-NS LOC (AU),SC-GEN,Andhra Pradesh,"Alluri Sitaram Raju, Eluru",ANAESTHESIOLOGY,"₹4,96,800*","₹30,000*",1*,"₹40,00,000*",1200,3086(1),3485(1),-,-,-,-,-,-,-,-,-
AP Govt-NS LOC (SVU),BCE-GEN,Andhra Pradesh,"VMC, Kurnool",ENT,"₹4,96,800*","₹30,000*",1*,"₹40,00,000*",650,2225(1),3489(1),-,-,-,-,-,-,-,-,-
AP Govt-NS LOC (SVU),OPEN-GEN,Andhra Pradesh,"Rajiv Gandhi IMS, Kadapa",PSYCHIATRY,"₹48,600*","₹60,823",1*,"₹40,00,000*",715,-,2831(1),3497(1),-,-,-,-,-,-,-,-
AP Govt-NS LOC (AU),SC-GEN,Andhra Pradesh,"Rajiv Gandhi IMS, Srikakulam",PSYCHIATRY,"₹48,600*","₹60,823",1*,"₹40,00,000*",532,-,3510(1),-,-,-,-,-,-,-,-,-
AP Govt-NS LOC (SVU),BCA-GEN,Andhra Pradesh,"Rajiv Gandhi IMS, Kadapa",SPM,"₹48,600*","₹60,823",1*,"₹40,00,000*",715,3513(1),-,-,-,-,-,-,-,-,-,-
AP Govt-NS UNR,OPEN-GEN,Andhra Pradesh,"Katuri Med Coll, Guntur",OPHTHALMOLOGY,"₹4,96,800*",Info not available*,1*,"₹40,00,000*",1100,-,-,-,3526(1),-,-,-,-,-,-,-
AP Govt-NS LOC (AU),SC-FEM,Andhra Pradesh,"GreatEastern MedSch,Srikakulam",ANAESTHESIOLOGY,"₹4,96,800*",Info not available*,1*,"₹40,00,000*",780,3077(1),3532(1),-,-,-,-,-,-,-,-,-
AP Govt-NS UNR,SC-GEN,Andhra Pradesh,"Konaseema IMS, Amalapuram",ANAESTHESIOLOGY,"₹4,96,800*","₹30,000*",1*,"₹40,00,000*",840,2743(1),3533(1),-,-,-,-,-,-,-,-,-
AP Govt-NS LOC (AU),OPEN-FEM,Andhra Pradesh,"Andhra Med Coll, Vizag",PATHOLOGY,"₹48,600*","₹60,823",1*,"₹40,00,000*",1030,2329(1),3535(2),-,-,-,-,-,-,-,-,-
AP Govt-NS UNR,OPEN-GEN,Andhra Pradesh,"GVP Med Coll, Vizag",ANAESTHESIOLOGY,"₹4,96,800*","₹30,000*",1*,"₹40,00,000*",750,-,-,-,3541(1),-,-,-,-,-,-,-
AP Govt-NS LOC (AU),BCA-GEN,Andhra Pradesh,"Dr PSI Med Coll, Chinoutpalli",ANAESTHESIOLOGY,"₹4,96,800*","₹28,000*",1*,"₹40,00,000*",790,2506(1),3544(1),-,-,-,-,-,-,-,-,-
AP Govt-NS LOC (SVU),OPEN-GEN,Andhra Pradesh,"Narayana Med Coll, Nellore",PSYCHIATRY,"₹4,96,800*","₹30,000*",1*,"₹40,00,000*",1430,1926(1),3550(1),-,-,-,-,-,-,-,-,-
AP Govt-NS LOC (OU),BCB-GEN,Andhra Pradesh,"Govt Siddhartha, Vijaywada",GENERAL SURGERY,"₹48,600*","₹60,823",1*,"₹40,00,000*",707,714(1),3553(1),-,-,-,-,-,-,-,-,-
AP Govt-NS LOC (AU),ST-FEM,Andhra Pradesh,"Andhra Med Coll, Vizag",PAEDIATRICS,"₹48,600*","₹60,823",1*,"₹40,00,000*",1030,2307(1),3559(1),-,-,-,-,-,-,-,-,-
AP Govt-NS LOC (SVU),BCE-FEM,Andhra Pradesh,"Narayana Med Coll, Nellore",ANAESTHESIOLOGY,"₹4,96,800*","₹30,000*",1*,"₹40,00,000*",1430,1948(1),3565(1),-,-,-,-,-,-,-,-,-
AP Govt-NS LOC (SVU),SC-GEN,Andhra Pradesh,"SV Med Coll, Tirupati",PATHOLOGY,"₹48,600*","₹60,823",1*,"₹40,00,000*",940,3478(1),3572(1),-,-,-,-,-,-,-,-,-
AP Govt-NS LOC (AU),ST-FEM,Andhra Pradesh,"Rangaraya Med Coll, Kakinada",OPHTHALMOLOGY,"₹48,600*","₹60,823",1*,"₹40,00,000*",1450,3537(1),3575(1),-,-,-,-,-,-,-,-,-
AP Govt-NS LOC (SVU),ST-FEM,Andhra Pradesh,"Rajiv Gandhi IMS, Kadapa",OBG,"₹48,600*","₹60,823",1*,"₹40,00,000*",715,3185(1),3579(1),-,-,-,-,-,-,-,-,-
AP Govt-NS LOC (OU),SC-GEN,Andhra Pradesh,"Govt Siddhartha, Vijaywada",ANAESTHESIOLOGY,"₹48,600*","₹60,823",1*,"₹40,00,000*",707,2335(1),3509(1),3580(1),-,-,-,-,-,-,-,-
AP Govt-NS LOC (SVU),OPEN-GEN,Andhra Pradesh,"Kurnool Med Coll, Kurnool",SPM,"₹48,600*","₹60,823",1*,"₹40,00,000*",1150,-,3582(1),-,-,-,-,-,-,-,-,-
AP Govt-NS LOC (AU),BCD-GEN,Andhra Pradesh,"GSL Med Coll, Rajahmundry",ANAESTHESIOLOGY,"₹4,96,800*","₹30,000*",1*,"₹40,00,000*",1140,2100(1),3592(1),-,-,-,-,-,-,-,-,-
AP Govt-NS UNR,OPEN-GEN,Andhra Pradesh,"Katuri Med Coll, Guntur",ANAESTHESIOLOGY,"₹4,96,800*",Info not available*,1*,"₹40,00,000*",1100,-,-,-,3596(1),-,-,-,-,-,-,-
AP Govt-NS LOC (AU),BCE-GEN,Andhra Pradesh,"Katuri Med Coll, Guntur",ANAESTHESIOLOGY,"₹4,96,800*",Info not available*,1*,"₹40,00,000*",1100,2193(1),3247(1),3613(1),-,-,-,-,-,-,-,-
AP Govt-NS LOC (SVU),OPEN-FEM,Andhra Pradesh,"Narayana Med Coll, Nellore",PATHOLOGY,"₹1,55,250*","₹30,000*",1*,"₹40,00,000*",1430,3089(1),3615(1),-,-,-,-,-,-,-,-,-
AP Govt-NS LOC (SVU),BCE-GEN,Andhra Pradesh,"Govt Siddhartha, Vijaywada",PATHOLOGY,"₹48,600*","₹60,823",1*,"₹40,00,000*",707,3455(1),3618(1),-,-,-,-,-,-,-,-,-
AP Govt-NS LOC (SVU),BCB-GEN,Andhra Pradesh,"Kurnool Med Coll, Kurnool",PHARMACOLOGY,"₹48,600*","₹60,823",1*,"₹40,00,000*",1150,3586(1),3627(1),-,-,-,-,-,-,-,-,-
AP Govt-NS LOC (AU),BCD-FEM,Andhra Pradesh,"GVP Med Coll, Vizag",PSYCHIATRY,"₹4,96,800*","₹30,000*",1*,"₹40,00,000*",750,3606(1),3647(1),-,-,-,-,-,-,-,-,-
AP Govt-NS LOC (SVU),BCB-FEM,Andhra Pradesh,"Kurnool Med Coll, Kurnool",PATHOLOGY,"₹48,600*","₹60,823",1*,"₹40,00,000*",1150,2289(1),3648(1),-,-,-,-,-,-,-,-,-
AP Govt-NS UNR,ST-GEN,Andhra Pradesh,"Maharajah IMS, Vizianagaram",GENERAL SURGERY,"₹4,96,800*",Info not available*,1*,"₹40,00,000*",850,3531(1),3655(1),-,-,-,-,-,-,-,-,-
AP Govt-NS LOC (AU),ST-GEN,Andhra Pradesh,"Guntur Med Coll, Guntur",OBG,"₹48,600*","₹60,823",1*,"₹40,00,000*",1170,2836(1),3665(1),-,-,-,-,-,-,-,-,-
AP Govt-NS LOC (SVU),BCA-GEN,Andhra Pradesh,"Govt Med Coll, Ananthapuram",PATHOLOGY,"₹48,600*","₹60,823",1*,"₹40,00,000*",500,3044(1),3668(1),-,-,-,-,-,-,-,-,-
AP Govt-NS LOC (AU),ST-FEM,Andhra Pradesh,"Rajiv Gandhi IMS, Ongole",OBG,"₹48,600*","₹60,823",1*,"₹40,00,000*",500,3521(1),3684(1),-,-,-,-,-,-,-,-,-
AP Govt-NS LOC (SVU),OPEN-GEN,Andhra Pradesh,"Santhiram Med Coll, Nandyal",PSYCHIATRY,"₹4,96,800*","₹30,000*",1*,"₹40,00,000*",930,2644(1),3694(1),-,-,-,-,-,-,-,-,-
AP Govt-NS LOC (AU),BCD-GEN,Andhra Pradesh,"Guntur Med Coll, Guntur",PATHOLOGY,"₹48,600*","₹60,823",1*,"₹40,00,000*",1170,3066(1),3697(1),-,-,-,-,-,-,-,-,-
AP Govt-NS UNR,OPEN-GEN,Andhra Pradesh,"NRI Med Coll, Guntur",PSYCHIATRY,"₹4,96,800*","₹27,000*",1*,"₹40,00,000*",1050,1929(1),3052(1),3698(1),-,-,-,-,-,-,-,-
AP Govt-NS LOC (AU),BCE-GEN,Andhra Pradesh,"Rangaraya Med Coll, Kakinada",PATHOLOGY,"₹48,600*","₹60,823",1*,"₹40,00,000*",1450,2956(1),3701(1),-,-,-,-,-,-,-,-,-
AP Govt-NS LOC (AU),ST-FEM,Andhra Pradesh,"Rajiv Gandhi IMS, Ongole",GENERAL SURGERY,"₹48,600*","₹60,823",1*,"₹40,00,000*",500,3668(1),3710(1),-,-,-,-,-,-,-,-,-
AP Govt-NS LOC (AU),BCB-GEN,Andhra Pradesh,"GVP Med Coll, Vizag",ANAESTHESIOLOGY,"₹4,96,800*","₹30,000*",1*,"₹40,00,000*",750,2230(1),3722(1),-,-,-,-,-,-,-,-,-
AP Govt-NS UNR,OPEN-GEN,Andhra Pradesh,"PES IMS, Kuppam",OPHTHALMOLOGY,"₹4,96,800*","₹30,000*",1*,"₹40,00,000*",975,-,-,-,3744(1),-,-,-,-,-,-,-
AP Govt-NS LOC (AU),ST-GEN,Andhra Pradesh,"Homi Bhabha CancerHosp,Vizag",RADIATION ONCOLOGY,"₹1,05,500*","₹1,00,800",1*,"₹25,00,000*",100,3704(1),3746(1),-,-,-,-,-,-,-,-,-
AP Govt-NS LOC (AU),OPEN-GEN,Andhra Pradesh,"Katuri Med Coll, Guntur",OPHTHALMOLOGY,"₹4,96,800*",Info not available*,1*,"₹40,00,000*",1100,-,2884(1),3753(1),-,-,-,-,-,-,-,-
AP Govt-NS LOC (AU),BCD-GEN,Andhra Pradesh,"Andhra Med Coll, Vizag",RADIATION ONCOLOGY,"₹48,600*","₹60,823",1*,"₹40,00,000*",1030,2435(1),3783(1),-,-,-,-,-,-,-,-,-
AP Govt-NS APUR,OPEN-GEN,Andhra Pradesh,"Govt Med Coll, Ananthapuram",PHARMACOLOGY,"₹48,600*","₹60,823",1*,"₹40,00,000*",500,3742(1),3785(1),-,-,-,-,-,-,-,-,-
AP Govt-NS LOC (AU),SC-FEM,Andhra Pradesh,"GSL Med Coll, Rajahmundry",ORTHOPAEDICS,"₹4,96,800*","₹30,000*",1*,"₹40,00,000*",1140,3138(1),3786(1),-,-,-,-,-,-,-,-,-
AP Govt-NS LOC (AU),BCB-GEN,Andhra Pradesh,"GreatEastern MedSch,Srikakulam",ENT,"₹4,96,800*",Info not available*,1*,"₹40,00,000*",780,2548(1),3794(1),-,-,-,-,-,-,-,-,-
AP Govt-NS LOC (SVU),SC-FEM,Andhra Pradesh,"Rajiv Gandhi IMS, Kadapa",ORTHOPAEDICS,"₹48,600*","₹60,823",1*,"₹40,00,000*",715,3155(1),3806(1),-,-,-,-,-,-,-,-,-
AP Govt-NS LOC (AU),OPEN-GEN,Andhra Pradesh,"Rajiv Gandhi IMS, Ongole",PATHOLOGY,"₹48,600*","₹60,823",1*,"₹40,00,000*",500,-,3812(1),-,-,-,-,-,-,-,-,-
AP Govt-NS LOC (AU),BCA-FEM,Andhra Pradesh,"Katuri Med Coll, Guntur",ORTHOPAEDICS,"₹4,96,800*",Info not available*,1*,"₹40,00,000*",1100,-,3824(1),-,-,-,-,-,-,-,-,-
AP Govt-NS LOC (AU),ST-FEM,Andhra Pradesh,"Alluri Sitaram Raju, Eluru",GENERAL MEDICINE,"₹4,96,800*","₹30,000*",1*,"₹40,00,000*",1200,3788(1),3833(1),-,-,-,-,-,-,-,-,-
AP Govt-NS LOC (AU),OPEN-FEM,Andhra Pradesh,"Maharajah IMS, Vizianagaram",ENT,"₹4,96,800*",Info not available*,1*,"₹40,00,000*",850,1942(1),3127(1),3842(1),-,-,-,-,-,-,-,-
AP Govt-NS LOC (AU),BCD-GEN,Andhra Pradesh,"GSL Med Coll, Rajahmundry",ORTHOPAEDICS,"₹4,96,800*","₹30,000*",1*,"₹40,00,000*",1140,2105(1),2456(1),3843(1),-,-,-,-,-,-,-,-
AP Govt-NS APUR,BCB-GEN,Andhra Pradesh,"Rangaraya Med Coll, Kakinada",PATHOLOGY,"₹48,600*","₹60,823",1*,"₹40,00,000*",1450,2776(1),3776(1),3845(1),-,-,-,-,-,-,-,-
AP Govt-NS LOC (AU),SC-FEM,Andhra Pradesh,"Maharajah IMS, Vizianagaram",ORTHOPAEDICS,"₹4,96,800*",Info not available*,1*,"₹40,00,000*",850,3211(1),3853(1),-,-,-,-,-,-,-,-,-
AP Govt-NS LOC (AU),BCB-GEN,Andhra Pradesh,"Andhra Med Coll, Vizag",FORENSIC MEDICINE,"₹48,600*","₹60,823",1*,"₹40,00,000*",1030,3864(1),-,-,-,-,-,-,-,-,-,-
AP Govt-NS LOC (SVU),OPEN-GEN,Andhra Pradesh,"Rajiv Gandhi IMS, Kadapa",RADIATION ONCOLOGY,"₹48,600*","₹60,823",1*,"₹40,00,000*",715,-,-,-,3864(2),-,-,-,-,-,-,-
AP Govt-NS LOC (AU),BCB-FEM,Andhra Pradesh,"Katuri Med Coll, Guntur",GENERAL SURGERY,"₹4,96,800*",Info not available*,1*,"₹40,00,000*",1100,-,3865(1),-,-,-,-,-,-,-,-,-
AP Govt-NS LOC (AU),BCE-FEM,Andhra Pradesh,"Konaseema IMS, Amalapuram",ANAESTHESIOLOGY,"₹4,96,800*","₹30,000*",1*,"₹40,00,000*",840,2576(1),3872(1),-,-,-,-,-,-,-,-,-
AP Govt-NS LOC (SVU),ST-GEN,Andhra Pradesh,"Kurnool Med Coll, Kurnool",ENT,"₹48,600*","₹60,823",1*,"₹40,00,000*",1150,3828(1),3875(1),-,-,-,-,-,-,-,-,-
AP Govt-NS LOC (AU),OPEN-GEN,Andhra Pradesh,"GSL Med Coll, Rajahmundry",RADIATION ONCOLOGY,"₹4,96,800*","₹30,000*",1*,"₹40,00,000*",1140,2390(1),3193(1),3878(1),-,-,-,-,-,-,-,-
AP Govt-NS LOC (AU),OPEN-FEM,Andhra Pradesh,"Alluri Sitaram Raju, Eluru",PSYCHIATRY,"₹4,96,800*","₹30,000*",1*,"₹40,00,000*",1200,-,-,3883(1),-,-,-,-,-,-,-,-
AP Govt-NS LOC (AU),BCA-GEN,Andhra Pradesh,"NRI Med Coll, Guntur",OPHTHALMOLOGY,"₹4,96,800*","₹27,000*",1*,"₹40,00,000*",1050,2166(1),3074(1),3888(1),-,-,-,-,-,-,-,-
AP Govt-NS LOC (AU),SC-GEN,Andhra Pradesh,"NRI Inst of Med Sci, Vizag",ENT,"₹4,96,800*","₹40,000*",1*,"₹40,00,000*",980,3146(1),3583(1),3895(1),-,-,-,-,-,-,-,-
AP Govt-NS LOC (AU),ST-FEM,Andhra Pradesh,"GSL Med Coll, Rajahmundry",GENERAL MEDICINE,"₹4,96,800*","₹30,000*",1*,"₹40,00,000*",1140,3850(1),3897(1),-,-,-,-,-,-,-,-,-
AP Govt-NS LOC (SVU),OPEN-GEN,Andhra Pradesh,"Kurnool Med Coll, Kurnool",FORENSIC MEDICINE,"₹48,600*","₹60,823",1*,"₹40,00,000*",1150,3852(1),3899(1),-,-,-,-,-,-,-,-,-
AP Govt-NS LOC (AU),ST-GEN,Andhra Pradesh,"Maharajah IMS, Vizianagaram",PAEDIATRICS,"₹4,96,800*",Info not available*,1*,"₹40,00,000*",850,3375(1),3904(1),-,-,-,-,-,-,-,-,-
AP Govt-NS LOC (AU),OPEN-FEM,Andhra Pradesh,"Rangaraya Med Coll, Kakinada",SPM,"₹48,600*","₹60,823",1*,"₹40,00,000*",1450,3389(1),3905(1),-,-,-,-,-,-,-,-,-
AP Govt-NS LOC (AU),BCB-FEM,Andhra Pradesh,"Alluri Sitaram Raju, Eluru",PSYCHIATRY,"₹4,96,800*","₹30,000*",1*,"₹40,00,000*",1200,3231(1),3911(1),-,-,-,-,-,-,-,-,-
AP Govt-NS LOC (SVU),OPEN-FEM,Andhra Pradesh,"VMC, Kurnool",BIOCHEMISTRY,"₹70,380*","₹30,000*",1*,"₹40,00,000*",650,3911(1),-,-,-,-,-,-,-,-,-,-
AP Govt-NS LOC (AU),BCA-FEM,Andhra Pradesh,"Alluri Sitaram Raju, Eluru",ANAESTHESIOLOGY,"₹4,96,800*","₹30,000*",1*,"₹40,00,000*",1200,1983(1),3183(1),3912(1),-,-,-,-,-,-,-,-
AP Govt-NS LOC (AU),BCB-FEM,Andhra Pradesh,"Guntur Med Coll, Guntur",PATHOLOGY,"₹48,600*","₹60,823",1*,"₹40,00,000*",1170,3439(1),3929(1),-,-,-,-,-,-,-,-,-
AP Govt-NS LOC (AU),BCA-GEN,Andhra Pradesh,"GSL Med Coll, Rajahmundry",ENT,"₹4,96,800*","₹30,000*",1*,"₹40,00,000*",1140,2353(1),3060(1),3932(1),-,-,-,-,-,-,-,-
AP Govt-NS LOC (SVU),OPEN-FEM-PHO,Andhra Pradesh,"Santhiram Med Coll, Nandyal",DERMATOLOGY,"₹4,96,800*","₹30,000*",1*,"₹40,00,000*",930,3895(1),3942(1),-,-,-,-,-,-,-,-,-
AP Govt-NS LOC (AU),ST-GEN,Andhra Pradesh,"Guntur Med Coll, Guntur",ORTHOPAEDICS,"₹48,600*","₹60,823",1*,"₹40,00,000*",1170,2782(1),3946(1),-,-,-,-,-,-,-,-,-
AP Govt-NS UNR,OPEN-GEN,Andhra Pradesh,"Maharajah IMS, Vizianagaram",PATHOLOGY,"₹1,55,250*",Info not available*,1*,"₹40,00,000*",850,3334(1),3947(1),-,-,-,-,-,-,-,-,-
AP Govt-NS APUR,ST-GEN,Andhra Pradesh,"GSL Med Coll, Rajahmundry",OBG,"₹4,96,800*","₹30,000*",1*,"₹40,00,000*",1140,3901(1),3948(1),-,-,-,-,-,-,-,-,-
AP Govt-NS LOC (SVU),SC-FEM,Andhra Pradesh,"Narayana Med Coll, Nellore",ENT,"₹4,96,800*","₹30,000*",1*,"₹40,00,000*",1430,3106(1),3950(1),3537(1),-,-,-,-,-,-,-,-
AP Govt-NS LOC (AU),ST-GEN,Andhra Pradesh,"Rangaraya Med Coll, Kakinada",ANAESTHESIOLOGY,"₹48,600*","₹60,823",1*,"₹40,00,000*",1450,2423(1),3965(1),-,-,-,-,-,-,-,-,-
AP Govt-NS LOC (AU),BCB-GEN,Andhra Pradesh,"Dr PSI Med Coll, Chinoutpalli",ANAESTHESIOLOGY,"₹4,96,800*","₹28,000*",1*,"₹40,00,000*",790,2165(2),3534(2),3974(1),-,-,-,-,-,-,-,-
AP Govt-NS LOC (SVU),BCA-GEN,Andhra Pradesh,"Rajiv Gandhi IMS, Kadapa",PATHOLOGY,"₹48,600*","₹60,823",1*,"₹40,00,000*",715,-,3987(1),-,-,-,-,-,-,-,-,-
AP Govt-NS LOC (AU),SC-FEM,Andhra Pradesh,"Rajiv Gandhi IMS, Ongole",PATHOLOGY,"₹48,600*","₹60,823",1*,"₹40,00,000*",500,3943(1),3994(1),-,-,-,-,-,-,-,-,-
AP Govt-NS LOC (SVU),ST-GEN,Andhra Pradesh,"SV Med Coll, Tirupati",ORTHOPAEDICS,"₹48,600*","₹60,823",1*,"₹40,00,000*",940,3261(1),4014(1),-,-,-,-,-,-,-,-,-
AP Govt-NS LOC (SVU),BCC-GEN,Andhra Pradesh,"ACSR Medical College, Nellore",PSYCHIATRY,"₹48,600*","₹60,823",1*,"₹40,00,000*",355,3961(1),4016(1),-,-,-,-,-,-,-,-,-
AP Govt-NS UNR,OPEN-FEM,Andhra Pradesh,"Govt Siddhartha, Vijaywada",MICROBIOLOGY,"₹48,600*","₹60,823",1*,"₹40,00,000*",707,3966(1),4021(1),-,-,-,-,-,-,-,-,-
AP Govt-NS LOC (AU),ST-FEM,Andhra Pradesh,"Dr PSI Med Coll, Chinoutpalli",OBG,"₹4,96,800*","₹28,000*",1*,"₹40,00,000*",790,3643(1),4024(1),-,-,-,-,-,-,-,-,-
AP Govt-NS APUR,OPEN-GEN,Andhra Pradesh,"Andhra Med Coll, Vizag",SPM,"₹48,600*","₹60,823",1*,"₹40,00,000*",1030,2388(1),4039(1),-,-,-,-,-,-,-,-,-
AP Govt-NS LOC (AU),BCE-GEN,Andhra Pradesh,"NRI Med Coll, Guntur",RADIATION ONCOLOGY,"₹4,96,800*","₹27,000*",1*,"₹40,00,000*",1050,2918(1),4056(1),-,-,-,-,-,-,-,-,-
AP Govt-NS LOC (AU),BCE-GEN,Andhra Pradesh,"Dr PSI Med Coll, Chinoutpalli",ENT,"₹4,96,800*","₹28,000*",1*,"₹40,00,000*",790,2382(1),3242(1),4064(1),-,-,-,-,-,-,-,-
AP Govt-NS LOC (AU),SC-GEN,Andhra Pradesh,"Rangaraya Med Coll, Kakinada",PATHOLOGY,"₹48,600*","₹60,823",1*,"₹40,00,000*",1450,3452(1),4074(1),-,-,-,-,-,-,-,-,-
AP Govt-NS LOC (AU),BCE-FEM,Andhra Pradesh,"Guntur Med Coll, Guntur",ORTHOPAEDICS,"₹48,600*","₹60,823",1*,"₹40,00,000*",1170,2272(1),4075(1),-,-,-,-,-,-,-,-,-
AP Govt-NS LOC (SVU),SC-FEM,Andhra Pradesh,"Narayana Med Coll, Nellore",OPHTHALMOLOGY,"₹4,96,800*","₹30,000*",1*,"₹40,00,000*",1430,2981(1),3552(1),4079(1),-,-,-,-,-,-,-,-
AP Govt-NS LOC (AU),OPEN-FEM,Andhra Pradesh,"Rangaraya Med Coll, Kakinada",PHARMACOLOGY,"₹48,600*","₹60,823",1*,"₹40,00,000*",1450,-,4094(1),-,-,-,-,-,-,-,-,-
AP Govt-NS LOC (SVU),ST-GEN,Andhra Pradesh,"SV Med Coll, Tirupati",ANAESTHESIOLOGY,"₹48,600*","₹60,823",1*,"₹40,00,000*",940,3568(1),4097(1),3423(1),-,-,-,-,-,-,-,-
AP Govt-NS LOC (SVU),SC-FEM,Andhra Pradesh,"VMC, Kurnool",TBRD,"₹4,96,800*","₹30,000*",1*,"₹40,00,000*",650,2659(1),3755(1),4098(1),-,-,-,-,-,-,-,-
AP Govt-NS LOC (AU),SC-GEN,Andhra Pradesh,"Guntur Med Coll, Guntur",PATHOLOGY,"₹48,600*","₹60,823",1*,"₹40,00,000*",1170,3392(1),4103(1),-,-,-,-,-,-,-,-,-
AP Govt-NS LOC (AU),OPEN-GEN,Andhra Pradesh,"Rajiv Gandhi IMS, Srikakulam",PATHOLOGY,"₹48,600*","₹60,823",1*,"₹40,00,000*",532,2945(1),4106(1),-,-,-,-,-,-,-,-,-
AP Govt-NS LOC (SVU),SC-FEM,Andhra Pradesh,"Apollo IMS&R, Chittoor",PSYCHIATRY,"₹4,96,800*","₹30,000*",1*,"₹40,00,000*",850,3129(1),4109(1),-,-,-,-,-,-,-,-,-
AP Govt-NS LOC (AU),BCD-GEN,Andhra Pradesh,"Rangaraya Med Coll, Kakinada",HOSPITAL ADMINISTRATION,"₹48,600*","₹60,823",1*,"₹40,00,000*",1450,3919(1),4116(1),-,-,-,-,-,-,-,-,-
AP Govt-NS LOC (AU),BCB-GEN,Andhra Pradesh,"Rajiv Gandhi IMS, Ongole",PHARMACOLOGY,"₹48,600*","₹60,823",1*,"₹40,00,000*",500,4121(1),-,-,-,-,-,-,-,-,-,-
AP Govt-NS LOC (SVU),SC-FEM,Andhra Pradesh,"VMC, Kurnool",RADIATION ONCOLOGY,"₹4,96,800*","₹30,000*",1*,"₹40,00,000*",650,-,4122(1),-,-,-,-,-,-,-,-,-
AP Govt-NS LOC (AU),ST-GEN,Andhra Pradesh,"Rangaraya Med Coll, Kakinada",SPM,"₹48,600*","₹60,823",1*,"₹40,00,000*",1450,4058(1),4131(1),-,-,-,-,-,-,-,-,-
AP Govt-NS LOC (AU),SC-FEM,Andhra Pradesh,"Dr PSI Med Coll, Chinoutpalli",PHARMACOLOGY,"₹1,55,250*","₹28,000*",1*,"₹40,00,000*",790,4136(1),-,-,-,-,-,-,-,-,-,-
AP Govt-NS LOC (SVU),ST-GEN,Andhra Pradesh,"PES IMS, Kuppam",PSYCHIATRY,"₹4,96,800*","₹30,000*",1*,"₹40,00,000*",975,4137(1),3926(1),-,-,-,-,-,-,-,-,-
AP Govt-NS LOC (SVU),OPEN-GEN,Andhra Pradesh,"Rajiv Gandhi IMS, Kadapa",PATHOLOGY,"₹48,600*","₹60,823",1*,"₹40,00,000*",715,2944(1),-,-,4146(1),-,-,-,-,-,-,-
AP Govt-NS UNR,OPEN-GEN,Andhra Pradesh,"Dr PSI Med Coll, Chinoutpalli",MICROBIOLOGY,"₹1,55,250*","₹28,000*",1*,"₹40,00,000*",790,4154(1),-,-,-,-,-,-,-,-,-,-
AP Govt-NS LOC (SVU),BCB-GEN,Andhra Pradesh,"Rajiv Gandhi IMS, Kadapa",MICROBIOLOGY,"₹48,600*","₹60,823",1*,"₹40,00,000*",715,4158(1),-,-,-,-,-,-,-,-,-,-
AP Govt-NS LOC (AU),BCD-FEM,Andhra Pradesh,"NRI Med Coll, Guntur",PATHOLOGY,"₹1,55,250*","₹27,000*",1*,"₹40,00,000*",1050,3785(1),4166(1),-,-,-,-,-,-,-,-,-
AP Govt-NS LOC (AU),BCB-GEN,Andhra Pradesh,"Guntur Med Coll, Guntur",FORENSIC MEDICINE,"₹48,600*","₹60,823",1*,"₹40,00,000*",1170,4168(1),-,-,-,-,-,-,-,-,-,-
AP Govt-NS LOC (AU),OPEN-FEM,Andhra Pradesh,"Katuri Med Coll, Guntur",PSYCHIATRY,"₹4,96,800*",Info not available*,1*,"₹40,00,000*",1100,2210(1),3508(1),4169(1),-,-,-,-,-,-,-,-
AP Govt-NS LOC (AU),SC-GEN,Andhra Pradesh,"Konaseema IMS, Amalapuram",ENT,"₹4,96,800*","₹30,000*",1*,"₹40,00,000*",840,3179(1),3531(1),4172(1),-,-,-,-,-,-,-,-
AP Govt-NS LOC (AU),BCB-FEM,Andhra Pradesh,"Dr PSI Med Coll, Chinoutpalli",PATHOLOGY,"₹1,55,250*","₹28,000*",1*,"₹40,00,000*",790,3940(1),4187(1),-,-,-,-,-,-,-,-,-
AP Govt-NS APUR,BCA-GEN,Andhra Pradesh,"Andhra Med Coll, Vizag",MICROBIOLOGY,"₹48,600*","₹60,823",1*,"₹40,00,000*",1030,4126(1),4191(1),-,-,-,-,-,-,-,-,-
AP Govt-NS LOC (AU),OPEN-GEN,Andhra Pradesh,"Guntur Med Coll, Guntur",PHARMACOLOGY,"₹48,600*","₹60,823",1*,"₹40,00,000*",1170,-,4197(1),-,-,-,-,-,-,-,-,-
AP Govt-NS LOC (AU),SC-GEN,Andhra Pradesh,"NRI Inst of Med Sci, Vizag",PATHOLOGY,"₹1,55,250*","₹40,000*",1*,"₹40,00,000*",980,4135(1),4201(1),-,-,-,-,-,-,-,-,-
AP Govt-NS APUR,ST-GEN,Andhra Pradesh,"Alluri Sitaram Raju, Eluru",GENERAL SURGERY,"₹4,96,800*","₹30,000*",1*,"₹40,00,000*",1200,3614(1),4204(1),-,-,-,-,-,-,-,-,-
AP Govt-NS UNR,OPEN-GEN,Andhra Pradesh,"Alluri Sitaram Raju, Eluru",PHARMACOLOGY,"₹1,55,250*","₹30,000*",1*,"₹40,00,000*",1200,4217(1),-,-,-,-,-,-,-,-,-,-
AP Govt-NS LOC (AU),ST-GEN,Andhra Pradesh,"Govt Siddhartha, Vijaywada",ANAESTHESIOLOGY,"₹48,600*","₹60,823",1*,"₹40,00,000*",707,3899(1),4219(1),-,-,-,-,-,-,-,-,-
AP Govt-NS LOC (SVU),SC-GEN,Andhra Pradesh,"Kurnool Med Coll, Kurnool",FORENSIC MEDICINE,"₹48,600*","₹60,823",1*,"₹40,00,000*",1150,4066(1),4226(1),-,-,-,-,-,-,-,-,-
AP Govt-NS UNR,OPEN-GEN,Andhra Pradesh,"Rangaraya Med Coll, Kakinada",BIOCHEMISTRY,"₹48,600*","₹60,823",1*,"₹40,00,000*",1450,4233(1),-,-,-,-,-,-,-,-,-,-
AP Govt-NS LOC (AU),BCE-GEN,Andhra Pradesh,"GSL Med Coll, Rajahmundry",SPM,"₹1,55,250*","₹30,000*",1*,"₹40,00,000*",1140,4251(1),-,-,-,-,-,-,-,-,-,-
AP Govt-NS LOC (AU),BCB-FEM,Andhra Pradesh,"Maharajah IMS, Vizianagaram",ORTHOPAEDICS,"₹4,96,800*",Info not available*,1*,"₹40,00,000*",850,2788(1),4254(1),-,-,-,-,-,-,-,-,-
AP Govt-NS LOC (AU),ST-FEM,Andhra Pradesh,"NRI Med Coll, Guntur",TBRD,"₹4,96,800*","₹27,000*",1*,"₹40,00,000*",1050,4183(1),4255(1),-,-,-,-,-,-,-,-,-
AP Govt-NS LOC (SVU),OPEN-FEM,Andhra Pradesh,"Govt Med Coll, Ananthapuram",PHYSIOLOGY,"₹48,600*","₹60,823",1*,"₹40,00,000*",500,4189(1),4265(1),-,-,-,-,-,-,-,-,-
AP Govt-NS LOC (AU),ST-GEN,Andhra Pradesh,"GSL Med Coll, Rajahmundry",PAEDIATRICS,"₹4,96,800*","₹30,000*",1*,"₹40,00,000*",1140,3401(1),3809(1),4266(1),-,-,-,-,-,-,-,-
AP Govt-NS LOC (AU),SC-FEM,Andhra Pradesh,"Maharajah IMS, Vizianagaram",PSYCHIATRY,"₹4,96,800*",Info not available*,1*,"₹40,00,000*",850,3442(1),3999(1),4273(1),-,-,-,-,-,-,-,-
AP Govt-NS LOC (SVU),BCE-FEM,Andhra Pradesh,"PES IMS, Kuppam",ORTHOPAEDICS,"₹4,96,800*","₹30,000*",1*,"₹40,00,000*",975,2449(1),4284(1),-,-,-,-,-,-,-,-,-
AP Govt-NS LOC (AU),ST-FEM,Andhra Pradesh,"GreatEastern MedSch,Srikakulam",ANAESTHESIOLOGY,"₹4,96,800*",Info not available*,1*,"₹40,00,000*",780,4218(1),4293(1),-,-,-,-,-,-,-,-,-
AP Govt-NS LOC (AU),SC-GEN,Andhra Pradesh,"Dr PSI Med Coll, Chinoutpalli",PSYCHIATRY,"₹4,96,800*","₹28,000*",1*,"₹40,00,000*",790,3288(1),3606(1),4295(1),-,-,-,-,-,-,-,-
AP Govt-NS UNR,BCB-GEN,Andhra Pradesh,"Govt Siddhartha, Vijaywada",PATHOLOGY,"₹48,600*","₹60,823",1*,"₹40,00,000*",707,-,3817(1),4298(1),-,-,-,-,-,-,-,-
AP Govt-NS LOC (AU),SC-FEM,Andhra Pradesh,"Rajiv Gandhi IMS, Srikakulam",SPM,"₹48,600*","₹60,823",1*,"₹40,00,000*",532,4237(1),4314(1),-,-,-,-,-,-,-,-,-
AP Govt-NS LOC (SVU),OPEN-FEM,Andhra Pradesh,"PES IMS, Kuppam",PSYCHIATRY,"₹4,96,800*","₹30,000*",1*,"₹40,00,000*",975,-,3479(1),4322(1),-,-,-,-,-,-,-,-
AP Govt-NS LOC (AU),BCD-FEM,Andhra Pradesh,"Andhra Med Coll, Vizag",SPM,"₹48,600*","₹60,823",1*,"₹40,00,000*",1030,3979(1),4328(1),-,-,-,-,-,-,-,-,-
AP Govt-NS LOC (AU),ST-GEN,Andhra Pradesh,"Alluri Sitaram Raju, Eluru",ANAESTHESIOLOGY,"₹4,96,800*","₹30,000*",1*,"₹40,00,000*",1200,3915(1),4329(1),-,-,-,-,-,-,-,-,-
AP Govt-NS LOC (AU),BCA-GEN,Andhra Pradesh,"Guntur Med Coll, Guntur",PHYSIOLOGY,"₹48,600*","₹60,823",1*,"₹40,00,000*",1170,-,4330(1),-,-,-,-,-,-,-,-,-
AP Govt-NS UNR,OPEN-GEN,Andhra Pradesh,"Govt Siddhartha, Vijaywada",PHARMACOLOGY,"₹48,600*","₹60,823",1*,"₹40,00,000*",707,3116(1),4334(1),-,-,-,-,-,-,-,-,-
AP Govt-NS UNR,OPEN-GEN,Andhra Pradesh,"Rangaraya Med Coll, Kakinada",PATHOLOGY,"₹48,600*","₹60,823",1*,"₹40,00,000*",1450,-,-,-,4338(1),-,-,-,-,-,-,-
AP Govt-NS LOC (SVU),ST-GEN,Andhra Pradesh,"Kurnool Med Coll, Kurnool",OPHTHALMOLOGY,"₹48,600*","₹60,823",1*,"₹40,00,000*",1150,3374(1),4252(1),4361(1),-,-,-,-,-,-,-,-
AP Govt-NS LOC (SVU),BCB-GEN,Andhra Pradesh,"SV Med Coll, Tirupati",PATHOLOGY,"₹48,600*","₹60,823",1*,"₹40,00,000*",940,2860(1),4140(1),4366(1),-,-,-,-,-,-,-,-
AP Govt-NS LOC (SVU),OPEN-FEM,Andhra Pradesh,"Govt Med Coll, Ananthapuram",FORENSIC MEDICINE,"₹48,600*","₹60,823",1*,"₹40,00,000*",500,4375(1),-,-,-,-,-,-,-,-,-,-
AP Govt-NS LOC (AU),ST-GEN,Andhra Pradesh,"Andhra Med Coll, Vizag",TBRD,"₹48,600*","₹60,823",1*,"₹40,00,000*",1030,3308(1),3704(1),4378(1),-,-,-,-,-,-,-,-
AP Govt-NS LOC (AU),BCA-FEM,Andhra Pradesh,"NRI Inst of Med Sci, Vizag",PSYCHIATRY,"₹4,96,800*","₹40,000*",1*,"₹40,00,000*",980,3199(1),3717(1),4383(1),-,-,-,-,-,-,-,-
AP Govt-NS UNR,BCB-GEN,Andhra Pradesh,"Govt Siddhartha, Vijaywada",SPM,"₹48,600*","₹60,823",1*,"₹40,00,000*",707,3535(1),4386(1),-,-,-,-,-,-,-,-,-
AP Govt-NS LOC (SVU),ST-GEN,Andhra Pradesh,"VMC, Kurnool",RADIATION ONCOLOGY,"₹4,96,800*","₹30,000*",1*,"₹40,00,000*",650,4377(1),4387(1),-,-,-,-,-,-,-,-,-
AP Govt-NS UNR,OPEN-GEN,Andhra Pradesh,"VMC, Kurnool",RADIATION ONCOLOGY,"₹4,96,800*","₹30,000*",1*,"₹40,00,000*",650,-,-,-,4390(1),4155(1),4130(1),-,-,-,-,-
AP Govt-NS LOC (AU),SC-GEN,Andhra Pradesh,"Rajiv Gandhi IMS, Ongole",SPM,"₹48,600*","₹60,823",1*,"₹40,00,000*",500,-,4395(1),-,-,-,-,-,-,-,-,-
AP Govt-NS UNR,OPEN-GEN,Andhra Pradesh,"Govt Siddhartha, Vijaywada",MICROBIOLOGY,"₹48,600*","₹60,823",1*,"₹40,00,000*",707,3987(1),4404(2),-,-,-,-,-,-,-,-,-
AP Govt-NS LOC (AU),BCE-FEM,Andhra Pradesh,"Rajiv Gandhi IMS, Ongole",PATHOLOGY,"₹48,600*","₹60,823",1*,"₹40,00,000*",500,4018(1),4405(1),-,-,-,-,-,-,-,-,-
AP Govt-NS LOC (AU),ST-GEN,Andhra Pradesh,"Dr PSI Med Coll, Chinoutpalli",OPHTHALMOLOGY,"₹4,96,800*","₹28,000*",1*,"₹40,00,000*",790,4152(1),4372(1),4419(1),-,-,-,-,-,-,-,-
AP Govt-NS APUR,BCB-GEN,Andhra Pradesh,"Guntur Med Coll, Guntur",RADIATION ONCOLOGY,"₹48,600*","₹60,823",1*,"₹40,00,000*",1170,-,2622(1),4421(1),-,-,-,-,-,-,-,-
AP Govt-NS LOC (SVU),ST-FEM,Andhra Pradesh,"Narayana Med Coll, Nellore",ORTHOPAEDICS,"₹4,96,800*","₹30,000*",1*,"₹40,00,000*",1430,-,4435(1),3388(1),-,-,-,-,-,-,-,-
AP Govt-NS LOC (SVU),OPEN-GEN,Andhra Pradesh,"SVIMS, Tirupati",IHBT,"₹2,11,600*","₹80,904*",1*,"₹40,00,000*",1257,2056(1),3463(1),4478(1),-,-,-,-,-,-,-,-
AP Govt-NS LOC (SVU),ST-FEM,Andhra Pradesh,"PES IMS, Kuppam",GENERAL SURGERY,"₹4,96,800*","₹30,000*",1*,"₹40,00,000*",975,4366(1),4485(1),-,-,-,-,-,-,-,-,-
AP Govt-NS LOC (AU),SC-GEN-PHO,Andhra Pradesh,"Guntur Med Coll, Guntur",GENERAL MEDICINE,"₹48,600*","₹60,823",1*,"₹40,00,000*",1170,4367(1),4488(1),-,-,-,-,-,-,-,-,-
AP Govt-NS LOC (SVU),OPEN-GEN-PHO,Andhra Pradesh,"Kurnool Med Coll, Kurnool",GENERAL MEDICINE,"₹48,600*","₹60,823",1*,"₹40,00,000*",1150,4373(1),4494(1),-,-,-,-,-,-,-,-,-
AP Govt-NS LOC (AU),ST-GEN,Andhra Pradesh,"Guntur Med Coll, Guntur",MICROBIOLOGY,"₹48,600*","₹60,823",1*,"₹40,00,000*",1170,-,4495(1),-,-,-,-,-,-,-,-,-
AP Govt-NS LOC (SVU),OPEN-GEN,Andhra Pradesh,"PES IMS, Kuppam",PSYCHIATRY,"₹4,96,800*","₹30,000*",1*,"₹40,00,000*",975,-,-,-,3688(1),4496(1),-,-,-,-,-,-
AP Govt-NS LOC (SVU),BCE-GEN,Andhra Pradesh,"SV Med Coll, Tirupati",FORENSIC MEDICINE,"₹48,600*","₹60,823",1*,"₹40,00,000*",940,-,4498(1),-,-,-,-,-,-,-,-,-
AP Govt-NS LOC (AU),OPEN-FEM,Andhra Pradesh,"Andhra Med Coll, Vizag",BIOCHEMISTRY,"₹48,600*","₹60,823",1*,"₹40,00,000*",1030,-,4507(1),-,-,-,-,-,-,-,-,-
AP Govt-NS LOC (AU),BCE-FEM,Andhra Pradesh,"GSL Med Coll, Rajahmundry",ORTHOPAEDICS,"₹4,96,800*","₹30,000*",1*,"₹40,00,000*",1140,3167(1),4517(1),-,-,-,-,-,-,-,-,-
AP Govt-NS LOC (AU),ST-GEN,Andhra Pradesh,"NRI Med Coll, Guntur",ORTHOPAEDICS,"₹4,96,800*","₹27,000*",1*,"₹40,00,000*",1050,3602(1),4527(1),-,-,-,-,-,-,-,-,-
AP Govt-NS APUR,OPEN-GEN,Andhra Pradesh,"NRI Inst of Med Sci, Vizag",MICROBIOLOGY,"₹1,55,250*","₹40,000*",1*,"₹40,00,000*",980,-,4541(1),-,-,-,-,-,-,-,-,-
AP Govt-NS LOC (AU),BCD-GEN,Andhra Pradesh,"Andhra Med Coll, Vizag",MICROBIOLOGY,"₹48,600*","₹60,823",1*,"₹40,00,000*",1030,4099(1),4559(1),-,-,-,-,-,-,-,-,-
AP Govt-NS APUR,OPEN-GEN,Andhra Pradesh,"ACSR Medical College, Nellore",FORENSIC MEDICINE,"₹48,600*","₹60,823",1*,"₹40,00,000*",355,-,4570(1),-,-,-,-,-,-,-,-,-
AP Govt-NS LOC (AU),OPEN-GEN,Andhra Pradesh,"NRI Med Coll, Guntur",SPM,"₹1,55,250*","₹27,000*",1*,"₹40,00,000*",1050,3259(1),4576(1),-,-,-,-,-,-,-,-,-
AP Govt-NS LOC (SVU),BCD-GEN,Andhra Pradesh,"SV Med Coll, Tirupati",PATHOLOGY,"₹48,600*","₹60,823",1*,"₹40,00,000*",940,3187(1),4578(1),4165(1),-,-,-,-,-,-,-,-
AP Govt-NS UNR,OPEN-GEN,Andhra Pradesh,"GSL Med Coll, Rajahmundry",SPM,"₹1,55,250*","₹30,000*",1*,"₹40,00,000*",1140,3298(1),4581(1),-,-,-,-,-,-,-,-,-
AP Govt-NS LOC (AU),BCB-GEN,Andhra Pradesh,"Rangaraya Med Coll, Kakinada",SPM,"₹48,600*","₹60,823",1*,"₹40,00,000*",1450,-,4583(1),-,-,-,-,-,-,-,-,-
AP Govt-NS LOC (AU),OPEN-GEN,Andhra Pradesh,"Rangaraya Med Coll, Kakinada",MICROBIOLOGY,"₹48,600*","₹60,823",1*,"₹40,00,000*",1450,-,4585(1),-,-,-,-,-,-,-,-,-
AP Govt-NS LOC (AU),ST-GEN,Andhra Pradesh,"NRI Med Coll, Guntur",ENT,"₹4,96,800*","₹27,000*",1*,"₹40,00,000*",1050,3969(1),4596(1),-,-,-,-,-,-,-,-,-
AP Govt-NS LOC (SVU),OPEN-GEN,Andhra Pradesh,"SV Med Coll, Tirupati",MICROBIOLOGY,"₹48,600*","₹60,823",1*,"₹40,00,000*",940,3824(1),4600(1),-,-,-,-,-,-,-,-,-
AP Govt-NS LOC (AU),BCA-GEN,Andhra Pradesh,"Rajiv Gandhi IMS, Ongole",SPM,"₹48,600*","₹60,823",1*,"₹40,00,000*",500,3983(1),4618(1),-,-,-,-,-,-,-,-,-
AP Govt-NS LOC (SVU),OPEN-GEN,Andhra Pradesh,"SV Med Coll, Tirupati",SPM,"₹48,600*","₹60,823",1*,"₹40,00,000*",940,2539(1),4353(2),4631(1),-,-,-,-,-,-,-,-
AP Govt-NS LOC (SVU),BCB-FEM,Andhra Pradesh,"Rajiv Gandhi IMS, Kadapa",SPM,"₹48,600*","₹60,823",1*,"₹40,00,000*",715,4109(1),4634(1),-,-,-,-,-,-,-,-,-
AP Govt-NS LOC (AU),BCA-GEN,Andhra Pradesh,"Dr PSI Med Coll, Chinoutpalli",PATHOLOGY,"₹1,55,250*","₹28,000*",1*,"₹40,00,000*",790,-,4279(1),4639(1),-,-,-,-,-,-,-,-
AP Govt-NS UNR,OPEN-GEN,Andhra Pradesh,"Andhra Med Coll, Vizag",FORENSIC MEDICINE,"₹48,600*","₹60,823",1*,"₹40,00,000*",1030,3447(1),-,-,-,-,4646(1),-,-,-,-,-
AP Govt-NS LOC (AU),OPEN-FEM,Andhra Pradesh,"NRI Inst of Med Sci, Vizag",MICROBIOLOGY,"₹1,55,250*","₹40,000*",1*,"₹40,00,000*",980,-,4648(1),-,-,-,-,-,-,-,-,-
AP Govt-NS UNR,OPEN-GEN,Andhra Pradesh,"PES IMS, Kuppam",PATHOLOGY,"₹1,55,250*","₹30,000*",1*,"₹40,00,000*",975,-,-,-,4598(1),-,4672(1),-,-,-,-,-
AP Govt-NS UNR,OPEN-GEN,Andhra Pradesh,"Govt Siddhartha, Vijaywada",BIOCHEMISTRY,"₹48,600*","₹60,823",1*,"₹40,00,000*",707,4286(1),4674(1),-,-,-,-,-,-,-,-,-
AP Govt-NS LOC (SVU),ST-GEN,Andhra Pradesh,"Santhiram Med Coll, Nandyal",TBRD,"₹4,96,800*","₹30,000*",1*,"₹40,00,000*",930,3746(1),4350(1),4676(1),-,-,-,-,-,-,-,-
AP Govt-NS LOC (AU),OPEN-FEM,Andhra Pradesh,"Alluri Sitaram Raju, Eluru",SPM,"₹1,55,250*","₹30,000*",1*,"₹40,00,000*",1200,4070(1),4687(1),-,-,-,-,-,-,-,-,-
AP Govt-NS LOC (SVU),BCD-GEN,Andhra Pradesh,"Apollo IMS&R, Chittoor",SPM,"₹1,55,250*","₹30,000*",1*,"₹40,00,000*",850,-,4696(1),3778(1),-,-,-,-,-,-,-,-
AP Govt-NS LOC (AU),BCB-GEN,Andhra Pradesh,"Rajiv Gandhi IMS, Srikakulam",FORENSIC MEDICINE,"₹48,600*","₹60,823",1*,"₹40,00,000*",532,-,4718(1),-,-,-,-,-,-,-,-,-
AP Govt-NS LOC (AU),BCA-GEN,Andhra Pradesh,"Guntur Med Coll, Guntur",SPM,"₹48,600*","₹60,823",1*,"₹40,00,000*",1170,-,4505(1),4724(1),-,-,-,-,-,-,-,-
AP Govt-NS LOC (AU),BCB-FEM,Andhra Pradesh,"Rangaraya Med Coll, Kakinada",FORENSIC MEDICINE,"₹48,600*","₹60,823",1*,"₹40,00,000*",1450,4298(1),4732(1),-,-,-,-,-,-,-,-,-
AP Govt-NS LOC (SVU),ST-GEN,Andhra Pradesh,"Kurnool Med Coll, Kurnool",MICROBIOLOGY,"₹48,600*","₹60,823",1*,"₹40,00,000*",1150,-,4743(1),-,-,-,-,-,-,-,-,-
AP Govt-NS LOC (AU),BCB-GEN,Andhra Pradesh,"GreatEastern MedSch,Srikakulam",OPHTHALMOLOGY,"₹4,96,800*",Info not available*,1*,"₹40,00,000*",780,1757(1),3438(1),4747(1),-,-,-,-,-,-,-,-
AP Govt-NS LOC (AU),SC-GEN,Andhra Pradesh,"Guntur Med Coll, Guntur",PHARMACOLOGY,"₹48,600*","₹60,823",1*,"₹40,00,000*",1170,4132(1),4757(1),-,-,-,-,-,-,-,-,-
AP Govt-NS UNR,OPEN-GEN,Andhra Pradesh,"Rangaraya Med Coll, Kakinada",HOSPITAL ADMINISTRATION,"₹48,600*","₹60,823",1*,"₹40,00,000*",1450,-,-,-,-,4761(1),4713(1),-,-,-,-,-
AP Govt-NS LOC (AU),ST-FEM,Andhra Pradesh,"GSL Med Coll, Rajahmundry",ORTHOPAEDICS,"₹4,96,800*","₹30,000*",1*,"₹40,00,000*",1140,4252(1),4765(1),4525(1),-,-,-,-,-,-,-,-
AP Govt-NS APUR,OPEN-GEN,Andhra Pradesh,"GreatEastern MedSch,Srikakulam",SPM,"₹1,55,250*",Info not available*,1*,"₹40,00,000*",780,-,-,-,-,-,4767(1),-,-,-,-,-
AP Govt-NS LOC (OU),SC-GEN,Andhra Pradesh,"Govt Siddhartha, Vijaywada",PATHOLOGY,"₹48,600*","₹60,823",1*,"₹40,00,000*",707,3554(1),4771(1),-,-,-,-,-,-,-,-,-
AP Govt-NS LOC (AU),BCD-GEN,Andhra Pradesh,"GSL Med Coll, Rajahmundry",EMERGENCY MEDICINE,"₹4,96,800*","₹30,000*",1*,"₹40,00,000*",1140,2345(1),3658(1),4776(1),-,-,-,-,-,-,-,-
AP Govt-NS LOC (AU),BCE-FEM,Andhra Pradesh,"NRI Inst of Med Sci, Vizag",SPM,"₹1,55,250*","₹40,000*",1*,"₹40,00,000*",980,4319(1),4782(1),-,-,-,-,-,-,-,-,-
AP Govt-NS LOC (SVU),SC-GEN,Andhra Pradesh,"SV Med Coll, Tirupati",SPM,"₹48,600*","₹60,823",1*,"₹40,00,000*",940,3794(1),4784(1),-,-,-,-,-,-,-,-,-
AP Govt-NS LOC (AU),OPEN-FEM,Andhra Pradesh,"Andhra Med Coll, Vizag",ANATOMY,"₹48,600*","₹60,823",1*,"₹40,00,000*",1030,-,4786(1),-,-,-,-,-,-,-,-,-
AP Govt-NS LOC (SVU),BCE-FEM,Andhra Pradesh,"Govt Med Coll, Ananthapuram",FORENSIC MEDICINE,"₹48,600*","₹60,823",1*,"₹40,00,000*",500,-,4787(1),-,-,-,-,-,-,-,-,-
AP Govt-NS UNR,OPEN-GEN,Andhra Pradesh,"Rajiv Gandhi IMS, Kadapa",PATHOLOGY,"₹48,600*","₹60,823",1*,"₹40,00,000*",715,-,-,-,-,4804(1),4453(1),-,-,-,-,-
AP Govt-NS UNR,OPEN-FEM,Andhra Pradesh,"Govt Siddhartha, Vijaywada",PHYSIOLOGY,"₹48,600*","₹60,823",1*,"₹40,00,000*",707,-,4804(1),-,-,-,-,-,-,-,-,-
AP Govt-NS LOC (AU),SC-GEN,Andhra Pradesh,"Dr PSI Med Coll, Chinoutpalli",SPM,"₹1,55,250*","₹28,000*",1*,"₹40,00,000*",790,4310(1),4805(1),-,-,-,-,-,-,-,-,-
AP Govt-NS LOC (SVU),OPEN-FEM,Andhra Pradesh,"Kurnool Med Coll, Kurnool",MICROBIOLOGY,"₹48,600*","₹60,823",1*,"₹40,00,000*",1150,-,4806(1),-,-,-,-,-,-,-,-,-
AP Govt-NS UNR,BCB-GEN,Andhra Pradesh,"Andhra Med Coll, Vizag",FORENSIC MEDICINE,"₹48,600*","₹60,823",1*,"₹40,00,000*",1030,-,4352(1),4814(1),-,-,-,-,-,-,-,-
AP Govt-NS LOC (SVU),ST-FEM,Andhra Pradesh,"PES IMS, Kuppam",ANAESTHESIOLOGY,"₹4,96,800*","₹30,000*",1*,"₹40,00,000*",975,4067(1),4836(1),-,-,-,-,-,-,-,-,-
AP Govt-NS LOC (SVU),ST-GEN,Andhra Pradesh,"VMC, Kurnool",SPM,"₹1,55,250*","₹30,000*",1*,"₹40,00,000*",650,-,4841(1),-,-,-,-,-,-,-,-,-
AP Govt-NS LOC (AU),SC-GEN,Andhra Pradesh,"Andhra Med Coll, Vizag",FORENSIC MEDICINE,"₹48,600*","₹60,823",1*,"₹40,00,000*",1030,4260(1),4843(1),-,-,-,-,-,-,-,-,-
AP Govt-NS LOC (AU),BCA-GEN,Andhra Pradesh,"Rangaraya Med Coll, Kakinada",PATHOLOGY,"₹48,600*","₹60,823",1*,"₹40,00,000*",1450,3043(1),4846(2),3787(1),-,-,-,-,-,-,-,-
AP Govt-NS LOC (AU),SC-FEM,Andhra Pradesh,"Andhra Med Coll, Vizag",ANATOMY,"₹48,600*","₹60,823",1*,"₹40,00,000*",1030,-,4847(1),-,-,-,-,-,-,-,-,-
AP Govt-NS LOC (SVU),SC-FEM,Andhra Pradesh,"Rajiv Gandhi IMS, Kadapa",FORENSIC MEDICINE,"₹48,600*","₹60,823",1*,"₹40,00,000*",715,-,4852(1),-,-,-,-,-,-,-,-,-
AP Govt-NS APUR,BCD-GEN,Andhra Pradesh,"VMC, Kurnool",PATHOLOGY,"₹1,55,250*","₹30,000*",1*,"₹40,00,000*",650,-,4860(1),-,-,-,-,-,-,-,-,-
AP Govt-NS LOC (SVU),SC-GEN,Andhra Pradesh,"SVIMS, Tirupati",MICROBIOLOGY,"₹2,11,600*","₹80,904*",1*,"₹40,00,000*",1257,-,4230(1),4866(1),-,-,-,-,-,-,-,-
AP Govt-NS LOC (AU),ST-GEN,Andhra Pradesh,"GVP Med Coll, Vizag",PATHOLOGY,"₹1,55,250*","₹30,000*",1*,"₹40,00,000*",750,-,4867(1),4643(1),-,-,-,-,-,-,-,-
AP Govt-NS LOC (AU),OPEN-FEM,Andhra Pradesh,"Alluri Sitaram Raju, Eluru",ANATOMY,"₹70,380*","₹30,000*",1*,"₹40,00,000*",1200,-,4868(1),-,-,-,-,-,-,-,-,-
AP Govt-NS LOC (SVU),OPEN-GEN,Andhra Pradesh,"SV Med Coll, Tirupati",ANATOMY,"₹48,600*","₹60,823",1*,"₹40,00,000*",940,4296(1),4889(1),-,-,-,-,-,-,-,-,-
AP Govt-NS UNR,OPEN-FEM,Andhra Pradesh,"VMC, Kurnool",PATHOLOGY,"₹1,55,250*","₹30,000*",1*,"₹40,00,000*",650,-,-,-,4895(1),-,4889(1),-,-,-,-,-
AP Govt-NS LOC (AU),OPEN-GEN,Andhra Pradesh,"NRI Med Coll, Guntur",MICROBIOLOGY,"₹1,55,250*","₹27,000*",1*,"₹40,00,000*",1050,-,4905(1),-,-,-,-,-,-,-,-,-
AP Govt-NS LOC (SVU),OPEN-GEN-PHO,Andhra Pradesh,"Kurnool Med Coll, Kurnool",PAEDIATRICS,"₹48,600*","₹60,823",1*,"₹40,00,000*",1150,4391(1),4827(1),4908(1),-,-,-,-,-,-,-,-
AP Govt-NS LOC (SVU),OPEN-GEN,Andhra Pradesh,"Rajiv Gandhi IMS, Kadapa",ANATOMY,"₹48,600*","₹60,823",1*,"₹40,00,000*",715,-,4911(1),-,-,-,-,-,-,-,-,-
AP Govt-NS LOC (AU),OPEN-GEN,Andhra Pradesh,"Alluri Sitaram Raju, Eluru",MICROBIOLOGY,"₹1,55,250*","₹30,000*",1*,"₹40,00,000*",1200,-,4913(1),-,-,-,-,-,-,-,-,-
AP Govt-NS LOC (SVU),OPEN-FEM,Andhra Pradesh,"SV Med Coll, Tirupati",PHARMACOLOGY,"₹48,600*","₹60,823",1*,"₹40,00,000*",940,-,-,4917(1),-,-,-,-,-,-,-,-
AP Govt-NS LOC (SVU),BCD-GEN,Andhra Pradesh,"Govt Med Coll, Ananthapuram",PATHOLOGY,"₹48,600*","₹60,823",1*,"₹40,00,000*",500,-,4920(1),-,-,-,-,-,-,-,-,-
AP Govt-NS LOC (SVU),ST-GEN,Andhra Pradesh,"Rajiv Gandhi IMS, Kadapa",SPM,"₹48,600*","₹60,823",1*,"₹40,00,000*",715,-,4925(1),4935(1),-,-,-,-,-,-,-,-
AP Govt-NS UNR,OPEN-GEN,Andhra Pradesh,"Guntur Med Coll, Guntur",MICROBIOLOGY,"₹48,600*","₹60,823",1*,"₹40,00,000*",1170,-,-,-,-,4940(1),-,-,-,-,-,-
AP Govt-NS LOC (AU),SC-GEN,Andhra Pradesh,"GreatEastern MedSch,Srikakulam",SPM,"₹1,55,250*",Info not available*,1*,"₹40,00,000*",780,4304(1),4942(1),-,-,-,-,-,-,-,-,-
AP Govt-NS APUR,OPEN-GEN,Andhra Pradesh,"Guntur Med Coll, Guntur",MICROBIOLOGY,"₹48,600*","₹60,823",1*,"₹40,00,000*",1170,-,-,-,4943(1),-,-,-,-,-,-,-
AP Govt-NS LOC (AU),BCD-FEM,Andhra Pradesh,"Andhra Med Coll, Vizag",PHARMACOLOGY,"₹48,600*","₹60,823",1*,"₹40,00,000*",1030,-,4948(1),-,-,-,-,-,-,-,-,-
AP Govt-NS LOC (AU),BCE-GEN,Andhra Pradesh,"Maharajah IMS, Vizianagaram",MICROBIOLOGY,"₹1,55,250*",Info not available*,1*,"₹40,00,000*",850,-,4954(1),-,-,-,-,-,-,-,-,-
AP Govt-NS LOC (SVU),OPEN-GEN,Andhra Pradesh,"Santhiram Med Coll, Nandyal",MICROBIOLOGY,"₹1,55,250*","₹30,000*",1*,"₹40,00,000*",930,-,4957(1),-,-,-,-,-,-,-,-,-
AP Govt-NS LOC (SVU),OPEN-FEM,Andhra Pradesh,"VMC, Kurnool",SPM,"₹1,55,250*","₹30,000*",1*,"₹40,00,000*",650,3544(1),4960(1),-,-,-,-,-,-,-,-,-
AP Govt-NS LOC (SVU),ST-GEN,Andhra Pradesh,"Rajiv Gandhi IMS, Kadapa",PATHOLOGY,"₹48,600*","₹60,823",1*,"₹40,00,000*",715,-,4964(1),4141(1),-,-,-,-,-,-,-,-
AP Govt-NS LOC (AU),ST-GEN,Andhra Pradesh,"Andhra Med Coll, Vizag",PHARMACOLOGY,"₹48,600*","₹60,823",1*,"₹40,00,000*",1030,-,4969(1),-,-,-,-,-,-,-,-,-
AP Govt-NS LOC (AU),ST-FEM,Andhra Pradesh,"Konaseema IMS, Amalapuram",SPM,"₹1,55,250*","₹30,000*",1*,"₹40,00,000*",840,-,4970(1),-,-,-,-,-,-,-,-,-
AP Govt-NS LOC (AU),BCE-GEN,Andhra Pradesh,"Alluri Sitaram Raju, Eluru",FORENSIC MEDICINE,"₹1,55,250*","₹30,000*",1*,"₹40,00,000*",1200,-,4972(1),-,-,-,-,-,-,-,-,-
AP Govt-NS LOC (AU),BCE-FEM,Andhra Pradesh,"Andhra Med Coll, Vizag",MICROBIOLOGY,"₹48,600*","₹60,823",1*,"₹40,00,000*",1030,-,4980(1),-,-,-,-,-,-,-,-,-
AP Govt-NS LOC (SVU),BCB-GEN,Andhra Pradesh,"Rajiv Gandhi IMS, Kadapa",FORENSIC MEDICINE,"₹48,600*","₹60,823",1*,"₹40,00,000*",715,4079(1),4981(1),-,-,-,-,-,-,-,-,-
AP Govt-NS LOC (AU),BCA-GEN,Andhra Pradesh,"Rajiv Gandhi IMS, Srikakulam",ANATOMY,"₹48,600*","₹60,823",1*,"₹40,00,000*",532,-,4982(2),-,-,-,-,-,-,-,-,-
AP Govt-NS LOC (AU),BCE-FEM,Andhra Pradesh,"Rangaraya Med Coll, Kakinada",PHARMACOLOGY,"₹48,600*","₹60,823",1*,"₹40,00,000*",1450,-,4984(1),-,-,-,-,-,-,-,-,-
AP Govt-NS UNR,BCA-GEN,Andhra Pradesh,"Govt Siddhartha, Vijaywada",MICROBIOLOGY,"₹48,600*","₹60,823",1*,"₹40,00,000*",707,-,4987(1),-,-,-,-,-,-,-,-,-
AP Govt-NS UNR,OPEN-GEN,Andhra Pradesh,"Govt Siddhartha, Vijaywada",ANATOMY,"₹48,600*","₹60,823",1*,"₹40,00,000*",707,4208(1),4989(1),-,-,-,-,-,-,-,-,-
AP Govt-NS LOC (SVU),ST-GEN,Andhra Pradesh,"VMC, Kurnool",MICROBIOLOGY,"₹1,55,250*","₹30,000*",1*,"₹40,00,000*",650,-,4990(1),-,-,-,-,-,-,-,-,-
AP Govt-NS LOC (SVU),OPEN-FEM,Andhra Pradesh,"VMC, Kurnool",PATHOLOGY,"₹1,55,250*","₹30,000*",1*,"₹40,00,000*",650,-,4206(1),4991(1),-,-,-,-,-,-,-,-
AP Govt-NS LOC (AU),BCE-GEN,Andhra Pradesh,"GSL Med Coll, Rajahmundry",PHYSIOLOGY,"₹70,380*","₹30,000*",1*,"₹40,00,000*",1140,-,4995(1),-,-,-,-,-,-,-,-,-
AP Govt-NS UNR,OPEN-GEN,Andhra Pradesh,"Govt Siddhartha, Vijaywada",FORENSIC MEDICINE,"₹48,600*","₹60,823",1*,"₹40,00,000*",707,4029(1),4745(1),4998(1),-,-,-,-,-,-,-,-
AP Govt-NS LOC (SVU),OPEN-FEM,Andhra Pradesh,"Kurnool Med Coll, Kurnool",ANATOMY,"₹48,600*","₹60,823",1*,"₹40,00,000*",1150,-,5002(1),-,-,-,-,-,-,-,-,-
AP Govt-NS LOC (SVU),SC-FEM,Andhra Pradesh,"PES IMS, Kuppam",SPM,"₹1,55,250*","₹30,000*",1*,"₹40,00,000*",975,-,5010(1),-,-,-,-,-,-,-,-,-
AP Govt-NS LOC (AU),BCB-FEM,Andhra Pradesh,"Katuri Med Coll, Guntur",SPM,"₹1,55,250*",Info not available*,1*,"₹40,00,000*",1100,-,5011(1),4849(1),-,-,-,-,-,-,-,-
AP Govt-NS LOC (SVU),SC-GEN,Andhra Pradesh,"Kurnool Med Coll, Kurnool",ANATOMY,"₹48,600*","₹60,823",1*,"₹40,00,000*",1150,-,5012(1),-,-,-,-,-,-,-,-,-
AP Govt-NS LOC (SVU),OPEN-GEN,Andhra Pradesh,"PES IMS, Kuppam",PATHOLOGY,"₹1,55,250*","₹30,000*",1*,"₹40,00,000*",975,3379(1),4059(1),5017(1),-,-,-,-,-,-,-,-
AP Govt-NS LOC (SVU),SC-FEM,Andhra Pradesh,"PES IMS, Kuppam",PATHOLOGY,"₹1,55,250*","₹30,000*",1*,"₹40,00,000*",975,4050(1),4595(2),5018(1),-,-,-,-,-,-,-,-
AP Govt-NS LOC (AU),ST-FEM,Andhra Pradesh,"Rajiv Gandhi IMS, Srikakulam",BIOCHEMISTRY,"₹48,600*","₹60,823",1*,"₹40,00,000*",532,-,5020(1),-,-,-,-,-,-,-,-,-
AP Govt-NS APUR,OPEN-GEN,Andhra Pradesh,"Rajiv Gandhi IMS, Kadapa",BIOCHEMISTRY,"₹48,600*","₹60,823",1*,"₹40,00,000*",715,3336(1),5027(1),-,-,-,-,-,-,-,-,-
AP Govt-NS LOC (AU),BCD-GEN,Andhra Pradesh,"Rangaraya Med Coll, Kakinada",PHARMACOLOGY,"₹48,600*","₹60,823",1*,"₹40,00,000*",1450,4340(1),5029(1),-,-,-,-,-,-,-,-,-
AP Govt-NS LOC (AU),OPEN-GEN,Andhra Pradesh,"Konaseema IMS, Amalapuram",FORENSIC MEDICINE,"₹1,55,250*","₹30,000*",1*,"₹40,00,000*",840,-,5041(1),-,-,-,-,-,-,-,-,-
AP Govt-NS LOC (AU),OPEN-GEN,Andhra Pradesh,"Andhra Med Coll, Vizag",FORENSIC MEDICINE,"₹48,600*","₹60,823",1*,"₹40,00,000*",1030,-,5046(1),4664(1),-,-,-,-,-,-,-,-
AP Govt-NS LOC (SVU),BCB-GEN,Andhra Pradesh,"Rajiv Gandhi IMS, Kadapa",RADIATION ONCOLOGY,"₹48,600*","₹60,823",1*,"₹40,00,000*",715,2874(2),4210(2),5051(2),-,-,-,-,-,-,-,-
AP Govt-NS LOC (AU),SC-GEN,Andhra Pradesh,"Rangaraya Med Coll, Kakinada",BIOCHEMISTRY,"₹48,600*","₹60,823",1*,"₹40,00,000*",1450,-,5057(1),-,-,-,-,-,-,-,-,-
AP Govt-NS LOC (AU),BCD-GEN,Andhra Pradesh,"NRI Med Coll, Guntur",MICROBIOLOGY,"₹1,55,250*","₹27,000*",1*,"₹40,00,000*",1050,-,5059(1),-,-,-,-,-,-,-,-,-
AP Govt-NS APUR,OPEN-GEN,Andhra Pradesh,"Alluri Sitaram Raju, Eluru",FORENSIC MEDICINE,"₹1,55,250*","₹30,000*",1*,"₹40,00,000*",1200,-,-,-,-,-,-,5061(1),-,-,-,-