Quota,Category,State,Institute,Course,Fee,Stipend Year 1,Bond Years,Bond Penalty,Beds,CR 2023 1,CR 2023 2,CR 2023 3,CR 2023 4,CR 2023 5,CR 2023 6,CR 2023 7,CR 2024 1,CR 2024 2,CR 2024 3,CR 2024 4,CR 2024 5
GUJ Govt-Inst. Pref,UQ-OP,Gujarat,"BJMC, Ahmedabad",RADIO DIAGNOSIS,"₹30,000*","₹1,00,800",1*,"₹40,00,000*",1557,-,-,-,-,-,-,-,16(1),16(1),16(1),-,-
GUJ Govt-Inst. Pref,UQ-SE,Gujarat,"BJMC, Ahmedabad",RADIO DIAGNOSIS,"₹30,000*","₹1,00,800",1*,"₹40,00,000*",1557,91(1),91(1),91(1),-,-,-,-,21(1),21(1),21(1),-,-
GUJ Govt-AllGujStud.,GQ-OP,Gujarat,"BJMC, Ahmedabad",RADIO DIAGNOSIS,"₹30,000*","₹1,00,800",1*,"₹40,00,000*",1557,30(4),39(4),39(4),-,-,-,-,23(3),30(3),30(3),-,-
GUJ Govt-AllGujStud.,GQ-OP,Gujarat,"BJMC, Ahmedabad",GENERAL MEDICINE,"₹30,000*","₹1,00,800",1*,"₹40,00,000*",1557,27(4),36(4),47(4),-,-,-,-,27(5),31(5),31(5),-,-
GUJ Govt-Inst. Pref,UQ-OP,Gujarat,"BJMC, Ahmedabad",GENERAL MEDICINE,"₹30,000*","₹1,00,800",1*,"₹40,00,000*",1557,25(2),35(2),35(2),-,-,-,-,17(1),32(1),32(1),-,-
GUJ Govt-Inst. Pref,UQ-OP,Gujarat,"Govt Med Coll, Surat",GENERAL MEDICINE,"₹30,000*","₹1,00,800",1*,"₹40,00,000*",1150,53(1),80(1),80(1),-,-,-,-,36(1),36(1),36(1),-,-
GUJ Govt-AllGujStud.,GQ-OP,Gujarat,"Medical College, Baroda",RADIO DIAGNOSIS,"₹30,000*","₹1,00,800",1*,"₹40,00,000*",1250,36(1),45(1),19(1),-,-,-,-,5(1),38(1),38(1),-,-
GUJ Govt-Inst. Pref,UQ-OP,Gujarat,"PDU Med Coll, Rajkot",RADIO DIAGNOSIS,"₹30,000*","₹1,00,800",1*,"₹40,00,000*",750,-,-,-,-,-,-,-,47(1),47(1),47(1),-,-
GUJ Govt-AllGujStud.,GQ-OP,Gujarat,"Medical College, Baroda",DERMATOLOGY,"₹30,000*","₹1,00,800",1*,"₹40,00,000*",1250,-,-,-,-,-,-,-,48(2),48(2),48(2),-,-
GUJ Govt-Inst. Pref,UQ-OP,Gujarat,"NHL Med Coll, Ahmedabad",RADIO DIAGNOSIS,"₹7,93,000*","₹84,000*",0,₹0,2220,39(1),67(1),67(1),-,-,-,-,51(1),51(1),51(1),-,-
GUJ Govt-Inst. Pref,UQ-EW,Gujarat,"BJMC, Ahmedabad",RADIO DIAGNOSIS,"₹30,000*","₹1,00,800",1*,"₹40,00,000*",1557,63(1),63(1),63(1),-,-,-,-,55(1),55(1),55(1),-,-
GUJ Govt-AllGujStud.,GQ-OP,Gujarat,"Medical College, Baroda",GENERAL MEDICINE,"₹30,000*","₹1,00,800",1*,"₹40,00,000*",1250,34(3),53(3),53(3),-,-,-,-,35(3),59(4),59(4),-,-
GUJ Govt-Inst. Pref,UQ-OP,Gujarat,"Medical College, Baroda",RADIO DIAGNOSIS,"₹30,000*","₹1,00,800",1*,"₹40,00,000*",1250,-,-,-,-,-,-,-,60(1),60(1),60(1),-,-
GUJ Govt-AllGujStud.,GQ-EW,Gujarat,"Medical College, Baroda",RADIO DIAGNOSIS,"₹30,000*","₹1,00,800",1*,"₹40,00,000*",1250,46(1),46(1),118(1),-,-,-,-,72(1),72(1),72(1),-,-
GUJ Govt-Inst. Pref,UQ-OP,Gujarat,"MP Shah, Jamnagar",GENERAL MEDICINE,"₹30,000*","₹1,00,800",1*,"₹40,00,000*",1250,73(1),89(1),89(1),-,-,-,-,59(1),74(1),74(1),-,-
GUJ Govt-AllGujStud.,GQ-OP,Gujarat,"PDU Med Coll, Rajkot",RADIO DIAGNOSIS,"₹30,000*","₹1,00,800",1*,"₹40,00,000*",750,62(2),117(2),117(2),-,-,-,-,80(3),80(3),80(3),-,-
GUJ Govt-AllGujStud.,GQ-OP,Gujarat,"MP Shah, Jamnagar",RADIO DIAGNOSIS,"₹30,000*","₹1,00,800",1*,"₹40,00,000*",1250,-,-,-,-,-,-,-,53(2),53(2),83(2),-,-
GUJ Govt-Inst. Pref,UQ-SE,Gujarat,"BJMC, Ahmedabad",GENERAL MEDICINE,"₹30,000*","₹1,00,800",1*,"₹40,00,000*",1557,56(1),187(1),187(1),-,-,-,-,86(1),86(1),86(1),-,-
GUJ Govt-AllGujStud.,GQ-SE,Gujarat,"BJMC, Ahmedabad",RADIO DIAGNOSIS,"₹30,000*","₹1,00,800",1*,"₹40,00,000*",1557,220(3),222(3),222(3),-,-,-,-,61(2),87(2),87(2),-,-
GUJ Govt-Inst. Pref,UQ-OP,Gujarat,"BJMC, Ahmedabad",ORTHOPAEDICS,"₹30,000*","₹1,00,800",1*,"₹40,00,000*",1557,180(2),301(2),301(2),-,-,-,-,88(1),88(1),88(1),-,-
GUJ Govt-AllGujStud.,GQ-OP,Gujarat,"NHL Med Coll, Ahmedabad",RADIO DIAGNOSIS,"₹7,93,000*","₹84,000*",0,₹0,2220,67(3),70(3),59(3),-,-,-,-,78(4),92(4),92(4),-,-
GUJ Govt-Inst. Pref,UQ-OP,Gujarat,"AMCET, Ahmedabad",RADIO DIAGNOSIS,"₹9,67,000*","₹1,00,800*",0,₹0,1050,123(1),123(1),123(1),-,-,-,-,92(1),95(1),95(1),-,-
GUJ Govt-AllGujStud.,GQ-EW,Gujarat,"NHL Med Coll, Ahmedabad",RADIO DIAGNOSIS,"₹7,93,000*","₹84,000*",0,₹0,2220,-,-,-,-,-,-,-,97(1),97(1),97(1),-,-
GUJ Govt-AllGujStud.,GQ-OP,Gujarat,"MP Shah, Jamnagar",GENERAL MEDICINE,"₹30,000*","₹1,00,800",1*,"₹40,00,000*",1250,35(2),88(2),88(2),-,-,-,-,46(3),89(3),104(3),-,-
GUJ Govt-AllGujStud.,GQ-OP,Gujarat,"PDU Med Coll, Rajkot",DERMATOLOGY,"₹30,000*","₹1,00,800",1*,"₹40,00,000*",750,-,-,-,-,-,-,-,90(1),109(1),109(1),-,-
GUJ Govt-AllGujStud.,GQ-SE,Gujarat,"BJMC, Ahmedabad",GENERAL MEDICINE,"₹30,000*","₹1,00,800",1*,"₹40,00,000*",1557,179(2),192(2),192(2),-,-,-,-,114(2),114(2),114(2),-,-
GUJ Govt-AllGujStud.,GQ-OP,Gujarat,"Govt Med Coll, Bhavnagar",GENERAL MEDICINE,"₹30,000*","₹1,00,800",1*,"₹40,00,000*",720,84(2),121(2),163(2),-,-,-,-,65(1),115(1),115(1),-,-
GUJ Govt-Inst. Pref,UQ-OP,Gujarat,"Medical College, Baroda",GENERAL MEDICINE,"₹30,000*","₹1,00,800",1*,"₹40,00,000*",1250,48(2),48(2),48(2),-,-,-,-,91(2),91(2),116(2),-,-
GUJ Govt-AllGujStud.,GQ-OP,Gujarat,"AMCET, Ahmedabad",RADIO DIAGNOSIS,"₹9,67,000*","₹1,00,800*",0,₹0,1050,117(2),85(2),136(2),-,-,-,-,111(3),118(3),118(3),-,-
GUJ Govt-AllGujStud.,GQ-OP,Gujarat,"Govt Med Coll, Surat",RADIO DIAGNOSIS,"₹30,000*","₹1,00,800",1*,"₹40,00,000*",1150,45(3),62(3),70(3),-,-,-,-,67(2),119(2),120(2),-,-
GUJ Govt-AllGujStud.,GQ-OP,Gujarat,"Govt Med Coll, Bhavnagar",RADIO DIAGNOSIS,"₹30,000*","₹1,00,800",1*,"₹40,00,000*",720,-,-,-,-,-,-,-,83(1),123(1),123(1),-,-
GUJ Govt-Inst. Pref,UQ-EW,Gujarat,"Medical College, Baroda",GENERAL MEDICINE,"₹30,000*","₹1,00,800",1*,"₹40,00,000*",1250,-,-,-,-,-,-,-,116(1),116(1),127(1),-,-
GUJ Govt-AllGujStud.,GQ-SE,Gujarat,"Medical College, Baroda",RADIO DIAGNOSIS,"₹30,000*","₹1,00,800",1*,"₹40,00,000*",1250,222(1),240(1),240(1),-,-,-,-,85(1),128(1),128(1),-,-
GUJ Govt-AllGujStud.,GQ-OP,Gujarat,"Govt Med Coll, Surat",GENERAL MEDICINE,"₹30,000*","₹1,00,800",1*,"₹40,00,000*",1150,61(2),97(2),129(2),-,-,-,-,57(2),100(2),129(2),-,-
GUJ Govt-AllGujStud.,GQ-SE,Gujarat,"Medical College, Baroda",GENERAL MEDICINE,"₹30,000*","₹1,00,800",1*,"₹40,00,000*",1250,144(1),194(1),194(1),-,-,-,-,130(1),130(1),130(1),-,-
GUJ Mgmt Quota,MQ-MQ,Gujarat,"GMERS, Sola",RADIO DIAGNOSIS,"₹16,88,000*","₹84,000*",0,₹0,900,-,-,-,-,-,-,-,118(1),131(1),131(1),-,-
GUJ Govt-AllGujStud.,GQ-EW,Gujarat,"MP Shah, Jamnagar",DERMATOLOGY,"₹30,000*","₹1,00,800",1*,"₹40,00,000*",1250,-,-,-,-,-,-,-,98(1),133(1),133(1),-,-
GUJ Govt-Inst. Pref,UQ-OP,Gujarat,"Govt Med Coll, Surat",RADIO DIAGNOSIS,"₹30,000*","₹1,00,800",1*,"₹40,00,000*",1150,-,-,-,-,-,-,-,138(2),138(2),138(2),-,-
GUJ Govt-AllGujStud.,GQ-EW,Gujarat,"AMCET, Ahmedabad",DERMATOLOGY,"₹9,67,000*","₹1,00,800*",0,₹0,1050,-,-,-,-,-,-,-,217(1),206(1),142(1),-,-
GUJ Mgmt Quota,MQ-MQ,Gujarat,"GMERS, Gotri, Vadodara",GENERAL MEDICINE,"₹16,88,000*","₹84,000*",0,₹0,730,-,-,-,-,-,-,-,243(1),243(1),146(1),-,-
GUJ Govt-AllGujStud.,GQ-OP,Gujarat,"PDU Med Coll, Rajkot",GENERAL MEDICINE,"₹30,000*","₹1,00,800",1*,"₹40,00,000*",750,82(1),92(1),161(1),-,-,-,-,62(2),102(2),149(2),-,-
GUJ Govt-AllGujStud.,GQ-OP,Gujarat,"GMERS, Gotri, Vadodara",GENERAL MEDICINE,"₹11,25,000*","₹84,000*",0,₹0,730,-,-,-,-,-,-,-,177(3),153(3),153(3),-,-
GUJ Govt-Inst. Pref,UQ-SE,Gujarat,"Medical College, Baroda",GENERAL MEDICINE,"₹30,000*","₹1,00,800",1*,"₹40,00,000*",1250,53(1),144(1),144(1),-,-,-,-,156(1),156(1),156(1),-,-
GUJ Govt-Inst. Pref,UQ-OP,Gujarat,"AMCET, Ahmedabad",GENERAL MEDICINE,"₹9,67,000*","₹1,00,800*",0,₹0,1050,69(3),69(3),69(3),-,-,-,-,110(2),110(2),157(2),-,-
GUJ Govt-AllGujStud.,GQ-SE,Gujarat,"MP Shah, Jamnagar",GENERAL MEDICINE,"₹30,000*","₹1,00,800",1*,"₹40,00,000*",1250,111(1),196(1),205(1),-,-,-,-,159(2),159(2),159(2),-,-
GUJ Govt-AllGujStud.,GQ-SE,Gujarat,"PDU Med Coll, Rajkot",RADIO DIAGNOSIS,"₹30,000*","₹1,00,800",1*,"₹40,00,000*",750,261(1),261(1),261(1),-,-,-,-,87(1),168(1),168(1),-,-
GUJ Govt-Inst. Pref,UQ-OP,Gujarat,"BJMC, Ahmedabad",GENERAL SURGERY,"₹30,000*","₹1,00,800",1*,"₹40,00,000*",1557,87(2),260(2),260(2),-,-,-,-,66(1),169(1),169(1),-,-
GUJ Govt-AllGujStud.,GQ-OP,Gujarat,"Govt Med Coll, Surat",DERMATOLOGY,"₹30,000*","₹1,00,800",1*,"₹40,00,000*",1150,70(1),133(1),133(1),-,-,-,-,45(1),172(1),172(1),-,-
GUJ Govt-Inst. Pref,UQ-OP,Gujarat,"PDU Med Coll, Rajkot",GENERAL MEDICINE,"₹30,000*","₹1,00,800",1*,"₹40,00,000*",750,-,-,-,-,-,-,-,74(1),175(1),175(1),-,-
GUJ Govt-Inst. Pref,UQ-EW,Gujarat,"Govt Med Coll, Surat",GENERAL MEDICINE,"₹30,000*","₹1,00,800",1*,"₹40,00,000*",1150,-,-,-,-,-,-,-,50(1),68(1),182(1),-,-
GUJ Govt-AllGujStud.,GQ-SE,Gujarat,"Govt Med Coll, Bhavnagar",GENERAL MEDICINE,"₹30,000*","₹1,00,800",1*,"₹40,00,000*",720,196(1),274(1),274(1),-,-,-,-,183(1),183(1),183(1),-,-
GUJ Govt-Inst. Pref,UQ-EW,Gujarat,"MP Shah, Jamnagar",DERMATOLOGY,"₹30,000*","₹1,00,800",1*,"₹40,00,000*",1250,-,-,-,-,-,-,-,192(1),192(1),192(1),-,-
GUJ Govt-AllGujStud.,GQ-SE,Gujarat,"Govt Med Coll, Surat",GENERAL MEDICINE,"₹30,000*","₹1,00,800",1*,"₹40,00,000*",1150,187(2),205(2),298(2),-,-,-,-,162(2),195(2),195(2),-,-
GUJ Govt-AllGujStud.,GQ-OP,Gujarat,"GCS Med Coll, Ahmedabad",RADIO DIAGNOSIS,"₹29,00,000*","₹84,000*",0,₹0,750,288(1),340(1),340(1),-,-,-,-,196(1),196(1),196(1),-,-
GUJ Govt-AllGujStud.,GQ-SE,Gujarat,"MP Shah, Jamnagar",RADIO DIAGNOSIS,"₹30,000*","₹1,00,800",1*,"₹40,00,000*",1250,246(1),267(1),267(1),-,-,-,-,128(1),203(1),203(1),-,-
GUJ Govt-AllGujStud.,GQ-OP,Gujarat,"NHL Med Coll, Ahmedabad",DERMATOLOGY,"₹7,93,000*","₹84,000*",0,₹0,2220,137(2),160(2),203(2),-,-,-,-,167(2),204(2),204(2),-,-
GUJ Govt-Inst. Pref,UQ-SE,Gujarat,"BJMC, Ahmedabad",OBG,"₹30,000*","₹1,00,800",1*,"₹40,00,000*",1557,207(1),434(1),434(1),-,-,-,-,205(1),205(1),205(1),-,-
GUJ Govt-AllGujStud.,GQ-SE,Gujarat,"PDU Med Coll, Rajkot",GENERAL MEDICINE,"₹30,000*","₹1,00,800",1*,"₹40,00,000*",750,194(2),316(2),316(2),-,-,-,-,175(1),207(1),207(1),-,-
GUJ Govt-AllGujStud.,GQ-SE,Gujarat,"Govt Med Coll, Surat",RADIO DIAGNOSIS,"₹30,000*","₹1,00,800",1*,"₹40,00,000*",1150,240(1),246(1),246(1),-,-,-,-,189(1),208(1),208(1),-,-
GUJ Govt-AllGujStud.,GQ-OP,Gujarat,"Surat Municipal, Surat",RADIO DIAGNOSIS,"₹18,64,000*","₹84,000*",0,₹0,750,145(2),145(2),302(2),-,-,-,-,185(2),214(2),214(2),-,-
GUJ Govt-AllGujStud.,GQ-OP,Gujarat,"NHL Med Coll, Ahmedabad",GENERAL MEDICINE,"₹7,93,000*","₹84,000*",0,₹0,2220,151(6),181(6),234(6),-,-,-,-,142(7),182(7),218(7),-,-
GUJ Mgmt Quota,MQ-MQ,Gujarat,"Surat Municipal, Surat",RADIO DIAGNOSIS,"₹41,50,000*","₹84,000*",0,₹0,750,621(1),719(2),719(2),-,-,-,-,221(1),221(1),221(1),-,-
GUJ Mgmt Quota,MQ-MQ,Gujarat,"GMERS, Gotri, Vadodara",DERMATOLOGY,"₹15,00,000*","₹84,000*",0,₹0,730,-,360(1),360(1),-,-,-,-,222(1),222(1),222(1),-,-
GUJ Govt-Inst. Pref,UQ-SE,Gujarat,"BJMC, Ahmedabad",DERMATOLOGY,"₹30,000*","₹1,00,800",1*,"₹40,00,000*",1557,-,-,-,-,-,-,-,225(1),225(1),225(1),-,-
GUJ Govt-Inst. Pref,UQ-OP,Gujarat,"BJMC, Ahmedabad",PAEDIATRICS,"₹30,000*","₹1,00,800",1*,"₹40,00,000*",1557,54(1),177(1),177(1),-,-,-,-,120(1),219(1),228(1),-,-
GUJ Govt-Inst. Pref,UQ-SE,Gujarat,"NHL Med Coll, Ahmedabad",RADIO DIAGNOSIS,"₹7,93,000*","₹84,000*",0,₹0,2220,475(1),475(1),475(1),-,-,-,-,168(1),229(1),229(1),-,-
GUJ Govt-Inst. Pref,UQ-EW,Gujarat,"PDU Med Coll, Rajkot",GENERAL MEDICINE,"₹30,000*","₹1,00,800",1*,"₹40,00,000*",750,-,-,-,-,-,-,-,84(1),232(1),232(1),-,-
GUJ Govt-AllGujStud.,GQ-OP,Gujarat,"Surat Municipal, Surat",DERMATOLOGY,"₹18,64,000*","₹84,000*",0,₹0,750,235(1),348(1),463(1),-,-,-,-,239(1),239(1),239(1),-,-
GUJ Govt-AllGujStud.,GQ-OP,Gujarat,"Medical College, Baroda",PAEDIATRICS,"₹30,000*","₹1,00,800",1*,"₹40,00,000*",1250,134(2),193(2),321(2),-,-,-,-,89(1),240(1),240(1),-,-
GUJ Govt-Inst. Pref,UQ-OP,Gujarat,"NHL Med Coll, Ahmedabad",GENERAL MEDICINE,"₹7,93,000*","₹84,000*",0,₹0,2220,124(2),136(2),185(2),-,-,-,-,141(3),155(3),242(3),-,-
GUJ Govt-AllGujStud.,GQ-OP,Gujarat,"AMCET, Ahmedabad",GENERAL MEDICINE,"₹9,67,000*","₹1,00,800*",0,₹0,1050,126(8),153(8),211(8),-,-,-,-,146(9),197(9),244(9),-,-
GUJ Govt-Inst. Pref,UQ-OP,Gujarat,"GCS Med Coll, Ahmedabad",RADIO DIAGNOSIS,"₹29,00,000*","₹84,000*",0,₹0,750,336(1),336(1),336(1),-,-,-,-,214(1),251(1),251(1),-,-
GUJ Govt-Inst. Pref,UQ-OP,Gujarat,"Govt Med Coll, Surat",OBG,"₹30,000*","₹1,00,800",1*,"₹40,00,000*",1150,408(2),491(2),491(2),-,-,-,-,256(1),256(1),256(1),-,-
GUJ Govt-AllGujStud.,GQ-OP,Gujarat,"GMERS, Gandhinagar",GENERAL MEDICINE,"₹11,25,000*","₹84,000*",0,₹0,980,-,-,-,-,-,-,-,184(1),244(1),258(1),-,-
GUJ Govt-AllGujStud.,GQ-SE,Gujarat,"NHL Med Coll, Ahmedabad",RADIO DIAGNOSIS,"₹7,93,000*","₹84,000*",0,₹0,2220,416(2),416(2),409(2),-,-,-,-,229(2),260(2),260(2),-,-
GUJ Govt-AllGujStud.,GQ-SE,Gujarat,"AMCET, Ahmedabad",RADIO DIAGNOSIS,"₹9,67,000*","₹1,00,800*",0,₹0,1050,412(1),412(1),412(1),-,-,-,-,208(1),266(1),266(1),-,-
GUJ Govt-AllGujStud.,GQ-SE,Gujarat,"BJMC, Ahmedabad",DERMATOLOGY,"₹30,000*","₹1,00,800",1*,"₹40,00,000*",1557,115(1),115(1),115(1),-,-,-,-,231(1),267(1),267(1),-,-
GUJ Govt-AllGujStud.,GQ-SE,Gujarat,"GMERS, Sola",RADIO DIAGNOSIS,"₹11,25,000*","₹84,000*",0,₹0,900,-,-,-,-,-,-,-,272(1),272(1),272(1),-,-
GUJ Govt-AllGujStud.,GQ-OP,Gujarat,"BJMC, Ahmedabad",PAEDIATRICS,"₹30,000*","₹1,00,800",1*,"₹40,00,000*",1557,88(2),162(2),296(2),-,-,-,-,171(3),228(3),275(3),-,-
GUJ Govt-AllGujStud.,GQ-EW,Gujarat,"GMERS, Sola",DERMATOLOGY,"₹10,00,000*","₹84,000*",0,₹0,900,265(1),265(1),265(1),-,-,-,-,276(1),276(1),276(1),-,-
GUJ Govt-Inst. Pref,UQ-OP,Gujarat,"Medical College, Baroda",PAEDIATRICS,"₹30,000*","₹1,00,800",1*,"₹40,00,000*",1250,97(1),125(1),125(1),-,-,-,-,223(1),275(1),278(1),-,-
GUJ Govt-AllGujStud.,GQ-OP,Gujarat,"BJMC, Ahmedabad",GENERAL SURGERY,"₹30,000*","₹1,00,800",1*,"₹40,00,000*",1557,167(4),257(5),257(5),-,-,-,-,169(4),264(6),280(6),-,-
GUJ Govt-AllGujStud.,GQ-EW,Gujarat,"GCS Med Coll, Ahmedabad",RADIO DIAGNOSIS,"₹29,00,000*","₹84,000*",0,₹0,750,-,-,-,-,-,-,-,289(1),289(1),289(1),-,-
GUJ Govt-AllGujStud.,GQ-OP,Gujarat,"Dr MK Shah Med Coll, Ahmedabad",DERMATOLOGY,"₹23,00,000*","₹84,000*",0,₹0,350,-,-,-,-,-,-,-,290(1),290(1),290(1),-,-
GUJ Govt-Inst. Pref,UQ-OP,Gujarat,"GMERS, Sola",DERMATOLOGY,"₹10,00,000*","₹84,000*",0,₹0,900,-,-,-,-,-,-,-,42(1),294(1),294(1),-,-
GUJ Govt-Inst. Pref,UQ-OP,Gujarat,"Govt Med Coll, Surat",GENERAL SURGERY,"₹30,000*","₹1,00,800",1*,"₹40,00,000*",1150,262(1),262(1),262(1),-,-,-,-,263(1),296(1),296(1),-,-
GUJ Govt-AllGujStud.,GQ-EW,Gujarat,"BJMC, Ahmedabad",PAEDIATRICS,"₹30,000*","₹1,00,800",1*,"₹40,00,000*",1557,189(1),189(1),400(1),-,-,-,-,228(1),298(1),298(1),-,-
GUJ Govt-AllGujStud.,GQ-OP,Gujarat,"Govt Med Coll, Surat",PAEDIATRICS,"₹30,000*","₹1,00,800",1*,"₹40,00,000*",1150,158(4),332(4),421(4),-,-,-,-,234(2),284(2),300(2),-,-
GUJ Govt-AllGujStud.,GQ-EW,Gujarat,"Govt Med Coll, Bhavnagar",GENERAL MEDICINE,"₹30,000*","₹1,00,800",1*,"₹40,00,000*",720,-,-,-,-,-,-,-,68(1),120(1),303(1),-,-
GUJ Govt-AllGujStud.,GQ-SC,Gujarat,"BJMC, Ahmedabad",RADIO DIAGNOSIS,"₹30,000*","₹1,00,800",1*,"₹40,00,000*",1557,258(1),258(1),258(1),-,-,-,-,69(1),319(1),319(1),-,-
GUJ Govt-AllGujStud.,GQ-SE,Gujarat,"Surat Municipal, Surat",RADIO DIAGNOSIS,"₹18,64,000*","₹84,000*",0,₹0,750,445(1),445(1),445(1),-,-,-,-,260(1),328(1),328(1),-,-
GUJ Govt-AllGujStud.,GQ-OP,Gujarat,"PDU Med Coll, Rajkot",PAEDIATRICS,"₹30,000*","₹1,00,800",1*,"₹40,00,000*",750,201(2),349(2),387(2),-,-,-,-,232(1),291(1),329(1),-,-
GUJ Govt-AllGujStud.,GQ-EW,Gujarat,"NHL Med Coll, Ahmedabad",GENERAL MEDICINE,"₹7,93,000*","₹84,000*",0,₹0,2220,228(2),228(2),263(2),-,-,-,-,182(2),237(2),335(2),-,-
GUJ Govt-AllGujStud.,GQ-SE,Gujarat,"Medical College, Baroda",DERMATOLOGY,"₹30,000*","₹1,00,800",1*,"₹40,00,000*",1250,169(1),169(1),169(1),-,-,-,-,273(1),336(1),336(1),-,-
GUJ Govt-AllGujStud.,GQ-OP,Gujarat,"Adani Institute, Bhuj",RADIO DIAGNOSIS,"₹33,00,000*","₹84,000*",0,₹0,750,340(1),344(1),344(1),-,-,-,-,251(1),388(1),337(1),-,-
GUJ Govt-AllGujStud.,GQ-OP,Gujarat,"GMERS, Gotri, Vadodara",PAEDIATRICS,"₹11,25,000*","₹84,000*",0,₹0,730,-,-,-,-,-,-,-,424(1),469(1),341(1),-,-
GUJ Govt-Inst. Pref,UQ-OP,Gujarat,"Govt Med Coll, Surat",PAEDIATRICS,"₹30,000*","₹1,00,800",1*,"₹40,00,000*",1150,135(1),485(1),485(1),-,-,-,-,310(2),345(2),345(2),-,-
GUJ Govt-Inst. Pref,UQ-SE,Gujarat,"NHL Med Coll, Ahmedabad",GENERAL MEDICINE,"₹7,93,000*","₹84,000*",0,₹0,2220,285(1),285(1),402(1),-,-,-,-,347(2),347(2),347(2),-,-
GUJ Govt-Inst. Pref,UQ-EW,Gujarat,"BJMC, Ahmedabad",OBG,"₹30,000*","₹1,00,800",1*,"₹40,00,000*",1557,-,-,-,-,-,-,-,190(1),349(1),349(1),-,-
GUJ Govt-AllGujStud.,GQ-OP,Gujarat,"GMERS, Sola",GENERAL MEDICINE,"₹11,25,000*","₹84,000*",0,₹0,900,-,-,-,-,-,-,-,178(3),218(3),350(3),-,-
GUJ Govt-AllGujStud.,GQ-OP,Gujarat,"BJMC, Ahmedabad",ORTHOPAEDICS,"₹30,000*","₹1,00,800",1*,"₹40,00,000*",1557,120(1),275(2),275(2),-,-,-,-,-,353(1),353(1),-,-
GUJ Govt-AllGujStud.,GQ-EW,Gujarat,"AMCET, Ahmedabad",GENERAL MEDICINE,"₹9,67,000*","₹1,00,800*",0,₹0,1050,176(2),176(2),255(2),-,-,-,-,237(2),303(2),359(2),-,-
GUJ Govt-AllGujStud.,GQ-OP,Gujarat,"BJMC, Ahmedabad",OBG,"₹30,000*","₹1,00,800",1*,"₹40,00,000*",1557,114(3),216(3),216(3),-,-,-,-,226(3),325(4),361(4),-,-
GUJ Govt-AllGujStud.,GQ-OP,Gujarat,"Govt Med Coll, Surat",GENERAL SURGERY,"₹30,000*","₹1,00,800",1*,"₹40,00,000*",1150,230(2),279(3),279(3),-,-,-,-,224(2),281(2),367(2),-,-
GUJ Govt-AllGujStud.,GQ-SE,Gujarat,"NHL Med Coll, Ahmedabad",GENERAL MEDICINE,"₹7,93,000*","₹84,000*",0,₹0,2220,424(5),470(5),526(5),-,-,-,-,416(5),368(5),368(5),-,-
GUJ Govt-Inst. Pref,UQ-OP,Gujarat,"GMERS, Sola",GENERAL MEDICINE,"₹11,25,000*","₹84,000*",0,₹0,900,-,-,-,-,-,-,-,149(1),242(1),370(1),-,-
GUJ Govt-AllGujStud.,GQ-OP,Gujarat,"Medical College, Baroda",OBG,"₹30,000*","₹1,00,800",1*,"₹40,00,000*",1250,219(2),347(3),347(3),-,-,-,-,343(4),386(4),374(4),-,-
GUJ Govt-Inst. Pref,UQ-EW,Gujarat,"Govt Med Coll, Surat",PAEDIATRICS,"₹30,000*","₹1,00,800",1*,"₹40,00,000*",1150,-,-,-,-,-,-,-,387(1),377(1),377(1),-,-
GUJ Govt-Inst. Pref,UQ-EW,Gujarat,"AMCET, Ahmedabad",GENERAL MEDICINE,"₹9,67,000*","₹1,00,800*",0,₹0,1050,156(1),156(1),176(1),-,-,-,-,157(1),157(1),381(1),-,-
GUJ Govt-AllGujStud.,GQ-EW,Gujarat,"BJMC, Ahmedabad",OBG,"₹30,000*","₹1,00,800",1*,"₹40,00,000*",1557,191(1),401(1),345(1),-,-,-,-,257(1),361(1),386(1),-,-
GUJ Mgmt Quota,MQ-MQ,Gujarat,"GMERS, Sola",GENERAL MEDICINE,"₹16,88,000*","₹84,000*",0,₹0,900,-,-,-,-,-,-,-,197(1),269(1),388(1),-,-
GUJ Govt-Inst. Pref,UQ-OP,Gujarat,"Govt Med Coll, Bhavnagar",DERMATOLOGY,"₹30,000*","₹1,00,800",1*,"₹40,00,000*",720,-,-,-,-,-,-,-,113(1),113(1),396(1),-,-
GUJ Govt-AllGujStud.,GQ-EW,Gujarat,"GMERS, Gotri, Vadodara",GENERAL MEDICINE,"₹11,25,000*","₹84,000*",0,₹0,730,-,-,-,-,-,-,-,303(1),305(1),397(1),-,-
GUJ Govt-Inst. Pref,UQ-OP,Gujarat,"BJMC, Ahmedabad",PHARMACOLOGY,"₹30,000*","₹1,00,800",0*,₹0*,1557,1686(1),1931(1),2275(1),-,-,-,-,399(1),399(1),399(1),-,-
GUJ Govt-AllGujStud.,GQ-OP,Gujarat,"MP Shah, Jamnagar",PAEDIATRICS,"₹30,000*","₹1,00,800",1*,"₹40,00,000*",1250,197(2),321(2),472(2),-,-,-,-,219(1),312(2),400(2),-,-
GUJ Govt-AllGujStud.,GQ-SE,Gujarat,"AMCET, Ahmedabad",GENERAL MEDICINE,"₹9,67,000*","₹1,00,800*",0,₹0,1050,409(6),444(6),467(6),-,-,-,-,402(5),402(5),402(5),-,-
GUJ Mgmt Quota,MQ-MQ,Gujarat,"GMERS, Gandhinagar",GENERAL MEDICINE,"₹16,88,000*","₹84,000*",0,₹0,980,-,-,-,-,-,-,-,211(1),258(1),404(1),-,-
GUJ Govt-AllGujStud.,GQ-EW,Gujarat,"Govt Med Coll, Surat",GENERAL SURGERY,"₹30,000*","₹1,00,800",1*,"₹40,00,000*",1150,-,345(1),545(1),-,-,-,-,410(1),410(1),410(1),-,-
GUJ Govt-AllGujStud.,GQ-EW,Gujarat,"BJMC, Ahmedabad",GENERAL SURGERY,"₹30,000*","₹1,00,800",1*,"₹40,00,000*",1557,-,300(1),300(1),-,-,-,-,-,411(1),411(1),-,-
GUJ Govt-Inst. Pref,UQ-OP,Gujarat,"BJMC, Ahmedabad",OPHTHALMOLOGY,"₹30,000*","₹1,00,800",1*,"₹40,00,000*",1557,638(1),502(1),640(1),-,-,-,-,389(1),389(1),412(1),-,-
GUJ Govt-AllGujStud.,GQ-SC,Gujarat,"MP Shah, Jamnagar",RADIO DIAGNOSIS,"₹30,000*","₹1,00,800",1*,"₹40,00,000*",1250,-,-,-,-,-,-,-,413(1),413(1),413(1),-,-
GUJ Govt-AllGujStud.,GQ-SE,Gujarat,"GMERS, Sola",DERMATOLOGY,"₹10,00,000*","₹84,000*",0,₹0,900,574(1),574(1),574(1),-,-,-,-,336(1),414(1),414(1),-,-
GUJ Govt-AllGujStud.,GQ-OP,Gujarat,"Govt Med Coll, Bhavnagar",PAEDIATRICS,"₹30,000*","₹1,00,800",1*,"₹40,00,000*",720,206(1),362(1),362(1),-,-,-,-,240(1),316(1),415(1),-,-
GUJ Govt-Inst. Pref,UQ-SE,Gujarat,"AMCET, Ahmedabad",GENERAL MEDICINE,"₹9,67,000*","₹1,00,800*",0,₹0,1050,252(2),252(2),252(2),-,-,-,-,238(2),416(2),416(2),-,-
GUJ Govt-Inst. Pref,UQ-OP,Gujarat,"Medical College, Baroda",GENERAL SURGERY,"₹30,000*","₹1,00,800",1*,"₹40,00,000*",1250,247(1),797(1),797(1),-,-,-,-,287(1),287(1),420(1),-,-
GUJ Govt-AllGujStud.,GQ-SE,Gujarat,"Govt Med Coll, Surat",DERMATOLOGY,"₹30,000*","₹1,00,800",1*,"₹40,00,000*",1150,-,-,-,-,-,-,-,328(1),422(1),422(1),-,-
GUJ Govt-AllGujStud.,GQ-OP,Gujarat,"PDU Med Coll, Rajkot",OBG,"₹30,000*","₹1,00,800",1*,"₹40,00,000*",750,-,-,-,-,-,-,-,349(1),423(1),423(1),-,-
GUJ Govt-AllGujStud.,GQ-SE,Gujarat,"BJMC, Ahmedabad",PAEDIATRICS,"₹30,000*","₹1,00,800",1*,"₹40,00,000*",1557,400(3),420(3),420(3),-,-,-,-,292(1),435(2),435(2),-,-
GUJ Govt-Inst. Pref,UQ-OP,Gujarat,"BJMC, Ahmedabad",PSYCHIATRY,"₹30,000*","₹1,00,800",1*,"₹40,00,000*",1557,185(1),185(1),736(1),-,-,-,-,265(1),404(1),436(1),-,-
GUJ Govt-Inst. Pref,UQ-EW,Gujarat,"NHL Med Coll, Ahmedabad",GENERAL MEDICINE,"₹7,93,000*","₹84,000*",0,₹0,2220,204(1),204(1),204(1),-,-,-,-,155(1),212(1),437(1),-,-
GUJ Govt-AllGujStud.,GQ-OP,Gujarat,"Medical College, Baroda",GENERAL SURGERY,"₹30,000*","₹1,00,800",1*,"₹40,00,000*",1250,260(3),356(4),524(4),-,-,-,-,193(1),367(2),439(2),-,-
GUJ Govt-Inst. Pref,UQ-SE,Gujarat,"Govt Med Coll, Surat",GENERAL SURGERY,"₹30,000*","₹1,00,800",1*,"₹40,00,000*",1150,435(1),562(1),562(1),-,-,-,-,266(1),440(1),440(1),-,-
GUJ Govt-Inst. Pref,UQ-OP,Gujarat,"Surat Municipal, Surat",GENERAL MEDICINE,"₹18,64,000*","₹84,000*",0,₹0,750,181(1),184(1),388(1),-,-,-,-,269(2),354(2),447(2),-,-
GUJ Govt-AllGujStud.,GQ-OP,Gujarat,"Govt Med Coll, Surat",OBG,"₹30,000*","₹1,00,800",1*,"₹40,00,000*",1150,314(3),431(4),494(4),-,-,-,-,361(2),415(2),451(2),-,-
GUJ Govt-Inst. Pref,UQ-OP,Gujarat,"GCS Med Coll, Ahmedabad",GENERAL MEDICINE,"₹21,00,000*","₹84,000*",0,₹0,750,278(1),299(1),299(1),-,-,-,-,327(2),360(2),452(2),-,-
GUJ Govt-AllGujStud.,GQ-EW,Gujarat,"BJMC, Ahmedabad",ORTHOPAEDICS,"₹30,000*","₹1,00,800",1*,"₹40,00,000*",1557,-,302(1),425(1),-,-,-,-,-,453(1),453(1),-,-
GUJ Govt-AllGujStud.,GQ-EW,Gujarat,"Medical College, Baroda",OBG,"₹30,000*","₹1,00,800",1*,"₹40,00,000*",1250,337(1),403(1),403(1),-,-,-,-,346(1),455(1),455(1),-,-
GUJ Govt-AllGujStud.,GQ-OP,Gujarat,"PDU Med Coll, Rajkot",GENERAL SURGERY,"₹30,000*","₹1,00,800",1*,"₹40,00,000*",750,279(1),506(2),695(2),-,-,-,-,280(1),462(1),462(1),-,-
GUJ Govt-AllGujStud.,GQ-SE,Gujarat,"GMERS, Sola",GENERAL MEDICINE,"₹11,25,000*","₹84,000*",0,₹0,900,-,-,-,-,-,-,-,464(1),464(1),464(1),-,-
GUJ Govt-AllGujStud.,GQ-OP,Gujarat,"Govt Med Coll, Bhavnagar",OBG,"₹30,000*","₹1,00,800",1*,"₹40,00,000*",720,221(1),455(1),555(1),-,-,-,-,374(1),451(1),466(1),-,-
GUJ Govt-AllGujStud.,GQ-SE,Gujarat,"GMERS, Gandhinagar",GENERAL MEDICINE,"₹11,25,000*","₹84,000*",0,₹0,980,-,-,-,-,-,-,-,195(1),470(1),470(1),-,-
GUJ Govt-Inst. Pref,UQ-SE,Gujarat,"BJMC, Ahmedabad",GENERAL SURGERY,"₹30,000*","₹1,00,800",1*,"₹40,00,000*",1557,269(1),269(1),269(1),-,-,-,-,448(2),448(2),478(2),-,-
GUJ Govt-AllGujStud.,GQ-SE,Gujarat,"GMERS, Gotri, Vadodara",GENERAL MEDICINE,"₹11,25,000*","₹84,000*",0,₹0,730,-,-,-,-,-,-,-,481(2),481(2),481(2),-,-
GUJ Govt-Inst. Pref,UQ-SE,Gujarat,"GMERS, Sola",GENERAL MEDICINE,"₹11,25,000*","₹84,000*",0,₹0,900,-,-,-,-,-,-,-,484(1),484(1),484(1),-,-
GUJ Govt-AllGujStud.,GQ-EW,Gujarat,"MP Shah, Jamnagar",PAEDIATRICS,"₹30,000*","₹1,00,800",1*,"₹40,00,000*",1250,-,-,-,-,-,-,-,-,381(1),490(1),-,-
GUJ Govt-AllGujStud.,GQ-OP,Gujarat,"BJMC, Ahmedabad",PSYCHIATRY,"₹30,000*","₹1,00,800",1*,"₹40,00,000*",1557,313(1),313(1),313(1),-,-,-,-,362(2),436(2),496(2),-,-
GUJ Govt-AllGujStud.,GQ-EW,Gujarat,"Medical College, Baroda",GENERAL SURGERY,"₹30,000*","₹1,00,800",1*,"₹40,00,000*",1250,276(1),379(1),618(1),-,-,-,-,-,497(1),497(1),-,-
GUJ Govt-AllGujStud.,GQ-SE,Gujarat,"NHL Med Coll, Ahmedabad",DERMATOLOGY,"₹7,93,000*","₹84,000*",0,₹0,2220,448(1),448(1),448(1),-,-,-,-,414(1),498(1),498(1),-,-
GUJ Govt-Inst. Pref,UQ-EW,Gujarat,"MP Shah, Jamnagar",OBG,"₹30,000*","₹1,00,800",1*,"₹40,00,000*",1250,-,-,-,-,-,-,-,502(1),502(1),502(1),-,-
GUJ Govt-Inst. Pref,UQ-OP,Gujarat,"NHL Med Coll, Ahmedabad",OPHTHALMOLOGY,"₹7,93,000*","₹84,000*",0,₹0,2220,214(1),214(1),745(1),-,-,-,-,503(1),503(1),503(1),-,-
GUJ Govt-AllGujStud.,GQ-EW,Gujarat,"MP Shah, Jamnagar",OBG,"₹30,000*","₹1,00,800",1*,"₹40,00,000*",1250,-,-,-,-,-,-,-,369(1),504(1),504(1),-,-
GUJ Govt-AllGujStud.,GQ-EW,Gujarat,"BJMC, Ahmedabad",ENT,"₹30,000*","₹1,00,800",1*,"₹40,00,000*",1557,-,-,-,-,-,-,-,508(1),508(1),508(1),-,-
GUJ Govt-AllGujStud.,GQ-OP,Gujarat,"BJMC, Ahmedabad",OPHTHALMOLOGY,"₹30,000*","₹1,00,800",1*,"₹40,00,000*",1557,505(4),762(5),762(5),-,-,-,-,179(3),472(3),510(3),-,-
GUJ Govt-AllGujStud.,GQ-OP,Gujarat,"AMCET, Ahmedabad",PAEDIATRICS,"₹9,67,000*","₹1,00,800*",0,₹0,1050,362(5),397(5),615(5),-,-,-,-,381(5),426(5),521(5),-,-
GUJ Govt-AllGujStud.,GQ-EW,Gujarat,"Govt Med Coll, Surat",PAEDIATRICS,"₹30,000*","₹1,00,800",1*,"₹40,00,000*",1150,-,-,-,-,-,-,-,312(1),369(1),525(1),-,-
GUJ Govt-AllGujStud.,GQ-SE,Gujarat,"PDU Med Coll, Rajkot",PAEDIATRICS,"₹30,000*","₹1,00,800",1*,"₹40,00,000*",750,-,-,-,-,-,-,-,496(1),531(1),531(1),-,-
GUJ Govt-Inst. Pref,UQ-OP,Gujarat,"AMCET, Ahmedabad",GENERAL SURGERY,"₹9,67,000*","₹1,00,800*",0,₹0,1050,365(2),365(2),365(2),-,-,-,-,294(1),533(1),533(1),-,-
GUJ Govt-AllGujStud.,GQ-SE,Gujarat,"BJMC, Ahmedabad",OBG,"₹30,000*","₹1,00,800",1*,"₹40,00,000*",1557,418(3),458(3),458(3),-,-,-,-,315(3),534(3),534(3),-,-
GUJ Govt-Inst. Pref,UQ-OP,Gujarat,"MP Shah, Jamnagar",PAEDIATRICS,"₹30,000*","₹1,00,800",1*,"₹40,00,000*",1250,209(1),326(1),455(1),-,-,-,-,298(1),358(1),535(1),-,-
GUJ Govt-AllGujStud.,GQ-SE,Gujarat,"Govt Med Coll, Bhavnagar",PAEDIATRICS,"₹30,000*","₹1,00,800",1*,"₹40,00,000*",720,-,429(1),592(1),-,-,-,-,483(1),536(1),536(1),-,-
GUJ Govt-AllGujStud.,GQ-OP,Gujarat,"Surat Municipal, Surat",GENERAL MEDICINE,"₹18,64,000*","₹84,000*",0,₹0,750,237(7),264(7),390(7),-,-,-,-,309(6),439(6),550(6),-,-
GUJ Govt-AllGujStud.,GQ-OP,Gujarat,"Medical College, Baroda",ORTHOPAEDICS,"₹30,000*","₹1,00,800",1*,"₹40,00,000*",1250,270(2),380(2),486(2),-,-,-,-,457(3),514(3),552(3),-,-
GUJ Govt-Inst. Pref,UQ-OP,Gujarat,"Govt Med Coll, Surat",PSYCHIATRY,"₹30,000*","₹1,00,800",1*,"₹40,00,000*",1150,729(1),729(1),729(1),-,-,-,-,390(1),553(1),553(1),-,-
GUJ Govt-Inst. Pref,UQ-SE,Gujarat,"BJMC, Ahmedabad",PAEDIATRICS,"₹30,000*","₹1,00,800",1*,"₹40,00,000*",1557,-,-,-,-,-,-,-,557(1),557(1),557(1),-,-
GUJ Govt-Inst. Pref,UQ-OP,Gujarat,"Medical College, Baroda",ORTHOPAEDICS,"₹30,000*","₹1,00,800",1*,"₹40,00,000*",1250,275(1),468(1),468(1),-,-,-,-,441(1),559(1),559(1),-,-
GUJ Govt-AllGujStud.,GQ-OP,Gujarat,"GCS Med Coll, Ahmedabad",GENERAL MEDICINE,"₹21,00,000*","₹84,000*",0,₹0,750,303(3),364(3),423(3),-,-,-,-,338(3),359(3),565(3),-,-
GUJ Govt-AllGujStud.,GQ-OP,Gujarat,"NHL Med Coll, Ahmedabad",OPHTHALMOLOGY,"₹7,93,000*","₹84,000*",0,₹0,2220,627(2),784(2),1107(2),-,-,-,-,426(2),566(2),566(2),-,-
GUJ Govt-AllGujStud.,GQ-OP,Gujarat,"Govt Med Coll, Surat",ORTHOPAEDICS,"₹30,000*","₹1,00,800",1*,"₹40,00,000*",1150,259(2),343(2),462(2),-,-,-,-,244(1),517(2),567(2),-,-
GUJ Govt-AllGujStud.,GQ-EW,Gujarat,"GCS Med Coll, Ahmedabad",GENERAL MEDICINE,"₹21,00,000*","₹84,000*",0,₹0,750,364(1),423(1),447(1),-,-,-,-,359(1),452(1),570(1),-,-
GUJ Govt-AllGujStud.,GQ-OP,Gujarat,"GCS Med Coll, Ahmedabad",DERMATOLOGY,"₹27,00,000*","₹84,000*",0,₹0,750,-,-,-,-,-,-,-,396(1),396(1),571(1),-,-
GUJ Govt-AllGujStud.,GQ-OP,Gujarat,"MP Shah, Jamnagar",GENERAL SURGERY,"₹30,000*","₹1,00,800",1*,"₹40,00,000*",1250,312(2),426(2),701(2),-,-,-,-,296(3),524(5),572(5),-,-
GUJ Govt-AllGujStud.,GQ-EW,Gujarat,"AMCET, Ahmedabad",PAEDIATRICS,"₹9,67,000*","₹1,00,800*",0,₹0,1050,387(1),478(1),635(1),-,-,-,-,384(1),490(1),577(1),-,-
GUJ Govt-AllGujStud.,GQ-OP,Gujarat,"CU Shah, Surendra Nagar",RADIO DIAGNOSIS,"₹33,00,000*","₹84,000*",0,₹0,590,697(2),782(2),782(2),-,-,-,-,388(2),582(2),582(2),-,-
GUJ Govt-Inst. Pref,UQ-OP,Gujarat,"Medical College, Baroda",TBRD,"₹30,000*","₹1,00,800",1*,"₹40,00,000*",1250,-,-,-,-,-,-,-,584(1),584(1),584(1),-,-
GUJ Govt-AllGujStud.,GQ-EW,Gujarat,"Surat Municipal, Surat",GENERAL MEDICINE,"₹18,64,000*","₹84,000*",0,₹0,750,264(1),280(1),415(1),-,-,-,-,377(1),450(1),586(1),-,-
GUJ Govt-Inst. Pref,UQ-SE,Gujarat,"Surat Municipal, Surat",GENERAL MEDICINE,"₹18,64,000*","₹84,000*",0,₹0,750,1033(1),1016(1),1061(1),-,-,-,-,506(1),506(1),588(1),-,-
GUJ Govt-AllGujStud.,GQ-OP,Gujarat,"AMCET, Ahmedabad",OBG,"₹9,67,000*","₹1,00,800*",0,₹0,1050,421(4),494(4),605(4),-,-,-,-,537(5),555(5),589(5),-,-
GUJ Govt-AllGujStud.,GQ-OP,Gujarat,"CU Shah, Surendra Nagar",GENERAL MEDICINE,"₹27,00,000*","₹84,000*",0,₹0,590,423(2),536(2),619(2),-,-,-,-,591(1),590(1),590(1),-,-
GUJ Mgmt Quota,MQ-MQ,Gujarat,"GCS Med Coll, Ahmedabad",RADIO DIAGNOSIS,"₹40,00,000*","₹84,000*",0,₹0,750,-,-,-,-,-,-,-,489(1),593(1),593(1),-,-
GUJ Govt-AllGujStud.,GQ-OP,Gujarat,"Medical College, Baroda",ENT,"₹30,000*","₹1,00,800",1*,"₹40,00,000*",1250,-,-,-,-,-,-,-,509(1),599(1),599(1),-,-
GUJ Govt-AllGujStud.,GQ-SE,Gujarat,"Govt Med Coll, Surat",PAEDIATRICS,"₹30,000*","₹1,00,800",1*,"₹40,00,000*",1150,490(2),490(2),490(2),-,-,-,-,435(2),515(2),600(2),-,-
GUJ Govt-AllGujStud.,GQ-OP,Gujarat,"GMERS, Sola",OBG,"₹11,25,000*","₹84,000*",0,₹0,900,431(1),509(1),642(1),-,-,-,-,541(2),601(2),601(2),-,-
GUJ Govt-Inst. Pref,UQ-OP,Gujarat,"AMCET, Ahmedabad",OBG,"₹9,67,000*","₹1,00,800*",0,₹0,1050,378(2),453(2),453(2),-,-,-,-,415(2),507(2),607(2),-,-
GUJ Govt-Inst. Pref,UQ-SE,Gujarat,"Medical College, Baroda",OBG,"₹30,000*","₹1,00,800",1*,"₹40,00,000*",1250,458(1),599(1),599(1),-,-,-,-,480(1),609(1),609(1),-,-
GUJ Govt-AllGujStud.,GQ-OP,Gujarat,"NHL Med Coll, Ahmedabad",PAEDIATRICS,"₹7,93,000*","₹84,000*",0,₹0,2220,397(4),421(4),636(4),-,-,-,-,400(6),463(6),613(6),-,-
GUJ Govt-AllGujStud.,GQ-EW,Gujarat,"AMCET, Ahmedabad",OBG,"₹9,67,000*","₹1,00,800*",0,₹0,1050,494(2),555(2),709(2),-,-,-,-,558(1),558(1),614(1),-,-
GUJ Govt-AllGujStud.,GQ-OP,Gujarat,"Govt Med Coll, Bhavnagar",OPHTHALMOLOGY,"₹30,000*","₹1,00,800",1*,"₹40,00,000*",720,-,-,-,-,-,-,-,539(1),615(1),615(1),-,-
GUJ Mgmt Quota,MQ-MQ,Gujarat,"AMCET, Ahmedabad",GENERAL MEDICINE,"₹30,00,000*","₹1,00,800*",0,₹0,1050,263(3),415(7),466(7),-,-,-,-,458(4),570(5),621(5),-,-
GUJ Govt-AllGujStud.,GQ-OP,Gujarat,"GMERS, Gandhinagar",OBG,"₹11,25,000*","₹84,000*",0,₹0,980,-,-,-,-,-,-,-,601(1),614(1),623(1),-,-
GUJ Govt-AllGujStud.,GQ-OP,Gujarat,"GMERS, Gotri, Vadodara",OBG,"₹11,25,000*","₹84,000*",0,₹0,730,-,-,-,-,-,-,-,614(1),623(1),624(1),-,-
GUJ Govt-AllGujStud.,GQ-OP,Gujarat,"Medical College, Baroda",TBRD,"₹30,000*","₹1,00,800",1*,"₹40,00,000*",1250,280(1),680(1),682(1),-,-,-,-,461(1),249(1),628(1),-,-
GUJ Govt-Inst. Pref,UQ-OP,Gujarat,"NHL Med Coll, Ahmedabad",GENERAL SURGERY,"₹7,93,000*","₹84,000*",0,₹0,2220,414(2),670(2),925(2),-,-,-,-,533(1),638(1),638(1),-,-
GUJ Govt-AllGujStud.,GQ-SE,Gujarat,"Govt Med Coll, Bhavnagar",OBG,"₹30,000*","₹1,00,800",1*,"₹40,00,000*",720,467(1),674(1),674(1),-,-,-,-,635(1),642(1),642(1),-,-
GUJ Govt-AllGujStud.,GQ-SE,Gujarat,"Medical College, Baroda",PAEDIATRICS,"₹30,000*","₹1,00,800",1*,"₹40,00,000*",1250,413(1),413(1),413(1),-,-,-,-,307(1),496(1),647(1),-,-
GUJ Govt-AllGujStud.,GQ-OP,Gujarat,"PDU Med Coll, Rajkot",ORTHOPAEDICS,"₹30,000*","₹1,00,800",1*,"₹40,00,000*",750,301(1),473(2),786(2),-,-,-,-,474(1),583(2),649(2),-,-
GUJ Govt-Inst. Pref,UQ-OP,Gujarat,"GMERS, Gandhinagar",OBG,"₹11,25,000*","₹84,000*",0,₹0,980,-,-,-,-,-,-,-,607(1),619(1),650(1),-,-
GUJ Govt-AllGujStud.,GQ-SE,Gujarat,"AMCET, Ahmedabad",DERMATOLOGY,"₹9,67,000*","₹1,00,800*",0,₹0,1050,404(1),404(1),404(1),-,-,-,-,422(1),652(1),652(1),-,-
GUJ Govt-Inst. Pref,UQ-OP,Gujarat,"PDU Med Coll, Rajkot",GENERAL SURGERY,"₹30,000*","₹1,00,800",1*,"₹40,00,000*",750,-,-,-,-,-,-,-,655(1),655(1),655(1),-,-
GUJ Govt-AllGujStud.,GQ-EW,Gujarat,"GMERS, Gotri, Vadodara",OBG,"₹11,25,000*","₹84,000*",0,₹0,730,-,-,-,-,-,-,-,617(1),659(1),659(1),-,-
GUJ Govt-AllGujStud.,GQ-EW,Gujarat,"NHL Med Coll, Ahmedabad",PAEDIATRICS,"₹7,93,000*","₹84,000*",0,₹0,2220,478(1),519(1),799(1),-,-,-,-,419(1),535(1),661(1),-,-
GUJ Govt-AllGujStud.,GQ-OP,Gujarat,"BJMC, Ahmedabad",RADIATION ONCOLOGY,"₹30,000*","₹1,00,800",1*,"₹40,00,000*",1557,765(1),765(1),765(1),-,-,-,-,663(2),663(2),663(2),-,-
GUJ Govt-AllGujStud.,GQ-SE,Gujarat,"Govt Med Coll, Surat",OBG,"₹30,000*","₹1,00,800",1*,"₹40,00,000*",1150,568(2),568(2),568(2),-,-,-,-,609(1),667(1),667(1),-,-
GUJ Govt-AllGujStud.,GQ-EW,Gujarat,"CU Shah, Surendra Nagar",GENERAL MEDICINE,"₹27,00,000*","₹84,000*",0,₹0,590,-,-,-,-,-,-,-,598(1),676(1),676(1),-,-
GUJ Govt-AllGujStud.,GQ-OP,Gujarat,"Surat Municipal, Surat",PAEDIATRICS,"₹18,64,000*","₹84,000*",0,₹0,750,451(2),517(2),780(2),-,-,-,-,469(2),657(2),678(2),-,-
GUJ Govt-Inst. Pref,UQ-OP,Gujarat,"GCS Med Coll, Ahmedabad",DERMATOLOGY,"₹27,00,000*","₹84,000*",0,₹0,750,-,-,-,-,-,-,-,679(1),679(1),679(1),-,-
GUJ Govt-AllGujStud.,GQ-OP,Gujarat,"Medical College, Baroda",PSYCHIATRY,"₹30,000*","₹1,00,800",1*,"₹40,00,000*",1250,-,-,-,-,-,-,-,404(1),475(1),681(1),-,-
GUJ Govt-AllGujStud.,GQ-EW,Gujarat,"Surat Municipal, Surat",PAEDIATRICS,"₹18,64,000*","₹84,000*",0,₹0,750,501(1),615(1),927(1),-,-,-,-,684(1),684(1),684(1),-,-
GUJ Govt-AllGujStud.,GQ-SC,Gujarat,"BJMC, Ahmedabad",DERMATOLOGY,"₹30,000*","₹1,00,800",1*,"₹40,00,000*",1557,-,-,-,-,-,-,-,103(1),135(1),686(1),-,-
GUJ Govt-Inst. Pref,UQ-SE,Gujarat,"NHL Med Coll, Ahmedabad",PAEDIATRICS,"₹7,93,000*","₹84,000*",0,₹0,2220,734(1),734(1),751(1),-,-,-,-,688(1),688(1),688(1),-,-
GUJ Govt-Inst. Pref,UQ-OP,Gujarat,"Surat Municipal, Surat",OBG,"₹18,64,000*","₹84,000*",0,₹0,750,476(1),690(1),690(1),-,-,-,-,692(1),692(1),692(1),-,-
GUJ Govt-Inst. Pref,UQ-SC,Gujarat,"BJMC, Ahmedabad",GENERAL MEDICINE,"₹30,000*","₹1,00,800",1*,"₹40,00,000*",1557,-,-,-,-,-,-,-,699(1),699(1),699(1),-,-
GUJ Govt-AllGujStud.,GQ-EW,Gujarat,"MP Shah, Jamnagar",GENERAL SURGERY,"₹30,000*","₹1,00,800",1*,"₹40,00,000*",1250,328(1),618(1),738(1),-,-,-,-,-,563(1),700(1),-,-
GUJ Govt-AllGujStud.,GQ-OP,Gujarat,"NHL Med Coll, Ahmedabad",OBG,"₹7,93,000*","₹84,000*",0,₹0,2220,496(7),566(7),748(7),-,-,-,-,556(6),589(6),702(6),-,-
GUJ Govt-AllGujStud.,GQ-EW,Gujarat,"BJMC, Ahmedabad",PATHOLOGY,"₹30,000*","₹1,00,800",1*,"₹40,00,000*",1557,-,1791(1),1791(1),-,-,-,-,-,1400(1),707(1),-,-
GUJ Mgmt Quota,MQ-MQ,Gujarat,"GMERS, Gandhinagar",OBG,"₹16,88,000*","₹84,000*",0,₹0,980,-,-,-,-,-,-,-,650(1),708(1),708(1),-,-
GUJ Mgmt Quota,MQ-MQ,Gujarat,"GMERS, Sola",OBG,"₹16,88,000*","₹84,000*",0,₹0,900,605(1),642(1),759(1),-,-,-,-,619(1),650(1),712(1),-,-
GUJ Govt-Inst. Pref,UQ-OP,Gujarat,"Govt Med Coll, Surat",ORTHOPAEDICS,"₹30,000*","₹1,00,800",1*,"₹40,00,000*",1150,-,-,-,-,-,-,-,453(2),532(2),716(2),-,-
GUJ Govt-Inst. Pref,UQ-OP,Gujarat,"BJMC, Ahmedabad",RADIATION ONCOLOGY,"₹30,000*","₹1,00,800",1*,"₹40,00,000*",1557,-,-,-,-,-,-,-,629(1),717(1),717(1),-,-
GUJ Govt-AllGujStud.,GQ-ST,Gujarat,"Medical College, Baroda",GENERAL MEDICINE,"₹30,000*","₹1,00,800",1*,"₹40,00,000*",1250,1784(2),1784(2),1784(2),-,-,-,-,724(1),724(1),724(1),-,-
GUJ Mgmt Quota,MQ-MQ,Gujarat,"GCS Med Coll, Ahmedabad",GENERAL MEDICINE,"₹33,00,000*","₹84,000*",0,₹0,750,447(1),657(1),657(1),-,-,-,-,580(1),580(1),729(1),-,-
GUJ Govt-AllGujStud.,GQ-SE,Gujarat,"BJMC, Ahmedabad",ORTHOPAEDICS,"₹30,000*","₹1,00,800",1*,"₹40,00,000*",1557,205(2),527(2),527(2),-,-,-,-,431(1),731(2),731(2),-,-
GUJ Govt-Inst. Pref,UQ-OP,Gujarat,"CU Shah, Surendra Nagar",RADIO DIAGNOSIS,"₹33,00,000*","₹84,000*",0,₹0,590,981(1),981(1),981(1),-,-,-,-,733(1),733(1),733(1),-,-
GUJ Govt-AllGujStud.,GQ-SE,Gujarat,"Medical College, Baroda",ORTHOPAEDICS,"₹30,000*","₹1,00,800",1*,"₹40,00,000*",1250,-,-,-,-,-,-,-,-,784(1),734(1),-,-
GUJ Govt-AllGujStud.,GQ-OP,Gujarat,"MP Shah, Jamnagar",TBRD,"₹30,000*","₹1,00,800",1*,"₹40,00,000*",1250,-,-,-,-,-,-,-,468(1),594(1),735(1),-,-
GUJ Govt-Inst. Pref,UQ-OP,Gujarat,"NHL Med Coll, Ahmedabad",OBG,"₹7,93,000*","₹84,000*",0,₹0,2220,186(1),507(1),507(1),-,-,-,-,451(2),610(2),737(2),-,-
GUJ Mgmt Quota,MQ-MQ,Gujarat,"AMCET, Ahmedabad",DERMATOLOGY,"₹35,00,000*","₹1,00,800*",0,₹0,1050,-,395(1),395(1),-,-,-,-,738(1),738(1),738(1),-,-
GUJ Govt-AllGujStud.,GQ-OP,Gujarat,"Medical College, Baroda",OPHTHALMOLOGY,"₹30,000*","₹1,00,800",1*,"₹40,00,000*",1250,528(1),1028(1),1036(1),-,-,-,-,514(3),658(3),740(3),-,-
GUJ Mgmt Quota,MQ-MQ,Gujarat,"NHL Med Coll, Ahmedabad",GENERAL MEDICINE,"₹29,70,000*","₹84,000*",0,₹0,2220,415(3),581(7),576(7),-,-,-,-,527(3),726(8),742(8),-,-
GUJ Govt-AllGujStud.,GQ-SC,Gujarat,"BJMC, Ahmedabad",GENERAL MEDICINE,"₹30,000*","₹1,00,800",1*,"₹40,00,000*",1557,128(1),531(1),531(1),-,-,-,-,743(1),743(1),743(1),-,-
GUJ Govt-AllGujStud.,GQ-OP,Gujarat,"CU Shah, Surendra Nagar",DERMATOLOGY,"₹25,00,000*","₹84,000*",0,₹0,590,-,-,-,-,-,-,-,555(1),571(1),750(1),-,-
GUJ Govt-AllGujStud.,GQ-OP,Gujarat,"Zydus Med Coll & Hosp, Dahod",GENERAL MEDICINE,"₹28,50,000*","₹84,000*",0,₹0,-,581(3),588(3),754(3),-,-,-,-,633(1),741(1),752(1),-,-
GUJ Govt-AllGujStud.,GQ-OP,Gujarat,"AMCET, Ahmedabad",GENERAL SURGERY,"₹9,67,000*","₹1,00,800*",0,₹0,1050,545(5),570(5),704(5),-,-,-,-,524(6),648(6),753(6),-,-
GUJ Govt-Inst. Pref,UQ-EW,Gujarat,"NHL Med Coll, Ahmedabad",GENERAL SURGERY,"₹7,93,000*","₹84,000*",0,₹0,2220,655(1),908(1),1072(1),-,-,-,-,548(1),760(1),760(1),-,-
GUJ Govt-AllGujStud.,GQ-OP,Gujarat,"GMERS, Sola",PSYCHIATRY,"₹8,75,000*","₹84,000*",0,₹0,900,736(1),769(1),796(1),-,-,-,-,491(1),681(1),761(1),-,-
GUJ Govt-AllGujStud.,GQ-SE,Gujarat,"Medical College, Baroda",OBG,"₹30,000*","₹1,00,800",1*,"₹40,00,000*",1250,434(2),596(2),614(2),-,-,-,-,534(2),635(2),762(2),-,-
GUJ Mgmt Quota,MQ-MQ,Gujarat,"NHL Med Coll, Ahmedabad",RADIO DIAGNOSIS,"₹41,58,000*","₹84,000*",0,₹0,2220,593(1),613(2),613(2),-,-,-,-,706(2),763(3),763(3),-,-
GUJ Govt-AllGujStud.,GQ-OP,Gujarat,"Govt Med Coll, Bhavnagar",DCH,"₹20,000*","₹75,600*",1*,"₹40,00,000*",720,-,-,-,-,-,-,-,765(1),765(1),765(1),-,-
GUJ Govt-Inst. Pref,UQ-OP,Gujarat,"AMCET, Ahmedabad",PAEDIATRICS,"₹9,67,000*","₹1,00,800*",0,₹0,1050,190(1),190(1),483(1),-,-,-,-,370(3),392(3),766(3),-,-
GUJ Govt-AllGujStud.,GQ-SC,Gujarat,"NHL Med Coll, Ahmedabad",GENERAL MEDICINE,"₹7,93,000*","₹84,000*",0,₹0,2220,663(2),1012(2),1111(2),-,-,-,-,767(1),767(1),767(1),-,-
GUJ Mgmt Quota,MQ-MQ,Gujarat,"GMERS, Sola",PSYCHIATRY,"₹13,13,000*","₹84,000*",0,₹0,900,-,796(1),1106(1),-,-,-,-,761(1),761(1),769(1),-,-
GUJ Govt-AllGujStud.,GQ-EW,Gujarat,"BJMC, Ahmedabad",OPHTHALMOLOGY,"₹30,000*","₹1,00,800",1*,"₹40,00,000*",1557,-,1060(1),1239(1),-,-,-,-,510(1),510(1),773(1),-,-
GUJ Govt-Inst. Pref,UQ-OP,Gujarat,"GCS Med Coll, Ahmedabad",PAEDIATRICS,"₹19,00,000*","₹84,000*",0,₹0,750,636(1),636(1),752(1),-,-,-,-,774(1),774(1),774(1),-,-
GUJ Govt-AllGujStud.,GQ-OP,Gujarat,"Govt Med Coll, Bhavnagar",TBRD,"₹30,000*","₹1,00,800",1*,"₹40,00,000*",720,-,-,-,-,-,-,-,554(1),628(1),774(1),-,-
GUJ Govt-AllGujStud.,GQ-SE,Gujarat,"Surat Municipal, Surat",GENERAL MEDICINE,"₹18,64,000*","₹84,000*",0,₹0,750,493(3),516(3),608(3),-,-,-,-,669(4),718(4),778(4),-,-
GUJ Govt-Inst. Pref,UQ-OP,Gujarat,"GMERS, Gandhinagar",PAEDIATRICS,"₹11,25,000*","₹84,000*",0,₹0,980,-,-,-,-,-,-,-,403(1),493(1),780(1),-,-
GUJ Govt-AllGujStud.,GQ-EW,Gujarat,"NHL Med Coll, Ahmedabad",OBG,"₹7,93,000*","₹84,000*",0,₹0,2220,555(2),655(2),835(2),-,-,-,-,589(2),656(2),781(2),-,-
GUJ Govt-AllGujStud.,GQ-OP,Gujarat,"NHL Med Coll, Ahmedabad",EMERGENCY MEDICINE,"₹7,93,000*","₹84,000*",0,₹0,2220,731(2),870(2),989(2),-,-,-,-,783(1),783(1),783(1),-,-
GUJ Govt-Inst. Pref,UQ-OP,Gujarat,"Govt Med Coll, Surat",TBRD,"₹30,000*","₹1,00,800",1*,"₹40,00,000*",1150,-,-,-,-,-,-,-,789(1),789(1),789(1),-,-
GUJ Govt-Inst. Pref,UQ-OP,Gujarat,"MP Shah, Jamnagar",GENERAL SURGERY,"₹30,000*","₹1,00,800",1*,"₹40,00,000*",1250,300(1),312(1),646(1),-,-,-,-,644(2),747(2),790(2),-,-
GUJ Govt-AllGujStud.,GQ-OP,Gujarat,"Parul IMS&R, Vadodara",RADIO DIAGNOSIS,"₹42,00,000*","₹1,00,800*",0,₹0,750,-,-,-,-,-,-,-,939(1),795(1),795(1),-,-
GUJ Govt-AllGujStud.,GQ-SE,Gujarat,"Dr MK Shah Med Coll, Ahmedabad",RADIO DIAGNOSIS,"₹33,00,000*","₹84,000*",0,₹0,350,732(1),1308(1),1407(1),-,-,-,-,456(1),456(1),797(1),-,-
GUJ Govt-AllGujStud.,GQ-OP,Gujarat,"MP Shah, Jamnagar",ENT,"₹30,000*","₹1,00,800",1*,"₹40,00,000*",1250,709(1),923(1),923(1),-,-,-,-,571(1),804(1),804(1),-,-
GUJ Govt-AllGujStud.,GQ-OP,Gujarat,"Pramukhswami Med Coll, Karmsad",GENERAL MEDICINE,"₹32,00,000*","₹84,000*",0,₹0,1000,550(3),652(3),652(3),-,-,-,-,726(2),776(2),805(2),-,-
GUJ Govt-Inst. Pref,UQ-SE,Gujarat,"Medical College, Baroda",ORTHOPAEDICS,"₹30,000*","₹1,00,800",1*,"₹40,00,000*",1250,-,-,-,-,-,-,-,806(1),806(1),806(1),-,-
GUJ Govt-Inst. Pref,UQ-OP,Gujarat,"Govt Med Coll, Surat",OPHTHALMOLOGY,"₹30,000*","₹1,00,800",1*,"₹40,00,000*",1150,-,-,-,-,-,-,-,408(1),807(1),807(1),-,-
GUJ Govt-Inst. Pref,UQ-OP,Gujarat,"GMERS, Gotri, Vadodara",OBG,"₹11,25,000*","₹84,000*",0,₹0,730,-,-,-,-,-,-,-,651(1),651(1),808(1),-,-
GUJ Govt-AllGujStud.,GQ-SE,Gujarat,"PDU Med Coll, Rajkot",OBG,"₹30,000*","₹1,00,800",1*,"₹40,00,000*",750,567(1),631(1),631(1),-,-,-,-,569(1),644(1),809(1),-,-
GUJ Govt-AllGujStud.,GQ-SE,Gujarat,"Govt Med Coll, Surat",GENERAL SURGERY,"₹30,000*","₹1,00,800",1*,"₹40,00,000*",1150,306(1),498(2),696(2),-,-,-,-,371(2),486(3),810(3),-,-
GUJ Govt-Inst. Pref,UQ-EW,Gujarat,"PDU Med Coll, Rajkot",OPHTHALMOLOGY,"₹30,000*","₹1,00,800",1*,"₹40,00,000*",750,-,-,-,-,-,-,-,773(1),773(1),811(1),-,-
GUJ Govt-AllGujStud.,GQ-OP,Gujarat,"Govt Med Coll, Bhavnagar",ORTHOPAEDICS,"₹30,000*","₹1,00,800",1*,"₹40,00,000*",720,302(1),508(2),840(2),-,-,-,-,540(2),596(2),812(2),-,-
GUJ Govt-AllGujStud.,GQ-OP,Gujarat,"Dr MK Shah Med Coll, Ahmedabad",GENERAL MEDICINE,"₹25,00,000*","₹84,000*",0,₹0,350,610(2),689(2),689(2),-,-,-,-,511(3),581(3),814(3),-,-
GUJ Govt-Inst. Pref,UQ-OP,Gujarat,"MP Shah, Jamnagar",OPHTHALMOLOGY,"₹30,000*","₹1,00,800",1*,"₹40,00,000*",1250,-,-,-,-,-,-,-,702(1),702(1),817(1),-,-
GUJ Govt-AllGujStud.,GQ-EW,Gujarat,"Govt Med Coll, Surat",ORTHOPAEDICS,"₹30,000*","₹1,00,800",1*,"₹40,00,000*",1150,-,-,-,-,-,-,-,-,547(1),818(1),-,-
GUJ Govt-Inst. Pref,UQ-SE,Gujarat,"Govt Med Coll, Bhavnagar",OBG,"₹30,000*","₹1,00,800",1*,"₹40,00,000*",720,-,-,-,-,-,-,-,819(1),819(1),819(1),-,-
GUJ Govt-AllGujStud.,GQ-OP,Gujarat,"GMERS, Sola",OPHTHALMOLOGY,"₹10,00,000*","₹84,000*",0,₹0,900,852(1),947(1),1252(1),-,-,-,-,530(1),646(1),820(1),-,-
GUJ Govt-AllGujStud.,GQ-EW,Gujarat,"GCS Med Coll, Ahmedabad",OBG,"₹18,00,000*","₹84,000*",0,₹0,750,-,-,-,-,-,-,-,821(1),822(1),822(1),-,-
GUJ Govt-Inst. Pref,UQ-OP,Gujarat,"GCS Med Coll, Ahmedabad",OBG,"₹18,00,000*","₹84,000*",0,₹0,750,-,-,-,-,-,-,-,737(1),737(1),824(1),-,-
GUJ Govt-Inst. Pref,UQ-OP,Gujarat,"Adani Institute, Bhuj",GENERAL MEDICINE,"₹30,00,000*","₹84,000*",0,₹0,750,740(1),740(1),740(1),-,-,-,-,825(1),825(1),825(1),-,-
GUJ Govt-AllGujStud.,GQ-OP,Gujarat,"NHL Med Coll, Ahmedabad",GENERAL SURGERY,"₹7,93,000*","₹84,000*",0,₹0,2220,606(8),738(8),871(8),-,-,-,-,627(7),704(7),828(7),-,-
GUJ Govt-AllGujStud.,GQ-EW,Gujarat,"GMERS, Sola",TBRD,"₹8,75,000*","₹84,000*",0,₹0,900,-,-,-,-,-,-,-,758(1),798(1),829(1),1467(1),-
GUJ Govt-AllGujStud.,GQ-EW,Gujarat,"PDU Med Coll, Rajkot",GENERAL SURGERY,"₹30,000*","₹1,00,800",1*,"₹40,00,000*",750,-,-,-,-,-,-,-,438(1),572(1),835(1),-,-
GUJ Govt-AllGujStud.,GQ-SC,Gujarat,"MP Shah, Jamnagar",GENERAL MEDICINE,"₹30,000*","₹1,00,800",1*,"₹40,00,000*",1250,-,-,-,-,-,-,-,319(1),837(1),837(1),-,-
GUJ Govt-Inst. Pref,UQ-OP,Gujarat,"GMERS, Gandhinagar",GENERAL SURGERY,"₹10,00,000*","₹84,000*",0,₹0,980,-,-,-,-,-,-,-,638(1),838(1),838(1),-,-
GUJ Govt-AllGujStud.,GQ-OP,Gujarat,"GMERS, Gotri, Vadodara",GENERAL SURGERY,"₹10,00,000*","₹84,000*",0,₹0,730,-,-,-,-,-,-,-,645(1),751(1),840(1),-,-
GUJ Govt-AllGujStud.,GQ-OP,Gujarat,"Surat Municipal, Surat",OBG,"₹18,64,000*","₹84,000*",0,₹0,750,569(3),726(3),888(3),-,-,-,-,813(5),821(5),841(5),-,-
GUJ Govt-AllGujStud.,GQ-SE,Gujarat,"GMERS, Sola",OBG,"₹11,25,000*","₹84,000*",0,₹0,900,866(1),922(1),922(1),-,-,-,-,642(1),843(1),843(1),-,-
GUJ Govt-AllGujStud.,GQ-SE,Gujarat,"GCS Med Coll, Ahmedabad",GENERAL MEDICINE,"₹21,00,000*","₹84,000*",0,₹0,750,526(2),532(2),637(2),-,-,-,-,778(2),778(2),845(2),-,-
GUJ Govt-AllGujStud.,GQ-OP,Gujarat,"Adani Institute, Bhuj",GENERAL MEDICINE,"₹30,00,000*","₹84,000*",0,₹0,750,518(3),578(3),569(3),-,-,-,-,673(2),845(2),847(2),-,-
GUJ Govt-AllGujStud.,GQ-SE,Gujarat,"PDU Med Coll, Rajkot",GENERAL SURGERY,"₹30,000*","₹1,00,800",1*,"₹40,00,000*",750,-,773(1),773(1),-,-,-,-,499(1),850(1),850(1),-,-
GUJ Govt-AllGujStud.,GQ-EW,Gujarat,"Zydus Med Coll & Hosp, Dahod",GENERAL MEDICINE,"₹28,50,000*","₹84,000*",0,₹0,-,588(1),681(1),774(1),-,-,-,-,786(1),851(1),851(1),-,-
GUJ Govt-AllGujStud.,GQ-SC,Gujarat,"Govt Med Coll, Surat",RADIO DIAGNOSIS,"₹30,000*","₹1,00,800",1*,"₹40,00,000*",1150,-,-,-,-,-,-,-,686(1),686(1),852(1),-,-
GUJ Govt-AllGujStud.,GQ-OP,Gujarat,"Govt Med Coll, Bhavnagar",GENERAL SURGERY,"₹30,000*","₹1,00,800",1*,"₹40,00,000*",720,318(2),524(2),756(2),-,-,-,-,429(3),627(3),853(3),-,-
GUJ Govt-AllGujStud.,GQ-OP,Gujarat,"GMERS, Gotri, Vadodara",PSYCHIATRY,"₹8,75,000*","₹84,000*",0,₹0,730,747(1),950(1),950(1),-,-,-,-,855(1),855(1),855(1),-,-
GUJ Govt-AllGujStud.,GQ-EW,Gujarat,"MP Shah, Jamnagar",ORTHOPAEDICS,"₹30,000*","₹1,00,800",1*,"₹40,00,000*",1250,-,-,-,-,-,-,-,-,552(1),856(1),-,-
GUJ Govt-AllGujStud.,GQ-SE,Gujarat,"NHL Med Coll, Ahmedabad",PAEDIATRICS,"₹7,93,000*","₹84,000*",0,₹0,2220,675(3),675(3),742(3),-,-,-,-,664(3),734(3),859(3),-,-
GUJ Govt-AllGujStud.,GQ-OP,Gujarat,"GMERS, Gandhinagar",GENERAL SURGERY,"₹10,00,000*","₹84,000*",0,₹0,980,-,-,-,-,-,-,-,715(1),790(1),860(1),-,-
GUJ Govt-Inst. Pref,UQ-SC,Gujarat,"AMCET, Ahmedabad",RADIO DIAGNOSIS,"₹9,67,000*","₹1,00,800*",0,₹0,1050,-,-,-,-,-,-,-,862(1),862(1),862(1),-,-
GUJ Govt-Inst. Pref,UQ-OP,Gujarat,"GCS Med Coll, Ahmedabad",GENERAL SURGERY,"₹15,00,000*","₹84,000*",0,₹0,750,756(1),792(1),1204(1),-,-,-,-,838(1),864(1),864(1),-,-
GUJ Govt-Inst. Pref,UQ-OP,Gujarat,"AMCET, Ahmedabad",ORTHOPAEDICS,"₹9,67,000*","₹1,00,800*",0,₹0,1050,358(1),358(1),358(1),-,-,-,-,552(1),865(1),865(1),-,-
GUJ Govt-Inst. Pref,UQ-SE,Gujarat,"AMCET, Ahmedabad",OBG,"₹9,67,000*","₹1,00,800*",0,₹0,1050,674(1),688(1),688(1),-,-,-,-,762(1),762(1),867(1),-,-
GUJ Govt-AllGujStud.,GQ-OP,Gujarat,"PDU Med Coll, Rajkot",ENT,"₹30,000*","₹1,00,800",1*,"₹40,00,000*",750,753(1),939(1),1006(1),-,-,-,-,-,812(1),868(1),-,-
GUJ Mgmt Quota,MQ-MQ,Gujarat,"GMERS, Gotri, Vadodara",GENERAL SURGERY,"₹15,00,000*","₹84,000*",0,₹0,730,-,-,-,-,-,-,-,790(1),853(1),868(1),-,-
GUJ Govt-Inst. Pref,UQ-OP,Gujarat,"GMERS, Gandhinagar",OPHTHALMOLOGY,"₹10,00,000*","₹84,000*",0,₹0,980,-,-,-,-,-,-,-,741(1),870(1),870(1),-,-
GUJ Govt-AllGujStud.,GQ-EW,Gujarat,"Govt Med Coll, Surat",OPHTHALMOLOGY,"₹30,000*","₹1,00,800",1*,"₹40,00,000*",1150,669(1),1219(1),1329(1),-,-,-,-,675(1),823(1),871(1),-,-
GUJ Govt-AllGujStud.,GQ-OP,Gujarat,"NHL Med Coll, Ahmedabad",TBRD,"₹7,93,000*","₹84,000*",0,₹0,2220,-,-,-,-,-,-,-,723(1),723(1),873(1),-,-
GUJ Govt-AllGujStud.,GQ-OP,Gujarat,"GCS Med Coll, Ahmedabad",GENERAL SURGERY,"₹15,00,000*","₹84,000*",0,₹0,750,701(1),763(1),763(1),-,-,-,-,694(2),840(2),874(2),-,-
GUJ Govt-Inst. Pref,UQ-SE,Gujarat,"Govt Med Coll, Surat",OBG,"₹30,000*","₹1,00,800",1*,"₹40,00,000*",1150,716(1),716(1),716(1),-,-,-,-,562(1),562(1),876(1),-,-
GUJ Mgmt Quota,MQ-MQ,Gujarat,"NHL Med Coll, Ahmedabad",DERMATOLOGY,"₹29,70,000*","₹84,000*",0,₹0,2220,250(1),501(1),501(1),-,-,-,-,209(1),209(1),878(1),-,-
GUJ Govt-Inst. Pref,UQ-OP,Gujarat,"Surat Municipal, Surat",DERMATOLOGY,"₹18,64,000*","₹84,000*",0,₹0,750,-,-,-,-,-,-,-,550(1),390(1),880(1),-,-
GUJ Govt-Inst. Pref,UQ-OP,Gujarat,"NHL Med Coll, Ahmedabad",PSYCHIATRY,"₹7,93,000*","₹84,000*",0,₹0,2220,-,-,-,-,-,-,-,412(1),883(1),883(1),-,-
GUJ Govt-AllGujStud.,GQ-SE,Gujarat,"AMCET, Ahmedabad",PAEDIATRICS,"₹9,67,000*","₹1,00,800*",0,₹0,1050,637(3),733(3),866(3),-,-,-,-,709(3),755(3),884(3),-,-
GUJ Govt-AllGujStud.,GQ-OP,Gujarat,"NHL Med Coll, Ahmedabad",PSYCHIATRY,"₹7,93,000*","₹84,000*",0,₹0,2220,-,-,-,-,-,-,-,634(2),886(2),886(2),-,-
GUJ Govt-AllGujStud.,GQ-SC,Gujarat,"Surat Municipal, Surat",RADIO DIAGNOSIS,"₹18,64,000*","₹84,000*",0,₹0,750,-,-,-,-,-,-,-,888(1),888(1),888(1),-,-
GUJ Govt-AllGujStud.,GQ-SE,Gujarat,"BJMC, Ahmedabad",GENERAL SURGERY,"₹30,000*","₹1,00,800",1*,"₹40,00,000*",1557,282(2),393(3),393(3),-,-,-,-,478(2),501(3),889(3),-,-
GUJ Govt-AllGujStud.,GQ-SE,Gujarat,"PDU Med Coll, Rajkot",PSYCHIATRY,"₹30,000*","₹1,00,800",1*,"₹40,00,000*",750,-,-,-,-,-,-,-,-,894(1),894(1),-,-
GUJ Govt-Inst. Pref,UQ-SE,Gujarat,"Govt Med Coll, Surat",ANAESTHESIOLOGY,"₹30,000*","₹1,00,800",1*,"₹40,00,000*",1150,-,-,-,-,-,-,-,896(1),896(1),896(1),-,-
GUJ Govt-AllGujStud.,GQ-EW,Gujarat,"AMCET, Ahmedabad",GENERAL SURGERY,"₹9,67,000*","₹1,00,800*",0,₹0,1050,611(1),737(1),861(1),-,-,-,-,672(1),672(1),898(1),-,-
GUJ Govt-AllGujStud.,GQ-SE,Gujarat,"Govt Med Coll, Bhavnagar",ORTHOPAEDICS,"₹30,000*","₹1,00,800",1*,"₹40,00,000*",720,556(1),739(2),886(2),-,-,-,-,734(1),965(1),901(1),-,-
GUJ Govt-AllGujStud.,GQ-OP,Gujarat,"Parul IMS&R, Vadodara",DERMATOLOGY,"₹31,00,000*","₹1,00,800*",0,₹0,750,936(1),1228(1),1000(1),-,-,-,-,878(1),905(1),905(1),-,-
GUJ Govt-AllGujStud.,GQ-OP,Gujarat,"GCS Med Coll, Ahmedabad",PAEDIATRICS,"₹19,00,000*","₹84,000*",0,₹0,750,619(1),619(1),926(1),-,-,-,-,590(1),678(1),907(1),-,-
GUJ Govt-AllGujStud.,GQ-SE,Gujarat,"Dr MK Shah Med Coll, Ahmedabad",GENERAL MEDICINE,"₹25,00,000*","₹84,000*",0,₹0,350,1061(2),1061(2),1222(2),-,-,-,-,791(1),791(1),908(1),-,-
GUJ Govt-AllGujStud.,GQ-OP,Gujarat,"GMERS, Sola",ORTHOPAEDICS,"₹11,25,000*","₹84,000*",0,₹0,900,-,-,-,-,-,-,-,716(2),818(2),917(2),-,-
GUJ Govt-AllGujStud.,GQ-SE,Gujarat,"CU Shah, Surendra Nagar",GENERAL MEDICINE,"₹27,00,000*","₹84,000*",0,₹0,590,608(1),746(1),972(1),-,-,-,-,908(1),908(1),918(1),-,-
GUJ Mgmt Quota,MQ-MQ,Gujarat,"GMERS, Gandhinagar",GENERAL SURGERY,"₹15,00,000*","₹84,000*",0,₹0,980,-,-,-,-,-,-,-,-,801(1),920(1),-,-
GUJ Govt-Inst. Pref,UQ-EW,Gujarat,"NHL Med Coll, Ahmedabad",PAEDIATRICS,"₹7,93,000*","₹84,000*",0,₹0,2220,483(1),483(1),655(1),-,-,-,-,485(1),485(1),921(1),-,-
GUJ Govt-AllGujStud.,GQ-SE,Gujarat,"Adani Institute, Bhuj",RADIO DIAGNOSIS,"₹33,00,000*","₹84,000*",0,₹0,750,-,-,-,-,-,-,-,797(1),797(1),923(1),2345(1),-
GUJ Govt-AllGujStud.,GQ-SE,Gujarat,"PDU Med Coll, Rajkot",TBRD,"₹30,000*","₹1,00,800",1*,"₹40,00,000*",750,-,895(1),895(1),-,-,-,-,926(1),926(1),926(1),-,-
GUJ Govt-Inst. Pref,UQ-EW,Gujarat,"NHL Med Coll, Ahmedabad",OBG,"₹7,93,000*","₹84,000*",0,₹0,2220,650(1),650(1),781(1),-,-,-,-,777(1),780(1),937(1),-,-
GUJ Mgmt Quota,MQ-MQ,Gujarat,"Pramukhswami Med Coll, Karmsad",RADIO DIAGNOSIS,"₹52,00,000*","₹84,000*",0,₹0,1000,-,1073(1),1073(1),-,-,-,-,-,940(1),940(1),-,-
GUJ Govt-AllGujStud.,GQ-OP,Gujarat,"PDU Med Coll, Rajkot",DCH,"₹20,000*","₹75,600*",1*,"₹40,00,000*",750,-,-,-,-,-,-,-,735(1),661(1),941(1),-,-
GUJ Govt-AllGujStud.,GQ-OP,Gujarat,"AMCET, Ahmedabad",PSYCHIATRY,"₹9,67,000*","₹1,00,800*",0,₹0,1050,722(1),743(1),931(1),-,-,-,-,769(2),929(2),943(2),-,-
GUJ Govt-Inst. Pref,UQ-SC,Gujarat,"Govt Med Coll, Bhavnagar",GENERAL MEDICINE,"₹30,000*","₹1,00,800",1*,"₹40,00,000*",720,-,-,-,-,-,-,-,952(1),952(1),952(1),-,-
GUJ Mgmt Quota,MQ-MQ,Gujarat,"AMCET, Ahmedabad",PAEDIATRICS,"₹25,00,000*","₹1,00,800*",0,₹0,1050,514(2),780(5),911(5),-,-,-,-,545(1),613(2),953(2),-,-
GUJ Mgmt Quota,MQ-MQ,Gujarat,"Surat Municipal, Surat",DERMATOLOGY,"₹37,15,000*","₹84,000*",0,₹0,750,-,609(1),609(1),-,-,-,-,-,878(1),955(1),-,-
GUJ Govt-AllGujStud.,GQ-EW,Gujarat,"NHL Med Coll, Ahmedabad",GENERAL SURGERY,"₹7,93,000*","₹84,000*",0,₹0,2220,668(2),801(2),1170(2),-,-,-,-,687(2),768(2),957(2),-,-
GUJ Govt-AllGujStud.,GQ-SE,Gujarat,"GMERS, Sola",ORTHOPAEDICS,"₹11,25,000*","₹84,000*",0,₹0,900,-,-,-,-,-,-,-,1000(1),1146(1),957(1),-,-
GUJ Govt-AllGujStud.,GQ-EW,Gujarat,"Dr MK Shah Med Coll, Ahmedabad",RADIO DIAGNOSIS,"₹33,00,000*","₹84,000*",0,₹0,350,-,-,-,-,-,-,-,961(1),961(1),961(1),-,-
GUJ Govt-Inst. Pref,UQ-SE,Gujarat,"NHL Med Coll, Ahmedabad",DERMATOLOGY,"₹7,93,000*","₹84,000*",0,₹0,2220,-,-,-,-,-,-,-,513(1),513(1),965(1),-,-
GUJ Govt-AllGujStud.,GQ-EW,Gujarat,"GMERS, Gotri, Vadodara",GENERAL SURGERY,"₹10,00,000*","₹84,000*",0,₹0,730,-,-,-,-,-,-,-,700(1),800(1),967(1),-,-
GUJ Govt-AllGujStud.,GQ-EW,Gujarat,"Zydus Med Coll & Hosp, Dahod",RADIO DIAGNOSIS,"₹35,20,000*","₹84,000*",0,₹0,-,-,-,-,-,-,-,-,779(1),971(1),971(1),-,-
GUJ Govt-AllGujStud.,GQ-SE,Gujarat,"Zydus Med Coll & Hosp, Dahod",RADIO DIAGNOSIS,"₹35,20,000*","₹84,000*",0,₹0,-,1035(1),1035(1),1035(1),-,-,-,-,905(1),976(1),976(1),-,-
GUJ Mgmt Quota,MQ-MQ,Gujarat,"GMERS, Gotri, Vadodara",PSYCHIATRY,"₹13,13,000*","₹84,000*",0,₹0,730,-,1106(1),1253(1),-,-,-,-,-,943(1),977(1),-,-
GUJ Mgmt Quota,MQ-MQ,Gujarat,"Dr MK Shah Med Coll, Ahmedabad",RADIO DIAGNOSIS,"₹45,50,000*","₹84,000*",0,₹0,350,945(1),1139(2),1506(2),-,-,-,-,795(1),978(1),978(1),-,-
GUJ Govt-AllGujStud.,GQ-SE,Gujarat,"BJMC, Ahmedabad",TBRD,"₹30,000*","₹1,00,800",1*,"₹40,00,000*",1557,520(1),751(1),775(1),-,-,-,-,515(1),968(1),981(1),-,-
GUJ Govt-AllGujStud.,GQ-EW,Gujarat,"Dr MK Shah Med Coll, Ahmedabad",GENERAL MEDICINE,"₹25,00,000*","₹84,000*",0,₹0,350,-,-,-,-,-,-,-,518(1),641(1),982(1),-,-
GUJ Govt-AllGujStud.,GQ-EW,Gujarat,"GMERS, Sola",ORTHOPAEDICS,"₹11,25,000*","₹84,000*",0,₹0,900,-,-,-,-,-,-,-,770(1),927(1),983(1),-,-
GUJ Govt-Inst. Pref,UQ-SE,Gujarat,"PDU Med Coll, Rajkot",ORTHOPAEDICS,"₹30,000*","₹1,00,800",1*,"₹40,00,000*",750,-,-,-,-,-,-,-,836(1),986(1),986(1),-,-
GUJ Govt-AllGujStud.,GQ-OP,Gujarat,"AMCET, Ahmedabad",ORTHOPAEDICS,"₹9,67,000*","₹1,00,800*",0,₹0,1050,513(2),595(2),816(2),-,-,-,-,586(4),716(4),988(4),-,-
GUJ Mgmt Quota,MQ-MQ,Gujarat,"AMCET, Ahmedabad",OBG,"₹25,00,000*","₹1,00,800*",0,₹0,1050,515(2),605(2),790(2),-,-,-,-,904(2),945(5),989(5),-,-
GUJ Govt-AllGujStud.,GQ-SE,Gujarat,"Dr MK Shah Med Coll, Ahmedabad",DERMATOLOGY,"₹23,00,000*","₹84,000*",0,₹0,350,844(1),844(1),844(1),-,-,-,-,998(1),998(1),998(1),-,-
GUJ Govt-Inst. Pref,UQ-SE,Gujarat,"AMCET, Ahmedabad",ORTHOPAEDICS,"₹9,67,000*","₹1,00,800*",0,₹0,1050,767(1),767(1),864(1),-,-,-,-,957(1),957(1),1000(1),-,-
GUJ Govt-AllGujStud.,GQ-OP,Gujarat,"MP Shah, Jamnagar",OPHTHALMOLOGY,"₹30,000*","₹1,00,800",1*,"₹40,00,000*",1250,502(1),1030(1),1257(1),-,-,-,-,407(1),407(1),1001(1),-,-
GUJ Govt-AllGujStud.,GQ-SC,Gujarat,"Govt Med Coll, Bhavnagar",GENERAL MEDICINE,"₹30,000*","₹1,00,800",1*,"₹40,00,000*",720,512(1),645(1),645(1),-,-,-,-,837(1),1003(1),1003(1),-,-
GUJ Govt-Inst. Pref,UQ-OP,Gujarat,"NHL Med Coll, Ahmedabad",ORTHOPAEDICS,"₹7,93,000*","₹84,000*",0,₹0,2220,-,-,-,-,-,-,-,784(2),922(2),1004(2),-,-
GUJ Govt-Inst. Pref,UQ-SE,Gujarat,"Govt Med Coll, Bhavnagar",ORTHOPAEDICS,"₹30,000*","₹1,00,800",1*,"₹40,00,000*",720,-,-,-,-,-,-,-,964(1),1005(1),1005(1),-,-
GUJ Govt-AllGujStud.,GQ-OP,Gujarat,"Dr MK Shah Med Coll, Ahmedabad",PAEDIATRICS,"₹23,00,000*","₹84,000*",0,₹0,350,623(1),799(1),938(1),-,-,-,-,955(1),1008(1),1008(1),-,-
GUJ Govt-AllGujStud.,GQ-EW,Gujarat,"AMCET, Ahmedabad",ORTHOPAEDICS,"₹9,67,000*","₹1,00,800*",0,₹0,1050,534(1),672(1),830(1),-,-,-,-,680(1),728(1),1010(1),-,-
GUJ Govt-Inst. Pref,UQ-SE,Gujarat,"CU Shah, Surendra Nagar",GENERAL MEDICINE,"₹27,00,000*","₹84,000*",0,₹0,590,-,-,-,-,-,-,-,1011(1),1011(1),1011(1),-,-
GUJ Govt-AllGujStud.,GQ-SE,Gujarat,"GCS Med Coll, Ahmedabad",PAEDIATRICS,"₹19,00,000*","₹84,000*",0,₹0,750,1082(1),1082(1),1082(1),-,-,-,-,928(2),928(2),1014(2),-,-
GUJ Govt-AllGujStud.,GQ-SE,Gujarat,"NHL Med Coll, Ahmedabad",OBG,"₹7,93,000*","₹84,000*",0,₹0,2220,889(5),928(5),1050(5),-,-,-,-,963(5),963(5),1015(5),-,-
GUJ Govt-AllGujStud.,GQ-SE,Gujarat,"BJMC, Ahmedabad",EMERGENCY MEDICINE,"₹30,000*","₹1,00,800",1*,"₹40,00,000*",1557,-,-,-,-,-,-,-,-,1016(1),1016(1),-,-
GUJ Govt-AllGujStud.,GQ-EW,Gujarat,"GCS Med Coll, Ahmedabad",PAEDIATRICS,"₹19,00,000*","₹84,000*",0,₹0,750,681(1),635(1),1011(1),-,-,-,-,661(1),1020(1),1020(1),-,-
GUJ Govt-AllGujStud.,GQ-OP,Gujarat,"Govt Med Coll, Bhavnagar",ENT,"₹30,000*","₹1,00,800",1*,"₹40,00,000*",720,-,-,-,-,-,-,-,630(1),841(1),1022(1),-,-
GUJ Govt-AllGujStud.,GQ-SE,Gujarat,"Pramukhswami Med Coll, Karmsad",GENERAL MEDICINE,"₹32,00,000*","₹84,000*",0,₹0,1000,979(1),979(1),997(1),-,-,-,-,1023(1),1023(1),1023(1),-,-
GUJ Govt-AllGujStud.,GQ-OP,Gujarat,"BJMC, Ahmedabad",ANAESTHESIOLOGY,"₹30,000*","₹1,00,800",1*,"₹40,00,000*",1557,742(9),984(11),1133(11),-,-,-,-,568(5),685(7),1026(7),-,-
GUJ Govt-Inst. Pref,UQ-OP,Gujarat,"BJMC, Ahmedabad",ENT,"₹30,000*","₹1,00,800",1*,"₹40,00,000*",1557,-,-,-,-,-,-,-,523(1),941(1),1027(1),-,-
GUJ Govt-Inst. Pref,UQ-OP,Gujarat,"NHL Med Coll, Ahmedabad",ENT,"₹7,93,000*","₹84,000*",0,₹0,2220,1087(2),1347(2),1347(2),-,-,-,-,1114(1),1028(1),1028(1),-,-
GUJ Govt-AllGujStud.,GQ-OP,Gujarat,"Medical College, Baroda",PHARMACOLOGY,"₹30,000*","₹1,00,800",0*,₹0*,1250,724(1),1585(1),1585(1),-,-,-,-,1029(1),1029(1),1029(1),-,-
GUJ Mgmt Quota,MQ-MQ,Gujarat,"CU Shah, Surendra Nagar",DERMATOLOGY,"₹41,00,000*","₹84,000*",0,₹0,590,-,463(1),649(1),-,-,-,-,1031(1),1031(1),1031(1),-,-
GUJ Govt-AllGujStud.,GQ-OP,Gujarat,"MP Shah, Jamnagar",DGO,"₹20,000*","₹75,600*",1*,"₹40,00,000*",1250,-,810(1),1014(1),-,-,-,-,708(2),835(2),1032(2),-,-
GUJ Govt-Inst. Pref,UQ-OP,Gujarat,"Dr MK Shah Med Coll, Ahmedabad",OBG,"₹22,00,000*","₹84,000*",0,₹0,350,790(2),1115(2),1477(2),-,-,-,-,945(1),1037(1),1037(1),-,-
GUJ Govt-AllGujStud.,GQ-SC,Gujarat,"PDU Med Coll, Rajkot",GENERAL MEDICINE,"₹30,000*","₹1,00,800",1*,"₹40,00,000*",750,437(1),663(1),1002(1),-,-,-,-,881(1),1042(1),1042(1),-,-
GUJ Govt-AllGujStud.,GQ-OP,Gujarat,"CU Shah, Surendra Nagar",PAEDIATRICS,"₹25,00,000*","₹84,000*",0,₹0,590,-,-,-,-,-,-,-,493(1),1047(1),1047(1),-,-
GUJ Govt-Inst. Pref,UQ-OP,Gujarat,"BJMC, Ahmedabad",TBRD,"₹30,000*","₹1,00,800",1*,"₹40,00,000*",1557,157(1),542(1),542(1),-,-,-,-,459(1),696(1),1049(1),-,-
GUJ Govt-Inst. Pref,UQ-OP,Gujarat,"PDU Med Coll, Rajkot",ANAESTHESIOLOGY,"₹30,000*","₹1,00,800",1*,"₹40,00,000*",750,1080(1),1175(1),1323(1),-,-,-,-,763(1),1060(1),1060(1),-,-
GUJ Govt-AllGujStud.,GQ-SE,Gujarat,"AMCET, Ahmedabad",OBG,"₹9,67,000*","₹1,00,800*",0,₹0,1050,847(3),859(3),889(3),-,-,-,-,914(4),914(4),1061(4),-,-
GUJ Govt-Inst. Pref,UQ-SE,Gujarat,"MP Shah, Jamnagar",GENERAL SURGERY,"₹30,000*","₹1,00,800",1*,"₹40,00,000*",1250,406(1),696(1),808(1),-,-,-,-,830(1),836(2),1070(2),-,-
GUJ Govt-AllGujStud.,GQ-SE,Gujarat,"CU Shah, Surendra Nagar",RADIO DIAGNOSIS,"₹33,00,000*","₹84,000*",0,₹0,590,839(1),839(1),839(1),-,-,-,-,1067(2),1071(2),1071(2),-,-
GUJ Govt-AllGujStud.,GQ-OP,Gujarat,"NHL Med Coll, Ahmedabad",ORTHOPAEDICS,"₹7,93,000*","₹84,000*",0,₹0,2220,583(4),800(4),956(4),-,-,-,-,602(4),722(4),1072(4),-,-
GUJ Govt-Inst. Pref,UQ-SE,Gujarat,"CU Shah, Surendra Nagar",RADIO DIAGNOSIS,"₹33,00,000*","₹84,000*",0,₹0,590,-,-,-,-,-,-,-,1073(1),1073(1),1073(1),-,-
GUJ Govt-AllGujStud.,GQ-SE,Gujarat,"Govt Med Coll, Bhavnagar",GENERAL SURGERY,"₹30,000*","₹1,00,800",1*,"₹40,00,000*",720,498(1),837(1),837(1),-,-,-,-,620(1),981(1),1077(1),-,-
GUJ Govt-AllGujStud.,GQ-SC,Gujarat,"PDU Med Coll, Rajkot",DERMATOLOGY,"₹30,000*","₹1,00,800",1*,"₹40,00,000*",750,-,-,-,-,-,-,-,852(1),852(1),1078(1),-,-
GUJ Govt-AllGujStud.,GQ-SE,Gujarat,"GMERS, Gandhinagar",OBG,"₹11,25,000*","₹84,000*",0,₹0,980,-,-,-,-,-,-,-,984(1),994(1),1080(1),-,-
GUJ Govt-AllGujStud.,GQ-OP,Gujarat,"AMCET, Ahmedabad",ENT,"₹9,67,000*","₹1,00,800*",0,₹0,1050,868(1),851(1),1392(1),-,-,-,-,913(1),958(1),1085(1),-,-
GUJ Govt-AllGujStud.,GQ-OP,Gujarat,"AMCET, Ahmedabad",OPHTHALMOLOGY,"₹9,67,000*","₹1,00,800*",0,₹0,1050,784(2),1057(2),1351(2),-,-,-,-,820(2),820(2),1087(2),-,-
GUJ Govt-AllGujStud.,GQ-OP,Gujarat,"GMERS, Gandhinagar",ENT,"₹8,75,000*","₹84,000*",0,₹0,980,-,-,-,-,-,-,-,826(1),1093(1),1093(1),-,-
GUJ Govt-AllGujStud.,GQ-OP,Gujarat,"Dr MK Shah Med Coll, Ahmedabad",OBG,"₹22,00,000*","₹84,000*",0,₹0,350,896(2),1039(2),1214(2),-,-,-,-,959(3),1094(3),1094(3),-,-
GUJ Govt-Inst. Pref,UQ-SE,Gujarat,"BJMC, Ahmedabad",EMERGENCY MEDICINE,"₹30,000*","₹1,00,800",1*,"₹40,00,000*",1557,-,-,-,-,-,-,-,1096(1),1096(1),1096(1),-,-
GUJ Govt-Inst. Pref,UQ-OP,Gujarat,"MP Shah, Jamnagar",ANAESTHESIOLOGY,"₹30,000*","₹1,00,800",1*,"₹40,00,000*",1250,930(1),1270(1),1573(1),-,-,-,-,990(1),990(1),1097(1),-,-
GUJ Mgmt Quota,MQ-MQ,Gujarat,"GMERS, Sola",OPHTHALMOLOGY,"₹15,00,000*","₹84,000*",0,₹0,900,947(1),1252(2),1725(2),-,-,-,-,-,1098(1),1098(1),-,-
GUJ Govt-AllGujStud.,GQ-SE,Gujarat,"Govt Med Coll, Surat",ORTHOPAEDICS,"₹30,000*","₹1,00,800",1*,"₹40,00,000*",1150,527(2),685(2),739(2),-,-,-,-,660(1),901(2),1102(2),-,-
GUJ Govt-AllGujStud.,GQ-OP,Gujarat,"Parul IMS&R, Vadodara",GENERAL MEDICINE,"₹30,00,000*","₹1,00,800*",0,₹0,750,714(1),818(1),986(1),-,-,-,-,636(1),748(1),1105(1),-,-
GUJ Govt-AllGujStud.,GQ-OP,Gujarat,"Adani Institute, Bhuj",ORTHOPAEDICS,"₹30,00,000*","₹84,000*",0,₹0,750,1195(1),1264(1),1365(1),-,-,-,-,1107(1),1107(1),1107(1),-,-
GUJ Govt-AllGujStud.,GQ-EW,Gujarat,"NHL Med Coll, Ahmedabad",EMERGENCY MEDICINE,"₹7,93,000*","₹84,000*",0,₹0,2220,-,-,-,-,-,-,-,897(1),1110(1),1110(1),-,-
GUJ Mgmt Quota,MQ-MQ,Gujarat,"GMERS, Sola",ORTHOPAEDICS,"₹16,88,000*","₹84,000*",0,₹0,900,-,-,-,-,-,-,-,730(1),832(1),1111(1),-,-
GUJ Govt-AllGujStud.,GQ-EW,Gujarat,"NHL Med Coll, Ahmedabad",ORTHOPAEDICS,"₹7,93,000*","₹84,000*",0,₹0,2220,730(1),853(1),1032(1),-,-,-,-,603(1),770(1),1114(1),-,-
GUJ Govt-AllGujStud.,GQ-EW,Gujarat,"Dr MK Shah Med Coll, Ahmedabad",OBG,"₹22,00,000*","₹84,000*",0,₹0,350,-,-,-,-,-,-,-,1037(1),1117(1),1117(1),-,-
GUJ Govt-Inst. Pref,UQ-SE,Gujarat,"NHL Med Coll, Ahmedabad",OBG,"₹7,93,000*","₹84,000*",0,₹0,2220,1077(2),1077(2),1077(2),-,-,-,-,667(2),845(2),1120(2),-,-
GUJ Govt-Inst. Pref,UQ-EW,Gujarat,"GMERS, Sola",ORTHOPAEDICS,"₹11,25,000*","₹84,000*",0,₹0,900,-,-,-,-,-,-,-,792(1),1122(1),1122(1),-,-
GUJ Govt-AllGujStud.,GQ-EW,Gujarat,"Parul IMS&R, Vadodara",GENERAL MEDICINE,"₹30,00,000*","₹1,00,800*",0,₹0,750,973(1),986(1),1085(1),-,-,-,-,676(1),1124(1),1124(1),-,-
GUJ Govt-AllGujStud.,GQ-SE,Gujarat,"Medical College, Baroda",PSYCHIATRY,"₹30,000*","₹1,00,800",1*,"₹40,00,000*",1250,575(1),742(1),903(1),-,-,-,-,666(1),666(1),1126(1),-,-
GUJ Mgmt Quota,MQ-MQ,Gujarat,"Dr MK Shah Med Coll, Ahmedabad",GENERAL MEDICINE,"₹32,00,000*","₹84,000*",0,₹0,350,664(1),883(3),883(3),-,-,-,-,581(1),955(3),1129(3),-,-
GUJ Govt-AllGujStud.,GQ-EW,Gujarat,"Adani Institute, Bhuj",GENERAL MEDICINE,"₹30,00,000*","₹84,000*",0,₹0,750,536(1),766(1),588(1),-,-,-,-,698(1),847(1),1131(1),-,-
GUJ Govt-AllGujStud.,GQ-OP,Gujarat,"Zydus Med Coll & Hosp, Dahod",PAEDIATRICS,"₹27,60,000*","₹84,000*",0,₹0,-,-,-,-,-,-,-,-,1103(1),1365(1),1135(1),1646(1),-
GUJ Govt-Inst. Pref,UQ-OP,Gujarat,"Surat Municipal, Surat",GENERAL SURGERY,"₹18,64,000*","₹84,000*",0,₹0,750,712(2),712(2),1398(2),-,-,-,-,1041(2),1138(2),1138(2),-,-
GUJ Mgmt Quota,MQ-MQ,Gujarat,"NHL Med Coll, Ahmedabad",OBG,"₹23,76,000*","₹84,000*",0,₹0,2220,780(3),863(6),1123(6),-,-,-,-,935(3),1092(8),1141(8),-,-
GUJ Govt-AllGujStud.,GQ-OP,Gujarat,"Adani Institute, Bhuj",OBG,"₹27,00,000*","₹84,000*",0,₹0,750,988(3),934(3),1007(3),-,-,-,-,989(1),989(1),1143(1),-,-
GUJ Govt-AllGujStud.,GQ-SE,Gujarat,"MP Shah, Jamnagar",ORTHOPAEDICS,"₹30,000*","₹1,00,800",1*,"₹40,00,000*",1250,537(1),676(1),676(1),-,-,-,-,-,930(1),1146(1),-,-
GUJ Govt-AllGujStud.,GQ-OP,Gujarat,"CU Shah, Surendra Nagar",OBG,"₹25,00,000*","₹84,000*",0,₹0,590,993(2),1021(2),1153(2),-,-,-,-,937(1),1151(1),1151(1),-,-
GUJ Govt-AllGujStud.,GQ-OP,Gujarat,"Pramukhswami Med Coll, Karmsad",PSYCHIATRY,"₹21,00,000*","₹84,000*",0,₹0,1000,-,-,-,-,-,-,-,1154(1),1154(1),1154(1),-,-
GUJ Govt-AllGujStud.,GQ-SE,Gujarat,"MP Shah, Jamnagar",TBRD,"₹30,000*","₹1,00,800",1*,"₹40,00,000*",1250,-,-,-,-,-,-,-,-,1157(1),1157(1),-,-
GUJ Govt-AllGujStud.,GQ-SC,Gujarat,"AMCET, Ahmedabad",GENERAL MEDICINE,"₹9,67,000*","₹1,00,800*",0,₹0,1050,645(1),805(1),1088(1),-,-,-,-,1003(1),1078(1),1160(1),-,-
GUJ Govt-Inst. Pref,UQ-OP,Gujarat,"BJMC, Ahmedabad",PATHOLOGY,"₹30,000*","₹1,00,800",1*,"₹40,00,000*",1557,1156(1),1594(1),1594(1),-,-,-,-,1162(2),1162(2),1162(2),-,-
GUJ Govt-AllGujStud.,GQ-SE,Gujarat,"Medical College, Baroda",GENERAL SURGERY,"₹30,000*","₹1,00,800",1*,"₹40,00,000*",1250,393(2),654(2),921(2),-,-,-,-,486(1),705(2),1166(2),-,-
GUJ Govt-AllGujStud.,GQ-SE,Gujarat,"MP Shah, Jamnagar",GENERAL SURGERY,"₹30,000*","₹1,00,800",1*,"₹40,00,000*",1250,572(3),855(3),1016(4),-,-,-,-,542(1),882(2),1169(2),-,-
GUJ Govt-AllGujStud.,GQ-OP,Gujarat,"PDU Med Coll, Rajkot",ANAESTHESIOLOGY,"₹30,000*","₹1,00,800",1*,"₹40,00,000*",750,-,1040(1),1310(1),-,-,-,-,842(2),1072(2),1170(2),-,-
GUJ Govt-Inst. Pref,UQ-OP,Gujarat,"GMERS, Sola",TBRD,"₹8,75,000*","₹84,000*",0,₹0,900,-,-,-,-,-,-,-,766(1),766(1),1172(1),-,-
GUJ Govt-AllGujStud.,GQ-OP,Gujarat,"Dr MK Shah Med Coll, Ahmedabad",PSYCHIATRY,"₹13,00,000*","₹84,000*",0,₹0,350,796(1),1029(1),1226(1),1812(1),-,-,-,883(1),1175(1),1175(1),-,-
GUJ Govt-AllGujStud.,GQ-SE,Gujarat,"BJMC, Ahmedabad",OPHTHALMOLOGY,"₹30,000*","₹1,00,800",1*,"₹40,00,000*",1557,899(2),1126(3),1356(3),-,-,-,-,1081(3),1178(3),1178(3),-,-
GUJ Govt-AllGujStud.,GQ-SE,Gujarat,"Surat Municipal, Surat",OBG,"₹18,64,000*","₹84,000*",0,₹0,750,1050(2),1046(2),1122(2),-,-,-,-,1095(3),1095(3),1179(3),-,-
GUJ Govt-AllGujStud.,GQ-SE,Gujarat,"PDU Med Coll, Rajkot",ORTHOPAEDICS,"₹30,000*","₹1,00,800",1*,"₹40,00,000*",750,-,692(1),810(1),-,-,-,-,693(1),964(1),1180(1),-,-
GUJ Govt-AllGujStud.,GQ-SE,Gujarat,"GCS Med Coll, Ahmedabad",OBG,"₹18,00,000*","₹84,000*",0,₹0,750,1145(1),1145(1),1145(1),-,-,-,-,994(1),1120(1),1182(1),-,-
GUJ Govt-AllGujStud.,GQ-SE,Gujarat,"Medical College, Baroda",ENT,"₹30,000*","₹1,00,800",1*,"₹40,00,000*",1250,-,-,-,-,-,-,-,1185(1),1185(1),1185(1),-,-
GUJ Mgmt Quota,MQ-MQ,Gujarat,"AMCET, Ahmedabad",PSYCHIATRY,"₹21,00,000*","₹1,00,800*",0,₹0,1050,1226(1),1254(1),1557(1),-,-,-,-,-,1186(1),1186(1),-,-
GUJ Govt-AllGujStud.,GQ-OP,Gujarat,"PDU Med Coll, Rajkot",DORTHO,"₹20,000*","₹75,600*",1*,"₹40,00,000*",750,-,-,-,-,-,-,-,898(1),898(1),1187(1),2192(1),-
GUJ Mgmt Quota,MQ-MQ,Gujarat,"Dr MK Shah Med Coll, Ahmedabad",OBG,"₹33,00,000*","₹84,000*",0,₹0,350,872(1),1370(2),1566(2),-,-,-,-,1141(1),1141(2),1190(2),-,-
GUJ Govt-Inst. Pref,UQ-SE,Gujarat,"BJMC, Ahmedabad",OPHTHALMOLOGY,"₹30,000*","₹1,00,800",1*,"₹40,00,000*",1557,640(1),640(1),1652(1),-,-,-,-,727(1),1319(1),1191(1),-,-
GUJ Govt-AllGujStud.,GQ-SE,Gujarat,"Surat Municipal, Surat",PAEDIATRICS,"₹18,64,000*","₹84,000*",0,₹0,750,955(2),955(2),979(2),-,-,-,-,923(2),1153(2),1194(2),-,-
GUJ Govt-Inst. Pref,UQ-SE,Gujarat,"GMERS, Gotri, Vadodara",DERMATOLOGY,"₹10,00,000*","₹84,000*",0,₹0,730,-,-,-,-,-,-,-,1197(1),1197(1),1197(1),-,-
GUJ Govt-AllGujStud.,GQ-OP,Gujarat,"Surat Municipal, Surat",GENERAL SURGERY,"₹18,64,000*","₹84,000*",0,₹0,750,792(6),1081(6),1361(6),-,-,-,-,840(5),874(5),1199(5),-,-
GUJ Govt-AllGujStud.,GQ-OP,Gujarat,"Nootan Med Coll & RC, Mehsana",GENERAL MEDICINE,"₹27,00,000*","₹84,000*",0,₹0,-,-,-,-,-,-,-,-,-,979(2),1201(2),-,-
GUJ Govt-AllGujStud.,GQ-OP,Gujarat,"Govt Med Coll, Surat",SPM,"₹30,000*","₹1,00,800",0*,₹0*,1150,1265(1),2915(1),2915(1),-,-,-,-,1205(1),1205(1),1205(1),-,-
GUJ Govt-Inst. Pref,UQ-SE,Gujarat,"AMCET, Ahmedabad",GENERAL SURGERY,"₹9,67,000*","₹1,00,800*",0,₹0,1050,864(1),956(1),1305(1),-,-,-,-,810(1),1039(1),1207(1),-,-
GUJ Govt-AllGujStud.,GQ-EW,Gujarat,"Pramukhswami Med Coll, Karmsad",GENERAL MEDICINE,"₹32,00,000*","₹84,000*",0,₹0,1000,-,-,-,-,-,-,-,851(1),982(1),1209(1),-,-
GUJ Govt-AllGujStud.,GQ-SE,Gujarat,"MP Shah, Jamnagar",OPHTHALMOLOGY,"₹30,000*","₹1,00,800",1*,"₹40,00,000*",1250,-,-,-,-,-,-,-,1149(1),1215(1),1215(1),-,-
GUJ Govt-AllGujStud.,GQ-ST,Gujarat,"BJMC, Ahmedabad",RADIO DIAGNOSIS,"₹30,000*","₹1,00,800",1*,"₹40,00,000*",1557,439(1),439(1),439(1),-,-,-,-,1216(2),1216(2),1216(2),-,-
GUJ Govt-AllGujStud.,GQ-SE,Gujarat,"Adani Institute, Bhuj",GENERAL MEDICINE,"₹30,00,000*","₹84,000*",0,₹0,750,602(1),608(1),746(1),-,-,-,-,1105(2),1218(2),1218(2),-,-
GUJ Govt-AllGujStud.,GQ-OP,Gujarat,"AMCET, Ahmedabad",TBRD,"₹9,67,000*","₹1,00,800*",0,₹0,1050,633(2),695(2),858(2),-,-,-,-,657(2),758(2),1220(2),1391(1),-
GUJ Govt-AllGujStud.,GQ-ST,Gujarat,"BJMC, Ahmedabad",PAEDIATRICS,"₹30,000*","₹1,00,800",1*,"₹40,00,000*",1557,2111(1),2179(1),2179(1),-,-,-,-,1222(1),1222(1),1222(1),-,-
GUJ Govt-AllGujStud.,GQ-SE,Gujarat,"AMCET, Ahmedabad",GENERAL SURGERY,"₹9,67,000*","₹1,00,800*",0,₹0,1050,910(4),1003(4),1333(4),-,-,-,-,1070(4),1166(4),1224(4),-,-
GUJ Govt-AllGujStud.,GQ-EW,Gujarat,"Surat Municipal, Surat",GENERAL SURGERY,"₹18,64,000*","₹84,000*",0,₹0,750,853(1),1141(1),1364(1),-,-,-,-,967(1),1114(1),1227(1),-,-
GUJ Govt-AllGujStud.,GQ-OP,Gujarat,"AMCET, Ahmedabad",EMERGENCY MEDICINE,"₹9,67,000*","₹1,00,800*",0,₹0,1050,713(1),731(1),731(1),-,-,-,-,781(2),897(2),1231(2),-,-
GUJ Govt-Inst. Pref,UQ-ST,Gujarat,"MP Shah, Jamnagar",RADIO DIAGNOSIS,"₹30,000*","₹1,00,800",1*,"₹40,00,000*",1250,-,-,-,-,-,-,-,1234(1),1234(1),1234(1),-,-
GUJ Govt-Inst. Pref,UQ-OP,Gujarat,"Parul IMS&R, Vadodara",GENERAL MEDICINE,"₹30,00,000*","₹1,00,800*",0,₹0,750,-,-,-,-,-,-,-,1235(1),1235(1),1235(1),-,-
GUJ Govt-AllGujStud.,GQ-SC,Gujarat,"GMERS, Sola",GENERAL MEDICINE,"₹11,25,000*","₹84,000*",0,₹0,900,-,-,-,-,-,-,-,1042(1),1160(1),1237(1),-,-
GUJ Mgmt Quota,MQ-MQ,Gujarat,"GMERS, Sola",TBRD,"₹13,13,000*","₹84,000*",0,₹0,900,-,-,-,-,-,-,-,979(1),873(1),1239(1),-,-
GUJ Govt-AllGujStud.,GQ-OP,Gujarat,"BJMC, Ahmedabad",PATHOLOGY,"₹30,000*","₹1,00,800",1*,"₹40,00,000*",1557,854(3),1251(4),1638(4),-,-,-,-,1264(2),1240(3),1240(3),2399(1),-
GUJ Govt-Inst. Pref,UQ-EW,Gujarat,"AMCET, Ahmedabad",TBRD,"₹9,67,000*","₹1,00,800*",0,₹0,1050,-,-,-,-,-,-,-,-,839(1),1244(1),-,-
GUJ Govt-AllGujStud.,GQ-SE,Gujarat,"Dr MK Shah Med Coll, Ahmedabad",OBG,"₹22,00,000*","₹84,000*",0,₹0,350,1264(1),1571(1),1615(1),-,-,-,-,1120(1),1182(1),1246(1),-,-
GUJ Govt-AllGujStud.,GQ-EW,Gujarat,"Pramukhswami Med Coll, Karmsad",RADIO DIAGNOSIS,"₹46,00,000*","₹84,000*",0,₹0,1000,-,-,-,-,-,-,-,1121(1),1247(1),1247(1),-,-
GUJ Govt-AllGujStud.,GQ-SE,Gujarat,"MP Shah, Jamnagar",DGO,"₹20,000*","₹75,600*",1*,"₹40,00,000*",1250,-,1033(1),1126(1),-,-,-,-,1146(1),1248(1),1248(1),-,-
GUJ Govt-AllGujStud.,GQ-SE,Gujarat,"Govt Med Coll, Surat",OPHTHALMOLOGY,"₹30,000*","₹1,00,800",1*,"₹40,00,000*",1150,-,-,-,-,-,-,-,-,-,1249(1),-,-
GUJ Govt-AllGujStud.,GQ-SE,Gujarat,"MP Shah, Jamnagar",PSYCHIATRY,"₹30,000*","₹1,00,800",1*,"₹40,00,000*",1250,-,-,-,-,-,-,-,755(1),1014(1),1251(1),-,-
GUJ Govt-AllGujStud.,GQ-OP,Gujarat,"Pramukhswami Med Coll, Karmsad",OBG,"₹32,00,000*","₹84,000*",0,₹0,1000,1132(1),1153(1),1375(1),-,-,-,-,1252(1),1252(1),1252(1),-,-
GUJ Govt-AllGujStud.,GQ-OP,Gujarat,"Medical College, Baroda",ANAESTHESIOLOGY,"₹30,000*","₹1,00,800",1*,"₹40,00,000*",1250,858(3),1043(3),1186(3),-,-,-,-,622(2),808(3),1256(3),-,-
GUJ Govt-Inst. Pref,UQ-SE,Gujarat,"NHL Med Coll, Ahmedabad",ORTHOPAEDICS,"₹7,93,000*","₹84,000*",0,₹0,2220,692(1),864(1),943(1),-,-,-,-,965(1),1261(1),1261(1),-,-
GUJ Govt-AllGujStud.,GQ-OP,Gujarat,"GMERS, Gotri, Vadodara",TBRD,"₹8,75,000*","₹84,000*",0,₹0,730,657(2),728(2),882(2),-,-,-,-,752(2),775(2),1263(2),-,-
GUJ Govt-Inst. Pref,UQ-OP,Gujarat,"GMERS, Sola",ENT,"₹8,75,000*","₹84,000*",0,₹0,900,-,-,-,-,-,-,-,1083(1),1007(1),1266(1),-,-
GUJ Govt-AllGujStud.,GQ-SE,Gujarat,"PDU Med Coll, Rajkot",DCH,"₹20,000*","₹75,600*",1*,"₹40,00,000*",750,-,-,-,-,-,-,-,884(1),884(1),1268(1),-,-
GUJ Govt-Inst. Pref,UQ-SE,Gujarat,"Medical College, Baroda",GENERAL SURGERY,"₹30,000*","₹1,00,800",1*,"₹40,00,000*",1250,685(1),972(1),1028(1),-,-,-,-,889(1),889(1),1271(1),-,-
GUJ Govt-AllGujStud.,GQ-SE,Gujarat,"PDU Med Coll, Rajkot",ENT,"₹30,000*","₹1,00,800",1*,"₹40,00,000*",750,1055(1),1140(1),1140(1),-,-,-,-,-,1276(1),1276(1),-,-
GUJ Govt-Inst. Pref,UQ-OP,Gujarat,"Govt Med Coll, Bhavnagar",OPHTHALMOLOGY,"₹30,000*","₹1,00,800",1*,"₹40,00,000*",720,-,-,-,-,-,-,-,1280(1),1280(1),1280(1),-,-
GUJ Govt-AllGujStud.,GQ-SE,Gujarat,"GMERS, Gotri, Vadodara",GENERAL SURGERY,"₹10,00,000*","₹84,000*",0,₹0,730,-,-,-,-,-,-,-,1166(1),1224(1),1286(1),-,-
GUJ Govt-AllGujStud.,GQ-OP,Gujarat,"GCS Med Coll, Ahmedabad",PSYCHIATRY,"₹20,00,000*","₹84,000*",0,₹0,750,1029(1),1390(1),1625(1),-,-,-,-,929(1),977(1),1287(1),-,-
GUJ Govt-AllGujStud.,GQ-EW,Gujarat,"MP Shah, Jamnagar",OPHTHALMOLOGY,"₹30,000*","₹1,00,800",1*,"₹40,00,000*",1250,561(1),1239(1),1450(1),-,-,-,-,815(1),811(1),1290(1),2173(1),-
GUJ Mgmt Quota,MQ-MQ,Gujarat,"GMERS, Gotri, Vadodara",TBRD,"₹13,13,000*","₹84,000*",0,₹0,730,-,754(1),984(1),-,-,-,-,873(1),1049(2),1292(2),-,-
GUJ Govt-AllGujStud.,GQ-EW,Gujarat,"Adani Institute, Bhuj",OBG,"₹27,00,000*","₹84,000*",0,₹0,750,-,-,-,-,-,-,-,1284(1),1292(1),1292(1),-,-
GUJ Govt-AllGujStud.,GQ-OP,Gujarat,"NHL Med Coll, Ahmedabad",ENT,"₹7,93,000*","₹84,000*",0,₹0,2220,932(2),1170(2),1402(2),-,-,-,-,841(3),1045(3),1296(3),-,-
GUJ Mgmt Quota,MQ-MQ,Gujarat,"GCS Med Coll, Ahmedabad",GENERAL SURGERY,"₹27,00,000*","₹84,000*",0,₹0,750,1297(1),1297(1),1297(1),-,-,-,-,1161(1),1227(1),1303(1),-,-
GUJ Govt-Inst. Pref,UQ-OP,Gujarat,"NHL Med Coll, Ahmedabad",EMERGENCY MEDICINE,"₹7,93,000*","₹84,000*",0,₹0,2220,-,-,-,-,-,-,-,999(2),1148(2),1304(2),-,-
GUJ Govt-Inst. Pref,UQ-SE,Gujarat,"MP Shah, Jamnagar",DGO,"₹20,000*","₹75,600*",1*,"₹40,00,000*",1250,-,-,-,-,-,-,-,1215(1),1355(1),1305(1),-,-
GUJ Govt-AllGujStud.,GQ-SC,Gujarat,"Medical College, Baroda",PAEDIATRICS,"₹30,000*","₹1,00,800",1*,"₹40,00,000*",1250,-,-,-,-,-,-,-,1078(1),1306(1),1306(1),-,-
GUJ Govt-AllGujStud.,GQ-SE,Gujarat,"NHL Med Coll, Ahmedabad",GENERAL SURGERY,"₹7,93,000*","₹84,000*",0,₹0,2220,921(5),1144(5),1360(5),-,-,-,-,1169(4),1214(4),1307(4),-,-
GUJ Govt-Inst. Pref,UQ-OP,Gujarat,"GCS Med Coll, Ahmedabad",ORTHOPAEDICS,"₹28,00,000*","₹84,000*",0,₹0,750,1190(1),1190(1),1190(1),-,-,-,-,865(1),1402(1),1309(1),-,-
GUJ Govt-AllGujStud.,GQ-OP,Gujarat,"GMERS, Sola",ENT,"₹8,75,000*","₹84,000*",0,₹0,900,804(1),804(1),804(1),-,-,-,-,599(1),869(1),1314(1),-,-
GUJ Govt-Inst. Pref,UQ-SE,Gujarat,"GMERS, Gotri, Vadodara",PAEDIATRICS,"₹11,25,000*","₹84,000*",0,₹0,730,-,-,-,-,-,-,-,1315(1),1315(1),1315(1),-,-
GUJ Govt-AllGujStud.,GQ-OP,Gujarat,"Adani Institute, Bhuj",PSYCHIATRY,"₹15,00,000*","₹84,000*",0,₹0,750,-,-,-,-,-,-,-,977(1),1287(1),1320(1),-,-
GUJ Govt-AllGujStud.,GQ-SE,Gujarat,"AMCET, Ahmedabad",ORTHOPAEDICS,"₹9,67,000*","₹1,00,800*",0,₹0,1050,647(1),816(1),937(1),-,-,-,-,930(2),1180(2),1321(2),-,-
GUJ Mgmt Quota,MQ-MQ,Gujarat,"GMERS, Sola",ENT,"₹13,13,000*","₹84,000*",0,₹0,900,-,1327(1),1327(1),-,-,-,-,-,1296(1),1324(1),-,-
GUJ Govt-AllGujStud.,GQ-OP,Gujarat,"Adani Institute, Bhuj",PAEDIATRICS,"₹27,00,000*","₹84,000*",0,₹0,750,-,-,-,-,-,-,-,1066(1),1284(1),1326(1),-,-
GUJ Govt-AllGujStud.,GQ-EW,Gujarat,"NHL Med Coll, Ahmedabad",ENT,"₹7,93,000*","₹84,000*",0,₹0,2220,-,-,-,-,-,-,-,927(1),1055(1),1327(1),-,-
GUJ Govt-AllGujStud.,GQ-OP,Gujarat,"GMERS, Gandhinagar",OPHTHALMOLOGY,"₹10,00,000*","₹84,000*",0,₹0,980,-,-,-,-,-,-,-,880(2),880(2),1329(2),-,-
GUJ Govt-AllGujStud.,GQ-EW,Gujarat,"BJMC, Ahmedabad",ANAESTHESIOLOGY,"₹30,000*","₹1,00,800",1*,"₹40,00,000*",1557,778(2),1133(3),1346(3),-,-,-,-,577(1),1018(3),1330(3),-,-
GUJ Govt-AllGujStud.,GQ-OP,Gujarat,"Govt Med Coll, Surat",ANAESTHESIOLOGY,"₹30,000*","₹1,00,800",1*,"₹40,00,000*",1150,907(2),1154(3),1404(3),-,-,-,-,662(2),1033(2),1332(2),-,-
GUJ Govt-AllGujStud.,GQ-OP,Gujarat,"Nootan Med Coll & RC, Mehsana",OBG,"₹26,00,000*","₹84,000*",0,₹0,-,-,-,-,-,-,-,-,960(1),1167(1),1333(1),-,-
GUJ Govt-AllGujStud.,GQ-SE,Gujarat,"Medical College, Baroda",ANAESTHESIOLOGY,"₹30,000*","₹1,00,800",1*,"₹40,00,000*",1250,1126(1),1157(1),1387(1),-,-,-,-,1182(1),1334(2),1334(2),-,-
GUJ Mgmt Quota,MQ-MQ,Gujarat,"NHL Med Coll, Ahmedabad",PAEDIATRICS,"₹27,32,000*","₹84,000*",0,₹0,2220,658(2),1000(4),1138(4),-,-,-,-,953(2),1255(5),1336(5),-,-
GUJ Mgmt Quota,MQ-MQ,Gujarat,"Surat Municipal, Surat",GENERAL MEDICINE,"₹37,15,000*","₹84,000*",0,₹0,750,457(3),714(6),971(6),-,-,-,-,847(3),1204(6),1338(6),-,-
GUJ Govt-AllGujStud.,GQ-SE,Gujarat,"Dr MK Shah Med Coll, Ahmedabad",PAEDIATRICS,"₹23,00,000*","₹84,000*",0,₹0,350,1031(1),1031(1),1571(1),-,-,-,-,1194(1),1194(1),1340(1),-,-
GUJ Govt-AllGujStud.,GQ-EW,Gujarat,"GMERS, Sola",PSYCHIATRY,"₹8,75,000*","₹84,000*",0,₹0,900,-,-,-,-,-,-,-,681(1),707(1),1349(1),-,-
GUJ Govt-AllGujStud.,GQ-SE,Gujarat,"NHL Med Coll, Ahmedabad",ORTHOPAEDICS,"₹7,93,000*","₹84,000*",0,₹0,2220,739(2),877(2),992(2),-,-,-,-,901(2),1077(2),1350(2),-,-
GUJ Govt-Inst. Pref,UQ-OP,Gujarat,"BJMC, Ahmedabad",ANAESTHESIOLOGY,"₹30,000*","₹1,00,800",1*,"₹40,00,000*",1557,923(3),944(3),1025(3),-,-,-,-,753(4),1046(4),1351(4),-,-
GUJ Govt-AllGujStud.,GQ-EW,Gujarat,"NHL Med Coll, Ahmedabad",OPHTHALMOLOGY,"₹7,93,000*","₹84,000*",0,₹0,2220,745(1),1325(1),1325(1),-,-,-,-,966(1),871(1),1354(1),-,-
GUJ Govt-AllGujStud.,GQ-EW,Gujarat,"AMCET, Ahmedabad",PSYCHIATRY,"₹9,67,000*","₹1,00,800*",0,₹0,1050,-,-,-,-,-,-,-,1158(1),1136(1),1356(1),-,-
GUJ Govt-AllGujStud.,GQ-OP,Gujarat,"Parul IMS&R, Vadodara",OPHTHALMOLOGY,"₹10,00,000*","₹1,00,800*",0,₹0,750,-,-,-,-,-,-,-,1256(1),1356(1),1357(1),-,-
GUJ Mgmt Quota,MQ-MQ,Gujarat,"GCS Med Coll, Ahmedabad",PAEDIATRICS,"₹32,00,000*","₹84,000*",0,₹0,750,1066(1),1617(2),1675(2),-,-,-,-,1101(1),1358(1),1358(1),-,-
GUJ Govt-AllGujStud.,GQ-SE,Gujarat,"Zydus Med Coll & Hosp, Dahod",GENERAL MEDICINE,"₹28,50,000*","₹84,000*",0,₹0,-,1184(2),1184(2),1184(2),-,-,-,-,1025(2),1360(3),1360(3),-,-
GUJ Govt-AllGujStud.,GQ-OP,Gujarat,"Zydus Med Coll & Hosp, Dahod",OBG,"₹32,00,000*","₹84,000*",0,₹0,-,1123(4),1152(4),1372(4),-,-,-,-,1116(1),1116(1),1362(1),-,-
GUJ Govt-AllGujStud.,GQ-OP,Gujarat,"Dr MK Shah Med Coll, Ahmedabad",ENT,"₹13,50,000*","₹84,000*",0,₹0,350,1224(1),1402(1),1850(1),-,-,-,-,1366(1),1366(1),1366(1),-,-
GUJ Govt-AllGujStud.,GQ-EW,Gujarat,"Govt Med Coll, Surat",ANAESTHESIOLOGY,"₹30,000*","₹1,00,800",1*,"₹40,00,000*",1150,-,1160(1),1514(1),1414(1),1659(1),1810(1),-,912(1),1155(1),1369(1),-,-
GUJ Govt-AllGujStud.,GQ-SE,Gujarat,"BJMC, Ahmedabad",ANAESTHESIOLOGY,"₹30,000*","₹1,00,800",1*,"₹40,00,000*",1557,987(5),1296(6),1319(6),-,-,-,-,1100(5),1322(7),1370(7),-,-
GUJ Govt-AllGujStud.,GQ-EW,Gujarat,"PDU Med Coll, Rajkot",ANAESTHESIOLOGY,"₹30,000*","₹1,00,800",1*,"₹40,00,000*",750,-,-,-,-,-,-,-,924(1),1079(1),1371(1),-,-
GUJ Mgmt Quota,MQ-MQ,Gujarat,"Nootan Med Coll & RC, Mehsana",OBG,"₹33,00,000*","₹84,000*",0,₹0,-,-,-,-,-,-,-,-,1292(1),1373(1),1373(1),-,-
GUJ Govt-AllGujStud.,GQ-SE,Gujarat,"NHL Med Coll, Ahmedabad",OPHTHALMOLOGY,"₹7,93,000*","₹84,000*",0,₹0,2220,1467(2),1467(2),1467(2),-,-,-,-,1268(2),1268(2),1374(2),-,-
GUJ Govt-AllGujStud.,GQ-ST,Gujarat,"Govt Med Coll, Surat",RADIO DIAGNOSIS,"₹30,000*","₹1,00,800",1*,"₹40,00,000*",1150,1051(1),1051(1),1162(1),-,-,-,-,1377(1),1377(1),1377(1),-,-
GUJ Govt-AllGujStud.,GQ-OP,Gujarat,"Surat Municipal, Surat",ORTHOPAEDICS,"₹18,64,000*","₹84,000*",0,₹0,750,816(2),887(2),1018(2),-,-,-,-,874(2),972(2),1383(2),-,-
GUJ Govt-AllGujStud.,GQ-SC,Gujarat,"MP Shah, Jamnagar",PAEDIATRICS,"₹30,000*","₹1,00,800",1*,"₹40,00,000*",1250,-,-,-,-,-,-,-,-,1384(1),1384(1),-,-
GUJ Mgmt Quota,MQ-MQ,Gujarat,"AMCET, Ahmedabad",OPHTHALMOLOGY,"₹25,50,000*","₹1,00,800*",0,₹0,1050,-,1700(1),2274(1),-,-,-,-,-,1385(1),1385(1),-,-
GUJ Govt-AllGujStud.,GQ-SE,Gujarat,"GCS Med Coll, Ahmedabad",GENERAL SURGERY,"₹15,00,000*","₹84,000*",0,₹0,750,1069(1),1236(1),1376(1),-,-,-,-,1207(2),1305(2),1389(2),-,-
GUJ Govt-Inst. Pref,UQ-SE,Gujarat,"NHL Med Coll, Ahmedabad",OPHTHALMOLOGY,"₹7,93,000*","₹84,000*",0,₹0,2220,-,-,-,-,-,-,-,1390(1),1390(1),1390(1),-,-
GUJ Govt-AllGujStud.,GQ-SC,Gujarat,"BJMC, Ahmedabad",ENT,"₹30,000*","₹1,00,800",1*,"₹40,00,000*",1557,-,-,-,-,-,-,-,1830(1),2224(1),1393(1),2925(1),-
GUJ Mgmt Quota,MQ-MQ,Gujarat,"Parul IMS&R, Vadodara",DERMATOLOGY,"₹42,00,000*","₹1,00,800*",0,₹0,750,1067(1),1406(1),1406(1),-,-,-,-,1397(1),1397(1),1397(1),-,-
GUJ Govt-AllGujStud.,GQ-SE,Gujarat,"Govt Med Coll, Surat",TBRD,"₹30,000*","₹1,00,800",1*,"₹40,00,000*",1150,-,826(1),952(1),-,-,-,-,968(1),1006(1),1399(1),-,-
GUJ Govt-Inst. Pref,UQ-OP,Gujarat,"Pramukhswami Med Coll, Karmsad",GENERAL MEDICINE,"₹32,00,000*","₹84,000*",0,₹0,1000,-,-,-,-,-,-,-,919(1),1259(1),1401(1),-,-
GUJ Govt-AllGujStud.,GQ-OP,Gujarat,"MP Shah, Jamnagar",ANAESTHESIOLOGY,"₹30,000*","₹1,00,800",1*,"₹40,00,000*",1250,931(2),1063(2),1425(2),-,-,-,-,869(2),1097(3),1404(3),-,-
GUJ Govt-Inst. Pref,UQ-EW,Gujarat,"Surat Municipal, Surat",OBG,"₹18,64,000*","₹84,000*",0,₹0,750,-,-,-,-,-,-,-,1409(1),1409(1),1409(1),-,-
GUJ Govt-Inst. Pref,UQ-EW,Gujarat,"BJMC, Ahmedabad",OPHTHALMOLOGY,"₹30,000*","₹1,00,800",1*,"₹40,00,000*",1557,-,-,-,-,-,-,-,610(1),997(1),1412(1),-,-
GUJ Govt-Inst. Pref,UQ-SE,Gujarat,"AMCET, Ahmedabad",TBRD,"₹9,67,000*","₹1,00,800*",0,₹0,1050,751(1),952(1),1335(1),-,-,-,-,1075(1),1413(1),1413(1),-,-
GUJ Govt-AllGujStud.,GQ-SE,Gujarat,"AMCET, Ahmedabad",OPHTHALMOLOGY,"₹9,67,000*","₹1,00,800*",0,₹0,1050,1465(1),1465(1),2082(1),2455(1),2563(1),2564(1),-,1370(1),1414(1),1414(1),-,-
GUJ Govt-AllGujStud.,GQ-SE,Gujarat,"Parul IMS&R, Vadodara",GENERAL MEDICINE,"₹30,00,000*","₹1,00,800*",0,₹0,750,-,-,-,-,-,-,-,1218(2),1415(2),1415(2),-,-
GUJ Govt-AllGujStud.,GQ-OP,Gujarat,"Govt Med Coll, Bhavnagar",ANAESTHESIOLOGY,"₹30,000*","₹1,00,800",1*,"₹40,00,000*",720,950(1),1161(1),1446(1),-,-,-,-,892(1),1103(1),1418(1),-,-
GUJ Govt-AllGujStud.,GQ-ST,Gujarat,"Govt Med Coll, Surat",GENERAL MEDICINE,"₹30,000*","₹1,00,800",1*,"₹40,00,000*",1150,-,-,-,-,-,-,-,1420(1),1420(1),1420(1),-,-
GUJ Govt-AllGujStud.,GQ-ST,Gujarat,"MP Shah, Jamnagar",GENERAL MEDICINE,"₹30,000*","₹1,00,800",1*,"₹40,00,000*",1250,1468(1),1468(1),1468(1),-,-,-,-,1421(1),1421(1),1421(1),-,-
GUJ Mgmt Quota,MQ-MQ,Gujarat,"GMERS, Gandhinagar",OPHTHALMOLOGY,"₹15,00,000*","₹84,000*",0,₹0,980,-,-,-,-,-,-,-,-,1325(1),1423(1),-,-
GUJ Govt-AllGujStud.,GQ-SE,Gujarat,"Surat Municipal, Surat",ORTHOPAEDICS,"₹18,64,000*","₹84,000*",0,₹0,750,886(2),943(2),1507(2),-,-,-,-,1350(2),1395(2),1424(2),-,-
GUJ Govt-AllGujStud.,GQ-OP,Gujarat,"GCS Med Coll, Ahmedabad",ORTHOPAEDICS,"₹28,00,000*","₹84,000*",0,₹0,750,1142(2),1195(2),1195(2),-,-,-,-,1190(1),1426(1),1426(1),-,-
GUJ Govt-AllGujStud.,GQ-OP,Gujarat,"GR Doshi & KM Mehta, Ahmedabad",ANAESTHESIOLOGY,"₹30,000*","₹1,00,800",1*,"₹40,00,000*",400,957(1),1167(1),1334(1),-,-,-,-,920(2),1142(2),1427(2),-,-
GUJ Mgmt Quota,MQ-MQ,Gujarat,"Adani Institute, Bhuj",TBRD,"₹15,00,000*","₹84,000*",0,₹0,750,-,1052(1),1250(1),-,-,-,-,1049(1),1239(1),1429(1),-,-
GUJ Govt-AllGujStud.,GQ-SE,Gujarat,"GMERS, Sola",TBRD,"₹8,75,000*","₹84,000*",0,₹0,900,952(1),970(1),1151(1),1870(1),-,-,-,1157(1),1432(1),1432(1),-,-
GUJ Govt-Inst. Pref,UQ-SE,Gujarat,"NHL Med Coll, Ahmedabad",GENERAL SURGERY,"₹7,93,000*","₹84,000*",0,₹0,2220,964(2),1127(2),1127(2),-,-,-,-,731(2),1207(2),1434(2),-,-
GUJ Govt-Inst. Pref,UQ-EW,Gujarat,"MP Shah, Jamnagar",ENT,"₹30,000*","₹1,00,800",1*,"₹40,00,000*",1250,-,-,-,-,-,-,-,1435(1),1435(1),1435(1),-,-
GUJ Govt-AllGujStud.,GQ-SE,Gujarat,"Govt Med Coll, Surat",ANAESTHESIOLOGY,"₹30,000*","₹1,00,800",1*,"₹40,00,000*",1150,-,1171(1),1464(1),-,-,-,-,1184(2),1345(2),1438(2),-,-
GUJ Mgmt Quota,MQ-MQ,Gujarat,"Parul IMS&R, Vadodara",OBG,"₹42,00,000*","₹1,00,800*",0,₹0,750,1751(1),1765(1),2203(1),2405(1),-,-,-,1722(1),1440(1),1440(1),-,-
GUJ Govt-AllGujStud.,GQ-EW,Gujarat,"Zydus Med Coll & Hosp, Dahod",OBG,"₹32,00,000*","₹84,000*",0,₹0,-,-,-,-,-,-,-,-,1439(1),1439(1),1442(1),-,-
GUJ Govt-Inst. Pref,UQ-SE,Gujarat,"Surat Municipal, Surat",PAEDIATRICS,"₹18,64,000*","₹84,000*",0,₹0,750,1119(1),1119(1),1292(1),-,-,-,-,1126(1),1126(1),1445(1),-,-
GUJ Govt-AllGujStud.,GQ-OP,Gujarat,"GMERS, Gotri, Vadodara",ENT,"₹8,75,000*","₹84,000*",0,₹0,730,1198(1),1317(1),1408(1),-,-,-,-,1020(1),1062(1),1446(1),-,-
GUJ Govt-AllGujStud.,GQ-SE,Gujarat,"BJMC, Ahmedabad",ENT,"₹30,000*","₹1,00,800",1*,"₹40,00,000*",1557,903(1),1019(1),1019(1),-,-,-,-,1005(1),1253(1),1447(1),-,-
GUJ Mgmt Quota,MQ-MQ,Gujarat,"NHL Med Coll, Ahmedabad",OPHTHALMOLOGY,"₹29,70,000*","₹84,000*",0,₹0,2220,1085(1),1681(3),2025(3),-,-,-,-,1098(1),1449(3),1449(3),-,-
GUJ Govt-Inst. Pref,UQ-SC,Gujarat,"Govt Med Coll, Surat",OBG,"₹30,000*","₹1,00,800",1*,"₹40,00,000*",1150,-,-,-,-,-,-,-,1452(1),1452(1),1452(1),-,-
GUJ Govt-AllGujStud.,GQ-SE,Gujarat,"Pramukhswami Med Coll, Karmsad",RADIO DIAGNOSIS,"₹46,00,000*","₹84,000*",0,₹0,1000,1721(1),1721(1),1721(1),-,-,-,-,1454(1),1454(1),1454(1),-,-
GUJ Mgmt Quota,MQ-MQ,Gujarat,"Dr MK Shah Med Coll, Ahmedabad",PAEDIATRICS,"₹29,00,000*","₹84,000*",0,₹0,350,848(1),1447(2),1447(2),-,-,-,-,1131(1),1348(2),1456(2),-,-
GUJ Mgmt Quota,MQ-MQ,Gujarat,"AMCET, Ahmedabad",GENERAL SURGERY,"₹27,00,000*","₹1,00,800*",0,₹0,1050,783(2),1204(4),1535(4),-,-,-,-,951(3),1193(6),1460(6),-,-
GUJ Govt-AllGujStud.,GQ-OP,Gujarat,"GCS Med Coll, Ahmedabad",ENT,"₹10,00,000*","₹84,000*",0,₹0,750,1298(1),1394(1),1394(1),-,-,-,-,1085(1),1085(1),1461(1),-,-
GUJ Govt-AllGujStud.,GQ-SE,Gujarat,"GMERS, Sola",OPHTHALMOLOGY,"₹10,00,000*","₹84,000*",0,₹0,900,-,-,-,-,-,-,-,1297(1),1297(1),1463(1),-,-
GUJ Govt-AllGujStud.,GQ-EW,Gujarat,"GMERS, Gotri, Vadodara",ENT,"₹8,75,000*","₹84,000*",0,₹0,730,-,-,-,-,-,-,-,1195(1),1195(1),1470(1),-,-
GUJ Mgmt Quota,MQ-MQ,Gujarat,"GMERS, Gotri, Vadodara",ENT,"₹13,13,000*","₹84,000*",0,₹0,730,-,1540(1),1602(1),-,-,-,-,1266(1),1314(1),1471(1),-,-
GUJ Mgmt Quota,MQ-MQ,Gujarat,"Adani Institute, Bhuj",RADIO DIAGNOSIS,"₹48,00,000*","₹84,000*",0,₹0,750,779(1),872(2),945(2),-,-,-,-,1247(1),1473(1),1473(1),-,-
GUJ Mgmt Quota,MQ-MQ,Gujarat,"Parul IMS&R, Vadodara",OPHTHALMOLOGY,"₹16,00,000*","₹1,00,800*",0,₹0,750,-,-,-,-,-,-,-,1449(1),1523(1),1474(1),-,-
GUJ Govt-AllGujStud.,GQ-ST,Gujarat,"MP Shah, Jamnagar",RADIO DIAGNOSIS,"₹30,000*","₹1,00,800",1*,"₹40,00,000*",1250,-,-,-,-,-,-,-,1475(1),1475(1),1475(1),-,-
GUJ Govt-AllGujStud.,GQ-SE,Gujarat,"GMERS, Gotri, Vadodara",TBRD,"₹8,75,000*","₹84,000*",0,₹0,730,-,-,-,-,-,-,-,1319(1),1476(1),1476(1),-,-
GUJ Govt-AllGujStud.,GQ-SE,Gujarat,"GMERS, Gotri, Vadodara",ENT,"₹8,75,000*","₹84,000*",0,₹0,730,1554(1),1660(1),1674(1),2564(1),-,-,-,1444(1),1478(1),1478(1),-,-
GUJ Govt-AllGujStud.,GQ-SE,Gujarat,"GMERS, Gotri, Vadodara",PSYCHIATRY,"₹8,75,000*","₹84,000*",0,₹0,730,1242(1),1242(1),1599(1),-,-,-,-,894(1),1251(1),1482(1),-,-
GUJ Govt-Inst. Pref,UQ-SC,Gujarat,"BJMC, Ahmedabad",OBG,"₹30,000*","₹1,00,800",1*,"₹40,00,000*",1557,-,-,-,-,-,-,-,1483(1),1483(1),1483(1),-,-
GUJ Govt-AllGujStud.,GQ-SC,Gujarat,"BJMC, Ahmedabad",ORTHOPAEDICS,"₹30,000*","₹1,00,800",1*,"₹40,00,000*",1557,-,-,-,-,-,-,-,-,1485(1),1485(1),-,-
GUJ Govt-Inst. Pref,UQ-SC,Gujarat,"BJMC, Ahmedabad",GENERAL SURGERY,"₹30,000*","₹1,00,800",1*,"₹40,00,000*",1557,-,-,-,-,-,-,-,1485(1),1487(1),1487(1),-,-
GUJ Govt-AllGujStud.,GQ-SE,Gujarat,"NHL Med Coll, Ahmedabad",EMERGENCY MEDICINE,"₹7,93,000*","₹84,000*",0,₹0,2220,989(1),989(1),1303(1),-,-,-,-,1016(1),1489(1),1489(1),-,-
GUJ Govt-AllGujStud.,GQ-SC,Gujarat,"AMCET, Ahmedabad",PAEDIATRICS,"₹9,67,000*","₹1,00,800*",0,₹0,1050,1192(1),1358(1),1358(1),-,-,-,-,1384(1),1493(1),1493(1),-,-
GUJ Govt-AllGujStud.,GQ-SE,Gujarat,"Adani Institute, Bhuj",PAEDIATRICS,"₹27,00,000*","₹84,000*",0,₹0,750,1303(1),1407(1),1562(1),-,-,-,-,1276(1),1340(1),1495(1),-,-
GUJ Govt-Inst. Pref,UQ-EW,Gujarat,"Parul IMS&R, Vadodara",GENERAL MEDICINE,"₹30,00,000*","₹1,00,800*",0,₹0,750,-,-,-,-,-,-,-,1290(1),1290(1),1500(1),-,-
GUJ Govt-Inst. Pref,UQ-SE,Gujarat,"BJMC, Ahmedabad",ANAESTHESIOLOGY,"₹30,000*","₹1,00,800",1*,"₹40,00,000*",1557,1103(2),1173(2),1288(2),-,-,-,-,1232(2),1441(2),1502(2),-,-
GUJ Govt-AllGujStud.,GQ-SE,Gujarat,"AMCET, Ahmedabad",TBRD,"₹9,67,000*","₹1,00,800*",0,₹0,1050,802(1),802(1),969(1),-,-,-,-,1054(1),1389(1),1505(1),-,-
GUJ Govt-AllGujStud.,GQ-EW,Gujarat,"GCS Med Coll, Ahmedabad",EMERGENCY MEDICINE,"₹15,00,000*","₹84,000*",0,₹0,750,-,-,-,-,-,-,-,1030(1),1383(1),1507(1),-,-
GUJ Govt-Inst. Pref,UQ-SE,Gujarat,"Dr MK Shah Med Coll, Ahmedabad",PAEDIATRICS,"₹23,00,000*","₹84,000*",0,₹0,350,-,-,-,-,-,-,-,1413(1),1573(1),1509(1),-,-
GUJ Govt-Inst. Pref,UQ-OP,Gujarat,"Parul IMS&R, Vadodara",RADIO DIAGNOSIS,"₹42,00,000*","₹1,00,800*",0,₹0,750,-,-,-,-,-,-,-,978(1),1510(1),1510(1),-,-
GUJ Govt-Inst. Pref,UQ-OP,Gujarat,"Medical College, Baroda",OPHTHALMOLOGY,"₹30,000*","₹1,00,800",1*,"₹40,00,000*",1250,-,-,-,-,-,-,-,566(1),892(1),1517(1),-,-
GUJ Mgmt Quota,MQ-MQ,Gujarat,"Parul IMS&R, Vadodara",RADIO DIAGNOSIS,"₹52,00,000*","₹1,00,800*",0,₹0,750,1004(1),1393(1),1838(1),-,-,-,-,1510(2),1519(2),1519(2),-,-
GUJ Govt-AllGujStud.,GQ-OP,Gujarat,"Dr ND Desai FMS & Res, Nadiad",GENERAL MEDICINE,"₹40,00,000*","₹84,000*",0,₹0,-,-,-,-,-,-,-,-,866(1),974(1),1520(1),-,-
GUJ Mgmt Quota,MQ-MQ,Gujarat,"NHL Med Coll, Ahmedabad",GENERAL SURGERY,"₹23,76,000*","₹84,000*",0,₹0,2220,1127(3),1376(8),1612(8),-,-,-,-,1094(3),1298(7),1527(7),-,-
GUJ Govt-AllGujStud.,GQ-OP,Gujarat,"CU Shah, Surendra Nagar",GENERAL SURGERY,"₹23,00,000*","₹84,000*",0,₹0,590,836(1),1202(1),1563(1),-,-,-,-,922(1),1164(1),1529(1),-,-
GUJ Govt-AllGujStud.,GQ-SE,Gujarat,"MP Shah, Jamnagar",ANAESTHESIOLOGY,"₹30,000*","₹1,00,800",1*,"₹40,00,000*",1250,1157(1),1294(1),1496(1),-,-,-,-,1210(1),1399(1),1530(1),-,-
GUJ Govt-AllGujStud.,GQ-SC,Gujarat,"GMERS, Gandhinagar",PAEDIATRICS,"₹11,25,000*","₹84,000*",0,₹0,980,-,-,-,-,-,-,-,1493(1),1536(1),1536(1),-,-
GUJ Govt-AllGujStud.,GQ-EW,Gujarat,"PDU Med Coll, Rajkot",RADIATION ONCOLOGY,"₹30,000*","₹1,00,800",1*,"₹40,00,000*",750,-,-,-,-,-,-,-,856(1),856(1),1537(1),-,-
GUJ Mgmt Quota,MQ-MQ,Gujarat,"NHL Med Coll, Ahmedabad",PSYCHIATRY,"₹29,70,000*","₹84,000*",0,₹0,2220,1625(1),1929(1),1929(1),-,-,-,-,1035(1),1538(1),1538(1),-,-
GUJ Govt-AllGujStud.,GQ-OP,Gujarat,"CU Shah, Surendra Nagar",ORTHOPAEDICS,"₹25,00,000*","₹84,000*",0,₹0,590,954(1),954(1),1300(1),-,-,-,-,1295(2),1309(2),1539(2),-,-
GUJ Govt-Inst. Pref,UQ-OP,Gujarat,"GMERS, Gotri, Vadodara",OPHTHALMOLOGY,"₹10,00,000*","₹84,000*",0,₹0,730,-,-,-,-,-,-,-,1024(1),1540(1),1540(1),-,-
GUJ Govt-AllGujStud.,GQ-SE,Gujarat,"AMCET, Ahmedabad",ENT,"₹9,67,000*","₹1,00,800*",0,₹0,1050,1335(1),1335(1),1554(1),-,-,-,-,1340(1),1544(1),1544(1),-,-
GUJ Govt-AllGujStud.,GQ-SC,Gujarat,"BJMC, Ahmedabad",OBG,"₹30,000*","₹1,00,800",1*,"₹40,00,000*",1557,683(1),1111(1),1229(1),2223(1),-,-,-,1127(1),1127(1),1546(1),-,-
GUJ Govt-Inst. Pref,UQ-OP,Gujarat,"CU Shah, Surendra Nagar",GENERAL SURGERY,"₹23,00,000*","₹84,000*",0,₹0,590,1078(1),1378(1),1995(1),-,-,-,-,1547(1),1547(1),1547(1),-,-
GUJ Govt-Inst. Pref,UQ-EW,Gujarat,"BJMC, Ahmedabad",ANAESTHESIOLOGY,"₹30,000*","₹1,00,800",1*,"₹40,00,000*",1557,1025(1),1025(1),1156(1),-,-,-,-,921(1),1145(1),1553(1),-,-
GUJ Govt-AllGujStud.,GQ-OP,Gujarat,"Nootan Med Coll & RC, Mehsana",RADIO DIAGNOSIS,"₹44,00,000*","₹84,000*",0,₹0,-,-,-,-,-,-,-,-,940(1),1554(1),1554(1),-,-
GUJ Govt-Inst. Pref,UQ-SE,Gujarat,"GMERS, Sola",OBG,"₹11,25,000*","₹84,000*",0,₹0,900,-,-,-,-,-,-,-,1009(1),1009(1),1560(1),-,-
GUJ Govt-AllGujStud.,GQ-SE,Gujarat,"PDU Med Coll, Rajkot",ANAESTHESIOLOGY,"₹30,000*","₹1,00,800",1*,"₹40,00,000*",750,1155(1),1309(2),1545(2),-,-,-,-,1322(2),1436(2),1563(2),-,-
GUJ Mgmt Quota,MQ-MQ,Gujarat,"Adani Institute, Bhuj",PSYCHIATRY,"₹18,00,000*","₹84,000*",0,₹0,750,-,-,-,-,-,-,-,-,1320(1),1566(1),-,-
GUJ Govt-Inst. Pref,UQ-OP,Gujarat,"Dr MK Shah Med Coll, Ahmedabad",GENERAL SURGERY,"₹22,00,000*","₹84,000*",0,₹0,350,1204(1),1362(1),1516(1),-,-,-,-,1128(2),1545(2),1567(2),-,-
GUJ Govt-Inst. Pref,UQ-SE,Gujarat,"PDU Med Coll, Rajkot",ANAESTHESIOLOGY,"₹30,000*","₹1,00,800",1*,"₹40,00,000*",750,1175(1),1301(1),1391(1),-,-,-,-,1305(1),1410(1),1569(1),-,-
GUJ Govt-AllGujStud.,GQ-OP,Gujarat,"CU Shah, Surendra Nagar",OPHTHALMOLOGY,"₹15,00,000*","₹84,000*",0,₹0,590,-,-,-,-,-,-,-,1356(1),1329(1),1570(1),-,-
GUJ Govt-Inst. Pref,UQ-EW,Gujarat,"Govt Med Coll, Surat",ENT,"₹30,000*","₹1,00,800",1*,"₹40,00,000*",1150,-,-,-,-,-,-,-,871(1),662(1),1572(1),-,-
GUJ Govt-Inst. Pref,UQ-SE,Gujarat,"GMERS, Sola",OPHTHALMOLOGY,"₹10,00,000*","₹84,000*",0,₹0,900,-,-,-,-,-,-,-,1561(1),1561(1),1573(1),-,-
GUJ Govt-AllGujStud.,GQ-OP,Gujarat,"Surat Municipal, Surat",OPHTHALMOLOGY,"₹18,64,000*","₹84,000*",0,₹0,750,1252(2),1459(2),1750(2),-,-,-,-,975(2),1354(2),1574(2),-,-
GUJ Govt-AllGujStud.,GQ-EW,Gujarat,"Pramukhswami Med Coll, Karmsad",ENT,"₹12,00,000*","₹84,000*",0,₹0,1000,1441(1),1488(1),1930(1),-,-,-,-,1470(1),1470(1),1578(1),-,-
GUJ Govt-AllGujStud.,GQ-SE,Gujarat,"Surat Municipal, Surat",GENERAL SURGERY,"₹18,64,000*","₹84,000*",0,₹0,750,1053(3),1295(3),1608(3),-,-,-,-,1387(4),1455(4),1587(4),-,-
GUJ Govt-AllGujStud.,GQ-OP,Gujarat,"Surat Municipal, Surat",TBRD,"₹18,64,000*","₹84,000*",0,₹0,750,869(2),991(2),1008(2),-,-,-,-,1109(2),1263(2),1589(2),1592(1),-
GUJ Govt-AllGujStud.,GQ-SE,Gujarat,"GR Doshi & KM Mehta, Ahmedabad",ANAESTHESIOLOGY,"₹30,000*","₹1,00,800",1*,"₹40,00,000*",400,1140(1),1334(1),1813(1),2120(1),-,-,-,1202(1),1438(1),1590(1),-,-
GUJ Govt-Inst. Pref,UQ-SE,Gujarat,"Govt Med Coll, Bhavnagar",ENT,"₹30,000*","₹1,00,800",1*,"₹40,00,000*",720,-,-,-,-,-,-,-,1963(1),1591(1),1591(1),-,-
GUJ Govt-AllGujStud.,GQ-SE,Gujarat,"GMERS, Gotri, Vadodara",OPHTHALMOLOGY,"₹10,00,000*","₹84,000*",0,₹0,730,-,-,-,-,-,-,-,1414(1),1595(1),1595(1),-,-
GUJ Govt-Inservice,IQ-OP,Gujarat,"BJMC, Ahmedabad",RADIO DIAGNOSIS,"₹30,000*","₹1,00,800",1*,"₹40,00,000*",1557,2077(1),2077(1),2077(1),-,-,-,-,1597(1),1597(1),1597(1),-,-
GUJ Mgmt Quota,MQ-MQ,Gujarat,"GCS Med Coll, Ahmedabad",PSYCHIATRY,"₹24,00,000*","₹84,000*",0,₹0,750,1754(1),2177(1),2177(1),-,-,-,-,-,1266(1),1600(1),-,-
GUJ Govt-Inst. Pref,UQ-OP,Gujarat,"Adani Institute, Bhuj",OBG,"₹27,00,000*","₹84,000*",0,₹0,750,-,-,-,-,-,-,-,1010(1),1010(1),1603(1),-,-
GUJ Govt-AllGujStud.,GQ-OP,Gujarat,"NHL Med Coll, Ahmedabad",ANAESTHESIOLOGY,"₹7,93,000*","₹84,000*",0,₹0,2220,1261(6),1359(6),1575(6),-,-,-,-,1170(5),1256(5),1604(5),-,-
GUJ Govt-AllGujStud.,GQ-EW,Gujarat,"CU Shah, Surendra Nagar",GENERAL SURGERY,"₹23,00,000*","₹84,000*",0,₹0,590,-,-,-,-,-,-,-,1164(1),1349(1),1606(1),-,-
GUJ Mgmt Quota,MQ-MQ,Gujarat,"Adani Institute, Bhuj",GENERAL MEDICINE,"₹42,00,000*","₹84,000*",0,₹0,750,557(1),777(2),777(2),-,-,-,-,729(1),1524(2),1609(2),-,-
GUJ Govt-Inst. Pref,UQ-SC,Gujarat,"GCS Med Coll, Ahmedabad",PAEDIATRICS,"₹19,00,000*","₹84,000*",0,₹0,750,-,-,-,-,-,-,-,1536(1),1612(1),1612(1),-,-
GUJ Govt-AllGujStud.,GQ-SE,Gujarat,"GCS Med Coll, Ahmedabad",ENT,"₹10,00,000*","₹84,000*",0,₹0,750,-,-,-,-,-,-,-,1478(1),1617(1),1617(1),-,-
GUJ Govt-Inst. Pref,UQ-SE,Gujarat,"GMERS, Sola",PSYCHIATRY,"₹8,75,000*","₹84,000*",0,₹0,900,-,-,-,-,-,-,-,1014(1),1232(1),1618(1),-,-
GUJ Govt-AllGujStud.,GQ-OP,Gujarat,"GCS Med Coll, Ahmedabad",TBRD,"₹21,00,000*","₹84,000*",0,₹0,750,-,-,-,-,-,-,-,1119(1),1119(1),1621(1),-,-
GUJ Govt-AllGujStud.,GQ-SE,Gujarat,"Dr MK Shah Med Coll, Ahmedabad",TBRD,"₹11,50,000*","₹84,000*",0,₹0,350,1143(1),1143(1),1260(1),-,-,-,-,1432(1),1505(1),1624(1),-,-
GUJ Govt-AllGujStud.,GQ-SE,Gujarat,"CU Shah, Surendra Nagar",ORTHOPAEDICS,"₹25,00,000*","₹84,000*",0,₹0,590,-,-,-,-,-,-,-,1424(1),1424(1),1630(1),-,-
GUJ Mgmt Quota,MQ-MQ,Gujarat,"AMCET, Ahmedabad",EMERGENCY MEDICINE,"₹24,00,000*","₹1,00,800*",0,₹0,1050,-,1560(1),1668(1),-,-,-,-,1631(1),1631(1),1631(1),-,-
GUJ Govt-AllGujStud.,GQ-OP,Gujarat,"Pramukhswami Med Coll, Karmsad",TBRD,"₹22,00,000*","₹84,000*",0,₹0,1000,1320(3),1320(3),1499(3),-,-,-,-,1239(1),1244(1),1632(1),-,-
GUJ Govt-AllGujStud.,GQ-OP-PH,Gujarat,"BJMC, Ahmedabad",OPHTHALMOLOGY,"₹30,000*","₹1,00,800",1*,"₹40,00,000*",1557,-,-,-,-,-,-,-,1637(1),1637(1),1637(1),-,-
GUJ Govt-AllGujStud.,GQ-OP,Gujarat,"Pramukhswami Med Coll, Karmsad",PAEDIATRICS,"₹32,00,000*","₹84,000*",0,₹0,1000,791(1),1013(1),1207(1),1949(1),-,-,-,1255(1),1442(1),1638(1),-,-
GUJ Govt-AllGujStud.,GQ-OP,Gujarat,"Adani Institute, Bhuj",EMERGENCY MEDICINE,"₹15,00,000*","₹84,000*",0,₹0,750,-,-,-,-,-,-,-,1231(2),1304(2),1639(2),-,-
GUJ Govt-AllGujStud.,GQ-SE,Gujarat,"GCS Med Coll, Ahmedabad",OPHTHALMOLOGY,"₹11,00,000*","₹84,000*",0,₹0,750,-,-,-,-,-,-,-,1573(1),1641(1),1641(1),-,-
GUJ Govt-Inst. Pref,UQ-OP,Gujarat,"Govt Med Coll, Bhavnagar",ANAESTHESIOLOGY,"₹30,000*","₹1,00,800",1*,"₹40,00,000*",720,-,-,-,-,-,-,-,1591(1),1369(1),1649(1),-,-
GUJ Govt-AllGujStud.,GQ-SE,Gujarat,"BJMC, Ahmedabad",RADIATION ONCOLOGY,"₹30,000*","₹1,00,800",1*,"₹40,00,000*",1557,-,-,-,-,-,-,-,859(1),859(1),1650(1),-,-
GUJ Govt-AllGujStud.,GQ-OP,Gujarat,"Dr ND Desai FMS & Res, Nadiad",ENT,"₹10,50,000*","₹84,000*",0,₹0,-,-,-,-,-,-,-,-,1172(1),1172(1),1652(1),-,-
GUJ Mgmt Quota,MQ-MQ,Gujarat,"CU Shah, Surendra Nagar",GENERAL MEDICINE,"₹42,00,000*","₹84,000*",0,₹0,590,667(1),901(2),983(2),-,-,-,-,858(1),1469(2),1654(2),-,-
GUJ Govt-AllGujStud.,GQ-OP,Gujarat,"Dr MK Shah Med Coll, Ahmedabad",GENERAL SURGERY,"₹22,00,000*","₹84,000*",0,₹0,350,1163(2),1361(2),1694(2),-,-,-,-,1260(3),1494(3),1660(3),-,-
GUJ Mgmt Quota,MQ-MQ,Gujarat,"GCS Med Coll, Ahmedabad",ORTHOPAEDICS,"₹36,00,000*","₹84,000*",0,₹0,750,1271(1),1430(2),2150(2),-,-,-,-,1426(1),1664(1),1664(1),-,-
GUJ Govt-AllGujStud.,GQ-OP,Gujarat,"MP Shah, Jamnagar",PHARMACOLOGY,"₹30,000*","₹1,00,800",0*,₹0*,1250,-,2558(2),2593(2),-,-,-,-,-,1665(1),1665(1),-,-
GUJ Govt-AllGujStud.,GQ-SE,Gujarat,"Surat Municipal, Surat",TBRD,"₹18,64,000*","₹84,000*",0,₹0,750,-,-,-,-,-,-,-,1555(1),1555(1),1671(1),2709(1),-
GUJ Govt-Inst. Pref,UQ-SC,Gujarat,"BJMC, Ahmedabad",OPHTHALMOLOGY,"₹30,000*","₹1,00,800",1*,"₹40,00,000*",1557,-,-,-,-,-,-,-,1672(1),2380(1),1672(1),-,-
GUJ Govt-AllGujStud.,GQ-EW,Gujarat,"CU Shah, Surendra Nagar",OPHTHALMOLOGY,"₹15,00,000*","₹84,000*",0,₹0,590,-,-,-,-,-,-,-,1442(1),1570(1),1677(1),-,-
GUJ Govt-Inst. Pref,UQ-ST,Gujarat,"NHL Med Coll, Ahmedabad",RADIO DIAGNOSIS,"₹7,93,000*","₹84,000*",0,₹0,2220,2058(1),2058(1),2058(1),-,-,-,-,1678(1),1678(1),1678(1),-,-
GUJ Govt-AllGujStud.,GQ-OP,Gujarat,"AMCET, Ahmedabad",ANAESTHESIOLOGY,"₹9,67,000*","₹1,00,800*",0,₹0,1050,1039(2),1377(2),1505(2),-,-,-,-,1163(4),1332(4),1679(4),-,-
GUJ Govt-Inst. Pref,UQ-EW,Gujarat,"GMERS, Gotri, Vadodara",TBRD,"₹8,75,000*","₹84,000*",0,₹0,730,-,-,-,-,-,-,-,1032(1),1032(1),1690(1),-,-
GUJ Govt-AllGujStud.,GQ-SE,Gujarat,"Dr MK Shah Med Coll, Ahmedabad",GENERAL SURGERY,"₹22,00,000*","₹84,000*",0,₹0,350,1362(2),1806(2),2006(2),-,-,-,-,1520(1),1691(1),1691(1),-,-
GUJ Govt-Inst. Pref,UQ-SE,Gujarat,"BJMC, Ahmedabad",ENT,"₹30,000*","₹1,00,800",1*,"₹40,00,000*",1557,998(1),998(1),998(1),-,-,-,-,1191(1),1144(1),1694(1),-,-
GUJ Govt-AllGujStud.,GQ-OP,Gujarat,"Adani Institute, Bhuj",GENERAL SURGERY,"₹24,00,000*","₹84,000*",0,₹0,750,1262(2),1563(2),1708(2),-,-,-,-,1347(3),1611(3),1695(3),-,-
GUJ Mgmt Quota,MQ-MQ,Gujarat,"CU Shah, Surendra Nagar",RADIO DIAGNOSIS,"₹49,00,000*","₹84,000*",0,₹0,590,959(1),1506(2),1746(2),-,-,-,-,973(1),1698(2),1698(2),-,-
GUJ Govt-AllGujStud.,GQ-EW,Gujarat,"NHL Med Coll, Ahmedabad",ANAESTHESIOLOGY,"₹7,93,000*","₹84,000*",0,₹0,2220,1325(1),1404(1),1591(1),-,-,-,-,1263(2),1330(2),1699(2),-,-
GUJ Govt-AllGujStud.,GQ-SE,Gujarat,"Adani Institute, Bhuj",OBG,"₹27,00,000*","₹84,000*",0,₹0,750,1131(1),1131(1),1131(1),-,-,-,-,1179(1),1179(1),1701(1),-,-
GUJ Govt-AllGujStud.,GQ-OP,Gujarat,"GMERS, Sola",ANAESTHESIOLOGY,"₹11,25,000*","₹84,000*",0,₹0,900,1322(1),1322(1),1449(1),-,-,-,-,1325(2),1337(2),1705(2),-,-
GUJ Govt-AllGujStud.,GQ-SE,Gujarat,"AMCET, Ahmedabad",ANAESTHESIOLOGY,"₹9,67,000*","₹1,00,800*",0,₹0,1050,1336(2),1505(2),1873(2),-,-,-,-,1480(2),1530(2),1709(2),-,-
GUJ Govt-AllGujStud.,GQ-SE,Gujarat,"Adani Institute, Bhuj",GENERAL SURGERY,"₹24,00,000*","₹84,000*",0,₹0,750,1356(1),1862(1),2211(1),-,-,-,-,1711(1),1711(1),1711(1),-,-
GUJ Govt-Inst. Pref,UQ-OP,Gujarat,"NHL Med Coll, Ahmedabad",ANAESTHESIOLOGY,"₹7,93,000*","₹84,000*",0,₹0,2220,1063(1),1197(1),1197(1),-,-,-,-,1289(2),1327(2),1713(2),-,-
GUJ Govt-AllGujStud.,GQ-EW,Gujarat,"Dr MK Shah Med Coll, Ahmedabad",ORTHOPAEDICS,"₹25,00,000*","₹84,000*",0,₹0,350,-,-,-,-,-,-,-,1402(1),1716(1),1716(1),-,-
GUJ Govt-AllGujStud.,GQ-SE,Gujarat,"CU Shah, Surendra Nagar",GENERAL SURGERY,"₹23,00,000*","₹84,000*",0,₹0,590,1295(1),1333(1),1672(1),-,-,-,-,1691(1),1723(1),1723(1),-,-
GUJ Mgmt Quota,MQ-MQ,Gujarat,"Nootan Med Coll & RC, Mehsana",RADIO DIAGNOSIS,"₹52,00,000*","₹84,000*",0,₹0,-,-,-,-,-,-,-,-,1654(1),1749(1),1725(1),-,-
GUJ Mgmt Quota,MQ-MQ,Gujarat,"Surat Municipal, Surat",OBG,"₹41,50,000*","₹84,000*",0,₹0,750,1137(2),1746(4),1751(4),-,-,-,-,1531(2),1726(4),1726(4),-,-
GUJ Govt-Inst. Pref,UQ-EW,Gujarat,"MP Shah, Jamnagar",PATHOLOGY,"₹30,000*","₹1,00,800",1*,"₹40,00,000*",1250,-,-,-,-,-,-,-,1491(1),1727(1),1727(1),-,-
GUJ Govt-AllGujStud.,GQ-SE,Gujarat,"Parul IMS&R, Vadodara",RADIO DIAGNOSIS,"₹42,00,000*","₹1,00,800*",0,₹0,750,-,-,-,-,-,-,-,1728(1),1728(1),1728(1),-,-
GUJ Govt-AllGujStud.,GQ-EW,Gujarat,"Adani Institute, Bhuj",PAEDIATRICS,"₹27,00,000*","₹84,000*",0,₹0,750,-,-,-,-,-,-,-,1079(1),1326(1),1731(1),-,-
GUJ Govt-AllGujStud.,GQ-OP,Gujarat,"Parul IMS&R, Vadodara",PAEDIATRICS,"₹32,00,000*","₹1,00,800*",0,₹0,750,1452(1),1955(1),2057(1),-,-,-,-,1358(2),1541(2),1734(2),-,-
GUJ Govt-AllGujStud.,GQ-SE,Gujarat,"Pramukhswami Med Coll, Karmsad",DERMATOLOGY,"₹34,00,000*","₹84,000*",0,₹0,1000,-,-,-,-,-,-,-,1735(1),1735(1),1735(1),-,-
GUJ Govt-Inst. Pref,UQ-SE,Gujarat,"AMCET, Ahmedabad",ENT,"₹9,67,000*","₹1,00,800*",0,₹0,1050,-,-,-,-,-,-,-,1750(1),1750(1),1750(1),-,-
GUJ Govt-AllGujStud.,GQ-SE,Gujarat,"NHL Med Coll, Ahmedabad",ANAESTHESIOLOGY,"₹7,93,000*","₹84,000*",0,₹0,2220,1333(4),1464(4),2090(4),2167(1),-,-,-,1563(4),1643(4),1752(4),-,-
GUJ Mgmt Quota,MQ-MQ,Gujarat,"Dr MK Shah Med Coll, Ahmedabad",GENERAL SURGERY,"₹30,00,000*","₹84,000*",0,₹0,350,1516(1),2015(2),2464(2),-,-,-,-,1460(2),1753(3),1753(3),-,-
GUJ Mgmt Quota,MQ-MQ,Gujarat,"Adani Institute, Bhuj",OBG,"₹36,00,000*","₹84,000*",0,₹0,750,1007(1),1147(2),1454(2),-,-,-,-,1143(1),1362(2),1754(2),-,-
GUJ Govt-Inst. Pref,UQ-SE,Gujarat,"GCS Med Coll, Ahmedabad",TBRD,"₹21,00,000*","₹84,000*",0,₹0,750,-,-,-,-,-,-,-,1758(1),1758(1),1758(1),-,-
GUJ Mgmt Quota,MQ-MQ,Gujarat,"Adani Institute, Bhuj",DERMATOLOGY,"₹48,00,000*","₹84,000*",0,₹0,750,843(1),843(1),947(1),-,-,-,-,-,1761(1),1761(1),-,-
GUJ Govt-Inst. Pref,UQ-SE,Gujarat,"NHL Med Coll, Ahmedabad",ENT,"₹7,93,000*","₹84,000*",0,₹0,2220,-,-,-,-,-,-,-,1694(1),1694(1),1767(1),-,-
GUJ Govt-AllGujStud.,GQ-EW,Gujarat,"AMCET, Ahmedabad",ANAESTHESIOLOGY,"₹9,67,000*","₹1,00,800*",0,₹0,1050,1047(1),1436(1),1600(1),-,-,-,-,1199(1),1371(1),1768(1),-,-
GUJ Govt-Inst. Pref,UQ-SE,Gujarat,"Surat Municipal, Surat",GENERAL SURGERY,"₹18,64,000*","₹84,000*",0,₹0,750,1515(1),1590(1),1590(1),-,-,-,-,1772(2),1772(2),1772(2),-,-
GUJ Govt-AllGujStud.,GQ-OP,Gujarat,"Zydus Med Coll & Hosp, Dahod",GENERAL SURGERY,"₹28,00,000*","₹84,000*",0,₹0,-,1300(3),1699(3),1983(3),-,-,-,-,1567(2),1527(2),1776(2),-,-
GUJ Govt-Inst. Pref,UQ-OP,Gujarat,"Pramukhswami Med Coll, Karmsad",PAEDIATRICS,"₹32,00,000*","₹84,000*",0,₹0,1000,-,-,-,-,-,-,-,1780(1),1780(1),1780(1),-,-
GUJ Govt-AllGujStud.,GQ-EW,Gujarat,"GMERS, Sola",ANAESTHESIOLOGY,"₹11,25,000*","₹84,000*",0,₹0,900,1448(1),1448(1),1623(1),-,-,-,-,1330(1),1394(1),1784(1),-,-
GUJ Mgmt Quota,MQ-MQ,Gujarat,"Pramukhswami Med Coll, Karmsad",DERMATOLOGY,"₹50,00,000*","₹84,000*",0,₹0,1000,-,1067(1),1067(1),-,-,-,-,-,1785(1),1785(1),-,-
GUJ Govt-AllGujStud.,GQ-OP,Gujarat,"Adani Institute, Bhuj",ENT,"₹12,00,000*","₹84,000*",0,₹0,750,1392(1),1602(1),1794(1),-,-,-,-,1461(1),1461(1),1788(1),-,-
GUJ Govt-AllGujStud.,GQ-OP,Gujarat,"Parul IMS&R, Vadodara",ENT,"₹10,00,000*","₹1,00,800*",0,₹0,750,1348(1),1725(1),1676(1),-,-,-,-,1314(1),1223(1),1789(1),-,-
GUJ Govt-AllGujStud.,GQ-ST,Gujarat,"NHL Med Coll, Ahmedabad",RADIO DIAGNOSIS,"₹7,93,000*","₹84,000*",0,₹0,2220,1498(1),1498(1),2101(1),-,-,-,-,1790(1),1790(1),1790(1),-,-
GUJ Govt-AllGujStud.,GQ-SC,Gujarat,"Zydus Med Coll & Hosp, Dahod",RADIO DIAGNOSIS,"₹35,20,000*","₹84,000*",0,₹0,-,-,-,-,-,-,-,-,1791(1),1791(1),1791(1),-,-
GUJ Mgmt Quota,MQ-MQ,Gujarat,"Pramukhswami Med Coll, Karmsad",PAEDIATRICS,"₹48,00,000*","₹84,000*",0,₹0,1000,1340(1),2068(2),2068(2),-,-,-,-,1052(1),1795(1),1795(1),-,-
GUJ Mgmt Quota,MQ-MQ,Gujarat,"Zydus Med Coll & Hosp, Dahod",GENERAL MEDICINE,"₹40,00,000*","₹84,000*",0,₹0,-,986(3),1201(3),1201(3),-,-,-,-,982(3),1308(3),1796(3),-,-
GUJ Govt-AllGujStud.,GQ-SE,Gujarat,"Zydus Med Coll & Hosp, Dahod",OBG,"₹32,00,000*","₹84,000*",0,₹0,-,1586(2),1586(2),1586(2),-,-,-,-,1671(1),1774(2),1797(2),-,-
GUJ Govt-Inst. Pref,UQ-SE,Gujarat,"NHL Med Coll, Ahmedabad",ANAESTHESIOLOGY,"₹7,93,000*","₹84,000*",0,₹0,2220,1479(2),1968(2),2049(2),-,-,-,-,1351(1),1767(1),1798(1),-,-
GUJ Govt-AllGujStud.,GQ-SE,Gujarat,"GMERS, Sola",ANAESTHESIOLOGY,"₹11,25,000*","₹84,000*",0,₹0,900,1627(2),1863(2),2175(2),-,-,-,-,1625(1),1709(1),1801(1),-,-
GUJ Govt-AllGujStud.,GQ-SE,Gujarat,"Adani Institute, Bhuj",EMERGENCY MEDICINE,"₹15,00,000*","₹84,000*",0,₹0,750,1179(1),1179(1),1670(1),-,-,-,-,1639(1),1639(1),1805(1),-,-
GUJ Govt-AllGujStud.,GQ-OP,Gujarat,"Dr ND Desai FMS & Res, Nadiad",OPHTHALMOLOGY,"₹30,00,000*","₹84,000*",0,₹0,-,-,-,-,-,-,-,-,-,1806(1),1806(1),-,-
GUJ Govt-AllGujStud.,GQ-ST,Gujarat,"AMCET, Ahmedabad",RADIO DIAGNOSIS,"₹9,67,000*","₹1,00,800*",0,₹0,1050,1162(1),1162(1),1498(1),-,-,-,-,1808(1),1808(1),1808(1),-,-
GUJ Mgmt Quota,MQ-MQ,Gujarat,"AMCET, Ahmedabad",TBRD,"₹25,00,000*","₹1,00,800*",0,₹0,1050,-,1114(2),1114(2),-,-,-,-,1129(1),1437(3),1813(3),-,-
GUJ Govt-AllGujStud.,GQ-OP,Gujarat,"GCS Med Coll, Ahmedabad",ANAESTHESIOLOGY,"₹11,00,000*","₹84,000*",0,₹0,750,1433(3),1623(3),1678(3),-,-,-,-,1465(3),1504(3),1814(3),-,-
GUJ Govt-AllGujStud.,GQ-OP,Gujarat,"GMERS, Gotri, Vadodara",ANAESTHESIOLOGY,"₹11,25,000*","₹84,000*",0,₹0,730,1405(2),1628(2),1696(2),-,-,-,-,1363(4),1474(4),1815(4),-,-
GUJ Mgmt Quota,MQ-MQ,Gujarat,"Parul IMS&R, Vadodara",GENERAL MEDICINE,"₹42,00,000*","₹1,00,800*",0,₹0,750,1099(1),1099(1),1099(1),-,-,-,-,1192(3),1596(3),1816(3),-,-
GUJ Govt-AllGujStud.,GQ-SC,Gujarat,"Govt Med Coll, Surat",OBG,"₹30,000*","₹1,00,800",1*,"₹40,00,000*",1150,-,-,-,-,-,-,-,1198(1),1546(1),1820(1),-,-
GUJ Govt-Inst. Pref,UQ-OP,Gujarat,"Pramukhswami Med Coll, Karmsad",TBRD,"₹22,00,000*","₹84,000*",0,₹0,1000,-,-,-,-,-,-,-,1821(1),1821(1),1821(1),-,-
GUJ Govt-AllGujStud.,GQ-SE,Gujarat,"Nootan Med Coll & RC, Mehsana",GENERAL SURGERY,"₹22,00,000*","₹84,000*",0,₹0,-,-,-,-,-,-,-,-,1723(1),1560(1),1823(1),-,-
GUJ Govt-AllGujStud.,GQ-EW,Gujarat,"Nootan Med Coll & RC, Mehsana",GENERAL SURGERY,"₹22,00,000*","₹84,000*",0,₹0,-,-,-,-,-,-,-,-,1529(1),1529(1),1828(1),-,-
GUJ Govt-AllGujStud.,GQ-SE,Gujarat,"GCS Med Coll, Ahmedabad",ANAESTHESIOLOGY,"₹11,00,000*","₹84,000*",0,₹0,750,1667(1),1667(1),2231(1),-,-,-,-,1709(1),1798(1),1832(1),2376(1),-
GUJ Mgmt Quota,MQ-MQ,Gujarat,"Zydus Med Coll & Hosp, Dahod",RADIO DIAGNOSIS,"₹58,19,000*","₹84,000*",0,₹0,-,1139(1),1683(1),1818(1),-,-,-,-,1680(1),1834(1),1834(1),-,-
GUJ Govt-AllGujStud.,GQ-SC,Gujarat,"NHL Med Coll, Ahmedabad",OBG,"₹7,93,000*","₹84,000*",0,₹0,2220,1366(1),1716(1),1587(1),-,-,-,-,1565(2),1757(2),1835(2),-,-
GUJ Govt-AllGujStud.,GQ-EW,Gujarat,"Pramukhswami Med Coll, Karmsad",TBRD,"₹22,00,000*","₹84,000*",0,₹0,1000,-,-,-,-,-,-,-,1293(1),1293(1),1843(1),-,-
GUJ Govt-AllGujStud.,GQ-SE,Gujarat,"NHL Med Coll, Ahmedabad",ENT,"₹7,93,000*","₹84,000*",0,₹0,2220,1176(1),1176(1),1644(1),-,-,-,-,1251(1),1311(1),1844(1),-,-
GUJ Govt-AllGujStud.,GQ-EW,Gujarat,"BJMC, Ahmedabad",PALLIATIVE MEDICINE,"₹30,000*","₹1,00,800",1*,"₹40,00,000*",1557,-,-,-,-,-,-,-,1412(1),1412(1),1845(1),2874(1),-
GUJ Govt-AllGujStud.,GQ-OP,Gujarat,"Pramukhswami Med Coll, Karmsad",GENERAL SURGERY,"₹33,00,000*","₹84,000*",0,₹0,1000,1535(3),1875(3),2277(3),-,-,-,-,1611(2),1848(2),1848(2),-,-
GUJ Govt-AllGujStud.,GQ-SE,Gujarat,"GMERS, Gandhinagar",ENT,"₹8,75,000*","₹84,000*",0,₹0,980,-,-,-,-,-,-,-,1395(1),1495(1),1849(1),-,-
GUJ Govt-AllGujStud.,GQ-OP,Gujarat,"Parul IMS&R, Vadodara",GENERAL SURGERY,"₹30,00,000*","₹1,00,800*",0,₹0,750,1654(1),2163(1),2671(1),3011(1),-,-,-,1754(2),1812(2),1851(2),-,-
GUJ Govt-AllGujStud.,GQ-OP,Gujarat,"MP Shah, Jamnagar",SPM,"₹30,000*","₹1,00,800",0*,₹0*,1250,2083(1),2982(1),3238(1),-,-,-,-,-,1852(1),1852(1),-,-
GUJ Govt-AllGujStud.,GQ-OP,Gujarat,"GMERS, Gandhinagar",ANAESTHESIOLOGY,"₹11,25,000*","₹84,000*",0,₹0,980,1450(3),1573(3),1757(3),-,-,-,-,1329(2),1404(2),1853(2),-,-
GUJ Govt-AllGujStud.,GQ-ST,Gujarat,"BJMC, Ahmedabad",OBG,"₹30,000*","₹1,00,800",1*,"₹40,00,000*",1557,1290(2),1290(2),1290(2),-,-,-,-,1857(1),1857(1),1857(1),-,-
GUJ Govt-AllGujStud.,GQ-OP,Gujarat,"Pramukhswami Med Coll, Karmsad",OPHTHALMOLOGY,"₹33,00,000*","₹84,000*",0,₹0,1000,-,-,-,-,-,-,-,-,1858(1),1858(1),-,-
GUJ Mgmt Quota,MQ-MQ,Gujarat,"NHL Med Coll, Ahmedabad",EMERGENCY MEDICINE,"₹21,30,000*","₹84,000*",0,₹0,2220,-,1076(1),1601(1),-,-,-,-,1148(1),1861(1),1861(1),-,-
GUJ Govt-AllGujStud.,GQ-SE,Gujarat,"PDU Med Coll, Rajkot",DA,"₹20,000*","₹75,600*",1*,"₹40,00,000*",750,-,-,-,-,-,-,-,1438(1),1447(1),1863(1),-,-
GUJ Govt-Inst. Pref,UQ-SE,Gujarat,"GMERS, Sola",ANAESTHESIOLOGY,"₹11,25,000*","₹84,000*",0,₹0,900,-,-,-,-,-,-,-,1624(1),1865(1),1865(1),-,-
GUJ Govt-Inst. Pref,UQ-OP,Gujarat,"Pramukhswami Med Coll, Karmsad",OBG,"₹32,00,000*","₹84,000*",0,₹0,1000,-,-,-,-,-,-,-,1401(1),1401(1),1867(1),-,-
GUJ Govt-AllGujStud.,GQ-SE,Gujarat,"Dr ND Desai FMS & Res, Nadiad",ENT,"₹10,50,000*","₹84,000*",0,₹0,-,-,-,-,-,-,-,-,1641(1),1870(1),1870(1),-,-
GUJ Govt-AllGujStud.,GQ-SE,Gujarat,"Dr MK Shah Med Coll, Ahmedabad",ORTHOPAEDICS,"₹25,00,000*","₹84,000*",0,₹0,350,1144(1),1222(1),1806(1),-,-,-,-,1587(1),1587(1),1882(1),-,-
GUJ Govt-AllGujStud.,GQ-OP,Gujarat,"Medical College, Baroda",PATHOLOGY,"₹30,000*","₹1,00,800",1*,"₹40,00,000*",1250,-,1575(1),1755(1),-,-,-,-,-,1645(2),1884(2),-,-
GUJ Govt-AllGujStud.,GQ-EW,Gujarat,"Medical College, Baroda",PATHOLOGY,"₹30,000*","₹1,00,800",1*,"₹40,00,000*",1250,-,1795(1),2082(1),-,-,-,-,-,-,1886(1),-,-
GUJ Govt-Inst. Pref,UQ-SE,Gujarat,"Adani Institute, Bhuj",PAEDIATRICS,"₹27,00,000*","₹84,000*",0,₹0,750,-,-,-,-,-,-,-,1891(1),1891(1),1891(1),-,-
GUJ Govt-AllGujStud.,GQ-SC,Gujarat,"Zydus Med Coll & Hosp, Dahod",GENERAL MEDICINE,"₹28,50,000*","₹84,000*",0,₹0,-,1311(1),1311(1),2141(1),-,-,-,-,1393(1),1896(1),1896(1),-,-
GUJ Mgmt Quota,MQ-MQ,Gujarat,"Adani Institute, Bhuj",EMERGENCY MEDICINE,"₹18,00,000*","₹84,000*",0,₹0,750,-,1303(1),1828(1),-,-,-,-,-,1635(1),1898(1),-,-
GUJ Govt-AllGujStud.,GQ-OP,Gujarat,"BJMC, Ahmedabad",PHARMACOLOGY,"₹30,000*","₹1,00,800",0*,₹0*,1557,-,1935(1),2369(1),-,-,-,-,1545(2),1883(3),1908(3),-,-
GUJ Govt-Inst. Pref,UQ-OP,Gujarat,"Govt Med Coll, Bhavnagar",PATHOLOGY,"₹30,000*","₹1,00,800",1*,"₹40,00,000*",720,1424(1),2639(1),2639(1),-,-,-,-,1649(1),2244(1),1909(1),-,-
GUJ Govt-AllGujStud.,GQ-EW,Gujarat,"Zydus Med Coll & Hosp, Dahod",GENERAL SURGERY,"₹28,00,000*","₹84,000*",0,₹0,-,1337(1),1676(1),2046(1),-,-,-,-,1606(1),1632(1),1914(1),-,-
GUJ Govt-AllGujStud.,GQ-EW,Gujarat,"Parul IMS&R, Vadodara",TBRD,"₹21,50,000*","₹1,00,800*",0,₹0,750,1380(1),1380(1),2251(1),-,-,-,-,1429(1),1429(1),1916(1),-,-
GUJ Mgmt Quota,MQ-MQ,Gujarat,"CU Shah, Surendra Nagar",OBG,"₹41,00,000*","₹84,000*",0,₹0,590,1149(1),1533(1),1533(1),-,-,-,-,-,1867(1),1925(1),-,-
GUJ Govt-AllGujStud.,GQ-OP,Gujarat,"Dr ND Desai FMS & Res, Nadiad",OBG,"₹40,00,000*","₹84,000*",0,₹0,-,-,-,-,-,-,-,-,1679(2),1781(2),1925(2),-,-
GUJ Govt-AllGujStud.,GQ-SC,Gujarat,"Govt Med Coll, Surat",PSYCHIATRY,"₹30,000*","₹1,00,800",1*,"₹40,00,000*",1150,-,-,-,-,-,-,-,1548(1),1929(1),1929(1),-,-
GUJ Govt-AllGujStud.,GQ-SC,Gujarat,"Govt Med Coll, Surat",GENERAL SURGERY,"₹30,000*","₹1,00,800",1*,"₹40,00,000*",1150,-,1587(1),1723(1),-,-,-,-,1242(1),1672(1),1930(1),-,-
GUJ Govt-AllGujStud.,GQ-SE,Gujarat,"MP Shah, Jamnagar",PHARMACOLOGY,"₹30,000*","₹1,00,800",0*,₹0*,1250,-,2721(1),3172(1),-,-,-,-,-,1933(1),1933(1),-,-
GUJ Govt-AllGujStud.,GQ-SC,Gujarat,"GCS Med Coll, Ahmedabad",OBG,"₹18,00,000*","₹84,000*",0,₹0,750,-,-,-,-,-,-,-,1934(1),1934(1),1934(1),-,-
GUJ Govt-Inst. Pref,UQ-SE,Gujarat,"GCS Med Coll, Ahmedabad",ORTHOPAEDICS,"₹28,00,000*","₹84,000*",0,₹0,750,-,-,-,-,-,-,-,1769(1),1787(1),1936(1),-,-
GUJ Govt-Inst. Pref,UQ-EW,Gujarat,"NHL Med Coll, Ahmedabad",ANAESTHESIOLOGY,"₹7,93,000*","₹84,000*",0,₹0,2220,1197(1),1261(1),1640(1),-,-,-,-,1507(1),1576(1),1938(1),-,-
GUJ Govt-Inst. Pref,UQ-SE,Gujarat,"Adani Institute, Bhuj",EMERGENCY MEDICINE,"₹15,00,000*","₹84,000*",0,₹0,750,-,-,-,-,-,-,-,1947(1),1947(1),1947(1),-,-
GUJ Mgmt Quota,MQ-MQ,Gujarat,"Surat Municipal, Surat",PAEDIATRICS,"₹37,15,000*","₹84,000*",0,₹0,750,1068(1),1315(3),1315(3),-,-,-,-,1326(1),1816(3),1950(3),-,-
GUJ Govt-AllGujStud.,GQ-EW,Gujarat,"Adani Institute, Bhuj",ORTHOPAEDICS,"₹30,00,000*","₹84,000*",0,₹0,750,1279(1),1365(1),1790(1),-,-,-,-,1383(1),1609(1),1953(1),-,-
GUJ Govt-AllGujStud.,GQ-EW,Gujarat,"GMERS, Gotri, Vadodara",ANAESTHESIOLOGY,"₹11,25,000*","₹84,000*",0,₹0,730,1491(1),1605(1),1739(1),-,-,-,-,1371(1),1491(1),1954(1),-,-
GUJ Govt-Inst. Pref,UQ-OP,Gujarat,"GMERS, Gotri, Vadodara",ANAESTHESIOLOGY,"₹11,25,000*","₹84,000*",0,₹0,730,1282(1),1747(1),1747(1),-,-,-,-,1422(2),1708(2),1955(2),-,-
GUJ Govt-AllGujStud.,GQ-SE,Gujarat,"GMERS, Gandhinagar",ANAESTHESIOLOGY,"₹11,25,000*","₹84,000*",0,₹0,980,-,-,-,-,-,-,-,1651(2),1963(2),1956(2),-,-
GUJ Govt-Inst. Pref,UQ-OP,Gujarat,"GCS Med Coll, Ahmedabad",ANAESTHESIOLOGY,"₹11,00,000*","₹84,000*",0,₹0,750,1534(1),1534(1),1666(1),-,-,-,-,1553(2),1553(2),1958(2),-,-
GUJ Govt-AllGujStud.,GQ-ST,Gujarat,"BJMC, Ahmedabad",DERMATOLOGY,"₹30,000*","₹1,00,800",1*,"₹40,00,000*",1557,-,-,-,-,-,-,-,1961(1),1961(1),1961(1),-,-
GUJ Govt-AllGujStud.,GQ-SE,Gujarat,"Parul IMS&R, Vadodara",EMERGENCY MEDICINE,"₹20,00,000*","₹1,00,800*",0,₹0,750,-,-,-,-,-,-,-,1796(1),1823(1),1963(1),-,-
GUJ Govt-AllGujStud.,GQ-OP,Gujarat,"MP Shah, Jamnagar",DA,"₹20,000*","₹75,600*",1*,"₹40,00,000*",1250,-,-,-,-,-,-,-,1492(1),1700(1),1964(1),-,-
GUJ Govt-AllGujStud.,GQ-OP,Gujarat,"Govt Med Coll, Surat",PHARMACOLOGY,"₹30,000*","₹1,00,800",0*,₹0*,1150,2043(3),2381(3),2771(3),-,-,-,-,1880(2),1964(2),1966(2),-,-
GUJ Govt-AllGujStud.,GQ-SE,Gujarat,"GCS Med Coll, Ahmedabad",PSYCHIATRY,"₹20,00,000*","₹84,000*",0,₹0,750,-,-,-,-,-,-,-,1618(1),1618(1),1970(1),-,-
GUJ Govt-AllGujStud.,GQ-OP,Gujarat,"Pramukhswami Med Coll, Karmsad",EMERGENCY MEDICINE,"₹25,00,000*","₹84,000*",0,₹0,1000,1338(1),1601(1),1964(1),-,-,-,-,1683(1),1972(1),1972(1),-,-
GUJ Govt-AllGujStud.,GQ-EW,Gujarat,"Govt Med Coll, Surat",PHARMACOLOGY,"₹30,000*","₹1,00,800",0*,₹0*,1150,2127(1),2518(1),2949(1),-,-,-,-,1910(1),2189(1),1973(1),-,-
GUJ Govt-AllGujStud.,GQ-OP,Gujarat,"PDU Med Coll, Rajkot",PATHOLOGY,"₹30,000*","₹1,00,800",1*,"₹40,00,000*",750,1256(3),1915(3),2228(3),-,-,-,-,1396(2),1825(2),1975(2),-,-
GUJ Mgmt Quota,MQ-MQ,Gujarat,"GCS Med Coll, Ahmedabad",ENT,"₹17,00,000*","₹84,000*",0,₹0,750,-,1957(1),1957(1),-,-,-,-,1324(1),1324(1),1977(1),-,-
GUJ Govt-AllGujStud.,GQ-OP,Gujarat,"Pramukhswami Med Coll, Karmsad",ANAESTHESIOLOGY,"₹12,00,000*","₹84,000*",0,₹0,1000,1404(4),1520(4),1776(4),-,-,-,-,1589(3),1619(3),1979(3),2419(1),-
GUJ Govt-AllGujStud.,GQ-ST,Gujarat,"Medical College, Baroda",OBG,"₹30,000*","₹1,00,800",1*,"₹40,00,000*",1250,1494(1),1578(1),1578(1),-,-,-,-,1982(1),1982(1),1982(1),-,-
GUJ Mgmt Quota,MQ-MQ,Gujarat,"Adani Institute, Bhuj",GENERAL SURGERY,"₹32,00,000*","₹84,000*",0,₹0,750,1342(1),1711(2),2163(2),-,-,-,-,1609(1),1914(2),1984(2),-,-
GUJ Mgmt Quota,MQ-MQ,Gujarat,"NHL Med Coll, Ahmedabad",ENT,"₹21,38,000*","₹84,000*",0,₹0,2220,1459(1),1891(2),2039(2),-,-,-,-,1479(1),1572(2),1988(2),-,-
GUJ Govt-AllGujStud.,GQ-OP,Gujarat,"PDU Med Coll, Rajkot",PHARMACOLOGY,"₹30,000*","₹1,00,800",0*,₹0*,750,1428(1),2258(1),2258(1),-,-,-,-,213(1),1990(1),1990(1),-,-
GUJ Govt-AllGujStud.,GQ-SE,Gujarat,"BJMC, Ahmedabad",PHYSIOLOGY,"₹30,000*","₹1,00,800",0*,₹0*,1557,-,4267(1),4267(1),-,-,-,-,3013(1),3811(1),1992(1),-,-
GUJ Govt-Inst. Pref,UQ-SE,Gujarat,"GMERS, Gotri, Vadodara",PSYCHIATRY,"₹8,75,000*","₹84,000*",0,₹0,730,-,-,-,-,-,-,-,1999(1),1999(1),1999(1),-,-
GUJ Govt-AllGujStud.,GQ-SE,Gujarat,"Adani Institute, Bhuj",ORTHOPAEDICS,"₹30,00,000*","₹84,000*",0,₹0,750,1236(1),1608(1),2253(1),-,-,-,-,2008(1),2000(1),2000(1),-,-
GUJ Govt-AllGujStud.,GQ-OP,Gujarat,"MP Shah, Jamnagar",PATHOLOGY,"₹30,000*","₹1,00,800",1*,"₹40,00,000*",1250,1251(2),1878(3),1976(3),-,-,-,-,1457(2),1941(3),2007(3),-,-
GUJ Govt-AllGujStud.,GQ-SE,Gujarat,"GCS Med Coll, Ahmedabad",ORTHOPAEDICS,"₹28,00,000*","₹84,000*",0,₹0,750,1903(1),1903(1),1903(1),-,-,-,-,1214(1),1630(1),2008(1),-,-
GUJ Mgmt Quota,MQ-MQ,Gujarat,"Adani Institute, Bhuj",OPHTHALMOLOGY,"₹32,00,000*","₹84,000*",0,₹0,750,-,2025(1),2382(1),-,-,-,-,-,2010(1),2010(1),-,-
GUJ Mgmt Quota,MQ-MQ,Gujarat,"Dr ND Desai FMS & Res, Nadiad",OPHTHALMOLOGY,"₹40,00,000*","₹84,000*",0,₹0,-,-,-,-,-,-,-,-,1761(1),2012(1),2012(1),-,-
GUJ Govt-Inst. Pref,UQ-ST,Gujarat,"BJMC, Ahmedabad",GENERAL MEDICINE,"₹30,000*","₹1,00,800",1*,"₹40,00,000*",1557,1211(1),1211(1),1211(1),-,-,-,-,2013(1),2013(1),2013(1),-,-
GUJ Govt-Inst. Pref,UQ-OP,Gujarat,"Zydus Med Coll & Hosp, Dahod",GENERAL MEDICINE,"₹28,50,000*","₹84,000*",0,₹0,-,-,-,-,-,-,-,-,1398(1),2016(1),2016(1),-,-
GUJ Govt-Inst. Pref,UQ-SE,Gujarat,"AMCET, Ahmedabad",ANAESTHESIOLOGY,"₹9,67,000*","₹1,00,800*",0,₹0,1050,1288(1),1401(1),1968(1),-,-,-,-,1441(1),1624(1),2017(1),-,-
GUJ Govt-AllGujStud.,GQ-SE,Gujarat,"Pramukhswami Med Coll, Karmsad",PAEDIATRICS,"₹32,00,000*","₹84,000*",0,₹0,1000,1562(1),1562(1),1862(1),-,-,-,-,1415(1),2019(1),2019(1),-,-
GUJ Govt-Inst. Pref,UQ-SE,Gujarat,"Surat Municipal, Surat",OPHTHALMOLOGY,"₹18,64,000*","₹84,000*",0,₹0,750,-,-,-,-,-,-,-,2020(1),2020(1),2020(1),-,-
GUJ Govt-Inst. Pref,UQ-SE,Gujarat,"PDU Med Coll, Rajkot",RADIATION ONCOLOGY,"₹30,000*","₹1,00,800",1*,"₹40,00,000*",750,-,-,-,-,-,-,-,1447(1),2021(1),2021(1),-,-
GUJ Govt-Inst. Pref,UQ-OP,Gujarat,"Dr MK Shah Med Coll, Ahmedabad",ANAESTHESIOLOGY,"₹16,50,000*","₹84,000*",0,₹0,350,1349(1),1666(1),1865(1),-,-,-,-,1819(1),1958(1),2026(1),-,-
GUJ Mgmt Quota,MQ-MQ,Gujarat,"NHL Med Coll, Ahmedabad",TBRD,"₹29,70,000*","₹84,000*",0,₹0,2220,1054(1),1499(1),1715(1),-,-,-,-,1167(1),1500(1),2031(1),-,-
GUJ Mgmt Quota,MQ-MQ,Gujarat,"Dr ND Desai FMS & Res, Nadiad",ENT,"₹15,00,000*","₹84,000*",0,₹0,-,-,-,-,-,-,-,-,1635(1),1652(1),2031(1),-,-
GUJ Govt-AllGujStud.,GQ-SE,Gujarat,"Pramukhswami Med Coll, Karmsad",OBG,"₹32,00,000*","₹84,000*",0,₹0,1000,1455(1),1455(1),1730(1),-,-,-,-,1445(1),1445(1),2034(1),-,-
GUJ Govt-AllGujStud.,GQ-SE,Gujarat,"Parul IMS&R, Vadodara",PAEDIATRICS,"₹32,00,000*","₹1,00,800*",0,₹0,750,-,-,-,-,-,-,-,1365(1),1796(1),2037(1),1868(1),-
GUJ Govt-AllGujStud.,GQ-OP,Gujarat,"Parul IMS&R, Vadodara",ANAESTHESIOLOGY,"₹10,00,000*","₹1,00,800*",0,₹0,750,1602(3),1865(3),1992(3),-,-,-,-,1481(2),1712(2),2040(2),-,-
GUJ Govt-AllGujStud.,GQ-OP,Gujarat,"Parul IMS&R, Vadodara",PHARMACOLOGY,"₹1,000*","₹1,00,800*",0,₹0,750,2592(1),2796(3),2796(3),-,-,-,-,2470(1),2540(1),2044(1),-,-
GUJ Govt-AllGujStud.,GQ-SC,Gujarat,"Surat Municipal, Surat",GENERAL MEDICINE,"₹18,64,000*","₹84,000*",0,₹0,750,1088(1),1088(1),1311(1),-,-,-,-,1237(1),1237(1),2045(1),-,-
GUJ Govt-AllGujStud.,GQ-EW,Gujarat,"Pramukhswami Med Coll, Karmsad",ANAESTHESIOLOGY,"₹12,00,000*","₹84,000*",0,₹0,1000,1508(1),1600(1),1798(1),-,-,-,-,1596(1),1739(1),2050(1),-,-
GUJ Govt-Inst. Pref,UQ-ST,Gujarat,"Govt Med Coll, Bhavnagar",GENERAL MEDICINE,"₹30,000*","₹1,00,800",1*,"₹40,00,000*",720,-,-,-,-,-,-,-,2051(1),2051(1),2051(1),-,-
GUJ Govt-AllGujStud.,GQ-OP,Gujarat,"Adani Institute, Bhuj",ANAESTHESIOLOGY,"₹12,00,000*","₹84,000*",0,₹0,750,1584(2),1698(2),1904(2),-,-,-,-,1605(3),1715(3),2053(3),-,-
GUJ Mgmt Quota,MQ-MQ,Gujarat,"Parul IMS&R, Vadodara",PSYCHIATRY,"₹28,00,000*","₹1,00,800*",0,₹0,750,1957(1),2195(1),2195(1),-,-,-,-,1186(1),1600(1),2062(1),-,-
GUJ Govt-Inst. Pref,UQ-EW,Gujarat,"GMERS, Gotri, Vadodara",GENERAL SURGERY,"₹10,00,000*","₹84,000*",0,₹0,730,-,-,-,-,-,-,-,1278(1),1690(1),2069(1),-,-
GUJ Govt-AllGujStud.,GQ-OP,Gujarat,"GMERS, Sola",PATHOLOGY,"₹6,25,000*","₹84,000*",0,₹0,900,1755(3),2138(3),2224(3),-,-,-,-,1736(3),2115(3),2070(3),-,-
GUJ Govt-AllGujStud.,GQ-OP,Gujarat,"Govt Med Coll, Surat",PATHOLOGY,"₹30,000*","₹1,00,800",1*,"₹40,00,000*",1150,1010(1),1696(2),1915(2),-,-,-,-,1281(1),1649(1),2073(1),-,-
GUJ Govt-AllGujStud.,GQ-OP,Gujarat,"Zydus Med Coll & Hosp, Dahod",ORTHOPAEDICS,"₹35,00,000*","₹84,000*",0,₹0,-,1344(3),1411(3),1777(3),-,-,-,-,1771(1),2074(1),2074(1),-,-
GUJ Govt-AllGujStud.,GQ-EW,Gujarat,"Parul IMS&R, Vadodara",ANAESTHESIOLOGY,"₹10,00,000*","₹1,00,800*",0,₹0,750,-,-,-,-,-,-,-,1498(1),1713(1),2078(1),-,-
GUJ Govt-AllGujStud.,GQ-SE,Gujarat,"Parul IMS&R, Vadodara",ANAESTHESIOLOGY,"₹10,00,000*","₹1,00,800*",0,₹0,750,-,-,-,-,-,-,-,1919(1),2029(1),2079(1),-,-
GUJ Mgmt Quota,MQ-MQ,Gujarat,"AMCET, Ahmedabad",ANAESTHESIOLOGY,"₹18,00,000*","₹1,00,800*",0,₹0,1050,1698(2),1828(4),2009(4),-,-,-,-,1726(1),1898(3),2082(3),-,-
GUJ Govt-AllGujStud.,GQ-SC,Gujarat,"BJMC, Ahmedabad",GENERAL SURGERY,"₹30,000*","₹1,00,800",1*,"₹40,00,000*",1557,-,744(1),744(1),-,-,-,-,-,1198(1),2084(1),-,-
GUJ Govt-AllGujStud.,GQ-EW,Gujarat,"Adani Institute, Bhuj",ANAESTHESIOLOGY,"₹12,00,000*","₹84,000*",0,₹0,750,-,-,-,-,-,-,-,1646(1),1768(1),2091(1),-,-
GUJ Govt-AllGujStud.,GQ-OP,Gujarat,"Surat Municipal, Surat",ENT,"₹18,64,000*","₹84,000*",0,₹0,750,1364(1),1531(1),1966(1),-,-,-,-,1471(1),1578(2),2096(2),2263(1),-
GUJ Mgmt Quota,MQ-MQ,Gujarat,"Adani Institute, Bhuj",ENT,"₹15,00,000*","₹84,000*",0,₹0,750,1445(1),1821(1),1821(1),-,-,-,-,-,1359(1),2098(1),-,-
GUJ Mgmt Quota,MQ-MQ,Gujarat,"Pramukhswami Med Coll, Karmsad",ENT,"₹17,00,000*","₹84,000*",0,₹0,1000,1408(1),1794(1),1977(1),-,-,-,-,1423(1),1423(1),2099(1),-,-
GUJ Mgmt Quota,MQ-MQ,Gujarat,"GMERS, Sola",ANAESTHESIOLOGY,"₹16,88,000*","₹84,000*",0,₹0,900,1776(1),2067(2),2155(2),-,-,-,-,1550(1),1797(3),2100(3),-,-
GUJ Govt-AllGujStud.,GQ-ST,Gujarat,"Medical College, Baroda",PAEDIATRICS,"₹30,000*","₹1,00,800",1*,"₹40,00,000*",1250,-,-,-,-,-,-,-,1466(1),1466(1),2101(1),-,-
GUJ Govt-Inst. Pref,UQ-SE,Gujarat,"Surat Municipal, Surat",ORTHOPAEDICS,"₹18,64,000*","₹84,000*",0,₹0,750,1016(1),1515(1),1515(1),-,-,-,-,1389(1),2110(1),2110(1),-,-
GUJ Govt-Inst. Pref,UQ-ST,Gujarat,"MP Shah, Jamnagar",GENERAL MEDICINE,"₹30,000*","₹1,00,800",1*,"₹40,00,000*",1250,2019(1),2019(1),2019(1),-,-,-,-,2116(1),2116(1),2116(1),-,-
GUJ Govt-AllGujStud.,GQ-SE,Gujarat,"GMERS, Gotri, Vadodara",ANAESTHESIOLOGY,"₹11,25,000*","₹84,000*",0,₹0,730,1873(3),2079(3),2370(3),-,-,-,-,1751(2),1751(2),2119(2),-,-
GUJ Govt-AllGujStud.,GQ-SE,Gujarat,"Pramukhswami Med Coll, Karmsad",ENT,"₹12,00,000*","₹84,000*",0,₹0,1000,-,-,-,-,-,-,-,1595(1),1849(1),2120(1),-,-
GUJ Govt-AllGujStud.,GQ-EW,Gujarat,"Pramukhswami Med Coll, Karmsad",PSYCHIATRY,"₹21,00,000*","₹84,000*",0,₹0,1000,-,-,-,-,-,-,-,1566(1),1566(1),2126(1),-,-
GUJ Govt-Inst. Pref,UQ-OP,Gujarat,"GMERS, Gandhinagar",PATHOLOGY,"₹6,25,000*","₹84,000*",0,₹0,980,-,-,-,-,-,-,-,1825(1),2130(1),2130(1),-,-
GUJ Govt-Inst. Pref,UQ-EW,Gujarat,"Medical College, Baroda",ANAESTHESIOLOGY,"₹30,000*","₹1,00,800",1*,"₹40,00,000*",1250,-,-,-,-,-,-,-,988(1),1130(1),2134(1),-,-
GUJ Mgmt Quota,MQ-MQ,Gujarat,"Pramukhswami Med Coll, Karmsad",TBRD,"₹32,00,000*","₹84,000*",0,₹0,1000,-,1513(1),2406(1),-,-,-,-,-,2038(1),2134(1),2998(1),-
GUJ Govt-AllGujStud.,GQ-EW,Gujarat,"PDU Med Coll, Rajkot",PATHOLOGY,"₹30,000*","₹1,00,800",1*,"₹40,00,000*",750,-,-,-,-,-,-,-,1405(1),1886(1),2137(1),-,-
GUJ Govt-Inst. Pref,UQ-SE,Gujarat,"GMERS, Gandhinagar",ANAESTHESIOLOGY,"₹11,25,000*","₹84,000*",0,₹0,980,-,-,-,-,-,-,-,1767(1),1919(1),2141(1),-,-
GUJ Govt-Inst. Pref,UQ-OP,Gujarat,"Parul IMS&R, Vadodara",TBRD,"₹21,50,000*","₹1,00,800*",0,₹0,750,2194(1),2041(1),-,-,-,-,-,1437(1),2145(1),2145(1),-,-
GUJ Govt-AllGujStud.,GQ-ST,Gujarat,"Govt Med Coll, Surat",GENERAL SURGERY,"₹30,000*","₹1,00,800",1*,"₹40,00,000*",1150,-,2875(1),3217(1),-,-,-,-,2146(1),2146(1),2146(1),-,-
GUJ Mgmt Quota,MQ-MQ,Gujarat,"Surat Municipal, Surat",ENT,"₹32,80,000*","₹84,000*",0,₹0,750,1542(1),1977(1),2488(1),-,-,-,-,1806(1),1985(1),2150(1),-,-
GUJ Govt-AllGujStud.,GQ-OP,Gujarat,"Govt Med Coll, Bhavnagar",PATHOLOGY,"₹30,000*","₹1,00,800",1*,"₹40,00,000*",720,1443(1),1824(1),1986(1),-,-,-,-,1574(2),2073(2),2153(2),-,-
GUJ Mgmt Quota,MQ-MQ,Gujarat,"CU Shah, Surendra Nagar",GENERAL SURGERY,"₹35,00,000*","₹84,000*",0,₹0,590,-,1657(1),2088(1),-,-,-,-,1753(1),2156(2),2156(2),-,-
GUJ Govt-AllGujStud.,GQ-OP,Gujarat,"Govt Med Coll, Bhavnagar",PHARMACOLOGY,"₹30,000*","₹1,00,800",0*,₹0*,720,1931(1),1476(1),2424(1),3511(1),-,-,-,1883(1),2159(1),2159(1),-,-
GUJ Govt-Inst. Pref,UQ-SC,Gujarat,"AMCET, Ahmedabad",GENERAL SURGERY,"₹9,67,000*","₹1,00,800*",0,₹0,1050,-,-,-,-,-,-,-,1932(1),2162(1),2162(1),-,-
GUJ Mgmt Quota,MQ-MQ,Gujarat,"Pramukhswami Med Coll, Karmsad",EMERGENCY MEDICINE,"₹31,00,000*","₹84,000*",0,₹0,1000,-,1883(1),2570(1),-,-,-,-,-,2168(1),2168(1),-,-
GUJ Govt-AllGujStud.,GQ-SE,Gujarat,"Zydus Med Coll & Hosp, Dahod",GENERAL SURGERY,"₹28,00,000*","₹84,000*",0,₹0,-,1376(1),1707(1),2169(1),-,-,-,-,1823(1),2169(1),2169(1),-,-
GUJ Govt-AllGujStud.,GQ-SE,Gujarat,"Govt Med Coll, Surat",SPM,"₹30,000*","₹1,00,800",0*,₹0*,1150,2240(1),2975(1),2975(1),-,-,-,-,-,2891(1),2169(1),-,-
GUJ Govt-AllGujStud.,GQ-EW,Gujarat,"Govt Med Coll, Surat",PATHOLOGY,"₹30,000*","₹1,00,800",1*,"₹40,00,000*",1150,-,-,-,-,-,-,-,1400(1),1829(1),2176(1),-,-
GUJ Govt-AllGujStud.,GQ-EW,Gujarat,"Dr ND Desai FMS & Res, Nadiad",PAEDIATRICS,"₹40,00,000*","₹84,000*",0,₹0,-,-,-,-,-,-,-,-,2210(1),2177(1),2177(1),-,-
GUJ Govt-Inst. Pref,UQ-OP,Gujarat,"Surat Municipal, Surat",ANAESTHESIOLOGY,"₹18,64,000*","₹84,000*",0,₹0,750,1853(2),1715(2),2439(2),-,-,-,-,1815(2),1996(2),2180(2),-,-
GUJ Govt-AllGujStud.,GQ-ST,Gujarat,"NHL Med Coll, Ahmedabad",DERMATOLOGY,"₹7,93,000*","₹84,000*",0,₹0,2220,-,-,-,-,-,-,-,2282(1),2064(1),2182(1),-,-
GUJ Govt-AllGujStud.,GQ-SE,Gujarat,"Pramukhswami Med Coll, Karmsad",ANAESTHESIOLOGY,"₹12,00,000*","₹84,000*",0,₹0,1000,1806(2),1773(2),2214(2),-,-,-,-,1966(3),2181(3),2185(3),-,-
GUJ Govt-AllGujStud.,GQ-OP,Gujarat,"Nootan Med Coll & RC, Mehsana",ANAESTHESIOLOGY,"₹11,00,000*","₹84,000*",0,₹0,-,-,-,-,-,-,-,-,1608(2),1962(2),2187(2),-,-
GUJ Govt-AllGujStud.,GQ-SE,Gujarat,"Surat Municipal, Surat",OPHTHALMOLOGY,"₹18,64,000*","₹84,000*",0,₹0,750,1785(1),1785(1),1785(1),-,-,-,-,1540(1),2194(1),2194(1),-,-
GUJ Govt-AllGujStud.,GQ-SC,Gujarat,"NHL Med Coll, Ahmedabad",ORTHOPAEDICS,"₹7,93,000*","₹84,000*",0,₹0,2220,1582(1),1582(1),1740(1),-,-,-,-,1658(1),1565(1),2197(1),-,-
GUJ Govt-AllGujStud.,GQ-ST,Gujarat,"Dr MK Shah Med Coll, Ahmedabad",RADIO DIAGNOSIS,"₹33,00,000*","₹84,000*",0,₹0,350,2798(1),2754(1),2754(1),-,-,-,-,2198(1),2198(1),2198(1),-,-
GUJ Govt-Inst. Pref,UQ-SE,Gujarat,"BJMC, Ahmedabad",PATHOLOGY,"₹30,000*","₹1,00,800",1*,"₹40,00,000*",1557,1811(1),1811(1),1811(1),-,-,-,-,1740(1),1502(1),2199(1),-,-
GUJ Mgmt Quota,MQ-MQ,Gujarat,"Surat Municipal, Surat",GENERAL SURGERY,"₹37,15,000*","₹84,000*",0,₹0,750,1398(2),1971(5),2305(5),-,-,-,-,1873(2),2200(5),2200(5),-,-
GUJ Govt-AllGujStud.,GQ-ST,Gujarat,"Govt Med Coll, Surat",OBG,"₹30,000*","₹1,00,800",1*,"₹40,00,000*",1150,1953(1),1953(1),1953(1),-,-,-,-,2202(1),2202(1),2202(1),-,-
GUJ Govt-AllGujStud.,GQ-OP,Gujarat,"CU Shah, Surendra Nagar",ANAESTHESIOLOGY,"₹14,00,000*","₹84,000*",0,₹0,590,-,-,-,-,-,-,-,1690(2),1551(2),2205(2),-,-
GUJ Govt-AllGujStud.,GQ-ST,Gujarat,"Pramukhswami Med Coll, Karmsad",RADIO DIAGNOSIS,"₹46,00,000*","₹84,000*",0,₹0,1000,2539(1),2539(1),2539(1),-,-,-,-,2213(1),2213(1),2213(1),-,-
GUJ Govt-AllGujStud.,GQ-EW,Gujarat,"Zydus Med Coll & Hosp, Dahod",ENT,"₹24,00,000*","₹84,000*",0,₹0,-,-,-,-,-,-,-,-,1931(1),1843(1),2216(1),-,-
GUJ Mgmt Quota,MQ-MQ,Gujarat,"GMERS, Gandhinagar",ANAESTHESIOLOGY,"₹16,88,000*","₹84,000*",0,₹0,980,1787(1),2191(1),2191(1),-,-,-,-,1768(1),1948(3),2217(3),-,-
GUJ Govt-AllGujStud.,GQ-EW,Gujarat,"Parul IMS&R, Vadodara",GENERAL SURGERY,"₹30,00,000*","₹1,00,800*",0,₹0,750,-,-,-,-,-,-,-,1914(1),1828(1),2218(1),-,-
GUJ Govt-AllGujStud.,GQ-SC,Gujarat,"BJMC, Ahmedabad",TBRD,"₹30,000*","₹1,00,800",1*,"₹40,00,000*",1557,-,-,-,-,-,-,-,1433(1),1433(1),2219(1),-,-
GUJ Govt-AllGujStud.,GQ-SE,Gujarat,"Adani Institute, Bhuj",ANAESTHESIOLOGY,"₹12,00,000*","₹84,000*",0,₹0,750,1925(1),2211(1),2409(1),-,-,-,-,2019(1),2034(1),2220(1),-,-
GUJ Govt-AllGujStud.,GQ-SC,Gujarat,"PDU Med Coll, Rajkot",GENERAL SURGERY,"₹30,000*","₹1,00,800",1*,"₹40,00,000*",750,-,1613(1),1907(1),-,-,-,-,1267(1),1932(1),2224(1),-,-
GUJ Govt-AllGujStud.,GQ-SE,Gujarat,"Dr MK Shah Med Coll, Ahmedabad",ENT,"₹13,50,000*","₹84,000*",0,₹0,350,1644(1),1644(1),2282(1),-,-,-,-,1849(1),1882(1),2225(1),-,-
GUJ Govt-Inst. Pref,UQ-SC,Gujarat,"Dr MK Shah Med Coll, Ahmedabad",GENERAL MEDICINE,"₹25,00,000*","₹84,000*",0,₹0,350,-,-,-,-,-,-,-,2230(1),2230(1),2230(1),-,-
GUJ Govt-Inst. Pref,UQ-SE,Gujarat,"Pramukhswami Med Coll, Karmsad",GENERAL MEDICINE,"₹32,00,000*","₹84,000*",0,₹0,1000,-,-,-,-,-,-,-,2231(1),2231(1),2231(1),-,-
GUJ Govt-AllGujStud.,GQ-ST,Gujarat,"PDU Med Coll, Rajkot",GENERAL MEDICINE,"₹30,000*","₹1,00,800",1*,"₹40,00,000*",750,-,-,-,-,-,-,-,2064(1),2233(1),2233(1),-,-
GUJ Govt-AllGujStud.,GQ-ST,Gujarat,"Govt Med Coll, Bhavnagar",GENERAL MEDICINE,"₹30,000*","₹1,00,800",1*,"₹40,00,000*",720,2008(1),2008(1),2008(1),-,-,-,-,2083(1),2083(1),2235(1),-,-
GUJ Mgmt Quota,MQ-MQ,Gujarat,"Nootan Med Coll & RC, Mehsana",ANAESTHESIOLOGY,"₹12,00,000*","₹84,000*",0,₹0,-,-,-,-,-,-,-,-,1705(1),1979(1),2236(1),-,-
GUJ Govt-AllGujStud.,GQ-SE,Gujarat,"Nootan Med Coll & RC, Mehsana",ANAESTHESIOLOGY,"₹11,00,000*","₹84,000*",0,₹0,-,-,-,-,-,-,-,-,1996(1),2185(1),2238(1),-,-
GUJ Mgmt-NRI,NQ-NRI,Gujarat,"GCS Med Coll, Ahmedabad",GENERAL MEDICINE,"₹33,00,000*","₹84,000*",0,₹0,750,3500(1),3500(2),3500(2),-,-,-,-,2239(2),2239(2),2239(2),-,-
GUJ Govt-Inst. Pref,UQ-OP,Gujarat,"Medical College, Baroda",PHARMACOLOGY,"₹30,000*","₹1,00,800",0*,₹0*,1250,-,-,-,-,-,-,-,1659(1),2241(1),2241(1),-,-
GUJ Govt-AllGujStud.,GQ-SE,Gujarat,"Surat Municipal, Surat",ENT,"₹18,64,000*","₹84,000*",0,₹0,750,1670(1),2005(1),2132(1),-,-,-,-,1774(1),2103(1),2245(1),2536(1),-
GUJ Govt-AllGujStud.,GQ-SC,Gujarat,"MP Shah, Jamnagar",GENERAL SURGERY,"₹30,000*","₹1,00,800",1*,"₹40,00,000*",1250,1371(1),1723(1),1884(1),-,-,-,-,-,1930(2),2247(2),-,-
GUJ Mgmt Quota,MQ-MQ,Gujarat,"Adani Institute, Bhuj",PAEDIATRICS,"₹36,00,000*","₹84,000*",0,₹0,750,1013(1),1253(2),1617(2),-,-,-,-,1209(1),1603(2),2249(2),-,-
GUJ Govt-AllGujStud.,GQ-OP,Gujarat,"Dr ND Desai FMS & Res, Nadiad",GENERAL SURGERY,"₹33,00,000*","₹84,000*",0,₹0,-,-,-,-,-,-,-,-,1943(2),1920(2),2255(2),-,-
GUJ Govt-Inst. Pref,UQ-OP,Gujarat,"Surat Municipal, Surat",ENT,"₹18,64,000*","₹84,000*",0,₹0,750,-,-,-,-,-,-,-,1359(1),1471(1),2256(1),-,-
GUJ Govt-AllGujStud.,GQ-OP,Gujarat,"GMERS, Gandhinagar",PATHOLOGY,"₹6,25,000*","₹84,000*",0,₹0,980,1753(1),2213(1),2479(1),-,-,-,-,1817(2),2153(2),2260(2),-,-
GUJ Govt-AllGujStud.,GQ-SE,Gujarat,"Adani Institute, Bhuj",OPHTHALMOLOGY,"₹24,00,000*","₹84,000*",0,₹0,750,2181(1),2181(1),2850(2),3387(1),3931(1),4101(1),-,2194(1),2266(1),2266(1),-,-
GUJ Govt-AllGujStud.,GQ-SE,Gujarat,"Parul IMS&R, Vadodara",PSYCHIATRY,"₹14,00,000*","₹1,00,800*",0,₹0,750,-,-,-,-,-,-,-,1482(1),1482(1),2268(1),-,-
GUJ Mgmt Quota,MQ-MQ,Gujarat,"AMCET, Ahmedabad",ORTHOPAEDICS,"₹35,00,000*","₹1,00,800*",0,₹0,1050,612(1),1271(2),1430(2),-,-,-,-,1353(2),2072(4),2270(4),-,-
GUJ Govt-AllGujStud.,GQ-SC,Gujarat,"AMCET, Ahmedabad",TBRD,"₹9,67,000*","₹1,00,800*",0,₹0,1050,-,-,-,-,-,-,-,1757(1),2045(1),2271(1),-,-
GUJ Govt-AllGujStud.,GQ-SE,Gujarat,"Govt Med Coll, Surat",PHYSIOLOGY,"₹30,000*","₹1,00,800",0*,₹0*,1150,3568(1),-,-,-,-,-,-,-,3917(1),2273(1),-,-
GUJ Govt-AllGujStud.,GQ-EW,Gujarat,"Govt Med Coll, Bhavnagar",PATHOLOGY,"₹30,000*","₹1,00,800",1*,"₹40,00,000*",720,1488(1),1877(1),2328(1),-,-,-,-,1702(1),2112(1),2274(1),-,-
GUJ Govt-Inst. Pref,UQ-OP,Gujarat,"Adani Institute, Bhuj",OPHTHALMOLOGY,"₹24,00,000*","₹84,000*",0,₹0,750,-,-,-,-,-,-,-,1988(1),1988(1),2283(1),-,-
GUJ Govt-Inst. Pref,UQ-ST,Gujarat,"AMCET, Ahmedabad",GENERAL MEDICINE,"₹9,67,000*","₹1,00,800*",0,₹0,1050,2101(1),2101(1),2219(1),-,-,-,-,2284(1),2284(1),2284(1),-,-
GUJ Govt-AllGujStud.,GQ-OP,Gujarat,"Shantabaa Medical Coll, Amreli",ANAESTHESIOLOGY,"₹12,00,000","₹84,000*",0,₹0,-,-,-,-,-,-,-,-,1633(1),1907(1),2287(1),-,-
GUJ Govt-Inst. Pref,UQ-SE,Gujarat,"MP Shah, Jamnagar",DA,"₹20,000*","₹75,600*",1*,"₹40,00,000*",1250,-,-,-,-,-,-,-,1665(1),1707(1),2291(1),-,-
GUJ Govt-AllGujStud.,GQ-SC,Gujarat,"BJMC, Ahmedabad",ANAESTHESIOLOGY,"₹30,000*","₹1,00,800",1*,"₹40,00,000*",1557,-,1836(1),2454(1),-,-,-,-,-,2292(2),2292(2),-,-
GUJ Govt-Inst. Pref,UQ-SE,Gujarat,"Surat Municipal, Surat",ANAESTHESIOLOGY,"₹18,64,000*","₹84,000*",0,₹0,750,2132(1),2132(1),2560(1),-,-,-,-,2256(1),2256(1),2293(1),-,-
GUJ Govt-AllGujStud.,GQ-ST,Gujarat,"Govt Med Coll, Surat",PAEDIATRICS,"₹30,000*","₹1,00,800",1*,"₹40,00,000*",1150,2128(1),2273(1),2478(1),-,-,-,-,2101(1),2101(1),2296(1),-,-
GUJ Govt-AllGujStud.,GQ-SC,Gujarat,"Adani Institute, Bhuj",OBG,"₹27,00,000*","₹84,000*",0,₹0,750,-,-,-,-,-,-,-,2299(1),2299(1),2299(1),-,-
GUJ Govt-AllGujStud.,GQ-EW,Gujarat,"MP Shah, Jamnagar",PATHOLOGY,"₹30,000*","₹1,00,800",1*,"₹40,00,000*",1250,-,1901(1),2261(1),2728(1),-,-,-,-,2100(2),2300(2),-,-
GUJ Mgmt-NRI,NQ-NRI,Gujarat,"GCS Med Coll, Ahmedabad",RADIO DIAGNOSIS,"₹40,00,000*","₹84,000*",0,₹0,750,523(1),523(1),523(1),-,-,-,-,2304(1),2304(1),2304(1),-,-
GUJ Govt-AllGujStud.,GQ-SE,Gujarat,"BJMC, Ahmedabad",PATHOLOGY,"₹30,000*","₹1,00,800",1*,"₹40,00,000*",1557,1419(2),1941(3),2035(3),-,-,-,-,1463(2),1710(3),2305(3),-,-
GUJ Mgmt Quota,MQ-MQ,Gujarat,"Parul IMS&R, Vadodara",PAEDIATRICS,"₹40,00,000*","₹1,00,800*",0,₹0,750,1513(1),2100(1),2100(1),-,-,-,-,1431(1),1734(1),2308(1),-,-
GUJ Mgmt Quota,MQ-MQ,Gujarat,"Dr MK Shah Med Coll, Ahmedabad",ORTHOPAEDICS,"₹30,00,000*","₹84,000*",0,₹0,350,-,1846(2),2289(2),-,-,-,-,-,2088(2),2314(2),-,-
GUJ Govt-AllGujStud.,GQ-ST,Gujarat,"GMERS, Sola",DERMATOLOGY,"₹10,00,000*","₹84,000*",0,₹0,900,-,-,-,-,-,-,-,2317(1),2317(1),2317(1),-,-
GUJ Govt-AllGujStud.,GQ-OP,Gujarat,"Dr MK Shah Med Coll, Ahmedabad",ANAESTHESIOLOGY,"₹16,50,000*","₹84,000*",0,₹0,350,-,-,-,-,-,-,-,1652(1),2026(2),2319(2),-,-
GUJ Govt-Inst. Pref,UQ-ST,Gujarat,"Surat Municipal, Surat",RADIO DIAGNOSIS,"₹18,64,000*","₹84,000*",0,₹0,750,-,-,-,-,-,-,-,2321(1),2321(1),2321(1),-,-
GUJ Govt-AllGujStud.,GQ-SE,Gujarat,"Dr MK Shah Med Coll, Ahmedabad",ANAESTHESIOLOGY,"₹16,50,000*","₹84,000*",0,₹0,350,1863(2),2135(2),2322(2),-,-,-,-,2103(1),2238(1),2323(1),-,-
GUJ Govt-AllGujStud.,GQ-EW,Gujarat,"GMERS, Sola",PATHOLOGY,"₹6,25,000*","₹84,000*",0,₹0,900,1908(1),2050(1),2348(1),-,-,-,-,2091(1),2176(1),2326(1),-,-
GUJ Mgmt Quota,MQ-MQ,Gujarat,"Pramukhswami Med Coll, Karmsad",GENERAL MEDICINE,"₹48,00,000*","₹84,000*",0,₹0,1000,806(1),1066(2),1066(2),-,-,-,-,814(1),1661(3),2329(3),-,-
GUJ Mgmt Quota,MQ-MQ,Gujarat,"NHL Med Coll, Ahmedabad",ANAESTHESIOLOGY,"₹17,82,000*","₹84,000*",0,₹0,2220,1744(2),1984(6),2159(6),-,-,-,-,1814(2),2058(6),2331(6),-,-
GUJ Govt-AllGujStud.,GQ-SE,Gujarat,"Dr ND Desai FMS & Res, Nadiad",GENERAL MEDICINE,"₹40,00,000*","₹84,000*",0,₹0,-,-,-,-,-,-,-,-,1339(1),1520(1),2331(1),-,-
GUJ Govt-AllGujStud.,GQ-SE,Gujarat,"Medical College, Baroda",PATHOLOGY,"₹30,000*","₹1,00,800",1*,"₹40,00,000*",1250,-,2117(1),2117(1),-,-,-,-,-,1801(1),2333(1),-,-
GUJ Govt-AllGujStud.,GQ-SC,Gujarat,"Surat Municipal, Surat",ORTHOPAEDICS,"₹18,64,000*","₹84,000*",0,₹0,750,-,-,-,-,-,-,-,2197(1),2338(1),2338(1),-,-
GUJ Mgmt Quota,MQ-MQ,Gujarat,"GMERS, Gotri, Vadodara",ANAESTHESIOLOGY,"₹16,88,000*","₹84,000*",0,₹0,730,1768(1),2209(3),2538(3),-,-,-,-,1417(1),2040(3),2339(3),-,-
GUJ Govt-AllGujStud.,GQ-SE,Gujarat,"Dr ND Desai FMS & Res, Nadiad",PAEDIATRICS,"₹40,00,000*","₹84,000*",0,₹0,-,-,-,-,-,-,-,-,1893(1),2497(1),2351(1),-,-
GUJ Govt-Inst. Pref,UQ-OP,Gujarat,"NHL Med Coll, Ahmedabad",PATHOLOGY,"₹7,93,000*","₹84,000*",0,₹0,2220,1786(1),1978(1),2477(1),-,-,-,-,2081(2),2081(2),2354(2),-,-
GUJ Govt-Inst. Pref,UQ-OP,Gujarat,"Pramukhswami Med Coll, Karmsad",ANAESTHESIOLOGY,"₹12,00,000*","₹84,000*",0,₹0,1000,1981(1),1981(1),1981(1),-,-,-,-,1797(1),2135(1),2356(1),-,-
GUJ Govt-AllGujStud.,GQ-SC,Gujarat,"Parul IMS&R, Vadodara",GENERAL MEDICINE,"₹30,00,000*","₹1,00,800*",0,₹0,750,-,-,-,-,-,-,-,2360(1),2360(1),2360(1),-,-
GUJ Govt-Inst. Pref,UQ-OP,Gujarat,"Parul IMS&R, Vadodara",ANAESTHESIOLOGY,"₹10,00,000*","₹1,00,800*",0,₹0,750,1623(1),1896(1),1896(1),-,-,-,-,1477(1),2362(1),2362(1),-,-
GUJ Govt-AllGujStud.,GQ-OP,Gujarat,"MP Shah, Jamnagar",PHYSIOLOGY,"₹30,000*","₹1,00,800",0*,₹0*,1250,-,4006(1),4526(2),-,-,-,-,3096(1),3379(2),2364(2),3991(1),-
GUJ Govt-AllGujStud.,GQ-EW,Gujarat,"GMERS, Gandhinagar",PATHOLOGY,"₹6,25,000*","₹84,000*",0,₹0,980,-,-,-,-,-,-,-,2115(1),2258(1),2368(1),-,-
GUJ Mgmt Quota,MQ-MQ,Gujarat,"Zydus Med Coll & Hosp, Dahod",GENERAL SURGERY,"₹40,00,000*","₹84,000*",0,₹0,-,1570(2),2088(2),2702(2),2810(1),-,-,-,1991(2),1998(2),2369(2),-,-
GUJ Mgmt Quota,MQ-MQ,Gujarat,"CU Shah, Surendra Nagar",ORTHOPAEDICS,"₹41,00,000*","₹84,000*",0,₹0,590,-,1550(1),2220(1),-,-,-,-,-,2373(1),2373(1),-,-
GUJ Govt-AllGujStud.,GQ-SE,Gujarat,"Shantabaa Medical Coll, Amreli",ANAESTHESIOLOGY,"₹12,00,000","₹84,000*",0,₹0,-,-,-,-,-,-,-,-,2034(1),2170(1),2378(1),-,-
GUJ Mgmt Quota,MQ-MQ,Gujarat,"Parul IMS&R, Vadodara",ANAESTHESIOLOGY,"₹15,00,000*","₹1,00,800*",0,₹0,750,1666(2),1874(2),2125(2),2242(1),2524(1),-,-,1952(3),2032(3),2379(3),-,-
GUJ Govt-AllGujStud.,GQ-SC,Gujarat,"AMCET, Ahmedabad",GENERAL SURGERY,"₹9,67,000*","₹1,00,800*",0,₹0,1050,1399(1),1760(1),1940(1),-,-,-,-,1765(1),2197(1),2380(1),-,-
GUJ Mgmt Quota,MQ-MQ,Gujarat,"Adani Institute, Bhuj",ANAESTHESIOLOGY,"₹15,00,000*","₹84,000*",0,₹0,750,-,2000(1),2351(1),-,-,-,-,1739(1),2078(3),2383(3),2487(1),-
GUJ Mgmt Quota,MQ-MQ,Gujarat,"Surat Municipal, Surat",OPHTHALMOLOGY,"₹41,50,000*","₹84,000*",0,₹0,750,1677(1),2386(2),2977(2),3326(2),3490(1),-,-,1586(1),2033(2),2384(2),-,-
GUJ Govt-Inst. Pref,UQ-OP,Gujarat,"Govt Med Coll, Surat",PHARMACOLOGY,"₹30,000*","₹1,00,800",0*,₹0*,1150,-,-,-,-,-,-,-,2387(1),2387(1),2387(1),-,-
GUJ Mgmt Quota,MQ-MQ,Gujarat,"Zydus Med Coll & Hosp, Dahod",PHARMACOLOGY,"₹13,000*","₹84,000*",0,₹0,-,2788(1),3082(1),3316(1),-,-,-,-,2710(1),2917(1),2390(1),-,-
GUJ Govt-AllGujStud.,GQ-ST,Gujarat,"Adani Institute, Bhuj",RADIO DIAGNOSIS,"₹33,00,000*","₹84,000*",0,₹0,750,-,-,-,-,-,-,-,2392(1),2392(1),2392(1),-,-
GUJ Govt-AllGujStud.,GQ-SE,Gujarat,"MP Shah, Jamnagar",PATHOLOGY,"₹30,000*","₹1,00,800",1*,"₹40,00,000*",1250,-,2153(2),2407(2),2566(1),-,-,-,-,2199(2),2393(2),-,-
GUJ Govt-AllGujStud.,GQ-OP,Gujarat,"GMERS, Gandhinagar",PHARMACOLOGY,"₹5,75,000*","₹84,000*",0,₹0,980,-,-,-,-,-,-,-,2598(1),2598(1),2394(1),-,-
GUJ Govt-AllGujStud.,GQ-SC,Gujarat,"Govt Med Coll, Surat",ANAESTHESIOLOGY,"₹30,000*","₹1,00,800",1*,"₹40,00,000*",1150,-,1907(1),2526(1),-,-,-,-,1579(1),2342(1),2404(1),3032(1),-
GUJ Govt-AllGujStud.,GQ-SE,Gujarat,"Surat Municipal, Surat",PSYCHIATRY,"₹18,64,000*","₹84,000*",0,₹0,750,-,-,-,-,-,-,-,1970(1),1970(1),2414(1),-,-
GUJ Govt-AllGujStud.,GQ-OP,Gujarat,"BJMC, Ahmedabad",SPM,"₹30,000*","₹1,00,800",0*,₹0*,1557,1852(1),2432(2),2432(2),-,-,-,-,1951(3),2415(3),2415(3),-,-
GUJ Govt-AllGujStud.,GQ-SC,Gujarat,"Dr ND Desai FMS & Res, Nadiad",PAEDIATRICS,"₹40,00,000*","₹84,000*",0,₹0,-,-,-,-,-,-,-,-,2045(1),2416(1),2416(1),-,-
GUJ Govt-Inst. Pref,UQ-SE,Gujarat,"Govt Med Coll, Surat",PATHOLOGY,"₹30,000*","₹1,00,800",1*,"₹40,00,000*",1150,1638(1),2387(1),2387(1),-,-,-,-,1153(1),2417(1),2417(1),-,-
GUJ Govt-AllGujStud.,GQ-OP,Gujarat,"NHL Med Coll, Ahmedabad",PATHOLOGY,"₹7,93,000*","₹84,000*",0,₹0,2220,1849(3),2250(3),2490(3),-,-,-,-,2100(3),2172(3),2421(3),-,-
GUJ Govt-AllGujStud.,GQ-ST,Gujarat,"Govt Med Coll, Bhavnagar",OBG,"₹30,000*","₹1,00,800",1*,"₹40,00,000*",720,1999(1),2107(1),2273(1),-,-,-,-,2235(1),2235(1),2424(1),-,-
GUJ Govt-AllGujStud.,GQ-OP,Gujarat,"BJMC, Ahmedabad",BIOCHEMISTRY,"₹30,000*","₹1,00,800",0*,₹0*,1557,2806(1),3732(1),4212(1),-,-,-,-,2425(1),2425(1),2425(1),-,-
GUJ Mgmt Quota,MQ-MQ,Gujarat,"CU Shah, Surendra Nagar",PAEDIATRICS,"₹41,00,000*","₹84,000*",0,₹0,590,-,1527(1),1955(1),-,-,-,-,-,1879(1),2427(1),3050(1),-
GUJ Mgmt Quota,MQ-MQ,Gujarat,"Zydus Med Coll & Hosp, Dahod",ENT,"₹35,00,000*","₹84,000*",0,₹0,-,1964(1),2326(1),3007(1),-,-,-,-,2012(1),2352(1),2428(1),-,-
GUJ Govt-AllGujStud.,GQ-ST,Gujarat,"AMCET, Ahmedabad",GENERAL MEDICINE,"₹9,67,000*","₹1,00,800*",0,₹0,1050,2279(3),2279(3),2301(3),-,-,-,-,2307(3),2431(3),2431(3),-,-
GUJ Govt-AllGujStud.,GQ-SE,Gujarat,"BJMC, Ahmedabad",PHARMACOLOGY,"₹30,000*","₹1,00,800",0*,₹0*,1557,1783(1),2354(2),2894(2),-,-,-,-,-,2438(1),2438(1),-,-
GUJ Mgmt Quota,MQ-MQ,Gujarat,"GMERS, Sola",PATHOLOGY,"₹9,38,000*","₹84,000*",0,₹0,900,2050(1),2315(2),2420(2),-,-,-,-,2109(2),2326(2),2448(2),-,-
GUJ Govt-AllGujStud.,GQ-EW,Gujarat,"NHL Med Coll, Ahmedabad",PATHOLOGY,"₹7,93,000*","₹84,000*",0,₹0,2220,-,-,-,-,-,-,-,2137(1),2300(1),2451(1),-,-
GUJ Govt-AllGujStud.,GQ-SE,Gujarat,"Zydus Med Coll & Hosp, Dahod",ORTHOPAEDICS,"₹35,00,000*","₹84,000*",0,₹0,-,1507(1),1507(1),2412(1),-,-,-,-,2074(1),2454(1),2454(1),-,-
GUJ Govt-AllGujStud.,GQ-OP,Gujarat,"Parul IMS&R, Vadodara",ORTHOPAEDICS,"₹32,00,000*","₹1,00,800*",0,₹0,750,-,-,-,-,-,-,-,1955(4),2327(4),2455(4),-,-
GUJ Govt-AllGujStud.,GQ-SE,Gujarat,"Dr ND Desai FMS & Res, Nadiad",OBG,"₹40,00,000*","₹84,000*",0,₹0,-,-,-,-,-,-,-,-,1701(1),2459(1),2459(1),-,-
GUJ Mgmt Quota,MQ-MQ,Gujarat,"Surat Municipal, Surat",TBRD,"₹32,80,000*","₹84,000*",0,₹0,750,-,1369(1),1538(1),-,-,-,-,-,2042(1),2463(1),-,-
GUJ Govt-AllGujStud.,GQ-OP,Gujarat,"GMERS, Gotri, Vadodara",PATHOLOGY,"₹6,25,000*","₹84,000*",0,₹0,730,1859(3),2228(3),2660(3),-,-,-,-,1927(3),2137(3),2468(3),-,-
GUJ Govt-AllGujStud.,GQ-SC,Gujarat,"BJMC, Ahmedabad",OPHTHALMOLOGY,"₹30,000*","₹1,00,800",1*,"₹40,00,000*",1557,-,2287(1),2287(1),-,-,-,-,1896(1),2472(1),2472(1),-,-
GUJ Mgmt Quota,MQ-MQ,Gujarat,"Pramukhswami Med Coll, Karmsad",ANAESTHESIOLOGY,"₹17,00,000*","₹84,000*",0,₹0,1000,1855(1),2218(4),2558(4),-,-,-,-,1667(1),2108(3),2478(3),-,-
GUJ Govt-AllGujStud.,GQ-SE,Gujarat,"Govt Med Coll, Surat",PATHOLOGY,"₹30,000*","₹1,00,800",1*,"₹40,00,000*",1150,1918(2),2143(2),2465(2),-,-,-,-,1663(2),2193(2),2479(2),-,-
GUJ Govt-AllGujStud.,GQ-SC,Gujarat,"NHL Med Coll, Ahmedabad",GENERAL SURGERY,"₹7,93,000*","₹84,000*",0,₹0,2220,1519(1),1884(1),1996(1),-,-,-,-,1487(1),2084(1),2486(1),-,-
GUJ Mgmt Quota,MQ-MQ,Gujarat,"Dr ND Desai FMS & Res, Nadiad",GENERAL MEDICINE,"₹59,00,000*","₹84,000*",0,₹0,-,-,-,-,-,-,-,-,1183(1),1680(1),2488(1),2627(1),-
GUJ Govt-AllGujStud.,GQ-SE,Gujarat,"Govt Med Coll, Bhavnagar",PATHOLOGY,"₹30,000*","₹1,00,800",1*,"₹40,00,000*",720,1941(1),2202(1),2661(1),-,-,-,-,1798(1),2305(1),2490(1),-,-
GUJ Mgmt Quota,MQ-MQ,Gujarat,"Parul IMS&R, Vadodara",EMERGENCY MEDICINE,"₹30,00,000*","₹1,00,800*",0,₹0,750,1688(1),2105(1),2475(1),-,-,-,-,1950(1),2217(1),2491(1),-,-
GUJ Mgmt Quota,MQ-MQ,Gujarat,"Dr MK Shah Med Coll, Ahmedabad",ANAESTHESIOLOGY,"₹18,00,000*","₹84,000*",0,₹0,350,1758(2),1993(2),2345(2),-,-,-,-,2010(2),2178(2),2498(2),-,-
GUJ Mgmt Quota,MQ-MQ,Gujarat,"GCS Med Coll, Ahmedabad",ANAESTHESIOLOGY,"₹23,00,000*","₹84,000*",0,₹0,750,1874(1),2159(2),2611(2),3148(1),-,-,-,1907(1),2206(1),2502(1),-,-
GUJ Govt-AllGujStud.,GQ-OP,Gujarat,"Medical College, Baroda",SPM,"₹30,000*","₹1,00,800",0*,₹0*,1250,-,-,-,-,-,-,-,2277(2),2505(2),2505(2),-,-
GUJ Mgmt Quota,MQ-MQ,Gujarat,"Surat Municipal, Surat",PSYCHIATRY,"₹37,15,000*","₹84,000*",0,₹0,750,-,2365(1),2365(1),-,-,-,-,-,2062(1),2507(1),-,-
GUJ Mgmt Quota,MQ-MQ,Gujarat,"Pramukhswami Med Coll, Karmsad",OBG,"₹45,00,000*","₹84,000*",0,₹0,1000,1375(1),1751(2),2278(2),-,-,-,-,1440(1),1928(2),2516(2),2756(1),-
GUJ Govt-Inst. Pref,UQ-OP,Gujarat,"CU Shah, Surendra Nagar",PATHOLOGY,"₹9,00,000*","₹84,000*",0,₹0,590,-,-,-,-,-,-,-,2481(1),2517(1),2517(1),-,-
GUJ Govt-Inst. Pref,UQ-SC,Gujarat,"AMCET, Ahmedabad",ANAESTHESIOLOGY,"₹9,67,000*","₹1,00,800*",0,₹0,1050,-,-,-,-,-,-,-,2549(1),2520(1),2520(1),-,-
GUJ Govt-Inst. Pref,UQ-SC,Gujarat,"CU Shah, Surendra Nagar",GENERAL MEDICINE,"₹27,00,000*","₹84,000*",0,₹0,590,-,-,-,-,-,-,-,2524(1),2524(1),2524(1),-,-
GUJ Govt-AllGujStud.,GQ-OP,Gujarat,"Parul IMS&R, Vadodara",PATHOLOGY,"₹6,00,000*","₹1,00,800*",0,₹0,750,2103(2),2384(2),2989(2),-,-,-,-,2276(1),2276(1),2529(1),2735(1),-
GUJ Govt-AllGujStud.,GQ-OP,Gujarat,"Zydus Med Coll & Hosp, Dahod",PATHOLOGY,"₹5,00,000*","₹84,000*",0,₹0,-,2090(2),2744(2),3324(2),-,-,-,-,2355(2),2513(3),2533(3),-,-
GUJ Mgmt Quota,MQ-MQ,Gujarat,"Zydus Med Coll & Hosp, Dahod",PAEDIATRICS,"₹45,00,000*","₹84,000*",0,₹0,-,-,-,-,-,-,-,-,1568(1),1950(1),2539(1),-,-
GUJ Govt-Inst. Pref,UQ-OP,Gujarat,"CU Shah, Surendra Nagar",TBRD,"₹24,00,000*","₹84,000*",0,₹0,590,-,-,-,-,-,-,-,1813(1),1813(1),2541(1),-,-
GUJ Govt-Inst. Pref,UQ-OP,Gujarat,"Adani Institute, Bhuj",ANAESTHESIOLOGY,"₹12,00,000*","₹84,000*",0,₹0,750,-,-,-,-,-,-,-,2179(2),2283(2),2542(2),-,-
GUJ Mgmt Quota,MQ-MQ,Gujarat,"Pramukhswami Med Coll, Karmsad",OPHTHALMOLOGY,"₹50,00,000*","₹84,000*",0,₹0,1000,-,2726(1),2751(1),3302(1),-,-,-,-,2755(1),2544(1),-,-
GUJ Govt-Inst. Pref,UQ-OP,Gujarat,"Medical College, Baroda",SPM,"₹30,000*","₹1,00,800",0*,₹0*,1250,-,-,-,-,-,-,-,2545(1),2545(1),2545(1),-,-
GUJ Govt-AllGujStud.,GQ-SE,Gujarat,"Dr ND Desai FMS & Res, Nadiad",GENERAL SURGERY,"₹33,00,000*","₹84,000*",0,₹0,-,-,-,-,-,-,-,-,2475(1),2548(1),2548(1),-,-
GUJ Govt-AllGujStud.,GQ-SC,Gujarat,"Surat Municipal, Surat",PAEDIATRICS,"₹18,64,000*","₹84,000*",0,₹0,750,1844(1),1844(1),1844(1),-,-,-,-,1612(1),2549(1),2549(1),-,-
GUJ Mgmt-NRI,NQ-NRI,Gujarat,"GMERS, Sola",RADIO DIAGNOSIS,"₹33,75,000*","₹84,000*",0,₹0,900,-,-,-,-,-,-,-,2151(1),2151(1),2559(1),-,-
GUJ Govt-AllGujStud.,GQ-OP,Gujarat,"Surat Municipal, Surat",ANAESTHESIOLOGY,"₹18,64,000*","₹84,000*",0,₹0,750,1745(5),1832(5),2218(5),-,-,-,-,1972(5),2171(5),2560(5),2361(1),-
GUJ Govt-AllGujStud.,GQ-EW,Gujarat,"Surat Municipal, Surat",ANAESTHESIOLOGY,"₹18,64,000*","₹84,000*",0,₹0,750,1748(1),1889(1),2455(1),1990(1),2594(1),-,-,2039(1),2174(1),2561(1),-,-
GUJ Govt-AllGujStud.,GQ-SC,Gujarat,"GMERS, Gotri, Vadodara",GENERAL SURGERY,"₹10,00,000*","₹84,000*",0,₹0,730,-,-,-,-,-,-,-,2016(1),2247(1),2562(1),-,-
GUJ Govt-Inservice,IQ-OP,Gujarat,"PDU Med Coll, Rajkot",OBG,"₹30,000*","₹1,00,800",1*,"₹40,00,000*",750,-,-,-,-,-,-,-,2565(1),2565(1),2565(1),-,-
GUJ Mgmt Quota,MQ-MQ,Gujarat,"Parul IMS&R, Vadodara",PATHOLOGY,"₹7,00,000*","₹1,00,800*",0,₹0,750,2138(1),2450(1),3002(1),-,-,-,-,2339(1),2339(1),2568(1),-,-
GUJ Govt-AllGujStud.,GQ-ST,Gujarat,"MP Shah, Jamnagar",PAEDIATRICS,"₹30,000*","₹1,00,800",1*,"₹40,00,000*",1250,-,-,-,-,-,-,-,-,2104(1),2580(1),-,-
GUJ Mgmt Quota,MQ-MQ,Gujarat,"Zydus Med Coll & Hosp, Dahod",OBG,"₹50,00,000*","₹84,000*",0,₹0,-,1746(2),2034(2),2158(2),-,-,-,-,2037(2),2035(2),2581(2),-,-
GUJ Govt-AllGujStud.,GQ-SC,Gujarat,"Adani Institute, Bhuj",ORTHOPAEDICS,"₹30,00,000*","₹84,000*",0,₹0,750,2528(1),2630(2),2630(2),-,-,-,-,2586(1),2586(1),2586(1),-,-
GUJ Govt-AllGujStud.,GQ-SE,Gujarat,"PDU Med Coll, Rajkot",PATHOLOGY,"₹30,000*","₹1,00,800",1*,"₹40,00,000*",750,1544(1),2358(1),2395(1),-,-,-,-,1710(1),2220(1),2587(1),-,-
GUJ Govt-AllGujStud.,GQ-OP,Gujarat,"Dr ND Desai FMS & Res, Nadiad",ANAESTHESIOLOGY,"₹25,00,000*","₹84,000*",0,₹0,-,-,-,-,-,-,-,-,1987(2),2232(3),2589(3),-,-
GUJ Govt-Inst. Pref,UQ-EW,Gujarat,"Govt Med Coll, Surat",PATHOLOGY,"₹30,000*","₹1,00,800",1*,"₹40,00,000*",1150,-,-,-,-,-,-,-,1677(1),1677(1),2591(1),3582(1),-
GUJ Mgmt-NRI,NQ-NRI,Gujarat,"GMERS, Sola",DERMATOLOGY,"₹30,00,000*","₹84,000*",0,₹0,900,-,-,-,-,-,-,-,2593(1),2593(1),2593(1),-,-
GUJ Govt-AllGujStud.,GQ-ST,Gujarat,"NHL Med Coll, Ahmedabad",GENERAL MEDICINE,"₹7,93,000*","₹84,000*",0,₹0,2220,2267(3),2296(3),2296(3),-,-,-,-,2436(3),2597(3),2597(3),-,-
GUJ Mgmt-NRI,NQ-NRI,Gujarat,"Surat Municipal, Surat",RADIO DIAGNOSIS,"₹53,44,000*","₹84,000*",0,₹0,750,-,-,-,-,-,-,-,2602(1),2602(1),2602(1),-,-
GUJ Govt-AllGujStud.,GQ-OP,Gujarat,"AMCET, Ahmedabad",PATHOLOGY,"₹9,67,000*","₹1,00,800*",0,₹0,1050,2027(3),2348(3),2598(3),-,-,-,-,2053(3),2260(3),2603(3),-,-
GUJ Govt-Inst. Pref,UQ-EW,Gujarat,"GCS Med Coll, Ahmedabad",PATHOLOGY,"₹8,00,000*","₹84,000*",0,₹0,750,-,-,-,-,-,-,-,2176(1),2451(1),2606(1),-,-
GUJ Govt-AllGujStud.,GQ-SC,Gujarat,"NHL Med Coll, Ahmedabad",OPHTHALMOLOGY,"₹7,93,000*","₹84,000*",0,₹0,2220,-,-,-,-,-,-,-,2472(1),2614(1),2614(1),-,-
GUJ Mgmt Quota,MQ-MQ,Gujarat,"GMERS, Gotri, Vadodara",PATHOLOGY,"₹9,38,000*","₹84,000*",0,₹0,730,1977(1),2801(2),3438(2),-,-,-,-,2172(1),2447(3),2620(3),-,-
GUJ Govt-AllGujStud.,GQ-ST,Gujarat,"AMCET, Ahmedabad",OBG,"₹9,67,000*","₹1,00,800*",0,₹0,1050,2770(2),2770(2),2770(2),-,-,-,-,2424(1),2424(1),2623(1),-,-
GUJ Govt-Inst. Pref,UQ-SE,Gujarat,"Parul IMS&R, Vadodara",ENT,"₹10,00,000*","₹1,00,800*",0,₹0,750,-,-,-,-,-,-,-,2630(1),2630(1),2630(1),-,-
GUJ Govt-Inst. Pref,UQ-OP,Gujarat,"CU Shah, Surendra Nagar",PHARMACOLOGY,"₹4,00,000*","₹84,000*",0,₹0,590,-,-,-,-,-,-,-,2517(1),2635(1),2635(1),-,-
GUJ Govt-AllGujStud.,GQ-SE-PH,Gujarat,"BJMC, Ahmedabad",GENERAL MEDICINE,"₹30,000*","₹1,00,800",1*,"₹40,00,000*",1557,-,-,-,-,-,-,-,2636(1),2636(1),2636(1),-,-
GUJ Mgmt Quota,MQ-MQ,Gujarat,"Surat Municipal, Surat",ORTHOPAEDICS,"₹41,50,000*","₹84,000*",0,₹0,750,1075(1),1919(3),2550(3),-,-,-,-,1879(1),2381(3),2637(3),-,-
GUJ Govt-Inst. Pref,UQ-SE,Gujarat,"GMERS, Sola",PATHOLOGY,"₹6,25,000*","₹84,000*",0,₹0,900,2035(1),2035(1),3103(1),-,-,-,-,2305(1),2414(1),2641(1),-,-
GUJ Govt-Inst. Pref,UQ-OP,Gujarat,"AMCET, Ahmedabad",PATHOLOGY,"₹9,67,000*","₹1,00,800*",0,₹0,1050,2003(2),2595(2),3417(2),-,-,-,-,2125(1),2249(1),2652(1),-,-
GUJ Govt-Inst. Pref,UQ-ST,Gujarat,"PDU Med Coll, Rajkot",PAEDIATRICS,"₹30,000*","₹1,00,800",1*,"₹40,00,000*",750,-,-,-,-,-,-,-,1696(1),1696(1),2656(1),-,-
GUJ Govt-AllGujStud.,GQ-SE,Gujarat,"GMERS, Gandhinagar",PATHOLOGY,"₹6,25,000*","₹84,000*",0,₹0,980,2290(1),2560(1),3041(1),-,-,-,-,2490(2),2490(2),2657(2),-,-
GUJ Govt-AllGujStud.,GQ-SE,Gujarat,"PDU Med Coll, Rajkot",PHARMACOLOGY,"₹30,000*","₹1,00,800",0*,₹0*,750,-,-,-,-,-,-,-,2316(1),2659(1),2659(1),-,-
GUJ Govt-AllGujStud.,GQ-OP,Gujarat,"Zydus Med Coll & Hosp, Dahod",SPM,"₹6,000*","₹84,000*",0,₹0,-,2796(1),3222(1),3222(1),-,-,-,-,3441(1),3212(1),2662(1),-,-
GUJ Govt-AllGujStud.,GQ-OP,Gujarat,"Pramukhswami Med Coll, Karmsad",ORTHOPAEDICS,"₹43,00,000*","₹84,000*",0,₹0,1000,1639(1),2123(1),2429(1),-,-,-,-,1940(1),2428(1),2664(1),-,-
GUJ Govt-Inst. Pref,UQ-OP,Gujarat,"Parul IMS&R, Vadodara",GENERAL SURGERY,"₹30,00,000*","₹1,00,800*",0,₹0,750,2097(1),2097(1),3378(1),-,-,-,-,1953(1),1953(1),2671(1),-,-
GUJ Govt-Inst. Pref,UQ-OP,Gujarat,"Zydus Med Coll & Hosp, Dahod",OBG,"₹32,00,000*","₹84,000*",0,₹0,-,-,-,-,-,-,-,-,2673(1),2673(1),2673(1),-,-
GUJ Govt-AllGujStud.,GQ-SE,Gujarat,"Dr ND Desai FMS & Res, Nadiad",ANAESTHESIOLOGY,"₹25,00,000*","₹84,000*",0,₹0,-,-,-,-,-,-,-,-,2378(2),2450(2),2676(2),-,-
GUJ Govt-Inst. Pref,UQ-SE,Gujarat,"GMERS, Gotri, Vadodara",ANAESTHESIOLOGY,"₹11,25,000*","₹84,000*",0,₹0,730,1537(1),1788(1),2413(1),-,-,-,-,1708(1),1922(1),2680(1),-,-
GUJ Govt-AllGujStud.,GQ-ST,Gujarat,"Medical College, Baroda",ANAESTHESIOLOGY,"₹30,000*","₹1,00,800",1*,"₹40,00,000*",1250,3081(1),3134(1),3134(1),-,-,-,-,-,2683(1),2683(1),-,-
GUJ Govt-AllGujStud.,GQ-SE,Gujarat,"Pramukhswami Med Coll, Karmsad",GENERAL SURGERY,"₹33,00,000*","₹84,000*",0,₹0,1000,1590(1),2245(1),2378(1),3050(1),-,-,-,2350(2),2475(2),2686(2),-,-
GUJ Mgmt Quota,MQ-MQ,Gujarat,"NHL Med Coll, Ahmedabad",ORTHOPAEDICS,"₹41,58,000*","₹84,000*",0,₹0,2220,1430(2),2251(4),2447(4),3087(1),-,-,-,1664(2),2298(4),2688(4),3218(1),-
GUJ Govt-Inservice,IQ-EW,Gujarat,"Medical College, Baroda",GENERAL MEDICINE,"₹30,000*","₹1,00,800",1*,"₹40,00,000*",1250,-,-,-,-,-,-,-,2689(1),2689(1),2689(1),-,-
GUJ Govt-AllGujStud.,GQ-SE,Gujarat,"Surat Municipal, Surat",ANAESTHESIOLOGY,"₹18,64,000*","₹84,000*",0,₹0,750,2057(3),2271(3),2679(3),3018(1),-,-,-,2293(3),2293(3),2692(3),-,-
GUJ Govt-Inst. Pref,UQ-ST,Gujarat,"BJMC, Ahmedabad",ORTHOPAEDICS,"₹30,000*","₹1,00,800",1*,"₹40,00,000*",1557,-,-,-,-,-,-,-,2694(1),2694(1),2694(1),-,-
GUJ Govt-AllGujStud.,GQ-SC,Gujarat,"Zydus Med Coll & Hosp, Dahod",ORTHOPAEDICS,"₹35,00,000*","₹84,000*",0,₹0,-,-,-,-,-,-,-,-,2715(1),2715(1),2715(1),-,-
GUJ Govt-AllGujStud.,GQ-SE,Gujarat,"Medical College, Baroda",SPM,"₹30,000*","₹1,00,800",0*,₹0*,1250,1968(1),2896(1),2896(1),-,-,-,-,2505(1),2718(1),2718(1),-,-
GUJ Govt-AllGujStud.,GQ-EW,Gujarat,"Dr ND Desai FMS & Res, Nadiad",ANAESTHESIOLOGY,"₹25,00,000*","₹84,000*",0,₹0,-,-,-,-,-,-,-,-,2031(1),2275(1),2721(1),-,-
GUJ Mgmt Quota,MQ-MQ,Gujarat,"GMERS, Gandhinagar",PATHOLOGY,"₹9,38,000*","₹84,000*",0,₹0,980,-,2793(1),3015(1),-,-,-,-,2149(2),2374(3),2727(3),-,-
GUJ Govt-Inst. Pref,UQ-ST,Gujarat,"Medical College, Baroda",OBG,"₹30,000*","₹1,00,800",1*,"₹40,00,000*",1250,-,-,-,-,-,-,-,2728(1),2728(1),2728(1),-,-
GUJ Govt-AllGujStud.,GQ-SE,Gujarat,"Dr ND Desai FMS & Res, Nadiad",OPHTHALMOLOGY,"₹30,00,000*","₹84,000*",0,₹0,-,-,-,-,-,-,-,-,2323(1),2539(1),2740(1),-,-
GUJ Govt-Inst. Pref,UQ-SC,Gujarat,"AMCET, Ahmedabad",OBG,"₹9,67,000*","₹1,00,800*",0,₹0,1050,-,-,-,-,-,-,-,1820(1),1820(1),2745(1),-,-
GUJ Govt-AllGujStud.,GQ-SC,Gujarat,"Parul IMS&R, Vadodara",OBG,"₹30,00,000*","₹1,00,800*",0,₹0,750,-,-,-,-,-,-,-,2745(1),2745(1),2754(1),-,-
GUJ Govt-Inst. Pref,UQ-ST,Gujarat,"Surat Municipal, Surat",GENERAL MEDICINE,"₹18,64,000*","₹84,000*",0,₹0,750,2344(1),2344(1),2344(1),-,-,-,-,2758(1),2758(1),2758(1),-,-
GUJ Govt-AllGujStud.,GQ-OP,Gujarat,"Nootan Med Coll & RC, Mehsana",PATHOLOGY,"₹5,00,000*","₹84,000*",0,₹0,-,-,-,-,-,-,-,-,2451(1),2448(1),2761(1),3244(1),-
GUJ Govt-Inst. Pref,UQ-OP,Gujarat,"Surat Municipal, Surat",PATHOLOGY,"₹12,50,000*","₹84,000*",0,₹0,750,1840(1),2517(1),2517(1),-,-,-,-,2624(2),2568(2),2767(2),-,-
GUJ Govt-Inst. Pref,UQ-OP,Gujarat,"Pramukhswami Med Coll, Karmsad",PATHOLOGY,"₹11,00,000*","₹84,000*",0,₹0,1000,2446(1),2857(1),4207(1),-,-,-,-,2727(1),2769(1),2769(1),-,-
GUJ Govt-AllGujStud.,GQ-SE,Gujarat,"GMERS, Sola",PATHOLOGY,"₹6,25,000*","₹84,000*",0,₹0,900,2278(2),2465(2),2876(2),-,-,-,-,2377(2),2377(2),2773(2),-,-
GUJ Mgmt Quota,MQ-MQ,Gujarat,"Dr ND Desai FMS & Res, Nadiad",ANAESTHESIOLOGY,"₹25,00,000*","₹84,000*",0,₹0,-,-,-,-,-,-,-,-,2259(2),2481(2),2777(2),-,-
GUJ Mgmt Quota,MQ-MQ,Gujarat,"Shantabaa Medical Coll, Amreli",ANAESTHESIOLOGY,"₹23,50,000","₹84,000*",0,₹0,-,-,-,-,-,-,-,-,2118(1),2308(1),2785(1),-,-
GUJ Govt-AllGujStud.,GQ-SC,Gujarat,"Surat Municipal, Surat",GENERAL SURGERY,"₹18,64,000*","₹84,000*",0,₹0,750,1945(1),2141(1),2243(1),-,-,-,-,2338(1),2562(1),2793(1),-,-
GUJ Govt-Inst. Pref,UQ-ST,Gujarat,"AMCET, Ahmedabad",PAEDIATRICS,"₹9,67,000*","₹1,00,800*",0,₹0,1050,2634(1),2521(1),2521(1),-,-,-,-,2795(1),2795(1),2795(1),-,-
GUJ Govt-AllGujStud.,GQ-SE,Gujarat,"MP Shah, Jamnagar",SPM,"₹30,000*","₹1,00,800",0*,₹0*,1250,2369(1),3279(1),3279(1),-,-,-,-,1852(1),2800(1),2800(1),-,-
GUJ Govt-AllGujStud.,GQ-SC,Gujarat,"GCS Med Coll, Ahmedabad",EMERGENCY MEDICINE,"₹15,00,000*","₹84,000*",0,₹0,750,-,-,-,-,-,-,-,2562(1),2801(1),2801(1),-,-
GUJ Govt-Inst. Pref,UQ-OP,Gujarat,"BJMC, Ahmedabad",FORENSIC MEDICINE,"₹30,000*","₹1,00,800",0*,₹0*,1557,-,-,-,-,-,-,-,2855(1),4144(1),2804(1),-,-
GUJ Mgmt-NRI,NQ-NRI,Gujarat,"GCS Med Coll, Ahmedabad",DERMATOLOGY,"₹34,00,000*","₹84,000*",0,₹0,750,3561(1),3561(1),3561(1),-,-,-,-,2806(1),2806(1),2806(1),-,-
GUJ Govt-AllGujStud.,GQ-SE,Gujarat,"Govt Med Coll, Surat",PHARMACOLOGY,"₹30,000*","₹1,00,800",0*,₹0*,1150,2084(1),2781(1),3090(1),-,-,-,-,1933(2),2813(2),2813(2),-,-
GUJ Govt-AllGujStud.,GQ-SE,Gujarat,"Govt Med Coll, Surat",FORENSIC MEDICINE,"₹30,000*","₹1,00,800",0*,₹0*,1150,-,-,-,-,-,-,-,2818(1),2818(1),2818(1),-,-
GUJ Govt-Inst. Pref,UQ-SE,Gujarat,"Adani Institute, Bhuj",RADIO DIAGNOSIS,"₹33,00,000*","₹84,000*",0,₹0,750,-,-,-,-,-,-,-,2832(1),2832(1),2832(1),-,-
GUJ Govt-Inst. Pref,UQ-ST,Gujarat,"Medical College, Baroda",ENT,"₹30,000*","₹1,00,800",1*,"₹40,00,000*",1250,-,-,-,-,-,-,-,2838(1),2838(1),2838(1),-,-
GUJ Govt-AllGujStud.,GQ-ST,Gujarat,"AMCET, Ahmedabad",PAEDIATRICS,"₹9,67,000*","₹1,00,800*",0,₹0,1050,2296(2),2523(2),2658(2),-,-,-,-,2840(2),2840(2),2840(2),-,-
GUJ Govt-Inst. Pref,UQ-SE,Gujarat,"AMCET, Ahmedabad",PATHOLOGY,"₹9,67,000*","₹1,00,800*",0,₹0,1050,2143(1),2958(1),3659(1),-,-,-,-,2414(1),2852(1),2852(1),-,-
GUJ Govt-AllGujStud.,GQ-SC,Gujarat,"Zydus Med Coll & Hosp, Dahod",OBG,"₹32,00,000*","₹84,000*",0,₹0,-,-,-,-,-,-,-,-,2416(1),2754(1),2856(1),-,-
GUJ Govt-Inst. Pref,UQ-ST,Gujarat,"BJMC, Ahmedabad",ANAESTHESIOLOGY,"₹30,000*","₹1,00,800",1*,"₹40,00,000*",1557,3625(1),3759(1),3759(1),-,-,-,-,2857(1),2857(1),2857(1),-,-
GUJ Mgmt Quota,MQ-MQ,Gujarat,"Dr ND Desai FMS & Res, Nadiad",PAEDIATRICS,"₹59,00,000*","₹84,000*",0,₹0,-,-,-,-,-,-,-,-,1816(2),2582(2),2860(2),-,-
GUJ Mgmt-NRI,NQ-NRI,Gujarat,"GMERS, Sola",ORTHOPAEDICS,"₹33,75,000*","₹84,000*",0,₹0,900,-,-,-,-,-,-,-,2862(1),2862(1),2862(1),-,-
GUJ Govt-AllGujStud.,GQ-SE,Gujarat,"Parul IMS&R, Vadodara",ORTHOPAEDICS,"₹32,00,000*","₹1,00,800*",0,₹0,750,-,-,-,-,-,-,-,2168(1),2382(1),2863(1),-,-
GUJ Govt-AllGujStud.,GQ-OP,Gujarat,"NHL Med Coll, Ahmedabad",PHARMACOLOGY,"₹7,93,000*","₹84,000*",0,₹0,2220,2354(2),2089(2),2089(2),-,-,-,-,1908(1),1908(1),2865(1),-,-
GUJ Govt-AllGujStud.,GQ-OP,Gujarat,"Zydus Med Coll & Hosp, Dahod",PHARMACOLOGY,"₹7,250*","₹84,000*",0,₹0,-,2764(2),2981(3),2981(3),-,-,-,-,2622(2),2868(2),2868(2),-,-
GUJ Govt-AllGujStud.,GQ-OP,Gujarat,"Zydus Med Coll & Hosp, Dahod",ANAESTHESIOLOGY,"₹27,00,000*","₹84,000*",0,₹0,-,-,-,-,-,-,-,-,-,2478(1),2871(1),-,-
GUJ Mgmt Quota,MQ-MQ,Gujarat,"NHL Med Coll, Ahmedabad",PATHOLOGY,"₹11,88,000*","₹84,000*",0,₹0,2220,2224(2),2941(3),2938(3),-,-,-,-,2320(2),2507(3),2872(3),-,-
GUJ Govt-AllGujStud.,GQ-SE,Gujarat,"GCS Med Coll, Ahmedabad",PATHOLOGY,"₹8,00,000*","₹84,000*",0,₹0,750,2332(1),2876(1),3243(1),-,-,-,-,2592(1),2641(1),2881(1),-,-
GUJ Govt-AllGujStud.,GQ-OP,Gujarat,"Dr MK Shah Med Coll, Ahmedabad",PATHOLOGY,"₹8,50,000*","₹84,000*",0,₹0,350,1557(1),1926(1),2734(1),2262(1),2670(1),-,-,2289(1),2312(1),2888(1),-,-
GUJ Govt-AllGujStud.,GQ-SE,Gujarat,"GMERS, Gotri, Vadodara",PATHOLOGY,"₹6,25,000*","₹84,000*",0,₹0,730,2387(2),2580(2),3259(2),-,-,-,-,2533(1),2393(1),2891(1),-,-
GUJ Govt-AllGujStud.,GQ-SC,Gujarat,"NHL Med Coll, Ahmedabad",ANAESTHESIOLOGY,"₹7,93,000*","₹84,000*",0,₹0,2220,1907(1),2304(1),3142(1),-,-,-,-,2658(1),2658(1),2892(1),-,-
GUJ Mgmt Quota,MQ-MQ,Gujarat,"Pramukhswami Med Coll, Karmsad",ORTHOPAEDICS,"₹52,00,000*","₹84,000*",0,₹0,1000,-,2347(1),2955(1),3235(1),-,-,-,-,2685(1),2894(1),-,-
GUJ Govt-AllGujStud.,GQ-OP,Gujarat,"BJMC, Ahmedabad",IHBT,"₹30,000*","₹1,00,800",1*,"₹40,00,000*",1557,1716(1),2389(1),2986(1),-,-,-,-,2042(2),2722(2),2899(2),-,-
GUJ Govt-AllGujStud.,GQ-SE,Gujarat,"NHL Med Coll, Ahmedabad",PATHOLOGY,"₹7,93,000*","₹84,000*",0,₹0,2220,2456(3),2543(3),3227(3),-,-,-,-,2642(2),2587(2),2900(2),-,-
GUJ Govt-AllGujStud.,GQ-OP,Gujarat,"Pramukhswami Med Coll, Karmsad",PHARMACOLOGY,"₹4,00,000*","₹84,000*",0,₹0,1000,2487(1),2487(1),2487(1),-,-,-,-,2345(1),2903(2),2902(2),-,-
GUJ Govt-Inst. Pref,UQ-ST,Gujarat,"AMCET, Ahmedabad",DERMATOLOGY,"₹9,67,000*","₹1,00,800*",0,₹0,1050,-,-,-,-,-,-,-,2182(1),2182(1),2907(1),-,-
GUJ Govt-Inst. Pref,UQ-SE,Gujarat,"NHL Med Coll, Ahmedabad",PATHOLOGY,"₹7,93,000*","₹84,000*",0,₹0,2220,2322(1),2458(1),2878(1),-,-,-,-,2641(1),2608(1),2910(1),-,-
GUJ Govt-Inst. Pref,UQ-SE,Gujarat,"BJMC, Ahmedabad",PHARMACOLOGY,"₹30,000*","₹1,00,800",0*,₹0*,1557,-,-,-,-,-,-,-,2029(1),2911(1),2911(1),-,-
GUJ Govt-AllGujStud.,GQ-EW,Gujarat,"AMCET, Ahmedabad",PATHOLOGY,"₹9,67,000*","₹1,00,800*",0,₹0,1050,2226(1),2420(1),2794(1),-,-,-,-,2300(2),2368(2),2927(2),-,-
GUJ Govt-Inst. Pref,UQ-ST,Gujarat,"NHL Med Coll, Ahmedabad",OBG,"₹7,93,000*","₹84,000*",0,₹0,2220,3226(1),3226(1),3283(1),-,-,-,-,2928(1),2928(1),2928(1),-,-
GUJ Govt-Inst. Pref,UQ-SE,Gujarat,"Pramukhswami Med Coll, Karmsad",DERMATOLOGY,"₹34,00,000*","₹84,000*",0,₹0,1000,-,-,-,-,-,-,-,2929(1),2929(1),2929(1),-,-
GUJ Govt-AllGujStud.,GQ-SC,Gujarat,"Pramukhswami Med Coll, Karmsad",GENERAL SURGERY,"₹33,00,000*","₹84,000*",0,₹0,1000,-,-,-,-,-,-,-,-,2856(1),2945(1),-,-
GUJ Govt-AllGujStud.,GQ-EW,Gujarat,"PDU Med Coll, Rajkot",SPM,"₹30,000*","₹1,00,800",0*,₹0*,750,-,-,-,-,-,-,-,-,2772(1),2946(1),-,-
GUJ Govt-AllGujStud.,GQ-SE,Gujarat,"Govt Med Coll, Bhavnagar",BIOCHEMISTRY,"₹30,000*","₹1,00,800",0*,₹0*,720,-,-,-,-,-,-,-,-,2948(1),2948(1),-,-
GUJ Mgmt Quota,MQ-MQ,Gujarat,"Nootan Med Coll & RC, Mehsana",PATHOLOGY,"₹7,00,000*","₹84,000*",0,₹0,-,-,-,-,-,-,-,-,2461(1),2511(1),2949(1),-,-
GUJ Govt-Inst. Pref,UQ-ST,Gujarat,"BJMC, Ahmedabad",PATHOLOGY,"₹30,000*","₹1,00,800",1*,"₹40,00,000*",1557,3157(1),3590(1),4047(1),-,-,-,-,2953(1),2953(1),2953(1),-,-
GUJ Govt-AllGujStud.,GQ-SC,Gujarat,"Adani Institute, Bhuj",TBRD,"₹12,00,000*","₹84,000*",0,₹0,750,-,-,-,-,-,-,-,2271(1),2271(1),2956(1),-,-
GUJ Mgmt Quota,MQ-MQ,Gujarat,"Pramukhswami Med Coll, Karmsad",PHARMACOLOGY,"₹6,00,000*","₹84,000*",0,₹0,1000,2775(1),2424(1),3182(1),-,-,-,-,2868(1),2959(1),2959(1),-,-
GUJ Govt-AllGujStud.,GQ-SC,Gujarat,"GMERS, Gandhinagar",ANAESTHESIOLOGY,"₹11,25,000*","₹84,000*",0,₹0,980,2303(1),2682(1),3236(1),-,-,-,-,2956(1),2956(1),2960(1),-,-
GUJ Mgmt Quota,MQ-MQ,Gujarat,"Parul IMS&R, Vadodara",ORTHOPAEDICS,"₹42,00,000*","₹1,00,800*",0,₹0,750,1550(1),2422(1),2889(1),-,-,-,-,2071(2),2664(2),2961(2),-,-
GUJ Govt-AllGujStud.,GQ-ST,Gujarat,"GMERS, Gandhinagar",OBG,"₹11,25,000*","₹84,000*",0,₹0,980,-,-,-,-,-,-,-,2966(1),2966(1),2966(1),-,-
GUJ Govt-Inst. Pref,UQ-SE,Gujarat,"Adani Institute, Bhuj",OBG,"₹27,00,000*","₹84,000*",0,₹0,750,-,-,-,-,-,-,-,2979(1),2979(1),2979(1),-,-
GUJ Govt-AllGujStud.,GQ-SC,Gujarat,"Govt Med Coll, Surat",PATHOLOGY,"₹30,000*","₹1,00,800",1*,"₹40,00,000*",1150,2187(1),2835(1),3257(1),-,-,-,-,2203(1),2981(1),2981(1),-,-
GUJ Mgmt Quota,MQ-MQ,Gujarat,"Dr ND Desai FMS & Res, Nadiad",OBG,"₹58,00,000*","₹84,000*",0,₹0,-,-,-,-,-,-,-,-,2113(1),2237(1),2988(1),-,-
GUJ Govt-Inst. Pref,UQ-EW,Gujarat,"Surat Municipal, Surat",ANAESTHESIOLOGY,"₹18,64,000*","₹84,000*",0,₹0,750,-,-,-,-,-,-,-,2180(1),2180(1),2989(1),-,-
GUJ Mgmt-NRI,NQ-NRI,Gujarat,"AMCET, Ahmedabad",DERMATOLOGY,"₹38,41,000*","₹1,00,800*",0,₹0,1050,-,-,-,-,-,-,-,2992(1),2992(1),2992(1),-,-
GUJ Govt-AllGujStud.,GQ-SE,Gujarat,"Parul IMS&R, Vadodara",GENERAL SURGERY,"₹30,00,000*","₹1,00,800*",0,₹0,750,-,-,-,-,-,-,-,2183(2),2346(2),2994(2),-,-
GUJ Mgmt Quota,MQ-MQ,Gujarat,"Parul IMS&R, Vadodara",GENERAL SURGERY,"₹42,00,000*","₹1,00,800*",0,₹0,750,1886(2),2469(2),3031(2),3296(1),-,-,-,2253(3),2476(3),2996(3),-,-
GUJ Govt-Inst. Pref,UQ-SC,Gujarat,"PDU Med Coll, Rajkot",DGO,"₹20,000*","₹75,600*",1*,"₹40,00,000*",750,-,-,-,-,-,-,-,2028(1),2803(1),3001(1),-,-
GUJ Govt-AllGujStud.,GQ-EW,Gujarat,"GMERS, Gandhinagar",PHARMACOLOGY,"₹5,75,000*","₹84,000*",0,₹0,980,-,-,-,-,-,-,-,2906(1),2906(1),3008(1),-,-
GUJ Govt-AllGujStud.,GQ-SE,Gujarat,"BJMC, Ahmedabad",SPM,"₹30,000*","₹1,00,800",0*,₹0*,1557,-,2582(1),2582(1),-,-,-,-,2405(1),3013(1),3013(1),-,-
GUJ Mgmt Quota,MQ-MQ,Gujarat,"Adani Institute, Bhuj",ORTHOPAEDICS,"₹42,00,000*","₹84,000*",0,₹0,750,1365(1),1764(3),1764(3),-,-,-,-,2072(1),2637(3),3014(3),-,-
GUJ Govt-AllGujStud.,GQ-OP-PH,Gujarat,"Govt Med Coll, Surat",OBG,"₹30,000*","₹1,00,800",1*,"₹40,00,000*",1150,-,-,-,-,-,-,-,3015(1),3015(1),3015(1),-,-
GUJ Govt-AllGujStud.,GQ-ST,Gujarat,"GMERS, Gotri, Vadodara",PSYCHIATRY,"₹8,75,000*","₹84,000*",0,₹0,730,-,-,-,-,-,-,-,3776(1),4235(1),3016(1),-,-
GUJ Mgmt-NRI,NQ-NRI,Gujarat,"Dr MK Shah Med Coll, Ahmedabad",DERMATOLOGY,"₹40,08,000*","₹84,000*",0,₹0,350,-,-,-,-,-,-,-,3017(1),3017(1),3017(1),-,-
GUJ Govt-AllGujStud.,GQ-SC,Gujarat,"Pramukhswami Med Coll, Karmsad",ANAESTHESIOLOGY,"₹12,00,000*","₹84,000*",0,₹0,1000,2526(1),2500(1),3247(1),-,-,-,-,2960(1),2960(1),3024(1),-,-
GUJ Govt-AllGujStud.,GQ-OP,Gujarat,"Govt Med Coll, Bhavnagar",SPM,"₹30,000*","₹1,00,800",0*,₹0*,720,2341(2),3140(2),3205(2),-,-,-,-,2532(1),3025(1),3025(1),-,-
GUJ Govt-Inst. Pref,UQ-OP,Gujarat,"Govt Med Coll, Surat",MICROBIOLOGY,"₹30,000*","₹1,00,800",1*,"₹40,00,000*",1150,-,-,-,-,-,-,-,3030(1),3030(1),3030(1),-,-
GUJ Govt-Inservice,IQ-SE,Gujarat,"Medical College, Baroda",GENERAL MEDICINE,"₹30,000*","₹1,00,800",1*,"₹40,00,000*",1250,-,-,-,-,-,-,-,3039(1),3039(1),3039(1),-,-
GUJ Govt-AllGujStud.,GQ-SC,Gujarat,"Adani Institute, Bhuj",ENT,"₹12,00,000*","₹84,000*",0,₹0,750,-,-,-,-,-,-,-,2380(1),3001(1),3043(1),-,-
GUJ Govt-AllGujStud.,GQ-ST,Gujarat,"GMERS, Sola",GENERAL MEDICINE,"₹11,25,000*","₹84,000*",0,₹0,900,-,-,-,-,-,-,-,2597(1),3046(1),3046(1),-,-
GUJ Govt-Inst. Pref,UQ-ST,Gujarat,"GMERS, Gandhinagar",GENERAL MEDICINE,"₹11,25,000*","₹84,000*",0,₹0,980,-,-,-,-,-,-,-,3048(1),3048(1),3048(1),-,-
GUJ Govt-AllGujStud.,GQ-OP,Gujarat,"Govt Med Coll, Surat",BIOCHEMISTRY,"₹30,000*","₹1,00,800",0*,₹0*,1150,2948(1),3576(1),4119(1),-,-,-,-,2697(1),3049(1),3049(1),-,-
GUJ Govt-AllGujStud.,GQ-ST,Gujarat,"Surat Municipal, Surat",GENERAL MEDICINE,"₹18,64,000*","₹84,000*",0,₹0,750,2516(2),2516(2),2516(2),-,-,-,-,3052(2),3052(2),3052(2),-,-
GUJ Govt-AllGujStud.,GQ-ST,Gujarat,"BJMC, Ahmedabad",GENERAL SURGERY,"₹30,000*","₹1,00,800",1*,"₹40,00,000*",1557,2532(1),2856(2),3133(2),-,-,-,-,2984(1),3056(2),3056(2),-,-
GUJ Govt-Inst. Pref,UQ-EW,Gujarat,"BJMC, Ahmedabad",SPM,"₹30,000*","₹1,00,800",0*,₹0*,1557,-,-,-,-,-,-,-,3057(1),3057(1),3057(1),-,-
GUJ Govt-AllGujStud.,GQ-ST,Gujarat,"PDU Med Coll, Rajkot",PSYCHIATRY,"₹30,000*","₹1,00,800",1*,"₹40,00,000*",750,-,-,-,-,-,-,-,-,3062(1),3062(1),-,-
GUJ Govt-AllGujStud.,GQ-OP,Gujarat,"Pramukhswami Med Coll, Karmsad",PATHOLOGY,"₹11,00,000*","₹84,000*",0,₹0,1000,2249(2),2775(2),3380(2),3455(1),-,-,-,2406(2),2624(3),3064(3),-,-
GUJ Govt-AllGujStud.,GQ-ST,Gujarat,"Surat Municipal, Surat",OBG,"₹18,64,000*","₹84,000*",0,₹0,750,2988(1),2988(1),2988(1),-,-,-,-,3065(1),3065(1),3065(1),-,-
GUJ Govt-AllGujStud.,GQ-ST,Gujarat,"GCS Med Coll, Ahmedabad",GENERAL MEDICINE,"₹21,00,000*","₹84,000*",0,₹0,750,2666(1),2666(1),2666(1),-,-,-,-,3371(1),3371(1),3072(1),-,-
GUJ Govt-AllGujStud.,GQ-ST,Gujarat,"Govt Med Coll, Surat",TBRD,"₹30,000*","₹1,00,800",1*,"₹40,00,000*",1150,2715(1),2715(1),2715(1),-,-,-,-,3082(1),3082(1),3078(1),-,-
GUJ Govt-AllGujStud.,GQ-ST,Gujarat,"GMERS, Gandhinagar",GENERAL MEDICINE,"₹11,25,000*","₹84,000*",0,₹0,980,-,-,-,-,-,-,-,2675(1),3072(1),3081(1),-,-
GUJ Govt-AllGujStud.,GQ-SE,Gujarat,"Pramukhswami Med Coll, Karmsad",ORTHOPAEDICS,"₹43,00,000*","₹84,000*",0,₹0,1000,2429(1),2429(1),2887(1),3926(1),4268(1),-,-,2497(1),2863(1),3085(1),-,-
GUJ Govt-AllGujStud.,GQ-SE,Gujarat,"AMCET, Ahmedabad",PATHOLOGY,"₹9,67,000*","₹1,00,800*",0,₹0,1050,2580(3),3129(3),3325(3),-,-,-,-,2773(2),2869(2),3094(2),-,-
GUJ Mgmt Quota,MQ-MQ,Gujarat,"Surat Municipal, Surat",ANAESTHESIOLOGY,"₹32,80,000*","₹84,000*",0,₹0,750,1889(2),2371(4),2978(4),3340(1),-,-,-,2265(2),2621(4),3101(4),-,-
GUJ Govt-AllGujStud.,GQ-ST,Gujarat,"CU Shah, Surendra Nagar",RADIO DIAGNOSIS,"₹33,00,000*","₹84,000*",0,₹0,590,2755(1),2873(1),2873(1),-,-,-,-,3102(1),3102(1),3102(1),-,-
GUJ Govt-Inst. Pref,UQ-ST,Gujarat,"GMERS, Gotri, Vadodara",GENERAL MEDICINE,"₹11,25,000*","₹84,000*",0,₹0,730,-,-,-,-,-,-,-,3056(1),3106(1),3106(1),-,-
GUJ Govt-AllGujStud.,GQ-OP,Gujarat,"PDU Med Coll, Rajkot",MICROBIOLOGY,"₹30,000*","₹1,00,800",1*,"₹40,00,000*",750,-,-,-,-,-,-,-,2542(1),3109(1),3109(1),-,-
GUJ Govt-AllGujStud.,GQ-ST,Gujarat,"NHL Med Coll, Ahmedabad",OBG,"₹7,93,000*","₹84,000*",0,₹0,2220,2703(3),2703(3),2703(3),-,-,-,-,2950(3),2950(3),3112(3),-,-
GUJ Govt-Inst. Pref,UQ-SE,Gujarat,"PDU Med Coll, Rajkot",PATHOLOGY,"₹30,000*","₹1,00,800",1*,"₹40,00,000*",750,2116(1),2292(1),2292(1),-,-,-,-,2211(1),2211(1),3114(1),-,-
GUJ Govt-Inst. Pref,UQ-SE,Gujarat,"GMERS, Gandhinagar",PHARMACOLOGY,"₹5,75,000*","₹84,000*",0,₹0,980,-,-,-,-,-,-,-,3616(1),3143(1),3115(1),-,-
GUJ Govt-AllGujStud.,GQ-OP,Gujarat,"AMCET, Ahmedabad",PHARMACOLOGY,"₹9,67,000*","₹1,00,800*",0,₹0,1050,-,2706(1),3504(1),-,-,-,-,2810(1),3146(3),3120(3),3763(1),-
GUJ Govt-AllGujStud.,GQ-OP,Gujarat,"CU Shah, Surendra Nagar",PATHOLOGY,"₹9,00,000*","₹84,000*",0,₹0,590,2113(3),2490(3),3270(3),-,-,-,-,2331(3),2618(3),3126(3),-,-
GUJ Govt-AllGujStud.,GQ-OP,Gujarat,"Medical College, Baroda",MICROBIOLOGY,"₹30,000*","₹1,00,800",1*,"₹40,00,000*",1250,2639(3),3182(3),3670(3),-,-,-,-,2489(1),3096(1),3129(1),-,-
GUJ Govt-AllGujStud.,GQ-ST,Gujarat,"Parul IMS&R, Vadodara",OBG,"₹30,00,000*","₹1,00,800*",0,₹0,750,-,-,-,-,-,-,-,3131(1),3131(1),3131(1),-,-
GUJ Mgmt Quota,MQ-MQ,Gujarat,"Pramukhswami Med Coll, Karmsad",GENERAL SURGERY,"₹45,00,000*","₹84,000*",0,₹0,1000,1612(1),2493(2),2493(2),-,-,-,-,2033(1),2324(2),3132(2),2826(1),-
GUJ Mgmt Quota,MQ-MQ,Gujarat,"Dr ND Desai FMS & Res, Nadiad",GENERAL SURGERY,"₹50,00,000*","₹84,000*",0,₹0,-,-,-,-,-,-,-,-,2270(1),2596(1),3137(1),3236(1),3250(1)
GUJ Govt-AllGujStud.,GQ-SC,Gujarat,"GCS Med Coll, Ahmedabad",OPHTHALMOLOGY,"₹11,00,000*","₹84,000*",0,₹0,750,-,-,-,-,-,-,-,2614(1),3141(1),3141(1),-,-
GUJ Govt-AllGujStud.,GQ-SE,Gujarat,"Parul IMS&R, Vadodara",PHARMACOLOGY,"₹1,000*","₹1,00,800*",0,₹0,750,-,-,-,-,-,-,-,2659(1),2994(1),3143(1),-,-
GUJ Govt-Inst. Pref,UQ-OP,Gujarat,"NHL Med Coll, Ahmedabad",PHARMACOLOGY,"₹7,93,000*","₹84,000*",0,₹0,2220,1703(1),1703(1),1703(1),-,-,-,-,2837(1),3150(1),3150(1),-,-
GUJ Mgmt Quota,MQ-MQ,Gujarat,"Zydus Med Coll & Hosp, Dahod",ORTHOPAEDICS,"₹58,00,000*","₹84,000*",0,₹0,-,2294(2),2270(2),2791(2),3101(1),-,-,-,2428(2),2894(2),3151(2),3238(1),4457(1)
GUJ Govt-AllGujStud.,GQ-SE,Gujarat,"Medical College, Baroda",PHYSIOLOGY,"₹30,000*","₹1,00,800",0*,₹0*,1250,-,-,-,-,-,-,-,3268(1),3153(1),3153(1),-,-
GUJ Mgmt-NRI,NQ-NRI,Gujarat,"GMERS, Sola",GENERAL MEDICINE,"₹33,75,000*","₹84,000*",0,₹0,900,-,-,-,-,-,-,-,3156(2),3156(2),3156(2),-,-
GUJ Govt-AllGujStud.,GQ-OP,Gujarat,"BJMC, Ahmedabad",FORENSIC MEDICINE,"₹30,000*","₹1,00,800",0*,₹0*,1557,2500(2),4086(4),4059(4),4261(1),-,-,-,886(1),3158(1),3158(1),-,-
GUJ Govt-AllGujStud.,GQ-SE,Gujarat,"Govt Med Coll, Bhavnagar",SPM,"₹30,000*","₹1,00,800",0*,₹0*,720,-,-,-,-,-,-,-,2696(1),3160(1),3160(1),-,-
GUJ Govt-Inst. Pref,UQ-ST,Gujarat,"Govt Med Coll, Surat",ANAESTHESIOLOGY,"₹30,000*","₹1,00,800",1*,"₹40,00,000*",1150,3581(1),3581(1),3581(1),-,-,-,-,3163(1),3163(1),3163(1),-,-
GUJ Govt-AllGujStud.,GQ-SE,Gujarat,"GMERS, Gandhinagar",PHARMACOLOGY,"₹5,75,000*","₹84,000*",0,₹0,980,-,-,-,-,-,-,-,2813(1),3176(1),3176(1),-,-
GUJ Mgmt Quota,MQ-MQ,Gujarat,"GMERS, Gandhinagar",PHARMACOLOGY,"₹8,63,000*","₹84,000*",0,₹0,980,-,-,-,-,-,-,-,-,3321(1),3181(1),-,-
GUJ Govt-AllGujStud.,GQ-SE,Gujarat,"Dr ND Desai FMS & Res, Nadiad",SPM,"₹30,000*","₹84,000*",0,₹0,-,-,-,-,-,-,-,-,3480(1),3185(1),3185(1),-,-
GUJ Govt-AllGujStud.,GQ-SE,Gujarat,"Zydus Med Coll & Hosp, Dahod",PHARMACOLOGY,"₹7,250*","₹84,000*",0,₹0,-,3265(1),3384(1),3384(1),-,-,-,-,3166(1),3187(2),3187(2),-,-
GUJ Govt-AllGujStud.,GQ-ST,Gujarat,"MP Shah, Jamnagar",GENERAL SURGERY,"₹30,000*","₹1,00,800",1*,"₹40,00,000*",1250,2693(2),3288(2),3569(2),-,-,-,-,-,3190(1),3190(1),-,-
GUJ Govt-Inst. Pref,UQ-ST,Gujarat,"CU Shah, Surendra Nagar",OBG,"₹25,00,000*","₹84,000*",0,₹0,590,-,-,-,-,-,-,-,3191(1),3191(1),3191(1),-,-
GUJ Govt-Inst. Pref,UQ-SC,Gujarat,"GMERS, Sola",ANAESTHESIOLOGY,"₹11,25,000*","₹84,000*",0,₹0,900,-,-,-,-,-,-,-,3031(1),3197(1),3197(1),-,-
GUJ Govt-Inst. Pref,UQ-ST,Gujarat,"Surat Municipal, Surat",PAEDIATRICS,"₹18,64,000*","₹84,000*",0,₹0,750,-,-,-,-,-,-,-,3203(1),3203(1),3203(1),-,-
GUJ Govt-Inst. Pref,UQ-OP,Gujarat,"Pramukhswami Med Coll, Karmsad",ORTHOPAEDICS,"₹43,00,000*","₹84,000*",0,₹0,1000,1764(1),3077(1),3077(1),-,-,-,-,2322(1),3206(1),3206(1),-,-
GUJ Mgmt-NRI,NQ-NRI,Gujarat,"GCS Med Coll, Ahmedabad",OBG,"₹29,00,000*","₹84,000*",0,₹0,750,-,-,-,-,-,-,-,3208(1),3208(1),3208(1),-,-
GUJ Govt-AllGujStud.,GQ-ST,Gujarat,"Medical College, Baroda",GENERAL SURGERY,"₹30,000*","₹1,00,800",1*,"₹40,00,000*",1250,-,3049(1),3049(1),-,-,-,-,-,3112(1),3211(1),-,-
GUJ Govt-AllGujStud.,GQ-ST,Gujarat,"BJMC, Ahmedabad",ORTHOPAEDICS,"₹30,000*","₹1,00,800",1*,"₹40,00,000*",1557,2264(1),2264(1),2264(1),-,-,-,-,-,3214(1),3214(1),-,-
GUJ Mgmt Quota,MQ-MQ,Gujarat,"Parul IMS&R, Vadodara",SPM,"₹1,000*","₹1,00,800*",0,₹0,750,3289(1),3513(1),3305(1),-,-,-,-,3003(1),3219(1),3219(1),-,-
GUJ Mgmt Quota,MQ-MQ,Gujarat,"Zydus Med Coll & Hosp, Dahod",ANAESTHESIOLOGY,"₹45,00,000*","₹84,000*",0,₹0,-,-,-,-,-,-,-,-,2280(1),2703(1),3226(1),-,-
GUJ Mgmt-NRI,NQ-NRI,Gujarat,"GCS Med Coll, Ahmedabad",PAEDIATRICS,"₹32,00,000*","₹84,000*",0,₹0,750,-,-,-,-,-,-,-,3228(1),3228(1),3228(1),-,-
GUJ Govt-Inst. Pref,UQ-OP,Gujarat,"GCS Med Coll, Ahmedabad",PHARMACOLOGY,"₹7,00,000*","₹84,000*",0,₹0,750,-,-,-,-,-,-,-,3063(1),3233(1),3233(1),-,-
GUJ Mgmt Quota,MQ-MQ,Gujarat,"CU Shah, Surendra Nagar",PATHOLOGY,"₹12,25,000*","₹84,000*",0,₹0,590,2147(1),3002(2),3671(2),-,-,-,-,2448(1),2957(2),3234(2),-,-
GUJ Govt-AllGujStud.,GQ-ST,Gujarat,"Govt Med Coll, Surat",ORTHOPAEDICS,"₹30,000*","₹1,00,800",1*,"₹40,00,000*",1150,2541(1),2572(1),2755(1),-,-,-,-,-,3235(1),3235(1),-,-
GUJ Govt-Inst. Pref,UQ-EW,Gujarat,"Pramukhswami Med Coll, Karmsad",PAEDIATRICS,"₹32,00,000*","₹84,000*",0,₹0,1000,-,-,-,-,-,-,-,3240(1),3240(1),3240(1),-,-
GUJ Govt-AllGujStud.,GQ-SC,Gujarat,"Adani Institute, Bhuj",ANAESTHESIOLOGY,"₹12,00,000*","₹84,000*",0,₹0,750,-,-,-,-,-,-,-,2981(1),3024(1),3246(1),-,-
GUJ Govt-AllGujStud.,GQ-SE,Gujarat,"MP Shah, Jamnagar",FORENSIC MEDICINE,"₹30,000*","₹1,00,800",0*,₹0*,1250,-,4260(1),4500(1),-,-,-,-,3475(1),3250(1),3250(1),-,-
GUJ Govt-Inst. Pref,UQ-EW,Gujarat,"Pramukhswami Med Coll, Karmsad",ANAESTHESIOLOGY,"₹12,00,000*","₹84,000*",0,₹0,1000,-,-,-,-,-,-,-,2205(1),2205(1),3252(1),-,-
GUJ Govt-Inst. Pref,UQ-ST,Gujarat,"Dr MK Shah Med Coll, Ahmedabad",GENERAL MEDICINE,"₹25,00,000*","₹84,000*",0,₹0,350,-,-,-,-,-,-,-,3542(1),3255(1),3255(1),-,-
GUJ Govt-AllGujStud.,GQ-ST,Gujarat,"GMERS, Gotri, Vadodara",PAEDIATRICS,"₹11,25,000*","₹84,000*",0,₹0,730,-,-,-,-,-,-,-,3016(1),3016(1),3257(1),-,-
GUJ Govt-AllGujStud.,GQ-SC,Gujarat,"BJMC, Ahmedabad",PATHOLOGY,"₹30,000*","₹1,00,800",1*,"₹40,00,000*",1557,-,2398(1),2398(1),-,-,-,-,-,2892(1),3266(1),-,-
GUJ Govt-AllGujStud.,GQ-ST,Gujarat,"Govt Med Coll, Surat",PHARMACOLOGY,"₹30,000*","₹1,00,800",0*,₹0*,1150,3863(1),4154(1),4154(1),-,-,-,-,3267(1),3267(1),3267(1),-,-
GUJ Govt-AllGujStud.,GQ-OP,Gujarat,"BJMC, Ahmedabad",MICROBIOLOGY,"₹30,000*","₹1,00,800",1*,"₹40,00,000*",1557,2432(3),3376(3),3501(3),-,-,-,-,2432(4),2963(4),3268(4),-,-
GUJ Govt-Inst. Pref,UQ-SE,Gujarat,"Adani Institute, Bhuj",ENT,"₹12,00,000*","₹84,000*",0,₹0,750,-,-,-,-,-,-,-,2120(1),2223(1),3278(1),-,-
GUJ Govt-AllGujStud.,GQ-OP,Gujarat,"Adani Institute, Bhuj",PATHOLOGY,"₹9,40,000*","₹84,000*",0,₹0,750,2257(2),2813(2),3383(2),-,-,-,-,2190(2),2744(2),3282(2),3530(1),3553(1)
GUJ Mgmt Quota,MQ-MQ,Gujarat,"Adani Institute, Bhuj",PATHOLOGY,"₹12,00,000*","₹84,000*",0,₹0,750,-,2833(1),3620(1),-,-,-,-,-,2873(1),3288(1),-,-
GUJ Govt-AllGujStud.,GQ-ST,Gujarat,"Govt Med Coll, Bhavnagar",GENERAL SURGERY,"₹30,000*","₹1,00,800",1*,"₹40,00,000*",720,2856(1),3451(1),3451(1),-,-,-,-,3190(1),3290(1),3290(1),-,-
GUJ Govt-AllGujStud.,GQ-SC,Gujarat,"Adani Institute, Bhuj",OPHTHALMOLOGY,"₹24,00,000*","₹84,000*",0,₹0,750,-,-,-,-,-,-,-,2856(1),3291(1),3291(1),-,-
GUJ Govt-Inst. Pref,UQ-OP,Gujarat,"Zydus Med Coll & Hosp, Dahod",GENERAL SURGERY,"₹28,00,000*","₹84,000*",0,₹0,-,-,-,-,-,-,-,-,2449(1),2031(1),3292(1),-,-
GUJ Govt-AllGujStud.,GQ-OP,Gujarat,"PDU Med Coll, Rajkot",ANATOMY,"₹30,000*","₹1,00,800",0*,₹0*,750,-,3741(1),4833(2),-,-,-,-,3133(1),3295(1),3295(1),-,-
GUJ Mgmt Quota,MQ-MQ,Gujarat,"Zydus Med Coll & Hosp, Dahod",PATHOLOGY,"₹10,00,000*","₹84,000*",0,₹0,-,2424(1),2777(1),3446(1),-,-,-,-,2507(1),2888(1),3300(1),-,-
GUJ Govt-Inst. Pref,UQ-SE,Gujarat,"Parul IMS&R, Vadodara",PATHOLOGY,"₹6,00,000*","₹1,00,800*",0,₹0,750,-,-,-,-,-,-,-,2900(1),2900(1),3307(1),-,-
GUJ Govt-AllGujStud.,GQ-SE,Gujarat,"Parul IMS&R, Vadodara",PATHOLOGY,"₹6,00,000*","₹1,00,800*",0,₹0,750,2495(1),2638(1),3368(1),-,-,-,-,2731(1),2740(1),3317(1),-,-
GUJ Mgmt-NRI,NQ-NRI,Gujarat,"NHL Med Coll, Ahmedabad",RADIO DIAGNOSIS,"₹57,41,000*","₹84,000*",0,₹0,2220,2507(1),2507(1),2507(1),-,-,-,-,3521(2),3323(1),3323(1),-,-
GUJ Govt-AllGujStud.,GQ-SE,Gujarat,"Govt Med Coll, Surat",DCP,"₹20,000*","₹75,600*",1*,"₹40,00,000*",1150,-,-,-,-,-,-,-,2657(1),2500(1),3325(1),4095(1),-
GUJ Govt-AllGujStud.,GQ-ST,Gujarat,"MP Shah, Jamnagar",ORTHOPAEDICS,"₹30,000*","₹1,00,800",1*,"₹40,00,000*",1250,2572(1),2667(1),2773(1),-,-,-,-,-,3426(1),3329(1),-,-
GUJ Govt-AllGujStud.,GQ-SE,Gujarat,"Zydus Med Coll & Hosp, Dahod",PATHOLOGY,"₹5,00,000*","₹84,000*",0,₹0,-,2115(1),3095(1),3358(1),-,-,-,-,2645(1),2645(1),3336(1),-,-
GUJ Govt-Inservice,IQ-EW,Gujarat,"BJMC, Ahmedabad",RADIO DIAGNOSIS,"₹30,000*","₹1,00,800",1*,"₹40,00,000*",1557,-,-,-,-,-,-,-,3339(1),3339(1),3339(1),-,-
GUJ Mgmt Quota,MQ-MQ,Gujarat,"CU Shah, Surendra Nagar",PHARMACOLOGY,"₹7,00,000*","₹84,000*",0,₹0,590,-,-,-,-,-,-,-,-,3120(1),3342(1),-,-
GUJ Govt-AllGujStud.,GQ-SC,Gujarat,"Surat Municipal, Surat",ANAESTHESIOLOGY,"₹18,64,000*","₹84,000*",0,₹0,750,2647(1),2983(1),3781(1),-,-,-,-,3024(1),3344(1),3344(1),-,-
GUJ Govt-Inst. Pref,UQ-SC,Gujarat,"GMERS, Sola",PATHOLOGY,"₹6,25,000*","₹84,000*",0,₹0,900,-,-,-,-,-,-,-,3455(1),3348(1),3348(1),-,-
GUJ Govt-AllGujStud.,GQ-SE,Gujarat,"Dr MK Shah Med Coll, Ahmedabad",PATHOLOGY,"₹8,50,000*","₹84,000*",0,₹0,350,-,-,-,-,-,-,-,2740(1),2881(1),3351(1),-,-
GUJ Govt-AllGujStud.,GQ-SC,Gujarat,"Dr MK Shah Med Coll, Ahmedabad",PSYCHIATRY,"₹13,00,000*","₹84,000*",0,₹0,350,-,-,-,-,-,-,-,2343(1),2343(1),3352(1),3460(1),3748(1)
GUJ Govt-Inst. Pref,UQ-ST,Gujarat,"GMERS, Sola",OBG,"₹11,25,000*","₹84,000*",0,₹0,900,-,-,-,-,-,-,-,3354(1),3354(1),3354(1),-,-
GUJ Govt-AllGujStud.,GQ-SC,Gujarat,"GMERS, Gotri, Vadodara",PATHOLOGY,"₹6,25,000*","₹84,000*",0,₹0,730,-,-,-,-,-,-,-,3357(1),3357(1),3357(1),-,-
GUJ Govt-Inservice,IQ-OP,Gujarat,"Medical College, Baroda",GENERAL MEDICINE,"₹30,000*","₹1,00,800",1*,"₹40,00,000*",1250,885(1),885(1),885(1),-,-,-,-,3363(1),3363(1),3363(1),-,-
GUJ Govt-AllGujStud.,GQ-OP,Gujarat,"Dr ND Desai FMS & Res, Nadiad",PATHOLOGY,"₹10,00,000*","₹84,000*",0,₹0,-,-,-,-,-,-,-,-,2447(2),2777(3),3370(3),2815(1),3626(1)
GUJ Govt-AllGujStud.,GQ-ST,Gujarat,"Adani Institute, Bhuj",DERMATOLOGY,"₹35,00,000*","₹84,000*",0,₹0,750,-,-,-,-,-,-,-,2907(1),2907(1),3371(1),-,-
GUJ Govt-AllGujStud.,GQ-SC,Gujarat,"GMERS, Gandhinagar",PHARMACOLOGY,"₹5,75,000*","₹84,000*",0,₹0,980,-,-,-,-,-,-,-,3372(1),3372(1),3372(1),-,-
GUJ Govt-AllGujStud.,GQ-ST,Gujarat,"Pramukhswami Med Coll, Karmsad",OBG,"₹32,00,000*","₹84,000*",0,₹0,1000,3654(1),3743(1),3846(1),-,-,-,-,3377(1),3377(1),3377(1),-,-
GUJ Govt-AllGujStud.,GQ-OP,Gujarat,"Parul IMS&R, Vadodara",MICROBIOLOGY,"₹1,000*","₹1,00,800*",0,₹0,750,-,3975(2),4269(2),-,-,-,-,3129(1),3385(1),3385(1),-,-
GUJ Govt-AllGujStud.,GQ-SC,Gujarat,"Dr MK Shah Med Coll, Ahmedabad",ANAESTHESIOLOGY,"₹16,50,000*","₹84,000*",0,₹0,350,-,-,-,-,-,-,-,3023(1),3322(1),3387(1),-,-
GUJ Govt-AllGujStud.,GQ-OP,Gujarat,"Govt Med Coll, Surat",MICROBIOLOGY,"₹30,000*","₹1,00,800",1*,"₹40,00,000*",1150,2530(2),2679(2),3392(2),-,-,-,-,2963(3),3136(3),3392(3),-,-
GUJ Govt-AllGujStud.,GQ-OP,Gujarat,"Surat Municipal, Surat",PHARMACOLOGY,"₹12,50,000*","₹84,000*",0,₹0,750,2706(1),2989(1),4234(1),-,-,-,-,3120(2),3732(2),3401(2),4176(1),-
GUJ Govt-AllGujStud.,GQ-ST,Gujarat,"CU Shah, Surendra Nagar",GENERAL MEDICINE,"₹27,00,000*","₹84,000*",0,₹0,590,2985(1),2985(1),2985(1),-,-,-,-,3405(1),3405(1),3405(1),-,-
GUJ Govt-AllGujStud.,GQ-SE,Gujarat,"Nootan Med Coll & RC, Mehsana",PATHOLOGY,"₹5,00,000*","₹84,000*",0,₹0,-,-,-,-,-,-,-,-,2483(1),2773(1),3406(1),-,-
GUJ Govt-AllGujStud.,GQ-SE,Gujarat,"BJMC, Ahmedabad",MICROBIOLOGY,"₹30,000*","₹1,00,800",1*,"₹40,00,000*",1557,2864(2),3568(2),3722(2),-,-,-,-,2869(2),3291(2),3407(2),-,-
GUJ Govt-AllGujStud.,GQ-OP,Gujarat,"Surat Municipal, Surat",PATHOLOGY,"₹12,50,000*","₹84,000*",0,₹0,750,2260(2),2474(2),2941(2),-,-,-,-,2460(3),2767(4),3408(4),-,-
GUJ Mgmt Quota,MQ-MQ,Gujarat,"Dr ND Desai FMS & Res, Nadiad",PATHOLOGY,"₹15,00,000*","₹84,000*",0,₹0,-,-,-,-,-,-,-,-,2578(1),2860(1),3415(1),-,-
GUJ Govt-AllGujStud.,GQ-SC,Gujarat,"Parul IMS&R, Vadodara",ORTHOPAEDICS,"₹32,00,000*","₹1,00,800*",0,₹0,750,-,-,-,-,-,-,-,-,3423(1),3423(1),-,-
GUJ Govt-Inst. Pref,UQ-SE,Gujarat,"Adani Institute, Bhuj",ORTHOPAEDICS,"₹30,00,000*","₹84,000*",0,₹0,750,-,-,-,-,-,-,-,2780(1),3433(1),3433(1),-,-
GUJ Govt-AllGujStud.,GQ-SE,Gujarat,"PDU Med Coll, Rajkot",MICROBIOLOGY,"₹30,000*","₹1,00,800",1*,"₹40,00,000*",750,-,-,-,-,-,-,-,3291(1),3604(1),3436(1),-,-
GUJ Mgmt Quota,MQ-MQ,Gujarat,"Pramukhswami Med Coll, Karmsad",PATHOLOGY,"₹17,00,000*","₹84,000*",0,₹0,1000,2469(2),3293(3),3741(3),-,-,-,-,2427(1),2989(2),3440(2),3279(1),-
GUJ Govt-AllGujStud.,GQ-SC,Gujarat,"GMERS, Sola",PATHOLOGY,"₹6,25,000*","₹84,000*",0,₹0,900,2808(1),3260(1),3724(1),4225(1),-,-,-,3460(1),3443(1),3443(1),-,-
GUJ Govt-AllGujStud.,GQ-OP,Gujarat,"Pramukhswami Med Coll, Karmsad",IHBT,"₹8,00,000*","₹84,000*",0,₹0,1000,2524(1),3094(2),3696(2),4224(1),4393(1),4485(1),-,2390(1),3258(2),3444(2),3679(1),-
GUJ Govt-AllGujStud.,GQ-OP,Gujarat,"BJMC, Ahmedabad",PHYSIOLOGY,"₹30,000*","₹1,00,800",0*,₹0*,1557,-,2924(3),4006(3),-,-,-,-,2716(2),3454(2),3454(2),-,-
GUJ Govt-Inst. Pref,UQ-SE,Gujarat,"MP Shah, Jamnagar",MICROBIOLOGY,"₹30,000*","₹1,00,800",1*,"₹40,00,000*",1250,-,-,-,-,-,-,-,3459(1),3459(1),3459(1),-,-
GUJ Govt-AllGujStud.,GQ-OP,Gujarat,"Dr ND Desai FMS & Res, Nadiad",SPM,"₹30,000*","₹84,000*",0,₹0,-,-,-,-,-,-,-,-,3466(2),3466(2),3466(2),-,-
GUJ Govt-AllGujStud.,GQ-ST,Gujarat,"NHL Med Coll, Ahmedabad",PAEDIATRICS,"₹7,93,000*","₹84,000*",0,₹0,2220,2658(2),2658(2),2693(2),-,-,-,-,2656(2),2991(2),3478(2),-,-
GUJ Govt-Inst. Pref,UQ-OP,Gujarat,"Adani Institute, Bhuj",PATHOLOGY,"₹9,40,000*","₹84,000*",0,₹0,750,-,-,-,-,-,-,-,2537(1),2542(1),3480(1),-,-
GUJ Mgmt Quota,MQ-MQ,Gujarat,"GCS Med Coll, Ahmedabad",PATHOLOGY,"₹18,00,000*","₹84,000*",0,₹0,750,-,3111(1),3111(1),-,-,-,-,2365(1),2730(1),3485(1),-,-
GUJ Govt-AllGujStud.,GQ-OP,Gujarat,"BJMC, Ahmedabad",ANATOMY,"₹30,000*","₹1,00,800",0*,₹0*,1557,3724(2),4220(1),4560(4),4648(2),-,-,-,-,4376(3),3489(3),3810(1),-
GUJ Govt-Inst. Pref,UQ-SC,Gujarat,"Govt Med Coll, Surat",SPM,"₹30,000*","₹1,00,800",0*,₹0*,1150,-,-,-,-,-,-,-,3387(1),3387(1),3491(1),-,-
GUJ Govt-AllGujStud.,GQ-EW,Gujarat,"BJMC, Ahmedabad",PHYSIOLOGY,"₹30,000*","₹1,00,800",0*,₹0*,1557,-,-,-,-,-,-,-,2788(1),3492(1),3492(1),-,-
GUJ Govt-Inst. Pref,UQ-ST,Gujarat,"Govt Med Coll, Bhavnagar",GENERAL SURGERY,"₹30,000*","₹1,00,800",1*,"₹40,00,000*",720,-,-,-,-,-,-,-,3493(1),3493(1),3493(1),-,-
GUJ Govt-Inst. Pref,UQ-SE,Gujarat,"GMERS, Gandhinagar",SPM,"₹5,75,000*","₹84,000*",0,₹0,980,-,-,-,-,-,-,-,3495(1),3495(1),3495(1),-,-
GUJ Mgmt Quota,MQ-MQ,Gujarat,"Parul IMS&R, Vadodara",MICROBIOLOGY,"₹1,000*","₹1,00,800*",0,₹0,750,2328(1),4038(1),4338(1),-,-,-,-,3027(1),3504(1),3504(1),-,-
GUJ Govt-AllGujStud.,GQ-SC,Gujarat,"NHL Med Coll, Ahmedabad",PATHOLOGY,"₹7,93,000*","₹84,000*",0,₹0,2220,2623(1),3142(1),4078(1),-,-,-,-,3184(1),3266(1),3505(1),-,-
GUJ Govt-AllGujStud.,GQ-OP,Gujarat,"Zydus Med Coll & Hosp, Dahod",MICROBIOLOGY,"₹5,000*","₹84,000*",0,₹0,-,-,3772(1),4370(3),-,-,-,-,-,3510(1),3510(1),-,-
GUJ Govt-Inst. Pref,UQ-OP,Gujarat,"BJMC, Ahmedabad",MICROBIOLOGY,"₹30,000*","₹1,00,800",1*,"₹40,00,000*",1557,2608(1),3659(1),4246(1),-,-,-,-,1833(2),3174(2),3534(2),-,-
GUJ Govt-AllGujStud.,GQ-ST,Gujarat,"PDU Med Coll, Rajkot",GENERAL SURGERY,"₹30,000*","₹1,00,800",1*,"₹40,00,000*",750,-,3217(1),3226(1),-,-,-,-,3062(1),3211(1),3541(1),-,-
GUJ Govt-AllGujStud.,GQ-ST,Gujarat,"Zydus Med Coll & Hosp, Dahod",GENERAL MEDICINE,"₹28,50,000*","₹84,000*",0,₹0,-,3356(1),3356(1),3356(1),-,-,-,-,3374(1),3542(1),3542(1),-,-
GUJ Govt-AllGujStud.,GQ-EW,Gujarat,"NHL Med Coll, Ahmedabad",PHARMACOLOGY,"₹7,93,000*","₹84,000*",0,₹0,2220,2518(1),2593(1),3782(1),-,-,-,-,2959(1),3543(1),3543(1),-,-
GUJ Govt-Inst. Pref,UQ-OP,Gujarat,"Govt Med Coll, Surat",PHYSIOLOGY,"₹30,000*","₹1,00,800",0*,₹0*,1150,-,-,-,-,-,-,-,3158(1),3544(1),3544(1),-,-
GUJ Govt-AllGujStud.,GQ-SE,Gujarat,"Govt Med Coll, Surat",IHBT,"₹30,000*","₹1,00,800",1*,"₹40,00,000*",1150,-,-,-,-,-,-,-,3002(1),3161(1),3545(1),-,-
GUJ Mgmt-NRI,NQ-NRI,Gujarat,"GMERS, Gandhinagar",GENERAL MEDICINE,"₹33,75,000*","₹84,000*",0,₹0,980,-,-,-,-,-,-,-,3550(1),3550(1),3550(1),-,-
GUJ Govt-AllGujStud.,GQ-OP,Gujarat,"GMERS, Gotri, Vadodara",SPM,"₹5,72,000*","₹84,000*",0,₹0,730,-,-,-,-,-,-,-,2828(1),3552(2),3552(2),-,-
GUJ Govt-AllGujStud.,GQ-ST,Gujarat,"Zydus Med Coll & Hosp, Dahod",OBG,"₹32,00,000*","₹84,000*",0,₹0,-,3660(1),3660(1),3829(1),-,-,-,-,3112(1),3562(1),3562(1),-,-
GUJ Govt-AllGujStud.,GQ-ST,Gujarat,"GCS Med Coll, Ahmedabad",PAEDIATRICS,"₹19,00,000*","₹84,000*",0,₹0,750,3506(1),2755(1),3570(1),-,-,-,-,3072(1),3257(1),3575(1),-,-
GUJ Govt-Inst. Pref,UQ-SC,Gujarat,"GMERS, Gotri, Vadodara",PATHOLOGY,"₹6,25,000*","₹84,000*",0,₹0,730,-,-,-,-,-,-,-,3043(1),3043(1),3583(1),-,-
GUJ Govt-AllGujStud.,GQ-ST,Gujarat,"Govt Med Coll, Surat",ANAESTHESIOLOGY,"₹30,000*","₹1,00,800",1*,"₹40,00,000*",1150,-,3081(1),3081(1),-,-,-,-,2683(1),3587(1),3587(1),-,-
GUJ Govt-AllGujStud.,GQ-SE,Gujarat,"Pramukhswami Med Coll, Karmsad",PATHOLOGY,"₹11,00,000*","₹84,000*",0,₹0,1000,2560(1),3041(1),3538(1),-,-,-,-,3176(2),3194(2),3589(2),-,-
GUJ Govt-AllGujStud.,GQ-ST,Gujarat,"BJMC, Ahmedabad",OPHTHALMOLOGY,"₹30,000*","₹1,00,800",1*,"₹40,00,000*",1557,2891(1),2903(2),2903(2),-,-,-,-,3590(2),3590(2),3590(2),-,-
GUJ Govt-AllGujStud.,GQ-SC,Gujarat,"Adani Institute, Bhuj",GENERAL SURGERY,"₹24,00,000*","₹84,000*",0,₹0,750,-,-,-,-,-,-,-,-,2793(1),3595(1),-,-
GUJ Govt-AllGujStud.,GQ-OP,Gujarat,"CU Shah, Surendra Nagar",SPM,"₹2,50,000*","₹84,000*",0,₹0,590,-,-,-,-,-,-,-,3025(1),3697(1),3596(1),-,-
GUJ Govt-AllGujStud.,GQ-EW,Gujarat,"AMCET, Ahmedabad",PHARMACOLOGY,"₹9,67,000*","₹1,00,800*",0,₹0,1050,-,-,-,-,-,-,-,2879(1),3601(1),3601(1),-,-
GUJ Mgmt Quota,MQ-MQ,Gujarat,"Dr ND Desai FMS & Res, Nadiad",SPM,"₹30,000*","₹84,000*",0,₹0,-,-,-,-,-,-,-,-,3605(1),3605(1),3605(1),-,-
GUJ Govt-AllGujStud.,GQ-ST,Gujarat,"CU Shah, Surendra Nagar",OBG,"₹25,00,000*","₹84,000*",0,₹0,590,-,-,-,-,-,-,-,3608(1),3608(1),3608(1),-,-
GUJ Govt-AllGujStud.,GQ-SE,Gujarat,"Adani Institute, Bhuj",PATHOLOGY,"₹9,40,000*","₹84,000*",0,₹0,750,2395(1),3189(1),3489(1),3604(1),3862(1),-,-,2703(1),2923(1),3610(1),-,-
GUJ Govt-AllGujStud.,GQ-OP,Gujarat,"GMERS, Gandhinagar",SPM,"₹5,75,000*","₹84,000*",0,₹0,980,-,-,-,-,-,-,-,3472(3),3618(4),3618(4),-,-
GUJ Govt-AllGujStud.,GQ-SE,Gujarat,"Surat Municipal, Surat",PATHOLOGY,"₹12,50,000*","₹84,000*",0,₹0,750,2458(1),3019(1),3262(1),-,-,-,-,2881(1),3380(1),3620(1),-,3851(1)
GUJ Govt-AllGujStud.,GQ-SC,Gujarat,"Govt Med Coll, Bhavnagar",SPM,"₹30,000*","₹1,00,800",0*,₹0*,720,-,-,-,-,-,-,-,3348(1),3707(1),3624(1),-,-
GUJ Govt-AllGujStud.,GQ-ST,Gujarat,"MP Shah, Jamnagar",DCH,"₹20,000*","₹75,600*",1*,"₹40,00,000*",1250,-,-,-,-,-,-,-,3827(1),3627(1),3627(1),-,-
GUJ Govt-AllGujStud.,GQ-OP,Gujarat,"Dr ND Desai FMS & Res, Nadiad",MICROBIOLOGY,"₹30,000*","₹84,000*",0,₹0,-,-,-,-,-,-,-,-,3559(2),3628(2),3628(2),-,-
GUJ Govt-AllGujStud.,GQ-OP,Gujarat,"Govt Med Coll, Surat",PHYSIOLOGY,"₹30,000*","₹1,00,800",0*,₹0*,1150,1558(1),4153(3),4399(4),-,-,-,-,-,3630(1),3630(1),-,-
GUJ Mgmt-NRI,NQ-NRI,Gujarat,"AMCET, Ahmedabad",RADIO DIAGNOSIS,"₹52,81,000*","₹1,00,800*",0,₹0,1050,1474(1),-,-,-,-,-,-,2720(2),2720(2),3633(2),-,-
GUJ Govt-Inst. Pref,UQ-OP,Gujarat,"PDU Med Coll, Rajkot",PHYSIOLOGY,"₹30,000*","₹1,00,800",0*,₹0*,750,-,-,-,-,-,-,-,3250(1),3639(1),3639(1),-,-
GUJ Govt-AllGujStud.,GQ-ST,Gujarat,"PDU Med Coll, Rajkot",ANAESTHESIOLOGY,"₹30,000*","₹1,00,800",1*,"₹40,00,000*",750,-,3650(1),3766(1),-,-,-,-,3646(1),3646(1),3646(1),-,-
GUJ Govt-AllGujStud.,GQ-SE,Gujarat,"GCS Med Coll, Ahmedabad",PHARMACOLOGY,"₹7,00,000*","₹84,000*",0,₹0,750,-,-,-,-,-,-,-,3663(1),3663(1),3663(1),-,-
GUJ Govt-AllGujStud.,GQ-OP,Gujarat,"Shantabaa Medical Coll, Amreli",MICROBIOLOGY,"₹1,00,000","₹84,000*",0,₹0,-,-,-,-,-,-,-,-,-,3664(1),3664(1),-,-
GUJ Govt-AllGujStud.,GQ-ST,Gujarat,"Govt Med Coll, Bhavnagar",ANAESTHESIOLOGY,"₹30,000*","₹1,00,800",1*,"₹40,00,000*",720,-,-,-,-,-,-,-,3211(1),3873(1),3666(1),-,-
GUJ Govt-AllGujStud.,GQ-SE,Gujarat,"PDU Med Coll, Rajkot",PHYSIOLOGY,"₹30,000*","₹1,00,800",0*,₹0*,750,3987(1),-,-,-,-,-,-,2794(1),3669(1),3669(1),-,-
GUJ Govt-AllGujStud.,GQ-SE,Gujarat,"NHL Med Coll, Ahmedabad",PHARMACOLOGY,"₹7,93,000*","₹84,000*",0,₹0,2220,2987(1),2894(1),3405(1),-,-,-,-,3676(1),3676(1),3676(1),-,-
GUJ Govt-AllGujStud.,GQ-SE,Gujarat,"Medical College, Baroda",MICROBIOLOGY,"₹30,000*","₹1,00,800",1*,"₹40,00,000*",1250,3129(1),3670(1),3765(1),-,-,-,-,3175(2),3420(2),3678(2),-,-
GUJ Govt-AllGujStud.,GQ-SC,Gujarat,"AMCET, Ahmedabad",PATHOLOGY,"₹9,67,000*","₹1,00,800*",0,₹0,1050,2853(1),3236(1),4297(1),4272(1),-,-,-,3266(1),3549(1),3682(1),-,-
GUJ Govt-AllGujStud.,GQ-ST,Gujarat,"BJMC, Ahmedabad",EMERGENCY MEDICINE,"₹30,000*","₹1,00,800",1*,"₹40,00,000*",1557,2390(1),2852(1),2852(1),-,-,-,-,-,3683(1),3683(1),-,-
GUJ Govt-Inst. Pref,UQ-ST,Gujarat,"BJMC, Ahmedabad",RADIATION ONCOLOGY,"₹30,000*","₹1,00,800",1*,"₹40,00,000*",1557,-,-,-,-,-,-,-,3686(1),3686(1),3686(1),-,-
GUJ Govt-AllGujStud.,GQ-ST,Gujarat,"Parul IMS&R, Vadodara",DERMATOLOGY,"₹31,00,000*","₹1,00,800*",0,₹0,750,-,-,-,-,-,-,-,3255(1),3689(1),3689(1),-,-
GUJ Govt-AllGujStud.,GQ-OP,Gujarat,"Pramukhswami Med Coll, Karmsad",SPM,"₹2,50,000*","₹84,000*",0,₹0,1000,-,3328(1),3328(1),-,-,-,-,2635(2),3271(2),3695(2),-,-
GUJ Govt-AllGujStud.,GQ-ST,Gujarat,"Adani Institute, Bhuj",OBG,"₹27,00,000*","₹84,000*",0,₹0,750,3553(1),3553(1),3553(1),-,-,-,-,3696(1),3696(1),3696(1),-,-
GUJ Govt-AllGujStud.,GQ-OP,Gujarat,"PDU Med Coll, Rajkot",FORENSIC MEDICINE,"₹30,000*","₹1,00,800",0*,₹0*,750,2510(1),4072(1),4181(1),-,-,-,-,3227(1),3401(1),3699(1),-,-
GUJ Govt-AllGujStud.,GQ-OP,Gujarat,"Govt Med Coll, Bhavnagar",FORENSIC MEDICINE,"₹30,000*","₹1,00,800",0*,₹0*,720,-,3869(1),4331(1),4345(1),-,-,-,3247(1),3699(1),3702(1),-,-
GUJ Govt-AllGujStud.,GQ-SC,Gujarat,"PDU Med Coll, Rajkot",SPM,"₹30,000*","₹1,00,800",0*,₹0*,750,-,-,-,-,-,-,-,-,3491(1),3707(1),-,-
GUJ Govt-Inst. Pref,UQ-SE,Gujarat,"MP Shah, Jamnagar",SPM,"₹30,000*","₹1,00,800",0*,₹0*,1250,-,-,-,-,-,-,-,3081(1),3225(1),3711(1),-,-
GUJ Mgmt-NRI,NQ-NRI,Gujarat,"Dr MK Shah Med Coll, Ahmedabad",RADIO DIAGNOSIS,"₹60,12,000*","₹84,000*",0,₹0,350,-,-,-,-,-,-,-,3633(1),3633(1),3719(1),4948(1),-
GUJ Govt-AllGujStud.,GQ-ST,Gujarat,"AMCET, Ahmedabad",ENT,"₹9,67,000*","₹1,00,800*",0,₹0,1050,-,-,-,-,-,-,-,3720(1),4286(1),3720(1),-,-
GUJ Govt-AllGujStud.,GQ-SC,Gujarat,"CU Shah, Surendra Nagar",PSYCHIATRY,"₹17,00,000*","₹84,000*",0,₹0,590,-,-,-,-,-,-,-,-,3165(1),3728(1),-,-
GUJ Govt-AllGujStud.,GQ-ST,Gujarat,"Medical College, Baroda",ORTHOPAEDICS,"₹30,000*","₹1,00,800",1*,"₹40,00,000*",1250,2396(1),2396(1),2396(1),-,-,-,-,-,2919(1),3732(1),-,-
GUJ Govt-AllGujStud.,GQ-SC,Gujarat,"Pramukhswami Med Coll, Karmsad",PATHOLOGY,"₹11,00,000*","₹84,000*",0,₹0,1000,-,-,-,-,-,-,-,3583(1),3734(1),3734(1),-,-
GUJ Govt-AllGujStud.,GQ-SE,Gujarat,"Dr ND Desai FMS & Res, Nadiad",PATHOLOGY,"₹10,00,000*","₹84,000*",0,₹0,-,-,-,-,-,-,-,-,2910(1),3317(1),3737(1),-,-
GUJ Govt-Inst. Pref,UQ-ST,Gujarat,"NHL Med Coll, Ahmedabad",GENERAL SURGERY,"₹7,93,000*","₹84,000*",0,₹0,2220,3613(1),3613(1),3613(1),-,-,-,-,3982(1),3982(1),3737(1),-,-
GUJ Govt-Inst. Pref,UQ-OP,Gujarat,"GCS Med Coll, Ahmedabad",SPM,"₹6,00,000*","₹84,000*",0,₹0,750,2582(1),3679(1),3679(1),-,-,-,-,3739(1),3739(1),3739(1),-,-
GUJ Govt-AllGujStud.,GQ-SE,Gujarat,"Zydus Med Coll & Hosp, Dahod",SPM,"₹6,000*","₹84,000*",0,₹0,-,2915(1),3406(1),3406(1),-,-,-,-,3711(1),3570(1),3742(1),4166(1),-
GUJ Mgmt-NRI,NQ-NRI,Gujarat,"GMERS, Gandhinagar",ENT,"₹26,25,000*","₹84,000*",0,₹0,980,-,-,-,-,-,-,-,3746(1),3746(1),3746(1),-,-
GUJ Govt-AllGujStud.,GQ-OP,Gujarat,"Medical College, Baroda",BIOCHEMISTRY,"₹30,000*","₹1,00,800",0*,₹0*,1250,-,3750(1),3750(1),-,-,-,-,2888(2),2955(2),3747(2),-,-
GUJ Govt-AllGujStud.,GQ-ST,Gujarat,"Pramukhswami Med Coll, Karmsad",GENERAL MEDICINE,"₹32,00,000*","₹84,000*",0,₹0,1000,2873(1),2935(1),2935(1),-,-,-,-,3210(1),3749(1),3749(1),-,-
GUJ Govt-AllGujStud.,GQ-ST,Gujarat,"Govt Med Coll, Bhavnagar",ORTHOPAEDICS,"₹30,000*","₹1,00,800",1*,"₹40,00,000*",720,-,-,-,-,-,-,-,2919(1),3756(1),3756(1),-,-
GUJ Govt-AllGujStud.,GQ-EW,Gujarat,"Medical College, Baroda",MICROBIOLOGY,"₹30,000*","₹1,00,800",1*,"₹40,00,000*",1250,-,-,-,-,-,-,-,2596(1),3277(1),3758(1),-,-
GUJ Govt-AllGujStud.,GQ-EW,Gujarat,"Medical College, Baroda",PHYSIOLOGY,"₹30,000*","₹1,00,800",0*,₹0*,1250,-,-,-,-,-,-,-,3764(1),3764(1),3764(1),-,-
GUJ Govt-AllGujStud.,GQ-SC,Gujarat,"Zydus Med Coll & Hosp, Dahod",ENT,"₹24,00,000*","₹84,000*",0,₹0,-,-,-,-,-,-,-,-,-,3765(1),3765(1),-,-
GUJ Govt-AllGujStud.,GQ-OP,Gujarat,"Parul IMS&R, Vadodara",PHYSIOLOGY,"₹1,000*","₹1,00,800*",0,₹0,750,3576(1),-,4613(3),-,-,-,-,3792(1),3948(1),3766(1),-,-
GUJ Mgmt-NRI,NQ-NRI,Gujarat,"AMCET, Ahmedabad",PAEDIATRICS,"₹43,21,000*","₹1,00,800*",0,₹0,1050,-,-,-,-,-,-,-,3768(3),3768(2),3768(2),-,-
GUJ Govt-Inst. Pref,UQ-ST,Gujarat,"NHL Med Coll, Ahmedabad",PAEDIATRICS,"₹7,93,000*","₹84,000*",0,₹0,2220,2911(1),2911(1),3572(1),-,-,-,-,2104(1),3776(1),3776(1),-,-
GUJ Govt-AllGujStud.,GQ-OP,Gujarat,"MP Shah, Jamnagar",ANATOMY,"₹30,000*","₹1,00,800",0*,₹0*,1250,1717(1),-,4846(2),-,-,-,-,3295(1),3779(2),3779(2),-,-
GUJ Govt-AllGujStud.,GQ-ST,Gujarat,"Dr ND Desai FMS & Res, Nadiad",OBG,"₹40,00,000*","₹84,000*",0,₹0,-,-,-,-,-,-,-,-,3783(1),3783(1),3783(1),-,-
GUJ Govt-AllGujStud.,GQ-SC,Gujarat,"Surat Municipal, Surat",ENT,"₹18,64,000*","₹84,000*",0,₹0,750,2287(1),2656(1),2656(1),-,-,-,-,2754(1),2619(1),3786(1),-,-
GUJ Govt-AllGujStud.,GQ-ST,Gujarat,"Surat Municipal, Surat",PAEDIATRICS,"₹18,64,000*","₹84,000*",0,₹0,750,3120(1),3120(1),3120(1),-,-,-,-,3257(1),3791(1),3791(1),-,-
GUJ Mgmt Quota,MQ-MQ,Gujarat,"Parul IMS&R, Vadodara",BIOCHEMISTRY,"₹1,000*","₹1,00,800*",0,₹0,750,3551(1),-,-,-,-,-,-,3742(1),3792(1),3792(1),-,-
GUJ Govt-AllGujStud.,GQ-ST,Gujarat,"Adani Institute, Bhuj",GENERAL MEDICINE,"₹30,00,000*","₹84,000*",0,₹0,750,3114(1),3114(1),2541(1),-,-,-,-,3800(1),3800(2),3800(2),-,-
GUJ Govt-AllGujStud.,GQ-SC,Gujarat,"Govt Med Coll, Surat",MICROBIOLOGY,"₹30,000*","₹1,00,800",1*,"₹40,00,000*",1150,-,-,-,-,-,-,-,3274(1),3803(1),3803(1),-,-
GUJ Govt-Inst. Pref,UQ-SC,Gujarat,"Pramukhswami Med Coll, Karmsad",OPHTHALMOLOGY,"₹33,00,000*","₹84,000*",0,₹0,1000,-,-,-,-,-,-,-,3812(1),3812(1),3812(1),-,-
GUJ Govt-AllGujStud.,GQ-SE,Gujarat,"GMERS, Gandhinagar",SPM,"₹5,75,000*","₹84,000*",0,₹0,980,-,-,-,-,-,-,-,3814(1),3814(1),3814(1),-,-
GUJ Govt-AllGujStud.,GQ-OP,Gujarat,"Govt Med Coll, Bhavnagar",PHYSIOLOGY,"₹30,000*","₹1,00,800",0*,₹0*,720,3238(2),3395(1),4533(3),-,-,-,-,3384(2),3819(3),3819(3),-,-
GUJ Mgmt Quota,MQ-MQ,Gujarat,"Shantabaa Medical Coll, Amreli",SPM,"₹1,30,000","₹84,000*",0,₹0,-,-,-,-,-,-,-,-,-,3820(1),3820(1),-,-
GUJ Govt-AllGujStud.,GQ-SE,Gujarat,"Govt Med Coll, Bhavnagar",MICROBIOLOGY,"₹30,000*","₹1,00,800",1*,"₹40,00,000*",720,3199(1),3259(1),4449(1),-,-,-,-,-,3821(1),3821(1),-,-
GUJ Govt-Inst. Pref,UQ-OP,Gujarat,"CU Shah, Surendra Nagar",MICROBIOLOGY,"₹2,75,000*","₹84,000*",0,₹0,590,-,-,-,-,-,-,-,3758(1),3824(1),3824(1),-,-
GUJ Govt-AllGujStud.,GQ-ST,Gujarat,"Parul IMS&R, Vadodara",GENERAL MEDICINE,"₹30,00,000*","₹1,00,800*",0,₹0,750,-,-,-,-,-,-,-,3749(1),3827(1),3827(1),-,-
GUJ Govt-AllGujStud.,GQ-ST,Gujarat,"Dr ND Desai FMS & Res, Nadiad",GENERAL MEDICINE,"₹40,00,000*","₹84,000*",0,₹0,-,-,-,-,-,-,-,-,3833(1),3833(1),3833(1),-,-
GUJ Mgmt-NRI,NQ-NRI,Gujarat,"GMERS, Gotri, Vadodara",GENERAL MEDICINE,"₹33,75,000*","₹84,000*",0,₹0,730,-,-,-,-,-,-,-,3766(1),3766(1),3837(1),-,-
GUJ Govt-Inst. Pref,UQ-OP,Gujarat,"Medical College, Baroda",FORENSIC MEDICINE,"₹30,000*","₹1,00,800",0*,₹0*,1250,-,-,-,-,-,-,-,2325(1),2325(1),3856(1),-,-
GUJ Govt-AllGujStud.,GQ-ST,Gujarat,"AMCET, Ahmedabad",EMERGENCY MEDICINE,"₹9,67,000*","₹1,00,800*",0,₹0,1050,-,-,-,-,-,-,-,3106(1),3859(1),3859(1),-,-
GUJ Govt-AllGujStud.,GQ-ST,Gujarat,"MP Shah, Jamnagar",DGO,"₹20,000*","₹75,600*",1*,"₹40,00,000*",1250,-,3214(1),3214(1),-,-,-,-,3070(1),3070(1),3861(1),-,-
GUJ Govt-AllGujStud.,GQ-ST,Gujarat,"BJMC, Ahmedabad",ANAESTHESIOLOGY,"₹30,000*","₹1,00,800",1*,"₹40,00,000*",1557,3187(3),3645(4),3650(4),-,-,-,-,2991(1),3869(4),3869(4),-,-
GUJ Govt-AllGujStud.,GQ-ST,Gujarat,"Govt Med Coll, Surat",SPM,"₹30,000*","₹1,00,800",0*,₹0*,1150,-,3885(1),4183(1),-,-,-,-,3873(1),4331(1),3872(1),-,-
GUJ Govt-AllGujStud.,GQ-SC,Gujarat,"Parul IMS&R, Vadodara",GENERAL SURGERY,"₹30,00,000*","₹1,00,800*",0,₹0,750,-,-,-,-,-,-,-,2793(1),3031(1),3875(1),-,-
GUJ Govt-Inst. Pref,UQ-SE,Gujarat,"BJMC, Ahmedabad",MICROBIOLOGY,"₹30,000*","₹1,00,800",1*,"₹40,00,000*",1557,-,-,-,-,-,-,-,3187(1),3880(1),3880(1),-,-
GUJ Govt-AllGujStud.,GQ-OP,Gujarat,"Govt Med Coll, Surat",ANATOMY,"₹30,000*","₹1,00,800",0*,₹0*,1150,3844(1),-,4808(3),4748(1),-,-,-,3071(1),3889(2),3889(2),-,-
GUJ Govt-AllGujStud.,GQ-OP,Gujarat,"Medical College, Baroda",ANATOMY,"₹30,000*","₹1,00,800",0*,₹0*,1250,2965(1),4168(1),4650(2),-,-,-,-,-,3892(1),3892(1),-,-
GUJ Govt-AllGujStud.,GQ-ST,Gujarat,"BJMC, Ahmedabad",PATHOLOGY,"₹30,000*","₹1,00,800",1*,"₹40,00,000*",1557,2942(1),3228(2),3228(2),-,-,-,-,2092(1),2296(2),3894(2),-,-
GUJ Mgmt-NRI,NQ-NRI,Gujarat,"GCS Med Coll, Ahmedabad",TBRD,"₹28,00,000*","₹84,000*",0,₹0,750,-,-,-,-,-,-,-,3895(1),3895(1),3895(1),-,-
GUJ Govt-Inst. Pref,UQ-ST,Gujarat,"AMCET, Ahmedabad",GENERAL SURGERY,"₹9,67,000*","₹1,00,800*",0,₹0,1050,3572(1),4106(1),4210(1),-,-,-,-,3896(1),3896(1),3896(1),-,-
GUJ Mgmt-NRI,NQ-NRI,Gujarat,"GMERS, Sola",OBG,"₹33,75,000*","₹84,000*",0,₹0,900,2502(2),2502(2),2502(2),-,-,-,-,3904(2),3904(2),3904(2),-,-
GUJ Govt-Inst. Pref,UQ-OP,Gujarat,"Surat Municipal, Surat",MICROBIOLOGY,"₹12,50,000*","₹84,000*",0,₹0,750,-,-,-,-,-,-,-,3909(1),3909(1),3909(1),-,-
GUJ Mgmt Quota,MQ-MQ,Gujarat,"Zydus Med Coll & Hosp, Dahod",SPM,"₹13,000*","₹84,000*",0,₹0,-,3491(1),3491(1),3491(1),-,-,-,-,3613(1),3313(1),3910(1),3780(1),-
GUJ Govt-Inst. Pref,UQ-OP,Gujarat,"Govt Med Coll, Surat",DCP,"₹20,000*","₹75,600*",1*,"₹40,00,000*",1150,-,-,-,-,-,-,-,1778(1),2395(1),3918(1),-,-
GUJ Govt-AllGujStud.,GQ-ST,Gujarat,"NHL Med Coll, Ahmedabad",TBRD,"₹7,93,000*","₹84,000*",0,₹0,2220,-,-,-,-,-,-,-,3214(1),3894(1),3923(1),-,-
GUJ Govt-AllGujStud.,GQ-EW,Gujarat,"BJMC, Ahmedabad",FORENSIC MEDICINE,"₹30,000*","₹1,00,800",0*,₹0*,1557,2756(1),4214(1),4544(1),-,-,-,-,3535(1),3927(1),3927(1),-,-
GUJ Govt-AllGujStud.,GQ-EW,Gujarat,"BJMC, Ahmedabad",MICROBIOLOGY,"₹30,000*","₹1,00,800",1*,"₹40,00,000*",1557,-,-,-,-,-,-,-,2437(1),3069(1),3947(1),-,-
GUJ Mgmt Quota,MQ-MQ,Gujarat,"Pramukhswami Med Coll, Karmsad",MICROBIOLOGY,"₹7,00,000*","₹84,000*",0,₹0,1000,3815(1),3972(1),4415(1),-,-,-,-,3824(1),4031(1),3948(1),-,-
GUJ Govt-AllGujStud.,GQ-ST,Gujarat,"AMCET, Ahmedabad",ORTHOPAEDICS,"₹9,67,000*","₹1,00,800*",0,₹0,1050,-,-,-,-,-,-,-,3951(1),3951(1),3951(1),-,-
GUJ Govt-AllGujStud.,GQ-EW,Gujarat,"Govt Med Coll, Bhavnagar",MICROBIOLOGY,"₹30,000*","₹1,00,800",1*,"₹40,00,000*",720,-,-,-,-,-,-,-,-,3335(1),3953(1),-,-
GUJ Govt-Inst. Pref,UQ-ST,Gujarat,"BJMC, Ahmedabad",GENERAL SURGERY,"₹30,000*","₹1,00,800",1*,"₹40,00,000*",1557,1095(1),2532(1),2532(1),-,-,-,-,3957(1),3957(1),3957(1),-,-
GUJ Govt-AllGujStud.,GQ-ST,Gujarat,"Govt Med Coll, Surat",PATHOLOGY,"₹30,000*","₹1,00,800",1*,"₹40,00,000*",1150,3369(1),3369(1),3369(1),-,-,-,-,3009(1),3961(1),3961(1),-,-
GUJ Govt-AllGujStud.,GQ-OP,Gujarat,"Surat Municipal, Surat",DPH,"₹9,50,000*","₹84,000*",0,₹0,750,1900(1),2710(1),3167(1),4422(1),4462(1),-,-,-,2551(1),3962(1),2853(1),5051(1)
GUJ Govt-AllGujStud.,GQ-ST,Gujarat,"MP Shah, Jamnagar",ANAESTHESIOLOGY,"₹30,000*","₹1,00,800",1*,"₹40,00,000*",1250,3217(1),3770(1),3770(1),-,-,-,-,2790(1),2790(1),3963(1),-,-
GUJ Govt-AllGujStud.,GQ-EW,Gujarat,"Pramukhswami Med Coll, Karmsad",MICROBIOLOGY,"₹4,50,000*","₹84,000*",0,₹0,1000,-,-,-,-,-,-,-,3967(1),3967(1),3967(1),-,-
GUJ Govt-Inservice,IQ-SE,Gujarat,"GMERS MedColl Hosp,Patan",DNBGENERAL MEDICINE,"₹1,25,000","₹1,00,800*",Info Not Available,Info not available,650,-,-,-,-,-,-,-,3968(1),3968(1),3968(1),-,-
GUJ Govt-AllGujStud.,GQ-OP,Gujarat,"Dr ND Desai FMS & Res, Nadiad",PHYSIOLOGY,"₹10,000*","₹84,000*",0,₹0,-,-,-,-,-,-,-,-,3407(1),3973(1),3973(1),-,-
GUJ Govt-AllGujStud.,GQ-ST,Gujarat,"MP Shah, Jamnagar",PATHOLOGY,"₹30,000*","₹1,00,800",1*,"₹40,00,000*",1250,-,3593(1),3654(1),-,-,-,-,-,3974(1),3974(1),-,-
GUJ Govt-AllGujStud.,GQ-ST,Gujarat,"Medical College, Baroda",RADIATION ONCOLOGY,"₹30,000*","₹1,00,800",1*,"₹40,00,000*",1250,-,-,-,-,-,-,-,-,3666(1),3974(1),-,-
GUJ Govt-AllGujStud.,GQ-ST,Gujarat,"Govt Med Coll, Surat",ENT,"₹30,000*","₹1,00,800",1*,"₹40,00,000*",1150,-,-,-,-,-,-,-,2296(1),3923(1),3980(1),-,-
GUJ Govt-AllGujStud.,GQ-ST,Gujarat,"AMCET, Ahmedabad",GENERAL SURGERY,"₹9,67,000*","₹1,00,800*",0,₹0,1050,3049(2),3656(2),3754(2),-,-,-,-,3679(2),3679(2),3982(2),-,-
GUJ Govt-AllGujStud.,GQ-ST,Gujarat,"AMCET, Ahmedabad",TBRD,"₹9,67,000*","₹1,00,800*",0,₹0,1050,3223(1),3223(1),3223(1),-,-,-,-,-,3979(1),3994(1),-,-
GUJ Govt-AllGujStud.,GQ-OP,Gujarat,"Dr ND Desai FMS & Res, Nadiad",BIOCHEMISTRY,"₹30,000*","₹84,000*",0,₹0,-,-,-,-,-,-,-,-,-,3996(1),3996(1),-,-
GUJ Govt-AllGujStud.,GQ-OP,Gujarat,"Zydus Med Coll & Hosp, Dahod",FORENSIC MEDICINE,"₹6,000*","₹84,000*",0,₹0,-,3793(2),-,4597(3),4790(2),-,-,-,4197(1),4003(2),4003(2),-,-
GUJ Govt-AllGujStud.,GQ-ST,Gujarat,"AMCET, Ahmedabad",ANAESTHESIOLOGY,"₹9,67,000*","₹1,00,800*",0,₹0,1050,3281(1),4007(1),4007(1),-,-,-,-,3587(1),4007(1),4007(1),-,-
GUJ Govt-Inst. Pref,UQ-ST,Gujarat,"PDU Med Coll, Rajkot",GENERAL SURGERY,"₹30,000*","₹1,00,800",1*,"₹40,00,000*",750,2875(1),3425(1),3425(1),-,-,-,-,3872(1),3872(1),4009(1),-,-
GUJ Govt-AllGujStud.,GQ-SC,Gujarat,"Zydus Med Coll & Hosp, Dahod",ANAESTHESIOLOGY,"₹27,00,000*","₹84,000*",0,₹0,-,-,-,-,-,-,-,-,3165(1),4013(1),4013(1),-,-
GUJ Govt-Inst. Pref,UQ-ST,Gujarat,"MP Shah, Jamnagar",ORTHOPAEDICS,"₹30,000*","₹1,00,800",1*,"₹40,00,000*",1250,-,-,-,-,-,-,-,3560(1),3560(1),4016(1),-,-
GUJ Govt-AllGujStud.,GQ-SE,Gujarat,"Pramukhswami Med Coll, Karmsad",SPM,"₹2,50,000*","₹84,000*",0,₹0,1000,2638(1),3389(1),3389(1),-,-,-,-,3115(1),4018(1),4018(1),-,-
GUJ Govt-AllGujStud.,GQ-OP,Gujarat,"GMERS, Sola",MICROBIOLOGY,"₹5,75,000*","₹84,000*",0,₹0,900,3270(2),4186(2),4271(3),-,-,-,-,3485(2),3499(2),4023(2),-,-
GUJ Govt-Inservice,IQ-OP,Gujarat,"Medical College, Baroda",PAEDIATRICS,"₹30,000*","₹1,00,800",1*,"₹40,00,000*",1250,3357(1),3357(1),4174(1),-,-,-,-,4026(1),4026(1),4026(1),-,-
GUJ Govt-Inst. Pref,UQ-OP,Gujarat,"GMERS, Gandhinagar",MICROBIOLOGY,"₹5,75,000*","₹84,000*",0,₹0,980,-,-,-,-,-,-,-,3744(1),4068(1),4031(1),-,-
GUJ Govt-AllGujStud.,GQ-ST,Gujarat,"Pramukhswami Med Coll, Karmsad",PAEDIATRICS,"₹32,00,000*","₹84,000*",0,₹0,1000,3546(1),3570(1),3590(1),-,-,-,-,3575(1),3575(1),4035(1),-,-
GUJ Govt-AllGujStud.,GQ-SC,Gujarat,"Pramukhswami Med Coll, Karmsad",PHARMACOLOGY,"₹4,00,000*","₹84,000*",0,₹0,1000,-,-,-,-,-,-,-,3164(1),3455(1),4039(1),-,-
GUJ Govt-AllGujStud.,GQ-ST,Gujarat,"NHL Med Coll, Ahmedabad",ORTHOPAEDICS,"₹7,93,000*","₹84,000*",0,₹0,2220,2773(1),2773(1),2875(1),-,-,-,-,3235(1),3720(1),4046(1),-,-
GUJ Govt-AllGujStud.,GQ-EW,Gujarat,"Shantabaa Medical Coll, Amreli",MICROBIOLOGY,"₹1,00,000","₹84,000*",0,₹0,-,-,-,-,-,-,-,-,3947(1),3947(1),4052(1),-,-
GUJ Govt-AllGujStud.,GQ-OP,Gujarat,"Shantabaa Medical Coll, Amreli",SPM,"₹1,00,000","₹84,000*",0,₹0,-,-,-,-,-,-,-,-,3606(2),4075(3),4054(3),-,-
GUJ Govt-AllGujStud.,GQ-ST,Gujarat,"Surat Municipal, Surat",ORTHOPAEDICS,"₹18,64,000*","₹84,000*",0,₹0,750,3687(1),3687(1),4106(1),-,-,-,-,4055(1),4055(1),4055(1),-,-
GUJ Govt-AllGujStud.,GQ-ST,Gujarat,"Zydus Med Coll & Hosp, Dahod",PAEDIATRICS,"₹27,60,000*","₹84,000*",0,₹0,-,-,-,-,-,-,-,-,3689(1),4035(1),4059(1),-,-
GUJ Govt-Inst. Pref,UQ-SC,Gujarat,"MP Shah, Jamnagar",PATHOLOGY,"₹30,000*","₹1,00,800",1*,"₹40,00,000*",1250,-,-,-,-,-,-,-,3144(1),3246(1),4060(1),-,-
GUJ Govt-AllGujStud.,GQ-SC,Gujarat,"MP Shah, Jamnagar",SPM,"₹30,000*","₹1,00,800",0*,₹0*,1250,-,-,-,-,-,-,-,2945(1),4065(1),4065(1),-,-
GUJ Govt-AllGujStud.,GQ-OP,Gujarat,"GMERS, Gandhinagar",MICROBIOLOGY,"₹5,75,000*","₹84,000*",0,₹0,980,3531(1),4084(1),4509(3),-,-,-,-,3408(1),3758(1),4073(1),-,-
GUJ Govt-Inst. Pref,UQ-EW,Gujarat,"Govt Med Coll, Bhavnagar",PHARMACOLOGY,"₹30,000*","₹1,00,800",0*,₹0*,720,-,-,-,-,-,-,-,-,4076(1),4076(1),-,-
GUJ Govt-AllGujStud.,GQ-EW,Gujarat,"Parul IMS&R, Vadodara",PHYSIOLOGY,"₹1,000*","₹1,00,800*",0,₹0,750,-,-,-,-,-,-,-,-,4080(1),4080(1),-,-
GUJ Mgmt-NRI,NQ-NRI,Gujarat,"GCS Med Coll, Ahmedabad",GENERAL SURGERY,"₹27,00,000*","₹84,000*",0,₹0,750,3605(1),3605(1),3605(1),-,-,-,-,4084(1),4084(1),4084(1),-,-
GUJ Govt-AllGujStud.,GQ-OP,Gujarat,"GCS Med Coll, Ahmedabad",MICROBIOLOGY,"₹7,00,000*","₹84,000*",0,₹0,750,3463(1),-,4480(2),4473(1),-,-,-,3499(1),3534(1),4090(1),-,-
GUJ Mgmt Quota,MQ-MQ,Gujarat,"Pramukhswami Med Coll, Karmsad",SPM,"₹5,00,000*","₹84,000*",0,₹0,1000,-,3760(1),3760(1),-,-,-,-,-,3891(1),4093(1),-,-
GUJ Govt-AllGujStud.,GQ-ST,Gujarat,"NHL Med Coll, Ahmedabad",ANAESTHESIOLOGY,"₹7,93,000*","₹84,000*",0,₹0,2220,3622(2),3829(2),4091(2),-,-,-,-,3869(2),4010(2),4093(2),-,-
GUJ Govt-AllGujStud.,GQ-SE,Gujarat,"Pramukhswami Med Coll, Karmsad",IHBT,"₹8,00,000*","₹84,000*",0,₹0,1000,-,-,-,-,-,-,-,-,3545(1),4098(1),4585(1),-
GUJ Govt-AllGujStud.,GQ-ST,Gujarat,"Surat Municipal, Surat",TBRD,"₹18,64,000*","₹84,000*",0,₹0,750,3889(1),3889(1),3889(1),-,-,-,-,-,4613(1),4098(1),4469(1),-
GUJ Govt-AllGujStud.,GQ-ST,Gujarat,"Medical College, Baroda",PATHOLOGY,"₹30,000*","₹1,00,800",1*,"₹40,00,000*",1250,-,-,-,-,-,-,-,-,4100(1),4100(1),-,-
GUJ Govt-AllGujStud.,GQ-ST,Gujarat,"NHL Med Coll, Ahmedabad",GENERAL SURGERY,"₹7,93,000*","₹84,000*",0,₹0,2220,3133(2),3717(2),3868(2),-,-,-,-,3731(3),3771(3),4103(3),-,-
GUJ Mgmt Quota,MQ-MQ,Gujarat,"GCS Med Coll, Ahmedabad",MICROBIOLOGY,"₹8,00,000*","₹84,000*",0,₹0,750,-,-,-,-,-,-,-,3534(1),4091(1),4104(1),-,-
GUJ Govt-AllGujStud.,GQ-SC,Gujarat,"Govt Med Coll, Bhavnagar",FORENSIC MEDICINE,"₹30,000*","₹1,00,800",0*,₹0*,720,-,-,-,-,-,-,-,3508(1),4106(1),4106(1),-,-
GUJ Govt-Inst. Pref,UQ-SE,Gujarat,"AMCET, Ahmedabad",PHARMACOLOGY,"₹9,67,000*","₹1,00,800*",0,₹0,1050,-,-,-,-,-,-,-,4113(1),4113(1),4113(1),-,-
GUJ Govt-AllGujStud.,GQ-OP,Gujarat,"NHL Med Coll, Ahmedabad",MICROBIOLOGY,"₹7,93,000*","₹84,000*",0,₹0,2220,3596(2),3665(2),4580(5),4419(1),-,-,-,3665(3),4073(4),4116(4),-,-
GUJ Govt-Inservice,IQ-OP,Gujarat,"Medical College, Baroda",GENERAL SURGERY,"₹30,000*","₹1,00,800",1*,"₹40,00,000*",1250,-,-,-,-,-,-,-,4123(1),4123(1),4123(1),-,-
GUJ Govt-AllGujStud.,GQ-SE,Gujarat,"Govt Med Coll, Surat",BIOCHEMISTRY,"₹30,000*","₹1,00,800",0*,₹0*,1150,-,-,-,-,-,-,-,3049(1),3243(1),4132(1),-,-
GUJ Govt-AllGujStud.,GQ-EW,Gujarat,"Govt Med Coll, Surat",BIOCHEMISTRY,"₹30,000*","₹1,00,800",0*,₹0*,1150,-,-,-,-,-,-,-,2955(1),3747(1),4134(1),-,-
GUJ Govt-AllGujStud.,GQ-SE,Gujarat,"AMCET, Ahmedabad",PHARMACOLOGY,"₹9,67,000*","₹1,00,800*",0,₹0,1050,3253(1),3317(1),4103(1),-,-,-,-,3691(1),4136(1),4136(1),-,-
GUJ Govt-AllGujStud.,GQ-SE,Gujarat,"MP Shah, Jamnagar",IHBT,"₹30,000*","₹1,00,800",1*,"₹40,00,000*",1250,2364(1),2986(1),3636(1),4199(1),-,-,-,2563(1),3475(1),4140(1),-,-
GUJ Govt-AllGujStud.,GQ-SE,Gujarat,"MP Shah, Jamnagar",MICROBIOLOGY,"₹30,000*","₹1,00,800",1*,"₹40,00,000*",1250,-,-,-,-,-,-,-,-,3678(1),4143(1),-,-
GUJ Govt-AllGujStud.,GQ-ST,Gujarat,"PDU Med Coll, Rajkot",BIOCHEMISTRY,"₹30,000*","₹1,00,800",0*,₹0*,750,-,-,-,-,-,-,-,4145(1),4145(1),4145(1),-,-
GUJ Govt-AllGujStud.,GQ-OP,Gujarat,"GCS Med Coll, Ahmedabad",FORENSIC MEDICINE,"₹5,00,000*","₹84,000*",0,₹0,750,2791(1),-,4391(1),-,-,-,-,-,4153(1),4153(1),-,-
GUJ Govt-Inst. Pref,UQ-ST,Gujarat,"Govt Med Coll, Bhavnagar",PATHOLOGY,"₹30,000*","₹1,00,800",1*,"₹40,00,000*",720,-,-,-,-,-,-,-,3961(1),4156(1),4156(1),-,-
GUJ Govt-AllGujStud.,GQ-ST,Gujarat,"GMERS, Sola",TBRD,"₹8,75,000*","₹84,000*",0,₹0,900,3508(1),3785(1),3785(1),-,-,-,-,3329(1),3329(1),4159(1),-,-
GUJ Mgmt Quota,MQ-MQ,Gujarat,"Zydus Med Coll & Hosp, Dahod",MICROBIOLOGY,"₹12,000*","₹84,000*",0,₹0,-,3002(1),-,-,-,-,-,-,3530(1),3523(1),4161(1),-,-
GUJ Govt-AllGujStud.,GQ-OP,Gujarat,"NHL Med Coll, Ahmedabad",SPM,"₹7,93,000*","₹84,000*",0,₹0,2220,2682(1),3671(3),4277(3),-,-,-,-,-,3695(1),4164(1),-,-
GUJ Mgmt-NRI,NQ-NRI,Gujarat,"GCS Med Coll, Ahmedabad",ORTHOPAEDICS,"₹36,00,000*","₹84,000*",0,₹0,750,-,-,-,-,-,-,-,4167(1),4167(1),4167(1),-,-
GUJ Govt-AllGujStud.,GQ-OP,Gujarat,"Pramukhswami Med Coll, Karmsad",BIOCHEMISTRY,"₹2,50,000*","₹84,000*",0,₹0,1000,-,-,4341(2),-,-,-,-,3845(1),4119(2),4173(3),-,-
GUJ Govt-Inst. Pref,UQ-ST,Gujarat,"Surat Municipal, Surat",ORTHOPAEDICS,"₹18,64,000*","₹84,000*",0,₹0,750,-,-,-,-,-,-,-,4178(1),4178(1),4178(1),-,-
GUJ Govt-Inservice,IQ-OP,Gujarat,"GMERS MedColl Hosp,Himmatnagar",DMRD(NBEMS),"₹1,25,000","₹75,600*",Info Not Available,Info not available,700,-,-,-,-,-,-,-,4180(1),4180(1),4180(1),-,-
GUJ Mgmt Quota,MQ-MQ,Gujarat,"CU Shah, Surendra Nagar",SPM,"₹6,00,000*","₹84,000*",0,₹0,590,2589(1),3305(1),3476(1),-,-,-,-,-,4197(1),4197(1),-,-
GUJ Govt-Inst. Pref,UQ-ST,Gujarat,"Govt Med Coll, Surat",GENERAL SURGERY,"₹30,000*","₹1,00,800",1*,"₹40,00,000*",1150,2935(1),2969(1),2969(1),-,-,-,-,2965(1),2965(1),4199(1),-,-
GUJ Govt-AllGujStud.,GQ-SC,Gujarat,"CU Shah, Surendra Nagar",SPM,"₹2,50,000*","₹84,000*",0,₹0,590,-,-,-,-,-,-,-,4204(1),4204(1),4204(1),-,-
GUJ Govt-AllGujStud.,GQ-ST,Gujarat,"GMERS, Gotri, Vadodara",GENERAL SURGERY,"₹10,00,000*","₹84,000*",0,₹0,730,-,-,-,-,-,-,-,3732(1),3732(1),4209(1),-,-
GUJ Govt-AllGujStud.,GQ-ST,Gujarat,"BJMC, Ahmedabad",SPM,"₹30,000*","₹1,00,800",0*,₹0*,1557,-,4161(1),4161(1),-,-,-,-,3841(1),4211(1),4211(1),-,-
GUJ Govt-AllGujStud.,GQ-ST,Gujarat,"Govt Med Coll, Bhavnagar",PATHOLOGY,"₹30,000*","₹1,00,800",1*,"₹40,00,000*",720,3590(1),3630(1),3630(1),-,-,-,-,3627(1),4212(1),4212(1),-,-
GUJ Govt-Inst. Pref,UQ-SE,Gujarat,"GMERS, Gotri, Vadodara",PATHOLOGY,"₹6,25,000*","₹84,000*",0,₹0,730,2465(1),3227(1),3403(1),-,-,-,-,2680(1),3368(1),4214(1),-,-
GUJ Govt-AllGujStud.,GQ-OP,Gujarat,"AMCET, Ahmedabad",MICROBIOLOGY,"₹9,67,000*","₹1,00,800*",0,₹0,1050,3967(1),-,4616(2),-,-,-,-,4068(1),4215(1),4215(1),-,-
GUJ Govt-AllGujStud.,GQ-SE,Gujarat,"Parul IMS&R, Vadodara",PHYSIOLOGY,"₹1,000*","₹1,00,800*",0,₹0,750,3947(1),-,-,-,-,-,-,4313(1),4217(1),4217(1),-,-
GUJ Govt-AllGujStud.,GQ-ST,Gujarat,"Govt Med Coll, Surat",OPHTHALMOLOGY,"₹30,000*","₹1,00,800",1*,"₹40,00,000*",1150,-,-,-,-,-,-,-,3781(1),3861(1),4218(1),-,-
GUJ Govt-Inst. Pref,UQ-OP,Gujarat,"NHL Med Coll, Ahmedabad",SPM,"₹7,93,000*","₹84,000*",0,₹0,2220,-,-,-,-,-,-,-,4154(2),4221(2),4221(2),-,-
GUJ Govt-AllGujStud.,GQ-ST,Gujarat,"NHL Med Coll, Ahmedabad",OPHTHALMOLOGY,"₹7,93,000*","₹84,000*",0,₹0,2220,3841(1),3856(1),3856(1),-,-,-,-,3938(2),4224(2),4224(2),-,-
GUJ Govt-Inservice,IQ-OP,Gujarat,"BJMC, Ahmedabad",TBRD,"₹30,000*","₹1,00,800",1*,"₹40,00,000*",1557,4008(1),-,-,-,-,-,-,4237(1),4237(1),4237(1),-,-
GUJ Govt-AllGujStud.,GQ-ST,Gujarat,"NHL Med Coll, Ahmedabad",ENT,"₹7,93,000*","₹84,000*",0,₹0,2220,3542(1),4013(1),4152(1),-,-,-,-,3737(1),4245(1),4245(1),-,-
GUJ Govt-AllGujStud.,GQ-SE,Gujarat,"BJMC, Ahmedabad",FORENSIC MEDICINE,"₹30,000*","₹1,00,800",0*,₹0*,1557,2959(1),4226(1),4145(1),-,-,-,-,3243(1),3680(1),4248(1),-,-
GUJ Govt-AllGujStud.,GQ-ST,Gujarat,"BJMC, Ahmedabad",PHARMACOLOGY,"₹30,000*","₹1,00,800",0*,₹0*,1557,-,4097(1),4097(1),-,-,-,-,3859(1),4251(2),4251(2),-,-
GUJ Govt-Inst. Pref,UQ-SE,Gujarat,"GMERS, Sola",MICROBIOLOGY,"₹5,75,000*","₹84,000*",0,₹0,900,4303(1),3967(1),3967(1),-,-,-,-,4256(1),4256(1),4255(1),-,-
GUJ Mgmt Quota,MQ-MQ,Gujarat,"GCS Med Coll, Ahmedabad",SPM,"₹7,00,000*","₹84,000*",0,₹0,750,-,-,-,-,-,-,-,-,4163(1),4260(1),4713(1),-
GUJ Mgmt Quota,MQ-MQ,Gujarat,"GMERS, Gotri, Vadodara",SPM,"₹8,63,000*","₹84,000*",0,₹0,730,-,-,-,-,-,-,-,3618(1),4325(2),4262(2),-,-
GUJ Govt-AllGujStud.,GQ-SE,Gujarat,"GMERS, Sola",MICROBIOLOGY,"₹5,75,000*","₹84,000*",0,₹0,900,4175(1),4271(1),4878(1),-,-,-,-,3821(1),4023(1),4265(1),-,-
GUJ Govt-AllGujStud.,GQ-ST,Gujarat,"PDU Med Coll, Rajkot",PATHOLOGY,"₹30,000*","₹1,00,800",1*,"₹40,00,000*",750,3452(1),3281(1),3281(1),-,-,-,-,3399(1),4072(1),4267(1),-,-
GUJ Govt-AllGujStud.,GQ-ST,Gujarat,"GCS Med Coll, Ahmedabad",ANAESTHESIOLOGY,"₹11,00,000*","₹84,000*",0,₹0,750,3829(1),4160(1),4160(1),-,-,-,-,4007(1),4268(1),4268(1),-,-
GUJ Govt-AllGujStud.,GQ-SE,Gujarat,"Medical College, Baroda",ANATOMY,"₹30,000*","₹1,00,800",0*,₹0*,1250,4176(1),-,-,-,-,-,-,4142(1),4494(1),4282(1),-,-
GUJ Govt-AllGujStud.,GQ-SE,Gujarat,"Parul IMS&R, Vadodara",SPM,"₹1,000*","₹1,00,800*",0,₹0,750,-,-,-,-,-,-,-,3545(1),3742(1),4284(1),-,-
GUJ Govt-AllGujStud.,GQ-ST,Gujarat,"GCS Med Coll, Ahmedabad",GENERAL SURGERY,"₹15,00,000*","₹84,000*",0,₹0,750,-,-,-,-,-,-,-,3791(1),4209(1),4284(1),-,-
GUJ Govt-AllGujStud.,GQ-ST,Gujarat,"Dr MK Shah Med Coll, Ahmedabad",TBRD,"₹11,50,000*","₹84,000*",0,₹0,350,-,-,-,-,-,-,-,4010(1),3994(1),4287(1),-,-
GUJ Govt-Inst. Pref,UQ-EW,Gujarat,"Parul IMS&R, Vadodara",GENERAL SURGERY,"₹30,00,000*","₹1,00,800*",0,₹0,750,-,-,-,-,-,-,-,2671(1),2671(1),4289(1),-,-
GUJ Govt-AllGujStud.,GQ-EW,Gujarat,"Dr ND Desai FMS & Res, Nadiad",PHYSIOLOGY,"₹10,000*","₹84,000*",0,₹0,-,-,-,-,-,-,-,-,3819(1),4394(1),4290(1),-,-
GUJ Mgmt Quota,MQ-MQ,Gujarat,"Dr ND Desai FMS & Res, Nadiad",BIOCHEMISTRY,"₹30,000*","₹84,000*",0,₹0,-,-,-,-,-,-,-,-,3802(1),4134(1),4291(1),-,-
GUJ Govt-Inst. Pref,UQ-ST,Gujarat,"Surat Municipal, Surat",GENERAL SURGERY,"₹18,64,000*","₹84,000*",0,₹0,750,-,-,-,-,-,-,-,4199(1),4199(1),4294(1),-,-
GUJ Govt-AllGujStud.,GQ-ST,Gujarat,"GMERS, Sola",PATHOLOGY,"₹6,25,000*","₹84,000*",0,₹0,900,3630(1),4047(1),4223(1),-,-,-,-,3923(1),4218(1),4298(1),-,-
GUJ Govt-AllGujStud.,GQ-ST,Gujarat,"Govt Med Coll, Surat",FORENSIC MEDICINE,"₹30,000*","₹1,00,800",0*,₹0*,1150,4242(1),-,-,-,-,-,-,4212(1),4302(1),4302(1),-,-
GUJ Govt-AllGujStud.,GQ-OP,Gujarat,"Adani Institute, Bhuj",MICROBIOLOGY,"₹4,50,000*","₹84,000*",0,₹0,750,-,817(1),817(1),-,-,-,-,3628(1),3384(1),4310(1),-,-
GUJ Govt-AllGujStud.,GQ-SE,Gujarat,"GMERS, Gotri, Vadodara",SPM,"₹5,72,000*","₹84,000*",0,₹0,730,-,-,-,-,-,-,-,3932(1),3738(1),4313(1),-,-
GUJ Govt-Inservice,IQ-OP,Gujarat,"BJMC, Ahmedabad",ANAESTHESIOLOGY,"₹30,000*","₹1,00,800",1*,"₹40,00,000*",1557,-,-,-,-,-,-,-,4314(1),4314(1),4314(1),-,-
GUJ Govt-Inst. Pref,UQ-OP,Gujarat,"BJMC, Ahmedabad",ANATOMY,"₹30,000*","₹1,00,800",0*,₹0*,1557,-,-,-,-,-,-,-,3880(1),4315(1),4315(1),-,-
GUJ Govt-AllGujStud.,GQ-OP-PH,Gujarat,"Govt Med Coll, Surat",PAEDIATRICS,"₹30,000*","₹1,00,800",1*,"₹40,00,000*",1150,-,-,-,-,-,-,-,3930(1),4323(1),4323(1),-,-
GUJ Mgmt Quota,MQ-MQ,Gujarat,"Shantabaa Medical Coll, Amreli",MICROBIOLOGY,"₹1,30,000","₹84,000*",0,₹0,-,-,-,-,-,-,-,-,-,4052(1),4324(1),-,-
GUJ Govt-AllGujStud.,GQ-ST,Gujarat,"GCS Med Coll, Ahmedabad",ORTHOPAEDICS,"₹28,00,000*","₹84,000*",0,₹0,750,3897(1),4098(1),4098(1),-,-,-,-,4093(1),4267(1),4326(1),-,-
GUJ Govt-AllGujStud.,GQ-SE,Gujarat,"GMERS, Gandhinagar",MICROBIOLOGY,"₹5,75,000*","₹84,000*",0,₹0,980,4236(1),-,-,-,-,-,-,4023(1),4140(1),4329(1),-,-
GUJ Mgmt-NRI,NQ-NRI,Gujarat,"GMERS, Gandhinagar",OBG,"₹33,75,000*","₹84,000*",0,₹0,980,-,-,-,-,-,-,-,4340(1),4340(1),4340(1),-,-
GUJ Govt-Inst. Pref,UQ-ST,Gujarat,"BJMC, Ahmedabad",PHYSIOLOGY,"₹30,000*","₹1,00,800",0*,₹0*,1557,-,-,-,-,-,-,-,4341(1),4341(1),4341(1),-,-
GUJ Mgmt Quota,MQ-MQ,Gujarat,"Dr ND Desai FMS & Res, Nadiad",PHYSIOLOGY,"₹20,000*","₹84,000*",0,₹0,-,-,-,-,-,-,-,-,3822(1),4344(1),4344(1),-,-
GUJ Govt-AllGujStud.,GQ-EW,Gujarat,"NHL Med Coll, Ahmedabad",SPM,"₹7,93,000*","₹84,000*",0,₹0,2220,3071(1),-,-,-,-,-,-,3552(1),4354(1),4354(1),-,-
GUJ Govt-AllGujStud.,GQ-ST,Gujarat,"GMERS, Sola",ENT,"₹8,75,000*","₹84,000*",0,₹0,900,-,-,-,-,-,-,-,3980(1),3980(1),4373(1),-,-
GUJ Mgmt-NRI,NQ-NRI,Gujarat,"AMCET, Ahmedabad",GENERAL MEDICINE,"₹43,21,000*","₹1,00,800*",0,₹0,1050,2729(2),659(1),659(1),-,-,-,-,4374(3),4374(4),4374(4),-,-
GUJ Govt-AllGujStud.,GQ-OP,Gujarat,"AMCET, Ahmedabad",SPM,"₹9,67,000*","₹1,00,800*",0,₹0,1050,-,3752(1),4391(1),-,-,-,-,-,4313(1),4376(1),-,-
GUJ Govt-AllGujStud.,GQ-OP,Gujarat,"Govt Med Coll, Bhavnagar",ANATOMY,"₹30,000*","₹1,00,800",0*,₹0*,720,-,-,4723(3),4989(3),5037(1),-,-,3634(1),3920(1),4386(2),-,-
GUJ Govt-AllGujStud.,GQ-ST,Gujarat,"GMERS, Gotri, Vadodara",ANAESTHESIOLOGY,"₹11,25,000*","₹84,000*",0,₹0,730,4109(2),4109(2),4378(2),4505(1),-,-,-,4209(1),4396(1),4396(1),-,-
GUJ Govt-AllGujStud.,GQ-SE,Gujarat,"PDU Med Coll, Rajkot",ANATOMY,"₹30,000*","₹1,00,800",0*,₹0*,750,-,-,-,-,-,-,-,-,4404(1),4404(1),-,-
GUJ Govt-AllGujStud.,GQ-ST,Gujarat,"Medical College, Baroda",MICROBIOLOGY,"₹30,000*","₹1,00,800",1*,"₹40,00,000*",1250,3098(1),4400(2),4519(2),-,-,-,-,4100(1),4531(1),4407(1),4695(1),-
GUJ Govt-AllGujStud.,GQ-SC,Gujarat,"Parul IMS&R, Vadodara",BIOCHEMISTRY,"₹1,000*","₹1,00,800*",0,₹0,750,-,-,-,-,-,-,-,4226(1),4559(1),4408(1),-,-
GUJ Govt-AllGujStud.,GQ-ST,Gujarat,"Surat Municipal, Surat",GENERAL SURGERY,"₹18,64,000*","₹84,000*",0,₹0,750,3754(2),3846(2),4259(2),-,-,-,-,4364(2),4364(2),4410(2),-,-
GUJ Govt-AllGujStud.,GQ-ST,Gujarat,"NHL Med Coll, Ahmedabad",PATHOLOGY,"₹7,93,000*","₹84,000*",0,₹0,2220,3593(1),3910(1),4274(1),4383(1),4489(1),4579(1),-,3894(1),4298(1),4412(1),-,-
GUJ Govt-AllGujStud.,GQ-SE,Gujarat,"Dr ND Desai FMS & Res, Nadiad",PHYSIOLOGY,"₹10,000*","₹84,000*",0,₹0,-,-,-,-,-,-,-,-,4277(1),4413(1),4413(1),-,-
GUJ Govt-Inst. Pref,UQ-EW,Gujarat,"Zydus Med Coll & Hosp, Dahod",GENERAL SURGERY,"₹28,00,000*","₹84,000*",0,₹0,-,-,-,-,-,-,-,-,-,4414(1),4414(1),-,-
GUJ Mgmt-NRI,NQ-NRI,Gujarat,"GCS Med Coll, Ahmedabad",ANAESTHESIOLOGY,"₹23,00,000*","₹84,000*",0,₹0,750,-,-,-,-,-,-,-,4422(1),4422(1),4422(1),-,-
GUJ Govt-AllGujStud.,GQ-ST,Gujarat,"GMERS, Gandhinagar",ANAESTHESIOLOGY,"₹11,25,000*","₹84,000*",0,₹0,980,-,-,-,-,-,-,-,4099(1),4093(1),4434(1),-,-
GUJ Govt-AllGujStud.,GQ-ST,Gujarat,"BJMC, Ahmedabad",MICROBIOLOGY,"₹30,000*","₹1,00,800",1*,"₹40,00,000*",1557,4246(1),4344(1),4493(1),-,-,-,-,4072(1),4436(1),4436(1),-,-
GUJ Govt-AllGujStud.,GQ-SE,Gujarat,"GCS Med Coll, Ahmedabad",SPM,"₹6,00,000*","₹84,000*",0,₹0,750,3222(1),3887(1),4132(1),-,-,-,-,3738(1),4164(1),4438(1),-,-
GUJ Govt-Inst. Pref,UQ-ST,Gujarat,"Medical College, Baroda",ANAESTHESIOLOGY,"₹30,000*","₹1,00,800",1*,"₹40,00,000*",1250,-,-,-,-,-,-,-,3562(1),4445(1),4445(1),-,-
GUJ Govt-AllGujStud.,GQ-OP,Gujarat,"GCS Med Coll, Ahmedabad",BIOCHEMISTRY,"₹6,00,000*","₹84,000*",0,₹0,750,-,-,4380(2),-,-,-,-,-,4438(1),4446(1),-,-
GUJ Govt-AllGujStud.,GQ-ST,Gujarat,"Surat Municipal, Surat",PSYCHIATRY,"₹18,64,000*","₹84,000*",0,₹0,750,3261(1),3261(1),3925(1),4495(1),-,-,-,4373(1),4449(1),4449(1),-,-
GUJ Govt-AllGujStud.,GQ-SE,Gujarat,"Dr ND Desai FMS & Res, Nadiad",MICROBIOLOGY,"₹30,000*","₹84,000*",0,₹0,-,-,-,-,-,-,-,-,4265(1),4214(1),4454(1),-,-
GUJ Govt-AllGujStud.,GQ-ST,Gujarat,"PDU Med Coll, Rajkot",PHARMACOLOGY,"₹30,000*","₹1,00,800",0*,₹0*,750,4097(1),4361(1),4361(1),-,-,-,-,3888(1),4461(1),4461(1),-,-
GUJ Govt-AllGujStud.,GQ-EW,Gujarat,"GMERS, Gandhinagar",SPM,"₹5,75,000*","₹84,000*",0,₹0,980,-,-,-,-,-,-,-,3813(1),3953(1),4464(1),-,-
GUJ Govt-Inst. Pref,UQ-SC,Gujarat,"MP Shah, Jamnagar",PHARMACOLOGY,"₹30,000*","₹1,00,800",0*,₹0*,1250,-,-,-,-,-,-,-,4466(1),4466(1),4466(1),-,-
GUJ Govt-Inst. Pref,UQ-ST,Gujarat,"GMERS, Gandhinagar",PATHOLOGY,"₹6,25,000*","₹84,000*",0,₹0,980,-,-,-,-,-,-,-,4211(1),4412(1),4468(1),-,-
GUJ Govt-AllGujStud.,GQ-OP,Gujarat,"CU Shah, Surendra Nagar",ANATOMY,"₹1,50,000*","₹84,000*",0,₹0,590,-,-,4937(2),5059(1),-,-,6010(1),-,-,4470(1),-,-
GUJ Govt-AllGujStud.,GQ-ST,Gujarat,"GMERS, Sola",OPHTHALMOLOGY,"₹10,00,000*","₹84,000*",0,₹0,900,-,-,-,-,-,-,-,4046(1),4008(1),4471(1),-,-
GUJ Govt-Inservice,IQ-ST,Gujarat,"BJMC, Ahmedabad",GENERAL MEDICINE,"₹30,000*","₹1,00,800",1*,"₹40,00,000*",1557,-,-,-,-,-,-,-,4472(1),4472(1),4472(1),-,-
GUJ Govt-AllGujStud.,GQ-SC,Gujarat,"AMCET, Ahmedabad",PHARMACOLOGY,"₹9,67,000*","₹1,00,800*",0,₹0,1050,3260(1),3639(1),4550(1),-,-,-,-,3916(1),3843(1),4478(1),-,-
GUJ Govt-Inst. Pref,UQ-SE,Gujarat,"Medical College, Baroda",IHBT,"₹30,000*","₹1,00,800",1*,"₹40,00,000*",1250,-,-,-,-,-,-,-,-,4480(1),4480(1),-,-
GUJ Govt-AllGujStud.,GQ-ST,Gujarat,"Pramukhswami Med Coll, Karmsad",GENERAL SURGERY,"₹33,00,000*","₹84,000*",0,₹0,1000,-,4253(1),4253(1),-,-,-,-,4489(1),4489(1),4489(1),-,-
GUJ Govt-Inst. Pref,UQ-ST,Gujarat,"Dr MK Shah Med Coll, Ahmedabad",TBRD,"₹11,50,000*","₹84,000*",0,₹0,350,-,-,-,-,-,-,-,4492(1),4492(1),4492(1),-,-
GUJ Govt-AllGujStud.,GQ-ST,Gujarat,"Pramukhswami Med Coll, Karmsad",EMERGENCY MEDICINE,"₹25,00,000*","₹84,000*",0,₹0,1000,-,3925(1),4066(1),-,-,-,-,4493(1),4493(1),4493(1),-,-
GUJ Govt-AllGujStud.,GQ-OP,Gujarat,"Dr MK Shah Med Coll, Ahmedabad",MICROBIOLOGY,"₹8,50,000*","₹84,000*",0,₹0,350,3259(2),3531(2),3531(2),-,-,-,-,4031(1),4104(1),4494(1),-,-
GUJ Govt-AllGujStud.,GQ-OP,Gujarat,"Zydus Med Coll & Hosp, Dahod",BIOCHEMISTRY,"₹6,500*","₹84,000*",0,₹0,-,-,-,-,-,-,-,-,3996(1),4175(2),4494(2),-,-
GUJ Mgmt Quota,MQ-MQ,Gujarat,"Surat Municipal, Surat",PATHOLOGY,"₹32,80,000*","₹84,000*",0,₹0,750,2475(1),3456(3),4136(3),4088(2),-,-,-,2730(1),3393(3),4495(3),4872(3),5097(1)
GUJ Govt-AllGujStud.,GQ-SE,Gujarat,"NHL Med Coll, Ahmedabad",MICROBIOLOGY,"₹7,93,000*","₹84,000*",0,₹0,2220,4028(1),4291(1),4896(1),-,-,-,-,4050(1),4285(1),4496(1),-,-
GUJ Govt-AllGujStud.,GQ-ST,Gujarat,"Parul IMS&R, Vadodara",ANAESTHESIOLOGY,"₹10,00,000*","₹1,00,800*",0,₹0,750,-,-,-,-,-,-,-,4103(1),4046(1),4497(1),-,-
GUJ Mgmt Quota,MQ-MQ,Gujarat,"GMERS, Gandhinagar",SPM,"₹8,63,000*","₹84,000*",0,₹0,980,-,-,-,-,-,-,-,3538(1),4260(2),4500(2),4726(1),5072(1)
GUJ Govt-AllGujStud.,GQ-EW,Gujarat,"GMERS, Gotri, Vadodara",SPM,"₹5,72,000*","₹84,000*",0,₹0,730,-,-,-,-,-,-,-,3670(1),3813(1),4503(1),-,-
GUJ Govt-Inst. Pref,UQ-ST,Gujarat,"PDU Med Coll, Rajkot",PATHOLOGY,"₹30,000*","₹1,00,800",1*,"₹40,00,000*",750,-,-,-,-,-,-,-,3683(1),4503(1),4503(1),-,-
GUJ Govt-AllGujStud.,GQ-SE,Gujarat,"Dr ND Desai FMS & Res, Nadiad",BIOCHEMISTRY,"₹30,000*","₹84,000*",0,₹0,-,-,-,-,-,-,-,-,3838(1),4505(1),4505(1),-,-
GUJ Govt-Inst. Pref,UQ-SE,Gujarat,"NHL Med Coll, Ahmedabad",MICROBIOLOGY,"₹7,93,000*","₹84,000*",0,₹0,2220,-,-,-,-,-,-,-,4440(1),4506(1),4506(1),-,-
GUJ Govt-AllGujStud.,GQ-ST,Gujarat,"Adani Institute, Bhuj",ANAESTHESIOLOGY,"₹12,00,000*","₹84,000*",0,₹0,750,4127(1),4247(1),4243(1),-,-,-,-,4484(1),4523(1),4510(1),4657(1),-
GUJ Govt-AllGujStud.,GQ-ST,Gujarat,"Zydus Med Coll & Hosp, Dahod",GENERAL SURGERY,"₹28,00,000*","₹84,000*",0,₹0,-,4068(1),4068(1),4068(1),-,-,-,-,4035(1),4513(1),4513(1),-,-
GUJ Govt-AllGujStud.,GQ-ST,Gujarat,"GMERS, Gandhinagar",PATHOLOGY,"₹6,25,000*","₹84,000*",0,₹0,980,3995(1),4138(1),4138(1),-,-,-,-,4192(1),4192(1),4515(1),-,-
GUJ Govt-AllGujStud.,GQ-SC,Gujarat,"CU Shah, Surendra Nagar",MICROBIOLOGY,"₹2,75,000*","₹84,000*",0,₹0,590,-,-,-,-,-,-,-,4408(1),4408(1),4516(1),-,-
GUJ Govt-Inst. Pref,UQ-ST,Gujarat,"GMERS, Gandhinagar",ANAESTHESIOLOGY,"₹11,25,000*","₹84,000*",0,₹0,980,3766(1),4213(1),4411(1),-,-,-,-,3963(1),4517(1),4517(1),-,-
GUJ Govt-Inservice,IQ-SC,Gujarat,"Govt Med Coll, Surat",GENERAL MEDICINE,"₹30,000*","₹1,00,800",1*,"₹40,00,000*",1150,-,-,-,-,-,-,-,4522(1),4522(1),4522(1),-,-
GUJ Mgmt Quota,MQ-MQ,Gujarat,"Zydus Med Coll & Hosp, Dahod",BIOCHEMISTRY,"₹15,000*","₹84,000*",0,₹0,-,-,-,-,-,-,-,-,4114(1),4291(1),4522(1),-,-
GUJ Govt-Inservice,IQ-SE,Gujarat,"GMERS MedColl Hosp,Patan",DMRD(NBEMS),"₹1,25,000","₹75,600*",Info Not Available,Info not available,650,-,-,-,-,-,-,-,4363(1),4363(1),4529(1),-,-
GUJ Govt-Inst. Pref,UQ-ST,Gujarat,"Pramukhswami Med Coll, Karmsad",RADIO DIAGNOSIS,"₹46,00,000*","₹84,000*",0,₹0,1000,-,-,-,-,-,-,-,4530(1),4530(1),4530(1),-,-
GUJ Govt-AllGujStud.,GQ-OP,Gujarat,"Zydus Med Coll & Hosp, Dahod",PHYSIOLOGY,"₹6,500*","₹84,000*",0,₹0,-,-,-,-,-,-,-,-,-,4290(2),4530(2),4565(1),4790(1)
GUJ Govt-AllGujStud.,GQ-ST,Gujarat,"Pramukhswami Med Coll, Karmsad",ANAESTHESIOLOGY,"₹12,00,000*","₹84,000*",0,₹0,1000,3656(1),4141(1),4320(1),-,-,-,-,4445(1),4533(1),4533(1),-,-
GUJ Govt-Inst. Pref,UQ-ST,Gujarat,"AMCET, Ahmedabad",PATHOLOGY,"₹9,67,000*","₹1,00,800*",0,₹0,1050,-,-,-,-,-,-,-,4468(1),4538(1),4538(1),-,-
GUJ Govt-AllGujStud.,GQ-SE,Gujarat,"NHL Med Coll, Ahmedabad",SPM,"₹7,93,000*","₹84,000*",0,₹0,2220,3389(1),3696(1),4392(1),-,-,-,-,4018(1),4343(1),4540(1),-,-
GUJ Govt-AllGujStud.,GQ-ST,Gujarat,"PDU Med Coll, Rajkot",MICROBIOLOGY,"₹30,000*","₹1,00,800",1*,"₹40,00,000*",750,-,-,-,-,-,-,-,4156(1),4560(1),4543(1),-,-
GUJ Govt-Inst. Pref,UQ-SE,Gujarat,"Surat Municipal, Surat",PHARMACOLOGY,"₹12,50,000*","₹84,000*",0,₹0,750,-,-,-,-,-,-,-,4544(1),4544(1),4544(1),-,-
GUJ Govt-AllGujStud.,GQ-ST,Gujarat,"MP Shah, Jamnagar",MICROBIOLOGY,"₹30,000*","₹1,00,800",1*,"₹40,00,000*",1250,4294(1),4358(1),4358(1),-,-,-,-,-,4543(1),4554(1),4737(1),-
GUJ Govt-Inservice,IQ-SE,Gujarat,"Govt Med Coll, Surat",OBG,"₹30,000*","₹1,00,800",1*,"₹40,00,000*",1150,-,-,-,-,-,-,-,4556(1),4556(1),4556(1),-,-
GUJ Govt-Inst. Pref,UQ-SE,Gujarat,"Parul IMS&R, Vadodara",MICROBIOLOGY,"₹1,000*","₹1,00,800*",0,₹0,750,-,-,-,-,-,-,-,4562(1),4562(1),4562(1),-,-
GUJ Govt-AllGujStud.,GQ-SE,Gujarat,"Shantabaa Medical Coll, Amreli",MICROBIOLOGY,"₹1,00,000","₹84,000*",0,₹0,-,-,-,-,-,-,-,-,3918(1),3918(1),4569(1),-,-
GUJ Govt-AllGujStud.,GQ-OP,Gujarat,"Pramukhswami Med Coll, Karmsad",FORENSIC MEDICINE,"₹2,50,000*","₹84,000*",0,₹0,1000,3031(1),-,4389(1),-,-,-,-,3920(1),4094(1),4571(1),-,-
GUJ Govt-Inst. Pref,UQ-SE,Gujarat,"BJMC, Ahmedabad",FORENSIC MEDICINE,"₹30,000*","₹1,00,800",0*,₹0*,1557,-,-,-,-,-,-,-,3186(1),4572(1),4572(1),-,-
GUJ Mgmt Quota,MQ-MQ,Gujarat,"Zydus Med Coll & Hosp, Dahod",PHYSIOLOGY,"₹15,000*","₹84,000*",0,₹0,-,-,-,-,-,-,-,-,4413(1),4435(1),4572(1),-,-
GUJ Govt-AllGujStud.,GQ-SE,Gujarat,"Parul IMS&R, Vadodara",BIOCHEMISTRY,"₹1,000*","₹1,00,800*",0,₹0,750,-,-,-,-,-,-,-,-,4352(1),4575(1),-,-
GUJ Govt-AllGujStud.,GQ-SE,Gujarat,"Govt Med Coll, Bhavnagar",ANATOMY,"₹30,000*","₹1,00,800",0*,₹0*,720,-,-,-,-,-,-,-,4217(1),4578(1),4578(1),-,-
GUJ Govt-Inservice,IQ-SE,Gujarat,"MP Shah, Jamnagar",PAEDIATRICS,"₹30,000*","₹1,00,800",1*,"₹40,00,000*",1250,3429(1),3429(1),4374(1),-,-,-,-,4579(1),4579(1),4579(1),-,-
GUJ Govt-Inst. Pref,UQ-ST,Gujarat,"NHL Med Coll, Ahmedabad",OPHTHALMOLOGY,"₹7,93,000*","₹84,000*",0,₹0,2220,3532(1),3532(1),3532(1),-,-,-,-,3835(1),4581(1),4581(1),-,-
GUJ Govt-AllGujStud.,GQ-ST,Gujarat,"Pramukhswami Med Coll, Karmsad",ENT,"₹12,00,000*","₹84,000*",0,₹0,1000,4194(1),4312(1),4467(1),-,-,-,-,4245(1),4583(1),4583(1),-,-
GUJ Mgmt Quota,MQ-MQ,Gujarat,"Zydus Med Coll & Hosp, Dahod",FORENSIC MEDICINE,"₹13,000*","₹84,000*",0,₹0,-,3997(1),-,-,-,-,-,-,3702(1),3702(1),4588(1),-,-
GUJ Govt-AllGujStud.,GQ-SE,Gujarat,"Pramukhswami Med Coll, Karmsad",FORENSIC MEDICINE,"₹2,50,000*","₹84,000*",0,₹0,1000,-,-,-,-,-,-,-,-,4571(1),4589(1),-,-
GUJ Govt-AllGujStud.,GQ-ST,Gujarat,"PDU Med Coll, Rajkot",SPM,"₹30,000*","₹1,00,800",0*,₹0*,750,-,-,-,-,-,-,-,-,4592(1),4592(1),-,-
GUJ Govt-Inservice,IQ-OP,Gujarat,"GMERS MedColl Hosp,Sola",DNBGENERAL SURGERY,"₹1,25,000","₹1,00,800*",Info Not Available,Info not available,-,-,-,-,-,-,-,-,-,-,4593(1),-,-
GUJ Govt-AllGujStud.,GQ-ST,Gujarat,"Dr ND Desai FMS & Res, Nadiad",GENERAL SURGERY,"₹33,00,000*","₹84,000*",0,₹0,-,-,-,-,-,-,-,-,4513(1),4594(1),4594(1),-,-
GUJ Govt-AllGujStud.,GQ-ST,Gujarat,"Parul IMS&R, Vadodara",GENERAL SURGERY,"₹30,00,000*","₹1,00,800*",0,₹0,750,3868(1),3868(1),4545(1),-,-,-,-,4504(1),4598(1),4598(1),-,-
GUJ Govt-Inservice,IQ-OP,Gujarat,"GMERS MedColl Hosp,Himmatnagar",DNBANAESTHESIOLOGY,"₹1,25,000","₹1,00,800*",Info Not Available,Info not available,700,-,-,4455(1),-,-,-,-,-,-,4599(1),-,-
GUJ Govt-AllGujStud.,GQ-SE,Gujarat,"Dr MK Shah Med Coll, Ahmedabad",MICROBIOLOGY,"₹8,50,000*","₹84,000*",0,₹0,350,3659(1),4303(1),3975(1),-,-,-,-,4506(1),4511(1),4600(1),-,-
GUJ Govt-AllGujStud.,GQ-ST,Gujarat,"Govt Med Coll, Surat",PHYSIOLOGY,"₹30,000*","₹1,00,800",0*,₹0*,1150,4168(1),-,-,-,-,-,-,-,4601(1),4601(1),-,-
GUJ Govt-AllGujStud.,GQ-SE,Gujarat,"Govt Med Coll, Surat",DCM,"₹20,000*","₹75,600*",0*,₹0*,1150,-,-,-,-,-,-,-,3678(1),3217(1),4602(1),4477(1),-
GUJ Govt-Inservice,IQ-OP,Gujarat,"GMERS Med Coll Hosp, Junagadh",DA(NBEMS),"₹1,25,000","₹75,600*",Info Not Available,Info not available,Info Not Available,-,-,-,-,-,-,-,-,-,4603(1),-,-
GUJ Govt-AllGujStud.,GQ-OP,Gujarat,"Pramukhswami Med Coll, Karmsad",PHYSIOLOGY,"₹2,00,000*","₹84,000*",0,₹0,1000,3804(1),3804(1),4641(2),4621(1),-,-,-,3942(1),-,4604(2),-,-
GUJ Mgmt-NRI,NQ-NRI,Gujarat,"GMERS, Gotri, Vadodara",GENERAL SURGERY,"₹30,00,000*","₹84,000*",0,₹0,730,-,-,-,-,-,-,-,3837(1),3837(1),4605(1),-,-
GUJ Govt-AllGujStud.,GQ-SC,Gujarat,"Govt Med Coll, Bhavnagar",MICROBIOLOGY,"₹30,000*","₹1,00,800",1*,"₹40,00,000*",720,3146(1),4079(1),4880(1),4662(1),-,-,-,-,3505(1),4608(1),4345(1),-
GUJ Govt-Inst. Pref,UQ-ST,Gujarat,"Dr MK Shah Med Coll, Ahmedabad",ENT,"₹13,50,000*","₹84,000*",0,₹0,350,4160(1),4324(1),4324(1),-,-,-,-,4469(1),4373(1),4609(1),-,-
GUJ Govt-AllGujStud.,GQ-ST,Gujarat,"Parul IMS&R, Vadodara",EMERGENCY MEDICINE,"₹20,00,000*","₹1,00,800*",0,₹0,750,-,-,-,-,-,-,-,-,3975(1),4610(1),-,-
GUJ Govt-Inst. Pref,UQ-SC,Gujarat,"CU Shah, Surendra Nagar",ANAESTHESIOLOGY,"₹14,00,000*","₹84,000*",0,₹0,590,-,-,-,-,-,-,-,3001(1),4615(1),4615(1),-,-
GUJ Govt-AllGujStud.,GQ-ST,Gujarat,"Dr MK Shah Med Coll, Ahmedabad",ANAESTHESIOLOGY,"₹16,50,000*","₹84,000*",0,₹0,350,3853(1),4043(1),4213(1),-,-,-,-,4396(1),4616(1),4616(1),-,-
GUJ Govt-Inst. Pref,UQ-ST,Gujarat,"Govt Med Coll, Surat",BIOCHEMISTRY,"₹30,000*","₹1,00,800",0*,₹0*,1150,-,-,-,-,-,-,-,4618(1),4618(1),4618(1),-,-
GUJ Govt-AllGujStud.,GQ-SC,Gujarat,"Dr ND Desai FMS & Res, Nadiad",PATHOLOGY,"₹10,00,000*","₹84,000*",0,₹0,-,-,-,-,-,-,-,-,3643(1),3595(1),4620(1),-,-
GUJ Govt-AllGujStud.,GQ-SC,Gujarat,"MP Shah, Jamnagar",IHBT,"₹30,000*","₹1,00,800",1*,"₹40,00,000*",1250,-,-,-,-,-,-,-,2247(1),3735(1),4622(1),4676(1),-
GUJ Govt-Inservice,IQ-SC,Gujarat,"Govt Med Coll, Bhavnagar",ORTHOPAEDICS,"₹30,000*","₹1,00,800",1*,"₹40,00,000*",720,-,-,-,-,-,-,-,4624(1),4624(1),4624(1),-,-
GUJ Govt-AllGujStud.,GQ-ST,Gujarat,"Parul IMS&R, Vadodara",OPHTHALMOLOGY,"₹10,00,000*","₹1,00,800*",0,₹0,750,4049(1),4302(1),4302(1),-,-,-,-,-,4639(1),4639(1),-,-
GUJ Govt-AllGujStud.,GQ-OP,Gujarat,"NHL Med Coll, Ahmedabad",BIOCHEMISTRY,"₹7,93,000*","₹84,000*",0,₹0,2220,3688(1),-,4665(1),4828(1),4944(1),-,-,-,3802(1),4642(1),-,-
GUJ Govt-AllGujStud.,GQ-ST,Gujarat,"Govt Med Coll, Bhavnagar",MICROBIOLOGY,"₹30,000*","₹1,00,800",1*,"₹40,00,000*",720,-,4405(1),4548(1),-,-,-,-,-,4645(1),4645(1),-,-
GUJ Govt-AllGujStud.,GQ-ST,Gujarat,"Parul IMS&R, Vadodara",PATHOLOGY,"₹6,00,000*","₹1,00,800*",0,₹0,750,3910(1),3870(1),4474(1),-,-,-,-,4287(1),4611(2),4649(2),-,-
GUJ Govt-AllGujStud.,GQ-EW,Gujarat,"Dr MK Shah Med Coll, Ahmedabad",MICROBIOLOGY,"₹8,50,000*","₹84,000*",0,₹0,350,-,-,-,-,-,-,-,4054(1),4310(2),4652(2),-,-
GUJ Govt-AllGujStud.,GQ-ST,Gujarat,"GMERS, Sola",MICROBIOLOGY,"₹5,75,000*","₹84,000*",0,₹0,900,-,-,-,-,-,-,-,4436(1),4652(1),4652(1),-,-
GUJ Govt-AllGujStud.,GQ-ST,Gujarat,"Adani Institute, Bhuj",ORTHOPAEDICS,"₹30,00,000*","₹84,000*",0,₹0,750,3721(1),3721(1),3721(1),-,-,-,-,4267(1),4653(1),4653(1),-,-
GUJ Govt-Inst. Pref,UQ-ST,Gujarat,"Dr MK Shah Med Coll, Ahmedabad",ORTHOPAEDICS,"₹25,00,000*","₹84,000*",0,₹0,350,-,-,-,-,-,-,-,4654(1),4654(1),4654(1),-,-
GUJ Govt-AllGujStud.,GQ-ST,Gujarat,"Shantabaa Medical Coll, Amreli",ANAESTHESIOLOGY,"₹12,00,000","₹84,000*",0,₹0,-,-,-,-,-,-,-,-,4517(1),4656(1),4656(1),-,-
GUJ Govt-Inst. Pref,UQ-ST,Gujarat,"GMERS, Gotri, Vadodara",PSYCHIATRY,"₹8,75,000*","₹84,000*",0,₹0,730,-,-,-,-,-,-,-,4224(1),4532(1),4659(1),4917(1),4982(1)
GUJ Govt-Inst. Pref,UQ-SE,Gujarat,"GMERS, Gotri, Vadodara",SPM,"₹5,72,000*","₹84,000*",0,₹0,730,-,-,-,-,-,-,-,4662(1),4662(1),4662(1),-,-
GUJ Govt-AllGujStud.,GQ-ST,Gujarat,"Nootan Med Coll & RC, Mehsana",GENERAL SURGERY,"₹22,00,000*","₹84,000*",0,₹0,-,-,-,-,-,-,-,-,-,-,4669(1),-,-
GUJ Govt-Inst. Pref,UQ-SE,Gujarat,"PDU Med Coll, Rajkot",BIOCHEMISTRY,"₹30,000*","₹1,00,800",0*,₹0*,750,-,-,-,-,-,-,-,3641(1),3641(1),4674(1),-,-
GUJ Govt-AllGujStud.,GQ-ST,Gujarat,"Parul IMS&R, Vadodara",PHARMACOLOGY,"₹1,000*","₹1,00,800*",0,₹0,750,4154(1),-,-,-,-,-,-,4251(1),4554(1),4675(1),-,-
GUJ Govt-AllGujStud.,GQ-ST,Gujarat,"Zydus Med Coll & Hosp, Dahod",SPM,"₹6,000*","₹84,000*",0,₹0,-,-,-,-,-,-,-,-,4640(1),4649(1),4677(1),-,-
GUJ Govt-AllGujStud.,GQ-ST,Gujarat,"AMCET, Ahmedabad",PATHOLOGY,"₹9,67,000*","₹1,00,800*",0,₹0,1050,4019(1),4019(1),4258(1),-,-,-,-,3979(1),4518(1),4678(1),-,-
GUJ Govt-Inst. Pref,UQ-ST,Gujarat,"Dr MK Shah Med Coll, Ahmedabad",PSYCHIATRY,"₹13,00,000*","₹84,000*",0,₹0,350,-,-,-,-,-,-,-,4025(1),4401(1),4681(1),4826(1),-
GUJ Govt-AllGujStud.,GQ-OP,Gujarat,"Parul IMS&R, Vadodara",ANATOMY,"₹1,000*","₹1,00,800*",0,₹0,750,-,-,4907(3),-,-,-,-,-,-,4682(3),4722(2),4844(1)
GUJ Govt-AllGujStud.,GQ-ST,Gujarat,"GCS Med Coll, Ahmedabad",PATHOLOGY,"₹8,00,000*","₹84,000*",0,₹0,750,-,-,-,-,-,-,-,4298(1),4468(1),4687(1),-,-
GUJ Govt-AllGujStud.,GQ-OP,Gujarat,"Pramukhswami Med Coll, Karmsad",ANATOMY,"₹2,00,000*","₹84,000*",0,₹0,1000,3810(1),-,4992(3),-,-,-,-,-,-,4693(3),-,-
GUJ Govt-AllGujStud.,GQ-ST,Gujarat,"Adani Institute, Bhuj",GENERAL SURGERY,"₹24,00,000*","₹84,000*",0,₹0,750,4066(1),4210(1),4349(1),-,-,-,-,-,4410(1),4696(1),-,-
GUJ Govt-AllGujStud.,GQ-ST,Gujarat,"Zydus Med Coll & Hosp, Dahod",ANAESTHESIOLOGY,"₹27,00,000*","₹84,000*",0,₹0,-,-,-,-,-,-,-,-,4497(1),4479(1),4704(1),-,-
GUJ Govt-AllGujStud.,GQ-SC,Gujarat,"Zydus Med Coll & Hosp, Dahod",MICROBIOLOGY,"₹5,000*","₹84,000*",0,₹0,-,-,-,-,-,-,-,-,3549(1),4536(1),4708(1),-,-
GUJ Govt-AllGujStud.,GQ-ST,Gujarat,"Dr MK Shah Med Coll, Ahmedabad",ORTHOPAEDICS,"₹25,00,000*","₹84,000*",0,₹0,350,-,-,-,-,-,-,-,4537(1),4648(1),4722(1),-,-
GUJ Govt-AllGujStud.,GQ-OP,Gujarat,"Dr ND Desai FMS & Res, Nadiad",ANATOMY,"₹10,000*","₹84,000*",0,₹0,-,-,-,-,-,-,-,-,4368(2),4368(1),4739(4),-,-
GUJ Govt-Inservice,IQ-OP,Gujarat,"GMERS MedColl Hosp,Patan",DGO(NBEMS),"₹1,25,000","₹75,600*",Info Not Available,Info not available,650,-,-,2606(1),-,-,-,-,-,-,4741(1),-,-
GUJ Govt-Inservice,IQ-SE,Gujarat,"Govt Med Coll, Bhavnagar",ANAESTHESIOLOGY,"₹30,000*","₹1,00,800",1*,"₹40,00,000*",720,-,-,-,-,-,-,-,4529(1),4529(1),4744(1),-,-
GUJ Govt-AllGujStud.,GQ-SC,Gujarat,"Govt Med Coll, Surat",ANATOMY,"₹30,000*","₹1,00,800",0*,₹0*,1150,-,-,-,-,-,-,-,4029(1),4474(1),4745(1),-,-
GUJ Govt-Inservice,IQ-OP,Gujarat,"GMERS MedColl Hosp,Himmatnagar",DGO(NBEMS),"₹1,25,000","₹75,600*",Info Not Available,Info not available,700,-,-,-,-,-,-,-,-,-,4748(1),-,-
GUJ Govt-Inservice,IQ-OP,Gujarat,"GMERS MedColl Hosp,Mehsana",DGO(NBEMS),"₹1,25,000","₹75,600*",Info Not Available,Info not available,Info Not Available,-,-,-,-,-,-,-,-,-,4753(1),-,-
GUJ Govt-AllGujStud.,GQ-ST,Gujarat,"CU Shah, Surendra Nagar",PSYCHIATRY,"₹17,00,000*","₹84,000*",0,₹0,590,-,-,-,-,-,-,-,4502(1),4099(1),4755(1),-,-
GUJ Govt-AllGujStud.,GQ-ST,Gujarat,"Nootan Med Coll & RC, Mehsana",PATHOLOGY,"₹5,00,000*","₹84,000*",0,₹0,-,-,-,-,-,-,-,-,4268(1),4540(1),4759(1),-,-
GUJ Govt-AllGujStud.,GQ-SC,Gujarat,"Pramukhswami Med Coll, Karmsad",MICROBIOLOGY,"₹4,50,000*","₹84,000*",0,₹0,1000,-,-,-,-,-,-,-,4508(1),4281(1),4765(1),-,-
GUJ Govt-AllGujStud.,GQ-OP,Gujarat,"Zydus Med Coll & Hosp, Dahod",ANATOMY,"₹6,500*","₹84,000*",0,₹0,-,-,-,-,-,-,-,-,4295(1),-,4775(2),-,-
GUJ Govt-AllGujStud.,GQ-ST,Gujarat,"Surat Municipal, Surat",ANAESTHESIOLOGY,"₹18,64,000*","₹84,000*",0,₹0,750,3805(1),4218(1),4218(1),-,-,-,-,4326(1),4497(1),4777(1),-,-
GUJ Govt-AllGujStud.,GQ-OP,Gujarat,"GCS Med Coll, Ahmedabad",PHYSIOLOGY,"₹5,00,000*","₹84,000*",0,₹0,750,4130(1),-,4785(2),-,-,-,-,-,-,4778(2),-,-
GUJ Govt-AllGujStud.,GQ-ST,Gujarat,"NHL Med Coll, Ahmedabad",PHARMACOLOGY,"₹7,93,000*","₹84,000*",0,₹0,2220,-,-,-,-,-,-,-,4461(1),4326(1),4787(1),-,-
GUJ Govt-Inst. Pref,UQ-SE,Gujarat,"BJMC, Ahmedabad",IHBT,"₹30,000*","₹1,00,800",1*,"₹40,00,000*",1557,-,-,-,-,-,-,-,3801(1),4495(1),4791(1),4892(1),5093(1)
GUJ Govt-AllGujStud.,GQ-ST,Gujarat,"Zydus Med Coll & Hosp, Dahod",ORTHOPAEDICS,"₹35,00,000*","₹84,000*",0,₹0,-,3999(1),3999(1),3999(1),-,-,-,-,4059(1),4537(2),4794(2),-,-
GUJ Govt-AllGujStud.,GQ-SE,Gujarat,"Adani Institute, Bhuj",MICROBIOLOGY,"₹4,50,000*","₹84,000*",0,₹0,750,3715(1),4054(1),4639(1),4883(1),-,-,-,4312(1),4569(1),4829(1),-,-
GUJ Govt-AllGujStud.,GQ-ST,Gujarat,"CU Shah, Surendra Nagar",ENT,"₹13,00,000*","₹84,000*",0,₹0,590,-,-,-,-,-,-,-,-,4609(1),4836(1),-,-
GUJ Govt-Inservice,IQ-OP,Gujarat,"GMERS MedColl Hosp,Mehsana",DNBPATHOLOGY,"₹1,25,000","₹1,00,800*",Info Not Available,Info not available,Info Not Available,-,-,-,-,-,-,-,-,-,4845(1),-,-
GUJ Govt-AllGujStud.,GQ-OP,Gujarat,"Surat Municipal, Surat",MICROBIOLOGY,"₹12,50,000*","₹84,000*",0,₹0,750,3937(1),-,4646(4),4467(1),4710(1),-,-,4030(2),4389(2),4849(3),-,-
GUJ Govt-AllGujStud.,GQ-OP,Gujarat,"NHL Med Coll, Ahmedabad",FORENSIC MEDICINE,"₹7,93,000*","₹84,000*",0,₹0,2220,-,-,4590(2),4708(2),-,-,-,3401(1),-,4856(2),4825(1),-
GUJ Govt-AllGujStud.,GQ-SE,Gujarat,"GCS Med Coll, Ahmedabad",FORENSIC MEDICINE,"₹5,00,000*","₹84,000*",0,₹0,750,-,-,-,-,-,-,-,3599(1),4589(1),4869(1),4705(1),-
GUJ Govt-AllGujStud.,GQ-SC,Gujarat,"AMCET, Ahmedabad",SPM,"₹9,67,000*","₹1,00,800*",0,₹0,1050,-,-,-,-,-,-,-,3707(1),4463(1),4886(1),-,-
GUJ Govt-AllGujStud.,GQ-SE,Gujarat,"Pramukhswami Med Coll, Karmsad",BIOCHEMISTRY,"₹2,50,000*","₹84,000*",0,₹0,1000,3305(1),4394(2),4918(2),-,-,-,-,4119(1),4120(1),4890(1),-,-
GUJ Mgmt-NRI,NQ-NRI,Gujarat,"GMERS, Gotri, Vadodara",OBG,"₹33,75,000*","₹84,000*",0,₹0,730,-,-,-,-,-,-,-,3719(1),3719(1),4904(1),-,-
GUJ Govt-AllGujStud.,GQ-OP,Gujarat,"Adani Institute, Bhuj",ANATOMY,"₹3,00,000*","₹84,000*",0,₹0,750,-,-,4977(4),5034(2),-,-,6015(1),-,-,4910(4),-,-
GUJ Govt-Inst. Pref,UQ-SC,Gujarat,"Medical College, Baroda",MICROBIOLOGY,"₹30,000*","₹1,00,800",1*,"₹40,00,000*",1250,-,-,-,-,-,-,-,3254(1),4508(1),4927(1),-,-
GUJ Govt-Inst. Pref,UQ-ST,Gujarat,"Adani Institute, Bhuj",TBRD,"₹12,00,000*","₹84,000*",0,₹0,750,-,-,-,-,-,-,-,-,4287(1),4931(1),-,-
GUJ Govt-AllGujStud.,GQ-OP,Gujarat,"NHL Med Coll, Ahmedabad",PHYSIOLOGY,"₹7,93,000*","₹84,000*",0,₹0,2220,-,-,4958(4),4866(2),5006(1),-,-,-,-,4933(5),4351(1),-
GUJ Govt-AllGujStud.,GQ-OP,Gujarat,"Adani Institute, Bhuj",PHYSIOLOGY,"₹3,00,000*","₹84,000*",0,₹0,750,4006(1),-,4755(4),4536(1),-,-,-,4221(1),-,4946(4),-,-
GUJ Govt-AllGujStud.,GQ-OP,Gujarat,"GCS Med Coll, Ahmedabad",ANATOMY,"₹6,00,000*","₹84,000*",0,₹0,750,-,-,4876(1),-,-,-,-,4376(1),-,4969(2),-,-
GUJ Govt-AllGujStud.,GQ-SE,Gujarat,"GCS Med Coll, Ahmedabad",BIOCHEMISTRY,"₹6,00,000*","₹84,000*",0,₹0,750,3696(1),-,-,-,-,-,-,4081(1),4575(1),4985(1),-,-
GUJ Govt-AllGujStud.,GQ-OP,Gujarat,"Surat Municipal, Surat",SPM,"₹12,50,000*","₹84,000*",0,₹0,750,3328(2),4017(4),4401(4),3987(1),-,-,-,4027(3),4196(1),4990(7),4789(2),-
GUJ Govt-AllGujStud.,GQ-OP,Gujarat,"Surat Municipal, Surat",FORENSIC MEDICINE,"₹12,50,000*","₹84,000*",0,₹0,750,3510(1),-,4791(3),4893(1),4999(1),-,-,-,-,5003(3),5013(2),5057(1)
GUJ Govt-AllGujStud.,GQ-SE,Gujarat,"AMCET, Ahmedabad",MICROBIOLOGY,"₹9,67,000*","₹1,00,800*",0,₹0,1050,4271(1),-,-,-,-,-,-,4540(1),4600(1),5008(1),-,-
GUJ Govt-Inst. Pref,UQ-SE,Gujarat,"Pramukhswami Med Coll, Karmsad",ANAESTHESIOLOGY,"₹12,00,000*","₹84,000*",0,₹0,1000,2392(1),2456(1),3208(1),-,-,-,-,2356(1),2356(1),5044(1),-,-
GUJ Govt-AllGujStud.,GQ-SE,Gujarat,"CU Shah, Surendra Nagar",ANATOMY,"₹1,50,000*","₹84,000*",0,₹0,590,-,-,-,-,-,-,-,4470(1),4470(1),5076(1),-,-
GUJ Govt-AllGujStud.,GQ-OP-PH,Gujarat,"Medical College, Baroda",GENERAL MEDICINE,"₹30,000*","₹1,00,800",1*,"₹40,00,000*",1250,-,-,-,-,-,-,-,1783(1),-,-,-,-
GUJ Govt-Inst. Pref,UQ-EW,Gujarat,"Medical College, Baroda",PATHOLOGY,"₹30,000*","₹1,00,800",1*,"₹40,00,000*",1250,-,-,-,-,-,-,-,2069(1),2134(1),-,-,-
GUJ Govt-Inst. Pref,UQ-OP,Gujarat,"Zydus Med Coll & Hosp, Dahod",ANAESTHESIOLOGY,"₹27,00,000*","₹84,000*",0,₹0,-,-,-,-,-,-,-,-,3006(1),-,-,-,-
GUJ Govt-Inst. Pref,UQ-OP,Gujarat,"Surat Municipal, Surat",SPM,"₹12,50,000*","₹84,000*",0,₹0,750,3752(1),3855(1),4637(1),-,-,-,-,3402(1),-,-,-,-
GUJ Govt-Inst. Pref,UQ-OP,Gujarat,"Medical College, Baroda",ANATOMY,"₹30,000*","₹1,00,800",0*,₹0*,1250,-,-,-,-,-,-,-,3486(1),-,-,-,-
GUJ Mgmt Quota,MQ-MQ,Gujarat,"Adani Institute, Bhuj",ANATOMY,"₹1,86,000*","₹84,000*",0,₹0,750,4198(1),-,-,-,-,-,-,3488(1),-,-,-,-
GUJ Govt-Inst. Pref,UQ-SE,Gujarat,"Parul IMS&R, Vadodara",BIOCHEMISTRY,"₹1,000*","₹1,00,800*",0,₹0,750,-,-,-,-,-,-,-,3494(1),-,-,-,-
GUJ Govt-AllGujStud.,GQ-SE,Gujarat,"GCS Med Coll, Ahmedabad",PHYSIOLOGY,"₹5,00,000*","₹84,000*",0,₹0,750,-,-,-,-,-,-,-,3669(1),-,-,-,-
GUJ Govt-Inst. Pref,UQ-EW,Gujarat,"Govt Med Coll, Surat",ANATOMY,"₹30,000*","₹1,00,800",0*,₹0*,1150,-,-,-,-,-,-,-,3790(1),-,-,-,-
GUJ Govt-AllGujStud.,GQ-SE-PH,Gujarat,"BJMC, Ahmedabad",PAEDIATRICS,"₹30,000*","₹1,00,800",1*,"₹40,00,000*",1557,-,-,-,-,-,-,-,3823(1),-,-,-,-
GUJ Govt-Inst. Pref,UQ-SE,Gujarat,"Pramukhswami Med Coll, Karmsad",IHBT,"₹8,00,000*","₹84,000*",0,₹0,1000,-,-,-,-,-,-,-,3877(1),-,-,-,-
GUJ Mgmt Quota,MQ-MQ,Gujarat,"Pramukhswami Med Coll, Karmsad",BIOCHEMISTRY,"₹5,00,000*","₹84,000*",0,₹0,1000,4119(1),-,-,-,-,-,-,3948(1),-,-,-,-
GUJ Govt-Inst. Pref,UQ-ST,Gujarat,"Surat Municipal, Surat",TBRD,"₹18,64,000*","₹84,000*",0,₹0,750,-,-,-,-,-,-,-,4045(1),-,-,-,-
GUJ Govt-Inst. Pref,UQ-SE,Gujarat,"Adani Institute, Bhuj",PHYSIOLOGY,"₹3,00,000*","₹84,000*",0,₹0,750,-,-,-,-,-,-,-,4098(1),-,-,-,-
GUJ Govt-Inst. Pref,UQ-OP,Gujarat,"Pramukhswami Med Coll, Karmsad",BIOCHEMISTRY,"₹2,50,000*","₹84,000*",0,₹0,1000,-,-,-,-,-,-,-,4132(1),4132(1),-,-,-
GUJ Govt-Inst. Pref,UQ-ST,Gujarat,"Parul IMS&R, Vadodara",OPHTHALMOLOGY,"₹10,00,000*","₹1,00,800*",0,₹0,750,-,-,-,-,-,-,-,4179(1),-,-,-,-
GUJ Govt-Inst. Pref,UQ-EW,Gujarat,"Dr MK Shah Med Coll, Ahmedabad",MICROBIOLOGY,"₹8,50,000*","₹84,000*",0,₹0,350,-,-,-,-,-,-,-,4189(1),-,-,-,-
GUJ Govt-AllGujStud.,GQ-EW,Gujarat,"AMCET, Ahmedabad",SPM,"₹9,67,000*","₹1,00,800*",0,₹0,1050,-,-,-,-,-,-,-,4205(1),-,-,-,-
GUJ Mgmt Quota,MQ-MQ,Gujarat,"Adani Institute, Bhuj",PHYSIOLOGY,"₹1,86,000*","₹84,000*",0,₹0,750,-,-,-,-,-,-,-,4243(1),-,-,-,-
GUJ Govt-Inservice,IQ-OP,Gujarat,"BJMC, Ahmedabad",GENERAL SURGERY,"₹30,000*","₹1,00,800",1*,"₹40,00,000*",1557,3560(1),3560(1),3560(1),-,-,-,-,4272(1),-,-,-,-
GUJ Mgmt-NRI,NQ-NRI,Gujarat,"NHL Med Coll, Ahmedabad",GENERAL MEDICINE,"₹46,97,000*","₹84,000*",0,₹0,2220,3591(1),3591(1),3591(1),-,-,-,-,4284(1),-,-,-,-
GUJ Govt-Inst. Pref,UQ-ST,Gujarat,"Adani Institute, Bhuj",GENERAL SURGERY,"₹24,00,000*","₹84,000*",0,₹0,750,-,-,-,-,-,-,-,4286(1),-,-,-,-
GUJ Govt-Inst. Pref,UQ-OP,Gujarat,"Zydus Med Coll & Hosp, Dahod",PATHOLOGY,"₹5,00,000*","₹84,000*",0,₹0,-,-,-,-,-,-,-,-,4305(1),-,-,-,-
GUJ Govt-Inst. Pref,UQ-SC,Gujarat,"Adani Institute, Bhuj",GENERAL SURGERY,"₹24,00,000*","₹84,000*",0,₹0,750,-,-,-,-,-,-,-,4324(1),-,-,-,-
GUJ Govt-Inservice,IQ-OP,Gujarat,"MP Shah, Jamnagar",ANAESTHESIOLOGY,"₹30,000*","₹1,00,800",1*,"₹40,00,000*",1250,-,-,-,-,-,-,-,4342(1),-,-,-,-
GUJ Govt-Inst. Pref,UQ-SE,Gujarat,"PDU Med Coll, Rajkot",ANATOMY,"₹30,000*","₹1,00,800",0*,₹0*,750,-,-,-,-,-,-,-,4375(1),-,-,-,-
GUJ Govt-Inservice,IQ-OP,Gujarat,"Medical College, Baroda",PATHOLOGY,"₹30,000*","₹1,00,800",1*,"₹40,00,000*",1250,-,-,-,-,-,-,-,4402(1),-,-,-,-
GUJ Govt-AllGujStud.,GQ-ST,Gujarat,"MP Shah, Jamnagar",PHYSIOLOGY,"₹30,000*","₹1,00,800",0*,₹0*,1250,4344(1),-,-,-,-,-,-,4407(1),-,-,-,-
GUJ Govt-Inst. Pref,UQ-ST,Gujarat,"Dr MK Shah Med Coll, Ahmedabad",ANAESTHESIOLOGY,"₹16,50,000*","₹84,000*",0,₹0,350,-,-,-,-,-,-,-,4412(1),-,-,-,-
GUJ Mgmt Quota,MQ-MQ,Gujarat,"Dr ND Desai FMS & Res, Nadiad",ANATOMY,"₹20,000*","₹84,000*",0,₹0,-,-,-,-,-,-,-,-,4435(1),-,-,-,-
GUJ Govt-AllGujStud.,GQ-ST,Gujarat,"Pramukhswami Med Coll, Karmsad",PATHOLOGY,"₹11,00,000*","₹84,000*",0,₹0,1000,4047(1),4266(1),4478(1),4567(1),-,-,-,4447(1),-,-,-,-
GUJ Govt-AllGujStud.,GQ-ST,Gujarat,"Govt Med Coll, Bhavnagar",PHYSIOLOGY,"₹30,000*","₹1,00,800",0*,₹0*,720,-,-,-,-,-,-,-,4481(1),-,-,-,-
GUJ Govt-AllGujStud.,GQ-SE,Gujarat,"Surat Municipal, Surat",SPM,"₹12,50,000*","₹84,000*",0,₹0,750,3807(1),4175(1),4601(1),4559(1),-,-,-,4490(1),-,-,-,-
GUJ Govt-AllGujStud.,GQ-ST,Gujarat,"Surat Municipal, Surat",PATHOLOGY,"₹12,50,000*","₹84,000*",0,₹0,750,3803(1),4258(1),4299(1),-,-,-,-,4518(1),-,-,-,-
GUJ Govt-AllGujStud.,GQ-ST,Gujarat,"Pramukhswami Med Coll, Karmsad",OPHTHALMOLOGY,"₹33,00,000*","₹84,000*",0,₹0,1000,-,4349(1),4433(1),-,-,-,-,4523(1),-,-,-,-
GUJ Govt-AllGujStud.,GQ-ST,Gujarat,"Dr ND Desai FMS & Res, Nadiad",OPHTHALMOLOGY,"₹30,00,000*","₹84,000*",0,₹0,-,-,-,-,-,-,-,-,4526(1),-,-,-,-
GUJ Govt-AllGujStud.,GQ-ST,Gujarat,"MP Shah, Jamnagar",ANATOMY,"₹30,000*","₹1,00,800",0*,₹0*,1250,-,-,-,-,-,-,-,4531(1),-,-,-,-
GUJ Govt-AllGujStud.,GQ-ST,Gujarat,"Surat Municipal, Surat",ENT,"₹18,64,000*","₹84,000*",0,₹0,750,-,4407(1),4407(1),-,-,-,-,4533(1),-,-,-,-
GUJ Govt-AllGujStud.,GQ-SC,Gujarat,"AMCET, Ahmedabad",PHYSIOLOGY,"₹9,67,000*","₹1,00,800*",0,₹0,1050,-,-,-,-,-,-,-,4536(1),-,-,-,-
GUJ Govt-AllGujStud.,GQ-SE-PH,Gujarat,"Govt Med Coll, Surat",OPHTHALMOLOGY,"₹30,000*","₹1,00,800",1*,"₹40,00,000*",1150,-,-,-,-,-,-,-,4552(1),4552(1),-,-,-
GUJ Govt-AllGujStud.,GQ-ST,Gujarat,"Zydus Med Coll & Hosp, Dahod",MICROBIOLOGY,"₹5,000*","₹84,000*",0,₹0,-,4358(1),-,-,-,-,-,-,4554(1),-,-,-,-
GUJ Govt-AllGujStud.,GQ-ST,Gujarat,"AMCET, Ahmedabad",PHARMACOLOGY,"₹9,67,000*","₹1,00,800*",0,₹0,1050,-,-,-,-,-,-,-,4560(1),-,-,-,-
GUJ Govt-AllGujStud.,GQ-ST,Gujarat,"Dr ND Desai FMS & Res, Nadiad",ANAESTHESIOLOGY,"₹25,00,000*","₹84,000*",0,₹0,-,-,-,-,-,-,-,-,4568(1),-,-,-,-
GUJ Govt-AllGujStud.,GQ-SE,Gujarat,"Surat Municipal, Surat",BIOCHEMISTRY,"₹12,50,000*","₹84,000*",0,₹0,750,-,-,-,-,-,-,-,4569(1),-,-,-,-
GUJ Govt-AllGujStud.,GQ-ST,Gujarat,"Surat Municipal, Surat",MICROBIOLOGY,"₹12,50,000*","₹84,000*",0,₹0,750,-,-,-,-,-,-,-,4577(1),-,-,-,-
GUJ Govt-AllGujStud.,GQ-SE,Gujarat,"Parul IMS&R, Vadodara",ANATOMY,"₹1,000*","₹1,00,800*",0,₹0,750,-,-,-,-,-,-,-,4578(1),-,-,-,-
GUJ Govt-AllGujStud.,GQ-ST,Gujarat,"Dr ND Desai FMS & Res, Nadiad",PATHOLOGY,"₹10,00,000*","₹84,000*",0,₹0,-,-,-,-,-,-,-,-,4583(1),-,-,-,-
GUJ Govt-Inst. Pref,UQ-ST,Gujarat,"CU Shah, Surendra Nagar",ENT,"₹13,00,000*","₹84,000*",0,₹0,590,-,-,-,-,-,-,-,4594(1),-,-,-,-
GUJ Govt-AllGujStud.,GQ-ST,Gujarat,"Govt Med Coll, Bhavnagar",ANATOMY,"₹30,000*","₹1,00,800",0*,₹0*,720,4400(1),-,-,-,-,-,-,4601(1),-,-,-,-
GUJ Govt-AllGujStud.,GQ-SE,Gujarat,"Surat Municipal, Surat",FORENSIC MEDICINE,"₹12,50,000*","₹84,000*",0,₹0,750,-,-,-,-,-,-,-,4633(1),-,-,-,-
GUJ Govt-Inservice,IQ-SE,Gujarat,"MP Shah, Jamnagar",TBRD,"₹30,000*","₹1,00,800",1*,"₹40,00,000*",1250,-,-,-,-,-,-,-,4635(1),-,-,-,-
GUJ Govt-AllGujStud.,GQ-ST,Gujarat,"GMERS, Gotri, Vadodara",SPM,"₹5,72,000*","₹84,000*",0,₹0,730,-,-,-,-,-,-,-,4639(1),-,-,-,-
GUJ Govt-Inst. Pref,UQ-SC,Gujarat,"Pramukhswami Med Coll, Karmsad",GENERAL SURGERY,"₹33,00,000*","₹84,000*",0,₹0,1000,-,-,-,-,-,-,-,4647(1),-,-,-,-
GUJ Govt-AllGujStud.,GQ-ST,Gujarat,"NHL Med Coll, Ahmedabad",SPM,"₹7,93,000*","₹84,000*",0,₹0,2220,4276(1),-,-,-,-,-,-,4651(1),-,-,-,-
GUJ Govt-AllGujStud.,GQ-ST,Gujarat,"Shantabaa Medical Coll, Amreli",SPM,"₹1,00,000","₹84,000*",0,₹0,-,-,-,-,-,-,-,-,4658(1),-,-,-,-
GUJ Govt-AllGujStud.,GQ-OP,Gujarat,"Surat Municipal, Surat",BIOCHEMISTRY,"₹12,50,000*","₹84,000*",0,₹0,750,3904(1),-,5019(3),4839(2),-,-,-,-,-,-,4897(1),-
GUJ Govt-AllGujStud.,GQ-OP,Gujarat,"Surat Municipal, Surat",PHYSIOLOGY,"₹12,50,000*","₹84,000*",0,₹0,750,-,-,5016(1),4831(1),-,-,-,-,-,-,5005(1),-
GUJ Govt-AllGujStud.,GQ-OP,Gujarat,"NHL Med Coll, Ahmedabad",ANATOMY,"₹7,93,000*","₹84,000*",0,₹0,2220,-,-,-,-,-,-,-,-,-,-,5025(1),-
GUJ Govt-AllGujStud.,GQ-OP,Gujarat,"AMCET, Ahmedabad",PHYSIOLOGY,"₹9,67,000*","₹1,00,800*",0,₹0,1050,-,-,5054(2),5051(2),-,-,6014(1),3727(1),-,-,5042(4),5085(2)
GUJ Govt-Inst. Pref,UQ-OP,Gujarat,"BJMC, Ahmedabad",DERMATOLOGY,"₹30,000*","₹1,00,800",1*,"₹40,00,000*",1557,40(1),40(1),40(1),-,-,-,-,-,-,-,-,-
GUJ Govt-AllGujStud.,GQ-EW,Gujarat,"BJMC, Ahmedabad",RADIO DIAGNOSIS,"₹30,000*","₹1,00,800",1*,"₹40,00,000*",1557,38(1),42(1),42(1),-,-,-,-,-,-,-,-,-
GUJ Govt-Inst. Pref,UQ-OP,Gujarat,"MP Shah, Jamnagar",RADIO DIAGNOSIS,"₹30,000*","₹1,00,800",1*,"₹40,00,000*",1250,42(1),72(1),72(1),-,-,-,-,-,-,-,-,-
GUJ Govt-AllGujStud.,GQ-OP,Gujarat,"BJMC, Ahmedabad",DERMATOLOGY,"₹30,000*","₹1,00,800",1*,"₹40,00,000*",1557,68(3),109(3),109(3),-,-,-,-,-,-,-,-,-
GUJ Govt-AllGujStud.,GQ-EW,Gujarat,"MP Shah, Jamnagar",RADIO DIAGNOSIS,"₹30,000*","₹1,00,800",1*,"₹40,00,000*",1250,64(1),118(1),122(1),-,-,-,-,-,-,-,-,-
GUJ Govt-AllGujStud.,GQ-EW,Gujarat,"MP Shah, Jamnagar",GENERAL MEDICINE,"₹30,000*","₹1,00,800",1*,"₹40,00,000*",1250,66(1),119(1),126(1),-,-,-,-,-,-,-,-,-
GUJ Govt-AllGujStud.,GQ-OP,Gujarat,"GMERS, Sola",DERMATOLOGY,"₹10,00,000*","₹84,000*",0,₹0,900,100(1),150(1),150(1),-,-,-,-,-,-,-,-,-
GUJ Govt-AllGujStud.,GQ-EW,Gujarat,"BJMC, Ahmedabad",GENERAL MEDICINE,"₹30,000*","₹1,00,800",1*,"₹40,00,000*",1557,47(1),47(1),156(1),-,-,-,-,-,-,-,-,-
GUJ Govt-AllGujStud.,GQ-EW,Gujarat,"Govt Med Coll, Surat",GENERAL MEDICINE,"₹30,000*","₹1,00,800",1*,"₹40,00,000*",1150,80(1),129(1),161(1),-,-,-,-,-,-,-,-,-
GUJ Govt-Inst. Pref,UQ-OP,Gujarat,"MP Shah, Jamnagar",DERMATOLOGY,"₹30,000*","₹1,00,800",1*,"₹40,00,000*",1250,72(1),173(1),173(1),-,-,-,-,-,-,-,-,-
GUJ Govt-Inst. Pref,UQ-OP,Gujarat,"Govt Med Coll, Bhavnagar",GENERAL MEDICINE,"₹30,000*","₹1,00,800",1*,"₹40,00,000*",720,138(1),138(1),189(1),-,-,-,-,-,-,-,-,-
GUJ Govt-Inst. Pref,UQ-OP,Gujarat,"BJMC, Ahmedabad",OBG,"₹30,000*","₹1,00,800",1*,"₹40,00,000*",1557,90(2),202(2),202(2),-,-,-,-,-,-,-,-,-
GUJ Govt-Inst. Pref,UQ-OP,Gujarat,"Medical College, Baroda",OBG,"₹30,000*","₹1,00,800",1*,"₹40,00,000*",1250,216(1),221(1),221(1),-,-,-,-,-,-,-,-,-
GUJ Govt-Inst. Pref,UQ-SE,Gujarat,"Govt Med Coll, Surat",RADIO DIAGNOSIS,"₹30,000*","₹1,00,800",1*,"₹40,00,000*",1150,223(1),223(1),223(1),-,-,-,-,-,-,-,-,-
GUJ Govt-AllGujStud.,GQ-OP,Gujarat,"AMCET, Ahmedabad",DERMATOLOGY,"₹9,67,000*","₹1,00,800*",0,₹0,1050,198(2),235(2),235(2),-,-,-,-,-,-,-,-,-
GUJ Govt-Inst. Pref,UQ-OP,Gujarat,"AMCET, Ahmedabad",DERMATOLOGY,"₹9,67,000*","₹1,00,800*",0,₹0,1050,150(1),250(1),250(1),-,-,-,-,-,-,-,-,-
GUJ Mgmt Quota,MQ-MQ,Gujarat,"GMERS, Sola",DERMATOLOGY,"₹15,00,000*","₹84,000*",0,₹0,900,160(1),289(2),289(2),-,-,-,-,-,-,-,-,-
GUJ Govt-Inst. Pref,UQ-EW,Gujarat,"NHL Med Coll, Ahmedabad",DERMATOLOGY,"₹7,93,000*","₹84,000*",0,₹0,2220,291(1),291(1),291(1),-,-,-,-,-,-,-,-,-
GUJ Govt-Inst. Pref,UQ-SE,Gujarat,"Govt Med Coll, Surat",GENERAL MEDICINE,"₹30,000*","₹1,00,800",1*,"₹40,00,000*",1150,294(1),294(1),294(1),-,-,-,-,-,-,-,-,-
GUJ Govt-Inst. Pref,UQ-SE,Gujarat,"PDU Med Coll, Rajkot",RADIO DIAGNOSIS,"₹30,000*","₹1,00,800",1*,"₹40,00,000*",750,297(1),297(1),297(1),-,-,-,-,-,-,-,-,-
GUJ Govt-AllGujStud.,GQ-SE,Gujarat,"Govt Med Coll, Bhavnagar",DERMATOLOGY,"₹30,000*","₹1,00,800",1*,"₹40,00,000*",720,195(1),195(1),320(1),-,-,-,-,-,-,-,-,-
GUJ Govt-AllGujStud.,GQ-SE,Gujarat,"Govt Med Coll, Bhavnagar",RADIO DIAGNOSIS,"₹30,000*","₹1,00,800",1*,"₹40,00,000*",720,324(1),324(1),324(1),-,-,-,-,-,-,-,-,-
GUJ Govt-AllGujStud.,GQ-EW,Gujarat,"Surat Municipal, Surat",RADIO DIAGNOSIS,"₹18,64,000*","₹84,000*",0,₹0,750,330(1),330(1),330(1),-,-,-,-,-,-,-,-,-
GUJ Govt-AllGujStud.,GQ-OP,Gujarat,"GMERS, Gotri, Vadodara",DERMATOLOGY,"₹10,00,000*","₹84,000*",0,₹0,730,203(1),331(1),331(1),-,-,-,-,-,-,-,-,-
GUJ Govt-Inst. Pref,UQ-SE,Gujarat,"PDU Med Coll, Rajkot",GENERAL MEDICINE,"₹30,000*","₹1,00,800",1*,"₹40,00,000*",750,339(1),339(1),339(1),-,-,-,-,-,-,-,-,-
GUJ Govt-Inst. Pref,UQ-SE,Gujarat,"BJMC, Ahmedabad",ORTHOPAEDICS,"₹30,000*","₹1,00,800",1*,"₹40,00,000*",1557,366(1),366(1),366(1),-,-,-,-,-,-,-,-,-
GUJ Govt-Inst. Pref,UQ-SE,Gujarat,"AMCET, Ahmedabad",RADIO DIAGNOSIS,"₹9,67,000*","₹1,00,800*",0,₹0,1050,384(1),384(1),384(1),-,-,-,-,-,-,-,-,-
GUJ Mgmt Quota,MQ-MQ,Gujarat,"AMCET, Ahmedabad",RADIO DIAGNOSIS,"₹33,00,000*","₹1,00,800*",0,₹0,1050,427(2),427(3),427(3),-,-,-,-,-,-,-,-,-
GUJ Govt-AllGujStud.,GQ-SE,Gujarat,"BJMC, Ahmedabad",PSYCHIATRY,"₹30,000*","₹1,00,800",1*,"₹40,00,000*",1557,428(1),428(1),428(1),-,-,-,-,-,-,-,-,-
GUJ Govt-AllGujStud.,GQ-SC,Gujarat,"NHL Med Coll, Ahmedabad",RADIO DIAGNOSIS,"₹7,93,000*","₹84,000*",0,₹0,2220,436(1),436(1),436(1),-,-,-,-,-,-,-,-,-
GUJ Govt-Inst. Pref,UQ-OP,Gujarat,"MP Shah, Jamnagar",ORTHOPAEDICS,"₹30,000*","₹1,00,800",1*,"₹40,00,000*",1250,438(1),438(1),438(1),-,-,-,-,-,-,-,-,-
GUJ Govt-AllGujStud.,GQ-EW,Gujarat,"Medical College, Baroda",PAEDIATRICS,"₹30,000*","₹1,00,800",1*,"₹40,00,000*",1250,193(1),241(1),441(1),-,-,-,-,-,-,-,-,-
GUJ Govt-Inst. Pref,UQ-EW,Gujarat,"Govt Med Coll, Surat",ORTHOPAEDICS,"₹30,000*","₹1,00,800",1*,"₹40,00,000*",1150,325(1),446(1),446(1),-,-,-,-,-,-,-,-,-
GUJ Govt-AllGujStud.,GQ-OP,Gujarat,"MP Shah, Jamnagar",DMRD,"₹20,000*","₹75,600*",1*,"₹40,00,000*",1250,241(1),230(1),451(1),-,-,-,-,-,-,-,-,-
GUJ Govt-AllGujStud.,GQ-EW,Gujarat,"PDU Med Coll, Rajkot",OBG,"₹30,000*","₹1,00,800",1*,"₹40,00,000*",750,383(1),456(1),456(1),-,-,-,-,-,-,-,-,-
GUJ Govt-AllGujStud.,GQ-OP,Gujarat,"Govt Med Coll, Surat",PSYCHIATRY,"₹30,000*","₹1,00,800",1*,"₹40,00,000*",1150,469(1),469(1),469(1),-,-,-,-,-,-,-,-,-
GUJ Govt-Inst. Pref,UQ-SC,Gujarat,"BJMC, Ahmedabad",RADIO DIAGNOSIS,"₹30,000*","₹1,00,800",1*,"₹40,00,000*",1557,497(1),497(1),497(1),-,-,-,-,-,-,-,-,-
GUJ Govt-AllGujStud.,GQ-EW,Gujarat,"Medical College, Baroda",ORTHOPAEDICS,"₹30,000*","₹1,00,800",1*,"₹40,00,000*",1250,277(1),386(1),508(1),-,-,-,-,-,-,-,-,-
GUJ Govt-AllGujStud.,GQ-OP,Gujarat,"MP Shah, Jamnagar",OBG,"₹30,000*","₹1,00,800",1*,"₹40,00,000*",1250,361(2),452(2),509(2),-,-,-,-,-,-,-,-,-
GUJ Govt-AllGujStud.,GQ-SC,Gujarat,"Medical College, Baroda",DERMATOLOGY,"₹30,000*","₹1,00,800",1*,"₹40,00,000*",1250,164(1),512(1),512(1),-,-,-,-,-,-,-,-,-
GUJ Govt-Inst. Pref,UQ-EW,Gujarat,"Medical College, Baroda",ORTHOPAEDICS,"₹30,000*","₹1,00,800",1*,"₹40,00,000*",1250,484(1),513(1),513(1),-,-,-,-,-,-,-,-,-
GUJ Govt-AllGujStud.,GQ-SE,Gujarat,"GCS Med Coll, Ahmedabad",RADIO DIAGNOSIS,"₹29,00,000*","₹84,000*",0,₹0,750,529(1),529(1),529(1),-,-,-,-,-,-,-,-,-
GUJ Govt-AllGujStud.,GQ-EW,Gujarat,"Govt Med Coll, Surat",OBG,"₹30,000*","₹1,00,800",1*,"₹40,00,000*",1150,379(1),474(1),547(1),-,-,-,-,-,-,-,-,-
GUJ Govt-AllGujStud.,GQ-SC,Gujarat,"Medical College, Baroda",GENERAL MEDICINE,"₹30,000*","₹1,00,800",1*,"₹40,00,000*",1250,249(1),580(1),580(1),-,-,-,-,-,-,-,-,-
GUJ Govt-Inst. Pref,UQ-SE,Gujarat,"MP Shah, Jamnagar",PAEDIATRICS,"₹30,000*","₹1,00,800",1*,"₹40,00,000*",1250,582(1),582(1),498(1),-,-,-,-,-,-,-,-,-
GUJ Govt-Inst. Pref,UQ-OP,Gujarat,"CU Shah, Surendra Nagar",GENERAL MEDICINE,"₹27,00,000*","₹84,000*",0,₹0,590,450(2),466(2),584(2),-,-,-,-,-,-,-,-,-
GUJ Govt-Inst. Pref,UQ-OP,Gujarat,"AMCET, Ahmedabad",PSYCHIATRY,"₹9,67,000*","₹1,00,800*",0,₹0,1050,585(1),585(1),585(1),-,-,-,-,-,-,-,-,-
GUJ Govt-AllGujStud.,GQ-SE,Gujarat,"MP Shah, Jamnagar",DMRD,"₹20,000*","₹75,600*",1*,"₹40,00,000*",1250,532(1),594(1),594(1),-,-,-,-,-,-,-,-,-
GUJ Govt-Inst. Pref,UQ-OP,Gujarat,"PDU Med Coll, Rajkot",ORTHOPAEDICS,"₹30,000*","₹1,00,800",1*,"₹40,00,000*",750,442(1),451(1),595(1),-,-,-,-,-,-,-,-,-
GUJ Govt-Inst. Pref,UQ-SE,Gujarat,"GCS Med Coll, Ahmedabad",GENERAL MEDICINE,"₹21,00,000*","₹84,000*",0,₹0,750,444(1),602(1),602(1),-,-,-,-,-,-,-,-,-
GUJ Govt-AllGujStud.,GQ-OP,Gujarat,"MP Shah, Jamnagar",ORTHOPAEDICS,"₹30,000*","₹1,00,800",1*,"₹40,00,000*",1250,287(1),442(2),610(2),-,-,-,-,-,-,-,-,-
GUJ Govt-Inst. Pref,UQ-EW,Gujarat,"Surat Municipal, Surat",RADIO DIAGNOSIS,"₹18,64,000*","₹84,000*",0,₹0,750,392(1),392(1),621(1),-,-,-,-,-,-,-,-,-
GUJ Govt-Inst. Pref,UQ-OP,Gujarat,"NHL Med Coll, Ahmedabad",PAEDIATRICS,"₹7,93,000*","₹84,000*",0,₹0,2220,391(1),472(1),633(1),-,-,-,-,-,-,-,-,-
GUJ Govt-Inst. Pref,UQ-OP,Gujarat,"GMERS, Sola",OBG,"₹11,25,000*","₹84,000*",0,₹0,900,461(1),638(1),638(1),-,-,-,-,-,-,-,-,-
GUJ Govt-Inst. Pref,UQ-OP,Gujarat,"Dr MK Shah Med Coll, Ahmedabad",GENERAL MEDICINE,"₹25,00,000*","₹84,000*",0,₹0,350,521(1),667(1),667(1),-,-,-,-,-,-,-,-,-
GUJ Govt-AllGujStud.,GQ-OP,Gujarat,"BJMC, Ahmedabad",TBRD,"₹30,000*","₹1,00,800",1*,"₹40,00,000*",1557,255(2),661(3),680(3),-,-,-,-,-,-,-,-,-
GUJ Govt-Inst. Pref,UQ-EW,Gujarat,"MP Shah, Jamnagar",GENERAL SURGERY,"₹30,000*","₹1,00,800",1*,"₹40,00,000*",1250,702(1),702(1),702(1),-,-,-,-,-,-,-,-,-
GUJ Govt-AllGujStud.,GQ-OP,Gujarat,"PDU Med Coll, Rajkot",PSYCHIATRY,"₹30,000*","₹1,00,800",1*,"₹40,00,000*",750,472(2),558(2),710(2),-,-,-,-,-,-,-,-,-
GUJ Govt-Inst. Pref,UQ-SE,Gujarat,"Govt Med Coll, Surat",PAEDIATRICS,"₹30,000*","₹1,00,800",1*,"₹40,00,000*",1150,721(1),721(1),721(1),-,-,-,-,-,-,-,-,-
GUJ Govt-AllGujStud.,GQ-OP,Gujarat,"Dr MK Shah Med Coll, Ahmedabad",RADIO DIAGNOSIS,"₹33,00,000*","₹84,000*",0,₹0,350,723(1),732(1),732(1),-,-,-,-,-,-,-,-,-
GUJ Govt-Inst. Pref,UQ-SE,Gujarat,"AMCET, Ahmedabad",PAEDIATRICS,"₹9,67,000*","₹1,00,800*",0,₹0,1050,541(1),541(1),734(1),-,-,-,-,-,-,-,-,-
GUJ Govt-AllGujStud.,GQ-OP,Gujarat,"Govt Med Coll, Bhavnagar",PSYCHIATRY,"₹30,000*","₹1,00,800",1*,"₹40,00,000*",720,553(1),736(1),750(1),-,-,-,-,-,-,-,-,-
GUJ Govt-AllGujStud.,GQ-OP,Gujarat,"MP Shah, Jamnagar",PSYCHIATRY,"₹30,000*","₹1,00,800",1*,"₹40,00,000*",1250,544(1),710(1),769(1),-,-,-,-,-,-,-,-,-
GUJ Govt-AllGujStud.,GQ-EW,Gujarat,"GMERS, Sola",OBG,"₹11,25,000*","₹84,000*",0,₹0,900,547(1),709(1),778(1),-,-,-,-,-,-,-,-,-
GUJ Govt-Inst. Pref,UQ-OP,Gujarat,"BJMC, Ahmedabad",PALLIATIVE MEDICINE,"₹30,000*","₹1,00,800",1*,"₹40,00,000*",1557,785(1),785(1),785(1),-,-,-,-,-,-,-,-,-
GUJ Govt-AllGujStud.,GQ-OP,Gujarat,"GCS Med Coll, Ahmedabad",OBG,"₹18,00,000*","₹84,000*",0,₹0,750,749(1),749(1),794(1),-,-,-,-,-,-,-,-,-
GUJ Govt-AllGujStud.,GQ-SE,Gujarat,"PDU Med Coll, Rajkot",DDVL,"₹20,000*","₹75,600*",1*,"₹40,00,000*",750,429(1),511(1),802(1),-,-,-,-,-,-,-,-,-
GUJ Govt-Inst. Pref,UQ-OP,Gujarat,"BJMC, Ahmedabad",EMERGENCY MEDICINE,"₹30,000*","₹1,00,800",1*,"₹40,00,000*",1557,433(1),756(1),809(1),-,-,-,-,-,-,-,-,-
GUJ Govt-Inst. Pref,UQ-SE,Gujarat,"MP Shah, Jamnagar",OBG,"₹30,000*","₹1,00,800",1*,"₹40,00,000*",1250,614(1),811(1),811(1),-,-,-,-,-,-,-,-,-
GUJ Govt-AllGujStud.,GQ-OP,Gujarat,"Govt Med Coll, Surat",OPHTHALMOLOGY,"₹30,000*","₹1,00,800",1*,"₹40,00,000*",1150,625(2),820(2),820(2),-,-,-,-,-,-,-,-,-
GUJ Govt-AllGujStud.,GQ-OP,Gujarat,"PDU Med Coll, Rajkot",OPHTHALMOLOGY,"₹30,000*","₹1,00,800",1*,"₹40,00,000*",750,-,823(1),823(1),-,-,-,-,-,-,-,-,-
GUJ Govt-AllGujStud.,GQ-SE,Gujarat,"Medical College, Baroda",TBRD,"₹30,000*","₹1,00,800",1*,"₹40,00,000*",1250,543(1),775(1),826(1),-,-,-,-,-,-,-,-,-
GUJ Govt-Inst. Pref,UQ-OP,Gujarat,"Govt Med Coll, Bhavnagar",TBRD,"₹30,000*","₹1,00,800",1*,"₹40,00,000*",720,419(1),841(1),753(1),-,-,-,-,-,-,-,-,-
GUJ Mgmt Quota,MQ-MQ,Gujarat,"Dr MK Shah Med Coll, Ahmedabad",DERMATOLOGY,"₹30,00,000*","₹84,000*",0,₹0,350,-,821(1),843(1),-,-,-,-,-,-,-,-,-
GUJ Govt-AllGujStud.,GQ-OP,Gujarat,"BJMC, Ahmedabad",ENT,"₹30,000*","₹1,00,800",1*,"₹40,00,000*",1557,693(3),753(3),851(3),-,-,-,-,-,-,-,-,-
GUJ Govt-AllGujStud.,GQ-EW,Gujarat,"Govt Med Coll, Bhavnagar",ORTHOPAEDICS,"₹30,000*","₹1,00,800",1*,"₹40,00,000*",720,-,611(1),853(1),-,-,-,-,-,-,-,-,-
GUJ Govt-AllGujStud.,GQ-OP,Gujarat,"Zydus Med Coll & Hosp, Dahod",RADIO DIAGNOSIS,"₹35,20,000*","₹84,000*",0,₹0,-,530(2),530(2),872(2),-,-,-,-,-,-,-,-,-
GUJ Govt-AllGujStud.,GQ-ST,Gujarat,"PDU Med Coll, Rajkot",RADIO DIAGNOSIS,"₹30,000*","₹1,00,800",1*,"₹40,00,000*",750,873(1),873(1),873(1),-,-,-,-,-,-,-,-,-
GUJ Govt-AllGujStud.,GQ-OP,Gujarat,"Dr MK Shah Med Coll, Ahmedabad",TBRD,"₹11,50,000*","₹84,000*",0,₹0,350,754(1),787(1),884(1),-,-,-,-,-,-,-,-,-
GUJ Govt-Inst. Pref,UQ-OP,Gujarat,"Govt Med Coll, Bhavnagar",GENERAL SURGERY,"₹30,000*","₹1,00,800",1*,"₹40,00,000*",720,643(1),882(1),906(1),-,-,-,-,-,-,-,-,-
GUJ Govt-Inst. Pref,UQ-EW,Gujarat,"AMCET, Ahmedabad",GENERAL SURGERY,"₹9,67,000*","₹1,00,800*",0,₹0,1050,615(1),912(1),912(1),-,-,-,-,-,-,-,-,-
GUJ Govt-AllGujStud.,GQ-EW,Gujarat,"GMERS, Gotri, Vadodara",TBRD,"₹8,75,000*","₹84,000*",0,₹0,730,677(1),774(1),929(1),-,-,-,-,-,-,-,-,-
GUJ Govt-AllGujStud.,GQ-EW,Gujarat,"Surat Municipal, Surat",OBG,"₹18,64,000*","₹84,000*",0,₹0,750,766(1),778(1),934(1),-,-,-,-,-,-,-,-,-
GUJ Govt-AllGujStud.,GQ-EW,Gujarat,"GCS Med Coll, Ahmedabad",GENERAL SURGERY,"₹15,00,000*","₹84,000*",0,₹0,750,738(1),906(1),935(1),-,-,-,-,-,-,-,-,-
GUJ Govt-AllGujStud.,GQ-OP,Gujarat,"Pramukhswami Med Coll, Karmsad",DERMATOLOGY,"₹34,00,000*","₹84,000*",0,₹0,1000,649(2),936(2),936(2),-,-,-,-,-,-,-,-,-
GUJ Govt-AllGujStud.,GQ-EW,Gujarat,"PDU Med Coll, Rajkot",DCH,"₹20,000*","₹75,600*",1*,"₹40,00,000*",750,607(1),666(1),939(1),-,-,-,-,-,-,-,-,-
GUJ Govt-AllGujStud.,GQ-OP,Gujarat,"Pramukhswami Med Coll, Karmsad",RADIO DIAGNOSIS,"₹46,00,000*","₹84,000*",0,₹0,1000,719(1),945(1),959(1),-,-,-,-,-,-,-,-,-
GUJ Govt-AllGujStud.,GQ-SE,Gujarat,"NHL Med Coll, Ahmedabad",TBRD,"₹7,93,000*","₹84,000*",0,₹0,2220,895(1),965(1),965(1),-,-,-,-,-,-,-,-,-
GUJ Govt-Inst. Pref,UQ-SE,Gujarat,"Medical College, Baroda",ENT,"₹30,000*","₹1,00,800",1*,"₹40,00,000*",1250,974(1),974(1),974(1),-,-,-,-,-,-,-,-,-
GUJ Govt-Inst. Pref,UQ-OP,Gujarat,"Govt Med Coll, Surat",ANAESTHESIOLOGY,"₹30,000*","₹1,00,800",1*,"₹40,00,000*",1150,985(1),985(1),985(1),-,-,-,-,-,-,-,-,-
GUJ Govt-Inst. Pref,UQ-OP,Gujarat,"Adani Institute, Bhuj",RADIO DIAGNOSIS,"₹33,00,000*","₹84,000*",0,₹0,750,817(1),996(1),996(1),-,-,-,-,-,-,-,-,-
GUJ Govt-AllGujStud.,GQ-EW,Gujarat,"MP Shah, Jamnagar",DGO,"₹20,000*","₹75,600*",1*,"₹40,00,000*",1250,-,927(1),1022(1),-,-,-,-,-,-,-,-,-
GUJ Govt-Inst. Pref,UQ-OP,Gujarat,"Govt Med Coll, Bhavnagar",PSYCHIATRY,"₹30,000*","₹1,00,800",1*,"₹40,00,000*",720,743(1),1023(1),743(1),-,-,-,-,-,-,-,-,-
GUJ Govt-Inst. Pref,UQ-EW,Gujarat,"NHL Med Coll, Ahmedabad",ORTHOPAEDICS,"₹7,93,000*","₹84,000*",0,₹0,2220,672(1),1048(1),1048(1),-,-,-,-,-,-,-,-,-
GUJ Govt-Inst. Pref,UQ-OP,Gujarat,"Surat Municipal, Surat",ORTHOPAEDICS,"₹18,64,000*","₹84,000*",0,₹0,750,830(1),830(1),1075(1),-,-,-,-,-,-,-,-,-
GUJ Govt-Inst. Pref,UQ-OP,Gujarat,"CU Shah, Surendra Nagar",PAEDIATRICS,"₹25,00,000*","₹84,000*",0,₹0,590,971(1),1020(1),1078(1),-,-,-,-,-,-,-,-,-
GUJ Govt-Inst. Pref,UQ-SE,Gujarat,"GMERS, Gotri, Vadodara",TBRD,"₹8,75,000*","₹84,000*",0,₹0,730,1079(1),1079(1),1079(1),-,-,-,-,-,-,-,-,-
GUJ Govt-AllGujStud.,GQ-EW,Gujarat,"Adani Institute, Bhuj",DERMATOLOGY,"₹35,00,000*","₹84,000*",0,₹0,750,1089(1),1089(1),1089(1),-,-,-,-,-,-,-,-,-
GUJ Govt-AllGujStud.,GQ-SE,Gujarat,"NHL Med Coll, Ahmedabad",PSYCHIATRY,"₹7,93,000*","₹84,000*",0,₹0,2220,1096(1),940(1),940(1),-,-,-,-,-,-,-,-,-
GUJ Govt-AllGujStud.,GQ-SE,Gujarat,"GMERS, Sola",PSYCHIATRY,"₹8,75,000*","₹84,000*",0,₹0,900,1118(1),1118(1),1118(1),-,-,-,-,-,-,-,-,-
GUJ Govt-AllGujStud.,GQ-EW,Gujarat,"GMERS, Gotri, Vadodara",PSYCHIATRY,"₹8,75,000*","₹84,000*",0,₹0,730,838(1),1121(1),1121(1),-,-,-,-,-,-,-,-,-
GUJ Govt-AllGujStud.,GQ-OP,Gujarat,"Govt Med Coll, Surat",ENT,"₹30,000*","₹1,00,800",1*,"₹40,00,000*",1150,761(1),761(1),1148(1),-,-,-,-,-,-,-,-,-
GUJ Mgmt Quota,MQ-MQ,Gujarat,"GCS Med Coll, Ahmedabad",OBG,"₹29,00,000*","₹84,000*",0,₹0,750,794(1),794(1),1149(1),-,-,-,-,-,-,-,-,-
GUJ Govt-Inst. Pref,UQ-SE,Gujarat,"Adani Institute, Bhuj",GENERAL MEDICINE,"₹30,00,000*","₹84,000*",0,₹0,750,1181(1),1181(1),1181(1),-,-,-,-,-,-,-,-,-
GUJ Govt-AllGujStud.,GQ-SE,Gujarat,"AMCET, Ahmedabad",EMERGENCY MEDICINE,"₹9,67,000*","₹1,00,800*",0,₹0,1050,1046(1),1050(1),1187(1),-,-,-,-,-,-,-,-,-
GUJ Govt-Inst. Pref,UQ-SC,Gujarat,"NHL Med Coll, Ahmedabad",GENERAL MEDICINE,"₹7,93,000*","₹84,000*",0,₹0,2220,531(1),982(1),1192(1),-,-,-,-,-,-,-,-,-
GUJ Govt-AllGujStud.,GQ-EW,Gujarat,"Adani Institute, Bhuj",TBRD,"₹12,00,000*","₹84,000*",0,₹0,750,680(1),929(1),1206(1),-,-,-,-,-,-,-,-,-
GUJ Govt-Inst. Pref,UQ-OP,Gujarat,"Adani Institute, Bhuj",PAEDIATRICS,"₹27,00,000*","₹84,000*",0,₹0,750,996(1),1238(1),1238(1),-,-,-,-,-,-,-,-,-
GUJ Govt-AllGujStud.,GQ-SE,Gujarat,"AMCET, Ahmedabad",PSYCHIATRY,"₹9,67,000*","₹1,00,800*",0,₹0,1050,943(1),903(1),1242(1),-,-,-,-,-,-,-,-,-
GUJ Govt-Inst. Pref,UQ-OP,Gujarat,"CU Shah, Surendra Nagar",OBG,"₹25,00,000*","₹84,000*",0,₹0,590,1249(1),1249(1),1249(1),-,-,-,-,-,-,-,-,-
GUJ Govt-AllGujStud.,GQ-EW,Gujarat,"Surat Municipal, Surat",ORTHOPAEDICS,"₹18,64,000*","₹84,000*",0,₹0,750,887(1),1032(1),1279(1),-,-,-,-,-,-,-,-,-
GUJ Mgmt Quota,MQ-MQ,Gujarat,"Dr MK Shah Med Coll, Ahmedabad",TBRD,-,-,-,-,350,884(1),884(1),1281(1),-,-,-,-,-,-,-,-,-
GUJ Govt-Inst. Pref,UQ-OP,Gujarat,"Dr MK Shah Med Coll, Ahmedabad",PAEDIATRICS,"₹23,00,000*","₹84,000*",0,₹0,350,727(1),752(1),1293(1),-,-,-,-,-,-,-,-,-
GUJ Govt-AllGujStud.,GQ-SE,Gujarat,"MP Shah, Jamnagar",ENT,"₹30,000*","₹1,00,800",1*,"₹40,00,000*",1250,879(1),1053(1),1294(1),-,-,-,-,-,-,-,-,-
GUJ Govt-Inst. Pref,UQ-OP,Gujarat,"MP Shah, Jamnagar",PSYCHIATRY,"₹30,000*","₹1,00,800",1*,"₹40,00,000*",1250,686(1),686(1),1301(1),-,-,-,-,-,-,-,-,-
GUJ Govt-Inst. Pref,UQ-SE,Gujarat,"Surat Municipal, Surat",DERMATOLOGY,"₹18,64,000*","₹84,000*",0,₹0,750,648(1),648(1),1308(1),-,-,-,-,-,-,-,-,-
GUJ Govt-AllGujStud.,GQ-EW,Gujarat,"Adani Institute, Bhuj",EMERGENCY MEDICINE,"₹15,00,000*","₹84,000*",0,₹0,750,1210(1),1338(1),1338(1),-,-,-,-,-,-,-,-,-
GUJ Govt-AllGujStud.,GQ-OP,Gujarat,"Dr MK Shah Med Coll, Ahmedabad",ORTHOPAEDICS,"₹25,00,000*","₹84,000*",0,₹0,350,1032(2),1080(2),1344(2),-,-,-,-,-,-,-,-,-
GUJ Govt-Inst. Pref,UQ-SE,Gujarat,"Dr MK Shah Med Coll, Ahmedabad",GENERAL MEDICINE,"₹25,00,000*","₹84,000*",0,₹0,350,997(1),997(1),1352(1),-,-,-,-,-,-,-,-,-
GUJ Govt-AllGujStud.,GQ-OP,Gujarat,"Parul IMS&R, Vadodara",PSYCHIATRY,"₹14,00,000*","₹1,00,800*",0,₹0,750,914(1),1353(1),1353(1),-,-,-,-,-,-,-,-,-
GUJ Govt-AllGujStud.,GQ-SC,Gujarat,"Medical College, Baroda",OBG,"₹30,000*","₹1,00,800",1*,"₹40,00,000*",1250,744(1),1366(1),1366(1),-,-,-,-,-,-,-,-,-
GUJ Govt-Inst. Pref,UQ-OP,Gujarat,"Surat Municipal, Surat",TBRD,"₹18,64,000*","₹84,000*",0,₹0,750,1217(1),988(1),1369(1),-,-,-,-,-,-,-,-,-
GUJ Govt-AllGujStud.,GQ-EW,Gujarat,"Medical College, Baroda",ANAESTHESIOLOGY,"₹30,000*","₹1,00,800",1*,"₹40,00,000*",1250,892(1),1156(1),1377(1),-,-,-,-,-,-,-,-,-
GUJ Govt-Inst. Pref,UQ-OP,Gujarat,"GCS Med Coll, Ahmedabad",TBRD,"₹21,00,000*","₹84,000*",0,₹0,750,904(1),1293(1),1380(1),-,-,-,-,-,-,-,-,-
GUJ Govt-Inst. Pref,UQ-SE,Gujarat,"Medical College, Baroda",ANAESTHESIOLOGY,"₹30,000*","₹1,00,800",1*,"₹40,00,000*",1250,1383(1),1383(1),1383(1),-,-,-,-,-,-,-,-,-
GUJ Govt-Inst. Pref,UQ-SC,Gujarat,"Govt Med Coll, Surat",RADIO DIAGNOSIS,"₹30,000*","₹1,00,800",1*,"₹40,00,000*",1150,1384(1),1384(1),1384(1),-,-,-,-,-,-,-,-,-
GUJ Govt-Inst. Pref,UQ-OP,Gujarat,"PDU Med Coll, Rajkot",DGO,"₹20,000*","₹75,600*",1*,"₹40,00,000*",750,403(1),1022(1),1385(1),-,-,-,-,-,-,-,-,-
GUJ Govt-Inst. Pref,UQ-SC,Gujarat,"BJMC, Ahmedabad",PAEDIATRICS,"₹30,000*","₹1,00,800",1*,"₹40,00,000*",1557,982(1),1192(1),1399(1),-,-,-,-,-,-,-,-,-
GUJ Govt-AllGujStud.,GQ-SC,Gujarat,"Medical College, Baroda",PSYCHIATRY,"₹30,000*","₹1,00,800",1*,"₹40,00,000*",1250,1438(1),1438(1),1438(1),-,-,-,-,-,-,-,-,-
GUJ Govt-AllGujStud.,GQ-EW,Gujarat,"GMERS, Gandhinagar",ENT,"₹8,75,000*","₹84,000*",0,₹0,980,1170(1),1441(1),1441(1),-,-,-,-,-,-,-,-,-
GUJ Govt-Inst. Pref,UQ-SE,Gujarat,"BJMC, Ahmedabad",RADIATION ONCOLOGY,"₹30,000*","₹1,00,800",1*,"₹40,00,000*",1557,1444(1),1444(1),1444(1),-,-,-,-,-,-,-,-,-
GUJ Govt-AllGujStud.,GQ-OP,Gujarat,"GCS Med Coll, Ahmedabad",EMERGENCY MEDICINE,"₹15,00,000*","₹84,000*",0,₹0,750,976(1),976(1),1445(1),-,-,-,-,-,-,-,-,-
GUJ Govt-Inst. Pref,UQ-SE,Gujarat,"GCS Med Coll, Ahmedabad",OBG,"₹18,00,000*","₹84,000*",0,₹0,750,1305(1),1122(1),1455(1),-,-,-,-,-,-,-,-,-
GUJ Govt-Inst. Pref,UQ-EW,Gujarat,"Surat Municipal, Surat",GENERAL SURGERY,"₹18,64,000*","₹84,000*",0,₹0,750,1456(1),1456(1),1456(1),-,-,-,-,-,-,-,-,-
GUJ Govt-Inst. Pref,UQ-OP,Gujarat,"GCS Med Coll, Ahmedabad",OPHTHALMOLOGY,"₹11,00,000*","₹84,000*",0,₹0,750,1138(1),1351(1),1459(1),-,-,-,-,-,-,-,-,-
GUJ Govt-AllGujStud.,GQ-SE,Gujarat,"Govt Med Coll, Bhavnagar",ANAESTHESIOLOGY,"₹30,000*","₹1,00,800",1*,"₹40,00,000*",720,1171(1),1319(1),1476(1),-,-,-,-,-,-,-,-,-
GUJ Govt-Inst. Pref,UQ-OP,Gujarat,"BJMC, Ahmedabad",SPM,"₹30,000*","₹1,00,800",0*,₹0*,1557,1480(1),1480(1),1480(1),-,-,-,-,-,-,-,-,-
GUJ Govt-AllGujStud.,GQ-SE,Gujarat,"Medical College, Baroda",OPHTHALMOLOGY,"₹30,000*","₹1,00,800",1*,"₹40,00,000*",1250,967(1),1258(1),1492(1),-,-,-,-,-,-,-,-,-
GUJ Govt-Inst. Pref,UQ-ST,Gujarat,"BJMC, Ahmedabad",OBG,"₹30,000*","₹1,00,800",1*,"₹40,00,000*",1557,1268(1),1494(1),1494(1),-,-,-,-,-,-,-,-,-
GUJ Govt-Inst. Pref,UQ-SE,Gujarat,"Pramukhswami Med Coll, Karmsad",RADIO DIAGNOSIS,"₹46,00,000*","₹84,000*",0,₹0,1000,1501(1),1501(1),1501(1),-,-,-,-,-,-,-,-,-
GUJ Govt-AllGujStud.,GQ-EW,Gujarat,"MP Shah, Jamnagar",ANAESTHESIOLOGY,"₹30,000*","₹1,00,800",1*,"₹40,00,000*",1250,938(1),1165(1),1520(1),-,-,-,-,-,-,-,-,-
GUJ Govt-Inst. Pref,UQ-OP,Gujarat,"GCS Med Coll, Ahmedabad",PSYCHIATRY,"₹20,00,000*","₹84,000*",0,₹0,750,1529(1),1529(1),1529(1),-,-,-,-,-,-,-,-,-
GUJ Govt-AllGujStud.,GQ-SC,Gujarat,"CU Shah, Surendra Nagar",DERMATOLOGY,"₹25,00,000*","₹84,000*",0,₹0,590,1539(1),1539(1),1539(1),-,-,-,-,-,-,-,-,-
GUJ Govt-Inst. Pref,UQ-EW,Gujarat,"GMERS, Sola",ENT,"₹8,75,000*","₹84,000*",0,₹0,900,1148(1),1148(1),1540(1),-,-,-,-,-,-,-,-,-
GUJ Govt-AllGujStud.,GQ-EW,Gujarat,"Surat Municipal, Surat",PSYCHIATRY,"₹18,64,000*","₹84,000*",0,₹0,750,1564(1),1564(1),1564(1),-,-,-,-,-,-,-,-,-
GUJ Govt-AllGujStud.,GQ-EW,Gujarat,"Parul IMS&R, Vadodara",DERMATOLOGY,"₹31,00,000*","₹1,00,800*",0,₹0,750,1576(1),1576(1),1576(1),-,-,-,-,-,-,-,-,-
GUJ Govt-AllGujStud.,GQ-OP,Gujarat,"PDU Med Coll, Rajkot",DO,"₹20,000*","₹75,600*",1*,"₹40,00,000*",750,-,1581(1),1531(1),-,-,-,-,-,-,-,-,-
GUJ Govt-AllGujStud.,GQ-EW,Gujarat,"Adani Institute, Bhuj",PSYCHIATRY,"₹15,00,000*","₹84,000*",0,₹0,750,1603(1),1603(1),1603(1),-,-,-,-,-,-,-,-,-
GUJ Govt-Inst. Pref,UQ-SE,Gujarat,"Surat Municipal, Surat",OBG,"₹18,64,000*","₹84,000*",0,₹0,750,1607(1),1607(1),1607(1),-,-,-,-,-,-,-,-,-
GUJ Govt-Inst. Pref,UQ-OP,Gujarat,"AMCET, Ahmedabad",TBRD,"₹9,67,000*","₹1,00,800*",0,₹0,1050,542(1),633(1),900(1),1610(1),-,-,-,-,-,-,-,-
GUJ Govt-Inst. Pref,UQ-SE,Gujarat,"PDU Med Coll, Rajkot",ENT,"₹30,000*","₹1,00,800",1*,"₹40,00,000*",750,977(1),1627(1),1627(1),-,-,-,-,-,-,-,-,-
GUJ Govt-Inst. Pref,UQ-EW,Gujarat,"Govt Med Coll, Surat",TBRD,"₹30,000*","₹1,00,800",1*,"₹40,00,000*",1150,750(1),750(1),1629(1),-,-,-,-,-,-,-,-,-
GUJ Govt-Inst. Pref,UQ-SE,Gujarat,"GCS Med Coll, Ahmedabad",PAEDIATRICS,"₹19,00,000*","₹84,000*",0,₹0,750,1407(1),1631(1),1031(1),-,-,-,-,-,-,-,-,-
GUJ Govt-AllGujStud.,GQ-SC,Gujarat,"PDU Med Coll, Rajkot",OBG,"₹30,000*","₹1,00,800",1*,"₹40,00,000*",750,828(1),1371(1),1648(1),-,-,-,-,-,-,-,-,-
GUJ Govt-Inst. Pref,UQ-SE,Gujarat,"Govt Med Coll, Surat",PHARMACOLOGY,"₹30,000*","₹1,00,800",0*,₹0*,1150,1649(1),1649(1),1649(1),-,-,-,-,-,-,-,-,-
GUJ Govt-Inst. Pref,UQ-SE,Gujarat,"Govt Med Coll, Surat",ENT,"₹30,000*","₹1,00,800",1*,"₹40,00,000*",1150,1661(1),1661(1),1661(1),-,-,-,-,-,-,-,-,-
GUJ Govt-AllGujStud.,GQ-EW,Gujarat,"Parul IMS&R, Vadodara",RADIO DIAGNOSIS,"₹42,00,000*","₹1,00,800*",0,₹0,750,1664(1),1664(1),1664(1),-,-,-,-,-,-,-,-,-
GUJ Govt-Inst. Pref,UQ-OP,Gujarat,"GMERS, Gotri, Vadodara",ENT,"₹8,75,000*","₹84,000*",0,₹0,730,1321(1),1670(1),1670(1),-,-,-,-,-,-,-,-,-
GUJ Govt-Inst. Pref,UQ-SE,Gujarat,"Govt Med Coll, Bhavnagar",ANAESTHESIOLOGY,"₹30,000*","₹1,00,800",1*,"₹40,00,000*",720,1243(1),1690(1),1690(1),-,-,-,-,-,-,-,-,-
GUJ Govt-AllGujStud.,GQ-SE,Gujarat,"PDU Med Coll, Rajkot",RADIATION ONCOLOGY,"₹30,000*","₹1,00,800",1*,"₹40,00,000*",750,1294(1),1511(1),1693(1),-,-,-,-,-,-,-,-,-
GUJ Govt-AllGujStud.,GQ-SE,Gujarat,"Govt Med Coll, Bhavnagar",OPHTHALMOLOGY,"₹30,000*","₹1,00,800",1*,"₹40,00,000*",720,970(1),1305(1),1695(1),-,-,-,-,-,-,-,-,-
GUJ Govt-Inst. Pref,UQ-SE,Gujarat,"Adani Institute, Bhuj",TBRD,"₹12,00,000*","₹84,000*",0,₹0,750,1701(1),1701(1),1701(1),-,-,-,-,-,-,-,-,-
GUJ Govt-Inst. Pref,UQ-SC,Gujarat,"NHL Med Coll, Ahmedabad",OBG,"₹7,93,000*","₹84,000*",0,₹0,2220,1704(1),1704(1),1704(1),-,-,-,-,-,-,-,-,-
GUJ Govt-AllGujStud.,GQ-EW,Gujarat,"Dr MK Shah Med Coll, Ahmedabad",GENERAL SURGERY,"₹22,00,000*","₹84,000*",0,₹0,350,1299(1),1570(1),1711(1),-,-,-,-,-,-,-,-,-
GUJ Govt-Inst. Pref,UQ-SE,Gujarat,"Pramukhswami Med Coll, Karmsad",OBG,"₹32,00,000*","₹84,000*",0,₹0,1000,1714(1),1714(1),1714(1),-,-,-,-,-,-,-,-,-
GUJ Govt-AllGujStud.,GQ-SC,Gujarat,"Govt Med Coll, Surat",ORTHOPAEDICS,"₹30,000*","₹1,00,800",1*,"₹40,00,000*",1150,805(1),1552(1),1716(1),-,-,-,-,-,-,-,-,-
GUJ Govt-AllGujStud.,GQ-SC,Gujarat,"AMCET, Ahmedabad",ORTHOPAEDICS,"₹9,67,000*","₹1,00,800*",0,₹0,1050,1732(1),1565(1),1582(1),-,-,-,-,-,-,-,-,-
GUJ Govt-AllGujStud.,GQ-SC,Gujarat,"Medical College, Baroda",TBRD,"₹30,000*","₹1,00,800",1*,"₹40,00,000*",1250,1012(1),1732(1),1732(1),-,-,-,-,-,-,-,-,-
GUJ Mgmt Quota,MQ-MQ,Gujarat,"CU Shah, Surendra Nagar",PSYCHIATRY,-,-,-,-,590,-,1738(1),1738(1),-,-,-,-,-,-,-,-,-
GUJ Govt-AllGujStud.,GQ-ST,Gujarat,"GCS Med Coll, Ahmedabad",RADIO DIAGNOSIS,"₹29,00,000*","₹84,000*",0,₹0,750,1743(1),1743(1),1743(1),-,-,-,-,-,-,-,-,-
GUJ Govt-AllGujStud.,GQ-OP,Gujarat,"Pramukhswami Med Coll, Karmsad",ENT,"₹12,00,000*","₹84,000*",0,₹0,1000,1394(1),1408(1),1744(1),-,-,-,-,-,-,-,-,-
GUJ Govt-Inst. Pref,UQ-EW,Gujarat,"BJMC, Ahmedabad",PHYSIOLOGY,"₹30,000*","₹1,00,800",0*,₹0*,1557,1769(1),1769(1),1769(1),-,-,-,-,-,-,-,-,-
GUJ Mgmt Quota,MQ-MQ,Gujarat,"GMERS, Gotri, Vadodara",OPHTHALMOLOGY,-,-,-,-,730,-,1199(1),1772(1),-,-,-,-,-,-,-,-,-
GUJ Govt-AllGujStud.,GQ-ST,Gujarat,"BJMC, Ahmedabad",GENERAL MEDICINE,"₹30,000*","₹1,00,800",1*,"₹40,00,000*",1557,1781(1),1781(1),1781(1),-,-,-,-,-,-,-,-,-
GUJ Govt-Inst. Pref,UQ-OP,Gujarat,"GMERS, Sola",ANAESTHESIOLOGY,"₹11,25,000*","₹84,000*",0,₹0,900,1540(2),1640(2),1720(2),1756(1),1786(1),-,-,-,-,-,-,-
GUJ Mgmt Quota,MQ-MQ,Gujarat,"GMERS, Gandhinagar",ENT,"₹13,13,000*","₹84,000*",0,₹0,980,1370(1),1425(1),1787(1),-,-,-,-,-,-,-,-,-
GUJ Govt-AllGujStud.,GQ-SC,Gujarat,"NHL Med Coll, Ahmedabad",PAEDIATRICS,"₹7,93,000*","₹84,000*",0,₹0,2220,1358(1),1399(1),1801(1),-,-,-,-,-,-,-,-,-
GUJ Govt-Inst. Pref,UQ-OP,Gujarat,"GMERS, Gotri, Vadodara",PSYCHIATRY,"₹8,75,000*","₹84,000*",0,₹0,730,942(2),942(2),1803(2),-,-,-,-,-,-,-,-,-
GUJ Govt-AllGujStud.,GQ-SC,Gujarat,"AMCET, Ahmedabad",OBG,"₹9,67,000*","₹1,00,800*",0,₹0,1050,1648(1),1648(1),1814(1),-,-,-,-,-,-,-,-,-
GUJ Govt-Inst. Pref,UQ-SC,Gujarat,"Surat Municipal, Surat",GENERAL MEDICINE,"₹18,64,000*","₹84,000*",0,₹0,750,1820(1),1820(1),1820(1),-,-,-,-,-,-,-,-,-
GUJ Govt-AllGujStud.,GQ-EW,Gujarat,"Dr MK Shah Med Coll, Ahmedabad",ANAESTHESIOLOGY,"₹16,50,000*","₹84,000*",0,₹0,350,1520(1),1632(1),1824(1),-,-,-,-,-,-,-,-,-
GUJ Govt-AllGujStud.,GQ-OP,Gujarat,"Parul IMS&R, Vadodara",TBRD,"₹21,50,000*","₹1,00,800*",0,₹0,750,-,-,1837(1),-,-,-,-,-,-,-,-,-
GUJ Govt-Inst. Pref,UQ-SE,Gujarat,"CU Shah, Surendra Nagar",ORTHOPAEDICS,"₹25,00,000*","₹84,000*",0,₹0,590,1373(1),1373(1),1846(1),-,-,-,-,-,-,-,-,-
GUJ Govt-Inst. Pref,UQ-SE,Gujarat,"Dr MK Shah Med Coll, Ahmedabad",PSYCHIATRY,"₹13,00,000*","₹84,000*",0,₹0,350,1851(1),1851(1),1851(1),-,-,-,-,-,-,-,-,-
GUJ Govt-Inst. Pref,UQ-SC,Gujarat,"Govt Med Coll, Bhavnagar",OBG,"₹30,000*","₹1,00,800",1*,"₹40,00,000*",720,1864(1),1864(1),1864(1),-,-,-,-,-,-,-,-,-
GUJ Govt-AllGujStud.,GQ-OP,Gujarat,"Parul IMS&R, Vadodara",OBG,"₹30,00,000*","₹1,00,800*",0,₹0,750,1395(1),1395(1),1875(1),-,-,-,-,-,-,-,-,-
GUJ Govt-AllGujStud.,GQ-SC,Gujarat,"Adani Institute, Bhuj",RADIO DIAGNOSIS,"₹33,00,000*","₹84,000*",0,₹0,750,1879(1),1879(1),1879(1),-,-,-,-,-,-,-,-,-
GUJ Mgmt Quota,MQ-MQ,Gujarat,"GCS Med Coll, Ahmedabad",EMERGENCY MEDICINE,-,-,-,-,750,1568(1),1445(1),1883(1),-,-,-,-,-,-,-,-,-
GUJ Mgmt Quota,MQ-MQ,Gujarat,"AMCET, Ahmedabad",ENT,-,-,-,-,1050,1402(1),1548(2),1891(2),-,-,-,-,-,-,-,-,-
GUJ Govt-AllGujStud.,GQ-SC,Gujarat,"GCS Med Coll, Ahmedabad",PAEDIATRICS,"₹19,00,000*","₹84,000*",0,₹0,750,1551(1),1913(1),1913(1),-,-,-,-,-,-,-,-,-
GUJ Govt-Inst. Pref,UQ-SE,Gujarat,"Medical College, Baroda",RADIATION ONCOLOGY,"₹30,000*","₹1,00,800",1*,"₹40,00,000*",1250,1914(1),1914(1),1914(1),-,-,-,-,-,-,-,-,-
GUJ Govt-Inst. Pref,UQ-SC,Gujarat,"Surat Municipal, Surat",GENERAL SURGERY,"₹18,64,000*","₹84,000*",0,₹0,750,1928(1),1945(1),1945(1),-,-,-,-,-,-,-,-,-
GUJ Govt-Inst. Pref,UQ-OP,Gujarat,"MP Shah, Jamnagar",PATHOLOGY,"₹30,000*","₹1,00,800",1*,"₹40,00,000*",1250,1125(1),1963(1),1963(1),-,-,-,-,-,-,-,-,-
GUJ Govt-AllGujStud.,GQ-SE,Gujarat,"CU Shah, Surendra Nagar",TBRD,"₹24,00,000*","₹84,000*",0,₹0,590,1369(1),1451(1),1965(1),-,-,-,-,-,-,-,-,-
GUJ Govt-AllGujStud.,GQ-ST,Gujarat,"Govt Med Coll, Bhavnagar",DERMATOLOGY,"₹30,000*","₹1,00,800",1*,"₹40,00,000*",720,1991(1),1991(1),1991(1),-,-,-,-,-,-,-,-,-
GUJ Govt-Inst. Pref,UQ-SE,Gujarat,"GCS Med Coll, Ahmedabad",DERMATOLOGY,"₹27,00,000*","₹84,000*",0,₹0,750,1998(1),1998(1),1998(1),-,-,-,-,-,-,-,-,-
GUJ Govt-Inst. Pref,UQ-OP,Gujarat,"Adani Institute, Bhuj",ENT,"₹12,00,000*","₹84,000*",0,₹0,750,2001(1),2001(1),2001(1),-,-,-,-,-,-,-,-,-
GUJ Mgmt Quota,MQ-MQ,Gujarat,"CU Shah, Surendra Nagar",ENT,-,-,-,-,590,-,1744(1),2003(1),-,-,-,-,-,-,-,-,-
GUJ Govt-AllGujStud.,GQ-SE,Gujarat,"Adani Institute, Bhuj",ENT,"₹12,00,000*","₹84,000*",0,₹0,750,1694(1),1835(1),2005(1),-,-,-,-,-,-,-,-,-
GUJ Govt-Inst. Pref,UQ-SE,Gujarat,"Govt Med Coll, Bhavnagar",OPHTHALMOLOGY,"₹30,000*","₹1,00,800",1*,"₹40,00,000*",720,1041(1),2018(1),2018(1),-,-,-,-,-,-,-,-,-
GUJ Govt-Inst. Pref,UQ-SE,Gujarat,"Pramukhswami Med Coll, Karmsad",PAEDIATRICS,"₹32,00,000*","₹84,000*",0,₹0,1000,2030(1),2030(1),2030(1),-,-,-,-,-,-,-,-,-
GUJ Govt-Inst. Pref,UQ-EW,Gujarat,"Surat Municipal, Surat",OPHTHALMOLOGY,"₹18,64,000*","₹84,000*",0,₹0,750,1253(1),1629(1),2038(1),-,-,-,-,-,-,-,-,-
GUJ Govt-AllGujStud.,GQ-EW,Gujarat,"Surat Municipal, Surat",ENT,"₹18,64,000*","₹84,000*",0,₹0,750,1722(1),1787(1),2040(1),-,-,-,-,-,-,-,-,-
GUJ Govt-Inst. Pref,UQ-OP,Gujarat,"GMERS, Sola",PATHOLOGY,"₹6,25,000*","₹84,000*",0,₹0,900,1594(1),1986(1),2050(1),-,-,-,-,-,-,-,-,-
GUJ Govt-AllGujStud.,GQ-SC,Gujarat,"Surat Municipal, Surat",OBG,"₹18,64,000*","₹84,000*",0,₹0,750,2064(1),2064(1),2064(1),-,-,-,-,-,-,-,-,-
GUJ Govt-Inst. Pref,UQ-SE,Gujarat,"GCS Med Coll, Ahmedabad",ANAESTHESIOLOGY,"₹11,00,000*","₹84,000*",0,₹0,750,1709(1),2065(1),2065(1),-,-,-,-,-,-,-,-,-
GUJ Govt-Inst. Pref,UQ-SC,Gujarat,"MP Shah, Jamnagar",DMRD,"₹20,000*","₹75,600*",1*,"₹40,00,000*",1250,591(1),2070(1),2070(1),-,-,-,-,-,-,-,-,-
GUJ Govt-Inst. Pref,UQ-SE,Gujarat,"GMERS, Gotri, Vadodara",OPHTHALMOLOGY,"₹10,00,000*","₹84,000*",0,₹0,730,2091(1),2091(1),2091(1),-,-,-,-,-,-,-,-,-
GUJ Govt-Inst. Pref,UQ-SC,Gujarat,"MP Shah, Jamnagar",GENERAL SURGERY,"₹30,000*","₹1,00,800",1*,"₹40,00,000*",1250,1111(1),1519(1),2096(1),-,-,-,-,-,-,-,-,-
GUJ Govt-AllGujStud.,GQ-SC,Gujarat,"CU Shah, Surendra Nagar",RADIO DIAGNOSIS,"₹33,00,000*","₹84,000*",0,₹0,590,2118(1),2118(1),2118(1),-,-,-,-,-,-,-,-,-
GUJ Govt-AllGujStud.,GQ-SC,Gujarat,"GMERS, Sola",OBG,"₹11,25,000*","₹84,000*",0,₹0,900,1814(1),1814(1),2119(1),-,-,-,-,-,-,-,-,-
GUJ Govt-AllGujStud.,GQ-ST,Gujarat,"PDU Med Coll, Rajkot",DERMATOLOGY,"₹30,000*","₹1,00,800",1*,"₹40,00,000*",750,1578(1),2128(1),2128(1),-,-,-,-,-,-,-,-,-
GUJ Govt-AllGujStud.,GQ-SE,Gujarat,"Parul IMS&R, Vadodara",OBG,"₹30,00,000*","₹1,00,800*",0,₹0,750,1730(1),1730(1),2134(1),-,-,-,-,-,-,-,-,-
GUJ Govt-AllGujStud.,GQ-SE,Gujarat,"Dr MK Shah Med Coll, Ahmedabad",PSYCHIATRY,"₹13,00,000*","₹84,000*",0,₹0,350,1292(1),1292(1),2137(1),-,-,-,-,-,-,-,-,-
GUJ Govt-AllGujStud.,GQ-SC,Gujarat,"Adani Institute, Bhuj",PAEDIATRICS,"₹27,00,000*","₹84,000*",0,₹0,750,1913(1),2145(1),2145(1),-,-,-,-,-,-,-,-,-
GUJ Govt-Inst. Pref,UQ-SE,Gujarat,"GMERS, Gandhinagar",OPHTHALMOLOGY,"₹10,00,000*","₹84,000*",0,₹0,980,1636(1),1695(1),2152(1),-,-,-,-,-,-,-,-,-
GUJ Govt-AllGujStud.,GQ-SC,Gujarat,"Parul IMS&R, Vadodara",RADIO DIAGNOSIS,"₹42,00,000*","₹1,00,800*",0,₹0,750,2183(1),2183(1),2183(1),-,-,-,-,-,-,-,-,-
GUJ Govt-Inst. Pref,UQ-SC,Gujarat,"Medical College, Baroda",ANAESTHESIOLOGY,"₹30,000*","₹1,00,800",1*,"₹40,00,000*",1250,2190(1),2190(1),2190(1),-,-,-,-,-,-,-,-,-
GUJ Govt-Inst. Pref,UQ-OP,Gujarat,"Medical College, Baroda",PATHOLOGY,"₹30,000*","₹1,00,800",1*,"₹40,00,000*",1250,1411(1),1518(1),2202(1),-,-,-,-,-,-,-,-,-
GUJ Govt-AllGujStud.,GQ-SC,Gujarat,"NHL Med Coll, Ahmedabad",PSYCHIATRY,"₹7,93,000*","₹84,000*",0,₹0,2220,1867(1),1988(1),2210(1),-,-,-,-,-,-,-,-,-
GUJ Govt-Inst. Pref,UQ-OP,Gujarat,"PDU Med Coll, Rajkot",PATHOLOGY,"₹30,000*","₹1,00,800",1*,"₹40,00,000*",750,1418(1),1323(1),2213(1),-,-,-,-,-,-,-,-,-
GUJ Govt-Inst. Pref,UQ-ST,Gujarat,"Govt Med Coll, Surat",PAEDIATRICS,"₹30,000*","₹1,00,800",1*,"₹40,00,000*",1150,2179(1),2221(1),2221(1),-,-,-,-,-,-,-,-,-
GUJ Govt-AllGujStud.,GQ-SE,Gujarat,"CU Shah, Surendra Nagar",ANAESTHESIOLOGY,"₹14,00,000*","₹84,000*",0,₹0,590,1888(1),2090(1),2272(1),-,-,-,-,-,-,-,-,-
GUJ Govt-AllGujStud.,GQ-SC,Gujarat,"MP Shah, Jamnagar",OPHTHALMOLOGY,"₹30,000*","₹1,00,800",1*,"₹40,00,000*",1250,2119(1),2303(1),2297(1),-,-,-,-,-,-,-,-,-
GUJ Govt-Inst. Pref,UQ-SC,Gujarat,"BJMC, Ahmedabad",ANAESTHESIOLOGY,"₹30,000*","₹1,00,800",1*,"₹40,00,000*",1557,1587(1),1932(1),2304(1),-,-,-,-,-,-,-,-,-
GUJ Govt-Inservice,IQ-SE,Gujarat,"BJMC, Ahmedabad",GENERAL MEDICINE,"₹30,000*","₹1,00,800",1*,"₹40,00,000*",1557,2350(1),2350(1),2350(1),-,-,-,-,-,-,-,-,-
GUJ Govt-AllGujStud.,GQ-SE,Gujarat,"Adani Institute, Bhuj",PSYCHIATRY,"₹15,00,000*","₹84,000*",0,₹0,750,1599(1),1599(1),2354(1),-,-,-,-,-,-,-,-,-
GUJ Govt-AllGujStud.,GQ-SC,Gujarat,"CU Shah, Surendra Nagar",ORTHOPAEDICS,"₹25,00,000*","₹84,000*",0,₹0,590,2357(1),2357(1),2357(1),-,-,-,-,-,-,-,-,-
GUJ Govt-AllGujStud.,GQ-SE,Gujarat,"CU Shah, Surendra Nagar",OPHTHALMOLOGY,"₹15,00,000*","₹84,000*",0,₹0,590,1695(1),1492(1),2358(1),-,-,-,-,-,-,-,-,-
GUJ Govt-AllGujStud.,GQ-EW,Gujarat,"Pramukhswami Med Coll, Karmsad",PAEDIATRICS,"₹32,00,000*","₹84,000*",0,₹0,1000,911(1),1085(1),1919(1),2370(1),-,-,-,-,-,-,-,-
GUJ Govt-Inst. Pref,UQ-ST,Gujarat,"AMCET, Ahmedabad",OBG,"₹9,67,000*","₹1,00,800*",0,₹0,1050,2373(1),2373(1),2373(1),-,-,-,-,-,-,-,-,-
GUJ Govt-AllGujStud.,GQ-SE,Gujarat,"Pramukhswami Med Coll, Karmsad",OPHTHALMOLOGY,"₹33,00,000*","₹84,000*",0,₹0,1000,1887(1),2392(1),2392(1),-,-,-,-,-,-,-,-,-
GUJ Mgmt Quota,MQ-MQ,Gujarat,"GCS Med Coll, Ahmedabad",TBRD,"₹28,00,000*","₹84,000*",0,₹0,750,-,1675(1),2395(1),-,-,-,-,-,-,-,-,-
GUJ Govt-AllGujStud.,GQ-SE,Gujarat,"GMERS, Sola",ENT,"₹8,75,000*","₹84,000*",0,₹0,900,1451(1),1554(1),1659(1),2414(1),-,-,-,-,-,-,-,-
GUJ Govt-AllGujStud.,GQ-OP,Gujarat,"Zydus Med Coll & Hosp, Dahod",ENT,"₹24,00,000*","₹84,000*",0,₹0,-,1675(1),2003(2),2419(2),-,-,-,-,-,-,-,-,-
GUJ Govt-Inst. Pref,UQ-ST,Gujarat,"NHL Med Coll, Ahmedabad",GENERAL MEDICINE,"₹7,93,000*","₹84,000*",0,₹0,2220,2434(1),2434(1),2434(1),-,-,-,-,-,-,-,-,-
GUJ Govt-AllGujStud.,GQ-SC,Gujarat,"Medical College, Baroda",ENT,"₹30,000*","₹1,00,800",1*,"₹40,00,000*",1250,2023(1),2444(1),2444(1),-,-,-,-,-,-,-,-,-
GUJ Govt-Inst. Pref,UQ-SC,Gujarat,"Govt Med Coll, Bhavnagar",ORTHOPAEDICS,"₹30,000*","₹1,00,800",1*,"₹40,00,000*",720,1552(1),2460(1),2460(1),-,-,-,-,-,-,-,-,-
GUJ Govt-Inst. Pref,UQ-OP,Gujarat,"Adani Institute, Bhuj",GENERAL SURGERY,"₹24,00,000*","₹84,000*",0,₹0,750,2251(1),1535(1),2498(1),-,-,-,-,-,-,-,-,-
GUJ Govt-Inst. Pref,UQ-SC,Gujarat,"GMERS, Gotri, Vadodara",TBRD,"₹8,75,000*","₹84,000*",0,₹0,730,2227(1),2509(1),2509(1),-,-,-,-,-,-,-,-,-
GUJ Govt-AllGujStud.,GQ-SC,Gujarat,"GCS Med Coll, Ahmedabad",GENERAL SURGERY,"₹15,00,000*","₹84,000*",0,₹0,750,1940(1),1940(1),2514(1),-,-,-,-,-,-,-,-,-
GUJ Govt-AllGujStud.,GQ-SC,Gujarat,"GCS Med Coll, Ahmedabad",TBRD,"₹21,00,000*","₹84,000*",0,₹0,750,1996(1),1996(1),2520(1),-,-,-,-,-,-,-,-,-
GUJ Govt-Inst. Pref,UQ-SC,Gujarat,"Adani Institute, Bhuj",OBG,"₹27,00,000*","₹84,000*",0,₹0,750,2534(1),2534(1),2534(1),-,-,-,-,-,-,-,-,-
GUJ Govt-AllGujStud.,GQ-EW,Gujarat,"Pramukhswami Med Coll, Karmsad",GENERAL SURGERY,"₹33,00,000*","₹84,000*",0,₹0,1000,1572(1),2062(1),2551(1),-,-,-,-,-,-,-,-,-
GUJ Govt-AllGujStud.,GQ-OP,Gujarat,"CU Shah, Surendra Nagar",PHARMACOLOGY,"₹4,00,000*","₹84,000*",0,₹0,590,2553(1),2553(1),2553(1),-,-,-,-,-,-,-,-,-
GUJ Mgmt-NRI,NQ-NRI,Gujarat,"NHL Med Coll, Ahmedabad",PAEDIATRICS,"₹46,97,000*","₹84,000*",0,₹0,2220,2561(1),2561(1),2561(1),-,-,-,-,-,-,-,-,-
GUJ Govt-Inst. Pref,UQ-SC,Gujarat,"Dr MK Shah Med Coll, Ahmedabad",ORTHOPAEDICS,"₹25,00,000*","₹84,000*",0,₹0,350,2575(1),2575(1),2575(1),-,-,-,-,-,-,-,-,-
GUJ Govt-Inst. Pref,UQ-SE,Gujarat,"Govt Med Coll, Bhavnagar",DPM (Psychiatry),"₹20,000*","₹75,600*",1*,"₹40,00,000*",720,-,-,2588(1),-,-,-,-,-,-,-,-,-
GUJ Govt-AllGujStud.,GQ-OP,Gujarat,"Adani Institute, Bhuj",OPHTHALMOLOGY,"₹24,00,000*","₹84,000*",0,₹0,750,1533(1),1838(1),2017(1),2506(1),2604(1),-,-,-,-,-,-,-
GUJ Govt-AllGujStud.,GQ-SC,Gujarat,"Zydus Med Coll & Hosp, Dahod",GENERAL SURGERY,"₹28,00,000*","₹84,000*",0,₹0,-,2568(1),2613(1),2613(1),-,-,-,-,-,-,-,-,-
GUJ Govt-Inst. Pref,UQ-SC,Gujarat,"Surat Municipal, Surat",PAEDIATRICS,"₹18,64,000*","₹84,000*",0,₹0,750,2454(1),2623(1),2623(1),-,-,-,-,-,-,-,-,-
GUJ Govt-AllGujStud.,GQ-SC,Gujarat,"PDU Med Coll, Rajkot",ANAESTHESIOLOGY,"₹30,000*","₹1,00,800",1*,"₹40,00,000*",750,-,2187(1),2624(1),-,-,-,-,-,-,-,-,-
GUJ Govt-AllGujStud.,GQ-EW,Gujarat,"BJMC, Ahmedabad",PHARMACOLOGY,"₹30,000*","₹1,00,800",0*,₹0*,1557,-,2127(1),2684(1),-,-,-,-,-,-,-,-,-
GUJ Govt-AllGujStud.,GQ-ST,Gujarat,"PDU Med Coll, Rajkot",TBRD,"₹30,000*","₹1,00,800",1*,"₹40,00,000*",750,-,2390(1),2704(1),-,-,-,-,-,-,-,-,-
GUJ Govt-AllGujStud.,GQ-SC,Gujarat,"Adani Institute, Bhuj",EMERGENCY MEDICINE,"₹15,00,000*","₹84,000*",0,₹0,750,2520(1),2520(1),2705(1),-,-,-,-,-,-,-,-,-
GUJ Govt-Inservice,IQ-SE,Gujarat,"Medical College, Baroda",OBG,"₹30,000*","₹1,00,800",1*,"₹40,00,000*",1250,2714(1),2714(1),2714(1),-,-,-,-,-,-,-,-,-
GUJ Govt-Inst. Pref,UQ-ST,Gujarat,"BJMC, Ahmedabad",OPHTHALMOLOGY,"₹30,000*","₹1,00,800",1*,"₹40,00,000*",1557,2739(1),2739(1),2739(1),-,-,-,-,-,-,-,-,-
GUJ Govt-Inst. Pref,UQ-OP,Gujarat,"Govt Med Coll, Bhavnagar",ENT,"₹30,000*","₹1,00,800",1*,"₹40,00,000*",720,1011(1),1011(1),1985(1),2742(1),-,-,-,-,-,-,-,-
GUJ Govt-Inst. Pref,UQ-SC,Gujarat,"AMCET, Ahmedabad",EMERGENCY MEDICINE,"₹9,67,000*","₹1,00,800*",0,₹0,1050,2304(1),2769(1),2470(1),-,-,-,-,-,-,-,-,-
GUJ Govt-AllGujStud.,GQ-EW,Gujarat,"Zydus Med Coll & Hosp, Dahod",PHARMACOLOGY,"₹7,250*","₹84,000*",0,₹0,-,2771(1),-,-,-,-,-,-,-,-,-,-,-
GUJ Govt-AllGujStud.,GQ-OP,Gujarat,"GCS Med Coll, Ahmedabad",PATHOLOGY,"₹8,00,000*","₹84,000*",0,₹0,750,2082(1),2082(1),2775(1),-,-,-,-,-,-,-,-,-
GUJ Govt-AllGujStud.,GQ-SE,Gujarat,"Medical College, Baroda",PHARMACOLOGY,"₹30,000*","₹1,00,800",0*,₹0*,1250,1585(1),2369(1),2781(1),-,-,-,-,-,-,-,-,-
GUJ Govt-AllGujStud.,GQ-EW,Gujarat,"GMERS, Gotri, Vadodara",PATHOLOGY,"₹6,25,000*","₹84,000*",0,₹0,730,1877(1),2463(1),2782(1),-,-,-,-,-,-,-,-,-
GUJ Mgmt Quota,MQ-MQ,Gujarat,"CU Shah, Surendra Nagar",ANAESTHESIOLOGY,-,-,-,-,590,1904(1),2322(1),2801(1),-,-,-,-,-,-,-,-,-
GUJ Govt-Inst. Pref,UQ-OP,Gujarat,"Pramukhswami Med Coll, Karmsad",IHBT,"₹8,00,000*","₹84,000*",0,₹0,1000,2828(1),-,-,-,-,-,-,-,-,-,-,-
GUJ Govt-AllGujStud.,GQ-OP,Gujarat,"GCS Med Coll, Ahmedabad",PHARMACOLOGY,"₹7,00,000*","₹84,000*",0,₹0,750,2466(1),2466(1),2829(1),-,-,-,-,-,-,-,-,-
GUJ Govt-AllGujStud.,GQ-SC,Gujarat,"GMERS, Gandhinagar",OPHTHALMOLOGY,"₹10,00,000*","₹84,000*",0,₹0,980,1988(1),2297(1),2835(1),-,-,-,-,-,-,-,-,-
GUJ Govt-Inst. Pref,UQ-SE,Gujarat,"CU Shah, Surendra Nagar",GENERAL SURGERY,"₹23,00,000*","₹84,000*",0,₹0,590,1287(1),2864(1),2864(1),-,-,-,-,-,-,-,-,-
GUJ Govt-Inst. Pref,UQ-EW,Gujarat,"Medical College, Baroda",PHARMACOLOGY,"₹30,000*","₹1,00,800",0*,₹0*,1250,1847(1),2883(1),2883(1),-,-,-,-,-,-,-,-,-
GUJ Govt-Inst. Pref,UQ-OP,Gujarat,"GCS Med Coll, Ahmedabad",PATHOLOGY,"₹8,00,000*","₹84,000*",0,₹0,750,2125(1),2477(1),2906(1),-,-,-,-,-,-,-,-,-
GUJ Govt-AllGujStud.,GQ-SC,Gujarat,"BJMC, Ahmedabad",PHARMACOLOGY,"₹30,000*","₹1,00,800",0*,₹0*,1557,-,2909(1),2909(1),-,-,-,-,-,-,-,-,-
GUJ Govt-AllGujStud.,GQ-ST,Gujarat,"Medical College, Baroda",ENT,"₹30,000*","₹1,00,800",1*,"₹40,00,000*",1250,2913(1),2913(1),2913(1),-,-,-,-,-,-,-,-,-
GUJ Govt-Inst. Pref,UQ-SC,Gujarat,"Pramukhswami Med Coll, Karmsad",GENERAL MEDICINE,"₹32,00,000*","₹84,000*",0,₹0,1000,2613(1),2951(1),2951(1),-,-,-,-,-,-,-,-,-
GUJ Govt-Inst. Pref,UQ-OP,Gujarat,"Parul IMS&R, Vadodara",ORTHOPAEDICS,"₹32,00,000*","₹1,00,800*",0,₹0,750,2702(1),2150(1),2954(1),-,-,-,-,-,-,-,-,-
GUJ Govt-Inst. Pref,UQ-OP,Gujarat,"Parul IMS&R, Vadodara",PAEDIATRICS,"₹32,00,000*","₹1,00,800*",0,₹0,750,1838(1),1818(1),2964(1),-,-,-,-,-,-,-,-,-
GUJ Govt-AllGujStud.,GQ-EW,Gujarat,"Surat Municipal, Surat",PATHOLOGY,"₹12,50,000*","₹84,000*",0,₹0,750,2348(1),2782(1),2967(1),-,-,-,-,-,-,-,-,-
GUJ Govt-Inst. Pref,UQ-SE,Gujarat,"MP Shah, Jamnagar",PATHOLOGY,"₹30,000*","₹1,00,800",1*,"₹40,00,000*",1250,1431(1),2971(1),2971(1),-,-,-,-,-,-,-,-,-
GUJ Govt-Inst. Pref,UQ-OP,Gujarat,"Pramukhswami Med Coll, Karmsad",SPM,"₹2,50,000*","₹84,000*",0,₹0,1000,2975(1),-,-,-,-,-,-,-,-,-,-,-
GUJ Govt-Inst. Pref,UQ-SC,Gujarat,"GCS Med Coll, Ahmedabad",GENERAL SURGERY,"₹15,00,000*","₹84,000*",0,₹0,750,2470(1),2470(1),2651(1),2983(1),-,-,-,-,-,-,-,-
GUJ Mgmt-NRI,NQ-NRI,Gujarat,"AMCET, Ahmedabad",OBG,"₹43,21,000*","₹1,00,800*",0,₹0,1050,3004(2),3004(2),3004(2),-,-,-,-,-,-,-,-,-
GUJ Govt-Inst. Pref,UQ-ST,Gujarat,"Medical College, Baroda",GENERAL SURGERY,"₹30,000*","₹1,00,800",1*,"₹40,00,000*",1250,3005(1),3005(1),3005(1),-,-,-,-,-,-,-,-,-
GUJ Govt-Inst. Pref,UQ-SE,Gujarat,"Adani Institute, Bhuj",ANAESTHESIOLOGY,"₹12,00,000*","₹84,000*",0,₹0,750,2414(1),3012(1),3012(1),-,-,-,-,-,-,-,-,-
GUJ Govt-Inst. Pref,UQ-SE,Gujarat,"Adani Institute, Bhuj",GENERAL SURGERY,"₹24,00,000*","₹84,000*",0,₹0,750,3042(1),3042(1),3042(1),-,-,-,-,-,-,-,-,-
GUJ Govt-AllGujStud.,GQ-ST,Gujarat,"Dr MK Shah Med Coll, Ahmedabad",GENERAL MEDICINE,"₹25,00,000*","₹84,000*",0,₹0,350,3052(1),3052(1),3052(1),-,-,-,-,-,-,-,-,-
GUJ Govt-Inst. Pref,UQ-ST,Gujarat,"Surat Municipal, Surat",OBG,"₹18,64,000*","₹84,000*",0,₹0,750,3058(1),3058(1),3058(1),-,-,-,-,-,-,-,-,-
GUJ Govt-Inst. Pref,UQ-ST,Gujarat,"Medical College, Baroda",EMERGENCY MEDICINE,-,-,-,-,1250,2845(1),2845(1),3065(1),-,-,-,-,-,-,-,-,-
GUJ Govt-AllGujStud.,GQ-SC,Gujarat,"BJMC, Ahmedabad",RADIATION ONCOLOGY,"₹30,000*","₹1,00,800",1*,"₹40,00,000*",1557,1836(1),2435(1),2686(1),3070(1),-,-,-,-,-,-,-,-
GUJ Govt-AllGujStud.,GQ-ST,Gujarat,"Govt Med Coll, Surat",IHBT,"₹30,000*","₹1,00,800",1*,"₹40,00,000*",1150,-,3098(1),3098(1),-,-,-,-,-,-,-,-,-
GUJ Govt-AllGujStud.,GQ-ST,Gujarat,"GCS Med Coll, Ahmedabad",DERMATOLOGY,"₹27,00,000*","₹84,000*",0,₹0,750,2675(1),2675(1),3114(1),-,-,-,-,-,-,-,-,-
GUJ Govt-Inst. Pref,UQ-EW,Gujarat,"BJMC, Ahmedabad",PHARMACOLOGY,"₹30,000*","₹1,00,800",0*,₹0*,1557,1710(1),3071(1),3123(1),-,-,-,-,-,-,-,-,-
GUJ Govt-AllGujStud.,GQ-EW,Gujarat,"CU Shah, Surendra Nagar",SPM,"₹2,50,000*","₹84,000*",0,₹0,590,2459(1),3127(1),3127(1),-,-,-,-,-,-,-,-,-
GUJ Govt-AllGujStud.,GQ-OP,Gujarat,"PDU Med Coll, Rajkot",SPM,"₹30,000*","₹1,00,800",0*,₹0*,750,2275(2),3144(2),2895(2),-,-,-,-,-,-,-,-,-
GUJ Govt-AllGujStud.,GQ-SC,Gujarat,"AMCET, Ahmedabad",ANAESTHESIOLOGY,"₹9,67,000*","₹1,00,800*",0,₹0,1050,1801(1),2210(1),3156(1),-,-,-,-,-,-,-,-,-
GUJ Govt-Inst. Pref,UQ-ST,Gujarat,"NHL Med Coll, Ahmedabad",DERMATOLOGY,"₹7,93,000*","₹84,000*",0,₹0,2220,2521(1),3157(1),3157(1),-,-,-,-,-,-,-,-,-
GUJ Govt-AllGujStud.,GQ-EW,Gujarat,"MP Shah, Jamnagar",ANATOMY,"₹30,000*","₹1,00,800",0*,₹0*,1250,3160(1),-,-,-,-,-,-,-,-,-,-,-
GUJ Govt-AllGujStud.,GQ-SE,Gujarat,"Pramukhswami Med Coll, Karmsad",PSYCHIATRY,"₹21,00,000*","₹84,000*",0,₹0,1000,2245(1),2284(1),2426(1),3173(1),-,-,-,-,-,-,-,-
GUJ Govt-Inst. Pref,UQ-ST,Gujarat,"CU Shah, Surendra Nagar",RADIO DIAGNOSIS,"₹33,00,000*","₹84,000*",0,₹0,590,3193(1),3193(1),3193(1),-,-,-,-,-,-,-,-,-
GUJ Govt-Inst. Pref,UQ-OP,Gujarat,"Parul IMS&R, Vadodara",PATHOLOGY,"₹6,00,000*","₹1,00,800*",0,₹0,750,2835(1),3199(1),3199(1),-,-,-,-,-,-,-,-,-
GUJ Govt-Inst. Pref,UQ-OP,Gujarat,"GCS Med Coll, Ahmedabad",ANATOMY,"₹6,00,000*","₹84,000*",0,₹0,750,3240(1),3240(1),3240(1),-,-,-,-,-,-,-,-,-
GUJ Govt-AllGujStud.,GQ-ST,Gujarat,"Medical College, Baroda",PSYCHIATRY,"₹30,000*","₹1,00,800",1*,"₹40,00,000*",1250,2523(1),3244(1),2675(1),-,-,-,-,-,-,-,-,-
GUJ Govt-Inservice,IQ-OP,Gujarat,"BJMC, Ahmedabad",ORTHOPAEDICS,"₹30,000*","₹1,00,800",1*,"₹40,00,000*",1557,3246(1),-,-,-,-,-,-,-,-,-,-,-
GUJ Govt-AllGujStud.,GQ-SE,Gujarat,"Govt Med Coll, Bhavnagar",PHYSIOLOGY,"₹30,000*","₹1,00,800",0*,₹0*,720,3252(1),-,-,-,-,-,-,-,-,-,-,-
GUJ Govt-AllGujStud.,GQ-SC,Gujarat,"MP Shah, Jamnagar",PATHOLOGY,"₹30,000*","₹1,00,800",1*,"₹40,00,000*",1250,-,2853(1),3260(1),-,-,-,-,-,-,-,-,-
GUJ Govt-AllGujStud.,GQ-ST,Gujarat,"Dr MK Shah Med Coll, Ahmedabad",DERMATOLOGY,"₹23,00,000*","₹84,000*",0,₹0,350,2754(1),3003(1),3261(1),-,-,-,-,-,-,-,-,-
GUJ Govt-AllGujStud.,GQ-SE,Gujarat,"Pramukhswami Med Coll, Karmsad",PHARMACOLOGY,"₹4,00,000*","₹84,000*",0,₹0,1000,2649(1),3265(1),3265(1),-,-,-,-,-,-,-,-,-
GUJ Govt-Inst. Pref,UQ-EW,Gujarat,"Pramukhswami Med Coll, Karmsad",PHARMACOLOGY,"₹4,00,000*","₹84,000*",0,₹0,1000,2383(1),2771(1),3343(1),-,-,-,-,-,-,-,-,-
GUJ Govt-AllGujStud.,GQ-SC,Gujarat,"PDU Med Coll, Rajkot",PHARMACOLOGY,"₹30,000*","₹1,00,800",0*,₹0*,750,2096(1),3354(1),3354(1),-,-,-,-,-,-,-,-,-
GUJ Govt-AllGujStud.,GQ-EW,Gujarat,"Medical College, Baroda",SPM,"₹30,000*","₹1,00,800",0*,₹0*,1250,2362(1),3364(1),3364(1),-,-,-,-,-,-,-,-,-
GUJ Govt-Inst. Pref,UQ-ST,Gujarat,"NHL Med Coll, Ahmedabad",PSYCHIATRY,"₹7,93,000*","₹84,000*",0,₹0,2220,3365(1),3365(1),3365(1),-,-,-,-,-,-,-,-,-
GUJ Govt-Inst. Pref,UQ-SE,Gujarat,"Govt Med Coll, Surat",SPM,"₹30,000*","₹1,00,800",0*,₹0*,1150,3225(1),3375(1),3375(1),-,-,-,-,-,-,-,-,-
GUJ Govt-Inst. Pref,UQ-OP,Gujarat,"PDU Med Coll, Rajkot",SPM,"₹30,000*","₹1,00,800",0*,₹0*,750,2389(1),3377(1),3377(1),-,-,-,-,-,-,-,-,-
GUJ Govt-AllGujStud.,GQ-ST,Gujarat,"CU Shah, Surendra Nagar",PAEDIATRICS,"₹25,00,000*","₹84,000*",0,₹0,590,3388(1),3388(1),3388(1),-,-,-,-,-,-,-,-,-
GUJ Govt-AllGujStud.,GQ-SC,Gujarat,"CU Shah, Surendra Nagar",ANAESTHESIOLOGY,"₹14,00,000*","₹84,000*",0,₹0,590,2514(1),2514(1),3391(1),-,-,-,-,-,-,-,-,-
GUJ Mgmt-NRI,NQ-NRI,Gujarat,"Pramukhswami Med Coll, Karmsad",GENERAL MEDICINE,"₹60,00,000*","₹84,000*",0,₹0,1000,3416(1),3416(1),3416(1),-,-,-,-,-,-,-,-,-
GUJ Govt-AllGujStud.,GQ-SE-PH,Gujarat,"MP Shah, Jamnagar",GENERAL MEDICINE,"₹30,000*","₹1,00,800",1*,"₹40,00,000*",1250,3430(1),3430(1),3430(1),-,-,-,-,-,-,-,-,-
GUJ Govt-Inservice,IQ-OP,Gujarat,"PDU Med Coll, Rajkot",ANAESTHESIOLOGY,"₹30,000*","₹1,00,800",1*,"₹40,00,000*",750,-,3441(1),3441(1),-,-,-,-,-,-,-,-,-
GUJ Govt-Inst. Pref,UQ-EW,Gujarat,"Dr MK Shah Med Coll, Ahmedabad",PATHOLOGY,"₹8,50,000*","₹84,000*",0,₹0,350,2449(1),2906(1),3443(1),-,-,-,-,-,-,-,-,-
GUJ Govt-AllGujStud.,GQ-EW,Gujarat,"Pramukhswami Med Coll, Karmsad",PATHOLOGY,"₹11,00,000*","₹84,000*",0,₹0,1000,2353(1),2794(1),3448(1),-,-,-,-,-,-,-,-,-
GUJ Govt-Inst. Pref,UQ-SE,Gujarat,"Govt Med Coll, Bhavnagar",PATHOLOGY,"₹30,000*","₹1,00,800",1*,"₹40,00,000*",720,2018(1),2790(1),3455(1),-,-,-,-,-,-,-,-,-
GUJ Govt-AllGujStud.,GQ-OP,Gujarat,"Parul IMS&R, Vadodara",SPM,"₹1,000*","₹1,00,800*",0,₹0,750,3127(1),3461(1),3461(1),-,-,-,-,-,-,-,-,-
GUJ Govt-AllGujStud.,GQ-SC,Gujarat,"Medical College, Baroda",SPM,"₹30,000*","₹1,00,800",0*,₹0*,1250,2498(1),3465(1),3465(1),-,-,-,-,-,-,-,-,-
GUJ Govt-AllGujStud.,GQ-SC,Gujarat,"MP Shah, Jamnagar",PHYSIOLOGY,"₹30,000*","₹1,00,800",0*,₹0*,1250,3465(1),-,-,-,-,-,-,-,-,-,-,-
GUJ Govt-AllGujStud.,GQ-EW,Gujarat,"Zydus Med Coll & Hosp, Dahod",PATHOLOGY,"₹5,00,000*","₹84,000*",0,₹0,-,2477(1),2552(1),3431(1),3474(1),-,-,-,-,-,-,-,-
GUJ Govt-AllGujStud.,GQ-ST,Gujarat,"GCS Med Coll, Ahmedabad",OBG,"₹18,00,000*","₹84,000*",0,₹0,750,3283(1),3283(1),3478(1),-,-,-,-,-,-,-,-,-
GUJ Govt-Inst. Pref,UQ-OP,Gujarat,"Parul IMS&R, Vadodara",BIOCHEMISTRY,"₹1,000*","₹1,00,800*",0,₹0,750,3489(1),-,-,-,-,-,-,-,-,-,-,-
GUJ Govt-AllGujStud.,GQ-EW,Gujarat,"NHL Med Coll, Ahmedabad",FORENSIC MEDICINE,"₹7,93,000*","₹84,000*",0,₹0,2220,3493(1),-,-,-,-,-,-,-,-,-,-,-
GUJ Govt-Inst. Pref,UQ-OP,Gujarat,"Surat Municipal, Surat",PHARMACOLOGY,"₹12,50,000*","₹84,000*",0,₹0,750,3495(1),3495(1),3495(1),-,-,-,-,-,-,-,-,-
GUJ Govt-Inst. Pref,UQ-ST,Gujarat,"NHL Med Coll, Ahmedabad",TBRD,"₹7,93,000*","₹84,000*",0,₹0,2220,3413(1),3508(1),3508(1),-,-,-,-,-,-,-,-,-
GUJ Govt-AllGujStud.,GQ-SE,Gujarat,"Govt Med Coll, Bhavnagar",PHARMACOLOGY,"₹30,000*","₹1,00,800",0*,₹0*,720,2140(1),2878(1),3010(1),3525(1),-,-,-,-,-,-,-,-
GUJ Govt-Inst. Pref,UQ-SC,Gujarat,"Surat Municipal, Surat",ANAESTHESIOLOGY,"₹18,64,000*","₹84,000*",0,₹0,750,2624(1),2624(1),3536(1),-,-,-,-,-,-,-,-,-
GUJ Govt-AllGujStud.,GQ-ST,Gujarat,"GMERS, Sola",PSYCHIATRY,"₹8,75,000*","₹84,000*",0,₹0,900,3394(1),3542(1),3542(1),-,-,-,-,-,-,-,-,-
GUJ Govt-Inst. Pref,UQ-SE,Gujarat,"PDU Med Coll, Rajkot",PHYSIOLOGY,"₹30,000*","₹1,00,800",0*,₹0*,750,3549(1),-,-,-,-,-,-,-,-,-,-,-
GUJ Govt-Inservice,IQ-SE,Gujarat,"Medical College, Baroda",ORTHOPAEDICS,"₹30,000*","₹1,00,800",1*,"₹40,00,000*",1250,3552(1),3552(1),3552(1),-,-,-,-,-,-,-,-,-
GUJ Govt-AllGujStud.,GQ-ST,Gujarat,"NHL Med Coll, Ahmedabad",EMERGENCY MEDICINE,"₹7,93,000*","₹84,000*",0,₹0,2220,3554(1),3554(1),3554(1),-,-,-,-,-,-,-,-,-
GUJ Govt-AllGujStud.,GQ-OP,Gujarat,"GCS Med Coll, Ahmedabad",SPM,"₹6,00,000*","₹84,000*",0,₹0,750,3140(1),3374(1),3562(1),-,-,-,-,-,-,-,-,-
GUJ Govt-AllGujStud.,GQ-ST,Gujarat,"Pramukhswami Med Coll, Karmsad",TBRD,"₹22,00,000*","₹84,000*",0,₹0,1000,-,3592(1),3592(1),-,-,-,-,-,-,-,-,-
GUJ Govt-AllGujStud.,GQ-SC,Gujarat,"Govt Med Coll, Bhavnagar",PATHOLOGY,"₹30,000*","₹1,00,800",1*,"₹40,00,000*",720,2398(1),3055(1),3641(1),-,-,-,-,-,-,-,-,-
GUJ Govt-Inst. Pref,UQ-ST,Gujarat,"MP Shah, Jamnagar",ANAESTHESIOLOGY,"₹30,000*","₹1,00,800",1*,"₹40,00,000*",1250,3425(1),3654(1),3634(1),-,-,-,-,-,-,-,-,-
GUJ Govt-AllGujStud.,GQ-ST,Gujarat,"Dr MK Shah Med Coll, Ahmedabad",OBG,"₹22,00,000*","₹84,000*",0,₹0,350,3478(1),3478(1),3660(1),-,-,-,-,-,-,-,-,-
GUJ Govt-Inst. Pref,UQ-EW,Gujarat,"Adani Institute, Bhuj",PATHOLOGY,"₹9,40,000*","₹84,000*",0,₹0,750,2925(1),3677(1),3677(1),-,-,-,-,-,-,-,-,-
GUJ Govt-Inst. Pref,UQ-ST,Gujarat,"MP Shah, Jamnagar",TBRD,"₹30,000*","₹1,00,800",1*,"₹40,00,000*",1250,2704(1),2704(1),3678(1),-,-,-,-,-,-,-,-,-
GUJ Govt-AllGujStud.,GQ-ST,Gujarat,"Adani Institute, Bhuj",PAEDIATRICS,"₹27,00,000*","₹84,000*",0,₹0,750,3570(1),3572(1),3687(1),-,-,-,-,-,-,-,-,-
GUJ Govt-AllGujStud.,GQ-EW,Gujarat,"GCS Med Coll, Ahmedabad",MICROBIOLOGY,"₹7,00,000*","₹84,000*",0,₹0,750,3693(1),-,-,-,-,-,-,-,-,-,-,-
GUJ Govt-AllGujStud.,GQ-OP-PH,Gujarat,"Medical College, Baroda",OBG,"₹30,000*","₹1,00,800",1*,"₹40,00,000*",1250,3720(1),-,-,-,-,-,-,-,-,-,-,-
GUJ Govt-Inst. Pref,UQ-OP,Gujarat,"Medical College, Baroda",BIOCHEMISTRY,"₹30,000*","₹1,00,800",0*,₹0*,1250,3722(1),-,-,-,-,-,-,-,-,-,-,-
GUJ Govt-Inst. Pref,UQ-ST,Gujarat,"NHL Med Coll, Ahmedabad",ORTHOPAEDICS,"₹7,93,000*","₹84,000*",0,₹0,2220,3730(1),3730(1),3730(1),-,-,-,-,-,-,-,-,-
GUJ Govt-AllGujStud.,GQ-OP,Gujarat,"Parul IMS&R, Vadodara",EMERGENCY MEDICINE,"₹20,00,000*","₹1,00,800*",0,₹0,750,1560(1),1909(1),1909(1),2544(1),3738(1),-,-,-,-,-,-,-
GUJ Govt-Inst. Pref,UQ-SE,Gujarat,"CU Shah, Surendra Nagar",SPM,"₹2,50,000*","₹84,000*",0,₹0,590,3760(1),3432(1),3432(1),-,-,-,-,-,-,-,-,-
GUJ Govt-AllGujStud.,GQ-EW,Gujarat,"Zydus Med Coll & Hosp, Dahod",MICROBIOLOGY,"₹5,000*","₹84,000*",0,₹0,-,3772(1),-,-,-,-,-,-,-,-,-,-,-
GUJ Govt-Inst. Pref,UQ-OP,Gujarat,"Adani Institute, Bhuj",PHYSIOLOGY,"₹3,00,000*","₹84,000*",0,₹0,750,3780(1),-,-,-,-,-,-,-,-,-,-,-
GUJ Govt-Inst. Pref,UQ-SE,Gujarat,"PDU Med Coll, Rajkot",MICROBIOLOGY,"₹30,000*","₹1,00,800",1*,"₹40,00,000*",750,3492(1),3765(1),3783(1),-,-,-,-,-,-,-,-,-
GUJ Govt-Inservice,IQ-EW,Gujarat,"Govt Med Coll, Bhavnagar",RADIO DIAGNOSIS,"₹30,000*","₹1,00,800",1*,"₹40,00,000*",720,-,3784(1),3784(1),-,-,-,-,-,-,-,-,-
GUJ Govt-AllGujStud.,GQ-EW,Gujarat,"Zydus Med Coll & Hosp, Dahod",SPM,"₹6,000*","₹84,000*",0,₹0,-,3461(1),3793(1),3793(1),-,-,-,-,-,-,-,-,-
GUJ Govt-Inst. Pref,UQ-SE,Gujarat,"NHL Med Coll, Ahmedabad",SPM,"₹7,93,000*","₹84,000*",0,₹0,2220,3679(1),3796(1),3796(1),-,-,-,-,-,-,-,-,-
GUJ Govt-AllGujStud.,GQ-ST,Gujarat,"GR Doshi & KM Mehta, Ahmedabad",ANAESTHESIOLOGY,"₹30,000*","₹1,00,800",1*,"₹40,00,000*",400,3244(1),3805(1),3805(1),-,-,-,-,-,-,-,-,-
GUJ Govt-Inst. Pref,UQ-SE,Gujarat,"Govt Med Coll, Bhavnagar",SPM,"₹30,000*","₹1,00,800",0*,₹0*,720,2431(1),3807(1),3807(1),-,-,-,-,-,-,-,-,-
GUJ Govt-AllGujStud.,GQ-OP,Gujarat,"Medical College, Baroda",FORENSIC MEDICINE,"₹30,000*","₹1,00,800",0*,₹0*,1250,2659(1),3819(1),3819(1),-,-,-,-,-,-,-,-,-
GUJ Govt-Inst. Pref,UQ-OP,Gujarat,"Medical College, Baroda",MICROBIOLOGY,"₹30,000*","₹1,00,800",1*,"₹40,00,000*",1250,2494(1),3826(1),3826(1),-,-,-,-,-,-,-,-,-
GUJ Govt-Inservice,IQ-EW,Gujarat,"PDU Med Coll, Rajkot",GENERAL MEDICINE,"₹30,000*","₹1,00,800",1*,"₹40,00,000*",750,3828(1),3828(1),3828(1),-,-,-,-,-,-,-,-,-
GUJ Govt-Inst. Pref,UQ-ST,Gujarat,"Medical College, Baroda",SPM,"₹30,000*","₹1,00,800",0*,₹0*,1250,3840(1),3840(1),3840(1),-,-,-,-,-,-,-,-,-
GUJ Govt-AllGujStud.,GQ-ST,Gujarat,"Medical College, Baroda",OPHTHALMOLOGY,"₹30,000*","₹1,00,800",1*,"₹40,00,000*",1250,2903(1),3841(1),3841(1),-,-,-,-,-,-,-,-,-
GUJ Govt-Inst. Pref,UQ-ST,Gujarat,"MP Shah, Jamnagar",DGO,"₹20,000*","₹75,600*",1*,"₹40,00,000*",1250,3288(1),3853(1),3853(1),-,-,-,-,-,-,-,-,-
GUJ Govt-AllGujStud.,GQ-EW,Gujarat,"PDU Med Coll, Rajkot",MICROBIOLOGY,"₹30,000*","₹1,00,800",1*,"₹40,00,000*",750,2967(1),3393(1),3859(1),-,-,-,-,-,-,-,-,-
GUJ Govt-Inst. Pref,UQ-OP,Gujarat,"BJMC, Ahmedabad",BIOCHEMISTRY,"₹30,000*","₹1,00,800",0*,₹0*,1557,3063(1),3883(1),3883(1),-,-,-,-,-,-,-,-,-
GUJ Govt-Inst. Pref,UQ-EW,Gujarat,"GMERS, Sola",MICROBIOLOGY,"₹5,75,000*","₹84,000*",0,₹0,900,3883(1),-,-,-,-,-,-,-,-,-,-,-
GUJ Govt-AllGujStud.,GQ-ST,Gujarat,"PDU Med Coll, Rajkot",OPHTHALMOLOGY,"₹30,000*","₹1,00,800",1*,"₹40,00,000*",750,-,3878(1),3885(1),-,-,-,-,-,-,-,-,-
GUJ Govt-Inst. Pref,UQ-SE,Gujarat,"CU Shah, Surendra Nagar",PHARMACOLOGY,"₹4,00,000*","₹84,000*",0,₹0,590,3090(1),3090(1),3887(1),-,-,-,-,-,-,-,-,-
GUJ Govt-AllGujStud.,GQ-EW,Gujarat,"Govt Med Coll, Surat",MICROBIOLOGY,"₹30,000*","₹1,00,800",1*,"₹40,00,000*",1150,2938(1),3392(1),3909(1),-,-,-,-,-,-,-,-,-
GUJ Govt-AllGujStud.,GQ-ST,Gujarat,"BJMC, Ahmedabad",RADIATION ONCOLOGY,"₹30,000*","₹1,00,800",1*,"₹40,00,000*",1557,3048(1),3923(1),3923(1),-,-,-,-,-,-,-,-,-
GUJ Govt-Inservice,IQ-SC,Gujarat,"Govt Med Coll, Surat",GENERAL SURGERY,"₹30,000*","₹1,00,800",1*,"₹40,00,000*",1150,3938(1),-,-,-,-,-,-,-,-,-,-,-
GUJ Govt-Inservice,IQ-OP,Gujarat,"GMERS MedColl Hosp,Vadadora",DNBGENERAL MEDICINE,-,-,-,-,750,2606(1),2606(1),3938(1),-,-,-,-,-,-,-,-,-
GUJ Govt-AllGujStud.,GQ-EW,Gujarat,"Medical College, Baroda",IHBT,"₹30,000*","₹1,00,800",1*,"₹40,00,000*",1250,2302(1),2302(1),3949(1),-,-,-,-,-,-,-,-,-
GUJ Govt-Inservice,IQ-SE,Gujarat,"BJMC, Ahmedabad",GENERAL SURGERY,"₹30,000*","₹1,00,800",1*,"₹40,00,000*",1557,3998(1),3998(1),3998(1),-,-,-,-,-,-,-,-,-
GUJ Govt-Inst. Pref,UQ-ST,Gujarat,"Surat Municipal, Surat",ENT,"₹18,64,000*","₹84,000*",0,₹0,750,4020(1),-,-,-,-,-,-,-,-,-,-,-
GUJ Govt-Inst. Pref,UQ-SE,Gujarat,"Adani Institute, Bhuj",OPHTHALMOLOGY,"₹24,00,000*","₹84,000*",0,₹0,750,2333(1),4021(1),-,-,-,-,-,-,-,-,-,-
GUJ Mgmt-NRI,NQ-NRI,Gujarat,"NHL Med Coll, Ahmedabad",OBG,"₹46,97,000*","₹84,000*",0,₹0,2220,4023(2),4023(2),4023(2),-,-,-,-,-,-,-,-,-
GUJ Govt-Inst. Pref,UQ-ST,Gujarat,"GMERS, Gotri, Vadodara",ANAESTHESIOLOGY,"₹11,25,000*","₹84,000*",0,₹0,730,4024(1),4024(1),4024(1),-,-,-,-,-,-,-,-,-
GUJ Govt-Inst. Pref,UQ-ST,Gujarat,"MP Shah, Jamnagar",OPHTHALMOLOGY,"₹30,000*","₹1,00,800",1*,"₹40,00,000*",1250,4027(1),4027(1),4027(1),-,-,-,-,-,-,-,-,-
GUJ Govt-Inservice,IQ-SE,Gujarat,"Govt Med Coll, Surat",TBRD,"₹30,000*","₹1,00,800",1*,"₹40,00,000*",1150,4037(1),-,-,-,-,-,-,-,-,-,-,-
GUJ Govt-Inservice,IQ-SE,Gujarat,"Medical College, Baroda",ANAESTHESIOLOGY,"₹30,000*","₹1,00,800",1*,"₹40,00,000*",1250,3441(1),4037(1),4037(1),-,-,-,-,-,-,-,-,-
GUJ Govt-AllGujStud.,GQ-EW,Gujarat,"Pramukhswami Med Coll, Karmsad",BIOCHEMISTRY,"₹2,50,000*","₹84,000*",0,₹0,1000,4038(1),-,-,-,-,-,-,-,-,-,-,-
GUJ Govt-Inst. Pref,UQ-ST,Gujarat,"Pramukhswami Med Coll, Karmsad",GENERAL MEDICINE,"₹32,00,000*","₹84,000*",0,₹0,1000,4041(1),4041(1),4041(1),-,-,-,-,-,-,-,-,-
GUJ Govt-AllGujStud.,GQ-ST,Gujarat,"GCS Med Coll, Ahmedabad",OPHTHALMOLOGY,"₹11,00,000*","₹84,000*",0,₹0,750,3856(1),4049(1),4049(1),-,-,-,-,-,-,-,-,-
GUJ Govt-Inst. Pref,UQ-ST,Gujarat,"MP Shah, Jamnagar",SPM,"₹30,000*","₹1,00,800",0*,₹0*,1250,4052(1),-,-,-,-,-,-,-,-,-,-,-
GUJ Govt-Inst. Pref,UQ-OP,Gujarat,"MP Shah, Jamnagar",MICROBIOLOGY,"₹30,000*","₹1,00,800",1*,"₹40,00,000*",1250,2859(1),3800(1),4054(1),-,-,-,-,-,-,-,-,-
GUJ Govt-AllGujStud.,GQ-ST,Gujarat,"Dr MK Shah Med Coll, Ahmedabad",GENERAL SURGERY,"₹22,00,000*","₹84,000*",0,₹0,350,4055(1),4055(1),4055(1),-,-,-,-,-,-,-,-,-
GUJ Govt-AllGujStud.,GQ-EW,Gujarat,"NHL Med Coll, Ahmedabad",MICROBIOLOGY,"₹7,93,000*","₹84,000*",0,₹0,2220,4060(1),-,-,-,-,-,-,-,-,-,-,-
GUJ Mgmt Quota,MQ-MQ,Gujarat,"GCS Med Coll, Ahmedabad",PHARMACOLOGY,-,-,-,-,750,-,2829(1),4063(1),-,-,-,-,-,-,-,-,-
GUJ Govt-AllGujStud.,GQ-SC,Gujarat,"Parul IMS&R, Vadodara",MICROBIOLOGY,"₹1,000*","₹1,00,800*",0,₹0,750,4079(1),-,-,-,-,-,-,-,-,-,-,-
GUJ Govt-Inst. Pref,UQ-ST,Gujarat,"Adani Institute, Bhuj",OBG,"₹27,00,000*","₹84,000*",0,₹0,750,4081(1),4081(1),4081(1),-,-,-,-,-,-,-,-,-
GUJ Govt-AllGujStud.,GQ-SC,Gujarat,"BJMC, Ahmedabad",MICROBIOLOGY,"₹30,000*","₹1,00,800",1*,"₹40,00,000*",1557,2909(1),3641(1),4084(1),-,-,-,-,-,-,-,-,-
GUJ Mgmt-NRI,NQ-NRI,Gujarat,"AMCET, Ahmedabad",GENERAL SURGERY,"₹43,21,000*","₹1,00,800*",0,₹0,1050,4093(2),4093(2),4093(2),-,-,-,-,-,-,-,-,-
GUJ Govt-Inst. Pref,UQ-SC,Gujarat,"Dr MK Shah Med Coll, Ahmedabad",ANAESTHESIOLOGY,"₹16,50,000*","₹84,000*",0,₹0,350,2802(1),2327(1),4116(1),-,-,-,-,-,-,-,-,-
GUJ Govt-AllGujStud.,GQ-ST,Gujarat,"GMERS, Sola",ANAESTHESIOLOGY,"₹11,25,000*","₹84,000*",0,₹0,900,3634(1),4127(1),4127(1),-,-,-,-,-,-,-,-,-
GUJ Govt-Inservice,IQ-SE,Gujarat,"PDU Med Coll, Rajkot",GENERAL SURGERY,"₹30,000*","₹1,00,800",1*,"₹40,00,000*",750,4137(1),4137(1),4137(1),-,-,-,-,-,-,-,-,-
GUJ Govt-AllGujStud.,GQ-OP,Gujarat,"PDU Med Coll, Rajkot",PHYSIOLOGY,"₹30,000*","₹1,00,800",0*,₹0*,750,-,4143(2),4143(2),-,-,-,-,-,-,-,-,-
GUJ Govt-Inst. Pref,UQ-ST,Gujarat,"BJMC, Ahmedabad",FORENSIC MEDICINE,"₹30,000*","₹1,00,800",0*,₹0*,1557,4161(1),-,-,-,-,-,-,-,-,-,-,-
GUJ Govt-AllGujStud.,GQ-ST,Gujarat,"MP Shah, Jamnagar",PHARMACOLOGY,"₹30,000*","₹1,00,800",0*,₹0*,1250,-,4179(1),4179(1),-,-,-,-,-,-,-,-,-
GUJ Govt-Inst. Pref,UQ-ST,Gujarat,"GMERS, Gotri, Vadodara",PATHOLOGY,"₹6,25,000*","₹84,000*",0,₹0,730,3925(1),4183(1),3870(1),-,-,-,-,-,-,-,-,-
GUJ Govt-Inst. Pref,UQ-ST,Gujarat,"NHL Med Coll, Ahmedabad",EMERGENCY MEDICINE,"₹7,93,000*","₹84,000*",0,₹0,2220,3923(1),4185(1),4185(1),-,-,-,-,-,-,-,-,-
GUJ Govt-AllGujStud.,GQ-OP,Gujarat,"CU Shah, Surendra Nagar",MICROBIOLOGY,"₹2,75,000*","₹84,000*",0,₹0,590,-,3764(1),4186(1),-,-,-,-,-,-,-,-,-
GUJ Govt-Inst. Pref,UQ-OP,Gujarat,"NHL Med Coll, Ahmedabad",MICROBIOLOGY,"₹7,93,000*","₹84,000*",0,₹0,2220,4186(2),-,-,-,-,-,-,-,-,-,-,-
GUJ Govt-AllGujStud.,GQ-ST,Gujarat,"GCS Med Coll, Ahmedabad",ENT,"₹10,00,000*","₹84,000*",0,₹0,750,4158(1),4194(1),4194(1),-,-,-,-,-,-,-,-,-
GUJ Govt-AllGujStud.,GQ-OP,Gujarat,"MP Shah, Jamnagar",MICROBIOLOGY,"₹30,000*","₹1,00,800",1*,"₹40,00,000*",1250,2024(1),3160(1),4198(1),-,-,-,-,-,-,-,-,-
GUJ Govt-AllGujStud.,GQ-ST,Gujarat,"BJMC, Ahmedabad",FORENSIC MEDICINE,"₹30,000*","₹1,00,800",0*,₹0*,1557,4217(1),-,-,-,-,-,-,-,-,-,-,-
GUJ Govt-AllGujStud.,GQ-ST,Gujarat,"Parul IMS&R, Vadodara",ORTHOPAEDICS,"₹32,00,000*","₹1,00,800*",0,₹0,750,4098(1),4217(1),4217(1),-,-,-,-,-,-,-,-,-
GUJ Govt-AllGujStud.,GQ-OP,Gujarat,"Govt Med Coll, Bhavnagar",BIOCHEMISTRY,"₹30,000*","₹1,00,800",0*,₹0*,720,3292(1),4119(1),4220(1),-,-,-,-,-,-,-,-,-
GUJ Govt-Inst. Pref,UQ-ST,Gujarat,"CU Shah, Surendra Nagar",PATHOLOGY,"₹9,00,000*","₹84,000*",0,₹0,590,4223(1),-,-,-,-,-,-,-,-,-,-,-
GUJ Govt-Inst. Pref,UQ-ST,Gujarat,"Surat Municipal, Surat",SPM,"₹12,50,000*","₹84,000*",0,₹0,750,4233(1),-,-,-,-,-,-,-,-,-,-,-
GUJ Govt-Inst. Pref,UQ-ST,Gujarat,"Govt Med Coll, Surat",PATHOLOGY,"₹30,000*","₹1,00,800",1*,"₹40,00,000*",1150,3228(1),4233(1),4233(1),-,-,-,-,-,-,-,-,-
GUJ Govt-AllGujStud.,GQ-OP,Gujarat,"Medical College, Baroda",PHYSIOLOGY,"₹30,000*","₹1,00,800",0*,₹0*,1250,2540(1),-,4234(1),-,-,-,-,-,-,-,-,-
GUJ Govt-Inst. Pref,UQ-SC,Gujarat,"Surat Municipal, Surat",PATHOLOGY,"₹12,50,000*","₹84,000*",0,₹0,750,3055(1),4234(1),4(1),-,-,-,-,-,-,-,-,-
GUJ Govt-Inst. Pref,UQ-ST,Gujarat,"AMCET, Ahmedabad",ANAESTHESIOLOGY,"₹9,67,000*","₹1,00,800*",0,₹0,1050,3759(1),3766(1),4240(1),-,-,-,-,-,-,-,-,-
GUJ Govt-Inst. Pref,UQ-SC,Gujarat,"Adani Institute, Bhuj",ORTHOPAEDICS,"₹30,00,000*","₹84,000*",0,₹0,750,4241(1),-,-,-,-,-,-,-,-,-,-,-
GUJ Govt-AllGujStud.,GQ-ST,Gujarat,"Zydus Med Coll & Hosp, Dahod",ENT,"₹24,00,000*","₹84,000*",0,₹0,-,4253(1),-,-,-,-,-,-,-,-,-,-,-
GUJ Govt-Inservice,IQ-ST,Gujarat,"Medical College, Baroda",PATHOLOGY,"₹30,000*","₹1,00,800",1*,"₹40,00,000*",1250,4254(1),4254(1),4254(1),-,-,-,-,-,-,-,-,-
GUJ Govt-Inst. Pref,UQ-ST,Gujarat,"Govt Med Coll, Surat",OPHTHALMOLOGY,"₹30,000*","₹1,00,800",1*,"₹40,00,000*",1150,3827(1),4263(1),4263(1),-,-,-,-,-,-,-,-,-
GUJ Govt-AllGujStud.,GQ-ST,Gujarat,"Surat Municipal, Surat",SPM,"₹12,50,000*","₹84,000*",0,₹0,750,4264(1),-,-,-,-,-,-,-,-,-,-,-
GUJ Govt-Inst. Pref,UQ-SC,Gujarat,"GCS Med Coll, Ahmedabad",FORENSIC MEDICINE,"₹5,00,000*","₹84,000*",0,₹0,750,4269(1),4269(1),4269(1),-,-,-,-,-,-,-,-,-
GUJ Govt-AllGujStud.,GQ-ST,Gujarat,"MP Shah, Jamnagar",SPM,"₹30,000*","₹1,00,800",0*,₹0*,1250,-,4278(1),4278(1),-,-,-,-,-,-,-,-,-
GUJ Govt-AllGujStud.,GQ-SE,Gujarat,"Govt Med Coll, Surat",MICROBIOLOGY,"₹30,000*","₹1,00,800",1*,"₹40,00,000*",1150,3189(1),3715(1),4286(1),-,-,-,-,-,-,-,-,-
GUJ Govt-Inst. Pref,UQ-ST,Gujarat,"NHL Med Coll, Ahmedabad",PATHOLOGY,"₹7,93,000*","₹84,000*",0,₹0,2220,3899(1),3899(1),4288(1),-,-,-,-,-,-,-,-,-
GUJ Govt-AllGujStud.,GQ-SE,Gujarat,"Surat Municipal, Surat",MICROBIOLOGY,"₹12,50,000*","₹84,000*",0,₹0,750,4291(1),-,-,-,-,-,-,-,-,-,-,-
GUJ Govt-Inst. Pref,UQ-ST,Gujarat,"AMCET, Ahmedabad",PHARMACOLOGY,"₹9,67,000*","₹1,00,800*",0,₹0,1050,4299(1),-,-,-,-,-,-,-,-,-,-,-
GUJ Govt-AllGujStud.,GQ-SE,Gujarat,"Pramukhswami Med Coll, Karmsad",ANATOMY,"₹2,00,000*","₹84,000*",0,₹0,1000,4301(1),-,-,-,-,-,-,-,-,-,-,-
GUJ Govt-Inst. Pref,UQ-ST,Gujarat,"Adani Institute, Bhuj",EMERGENCY MEDICINE,"₹15,00,000*","₹84,000*",0,₹0,750,4315(1),4315(1),4315(1),-,-,-,-,-,-,-,-,-
GUJ Govt-Inst. Pref,UQ-SE,Gujarat,"CU Shah, Surendra Nagar",OPHTHALMOLOGY,"₹15,00,000*","₹84,000*",0,₹0,590,1846(1),2508(1),4323(1),-,-,-,-,-,-,-,-,-
GUJ Govt-Inst. Pref,UQ-ST,Gujarat,"AMCET, Ahmedabad",SPM,"₹9,67,000*","₹1,00,800*",0,₹0,1050,4324(1),-,-,-,-,-,-,-,-,-,-,-
GUJ Govt-AllGujStud.,GQ-SE,Gujarat,"BJMC, Ahmedabad",IHBT,"₹30,000*","₹1,00,800",1*,"₹40,00,000*",1557,2135(1),2608(1),3102(1),3632(1),4336(1),-,-,-,-,-,-,-
GUJ Govt-AllGujStud.,GQ-ST,Gujarat,"CU Shah, Surendra Nagar",GENERAL SURGERY,"₹23,00,000*","₹84,000*",0,₹0,590,3846(1),4066(1),4338(1),-,-,-,-,-,-,-,-,-
GUJ Govt-Inst. Pref,UQ-ST,Gujarat,"Medical College, Baroda",MICROBIOLOGY,"₹30,000*","₹1,00,800",1*,"₹40,00,000*",1250,4345(1),-,-,-,-,-,-,-,-,-,-,-
GUJ Govt-AllGujStud.,GQ-ST,Gujarat,"MP Shah, Jamnagar",DA,"₹20,000*","₹75,600*",1*,"₹40,00,000*",1250,3977(1),3977(1),4345(1),-,-,-,-,-,-,-,-,-
GUJ Govt-Inst. Pref,UQ-ST,Gujarat,"Pramukhswami Med Coll, Karmsad",PAEDIATRICS,"₹32,00,000*","₹84,000*",0,₹0,1000,4347(1),4347(1),4347(1),-,-,-,-,-,-,-,-,-
GUJ Govt-AllGujStud.,GQ-ST,Gujarat,"BJMC, Ahmedabad",ANATOMY,"₹30,000*","₹1,00,800",0*,₹0*,1557,4349(1),-,-,-,-,-,-,-,-,-,-,-
GUJ Govt-Inst. Pref,UQ-SC,Gujarat,"GMERS, Gandhinagar",PATHOLOGY,"₹6,25,000*","₹84,000*",0,₹0,980,4117(1),4116(1),4356(1),-,-,-,-,-,-,-,-,-
GUJ Govt-AllGujStud.,GQ-ST,Gujarat,"GMERS, Gandhinagar",MICROBIOLOGY,"₹5,75,000*","₹84,000*",0,₹0,980,4364(1),-,-,-,-,-,-,-,-,-,-,-
GUJ Govt-Inst. Pref,UQ-ST,Gujarat,"CU Shah, Surendra Nagar",PSYCHIATRY,"₹17,00,000*","₹84,000*",0,₹0,590,4302(1),4364(1),4364(1),-,-,-,-,-,-,-,-,-
GUJ Govt-AllGujStud.,GQ-SE-PH,Gujarat,"Medical College, Baroda",GENERAL MEDICINE,"₹30,000*","₹1,00,800",1*,"₹40,00,000*",1250,3962(1),4366(1),4366(1),-,-,-,-,-,-,-,-,-
GUJ Govt-AllGujStud.,GQ-SE-PH,Gujarat,"Govt Med Coll, Bhavnagar",PAEDIATRICS,"₹30,000*","₹1,00,800",1*,"₹40,00,000*",720,4366(1),-,-,-,-,-,-,-,-,-,-,-
GUJ Govt-Inservice,IQ-ST,Gujarat,"Govt Med Coll, Bhavnagar",ORTHOPAEDICS,"₹30,000*","₹1,00,800",1*,"₹40,00,000*",720,4367(1),4367(1),4367(1),-,-,-,-,-,-,-,-,-
GUJ Govt-Inst. Pref,UQ-ST,Gujarat,"MP Shah, Jamnagar",PHARMACOLOGY,"₹30,000*","₹1,00,800",0*,₹0*,1250,4379(1),-,-,-,-,-,-,-,-,-,-,-
GUJ Govt-AllGujStud.,GQ-ST,Gujarat,"Govt Med Coll, Bhavnagar",PHARMACOLOGY,"₹30,000*","₹1,00,800",0*,₹0*,720,-,4379(1),4379(1),-,-,-,-,-,-,-,-,-
GUJ Govt-AllGujStud.,GQ-OP,Gujarat,"Pramukhswami Med Coll, Karmsad",MICROBIOLOGY,"₹4,50,000*","₹84,000*",0,₹0,1000,3668(1),3668(1),4394(1),-,-,-,-,-,-,-,-,-
GUJ Govt-AllGujStud.,GQ-SE,Gujarat,"PDU Med Coll, Rajkot",FORENSIC MEDICINE,"₹30,000*","₹1,00,800",0*,₹0*,750,3320(1),4132(1),4398(1),-,-,-,-,-,-,-,-,-
GUJ Govt-Inst. Pref,UQ-SC,Gujarat,"Govt Med Coll, Surat",MICROBIOLOGY,"₹30,000*","₹1,00,800",1*,"₹40,00,000*",1150,4402(1),4402(1),4402(1),-,-,-,-,-,-,-,-,-
GUJ Govt-AllGujStud.,GQ-ST,Gujarat,"PDU Med Coll, Rajkot",ANATOMY,"₹30,000*","₹1,00,800",0*,₹0*,750,4406(1),-,-,-,-,-,-,-,-,-,-,-
GUJ Govt-AllGujStud.,GQ-ST,Gujarat,"Pramukhswami Med Coll, Karmsad",SPM,"₹2,50,000*","₹84,000*",0,₹0,1000,4235(1),4406(1),4406(1),-,-,-,-,-,-,-,-,-
GUJ Govt-AllGujStud.,GQ-ST,Gujarat,"CU Shah, Surendra Nagar",MICROBIOLOGY,"₹2,75,000*","₹84,000*",0,₹0,590,4411(1),-,-,-,-,-,-,-,-,-,-,-
GUJ Govt-AllGujStud.,GQ-OP,Gujarat,"Govt Med Coll, Surat",FORENSIC MEDICINE,"₹30,000*","₹1,00,800",0*,₹0*,1150,2509(1),4198(2),4355(2),4425(2),-,-,-,-,-,-,-,-
GUJ Govt-AllGujStud.,GQ-SE,Gujarat,"Govt Med Coll, Bhavnagar",FORENSIC MEDICINE,"₹30,000*","₹1,00,800",0*,₹0*,720,3279(1),4336(1),4430(1),-,-,-,-,-,-,-,-,-
GUJ Govt-AllGujStud.,GQ-ST,Gujarat,"Parul IMS&R, Vadodara",ENT,"₹10,00,000*","₹1,00,800*",0,₹0,750,4247(1),4326(1),4434(1),-,-,-,-,-,-,-,-,-
GUJ Govt-Inservice,IQ-OP,Gujarat,"GMERS MedColl Hosp,Valsad",DNBGENERAL SURGERY,-,-,-,-,650,-,-,4440(1),-,-,-,-,-,-,-,-,-
GUJ Govt-AllGujStud.,GQ-SE,Gujarat,"AMCET, Ahmedabad",SPM,"₹9,67,000*","₹1,00,800*",0,₹0,1050,3670(1),3960(1),4453(1),-,-,-,-,-,-,-,-,-
GUJ Govt-Inservice,IQ-SE,Gujarat,"GMERS MedColl Hosp,Sola",DNBPAEDIATRICS,-,-,-,-,-,4374(1),4374(1),4457(1),-,-,-,-,-,-,-,-,-
GUJ Govt-Inst. Pref,UQ-ST,Gujarat,"BJMC, Ahmedabad",MICROBIOLOGY,"₹30,000*","₹1,00,800",1*,"₹40,00,000*",1557,4213(1),4246(1),4470(1),-,-,-,-,-,-,-,-,-
GUJ Govt-AllGujStud.,GQ-SE,Gujarat,"Surat Municipal, Surat",PHARMACOLOGY,"₹12,50,000*","₹84,000*",0,₹0,750,3694(1),3405(1),4330(1),4489(1),-,-,-,-,-,-,-,-
GUJ Govt-Inst. Pref,UQ-SC,Gujarat,"BJMC, Ahmedabad",MICROBIOLOGY,"₹30,000*","₹1,00,800",1*,"₹40,00,000*",1557,4116(1),4356(1),4439(1),4493(1),-,-,-,-,-,-,-,-
GUJ Govt-AllGujStud.,GQ-ST,Gujarat,"Pramukhswami Med Coll, Karmsad",PSYCHIATRY,"₹21,00,000*","₹84,000*",0,₹0,1000,3894(1),3850(1),4073(1),4516(1),-,-,-,-,-,-,-,-
GUJ Govt-AllGujStud.,GQ-OP,Gujarat,"Parul IMS&R, Vadodara",BIOCHEMISTRY,"₹1,000*","₹1,00,800*",0,₹0,750,3355(1),-,4518(3),-,-,-,-,-,-,-,-,-
GUJ Govt-AllGujStud.,GQ-ST,Gujarat,"CU Shah, Surendra Nagar",PATHOLOGY,"₹9,00,000*","₹84,000*",0,₹0,590,4138(1),4299(2),4438(2),4558(1),-,-,-,-,-,-,-,-
GUJ Govt-AllGujStud.,GQ-SC,Gujarat,"Pramukhswami Med Coll, Karmsad",FORENSIC MEDICINE,"₹2,50,000*","₹84,000*",0,₹0,1000,4270(1),4270(1),4595(1),-,-,-,-,-,-,-,-,-
GUJ Govt-Inst. Pref,UQ-OP,Gujarat,"Govt Med Coll, Surat",BIOCHEMISTRY,"₹30,000*","₹1,00,800",0*,₹0*,1150,4089(1),3775(1),4660(1),-,-,-,-,-,-,-,-,-
GUJ Govt-AllGujStud.,GQ-SE-PH,Gujarat,"PDU Med Coll, Rajkot",DERMATOLOGY,"₹30,000*","₹1,00,800",1*,"₹40,00,000*",750,2680(1),3962(1),4662(1),-,-,-,-,-,-,-,-,-
GUJ Govt-Inservice,IQ-OP,Gujarat,"GMERS Med Coll Hosp, Junagadh",DGO(NBEMS),-,-,-,-,Info Not Available,-,-,4693(1),-,-,-,-,-,-,-,-,-
GUJ Govt-Inservice,IQ-OP,Gujarat,"GMERS MedColl Hosp,Vadadora",DNBORTHOPAEDICS,-,-,-,-,750,-,3938(1),4699(1),-,-,-,-,-,-,-,-,-
GUJ Govt-Inservice,IQ-OP,Gujarat,"GMERS MedColl Hosp,Gandhinagar",DNBGENERAL SURGERY,-,-,-,-,770,-,-,4700(1),-,-,-,-,-,-,-,-,-
GUJ Govt-AllGujStud.,GQ-ST,Gujarat,"Dr MK Shah Med Coll, Ahmedabad",MICROBIOLOGY,"₹8,50,000*","₹84,000*",0,₹0,350,-,-,-,-,-,4734(1),-,-,-,-,-,-
GUJ Govt-AllGujStud.,GQ-SC,Gujarat,"PDU Med Coll, Rajkot",MICROBIOLOGY,"₹30,000*","₹1,00,800",1*,"₹40,00,000*",750,2951(1),4053(1),4744(1),-,-,-,-,-,-,-,-,-
GUJ Govt-Inservice,IQ-OP,Gujarat,"MP Shah, Jamnagar",SPM,"₹30,000*","₹1,00,800",0*,₹0*,1250,4174(1),4174(1),4749(1),-,-,-,-,-,-,-,-,-
GUJ Govt-AllGujStud.,GQ-SE,Gujarat,"Pramukhswami Med Coll, Karmsad",MICROBIOLOGY,"₹4,50,000*","₹84,000*",0,₹0,1000,3783(1),4385(1),4754(1),-,-,-,-,-,-,-,-,-
GUJ Govt-Inst. Pref,UQ-OP,Gujarat,"Parul IMS&R, Vadodara",EMERGENCY MEDICINE,"₹20,00,000*","₹1,00,800*",0,₹0,750,1869(1),2954(1),4756(1),-,-,-,-,-,-,-,-,-
GUJ Govt-Inservice,IQ-OP,Gujarat,"GMERS MedColl Hosp,Vadadora",DGO(NBEMS),-,-,-,-,750,-,-,4762(1),-,-,-,-,-,-,-,-,-
GUJ Govt-AllGujStud.,GQ-ST,Gujarat,"Govt Med Coll, Surat",BIOCHEMISTRY,"₹30,000*","₹1,00,800",0*,₹0*,1150,4325(1),4325(1),4673(1),4781(1),-,-,-,-,-,-,-,-
GUJ Govt-AllGujStud.,GQ-ST,Gujarat,"Govt Med Coll, Surat",DCP,"₹20,000*","₹75,600*",1*,"₹40,00,000*",1150,3870(1),4345(1),4573(1),4657(1),4703(1),4806(1),-,-,-,-,-,-
GUJ Govt-Inservice,IQ-OP,Gujarat,"GMERS, Sola",DNBPAEDIATRICS,-,-,-,-,900,-,-,-,4811(1),-,-,-,-,-,-,-,-
GUJ Govt-Inservice,IQ-OP,Gujarat,"State Hospital, Dharampur",DNBANAESTHESIOLOGY,-,-,-,-,-,-,-,4812(1),-,-,-,-,-,-,-,-,-
GUJ Govt-AllGujStud.,GQ-SE,Gujarat,"BJMC, Ahmedabad",ANATOMY,"₹30,000*","₹1,00,800",0*,₹0*,1557,4070(1),4301(1),4827(1),-,-,-,-,-,-,-,-,-
GUJ Govt-AllGujStud.,GQ-OP,Gujarat,"Govt Med Coll, Surat",DCM,"₹20,000*","₹75,600*",0*,₹0*,1150,-,-,-,-,-,-,4848(1),-,-,-,-,-
GUJ Govt-Inservice,IQ-OP,Gujarat,"General Hospital, Morbi",DA(NBEMS),-,-,-,-,Info Not Available,-,-,4863(1),-,-,-,-,-,-,-,-,-
GUJ Govt-Inst. Pref,UQ-ST,Gujarat,"Dr MK Shah Med Coll, Ahmedabad",MICROBIOLOGY,"₹8,50,000*","₹84,000*",0,₹0,350,4288(1),4411(1),4777(1),4815(1),4902(1),-,-,-,-,-,-,-
GUJ Govt-AllGujStud.,GQ-OP,Gujarat,"Surat Municipal, Surat",ANATOMY,"₹12,50,000*","₹84,000*",0,₹0,750,-,-,4946(1),-,-,-,-,-,-,-,-,-
GUJ Govt-AllGujStud.,GQ-ST,Gujarat,"Govt Med Coll, Surat",DCM,"₹20,000*","₹75,600*",0*,₹0*,1150,4278(1),4275(1),4729(1),4773(1),4774(1),4955(1),-,-,-,-,-,-
GUJ Govt-Inservice,IQ-OP,Gujarat,"General Hospital,Jamkhambhaliya",DA(NBEMS),-,-,-,-,-,-,-,4996(1),-,-,-,-,-,-,-,-,-
GUJ Govt-AllGujStud.,GQ-SE,Gujarat,"CU Shah, Surendra Nagar",MICROBIOLOGY,"₹2,75,000*","₹84,000*",0,₹0,590,3208(1),4022(1),4525(1),4997(1),-,-,-,-,-,-,-,-
GUJ Govt-AllGujStud.,GQ-SC,Gujarat,"Surat Municipal, Surat",SPM,"₹12,50,000*","₹84,000*",0,₹0,750,3855(1),4376(1),5039(1),4984(1),-,-,-,-,-,-,-,-