Quota,Category,State,Institute,Course,Fee,Stipend Year 1,Bond Years,Bond Penalty,Beds,CR 2023 0,CR 2023 1,CR 2023 2,CR 2023 3,CR 2023 4,CR 2023 5,CR 2023 6,CR 2024 0,CR 2024 1,CR 2024 2,CR 2024 3,CR 2024 4,CR 2024 5
KAR Govt Quota-Open,GM,Karnataka,"Shimoga IMS, Shimoga",RADIO DIAGNOSIS,"₹1,24,150*","₹56,250",3*,"₹50,00,000*",950,-,-,-,-,-,-,-,-,-,-,2864(1),8949(1),-
KAR Govt Quota-Open,GM,Karnataka,"ESIC Med Coll,Gulbarga",GENERAL MEDICINE,"₹2,50,000*","₹1,11,780*",2*,"₹10,00,000*",480,-,-,-,-,-,-,-,1519(1),1459(1),2912(1),3116(1),11337(1),-
KAR Govt Quota-Open,GM,Karnataka,Karwar Inst of Med Sciences,GENERAL MEDICINE,"₹1,24,150*","₹56,250",3*,"₹50,00,000*",650,-,-,-,-,-,-,-,1546(1),1546(1),2933(1),5180(1),11828(1),-
KAR Govt Quota-Open,GMH,Karnataka,"Raichur IMS, Raichur",GENERAL MEDICINE,"₹1,24,150*","₹56,250",3*,"₹50,00,000*",500,-,-,-,-,-,-,-,1606(1),1606(1),3891(1),5216(1),-,-
KAR Priv Seats-Open,OPN,Karnataka,"St John's, Bangalore",GENERAL MEDICINE,"₹12,40,025*","₹45,000",1*,"₹5,00,000*",1720,898(2),1804(2),2336(2),-,-,-,-,59(1),59(1),1187(1),6317(1),-,-
KAR Govt Quota-Open,GM,Karnataka,"SSIMS & RC, Davangere",RADIO DIAGNOSIS,"₹7,83,858*","₹30,000",1*,"₹50,00,000*",1190,2170(2),2099(2),3395(2),-,-,-,-,1300(1),1300(1),2660(1),7708(1),9584(1),-
KAR Govt Quota-Open,GM,Karnataka,"Gulbarga IMS, Gulbarga",PAEDIATRICS,"₹1,24,150*","₹56,250",3*,"₹50,00,000*",873,-,-,-,-,-,-,-,-,-,6368(1),8949(1),11756(1),-
KAR Priv Seats-Open,OPN,Karnataka,"Navodaya Med Coll, Raichur",RADIO DIAGNOSIS,"₹13,88,744*","₹10,000*",1*,"₹50,00,000*",1110,-,-,-,-,-,-,-,4816(1),4816(1),11258(1),9460(1),-,-
KAR Govt Quota-Open,GM,Karnataka,"Shimoga IMS, Shimoga",PAEDIATRICS,"₹1,24,150*","₹56,250",3*,"₹50,00,000*",950,-,-,7157(1),-,-,-,-,1954(2),1981(2),5826(2),9584(1),18870(1),-
KAR Govt Quota-Open,GM,Karnataka,"Mysore Med Coll, Mysore",GENERAL SURGERY,"₹1,24,150*","₹56,250",3*,"₹50,00,000*",1050,3353(3),3736(3),5352(3),-,-,-,-,3178(4),3178(4),7043(4),10272(1),9974(1),-
KAR Priv Seats-Open,OPN,Karnataka,"VIMS (Vydehi), Bangalore",GENERAL MEDICINE,"₹13,88,744*","₹29,000*",1*,"₹50,00,000*",1600,5810(2),4593(2),9231(2),-,-,-,-,6108(1),2758(1),7210(1),10274(1),-,-
KAR Govt Quota-Open,GM,Karnataka,"Bangalore Med Coll, Bangalore",TBRD,"₹1,24,150*","₹56,250",3*,"₹50,00,000*",1993,3570(1),3538(1),8983(1),-,-,-,-,2045(1),1939(1),13420(1),11337(1),23935(1),-
KAR Govt Quota-Open,2AG,Karnataka,"Mysore Med Coll, Mysore",PAEDIATRICS,"₹1,24,150*","₹56,250",3*,"₹50,00,000*",1050,3750(1),3750(1),5113(1),-,-,-,-,3589(1),3607(1),5774(1),11398(1),11398(1),-
KAR Govt Quota-Open,GM,Karnataka,"Bidar IMS, Bidar",OBG,"₹1,24,150*","₹56,250",3*,"₹50,00,000*",500,-,-,-,-,-,-,-,4732(1),3919(1),9826(1),11756(1),18054(1),17784(1)
KAR Priv Seats-Open,OPN,Karnataka,"AJIMS, Mangalore",GENERAL MEDICINE,"₹13,88,744*","₹30,000",1*,"₹50,00,000*",910,5435(1),4794(1),7617(1),-,-,-,-,5554(1),4835(1),6302(1),14097(1),18705(1),-
KAR Priv Seats-Open,OPN,Karnataka,"Kempegowda IMS, Bangalore",PAEDIATRICS,"₹13,88,744*","₹35,000*",1*,"₹50,00,000*",1100,7073(2),7073(2),13607(2),-,-,-,-,8002(4),7657(4),12310(3),14138(1),-,-
KAR Govt Quota-Open,3AG,Karnataka,Karwar Inst of Med Sciences,OBG,"₹1,24,150*","₹56,250",3*,"₹50,00,000*",650,-,-,-,-,-,-,-,4942(1),4093(1),10242(1),14384(1),19021(1),-
KAR Priv Seats-Min.,RC3,Karnataka,"St John's, Bangalore",GENERAL MEDICINE,"₹12,40,025*","₹45,000",1*,"₹5,00,000*",1720,5504(5),5504(5),13154(5),-,-,-,-,4759(3),4759(3),6199(2),14425(1),-,-
KAR Priv Seats-Open,OPN,Karnataka,"Oxford Med Coll, Bangalore",GENERAL MEDICINE,"₹13,88,744*","₹30,000*",1*,"₹50,00,000*",770,9677(1),6546(1),16185(1),17809(1),-,-,-,8681(1),6622(1),13883(1),15206(1),22744(1),-
KAR Govt Quota-Open,2AG,Karnataka,"Mysore Med Coll, Mysore",GENERAL SURGERY,"₹1,24,150*","₹56,250",3*,"₹50,00,000*",1050,6599(1),7065(1),7065(1),-,-,-,-,5655(2),3525(2),12452(2),15755(1),-,-
KAR Govt Quota-Open,GM,Karnataka,"VIMS (Vydehi), Bangalore",OBG,"₹7,83,858*","₹29,000*",1*,"₹50,00,000*",1600,9456(1),8550(1),11845(1),-,-,-,-,7930(1),7871(1),15426(1),16580(1),25209(1),-
KAR Govt Quota-Open,GM,Karnataka,"DR BR Ambedkar, Bangalore",PAEDIATRICS,"₹7,83,858*","₹10,000*",1*,"₹50,00,000*",570,-,-,-,-,-,-,-,5825(1),6143(1),10824(1),17502(1),-,-
KAR Govt Quota-Open,2BG,Karnataka,"Chamrajanagar IMS, Karnataka",GENERAL MEDICINE,"₹1,24,150*","₹56,250",3*,"₹50,00,000*",750,-,-,-,-,-,-,-,2742(1),2742(1),7224(1),17673(1),20303(1),-
KAR Priv Seats-GMP,GMP,Karnataka,"MVJMC&RH, Bangalore",GENERAL MEDICINE,"₹13,88,744*","₹10,000*",1*,"₹50,00,000*",833,12546(1),8373(1),14384(1),-,-,-,-,-,-,-,17699(1),-,-
KAR Priv Seats-GMP,GMP,Karnataka,"Kempegowda IMS, Bangalore",PAEDIATRICS,"₹13,88,744*","₹35,000*",1*,"₹50,00,000*",1100,9683(1),7865(1),13862(1),-,-,-,-,10022(3),9483(3),13117(3),17772(1),19475(1),-
KAR Govt Quota-Open,GM,Karnataka,"Mysore Med Coll, Mysore",ORTHOPAEDICS,"₹1,24,150*","₹56,250",3*,"₹50,00,000*",1050,4278(1),4009(1),9388(2),-,-,-,-,3665(2),3665(2),9875(2),17808(2),-,-
KAR Govt Quota-Open,GM,Karnataka,"SMC, Shimoga",OBG,"₹7,83,858*",Info not available,1*,"₹50,00,000*",1250,-,-,-,18715(1),-,-,-,11211(1),9493(1),16844(1),18054(1),22690(1),-
KAR Govt Quota-Open,2AG,Karnataka,"SSIMS & RC, Davangere",GENERAL MEDICINE,"₹7,83,858*","₹30,000",1*,"₹50,00,000*",1190,-,-,-,-,-,-,-,5204(1),5758(1),7036(1),18129(1),-,-
KAR Govt Quota-Open,GM,Karnataka,"Gadag IMS, Gadag",GENERAL SURGERY,"₹1,24,150*","₹56,250",3*,"₹50,00,000*",Info Not Available,-,-,-,-,-,-,-,4794(1),5007(1),12086(2),18705(1),22270(1),-
KAR Priv Seats-Open,OPN,Karnataka,"SDM College, Dharwad",PAEDIATRICS,"₹28,75,650*","₹45,000*",1*,"₹50,00,000*",670,16052(2),16052(2),30478(2),-,-,-,-,14761(1),8693(1),16150(1),18870(1),41125(1),-
KAR Govt Quota-Open,2AG,Karnataka,"MVJMC&RH, Bangalore",PAEDIATRICS,"₹7,83,858*","₹10,000*",1*,"₹50,00,000*",833,-,-,-,-,-,-,-,11574(1),11574(1),18154(1),19475(1),23199(1),-
KAR Govt Quota-Open,GM,Karnataka,"Kempegowda IMS, Bangalore",ORTHOPAEDICS,"₹7,83,858*","₹35,000*",1*,"₹50,00,000*",1100,11083(1),9682(1),20849(1),-,-,-,-,10438(2),10438(2),14975(2),20189(1),30307(1),-
KAR Govt Quota-Open,GMH,Karnataka,"ESIC Med Coll,Gulbarga",ORTHOPAEDICS,"₹2,50,000*","₹1,11,780*",2*,"₹10,00,000*",480,-,-,-,-,-,-,-,8938(1),8555(1),11687(1),20221(1),20221(1),-
KAR Govt Quota-Open,2AG,Karnataka,"MVJMC&RH, Bangalore",GENERAL MEDICINE,"₹7,83,858*","₹10,000*",1*,"₹50,00,000*",833,7729(1),7729(1),9230(1),-,-,-,-,-,-,-,20623(1),20793(1),-
KAR Govt Quota-Open,GM,Karnataka,"Kempegowda IMS, Bangalore",GENERAL SURGERY,"₹7,83,858*","₹35,000*",1*,"₹50,00,000*",1100,10538(2),9619(2),18289(3),-,-,-,-,5762(1),5762(1),14590(2),20793(1),29249(1),-
KAR Govt Quota-Open,2AH,Karnataka,"MS Ramaiah, Bangalore",PAEDIATRICS,"₹8,08,858*","₹45,000",1*,"₹50,00,000*",1331,-,-,-,-,-,-,-,11341(1),11341(1),13517(1),21410(1),-,-
KAR Govt Quota-Open,GM,Karnataka,"Mandya IMS, Mandya",ANAESTHESIOLOGY,"₹1,24,150*","₹56,250",3*,"₹50,00,000*",Info Not Available,11140(2),11114(2),23447(2),-,-,-,-,8576(3),8266(3),18829(4),21708(1),28728(1),-
KAR Govt Quota-Open,2AG,Karnataka,"Nijalingappa, Bagalkot",DERMATOLOGY,"₹7,83,858*","₹10,000*",1*,"₹50,00,000*",1140,-,-,-,-,-,-,-,-,-,18317(1),21963(1),25744(1),-
KAR Priv Seats-GMP,GMPH,Karnataka,"Nijalingappa, Bagalkot",PAEDIATRICS,"₹13,88,744*","₹10,000*",1*,"₹50,00,000*",1140,-,-,-,-,-,-,-,17911(1),14970(1),19187(1),22627(1),26655(1),-
KAR Priv Seats-GMP,GMP,Karnataka,"KVG Med Coll, Sullia",DERMATOLOGY,"₹13,88,744*","₹7,500",1*,"₹50,00,000*",682,-,-,-,-,-,-,-,12548(1),10714(1),15045(1),22786(1),22786(1),-
KAR Govt Quota-Open,2BG,Karnataka,"Father Mullers, Mangalore",PAEDIATRICS,"₹7,83,858*","₹35,000*",1*,"₹50,00,000*",1250,-,-,-,-,-,-,-,9864(1),7224(1),7372(1),22820(1),22820(1),-
KAR Govt Quota-Open,GM,Karnataka,"Dharward IMHANS, Dharwad",PSYCHIATRY,"₹1,24,150*","₹56,250",3*,"₹50,00,000*",375,-,-,-,-,-,-,-,2910(1),6209(1),18357(2),22873(1),-,-
KAR Priv Seats-GMP,GMP,Karnataka,"East Point College,Bangalore",DERMATOLOGY,"₹13,88,744*","₹20,000",1*,"₹50,00,000*",-,-,-,-,-,-,-,-,-,-,-,22998(1),29739(1),-
KAR Priv Seats-Open,OPN,Karnataka,"Navodaya Med Coll, Raichur",PAEDIATRICS,"₹13,88,744*","₹10,000*",1*,"₹50,00,000*",1110,12391(1),11840(1),17072(1),-,-,-,-,14149(1),12544(1),18834(1),23289(1),23289(1),-
KAR Priv Seats-Min.,MC,Karnataka,"Father Mullers, Mangalore",DERMATOLOGY,"₹13,88,744*","₹35,000*",1*,"₹50,00,000*",1250,-,-,-,-,-,-,-,16669(3),16669(3),9774(1),23561(1),-,-
KAR Govt Quota-Open,GM,Karnataka,"KIMS, Hubli",PSYCHIATRY,"₹1,24,150*","₹56,250",3*,"₹50,00,000*",1200,10590(1),6754(1),19966(1),-,-,-,-,5197(1),5197(1),16100(1),23803(1),-,-
KAR Govt Quota-Open,GM,Karnataka,"DR BR Ambedkar, Bangalore",GENERAL SURGERY,"₹7,83,858*","₹10,000*",1*,"₹50,00,000*",570,-,-,-,-,-,-,-,12920(1),12830(1),16660(1),24314(1),-,-
KAR Priv Seats-GMP,GMP,Karnataka,"KVG Med Coll, Sullia",PAEDIATRICS,"₹13,88,744*","₹7,500",1*,"₹50,00,000*",682,13607(1),13325(1),18436(1),-,-,-,-,15426(1),12611(1),17436(1),24395(1),24486(1),-
KAR Govt Quota-Open,GM,Karnataka,"Srinivasa IMS, Srinivasanagar",TBRD,"₹8,08,858*","₹29,000*",1*,"₹50,00,000*",660,-,-,-,-,-,-,-,15240(1),12604(1),18241(1),24622(1),-,-
KAR Govt Quota-Open,3AG,Karnataka,"ESI, Bangalore",ANAESTHESIOLOGY,"₹2,50,000*","₹1,11,780*",2*,"₹10,00,000*",530,12473(1),11391(1),16650(1),-,-,-,-,-,-,17291(1),24814(1),24814(1),-
KAR Priv Seats-GMP,GMP,Karnataka,"Nijalingappa, Bagalkot",DERMATOLOGY,"₹13,88,744*","₹10,000*",1*,"₹50,00,000*",1140,-,-,-,-,-,-,-,11726(1),7270(1),14747(1),24997(1),24997(1),-
KAR Priv Seats-Min.,ME,Karnataka,"VIMS (Vydehi), Bangalore",GENERAL MEDICINE,"₹13,88,744*","₹29,000*",1*,"₹50,00,000*",1600,16596(3),16193(3),16596(3),-,-,-,-,13750(3),12574(3),15118(3),25309(1),25309(1),-
KAR Govt Quota-Open,GM,Karnataka,"BGS IMS, Bangalore",ORTHOPAEDICS,"₹7,83,858*","₹25,000*",1*,"₹50,00,000*",766,-,-,-,-,-,-,-,13677(1),13677(1),19621(1),25546(1),-,-
KAR Govt Quota-Open,GM,Karnataka,"JJM Med Coll, Davangere",ANAESTHESIOLOGY,"₹7,83,858*","₹30,000*",1*,"₹50,00,000*",1930,18570(2),15538(2),31178(3),-,-,-,-,14244(2),13172(2),22541(2),25722(1),32271(1),-
KAR Govt Quota-Open,2AG,Karnataka,"VIMS, Bellary",ANAESTHESIOLOGY,"₹1,24,150*","₹56,250",3*,"₹50,00,000*",1295,-,-,-,-,-,-,-,9521(1),9521(1),21825(1),25744(1),31118(1),-
KAR Govt Quota-Open,GM,Karnataka,"JJM Med Coll, Davangere",ORTHOPAEDICS,"₹7,83,858*","₹30,000*",1*,"₹50,00,000*",1930,8359(1),8359(1),18643(1),-,-,-,-,9913(1),7357(1),9913(1),25770(1),25770(1),-
KAR Priv Seats-Open,OPN,Karnataka,"Kempegowda IMS, Bangalore",TBRD,"₹13,88,744*","₹35,000*",1*,"₹50,00,000*",1100,-,-,-,-,-,-,-,9990(1),9990(1),-,26655(1),31148(1),-
KAR Govt Quota-Open,3AG,Karnataka,"KVG Med Coll, Sullia",ANAESTHESIOLOGY,"₹7,83,858*","₹7,500",1*,"₹50,00,000*",682,-,-,-,-,-,-,-,25792(1),24226(1),38984(1),26988(1),45818(1),-
KAR Govt Quota-Open,GM,Karnataka,"JJM Med Coll, Davangere",OPHTHALMOLOGY,"₹7,83,858*","₹30,000*",1*,"₹50,00,000*",1930,14480(2),14480(2),28579(3),-,-,-,-,9374(1),8981(1),17912(2),27606(1),27606(1),-
KAR Govt Quota-Open,GM,Karnataka,"Raichur IMS, Raichur",PATHOLOGY,"₹69,150*","₹56,250",3*,"₹50,00,000*",500,-,-,-,-,169946(1),-,-,23803(1),21003(1),27777(1),27777(1),-,-
KAR Govt Quota-Open,3BG,Karnataka,"MS Ramaiah, Bangalore",ANAESTHESIOLOGY,"₹8,08,858*","₹45,000",1*,"₹50,00,000*",1331,20809(1),20809(1),30232(1),-,-,-,-,20817(1),12695(1),24313(1),28111(1),36479(1),-
KAR Priv Seats-Open,OPN,Karnataka,"SMC, Shimoga",OBG,"₹13,88,744*",Info not available,1*,"₹50,00,000*",1250,-,-,-,22899(1),-,-,-,15130(1),14519(1),20071(1),28575(1),28575(1),-
KAR Govt Quota-Open,GM,Karnataka,"Mysore Med Coll, Mysore",SPM,"₹69,150*","₹56,250",3*,"₹50,00,000*",1050,15812(1),18895(1),58559(1),-,-,-,-,20099(1),20745(1),28769(1),28769(1),85910(2),-
KAR Govt Quota-Open,2BG,Karnataka,"Bangalore Med Coll, Bangalore",TBRD,"₹1,24,150*","₹56,250",3*,"₹50,00,000*",1993,-,-,-,-,-,-,-,5950(1),5950(1),14063(1),28775(1),28775(1),-
KAR Priv Seats-Open,OPN,Karnataka,"SSIMS & RC, Davangere",TBRD,"₹13,88,744*","₹30,000",1*,"₹50,00,000*",1190,14402(1),10459(1),22382(1),-,-,-,-,14727(1),14657(1),22943(1),29174(1),-,-
KAR Priv Seats-Open,OPN,Karnataka,"Kempegowda IMS, Bangalore",ORTHOPAEDICS,"₹13,88,744*","₹35,000*",1*,"₹50,00,000*",1100,13174(1),11083(1),17913(1),-,-,-,-,17007(3),16553(3),21205(3),29580(1),34672(1),-
KAR Govt Quota-Open,2AG,Karnataka,"JJM Med Coll, Davangere",ORTHOPAEDICS,"₹7,83,858*","₹30,000*",1*,"₹50,00,000*",1930,-,-,-,-,-,-,-,15936(1),15936(1),23935(2),29644(1),29644(1),-
KAR Govt Quota-Open,GM,Karnataka,"Basaveswara, Chitradurga",GENERAL SURGERY,"₹7,83,858*","₹5,000*",1*,"₹50,00,000*",500,-,-,-,-,-,-,-,16844(1),17244(1),23955(1),29880(1),34135(1),-
KAR Govt Quota-Open,GM,Karnataka,"Kempegowda IMS, Bangalore",OPHTHALMOLOGY,"₹7,83,858*","₹35,000*",1*,"₹50,00,000*",1100,10256(1),10256(1),28153(1),-,-,-,-,12070(1),10722(1),20567(1),30296(1),-,-
KAR Priv Seats-Open,OPN,Karnataka,"Father Mullers, Mangalore",PSYCHIATRY,"₹13,88,744*","₹35,000*",1*,"₹50,00,000*",1250,-,-,-,-,-,-,-,10763(1),10763(1),10763(1),30299(1),-,-
KAR Govt Quota-Open,2AG,Karnataka,"JJM Med Coll, Davangere",ANAESTHESIOLOGY,"₹7,83,858*","₹30,000*",1*,"₹50,00,000*",1930,27240(1),20130(1),41090(1),-,-,-,-,24096(1),22318(1),24065(1),31118(1),37273(1),-
KAR Priv Seats-GMP,GMPH,Karnataka,"Kempegowda IMS, Bangalore",OBG,"₹13,88,744*","₹35,000*",1*,"₹50,00,000*",1100,15468(1),11095(1),16743(1),-,-,-,-,16243(1),15572(1),18100(1),31146(1),-,-
KAR Priv Seats-GMP,GMP,Karnataka,"Oxford Med Coll, Bangalore",TBRD,"₹13,88,744*","₹30,000*",1*,"₹50,00,000*",770,-,-,-,-,-,-,-,18358(1),18094(1),33056(1),31148(1),44878(1),-
KAR Govt Quota-Open,GM,Karnataka,"Akash IMS,Devanhalli,Bangalore",OPHTHALMOLOGY,"₹7,83,858*","₹20,000",1*,"₹50,00,000*",760,21579(1),23308(1),38131(1),-,-,-,-,22800(1),17942(1),30083(1),31173(1),-,-
KAR Priv Seats-Open,OPN,Karnataka,"Shridevi IMS, Tumkur",OPHTHALMOLOGY,"₹13,88,744*",Info not available*,1*,"₹50,00,000*",750,28280(1),24693(1),33349(1),79089(1),-,-,-,21262(1),21262(1),40115(1),31175(1),37192(1),-
KAR Govt Quota-Open,GM,Karnataka,"Akash IMS,Devanhalli,Bangalore",ORTHOPAEDICS,"₹7,83,858*","₹20,000",1*,"₹50,00,000*",760,16283(1),13213(1),25683(1),-,-,-,-,-,-,28815(1),31197(1),-,-
KAR Priv Seats-GMP,GMP,Karnataka,"St John's, Bangalore",ANAESTHESIOLOGY,"₹12,40,025*","₹45,000",1*,"₹5,00,000*",1720,20370(2),20053(2),35913(2),-,-,-,-,15854(2),14705(2),28437(2),31200(1),-,-
KAR Govt Quota-Open,1G,Karnataka,"KIMS, Hubli",ORTHOPAEDICS,"₹1,24,150*","₹56,250",3*,"₹50,00,000*",1200,11752(1),11752(1),18226(1),-,-,-,-,-,-,17773(1),31283(1),34392(1),-
KAR Govt Quota-Open,GM,Karnataka,"ESI, Bangalore",PHARMACOLOGY,"₹2,50,000*","₹1,11,780*",2*,"₹10,00,000*",530,-,-,-,-,-,-,-,38993(1),31335(1),46248(2),31335(1),31335(1),-
KAR Govt Quota-Open,GM,Karnataka,"AIMS, Adichunchanagiri, Bellur",GENERAL SURGERY,"₹7,83,858*","₹23,750",1*,"₹50,00,000*",1120,11460(1),11156(1),20358(1),-,-,-,-,13165(3),13165(3),21420(4),31673(2),32404(1),-
KAR Govt Quota-Open,GM,Karnataka,"Sapthagiri IMS&RC, Bangalore",ANAESTHESIOLOGY,"₹8,09,608*","₹10,000*",1*,"₹50,00,000*",500,28899(5),24618(5),48050(7),56912(1),-,-,-,25594(6),20281(6),36360(12),31717(1),31717(1),-
KAR Priv Seats-GMP,GMP,Karnataka,"Navodaya Med Coll, Raichur",OBG,"₹13,88,744*","₹10,000*",1*,"₹50,00,000*",1110,-,-,-,-,-,-,-,17879(2),16813(2),23402(2),31722(1),30688(1),-
KAR Govt Quota-Open,2BH,Karnataka,"MVJMC&RH, Bangalore",DERMATOLOGY,"₹7,83,858*","₹10,000*",1*,"₹50,00,000*",833,-,-,-,-,-,-,-,25581(1),24994(1),30558(1),31726(1),31726(1),-
KAR Govt Quota-Open,GM,Karnataka,"Mysore Med Coll, Mysore",PATHOLOGY,"₹69,150*","₹56,250",3*,"₹50,00,000*",1050,12936(2),16750(2),44378(3),44378(1),-,-,-,-,-,32059(2),32059(2),32059(1),-
KAR Govt Quota-Open,SCG,Karnataka,"Kidwai Memorial, Bangalore",RADIO DIAGNOSIS,"₹1,24,150*","₹56,250",3*,"₹50,00,000*",680,-,-,-,-,-,-,-,2723(1),2299(1),7041(1),32148(1),32148(1),-
KAR Govt Quota-Open,GM,Karnataka,"Kanachur IMS, Mangalore",GENERAL SURGERY,"₹7,83,858*",Info not available,1*,"₹50,00,000*",785,18371(1),14463(1),31803(1),-,-,-,-,18231(1),17338(1),24272(1),32224(1),-,-
KAR Govt Quota-Open,GM,Karnataka,"SMC, Shimoga",ANAESTHESIOLOGY,"₹7,83,858*",Info not available,1*,"₹50,00,000*",1250,-,-,-,-,-,-,-,26465(1),19617(1),31442(1),32271(1),34465(1),-
KAR Priv Seats-GMP,GMPH,Karnataka,"JJM Med Coll, Davangere",OPHTHALMOLOGY,"₹13,88,744*","₹30,000*",1*,"₹50,00,000*",1930,30300(1),30272(1),32197(1),-,-,-,-,35121(1),22316(1),35121(1),32404(1),37799(1),-
KAR Govt Quota-Open,GM,Karnataka,"MVJMC&RH, Bangalore",ANAESTHESIOLOGY,"₹7,83,858*","₹10,000*",1*,"₹50,00,000*",833,-,-,44005(1),-,-,-,-,21704(1),17280(1),31407(1),32502(1),-,-
KAR Govt Quota-Open,GM,Karnataka,"Father Mullers, Mangalore",PATHOLOGY,"₹2,07,777*","₹35,000*",1*,"₹50,00,000*",1250,-,-,70784(1),59125(1),-,-,-,32470(1),32732(1),32732(1),32732(1),32732(1),-
KAR Govt Quota-Open,GM,Karnataka,"Shri Atal Bihari Vajpayee, BLR",PATHOLOGY,"₹69,150*","₹56,250",3*,"₹50,00,000*",956,-,-,46618(1),-,-,-,-,18721(1),18721(1),33189(1),33189(1),51986(1),-
KAR Priv Seats-Open,OPN,Karnataka,"Al-Ameen, Bijapur",OBG,"₹13,88,744*","₹9,000*",1*,"₹50,00,000*",1040,15039(1),11512(1),22013(1),20432(1),-,-,-,16076(1),15314(1),20896(1),33222(1),28111(1),-
KAR Govt Quota-Open,GM,Karnataka,"MVJMC&RH, Bangalore",GENERAL SURGERY,"₹7,83,858*","₹10,000*",1*,"₹50,00,000*",833,-,-,-,-,-,-,-,-,-,-,33510(1),33623(1),-
KAR Govt Quota-Open,3BG,Karnataka,"Mysore Med Coll, Mysore",PATHOLOGY,"₹69,150*","₹56,250",3*,"₹50,00,000*",1050,-,-,-,-,-,-,-,21712(1),15892(1),34190(1),34190(1),-,-
KAR Govt Quota-Open,GM,Karnataka,"MRMC, Gulbarga",ENT,"₹7,83,858*","₹8,000*",1*,"₹50,00,000*",1038,-,-,-,-,-,-,-,21616(1),18231(1),35220(1),34205(1),34205(1),-
KAR Priv Seats-Open,OPN,Karnataka,"MRMC, Gulbarga",PSYCHIATRY,"₹13,88,744*","₹8,000*",1*,"₹50,00,000*",1038,-,-,-,-,-,-,-,23084(1),23084(1),23084(1),34239(1),34239(1),-
KAR Priv Seats-Open,OPN,Karnataka,"VIMS (Vydehi), Bangalore",ANAESTHESIOLOGY,"₹13,88,744*","₹29,000*",1*,"₹50,00,000*",1600,-,-,-,-,-,-,-,26043(1),21258(1),36261(1),34266(1),-,-
KAR Govt Quota-Open,GM,Karnataka,"MS Ramaiah, Bangalore",PATHOLOGY,"₹2,32,777*","₹45,000",1*,"₹50,00,000*",1331,-,-,59125(3),-,-,-,-,11730(1),11730(1),31200(1),34451(1),34451(1),-
KAR Govt Quota-Open,GM,Karnataka,"Bangalore Med Coll, Bangalore",PATHOLOGY,"₹69,150*","₹56,250",3*,"₹50,00,000*",1993,8497(1),7175(1),36385(2),46511(1),46511(1),-,-,15546(2),14250(2),24651(3),34685(3),46581(2),-
KAR Govt Quota-Open,GM,Karnataka,"ESIC Med Coll,Gulbarga",PATHOLOGY,"₹2,50,000*","₹1,11,780*",2*,"₹10,00,000*",480,-,-,-,-,-,-,-,-,-,34960(1),34960(1),-,-
KAR Govt Quota-Open,GM,Karnataka,"ESI, Bangalore",PATHOLOGY,"₹2,50,000*","₹1,11,780*",2*,"₹10,00,000*",530,16750(1),18226(1),46229(2),39888(1),-,-,-,17295(1),16690(1),30299(1),35260(1),-,-
KAR Govt Quota-Open,GM,Karnataka,"Srinivasa IMS, Srinivasanagar",ENT,"₹8,08,858*","₹29,000*",1*,"₹50,00,000*",660,-,-,-,-,-,-,-,23341(1),21815(1),29995(1),35684(1),34685(1),-
KAR Priv Seats-Open,OPN,Karnataka,"MVJMC&RH, Bangalore",GENERAL SURGERY,"₹13,88,744*","₹10,000*",1*,"₹50,00,000*",833,14468(1),14468(1),25402(1),-,-,-,-,16848(1),16848(1),29289(1),35925(1),-,-
KAR Govt Quota-Open,2AG,Karnataka,"Shridevi IMS, Tumkur",ENT,"₹7,83,858*",Info not available*,1*,"₹50,00,000*",750,-,-,-,-,-,-,-,33068(1),30291(1),39224(1),35982(1),35982(1),-
KAR Priv Seats-Open,OPN,Karnataka,"Kempegowda IMS, Bangalore",ANAESTHESIOLOGY,"₹13,88,744*","₹35,000*",1*,"₹50,00,000*",1100,23823(1),23114(1),35860(1),-,-,-,-,25435(4),24621(4),34702(4),36260(1),36932(1),-
KAR Govt Quota-Open,3AG,Karnataka,"Bangalore Med Coll, Bangalore",PATHOLOGY,"₹69,150*","₹56,250",3*,"₹50,00,000*",1993,-,-,-,-,-,-,-,-,-,36339(1),36339(1),-,-
KAR Priv Seats-Open,OPN,Karnataka,"MS Ramaiah, Bangalore",PATHOLOGY,"₹4,40,750*","₹45,000",1*,"₹50,00,000*",1331,34341(1),32098(1),50176(1),-,-,-,-,36932(2),36040(2),36932(2),36932(1),40136(1),-
KAR Priv Seats-GMP,GMP,Karnataka,"St John's, Bangalore",RADIATION ONCOLOGY,"₹12,05,025*","₹45,000",1*,"₹5,00,000*",1720,-,-,-,-,-,-,-,22206(1),13757(1),34379(1),36989(1),-,-
KAR Priv Seats-GMP,GMP,Karnataka,"Navodaya Med Coll, Raichur",OPHTHALMOLOGY,"₹13,88,744*","₹10,000*",1*,"₹50,00,000*",1110,-,-,-,-,-,-,-,30844(1),31182(1),42225(1),37192(1),54598(1),-
KAR Priv Seats-GMP,GMP,Karnataka,"KVG Med Coll, Sullia",EMERGENCY MEDICINE,"₹13,88,744*","₹7,500",1*,"₹50,00,000*",682,26625(1),23237(1),42556(1),-,-,-,-,31910(1),23198(1),31457(1),37630(1),54615(1),-
KAR Govt Quota-Open,GM,Karnataka,"VIMS, Bellary",PATHOLOGY,"₹69,150*","₹56,250",3*,"₹50,00,000*",1295,-,-,53506(1),192353(1),162580(1),-,-,-,-,32271(1),37761(1),37761(1),-
KAR Priv Seats-Open,OPN,Karnataka,"Al-Ameen, Bijapur",ORTHOPAEDICS,"₹13,88,744*","₹9,000*",1*,"₹50,00,000*",1040,18827(1),18236(1),37463(1),-,-,-,-,24615(1),24615(1),36729(1),37782(1),39987(1),-
KAR Priv Seats-GMP,GMP,Karnataka,"JJM Med Coll, Davangere",ANAESTHESIOLOGY,"₹13,88,744*","₹30,000*",1*,"₹50,00,000*",1930,30058(5),25178(5),53086(5),-,-,-,-,32732(5),25340(5),37184(5),37799(1),42233(1),-
KAR Govt Quota-Open,3BH,Karnataka,"KIMS, Hubli",ORTHOPAEDICS,"₹1,24,150*","₹56,250",3*,"₹50,00,000*",1200,-,-,-,-,-,-,-,8356(1),8938(1),16362(1),38570(1),38570(1),-
KAR Govt Quota-Open,SCG,Karnataka,"Gadag IMS, Gadag",DERMATOLOGY,"₹1,24,150*","₹56,250",3*,"₹50,00,000*",Info Not Available,-,-,-,-,-,-,-,7146(1),9896(1),17124(1),39295(1),-,-
KAR Priv Seats-GMP,GMP,Karnataka,"MS Ramaiah, Bangalore",PATHOLOGY,"₹4,40,750*","₹45,000",1*,"₹50,00,000*",1331,56564(2),47083(2),92359(2),-,-,-,-,46013(1),40136(1),40136(1),40136(1),74225(1),-
KAR Priv Seats-Open,OPN,Karnataka,"Oxford Med Coll, Bangalore",ANAESTHESIOLOGY,"₹13,88,744*","₹30,000*",1*,"₹50,00,000*",770,33043(1),30858(1),55491(1),-,-,-,-,33936(1),29178(1),44958(1),40634(1),37782(1),-
KAR Priv Seats-Open,OPN,Karnataka,"East Point College,Bangalore",ANAESTHESIOLOGY,"₹13,88,744*","₹20,000",1*,"₹50,00,000*",-,-,-,-,-,-,-,-,33942(2),31358(2),48023(2),40769(1),40769(1),-
KAR Priv Seats-GMP,GMP,Karnataka,"East Point College,Bangalore",PSYCHIATRY,"₹13,88,744*","₹20,000",1*,"₹50,00,000*",-,53086(1),43652(1),104312(1),-,-,-,-,38580(1),36922(1),48123(1),40924(1),40924(1),-
KAR Govt Quota-Open,3AG,Karnataka,"East Point College,Bangalore",TBRD,"₹7,83,858*","₹20,000",1*,"₹50,00,000*",-,-,-,-,-,-,-,-,14704(1),14704(1),21602(1),41095(1),-,-
KAR Govt Quota-Open,3AG,Karnataka,"Mandya IMS, Mandya",PATHOLOGY,"₹69,150*","₹56,250",3*,"₹50,00,000*",Info Not Available,-,-,-,-,-,-,-,17349(1),17879(1),41893(1),41893(1),68823(1),-
KAR Govt Quota-Open,GM,Karnataka,"AJIMS, Mangalore",RADIATION ONCOLOGY,"₹7,83,858*","₹30,000",1*,"₹50,00,000*",910,-,-,39262(1),-,-,-,-,-,-,41150(1),42087(1),-,-
KAR Govt Quota-Open,1H,Karnataka,"VIMS, Bellary",SPM,"₹69,150*","₹56,250",3*,"₹50,00,000*",1295,-,-,-,-,-,-,-,75100(1),42106(1),42106(1),42106(1),-,-
KAR Govt Quota-Open,SCG,Karnataka,"KIMS, Hubli",ORTHOPAEDICS,"₹1,24,150*","₹56,250",3*,"₹50,00,000*",1200,20735(1),20735(1),37892(1),-,-,-,-,18056(1),18056(1),34740(1),42147(1),-,-
KAR Priv Seats-GMP,GMP,Karnataka,"SMC, Shimoga",ANAESTHESIOLOGY,"₹13,88,744*",Info not available,1*,"₹50,00,000*",1250,-,-,-,-,-,-,-,38534(1),35032(1),45236(1),42233(1),51021(1),-
KAR Govt Quota-Open,3AG,Karnataka,"Sapthagiri IMS&RC, Bangalore",ENT,"₹8,09,608*","₹10,000*",1*,"₹50,00,000*",500,-,-,-,-,-,-,-,29191(1),27617(1),45742(1),42423(1),-,-
KAR Priv Seats-Open,OPN,Karnataka,"Akash IMS,Devanhalli,Bangalore",ENT,"₹13,88,744*","₹20,000",1*,"₹50,00,000*",760,-,-,-,-,-,-,-,26492(1),26085(1),45182(1),42524(1),-,-
KAR Priv Seats-GMP,GMPH,Karnataka,"MRMC, Gulbarga",OPHTHALMOLOGY,"₹13,88,744*","₹8,000*",1*,"₹50,00,000*",1038,41767(4),35776(4),67410(4),-,-,-,-,39728(4),35121(4),43052(4),43010(1),43010(1),-
KAR Govt Quota-Open,1G,Karnataka,"ESI, Bangalore",SPM,"₹2,50,000*","₹1,11,780*",2*,"₹10,00,000*",530,-,-,-,-,-,-,-,43956(1),43956(1),43956(1),43956(1),43956(1),-
KAR Priv Seats-Open,OPN,Karnataka,"Srinivasa IMS, Srinivasanagar",PAEDIATRICS,"₹45,40,750*","₹29,000*",1*,"₹50,00,000*",660,-,-,-,-,-,-,-,13124(1),19521(1),40058(1),44878(1),103884(1),-
KAR Govt Quota-Open,GMH,Karnataka,"ESIC Med Coll,Gulbarga",PATHOLOGY,"₹2,50,000*","₹1,11,780*",2*,"₹10,00,000*",480,-,-,-,-,-,-,-,19017(1),23829(1),45201(1),45201(1),-,-
KAR Govt Quota-Open,SCG,Karnataka,"SSIMS & RC, Davangere",RADIO DIAGNOSIS,"₹7,83,858*","₹30,000",1*,"₹50,00,000*",1190,-,-,-,-,-,-,-,16443(1),16443(1),18268(1),45231(1),-,-
KAR Govt Quota-Open,GM,Karnataka,"Shimoga IMS, Shimoga",PATHOLOGY,"₹69,150*","₹56,250",3*,"₹50,00,000*",950,25425(2),28325(2),57363(2),50154(1),-,-,-,19285(2),18264(2),38863(2),45266(2),-,-
KAR Priv Seats-GMP,GMP,Karnataka,"AIMS, Adichunchanagiri, Bellur",GENERAL MEDICINE,"₹40,15,750*","₹23,750",1*,"₹50,00,000*",1120,21644(1),21644(1),42931(1),-,-,-,-,23344(2),24535(2),48999(2),45598(1),56209(1),-
KAR Priv Seats-Open,OPN,Karnataka,"Nijalingappa, Bagalkot",PSYCHIATRY,"₹13,88,744*","₹10,000*",1*,"₹50,00,000*",1140,-,-,-,-,-,-,-,30168(1),29995(1),52604(1),45818(1),57116(1),-
KAR Govt Quota-Open,SCG,Karnataka,"Bangalore Med Coll, Bangalore",GENERAL SURGERY,"₹1,24,150*","₹56,250",3*,"₹50,00,000*",1993,17472(3),19546(3),25420(3),-,-,-,-,10939(3),12887(3),31078(3),45967(1),-,-
KAR Priv Seats-GMP,GMP,Karnataka,"St John's, Bangalore",PATHOLOGY,"₹7,59,025*","₹45,000",1*,"₹5,00,000*",1720,45939(1),45939(1),85440(1),85440(1),-,-,-,41657(2),40332(2),58049(2),46013(1),-,-
KAR Govt Quota-Open,SCG,Karnataka,"VIMS, Bellary",ORTHOPAEDICS,"₹1,24,150*","₹56,250",3*,"₹50,00,000*",1295,-,-,-,-,-,-,-,27719(1),28957(1),34715(2),46136(1),-,-
KAR Govt Quota-Open,3BG,Karnataka,"Bangalore Med Coll, Bangalore",PATHOLOGY,"₹69,150*","₹56,250",3*,"₹50,00,000*",1993,-,-,-,-,-,-,-,18264(1),15026(1),32332(1),46581(1),61901(1),-
KAR Govt Quota-Open,GM,Karnataka,"Yenepoya Med Coll, Mangalore",PATHOLOGY,"₹2,47,777*","₹45,000*",1*,"₹50,00,000*",910,-,-,167710(2),167710(2),-,-,-,41442(1),38151(1),47252(1),47252(1),70715(1),-
KAR Priv Seats-GMP,GMP,Karnataka,"MS Ramaiah, Bangalore",RADIO DIAGNOSIS,"₹55,40,750*","₹45,000",1*,"₹50,00,000*",1331,15633(3),22270(3),31182(3),-,-,-,-,5749(2),20154(2),26187(2),47543(1),45598(1),78142(1)
KAR Priv Seats-Min.,RC3,Karnataka,"St John's, Bangalore",FAMILY MEDICINE,"₹12,05,025*","₹45,000",1*,"₹5,00,000*",1720,-,-,-,-,-,-,-,-,-,54444(2),47606(1),-,-
KAR Govt Quota-Open,GM,Karnataka,"Shimoga IMS, Shimoga",SPM,"₹69,150*","₹56,250",3*,"₹50,00,000*",950,-,-,151976(3),176961(1),-,-,-,41571(1),30589(1),48304(1),48304(1),102632(2),-
KAR Govt Quota-Open,2BG,Karnataka,"Kempegowda IMS, Bangalore",OPHTHALMOLOGY,"₹7,83,858*","₹35,000*",1*,"₹50,00,000*",1100,-,-,-,-,-,-,-,24222(1),24222(1),38870(1),48615(1),-,-
KAR Govt Quota-Open,GM,Karnataka,"SDM College, Dharwad",PATHOLOGY,"₹2,07,777*","₹45,000*",1*,"₹50,00,000*",670,36385(1),36385(1),85856(2),-,-,-,-,29706(1),24123(1),53190(2),49377(1),-,-
KAR Govt Quota-Open,2AG,Karnataka,"Bangalore Med Coll, Bangalore",IHBT,"₹1,24,150*","₹56,250",3*,"₹50,00,000*",1993,-,-,-,-,-,-,-,30839(1),26909(1),59381(1),49796(1),78728(1),-
KAR Govt Quota-Open,SCG,Karnataka,"Bidar IMS, Bidar",GENERAL SURGERY,"₹1,24,150*","₹56,250",3*,"₹50,00,000*",500,-,-,-,-,-,-,-,24091(1),25461(1),34737(1),50154(1),51112(1),-
KAR Govt Quota-Open,GM,Karnataka,"Bangalore Med Coll, Bangalore",SPM,"₹69,150*","₹56,250",3*,"₹50,00,000*",1993,13835(1),17638(1),52903(1),-,-,-,-,18228(1),20099(1),25770(1),50258(1),56378(1),-
KAR Govt Quota-Open,SCG,Karnataka,"Akash IMS,Devanhalli,Bangalore",PAEDIATRICS,"₹7,83,858*","₹20,000",1*,"₹50,00,000*",760,-,-,-,-,-,-,-,32280(1),28306(1),37383(1),50631(1),50631(1),-
KAR Govt Quota-Open,SCG,Karnataka,"JJM Med Coll, Davangere",ORTHOPAEDICS,"₹7,83,858*","₹30,000*",1*,"₹50,00,000*",1930,37908(1),36369(1),43267(2),-,-,-,-,30100(1),30100(1),45864(1),50967(1),50967(1),-
KAR Govt Quota-Open,2AG,Karnataka,"Nijalingappa, Bagalkot",PSYCHIATRY,"₹7,83,858*","₹10,000*",1*,"₹50,00,000*",1140,-,-,-,-,-,-,-,28769(1),28769(1),38474(1),51021(1),81212(1),-
KAR Govt Quota-Open,SCG,Karnataka,"Chamrajanagar IMS, Karnataka",GENERAL SURGERY,"₹1,24,150*","₹56,250",3*,"₹50,00,000*",750,-,-,-,-,-,-,-,22903(1),22903(1),34445(1),51057(1),-,-
KAR Priv Seats-GMP,GMPH,Karnataka,"MRMC, Gulbarga",ENT,"₹13,88,744*","₹8,000*",1*,"₹50,00,000*",1038,86463(2),62371(2),94422(2),-,-,-,-,47576(2),57260(2),73496(2),51583(1),51583(1),-
KAR Govt Quota-Open,2AG,Karnataka,"Kempegowda IMS, Bangalore",PATHOLOGY,"₹2,07,777*","₹35,000*",1*,"₹50,00,000*",1100,57235(1),49198(1),149385(1),-,-,-,-,40989(1),37228(1),51802(1),51802(1),-,-
KAR Govt Quota-Open,SCG,Karnataka,"JSS Med Coll, Mysore",TBRD,"₹7,83,858*","₹45,000*",1*,"₹50,00,000*",2060,36770(1),31555(1),40262(1),-,-,-,-,-,-,42574(1),52183(1),-,-
KAR Govt Quota-Open,GM,Karnataka,"KIMS, Hubli",PATHOLOGY,"₹69,150*","₹56,250",3*,"₹50,00,000*",1200,18895(4),18750(4),50054(7),90360(2),-,-,-,18942(4),16684(4),33177(5),52312(4),46662(3),-
KAR Priv Seats-GMP,GMP,Karnataka,"SDM College, Dharwad",HOSPITAL ADMINISTRATION,"₹7,14,030*","₹45,000*",1*,"₹50,00,000*",670,96217(1),96217(1),157832(1),-,-,-,-,67513(1),58375(1),120286(1),52401(1),52401(1),-
KAR Priv Seats-GMP,GMP,Karnataka,"KVG Med Coll, Sullia",ENT,"₹13,88,744*","₹7,500",1*,"₹50,00,000*",682,45078(1),38000(1),82910(1),-,-,-,-,40339(1),30096(1),49419(1),52722(1),52722(1),-
KAR Govt Quota-Open,GM,Karnataka,"Bidar IMS, Bidar",PATHOLOGY,"₹69,150*","₹56,250",3*,"₹50,00,000*",500,-,-,-,-,-,-,-,24269(1),23889(1),49306(1),52964(1),52964(1),-
KAR Priv Seats-GMP,GMP,Karnataka,"Sapthagiri IMS&RC, Bangalore",RADIO DIAGNOSIS,"₹70,41,500*","₹10,000*",1*,"₹50,00,000*",500,35778(1),46739(1),81082(1),111764(1),-,-,-,17465(1),23674(1),45527(1),53163(1),116302(1),-
KAR Govt Quota-Open,GM,Karnataka,"Kempegowda IMS, Bangalore",SPM,"₹2,07,777*","₹35,000*",1*,"₹50,00,000*",1100,-,-,108691(2),-,-,-,-,-,-,53463(1),53463(1),53463(1),-
KAR Govt Quota-Open,3BG,Karnataka,"MVJMC&RH, Bangalore",PSYCHIATRY,"₹7,83,858*","₹10,000*",1*,"₹50,00,000*",833,-,-,-,-,-,-,-,33338(1),20492(1),41750(1),53587(1),57484(1),-
KAR Priv Seats-Open,OPN,Karnataka,"Sapthagiri IMS&RC, Bangalore",DERMATOLOGY,"₹70,41,500*","₹10,000*",1*,"₹50,00,000*",500,7125(1),15462(1),30628(1),80557(1),-,-,-,20195(1),20263(1),35692(1),53674(1),62193(1),-
KAR Govt Quota-Open,GM,Karnataka,"Hassan IMS, Hassan",PATHOLOGY,"₹69,150*","₹56,250",3*,"₹50,00,000*",Info Not Available,-,-,-,-,81912(1),-,-,17372(1),17349(1),32551(1),53887(1),63200(1),-
KAR Govt Quota-Open,GM,Karnataka,"MRMC, Gulbarga",PATHOLOGY,"₹2,07,777*","₹8,000*",1*,"₹50,00,000*",1038,-,-,-,85479(1),179766(1),-,-,-,-,53959(1),53959(1),53959(1),-
KAR Priv Seats-Open,OPN,Karnataka,"DR BR Ambedkar, Bangalore",PATHOLOGY,"₹3,59,003*","₹10,000*",1*,"₹50,00,000*",570,52743(2),52743(2),86104(3),-,121515(1),-,-,40852(1),40852(1),54364(1),54364(1),54364(1),-
KAR Govt Quota-Open,2BG,Karnataka,"Mysore Med Coll, Mysore",SPM,"₹69,150*","₹56,250",3*,"₹50,00,000*",1050,-,-,-,-,-,-,-,34960(1),34960(1),54524(1),54524(1),-,-
KAR Govt Quota-Open,SCG,Karnataka,"Srinivasa IMS, Srinivasanagar",GENERAL SURGERY,"₹8,08,858*","₹29,000*",1*,"₹50,00,000*",660,-,-,-,-,-,-,-,-,-,51268(1),54758(1),54758(1),-
KAR Priv Seats-Open,OPN,Karnataka,"Srinivasa IMS, Srinivasanagar",OBG,"₹50,40,750*","₹29,000*",1*,"₹50,00,000*",660,14463(1),9938(1),17447(1),-,-,-,-,16462(1),19766(1),67360(1),55817(1),102712(1),-
KAR Govt Quota-Open,GM,Karnataka,"SSIMS & RC, Davangere",PATHOLOGY,"₹2,07,777*","₹30,000",1*,"₹50,00,000*",1190,47083(1),38424(1),117459(1),-,147217(1),-,-,41114(1),34733(1),55822(1),55822(1),55822(1),-
KAR Priv Seats-GMP,GMP,Karnataka,"MS Ramaiah, Bangalore",EMERGENCY MEDICINE,"₹30,40,750*","₹45,000",1*,"₹50,00,000*",1331,33223(1),27258(1),27258(1),-,-,-,-,32368(1),35193(1),59722(1),56209(1),59595(1),-
KAR Govt Quota-Open,SCG,Karnataka,"Bangalore Med Coll, Bangalore",PSYCHIATRY,"₹1,24,150*","₹56,250",3*,"₹50,00,000*",1993,40768(1),40768(1),40768(1),-,-,-,-,20361(1),20361(1),20361(1),56487(1),-,-
KAR Priv Seats-GMP,GMPH,Karnataka,"Navodaya Med Coll, Raichur",ANAESTHESIOLOGY,"₹13,88,744*","₹10,000*",1*,"₹50,00,000*",1110,61593(1),34647(1),84155(1),-,-,-,-,56906(2),52577(2),69199(2),56603(1),56603(1),-
KAR Govt Quota-Open,GM,Karnataka,"SDM College, Dharwad",SPM,"₹2,07,777*","₹45,000*",1*,"₹50,00,000*",670,50609(1),50609(1),-,-,-,-,-,-,-,89032(1),56782(1),185058(1),-
KAR Govt Quota-Open,GM,Karnataka,"Koppal Inst of MS, Koppal",PATHOLOGY,"₹69,150*","₹56,250",3*,"₹50,00,000*",Info Not Available,-,-,-,-,-,-,-,-,-,43010(1),56986(1),74516(1),-
KAR Govt Quota-Open,GM,Karnataka,"AIMS, Adichunchanagiri, Bellur",PATHOLOGY,"₹2,07,777*","₹23,750",1*,"₹50,00,000*",1120,50195(2),50154(2),166460(3),166460(2),141848(1),-,-,36526(1),35435(1),57116(2),57116(1),78694(1),-
KAR Govt Quota-Open,GMH,Karnataka,"Shimoga IMS, Shimoga",PATHOLOGY,"₹69,150*","₹56,250",3*,"₹50,00,000*",950,47954(1),39983(1),67370(1),-,-,-,-,24266(1),21784(1),45266(1),57221(1),57221(1),-
KAR Priv Seats-Open,OPN,Karnataka,"Srinivasa IMS, Srinivasanagar",ANAESTHESIOLOGY,"₹35,40,750*","₹29,000*",1*,"₹50,00,000*",660,29837(1),27964(1),46036(1),61995(1),-,-,-,38097(1),29220(1),77367(1),57389(1),71745(1),-
KAR Govt Quota-Open,GM,Karnataka,"Sapthagiri IMS&RC, Bangalore",PATHOLOGY,"₹2,33,527*","₹10,000*",1*,"₹50,00,000*",500,48321(1),48165(1),113027(1),-,-,-,-,42519(1),38347(1),57484(1),57484(1),94433(1),-
KAR Govt Quota-Open,2AG,Karnataka,"KIMS, Hubli",PATHOLOGY,"₹69,150*","₹56,250",3*,"₹50,00,000*",1200,24964(1),24964(1),70385(1),-,-,-,-,26548(2),25209(2),49796(2),57668(2),57668(1),-
KAR Govt Quota-Open,SCH,Karnataka,"MRMC, Gulbarga",ANAESTHESIOLOGY,"₹7,83,858*","₹8,000*",1*,"₹50,00,000*",1038,62665(1),51918(1),76665(1),-,-,-,-,57703(2),57703(2),58982(2),57703(1),-,-
KAR Govt Quota-Open,2AG,Karnataka,"KIMS, Hubli",SPM,"₹69,150*","₹56,250",3*,"₹50,00,000*",1200,-,-,-,-,-,-,-,43353(1),43232(1),57720(2),57720(1),57720(1),-
KAR Govt Quota-Open,GM,Karnataka,"Al-Ameen, Bijapur",PATHOLOGY,"₹2,07,777*","₹9,000*",1*,"₹50,00,000*",1040,-,-,169403(1),-,-,-,-,-,-,57799(1),57799(1),-,-
KAR Govt Quota-Open,SCG,Karnataka,"Kempegowda IMS, Bangalore",TBRD,"₹7,83,858*","₹35,000*",1*,"₹50,00,000*",1100,-,-,-,-,-,-,-,36724(1),31958(1),43154(1),58168(1),58168(1),-
KAR Govt Quota-Open,SCG,Karnataka,"Kempegowda IMS, Bangalore",ANAESTHESIOLOGY,"₹7,83,858*","₹35,000*",1*,"₹50,00,000*",1100,47203(1),45328(1),58855(1),-,-,-,-,45409(1),42624(1),52231(1),58212(1),58212(1),-
KAR Govt Quota-Open,2AG,Karnataka,"Shimoga IMS, Shimoga",PATHOLOGY,"₹69,150*","₹56,250",3*,"₹50,00,000*",950,47499(1),47499(1),78775(1),78775(1),-,-,-,26909(1),26548(1),51021(1),58252(1),58252(1),-
KAR Govt Quota-Open,SCG,Karnataka,"JJM Med Coll, Davangere",ANAESTHESIOLOGY,"₹7,83,858*","₹30,000*",1*,"₹50,00,000*",1930,48125(1),37908(1),59606(1),-,-,-,-,40093(1),40093(1),48985(1),58405(1),-,-
KAR Govt Quota-Open,SCG,Karnataka,"Bangalore Med Coll, Bangalore",PATHOLOGY,"₹69,150*","₹56,250",3*,"₹50,00,000*",1993,38315(1),48999(1),70002(2),92587(1),-,-,-,29671(1),42672(1),50199(1),58440(1),149152(1),-
KAR Govt Quota-Open,SCH,Karnataka,"Gadag IMS, Gadag",PATHOLOGY,"₹69,150*","₹56,250",3*,"₹50,00,000*",Info Not Available,-,-,-,-,-,-,-,51057(1),48792(1),87768(1),58446(1),-,-
KAR Govt Quota-Open,GM,Karnataka,"Bangalore Med Coll, Bangalore",MICROBIOLOGY,"₹69,150*","₹56,250",3*,"₹50,00,000*",1993,53943(1),48684(1),92908(2),-,-,-,-,-,-,62847(2),58459(1),58459(1),-
KAR Govt Quota-Open,SCG,Karnataka,"Al-Ameen, Bijapur",ANAESTHESIOLOGY,"₹7,83,858*","₹9,000*",1*,"₹50,00,000*",1040,-,-,-,-,-,-,-,54020(1),45496(1),62253(1),58993(1),-,-
KAR Priv Seats-Open,OPN,Karnataka,"JJM Med Coll, Davangere",PATHOLOGY,"₹3,59,003*","₹30,000*",1*,"₹50,00,000*",1930,57117(7),50176(7),153808(9),200121(4),129405(2),-,-,52307(6),42664(6),56209(5),59075(3),59075(2),-
KAR Govt Quota-Open,3AG,Karnataka,"Nijalingappa, Bagalkot",PATHOLOGY,"₹2,07,777*","₹10,000*",1*,"₹50,00,000*",1140,-,-,-,-,-,-,-,49161(1),48424(1),59149(1),59149(1),59149(1),-
KAR Priv Seats-Min.,MA,Karnataka,"MVJMC&RH, Bangalore",GENERAL SURGERY,"₹13,88,744*","₹10,000*",1*,"₹50,00,000*",833,53437(2),47885(2),53598(2),-,-,-,-,40813(2),29670(2),42328(2),59464(1),59464(1),-
KAR Others (Inst.Q),MNG,Karnataka,"SSIMS & RC, Davangere",ENT,"₹25,15,750*","₹30,000",1*,"₹50,00,000*",1190,-,-,-,-,-,-,-,45215(1),39515(1),74525(2),60115(1),-,-
KAR Govt Quota-Open,GM,Karnataka,"Gulbarga IMS, Gulbarga",SPM,"₹69,150*","₹56,250",3*,"₹50,00,000*",873,-,-,-,-,-,-,-,27777(1),27777(1),60560(1),60560(1),130790(1),-
KAR Govt Quota-Open,STG,Karnataka,"VIMS, Bellary",GENERAL MEDICINE,"₹1,24,150*","₹56,250",3*,"₹50,00,000*",1295,-,-,-,-,-,-,-,11392(1),11392(1),25331(1),61168(1),-,-
KAR Others (Inst.Q),MNG,Karnataka,"Father Mullers, Mangalore",RADIO DIAGNOSIS,"₹75,15,750*","₹35,000*",1*,"₹50,00,000*",1250,-,-,63899(1),-,-,-,-,8547(1),17337(1),58255(1),61373(1),68540(1),-
KAR Priv Seats-GMP,GMPH,Karnataka,"Father Mullers, Mangalore",RADIATION ONCOLOGY,"₹13,88,744*","₹35,000*",1*,"₹50,00,000*",1250,-,-,-,-,-,-,-,59912(1),28479(1),54493(1),61672(1),61672(1),-
KAR Govt Quota-Open,3BG,Karnataka,"Bangalore Med Coll, Bangalore",SPM,"₹69,150*","₹56,250",3*,"₹50,00,000*",1993,-,-,-,-,-,-,-,30828(1),21712(1),62046(2),62046(2),62046(1),-
KAR Govt Quota-Open,2AH,Karnataka,"VIMS, Bellary",PATHOLOGY,"₹69,150*","₹56,250",3*,"₹50,00,000*",1295,-,-,-,-,-,-,-,37761(1),32271(1),37761(1),62111(1),62111(1),-
KAR Govt Quota-Open,GM,Karnataka,"Chamrajanagar IMS, Karnataka",SPM,"₹69,150*","₹56,250",3*,"₹50,00,000*",750,39262(1),39829(1),143285(2),-,-,-,-,-,-,66245(2),62250(1),-,-
KAR Priv Seats-Min.,RC3,Karnataka,"St John's, Bangalore",PSYCHIATRY,"₹12,05,025*","₹45,000",1*,"₹5,00,000*",1720,13845(1),13845(1),36272(4),-,-,-,-,-,-,59864(2),62547(1),-,-
KAR Govt Quota-Open,3BH,Karnataka,"MRMC, Gulbarga",PATHOLOGY,"₹2,07,777*","₹8,000*",1*,"₹50,00,000*",1038,-,-,-,-,-,-,-,60998(1),49865(1),63123(1),63123(1),63123(1),-
KAR Priv Seats-Open,OPN,Karnataka,"SSIMS & RC, Davangere",PATHOLOGY,"₹3,59,003*","₹30,000",1*,"₹50,00,000*",1190,58666(1),48321(1),151673(2),151673(1),170265(2),-,-,55822(2),53259(2),63200(2),63200(1),72365(1),-
KAR Govt Quota-Open,GM,Karnataka,"Mysore Med Coll, Mysore",PHARMACOLOGY,"₹69,150*","₹56,250",3*,"₹50,00,000*",1050,-,-,146762(1),146762(1),144782(1),-,-,37192(1),12341(1),67138(2),63469(1),-,-
KAR Priv Seats-GMP,GMP,Karnataka,"AIMS, Adichunchanagiri, Bellur",ORTHOPAEDICS,"₹35,15,750*","₹23,750",1*,"₹50,00,000*",1120,52580(2),42931(2),73197(2),-,-,-,-,50783(3),45865(3),83740(3),63599(1),-,-
KAR Priv Seats-GMP,GMP,Karnataka,"AIMS, Adichunchanagiri, Bellur",ANAESTHESIOLOGY,"₹26,15,750*","₹23,750",1*,"₹50,00,000*",1120,55242(3),55242(3),122458(3),-,-,-,-,45254(2),41701(2),75111(2),63899(1),63899(1),-
KAR Govt Quota-Open,GM,Karnataka,"JJM Med Coll, Davangere",PATHOLOGY,"₹2,07,777*","₹30,000*",1*,"₹50,00,000*",1930,38777(3),34272(3),96899(5),159810(2),138511(1),-,-,35435(3),30832(3),46457(5),63964(4),86683(5),-
KAR Govt Quota-Open,GM,Karnataka,"Chamrajanagar IMS, Karnataka",PATHOLOGY,"₹69,150*","₹56,250",3*,"₹50,00,000*",750,-,-,-,-,-,-,-,-,-,42087(1),64130(1),70261(1),-
KAR Others (Inst.Q),MNG,Karnataka,"JJM Med Coll, Davangere",EMERGENCY MEDICINE,"₹50,15,750*","₹30,000*",1*,"₹50,00,000*",1930,-,-,-,118515(1),-,-,-,-,-,121210(1),64241(1),105693(1),-
KAR Govt Quota-Open,GM,Karnataka,"MS Ramaiah, Bangalore",PHARMACOLOGY,"₹2,32,777*","₹45,000",1*,"₹50,00,000*",1331,-,-,94561(2),-,-,-,-,45965(1),46223(1),64402(1),64402(1),64402(1),-
KAR Govt Quota-Open,2AG,Karnataka,"Bangalore Med Coll, Bangalore",PHARMACOLOGY,"₹69,150*","₹56,250",3*,"₹50,00,000*",1993,55362(1),55362(1),72361(1),-,-,-,-,20745(1),22263(1),58219(2),64413(2),139221(2),-
KAR Priv Seats-Min.,MM,Karnataka,"Kanachur IMS, Mangalore",ANAESTHESIOLOGY,"₹13,88,744*",Info not available,1*,"₹50,00,000*",785,-,-,-,-,-,-,-,67494(2),66568(2),71933(2),65228(1),74708(1),-
KAR Priv Seats-GMP,GMP,Karnataka,"Kempegowda IMS, Bangalore",PATHOLOGY,"₹3,59,003*","₹35,000*",1*,"₹50,00,000*",1100,47963(2),47963(2),180716(2),61040(1),-,-,-,65128(2),41233(2),64522(2),66106(2),111696(1),-
KAR Govt Quota-Open,GM,Karnataka,"BGS IMS, Bangalore",PATHOLOGY,"₹2,07,777*","₹25,000*",1*,"₹50,00,000*",766,-,-,97328(1),97328(1),97328(1),-,-,40136(1),38910(1),54956(2),66221(2),66221(1),-
KAR Govt Quota-Open,GM,Karnataka,"DR BR Ambedkar, Bangalore",PATHOLOGY,"₹2,07,777*","₹10,000*",1*,"₹50,00,000*",570,44378(1),44378(1),68485(2),-,168130(1),-,-,38347(1),37679(1),51387(1),66535(1),66535(1),-
KAR Govt Quota-Open,GM,Karnataka,"VIMS (Vydehi), Bangalore",PHARMACOLOGY,₹0*,"₹29,000*",0*,₹0*,1600,-,-,-,-,-,-,-,-,-,-,66696(1),-,-
KAR Govt Quota-Open,2AG,Karnataka,"MS Ramaiah, Bangalore",PATHOLOGY,"₹2,32,777*","₹45,000",1*,"₹50,00,000*",1331,-,-,-,-,-,-,-,34451(1),34451(1),34451(1),67454(1),98898(1),-
KAR Priv Seats-Open,OPN,Karnataka,"BGS IMS, Bangalore",PATHOLOGY,"₹3,59,003*","₹25,000*",1*,"₹50,00,000*",766,-,-,-,-,-,-,-,47610(1),43514(1),67547(1),67547(1),46659(1),-
KAR Govt Quota-Open,GM,Karnataka,"Koppal Inst of MS, Koppal",SPM,"₹69,150*","₹56,250",3*,"₹50,00,000*",Info Not Available,-,-,167413(1),-,-,-,-,-,-,67634(1),67634(1),-,-
KAR Others (Inst.Q),MNG,Karnataka,"JJM Med Coll, Davangere",PATHOLOGY,"₹3,59,003*","₹30,000*",1*,"₹50,00,000*",1930,-,-,100430(1),188136(3),100430(1),-,-,49000(1),53992(1),78321(3),67720(1),105717(1),-
KAR Govt Quota-Open,SCH,Karnataka,"ESIC Med Coll,Gulbarga",PATHOLOGY,"₹2,50,000*","₹1,11,780*",2*,"₹10,00,000*",480,-,-,-,-,-,-,-,45246(1),45246(1),67851(1),67851(1),-,-
KAR Priv Seats-Min.,MA,Karnataka,"MVJMC&RH, Bangalore",GENERAL MEDICINE,"₹13,88,744*","₹10,000*",1*,"₹50,00,000*",833,44751(3),43581(3),43581(3),45939(1),-,-,-,35658(2),25472(2),39216(2),68154(2),-,-
KAR Govt Quota-Open,GM,Karnataka,"Shridevi IMS, Tumkur",PATHOLOGY,"₹2,07,777*",Info not available*,1*,"₹50,00,000*",750,-,-,199452(1),-,-,-,-,52650(1),42091(1),68304(1),68304(1),68304(1),-
KAR Govt Quota-Open,SCG,Karnataka,"Oxford Med Coll, Bangalore",OPHTHALMOLOGY,"₹7,83,858*","₹30,000*",1*,"₹50,00,000*",770,-,-,-,-,-,-,-,49711(1),45975(1),58280(1),68515(1),-,-
KAR Priv Seats-Open,OPN,Karnataka,"Srinivasa IMS, Srinivasanagar",RADIO DIAGNOSIS,"₹70,40,750*","₹29,000*",1*,"₹50,00,000*",660,-,-,-,-,-,-,-,5892(1),14731(1),51832(1),68540(1),70117(1),-
KAR Priv Seats-GMP,GMP,Karnataka,"BGS IMS, Bangalore",PATHOLOGY,"₹3,59,003*","₹25,000*",1*,"₹50,00,000*",766,73332(1),50195(1),162117(1),-,-,-,-,68499(1),47610(1),68956(1),68956(1),68956(1),-
KAR Others (Inst.Q),MNG,Karnataka,"SDM College, Dharwad",PATHOLOGY,"₹5,40,750*","₹45,000*",1*,"₹50,00,000*",670,-,-,-,-,141003(1),-,-,53190(1),53190(1),88230(2),69025(1),117714(1),-
KAR Priv Seats-GMP,GMP,Karnataka,"MS Ramaiah, Bangalore",ENT,"₹30,40,750*","₹45,000",1*,"₹50,00,000*",1331,48990(1),48990(1),84153(1),-,-,-,-,38539(1),38881(1),71554(1),69127(1),-,-
KAR Govt Quota-Open,SCG,Karnataka,"Kidwai Memorial, Bangalore",PATHOLOGY,"₹69,150*","₹56,250",3*,"₹50,00,000*",680,-,-,-,-,-,-,-,45962(1),45962(1),69560(1),69560(1),69560(1),-
KAR Govt Quota-Open,GM,Karnataka,"KIMS, Hubli",PHARMACOLOGY,"₹69,150*","₹56,250",3*,"₹50,00,000*",1200,-,-,-,-,-,-,-,39465(1),36163(1),69867(1),69867(1),69867(1),-
KAR Govt Quota-Open,SCG,Karnataka,"Sapthagiri IMS&RC, Bangalore",ENT,"₹8,09,608*","₹10,000*",1*,"₹50,00,000*",500,-,-,71965(1),-,-,-,-,51603(1),49504(1),67744(2),71063(1),71063(1),-
KAR Others (Inst.Q),MNG,Karnataka,"Kempegowda IMS, Bangalore",PATHOLOGY,"₹10,15,750*","₹35,000*",1*,"₹50,00,000*",1100,-,-,-,-,-,-,-,57626(1),48819(1),99968(2),71583(1),108808(1),-
KAR Govt Quota-Open,SCG,Karnataka,"Shimoga IMS, Shimoga",PATHOLOGY,"₹69,150*","₹56,250",3*,"₹50,00,000*",950,53851(1),51910(1),82517(1),-,-,-,-,43239(1),48247(1),71841(2),71841(2),71841(2),195622(1)
KAR Priv Seats-GMP,GMP,Karnataka,"JJM Med Coll, Davangere",PATHOLOGY,"₹3,59,003*","₹30,000*",1*,"₹50,00,000*",1930,73106(5),69196(5),199080(4),-,-,-,-,67063(6),55801(6),72289(6),72289(3),123059(4),-
KAR Priv Seats-GMP,GMP,Karnataka,"SSIMS & RC, Davangere",PATHOLOGY,"₹3,59,003*","₹30,000",1*,"₹50,00,000*",1190,82891(2),75999(2),190372(1),-,-,-,-,68956(1),57116(1),72365(1),72365(1),132506(1),-
KAR NRI Quota,NRI,Karnataka,"Father Mullers, Mangalore",GENERAL MEDICINE,"₹65,15,750*","₹35,000*",1*,"₹50,00,000*",1250,60860(6),60536(6),91946(4),-,-,-,-,59472(2),59472(2),78877(2),72776(1),97176(1),-
KAR Govt Quota-Open,2AG,Karnataka,"Gulbarga IMS, Gulbarga",SPM,"₹69,150*","₹56,250",3*,"₹50,00,000*",873,36837(1),36837(1),179067(1),-,-,-,-,-,-,73364(1),73364(1),-,-
KAR Priv Seats-Min.,MM,Karnataka,"Al-Ameen, Bijapur",ENT,"₹13,88,744*","₹9,000*",1*,"₹50,00,000*",1040,-,-,-,-,-,-,-,66568(2),44118(2),71967(2),73709(1),73709(1),-
KAR Priv Seats-Open,OPN,Karnataka,"Sapthagiri IMS&RC, Bangalore",GENERAL SURGERY,"₹32,41,500*","₹10,000*",1*,"₹50,00,000*",500,24931(5),30228(5),80053(5),82306(1),-,-,-,28949(4),40813(4),70700(4),74226(2),-,-
KAR Priv Seats-Min.,ME,Karnataka,"VIMS (Vydehi), Bangalore",PATHOLOGY,"₹3,59,003*","₹29,000*",1*,"₹50,00,000*",1600,95999(1),95999(2),154890(1),-,-,-,-,94067(2),74871(2),74871(1),74871(1),-,-
KAR Govt Quota-Open,GM,Karnataka,Karwar Inst of Med Sciences,SPM,"₹69,150*","₹56,250",3*,"₹50,00,000*",650,-,-,174288(1),-,-,-,-,48304(1),30828(1),75100(1),75100(1),-,-
KAR Govt Quota-Open,GMH,Karnataka,"Navodaya Med Coll, Raichur",PATHOLOGY,"₹2,07,777*","₹10,000*",1*,"₹50,00,000*",1110,-,-,-,-,-,-,-,66283(1),51507(1),75122(1),75122(1),75122(1),-
KAR Govt Quota-Open,GM,Karnataka,"BGS IMS, Bangalore",PHARMACOLOGY,"₹2,07,777*","₹25,000*",1*,"₹50,00,000*",766,-,-,155716(1),-,-,-,-,-,-,-,75299(1),-,-
KAR Priv Seats-Min.,RC3,Karnataka,"St John's, Bangalore",PATHOLOGY,"₹7,59,025*","₹45,000",1*,"₹5,00,000*",1720,48560(3),48518(3),127226(1),-,-,-,-,49191(2),49191(2),75530(4),75530(4),-,-
KAR Govt Quota-Open,GM,Karnataka,"Akash IMS,Devanhalli,Bangalore",PATHOLOGY,"₹2,07,777*","₹20,000",1*,"₹50,00,000*",760,48367(1),53644(1),190612(3),190612(1),196940(1),-,-,41701(1),41442(1),76219(2),76219(1),-,-
KAR Govt Quota-Open,SCG,Karnataka,"Kasturba Med Coll, Mangalore",PATHOLOGY,"₹2,07,777*","₹45,000*",1*,"₹50,00,000*",1290,-,-,-,-,-,-,-,80463(1),76302(1),76302(1),76302(1),76302(1),-
KAR Priv Seats-GMP,GMP,Karnataka,"MS Ramaiah, Bangalore",GENERAL SURGERY,"₹45,40,750*","₹45,000",1*,"₹50,00,000*",1331,37464(2),37464(2),74039(2),-,-,-,-,32281(3),34245(3),55320(3),76832(1),-,-
KAR Others (Inst.Q),MNG,Karnataka,"Basaveswara, Chitradurga",TBRD,"₹65,15,750*","₹5,000*",1*,"₹50,00,000*",500,-,-,-,-,-,-,-,-,-,-,76931(1),-,-
KAR Priv Seats-GMP,GMP,Karnataka,"Srinivasa IMS, Srinivasanagar",PAEDIATRICS,"₹45,40,750*","₹29,000*",1*,"₹50,00,000*",660,-,-,-,-,-,-,-,18221(2),45254(2),73671(2),77060(1),-,-
KAR Govt Quota-Open,GM,Karnataka,"AJIMS, Mangalore",SPM,"₹2,07,777*","₹30,000",1*,"₹50,00,000*",910,-,-,-,-,179990(1),-,-,59012(1),48384(1),77121(1),77121(1),164904(1),-
KAR Govt Quota-Open,GM,Karnataka,"MVJMC&RH, Bangalore",PATHOLOGY,"₹2,07,777*","₹10,000*",1*,"₹50,00,000*",833,49552(1),48050(1),112912(1),-,174793(1),-,-,-,-,60331(1),77470(1),77470(1),-
KAR Priv Seats-GMP,GMP,Karnataka,"St John's, Bangalore",IHBT,"₹7,59,025*","₹45,000",1*,"₹5,00,000*",1720,-,-,-,-,-,-,-,48534(1),36388(1),73456(1),77501(1),95200(1),-
KAR Priv Seats-Open,OPN,Karnataka,"Sapthagiri IMS&RC, Bangalore",PAEDIATRICS,"₹60,41,500*","₹10,000*",1*,"₹50,00,000*",500,18953(1),18953(1),58324(1),-,-,-,-,14558(1),14845(1),50832(1),78115(1),121776(1),-
KAR Govt Quota-Open,2AG,Karnataka,"AIMS, Adichunchanagiri, Bellur",PATHOLOGY,"₹2,07,777*","₹23,750",1*,"₹50,00,000*",1120,-,-,-,-,-,-,-,82519(1),70874(1),78694(1),78694(1),112202(1),-
KAR Govt Quota-Open,2AG,Karnataka,"Shimoga IMS, Shimoga",SPM,"₹69,150*","₹56,250",3*,"₹50,00,000*",950,-,-,-,-,-,-,-,48384(1),39150(1),78728(1),78728(1),-,-
KAR Govt Quota-Open,3BG,Karnataka,"Kempegowda IMS, Bangalore",PATHOLOGY,"₹2,07,777*","₹35,000*",1*,"₹50,00,000*",1100,-,-,-,-,-,-,-,42233(1),38248(1),42233(1),79182(1),79182(1),-
KAR Priv Seats-Open,OPN,Karnataka,"Sapthagiri IMS&RC, Bangalore",OPHTHALMOLOGY,"₹40,41,500*","₹10,000*",1*,"₹50,00,000*",500,31436(2),35571(2),55056(2),-,-,-,-,31442(1),32127(1),69451(1),79247(1),-,-
KAR Govt Quota-Open,GM,Karnataka,"JJM Med Coll, Davangere",SPM,"₹2,07,777*","₹30,000*",1*,"₹50,00,000*",1930,44989(1),44989(1),180841(1),-,-,-,-,62046(1),44104(1),79404(1),79404(1),79404(1),-
KAR Priv Seats-GMP,GMP,Karnataka,"VIMS (Vydehi), Bangalore",HOSPITAL ADMINISTRATION,"₹13,88,744*","₹29,000*",1*,"₹50,00,000*",1600,-,-,162563(1),196450(2),183757(2),196181(1),-,51801(1),42923(1),98556(1),80759(1),-,-
KAR Govt Quota-Open,SCG,Karnataka,"VIMS, Bellary",SPM,"₹69,150*","₹56,250",3*,"₹50,00,000*",1295,-,-,-,-,-,-,-,58446(1),57318(1),81001(1),81001(1),-,202618(1)
KAR Govt Quota-Open,2AG,Karnataka,"Kempegowda IMS, Bangalore",SPM,"₹2,07,777*","₹35,000*",1*,"₹50,00,000*",1100,-,96937(1),-,-,-,-,-,83468(1),81235(1),81235(1),81235(1),81235(1),-
KAR Govt Quota-Open,GM,Karnataka,"Hassan IMS, Hassan",PHARMACOLOGY,"₹69,150*","₹56,250",3*,"₹50,00,000*",Info Not Available,84032(1),66962(1),87909(1),-,-,-,-,-,-,81491(1),81491(1),81491(1),-
KAR Priv Seats-Open,OPN,Karnataka,"East Point College,Bangalore",PATHOLOGY,"₹3,59,003*","₹20,000",1*,"₹50,00,000*",-,-,-,113070(1),199426(1),-,-,-,57935(1),47213(1),82954(1),82954(1),-,-
KAR Others (Inst.Q),MNG,Karnataka,"JJM Med Coll, Davangere",GENERAL MEDICINE,"₹80,15,750*","₹30,000*",1*,"₹50,00,000*",1930,-,-,129463(2),-,-,-,-,24074(4),52533(4),93013(6),82967(2),97434(1),-
KAR Govt Quota-Open,GMH,Karnataka,"ESIC Med Coll,Gulbarga",SPM,"₹2,50,000*","₹1,11,780*",2*,"₹10,00,000*",480,30819(1),30819(1),76675(2),-,-,-,-,30822(1),26373(1),40451(1),83129(1),-,-
KAR Govt Quota-Open,2AH,Karnataka,"Gadag IMS, Gadag",SPM,"₹69,150*","₹56,250",3*,"₹50,00,000*",Info Not Available,-,-,-,-,-,-,-,60560(1),60560(1),83468(1),83468(1),83468(1),-
KAR Priv Seats-GMP,GMPH,Karnataka,"MRMC, Gulbarga",PATHOLOGY,"₹3,59,003*","₹8,000*",1*,"₹50,00,000*",1038,-,116268(2),-,-,-,-,-,91594(3),66283(3),93754(3),84207(3),84207(2),-
KAR Govt Quota-Open,GM,Karnataka,"Oxford Med Coll, Bangalore",PATHOLOGY,"₹2,07,777*","₹30,000*",1*,"₹50,00,000*",770,-,-,120359(1),-,-,-,-,-,-,62830(1),84240(1),84240(1),-
KAR Govt Quota-Open,GM,Karnataka,"KS Hegde, Mangalore",SPM,"₹2,00,777*","₹45,000*",1*,"₹50,00,000*",1000,-,-,-,-,176534(1),-,-,-,-,-,84544(1),-,-
KAR Others (Inst.Q),MNG,Karnataka,"Father Mullers, Mangalore",GENERAL MEDICINE,"₹65,15,750*","₹35,000*",1*,"₹50,00,000*",1250,-,-,62072(2),-,-,-,-,5253(1),5253(1),56747(1),84730(1),-,-
KAR Priv Seats-Open,OPN,Karnataka,"MS Ramaiah, Bangalore",PHARMACOLOGY,"₹2,32,777*","₹45,000",1*,"₹50,00,000*",1331,97328(1),45423(1),99034(1),-,-,-,-,46223(1),53463(1),84827(1),84827(2),66172(1),-
KAR Priv Seats-GMP,GMP,Karnataka,"AIMS, Adichunchanagiri, Bellur",PATHOLOGY,"₹4,15,750*","₹23,750",1*,"₹50,00,000*",1120,119361(1),94721(1),164724(1),-,-,-,-,86382(2),72289(2),85267(2),85267(2),135789(2),-
KAR Govt Quota-Open,GM,Karnataka,"Shri Atal Bihari Vajpayee, BLR",MICROBIOLOGY,"₹69,150*","₹56,250",3*,"₹50,00,000*",956,-,-,182177(1),-,-,-,-,-,-,86379(2),86379(2),-,-
KAR Govt Quota-Open,STG,Karnataka,"East Point College,Bangalore",GENERAL MEDICINE,"₹7,83,858*","₹20,000",1*,"₹50,00,000*",-,-,-,-,-,-,-,-,71017(1),55915(1),76298(1),87174(1),-,-
KAR Govt Quota-Open,SCG,Karnataka,"JJM Med Coll, Davangere",PATHOLOGY,"₹2,07,777*","₹30,000*",1*,"₹50,00,000*",1930,77619(1),69143(1),-,-,-,-,-,69560(1),62042(1),84897(2),87345(2),-,-
KAR Govt Quota-Open,GM,Karnataka,"Mandya IMS, Mandya",MICROBIOLOGY,"₹69,150*","₹56,250",3*,"₹50,00,000*",Info Not Available,-,-,-,-,-,-,-,53117(1),36441(1),-,87684(1),150977(2),-
KAR Others (Inst.Q),MNG,Karnataka,"BGS IMS, Bangalore",OPHTHALMOLOGY,"₹45,15,750*","₹25,000*",1*,"₹50,00,000*",766,-,-,47531(1),139677(1),-,-,-,-,-,102113(1),87727(1),108355(1),-
KAR Priv Seats-GMP,GMP,Karnataka,"Sapthagiri IMS&RC, Bangalore",GENERAL SURGERY,"₹32,41,500*","₹10,000*",1*,"₹50,00,000*",500,50714(3),46479(3),83924(3),85103(1),-,-,-,47840(6),50066(6),90392(6),89123(2),-,-
KAR Priv Seats-Open,OPN,Karnataka,"Srinivasa IMS, Srinivasanagar",GENERAL MEDICINE,"₹55,40,750*","₹29,000*",1*,"₹50,00,000*",660,-,-,-,-,-,-,-,10985(3),17058(3),54695(3),90412(3),87176(2),-
KAR Priv Seats-Open,OPN,Karnataka,"Nijalingappa, Bagalkot",PATHOLOGY,"₹3,59,003*","₹10,000*",1*,"₹50,00,000*",1140,86067(2),53993(2),175496(5),-,187073(3),-,-,62687(3),61100(3),87295(3),90695(2),105450(2),-
KAR Govt Quota-Open,SCG,Karnataka,"Gulbarga IMS, Gulbarga",PHARMACOLOGY,"₹69,150*","₹56,250",3*,"₹50,00,000*",873,-,-,-,-,-,-,-,-,-,91210(1),91210(1),-,-
KAR Priv Seats-Open,OPN,Karnataka,"Sapthagiri IMS&RC, Bangalore",OBG,"₹62,41,500*","₹10,000*",1*,"₹50,00,000*",500,18858(2),19917(2),89401(2),-,-,-,-,18723(4),34594(4),83908(4),91400(1),91400(1),127138(1)
KAR Priv Seats-GMP,GMP,Karnataka,"Kempegowda IMS, Bangalore",SPM,"₹3,59,003*","₹35,000*",1*,"₹50,00,000*",1100,108691(1),87810(1),165683(1),-,-,-,-,77894(1),66814(1),119309(2),91453(1),-,-
KAR Priv Seats-Open,OPN,Karnataka,"St John's, Bangalore",MICROBIOLOGY,"₹3,09,025*","₹45,000",1*,"₹5,00,000*",1720,44548(1),44548(1),-,-,-,-,-,47189(1),47189(1),99930(2),92500(2),-,-
KAR Govt Quota-Open,SCG,Karnataka,"Shri Atal Bihari Vajpayee, BLR",SPM,"₹69,150*","₹56,250",3*,"₹50,00,000*",956,-,-,-,-,-,-,-,59296(1),58446(1),71063(1),92684(1),119859(1),-
KAR Govt Quota-Open,GM,Karnataka,"Kasturba Med Coll, Manipal",MICROBIOLOGY,"₹2,07,777*","₹45,000*",1*,"₹50,00,000*",2032,-,-,-,-,-,-,-,-,-,-,92697(1),-,-
KAR Priv Seats-GMP,GMP,Karnataka,"KVG Med Coll, Sullia",PATHOLOGY,"₹3,59,003*","₹7,500",1*,"₹50,00,000*",682,92274(1),73332(1),-,-,-,-,-,72289(1),62255(1),109283(1),93573(1),-,-
KAR Priv Seats-Open,OPN,Karnataka,"St John's, Bangalore",SPM,"₹7,59,025*","₹45,000",1*,"₹5,00,000*",1720,55917(2),62951(2),196672(7),180425(2),178460(1),-,-,48724(3),50754(3),66814(4),93629(2),-,-
KAR Priv Seats-GMP,GMP,Karnataka,"Srinivasa IMS, Srinivasanagar",GENERAL MEDICINE,"₹55,40,750*","₹29,000*",1*,"₹50,00,000*",660,-,-,-,-,-,-,-,15206(3),30083(3),89778(3),93829(1),93829(1),-
KAR Others (Inst.Q),MNG,Karnataka,"MS Ramaiah, Bangalore",GENERAL MEDICINE,"₹95,40,750*","₹45,000",1*,"₹50,00,000*",1331,-,-,102775(2),-,-,-,-,15419(2),55927(2),104179(3),94708(1),-,-
KAR Others (Inst.Q),MNG,Karnataka,"Kempegowda IMS, Bangalore",ANAESTHESIOLOGY,"₹40,15,750*","₹35,000*",1*,"₹50,00,000*",1100,-,-,-,-,-,-,-,53243(2),66722(2),126926(6),95037(2),87028(1),120530(1)
KAR Priv Seats-GMP,GMP,Karnataka,"MVJMC&RH, Bangalore",PATHOLOGY,"₹3,59,003*","₹10,000*",1*,"₹50,00,000*",833,-,-,-,-,-,-,-,62255(1),53476(1),95200(3),95200(3),101452(2),-
KAR Priv Seats-Min.,RC3,Karnataka,"St John's, Bangalore",SPM,"₹7,59,025*","₹45,000",1*,"₹5,00,000*",1720,97391(1),97391(2),-,-,-,-,-,50754(1),53321(1),107168(2),95747(1),-,-
KAR Priv Seats-GMP,GMP,Karnataka,"AJIMS, Mangalore",PATHOLOGY,"₹3,59,003*","₹30,000",1*,"₹50,00,000*",910,-,-,-,-,-,-,-,57309(1),51021(1),95918(3),95918(2),-,-
KAR Others (Inst.Q),MNG,Karnataka,"AIMS, Adichunchanagiri, Bellur",PAEDIATRICS,"₹70,15,750*","₹23,750",1*,"₹50,00,000*",1120,-,-,-,-,-,-,-,62525(1),74808(1),126108(1),96569(1),120159(1),-
KAR Priv Seats-GMP,GMPH,Karnataka,"MS Ramaiah, Bangalore",SPM,"₹2,32,777*","₹45,000",1*,"₹50,00,000*",1331,-,-,-,-,-,-,-,-,76598(1),76598(1),96584(1),172223(1),-
KAR Priv Seats-Min.,MM,Karnataka,"Kanachur IMS, Mangalore",PSYCHIATRY,"₹13,88,744*",Info not available,1*,"₹50,00,000*",785,-,-,-,-,-,-,-,73182(2),68039(2),73182(2),96995(1),-,-
KAR Others (Inst.Q),MNG,Karnataka,"JJM Med Coll, Davangere",PAEDIATRICS,"₹80,15,750*","₹30,000*",1*,"₹50,00,000*",1930,-,-,131720(1),-,-,-,-,17973(2),40067(2),116302(4),97176(2),135866(1),-
KAR Others (Inst.Q),MNG,Karnataka,"SSIMS & RC, Davangere",GENERAL MEDICINE,"₹70,15,750*","₹30,000",1*,"₹50,00,000*",1190,-,-,113713(1),131938(1),-,-,-,21259(1),24230(1),84083(2),97434(2),117415(2),-
KAR Others (Inst.Q),MNG,Karnataka,"Navodaya Med Coll, Raichur",PATHOLOGY,"₹10,15,750*","₹10,000*",1*,"₹50,00,000*",1110,-,-,-,-,158228(1),-,-,-,-,-,97584(1),97584(1),-
KAR Others (Inst.Q),MNG,Karnataka,"AIMS, Adichunchanagiri, Bellur",ENT,"₹40,15,750*","₹23,750",1*,"₹50,00,000*",1120,-,-,106018(1),-,-,-,-,-,-,103292(1),97751(1),-,-
KAR Govt Quota-Open,SCG,Karnataka,"Srinivasa IMS, Srinivasanagar",PATHOLOGY,"₹2,32,777*","₹29,000*",1*,"₹50,00,000*",660,-,-,-,-,-,-,-,87777(1),84869(1),98041(1),98041(1),-,-
KAR Priv Seats-Open,OPN,Karnataka,"Sapthagiri IMS&RC, Bangalore",GENERAL MEDICINE,"₹62,41,500*","₹10,000*",1*,"₹50,00,000*",500,14125(4),18510(4),87138(4),95063(2),-,-,-,17244(4),23528(4),59463(4),98343(2),89795(1),-
KAR Priv Seats-GMP,GMP,Karnataka,"Sapthagiri IMS&RC, Bangalore",ENT,"₹30,41,500*","₹10,000*",1*,"₹50,00,000*",500,48663(2),49080(2),95095(2),129431(1),-,-,-,49899(1),47779(1),96563(1),98694(1),98694(1),-
KAR Govt Quota-Open,GM,Karnataka,"ESI, Bangalore",BIOCHEMISTRY,"₹2,50,000*","₹1,11,780*",2*,"₹10,00,000*",530,51688(1),51688(1),190268(2),-,-,-,-,25001(1),51990(1),99289(1),99289(1),99289(1),-
KAR Priv Seats-GMP,GMP,Karnataka,"St John's, Bangalore",SPM,"₹7,59,025*","₹45,000",1*,"₹5,00,000*",1720,57609(1),-,-,-,-,-,-,60865(1),59012(1),99762(2),99762(2),-,-
KAR Others (Inst.Q),MNG,Karnataka,"SSIMS & RC, Davangere",OBG,"₹70,15,750*","₹30,000",1*,"₹50,00,000*",1190,-,-,-,-,-,-,-,16026(1),48985(1),106107(2),100088(1),-,-
KAR Govt Quota-Open,2AG,Karnataka,"KVG Med Coll, Sullia",PATHOLOGY,"₹2,07,777*","₹7,500",1*,"₹50,00,000*",682,-,-,-,-,-,-,-,-,-,100109(1),100109(1),100109(1),-
KAR Others (Inst.Q),MNG,Karnataka,"SSIMS & RC, Davangere",PATHOLOGY,"₹3,59,003*","₹30,000",1*,"₹50,00,000*",1190,-,-,-,-,153904(1),-,-,-,-,100272(1),100272(1),-,-
KAR Others (Inst.Q),MNG,Karnataka,"DR BR Ambedkar, Bangalore",ENT,"₹45,15,750*","₹10,000*",1*,"₹50,00,000*",570,-,-,-,-,-,-,-,55012(1),86029(1),94140(1),100749(1),-,-
KAR Others (Inst.Q),MNG,Karnataka,"MRMC, Gulbarga",GENERAL SURGERY,"₹60,15,750*","₹8,000*",1*,"₹50,00,000*",1038,-,-,134338(1),-,-,-,-,38224(1),57201(1),-,102025(1),130331(1),-
KAR Govt Quota-Open,SCG,Karnataka,"Shimoga IMS, Shimoga",PHARMACOLOGY,"₹69,150*","₹56,250",3*,"₹50,00,000*",950,-,-,-,-,-,-,-,71841(1),71841(1),102232(1),102232(1),-,-
KAR Others (Inst.Q),MNG,Karnataka,"BGS IMS, Bangalore",PAEDIATRICS,"₹80,15,750*","₹25,000*",1*,"₹50,00,000*",766,-,-,26268(1),162927(1),-,-,-,10824(1),44216(1),-,102649(1),-,-
KAR Others (Inst.Q),MNG,Karnataka,"SSIMS & RC, Davangere",OPHTHALMOLOGY,"₹40,15,750*","₹30,000",1*,"₹50,00,000*",1190,-,-,-,-,-,-,-,-,-,-,102994(1),104211(1),-
KAR Priv Seats-Open,OPN,Karnataka,"Sapthagiri IMS&RC, Bangalore",ORTHOPAEDICS,"₹40,41,500*","₹10,000*",1*,"₹50,00,000*",500,22240(2),23263(2),74826(2),-,-,-,-,34592(2),36322(2),62822(2),103442(2),103442(2),-
KAR Others (Inst.Q),MNG,Karnataka,"Sapthagiri IMS&RC, Bangalore",OPHTHALMOLOGY,"₹40,41,500*","₹10,000*",1*,"₹50,00,000*",500,-,-,106062(1),-,-,-,-,-,-,-,103495(1),120177(1),-
KAR Govt Quota-Open,GM,Karnataka,"Kasturba Med Coll, Mangalore",MICROBIOLOGY,"₹2,07,777*","₹45,000*",1*,"₹50,00,000*",1290,-,-,-,-,-,-,-,-,-,-,103647(1),-,194073(1)
KAR Govt Quota-Open,GM,Karnataka,"Belagavi IMS, Belagavi",PHARMACOLOGY,"₹69,150*","₹56,250",3*,"₹50,00,000*",1000,-,-,-,-,-,-,-,45143(1),39465(1),104958(1),104958(1),104958(1),-
KAR Others (Inst.Q),MNG,Karnataka,"Father Mullers, Mangalore",ANAESTHESIOLOGY,"₹50,15,750*","₹35,000*",1*,"₹50,00,000*",1250,-,-,127204(1),125206(1),-,-,-,42361(1),69865(1),70432(1),105229(2),-,-
KAR Priv Seats-GMP,GMP,Karnataka,"Shridevi IMS, Tumkur",PATHOLOGY,"₹3,59,003*",Info not available*,1*,"₹50,00,000*",750,115037(1),105298(1),-,-,-,-,-,65783(1),71881(1),105329(1),105329(1),-,-
KAR NRI Quota,NRI,Karnataka,"VIMS (Vydehi), Bangalore",GENERAL MEDICINE,"₹75,15,750*","₹29,000*",1*,"₹50,00,000*",1600,114755(7),114755(4),126643(5),-,-,-,-,98799(6),92917(6),99233(4),105369(1),-,-
KAR Priv Seats-Open,OPN,Karnataka,"Nijalingappa, Bagalkot",DCP,"₹3,59,003*","₹10,000*",1*,"₹50,00,000*",1140,-,-,-,-,192650(1),-,-,105450(1),67720(1),-,105450(1),179633(1),-
KAR Govt Quota-Open,GM,Karnataka,"KIMS, Hubli",MICROBIOLOGY,"₹69,150*","₹56,250",3*,"₹50,00,000*",1200,-,-,-,-,-,-,-,41053(1),49067(1),105477(1),105477(1),109172(1),-
KAR Others (Inst.Q),MNG,Karnataka,"SDM College, Dharwad",SPM,"₹1,15,750*","₹45,000*",1*,"₹50,00,000*",670,-,-,-,-,-,-,188063(1),86703(1),62804(1),106096(1),106096(1),106096(1),-
KAR Priv Seats-GMP,GMP,Karnataka,"Sapthagiri IMS&RC, Bangalore",GENERAL MEDICINE,"₹62,41,500*","₹10,000*",1*,"₹50,00,000*",500,28143(3),43669(3),110350(3),141737(3),-,-,-,19187(3),30454(3),78062(3),106197(2),-,-
KAR Others (Inst.Q),MNG,Karnataka,"BGS IMS, Bangalore",GENERAL MEDICINE,"₹85,15,750*","₹25,000*",1*,"₹50,00,000*",766,-,-,-,-,-,-,-,17325(1),68136(1),115763(2),106239(1),-,-
KAR Others (Inst.Q),MNG,Karnataka,"MS Ramaiah, Bangalore",SPM,"₹2,32,777*","₹45,000",1*,"₹50,00,000*",1331,-,-,146522(1),-,-,-,-,-,-,108060(1),108060(1),-,-
KAR Govt Quota-Open,GM,Karnataka,"VIMS (Vydehi), Bangalore",MICROBIOLOGY,₹0*,"₹29,000*",0*,₹0*,1600,-,-,-,-,-,-,-,-,-,-,108088(1),-,-
KAR Others (Inst.Q),MNG,Karnataka,"VIMS (Vydehi), Bangalore",OBG,"₹80,15,750*","₹29,000*",1*,"₹50,00,000*",1600,-,-,29194(1),130316(1),-,-,-,35058(2),54175(2),119856(3),108283(3),97170(1),-
KAR Govt Quota-Open,3AG,Karnataka,"Mandya IMS, Mandya",PHARMACOLOGY,"₹69,150*","₹56,250",3*,"₹50,00,000*",Info Not Available,-,-,-,-,-,-,-,46248(1),46248(1),108410(1),108410(1),-,-
KAR Others (Inst.Q),MNG,Karnataka,"AJIMS, Mangalore",ENT,"₹50,15,750*","₹30,000",1*,"₹50,00,000*",910,-,-,-,-,-,-,-,-,-,102616(1),108554(1),102798(1),-
KAR Others (Inst.Q),MNG,Karnataka,"DR BR Ambedkar, Bangalore",OBG,"₹90,15,750*","₹10,000*",1*,"₹50,00,000*",570,-,-,112625(1),-,-,-,-,44832(1),63595(1),96332(1),108557(1),144132(1),-
KAR DNB Serv,GM,Karnataka,"District Hospital, Ballari",DNBOBG,"₹1,25,000","₹45,000*",Info Not Available,Info not available,210,-,-,-,-,-,-,-,-,-,-,109165(1),-,-
KAR Govt Quota-Open,GM,Karnataka,"SMC, Shimoga",SPM,"₹2,07,777*",Info not available,1*,"₹50,00,000*",1250,-,-,-,-,-,-,-,-,-,-,109340(1),-,168586(1)
KAR Others (Inst.Q),MNG,Karnataka,"SDM College, Dharwad",GENERAL SURGERY,"₹60,15,750*","₹45,000*",1*,"₹50,00,000*",670,-,-,-,-,-,-,-,-,-,-,109614(1),-,-
KAR Others (Inst.Q),MNG,Karnataka,"VIMS (Vydehi), Bangalore",DERMATOLOGY,"₹1,25,15,750*","₹29,000*",1*,"₹50,00,000*",1600,-,-,142391(1),-,-,-,-,17751(1),31175(1),92680(2),109841(3),145400(1),-
KAR Others (Inst.Q),MNG,Karnataka,"Al-Ameen, Bijapur",GENERAL MEDICINE,"₹65,15,750*","₹9,000*",1*,"₹50,00,000*",1040,-,-,105223(1),96184(1),-,-,-,57102(3),61405(3),107637(6),110103(2),114584(2),-
KAR Others (Inst.Q),MNG,Karnataka,"MRMC, Gulbarga",PATHOLOGY,"₹7,15,750*","₹8,000*",1*,"₹50,00,000*",1038,-,-,151636(1),-,189556(3),-,-,57799(1),57799(1),-,110218(3),98337(2),-
KAR Priv Seats-GMP,GMP,Karnataka,"Khaja Bandanawaz, Gulbarga",PAEDIATRICS,"₹60,30,750*","₹30,000*",1*,"₹50,00,000*",833,-,-,-,-,-,-,-,-,-,100309(1),110392(1),-,-
KAR Priv Seats-Open,OPN,Karnataka,"Srinivasa IMS, Srinivasanagar",ORTHOPAEDICS,"₹50,40,750*","₹29,000*",1*,"₹50,00,000*",660,-,-,-,-,-,-,-,28241(1),24358(1),56732(1),110546(1),110546(1),-
KAR Others (Inst.Q),MNG,Karnataka,"SMC, Shimoga",EMERGENCY MEDICINE,"₹80,15,750*",Info not available,1*,"₹50,00,000*",1250,-,-,-,157888(1),121595(1),-,-,29349(1),53576(1),88174(1),111060(1),171069(1),-
KAR Others (Inst.Q),MNG,Karnataka,"AIMS, Adichunchanagiri, Bellur",RADIO DIAGNOSIS,"₹90,15,750*","₹23,750",1*,"₹50,00,000*",1120,-,-,110474(1),-,-,-,-,-,-,-,111286(1),-,-
KAR Others (Inst.Q),MNG,Karnataka,"Oxford Med Coll, Bangalore",OPHTHALMOLOGY,"₹65,15,750*","₹30,000*",1*,"₹50,00,000*",770,-,-,-,-,-,-,-,-,-,-,111456(1),-,-
KAR Priv Seats-GMP,GMP,Karnataka,"Nijalingappa, Bagalkot",PATHOLOGY,"₹3,59,003*","₹10,000*",1*,"₹50,00,000*",1140,119103(1),119103(2),-,-,-,-,-,78248(2),68304(2),112112(2),112112(2),105910(1),-
KAR Govt Quota-Open,2AG,Karnataka,"SSIMS & RC, Davangere",SPM,"₹2,07,777*","₹30,000",1*,"₹50,00,000*",1190,-,-,-,-,-,-,-,-,112181(1),112181(1),112181(1),112181(1),-
KAR Others (Inst.Q),MNG,Karnataka,"JJM Med Coll, Davangere",DERMATOLOGY,"₹1,00,15,750*","₹30,000*",1*,"₹50,00,000*",1930,-,-,127789(1),118640(1),-,-,-,15111(1),49526(1),121793(2),112344(1),-,-
KAR Others (Inst.Q),MNG,Karnataka,"AIMS, Adichunchanagiri, Bellur",OPHTHALMOLOGY,"₹50,15,750*","₹23,750",1*,"₹50,00,000*",1120,-,-,25561(1),131862(1),-,-,-,-,-,-,112427(1),112427(1),-
KAR Priv Seats-Open,OPN,Karnataka,"Srinivasa IMS, Srinivasanagar",GENERAL SURGERY,"₹45,40,750*","₹29,000*",1*,"₹50,00,000*",660,-,-,-,-,-,-,-,24272(2),27395(2),98509(2),112432(2),112432(2),-
KAR Govt Quota-Open,STG,Karnataka,"Akash IMS,Devanhalli,Bangalore",PAEDIATRICS,"₹7,83,858*","₹20,000",1*,"₹50,00,000*",760,-,-,-,-,-,-,-,61630(1),71017(1),82335(1),112453(1),-,-
KAR Govt Quota-Open,2AG,Karnataka,"KIMS, Hubli",MICROBIOLOGY,"₹69,150*","₹56,250",3*,"₹50,00,000*",1200,-,-,-,-,-,-,-,83213(1),83213(1),112489(1),112489(1),-,-
KAR Priv Seats-GMP,GMP,Karnataka,"Sapthagiri IMS&RC, Bangalore",PAEDIATRICS,"₹60,41,500*","₹10,000*",1*,"₹50,00,000*",500,48548(2),40941(2),92503(2),93178(1),-,-,-,24224(2),29396(2),62019(2),112513(2),135707(2),-
KAR Others (Inst.Q),MNG,Karnataka,"Al-Ameen, Bijapur",RADIO DIAGNOSIS,"₹75,15,750*","₹9,000*",1*,"₹50,00,000*",1040,-,-,103806(2),119473(1),-,-,-,38239(2),58404(2),76909(2),112553(1),-,-
KAR Govt Quota-Open,GM,Karnataka,"Shimoga IMS, Shimoga",ANATOMY,"₹41,650*","₹56,250",3*,"₹50,00,000*",950,-,-,-,-,-,-,-,-,-,-,112795(1),-,-
KAR Govt Quota-Open,GM,Karnataka,"VIMS, Bellary",PHARMACOLOGY,"₹69,150*","₹56,250",3*,"₹50,00,000*",1295,-,-,-,-,-,-,160451(1),-,-,88432(1),112821(1),112821(1),-
KAR Others (Inst.Q),MNG,Karnataka,"MRMC, Gulbarga",RADIO DIAGNOSIS,"₹90,15,750*","₹8,000*",1*,"₹50,00,000*",1038,-,-,110568(1),-,-,-,-,37494(3),70326(3),109178(2),112865(3),-,-
KAR Others (Inst.Q),MNG,Karnataka,"BGS IMS, Bangalore",OBG,"₹85,15,750*","₹25,000*",1*,"₹50,00,000*",766,-,-,-,-,-,-,-,53726(1),53726(1),73775(1),113020(1),130314(1),-
KAR Govt Quota-Open,GM,Karnataka,"ESIC Med Coll,Gulbarga",MICROBIOLOGY,"₹2,50,000*","₹1,11,780*",2*,"₹10,00,000*",480,49131(1),49131(1),162885(2),-,-,-,-,51394(1),47252(1),-,113277(1),112089(1),-
KAR Govt Quota-Open,GM,Karnataka,"Chamrajanagar IMS, Karnataka",MICROBIOLOGY,"₹69,150*","₹56,250",3*,"₹50,00,000*",750,94561(1),79840(1),-,-,-,-,-,62250(1),50709(1),-,113623(1),-,-
KAR Others (Inst.Q),MNG,Karnataka,"DR BR Ambedkar, Bangalore",OPHTHALMOLOGY,"₹60,15,750*","₹10,000*",1*,"₹50,00,000*",570,-,-,-,-,-,-,-,50363(1),79827(1),-,114053(2),-,-
KAR NRI Quota,NRI,Karnataka,"VIMS (Vydehi), Bangalore",RADIATION ONCOLOGY,"₹45,15,750*","₹29,000*",1*,"₹50,00,000*",1600,-,-,-,-,-,-,-,-,76586(1),97559(1),114071(1),140296(1),-
KAR Others (Inst.Q),MNG,Karnataka,"Father Mullers, Mangalore",PSYCHIATRY,"₹50,15,750*","₹35,000*",1*,"₹50,00,000*",1250,-,-,-,-,-,-,-,18353(1),33708(1),96118(1),114089(1),-,-
KAR DNB Serv,GM,Karnataka,"K C Gen Hospital, Bangalore",DNBGENERAL MEDICINE,"₹1,25,000","₹45,000*",Info Not Available,Info not available,453,-,-,-,-,-,-,-,-,-,-,114800(1),-,-
KAR Govt Quota-Open,GM,Karnataka,"Bidar IMS, Bidar",PHARMACOLOGY,"₹69,150*","₹56,250",3*,"₹50,00,000*",500,-,-,-,-,-,-,-,-,-,114896(1),114896(1),-,-
KAR Others (Inst.Q),MNG,Karnataka,"Kempegowda IMS, Bangalore",SPM,"₹6,15,750*","₹35,000*",1*,"₹50,00,000*",1100,-,-,-,-,183414(2),-,-,-,-,-,115055(1),-,-
KAR Others (Inst.Q),MNG,Karnataka,"VIMS (Vydehi), Bangalore",ORTHOPAEDICS,"₹60,15,750*","₹29,000*",1*,"₹50,00,000*",1600,-,-,40628(1),146162(1),-,-,-,63467(2),87159(2),-,115308(4),107378(1),-
KAR Others (Inst.Q),MNG,Karnataka,"Kempegowda IMS, Bangalore",GENERAL MEDICINE,"₹95,15,750*","₹35,000*",1*,"₹50,00,000*",1100,-,-,115801(2),147469(1),-,-,-,12165(2),62789(2),78333(1),115391(3),112486(1),-
KAR Others (Inst.Q),MNG,Karnataka,"SDM College, Dharwad",GENERAL MEDICINE,"₹90,15,750*","₹45,000*",1*,"₹50,00,000*",670,-,-,-,-,-,-,-,31294(1),63453(1),-,115485(3),115485(1),-
KAR Others (Inst.Q),MNG,Karnataka,"Sapthagiri IMS&RC, Bangalore",GENERAL SURGERY,"₹50,41,500*","₹10,000*",1*,"₹50,00,000*",500,-,-,103393(1),-,-,-,-,61074(3),73139(3),126502(5),115772(3),117207(1),-
KAR DNB Serv,GM,Karnataka,"General Hospital, Jayanagar",DNBGENERAL MEDICINE,"₹1,25,000","₹45,000*",Info Not Available,Info not available,300,-,-,-,-,-,-,-,-,-,-,115853(1),-,-
KAR Others (Inst.Q),MNG,Karnataka,"SDM College, Dharwad",ANAESTHESIOLOGY,"₹45,15,750*","₹45,000*",1*,"₹50,00,000*",670,-,-,131580(1),143568(1),-,-,-,38350(1),74107(1),-,116708(3),116708(1),-
KAR Priv Seats-Open,OPN,Karnataka,"MS Ramaiah, Bangalore",HOSPITAL ADMINISTRATION,"₹15,40,750*","₹45,000",1*,"₹50,00,000*",1331,-,-,-,-,-,-,-,48217(1),49943(1),71082(1),117019(1),-,-
KAR Others (Inst.Q),MNG,Karnataka,"Kempegowda IMS, Bangalore",RADIO DIAGNOSIS,"₹1,10,15,750*","₹35,000*",1*,"₹50,00,000*",1100,-,-,111493(1),124335(1),-,-,-,19378(2),40340(2),113177(1),117339(3),126320(2),-
KAR Others (Inst.Q),MNG,Karnataka,"SDM College, Dharwad",RADIO DIAGNOSIS,"₹1,00,15,750*","₹45,000*",1*,"₹50,00,000*",670,-,-,118629(1),-,-,-,-,51182(1),59923(1),95753(1),117358(1),-,-
KAR NRI Quota,NRI,Karnataka,"MVJMC&RH, Bangalore",GENERAL MEDICINE,"₹90,15,750*","₹10,000*",1*,"₹50,00,000*",833,22710(1),-,161901(2),-,-,-,-,-,-,-,117415(2),160024(2),-
KAR Others (Inst.Q),MNG,Karnataka,"Basaveswara, Chitradurga",OPHTHALMOLOGY,"₹60,15,750*","₹5,000*",1*,"₹50,00,000*",500,-,-,-,-,-,-,-,-,-,-,117416(1),117416(1),-
KAR Govt Quota-Open,GMH,Karnataka,"AJIMS, Mangalore",SPM,"₹2,07,777*","₹30,000",1*,"₹50,00,000*",910,-,92497(1),-,-,-,-,-,76598(1),117927(1),117927(1),117927(1),-,-
KAR Others (Inst.Q),MNG,Karnataka,"DR BR Ambedkar, Bangalore",EMERGENCY MEDICINE,"₹50,15,750*","₹10,000*",1*,"₹50,00,000*",570,-,-,-,-,-,-,-,37555(1),44397(1),87644(1),118261(1),-,-
KAR Others (Inst.Q),MNG,Karnataka,"BGS IMS, Bangalore",ANAESTHESIOLOGY,"₹45,15,750*","₹25,000*",1*,"₹50,00,000*",766,-,-,-,-,-,-,-,-,-,-,118971(1),115114(1),-
KAR Priv Seats-Min.,MC,Karnataka,"Father Mullers, Mangalore",PATHOLOGY,"₹3,59,003*","₹35,000*",1*,"₹50,00,000*",1250,-,-,-,-,-,-,-,101452(4),97489(4),97489(4),119289(3),119289(3),-
KAR Others (Inst.Q),MNG,Karnataka,"Shridevi IMS, Tumkur",TBRD,"₹90,15,750*",Info not available*,1*,"₹50,00,000*",750,-,-,-,-,-,-,-,-,-,-,119625(1),-,-
KAR Others (Inst.Q),MNG,Karnataka,"SSIMS & RC, Davangere",EMERGENCY MEDICINE,"₹50,15,750*","₹30,000",1*,"₹50,00,000*",1190,-,-,-,-,-,-,-,-,-,-,119700(1),-,-
KAR Others (Inst.Q),MNG,Karnataka,"AIMS, Adichunchanagiri, Bellur",ANAESTHESIOLOGY,"₹42,15,750*","₹23,750",1*,"₹50,00,000*",1120,-,-,123747(1),129252(1),-,-,-,-,-,-,119833(2),119833(2),-
KAR Govt Quota-Open,GM,Karnataka,"Gadag IMS, Gadag",MICROBIOLOGY,"₹69,150*","₹56,250",3*,"₹50,00,000*",Info Not Available,-,-,-,-,-,-,-,-,-,-,119859(1),-,-
KAR Govt Quota-Open,GM,Karnataka,"Basaveswara, Chitradurga",SPM,"₹2,07,777*","₹5,000*",1*,"₹50,00,000*",500,-,-,151240(1),-,-,-,-,77121(1),68845(1),-,120181(1),-,-
KAR Govt Quota-Open,GM,Karnataka,"Hassan IMS, Hassan",FORENSIC MEDICINE,"₹69,150*","₹56,250",3*,"₹50,00,000*",Info Not Available,-,-,181673(1),181673(1),156479(1),-,-,51070(1),38350(1),-,120530(1),-,180366(1)
KAR Others (Inst.Q),MNG,Karnataka,"SSIMS & RC, Davangere",ORTHOPAEDICS,"₹60,15,750*","₹30,000",1*,"₹50,00,000*",1190,-,-,107730(1),137754(1),-,-,-,36002(1),36002(1),-,120747(1),120747(1),-
KAR Others (Inst.Q),MNG,Karnataka,"SMC, Shimoga",TBRD,"₹80,15,750*",Info not available,1*,"₹50,00,000*",1250,-,-,-,-,-,-,-,-,-,-,120811(1),150460(1),165843(1)
KAR Others (Inst.Q),MNG,Karnataka,"VIMS (Vydehi), Bangalore",PAEDIATRICS,"₹75,15,750*","₹29,000*",1*,"₹50,00,000*",1600,-,-,37171(2),155774(2),109944(1),-,-,31175(2),67577(2),-,120820(4),111905(1),-
KAR Others (Inst.Q),MNG,Karnataka,"KVG Med Coll, Sullia",PAEDIATRICS,"₹70,15,750*","₹7,500",1*,"₹50,00,000*",682,-,-,-,-,-,-,-,-,-,93383(1),120860(1),130324(1),-
KAR Others (Inst.Q),MNG,Karnataka,"MS Ramaiah, Bangalore",GENERAL SURGERY,"₹75,40,750*","₹45,000",1*,"₹50,00,000*",1331,-,-,-,-,-,-,-,32315(1),36725(1),104319(1),120891(2),-,-
KAR Others (Inst.Q),MNG,Karnataka,"DR BR Ambedkar, Bangalore",ANAESTHESIOLOGY,"₹45,15,750*","₹10,000*",1*,"₹50,00,000*",570,-,-,-,-,-,-,-,42420(1),37468(1),-,121281(3),120160(1),-
KAR DNB Serv,GM,Karnataka,"SNR District Hospital, Kolar",DNBOBG,"₹1,25,000","₹45,000*",Info Not Available,Info not available,550,-,-,-,-,-,-,-,-,-,-,121311(1),-,-
KAR Others (Inst.Q),MNG,Karnataka,"Sapthagiri IMS&RC, Bangalore",OBG,"₹80,41,500*","₹10,000*",1*,"₹50,00,000*",500,-,-,101235(3),123802(2),-,-,-,61864(4),87296(4),100124(1),121911(8),132926(1),-
KAR Others (Inst.Q),MNG,Karnataka,"MRMC, Gulbarga",GENERAL MEDICINE,"₹82,15,750*","₹8,000*",1*,"₹50,00,000*",1038,-,-,132057(2),161117(2),-,-,-,30917(2),48548(2),103657(1),122045(4),142796(1),-
KAR Others (Inst.Q),MNG,Karnataka,"East Point College,Bangalore",OPHTHALMOLOGY,"₹65,15,750*","₹20,000",1*,"₹50,00,000*",-,-,-,120877(1),-,-,-,-,43678(1),46763(1),-,122256(1),-,-
KAR Others (Inst.Q),MNG,Karnataka,"DR BR Ambedkar, Bangalore",DERMATOLOGY,"₹1,10,15,750*","₹10,000*",1*,"₹50,00,000*",570,-,-,-,-,-,-,-,10641(1),37441(1),122731(1),122326(1),-,-
KAR Priv Seats-GMP,GMP,Karnataka,"Srinivasa IMS, Srinivasanagar",GENERAL SURGERY,"₹45,40,750*","₹29,000*",1*,"₹50,00,000*",660,-,-,-,-,-,-,-,37095(3),63406(3),105174(3),122410(2),111031(1),-
KAR Govt Quota-Open,GM,Karnataka,"Gulbarga IMS, Gulbarga",MICROBIOLOGY,"₹69,150*","₹56,250",3*,"₹50,00,000*",873,-,-,79347(1),-,-,-,-,-,-,70477(2),123195(2),123195(1),-
KAR Others (Inst.Q),MNG,Karnataka,"Khaja Bandanawaz, Gulbarga",GENERAL SURGERY,"₹50,30,750*","₹30,000*",1*,"₹50,00,000*",833,-,-,-,-,-,-,-,-,-,-,123240(1),-,-
KAR Others (Inst.Q),MNG,Karnataka,"Al-Ameen, Bijapur",ORTHOPAEDICS,"₹60,15,750*","₹9,000*",1*,"₹50,00,000*",1040,-,-,129413(1),-,-,-,-,55408(1),90808(1),104739(1),123390(2),112513(1),-
KAR Priv Seats-GMP,GMP,Karnataka,"SMC, Shimoga",PATHOLOGY,"₹3,59,003*",Info not available,1*,"₹50,00,000*",1250,-,-,-,-,-,-,-,85267(1),72365(1),123637(2),123637(2),123637(2),-
KAR Others (Inst.Q),MNG,Karnataka,"Nijalingappa, Bagalkot",OPHTHALMOLOGY,"₹60,15,750*","₹10,000*",1*,"₹50,00,000*",1140,-,-,-,-,-,-,-,-,-,-,123692(1),-,-
KAR Others (Inst.Q),MNG,Karnataka,"JJM Med Coll, Davangere",RADIO DIAGNOSIS,"₹1,00,15,750*","₹30,000*",1*,"₹50,00,000*",1930,-,-,133567(1),139386(1),-,-,-,13435(2),20891(2),118481(3),123711(3),-,-
KAR Others (Inst.Q),MNG,Karnataka,"MRMC, Gulbarga",DERMATOLOGY,"₹92,15,750*","₹8,000*",1*,"₹50,00,000*",1038,-,-,141727(1),-,-,-,-,23474(1),52799(1),-,123860(3),130977(1),-
KAR Others (Inst.Q),MNG,Karnataka,"Kempegowda IMS, Bangalore",GENERAL SURGERY,"₹70,15,750*","₹35,000*",1*,"₹50,00,000*",1100,-,-,99807(1),-,-,-,-,37004(2),45851(2),127379(1),124429(4),-,-
KAR Others (Inst.Q),MNG,Karnataka,"Navodaya Med Coll, Raichur",DERMATOLOGY,"₹90,15,750*","₹10,000*",1*,"₹50,00,000*",1110,-,-,134745(2),123898(1),-,-,-,42930(1),62782(1),115714(1),124729(2),-,-
KAR Others (Inst.Q),MNG,Karnataka,"SSIMS & RC, Davangere",RADIO DIAGNOSIS,"₹1,00,15,750*","₹30,000",1*,"₹50,00,000*",1190,-,-,126957(1),139618(1),-,-,-,13490(1),13490(1),92792(1),125269(2),123894(1),-
KAR Others (Inst.Q),MNG,Karnataka,"VIMS (Vydehi), Bangalore",RADIO DIAGNOSIS,"₹1,20,15,750*","₹29,000*",1*,"₹50,00,000*",1600,-,-,111267(2),161081(2),-,-,-,38545(2),58649(2),-,125318(4),143994(2),-
KAR Others (Inst.Q),MNG,Karnataka,"KVG Med Coll, Sullia",GENERAL SURGERY,"₹60,15,750*","₹7,500",1*,"₹50,00,000*",682,-,-,113391(1),-,-,-,-,28939(1),89320(1),-,125516(2),143088(1),-
KAR Priv Seats-GMP,GMP,Karnataka,"Al-Ameen, Bijapur",PATHOLOGY,"₹3,59,003*","₹9,000*",1*,"₹50,00,000*",1040,-,-,-,-,-,-,-,87001(1),78248(1),125732(1),125732(1),-,-
KAR Others (Inst.Q),MNG,Karnataka,"DR BR Ambedkar, Bangalore",RADIO DIAGNOSIS,"₹1,10,15,750*","₹10,000*",1*,"₹50,00,000*",570,-,-,-,-,-,-,-,31999(1),34327(1),120237(1),125822(1),138846(1),-
KAR DNB Serv,GM,Karnataka,"District Hospital, Ballari",DNBPAEDIATRICS,"₹1,25,000","₹45,000*",Info Not Available,Info not available,210,-,-,133916(1),-,-,-,-,-,-,-,125992(1),-,-
KAR Others (Inst.Q),MNG,Karnataka,"Nijalingappa, Bagalkot",DERMATOLOGY,"₹90,15,750*","₹10,000*",1*,"₹50,00,000*",1140,-,-,131037(1),-,-,-,-,21419(1),49838(1),-,126003(1),-,-
KAR Others (Inst.Q),MNG,Karnataka,"MVJMC&RH, Bangalore",OBG,"₹80,15,750*","₹10,000*",1*,"₹50,00,000*",833,-,-,129348(2),143798(1),-,-,-,42649(1),57994(1),-,126255(2),124139(1),-
KAR NRI Quota,NRI,Karnataka,"Father Mullers, Mangalore",ORTHOPAEDICS,"₹60,15,750*","₹35,000*",1*,"₹50,00,000*",1250,89090(3),89213(3),155680(3),-,-,-,-,87005(2),87116(2),87116(2),126261(1),-,-
KAR Others (Inst.Q),MNG,Karnataka,"BGS IMS, Bangalore",RADIO DIAGNOSIS,"₹1,30,15,750*","₹25,000*",1*,"₹50,00,000*",766,-,-,-,-,-,-,-,14922(1),25781(1),50342(1),126320(1),148897(1),-
KAR Govt Quota-Open,SCG,Karnataka,Kodagu Inst of Med Sciences,SPM,"₹69,150*","₹56,250",3*,"₹50,00,000*",600,-,-,-,-,-,-,-,67744(1),59296(1),72048(1),126366(1),-,-
KAR Priv Seats-Open,OPN,Karnataka,"AIMS, Adichunchanagiri, Bellur",SPM,"₹2,30,750*","₹23,750",1*,"₹50,00,000*",1120,-,-,-,-,-,-,-,81193(1),81193(1),-,126514(1),-,-
KAR Priv Seats-Min.,ME,Karnataka,"Navodaya Med Coll, Raichur",PATHOLOGY,"₹3,59,003*","₹10,000*",1*,"₹50,00,000*",1110,-,-,-,-,-,-,-,-,-,126644(1),126644(1),144414(1),-
KAR DNB Serv,GM,Karnataka,"District Hospital, Dharwad",DNBGENERAL MEDICINE,"₹1,25,000","₹45,000*",Info Not Available,Info not available,250,-,-,-,-,-,-,-,-,-,-,126689(1),-,-
KAR Others (Inst.Q),MNG,Karnataka,"VIMS (Vydehi), Bangalore",OPHTHALMOLOGY,"₹75,15,750*","₹29,000*",1*,"₹50,00,000*",1600,-,-,-,-,-,-,-,-,-,-,126750(1),-,-
KAR Others (Inst.Q),MNG,Karnataka,"MRMC, Gulbarga",OBG,"₹88,15,750*","₹8,000*",1*,"₹50,00,000*",1038,-,-,125646(1),142706(1),-,-,-,45059(1),51824(1),-,126814(2),131140(2),-
KAR DNB Serv,GM,Karnataka,"SNR District Hospital, Kolar",DNBPAEDIATRICS,"₹1,25,000","₹45,000*",Info Not Available,Info not available,550,-,-,-,-,-,-,-,-,-,-,127003(1),145439(1),-
KAR Govt Quota-Open,GM,Karnataka,"Father Mullers, Mangalore",MICROBIOLOGY,"₹2,07,777*","₹35,000*",1*,"₹50,00,000*",1250,-,-,-,-,-,-,-,67210(1),58521(1),96995(2),127145(2),127145(1),-
KAR Others (Inst.Q),MNG,Karnataka,"AJIMS, Mangalore",OBG,"₹1,00,15,750*","₹30,000",1*,"₹50,00,000*",910,-,-,108169(1),-,-,-,-,40533(2),76511(2),-,127322(2),-,-
KAR Govt Quota-Open,SCG,Karnataka,"Dr Chandramma DS Inst, Hubli",PATHOLOGY,"₹2,07,777*",Info not available,1*,"₹50,00,000*",-,-,-,-,-,-,-,-,126926(1),84367(1),127387(1),127387(1),-,-
KAR Others (Inst.Q),MNG,Karnataka,"Shridevi IMS, Tumkur",DERMATOLOGY,"₹1,20,15,750*",Info not available*,1*,"₹50,00,000*",750,-,-,126788(1),-,-,-,-,25315(1),36526(1),-,127580(1),-,-
KAR Priv Seats-GMP,GMPH,Karnataka,"Akash IMS,Devanhalli,Bangalore",PATHOLOGY,"₹3,59,003*","₹20,000",1*,"₹50,00,000*",760,-,-,-,-,-,-,-,95918(1),79975(1),127660(1),127660(1),127660(1),-
KAR Others (Inst.Q),MNG,Karnataka,"Dr Chandramma DS Inst, Hubli",PATHOLOGY,"₹8,15,750*",Info not available,1*,"₹50,00,000*",-,-,-,-,-,-,-,-,81732(1),65301(1),127731(1),127731(2),98722(1),-
KAR Others (Inst.Q),MNG,Karnataka,"KVG Med Coll, Sullia",OBG,"₹80,15,750*","₹7,500",1*,"₹50,00,000*",682,-,-,125563(1),-,-,-,-,48817(1),77329(1),127657(1),128323(1),-,-
KAR Others (Inst.Q),MNG,Karnataka,"SSIMS & RC, Davangere",DERMATOLOGY,"₹1,00,15,750*","₹30,000",1*,"₹50,00,000*",1190,-,-,-,-,-,-,-,-,-,-,128377(1),-,-
KAR Priv Seats-Open,OPN,Karnataka,"DR BR Ambedkar, Bangalore",SPM,₹0*,"₹10,000*",1*,"₹50,00,000*",570,65710(1),59691(1),178907(1),-,177077(1),-,-,-,-,-,128547(1),128547(1),-
KAR Govt Quota-Open,SCG,Karnataka,"Mysore Med Coll, Mysore",MICROBIOLOGY,"₹69,150*","₹56,250",3*,"₹50,00,000*",1050,-,-,-,-,-,-,-,81001(1),65007(1),128549(1),128549(1),-,-
KAR Others (Inst.Q),MNG,Karnataka,"AJIMS, Mangalore",OPHTHALMOLOGY,"₹75,15,750*","₹30,000",1*,"₹50,00,000*",910,-,-,-,-,-,-,-,-,-,-,128971(1),112579(1),-
KAR Others (Inst.Q),MNG,Karnataka,"AJIMS, Mangalore",GENERAL MEDICINE,"₹1,00,15,750*","₹30,000",1*,"₹50,00,000*",910,-,-,150142(2),-,-,-,-,34510(3),84083(3),115939(1),128980(5),124088(2),-
KAR Govt Quota-Open,2AG,Karnataka,"Nijalingappa, Bagalkot",PATHOLOGY,"₹2,07,777*","₹10,000*",1*,"₹50,00,000*",1140,-,-,-,-,-,-,-,-,-,129727(1),129727(1),138255(1),-
KAR Priv Seats-Open,OPN,Karnataka,"JJM Med Coll, Davangere",SPM,"₹3,59,003*","₹30,000*",1*,"₹50,00,000*",1930,56916(1),52903(1),174892(2),115846(1),-,-,-,56455(1),56455(1),-,129870(2),124933(1),-
KAR Priv Seats-Open,OPN,Karnataka,"SDM College, Dharwad",FORENSIC MEDICINE,"₹25,750*","₹45,000*",1*,"₹50,00,000*",670,-,-,-,-,-,-,-,-,-,-,129973(1),-,-
KAR Others (Inst.Q),MNG,Karnataka,"Kempegowda IMS, Bangalore",PAEDIATRICS,"₹80,15,750*","₹35,000*",1*,"₹50,00,000*",1100,-,-,120236(1),-,-,-,-,36441(2),58531(2),102478(2),130509(4),114213(1),-
KAR Others (Inst.Q),MNG,Karnataka,"Oxford Med Coll, Bangalore",PAEDIATRICS,"₹70,15,750*","₹30,000*",1*,"₹50,00,000*",770,-,-,-,-,-,-,-,21105(1),47485(1),54331(1),130607(2),-,-
KAR Others (Inst.Q),MNG,Karnataka,"Sapthagiri IMS&RC, Bangalore",ORTHOPAEDICS,"₹60,41,500*","₹10,000*",1*,"₹50,00,000*",500,-,-,103978(1),-,-,-,-,66858(3),82292(3),120474(2),130746(4),-,-
KAR Others (Inst.Q),MNG,Karnataka,"DR BR Ambedkar, Bangalore",PAEDIATRICS,"₹80,40,750*","₹10,000*",1*,"₹50,00,000*",570,-,-,135150(1),147895(1),-,-,-,-,-,53157(1),130998(1),-,-
KAR Others (Inst.Q),MNG,Karnataka,"AIMS, Adichunchanagiri, Bellur",GENERAL SURGERY,"₹60,15,750*","₹23,750",1*,"₹50,00,000*",1120,-,-,-,95960(1),-,-,-,58236(1),87971(1),104484(1),131162(2),133191(2),-
KAR Others (Inst.Q),MNG,Karnataka,"Srinivasa IMS, Srinivasanagar",GENERAL MEDICINE,"₹75,40,750*","₹29,000*",1*,"₹50,00,000*",660,-,-,141438(1),-,-,-,-,53803(3),69813(3),-,131186(6),131186(3),-
KAR Others (Inst.Q),MNG,Karnataka,"JJM Med Coll, Davangere",SPM,"₹3,59,003*","₹30,000*",1*,"₹50,00,000*",1930,-,-,-,-,-,-,-,-,-,-,131316(1),164364(1),-
KAR Others (Inst.Q),MNG,Karnataka,"Sapthagiri IMS&RC, Bangalore",PAEDIATRICS,"₹80,41,500*","₹10,000*",1*,"₹50,00,000*",500,-,-,120958(1),-,-,-,-,58531(1),41133(1),-,132027(2),139828(1),-
KAR Others (Inst.Q),MNG,Karnataka,"Sapthagiri IMS&RC, Bangalore",RADIO DIAGNOSIS,"₹1,00,41,500*","₹10,000*",1*,"₹50,00,000*",500,-,-,113808(3),147953(2),105383(1),-,-,58404(4),84578(4),-,132375(8),146325(2),-
KAR Others (Inst.Q),MNG,Karnataka,"JJM Med Coll, Davangere",GENERAL SURGERY,"₹80,15,750*","₹30,000*",1*,"₹50,00,000*",1930,-,-,146932(1),-,-,-,-,18481(1),26089(1),88105(2),132696(2),144198(1),-
KAR Others (Inst.Q),MNG,Karnataka,"KVG Med Coll, Sullia",PATHOLOGY,"₹12,15,750*","₹7,500",1*,"₹50,00,000*",682,-,-,-,-,190638(1),-,-,-,-,-,132861(1),122481(1),-
KAR Others (Inst.Q),MNG,Karnataka,"DR BR Ambedkar, Bangalore",GENERAL SURGERY,"₹75,15,750*","₹10,000*",1*,"₹50,00,000*",570,-,-,138970(1),-,-,-,-,45851(1),58920(1),-,132959(2),-,-
KAR Others (Inst.Q),MNG,Karnataka,"AJIMS, Mangalore",DERMATOLOGY,"₹1,25,15,750*","₹30,000",1*,"₹50,00,000*",910,-,-,107065(1),-,-,-,-,10722(1),53674(1),-,133161(3),148431(1),-
KAR Others (Inst.Q),MNG,Karnataka,"Navodaya Med Coll, Raichur",RADIO DIAGNOSIS,"₹90,15,750*","₹10,000*",1*,"₹50,00,000*",1110,-,-,126095(1),-,-,-,-,50270(2),73087(2),-,133273(6),136903(4),151172(1)
KAR Others (Inst.Q),MNG,Karnataka,"Basaveswara, Chitradurga",ORTHOPAEDICS,"₹90,15,750*","₹5,000*",1*,"₹50,00,000*",500,-,-,104373(1),-,-,-,-,-,-,107184(1),133502(1),-,-
KAR Priv Seats-GMP,GMPH,Karnataka,"Sapthagiri IMS&RC, Bangalore",OBG,"₹62,41,500*","₹10,000*",1*,"₹50,00,000*",500,49079(1),-,137066(1),-,-,-,-,62092(2),72408(2),98159(2),133555(1),133555(1),-
KAR Others (Inst.Q),MNG,Karnataka,"Navodaya Med Coll, Raichur",OBG,"₹70,15,750*","₹10,000*",1*,"₹50,00,000*",1110,-,-,127798(2),98796(1),-,-,-,49805(2),87305(2),113130(1),133886(4),140343(2),-
KAR Others (Inst.Q),MNG,Karnataka,"Akash IMS,Devanhalli,Bangalore",OBG,"₹85,15,750*","₹20,000",1*,"₹50,00,000*",760,-,-,133089(2),139177(2),-,-,-,43889(3),73703(3),110282(1),133893(4),143974(2),155279(2)
KAR Others (Inst.Q),MNG,Karnataka,"Navodaya Med Coll, Raichur",GENERAL SURGERY,"₹55,15,750*","₹10,000*",1*,"₹50,00,000*",1110,-,-,122137(1),111544(1),-,-,-,67720(1),87809(1),-,134438(3),125964(2),-
KAR Others (Inst.Q),MNG,Karnataka,"MRMC, Gulbarga",OPHTHALMOLOGY,"₹82,15,750*","₹8,000*",1*,"₹50,00,000*",1038,-,-,-,-,-,-,-,-,-,-,134563(1),135655(1),-
KAR Others (Inst.Q),MNG,Karnataka,"East Point College,Bangalore",OBG,"₹90,15,750*","₹20,000",1*,"₹50,00,000*",-,-,-,131218(1),-,-,-,-,-,-,-,134678(1),145599(1),-
KAR Govt Quota-Open,GM,Karnataka,"Raichur IMS, Raichur",MICROBIOLOGY,"₹69,150*","₹56,250",3*,"₹50,00,000*",500,-,-,-,-,-,-,-,61890(1),62250(1),-,134695(1),-,-
KAR Others (Inst.Q),MNG,Karnataka,"DR BR Ambedkar, Bangalore",ORTHOPAEDICS,"₹75,15,750*","₹10,000*",1*,"₹50,00,000*",570,-,-,153356(2),158329(1),-,-,-,44728(1),56855(1),-,134730(1),-,-
KAR Others (Inst.Q),MNG,Karnataka,"AIMS, Adichunchanagiri, Bellur",ORTHOPAEDICS,"₹65,15,750*","₹23,750",1*,"₹50,00,000*",1120,-,-,128549(1),-,-,-,-,-,-,-,134888(2),114911(1),-
KAR Others (Inst.Q),MNG,Karnataka,"Nijalingappa, Bagalkot",OBG,"₹82,15,750*","₹10,000*",1*,"₹50,00,000*",1140,-,-,134378(2),143106(1),-,-,-,44671(1),54793(1),-,135698(2),-,-
KAR Others (Inst.Q),MNG,Karnataka,"AJIMS, Mangalore",GENERAL SURGERY,"₹75,15,750*","₹30,000",1*,"₹50,00,000*",910,-,-,155723(1),159871(1),-,-,-,40289(1),51463(1),104622(1),136010(1),-,-
KAR Others (Inst.Q),MNG,Karnataka,"Basaveswara, Chitradurga",DERMATOLOGY,"₹1,05,15,750*","₹5,000*",1*,"₹50,00,000*",500,-,-,-,-,-,-,-,-,-,-,136109(2),136970(1),-
KAR Govt Quota-Open,GM,Karnataka,"BGS IMS, Bangalore",SPM,"₹2,07,777*","₹25,000*",1*,"₹50,00,000*",766,67294(1),67294(1),182462(1),-,-,-,-,-,-,-,136117(1),136117(1),-
KAR Govt Quota-Open,GM,Karnataka,Kodagu Inst of Med Sciences,PHARMACOLOGY,"₹69,150*","₹56,250",3*,"₹50,00,000*",600,-,-,-,185522(1),-,-,-,47419(1),45143(1),121843(2),136214(1),152825(1),-
KAR Govt Quota-Open,GM,Karnataka,"Oxford Med Coll, Bangalore",SPM,"₹2,07,777*","₹30,000*",1*,"₹50,00,000*",770,-,-,189270(1),-,-,-,-,67850(1),67056(1),105586(1),136313(2),136313(2),-
KAR Others (Inst.Q),MNG,Karnataka,"BGS IMS, Bangalore",GENERAL SURGERY,"₹70,15,750*","₹25,000*",1*,"₹50,00,000*",766,-,-,29214(1),151965(1),-,-,-,59938(2),67820(2),-,136398(3),137562(1),-
KAR Others (Inst.Q),MNG,Karnataka,"Basaveswara, Chitradurga",RADIO DIAGNOSIS,"₹1,05,15,750*","₹5,000*",1*,"₹50,00,000*",500,-,-,-,-,-,-,-,16320(1),62660(1),105090(1),136903(1),155255(1),-
KAR Others (Inst.Q),MNG,Karnataka,"KVG Med Coll, Sullia",GENERAL MEDICINE,"₹80,15,750*","₹7,500",1*,"₹50,00,000*",682,-,-,120228(1),145675(1),-,-,-,31195(1),67063(1),104700(2),137446(2),119107(1),-
KAR Others (Inst.Q),MNG,Karnataka,"KVG Med Coll, Sullia",ANAESTHESIOLOGY,"₹60,15,750*","₹7,500",1*,"₹50,00,000*",682,-,-,-,-,-,-,-,60690(1),83097(1),-,137562(1),130038(1),-
KAR Govt Quota-Open,GM,Karnataka,"Hassan IMS, Hassan",MICROBIOLOGY,"₹69,150*","₹56,250",3*,"₹50,00,000*",Info Not Available,79840(1),57363(1),-,-,-,-,-,-,-,-,137708(1),137708(1),-
KAR Others (Inst.Q),MNG,Karnataka,"Basaveswara, Chitradurga",EMERGENCY MEDICINE,"₹60,15,750*","₹5,000*",1*,"₹50,00,000*",500,-,-,103975(1),-,-,-,-,38556(1),40842(1),-,137991(1),-,-
KAR Others (Inst.Q),MNG,Karnataka,"Sapthagiri IMS&RC, Bangalore",DERMATOLOGY,"₹1,20,41,500*","₹10,000*",1*,"₹50,00,000*",500,-,-,31165(2),129987(2),-,-,-,26385(2),59438(2),53770(1),137995(3),139811(1),-
KAR Others (Inst.Q),MNG,Karnataka,"Navodaya Med Coll, Raichur",ORTHOPAEDICS,"₹60,15,750*","₹10,000*",1*,"₹50,00,000*",1110,-,-,119177(1),-,-,-,-,71691(1),67909(1),-,138005(2),134598(1),-
KAR Priv Seats-GMP,GMPH,Karnataka,"VIMS (Vydehi), Bangalore",PATHOLOGY,"₹3,59,003*","₹29,000*",1*,"₹50,00,000*",1600,-,-,-,-,-,-,-,89776(1),75359(1),120159(1),138038(1),138038(1),-
KAR Others (Inst.Q),MNG,Karnataka,"AIMS, Adichunchanagiri, Bellur",PATHOLOGY,"₹14,15,750*","₹23,750",1*,"₹50,00,000*",1120,-,-,166741(1),190286(1),177051(2),-,180691(1),101348(1),57497(1),-,138214(2),138214(2),-
KAR Govt Quota-Open,GM,Karnataka,"Yenepoya Med Coll, Mangalore",SPM,"₹2,47,777*","₹45,000*",1*,"₹50,00,000*",910,-,-,159288(1),-,-,-,-,37444(1),37444(1),-,138663(1),-,-
KAR Others (Inst.Q),MNG,Karnataka,"East Point College,Bangalore",DERMATOLOGY,"₹1,20,15,750*","₹20,000",1*,"₹50,00,000*",-,-,-,-,-,-,-,-,-,-,-,138790(3),-,-
KAR Others (Inst.Q),MNG,Karnataka,"MVJMC&RH, Bangalore",GENERAL MEDICINE,"₹90,15,750*","₹10,000*",1*,"₹50,00,000*",833,-,-,128650(1),154186(1),-,-,-,24152(2),74478(2),-,138993(3),135595(1),-
KAR Others (Inst.Q),MNG,Karnataka,"East Point College,Bangalore",ORTHOPAEDICS,"₹70,15,750*","₹20,000",1*,"₹50,00,000*",-,-,-,-,-,-,-,-,-,-,-,139093(1),-,-
KAR Others (Inst.Q),MNG,Karnataka,"KVG Med Coll, Sullia",DERMATOLOGY,"₹1,02,15,750*","₹7,500",1*,"₹50,00,000*",682,-,-,102536(1),141600(1),-,-,-,33556(1),59079(1),-,139205(2),-,-
KAR Govt Quota-Open,GM,Karnataka,"Koppal Inst of MS, Koppal",PHARMACOLOGY,"₹69,150*","₹56,250",3*,"₹50,00,000*",Info Not Available,-,-,-,-,-,-,-,-,-,-,139221(2),-,195083(1)
KAR Others (Inst.Q),MNG,Karnataka,"Oxford Med Coll, Bangalore",DERMATOLOGY,"₹1,10,15,750*","₹30,000*",1*,"₹50,00,000*",770,-,-,110005(1),132089(1),131819(1),-,-,5266(1),53643(1),-,139261(3),148128(2),-
KAR DNB Serv,GM,Karnataka,"District Hospital, Chitradurga",DNBGENERAL MEDICINE,"₹1,25,000","₹45,000*",Info Not Available,Info not available,450,-,-,-,-,-,-,-,-,-,-,139319(1),-,-
KAR Others (Inst.Q),MNG,Karnataka,"DR BR Ambedkar, Bangalore",GENERAL MEDICINE,"₹1,00,15,750*","₹10,000*",1*,"₹50,00,000*",570,-,-,149230(2),169210(2),-,-,-,9330(1),67691(1),-,139574(3),147948(1),-
KAR Others (Inst.Q),MNG,Karnataka,"Akash IMS,Devanhalli,Bangalore",GENERAL SURGERY,"₹70,15,750*","₹20,000",1*,"₹50,00,000*",760,-,-,-,-,-,-,-,41296(1),82754(1),-,139718(2),140512(1),-
KAR Others (Inst.Q),MNG,Karnataka,"Sapthagiri IMS&RC, Bangalore",GENERAL MEDICINE,"₹90,41,500*","₹10,000*",1*,"₹50,00,000*",500,-,-,148178(5),153023(3),86709(1),-,-,64375(6),79226(6),105266(1),139811(10),140579(2),-
KAR Govt Quota-Open,GM,Karnataka,"ESIC Med Coll,Gulbarga",BIOCHEMISTRY,"₹2,50,000*","₹1,11,780*",2*,"₹10,00,000*",480,113686(1),113686(1),113686(1),-,-,-,-,-,-,-,139953(1),-,-
KAR Govt Quota-Open,2BG,Karnataka,"Koppal Inst of MS, Koppal",PATHOLOGY,"₹69,150*","₹56,250",3*,"₹50,00,000*",Info Not Available,-,-,-,-,-,-,-,-,-,-,139956(1),139956(1),-
KAR Others (Inst.Q),MNG,Karnataka,"Srinivasa IMS, Srinivasanagar",GENERAL SURGERY,"₹60,40,750*","₹29,000*",1*,"₹50,00,000*",660,-,-,156980(1),158514(2),-,-,-,33623(1),89664(1),-,140500(3),140500(3),-
KAR Others (Inst.Q),MNG,Karnataka,"East Point College,Bangalore",PAEDIATRICS,"₹70,15,750*","₹20,000",1*,"₹50,00,000*",-,-,-,-,-,-,-,-,59562(2),85257(2),-,140553(4),143635(2),-
KAR Govt Quota-Open,GM,Karnataka,"JJM Med Coll, Davangere",PHARMACOLOGY,"₹2,07,777*","₹30,000*",1*,"₹50,00,000*",1930,-,87909(1),-,-,-,-,-,54010(1),76556(1),-,141099(1),-,-
KAR Others (Inst.Q),MNG,Karnataka,"Nijalingappa, Bagalkot",GENERAL SURGERY,"₹60,15,750*","₹10,000*",1*,"₹50,00,000*",1140,-,-,125835(1),-,-,-,-,27892(1),76773(1),-,141163(2),141163(1),-
KAR Others (Inst.Q),MNG,Karnataka,"Oxford Med Coll, Bangalore",OBG,"₹90,15,750*","₹30,000*",1*,"₹50,00,000*",770,-,-,109700(1),-,-,-,-,35953(1),69052(1),-,141258(3),148898(1),-
KAR Others (Inst.Q),MNG,Karnataka,"JJM Med Coll, Davangere",ORTHOPAEDICS,"₹70,15,750*","₹30,000*",1*,"₹50,00,000*",1930,-,-,140497(1),-,-,-,-,36322(1),51942(1),128852(2),141271(3),143100(1),-
KAR Priv Seats-GMP,GMPH,Karnataka,"Srinivasa IMS, Srinivasanagar",RADIO DIAGNOSIS,"₹70,40,750*","₹29,000*",1*,"₹50,00,000*",660,-,-,-,-,-,-,-,18094(1),34909(1),68007(1),141539(1),141539(1),-
KAR DNB Serv,GM,Karnataka,"District Hospital, Chitradurga",DNBORTHOPAEDICS,"₹1,25,000","₹45,000*",Info Not Available,Info not available,450,-,-,-,-,-,-,-,-,-,-,142010(1),-,-
KAR Others (Inst.Q),MNG,Karnataka,"MRMC, Gulbarga",PAEDIATRICS,"₹75,15,750*","₹8,000*",1*,"₹50,00,000*",1038,-,-,146117(2),73533(1),-,-,-,30943(1),76375(1),-,142454(3),146014(1),-
KAR Others (Inst.Q),MNG,Karnataka,"Al-Ameen, Bijapur",GENERAL SURGERY,"₹60,15,750*","₹9,000*",1*,"₹50,00,000*",1040,-,-,62950(1),144116(1),-,-,-,44873(1),48001(1),-,142768(3),123608(1),-
KAR Others (Inst.Q),MNG,Karnataka,"SDM College, Dharwad",ORTHOPAEDICS,"₹75,15,750*","₹45,000*",1*,"₹50,00,000*",670,-,-,107696(1),119590(1),-,-,-,62297(1),44090(1),84338(1),143301(1),138082(1),-
KAR Govt Quota-Open,GM,Karnataka,Kodagu Inst of Med Sciences,MICROBIOLOGY,"₹69,150*","₹56,250",3*,"₹50,00,000*",600,85856(1),61040(1),-,-,-,-,-,75773(1),66150(1),-,143323(1),-,-
KAR Govt Quota-Open,GM,Karnataka,"JJM Med Coll, Davangere",MICROBIOLOGY,"₹2,07,777*","₹30,000*",1*,"₹50,00,000*",1930,-,-,-,-,-,-,-,112489(1),91407(1),-,143362(1),-,202019(1)
KAR Others (Inst.Q),MNG,Karnataka,"MVJMC&RH, Bangalore",GENERAL SURGERY,"₹70,15,750*","₹10,000*",1*,"₹50,00,000*",833,-,-,-,152734(1),-,-,-,49717(1),71568(1),-,143843(3),117568(1),-
KAR Govt Quota-Open,GM,Karnataka,"Bidar IMS, Bidar",BIOCHEMISTRY,"₹41,650*","₹56,250",3*,"₹50,00,000*",500,-,-,-,-,-,-,-,-,-,-,143892(1),-,-
KAR Others (Inst.Q),MNG,Karnataka,"Navodaya Med Coll, Raichur",GENERAL MEDICINE,"₹80,15,750*","₹10,000*",1*,"₹50,00,000*",1110,-,-,144288(2),153216(1),-,-,-,56096(2),62728(2),-,143974(4),149935(3),-
KAR Others (Inst.Q),MNG,Karnataka,"AJIMS, Mangalore",RADIO DIAGNOSIS,"₹1,25,15,750*","₹30,000",1*,"₹50,00,000*",910,-,-,138711(2),-,-,-,-,42941(4),85280(4),-,144066(8),-,-
KAR Others (Inst.Q),MNG,Karnataka,"Kempegowda IMS, Bangalore",ORTHOPAEDICS,"₹75,15,750*","₹35,000*",1*,"₹50,00,000*",1100,-,-,133288(1),156886(1),-,-,-,48329(2),85670(2),-,144742(4),144742(2),-
KAR Others (Inst.Q),MNG,Karnataka,"Basaveswara, Chitradurga",GENERAL SURGERY,"₹70,15,750*","₹5,000*",1*,"₹50,00,000*",500,-,-,-,-,-,-,-,57201(1),88105(1),-,144819(1),-,-
KAR Govt Quota-Open,GM,Karnataka,"Nijalingappa, Bagalkot",SPM,"₹2,07,777*","₹10,000*",1*,"₹50,00,000*",1140,92497(1),74007(1),-,-,-,-,-,-,-,92400(1),144863(2),-,-
KAR Others (Inst.Q),MNG,Karnataka,"BGS IMS, Bangalore",PHARMACOLOGY,"₹3,65,750*","₹25,000*",1*,"₹50,00,000*",766,-,-,-,-,-,-,-,-,-,-,144875(1),-,-
KAR Others (Inst.Q),MNG,Karnataka,"Akash IMS,Devanhalli,Bangalore",GENERAL MEDICINE,"₹90,15,750*","₹20,000",1*,"₹50,00,000*",760,-,-,42683(2),153173(2),-,-,-,62256(3),87556(3),123011(1),144961(4),154198(2),-
KAR Others (Inst.Q),MNG,Karnataka,"Khaja Bandanawaz, Gulbarga",OBG,"₹85,30,750*","₹30,000*",1*,"₹50,00,000*",833,-,-,134681(1),-,-,-,-,50254(1),51819(1),-,145135(2),143397(1),-
KAR Others (Inst.Q),MNG,Karnataka,"Navodaya Med Coll, Raichur",PAEDIATRICS,"₹70,15,750*","₹10,000*",1*,"₹50,00,000*",1110,-,-,104266(1),-,-,-,-,55548(2),82591(2),-,145222(6),146372(4),-
KAR DNB Serv,GM,Karnataka,"General Hospital, Jayanagar",DNBANAESTHESIOLOGY,"₹1,25,000","₹45,000*",Info Not Available,Info not available,300,-,-,-,-,-,-,-,-,-,-,145439(1),161415(1),-
KAR Others (Inst.Q),MNG,Karnataka,"East Point College,Bangalore",GENERAL SURGERY,"₹65,15,750*","₹20,000",1*,"₹50,00,000*",-,-,-,-,-,-,-,-,38327(1),54829(1),-,145976(2),138747(1),-
KAR Others (Inst.Q),MNG,Karnataka,"Akash IMS,Devanhalli,Bangalore",PAEDIATRICS,"₹75,15,750*","₹20,000",1*,"₹50,00,000*",760,-,-,126925(1),-,-,-,-,61970(1),68995(1),-,146014(3),148628(3),-
KAR Govt Quota-Open,GM,Karnataka,Karwar Inst of Med Sciences,PHARMACOLOGY,"₹69,150*","₹56,250",3*,"₹50,00,000*",650,86731(1),99034(1),-,-,-,-,-,-,-,-,146437(2),-,192730(2)
KAR DNB Serv,SCG,Karnataka,"District Hospital, Chitradurga",DNBOBG,"₹1,25,000","₹45,000*",Info Not Available,Info not available,450,-,-,-,-,-,-,-,-,-,-,146773(1),-,-
KAR Others (Inst.Q),MNG,Karnataka,"Oxford Med Coll, Bangalore",GENERAL SURGERY,"₹70,15,750*","₹30,000*",1*,"₹50,00,000*",770,-,-,-,157270(1),-,-,-,-,-,89023(1),146786(1),146786(1),-
KAR Others (Inst.Q),MNG,Karnataka,"Basaveswara, Chitradurga",PAEDIATRICS,"₹1,05,15,750*","₹5,000*",1*,"₹50,00,000*",500,-,-,124321(1),123679(1),-,-,-,-,-,-,146910(1),-,-
KAR Others (Inst.Q),MNG,Karnataka,"Nijalingappa, Bagalkot",PAEDIATRICS,"₹80,15,750*","₹10,000*",1*,"₹50,00,000*",1140,-,-,135766(2),-,-,-,-,34045(1),67328(1),112539(2),147025(2),128068(1),-
KAR Others (Inst.Q),MNG,Karnataka,"SMC, Shimoga",GENERAL SURGERY,"₹75,15,750*",Info not available,1*,"₹50,00,000*",1250,-,-,114948(1),-,-,-,-,-,-,-,147171(1),-,-
KAR Priv Seats-Open,OPN,Karnataka,"Khaja Bandanawaz, Gulbarga",PATHOLOGY,"₹16,46,215*","₹30,000*",1*,"₹50,00,000*",833,-,-,185946(2),-,199764(2),-,-,-,-,-,147279(2),147279(2),-
KAR Others (Inst.Q),MNG,Karnataka,"Nijalingappa, Bagalkot",RADIO DIAGNOSIS,"₹98,15,750*","₹10,000*",1*,"₹50,00,000*",1140,-,-,137488(1),-,-,-,-,14223(1),56169(1),59912(1),147492(2),147492(1),-
KAR Priv Seats-Open,OPN,Karnataka,"BGS IMS, Bangalore",SPM,"₹3,59,003*","₹25,000*",1*,"₹50,00,000*",766,-,74986(1),-,-,-,-,-,91065(1),73684(1),-,147617(2),143373(1),-
KAR Others (Inst.Q),MNG,Karnataka,"Srinivasa IMS, Srinivasanagar",ORTHOPAEDICS,"₹65,40,750*","₹29,000*",1*,"₹50,00,000*",660,-,-,146444(1),-,-,-,-,75894(2),93821(2),-,147683(3),141096(1),-
KAR Others (Inst.Q),MNG,Karnataka,"Akash IMS,Devanhalli,Bangalore",DERMATOLOGY,"₹1,25,15,750*","₹20,000",1*,"₹50,00,000*",760,-,-,37234(1),156898(1),-,-,-,27616(2),65711(2),-,147709(4),147935(1),-
KAR Others (Inst.Q),MNG,Karnataka,"Shridevi IMS, Tumkur",ORTHOPAEDICS,"₹90,15,750*",Info not available*,1*,"₹50,00,000*",750,-,-,150810(1),161454(1),127619(1),-,-,-,-,-,147929(1),160543(1),-
KAR Others (Inst.Q),MNG,Karnataka,"Oxford Med Coll, Bangalore",RADIO DIAGNOSIS,"₹1,10,15,750*","₹30,000*",1*,"₹50,00,000*",770,-,-,129698(1),154064(1),-,-,-,12460(1),12460(1),-,148361(2),-,-
KAR Others (Inst.Q),MNG,Karnataka,"Oxford Med Coll, Bangalore",GENERAL MEDICINE,"₹90,15,750*","₹30,000*",1*,"₹50,00,000*",770,-,-,138306(1),160508(1),-,-,-,53319(2),83491(2),-,148380(3),135028(1),-
KAR Others (Inst.Q),MNG,Karnataka,"MS Ramaiah, Bangalore",FORENSIC MEDICINE,"₹2,32,777*","₹45,000",1*,"₹50,00,000*",1331,-,-,-,-,-,-,-,-,-,-,148629(1),-,-
KAR Others (Inst.Q),MNG,Karnataka,"East Point College,Bangalore",RADIO DIAGNOSIS,"₹1,15,15,750*","₹20,000",1*,"₹50,00,000*",-,-,-,-,-,-,-,-,5810(1),76304(1),-,148724(2),151222(1),-
KAR Others (Inst.Q),MNG,Karnataka,"Srinivasa IMS, Srinivasanagar",DERMATOLOGY,"₹1,15,40,750*","₹29,000*",1*,"₹50,00,000*",660,-,-,148750(1),163808(1),-,-,-,14781(1),59008(1),-,148818(2),156623(1),-
KAR Others (Inst.Q),MNG,Karnataka,"MRMC, Gulbarga",ORTHOPAEDICS,"₹70,15,750*","₹8,000*",1*,"₹50,00,000*",1038,-,-,129666(1),-,-,-,-,67981(1),92373(1),-,149398(3),148520(1),-
KAR Others (Inst.Q),MNG,Karnataka,"Basaveswara, Chitradurga",GENERAL MEDICINE,"₹95,15,750*","₹5,000*",1*,"₹50,00,000*",500,-,-,136526(1),-,-,-,-,19967(1),66934(1),-,149409(2),145248(1),-
KAR Others (Inst.Q),MNG,Karnataka,"SMC, Shimoga",PAEDIATRICS,"₹80,15,750*",Info not available,1*,"₹50,00,000*",1250,-,-,116216(1),141183(1),-,-,-,54504(1),19938(1),-,150107(3),150890(3),-
KAR Others (Inst.Q),MNG,Karnataka,"Akash IMS,Devanhalli,Bangalore",RADIO DIAGNOSIS,"₹1,25,15,750*","₹20,000",1*,"₹50,00,000*",760,-,-,36137(2),165690(2),-,-,-,48123(2),85349(2),-,150341(4),-,-
KAR Govt Quota-Open,GMH,Karnataka,"VIMS, Bellary",PHARMACOLOGY,"₹69,150*","₹56,250",3*,"₹50,00,000*",1295,-,-,-,-,-,-,-,21784(1),36878(1),90513(1),150790(1),-,-
KAR Others (Inst.Q),MNG,Karnataka,"Nijalingappa, Bagalkot",GENERAL MEDICINE,"₹82,15,750*","₹10,000*",1*,"₹50,00,000*",1140,-,-,122115(2),148270(1),-,-,-,38243(2),68746(2),94938(1),150857(3),148632(2),-
KAR Others (Inst.Q),MNG,Karnataka,"BGS IMS, Bangalore",SPM,"₹8,15,750*","₹25,000*",1*,"₹50,00,000*",766,-,-,-,-,195884(1),-,-,-,-,-,150942(1),167792(1),-
KAR Others (Inst.Q),MNG,Karnataka,"Shridevi IMS, Tumkur",OBG,"₹1,08,15,750*",Info not available*,1*,"₹50,00,000*",750,-,-,122198(1),-,-,-,-,53231(2),87791(2),127658(1),151214(3),153359(2),-
KAR Others (Inst.Q),MNG,Karnataka,"Kanachur IMS, Mangalore",OBG,"₹1,05,15,750*",Info not available,1*,"₹50,00,000*",785,-,-,-,-,-,-,-,-,-,-,151809(1),153494(1),176467(1)
KAR Others (Inst.Q),MNG,Karnataka,"BGS IMS, Bangalore",ORTHOPAEDICS,"₹75,15,750*","₹25,000*",1*,"₹50,00,000*",766,-,-,-,-,-,-,-,-,-,-,152085(1),-,-
KAR Others (Inst.Q),MNG,Karnataka,"Shridevi IMS, Tumkur",GENERAL SURGERY,"₹90,15,750*",Info not available*,1*,"₹50,00,000*",750,-,-,-,59447(1),119611(1),-,-,-,-,-,152395(1),-,-
KAR Priv Seats-Min.,MU,Karnataka,"AJIMS, Mangalore",PATHOLOGY,"₹3,59,003*","₹30,000",1*,"₹50,00,000*",910,88444(2),88444(2),-,-,-,-,-,97188(3),57309(3),115845(1),152782(1),-,-
KAR Priv Seats-Open,OPN,Karnataka,"VIMS (Vydehi), Bangalore",PHARMACOLOGY,₹0*,"₹29,000*",0*,₹0*,1600,-,-,197792(1),-,-,-,-,-,84827(1),-,152899(3),-,-
KAR Others (Inst.Q),MNG,Karnataka,"MVJMC&RH, Bangalore",DERMATOLOGY,"₹1,30,15,750*","₹10,000*",1*,"₹50,00,000*",833,-,-,147629(1),152528(1),138550(1),-,-,29001(1),53682(1),-,153119(3),155557(3),150525(1)
KAR Others (Inst.Q),MNG,Karnataka,"East Point College,Bangalore",GENERAL MEDICINE,"₹90,15,750*","₹20,000",1*,"₹50,00,000*",-,-,-,-,-,-,-,-,65816(2),86999(2),-,153600(5),153295(2),-
KAR Others (Inst.Q),MNG,Karnataka,"Khaja Bandanawaz, Gulbarga",GENERAL MEDICINE,"₹85,30,750*","₹30,000*",1*,"₹50,00,000*",833,-,-,-,-,-,-,-,63250(1),63250(1),-,154198(2),158166(2),-
KAR Others (Inst.Q),MNG,Karnataka,"Srinivasa IMS, Srinivasanagar",RADIO DIAGNOSIS,"₹1,00,40,750*","₹29,000*",1*,"₹50,00,000*",660,-,-,137803(1),141060(1),-,-,-,31141(2),63963(2),-,154625(5),154625(3),-
KAR Others (Inst.Q),MNG,Karnataka,"AJIMS, Mangalore",TBRD,"₹90,15,750*","₹30,000",1*,"₹50,00,000*",910,-,-,112924(1),-,-,-,-,-,-,-,154939(1),-,-
KAR Others (Inst.Q),MNG,Karnataka,"MVJMC&RH, Bangalore",ORTHOPAEDICS,"₹75,15,750*","₹10,000*",1*,"₹50,00,000*",833,-,-,-,-,-,-,-,-,-,-,154977(1),-,-
KAR Others (Inst.Q),MNG,Karnataka,"AJIMS, Mangalore",PAEDIATRICS,"₹90,15,750*","₹30,000",1*,"₹50,00,000*",910,-,-,144325(2),-,-,-,-,34612(1),87716(1),89217(1),155114(2),-,-
KAR Others (Inst.Q),MNG,Karnataka,"MVJMC&RH, Bangalore",PAEDIATRICS,"₹85,15,750*","₹10,000*",1*,"₹50,00,000*",833,-,-,138133(1),158396(1),-,-,-,57731(2),91941(2),-,155305(4),155305(3),-
KAR Others (Inst.Q),MNG,Karnataka,"SMC, Shimoga",DERMATOLOGY,"₹1,19,15,750*",Info not available,1*,"₹50,00,000*",1250,-,-,146641(1),-,-,-,-,-,-,-,155923(1),-,-
KAR Others (Inst.Q),MNG,Karnataka,"Nijalingappa, Bagalkot",ORTHOPAEDICS,"₹80,15,750*","₹10,000*",1*,"₹50,00,000*",1140,-,-,144030(1),-,-,-,-,70831(1),87005(1),-,156137(2),156393(1),-
KAR Others (Inst.Q),MNG,Karnataka,"Akash IMS,Devanhalli,Bangalore",ORTHOPAEDICS,"₹75,15,750*","₹20,000",1*,"₹50,00,000*",760,-,-,143389(1),-,-,-,-,67909(1),82458(1),-,156149(3),156149(2),-
KAR Others (Inst.Q),MNG,Karnataka,"KVG Med Coll, Sullia",RADIO DIAGNOSIS,"₹1,02,15,750*","₹7,500",1*,"₹50,00,000*",682,-,-,124736(1),147473(1),-,-,-,12665(1),73698(1),-,156351(2),153723(1),-
KAR Govt Quota-Open,GM,Karnataka,"MS Ramaiah, Bangalore",MICROBIOLOGY,"₹2,32,777*","₹45,000",1*,"₹50,00,000*",1331,-,-,-,-,-,-,-,-,-,-,156373(1),-,-
KAR Others (Inst.Q),MNG,Karnataka,"Shridevi IMS, Tumkur",PAEDIATRICS,"₹1,08,15,750*",Info not available*,1*,"₹50,00,000*",750,-,-,-,-,-,-,-,28428(1),31045(1),-,156874(2),156874(1),-
KAR Others (Inst.Q),MNG,Karnataka,"Shridevi IMS, Tumkur",RADIO DIAGNOSIS,"₹1,20,15,750*",Info not available*,1*,"₹50,00,000*",750,-,-,-,-,-,-,-,8527(1),74522(1),-,157366(2),-,-
KAR Others (Inst.Q),MNG,Karnataka,"Oxford Med Coll, Bangalore",ORTHOPAEDICS,"₹75,15,750*","₹30,000*",1*,"₹50,00,000*",770,-,-,145654(1),168517(1),-,-,-,77007(1),55191(1),-,157429(2),157429(1),-
KAR Govt Quota-Open,GM,Karnataka,"MRMC, Gulbarga",SPM,"₹2,07,777*","₹8,000*",1*,"₹50,00,000*",1038,-,-,-,-,-,-,-,-,-,-,157969(1),-,-
KAR Others (Inst.Q),MNG,Karnataka,"Kanachur IMS, Mangalore",PAEDIATRICS,"₹1,10,15,750*",Info not available,1*,"₹50,00,000*",785,-,-,-,-,-,-,-,-,-,67256(1),158196(1),163645(1),169716(1)
KAR Others (Inst.Q),MNG,Karnataka,"SMC, Shimoga",RADIO DIAGNOSIS,"₹1,19,15,750*",Info not available,1*,"₹50,00,000*",1250,-,-,-,-,-,-,-,13649(1),34602(1),-,158372(2),158372(2),-
KAR Others (Inst.Q),MNG,Karnataka,"Shridevi IMS, Tumkur",GENERAL MEDICINE,"₹1,08,15,750*",Info not available*,1*,"₹50,00,000*",750,-,-,157875(2),-,-,-,-,28661(2),35736(2),-,160235(4),164006(1),-
KAR Govt Quota-Open,GM,Karnataka,"Bangalore Med Coll, Bangalore",PHYSIOLOGY,"₹41,650*","₹56,250",3*,"₹50,00,000*",1993,98972(1),40381(1),192233(2),192233(1),181852(1),-,-,-,-,-,160322(1),-,107244(1)
KAR Others (Inst.Q),MNG,Karnataka,"MVJMC&RH, Bangalore",RADIO DIAGNOSIS,"₹1,30,15,750*","₹10,000*",1*,"₹50,00,000*",833,-,-,124888(2),166228(1),-,-,-,40340(2),80778(2),128560(1),160511(5),159170(2),-
KAR Others (Inst.Q),MNG,Karnataka,"SMC, Shimoga",ORTHOPAEDICS,"₹75,15,750*",Info not available,1*,"₹50,00,000*",1250,-,-,-,101112(1),135091(1),-,-,82458(1),74044(1),-,160835(2),159720(1),-
KAR Govt Quota-Open,STG,Karnataka,"BGS IMS, Bangalore",ANAESTHESIOLOGY,"₹7,83,858*","₹25,000*",1*,"₹50,00,000*",766,-,-,-,-,-,-,-,117887(1),111393(1),123685(1),161085(1),191075(1),-
KAR Others (Inst.Q),MNG,Karnataka,"AJIMS, Mangalore",ORTHOPAEDICS,"₹1,00,15,750*","₹30,000",1*,"₹50,00,000*",910,-,-,161063(2),163797(1),-,-,-,25143(1),57500(1),-,161422(3),-,-
KAR Others (Inst.Q),MNG,Karnataka,"Kanachur IMS, Mangalore",DERMATOLOGY,"₹1,35,15,750*",Info not available,1*,"₹50,00,000*",785,-,-,150190(2),177099(2),-,-,-,39050(1),65816(1),-,161606(3),-,-
KAR Govt Quota-Open,GM,Karnataka,"Gulbarga IMS, Gulbarga",FORENSIC MEDICINE,"₹69,150*","₹56,250",3*,"₹50,00,000*",873,-,-,189813(1),-,-,-,-,-,-,-,162396(1),-,-
KAR Others (Inst.Q),MNG,Karnataka,"MS Ramaiah, Bangalore",MICROBIOLOGY,"₹2,32,777*","₹45,000",1*,"₹50,00,000*",1331,-,-,-,-,-,-,-,-,-,-,162903(1),-,-
KAR Govt Quota-Open,GM,Karnataka,"Dr Chandramma DS Inst, Hubli",SPM,"₹2,07,777*",Info not available,1*,"₹50,00,000*",-,-,-,-,-,-,-,-,96413(1),56378(1),-,164542(2),164542(1),-
KAR Others (Inst.Q),MNG,Karnataka,"KVG Med Coll, Sullia",ORTHOPAEDICS,"₹1,00,15,750*","₹7,500",1*,"₹50,00,000*",682,-,-,123201(1),-,-,-,-,29873(1),93640(1),-,164830(1),-,-
KAR Govt Quota-Open,GM,Karnataka,"Sapthagiri IMS&RC, Bangalore",PHARMACOLOGY,"₹2,33,527*","₹10,000*",1*,"₹50,00,000*",500,-,111409(1),131044(1),-,-,-,-,104958(1),93675(1),-,164846(1),-,136847(1)
KAR Others (Inst.Q),MNG,Karnataka,"Kanachur IMS, Mangalore",GENERAL MEDICINE,"₹1,10,15,750*",Info not available,1*,"₹50,00,000*",785,-,-,105221(2),170016(2),-,-,-,38140(2),88152(2),-,165781(3),165781(2),168809(1)
KAR Priv Seats-Open,OPN,Karnataka,"MRMC, Gulbarga",SPM,"₹3,59,003*","₹8,000*",1*,"₹50,00,000*",1038,84382(1),84382(1),186376(1),197577(1),197577(1),-,-,-,-,-,165793(1),165793(1),-
KAR Others (Inst.Q),MNG,Karnataka,"SMC, Shimoga",GENERAL MEDICINE,"₹99,15,750*",Info not available,1*,"₹50,00,000*",1250,-,-,-,172922(1),-,166463(2),-,66405(3),91065(3),-,167028(6),167028(5),-
KAR Others (Inst.Q),MNG,Karnataka,"Kanachur IMS, Mangalore",ORTHOPAEDICS,"₹1,00,15,750*",Info not available,1*,"₹50,00,000*",785,-,-,158400(1),-,-,-,-,-,-,-,167359(1),-,-
KAR Govt Quota-Open,GM,Karnataka,"Nijalingappa, Bagalkot",DCP,"₹2,07,777*","₹10,000*",1*,"₹50,00,000*",1140,-,-,173291(1),-,-,-,-,-,-,95336(1),167366(1),167366(1),-
KAR Others (Inst.Q),MNG,Karnataka,"Khaja Bandanawaz, Gulbarga",PATHOLOGY,"₹30,30,750*","₹30,000*",1*,"₹50,00,000*",833,-,-,-,-,200377(1),-,-,-,-,-,169035(1),-,-
KAR Others (Inst.Q),MNG,Karnataka,"Kanachur IMS, Mangalore",TBRD,"₹90,15,750*",Info not available,1*,"₹50,00,000*",785,-,-,-,-,-,-,-,-,-,-,169365(1),157907(1),-
KAR Priv Seats-Open,OPN,Karnataka,"Navodaya Med Coll, Raichur",SPM,"₹3,59,003*","₹10,000*",1*,"₹50,00,000*",1110,-,-,162334(1),-,-,-,-,-,-,-,169506(1),169506(1),202375(1)
KAR Govt Quota-Open,STG,Karnataka,"Navodaya Med Coll, Raichur",OBG,"₹7,83,858*","₹10,000*",1*,"₹50,00,000*",1110,-,-,-,-,-,-,-,-,-,90220(1),169616(1),-,-
KAR Others (Inst.Q),MNG,Karnataka,"Kanachur IMS, Mangalore",RADIO DIAGNOSIS,"₹1,35,15,750*",Info not available,1*,"₹50,00,000*",785,-,-,-,-,-,-,-,12271(1),86703(1),-,170023(2),160853(1),-
KAR Priv Seats-Open,OPN,Karnataka,"VIMS (Vydehi), Bangalore",BIOCHEMISTRY,₹0*,"₹29,000*",0*,₹0*,1600,-,-,-,-,-,-,-,-,-,-,170251(1),-,-
KAR Govt Quota-Open,GM,Karnataka,"Bangalore Med Coll, Bangalore",ANATOMY,"₹41,650*","₹56,250",3*,"₹50,00,000*",1993,-,60832(1),105164(1),-,-,-,-,-,-,-,170926(1),-,-
KAR Govt Quota-Open,GM,Karnataka,"Nijalingappa, Bagalkot",PHYSIOLOGY,"₹1,11,765*","₹10,000*",1*,"₹50,00,000*",1140,-,-,-,-,-,-,-,-,-,-,171195(1),-,-
KAR Govt Quota-Open,GM,Karnataka,"Gadag IMS, Gadag",FORENSIC MEDICINE,"₹69,150*","₹56,250",3*,"₹50,00,000*",Info Not Available,115567(1),85648(1),164118(1),-,-,-,-,-,-,-,171297(1),-,-
KAR Priv Seats-Open,OPN,Karnataka,"VIMS (Vydehi), Bangalore",MICROBIOLOGY,₹0*,"₹29,000*",0*,₹0*,1600,-,-,183018(2),-,-,-,-,-,97859(1),-,171495(2),172622(3),-
KAR Priv Seats-Open,OPN,Karnataka,"Kempegowda IMS, Bangalore",MICROBIOLOGY,"₹3,59,003*","₹35,000*",1*,"₹50,00,000*",1100,-,-,187503(1),187503(1),-,-,-,81260(1),83008(1),-,171713(1),-,-
KAR Priv Seats-Open,OPN,Karnataka,"Kempegowda IMS, Bangalore",PHARMACOLOGY,"₹3,59,003*","₹35,000*",1*,"₹50,00,000*",1100,-,55760(1),167702(1),-,169905(1),-,-,49201(1),49201(1),-,171940(2),133136(1),-
KAR Govt Quota-Open,GM,Karnataka,"VIMS, Bellary",MICROBIOLOGY,"₹69,150*","₹56,250",3*,"₹50,00,000*",1295,61040(1),76872(1),166226(1),-,-,-,-,-,-,77054(1),172066(2),123577(1),-
KAR Govt Quota-Open,GM,Karnataka,"ESI, Bangalore",PHYSIOLOGY,"₹2,50,000*","₹1,11,780*",2*,"₹10,00,000*",530,-,-,188661(3),-,-,-,-,103612(2),100658(2),106684(2),172162(3),-,-
KAR Govt Quota-Open,GM,Karnataka,"Bangalore Med Coll, Bangalore",FORENSIC MEDICINE,"₹69,150*","₹56,250",3*,"₹50,00,000*",1993,60832(1),32382(1),103436(2),-,-,-,-,9875(1),18724(1),121905(2),173059(3),135536(2),-
KAR Govt Quota-Open,GM,Karnataka,"ESIC Med Coll,Gulbarga",ANATOMY,"₹2,50,000*","₹1,11,780*",2*,"₹10,00,000*",480,-,-,-,-,-,-,-,-,-,-,173657(1),-,191908(1)
KAR Govt Quota-Open,GM,Karnataka,"DR BR Ambedkar, Bangalore",MICROBIOLOGY,₹0*,"₹10,000*",1*,"₹50,00,000*",570,77457(1),113027(1),-,-,-,-,-,90129(1),81960(1),-,174141(1),-,-
KAR Govt Quota-Open,GM,Karnataka,"Shri Atal Bihari Vajpayee, BLR",FORENSIC MEDICINE,"₹69,150*","₹56,250",3*,"₹50,00,000*",956,65783(1),65783(1),177322(2),-,-,-,-,-,-,-,174535(1),-,-
KAR Govt Quota-Open,GM,Karnataka,"Sapthagiri IMS&RC, Bangalore",SPM,"₹2,33,527*","₹10,000*",1*,"₹50,00,000*",500,63057(1),66634(1),199365(3),-,101533(1),-,-,67056(1),57484(1),67056(1),176517(3),176517(2),-
KAR Priv Seats-Open,OPN,Karnataka,"SSIMS & RC, Davangere",SPM,"₹3,59,003*","₹30,000",1*,"₹50,00,000*",1190,-,-,182346(1),-,-,-,-,105586(1),94769(1),-,177659(1),-,132641(1)
KAR Others (Inst.Q),MNG,Karnataka,"SMC, Shimoga",OBG,"₹99,15,750*",Info not available,1*,"₹50,00,000*",1250,-,-,-,155814(1),148168(1),-,-,57994(2),91702(2),-,178337(5),154937(2),-
KAR Others (Inst.Q),MNG,Karnataka,"KVG Med Coll, Sullia",SPM,"₹2,15,750*","₹7,500",1*,"₹50,00,000*",682,-,-,-,-,188949(1),-,-,107449(1),103169(1),-,178459(1),-,-
KAR Govt Quota-Open,GM,Karnataka,"MRMC, Gulbarga",PHARMACOLOGY,"₹2,07,777*","₹8,000*",1*,"₹50,00,000*",1038,-,-,-,-,-,-,-,-,-,-,179056(1),179056(1),-
KAR Govt Quota-Open,GM,Karnataka,"KVG Med Coll, Sullia",SPM,"₹2,07,777*","₹7,500",1*,"₹50,00,000*",682,-,-,-,-,-,-,-,68845(1),65178(1),-,179164(1),-,-
KAR Priv Seats-Open,OPN,Karnataka,"JJM Med Coll, Davangere",PHARMACOLOGY,"₹3,59,003*","₹30,000*",1*,"₹50,00,000*",1930,-,-,-,-,200217(1),-,-,110623(1),88174(1),-,179633(1),-,-
KAR Govt Quota-Open,GM,Karnataka,"Akash IMS,Devanhalli,Bangalore",BIOCHEMISTRY,"₹1,11,765*","₹20,000",1*,"₹50,00,000*",760,-,-,-,-,-,-,-,-,-,-,179965(1),-,-
KAR Govt Quota-Open,GM,Karnataka,"ESIC Med Coll,Gulbarga",PHYSIOLOGY,"₹2,50,000*","₹1,11,780*",2*,"₹10,00,000*",480,-,-,-,-,-,-,-,91210(1),58812(1),-,180423(2),142805(1),-
KAR Govt Quota-Open,GM,Karnataka,"Basaveswara, Chitradurga",FORENSIC MEDICINE,"₹2,07,777*","₹5,000*",1*,"₹50,00,000*",500,-,-,-,-,-,-,-,-,-,-,180645(1),-,-
KAR Govt Quota-Open,GM,Karnataka,"Shri Atal Bihari Vajpayee, BLR",PHYSIOLOGY,"₹41,650*","₹56,250",3*,"₹50,00,000*",956,-,-,-,-,-,-,-,106147(1),89989(1),-,180814(2),-,203561(2)
KAR Govt Quota-Open,GM,Karnataka,"Shridevi IMS, Tumkur",SPM,"₹2,07,777*",Info not available*,1*,"₹50,00,000*",750,-,-,-,194464(1),-,-,-,98371(1),77121(1),-,181094(1),-,-
KAR Govt Quota-Open,GM,Karnataka,"Father Mullers, Mangalore",PHARMACOLOGY,"₹2,07,777*","₹35,000*",1*,"₹50,00,000*",1250,-,-,-,-,-,-,-,-,-,-,181551(1),-,-
KAR Others (Inst.Q),MNG,Karnataka,"DR BR Ambedkar, Bangalore",FORENSIC MEDICINE,₹0*,"₹10,000*",1*,"₹50,00,000*",570,-,-,-,-,-,-,-,-,-,-,181769(1),-,-
KAR Priv Seats-Open,OPN,Karnataka,"Oxford Med Coll, Bangalore",SPM,"₹3,59,003*","₹30,000*",1*,"₹50,00,000*",770,-,-,-,-,155372(2),-,-,-,-,-,182605(1),-,201202(2)
KAR Govt Quota-Open,GM,Karnataka,"Kempegowda IMS, Bangalore",PHARMACOLOGY,"₹2,07,777*","₹35,000*",1*,"₹50,00,000*",1100,101587(1),77198(1),145692(1),-,-,-,-,-,-,-,182818(2),-,147903(1)
KAR Govt Quota-Open,GM,Karnataka,"Kempegowda IMS, Bangalore",MICROBIOLOGY,"₹2,07,777*","₹35,000*",1*,"₹50,00,000*",1100,-,59453(1),-,-,-,-,-,58521(1),67210(1),-,183861(1),-,-
KAR Govt Quota-Open,GM,Karnataka,"VIMS (Vydehi), Bangalore",PHYSIOLOGY,₹0*,"₹29,000*",0*,₹0*,1600,-,-,-,-,-,-,-,-,-,-,184006(1),-,-
KAR Govt Quota-Open,GM,Karnataka,"Akash IMS,Devanhalli,Bangalore",PHARMACOLOGY,"₹2,07,777*","₹20,000",1*,"₹50,00,000*",760,-,-,-,-,-,-,-,-,-,-,184672(1),-,-
KAR Govt Quota-Open,GM,Karnataka,"Koppal Inst of MS, Koppal",MICROBIOLOGY,"₹69,150*","₹56,250",3*,"₹50,00,000*",Info Not Available,-,-,-,-,-,-,-,-,-,-,185171(1),185171(1),-
KAR DNB Serv,SCG,Karnataka,"K C Gen Hospital, Bangalore",DNBANAESTHESIOLOGY,"₹1,25,000","₹45,000*",Info Not Available,Info not available,453,-,-,-,-,-,-,-,-,-,-,186735(1),-,-
KAR Govt Quota-Open,GM,Karnataka,"Gulbarga IMS, Gulbarga",BIOCHEMISTRY,"₹41,650*","₹56,250",3*,"₹50,00,000*",873,-,-,-,-,-,-,-,-,-,-,187253(2),142593(1),-
KAR Govt Quota-Open,GM,Karnataka,"JJM Med Coll, Davangere",BIOCHEMISTRY,"₹1,11,765*","₹30,000*",1*,"₹50,00,000*",1930,-,-,-,-,-,-,-,-,-,-,187575(1),-,-
KAR Priv Seats-Open,OPN,Karnataka,"KVG Med Coll, Sullia",SPM,"₹3,59,003*","₹7,500",1*,"₹50,00,000*",682,-,-,187656(1),-,-,-,-,94769(1),69735(1),-,188134(1),-,-
KAR Govt Quota-Open,GM,Karnataka,"KIMS, Hubli",FORENSIC MEDICINE,"₹69,150*","₹56,250",3*,"₹50,00,000*",1200,-,-,143669(1),-,-,-,-,-,-,-,189824(1),-,-
KAR Priv Seats-Open,OPN,Karnataka,"Nijalingappa, Bagalkot",SPM,"₹3,59,003*","₹10,000*",1*,"₹50,00,000*",1140,93046(1),88763(1),-,-,189237(1),-,-,119309(1),98371(1),-,190424(3),190424(1),183588(1)
KAR Govt Quota-Open,GM,Karnataka,"Srinivasa IMS, Srinivasanagar",SPM,"₹2,32,777*","₹29,000*",1*,"₹50,00,000*",660,-,-,-,-,-,-,-,85175(1),99865(1),-,191266(1),191266(2),-
KAR Govt Quota-Open,GM,Karnataka,"VIMS (Vydehi), Bangalore",FORENSIC MEDICINE,₹0*,"₹29,000*",0*,₹0*,1600,-,-,-,-,-,-,-,-,-,-,191372(1),159547(1),-
KAR Priv Seats-Open,OPN,Karnataka,"BGS IMS, Bangalore",PHARMACOLOGY,"₹3,59,003*","₹25,000*",1*,"₹50,00,000*",766,-,99623(1),-,-,-,-,-,-,-,-,192026(1),192026(1),-
KAR Priv Seats-Open,OPN,Karnataka,"Dr Chandramma DS Inst, Hubli",SPM,"₹3,40,750*",Info not available,1*,"₹50,00,000*",-,-,-,-,-,-,-,-,88323(1),96413(1),-,192211(2),-,202810(2)
KAR DNB Serv,STG,Karnataka,"District Hospital, Tumakuru",DNBGENERAL MEDICINE,"₹1,25,000","₹45,000*",Info Not Available,Info not available,400,-,-,-,-,-,-,-,-,-,-,192721(1),-,-
KAR Govt Quota-Open,GM,Karnataka,Kodagu Inst of Med Sciences,FORENSIC MEDICINE,"₹69,150*","₹56,250",3*,"₹50,00,000*",600,-,-,-,-,-,-,-,62804(1),59278(1),100608(1),192903(1),192903(1),-
KAR Govt Quota-Open,GM,Karnataka,"Khaja Bandanawaz, Gulbarga",MICROBIOLOGY,"₹2,22,777*","₹30,000*",1*,"₹50,00,000*",833,-,-,-,-,-,-,-,-,-,-,193122(1),-,-
KAR Priv Seats-Open,OPN,Karnataka,"St John's, Bangalore",DERMATOLOGY,"₹12,80,025*","₹45,000",1*,"₹5,00,000*",1720,-,-,-,-,-,-,-,204(1),204(1),-,-,-,-
KAR Govt Quota-Open,GM,Karnataka,"Bangalore Med Coll, Bangalore",RADIO DIAGNOSIS,"₹1,24,150*","₹56,250",3*,"₹50,00,000*",1993,202(2),572(2),636(2),-,-,-,-,107(2),107(2),336(2),-,-,-
KAR Govt Quota-Open,GM,Karnataka,"Bangalore Med Coll, Bangalore",GENERAL MEDICINE,"₹1,24,150*","₹56,250",3*,"₹50,00,000*",1993,479(6),538(6),538(6),-,-,-,-,263(4),358(4),381(1),-,-,-
KAR Govt Quota-Open,GMH,Karnataka,"Bangalore Med Coll, Bangalore",GENERAL MEDICINE,"₹1,24,150*","₹56,250",3*,"₹50,00,000*",1993,482(1),679(1),679(1),-,-,-,-,429(1),429(1),-,-,-,-
KAR Govt Quota-Open,GM,Karnataka,"Mysore Med Coll, Mysore",RADIO DIAGNOSIS,"₹1,24,150*","₹56,250",3*,"₹50,00,000*",1050,576(2),576(2),735(2),-,-,-,-,223(2),230(2),492(2),-,-,-
KAR Govt Quota-Open,3BG,Karnataka,"Bangalore Med Coll, Bangalore",GENERAL MEDICINE,"₹1,24,150*","₹56,250",3*,"₹50,00,000*",1993,-,-,-,-,-,-,-,386(1),386(1),619(1),-,-,-
KAR Govt Quota-Open,GM,Karnataka,"Hassan IMS, Hassan",RADIO DIAGNOSIS,"₹1,24,150*","₹56,250",3*,"₹50,00,000*",Info Not Available,740(1),839(1),1640(1),-,-,-,-,443(1),492(1),653(1),-,-,-
KAR Priv Seats-Open,OPN,Karnataka,"St John's, Bangalore",RADIO DIAGNOSIS,"₹12,80,025*","₹45,000",1*,"₹5,00,000*",1720,939(1),939(1),949(1),-,-,-,-,521(1),282(1),676(1),-,-,-
KAR Govt Quota-Open,GM,Karnataka,"KIMS, Hubli",RADIO DIAGNOSIS,"₹1,24,150*","₹56,250",3*,"₹50,00,000*",1200,636(1),735(1),1593(1),-,-,-,-,279(1),279(1),680(1),-,-,-
KAR Govt Quota-Open,3AG,Karnataka,"Bangalore Med Coll, Bangalore",GENERAL MEDICINE,"₹1,24,150*","₹56,250",3*,"₹50,00,000*",1993,-,-,-,-,-,-,-,437(1),437(1),690(1),-,-,-
KAR Govt Quota-Open,GM,Karnataka,"MS Ramaiah, Bangalore",RADIO DIAGNOSIS,"₹8,08,858*","₹45,000",1*,"₹50,00,000*",1331,852(2),852(2),1516(2),-,-,-,-,282(1),443(1),777(1),-,-,-
KAR Govt Quota-Open,GMH,Karnataka,"Mysore Med Coll, Mysore",RADIO DIAGNOSIS,"₹1,24,150*","₹56,250",3*,"₹50,00,000*",1050,-,-,-,-,-,-,-,336(1),336(1),845(1),-,-,-
KAR Priv Seats-GMP,GMP,Karnataka,"St John's, Bangalore",RADIO DIAGNOSIS,"₹12,80,025*","₹45,000",1*,"₹5,00,000*",1720,949(1),949(1),980(1),-,-,-,-,656(1),521(1),860(1),-,-,-
KAR Govt Quota-Open,2AG,Karnataka,"Mysore Med Coll, Mysore",RADIO DIAGNOSIS,"₹1,24,150*","₹56,250",3*,"₹50,00,000*",1050,-,-,-,-,-,-,-,914(1),914(1),914(1),-,-,-
KAR Govt Quota-Open,GM,Karnataka,"Mandya IMS, Mandya",RADIO DIAGNOSIS,"₹1,24,150*","₹56,250",3*,"₹50,00,000*",Info Not Available,651(1),651(1),1605(1),-,-,-,-,363(1),363(1),926(1),-,-,-
KAR Govt Quota-Open,GM,Karnataka,"Belagavi IMS, Belagavi",RADIO DIAGNOSIS,"₹1,24,150*","₹56,250",3*,"₹50,00,000*",1000,-,-,-,-,-,-,-,492(1),593(1),959(1),-,-,-
KAR Govt Quota-Open,GM,Karnataka,"Father Mullers, Mangalore",DERMATOLOGY,"₹7,83,858*","₹35,000*",1*,"₹50,00,000*",1250,3031(1),3031(1),5628(1),-,-,-,-,1056(1),1056(1),1056(1),-,-,-
KAR Govt Quota-Open,2AG,Karnataka,"ESI, Bangalore",RADIO DIAGNOSIS,"₹2,50,000*","₹1,11,780*",2*,"₹10,00,000*",530,-,-,-,-,-,-,-,1071(1),1071(1),1071(1),-,-,-
KAR Govt Quota-Open,2AG,Karnataka,"Bangalore Med Coll, Bangalore",GENERAL MEDICINE,"₹1,24,150*","₹56,250",3*,"₹50,00,000*",1993,1427(2),1431(2),3234(2),-,-,-,-,584(1),584(1),1104(1),-,-,-
KAR Govt Quota-Open,GM,Karnataka,"Mysore Med Coll, Mysore",GENERAL MEDICINE,"₹1,24,150*","₹56,250",3*,"₹50,00,000*",1050,679(4),757(4),2271(5),-,-,-,-,358(4),453(4),1120(4),-,-,-
KAR Govt Quota-Open,3BG,Karnataka,"Mysore Med Coll, Mysore",DERMATOLOGY,"₹1,24,150*","₹56,250",3*,"₹50,00,000*",1050,-,-,-,-,-,-,-,1048(1),1176(1),-,-,-,-
KAR Govt Quota-Open,GM,Karnataka,"Bangalore Med Coll, Bangalore",PSYCHIATRY,"₹1,24,150*","₹56,250",3*,"₹50,00,000*",1993,6754(1),5286(1),18475(1),-,-,-,-,1189(1),1189(1),-,-,-,-
KAR Govt Quota-Open,1G,Karnataka,"Bangalore Med Coll, Bangalore",RADIO DIAGNOSIS,"₹1,24,150*","₹56,250",3*,"₹50,00,000*",1993,-,-,-,-,-,-,-,1233(1),1233(1),-,-,-,-
KAR Govt Quota-Open,GM,Karnataka,"KIMS, Hubli",GENERAL MEDICINE,"₹1,24,150*","₹56,250",3*,"₹50,00,000*",1200,864(4),864(4),1934(5),-,-,-,-,522(3),619(3),1257(3),-,-,-
KAR Govt Quota-Open,GM,Karnataka,"SDM College, Dharwad",RADIO DIAGNOSIS,"₹7,83,858*","₹45,000*",1*,"₹50,00,000*",670,-,-,-,-,-,-,-,777(1),777(1),1300(1),-,-,-
KAR Govt Quota-Open,GM,Karnataka,"Bangalore Med Coll, Bangalore",DERMATOLOGY,"₹1,24,150*","₹56,250",3*,"₹50,00,000*",1993,752(2),752(2),752(2),7128(1),-,-,-,662(2),662(2),1325(2),-,-,-
KAR Govt Quota-Open,GM,Karnataka,"Hassan IMS, Hassan",DERMATOLOGY,"₹1,24,150*","₹56,250",3*,"₹50,00,000*",Info Not Available,1752(1),2085(1),3787(1),-,-,-,-,940(1),1009(1),1346(1),-,-,-
KAR Govt Quota-Open,GM,Karnataka,"MS Ramaiah, Bangalore",GENERAL MEDICINE,"₹8,08,858*","₹45,000",1*,"₹50,00,000*",1331,1854(2),1854(2),3534(2),-,-,-,-,1187(1),1435(1),1435(1),-,-,-
KAR Govt Quota-Open,GM,Karnataka,"Mandya IMS, Mandya",DERMATOLOGY,"₹1,24,150*","₹56,250",3*,"₹50,00,000*",Info Not Available,1512(1),1512(1),3053(1),-,-,-,-,743(1),1014(1),1546(1),-,-,-
KAR Govt Quota-Open,GMH,Karnataka,"KIMS, Hubli",GENERAL MEDICINE,"₹1,24,150*","₹56,250",3*,"₹50,00,000*",1200,1306(1),1306(1),2564(1),-,-,-,-,594(1),699(1),1589(1),-,-,-
KAR Govt Quota-Open,GM,Karnataka,"Shimoga IMS, Shimoga",GENERAL MEDICINE,"₹1,24,150*","₹56,250",3*,"₹50,00,000*",950,996(1),996(1),2423(1),-,-,-,-,601(1),1075(1),1625(1),-,-,-
KAR Govt Quota-Open,2BG,Karnataka,"KIMS, Hubli",RADIO DIAGNOSIS,"₹1,24,150*","₹56,250",3*,"₹50,00,000*",1200,-,-,-,-,-,-,-,1653(1),1653(1),1653(1),-,-,-
KAR Govt Quota-Open,3BG,Karnataka,"KIMS, Hubli",GENERAL MEDICINE,"₹1,24,150*","₹56,250",3*,"₹50,00,000*",1200,-,-,-,-,-,-,-,619(1),642(1),1734(1),-,-,-
KAR Govt Quota-Open,3AG,Karnataka,"KIMS, Hubli",GENERAL MEDICINE,"₹1,24,150*","₹56,250",3*,"₹50,00,000*",1200,-,-,-,-,-,-,-,690(1),690(1),1803(1),-,-,-
KAR Priv Seats-GMP,GMP,Karnataka,"St John's, Bangalore",GENERAL MEDICINE,"₹12,40,025*","₹45,000",1*,"₹5,00,000*",1720,1804(1),1943(1),2391(1),-,-,-,-,865(2),1187(2),1818(2),-,-,-
KAR Govt Quota-Open,2AG,Karnataka,"JSS Med Coll, Mysore",RADIO DIAGNOSIS,"₹7,83,858*","₹45,000*",1*,"₹50,00,000*",2060,-,-,-,-,-,-,-,1836(1),1836(1),1836(1),-,-,-
KAR Priv Seats-Open,OPN,Karnataka,"AJIMS, Mangalore",RADIO DIAGNOSIS,"₹13,88,744*","₹30,000",1*,"₹50,00,000*",910,2676(1),2563(1),4503(1),-,-,-,-,1856(1),1856(1),1856(1),-,-,-
KAR Govt Quota-Open,GM,Karnataka,"ESI, Bangalore",GENERAL MEDICINE,"₹2,50,000*","₹1,11,780*",2*,"₹10,00,000*",530,1105(1),1105(1),1105(1),-,-,-,-,593(1),519(1),1895(1),-,-,-
KAR Govt Quota-Open,GM,Karnataka,"Mandya IMS, Mandya",GENERAL MEDICINE,"₹1,24,150*","₹56,250",3*,"₹50,00,000*",Info Not Available,1463(2),1463(2),2667(2),-,-,-,-,732(2),1013(2),1939(2),-,-,-
KAR Govt Quota-Open,GM,Karnataka,"Hassan IMS, Hassan",GENERAL MEDICINE,"₹1,24,150*","₹56,250",3*,"₹50,00,000*",Info Not Available,1502(2),1502(2),3168(2),-,-,-,-,722(1),722(1),1943(1),-,-,-
KAR Govt Quota-Open,GM,Karnataka,"JJM Med Coll, Davangere",RADIO DIAGNOSIS,"₹7,83,858*","₹30,000*",1*,"₹50,00,000*",1930,980(1),980(1),2340(1),-,-,-,-,860(2),865(2),1946(2),-,-,-
KAR Govt Quota-Open,GM,Karnataka,"VIMS, Bellary",GENERAL MEDICINE,"₹1,24,150*","₹56,250",3*,"₹50,00,000*",1295,-,-,-,-,-,-,-,642(1),732(1),1981(1),-,-,-
KAR Govt Quota-Open,GM,Karnataka,"Father Mullers, Mangalore",GENERAL MEDICINE,"₹7,83,858*","₹35,000*",1*,"₹50,00,000*",1250,-,-,-,-,-,-,-,1163(2),1163(2),2033(2),-,-,-
KAR Govt Quota-Open,GMH,Karnataka,"MRMC, Gulbarga",RADIO DIAGNOSIS,"₹7,83,858*","₹8,000*",1*,"₹50,00,000*",1038,6640(2),6640(2),9150(2),-,-,-,-,2036(1),1912(1),1912(1),-,-,-
KAR Govt Quota-Open,GMH,Karnataka,"VIMS, Bellary",GENERAL MEDICINE,"₹1,24,150*","₹56,250",3*,"₹50,00,000*",1295,-,-,-,-,-,-,-,699(1),1042(1),2100(1),-,-,-
KAR Govt Quota-Open,GM,Karnataka,"Kempegowda IMS, Bangalore",RADIO DIAGNOSIS,"₹7,83,858*","₹35,000*",1*,"₹50,00,000*",1100,881(1),1030(1),2170(1),-,-,-,-,928(2),743(2),2222(2),-,-,-
KAR Govt Quota-Open,GM,Karnataka,"Shimoga IMS, Shimoga",DERMATOLOGY,"₹1,24,150*","₹56,250",3*,"₹50,00,000*",950,2136(1),1630(1),3031(1),-,-,-,-,745(1),940(1),2269(1),-,-,-
KAR Govt Quota-Open,GM,Karnataka,"Kasturba Med Coll, Mangalore",GENERAL MEDICINE,"₹7,83,858*","₹45,000*",1*,"₹50,00,000*",1290,-,-,-,-,-,-,-,1752(1),1818(1),2293(1),-,-,-
KAR Govt Quota-Open,3BG,Karnataka,"MS Ramaiah, Bangalore",GENERAL MEDICINE,"₹8,08,858*","₹45,000",1*,"₹50,00,000*",1331,-,-,-,-,-,-,-,-,-,2366(1),-,-,-
KAR Govt Quota-Open,3AG,Karnataka,"Shimoga IMS, Shimoga",GENERAL MEDICINE,"₹1,24,150*","₹56,250",3*,"₹50,00,000*",950,-,-,-,-,-,-,-,1013(1),1580(1),2385(1),-,-,-
KAR Govt Quota-Open,1G,Karnataka,"Bangalore Med Coll, Bangalore",GENERAL MEDICINE,"₹1,24,150*","₹56,250",3*,"₹50,00,000*",1993,-,-,-,-,-,-,-,2423(1),2423(1),-,-,-,-
KAR Govt Quota-Open,GM,Karnataka,"JJM Med Coll, Davangere",DERMATOLOGY,"₹7,83,858*","₹30,000*",1*,"₹50,00,000*",1930,3108(1),3235(1),4087(1),-,-,-,-,1325(1),2269(1),2502(1),-,-,-
KAR Priv Seats-Open,OPN,Karnataka,"Kempegowda IMS, Bangalore",RADIO DIAGNOSIS,"₹13,88,744*","₹35,000*",1*,"₹50,00,000*",1100,1167(1),1167(1),4217(1),-,-,-,-,913(2),913(2),2504(2),-,-,-
KAR Govt Quota-Open,1H,Karnataka,"VIMS, Bellary",GENERAL MEDICINE,"₹1,24,150*","₹56,250",3*,"₹50,00,000*",1295,-,-,-,-,-,-,-,2510(1),2510(1),2510(1),-,-,-
KAR Priv Seats-Open,OPN,Karnataka,"JJM Med Coll, Davangere",RADIO DIAGNOSIS,"₹13,88,744*","₹30,000*",1*,"₹50,00,000*",1930,1759(1),1759(1),1759(1),-,-,-,-,2352(2),2146(2),2639(2),-,-,-
KAR Govt Quota-Open,GMH,Karnataka,"KIMS, Hubli",DERMATOLOGY,"₹1,24,150*","₹56,250",3*,"₹50,00,000*",1200,-,-,-,-,-,-,-,1912(1),1946(1),2661(1),-,-,-
KAR Govt Quota-Open,GMH,Karnataka,"MS Ramaiah, Bangalore",RADIO DIAGNOSIS,"₹8,08,858*","₹45,000",1*,"₹50,00,000*",1331,-,-,-,-,-,-,-,959(1),959(1),2704(1),-,-,-
KAR Govt Quota-Open,GM,Karnataka,"Gadag IMS, Gadag",GENERAL MEDICINE,"₹1,24,150*","₹56,250",3*,"₹50,00,000*",Info Not Available,1521(1),1521(1),4118(1),-,-,-,-,1244(1),1244(1),2732(1),-,-,-
KAR Govt Quota-Open,GM,Karnataka,"Belagavi IMS, Belagavi",GENERAL MEDICINE,"₹1,24,150*","₹56,250",3*,"₹50,00,000*",1000,-,-,-,-,-,-,-,1120(2),1120(2),2740(2),-,-,-
KAR Govt Quota-Open,GM,Karnataka,"Bangalore Med Coll, Bangalore",OBG,"₹1,24,150*","₹56,250",3*,"₹50,00,000*",1993,2091(4),2096(4),3183(4),-,-,-,-,680(3),398(3),3051(3),-,-,-
KAR Govt Quota-Open,GM,Karnataka,"MS Ramaiah, Bangalore",DERMATOLOGY,"₹8,08,858*","₹45,000",1*,"₹50,00,000*",1331,2148(1),3079(1),3108(1),-,-,-,-,-,-,3162(1),-,-,-
KAR Govt Quota-Open,3BG,Karnataka,"MS Ramaiah, Bangalore",RADIO DIAGNOSIS,"₹8,08,858*","₹45,000",1*,"₹50,00,000*",1331,-,-,-,-,-,-,-,935(1),2704(1),3178(1),-,-,-
KAR Govt Quota-Open,2AG,Karnataka,"MS Ramaiah, Bangalore",RADIO DIAGNOSIS,"₹8,08,858*","₹45,000",1*,"₹50,00,000*",1331,3097(1),2136(1),3485(1),-,-,-,-,1518(1),1518(1),3197(1),-,-,-
KAR Govt Quota-Open,SCG,Karnataka,"Mysore Med Coll, Mysore",RADIO DIAGNOSIS,"₹1,24,150*","₹56,250",3*,"₹50,00,000*",1050,895(1),895(1),7613(1),-,-,-,-,2080(1),2080(1),3304(1),-,-,-
KAR Priv Seats-Min.,RC3,Karnataka,"St John's, Bangalore",RADIO DIAGNOSIS,"₹12,80,025*","₹45,000",1*,"₹5,00,000*",1720,5699(4),5178(4),7199(4),-,-,-,-,3305(3),3305(3),-,-,-,-
KAR Govt Quota-Open,GM,Karnataka,"Navodaya Med Coll, Raichur",RADIO DIAGNOSIS,"₹7,83,858*","₹10,000*",1*,"₹50,00,000*",1110,-,-,-,-,-,-,-,3327(1),3327(1),3327(1),-,-,-
KAR Govt Quota-Open,GMH,Karnataka,"Gulbarga IMS, Gulbarga",GENERAL MEDICINE,"₹1,24,150*","₹56,250",3*,"₹50,00,000*",873,2326(1),2326(1),4309(1),-,-,-,-,1589(1),1048(1),3540(1),-,-,-
KAR Govt Quota-Open,3AG,Karnataka,"AJIMS, Mangalore",RADIO DIAGNOSIS,"₹7,83,858*","₹30,000",1*,"₹50,00,000*",910,-,-,-,-,-,-,-,2678(1),2678(1),3561(1),-,-,-
KAR Govt Quota-Open,GM,Karnataka,"JJM Med Coll, Davangere",GENERAL MEDICINE,"₹7,83,858*","₹30,000*",1*,"₹50,00,000*",1930,2667(3),2343(3),4513(4),-,-,-,-,1818(3),1803(3),3565(3),-,-,-
KAR Priv Seats-GMP,GMP,Karnataka,"Father Mullers, Mangalore",DERMATOLOGY,"₹13,88,744*","₹35,000*",1*,"₹50,00,000*",1250,-,-,-,-,-,-,-,1924(1),3575(1),3575(1),-,-,-
KAR Govt Quota-Open,2AG,Karnataka,"Mysore Med Coll, Mysore",GENERAL MEDICINE,"₹1,24,150*","₹56,250",3*,"₹50,00,000*",1050,2680(2),1595(2),3675(2),-,-,-,-,1104(2),1376(2),3589(2),-,-,-
KAR Govt Quota-Open,GM,Karnataka,"IGICH, Bangalore",PAEDIATRICS,"₹1,24,150*","₹56,250",3*,"₹50,00,000*",500,1565(3),1565(3),1705(3),-,-,-,-,1224(4),1417(4),3605(2),-,-,-
KAR Priv Seats-Open,OPN,Karnataka,"Kempegowda IMS, Bangalore",DERMATOLOGY,"₹13,88,744*","₹35,000*",1*,"₹50,00,000*",1100,2199(1),2199(1),2199(1),-,-,-,-,3502(1),3620(1),-,-,-,-
KAR Govt Quota-Open,2AG,Karnataka,"JJM Med Coll, Davangere",RADIO DIAGNOSIS,"₹7,83,858*","₹30,000*",1*,"₹50,00,000*",1930,3151(1),5187(1),5716(1),-,-,-,-,3197(1),3197(1),3653(1),-,-,-
KAR Govt Quota-Open,3BG,Karnataka,"Belagavi IMS, Belagavi",RADIO DIAGNOSIS,"₹1,24,150*","₹56,250",3*,"₹50,00,000*",1000,-,-,-,-,-,-,-,653(1),653(1),3710(1),-,-,-
KAR Govt Quota-Open,GM,Karnataka,"Basaveswara, Chitradurga",RADIO DIAGNOSIS,"₹7,83,858*","₹5,000*",1*,"₹50,00,000*",500,-,-,-,-,-,-,-,2989(1),2989(1),3732(1),-,-,-
KAR Govt Quota-Open,2AG,Karnataka,"KIMS, Hubli",GENERAL MEDICINE,"₹1,24,150*","₹56,250",3*,"₹50,00,000*",1200,1595(1),2680(1),2983(1),-,-,-,-,1110(1),1104(1),3749(1),-,-,-
KAR Govt Quota-Open,2AG,Karnataka,"Mandya IMS, Mandya",GENERAL MEDICINE,"₹1,24,150*","₹56,250",3*,"₹50,00,000*",Info Not Available,-,-,-,-,-,-,-,-,-,3796(1),-,-,-
KAR Govt Quota-Open,GMH,Karnataka,"JJM Med Coll, Davangere",GENERAL MEDICINE,"₹7,83,858*","₹30,000*",1*,"₹50,00,000*",1930,-,-,-,-,-,-,-,3817(1),3817(1),3817(1),-,-,-
KAR Govt Quota-Open,2AG,Karnataka,"Hassan IMS, Hassan",GENERAL MEDICINE,"₹1,24,150*","₹56,250",3*,"₹50,00,000*",Info Not Available,-,-,-,-,-,-,-,2171(1),2171(1),3860(1),-,-,-
KAR Govt Quota-Open,GMH,Karnataka,"IGICH, Bangalore",PAEDIATRICS,"₹1,24,150*","₹56,250",3*,"₹50,00,000*",500,-,-,-,-,-,-,-,1989(1),2113(1),3883(1),-,-,-
KAR Govt Quota-Open,GM,Karnataka,"Sapthagiri IMS&RC, Bangalore",RADIO DIAGNOSIS,"₹8,09,608*","₹10,000*",1*,"₹50,00,000*",500,3338(2),1886(2),1886(2),-,-,-,-,2105(2),2397(2),3899(2),-,-,-
KAR Govt Quota-Open,GM,Karnataka,"Bangalore Med Coll, Bangalore",PAEDIATRICS,"₹1,24,150*","₹56,250",3*,"₹50,00,000*",1993,1705(3),1705(3),4018(3),-,-,-,-,1346(2),1523(2),3919(2),-,-,-
KAR Govt Quota-Open,2AG,Karnataka,"MS Ramaiah, Bangalore",GENERAL MEDICINE,"₹8,08,858*","₹45,000",1*,"₹50,00,000*",1331,3237(1),3675(1),4763(1),-,-,-,-,1253(1),3978(1),3978(1),-,-,-
KAR Govt Quota-Open,GM,Karnataka,"AJIMS, Mangalore",GENERAL MEDICINE,"₹7,83,858*","₹30,000",1*,"₹50,00,000*",910,3772(1),3469(1),5846(1),-,-,-,-,2758(1),1895(1),4065(1),-,-,-
KAR Govt Quota-Open,GM,Karnataka,"Kempegowda IMS, Bangalore",GENERAL MEDICINE,"₹7,83,858*","₹35,000*",1*,"₹50,00,000*",1100,2271(3),2987(3),5351(3),-,-,-,-,1435(2),1325(2),4079(2),-,-,-
KAR Govt Quota-Open,SCG,Karnataka,"Bangalore Med Coll, Bangalore",RADIO DIAGNOSIS,"₹1,24,150*","₹56,250",3*,"₹50,00,000*",1993,2191(1),2191(1),2191(1),-,-,-,-,551(1),551(1),4088(1),-,-,-
KAR Govt Quota-Open,2BG,Karnataka,"Kempegowda IMS, Bangalore",RADIO DIAGNOSIS,"₹7,83,858*","₹35,000*",1*,"₹50,00,000*",1100,-,-,-,-,-,-,-,2222(1),2222(1),4105(1),-,-,-
KAR Govt Quota-Open,1G,Karnataka,"Mandya IMS, Mandya",GENERAL MEDICINE,"₹1,24,150*","₹56,250",3*,"₹50,00,000*",Info Not Available,-,-,-,-,-,-,-,4117(1),4117(1),4117(1),-,-,-
KAR Govt Quota-Open,2AG,Karnataka,"JJM Med Coll, Davangere",GENERAL MEDICINE,"₹7,83,858*","₹30,000*",1*,"₹50,00,000*",1930,5187(1),3151(1),6715(1),-,-,-,-,3978(1),4201(1),4201(1),-,-,-
KAR Govt Quota-Open,GM,Karnataka,"SDM College, Dharwad",GENERAL MEDICINE,"₹7,83,858*","₹45,000*",1*,"₹50,00,000*",670,2924(1),2924(1),5083(1),-,-,-,-,1966(1),1749(1),4240(2),-,-,-
KAR Govt Quota-Open,GM,Karnataka,"KS Hegde, Mangalore",GENERAL MEDICINE,"₹7,76,858*","₹45,000*",1*,"₹50,00,000*",1000,2189(1),3021(1),3021(1),-,-,-,-,-,-,4256(1),-,-,-
KAR Priv Seats-Open,OPN,Karnataka,"JJM Med Coll, Davangere",DERMATOLOGY,"₹13,88,744*","₹30,000*",1*,"₹50,00,000*",1930,5377(2),4763(2),6754(2),-,-,-,-,3620(1),1146(1),4312(1),-,-,-
KAR Priv Seats-Open,OPN,Karnataka,"Father Mullers, Mangalore",GENERAL MEDICINE,"₹13,88,744*","₹35,000*",1*,"₹50,00,000*",1250,2748(1),2748(1),3848(1),-,-,-,-,4026(2),3779(2),4316(2),-,-,-
KAR Govt Quota-Open,GM,Karnataka,"VIMS (Vydehi), Bangalore",GENERAL MEDICINE,"₹7,83,858*","₹29,000*",1*,"₹50,00,000*",1600,3534(1),2510(1),7073(2),-,-,-,-,1770(1),1770(1),4336(1),-,-,-
KAR Govt Quota-Open,GM,Karnataka,"Nijalingappa, Bagalkot",RADIO DIAGNOSIS,"₹7,83,858*","₹10,000*",1*,"₹50,00,000*",1140,-,-,-,-,-,-,-,-,-,4345(1),-,-,-
KAR Priv Seats-GMP,GMP,Karnataka,"JJM Med Coll, Davangere",RADIO DIAGNOSIS,"₹13,88,744*","₹30,000*",1*,"₹50,00,000*",1930,4217(2),2856(2),3226(2),-,-,-,-,3060(2),3060(2),4507(2),-,-,-
KAR Govt Quota-Open,GM,Karnataka,"SSIMS & RC, Davangere",GENERAL MEDICINE,"₹7,83,858*","₹30,000",1*,"₹50,00,000*",1190,3469(1),3053(1),7389(1),-,-,-,-,2670(1),2033(1),4532(1),-,-,-
KAR Govt Quota-Open,3BG,Karnataka,"JJM Med Coll, Davangere",GENERAL MEDICINE,"₹7,83,858*","₹30,000*",1*,"₹50,00,000*",1930,-,-,-,-,-,-,-,2366(1),2366(1),4545(1),-,-,-
KAR Govt Quota-Open,GMH,Karnataka,"ESIC Med Coll,Gulbarga",GENERAL MEDICINE,"₹2,50,000*","₹1,11,780*",2*,"₹10,00,000*",480,3154(1),3154(1),7116(1),-,-,-,-,1708(1),1680(1),4624(1),-,-,-
KAR Govt Quota-Open,3AG,Karnataka,"Bangalore Med Coll, Bangalore",PAEDIATRICS,"₹1,24,150*","₹56,250",3*,"₹50,00,000*",1993,1882(1),3103(1),6729(1),-,-,-,-,1707(1),1707(1),4650(1),-,-,-
KAR Govt Quota-Open,3AG,Karnataka,"Bangalore Med Coll, Bangalore",OBG,"₹1,24,150*","₹56,250",3*,"₹50,00,000*",1993,-,-,-,-,-,-,-,2864(1),2391(1),4688(1),-,-,-
KAR Govt Quota-Open,3BH,Karnataka,"ESIC Med Coll,Gulbarga",GENERAL MEDICINE,"₹2,50,000*","₹1,11,780*",2*,"₹10,00,000*",480,-,-,-,-,-,-,-,3540(1),1708(1),4699(1),-,-,-
KAR Govt Quota-Open,GM,Karnataka,"Oxford Med Coll, Bangalore",RADIO DIAGNOSIS,"₹7,83,858*","₹30,000*",1*,"₹50,00,000*",770,-,-,-,-,-,-,-,2934(1),2934(1),4710(1),-,-,-
KAR Priv Seats-GMP,GMP,Karnataka,"Father Mullers, Mangalore",GENERAL MEDICINE,"₹13,88,744*","₹35,000*",1*,"₹50,00,000*",1250,4354(2),3848(2),6164(2),-,-,-,-,4232(1),4232(1),4713(1),-,-,-
KAR Govt Quota-Open,GM,Karnataka,"Shridevi IMS, Tumkur",RADIO DIAGNOSIS,"₹7,83,858*",Info not available*,1*,"₹50,00,000*",750,-,-,-,-,-,-,-,2442(1),3732(1),4830(1),-,-,-
KAR Govt Quota-Open,3BG,Karnataka,"Kanachur IMS, Mangalore",RADIO DIAGNOSIS,"₹7,83,858*",Info not available,1*,"₹50,00,000*",785,-,-,-,-,-,-,-,3710(1),4879(1),4879(1),-,-,-
KAR Govt Quota-Open,GM,Karnataka,"AIMS, Adichunchanagiri, Bellur",GENERAL MEDICINE,"₹7,83,858*","₹23,750",1*,"₹50,00,000*",1120,3053(1),3534(1),8550(1),-,-,-,-,3793(1),2670(1),4913(1),-,-,-
KAR Priv Seats-Open,OPN,Karnataka,"St John's, Bangalore",PSYCHIATRY,"₹12,05,025*","₹45,000",1*,"₹5,00,000*",1720,-,-,-,-,-,-,-,3578(1),4969(1),-,-,-,-
KAR Govt Quota-Open,2AG,Karnataka,"Belagavi IMS, Belagavi",GENERAL MEDICINE,"₹1,24,150*","₹56,250",3*,"₹50,00,000*",1000,-,-,-,-,-,-,-,3061(1),2238(1),5002(1),-,-,-
KAR Govt Quota-Open,GM,Karnataka,"Mysore Med Coll, Mysore",PAEDIATRICS,"₹1,24,150*","₹56,250",3*,"₹50,00,000*",1050,1602(1),1602(1),3479(1),-,-,-,-,1478(2),1637(2),5039(2),-,-,-
KAR Priv Seats-Open,OPN,Karnataka,"JJM Med Coll, Davangere",GENERAL MEDICINE,"₹13,88,744*","₹30,000*",1*,"₹50,00,000*",1930,5083(4),4503(4),7627(4),-,-,-,-,4713(4),4316(4),5045(4),-,-,-
KAR Govt Quota-Open,3BG,Karnataka,"Bangalore Med Coll, Bangalore",PAEDIATRICS,"₹1,24,150*","₹56,250",3*,"₹50,00,000*",1993,2499(1),1739(1),4915(1),-,-,-,-,2239(1),2100(1),5083(1),-,-,-
KAR Govt Quota-Open,2AG,Karnataka,"Mandya IMS, Mandya",DERMATOLOGY,"₹1,24,150*","₹56,250",3*,"₹50,00,000*",Info Not Available,-,-,-,-,-,-,-,1805(1),1346(1),5086(1),-,-,-
KAR Priv Seats-Min.,MC,Karnataka,"Father Mullers, Mangalore",RADIO DIAGNOSIS,"₹13,88,744*","₹35,000*",1*,"₹50,00,000*",1250,-,-,-,-,-,-,-,5092(3),5092(3),5092(2),-,-,-
KAR Priv Seats-Open,OPN,Karnataka,"SSIMS & RC, Davangere",RADIO DIAGNOSIS,"₹13,88,744*","₹30,000",1*,"₹50,00,000*",1190,-,-,-,-,-,-,-,2660(1),2660(1),5096(1),-,-,-
KAR Govt Quota-Open,2AG,Karnataka,"Bangalore Med Coll, Bangalore",PAEDIATRICS,"₹1,24,150*","₹56,250",3*,"₹50,00,000*",1993,3234(1),3234(1),4604(1),-,-,-,-,3525(1),3589(1),5101(1),-,-,-
KAR Priv Seats-GMP,GMPH,Karnataka,"Father Mullers, Mangalore",RADIO DIAGNOSIS,"₹13,88,744*","₹35,000*",1*,"₹50,00,000*",1250,-,-,-,-,-,-,-,5103(1),5103(1),5103(1),-,-,-
KAR Govt Quota-Open,GM,Karnataka,"KIMS, Hubli",PAEDIATRICS,"₹1,24,150*","₹56,250",3*,"₹50,00,000*",1200,2192(3),2192(3),5556(4),-,-,-,-,1523(1),1886(1),5111(1),-,-,-
KAR Govt Quota-Open,GMH,Karnataka,"MRMC, Gulbarga",GENERAL MEDICINE,"₹7,83,858*","₹8,000*",1*,"₹50,00,000*",1038,9619(1),6599(1),11368(1),-,-,-,-,4699(1),4699(1),5113(1),-,-,-
KAR Govt Quota-Open,GMH,Karnataka,"VIMS, Bellary",DERMATOLOGY,"₹1,24,150*","₹56,250",3*,"₹50,00,000*",1295,1398(1),1398(1),1398(1),-,-,-,-,1946(1),3689(1),5125(1),-,-,-
KAR Govt Quota-Open,GM,Karnataka,"VIMS, Bellary",PAEDIATRICS,"₹1,24,150*","₹56,250",3*,"₹50,00,000*",1295,2214(1),2214(1),6762(1),-,-,-,-,-,-,5179(1),-,-,-
KAR Govt Quota-Open,3AG,Karnataka,"Raichur IMS, Raichur",DERMATOLOGY,"₹1,24,150*","₹56,250",3*,"₹50,00,000*",500,-,-,-,-,-,-,-,1787(1),1787(1),5182(1),-,-,-
KAR Govt Quota-Open,2AG,Karnataka,"Father Mullers, Mangalore",GENERAL MEDICINE,"₹7,83,858*","₹35,000*",1*,"₹50,00,000*",1250,-,-,-,-,-,-,-,4201(1),5204(1),5204(1),-,-,-
KAR Govt Quota-Open,3AH,Karnataka,"Mysore Med Coll, Mysore",GENERAL MEDICINE,"₹1,24,150*","₹56,250",3*,"₹50,00,000*",1050,-,-,-,-,-,-,-,845(1),1257(1),5208(1),-,-,-
KAR Govt Quota-Open,2AG,Karnataka,"Bangalore Med Coll, Bangalore",OBG,"₹1,24,150*","₹56,250",3*,"₹50,00,000*",1993,6177(3),5676(3),6406(3),-,-,-,-,3905(2),3905(2),5246(2),-,-,-
KAR Govt Quota-Open,GM,Karnataka,"AJIMS, Mangalore",DERMATOLOGY,"₹7,83,858*","₹30,000",1*,"₹50,00,000*",910,-,-,-,-,-,-,-,1784(1),1784(1),5340(1),-,-,-
KAR Govt Quota-Open,GM,Karnataka,"BGS IMS, Bangalore",GENERAL MEDICINE,"₹7,83,858*","₹25,000*",1*,"₹50,00,000*",766,-,-,-,-,-,-,-,2041(1),2563(1),5393(1),-,-,-
KAR Priv Seats-GMP,GMP,Karnataka,"Kempegowda IMS, Bangalore",DERMATOLOGY,"₹13,88,744*","₹35,000*",1*,"₹50,00,000*",1100,6574(1),6147(1),6147(1),-,-,-,-,3575(1),5041(1),5395(1),-,-,-
KAR Govt Quota-Open,3AG,Karnataka,"KIMS, Hubli",PAEDIATRICS,"₹1,24,150*","₹56,250",3*,"₹50,00,000*",1200,-,-,-,-,-,-,-,2385(1),2561(1),5447(1),-,-,-
KAR Govt Quota-Open,GM,Karnataka,"Mandya IMS, Mandya",PAEDIATRICS,"₹1,24,150*","₹56,250",3*,"₹50,00,000*",Info Not Available,2974(2),2550(2),7004(2),-,-,-,-,1895(1),1943(1),5551(1),-,-,-
KAR Govt Quota-Open,GM,Karnataka,"Al-Ameen, Bijapur",RADIO DIAGNOSIS,"₹7,83,858*","₹9,000*",1*,"₹50,00,000*",1040,-,-,-,-,-,-,-,3732(1),4105(1),5564(1),-,-,-
KAR Priv Seats-Open,OPN,Karnataka,"St John's, Bangalore",PAEDIATRICS,"₹12,40,025*","₹45,000",1*,"₹5,00,000*",1720,-,-,-,-,-,-,-,2293(1),4744(1),5569(1),-,-,-
KAR Priv Seats-GMP,GMPH,Karnataka,"AJIMS, Mangalore",RADIO DIAGNOSIS,"₹13,88,744*","₹30,000",1*,"₹50,00,000*",910,-,-,-,-,-,-,-,3561(1),5583(1),5583(1),-,-,-
KAR Govt Quota-Open,GMH,Karnataka,"VIMS, Bellary",PAEDIATRICS,"₹1,24,150*","₹56,250",3*,"₹50,00,000*",1295,3949(2),3168(2),8074(2),-,-,-,-,2704(1),3605(1),5622(1),-,-,-
KAR Govt Quota-Open,2AG,Karnataka,"IGICH, Bangalore",PAEDIATRICS,"₹1,24,150*","₹56,250",3*,"₹50,00,000*",500,2839(1),2839(1),3750(1),-,-,-,-,3288(2),3288(2),5655(2),-,-,-
KAR Govt Quota-Open,GM,Karnataka,"Belagavi IMS, Belagavi",PAEDIATRICS,"₹1,24,150*","₹56,250",3*,"₹50,00,000*",1000,-,-,6486(1),-,-,-,-,2199(1),2199(1),5740(1),-,-,-
KAR Govt Quota-Open,GMH,Karnataka,"Raichur IMS, Raichur",PAEDIATRICS,"₹1,24,150*","₹56,250",3*,"₹50,00,000*",500,-,-,-,-,-,-,-,3605(1),3755(1),5750(1),-,-,-
KAR Govt Quota-Open,GM,Karnataka,"DR BR Ambedkar, Bangalore",GENERAL MEDICINE,"₹7,83,858*","₹10,000*",1*,"₹50,00,000*",570,4087(1),3338(1),8171(1),-,-,-,-,4079(1),2041(1),5894(1),-,-,-
KAR Govt Quota-Open,1G,Karnataka,"JJM Med Coll, Davangere",RADIO DIAGNOSIS,"₹7,83,858*","₹30,000*",1*,"₹50,00,000*",1930,-,-,-,-,-,-,-,5952(1),3720(1),3720(1),-,-,-
KAR Govt Quota-Open,2AG,Karnataka,"JJM Med Coll, Davangere",DERMATOLOGY,"₹7,83,858*","₹30,000*",1*,"₹50,00,000*",1930,-,-,-,-,-,-,-,5086(1),5086(1),5958(1),-,-,-
KAR Govt Quota-Open,3BG,Karnataka,"AJIMS, Mangalore",GENERAL MEDICINE,"₹7,83,858*","₹30,000",1*,"₹50,00,000*",910,-,-,-,-,-,-,-,3208(1),2732(1),6020(1),-,-,-
KAR Govt Quota-Open,3AG,Karnataka,"Kempegowda IMS, Bangalore",GENERAL MEDICINE,"₹7,83,858*","₹35,000*",1*,"₹50,00,000*",1100,-,-,-,-,-,-,-,2933(1),2385(1),6023(1),-,-,-
KAR Govt Quota-Open,1G,Karnataka,"Bangalore Med Coll, Bangalore",DERMATOLOGY,"₹1,24,150*","₹56,250",3*,"₹50,00,000*",1993,-,-,-,-,-,-,-,2607(1),2607(1),6030(1),-,-,-
KAR Govt Quota-Open,GM,Karnataka,"Hassan IMS, Hassan",PAEDIATRICS,"₹1,24,150*","₹56,250",3*,"₹50,00,000*",Info Not Available,2550(1),2389(1),6476(1),-,-,-,-,1981(1),1945(1),6035(1),-,-,-
KAR Govt Quota-Open,GM,Karnataka,"Mysore Med Coll, Mysore",OBG,"₹1,24,150*","₹56,250",3*,"₹50,00,000*",1050,2375(2),2271(2),4733(2),-,-,-,-,1636(2),1476(2),6082(2),-,-,-
KAR Govt Quota-Open,2BG,Karnataka,"IGICH, Bangalore",PAEDIATRICS,"₹1,24,150*","₹56,250",3*,"₹50,00,000*",500,-,-,-,-,-,-,-,3726(1),3726(1),6148(1),-,-,-
KAR Govt Quota-Open,GMH,Karnataka,"Mysore Med Coll, Mysore",OBG,"₹1,24,150*","₹56,250",3*,"₹50,00,000*",1050,2812(1),3220(1),8184(1),-,-,-,-,2145(1),2145(1),6185(1),-,-,-
KAR Priv Seats-GMP,GMP,Karnataka,"JJM Med Coll, Davangere",GENERAL MEDICINE,"₹13,88,744*","₹30,000*",1*,"₹50,00,000*",1930,5839(4),5572(4),9120(4),-,-,-,-,5409(4),4977(4),6233(4),-,-,-
KAR Govt Quota-Open,GM,Karnataka,"Gadag IMS, Gadag",PAEDIATRICS,"₹1,24,150*","₹56,250",3*,"₹50,00,000*",Info Not Available,3547(1),2974(1),7901(1),-,-,-,-,2218(1),2218(1),6269(1),-,-,-
KAR Govt Quota-Open,GM,Karnataka,"ESI, Bangalore",OBG,"₹2,50,000*","₹1,11,780*",2*,"₹10,00,000*",530,3183(2),3183(2),6634(2),-,-,-,-,4093(2),3273(2),6272(2),-,-,-
KAR Priv Seats-Open,OPN,Karnataka,"Kempegowda IMS, Bangalore",GENERAL MEDICINE,"₹13,88,744*","₹35,000*",1*,"₹50,00,000*",1100,5452(2),5435(2),9014(2),-,-,-,-,5504(4),5045(4),6275(3),-,-,-
KAR Priv Seats-GMP,GMP,Karnataka,"AJIMS, Mangalore",GENERAL MEDICINE,"₹13,88,744*","₹30,000",1*,"₹50,00,000*",910,6164(2),5846(2),10795(2),-,-,-,-,6305(1),6159(1),6305(1),-,-,-
KAR Govt Quota-Open,GM,Karnataka,"Koppal Inst of MS, Koppal",PAEDIATRICS,"₹1,24,150*","₹56,250",3*,"₹50,00,000*",Info Not Available,-,-,-,-,-,-,-,2802(1),2239(1),6325(1),-,-,-
KAR Priv Seats-GMP,GMP,Karnataka,"Kempegowda IMS, Bangalore",GENERAL MEDICINE,"₹13,88,744*","₹35,000*",1*,"₹50,00,000*",1100,6337(2),5839(2),10306(2),-,-,-,-,6159(4),5749(4),6488(4),-,-,-
KAR Govt Quota-Open,3AG,Karnataka,"AIMS, Adichunchanagiri, Bellur",RADIO DIAGNOSIS,"₹7,83,858*","₹23,750",1*,"₹50,00,000*",1120,-,-,-,-,-,-,-,4497(1),3561(1),6520(1),-,-,-
KAR Govt Quota-Open,GM,Karnataka,"Nijalingappa, Bagalkot",GENERAL MEDICINE,"₹7,83,858*","₹10,000*",1*,"₹50,00,000*",1140,4118(1),4118(1),9999(1),-,-,-,-,4256(1),3891(1),6535(1),-,-,-
KAR Govt Quota-Open,2AG,Karnataka,"Mandya IMS, Mandya",PAEDIATRICS,"₹1,24,150*","₹56,250",3*,"₹50,00,000*",Info Not Available,-,-,-,-,-,-,-,3607(1),3749(1),6538(1),-,-,-
KAR Govt Quota-Open,3BH,Karnataka,"KIMS, Hubli",PAEDIATRICS,"₹1,24,150*","₹56,250",3*,"₹50,00,000*",1200,-,-,-,-,-,-,-,3689(1),3540(1),6543(1),-,-,-
KAR Priv Seats-GMP,GMP,Karnataka,"Kempegowda IMS, Bangalore",RADIO DIAGNOSIS,"₹13,88,744*","₹35,000*",1*,"₹50,00,000*",1100,-,-,-,-,-,-,-,2756(3),2756(3),6560(3),-,-,-
KAR Govt Quota-Open,GM,Karnataka,"Kasturba Med Coll, Mangalore",PAEDIATRICS,"₹7,83,858*","₹45,000*",1*,"₹50,00,000*",1290,-,-,-,-,-,-,-,3715(1),3847(1),6641(1),-,-,-
KAR Govt Quota-Open,GM,Karnataka,Kodagu Inst of Med Sciences,PAEDIATRICS,"₹1,24,150*","₹56,250",3*,"₹50,00,000*",600,-,-,-,-,-,-,-,3407(1),2267(1),6675(1),-,-,-
KAR Priv Seats-GMP,GMP,Karnataka,"SSIMS & RC, Davangere",GENERAL MEDICINE,"₹13,88,744*","₹30,000",1*,"₹50,00,000*",1190,7617(1),7389(1),13213(1),-,-,-,-,6698(1),6233(1),6698(1),-,-,-
KAR Govt Quota-Open,SCG,Karnataka,"Bangalore Med Coll, Bangalore",GENERAL MEDICINE,"₹1,24,150*","₹56,250",3*,"₹50,00,000*",1993,4899(2),4899(2),4969(2),-,-,-,-,3603(2),4088(2),6713(2),-,-,-
KAR Govt Quota-Open,2BG,Karnataka,"Mysore Med Coll, Mysore",GENERAL MEDICINE,"₹1,24,150*","₹56,250",3*,"₹50,00,000*",1050,-,-,-,-,-,-,-,1701(1),1989(1),6774(1),-,-,-
KAR Govt Quota-Open,2AH,Karnataka,"Bidar IMS, Bidar",GENERAL MEDICINE,"₹1,24,150*","₹56,250",3*,"₹50,00,000*",500,-,-,-,-,-,-,-,3477(1),3477(1),6788(1),-,-,-
KAR Govt Quota-Open,GM,Karnataka,"AIMS, Adichunchanagiri, Bellur",DERMATOLOGY,"₹7,83,858*","₹23,750",1*,"₹50,00,000*",1120,-,-,-,-,-,-,-,3162(1),3162(1),6791(1),-,-,-
KAR Govt Quota-Open,2BG,Karnataka,"MS Ramaiah, Bangalore",GENERAL MEDICINE,"₹8,08,858*","₹45,000",1*,"₹50,00,000*",1331,5800(1),5800(1),5800(1),-,-,-,-,6774(1),6774(1),6897(1),-,-,-
KAR Govt Quota-Open,GM,Karnataka,"KIMS, Hubli",OBG,"₹1,24,150*","₹56,250",3*,"₹50,00,000*",1200,2666(4),2707(4),5354(4),-,-,-,-,2004(4),1817(4),6934(4),-,-,-
KAR Govt Quota-Open,3BG,Karnataka,Kodagu Inst of Med Sciences,PAEDIATRICS,"₹1,24,150*","₹56,250",3*,"₹50,00,000*",600,-,-,-,-,-,-,-,3560(1),2802(1),7202(1),-,-,-
KAR Govt Quota-Open,GM,Karnataka,"JJM Med Coll, Davangere",PAEDIATRICS,"₹7,83,858*","₹30,000*",1*,"₹50,00,000*",1930,4867(3),4867(3),7951(3),-,-,-,-,4240(2),3856(2),7203(3),-,-,-
KAR Govt Quota-Open,2AH,Karnataka,"MRMC, Gulbarga",GENERAL MEDICINE,"₹7,83,858*","₹8,000*",1*,"₹50,00,000*",1038,-,-,-,-,-,-,-,7213(1),7036(1),7213(1),-,-,-
KAR Govt Quota-Open,1G,Karnataka,"AIMS, Adichunchanagiri, Bellur",GENERAL MEDICINE,"₹7,83,858*","₹23,750",1*,"₹50,00,000*",1120,10629(1),9882(1),9882(1),-,-,-,-,7239(1),7239(1),7239(1),-,-,-
KAR Priv Seats-GMP,GMP,Karnataka,"SSIMS & RC, Davangere",RADIO DIAGNOSIS,"₹13,88,744*","₹30,000",1*,"₹50,00,000*",1190,2929(1),3226(1),4512(1),-,-,-,-,3899(1),4347(1),7357(1),-,-,-
KAR Govt Quota-Open,GM,Karnataka,"Basaveswara, Chitradurga",GENERAL MEDICINE,"₹7,83,858*","₹5,000*",1*,"₹50,00,000*",500,-,-,-,-,-,-,-,-,-,7438(1),-,-,-
KAR Govt Quota-Open,GM,Karnataka,Karwar Inst of Med Sciences,PAEDIATRICS,"₹1,24,150*","₹56,250",3*,"₹50,00,000*",650,-,-,-,-,-,-,-,-,-,7476(1),-,-,-
KAR Priv Seats-GMP,GMP,Karnataka,"VIMS (Vydehi), Bangalore",GENERAL MEDICINE,"₹13,88,744*","₹29,000*",1*,"₹50,00,000*",1600,7627(1),7617(1),14165(1),-,-,-,-,6233(1),5849(1),7501(1),-,-,-
KAR Govt Quota-Open,GM,Karnataka,"Belagavi IMS, Belagavi",OBG,"₹1,24,150*","₹56,250",3*,"₹50,00,000*",1000,2771(1),3760(1),8882(1),-,-,-,-,3809(2),3628(2),7579(2),-,-,-
KAR Govt Quota-Open,GM,Karnataka,"VIMS (Vydehi), Bangalore",DERMATOLOGY,"₹7,83,858*","₹29,000*",1*,"₹50,00,000*",1600,-,-,-,-,-,-,-,1482(1),1482(1),7586(1),-,-,-
KAR Govt Quota-Open,GM,Karnataka,"East Point College,Bangalore",RADIO DIAGNOSIS,"₹7,83,858*","₹20,000",1*,"₹50,00,000*",-,-,-,-,-,-,-,-,3804(1),3899(1),7653(1),-,-,-
KAR Priv Seats-Open,OPN,Karnataka,"Nijalingappa, Bagalkot",GENERAL MEDICINE,"₹13,88,744*","₹10,000*",1*,"₹50,00,000*",1140,9231(1),6988(1),15678(1),-,-,-,-,7337(1),7337(1),7657(1),-,-,-
KAR Govt Quota-Open,2AG,Karnataka,"Sapthagiri IMS&RC, Bangalore",RADIO DIAGNOSIS,"₹8,09,608*","₹10,000*",1*,"₹50,00,000*",500,-,-,-,-,-,-,-,7706(1),3653(1),7706(1),-,-,-
KAR Govt Quota-Open,GM,Karnataka,"MS Ramaiah, Bangalore",PAEDIATRICS,"₹8,08,858*","₹45,000",1*,"₹50,00,000*",1331,4569(3),3949(3),8527(3),-,-,-,-,2033(2),3715(2),7728(3),-,-,-
KAR Govt Quota-Open,GM,Karnataka,"SSIMS & RC, Davangere",DERMATOLOGY,"₹7,83,858*","₹30,000",1*,"₹50,00,000*",1190,4438(1),3395(1),6609(1),-,-,-,-,2269(1),2502(1),7735(1),-,-,-
KAR Govt Quota-Open,2AG,Karnataka,"Shimoga IMS, Shimoga",PAEDIATRICS,"₹1,24,150*","₹56,250",3*,"₹50,00,000*",950,-,-,-,-,-,-,-,3749(1),3796(1),7806(1),-,-,-
KAR Priv Seats-Min.,RC3,Karnataka,"St John's, Bangalore",DERMATOLOGY,"₹12,80,025*","₹45,000",1*,"₹5,00,000*",1720,2121(2),5699(2),8779(2),-,-,-,-,3764(1),3764(1),7858(1),-,-,-
KAR Govt Quota-Open,GM,Karnataka,"Mandya IMS, Mandya",OBG,"₹1,24,150*","₹56,250",3*,"₹50,00,000*",Info Not Available,-,-,-,-,-,-,-,2289(1),2344(1),7871(1),-,-,-
KAR Priv Seats-Min.,ME,Karnataka,"VIMS (Vydehi), Bangalore",RADIO DIAGNOSIS,"₹13,88,744*","₹29,000*",1*,"₹50,00,000*",1600,9051(2),9051(2),9051(2),-,-,-,-,7926(1),7926(1),7926(1),-,-,-
KAR Priv Seats-Open,OPN,Karnataka,"MS Ramaiah, Bangalore",RADIO DIAGNOSIS,"₹55,40,750*","₹45,000",1*,"₹50,00,000*",1331,5459(2),4683(2),17178(2),24421(1),-,-,-,3720(2),7929(2),-,-,-,-
KAR Govt Quota-Open,1H,Karnataka,"Bangalore Med Coll, Bangalore",RADIO DIAGNOSIS,"₹1,24,150*","₹56,250",3*,"₹50,00,000*",1993,-,-,-,-,-,-,-,7984(1),2036(1),7984(1),-,-,-
KAR Govt Quota-Open,GMH,Karnataka,"VIMS, Bellary",OBG,"₹1,24,150*","₹56,250",3*,"₹50,00,000*",1295,4158(2),4158(2),9518(2),-,-,-,-,3883(2),3883(2),8006(2),-,-,-
KAR Govt Quota-Open,GM,Karnataka,"Shimoga IMS, Shimoga",OBG,"₹1,24,150*","₹56,250",3*,"₹50,00,000*",950,2980(1),2980(1),6152(1),-,-,-,-,3273(2),3051(2),8053(2),-,-,-
KAR Govt Quota-Open,GM,Karnataka,"Sapthagiri IMS&RC, Bangalore",DERMATOLOGY,"₹8,09,608*","₹10,000*",1*,"₹50,00,000*",500,-,-,-,-,-,-,-,6035(1),3427(1),8122(1),-,-,-
KAR Govt Quota-Open,GM,Karnataka,"BGS IMS, Bangalore",DERMATOLOGY,"₹7,83,858*","₹25,000*",1*,"₹50,00,000*",766,-,-,-,-,-,-,-,2662(1),2662(1),8125(1),-,-,-
KAR Govt Quota-Open,GMH,Karnataka,"Bidar IMS, Bidar",PAEDIATRICS,"₹1,24,150*","₹56,250",3*,"₹50,00,000*",500,-,-,-,-,-,-,-,3891(1),3863(1),8264(1),-,-,-
KAR Priv Seats-Open,OPN,Karnataka,"KVG Med Coll, Sullia",RADIO DIAGNOSIS,"₹13,88,744*","₹7,500",1*,"₹50,00,000*",682,5272(1),4316(1),8021(1),-,-,-,-,4296(1),4296(1),8269(1),-,-,-
KAR Govt Quota-Open,GM,Karnataka,"KVG Med Coll, Sullia",GENERAL MEDICINE,"₹7,83,858*","₹7,500",1*,"₹50,00,000*",682,-,-,-,-,-,-,-,5393(1),5113(1),8322(2),-,-,-
KAR Govt Quota-Open,2AG,Karnataka,"Mysore Med Coll, Mysore",OBG,"₹1,24,150*","₹56,250",3*,"₹50,00,000*",1050,-,-,-,-,-,-,-,4257(1),5101(1),8355(1),-,-,-
KAR Govt Quota-Open,GM,Karnataka,"Bangalore Med Coll, Bangalore",ORTHOPAEDICS,"₹1,24,150*","₹56,250",3*,"₹50,00,000*",1993,4226(3),4018(3),11083(4),11936(1),-,-,-,2534(2),3004(2),8356(1),-,-,-
KAR Govt Quota-Open,3AG,Karnataka,"JJM Med Coll, Davangere",PAEDIATRICS,"₹7,83,858*","₹30,000*",1*,"₹50,00,000*",1930,-,-,-,-,-,-,-,4650(1),4650(1),8358(1),-,-,-
KAR Govt Quota-Open,GM,Karnataka,"ESI, Bangalore",GENERAL SURGERY,"₹2,50,000*","₹1,11,780*",2*,"₹10,00,000*",530,5062(2),4890(2),7879(2),-,-,-,-,3841(2),3841(2),8379(2),-,-,-
KAR Priv Seats-Open,OPN,Karnataka,"DR BR Ambedkar, Bangalore",GENERAL MEDICINE,"₹13,88,744*","₹10,000*",1*,"₹50,00,000*",570,7985(1),5452(1),12615(1),-,-,-,-,6622(1),5554(1),8407(1),-,-,-
KAR Govt Quota-Open,GM,Karnataka,"SGITO (Sanjay Gan), Bangalore",ORTHOPAEDICS,"₹1,24,150*","₹56,250",3*,"₹50,00,000*",Info Not Available,3740(2),3740(2),5606(2),-,-,-,-,2113(2),1844(2),8424(2),-,-,-
KAR Govt Quota-Open,GM,Karnataka,"Bangalore Med Coll, Bangalore",GENERAL SURGERY,"₹1,24,150*","₹56,250",3*,"₹50,00,000*",1993,3261(4),3508(4),5366(5),-,-,-,-,2616(4),2583(4),8428(4),-,-,-
KAR Govt Quota-Open,GM,Karnataka,"Father Mullers, Mangalore",PSYCHIATRY,"₹7,83,858*","₹35,000*",1*,"₹50,00,000*",1250,16153(1),15233(1),28970(2),-,-,-,-,8464(1),8464(1),8464(1),-,-,-
KAR Priv Seats-Open,OPN,Karnataka,"BGS IMS, Bangalore",GENERAL MEDICINE,"₹13,88,744*","₹25,000*",1*,"₹50,00,000*",766,6340(1),5810(1),11264(1),-,-,-,-,7210(2),6305(2),8469(2),-,-,-
KAR Govt Quota-Open,1G,Karnataka,"Hassan IMS, Hassan",PAEDIATRICS,"₹1,24,150*","₹56,250",3*,"₹50,00,000*",Info Not Available,-,-,-,-,-,-,-,3057(1),3057(1),8527(1),-,-,-
KAR Govt Quota-Open,GMH,Karnataka,"Belagavi IMS, Belagavi",OBG,"₹1,24,150*","₹56,250",3*,"₹50,00,000*",1000,-,-,-,-,-,-,-,5039(1),5182(1),8529(1),-,-,-
KAR Govt Quota-Open,3AG,Karnataka,"Bangalore Med Coll, Bangalore",GENERAL SURGERY,"₹1,24,150*","₹56,250",3*,"₹50,00,000*",1993,3274(1),5352(1),10047(1),-,-,-,-,2891(1),2891(1),8553(1),-,-,-
KAR Govt Quota-Open,GM,Karnataka,"Hassan IMS, Hassan",OBG,"₹1,24,150*","₹56,250",3*,"₹50,00,000*",Info Not Available,-,-,-,-,-,-,-,3051(1),2611(1),8572(1),-,-,-
KAR Govt Quota-Open,GM,Karnataka,"SDM College, Dharwad",PAEDIATRICS,"₹7,83,858*","₹45,000*",1*,"₹50,00,000*",670,5286(1),4975(1),9385(1),-,-,-,-,5111(2),4336(2),8576(2),-,-,-
KAR Govt Quota-Open,GMH,Karnataka,"Khaja Bandanawaz, Gulbarga",GENERAL MEDICINE,"₹7,98,858*","₹30,000*",1*,"₹50,00,000*",833,-,-,-,-,-,-,-,8053(1),8610(1),8610(1),-,-,-
KAR Govt Quota-Open,GM,Karnataka,"Chamrajanagar IMS, Karnataka",OBG,"₹1,24,150*","₹56,250",3*,"₹50,00,000*",750,5540(1),5500(1),9287(1),-,-,-,-,4688(1),3957(1),8646(1),-,-,-
KAR Govt Quota-Open,3BG,Karnataka,"Belagavi IMS, Belagavi",OBG,"₹1,24,150*","₹56,250",3*,"₹50,00,000*",1000,-,-,-,-,-,-,-,3919(1),3793(1),8652(1),-,-,-
KAR Govt Quota-Open,GM,Karnataka,"VIMS, Bellary",GENERAL SURGERY,"₹1,24,150*","₹56,250",3*,"₹50,00,000*",1295,-,-,-,-,-,-,-,3270(1),3300(1),8793(2),-,-,-
KAR Govt Quota-Open,SCH,Karnataka,"Gulbarga IMS, Gulbarga",RADIO DIAGNOSIS,"₹1,24,150*","₹56,250",3*,"₹50,00,000*",873,13763(1),13763(1),19546(1),-,-,-,-,4751(1),8813(1),8813(1),-,-,-
KAR Govt Quota-Open,2AG,Karnataka,"JJM Med Coll, Davangere",PAEDIATRICS,"₹7,83,858*","₹30,000*",1*,"₹50,00,000*",1930,5716(1),6235(1),9759(1),-,-,-,-,5416(1),5416(1),8841(1),-,-,-
KAR Govt Quota-Open,2AG,Karnataka,"SGITO (Sanjay Gan), Bangalore",ORTHOPAEDICS,"₹1,24,150*","₹56,250",3*,"₹50,00,000*",Info Not Available,4545(1),5606(1),6828(1),-,-,-,-,5979(1),5979(1),8895(1),-,-,-
KAR Govt Quota-Open,2AG,Karnataka,"KVG Med Coll, Sullia",RADIO DIAGNOSIS,"₹7,83,858*","₹7,500",1*,"₹50,00,000*",682,-,-,-,-,-,-,-,8895(1),4257(1),4257(1),-,-,-
KAR Govt Quota-Open,GM,Karnataka,"Belagavi IMS, Belagavi",GENERAL SURGERY,"₹1,24,150*","₹56,250",3*,"₹50,00,000*",1000,5400(1),5400(1),12870(1),-,-,-,-,4302(1),745(1),8970(1),-,-,-
KAR Govt Quota-Open,GM,Karnataka,"Oxford Med Coll, Bangalore",GENERAL MEDICINE,"₹7,83,858*","₹30,000*",1*,"₹50,00,000*",770,4973(1),4973(1),12546(1),-,-,-,-,6275(1),5746(1),8981(1),-,-,-
KAR Govt Quota-Open,2AG,Karnataka,"Akash IMS,Devanhalli,Bangalore",RADIO DIAGNOSIS,"₹7,83,858*","₹20,000",1*,"₹50,00,000*",760,-,-,-,-,-,-,-,9006(1),7006(1),7006(1),-,-,-
KAR Priv Seats-Min.,ME,Karnataka,"Akash IMS,Devanhalli,Bangalore",RADIO DIAGNOSIS,"₹13,88,744*","₹20,000",1*,"₹50,00,000*",760,14522(1),14348(1),14348(1),-,-,-,-,9019(1),9019(1),9019(1),-,-,-
KAR Govt Quota-Open,GM,Karnataka,"Kempegowda IMS, Bangalore",PAEDIATRICS,"₹7,83,858*","₹35,000*",1*,"₹50,00,000*",1100,4963(1),2612(1),8812(1),-,-,-,-,5569(2),5340(2),9052(3),-,-,-
KAR Govt Quota-Open,GM,Karnataka,"AIMS, Adichunchanagiri, Bellur",PAEDIATRICS,"₹7,83,858*","₹23,750",1*,"₹50,00,000*",1120,-,-,-,-,-,-,-,6899(1),5740(1),9121(1),-,-,-
KAR Govt Quota-Open,GM,Karnataka,"KIMS, Hubli",GENERAL SURGERY,"₹1,24,150*","₹56,250",3*,"₹50,00,000*",1200,4501(3),4805(3),12296(4),-,-,-,-,4214(3),4227(3),9129(3),-,-,-
KAR Govt Quota-Open,GM,Karnataka,"Koppal Inst of MS, Koppal",OBG,"₹1,24,150*","₹56,250",3*,"₹50,00,000*",Info Not Available,4285(1),3158(1),8449(1),-,-,-,-,4224(1),4174(1),9157(2),-,-,-
KAR Govt Quota-Open,GM,Karnataka,"JJM Med Coll, Davangere",OBG,"₹7,83,858*","₹30,000*",1*,"₹50,00,000*",1930,6439(3),6406(3),8241(3),-,-,-,-,4550(2),4550(2),9158(2),-,-,-
KAR Govt Quota-Open,GM,Karnataka,"SMC, Shimoga",GENERAL MEDICINE,"₹7,83,858*",Info not available,1*,"₹50,00,000*",1250,-,-,-,-,-,-,-,6056(1),5393(1),9255(1),-,-,-
KAR Govt Quota-Open,GM,Karnataka,"Mandya IMS, Mandya",GENERAL SURGERY,"₹1,24,150*","₹56,250",3*,"₹50,00,000*",Info Not Available,4127(1),4127(1),7780(1),-,-,-,-,4227(1),4065(1),9268(1),-,-,-
KAR Govt Quota-Open,3BG,Karnataka,"MS Ramaiah, Bangalore",PAEDIATRICS,"₹8,08,858*","₹45,000",1*,"₹50,00,000*",1331,-,-,-,-,-,-,-,6020(1),5039(1),9274(1),-,-,-
KAR Govt Quota-Open,GMH,Karnataka,"Gulbarga IMS, Gulbarga",OBG,"₹1,24,150*","₹56,250",3*,"₹50,00,000*",873,5084(1),5084(1),10111(1),-,-,-,-,5712(1),5712(1),9277(1),-,-,-
KAR Govt Quota-Open,2AH,Karnataka,"VIMS, Bellary",OBG,"₹1,24,150*","₹56,250",3*,"₹50,00,000*",1295,6730(1),6730(1),14127(1),-,-,-,-,6788(1),6788(1),9288(1),-,-,-
KAR Govt Quota-Open,GM,Karnataka,"Father Mullers, Mangalore",OBG,"₹7,83,858*","₹35,000*",1*,"₹50,00,000*",1250,-,-,-,-,-,-,-,4308(1),4308(1),9374(1),-,-,-
KAR Govt Quota-Open,GM,Karnataka,"Sapthagiri IMS&RC, Bangalore",GENERAL MEDICINE,"₹8,09,608*","₹10,000*",1*,"₹50,00,000*",500,6554(3),6442(3),13389(4),-,-,-,-,4913(5),4256(5),9430(6),-,-,-
KAR Priv Seats-GMP,GMP,Karnataka,"DR BR Ambedkar, Bangalore",GENERAL MEDICINE,"₹13,88,744*","₹10,000*",1*,"₹50,00,000*",570,9882(1),8171(1),13529(1),-,-,-,-,7501(1),7210(1),9483(1),-,-,-
KAR Govt Quota-Open,2AG,Karnataka,"SDM College, Dharwad",DERMATOLOGY,"₹7,83,858*","₹45,000*",1*,"₹50,00,000*",670,-,-,-,-,-,-,-,5958(1),5655(1),9495(1),-,-,-
KAR Govt Quota-Open,2AG,Karnataka,"Bidar IMS, Bidar",PAEDIATRICS,"₹1,24,150*","₹56,250",3*,"₹50,00,000*",500,-,-,-,-,-,-,-,3796(1),4747(1),9521(1),-,-,-
KAR Govt Quota-Open,3BG,Karnataka,"Sapthagiri IMS&RC, Bangalore",GENERAL MEDICINE,"₹8,09,608*","₹10,000*",1*,"₹50,00,000*",500,9513(1),9513(1),13734(1),-,-,-,-,5908(1),5908(1),9575(1),-,-,-
KAR Govt Quota-Open,GM,Karnataka,"VIMS (Vydehi), Bangalore",PAEDIATRICS,"₹7,83,858*","₹29,000*",1*,"₹50,00,000*",1600,7037(1),4963(1),11079(1),-,-,-,-,5179(1),5576(1),9581(1),-,-,-
KAR Govt Quota-Open,GMH,Karnataka,"Koppal Inst of MS, Koppal",OBG,"₹1,24,150*","₹56,250",3*,"₹50,00,000*",Info Not Available,5323(1),5323(1),10254(1),-,-,-,-,5583(1),6031(1),9624(1),-,-,-
KAR Priv Seats-GMP,GMP,Karnataka,"St John's, Bangalore",GENERAL SURGERY,"₹12,05,025*","₹45,000",1*,"₹5,00,000*",1720,5366(1),5366(1),12424(1),-,-,-,-,8508(1),8508(1),9733(1),-,-,-
KAR Govt Quota-Open,3BG,Karnataka,Kodagu Inst of Med Sciences,OBG,"₹1,24,150*","₹56,250",3*,"₹50,00,000*",600,-,-,-,-,-,-,-,5143(1),6977(1),9747(1),-,-,-
KAR Priv Seats-GMP,GMP,Karnataka,"St John's, Bangalore",OBG,"₹12,80,025*","₹45,000",1*,"₹5,00,000*",1720,5349(1),5349(1),10948(1),-,-,-,-,9750(1),7633(1),9750(1),-,-,-
KAR Priv Seats-GMP,GMP,Karnataka,"MRMC, Gulbarga",RADIO DIAGNOSIS,"₹13,88,744*","₹8,000*",1*,"₹50,00,000*",1038,6101(1),4512(1),7865(1),-,-,-,-,4507(1),4507(1),9779(1),-,-,-
KAR Govt Quota-Open,GM,Karnataka,"MRMC, Gulbarga",PAEDIATRICS,"₹7,83,858*","₹8,000*",1*,"₹50,00,000*",1038,-,-,-,-,-,-,-,5740(1),6035(1),9786(1),-,-,-
KAR Govt Quota-Open,3AG,Karnataka,"Sapthagiri IMS&RC, Bangalore",GENERAL MEDICINE,"₹8,09,608*","₹10,000*",1*,"₹50,00,000*",500,-,-,-,-,-,-,-,7657(1),6520(1),9831(1),-,-,-
KAR Govt Quota-Open,GM,Karnataka,"Hassan IMS, Hassan",GENERAL SURGERY,"₹1,24,150*","₹56,250",3*,"₹50,00,000*",Info Not Available,5352(1),5062(1),11209(1),-,-,-,-,4174(1),4302(1),9852(1),-,-,-
KAR Govt Quota-Open,2BG,Karnataka,"Hassan IMS, Hassan",DERMATOLOGY,"₹1,24,150*","₹56,250",3*,"₹50,00,000*",Info Not Available,-,-,-,-,-,-,-,2937(1),2937(1),9864(1),-,-,-
KAR Govt Quota-Open,1G,Karnataka,"VIMS (Vydehi), Bangalore",GENERAL MEDICINE,"₹7,83,858*","₹29,000*",1*,"₹50,00,000*",1600,-,-,-,-,-,-,-,9931(1),9931(1),9931(1),-,-,-
KAR Govt Quota-Open,2AH,Karnataka,"Raichur IMS, Raichur",DERMATOLOGY,"₹1,24,150*","₹56,250",3*,"₹50,00,000*",500,-,-,-,-,-,-,-,5002(1),5090(1),9932(1),-,-,-
KAR Govt Quota-Open,GM,Karnataka,"SDM College, Dharwad",OBG,"₹7,83,858*","₹45,000*",1*,"₹50,00,000*",670,6147(1),6634(1),10872(1),-,-,-,-,5017(1),6185(1),9957(1),-,-,-
KAR Govt Quota-Open,3BH,Karnataka,"Gulbarga IMS, Gulbarga",OBG,"₹1,24,150*","₹56,250",3*,"₹50,00,000*",873,-,-,-,-,-,-,-,6782(1),6782(1),10027(1),-,-,-
KAR Govt Quota-Open,GM,Karnataka,"Shimoga IMS, Shimoga",GENERAL SURGERY,"₹1,24,150*","₹56,250",3*,"₹50,00,000*",950,4167(1),4167(1),10538(1),-,-,-,-,3942(1),3942(1),10237(2),-,-,-
KAR Priv Seats-Min.,RC3,Karnataka,"St John's, Bangalore",PAEDIATRICS,"₹12,40,025*","₹45,000",1*,"₹5,00,000*",1720,12075(3),12075(3),30815(5),-,-,-,-,9317(3),9869(3),10255(2),-,-,-
KAR Priv Seats-GMP,GMP,Karnataka,"BGS IMS, Bangalore",GENERAL MEDICINE,"₹13,88,744*","₹25,000*",1*,"₹50,00,000*",766,8373(1),5919(1),14043(1),-,-,-,-,7728(1),6698(1),10308(1),-,-,-
KAR Govt Quota-Open,GM,Karnataka,"Father Mullers, Mangalore",GENERAL SURGERY,"₹7,83,858*","₹35,000*",1*,"₹50,00,000*",1250,6634(1),6164(1),13117(1),-,-,-,-,7249(1),7249(1),10376(1),-,-,-
KAR Govt Quota-Open,GM,Karnataka,"Srinivasa IMS, Srinivasanagar",GENERAL MEDICINE,"₹8,08,858*","₹29,000*",1*,"₹50,00,000*",660,-,-,-,-,-,-,-,5419(1),3208(1),10398(1),-,-,-
KAR Govt Quota-Open,GMH,Karnataka,"Kempegowda IMS, Bangalore",PAEDIATRICS,"₹7,83,858*","₹35,000*",1*,"₹50,00,000*",1100,7619(1),7619(1),10514(1),-,-,-,-,6543(1),5750(1),10428(1),-,-,-
KAR Govt Quota-Open,2AH,Karnataka,"Bangalore Med Coll, Bangalore",PAEDIATRICS,"₹1,24,150*","₹56,250",3*,"₹50,00,000*",1993,-,-,-,-,-,-,-,3653(1),3747(1),10434(1),-,-,-
KAR Govt Quota-Open,2AG,Karnataka,"DR BR Ambedkar, Bangalore",GENERAL MEDICINE,"₹7,83,858*","₹10,000*",1*,"₹50,00,000*",570,-,-,-,-,-,-,-,5758(1),9255(1),10501(1),-,-,-
KAR Govt Quota-Open,3BG,Karnataka,"Sapthagiri IMS&RC, Bangalore",DERMATOLOGY,"₹8,09,608*","₹10,000*",1*,"₹50,00,000*",500,-,-,-,-,-,-,-,8122(1),8122(1),10505(1),-,-,-
KAR Govt Quota-Open,GM,Karnataka,"Akash IMS,Devanhalli,Bangalore",GENERAL MEDICINE,"₹7,83,858*","₹20,000",1*,"₹50,00,000*",760,-,-,-,-,-,-,-,5091(1),5091(1),10507(1),-,-,-
KAR Govt Quota-Open,1G,Karnataka,"Shimoga IMS, Shimoga",GENERAL SURGERY,"₹1,24,150*","₹56,250",3*,"₹50,00,000*",950,-,-,-,-,-,-,-,10534(1),10534(1),10534(1),-,-,-
KAR Priv Seats-Min.,MM,Karnataka,"Al-Ameen, Bijapur",RADIO DIAGNOSIS,"₹13,88,744*","₹9,000*",1*,"₹50,00,000*",1040,-,-,-,-,-,-,-,10535(1),10535(1),10535(1),-,-,-
KAR Priv Seats-GMP,GMP,Karnataka,"Nijalingappa, Bagalkot",GENERAL MEDICINE,"₹13,88,744*","₹10,000*",1*,"₹50,00,000*",1140,9308(1),9246(1),17454(1),-,-,-,-,10300(2),7728(2),10598(2),-,-,-
KAR Govt Quota-Open,GMH,Karnataka,"JJM Med Coll, Davangere",OBG,"₹7,83,858*","₹30,000*",1*,"₹50,00,000*",1930,-,-,-,-,-,-,-,6185(1),7583(1),10599(1),-,-,-
KAR Govt Quota-Open,2BG,Karnataka,"BGS IMS, Bangalore",GENERAL MEDICINE,"₹7,83,858*","₹25,000*",1*,"₹50,00,000*",766,-,-,-,-,-,-,-,10619(1),6897(1),10619(1),-,-,-
KAR Priv Seats-GMP,GMP,Karnataka,"Basaveswara, Chitradurga",GENERAL MEDICINE,"₹13,88,744*","₹5,000*",1*,"₹50,00,000*",500,-,-,-,-,-,-,-,10598(1),8301(1),10643(1),-,-,-
KAR Govt Quota-Open,GM,Karnataka,"SDS TB Research, Bangalore",TBRD,"₹1,24,150*","₹56,250",3*,"₹50,00,000*",470,2564(1),3013(1),3013(1),-,-,-,-,3020(2),3092(2),10739(2),-,-,-
KAR Govt Quota-Open,2AH,Karnataka,"VIMS, Bellary",PAEDIATRICS,"₹1,24,150*","₹56,250",3*,"₹50,00,000*",1295,5113(1),5113(1),11791(1),-,-,-,-,3747(1),3860(1),10751(2),-,-,-
KAR Priv Seats-Open,OPN,Karnataka,"SDM College, Dharwad",GENERAL MEDICINE,"₹28,75,650*","₹45,000*",1*,"₹50,00,000*",670,10459(1),12062(1),17757(1),-,-,-,-,6865(1),10786(1),10786(1),-,-,-
KAR Priv Seats-Open,OPN,Karnataka,"East Point College,Bangalore",DERMATOLOGY,"₹13,88,744*","₹20,000",1*,"₹50,00,000*",-,-,-,-,-,-,-,-,-,-,10801(1),-,-,-
KAR Priv Seats-Open,OPN,Karnataka,"MVJMC&RH, Bangalore",GENERAL MEDICINE,"₹13,88,744*","₹10,000*",1*,"₹50,00,000*",833,-,-,-,-,-,-,-,7075(1),7438(1),10822(1),-,-,-
KAR Priv Seats-GMP,GMP,Karnataka,"Father Mullers, Mangalore",PAEDIATRICS,"₹13,88,744*","₹35,000*",1*,"₹50,00,000*",1250,-,-,-,-,-,-,-,9310(1),9274(1),10854(1),-,-,-
KAR Govt Quota-Open,PGMH,Karnataka,"Gulbarga IMS, Gulbarga",PAEDIATRICS,"₹1,24,150*","₹56,250",3*,"₹50,00,000*",873,-,-,-,-,-,-,-,10869(1),-,-,-,-,-
KAR Govt Quota-Open,GM,Karnataka,"Nijalingappa, Bagalkot",PAEDIATRICS,"₹7,83,858*","₹10,000*",1*,"₹50,00,000*",1140,-,-,13032(1),-,-,-,-,7203(1),5569(1),10986(1),-,-,-
KAR Govt Quota-Open,3AG,Karnataka,"KIMS, Hubli",GENERAL SURGERY,"₹1,24,150*","₹56,250",3*,"₹50,00,000*",1200,-,-,-,-,-,-,-,5447(1),4851(1),11009(1),-,-,-
KAR Priv Seats-GMP,GMPH,Karnataka,"Kempegowda IMS, Bangalore",RADIO DIAGNOSIS,"₹13,88,744*","₹35,000*",1*,"₹50,00,000*",1100,-,-,-,-,-,-,-,11025(1),6531(1),9296(1),-,-,-
KAR Govt Quota-Open,GM,Karnataka,"Kanachur IMS, Mangalore",DERMATOLOGY,"₹7,83,858*",Info not available,1*,"₹50,00,000*",785,-,-,-,-,-,-,-,-,-,11042(1),-,-,-
KAR Govt Quota-Open,GM,Karnataka,"MS Ramaiah, Bangalore",PSYCHIATRY,"₹8,08,858*","₹45,000",1*,"₹50,00,000*",1331,-,-,-,-,-,-,-,4969(1),11116(1),11116(1),-,-,-
KAR Priv Seats-Open,OPN,Karnataka,"SSIMS & RC, Davangere",DERMATOLOGY,"₹13,88,744*","₹30,000",1*,"₹50,00,000*",1190,-,-,-,-,-,-,-,7858(1),5266(1),11144(1),-,-,-
KAR Govt Quota-Open,3AG,Karnataka,"Basaveswara, Chitradurga",DERMATOLOGY,"₹7,83,858*","₹5,000*",1*,"₹50,00,000*",500,-,-,-,-,-,-,-,6791(1),6264(1),11182(1),-,-,-
KAR Govt Quota-Open,GM,Karnataka,"Kasturba Med Coll, Mangalore",OBG,"₹7,83,858*","₹45,000*",1*,"₹50,00,000*",1290,-,-,-,-,-,-,-,4879(1),5970(1),11214(1),-,-,-
KAR Priv Seats-Open,OPN,Karnataka,"SDM College, Dharwad",DERMATOLOGY,"₹28,75,650*","₹45,000*",1*,"₹50,00,000*",670,-,-,-,-,-,-,-,11268(1),11268(1),11268(1),-,-,-
KAR Govt Quota-Open,GM,Karnataka,"MS Ramaiah, Bangalore",ORTHOPAEDICS,"₹8,08,858*","₹45,000",1*,"₹50,00,000*",1331,8576(2),7190(2),17251(2),14261(1),-,-,-,9160(2),9160(2),11285(3),-,-,-
KAR Govt Quota-Open,GMH,Karnataka,"Bangalore Med Coll, Bangalore",ORTHOPAEDICS,"₹1,24,150*","₹56,250",3*,"₹50,00,000*",1993,-,-,-,-,-,-,-,3755(1),5125(1),11336(1),-,-,-
KAR Govt Quota-Open,2AG,Karnataka,"MS Ramaiah, Bangalore",PAEDIATRICS,"₹8,08,858*","₹45,000",1*,"₹50,00,000*",1331,-,-,-,-,-,-,-,8841(1),7806(1),11347(1),-,-,-
KAR Govt Quota-Open,STG,Karnataka,"Bangalore Med Coll, Bangalore",GENERAL MEDICINE,"₹1,24,150*","₹56,250",3*,"₹50,00,000*",1993,-,-,-,-,-,-,-,11361(1),11361(1),-,-,-,-
KAR Govt Quota-Open,2AG,Karnataka,"Sapthagiri IMS&RC, Bangalore",GENERAL MEDICINE,"₹8,09,608*","₹10,000*",1*,"₹50,00,000*",500,8527(1),6715(1),14048(1),-,-,-,-,6445(1),9937(1),11448(2),-,-,-
KAR Govt Quota-Open,GM,Karnataka,"MS Ramaiah, Bangalore",OBG,"₹8,08,858*","₹45,000",1*,"₹50,00,000*",1331,5354(1),6453(1),11130(1),-,-,-,-,5754(2),6549(2),11453(2),-,-,-
KAR Govt Quota-Open,2AG,Karnataka,"Bangalore Med Coll, Bangalore",GENERAL SURGERY,"₹1,24,150*","₹56,250",3*,"₹50,00,000*",1993,6713(2),4824(2),12722(2),-,-,-,-,7806(2),5755(2),11481(2),-,-,-
KAR Govt Quota-Open,GM,Karnataka,"Mysore Med Coll, Mysore",OPHTHALMOLOGY,"₹1,24,150*","₹56,250",3*,"₹50,00,000*",1050,3798(1),3798(1),11456(1),-,26697(1),-,-,3092(1),4891(1),11489(1),-,-,-
KAR Priv Seats-GMP,GMP,Karnataka,"Father Mullers, Mangalore",OBG,"₹13,88,744*","₹35,000*",1*,"₹50,00,000*",1250,-,-,-,-,-,-,-,11526(1),11526(1),-,-,-,-
KAR Govt Quota-Open,SCG,Karnataka,"VIMS, Bellary",DERMATOLOGY,"₹1,24,150*","₹56,250",3*,"₹50,00,000*",1295,-,-,-,-,-,-,-,-,-,11559(1),-,-,-
KAR Priv Seats-GMP,GMP,Karnataka,"JJM Med Coll, Davangere",PAEDIATRICS,"₹13,88,744*","₹30,000*",1*,"₹50,00,000*",1930,7951(3),7708(3),12971(3),-,-,-,-,8693(2),8002(2),11574(2),-,-,-
KAR Govt Quota-Open,2AG,Karnataka,"SDM College, Dharwad",PAEDIATRICS,"₹7,83,858*","₹45,000*",1*,"₹50,00,000*",670,-,-,-,-,-,-,-,9937(1),6538(1),11581(1),-,-,-
KAR Govt Quota-Open,GM,Karnataka,"Kempegowda IMS, Bangalore",OBG,"₹7,83,858*","₹35,000*",1*,"₹50,00,000*",1100,6453(1),6633(1),10642(1),-,-,-,-,6272(1),6272(1),11591(1),-,-,-
KAR Govt Quota-Open,SCG,Karnataka,"Mysore Med Coll, Mysore",GENERAL MEDICINE,"₹1,24,150*","₹56,250",3*,"₹50,00,000*",1050,8028(1),8028(1),8028(1),-,-,-,-,4088(1),5627(1),11701(1),-,-,-
KAR Priv Seats-GMP,GMP,Karnataka,"JJM Med Coll, Davangere",DERMATOLOGY,"₹13,88,744*","₹30,000*",1*,"₹50,00,000*",1930,6416(1),6416(1),7175(1),-,-,-,-,5395(2),5395(2),11726(2),-,-,-
KAR Priv Seats-Open,OPN,Karnataka,"Kempegowda IMS, Bangalore",OBG,"₹13,88,744*","₹35,000*",1*,"₹50,00,000*",1100,-,-,-,-,-,-,-,11617(1),11591(1),11727(1),-,-,-
KAR Govt Quota-Open,2AG,Karnataka,"BGS IMS, Bangalore",PAEDIATRICS,"₹7,83,858*","₹25,000*",1*,"₹50,00,000*",766,-,-,-,-,-,-,-,-,-,11738(1),-,-,-
KAR Govt Quota-Open,GM,Karnataka,"VIMS, Bellary",ORTHOPAEDICS,"₹1,24,150*","₹56,250",3*,"₹50,00,000*",1295,5536(1),5185(1),9585(1),-,-,-,-,-,-,11774(1),-,-,-
KAR Govt Quota-Open,2BG,Karnataka,"KIMS, Hubli",OBG,"₹1,24,150*","₹56,250",3*,"₹50,00,000*",1200,-,-,-,-,-,-,-,2944(1),3809(1),11815(1),-,-,-
KAR Govt Quota-Open,GMH,Karnataka,"Father Mullers, Mangalore",PAEDIATRICS,"₹7,83,858*","₹35,000*",1*,"₹50,00,000*",1250,-,-,-,-,-,-,-,5750(1),4834(1),11816(1),-,-,-
KAR Govt Quota-Open,GM,Karnataka,"KIMS, Hubli",ORTHOPAEDICS,"₹1,24,150*","₹56,250",3*,"₹50,00,000*",1200,4644(1),4644(1),10107(1),-,-,-,-,4407(2),4894(2),11830(2),-,-,-
KAR Govt Quota-Open,3AH,Karnataka,"MRMC, Gulbarga",PAEDIATRICS,"₹7,83,858*","₹8,000*",1*,"₹50,00,000*",1038,-,-,-,-,-,-,-,11885(1),11885(1),11885(1),-,-,-
KAR Govt Quota-Open,GM,Karnataka,"Chamrajanagar IMS, Karnataka",GENERAL SURGERY,"₹1,24,150*","₹56,250",3*,"₹50,00,000*",750,7054(1),5540(1),13704(1),-,-,-,-,4989(1),4431(1),11900(1),-,-,-
KAR Priv Seats-Open,OPN,Karnataka,"KVG Med Coll, Sullia",GENERAL MEDICINE,"₹13,88,744*","₹7,500",1*,"₹50,00,000*",682,-,-,-,-,-,-,-,7438(1),8322(1),11905(1),-,-,-
KAR Govt Quota-Open,1G,Karnataka,"AJIMS, Mangalore",PAEDIATRICS,"₹7,83,858*","₹30,000",1*,"₹50,00,000*",910,-,-,-,-,-,-,-,9539(1),9539(1),11928(2),-,-,-
KAR Priv Seats-GMP,GMPH,Karnataka,"JJM Med Coll, Davangere",GENERAL MEDICINE,"₹13,88,744*","₹30,000*",1*,"₹50,00,000*",1930,9070(2),9070(2),10180(2),-,-,-,-,8793(2),9011(2),11946(2),-,-,-
KAR Govt Quota-Open,3BG,Karnataka,"Bangalore Med Coll, Bangalore",ORTHOPAEDICS,"₹1,24,150*","₹56,250",3*,"₹50,00,000*",1993,6345(1),4278(1),16169(1),-,-,-,-,5751(1),5751(1),11974(1),-,-,-
KAR Priv Seats-Open,OPN,Karnataka,"VIMS (Vydehi), Bangalore",PAEDIATRICS,"₹13,88,744*","₹29,000*",1*,"₹50,00,000*",1600,5871(1),5871(1),12334(1),18896(1),-,-,-,7224(1),8576(1),11984(1),-,-,-
KAR Govt Quota-Open,2AG,Karnataka,"Mandya IMS, Mandya",OBG,"₹1,24,150*","₹56,250",3*,"₹50,00,000*",Info Not Available,7334(1),6177(1),7334(1),-,-,-,-,4747(1),5313(1),12050(1),-,-,-
KAR Priv Seats-GMP,GMP,Karnataka,"AJIMS, Mangalore",DERMATOLOGY,"₹13,88,744*","₹30,000",1*,"₹50,00,000*",910,-,-,-,-,-,-,-,7270(1),6791(1),12072(1),-,-,-
KAR Govt Quota-Open,2AG,Karnataka,"KVG Med Coll, Sullia",GENERAL MEDICINE,"₹7,83,858*","₹7,500",1*,"₹50,00,000*",682,8548(1),8548(1),16696(1),-,-,-,-,9255(1),10501(1),12092(1),-,-,-
KAR Govt Quota-Open,3BG,Karnataka,"JJM Med Coll, Davangere",OBG,"₹7,83,858*","₹30,000*",1*,"₹50,00,000*",1930,9871(1),6439(1),10636(1),-,-,-,-,8529(1),8529(1),12118(1),-,-,-
KAR Govt Quota-Open,1G,Karnataka,"ESI, Bangalore",GENERAL SURGERY,"₹2,50,000*","₹1,11,780*",2*,"₹10,00,000*",530,9542(1),9542(1),9542(1),-,-,-,-,12141(1),12141(1),12141(1),-,-,-
KAR Priv Seats-Open,OPN,Karnataka,"Father Mullers, Mangalore",GENERAL SURGERY,"₹13,88,744*","₹35,000*",1*,"₹50,00,000*",1250,10760(1),10760(1),17651(1),-,-,-,-,12145(1),12145(1),12145(1),-,-,-
KAR Govt Quota-Open,STG,Karnataka,"Bangalore Med Coll, Bangalore",RADIO DIAGNOSIS,"₹1,24,150*","₹56,250",3*,"₹50,00,000*",1993,1029(1),1029(1),1029(1),-,-,-,-,12150(1),6881(1),-,-,-,-
KAR Govt Quota-Open,GM,Karnataka,"JJM Med Coll, Davangere",GENERAL SURGERY,"₹7,83,858*","₹30,000*",1*,"₹50,00,000*",1930,8190(2),8190(2),12992(2),-,-,-,-,7957(2),7957(2),12300(2),-,-,-
KAR Govt Quota-Open,GM,Karnataka,"AJIMS, Mangalore",OBG,"₹7,83,858*","₹30,000",1*,"₹50,00,000*",910,-,-,-,-,-,-,-,9052(1),7317(1),12370(1),-,-,-
KAR Priv Seats-GMP,GMP,Karnataka,"MRMC, Gulbarga",DERMATOLOGY,"₹13,88,744*","₹8,000*",1*,"₹50,00,000*",1038,-,-,-,-,-,-,-,9779(1),9779(1),12548(1),-,-,-
KAR Govt Quota-Open,GM,Karnataka,"Father Mullers, Mangalore",ORTHOPAEDICS,"₹7,83,858*","₹35,000*",1*,"₹50,00,000*",1250,4779(1),4226(1),16573(1),-,-,-,-,-,-,12566(1),-,-,-
KAR Priv Seats-Open,OPN,Karnataka,"SSIMS & RC, Davangere",PAEDIATRICS,"₹13,88,744*","₹30,000",1*,"₹50,00,000*",1190,9742(1),7951(1),14211(1),-,-,-,-,9856(1),9856(1),12569(1),-,-,-
KAR Govt Quota-Open,GM,Karnataka,"Bangalore Med Coll, Bangalore",OPHTHALMOLOGY,"₹1,24,150*","₹56,250",3*,"₹50,00,000*",1993,6074(3),4797(3),12406(4),-,-,-,-,5125(5),4688(5),12579(7),-,-,-
KAR Govt Quota-Open,GM,Karnataka,Kodagu Inst of Med Sciences,GENERAL SURGERY,"₹1,24,150*","₹56,250",3*,"₹50,00,000*",600,-,-,-,-,-,-,-,6510(1),4989(1),12624(1),-,-,-
KAR Govt Quota-Open,GMH,Karnataka,"VIMS, Bellary",GENERAL SURGERY,"₹1,24,150*","₹56,250",3*,"₹50,00,000*",1295,4727(1),4106(1),10252(1),-,-,-,-,4571(1),4830(1),12661(1),-,-,-
KAR Govt Quota-Open,2AG,Karnataka,"Mysore Med Coll, Mysore",ORTHOPAEDICS,"₹1,24,150*","₹56,250",3*,"₹50,00,000*",1050,-,-,-,-,-,-,-,5101(1),7802(1),12663(1),-,-,-
KAR Govt Quota-Open,GM,Karnataka,"ESIC Med Coll,Gulbarga",GENERAL SURGERY,"₹2,50,000*","₹1,11,780*",2*,"₹10,00,000*",480,6007(1),5911(1),10423(1),-,-,-,-,5180(1),4732(1),12665(1),-,-,-
KAR Govt Quota-Open,2AG,Karnataka,"KIMS, Hubli",OBG,"₹1,24,150*","₹56,250",3*,"₹50,00,000*",1200,6269(1),6010(1),6730(1),-,-,-,-,4708(1),5246(1),12683(1),-,-,-
KAR Govt Quota-Open,GM,Karnataka,"Shimoga IMS, Shimoga",ORTHOPAEDICS,"₹1,24,150*","₹56,250",3*,"₹50,00,000*",950,5733(1),5733(1),14635(1),-,-,-,-,5096(1),5096(1),12728(1),-,-,-
KAR Priv Seats-GMP,GMP,Karnataka,"SDM College, Dharwad",GENERAL MEDICINE,"₹28,75,650*","₹45,000*",1*,"₹50,00,000*",670,12062(1),13064(1),20253(1),-,-,-,-,12735(1),12735(1),12735(1),-,-,-
KAR Govt Quota-Open,GMH,Karnataka,"ESI, Bangalore",GENERAL SURGERY,"₹2,50,000*","₹1,11,780*",2*,"₹10,00,000*",530,-,-,-,-,-,-,-,6015(1),6015(1),12766(1),-,-,-
KAR Govt Quota-Open,GM,Karnataka,"Mandya IMS, Mandya",ORTHOPAEDICS,"₹1,24,150*","₹56,250",3*,"₹50,00,000*",Info Not Available,6678(2),6000(2),12795(2),-,-,-,-,5894(1),5894(1),12773(1),-,-,-
KAR Govt Quota-Open,2AG,Karnataka,"KIMS, Hubli",GENERAL SURGERY,"₹1,24,150*","₹56,250",3*,"₹50,00,000*",1200,7065(1),7595(1),14042(1),-,-,-,-,6931(1),6276(1),12808(1),-,-,-
KAR Govt Quota-Open,GM,Karnataka,"Belagavi IMS, Belagavi",ORTHOPAEDICS,"₹1,24,150*","₹56,250",3*,"₹50,00,000*",1000,7055(2),6158(2),14643(2),19829(1),-,-,-,7357(2),6675(2),12830(2),-,-,-
KAR Priv Seats-GMP,GMP,Karnataka,"SMC, Shimoga",GENERAL MEDICINE,"₹13,88,744*",Info not available,1*,"₹50,00,000*",1250,-,-,-,19177(1),-,-,-,12072(1),10819(1),12857(1),-,-,-
KAR Govt Quota-Open,GM,Karnataka,"Basaveswara, Chitradurga",PAEDIATRICS,"₹7,83,858*","₹5,000*",1*,"₹50,00,000*",500,-,-,-,-,-,-,-,8358(1),5825(1),12908(1),-,-,-
KAR Govt Quota-Open,GM,Karnataka,"MS Ramaiah, Bangalore",GENERAL SURGERY,"₹8,08,858*","₹45,000",1*,"₹50,00,000*",1331,6046(1),6046(1),11794(1),-,-,-,-,5647(1),5647(1),12918(1),-,-,-
KAR Govt Quota-Open,GM,Karnataka,"Hassan IMS, Hassan",ORTHOPAEDICS,"₹1,24,150*","₹56,250",3*,"₹50,00,000*",Info Not Available,-,-,12868(1),-,-,-,-,-,-,12981(1),-,-,-
KAR Priv Seats-Open,OPN,Karnataka,"East Point College,Bangalore",GENERAL MEDICINE,"₹13,88,744*","₹20,000",1*,"₹50,00,000*",-,-,-,-,-,-,-,-,9122(1),8186(1),12984(1),-,-,-
KAR Govt Quota-Open,GM,Karnataka,"KVG Med Coll, Sullia",PAEDIATRICS,"₹7,83,858*","₹7,500",1*,"₹50,00,000*",682,-,-,14655(1),-,-,-,-,8125(1),6269(1),13004(1),-,-,-
KAR Priv Seats-Open,OPN,Karnataka,"St John's, Bangalore",ORTHOPAEDICS,"₹12,80,025*","₹45,000",1*,"₹5,00,000*",1720,-,-,-,-,-,-,-,6580(1),6580(1),13012(1),-,-,-
KAR Govt Quota-Open,3AH,Karnataka,"KIMS, Hubli",GENERAL SURGERY,"₹1,24,150*","₹56,250",3*,"₹50,00,000*",1200,-,-,-,-,-,-,-,7043(1),5447(1),13023(1),-,-,-
KAR Govt Quota-Open,GM,Karnataka,Karwar Inst of Med Sciences,ORTHOPAEDICS,"₹1,24,150*","₹56,250",3*,"₹50,00,000*",650,6709(1),6709(1),14885(1),-,-,-,-,9212(1),8982(1),13028(1),-,-,-
KAR Govt Quota-Open,2AG,Karnataka,"Shimoga IMS, Shimoga",OBG,"₹1,24,150*","₹56,250",3*,"₹50,00,000*",950,-,-,-,-,-,-,-,5246(1),5311(1),13059(1),-,-,-
KAR Govt Quota-Open,2AG,Karnataka,"Navodaya Med Coll, Raichur",GENERAL MEDICINE,"₹7,83,858*","₹10,000*",1*,"₹50,00,000*",1110,6715(1),7665(1),17957(1),-,-,-,-,-,-,13070(1),-,-,-
KAR Govt Quota-Open,2BG,Karnataka,"KIMS, Hubli",GENERAL SURGERY,"₹1,24,150*","₹56,250",3*,"₹50,00,000*",1200,-,-,-,-,-,-,-,7723(1),5938(1),13072(1),-,-,-
KAR Govt Quota-Open,3BG,Karnataka,"SDM College, Dharwad",OBG,"₹7,83,858*","₹45,000*",1*,"₹50,00,000*",670,-,-,-,-,-,-,-,8652(1),8652(1),13126(1),-,-,-
KAR Priv Seats-GMP,GMP,Karnataka,"Akash IMS,Devanhalli,Bangalore",GENERAL MEDICINE,"₹13,88,744*","₹20,000",1*,"₹50,00,000*",760,9386(1),9308(1),18257(1),-,-,-,-,8378(1),8378(1),13172(1),-,-,-
KAR Govt Quota-Open,GM,Karnataka,"Chamrajanagar IMS, Karnataka",ORTHOPAEDICS,"₹1,24,150*","₹56,250",3*,"₹50,00,000*",750,-,-,-,-,-,-,-,9014(1),8428(1),13179(1),-,-,-
KAR Priv Seats-Open,OPN,Karnataka,"Navodaya Med Coll, Raichur",DERMATOLOGY,"₹13,88,744*","₹10,000*",1*,"₹50,00,000*",1110,-,-,-,-,-,-,-,5613(1),5613(1),13183(1),-,-,-
KAR Priv Seats-GMP,GMP,Karnataka,"East Point College,Bangalore",GENERAL MEDICINE,"₹13,88,744*","₹20,000",1*,"₹50,00,000*",-,-,-,-,-,-,-,-,12310(1),10308(1),13250(1),-,-,-
KAR Govt Quota-Open,3AG,Karnataka,"Kempegowda IMS, Bangalore",OBG,"₹7,83,858*","₹35,000*",1*,"₹50,00,000*",1100,-,-,-,-,-,-,-,8136(1),7651(1),13264(1),-,-,-
KAR Govt Quota-Open,2AG,Karnataka,"Gadag IMS, Gadag",OBG,"₹1,24,150*","₹56,250",3*,"₹50,00,000*",Info Not Available,-,-,-,-,-,-,-,4398(1),4398(1),13312(1),-,-,-
KAR Priv Seats-Open,OPN,Karnataka,"JJM Med Coll, Davangere",OBG,"₹13,88,744*","₹30,000*",1*,"₹50,00,000*",1930,8241(3),8241(3),11579(3),-,-,-,-,10299(5),9374(5),13433(4),-,-,-
KAR Govt Quota-Open,2AG,Karnataka,"Hassan IMS, Hassan",GENERAL SURGERY,"₹1,24,150*","₹56,250",3*,"₹50,00,000*",Info Not Available,7736(1),7736(1),15963(1),-,-,-,-,-,-,13446(1),-,-,-
KAR Govt Quota-Open,3BG,Karnataka,"Belagavi IMS, Belagavi",GENERAL SURGERY,"₹1,24,150*","₹56,250",3*,"₹50,00,000*",1000,-,-,-,-,-,-,-,5941(1),5941(1),13465(1),-,-,-
KAR Govt Quota-Open,GM,Karnataka,"KIMS, Hubli",TBRD,"₹1,24,150*","₹56,250",3*,"₹50,00,000*",1200,-,-,-,-,-,-,-,4133(1),3560(1),13475(1),-,-,-
KAR Govt Quota-Open,2AG,Karnataka,"Gadag IMS, Gadag",GENERAL SURGERY,"₹1,24,150*","₹56,250",3*,"₹50,00,000*",Info Not Available,-,-,-,-,-,-,-,7970(1),7213(1),13514(1),-,-,-
KAR Priv Seats-Min.,MU,Karnataka,"AJIMS, Mangalore",RADIO DIAGNOSIS,"₹13,88,744*","₹30,000",1*,"₹50,00,000*",910,6003(1),6003(1),6003(1),-,-,-,-,13559(3),9538(3),13559(3),-,-,-
KAR Govt Quota-Open,GMH,Karnataka,"Gulbarga IMS, Gulbarga",GENERAL SURGERY,"₹1,24,150*","₹56,250",3*,"₹50,00,000*",873,8913(1),5995(1),14776(1),-,-,-,-,7583(1),7043(1),13562(1),-,-,-
KAR Govt Quota-Open,GM,Karnataka,"Koppal Inst of MS, Koppal",GENERAL SURGERY,"₹1,24,150*","₹56,250",3*,"₹50,00,000*",Info Not Available,-,-,-,-,-,-,-,-,-,13587(1),-,-,-
KAR Govt Quota-Open,2AH,Karnataka,"ESIC Med Coll,Gulbarga",GENERAL SURGERY,"₹2,50,000*","₹1,11,780*",2*,"₹10,00,000*",480,-,-,-,-,-,-,-,9702(1),10434(1),13589(1),-,-,-
KAR Priv Seats-GMP,GMPH,Karnataka,"JJM Med Coll, Davangere",PAEDIATRICS,"₹13,88,744*","₹30,000*",1*,"₹50,00,000*",1930,11168(1),9733(1),13163(1),-,-,-,-,9385(1),9296(1),13662(1),-,-,-
KAR Priv Seats-GMP,GMPH,Karnataka,"VIMS (Vydehi), Bangalore",RADIO DIAGNOSIS,"₹13,88,744*","₹29,000*",1*,"₹50,00,000*",1600,-,-,-,-,-,-,-,13662(2),10640(2),12978(2),-,-,-
KAR Govt Quota-Open,2AG,Karnataka,"KIMS, Hubli",ORTHOPAEDICS,"₹1,24,150*","₹56,250",3*,"₹50,00,000*",1200,6828(1),10107(1),15475(1),-,-,-,-,8007(1),8007(1),13663(1),-,-,-
KAR Priv Seats-Open,OPN,Karnataka,"AJIMS, Mangalore",PAEDIATRICS,"₹13,88,744*","₹30,000",1*,"₹50,00,000*",910,-,-,-,-,-,-,-,10037(1),9844(1),13741(1),-,-,-
KAR Govt Quota-Open,GMH,Karnataka,"VIMS, Bellary",ORTHOPAEDICS,"₹1,24,150*","₹56,250",3*,"₹50,00,000*",1295,9585(2),9388(2),15466(2),-,-,-,-,8251(1),8053(1),13745(1),-,-,-
KAR Priv Seats-GMP,GMP,Karnataka,"Basaveswara, Chitradurga",DERMATOLOGY,"₹13,88,744*","₹5,000*",1*,"₹50,00,000*",500,-,-,-,-,-,-,-,10505(1),10505(1),13757(1),-,-,-
KAR Govt Quota-Open,GMH,Karnataka,"Raichur IMS, Raichur",GENERAL SURGERY,"₹1,24,150*","₹56,250",3*,"₹50,00,000*",500,-,-,-,-,-,-,-,8257(1),6931(1),13779(1),-,-,-
KAR Govt Quota-Open,GM,Karnataka,"MVJMC&RH, Bangalore",PAEDIATRICS,"₹7,83,858*","₹10,000*",1*,"₹50,00,000*",833,9330(1),6695(1),13399(1),-,-,-,-,7674(2),7191(2),13835(2),-,-,-
KAR Govt Quota-Open,3BG,Karnataka,"DR BR Ambedkar, Bangalore",PAEDIATRICS,"₹7,83,858*","₹10,000*",1*,"₹50,00,000*",570,-,-,-,-,-,-,-,9581(1),6543(1),13855(1),-,-,-
KAR Govt Quota-Open,2AG,Karnataka,"Belagavi IMS, Belagavi",ORTHOPAEDICS,"₹1,24,150*","₹56,250",3*,"₹50,00,000*",1000,9230(1),12879(1),15550(1),-,-,-,-,9488(1),8895(1),13856(1),-,-,-
KAR Govt Quota-Open,GM,Karnataka,"Koppal Inst of MS, Koppal",ORTHOPAEDICS,"₹1,24,150*","₹56,250",3*,"₹50,00,000*",Info Not Available,-,-,-,-,-,-,-,9152(1),7722(1),13866(1),-,-,-
KAR Govt Quota-Open,1G,Karnataka,"ESI, Bangalore",OBG,"₹2,50,000*","₹1,11,780*",2*,"₹10,00,000*",530,-,-,-,-,-,-,-,13642(1),5194(1),13868(1),-,-,-
KAR Govt Quota-Open,1G,Karnataka,"MS Ramaiah, Bangalore",OBG,"₹8,08,858*","₹45,000",1*,"₹50,00,000*",1331,-,-,-,-,-,-,-,13868(1),13642(1),13642(1),-,-,-
KAR Govt Quota-Open,GM,Karnataka,"Gadag IMS, Gadag",ORTHOPAEDICS,"₹1,24,150*","₹56,250",3*,"₹50,00,000*",Info Not Available,7377(1),7377(1),16557(1),-,-,-,-,7722(1),7202(1),13874(1),-,-,-
KAR Priv Seats-GMP,GMP,Karnataka,"SSIMS & RC, Davangere",PAEDIATRICS,"₹13,88,744*","₹30,000",1*,"₹50,00,000*",1190,-,-,-,-,-,-,-,10822(1),10756(1),13905(1),-,-,-
KAR Govt Quota-Open,GM,Karnataka,"SDM College, Dharwad",GENERAL SURGERY,"₹7,83,858*","₹45,000*",1*,"₹50,00,000*",670,9169(1),10381(1),10381(1),-,-,-,-,12094(2),10376(2),13906(2),-,-,-
KAR Govt Quota-Open,1G,Karnataka,"VIMS, Bellary",OBG,"₹1,24,150*","₹56,250",3*,"₹50,00,000*",1295,-,-,-,-,-,-,-,3218(1),3218(1),13925(1),-,-,-
KAR Govt Quota-Open,GM,Karnataka,"VIMS (Vydehi), Bangalore",GENERAL SURGERY,"₹7,83,858*","₹29,000*",1*,"₹50,00,000*",1600,11555(1),9967(1),18105(1),-,-,-,-,12129(1),12072(1),13951(1),-,-,-
KAR Priv Seats-Open,OPN,Karnataka,"Basaveswara, Chitradurga",PAEDIATRICS,"₹13,88,744*","₹5,000*",1*,"₹50,00,000*",500,-,-,-,-,-,-,-,9869(1),9330(1),13972(1),-,-,-
KAR Govt Quota-Open,2AG,Karnataka,"Akash IMS,Devanhalli,Bangalore",GENERAL MEDICINE,"₹7,83,858*","₹20,000",1*,"₹50,00,000*",760,-,-,-,-,-,-,-,8469(1),10586(1),14013(1),-,-,-
KAR Govt Quota-Open,GM,Karnataka,"Bangalore Med Coll, Bangalore",ANAESTHESIOLOGY,"₹1,24,150*","₹56,250",3*,"₹50,00,000*",1993,8807(5),8449(5),14961(5),-,-,-,-,4605(5),3325(5),14015(6),-,-,-
KAR Priv Seats-GMP,GMP,Karnataka,"BGS IMS, Bangalore",PAEDIATRICS,"₹13,88,744*","₹25,000*",1*,"₹50,00,000*",766,11103(1),9385(1),14480(1),-,-,-,-,10308(1),10643(1),14049(1),-,-,-
KAR Priv Seats-Open,OPN,Karnataka,"DR BR Ambedkar, Bangalore",PAEDIATRICS,"₹13,88,744*","₹10,000*",1*,"₹50,00,000*",570,-,-,-,-,-,-,-,9724(1),9724(1),14094(1),-,-,-
KAR Govt Quota-Open,GMH,Karnataka,"MVJMC&RH, Bangalore",GENERAL MEDICINE,"₹7,83,858*","₹10,000*",1*,"₹50,00,000*",833,-,-,-,-,-,-,-,6868(1),6868(1),14115(1),-,-,-
KAR Govt Quota-Open,GM,Karnataka,"Hassan IMS, Hassan",OPHTHALMOLOGY,"₹1,24,150*","₹56,250",3*,"₹50,00,000*",Info Not Available,8863(1),8863(1),18412(1),-,-,-,-,7535(1),7359(1),14144(1),-,-,-
KAR Govt Quota-Open,GMH,Karnataka,"Mandya IMS, Mandya",ORTHOPAEDICS,"₹1,24,150*","₹56,250",3*,"₹50,00,000*",Info Not Available,-,-,-,-,-,-,-,8578(1),8356(1),14147(1),-,-,-
KAR Govt Quota-Open,2AG,Karnataka,Kodagu Inst of Med Sciences,GENERAL SURGERY,"₹1,24,150*","₹56,250",3*,"₹50,00,000*",600,-,-,-,-,-,-,-,9297(1),7970(1),14229(1),-,-,-
KAR Priv Seats-GMP,GMP,Karnataka,"Father Mullers, Mangalore",PSYCHIATRY,"₹13,88,744*","₹35,000*",1*,"₹50,00,000*",1250,-,-,-,-,-,-,-,14295(1),14295(1),14295(1),-,-,-
KAR Govt Quota-Open,GM,Karnataka,"JSS Med Coll, Mysore",TBRD,"₹7,83,858*","₹45,000*",1*,"₹50,00,000*",2060,-,-,-,-,-,-,-,9260(1),4369(1),14298(1),-,-,-
KAR Govt Quota-Open,2AG,Karnataka,"Oxford Med Coll, Bangalore",GENERAL MEDICINE,"₹7,83,858*","₹30,000*",1*,"₹50,00,000*",770,-,-,-,-,-,-,-,10501(1),9702(1),14299(1),-,-,-
KAR Priv Seats-GMP,GMP,Karnataka,"Navodaya Med Coll, Raichur",GENERAL MEDICINE,"₹13,88,744*","₹10,000*",1*,"₹50,00,000*",1110,-,-,-,-,-,-,-,10786(1),8469(1),14301(1),-,-,-
KAR Govt Quota-Open,GM,Karnataka,"SSIMS & RC, Davangere",GENERAL SURGERY,"₹7,83,858*","₹30,000",1*,"₹50,00,000*",1190,11097(1),10538(1),19713(2),13640(1),-,-,-,13126(1),11620(1),14306(1),-,-,-
KAR Govt Quota-Open,2AG,Karnataka,"ESIC Med Coll,Gulbarga",ORTHOPAEDICS,"₹2,50,000*","₹1,11,780*",2*,"₹10,00,000*",480,-,-,-,-,-,-,-,10434(1),10638(1),14330(1),-,-,-
KAR Govt Quota-Open,GM,Karnataka,"Bangalore Med Coll, Bangalore",GERIATRICS,"₹1,24,150*","₹56,250",3*,"₹50,00,000*",1993,-,-,-,-,-,-,-,11398(1),8077(1),14340(1),-,-,-
KAR Govt Quota-Open,2AG,Karnataka,"Akash IMS,Devanhalli,Bangalore",DERMATOLOGY,"₹7,83,858*","₹20,000",1*,"₹50,00,000*",760,-,-,-,-,-,-,-,7802(1),7706(1),14404(1),-,-,-
KAR Priv Seats-GMP,GMP,Karnataka,"KVG Med Coll, Sullia",GENERAL MEDICINE,"₹13,88,744*","₹7,500",1*,"₹50,00,000*",682,10986(2),10795(2),18231(2),-,-,-,-,11905(2),10353(2),14414(2),-,-,-
KAR Govt Quota-Open,2AG,Karnataka,"Bidar IMS, Bidar",OBG,"₹1,24,150*","₹56,250",3*,"₹50,00,000*",500,-,-,-,-,-,-,-,-,-,14498(1),-,-,-
KAR Govt Quota-Open,1G,Karnataka,"Nijalingappa, Bagalkot",PAEDIATRICS,"₹7,83,858*","₹10,000*",1*,"₹50,00,000*",1140,-,-,-,-,-,-,-,11928(1),11928(1),14547(1),-,-,-
KAR Priv Seats-Open,OPN,Karnataka,"MRMC, Gulbarga",PAEDIATRICS,"₹13,88,744*","₹8,000*",1*,"₹50,00,000*",1038,-,-,-,-,-,-,-,11167(1),10986(1),14558(1),-,-,-
KAR Govt Quota-Open,GM,Karnataka,"SDM College, Dharwad",TBRD,"₹7,83,858*","₹45,000*",1*,"₹50,00,000*",670,-,-,16560(1),-,-,-,-,9584(1),6865(1),14597(1),-,-,-
KAR Govt Quota-Open,2AH,Karnataka,"Gadag IMS, Gadag",OBG,"₹1,24,150*","₹56,250",3*,"₹50,00,000*",Info Not Available,-,-,-,-,-,-,-,7036(1),7379(1),14636(1),-,-,-
KAR Govt Quota-Open,GM,Karnataka,"Yenepoya Med Coll, Mangalore",GENERAL SURGERY,"₹8,23,858*","₹45,000*",1*,"₹50,00,000*",910,-,-,-,-,-,-,-,10376(1),12129(1),14643(1),-,-,-
KAR Govt Quota-Open,3AG,Karnataka,"SDS TB Research, Bangalore",TBRD,"₹1,24,150*","₹56,250",3*,"₹50,00,000*",470,-,-,-,-,-,-,-,-,-,14704(1),-,-,-
KAR Govt Quota-Open,GM,Karnataka,"Belagavi IMS, Belagavi",TBRD,"₹1,24,150*","₹56,250",3*,"₹50,00,000*",1000,-,-,-,-,-,-,-,-,-,14710(1),-,-,-
KAR Govt Quota-Open,GMH,Karnataka,"SDS TB Research, Bangalore",TBRD,"₹1,24,150*","₹56,250",3*,"₹50,00,000*",470,-,-,-,-,-,-,-,5414(1),4070(1),14767(1),-,-,-
KAR Govt Quota-Open,2AG,Karnataka,"Kanachur IMS, Mangalore",GENERAL MEDICINE,"₹7,83,858*",Info not available,1*,"₹50,00,000*",785,9246(1),9230(1),16690(1),-,-,-,-,-,-,14781(1),-,-,-
KAR Priv Seats-GMP,GMP,Karnataka,"Al-Ameen, Bijapur",GENERAL MEDICINE,"₹13,88,744*","₹9,000*",1*,"₹50,00,000*",1040,13325(2),11271(2),19089(2),-,-,-,-,12236(1),10598(1),14789(1),-,-,-
KAR Govt Quota-Open,2AG,Karnataka,"ESIC Med Coll,Gulbarga",OBG,"₹2,50,000*","₹1,11,780*",2*,"₹10,00,000*",480,-,-,-,-,-,-,-,5311(1),5483(1),14839(1),-,-,-
KAR Govt Quota-Open,1G,Karnataka,"MRMC, Gulbarga",GENERAL MEDICINE,"₹7,83,858*","₹8,000*",1*,"₹50,00,000*",1038,-,-,-,-,-,-,-,10507(1),8527(1),14846(1),-,-,-
KAR Govt Quota-Open,2AH,Karnataka,"Raichur IMS, Raichur",GENERAL SURGERY,"₹1,24,150*","₹56,250",3*,"₹50,00,000*",500,-,-,-,-,-,-,-,8465(1),10229(1),14915(1),-,-,-
KAR Priv Seats-GMP,GMPH,Karnataka,"SSIMS & RC, Davangere",GENERAL MEDICINE,"₹13,88,744*","₹30,000",1*,"₹50,00,000*",1190,-,-,-,-,-,-,-,11950(1),11946(1),14970(1),-,-,-
KAR Govt Quota-Open,3BG,Karnataka,"Bangalore Med Coll, Bangalore",ANAESTHESIOLOGY,"₹1,24,150*","₹56,250",3*,"₹50,00,000*",1993,-,-,-,-,-,-,-,-,-,15026(1),-,-,-
KAR Govt Quota-Open,GM,Karnataka,"KIMS, Hubli",OPHTHALMOLOGY,"₹1,24,150*","₹56,250",3*,"₹50,00,000*",1200,9391(1),6074(1),17592(1),-,-,-,-,5826(1),5312(1),15038(2),-,-,-
KAR Govt Quota-Open,GM,Karnataka,"Al-Ameen, Bijapur",PAEDIATRICS,"₹7,83,858*","₹9,000*",1*,"₹50,00,000*",1040,7118(1),7118(1),16287(1),-,-,-,-,9554(1),7674(1),15047(1),-,-,-
KAR Govt Quota-Open,GM,Karnataka,"Mysore Med Coll, Mysore",ANAESTHESIOLOGY,"₹1,24,150*","₹56,250",3*,"₹50,00,000*",1050,8985(3),8882(3),20370(4),-,-,-,-,4768(2),3831(2),15093(3),-,-,-
KAR Govt Quota-Open,2AG,Karnataka,"Koppal Inst of MS, Koppal",GENERAL SURGERY,"₹1,24,150*","₹56,250",3*,"₹50,00,000*",Info Not Available,-,-,-,-,-,-,-,9586(1),9006(1),15194(1),-,-,-
KAR Govt Quota-Open,GM,Karnataka,"AJIMS, Mangalore",TBRD,"₹7,83,858*","₹30,000",1*,"₹50,00,000*",910,-,-,-,-,-,-,-,12626(1),9584(1),15240(1),-,-,-
KAR Govt Quota-Open,GM,Karnataka,"Mandya IMS, Mandya",OPHTHALMOLOGY,"₹1,24,150*","₹56,250",3*,"₹50,00,000*",Info Not Available,8455(1),8455(1),20906(1),-,-,-,-,6889(1),6889(1),15284(1),-,-,-
KAR Govt Quota-Open,SCG,Karnataka,"Shimoga IMS, Shimoga",DERMATOLOGY,"₹1,24,150*","₹56,250",3*,"₹50,00,000*",950,-,-,-,-,-,-,-,3602(1),3602(1),15297(1),-,-,-
KAR Govt Quota-Open,GM,Karnataka,"ESI, Bangalore",EMERGENCY MEDICINE,"₹2,50,000*","₹1,11,780*",2*,"₹10,00,000*",530,-,-,-,-,-,-,-,-,-,15309(1),-,-,-
KAR Priv Seats-Open,OPN,Karnataka,"Nijalingappa, Bagalkot",PAEDIATRICS,"₹13,88,744*","₹10,000*",1*,"₹50,00,000*",1140,-,-,-,-,-,-,-,10756(1),10854(1),15314(1),-,-,-
KAR Priv Seats-GMP,GMP,Karnataka,"JJM Med Coll, Davangere",OBG,"₹13,88,744*","₹30,000*",1*,"₹50,00,000*",1930,9178(4),9178(4),14039(4),-,-,-,-,11727(4),10326(4),15363(4),-,-,-
KAR Govt Quota-Open,GMH,Karnataka,"Bidar IMS, Bidar",GENERAL SURGERY,"₹1,24,150*","₹56,250",3*,"₹50,00,000*",500,-,-,-,-,-,-,-,8555(1),7709(1),15389(1),-,-,-
KAR Govt Quota-Open,2BG,Karnataka,"KIMS, Hubli",ORTHOPAEDICS,"₹1,24,150*","₹56,250",3*,"₹50,00,000*",1200,-,-,-,-,-,-,-,8711(1),10619(1),15416(1),-,-,-
KAR Govt Quota-Open,GM,Karnataka,"MS Ramaiah, Bangalore",EMERGENCY MEDICINE,"₹8,08,858*","₹45,000",1*,"₹50,00,000*",1331,-,-,-,-,-,-,-,12613(1),10824(1),15453(1),-,-,-
KAR Priv Seats-GMP,GMPH,Karnataka,"BGS IMS, Bangalore",GENERAL MEDICINE,"₹13,88,744*","₹25,000*",1*,"₹50,00,000*",766,-,-,-,-,-,-,-,15458(1),11950(1),11950(1),-,-,-
KAR Govt Quota-Open,GM,Karnataka,"AIMS, Adichunchanagiri, Bellur",TBRD,"₹7,83,858*","₹23,750",1*,"₹50,00,000*",1120,-,-,-,-,-,-,-,-,-,15460(1),-,-,-
KAR Priv Seats-GMP,GMPH,Karnataka,"MRMC, Gulbarga",RADIO DIAGNOSIS,"₹13,88,744*","₹8,000*",1*,"₹50,00,000*",1038,10585(3),11168(3),11168(3),-,-,-,-,15496(3),12497(3),12497(2),-,-,-
KAR Govt Quota-Open,GM,Karnataka,"ESI, Bangalore",ANAESTHESIOLOGY,"₹2,50,000*","₹1,11,780*",2*,"₹10,00,000*",530,9682(1),8698(1),14250(1),-,-,-,-,6025(1),5275(1),15546(2),-,-,-
KAR Priv Seats-GMP,GMPH,Karnataka,"DR BR Ambedkar, Bangalore",RADIO DIAGNOSIS,"₹13,88,744*","₹10,000*",1*,"₹50,00,000*",570,-,-,-,-,-,-,-,15560(1),9575(1),15496(1),-,-,-
KAR Govt Quota-Open,1H,Karnataka,"Al-Ameen, Bijapur",GENERAL MEDICINE,"₹7,83,858*","₹9,000*",1*,"₹50,00,000*",1040,-,-,-,-,-,-,-,-,-,15560(1),-,-,-
KAR Priv Seats-GMP,GMPH,Karnataka,"JJM Med Coll, Davangere",OBG,"₹13,88,744*","₹30,000*",1*,"₹50,00,000*",1930,11095(1),10348(1),15557(1),-,-,-,-,15572(1),10400(1),15572(1),-,-,-
KAR Govt Quota-Open,GM,Karnataka,"East Point College,Bangalore",PAEDIATRICS,"₹7,83,858*","₹20,000",1*,"₹50,00,000*",-,-,-,-,-,-,-,-,-,-,15621(1),-,-,-
KAR Govt Quota-Open,2BG,Karnataka,"SMC, Shimoga",GENERAL MEDICINE,"₹7,83,858*",Info not available,1*,"₹50,00,000*",1250,-,-,-,-,-,-,-,-,-,15662(1),-,-,-
KAR Govt Quota-Open,SCG,Karnataka,"SGITO (Sanjay Gan), Bangalore",ORTHOPAEDICS,"₹1,24,150*","₹56,250",3*,"₹50,00,000*",Info Not Available,13349(1),13349(1),20695(1),77490(1),-,-,-,15671(1),15671(1),-,-,-,-
KAR Govt Quota-Open,GMH,Karnataka,"Navodaya Med Coll, Raichur",PAEDIATRICS,"₹7,83,858*","₹10,000*",1*,"₹50,00,000*",1110,-,-,-,-,-,-,-,9493(1),9786(1),15698(1),-,-,-
KAR Priv Seats-GMP,GMPH,Karnataka,"MRMC, Gulbarga",GENERAL MEDICINE,"₹13,88,744*","₹8,000*",1*,"₹50,00,000*",1038,14920(3),14062(3),15345(3),-,-,-,-,14970(4),13209(4),15708(4),-,-,-
KAR Govt Quota-Open,GM,Karnataka,"Oxford Med Coll, Bangalore",PAEDIATRICS,"₹7,83,858*","₹30,000*",1*,"₹50,00,000*",770,-,-,-,-,-,-,-,-,-,15754(1),-,-,-
KAR Govt Quota-Open,GM,Karnataka,"DR BR Ambedkar, Bangalore",OBG,"₹7,83,858*","₹10,000*",1*,"₹50,00,000*",570,10182(1),8939(1),13368(1),-,-,-,-,8983(1),7930(1),15800(1),-,-,-
KAR Priv Seats-GMP,GMP,Karnataka,"Nijalingappa, Bagalkot",PAEDIATRICS,"₹13,88,744*","₹10,000*",1*,"₹50,00,000*",1140,12071(1),10306(1),17038(1),-,-,-,-,11347(1),11726(1),15833(1),-,-,-
KAR Govt Quota-Open,3BG,Karnataka,"Mysore Med Coll, Mysore",TBRD,"₹1,24,150*","₹56,250",3*,"₹50,00,000*",1050,-,-,-,-,-,-,-,2091(1),2091(1),15894(1),-,-,-
KAR Govt Quota-Open,2AG,Karnataka,"JJM Med Coll, Davangere",OBG,"₹7,83,858*","₹30,000*",1*,"₹50,00,000*",1930,9813(1),9813(1),12536(1),-,-,-,-,5774(1),8648(1),15936(1),-,-,-
KAR Govt Quota-Open,2AG,Karnataka,"Kempegowda IMS, Bangalore",PAEDIATRICS,"₹7,83,858*","₹35,000*",1*,"₹50,00,000*",1100,-,-,-,-,-,-,-,9495(1),8841(1),15940(1),-,-,-
KAR Govt Quota-Open,2AH,Karnataka,"ESIC Med Coll,Gulbarga",OBG,"₹2,50,000*","₹1,11,780*",2*,"₹10,00,000*",480,-,-,-,-,-,-,-,7379(1),8370(1),16010(1),-,-,-
KAR Govt Quota-Open,GM,Karnataka,"Nijalingappa, Bagalkot",OBG,"₹7,83,858*","₹10,000*",1*,"₹50,00,000*",1140,-,-,-,-,-,-,-,-,-,16026(1),-,-,-
KAR Govt Quota-Open,2BG,Karnataka,"Kempegowda IMS, Bangalore",GENERAL SURGERY,"₹7,83,858*","₹35,000*",1*,"₹50,00,000*",1100,-,-,-,-,-,-,-,16096(1),16096(1),-,-,-,-
KAR Priv Seats-GMP,GMP,Karnataka,"Kempegowda IMS, Bangalore",OBG,"₹13,88,744*","₹35,000*",1*,"₹50,00,000*",1100,-,-,-,-,-,-,-,12857(1),11727(1),16114(1),-,-,-
KAR Priv Seats-Open,OPN,Karnataka,"JJM Med Coll, Davangere",GENERAL SURGERY,"₹13,88,744*","₹30,000*",1*,"₹50,00,000*",1930,11117(2),11079(2),20053(2),-,-,-,-,10436(1),10436(1),16130(1),-,-,-
KAR Govt Quota-Open,GM,Karnataka,"Akash IMS,Devanhalli,Bangalore",OBG,"₹7,83,858*","₹20,000",1*,"₹50,00,000*",760,-,-,-,-,-,-,-,-,-,16132(1),-,-,-
KAR Govt Quota-Open,GM,Karnataka,"AIMS, Adichunchanagiri, Bellur",OBG,"₹7,83,858*","₹23,750",1*,"₹50,00,000*",1120,8939(2),8660(2),12871(2),-,-,-,-,7317(1),8136(1),16243(2),-,-,-
KAR Priv Seats-Open,OPN,Karnataka,"East Point College,Bangalore",PAEDIATRICS,"₹13,88,744*","₹20,000",1*,"₹50,00,000*",-,-,-,-,-,-,-,-,10044(1),11167(1),16254(1),-,-,-
KAR Priv Seats-Open,OPN,Karnataka,"Father Mullers, Mangalore",ORTHOPAEDICS,"₹13,88,744*","₹35,000*",1*,"₹50,00,000*",1250,11291(1),11291(1),15459(1),-,-,-,-,12830(1),12981(1),16298(1),-,-,-
KAR Priv Seats-GMP,GMP,Karnataka,"DR BR Ambedkar, Bangalore",PAEDIATRICS,"₹13,88,744*","₹10,000*",1*,"₹50,00,000*",570,12615(1),11103(1),15812(1),-,-,-,-,13070(1),12310(1),16320(1),-,-,-
KAR Priv Seats-Open,OPN,Karnataka,"MRMC, Gulbarga",OBG,"₹13,88,744*","₹8,000*",1*,"₹50,00,000*",1038,-,-,-,-,-,-,-,13433(1),12548(1),16324(1),-,-,-
KAR Priv Seats-GMP,GMPH,Karnataka,"Kempegowda IMS, Bangalore",PAEDIATRICS,"₹13,88,744*","₹35,000*",1*,"₹50,00,000*",1100,-,-,-,-,-,-,-,16324(1),11816(1),14745(1),-,-,-
KAR Govt Quota-Open,GM,Karnataka,"SDM College, Dharwad",ORTHOPAEDICS,"₹7,83,858*","₹45,000*",1*,"₹50,00,000*",670,10646(1),10590(1),22067(1),-,-,-,-,12484(1),10745(1),16366(2),-,-,-
KAR Govt Quota-Open,GM,Karnataka,"Srinivasa IMS, Srinivasanagar",OBG,"₹8,08,858*","₹29,000*",1*,"₹50,00,000*",660,-,-,-,-,-,-,-,11591(1),9168(1),16374(1),-,-,-
KAR Govt Quota-Open,3BG,Karnataka,"Bangalore Med Coll, Bangalore",OPHTHALMOLOGY,"₹1,24,150*","₹56,250",3*,"₹50,00,000*",1993,-,-,-,-,-,-,-,7579(1),7579(1),16376(1),-,-,-
KAR Govt Quota-Open,3BG,Karnataka,"Mysore Med Coll, Mysore",OPHTHALMOLOGY,"₹1,24,150*","₹56,250",3*,"₹50,00,000*",1050,-,-,-,-,-,-,-,7709(1),8006(1),16384(1),-,-,-
KAR Govt Quota-Open,2AG,Karnataka,"MS Ramaiah, Bangalore",GENERAL SURGERY,"₹8,08,858*","₹45,000",1*,"₹50,00,000*",1331,12468(1),12468(1),18893(1),-,-,-,-,13589(1),16428(1),16428(1),-,-,-
KAR Govt Quota-Open,SCG,Karnataka,"JJM Med Coll, Davangere",RADIO DIAGNOSIS,"₹7,83,858*","₹30,000*",1*,"₹50,00,000*",1930,10282(1),10282(1),12504(1),-,-,-,-,10056(1),10056(1),16443(1),-,-,-
KAR Priv Seats-GMP,GMPH,Karnataka,"MVJMC&RH, Bangalore",GENERAL MEDICINE,"₹13,88,744*","₹10,000*",1*,"₹50,00,000*",833,-,-,-,-,-,-,-,15708(1),14115(1),16489(1),-,-,-
KAR Govt Quota-Open,2BG,Karnataka,"AIMS, Adichunchanagiri, Bellur",PAEDIATRICS,"₹7,83,858*","₹23,750",1*,"₹50,00,000*",1120,-,-,-,-,-,-,-,11687(1),15662(1),16510(1),-,-,-
KAR Govt Quota-Open,GM,Karnataka,"JJM Med Coll, Davangere",PSYCHIATRY,"₹7,83,858*","₹30,000*",1*,"₹50,00,000*",1930,-,-,-,-,-,-,-,13491(1),12569(1),16554(1),-,-,-
KAR Govt Quota-Open,2AG,Karnataka,"KVG Med Coll, Sullia",PAEDIATRICS,"₹7,83,858*","₹7,500",1*,"₹50,00,000*",682,-,-,-,-,-,-,-,11581(1),11581(1),16573(1),-,-,-
KAR Govt Quota-Open,GM,Karnataka,"Shridevi IMS, Tumkur",OBG,"₹7,83,858*",Info not available*,1*,"₹50,00,000*",750,-,-,-,-,-,-,-,7651(1),9826(1),16577(1),-,-,-
KAR Priv Seats-Open,OPN,Karnataka,"JJM Med Coll, Davangere",TBRD,"₹13,88,744*","₹30,000*",1*,"₹50,00,000*",1930,10010(1),10010(1),18894(1),-,-,-,-,12691(1),12626(1),16581(1),-,-,-
KAR Govt Quota-Open,GM,Karnataka,"Bangalore Med Coll, Bangalore",RADIATION ONCOLOGY,"₹1,24,150*","₹56,250",3*,"₹50,00,000*",1993,16047(1),13749(1),16499(1),-,-,-,-,4344(1),3578(1),16614(1),-,-,-
KAR Govt Quota-Open,SCG,Karnataka,"VIMS (Vydehi), Bangalore",RADIO DIAGNOSIS,"₹7,83,858*","₹29,000*",1*,"₹50,00,000*",1600,-,-,-,-,-,-,-,16620(1),16620(1),16620(1),-,-,-
KAR Govt Quota-Open,2AG,Karnataka,"SDS TB Research, Bangalore",TBRD,"₹1,24,150*","₹56,250",3*,"₹50,00,000*",470,-,-,12280(1),-,-,-,-,5755(1),7192(1),16633(1),-,-,-
KAR Govt Quota-Open,2AG,Karnataka,"Bangalore Med Coll, Bangalore",ANAESTHESIOLOGY,"₹1,24,150*","₹56,250",3*,"₹50,00,000*",1993,9581(1),9581(1),18070(1),-,-,-,-,5090(1),8172(1),16666(2),-,-,-
KAR Govt Quota-Open,GM,Karnataka,"KIMS, Hubli",ANAESTHESIOLOGY,"₹1,24,150*","₹56,250",3*,"₹50,00,000*",1200,10719(3),10679(3),21529(4),-,-,-,-,6309(2),4605(2),16690(3),-,-,-
KAR Govt Quota-Open,GM,Karnataka,"VIMS, Bellary",ANAESTHESIOLOGY,"₹1,24,150*","₹56,250",3*,"₹50,00,000*",1295,10721(1),9871(1),23418(1),-,-,-,-,6330(1),5179(1),16692(1),-,-,-
KAR Govt Quota-Open,GM,Karnataka,"Sapthagiri IMS&RC, Bangalore",OBG,"₹8,09,608*","₹10,000*",1*,"₹50,00,000*",500,11130(3),10948(3),16240(3),-,-,-,-,11538(2),10599(2),16697(3),-,-,-
KAR Govt Quota-Open,2AG,Karnataka,"Mandya IMS, Mandya",ORTHOPAEDICS,"₹1,24,150*","₹56,250",3*,"₹50,00,000*",Info Not Available,8171(1),11547(1),16651(1),45337(1),-,-,-,8424(1),8424(1),16702(1),-,-,-
KAR Govt Quota-Open,GMH,Karnataka,"Mysore Med Coll, Mysore",ANAESTHESIOLOGY,"₹1,24,150*","₹56,250",3*,"₹50,00,000*",1050,-,-,-,-,-,-,-,4834(1),4624(1),16718(1),-,-,-
KAR Govt Quota-Open,GM,Karnataka,"KIMS, Hubli",ENT,"₹1,24,150*","₹56,250",3*,"₹50,00,000*",1200,9349(1),9349(1),19614(2),-,-,-,-,4894(2),9014(2),16719(2),-,-,-
KAR Govt Quota-Open,SCG,Karnataka,"KIMS, Hubli",GENERAL MEDICINE,"₹1,24,150*","₹56,250",3*,"₹50,00,000*",1200,4969(1),4969(1),12791(1),-,-,-,-,5889(2),5953(2),16744(2),-,-,-
KAR Govt Quota-Open,3AG,Karnataka,"Mandya IMS, Mandya",OPHTHALMOLOGY,"₹1,24,150*","₹56,250",3*,"₹50,00,000*",Info Not Available,-,-,-,-,-,-,-,11009(1),11009(1),16802(1),-,-,-
KAR Priv Seats-Open,OPN,Karnataka,"AJIMS, Mangalore",OBG,"₹13,88,744*","₹30,000",1*,"₹50,00,000*",910,9938(1),9742(1),12043(1),-,-,-,-,11832(1),11832(1),16813(1),-,-,-
KAR Govt Quota-Open,GM,Karnataka,"Bangalore Med Coll, Bangalore",ENT,"₹1,24,150*","₹56,250",3*,"₹50,00,000*",1993,7092(2),8088(2),17899(2),-,-,-,-,7468(2),6648(2),16814(3),-,-,-
KAR Priv Seats-Open,OPN,Karnataka,"Nijalingappa, Bagalkot",OBG,"₹13,88,744*","₹10,000*",1*,"₹50,00,000*",1140,11798(1),11579(1),16067(1),-,-,-,-,14519(1),13433(1),16848(1),-,-,-
KAR Govt Quota-Open,GM,Karnataka,"Shimoga IMS, Shimoga",OPHTHALMOLOGY,"₹1,24,150*","₹56,250",3*,"₹50,00,000*",950,11391(1),9301(1),21579(1),-,-,-,-,8572(1),7535(1),16876(1),-,-,-
KAR Govt Quota-Open,3AH,Karnataka,"MRMC, Gulbarga",OBG,"₹7,83,858*","₹8,000*",1*,"₹50,00,000*",1038,-,-,-,-,-,-,-,11216(1),11216(1),16878(1),-,-,-
KAR Priv Seats-Min.,MU,Karnataka,"AJIMS, Mangalore",GENERAL MEDICINE,"₹13,88,744*","₹30,000",1*,"₹50,00,000*",910,15143(4),15547(4),24993(4),-,-,-,-,15092(5),15056(5),16905(5),-,-,-
KAR Govt Quota-Open,GMH,Karnataka,"MRMC, Gulbarga",ORTHOPAEDICS,"₹7,83,858*","₹8,000*",1*,"₹50,00,000*",1038,17802(1),17802(1),26072(1),-,-,-,-,16907(1),16907(1),16907(1),-,-,-
KAR Priv Seats-Min.,ME,Karnataka,"VIMS (Vydehi), Bangalore",DERMATOLOGY,"₹13,88,744*","₹29,000*",1*,"₹50,00,000*",1600,-,-,-,-,-,-,-,7586(1),7586(1),16935(1),-,-,-
KAR Govt Quota-Open,GM,Karnataka,"Mysore Med Coll, Mysore",ENT,"₹1,24,150*","₹56,250",3*,"₹50,00,000*",1050,4235(1),4235(1),17167(1),-,-,-,-,6222(1),5857(1),16947(2),-,-,-
KAR Govt Quota-Open,2AG,Karnataka,"Mysore Med Coll, Mysore",OPHTHALMOLOGY,"₹1,24,150*","₹56,250",3*,"₹50,00,000*",1050,8890(1),8890(1),28739(1),-,-,-,-,7006(1),9543(1),16950(1),-,-,-
KAR Govt Quota-Open,GMH,Karnataka,"Navodaya Med Coll, Raichur",OBG,"₹7,83,858*","₹10,000*",1*,"₹50,00,000*",1110,17922(1),14915(1),17304(1),-,-,-,-,9826(1),11453(1),16977(1),-,-,-
KAR Govt Quota-Open,GM,Karnataka,"KVG Med Coll, Sullia",OBG,"₹7,83,858*","₹7,500",1*,"₹50,00,000*",682,11512(1),11130(1),16184(1),-,-,-,-,6612(1),6612(1),17000(1),-,-,-
KAR Priv Seats-GMP,GMP,Karnataka,"VIMS (Vydehi), Bangalore",OBG,"₹13,88,744*","₹29,000*",1*,"₹50,00,000*",1600,-,-,-,-,-,-,-,14648(1),13264(1),17009(1),-,-,-
KAR Govt Quota-Open,GM,Karnataka,"Mandya IMS, Mandya",ENT,"₹1,24,150*","₹56,250",3*,"₹50,00,000*",Info Not Available,10205(1),10205(1),20398(1),-,-,-,-,9157(1),9875(1),17046(1),-,-,-
KAR Govt Quota-Open,SCG,Karnataka,"Hassan IMS, Hassan",GENERAL MEDICINE,"₹1,24,150*","₹56,250",3*,"₹50,00,000*",Info Not Available,10767(1),11541(1),17541(1),-,-,-,-,6046(1),7041(1),17064(1),-,-,-
KAR Govt Quota-Open,3AG,Karnataka,"Bangalore Med Coll, Bangalore",ANAESTHESIOLOGY,"₹1,24,150*","₹56,250",3*,"₹50,00,000*",1993,-,-,-,-,-,-,-,6642(1),6023(1),17068(1),-,-,-
KAR Govt Quota-Open,GM,Karnataka,"VIMS, Bellary",OPHTHALMOLOGY,"₹1,24,150*","₹56,250",3*,"₹50,00,000*",1295,-,-,-,-,-,-,-,6535(1),5826(1),17078(1),-,-,-
KAR Priv Seats-Open,OPN,Karnataka,"KVG Med Coll, Sullia",PAEDIATRICS,"₹13,88,744*","₹7,500",1*,"₹50,00,000*",682,12814(1),12391(1),17999(1),-,-,-,-,12611(1),10985(1),17118(1),-,-,-
KAR Govt Quota-Open,2AG,Karnataka,"VIMS (Vydehi), Bangalore",OBG,"₹7,83,858*","₹29,000*",1*,"₹50,00,000*",1600,-,-,-,-,-,-,-,12683(1),12683(1),17162(1),-,-,-
KAR Priv Seats-GMP,GMP,Karnataka,"AJIMS, Mangalore",OBG,"₹13,88,744*","₹30,000",1*,"₹50,00,000*",910,11579(1),10182(1),14259(1),-,-,-,-,13264(1),12857(1),17175(1),-,-,-
KAR Govt Quota-Open,2AH,Karnataka,"Shridevi IMS, Tumkur",GENERAL MEDICINE,"₹7,83,858*",Info not available*,1*,"₹50,00,000*",750,-,-,-,-,-,-,-,11448(1),11448(1),17197(1),-,-,-
KAR Priv Seats-Open,OPN,Karnataka,"DR BR Ambedkar, Bangalore",OBG,"₹13,88,744*","₹10,000*",1*,"₹50,00,000*",570,-,-,-,-,-,-,-,11872(1),11872(1),17239(1),-,-,-
KAR Priv Seats-GMP,GMP,Karnataka,"Nijalingappa, Bagalkot",OBG,"₹13,88,744*","₹10,000*",1*,"₹50,00,000*",1140,-,-,-,-,-,-,-,15314(1),13475(1),17280(1),-,-,-
KAR Govt Quota-Open,2BG,Karnataka,"Mysore Med Coll, Mysore",ANAESTHESIOLOGY,"₹1,24,150*","₹56,250",3*,"₹50,00,000*",1050,-,-,-,-,-,-,-,12766(1),13072(1),17295(1),-,-,-
KAR Govt Quota-Open,GMH,Karnataka,"Hassan IMS, Hassan",OPHTHALMOLOGY,"₹1,24,150*","₹56,250",3*,"₹50,00,000*",Info Not Available,-,-,-,-,-,-,-,7735(1),8572(1),17360(1),-,-,-
KAR Govt Quota-Open,2BG,Karnataka,"ESI, Bangalore",ANAESTHESIOLOGY,"₹2,50,000*","₹1,11,780*",2*,"₹10,00,000*",530,-,-,-,-,-,-,-,9786(1),17295(1),17413(1),-,-,-
KAR Priv Seats-GMP,GMPH,Karnataka,"Al-Ameen, Bijapur",GENERAL MEDICINE,"₹13,88,744*","₹9,000*",1*,"₹50,00,000*",1040,21470(1),14920(1),21470(1),-,-,-,-,16489(1),13779(1),17419(1),-,-,-
KAR Govt Quota-Open,1G,Karnataka,"KVG Med Coll, Sullia",DERMATOLOGY,"₹7,83,858*","₹7,500",1*,"₹50,00,000*",682,-,-,-,-,-,-,-,14547(1),16819(1),17433(1),-,-,-
KAR Govt Quota-Open,GM,Karnataka,"MS Ramaiah, Bangalore",OPHTHALMOLOGY,"₹8,08,858*","₹45,000",1*,"₹50,00,000*",1331,9301(1),10943(1),19847(1),-,-,-,-,8782(1),8782(1),17462(1),-,-,-
KAR Govt Quota-Open,3AG,Karnataka,"KIMS, Hubli",ANAESTHESIOLOGY,"₹1,24,150*","₹56,250",3*,"₹50,00,000*",1200,-,-,-,-,-,-,-,9168(1),8983(1),17488(1),-,-,-
KAR Govt Quota-Open,GMH,Karnataka,"VIMS, Bellary",OPHTHALMOLOGY,"₹1,24,150*","₹56,250",3*,"₹50,00,000*",1295,10503(1),10154(1),20140(1),-,-,-,-,8006(1),8264(1),17490(1),-,-,-
KAR Priv Seats-Open,OPN,Karnataka,"St John's, Bangalore",OPHTHALMOLOGY,"₹12,05,025*","₹45,000",1*,"₹5,00,000*",1720,-,-,-,-,-,-,-,11982(1),11982(1),17498(1),-,-,-
KAR Priv Seats-Min.,RC3,Karnataka,"St John's, Bangalore",OPHTHALMOLOGY,"₹12,05,025*","₹45,000",1*,"₹5,00,000*",1720,22754(1),22754(1),23235(1),-,-,-,-,17516(1),17516(1),-,-,-,-
KAR Priv Seats-Open,OPN,Karnataka,"VIMS (Vydehi), Bangalore",TBRD,"₹13,88,744*","₹29,000*",1*,"₹50,00,000*",1600,-,-,-,-,-,-,-,15301(1),14032(1),17545(1),-,-,-
KAR Priv Seats-GMP,GMPH,Karnataka,"MRMC, Gulbarga",OBG,"₹13,88,744*","₹8,000*",1*,"₹50,00,000*",1038,16743(2),16743(2),19765(2),-,-,-,-,17559(1),16324(1),17559(1),-,-,-
KAR Govt Quota-Open,3BG,Karnataka,"Navodaya Med Coll, Raichur",PAEDIATRICS,"₹7,83,858*","₹10,000*",1*,"₹50,00,000*",1110,-,-,-,-,-,-,-,10428(1),10428(1),17578(1),-,-,-
KAR Govt Quota-Open,SCG,Karnataka,"Bangalore Med Coll, Bangalore",OBG,"₹1,24,150*","₹56,250",3*,"₹50,00,000*",1993,18053(2),16230(2),18852(2),-,-,-,-,12817(3),9740(3),17620(1),-,-,-
KAR Govt Quota-Open,SCG,Karnataka,"AJIMS, Mangalore",RADIO DIAGNOSIS,"₹7,83,858*","₹30,000",1*,"₹50,00,000*",910,-,-,-,-,-,-,-,13436(1),13436(1),17661(1),-,-,-
KAR Govt Quota-Open,2AG,Karnataka,"Nijalingappa, Bagalkot",OBG,"₹7,83,858*","₹10,000*",1*,"₹50,00,000*",1140,-,-,-,-,-,-,-,13312(1),13312(1),17740(1),-,-,-
KAR Priv Seats-Min.,MEH,Karnataka,"Navodaya Med Coll, Raichur",RADIO DIAGNOSIS,"₹13,88,744*","₹10,000*",1*,"₹50,00,000*",1110,-,-,-,-,-,-,-,15094(1),15094(1),17763(1),-,-,-
KAR Priv Seats-GMP,GMPH,Karnataka,"SDM College, Dharwad",GENERAL MEDICINE,"₹28,75,650*","₹45,000*",1*,"₹50,00,000*",670,17757(1),17757(1),22420(1),-,-,-,-,14248(1),17812(1),17812(1),-,-,-
KAR Govt Quota-Open,GMH,Karnataka,"KIMS, Hubli",ANAESTHESIOLOGY,"₹1,24,150*","₹56,250",3*,"₹50,00,000*",1200,10898(1),10898(1),21774(1),-,-,-,-,8264(1),6025(1),17854(1),-,-,-
KAR Priv Seats-Open,OPN,Karnataka,"Akash IMS,Devanhalli,Bangalore",OBG,"₹13,88,744*","₹20,000",1*,"₹50,00,000*",760,7394(1),7394(1),14397(1),19974(1),33397(1),-,-,12960(1),15045(1),17879(1),-,-,-
KAR Govt Quota-Open,2AG,Karnataka,"Mysore Med Coll, Mysore",ANAESTHESIOLOGY,"₹1,24,150*","₹56,250",3*,"₹50,00,000*",1050,-,-,-,-,-,-,-,8172(1),8355(1),17883(1),-,-,-
KAR Govt Quota-Open,2AG,Karnataka,"Belagavi IMS, Belagavi",TBRD,"₹1,24,150*","₹56,250",3*,"₹50,00,000*",1000,8643(1),8643(1),18455(1),-,-,-,-,7192(1),7265(1),17984(1),-,-,-
KAR Govt Quota-Open,SCG,Karnataka,"Mysore Med Coll, Mysore",OBG,"₹1,24,150*","₹56,250",3*,"₹50,00,000*",1050,12841(1),12841(1),12841(1),-,-,-,-,9020(1),12817(1),17987(1),-,-,-
KAR Govt Quota-Open,3AG,Karnataka,"Shridevi IMS, Tumkur",PAEDIATRICS,"₹7,83,858*",Info not available*,1*,"₹50,00,000*",750,-,-,-,-,-,-,-,-,-,18088(1),-,-,-
KAR Govt Quota-Open,2AG,Karnataka,"JJM Med Coll, Davangere",GENERAL SURGERY,"₹7,83,858*","₹30,000*",1*,"₹50,00,000*",1930,11463(1),11463(1),18979(1),-,-,-,-,15755(1),18103(1),18103(1),-,-,-
KAR Priv Seats-GMP,GMP,Karnataka,"East Point College,Bangalore",OBG,"₹13,88,744*","₹20,000",1*,"₹50,00,000*",-,-,-,-,-,-,-,-,17009(1),16577(1),18169(1),-,-,-
KAR Govt Quota-Open,GM,Karnataka,"Shimoga IMS, Shimoga",ANAESTHESIOLOGY,"₹1,24,150*","₹56,250",3*,"₹50,00,000*",950,10979(1),10721(1),23236(1),-,-,-,-,8981(1),6309(1),18170(1),-,-,-
KAR Govt Quota-Open,GMH,Karnataka,"Raichur IMS, Raichur",OPHTHALMOLOGY,"₹1,24,150*","₹56,250",3*,"₹50,00,000*",500,-,-,-,-,-,-,-,10027(1),9624(1),18186(1),-,-,-
KAR Govt Quota-Open,GM,Karnataka,"Kidwai Memorial, Bangalore",ANAESTHESIOLOGY,"₹1,24,150*","₹56,250",3*,"₹50,00,000*",680,12868(1),12290(1),25192(3),-,-,-,-,7871(2),5083(2),18228(3),-,-,-
KAR Priv Seats-Open,OPN,Karnataka,"KVG Med Coll, Sullia",OBG,"₹13,88,744*","₹7,500",1*,"₹50,00,000*",682,-,-,-,-,-,-,-,15045(1),11617(1),18231(1),-,-,-
KAR Govt Quota-Open,GMH,Karnataka,"MRMC, Gulbarga",GENERAL SURGERY,"₹7,83,858*","₹8,000*",1*,"₹50,00,000*",1038,-,-,20633(1),-,-,-,-,18263(1),13562(1),18263(1),-,-,-
KAR Govt Quota-Open,2AG,Karnataka,"AIMS, Adichunchanagiri, Bellur",OBG,"₹7,83,858*","₹23,750",1*,"₹50,00,000*",1120,-,-,-,-,-,-,-,12050(1),12050(1),18325(1),-,-,-
KAR Priv Seats-GMP,GMP,Karnataka,"Kanachur IMS, Mangalore",PAEDIATRICS,"₹13,88,744*",Info not available,1*,"₹50,00,000*",785,-,-,-,-,-,-,-,14049(1),14049(1),18358(1),-,-,-
KAR Govt Quota-Open,1G,Karnataka,"East Point College,Bangalore",GENERAL MEDICINE,"₹7,83,858*","₹20,000",1*,"₹50,00,000*",-,-,-,-,-,-,-,-,-,-,18440(1),-,-,-
KAR Govt Quota-Open,1G,Karnataka,"JJM Med Coll, Davangere",GENERAL SURGERY,"₹7,83,858*","₹30,000*",1*,"₹50,00,000*",1930,-,-,-,-,-,-,-,17436(1),18481(1),18481(1),-,-,-
KAR Priv Seats-Open,OPN,Karnataka,"JJM Med Coll, Davangere",ORTHOPAEDICS,"₹13,88,744*","₹30,000*",1*,"₹50,00,000*",1930,11936(3),11918(3),18325(3),-,-,-,-,16566(3),16114(3),18525(3),-,-,-
KAR Govt Quota-Open,SCG,Karnataka,"IGICH, Bangalore",PAEDIATRICS,"₹1,24,150*","₹56,250",3*,"₹50,00,000*",500,9751(2),10169(2),13004(2),-,-,-,-,8686(1),8686(1),18655(1),-,-,-
KAR Priv Seats-GMP,GMPH,Karnataka,"Basaveswara, Chitradurga",OBG,"₹13,88,744*","₹5,000*",1*,"₹50,00,000*",500,-,-,-,-,-,-,-,18656(1),18656(1),18656(1),-,-,-
KAR Govt Quota-Open,GM,Karnataka,"Chamrajanagar IMS, Karnataka",OPHTHALMOLOGY,"₹1,24,150*","₹56,250",3*,"₹50,00,000*",750,11456(1),9541(1),24199(1),-,-,-,-,10943(1),9169(1),18721(1),-,-,-
KAR Govt Quota-Open,GM,Karnataka,"Hassan IMS, Hassan",ANAESTHESIOLOGY,"₹1,24,150*","₹56,250",3*,"₹50,00,000*",Info Not Available,12248(1),11140(1),25490(1),-,-,-,-,8842(1),8453(1),18795(1),-,-,-
KAR Govt Quota-Open,GM,Karnataka,"KVG Med Coll, Sullia",TBRD,"₹7,83,858*","₹7,500",1*,"₹50,00,000*",682,-,-,-,-,-,-,-,16254(1),10636(1),18842(1),-,-,-
KAR Govt Quota-Open,2BG,Karnataka,"SMC, Shimoga",OBG,"₹7,83,858*",Info not available,1*,"₹50,00,000*",1250,-,-,-,-,-,-,-,14655(1),14655(1),18871(1),-,-,-
KAR Govt Quota-Open,SCH,Karnataka,"Bangalore Med Coll, Bangalore",OBG,"₹1,24,150*","₹56,250",3*,"₹50,00,000*",1993,-,-,-,-,-,-,-,16744(1),18902(1),-,-,-,-
KAR Govt Quota-Open,3BG,Karnataka,Kodagu Inst of Med Sciences,GENERAL SURGERY,"₹1,24,150*","₹56,250",3*,"₹50,00,000*",600,-,-,-,-,-,-,-,7577(1),7577(1),18918(1),-,-,-
KAR Govt Quota-Open,2AG,Karnataka,"ESI, Bangalore",ANAESTHESIOLOGY,"₹2,50,000*","₹1,11,780*",2*,"₹10,00,000*",530,11302(1),13538(1),24348(2),-,-,-,-,11584(1),11347(1),18942(1),-,-,-
KAR Priv Seats-GMP,GMPH,Karnataka,"MRMC, Gulbarga",PAEDIATRICS,"₹13,88,744*","₹8,000*",1*,"₹50,00,000*",1038,16579(2),14655(2),21813(2),-,-,-,-,17993(2),13662(2),18984(2),-,-,-
KAR Priv Seats-GMP,GMPH,Karnataka,"MVJMC&RH, Bangalore",DERMATOLOGY,"₹13,88,744*","₹10,000*",1*,"₹50,00,000*",833,-,-,-,-,-,-,-,18984(1),12703(1),18094(1),-,-,-
KAR Govt Quota-Open,SCG,Karnataka,"Shimoga IMS, Shimoga",GENERAL MEDICINE,"₹1,24,150*","₹56,250",3*,"₹50,00,000*",950,11698(1),10767(1),17472(1),-,-,-,-,5953(1),6046(1),19016(1),-,-,-
KAR Govt Quota-Open,GM,Karnataka,"AIMS, Adichunchanagiri, Bellur",ORTHOPAEDICS,"₹7,83,858*","₹23,750",1*,"₹50,00,000*",1120,14348(2),12546(2),24646(2),-,-,-,-,12981(2),14975(2),19042(2),-,-,-
KAR Govt Quota-Open,3BG,Karnataka,"MS Ramaiah, Bangalore",TBRD,"₹8,08,858*","₹45,000",1*,"₹50,00,000*",1331,-,-,-,-,-,-,-,-,-,19103(1),-,-,-
KAR Govt Quota-Open,3AG,Karnataka,"MS Ramaiah, Bangalore",EMERGENCY MEDICINE,"₹8,08,858*","₹45,000",1*,"₹50,00,000*",1331,-,-,-,-,-,-,-,12783(1),12908(1),19166(1),-,-,-
KAR Govt Quota-Open,2AG,Karnataka,"SDM College, Dharwad",GENERAL SURGERY,"₹7,83,858*","₹45,000*",1*,"₹50,00,000*",670,-,-,-,-,-,-,-,18154(1),18154(1),19204(1),-,-,-
KAR Govt Quota-Open,GM,Karnataka,"Chamrajanagar IMS, Karnataka",ANAESTHESIOLOGY,"₹1,24,150*","₹56,250",3*,"₹50,00,000*",750,-,-,26441(1),-,-,-,-,8982(1),9121(1),19249(1),-,-,-
KAR Govt Quota-Open,3AG,Karnataka,"Shimoga IMS, Shimoga",ANAESTHESIOLOGY,"₹1,24,150*","₹56,250",3*,"₹50,00,000*",950,-,-,-,-,-,-,-,10237(1),6642(1),19285(1),-,-,-
KAR Govt Quota-Open,GM,Karnataka,"Father Mullers, Mangalore",ANAESTHESIOLOGY,"₹7,83,858*","₹35,000*",1*,"₹50,00,000*",1250,21856(1),16175(1),31083(1),-,-,-,-,10397(1),10397(1),19374(1),-,-,-
KAR Govt Quota-Open,GM,Karnataka,"Gadag IMS, Gadag",ANAESTHESIOLOGY,"₹1,24,150*","₹56,250",3*,"₹50,00,000*",Info Not Available,12926(1),12871(1),23587(1),-,-,-,-,9121(1),8842(1),19377(1),-,-,-
KAR Govt Quota-Open,GM,Karnataka,"BGS IMS, Bangalore",GENERAL SURGERY,"₹7,83,858*","₹25,000*",1*,"₹50,00,000*",766,10678(1),10678(1),21939(1),-,-,-,-,10819(1),13126(1),19404(2),-,-,-
KAR Govt Quota-Open,GM,Karnataka,"Belagavi IMS, Belagavi",ENT,"₹1,24,150*","₹56,250",3*,"₹50,00,000*",1000,-,-,-,-,-,-,-,11857(1),10943(1),19450(1),-,-,-
KAR Govt Quota-Open,3BG,Karnataka,"Belagavi IMS, Belagavi",ANAESTHESIOLOGY,"₹1,24,150*","₹56,250",3*,"₹50,00,000*",1000,12924(1),12530(1),27734(1),-,-,-,-,11974(1),10540(1),19456(1),-,-,-
KAR Govt Quota-Open,3BG,Karnataka,"Mandya IMS, Mandya",ORTHOPAEDICS,"₹1,24,150*","₹56,250",3*,"₹50,00,000*",Info Not Available,-,-,-,-,-,-,-,6368(1),6368(1),19492(1),-,-,-
KAR Priv Seats-GMP,GMP,Karnataka,"Oxford Med Coll, Bangalore",PAEDIATRICS,"₹13,88,744*","₹30,000*",1*,"₹50,00,000*",770,-,-,-,-,-,-,-,12602(1),13250(1),19542(1),-,-,-
KAR Govt Quota-Open,2AG,Karnataka,"BGS IMS, Bangalore",GENERAL SURGERY,"₹7,83,858*","₹25,000*",1*,"₹50,00,000*",766,-,-,-,-,-,-,-,19598(1),19598(1),19598(1),-,-,-
KAR Govt Quota-Open,GM,Karnataka,Kodagu Inst of Med Sciences,ANAESTHESIOLOGY,"₹1,24,150*","₹56,250",3*,"₹50,00,000*",600,14248(1),12473(1),26474(1),-,-,-,-,9522(1),10237(1),19617(1),-,-,-
KAR Govt Quota-Open,2AG,Karnataka,"Sapthagiri IMS&RC, Bangalore",OBG,"₹8,09,608*","₹10,000*",1*,"₹50,00,000*",500,14127(1),13031(1),17483(1),-,-,-,-,13059(1),13059(1),19650(1),-,-,-
KAR Govt Quota-Open,GM,Karnataka,"East Point College,Bangalore",TBRD,"₹7,83,858*","₹20,000",1*,"₹50,00,000*",-,-,-,-,-,-,-,-,14063(1),12613(1),19664(1),-,-,-
KAR Priv Seats-Open,OPN,Karnataka,"Al-Ameen, Bijapur",PAEDIATRICS,"₹13,88,744*","₹9,000*",1*,"₹50,00,000*",1040,13748(1),10191(1),18570(1),-,-,-,-,15556(1),13070(1),19685(1),-,-,-
KAR Govt Quota-Open,GMH,Karnataka,"Koppal Inst of MS, Koppal",ORTHOPAEDICS,"₹1,24,150*","₹56,250",3*,"₹50,00,000*",Info Not Available,-,-,-,-,-,-,-,10398(1),11774(1),19702(1),-,-,-
KAR Govt Quota-Open,GM,Karnataka,"Gadag IMS, Gadag",PSYCHIATRY,"₹1,24,150*","₹56,250",3*,"₹50,00,000*",Info Not Available,-,-,29685(1),-,-,-,-,6209(1),8125(1),19727(1),-,-,-
KAR Priv Seats-Open,OPN,Karnataka,"SDM College, Dharwad",OBG,"₹28,75,050*","₹45,000*",1*,"₹50,00,000*",670,18265(2),16078(2),23986(2),-,-,-,-,19312(2),18169(2),19733(2),-,-,-
KAR Priv Seats-GMP,GMP,Karnataka,"JJM Med Coll, Davangere",GENERAL SURGERY,"₹13,88,744*","₹30,000*",1*,"₹50,00,000*",1930,12870(2),12870(2),20959(2),-,-,-,-,14654(3),12773(3),19772(3),-,-,-
KAR Priv Seats-Open,OPN,Karnataka,"JJM Med Coll, Davangere",PAEDIATRICS,"₹13,88,744*","₹30,000*",1*,"₹50,00,000*",1930,6907(4),6835(4),12071(4),-,-,-,-,8425(4),7075(4),10037(4),-,19774(1),-
KAR Govt Quota-Open,2AG,Karnataka,"Mandya IMS, Mandya",ANAESTHESIOLOGY,"₹1,24,150*","₹56,250",3*,"₹50,00,000*",Info Not Available,15333(1),13108(1),28864(1),-,-,-,-,11469(1),9495(1),19775(1),-,-,-
KAR Govt Quota-Open,GMH,Karnataka,"Navodaya Med Coll, Raichur",GENERAL SURGERY,"₹7,83,858*","₹10,000*",1*,"₹50,00,000*",1110,21832(1),20689(1),29461(1),-,-,-,-,19789(1),19789(1),19789(1),-,-,-
KAR Priv Seats-Min.,RC3,Karnataka,"St John's, Bangalore",ORTHOPAEDICS,"₹12,80,025*","₹45,000",1*,"₹5,00,000*",1720,13600(2),13600(2),13600(2),-,-,-,-,13012(1),13012(1),19802(1),-,-,-
KAR Govt Quota-Open,SCG,Karnataka,"AIMS, Adichunchanagiri, Bellur",DERMATOLOGY,"₹7,83,858*","₹23,750",1*,"₹50,00,000*",1120,13767(1),26322(1),26322(1),-,-,-,-,15297(1),15297(1),19849(1),-,-,-
KAR Govt Quota-Open,GM,Karnataka,"Gadag IMS, Gadag",OPHTHALMOLOGY,"₹1,24,150*","₹56,250",3*,"₹50,00,000*",Info Not Available,-,-,25499(1),-,-,-,-,9624(1),9129(1),19859(2),-,-,-
KAR Govt Quota-Open,GMH,Karnataka,"Bidar IMS, Bidar",OPHTHALMOLOGY,"₹1,24,150*","₹56,250",3*,"₹50,00,000*",500,-,-,-,-,-,-,-,9882(1),9882(1),19871(1),-,-,-
KAR Govt Quota-Open,1H,Karnataka,"VIMS, Bellary",GENERAL SURGERY,"₹1,24,150*","₹56,250",3*,"₹50,00,000*",1295,-,-,-,-,-,-,-,19886(1),7984(1),19886(1),-,-,-
KAR Priv Seats-Min.,RC3,Karnataka,"St John's, Bangalore",GENERAL SURGERY,"₹12,05,025*","₹45,000",1*,"₹5,00,000*",1720,13738(1),13738(1),39266(4),-,-,-,-,19802(1),19802(1),19928(1),-,-,-
KAR Govt Quota-Open,GM,Karnataka,"JJM Med Coll, Davangere",EMERGENCY MEDICINE,"₹7,83,858*","₹30,000*",1*,"₹50,00,000*",1930,-,-,-,-,-,-,-,-,-,19983(1),-,-,-
KAR Priv Seats-GMP,GMP,Karnataka,"Al-Ameen, Bijapur",PAEDIATRICS,"₹13,88,744*","₹9,000*",1*,"₹50,00,000*",1040,-,-,-,-,-,-,-,15754(1),14781(1),20019(1),-,-,-
KAR Priv Seats-GMP,GMPH,Karnataka,"JJM Med Coll, Davangere",GENERAL SURGERY,"₹13,88,744*","₹30,000*",1*,"₹50,00,000*",1930,14776(1),14776(1),25780(1),-,-,-,-,20052(1),15458(1),20052(1),-,-,-
KAR Govt Quota-Open,GM,Karnataka,Karwar Inst of Med Sciences,ANAESTHESIOLOGY,"₹1,24,150*","₹56,250",3*,"₹50,00,000*",650,13749(1),12936(1),26470(1),-,-,-,-,9169(1),9522(1),20083(1),-,-,-
KAR Priv Seats-GMP,GMP,Karnataka,"Navodaya Med Coll, Raichur",PAEDIATRICS,"₹13,88,744*","₹10,000*",1*,"₹50,00,000*",1110,14886(1),13399(1),18004(1),-,-,-,-,14301(1),14558(1),20093(1),-,-,-
KAR Govt Quota-Open,2AH,Karnataka,"Raichur IMS, Raichur",ORTHOPAEDICS,"₹1,24,150*","₹56,250",3*,"₹50,00,000*",500,-,-,-,-,-,-,-,11336(1),11336(1),20150(1),-,-,-
KAR Priv Seats-GMP,GMP,Karnataka,"SDM College, Dharwad",RADIO DIAGNOSIS,"₹33,69,950*","₹45,000*",1*,"₹50,00,000*",670,-,-,-,-,-,-,-,4347(1),8188(1),20154(1),-,-,-
KAR Priv Seats-GMP,GMP,Karnataka,"St John's, Bangalore",ENT,"₹12,05,025*","₹45,000",1*,"₹5,00,000*",1720,-,-,-,-,-,-,-,16821(1),16821(1),20158(1),-,-,-
KAR Govt Quota-Open,STG,Karnataka,"KIMS, Hubli",DERMATOLOGY,"₹1,24,150*","₹56,250",3*,"₹50,00,000*",1200,-,-,-,-,-,-,-,6881(1),20253(1),-,-,-,-
KAR Govt Quota-Open,1G,Karnataka,"Bangalore Med Coll, Bangalore",ANAESTHESIOLOGY,"₹1,24,150*","₹56,250",3*,"₹50,00,000*",1993,13769(1),12770(1),27376(1),-,-,-,-,13294(1),13587(1),20274(1),-,-,-
KAR Govt Quota-Open,GMH,Karnataka,"Bidar IMS, Bidar",ORTHOPAEDICS,"₹1,24,150*","₹56,250",3*,"₹50,00,000*",500,-,-,-,-,-,-,-,11774(1),11687(1),20280(1),-,-,-
KAR Govt Quota-Open,3BG,Karnataka,"Kidwai Memorial, Bangalore",ANAESTHESIOLOGY,"₹1,24,150*","₹56,250",3*,"₹50,00,000*",680,-,-,-,-,-,-,-,12695(1),11489(1),20281(1),-,-,-
KAR Govt Quota-Open,GM,Karnataka,"Shimoga IMS, Shimoga",ENT,"₹1,24,150*","₹56,250",3*,"₹50,00,000*",950,10146(1),10146(1),25396(2),-,-,-,-,9129(1),9835(1),20284(1),-,-,-
KAR Govt Quota-Open,1G,Karnataka,Karwar Inst of Med Sciences,GENERAL SURGERY,"₹1,24,150*","₹56,250",3*,"₹50,00,000*",650,-,-,-,-,-,-,-,-,-,20336(1),-,-,-
KAR Govt Quota-Open,1G,Karnataka,"Akash IMS,Devanhalli,Bangalore",OBG,"₹7,83,858*","₹20,000",1*,"₹50,00,000*",760,-,-,-,-,-,-,-,14411(1),13868(1),20359(1),-,-,-
KAR Priv Seats-GMP,GMPH,Karnataka,"KVG Med Coll, Sullia",PAEDIATRICS,"₹13,88,744*","₹7,500",1*,"₹50,00,000*",682,-,-,-,-,-,-,-,20368(1),15496(1),20368(1),-,-,-
KAR Priv Seats-Min.,ME,Karnataka,"SMC, Shimoga",GENERAL MEDICINE,"₹13,88,744*",Info not available,1*,"₹50,00,000*",1250,-,-,-,85100(5),-,-,-,20412(2),19631(2),19631(2),-,-,-
KAR Govt Quota-Open,3BG,Karnataka,"JJM Med Coll, Davangere",ORTHOPAEDICS,"₹7,83,858*","₹30,000*",1*,"₹50,00,000*",1930,16169(1),10267(1),19056(1),-,-,-,-,13905(1),13905(1),20487(1),-,-,-
KAR Govt Quota-Open,2BG,Karnataka,"Father Mullers, Mangalore",ORTHOPAEDICS,"₹7,83,858*","₹35,000*",1*,"₹50,00,000*",1250,-,-,-,-,-,-,-,20504(1),20504(1),20504(1),-,-,-
KAR Govt Quota-Open,SCG,Karnataka,"Sapthagiri IMS&RC, Bangalore",RADIO DIAGNOSIS,"₹8,09,608*","₹10,000*",1*,"₹50,00,000*",500,20335(1),20316(1),20316(1),-,-,-,-,18268(1),18268(1),20507(1),-,-,-
KAR Govt Quota-Open,2AH,Karnataka,"Bidar IMS, Bidar",ORTHOPAEDICS,"₹1,24,150*","₹56,250",3*,"₹50,00,000*",500,-,-,-,-,-,-,-,12808(1),12663(1),20514(1),-,-,-
KAR Govt Quota-Open,3AG,Karnataka,Kodagu Inst of Med Sciences,ORTHOPAEDICS,"₹1,24,150*","₹56,250",3*,"₹50,00,000*",600,-,-,-,-,-,-,-,8047(1),8047(1),20515(1),-,-,-
KAR Priv Seats-Open,OPN,Karnataka,"Kempegowda IMS, Bangalore",GENERAL SURGERY,"₹13,88,744*","₹35,000*",1*,"₹50,00,000*",1100,10539(1),10539(1),18782(1),-,-,-,-,16130(4),14149(4),20520(4),-,-,-
KAR Priv Seats-GMP,GMPH,Karnataka,"BGS IMS, Bangalore",OBG,"₹13,88,744*","₹25,000*",1*,"₹50,00,000*",766,19765(1),18496(1),26005(1),-,-,-,-,20555(1),20555(1),20555(1),-,-,-
KAR Govt Quota-Open,2BG,Karnataka,"Kasturba Med Coll, Mangalore",GENERAL SURGERY,"₹7,83,858*","₹45,000*",1*,"₹50,00,000*",1290,-,-,-,-,-,-,-,20559(1),20559(1),-,-,-,-
KAR Priv Seats-Min.,ME,Karnataka,"Akash IMS,Devanhalli,Bangalore",GENERAL MEDICINE,"₹13,88,744*","₹20,000",1*,"₹50,00,000*",760,19428(1),18623(1),18623(1),-,-,-,-,16573(2),18440(2),20593(2),-,-,-
KAR Priv Seats-Open,OPN,Karnataka,"East Point College,Bangalore",TBRD,"₹13,88,744*","₹20,000",1*,"₹50,00,000*",-,-,-,-,-,-,-,-,17337(1),17118(1),20612(1),-,-,-
KAR Govt Quota-Open,3BG,Karnataka,"Oxford Med Coll, Bangalore",OBG,"₹7,83,858*","₹30,000*",1*,"₹50,00,000*",770,-,-,-,-,-,-,-,-,-,20617(1),-,-,-
KAR Priv Seats-GMP,GMP,Karnataka,"AJIMS, Mangalore",GENERAL SURGERY,"₹13,88,744*","₹30,000",1*,"₹50,00,000*",910,16231(1),14043(1),22285(1),-,-,-,-,14739(1),14306(1),20682(1),-,-,-
KAR Govt Quota-Open,GMH,Karnataka,"Gulbarga IMS, Gulbarga",ANAESTHESIOLOGY,"₹1,24,150*","₹56,250",3*,"₹50,00,000*",873,14214(1),12298(1),20328(1),-,-,-,-,14147(1),13589(1),20745(1),-,-,-
KAR Priv Seats-Min.,MM,Karnataka,"Kanachur IMS, Mangalore",GENERAL MEDICINE,"₹13,88,744*",Info not available,1*,"₹50,00,000*",785,-,-,-,-,-,-,-,20772(1),18083(1),18083(1),-,-,-
KAR Govt Quota-Open,SCG,Karnataka,"MVJMC&RH, Bangalore",RADIO DIAGNOSIS,"₹7,83,858*","₹10,000*",1*,"₹50,00,000*",833,-,-,-,-,-,-,-,-,-,20792(1),-,-,-
KAR Govt Quota-Open,3BG,Karnataka,"Shimoga IMS, Shimoga",ANAESTHESIOLOGY,"₹1,24,150*","₹56,250",3*,"₹50,00,000*",950,-,-,-,-,-,-,-,11489(1),9581(1),20817(1),-,-,-
KAR Priv Seats-Open,OPN,Karnataka,"AJIMS, Mangalore",ORTHOPAEDICS,"₹13,88,744*","₹30,000",1*,"₹50,00,000*",910,-,-,-,-,-,-,-,16298(1),16298(1),20834(1),-,-,-
KAR Govt Quota-Open,GMH,Karnataka,"VIMS, Bellary",ANAESTHESIOLOGY,"₹1,24,150*","₹56,250",3*,"₹50,00,000*",1295,12298(1),11792(1),25207(2),-,-,-,-,9747(2),10027(2),20855(2),-,-,-
KAR Priv Seats-GMP,GMPH,Karnataka,"KVG Med Coll, Sullia",OBG,"₹13,88,744*","₹7,500",1*,"₹50,00,000*",682,21813(1),20912(1),20912(1),-,-,-,-,18100(1),20908(1),20908(1),-,-,-
KAR Priv Seats-Min.,ME,Karnataka,"Oxford Med Coll, Bangalore",GENERAL MEDICINE,"₹13,88,744*","₹30,000*",1*,"₹50,00,000*",770,27376(2),19428(2),22342(2),-,-,-,-,20593(1),17043(1),20990(1),-,-,-
KAR Govt Quota-Open,2AG,Karnataka,"VIMS (Vydehi), Bangalore",GENERAL SURGERY,"₹7,83,858*","₹29,000*",1*,"₹50,00,000*",1600,-,-,-,-,-,-,-,16428(1),20793(1),21018(2),-,-,-
KAR Govt Quota-Open,GM,Karnataka,"Kempegowda IMS, Bangalore",EMERGENCY MEDICINE,"₹7,83,858*","₹35,000*",1*,"₹50,00,000*",1100,-,-,-,-,-,-,-,12908(1),14001(1),21073(1),-,-,-
KAR Priv Seats-GMP,GMP,Karnataka,"Kanachur IMS, Mangalore",OBG,"₹13,88,744*",Info not available,1*,"₹50,00,000*",785,17120(1),13862(1),21180(1),-,-,-,-,17175(1),15426(1),21133(1),-,-,-
KAR Govt Quota-Open,GM,Karnataka,"Hassan IMS, Hassan",ENT,"₹1,24,150*","₹56,250",3*,"₹50,00,000*",Info Not Available,-,-,-,-,-,-,-,9835(1),9157(1),21143(1),-,-,-
KAR Govt Quota-Open,GM,Karnataka,"JJM Med Coll, Davangere",ENT,"₹7,83,858*","₹30,000*",1*,"₹50,00,000*",1930,14476(1),14476(1),31341(3),-,-,-,-,16739(1),15363(1),21144(2),-,-,-
KAR Govt Quota-Open,GM,Karnataka,"Nijalingappa, Bagalkot",OPHTHALMOLOGY,"₹7,83,858*","₹10,000*",1*,"₹50,00,000*",1140,18412(1),16709(1),34193(1),-,-,-,-,17203(1),17203(1),21204(1),-,-,-
KAR Govt Quota-Open,2BG,Karnataka,"Sapthagiri IMS&RC, Bangalore",OBG,"₹8,09,608*","₹10,000*",1*,"₹50,00,000*",500,-,-,-,-,-,-,-,13797(1),13797(1),21242(1),-,-,-
KAR Govt Quota-Open,GM,Karnataka,"Sapthagiri IMS&RC, Bangalore",GENERAL SURGERY,"₹8,09,608*","₹10,000*",1*,"₹50,00,000*",500,17646(4),13704(4),31194(5),-,-,-,-,15584(2),15584(2),21256(3),-,-,-
KAR Govt Quota-Open,GMH,Karnataka,"KIMS, Hubli",ENT,"₹1,24,150*","₹56,250",3*,"₹50,00,000*",1200,-,-,-,-,-,-,-,16384(1),14147(1),21268(1),-,-,-
KAR Priv Seats-Min.,MM,Karnataka,"Al-Ameen, Bijapur",OBG,"₹13,88,744*","₹9,000*",1*,"₹50,00,000*",1040,-,-,-,-,-,-,-,21242(2),21242(2),21327(1),-,-,-
KAR Priv Seats-GMP,GMP,Karnataka,"Kempegowda IMS, Bangalore",TBRD,"₹13,88,744*","₹35,000*",1*,"₹50,00,000*",1100,-,-,-,-,-,-,-,14094(1),14094(1),21344(1),-,-,-
KAR Govt Quota-Open,2AG,Karnataka,"KIMS, Hubli",ANAESTHESIOLOGY,"₹1,24,150*","₹56,250",3*,"₹50,00,000*",1200,11941(1),11941(1),25049(1),-,-,-,-,8979(2),8979(2),21394(2),-,-,-
KAR Govt Quota-Open,GM,Karnataka,"Bangalore Med Coll, Bangalore",SPORTS MEDICINE,"₹1,24,150*","₹56,250",3*,"₹50,00,000*",1993,-,-,-,-,-,-,-,4431(1),7862(1),21399(1),-,-,-
KAR Govt Quota-Open,GM,Karnataka,"MS Ramaiah, Bangalore",ANAESTHESIOLOGY,"₹8,08,858*","₹45,000",1*,"₹50,00,000*",1331,15596(2),13481(2),29963(3),-,-,-,-,13263(3),12675(3),21402(3),-,-,-
KAR Govt Quota-Open,SCG,Karnataka,"Bangalore Med Coll, Bangalore",PAEDIATRICS,"₹1,24,150*","₹56,250",3*,"₹50,00,000*",1993,11321(1),13004(1),20249(1),-,-,-,-,9633(1),11701(1),21431(1),-,-,-
KAR Govt Quota-Open,3AG,Karnataka,"Gadag IMS, Gadag",ENT,"₹1,24,150*","₹56,250",3*,"₹50,00,000*",Info Not Available,-,-,-,-,-,-,-,-,-,21456(1),-,-,-
KAR Govt Quota-Open,GM,Karnataka,Kodagu Inst of Med Sciences,ENT,"₹1,24,150*","₹56,250",3*,"₹50,00,000*",600,-,-,-,-,-,-,-,-,-,21460(1),-,-,-
KAR Priv Seats-Min.,MC,Karnataka,"Father Mullers, Mangalore",OBG,"₹13,88,744*","₹35,000*",1*,"₹50,00,000*",1250,-,-,-,-,-,-,-,21482(1),21482(1),-,-,-,-
KAR Govt Quota-Open,GM,Karnataka,"Yenepoya Med Coll, Mangalore",GERIATRICS,"₹8,23,858*","₹45,000*",1*,"₹50,00,000*",910,-,-,-,-,-,-,-,-,-,21495(1),-,-,-
KAR Govt Quota-Open,SCG,Karnataka,"East Point College,Bangalore",DERMATOLOGY,"₹7,83,858*","₹20,000",1*,"₹50,00,000*",-,-,-,-,-,-,-,-,20792(1),20792(1),21514(1),-,-,-
KAR Govt Quota-Open,GM,Karnataka,"MS Ramaiah, Bangalore",ENT,"₹8,08,858*","₹45,000",1*,"₹50,00,000*",1331,17049(1),11421(1),21601(1),-,-,-,-,11580(1),11580(1),21616(2),-,-,-
KAR Govt Quota-Open,GM,Karnataka,"KS Hegde, Mangalore",ANAESTHESIOLOGY,"₹7,76,858*","₹45,000*",1*,"₹50,00,000*",1000,17670(1),18843(1),31823(1),-,-,-,-,11303(1),11042(1),21695(1),-,-,-
KAR Govt Quota-Open,3AG,Karnataka,"Sapthagiri IMS&RC, Bangalore",GENERAL SURGERY,"₹8,09,608*","₹10,000*",1*,"₹50,00,000*",500,-,-,-,-,-,-,-,-,-,21711(1),-,-,-
KAR Govt Quota-Open,GM,Karnataka,"Akash IMS,Devanhalli,Bangalore",GENERAL SURGERY,"₹7,83,858*","₹20,000",1*,"₹50,00,000*",760,13704(1),12545(1),28539(2),-,-,-,-,15747(1),15747(1),21748(1),-,-,-
KAR Govt Quota-Open,GM,Karnataka,"VIMS (Vydehi), Bangalore",OPHTHALMOLOGY,"₹7,83,858*","₹29,000*",1*,"₹50,00,000*",1600,-,-,-,-,-,-,-,17498(1),12579(1),21762(1),-,-,-
KAR Govt Quota-Open,3BG,Karnataka,"Mandya IMS, Mandya",ENT,"₹1,24,150*","₹56,250",3*,"₹50,00,000*",Info Not Available,-,-,-,-,-,-,-,11710(1),13465(1),21777(1),-,-,-
KAR Govt Quota-Open,GMH,Karnataka,"Koppal Inst of MS, Koppal",ANAESTHESIOLOGY,"₹1,24,150*","₹56,250",3*,"₹50,00,000*",Info Not Available,-,-,-,-,-,-,-,14767(1),12496(1),21784(1),-,-,-
KAR Govt Quota-Open,GM,Karnataka,"VIMS (Vydehi), Bangalore",ORTHOPAEDICS,"₹7,83,858*","₹29,000*",1*,"₹50,00,000*",1600,-,-,-,-,-,-,-,11285(1),10590(1),21800(2),-,-,-
KAR Govt Quota-Open,SCG,Karnataka,"ESI, Bangalore",GENERAL MEDICINE,"₹2,50,000*","₹1,11,780*",2*,"₹10,00,000*",530,-,-,-,-,-,-,-,6713(1),6713(1),21840(1),-,-,-
KAR Priv Seats-Min.,MA,Karnataka,"MVJMC&RH, Bangalore",DERMATOLOGY,"₹13,88,744*","₹10,000*",1*,"₹50,00,000*",833,-,-,-,-,-,-,-,12692(1),12692(1),21867(1),-,-,-
KAR Priv Seats-Min.,MC,Karnataka,"Father Mullers, Mangalore",GENERAL MEDICINE,"₹13,88,744*","₹35,000*",1*,"₹50,00,000*",1250,-,-,-,-,-,-,-,21519(6),19011(6),21934(6),-,-,-
KAR Govt Quota-Open,2AG,Karnataka,"Shimoga IMS, Shimoga",ANAESTHESIOLOGY,"₹1,24,150*","₹56,250",3*,"₹50,00,000*",950,12928(1),12928(1),31752(2),-,-,-,-,-,-,22033(1),-,-,-
KAR Govt Quota-Open,3BH,Karnataka,"VIMS, Bellary",ANAESTHESIOLOGY,"₹1,24,150*","₹56,250",3*,"₹50,00,000*",1295,-,-,-,-,-,-,-,10512(1),10512(1),22077(1),-,-,-
KAR Govt Quota-Open,1G,Karnataka,"Belagavi IMS, Belagavi",ORTHOPAEDICS,"₹1,24,150*","₹56,250",3*,"₹50,00,000*",1000,-,-,-,-,-,-,-,12287(1),12236(1),22111(1),-,-,-
KAR Govt Quota-Open,GM,Karnataka,"Nijalingappa, Bagalkot",GENERAL SURGERY,"₹7,83,858*","₹10,000*",1*,"₹50,00,000*",1140,10423(1),11882(1),26955(1),-,-,-,-,14306(1),14144(1),22126(2),-,-,-
KAR Govt Quota-Open,SCG,Karnataka,"Bidar IMS, Bidar",GENERAL MEDICINE,"₹1,24,150*","₹56,250",3*,"₹50,00,000*",500,-,-,-,-,-,-,-,7200(1),9176(1),22137(1),-,-,-
KAR Govt Quota-Open,2AH,Karnataka,"VIMS, Bellary",ANAESTHESIOLOGY,"₹1,24,150*","₹56,250",3*,"₹50,00,000*",1295,14861(1),15333(1),29935(1),-,-,-,-,-,-,22161(1),-,-,-
KAR Govt Quota-Open,GM,Karnataka,"Kidwai Memorial, Bangalore",RADIATION ONCOLOGY,"₹1,24,150*","₹56,250",3*,"₹50,00,000*",680,13461(2),13372(2),23610(2),-,-,-,-,4954(1),4344(1),22206(2),-,-,-
KAR Govt Quota-Open,2AG,Karnataka,"Kidwai Memorial, Bangalore",ANAESTHESIOLOGY,"₹1,24,150*","₹56,250",3*,"₹50,00,000*",680,16432(1),14262(1),28517(1),-,-,-,-,-,-,22247(1),-,-,-
KAR Govt Quota-Open,2AG,Karnataka,"SSIMS & RC, Davangere",GENERAL SURGERY,"₹7,83,858*","₹30,000",1*,"₹50,00,000*",1190,-,-,-,-,-,-,-,21018(1),18977(1),22263(1),-,-,-
KAR Govt Quota-Open,SCG,Karnataka,"Shridevi IMS, Tumkur",DERMATOLOGY,"₹7,83,858*",Info not available*,1*,"₹50,00,000*",750,-,-,-,-,-,-,-,-,-,22277(1),-,-,-
KAR Govt Quota-Open,3BG,Karnataka,"AJIMS, Mangalore",GENERAL SURGERY,"₹7,83,858*","₹30,000",1*,"₹50,00,000*",910,-,-,-,-,-,-,-,-,-,22303(1),-,-,-
KAR Govt Quota-Open,2AH,Karnataka,"Mysore Med Coll, Mysore",OPHTHALMOLOGY,"₹1,24,150*","₹56,250",3*,"₹50,00,000*",1050,-,-,-,-,-,-,-,8370(1),9932(1),22318(1),-,-,-
KAR Priv Seats-GMP,GMP,Karnataka,"JJM Med Coll, Davangere",ORTHOPAEDICS,"₹13,88,744*","₹30,000*",1*,"₹50,00,000*",1930,14261(2),12992(2),23529(2),-,-,-,-,19616(2),17773(2),22320(2),-,-,-
KAR Priv Seats-Open,OPN,Karnataka,"Kempegowda IMS, Bangalore",PSYCHIATRY,"₹13,88,744*","₹35,000*",1*,"₹50,00,000*",1100,-,-,-,-,-,-,-,11116(1),15111(1),22438(1),-,-,-
KAR Priv Seats-GMP,GMPH,Karnataka,"Father Mullers, Mangalore",GENERAL SURGERY,"₹13,88,744*","₹35,000*",1*,"₹50,00,000*",1250,-,-,-,-,-,-,-,21813(1),16489(1),22454(1),-,-,-
KAR Govt Quota-Open,2AG,Karnataka,"MS Ramaiah, Bangalore",ANAESTHESIOLOGY,"₹8,08,858*","₹45,000",1*,"₹50,00,000*",1331,-,-,-,-,-,-,-,15940(1),15940(1),22459(1),-,-,-
KAR Govt Quota-Open,GM,Karnataka,"DR BR Ambedkar, Bangalore",OPHTHALMOLOGY,"₹7,83,858*","₹10,000*",1*,"₹50,00,000*",570,16709(1),15591(1),31534(1),-,-,-,-,20698(1),16376(1),22467(1),-,-,-
KAR Govt Quota-Open,3BG,Karnataka,"Raichur IMS, Raichur",ANAESTHESIOLOGY,"₹1,24,150*","₹56,250",3*,"₹50,00,000*",500,-,-,-,-,-,-,-,13465(1),11974(1),22503(1),-,-,-
KAR Priv Seats-Min.,MU,Karnataka,"AJIMS, Mangalore",PAEDIATRICS,"₹13,88,744*","₹30,000",1*,"₹50,00,000*",910,16793(2),16793(2),21553(2),-,-,-,-,22541(2),20025(2),20025(2),-,-,-
KAR Govt Quota-Open,GMH,Karnataka,"KS Hegde, Mangalore",GENERAL SURGERY,"₹7,76,858*","₹45,000*",1*,"₹50,00,000*",1000,-,-,-,-,-,-,-,20221(1),14767(1),22569(1),-,-,-
KAR Govt Quota-Open,GM,Karnataka,"Father Mullers, Mangalore",EMERGENCY MEDICINE,"₹7,83,858*","₹35,000*",1*,"₹50,00,000*",1250,-,-,-,-,-,-,-,10643(1),10022(1),22580(1),-,-,-
KAR Govt Quota-Open,2BG,Karnataka,"MS Ramaiah, Bangalore",ANAESTHESIOLOGY,"₹8,08,858*","₹45,000",1*,"₹50,00,000*",1331,-,-,-,-,-,-,-,17413(1),22614(1),22614(1),-,-,-
KAR Govt Quota-Open,2AH,Karnataka,"Kempegowda IMS, Bangalore",GENERAL SURGERY,"₹7,83,858*","₹35,000*",1*,"₹50,00,000*",1100,-,-,-,-,-,-,-,19204(1),19204(1),22618(1),-,-,-
KAR Govt Quota-Open,GMH,Karnataka,"ESIC Med Coll,Gulbarga",ENT,"₹2,50,000*","₹1,11,780*",2*,"₹10,00,000*",480,20328(1),19251(1),27211(1),-,-,-,-,17826(1),14721(1),22649(1),-,-,-
KAR Govt Quota-Open,1H,Karnataka,"VIMS, Bellary",ORTHOPAEDICS,"₹1,24,150*","₹56,250",3*,"₹50,00,000*",1295,-,-,-,-,-,-,-,14846(1),14846(1),22673(1),-,-,-
KAR Govt Quota-Open,3BH,Karnataka,"Gulbarga IMS, Gulbarga",ANAESTHESIOLOGY,"₹1,24,150*","₹56,250",3*,"₹50,00,000*",873,-,-,-,-,-,-,-,-,-,22675(1),-,-,-
KAR Govt Quota-Open,GM,Karnataka,"Oxford Med Coll, Bangalore",GENERAL SURGERY,"₹7,83,858*","₹30,000*",1*,"₹50,00,000*",770,-,-,-,-,-,-,-,-,-,22678(1),-,-,-
KAR Govt Quota-Open,GM,Karnataka,"Sapthagiri IMS&RC, Bangalore",ORTHOPAEDICS,"₹8,09,608*","₹10,000*",1*,"₹50,00,000*",500,-,-,27823(1),-,-,-,-,14631(1),11285(1),22688(2),-,-,-
KAR Govt Quota-Open,GM,Karnataka,"AIMS, Adichunchanagiri, Bellur",OPHTHALMOLOGY,"₹7,83,858*","₹23,750",1*,"₹50,00,000*",1120,-,-,29425(1),-,-,-,-,16482(1),12070(1),22735(1),-,-,-
KAR Priv Seats-Open,OPN,Karnataka,"JJM Med Coll, Davangere",OPHTHALMOLOGY,"₹13,88,744*","₹30,000*",1*,"₹50,00,000*",1930,17579(2),16283(2),24222(2),-,61945(1),-,-,14420(2),13559(2),22800(2),-,-,-
KAR Priv Seats-GMP,GMP,Karnataka,"JJM Med Coll, Davangere",EMERGENCY MEDICINE,"₹13,88,744*","₹30,000*",1*,"₹50,00,000*",1930,22706(1),18894(1),28650(1),-,-,-,-,14938(1),20412(1),22876(1),-,-,-
KAR Priv Seats-GMP,GMPH,Karnataka,"St John's, Bangalore",EMERGENCY MEDICINE,"₹12,40,025*","₹45,000",1*,"₹5,00,000*",1720,-,-,-,-,-,-,-,22956(1),21813(1),21813(1),-,-,-
KAR Priv Seats-Min.,MM,Karnataka,"Kanachur IMS, Mangalore",PAEDIATRICS,"₹13,88,744*",Info not available,1*,"₹50,00,000*",785,-,-,-,-,-,-,-,23007(1),21760(1),23007(1),-,-,-
KAR Govt Quota-Open,GMH,Karnataka,"MS Ramaiah, Bangalore",ANAESTHESIOLOGY,"₹8,08,858*","₹45,000",1*,"₹50,00,000*",1331,21594(1),18070(1),33691(1),26242(1),-,-,-,20986(1),16719(1),23049(1),-,-,-
KAR Govt Quota-Open,GM,Karnataka,"Shridevi IMS, Tumkur",EMERGENCY MEDICINE,"₹7,83,858*",Info not available*,1*,"₹50,00,000*",750,-,-,-,-,-,-,-,-,-,23119(1),-,-,-
KAR Govt Quota-Open,GM,Karnataka,"Kempegowda IMS, Bangalore",ENT,"₹7,83,858*","₹35,000*",1*,"₹50,00,000*",1100,-,-,-,-,-,-,-,13548(1),13548(1),23151(2),-,-,-
KAR Govt Quota-Open,3BG,Karnataka,Kodagu Inst of Med Sciences,ENT,"₹1,24,150*","₹56,250",3*,"₹50,00,000*",600,-,-,-,-,-,-,-,-,-,23185(1),-,-,-
KAR Govt Quota-Open,SCG,Karnataka,"MS Ramaiah, Bangalore",GENERAL MEDICINE,"₹8,08,858*","₹45,000",1*,"₹50,00,000*",1331,12791(1),12791(1),13767(1),-,-,-,-,9176(1),15938(1),23254(1),-,-,-
KAR Priv Seats-Min.,ME,Karnataka,"VIMS (Vydehi), Bangalore",PAEDIATRICS,"₹13,88,744*","₹29,000*",1*,"₹50,00,000*",1600,17454(1),16596(1),21121(1),-,-,-,-,18440(3),16573(3),23337(3),-,-,-
KAR Govt Quota-Open,3AG,Karnataka,"AIMS, Adichunchanagiri, Bellur",GENERAL SURGERY,"₹7,83,858*","₹23,750",1*,"₹50,00,000*",1120,-,-,-,-,-,-,-,16668(1),14654(1),23403(1),-,-,-
KAR Govt Quota-Open,SCG,Karnataka,"Mysore Med Coll, Mysore",PAEDIATRICS,"₹1,24,150*","₹56,250",3*,"₹50,00,000*",1050,10169(1),11321(1),22729(1),-,-,-,-,8813(1),9633(1),23435(1),-,-,-
KAR Govt Quota-Open,2AH,Karnataka,"SSIMS & RC, Davangere",OBG,"₹7,83,858*","₹30,000",1*,"₹50,00,000*",1190,-,-,-,-,-,-,-,9288(1),9288(1),23454(1),-,-,-
KAR Govt Quota-Open,GM,Karnataka,"Kempegowda IMS, Bangalore",ANAESTHESIOLOGY,"₹7,83,858*","₹35,000*",1*,"₹50,00,000*",1100,-,-,27006(1),-,-,-,-,16581(2),15506(2),23531(2),-,-,-
KAR Govt Quota-Open,SCH,Karnataka,"ESIC Med Coll,Gulbarga",PAEDIATRICS,"₹2,50,000*","₹1,11,780*",2*,"₹10,00,000*",480,-,-,-,-,-,-,-,23571(1),23571(1),23571(1),-,-,-
KAR Priv Seats-Open,OPN,Karnataka,"SSIMS & RC, Davangere",ORTHOPAEDICS,"₹13,88,744*","₹30,000",1*,"₹50,00,000*",1190,14374(2),14374(2),26360(2),35905(1),-,-,-,18525(1),18525(1),23583(1),-,-,-
KAR Govt Quota-Open,SCH,Karnataka,"VIMS (Vydehi), Bangalore",RADIO DIAGNOSIS,"₹7,83,858*","₹29,000*",1*,"₹50,00,000*",1600,-,-,-,-,-,-,-,19849(1),19849(1),23599(1),-,-,-
KAR Priv Seats-Open,OPN,Karnataka,"Kempegowda IMS, Bangalore",ENT,"₹13,88,744*","₹35,000*",1*,"₹50,00,000*",1100,22127(1),20951(1),35236(1),-,-,-,-,18530(1),16431(1),23625(1),-,-,-
KAR Govt Quota-Open,2BG,Karnataka,"VIMS, Bellary",ENT,"₹1,24,150*","₹56,250",3*,"₹50,00,000*",1295,-,-,-,-,-,-,-,14412(1),14412(1),23674(1),-,-,-
KAR Priv Seats-Min.,ME,Karnataka,"Oxford Med Coll, Bangalore",PAEDIATRICS,"₹13,88,744*","₹30,000*",1*,"₹50,00,000*",770,28719(2),22342(2),29070(2),-,-,-,-,20990(1),20990(1),23720(1),-,-,-
KAR Priv Seats-Min.,RC3,Karnataka,"St John's, Bangalore",OBG,"₹12,80,025*","₹45,000",1*,"₹5,00,000*",1720,21253(2),21253(2),24207(2),-,-,-,-,9533(1),9533(1),23727(1),-,-,-
KAR Govt Quota-Open,1G,Karnataka,"Sapthagiri IMS&RC, Bangalore",GENERAL SURGERY,"₹8,09,608*","₹10,000*",1*,"₹50,00,000*",500,-,-,-,-,-,-,-,23806(1),23806(1),23806(1),-,-,-
KAR Priv Seats-GMP,GMP,Karnataka,"SDM College, Dharwad",PAEDIATRICS,"₹28,75,650*","₹45,000*",1*,"₹50,00,000*",670,19350(1),18813(1),30523(1),-,-,-,-,15958(1),16150(1),23810(1),-,-,-
KAR Govt Quota-Open,1G,Karnataka,"AJIMS, Mangalore",ORTHOPAEDICS,"₹7,83,858*","₹30,000",1*,"₹50,00,000*",910,-,-,-,-,-,-,-,17773(1),20336(1),23813(1),-,-,-
KAR Priv Seats-GMP,GMP,Karnataka,"Kempegowda IMS, Bangalore",GENERAL SURGERY,"₹13,88,744*","₹35,000*",1*,"₹50,00,000*",1100,11794(1),11794(1),24336(1),-,-,-,-,17792(4),17329(4),23870(4),-,-,-
KAR Govt Quota-Open,2AG,Karnataka,"KIMS, Hubli",PSYCHIATRY,"₹1,24,150*","₹56,250",3*,"₹50,00,000*",1200,16165(1),16165(1),33454(1),-,-,-,-,7002(1),7002(1),23896(1),-,-,-
KAR Govt Quota-Open,1G,Karnataka,"JJM Med Coll, Davangere",OPHTHALMOLOGY,"₹7,83,858*","₹30,000*",1*,"₹50,00,000*",1930,-,-,-,-,-,-,-,23952(1),16243(1),23952(1),-,-,-
KAR Govt Quota-Open,GM,Karnataka,"SSIMS & RC, Davangere",PSYCHIATRY,"₹7,83,858*","₹30,000",1*,"₹50,00,000*",1190,-,-,-,-,-,-,-,20492(1),17066(1),23980(1),-,-,-
KAR Govt Quota-Open,2AG,Karnataka,"AIMS, Adichunchanagiri, Bellur",ORTHOPAEDICS,"₹7,83,858*","₹23,750",1*,"₹50,00,000*",1120,-,-,33745(1),-,-,-,-,24041(1),20368(1),24041(1),-,-,-
KAR Govt Quota-Open,GM,Karnataka,"KVG Med Coll, Sullia",GENERAL SURGERY,"₹7,83,858*","₹7,500",1*,"₹50,00,000*",682,-,-,-,-,-,-,-,14643(1),15397(1),24047(1),-,-,-
KAR Govt Quota-Open,SCG,Karnataka,"JJM Med Coll, Davangere",GENERAL MEDICINE,"₹7,83,858*","₹30,000*",1*,"₹50,00,000*",1930,19080(1),13767(1),29223(1),-,-,-,-,15938(1),16679(1),24052(1),-,-,-
KAR Govt Quota-Open,1G,Karnataka,"Sapthagiri IMS&RC, Bangalore",TBRD,"₹8,09,608*","₹10,000*",1*,"₹50,00,000*",500,27720(1),19992(1),42526(1),-,-,-,-,17433(1),17433(1),24090(1),-,-,-
KAR Priv Seats-GMP,GMPH,Karnataka,"Navodaya Med Coll, Raichur",OBG,"₹13,88,744*","₹10,000*",1*,"₹50,00,000*",1110,26005(1),19765(1),26037(1),-,-,-,-,22698(1),17559(1),24093(1),-,-,-
KAR Priv Seats-GMP,GMPH,Karnataka,"Oxford Med Coll, Bangalore",OBG,"₹13,88,744*","₹30,000*",1*,"₹50,00,000*",770,26037(1),21744(1),27726(1),-,-,-,-,24093(1),22041(1),22041(1),-,-,-
KAR Govt Quota-Open,GM,Karnataka,"DR BR Ambedkar, Bangalore",ORTHOPAEDICS,"₹7,83,858*","₹10,000*",1*,"₹50,00,000*",570,-,-,25094(1),-,-,-,-,-,-,24131(1),-,-,-
KAR Priv Seats-GMP,GMP,Karnataka,"SSIMS & RC, Davangere",EMERGENCY MEDICINE,"₹13,88,744*","₹30,000",1*,"₹50,00,000*",1190,15172(1),15172(1),33064(1),-,-,-,-,24175(1),23341(1),23341(1),-,-,-
KAR Govt Quota-Open,2BG,Karnataka,"DR BR Ambedkar, Bangalore",DERMATOLOGY,"₹7,83,858*","₹10,000*",1*,"₹50,00,000*",570,-,-,-,-,-,-,-,-,-,24222(1),-,-,-
KAR Govt Quota-Open,3BG,Karnataka,"Sapthagiri IMS&RC, Bangalore",ORTHOPAEDICS,"₹8,09,608*","₹10,000*",1*,"₹50,00,000*",500,19196(1),17592(1),32041(1),-,-,-,-,19456(1),19183(1),24224(1),-,-,-
KAR Govt Quota-Open,GMH,Karnataka,"Mandya IMS, Mandya",PSYCHIATRY,"₹1,24,150*","₹56,250",3*,"₹50,00,000*",Info Not Available,-,-,-,-,-,-,-,12370(1),12370(1),24266(1),-,-,-
KAR Govt Quota-Open,2AG,Karnataka,"Belagavi IMS, Belagavi",PSYCHIATRY,"₹1,24,150*","₹56,250",3*,"₹50,00,000*",1000,-,-,-,-,-,-,-,14299(1),14299(1),24299(1),-,-,-
KAR Priv Seats-GMP,GMP,Karnataka,"Kempegowda IMS, Bangalore",ENT,"₹13,88,744*","₹35,000*",1*,"₹50,00,000*",1100,23323(1),23323(1),48990(1),-,-,-,-,20158(1),20158(1),24386(1),-,-,-
KAR Govt Quota-Open,2AG,Karnataka,"AIMS, Adichunchanagiri, Bellur",GENERAL SURGERY,"₹7,83,858*","₹23,750",1*,"₹50,00,000*",1120,-,-,-,-,-,-,-,-,-,24417(1),-,-,-
KAR Govt Quota-Open,2BG,Karnataka,"Hassan IMS, Hassan",OPHTHALMOLOGY,"₹1,24,150*","₹56,250",3*,"₹50,00,000*",Info Not Available,-,-,-,-,-,-,-,16977(1),9864(1),24419(1),-,-,-
KAR Govt Quota-Open,SCH,Karnataka,"Gulbarga IMS, Gulbarga",GENERAL MEDICINE,"₹1,24,150*","₹56,250",3*,"₹50,00,000*",873,14774(1),14774(1),27764(1),-,-,-,-,8276(1),8276(1),24427(1),-,-,-
KAR Govt Quota-Open,GMH,Karnataka,"Kempegowda IMS, Bangalore",ORTHOPAEDICS,"₹7,83,858*","₹35,000*",1*,"₹50,00,000*",1100,-,-,-,-,-,-,-,22458(1),17911(1),24470(1),-,-,-
KAR Priv Seats-Min.,MM,Karnataka,"Al-Ameen, Bijapur",GENERAL MEDICINE,"₹13,88,744*","₹9,000*",1*,"₹50,00,000*",1040,-,-,-,-,-,-,-,20303(4),20772(4),24502(3),-,-,-
KAR Govt Quota-Open,GMH,Karnataka,"JJM Med Coll, Davangere",ANAESTHESIOLOGY,"₹7,83,858*","₹30,000*",1*,"₹50,00,000*",1930,-,-,-,-,-,-,-,14816(1),14816(1),24580(1),-,-,-
KAR Govt Quota-Open,2BG,Karnataka,"JJM Med Coll, Davangere",GENERAL SURGERY,"₹7,83,858*","₹30,000*",1*,"₹50,00,000*",1930,-,-,-,-,-,-,-,-,-,24656(1),-,-,-
KAR Priv Seats-GMP,GMP,Karnataka,"SDM College, Dharwad",OBG,"₹28,75,050*","₹45,000*",1*,"₹50,00,000*",670,18990(1),16603(1),30443(1),-,-,-,-,20030(1),18565(1),24657(1),-,-,-
KAR Govt Quota-Open,3AG,Karnataka,"Kempegowda IMS, Bangalore",ORTHOPAEDICS,"₹7,83,858*","₹35,000*",1*,"₹50,00,000*",1100,-,-,-,-,-,-,-,15166(1),11857(1),24735(1),-,-,-
KAR Govt Quota-Open,2BG,Karnataka,"KIMS, Hubli",PSYCHIATRY,"₹1,24,150*","₹56,250",3*,"₹50,00,000*",1200,-,-,-,-,-,-,-,24793(1),24195(1),24793(1),-,-,-
KAR Priv Seats-Open,OPN,Karnataka,"BGS IMS, Bangalore",ORTHOPAEDICS,"₹13,88,744*","₹25,000*",1*,"₹50,00,000*",766,15459(1),15459(1),28184(1),39499(1),-,-,-,16056(1),19621(1),24799(1),-,-,-
KAR Priv Seats-Open,OPN,Karnataka,"VIMS (Vydehi), Bangalore",GENERAL SURGERY,"₹13,88,744*","₹29,000*",1*,"₹50,00,000*",1600,-,-,-,-,-,-,-,16628(2),16543(2),24860(2),-,-,-
KAR Priv Seats-Open,OPN,Karnataka,"SDM College, Dharwad",GENERAL SURGERY,"₹23,25,250*","₹45,000*",1*,"₹50,00,000*",670,21355(1),21355(1),29446(1),40826(1),-,-,-,14001(1),19772(1),24960(1),-,-,-
KAR Priv Seats-Min.,MC,Karnataka,"Father Mullers, Mangalore",EMERGENCY MEDICINE,"₹13,88,744*","₹35,000*",1*,"₹50,00,000*",1250,-,-,-,-,-,-,-,24989(1),24989(1),24989(1),-,-,-
KAR Govt Quota-Open,GMH,Karnataka,"DR BR Ambedkar, Bangalore",GENERAL SURGERY,"₹7,83,858*","₹10,000*",1*,"₹50,00,000*",570,-,-,-,-,-,-,-,13951(1),13951(1),24994(1),-,-,-
KAR Govt Quota-Open,GM,Karnataka,"Sapthagiri IMS&RC, Bangalore",PSYCHIATRY,"₹8,09,608*","₹10,000*",1*,"₹50,00,000*",500,20757(2),27760(2),52351(3),-,-,-,-,19727(1),19727(1),25001(2),-,-,-
KAR Govt Quota-Open,GM,Karnataka,"AJIMS, Mangalore",ANAESTHESIOLOGY,"₹7,83,858*","₹30,000",1*,"₹50,00,000*",910,22824(2),19978(2),33612(3),-,-,-,-,18934(2),16026(2),25154(2),-,-,-
KAR Priv Seats-Open,OPN,Karnataka,"SSIMS & RC, Davangere",GENERAL SURGERY,"₹13,88,744*","₹30,000",1*,"₹50,00,000*",1190,13640(1),12812(1),23342(1),-,-,-,-,17487(1),12368(1),25186(1),-,-,-
KAR Priv Seats-Min.,MEH,Karnataka,"Navodaya Med Coll, Raichur",DERMATOLOGY,"₹13,88,744*","₹10,000*",1*,"₹50,00,000*",1110,28237(1),19968(1),19968(1),-,-,-,-,17763(1),17763(1),25287(1),-,-,-
KAR Govt Quota-Open,GM,Karnataka,"MRMC, Gulbarga",OPHTHALMOLOGY,"₹7,83,858*","₹8,000*",1*,"₹50,00,000*",1038,19968(1),17120(1),34667(2),-,-,-,-,17942(1),17912(1),25288(3),-,-,-
KAR Govt Quota-Open,2AG,Karnataka,"Kempegowda IMS, Bangalore",TBRD,"₹7,83,858*","₹35,000*",1*,"₹50,00,000*",1100,-,-,-,-,-,-,-,-,-,25304(1),-,-,-
KAR Govt Quota-Open,GM,Karnataka,"SDM College, Dharwad",ANAESTHESIOLOGY,"₹7,83,858*","₹45,000*",1*,"₹50,00,000*",670,19056(1),15596(1),31735(1),-,-,-,-,11738(1),11303(1),25328(1),-,-,-
KAR Govt Quota-Open,GM,Karnataka,"SSIMS & RC, Davangere",ANAESTHESIOLOGY,"₹7,83,858*","₹30,000",1*,"₹50,00,000*",1190,17592(1),17944(1),34371(2),-,-,-,-,17364(2),16482(2),25340(2),-,-,-
KAR Priv Seats-Open,OPN,Karnataka,"St John's, Bangalore",ANAESTHESIOLOGY,"₹12,40,025*","₹45,000",1*,"₹5,00,000*",1720,14981(3),16609(3),30280(3),-,-,-,-,14595(2),12606(2),25358(2),-,-,-
KAR Govt Quota-Open,2AG,Karnataka,"Shridevi IMS, Tumkur",TBRD,"₹7,83,858*",Info not available*,1*,"₹50,00,000*",750,-,-,-,-,-,-,-,20623(1),20623(1),25403(1),-,-,-
KAR Govt Quota-Open,2AH,Karnataka,"ESIC Med Coll,Gulbarga",OPHTHALMOLOGY,"₹2,50,000*","₹1,11,780*",2*,"₹10,00,000*",480,-,-,-,-,-,-,-,10751(1),16666(1),25407(1),-,-,-
KAR Govt Quota-Open,SCG,Karnataka,"KIMS, Hubli",PAEDIATRICS,"₹1,24,150*","₹56,250",3*,"₹50,00,000*",1200,-,-,-,-,-,-,-,11378(1),11378(1),25412(1),-,-,-
KAR Priv Seats-Open,OPN,Karnataka,"KVG Med Coll, Sullia",TBRD,"₹13,88,744*","₹7,500",1*,"₹50,00,000*",682,14757(1),14402(1),24490(1),-,-,-,-,18034(1),14223(1),25449(1),-,-,-
KAR Govt Quota-Open,SCG,Karnataka,"ESI, Bangalore",GENERAL SURGERY,"₹2,50,000*","₹1,11,780*",2*,"₹10,00,000*",530,19546(1),19080(1),28082(1),-,-,-,-,-,-,25461(1),-,-,-
KAR Priv Seats-Min.,MA,Karnataka,"MVJMC&RH, Bangalore",RADIO DIAGNOSIS,"₹13,88,744*","₹10,000*",1*,"₹50,00,000*",833,33972(1),29404(1),29404(1),-,-,-,-,18845(2),18845(2),25472(1),-,-,-
KAR Priv Seats-Open,OPN,Karnataka,"DR BR Ambedkar, Bangalore",GENERAL SURGERY,"₹13,88,744*","₹10,000*",1*,"₹50,00,000*",570,12812(1),11117(1),24931(1),-,-,-,-,16585(1),18404(1),25588(1),-,-,-
KAR Govt Quota-Open,2AH,Karnataka,"Bidar IMS, Bidar",ANAESTHESIOLOGY,"₹1,24,150*","₹56,250",3*,"₹50,00,000*",500,-,-,-,-,-,-,-,14013(1),14915(1),25628(1),-,-,-
KAR Govt Quota-Open,2AH,Karnataka,Kodagu Inst of Med Sciences,ANAESTHESIOLOGY,"₹1,24,150*","₹56,250",3*,"₹50,00,000*",600,-,-,-,-,-,-,-,14915(1),11937(1),25641(1),-,-,-
KAR Priv Seats-GMP,GMP,Karnataka,"Kempegowda IMS, Bangalore",ORTHOPAEDICS,"₹13,88,744*","₹35,000*",1*,"₹50,00,000*",1100,-,-,-,-,-,-,-,21855(3),18934(3),25688(3),-,-,-
KAR Govt Quota-Open,2AG,Karnataka,"KIMS, Hubli",OPHTHALMOLOGY,"₹1,24,150*","₹56,250",3*,"₹50,00,000*",1200,-,-,24519(1),-,-,-,-,9721(1),9586(1),25694(1),-,-,-
KAR Govt Quota-Open,STG,Karnataka,"Bangalore Med Coll, Bangalore",ORTHOPAEDICS,"₹1,24,150*","₹56,250",3*,"₹50,00,000*",1993,-,-,-,-,-,-,-,25733(1),25733(1),-,-,-,-
KAR Govt Quota-Open,1G,Karnataka,"AIMS, Adichunchanagiri, Bellur",ORTHOPAEDICS,"₹7,83,858*","₹23,750",1*,"₹50,00,000*",1120,-,-,-,-,-,-,-,23813(1),22111(1),25781(1),-,-,-
KAR Govt Quota-Open,GM,Karnataka,"VIMS (Vydehi), Bangalore",ANAESTHESIOLOGY,"₹7,83,858*","₹29,000*",1*,"₹50,00,000*",1600,-,-,-,-,-,-,-,18015(1),15854(1),25792(1),-,-,-
KAR Govt Quota-Open,SCG,Karnataka,"Kempegowda IMS, Bangalore",GENERAL MEDICINE,"₹7,83,858*","₹35,000*",1*,"₹50,00,000*",1100,15059(1),15059(1),15059(1),-,-,-,-,19016(2),17675(2),25824(2),-,-,-
KAR Govt Quota-Open,GM,Karnataka,"Kanachur IMS, Mangalore",OPHTHALMOLOGY,"₹7,83,858*",Info not available,1*,"₹50,00,000*",785,-,-,-,-,-,-,-,11231(1),21503(1),25941(1),-,-,-
KAR Govt Quota-Open,GMH,Karnataka,"Sapthagiri IMS&RC, Bangalore",GENERAL SURGERY,"₹8,09,608*","₹10,000*",1*,"₹50,00,000*",500,20633(1),14682(1),35356(1),-,-,-,-,24230(1),19886(1),25955(1),-,-,-
KAR Govt Quota-Open,3BG,Karnataka,"SDM College, Dharwad",ANAESTHESIOLOGY,"₹7,83,858*","₹45,000*",1*,"₹50,00,000*",670,-,-,-,-,-,-,-,21844(1),17578(1),26034(1),-,-,-
KAR Priv Seats-Open,OPN,Karnataka,"SDM College, Dharwad",EMERGENCY MEDICINE,"₹7,66,450*","₹45,000*",1*,"₹50,00,000*",670,-,-,-,-,-,-,-,12149(1),12149(1),26056(1),-,-,-
KAR Govt Quota-Open,3BG,Karnataka,"SSIMS & RC, Davangere",ANAESTHESIOLOGY,"₹7,83,858*","₹30,000",1*,"₹50,00,000*",1190,-,-,-,-,-,-,-,-,-,26060(1),-,-,-
KAR Govt Quota-Open,2AG,Karnataka,"KVG Med Coll, Sullia",GENERAL SURGERY,"₹7,83,858*","₹7,500",1*,"₹50,00,000*",682,-,-,-,-,-,-,-,26158(1),21018(1),26158(1),-,-,-
KAR Govt Quota-Open,GM,Karnataka,"Al-Ameen, Bijapur",GENERAL SURGERY,"₹7,83,858*","₹9,000*",1*,"₹50,00,000*",1040,-,-,-,-,-,-,-,15675(1),18263(1),26169(2),-,-,-
KAR Govt Quota-Open,STG,Karnataka,"ESI, Bangalore",OBG,"₹2,50,000*","₹1,11,780*",2*,"₹10,00,000*",530,-,-,-,-,-,-,-,26183(1),12150(1),26183(1),-,-,-
KAR Govt Quota-Open,GM,Karnataka,"East Point College,Bangalore",GENERAL SURGERY,"₹7,83,858*","₹20,000",1*,"₹50,00,000*",-,-,-,-,-,-,-,-,16501(1),16585(1),26222(1),-,-,-
KAR Govt Quota-Open,2BG,Karnataka,"AJIMS, Mangalore",GENERAL SURGERY,"₹7,83,858*","₹30,000",1*,"₹50,00,000*",910,27737(1),25255(1),30385(1),-,-,-,-,16625(1),16625(1),26236(1),-,-,-
KAR Govt Quota-Open,GM,Karnataka,"KVG Med Coll, Sullia",ORTHOPAEDICS,"₹7,83,858*","₹7,500",1*,"₹50,00,000*",682,14885(1),14885(1),26088(1),-,-,-,-,-,-,26415(1),-,-,-
KAR Govt Quota-Open,SCG,Karnataka,"VIMS (Vydehi), Bangalore",GENERAL MEDICINE,"₹7,83,858*","₹29,000*",1*,"₹50,00,000*",1600,-,-,-,-,-,-,-,23254(1),19016(1),26425(1),-,-,-
KAR Govt Quota-Open,GM,Karnataka,"AJIMS, Mangalore",ENT,"₹7,83,858*","₹30,000",1*,"₹50,00,000*",910,-,-,30178(1),-,-,-,-,13732(1),13732(1),26482(1),-,-,-
KAR Govt Quota-Open,GM,Karnataka,"SSIMS & RC, Davangere",ENT,"₹7,83,858*","₹30,000",1*,"₹50,00,000*",1190,18138(1),21411(1),34272(1),-,-,-,-,21464(1),17742(1),26537(1),-,-,-
KAR Govt Quota-Open,2AG,Karnataka,"Bangalore Med Coll, Bangalore",ENT,"₹1,24,150*","₹56,250",3*,"₹50,00,000*",1993,17899(1),17899(1),23734(1),-,-,-,-,10669(1),7468(1),26544(1),-,-,-
KAR Govt Quota-Open,GM,Karnataka,"Yenepoya Med Coll, Mangalore",ANAESTHESIOLOGY,"₹8,23,858*","₹45,000*",1*,"₹50,00,000*",910,23575(1),20485(1),31343(1),-,-,-,-,16802(1),16581(1),26643(1),-,-,-
KAR Priv Seats-Min.,ME,Karnataka,"VIMS (Vydehi), Bangalore",OBG,"₹13,88,744*","₹29,000*",1*,"₹50,00,000*",1600,18623(4),18567(4),23152(4),-,-,-,-,16132(2),16132(2),26701(2),-,-,-
KAR Govt Quota-Open,GM,Karnataka,"KVG Med Coll, Sullia",PSYCHIATRY,"₹7,83,858*","₹7,500",1*,"₹50,00,000*",682,28970(1),19697(1),48241(1),-,-,-,-,25903(1),26730(1),26730(1),-,-,-
KAR Govt Quota-Open,1H,Karnataka,"Bangalore Med Coll, Bangalore",ANAESTHESIOLOGY,"₹1,24,150*","₹56,250",3*,"₹50,00,000*",1993,-,-,-,-,-,-,-,15309(1),14547(1),26820(1),-,-,-
KAR Govt Quota-Open,2BH,Karnataka,"MRMC, Gulbarga",GENERAL SURGERY,"₹7,83,858*","₹8,000*",1*,"₹50,00,000*",1038,-,-,-,-,-,-,-,26852(1),16977(1),26852(1),-,-,-
KAR Govt Quota-Open,2AG,Karnataka,"Kempegowda IMS, Bangalore",EMERGENCY MEDICINE,"₹7,83,858*","₹35,000*",1*,"₹50,00,000*",1100,8704(1),8704(1),27478(1),-,-,-,-,22824(1),22824(1),26870(1),-,-,-
KAR Govt Quota-Open,3BG,Karnataka,"Kempegowda IMS, Bangalore",ANAESTHESIOLOGY,"₹7,83,858*","₹35,000*",1*,"₹50,00,000*",1100,-,-,-,-,-,-,-,26034(1),19456(1),26872(1),-,-,-
KAR Govt Quota-Open,SCG,Karnataka,"Mandya IMS, Mandya",PAEDIATRICS,"₹1,24,150*","₹56,250",3*,"₹50,00,000*",Info Not Available,14329(1),14329(1),24593(1),-,-,-,-,11701(1),12151(1),26874(2),-,-,-
KAR Govt Quota-Open,2AG,Karnataka,"VIMS, Bellary",ENT,"₹1,24,150*","₹56,250",3*,"₹50,00,000*",1295,-,-,-,-,-,-,-,-,-,26909(1),-,-,-
KAR Govt Quota-Open,SCG,Karnataka,"KIMS, Hubli",OBG,"₹1,24,150*","₹56,250",3*,"₹50,00,000*",1200,18964(2),18852(2),30021(2),-,-,-,-,17987(2),18767(2),26942(2),-,-,-
KAR Priv Seats-Open,OPN,Karnataka,"Kanachur IMS, Mangalore",ANAESTHESIOLOGY,"₹13,88,744*",Info not available,1*,"₹50,00,000*",785,31300(1),30808(1),66186(1),-,-,-,-,26955(1),26955(1),-,-,-,-
KAR Govt Quota-Open,SCG,Karnataka,"Navodaya Med Coll, Raichur",DERMATOLOGY,"₹7,83,858*","₹10,000*",1*,"₹50,00,000*",1110,-,-,-,-,-,-,-,21514(1),21514(1),26983(1),-,-,-
KAR Govt Quota-Open,GM,Karnataka,"Kanachur IMS, Mangalore",ORTHOPAEDICS,"₹7,83,858*",Info not available,1*,"₹50,00,000*",785,-,-,-,-,-,-,-,19019(1),17007(1),27125(1),-,-,-
KAR Govt Quota-Open,GM,Karnataka,"Nijalingappa, Bagalkot",PSYCHIATRY,"₹7,83,858*","₹10,000*",1*,"₹50,00,000*",1140,-,-,-,-,-,-,-,-,-,27127(1),-,-,-
KAR Govt Quota-Open,1G,Karnataka,"Bangalore Med Coll, Bangalore",OPHTHALMOLOGY,"₹1,24,150*","₹56,250",3*,"₹50,00,000*",1993,13041(1),15061(1),15061(1),-,-,-,-,6030(1),6030(1),27130(2),-,-,-
KAR Govt Quota-Open,1G,Karnataka,Kodagu Inst of Med Sciences,ANAESTHESIOLOGY,"₹1,24,150*","₹56,250",3*,"₹50,00,000*",600,-,-,-,-,-,-,-,13587(1),13925(1),27142(1),-,-,-
KAR Govt Quota-Open,GM,Karnataka,"BGS IMS, Bangalore",ENT,"₹7,83,858*","₹25,000*",1*,"₹50,00,000*",766,-,-,-,-,-,-,-,20284(1),20284(1),27189(1),-,-,-
KAR Govt Quota-Open,SCG,Karnataka,"AIMS, Adichunchanagiri, Bellur",GENERAL MEDICINE,"₹7,83,858*","₹23,750",1*,"₹50,00,000*",1120,-,-,-,-,-,-,-,-,-,27196(1),-,-,-
KAR Govt Quota-Open,GM,Karnataka,"AJIMS, Mangalore",PSYCHIATRY,"₹7,83,858*","₹30,000",1*,"₹50,00,000*",910,-,-,33254(1),-,-,-,-,18357(1),18357(1),27226(1),-,-,-
KAR Govt Quota-Open,STG,Karnataka,"Shimoga IMS, Shimoga",GENERAL MEDICINE,"₹1,24,150*","₹56,250",3*,"₹50,00,000*",950,-,-,-,-,-,-,-,27227(1),27227(1),27227(1),-,-,-
KAR Govt Quota-Open,SCG,Karnataka,"Shimoga IMS, Shimoga",OBG,"₹1,24,150*","₹56,250",3*,"₹50,00,000*",950,-,-,-,-,-,-,-,17124(1),17987(1),27237(1),-,-,-
KAR Priv Seats-GMP,GMP,Karnataka,"SDM College, Dharwad",TBRD,"₹11,15,750*","₹45,000*",1*,"₹50,00,000*",670,-,-,-,-,-,-,-,15460(1),15460(1),27318(1),-,-,-
KAR Govt Quota-Open,3AG,Karnataka,"MRMC, Gulbarga",ORTHOPAEDICS,"₹7,83,858*","₹8,000*",1*,"₹50,00,000*",1038,-,-,-,-,-,-,-,24735(1),21420(1),27328(1),-,-,-
KAR Priv Seats-Open,OPN,Karnataka,"Father Mullers, Mangalore",OPHTHALMOLOGY,"₹13,88,744*","₹35,000*",1*,"₹50,00,000*",1250,19744(1),16729(1),28201(1),-,-,-,-,17041(1),11231(1),27354(1),-,-,-
KAR Priv Seats-GMP,GMP,Karnataka,"VIMS (Vydehi), Bangalore",GENERAL SURGERY,"₹13,88,744*","₹29,000*",1*,"₹50,00,000*",1600,18289(2),16613(2),30272(2),-,-,-,-,19714(1),17430(1),27355(1),-,-,-
KAR Govt Quota-Open,3AG,Karnataka,"Basaveswara, Chitradurga",GENERAL SURGERY,"₹7,83,858*","₹5,000*",1*,"₹50,00,000*",500,-,-,-,-,-,-,-,16906(1),20515(1),27405(1),-,-,-
KAR Govt Quota-Open,SCH,Karnataka,"VIMS, Bellary",PAEDIATRICS,"₹1,24,150*","₹56,250",3*,"₹50,00,000*",1295,-,-,-,-,-,-,-,15162(1),15162(1),27517(1),-,-,-
KAR Priv Seats-GMP,GMP,Karnataka,"SSIMS & RC, Davangere",GENERAL SURGERY,"₹13,88,744*","₹30,000",1*,"₹50,00,000*",1190,18782(1),13640(1),26580(1),-,-,-,-,19049(1),21132(1),27522(1),-,-,-
KAR Govt Quota-Open,2AG,Karnataka,"Belagavi IMS, Belagavi",OPHTHALMOLOGY,"₹1,24,150*","₹56,250",3*,"₹50,00,000*",1000,-,-,-,-,-,-,-,9932(1),9721(1),27535(1),-,-,-
KAR Govt Quota-Open,3BH,Karnataka,"Belagavi IMS, Belagavi",PSYCHIATRY,"₹1,24,150*","₹56,250",3*,"₹50,00,000*",1000,-,-,-,-,-,-,-,17490(1),12118(1),27558(1),-,-,-
KAR Govt Quota-Open,2AG,Karnataka,"Bidar IMS, Bidar",OPHTHALMOLOGY,"₹1,24,150*","₹56,250",3*,"₹50,00,000*",500,-,-,-,-,-,-,-,12523(1),11398(1),27572(1),-,-,-
KAR Priv Seats-Open,OPN,Karnataka,"BGS IMS, Bangalore",GENERAL SURGERY,"₹13,88,744*","₹25,000*",1*,"₹50,00,000*",766,15202(1),15202(1),24693(1),-,-,-,-,20515(3),17792(3),27582(3),-,-,-
KAR Govt Quota-Open,2AG,Karnataka,"AJIMS, Mangalore",ANAESTHESIOLOGY,"₹7,83,858*","₹30,000",1*,"₹50,00,000*",910,28517(1),28517(1),45669(1),-,-,-,-,25328(1),24096(1),27591(1),-,-,-
KAR Priv Seats-Min.,MM,Karnataka,"Kanachur IMS, Mangalore",OBG,"₹13,88,744*",Info not available,1*,"₹50,00,000*",785,-,-,-,-,-,-,-,21760(1),21327(1),27596(1),-,-,-
KAR Priv Seats-GMP,GMP,Karnataka,"SSIMS & RC, Davangere",ORTHOPAEDICS,"₹13,88,744*","₹30,000",1*,"₹50,00,000*",1190,17944(1),16381(1),29943(1),-,-,-,-,23115(2),22320(2),27597(2),-,-,-
KAR Govt Quota-Open,GM,Karnataka,"Al-Ameen, Bijapur",ORTHOPAEDICS,"₹7,83,858*","₹9,000*",1*,"₹50,00,000*",1040,17251(1),18231(1),31269(1),-,-,-,-,19664(1),21800(1),27617(1),-,-,-
KAR Priv Seats-Min.,RC3,Karnataka,"St John's, Bangalore",ENT,"₹12,05,025*","₹45,000",1*,"₹5,00,000*",1720,17187(1),17187(1),84750(2),-,-,-,-,-,-,27618(2),-,-,-
KAR Priv Seats-Open,OPN,Karnataka,"Kempegowda IMS, Bangalore",EMERGENCY MEDICINE,"₹13,88,744*","₹35,000*",1*,"₹50,00,000*",1100,16392(1),14188(1),21740(1),-,-,-,-,13354(1),13354(1),27669(1),-,-,-
KAR Priv Seats-Open,OPN,Karnataka,"Oxford Med Coll, Bangalore",ORTHOPAEDICS,"₹13,88,744*","₹30,000*",1*,"₹50,00,000*",770,-,-,-,-,-,-,-,22199(1),22199(1),27670(1),-,-,-
KAR Govt Quota-Open,GM,Karnataka,"Oxford Med Coll, Bangalore",ORTHOPAEDICS,"₹7,83,858*","₹30,000*",1*,"₹50,00,000*",770,-,-,-,-,-,-,-,19042(1),19042(1),27738(1),-,-,-
KAR Govt Quota-Open,GM,Karnataka,"DR BR Ambedkar, Bangalore",EMERGENCY MEDICINE,"₹7,83,858*","₹10,000*",1*,"₹50,00,000*",570,-,-,-,-,-,-,-,14317(1),14317(1),27803(1),-,-,-
KAR Govt Quota-Open,2BH,Karnataka,"MRMC, Gulbarga",DERMATOLOGY,"₹7,83,858*","₹8,000*",1*,"₹50,00,000*",1038,-,-,-,-,-,-,-,12379(1),18871(1),27806(1),-,-,-
KAR Govt Quota-Open,GM,Karnataka,"SMC, Shimoga",ORTHOPAEDICS,"₹7,83,858*",Info not available,1*,"₹50,00,000*",1250,-,-,-,45016(1),-,-,-,-,-,27821(1),-,-,-
KAR Priv Seats-Open,OPN,Karnataka,"SDM College, Dharwad",ORTHOPAEDICS,"₹25,45,150*","₹45,000*",1*,"₹50,00,000*",670,20051(1),25523(1),36883(1),-,-,-,-,22994(1),26262(1),27865(1),-,-,-
KAR Govt Quota-Open,SCG,Karnataka,"Sapthagiri IMS&RC, Bangalore",GENERAL MEDICINE,"₹8,09,608*","₹10,000*",1*,"₹50,00,000*",500,31555(1),33347(1),33347(1),-,-,-,-,26425(1),26425(1),27866(1),-,-,-
KAR Govt Quota-Open,GMH,Karnataka,"Koppal Inst of MS, Koppal",PHYSIOLOGY,"₹41,650*","₹56,250",3*,"₹50,00,000*",Info Not Available,-,-,-,-,-,-,-,27886(1),27886(1),-,-,-,-
KAR Govt Quota-Open,2AG,Karnataka,"Gulbarga IMS, Gulbarga",OPHTHALMOLOGY,"₹1,24,150*","₹56,250",3*,"₹50,00,000*",873,-,-,-,-,-,-,-,-,-,28022(1),-,-,-
KAR Govt Quota-Open,3BG,Karnataka,"Sapthagiri IMS&RC, Bangalore",GENERAL SURGERY,"₹8,09,608*","₹10,000*",1*,"₹50,00,000*",500,-,-,-,-,-,-,-,27803(1),18493(1),28147(1),-,-,-
KAR Govt Quota-Open,GM,Karnataka,"Basaveswara, Chitradurga",EMERGENCY MEDICINE,"₹7,83,858*","₹5,000*",1*,"₹50,00,000*",500,-,-,-,-,-,-,-,19983(1),14298(1),28180(1),-,-,-
KAR Govt Quota-Open,GM,Karnataka,"Navodaya Med Coll, Raichur",ORTHOPAEDICS,"₹7,83,858*","₹10,000*",1*,"₹50,00,000*",1110,-,-,26373(1),-,-,-,-,14975(1),19664(1),28182(1),-,-,-
KAR Govt Quota-Open,GM,Karnataka,"AIMS, Adichunchanagiri, Bellur",ANAESTHESIOLOGY,"₹7,83,858*","₹23,750",1*,"₹50,00,000*",1120,23447(2),23236(2),39300(3),-,-,-,-,18829(2),17364(2),28292(3),-,-,-
KAR Govt Quota-Open,SCG,Karnataka,"Belagavi IMS, Belagavi",PAEDIATRICS,"₹1,24,150*","₹56,250",3*,"₹50,00,000*",1000,-,-,-,-,-,-,-,12151(1),14480(1),28306(1),-,-,-
KAR Govt Quota-Open,2AG,Karnataka,"VIMS (Vydehi), Bangalore",ANAESTHESIOLOGY,"₹7,83,858*","₹29,000*",1*,"₹50,00,000*",1600,-,-,-,-,-,-,-,23497(1),24065(1),28311(1),-,-,-
KAR Govt Quota-Open,2BG,Karnataka,"Sapthagiri IMS&RC, Bangalore",ORTHOPAEDICS,"₹8,09,608*","₹10,000*",1*,"₹50,00,000*",500,-,-,-,-,-,-,-,22688(1),22688(1),28385(1),-,-,-
KAR Govt Quota-Open,GM,Karnataka,"AJIMS, Mangalore",OPHTHALMOLOGY,"₹7,83,858*","₹30,000",1*,"₹50,00,000*",910,-,-,-,-,-,-,-,-,-,28430(1),-,-,-
KAR Priv Seats-Open,OPN,Karnataka,"St John's, Bangalore",OBG,"₹12,80,025*","₹45,000",1*,"₹5,00,000*",1720,3993(1),3993(1),8290(1),-,-,-,-,6442(1),6442(1),6442(1),-,-,28433(1)
KAR Govt Quota-Open,GM,Karnataka,"BGS IMS, Bangalore",ANAESTHESIOLOGY,"₹7,83,858*","₹25,000*",1*,"₹50,00,000*",766,23275(1),20091(1),34153(1),-,-,-,-,-,-,28475(1),-,-,-
KAR Priv Seats-GMP,GMP,Karnataka,"Kanachur IMS, Mangalore",TBRD,"₹13,88,744*",Info not available,1*,"₹50,00,000*",785,26074(1),21360(1),33682(1),-,-,-,-,18217(1),15560(1),28479(1),-,-,-
KAR Govt Quota-Open,GM,Karnataka,"AIMS, Adichunchanagiri, Bellur",ENT,"₹7,83,858*","₹23,750",1*,"₹50,00,000*",1120,-,-,36153(1),-,-,-,-,21762(1),17175(1),28490(1),-,-,-
KAR Govt Quota-Open,2AG,Karnataka,"Mandya IMS, Mandya",ENT,"₹1,24,150*","₹56,250",3*,"₹50,00,000*",Info Not Available,-,-,-,-,-,-,-,13339(1),10669(1),28573(1),-,-,-
KAR Govt Quota-Open,SCG,Karnataka,"Chamrajanagar IMS, Karnataka",OBG,"₹1,24,150*","₹56,250",3*,"₹50,00,000*",750,23155(1),23155(1),33852(1),-,-,-,-,18767(1),19672(1),28585(1),-,-,-
KAR Govt Quota-Open,GM,Karnataka,"DR BR Ambedkar, Bangalore",ANAESTHESIOLOGY,"₹7,83,858*","₹10,000*",1*,"₹50,00,000*",570,24200(2),23447(2),41311(3),-,-,-,-,23810(1),17545(1),28659(1),-,-,-
KAR Govt Quota-Open,STG,Karnataka,"JJM Med Coll, Davangere",DERMATOLOGY,"₹7,83,858*","₹30,000*",1*,"₹50,00,000*",1930,-,-,-,-,-,-,-,21528(1),21528(1),28739(1),-,-,-
KAR Govt Quota-Open,2AG,Karnataka,"Nijalingappa, Bagalkot",ORTHOPAEDICS,"₹7,83,858*","₹10,000*",1*,"₹50,00,000*",1140,-,-,-,-,-,-,-,26929(1),26870(1),28773(1),-,-,-
KAR Priv Seats-Min.,RC2,Karnataka,"St John's, Bangalore",DERMATOLOGY,"₹12,80,025*","₹45,000",1*,"₹5,00,000*",1720,42367(2),42367(2),42367(2),-,-,-,-,28827(3),16836(3),28827(2),-,-,-
KAR Govt Quota-Open,SCG,Karnataka,"Bangalore Med Coll, Bangalore",ORTHOPAEDICS,"₹1,24,150*","₹56,250",3*,"₹50,00,000*",1993,18030(1),20335(1),22503(1),-,-,-,-,16059(1),16059(1),28957(1),-,-,-
KAR Priv Seats-GMP,GMPH,Karnataka,"AJIMS, Mangalore",GENERAL SURGERY,"₹13,88,744*","₹30,000",1*,"₹50,00,000*",910,-,-,-,-,-,-,-,22618(1),22303(1),28964(1),-,-,-
KAR Priv Seats-Min.,MU,Karnataka,"AJIMS, Mangalore",ORTHOPAEDICS,"₹13,88,744*","₹30,000",1*,"₹50,00,000*",910,22116(2),22116(2),27767(2),-,-,-,-,24313(2),20909(2),28990(2),-,-,-
KAR Govt Quota-Open,GM,Karnataka,"Shridevi IMS, Tumkur",ORTHOPAEDICS,"₹7,83,858*",Info not available*,1*,"₹50,00,000*",750,-,-,29190(1),-,-,-,-,19621(1),9913(1),28995(1),-,-,-
KAR Priv Seats-Open,OPN,Karnataka,"Oxford Med Coll, Bangalore",GENERAL SURGERY,"₹13,88,744*","₹30,000*",1*,"₹50,00,000*",770,15621(1),15621(1),28968(1),23420(1),32372(1),-,-,22557(1),21847(1),29067(1),-,-,-
KAR Govt Quota-Open,SCG,Karnataka,"Father Mullers, Mangalore",PSYCHIATRY,"₹7,83,858*","₹35,000*",1*,"₹50,00,000*",1250,-,-,-,-,-,-,-,29069(1),29069(1),29069(1),-,-,-
KAR Priv Seats-GMP,GMP,Karnataka,"AJIMS, Mangalore",PSYCHIATRY,"₹13,88,744*","₹30,000",1*,"₹50,00,000*",910,-,-,-,-,-,-,-,29139(1),29139(1),29139(1),-,-,-
KAR Govt Quota-Open,2AG,Karnataka,"Gadag IMS, Gadag",ENT,"₹1,24,150*","₹56,250",3*,"₹50,00,000*",Info Not Available,-,-,37946(1),-,-,-,-,14404(1),11738(1),29170(1),-,-,-
KAR Priv Seats-Min.,ME,Karnataka,"Akash IMS,Devanhalli,Bangalore",PAEDIATRICS,"₹13,88,744*","₹20,000",1*,"₹50,00,000*",760,25335(2),25335(2),28237(2),-,-,-,-,21375(1),21375(1),29254(1),-,-,-
KAR Priv Seats-Min.,RC2,Karnataka,"St John's, Bangalore",RADIO DIAGNOSIS,"₹12,80,025*","₹45,000",1*,"₹5,00,000*",1720,27432(4),27432(4),27432(4),-,-,-,-,29378(5),28827(5),29378(2),-,-,-
KAR Priv Seats-Open,OPN,Karnataka,"DR BR Ambedkar, Bangalore",ORTHOPAEDICS,"₹13,88,744*","₹10,000*",1*,"₹50,00,000*",570,-,-,-,-,-,-,-,19355(1),16566(1),29380(1),-,-,-
KAR Priv Seats-Open,OPN,Karnataka,"Nijalingappa, Bagalkot",GENERAL SURGERY,"₹13,88,744*","₹10,000*",1*,"₹50,00,000*",1140,19248(1),17651(1),26942(1),-,-,-,-,21235(1),21235(1),29437(1),-,-,-
KAR Priv Seats-GMP,GMP,Karnataka,"MRMC, Gulbarga",GENERAL SURGERY,"₹13,88,744*","₹8,000*",1*,"₹50,00,000*",1038,20959(1),18371(1),33407(1),-,-,-,-,23870(2),19049(2),29447(2),-,-,-
KAR Priv Seats-GMP,GMP,Karnataka,"Kempegowda IMS, Bangalore",EMERGENCY MEDICINE,"₹13,88,744*","₹35,000*",1*,"₹50,00,000*",1100,-,-,-,-,-,-,-,18363(1),15754(1),29458(1),-,-,-
KAR Govt Quota-Open,GM,Karnataka,"MVJMC&RH, Bangalore",ENT,"₹7,83,858*","₹10,000*",1*,"₹50,00,000*",833,-,-,-,-,-,-,-,21144(1),21144(1),29493(1),-,-,-
KAR Govt Quota-Open,3BG,Karnataka,"SMC, Shimoga",GENERAL SURGERY,"₹7,83,858*",Info not available,1*,"₹50,00,000*",1250,-,-,-,-,-,-,-,25077(1),21100(1),29553(1),-,-,-
KAR Govt Quota-Open,2AG,Karnataka,"JSS Med Coll, Mysore",OPHTHALMOLOGY,"₹7,83,858*","₹45,000*",1*,"₹50,00,000*",2060,-,-,-,-,-,-,-,24486(1),12523(1),29596(1),-,-,-
KAR Govt Quota-Open,GM,Karnataka,"Sapthagiri IMS&RC, Bangalore",OPHTHALMOLOGY,"₹8,09,608*","₹10,000*",1*,"₹50,00,000*",500,19871(1),15812(1),35086(1),-,-,-,-,22467(1),16876(1),29706(2),-,-,-
KAR Priv Seats-GMP,GMP,Karnataka,"Basaveswara, Chitradurga",ORTHOPAEDICS,"₹13,88,744*","₹5,000*",1*,"₹50,00,000*",500,-,-,-,-,-,-,-,27821(1),26672(1),29742(1),-,-,-
KAR Priv Seats-GMP,GMP,Karnataka,"VIMS (Vydehi), Bangalore",ORTHOPAEDICS,"₹13,88,744*","₹29,000*",1*,"₹50,00,000*",1600,17347(1),14261(1),25567(1),-,-,-,-,22540(2),21855(2),29770(2),-,-,-
KAR Priv Seats-GMP,GMP,Karnataka,"JJM Med Coll, Davangere",OPHTHALMOLOGY,"₹13,88,744*","₹30,000*",1*,"₹50,00,000*",1930,21553(2),18265(2),31197(2),-,-,-,-,22316(3),19312(3),29919(3),-,-,-
KAR Govt Quota-Open,GM,Karnataka,"Akash IMS,Devanhalli,Bangalore",EMERGENCY MEDICINE,"₹7,83,858*","₹20,000",1*,"₹50,00,000*",760,-,-,31198(1),-,-,-,-,22660(1),19853(1),29936(1),-,-,-
KAR Govt Quota-Open,2AG,Karnataka,"Father Mullers, Mangalore",ANAESTHESIOLOGY,"₹7,83,858*","₹35,000*",1*,"₹50,00,000*",1250,-,-,-,-,-,-,-,25183(1),25154(1),29952(1),-,-,-
KAR Govt Quota-Open,2AG,Karnataka,"Shimoga IMS, Shimoga",ENT,"₹1,24,150*","₹56,250",3*,"₹50,00,000*",950,-,-,-,-,-,-,-,13663(1),11584(1),29983(1),-,-,-
KAR Priv Seats-GMP,GMP,Karnataka,"BGS IMS, Bangalore",ORTHOPAEDICS,"₹13,88,744*","₹25,000*",1*,"₹50,00,000*",766,-,-,-,-,-,-,-,24039(1),22540(1),29989(1),-,-,-
KAR Govt Quota-Open,2AG,Karnataka,"Akash IMS,Devanhalli,Bangalore",GENERAL SURGERY,"₹7,83,858*","₹20,000",1*,"₹50,00,000*",760,-,-,-,-,-,-,-,22161(1),22161(1),30047(1),-,-,-
KAR Priv Seats-Open,OPN,Karnataka,"MS Ramaiah, Bangalore",DERMATOLOGY,"₹65,40,750*","₹45,000",1*,"₹50,00,000*",1331,7754(1),10871(1),48550(1),60223(1),-,-,-,2614(1),18329(1),30099(1),-,-,-
KAR Govt Quota-Open,SCG,Karnataka,"JJM Med Coll, Davangere",PAEDIATRICS,"₹7,83,858*","₹30,000*",1*,"₹50,00,000*",1930,19457(1),18964(1),18964(1),-,-,-,-,23435(2),23435(2),30100(2),-,-,-
KAR Govt Quota-Open,GM,Karnataka,"MS Ramaiah, Bangalore",RADIATION ONCOLOGY,"₹8,08,858*","₹45,000",1*,"₹50,00,000*",1331,22368(1),17335(1),36443(2),-,-,-,-,20263(1),15301(1),30103(1),-,-,-
KAR Govt Quota-Open,SCG,Karnataka,"Kempegowda IMS, Bangalore",PAEDIATRICS,"₹7,83,858*","₹35,000*",1*,"₹50,00,000*",1100,24544(1),24544(1),29665(1),-,-,-,-,15762(1),23599(1),30133(1),-,-,-
KAR Priv Seats-Min.,MU,Karnataka,"AJIMS, Mangalore",TBRD,"₹13,88,744*","₹30,000",1*,"₹50,00,000*",910,26962(1),26962(1),27757(1),-,-,-,-,20025(1),30143(1),30143(1),-,-,-
KAR Govt Quota-Open,GM,Karnataka,"MRMC, Gulbarga",ANAESTHESIOLOGY,"₹7,83,858*","₹8,000*",1*,"₹50,00,000*",1038,-,-,-,-,-,-,-,21077(1),18120(1),30233(1),-,-,-
KAR Priv Seats-GMP,GMPH,Karnataka,"JJM Med Coll, Davangere",ORTHOPAEDICS,"₹13,88,744*","₹30,000*",1*,"₹50,00,000*",1930,14997(1),14997(1),25956(1),-,-,-,-,30263(1),17993(1),30263(1),-,-,-
KAR Priv Seats-Min.,MM,Karnataka,"Al-Ameen, Bijapur",PAEDIATRICS,"₹13,88,744*","₹9,000*",1*,"₹50,00,000*",1040,-,-,-,-,-,-,-,27950(2),23007(2),30291(2),-,-,-
KAR Govt Quota-Open,SCG,Karnataka,"MVJMC&RH, Bangalore",GENERAL MEDICINE,"₹7,83,858*","₹10,000*",1*,"₹50,00,000*",833,-,-,-,-,-,-,-,30322(1),24091(1),30051(1),-,-,-
KAR Govt Quota-Open,2BG,Karnataka,Karwar Inst of Med Sciences,ENT,"₹1,24,150*","₹56,250",3*,"₹50,00,000*",650,-,-,-,-,-,-,-,15416(1),15416(1),30372(1),-,-,-
KAR Govt Quota-Open,2AG,Karnataka,"MVJMC&RH, Bangalore",ORTHOPAEDICS,"₹7,83,858*","₹10,000*",1*,"₹50,00,000*",833,-,-,-,-,-,-,-,23935(1),26929(1),30401(1),-,-,-
KAR Priv Seats-Min.,ME,Karnataka,"Oxford Med Coll, Bangalore",OBG,"₹13,88,744*","₹30,000*",1*,"₹50,00,000*",770,-,-,-,-,-,-,-,17162(1),17162(1),30428(1),-,-,-
KAR Priv Seats-Open,OPN,Karnataka,"Sapthagiri IMS&RC, Bangalore",RADIO DIAGNOSIS,"₹70,41,500*","₹10,000*",1*,"₹50,00,000*",500,8702(2),9417(2),61957(2),110661(1),-,-,-,7653(1),14631(1),30454(1),-,-,-
KAR Govt Quota-Open,GM,Karnataka,"Father Mullers, Mangalore",RADIATION ONCOLOGY,"₹7,83,858*","₹35,000*",1*,"₹50,00,000*",1250,-,-,-,-,-,-,-,-,-,30639(1),-,-,-
KAR Priv Seats-Open,OPN,Karnataka,"Kempegowda IMS, Bangalore",OPHTHALMOLOGY,"₹13,88,744*","₹35,000*",1*,"₹50,00,000*",1100,-,-,-,-,-,-,-,17462(1),13117(1),30668(1),-,-,-
KAR Govt Quota-Open,GM,Karnataka,"KVG Med Coll, Sullia",ANAESTHESIOLOGY,"₹7,83,858*","₹7,500",1*,"₹50,00,000*",682,25492(1),23454(1),41962(1),-,-,-,-,24651(1),22467(1),30815(1),-,-,-
KAR Govt Quota-Open,SCG,Karnataka,"Mysore Med Coll, Mysore",GENERAL SURGERY,"₹1,24,150*","₹56,250",3*,"₹50,00,000*",1050,9979(1),18030(1),24590(2),-,-,-,-,7041(2),10939(2),30823(2),-,-,-
KAR Govt Quota-Open,3AG,Karnataka,"Srinivasa IMS, Srinivasanagar",OPHTHALMOLOGY,"₹8,08,858*","₹29,000*",1*,"₹50,00,000*",660,-,-,-,-,-,-,-,30428(1),30815(1),30844(1),-,-,-
KAR Priv Seats-Min.,ME,Karnataka,"SMC, Shimoga",PAEDIATRICS,"₹13,88,744*",Info not available,1*,"₹50,00,000*",1250,30289(2),28719(2),30289(2),-,-,-,-,24102(2),23720(2),30921(2),-,-,-
KAR Govt Quota-Open,2AH,Karnataka,"VIMS, Bellary",ENT,"₹1,24,150*","₹56,250",3*,"₹50,00,000*",1295,-,-,-,-,-,-,-,20150(1),14636(1),30943(2),-,-,-
KAR Govt Quota-Open,2BH,Karnataka,"MRMC, Gulbarga",ORTHOPAEDICS,"₹7,83,858*","₹8,000*",1*,"₹50,00,000*",1038,-,-,-,-,-,-,-,31044(1),31044(1),31044(1),-,-,-
KAR Govt Quota-Open,2BG,Karnataka,"SMC, Shimoga",ORTHOPAEDICS,"₹7,83,858*",Info not available,1*,"₹50,00,000*",1250,-,-,-,-,-,-,-,-,-,31052(1),-,-,-
KAR Priv Seats-GMP,GMP,Karnataka,"East Point College,Bangalore",TBRD,"₹13,88,744*","₹20,000",1*,"₹50,00,000*",-,-,-,-,-,-,-,-,20019(1),20019(1),31219(1),-,-,-
KAR Govt Quota-Open,GM,Karnataka,"Belagavi IMS, Belagavi",PHYSIOLOGY,"₹41,650*","₹56,250",3*,"₹50,00,000*",1000,-,-,-,-,-,-,-,-,-,-,-,31283(1),-
KAR Govt Quota-Open,2BH,Karnataka,"JJM Med Coll, Davangere",TBRD,"₹7,83,858*","₹30,000*",1*,"₹50,00,000*",1930,-,-,-,-,-,-,-,15662(1),26852(1),31400(1),-,-,-
KAR Priv Seats-GMP,GMP,Karnataka,"BGS IMS, Bangalore",GENERAL SURGERY,"₹13,88,744*","₹25,000*",1*,"₹50,00,000*",766,20602(1),16231(1),28957(1),-,-,-,-,21622(2),19714(2),31425(2),-,-,-
KAR Govt Quota-Open,GM,Karnataka,"Kanachur IMS, Mangalore",EMERGENCY MEDICINE,"₹7,83,858*",Info not available,1*,"₹50,00,000*",785,24862(1),18105(1),28207(1),-,-,-,-,-,-,31507(1),-,-,-
KAR Priv Seats-Open,OPN,Karnataka,"Kanachur IMS, Mangalore",ORTHOPAEDICS,"₹13,88,744*",Info not available,1*,"₹50,00,000*",785,18707(1),13701(1),20705(1),-,-,-,-,21804(1),21804(1),31646(1),-,-,-
KAR Govt Quota-Open,SCH,Karnataka,Kodagu Inst of Med Sciences,OBG,"₹1,24,150*","₹56,250",3*,"₹50,00,000*",600,-,-,-,-,-,-,-,-,-,31685(1),-,-,-
KAR Govt Quota-Open,GMH,Karnataka,"KS Hegde, Mangalore",ANAESTHESIOLOGY,"₹7,76,858*","₹45,000*",1*,"₹50,00,000*",1000,-,-,-,-,-,-,-,22675(1),17465(1),31724(1),-,-,-
KAR Priv Seats-Open,OPN,Karnataka,"MS Ramaiah, Bangalore",GENERAL MEDICINE,"₹50,40,750*","₹45,000",1*,"₹50,00,000*",1331,9101(3),12823(3),22551(3),-,-,-,-,9307(4),14777(4),31736(4),-,-,-
KAR Govt Quota-Open,GM,Karnataka,"Akash IMS,Devanhalli,Bangalore",PSYCHIATRY,"₹7,83,858*","₹20,000",1*,"₹50,00,000*",760,-,-,-,-,-,-,-,20663(1),24299(1),31785(1),-,-,-
KAR Govt Quota-Open,GMH,Karnataka,"MRMC, Gulbarga",ANAESTHESIOLOGY,"₹7,83,858*","₹8,000*",1*,"₹50,00,000*",1038,33113(2),26072(2),48374(2),51003(1),-,-,-,22649(1),19017(1),31851(1),-,-,-
KAR Govt Quota-Open,2AG,Karnataka,"Kempegowda IMS, Bangalore",ANAESTHESIOLOGY,"₹7,83,858*","₹35,000*",1*,"₹50,00,000*",1100,26363(1),23296(1),42901(1),-,-,-,-,22459(1),22237(1),31852(2),-,-,-
KAR Govt Quota-Open,1G,Karnataka,"Hassan IMS, Hassan",ENT,"₹1,24,150*","₹56,250",3*,"₹50,00,000*",Info Not Available,-,-,-,-,-,-,-,16819(1),17377(1),31857(1),-,-,-
KAR Priv Seats-GMP,GMP,Karnataka,"MVJMC&RH, Bangalore",ORTHOPAEDICS,"₹13,88,744*","₹10,000*",1*,"₹50,00,000*",833,18643(1),18300(1),32542(1),-,-,-,-,26261(1),21205(1),31870(1),-,-,-
KAR Priv Seats-Open,OPN,Karnataka,"MS Ramaiah, Bangalore",GENERAL SURGERY,"₹45,40,750*","₹45,000",1*,"₹50,00,000*",1331,20916(2),20916(2),52835(2),77818(1),-,-,-,22454(2),27332(2),31871(1),-,-,-
KAR Govt Quota-Open,GM,Karnataka,"Srinivasa IMS, Srinivasanagar",ANAESTHESIOLOGY,"₹8,08,858*","₹29,000*",1*,"₹50,00,000*",660,24385(1),21727(1),46320(1),53497(1),-,-,-,25456(2),22460(2),31876(2),-,-,-
KAR Govt Quota-Open,3BG,Karnataka,"KVG Med Coll, Sullia",ENT,"₹7,83,858*","₹7,500",1*,"₹50,00,000*",682,-,-,-,-,-,-,-,27125(1),26034(1),31910(1),-,-,-
KAR Govt Quota-Open,3BG,Karnataka,"Sapthagiri IMS&RC, Bangalore",OPHTHALMOLOGY,"₹8,09,608*","₹10,000*",1*,"₹50,00,000*",500,-,-,-,-,-,-,-,26872(1),17239(1),31930(1),-,-,-
KAR Govt Quota-Open,3AH,Karnataka,"Navodaya Med Coll, Raichur",OPHTHALMOLOGY,"₹7,83,858*","₹10,000*",1*,"₹50,00,000*",1110,-,-,-,-,-,-,-,31946(1),31946(1),31946(1),-,-,-
KAR Govt Quota-Open,3BG,Karnataka,"Nijalingappa, Bagalkot",GENERAL SURGERY,"₹7,83,858*","₹10,000*",1*,"₹50,00,000*",1140,-,-,-,-,-,-,-,18918(1),18918(1),31948(1),-,-,-
KAR Govt Quota-Open,SCG,Karnataka,"Bangalore Med Coll, Bangalore",OPHTHALMOLOGY,"₹1,24,150*","₹56,250",3*,"₹50,00,000*",1993,30021(2),30021(2),45721(3),-,-,-,-,26874(1),21069(1),31967(1),-,-,-
KAR Govt Quota-Open,2BG,Karnataka,"DR BR Ambedkar, Bangalore",ANAESTHESIOLOGY,"₹7,83,858*","₹10,000*",1*,"₹50,00,000*",570,-,-,-,-,-,-,-,27806(1),24419(1),32070(1),-,-,-
KAR Govt Quota-Open,2AG,Karnataka,"Kasturba Med Coll, Mangalore",ORTHOPAEDICS,"₹7,83,858*","₹45,000*",1*,"₹50,00,000*",1290,-,-,-,-,-,-,-,-,-,32072(1),-,-,-
KAR Priv Seats-Open,OPN,Karnataka,"SMC, Shimoga",ORTHOPAEDICS,"₹13,88,744*",Info not available,1*,"₹50,00,000*",1250,-,-,-,-,-,-,-,24131(1),24039(1),32217(1),-,-,-
KAR Govt Quota-Open,GMH,Karnataka,"Khaja Bandanawaz, Gulbarga",ORTHOPAEDICS,"₹7,98,858*","₹30,000*",1*,"₹50,00,000*",833,22902(1),19494(1),48309(1),-,-,-,-,27328(1),20280(1),32251(1),-,-,-
KAR Govt Quota-Open,2AH,Karnataka,"Navodaya Med Coll, Raichur",GENERAL SURGERY,"₹7,83,858*","₹10,000*",1*,"₹50,00,000*",1110,36079(1),22099(1),68481(1),-,-,-,-,-,-,32252(1),-,-,-
KAR Govt Quota-Open,SCH,Karnataka,"Bangalore Med Coll, Bangalore",GENERAL SURGERY,"₹1,24,150*","₹56,250",3*,"₹50,00,000*",1993,-,-,-,-,-,-,-,22137(1),22137(1),32334(1),-,-,-
KAR Priv Seats-GMP,GMP,Karnataka,"DR BR Ambedkar, Bangalore",ORTHOPAEDICS,"₹13,88,744*","₹10,000*",1*,"₹50,00,000*",570,-,-,-,-,-,-,-,25688(1),21922(1),32354(1),-,-,-
KAR Priv Seats-Open,OPN,Karnataka,"Basaveswara, Chitradurga",GENERAL SURGERY,"₹13,88,744*","₹5,000*",1*,"₹50,00,000*",500,-,-,-,-,-,-,-,22100(1),22100(1),32371(1),-,-,-
KAR Priv Seats-Min.,MC,Karnataka,"Father Mullers, Mangalore",PAEDIATRICS,"₹13,88,744*","₹35,000*",1*,"₹50,00,000*",1250,-,-,-,-,-,-,-,30492(3),23214(3),32470(3),-,-,-
KAR Priv Seats-Min.,MC,Karnataka,"Father Mullers, Mangalore",ORTHOPAEDICS,"₹13,88,744*","₹35,000*",1*,"₹50,00,000*",1250,-,-,-,-,-,-,-,32576(2),32576(2),32576(2),-,-,-
KAR Govt Quota-InS,GM,Karnataka,"Hassan IMS, Hassan",RADIO DIAGNOSIS,"₹1,24,150*","₹56,250",3*,"₹50,00,000*",Info Not Available,-,-,-,-,-,-,-,-,32648(1),-,-,-,-
KAR Govt Quota-Open,2AG,Karnataka,"AIMS, Adichunchanagiri, Bellur",ANAESTHESIOLOGY,"₹7,83,858*","₹23,750",1*,"₹50,00,000*",1120,31758(1),28678(1),47996(1),-,-,-,-,27591(1),19650(1),32664(1),-,-,-
KAR Govt Quota-Open,SCG,Karnataka,"KIMS, Hubli",ENT,"₹1,24,150*","₹56,250",3*,"₹50,00,000*",1200,-,-,-,-,-,-,-,32683(1),27931(1),27931(1),-,-,-
KAR Govt Quota-Open,SCG,Karnataka,"KIMS, Hubli",GENERAL SURGERY,"₹1,24,150*","₹56,250",3*,"₹50,00,000*",1200,18977(1),18977(1),38416(1),67550(1),-,-,-,11559(1),13476(1),32727(1),-,-,-
KAR Govt Quota-Open,SCG,Karnataka,"JJM Med Coll, Davangere",OBG,"₹7,83,858*","₹30,000*",1*,"₹50,00,000*",1930,20668(1),20668(1),20668(1),-,-,-,-,23817(1),27237(1),32762(1),-,-,-
KAR Priv Seats-GMP,GMP,Karnataka,"Kempegowda IMS, Bangalore",OPHTHALMOLOGY,"₹13,88,744*","₹35,000*",1*,"₹50,00,000*",1100,17118(1),17118(1),35593(1),-,-,-,-,30083(2),21204(2),32821(2),-,-,-
KAR Priv Seats-Open,OPN,Karnataka,"VIMS (Vydehi), Bangalore",RADIATION ONCOLOGY,"₹13,88,744*","₹29,000*",1*,"₹50,00,000*",1600,28836(1),27241(1),56225(1),-,-,-,-,25875(1),25875(1),32864(1),-,-,-
KAR Govt Quota-Open,SCG,Karnataka,"SSIMS & RC, Davangere",PAEDIATRICS,"₹7,83,858*","₹30,000",1*,"₹50,00,000*",1190,-,-,-,-,-,-,-,27866(1),24392(1),32879(2),-,-,-
KAR Priv Seats-GMP,GMP,Karnataka,"Shridevi IMS, Tumkur",EMERGENCY MEDICINE,"₹13,88,744*",Info not available*,1*,"₹50,00,000*",750,32419(1),26435(1),39291(1),-,-,-,-,31457(1),31457(1),32911(1),-,-,-
KAR Govt Quota-Open,SCH,Karnataka,"Gulbarga IMS, Gulbarga",GENERAL SURGERY,"₹1,24,150*","₹56,250",3*,"₹50,00,000*",873,-,-,-,-,-,-,-,25740(1),25740(1),32964(1),-,-,-
KAR Govt Quota-Open,2BG,Karnataka,"Srinivasa IMS, Srinivasanagar",GENERAL SURGERY,"₹8,08,858*","₹29,000*",1*,"₹50,00,000*",660,-,-,-,-,-,-,-,24656(1),24502(1),32976(1),-,-,-
KAR Priv Seats-GMP,GMP,Karnataka,"Father Mullers, Mangalore",ANAESTHESIOLOGY,"₹13,88,744*","₹35,000*",1*,"₹50,00,000*",1250,-,-,-,-,-,-,-,19374(1),18600(1),32984(1),-,-,-
KAR Govt Quota-Open,SCG,Karnataka,"Shimoga IMS, Shimoga",GENERAL SURGERY,"₹1,24,150*","₹56,250",3*,"₹50,00,000*",950,21640(1),21640(1),26819(1),-,-,-,-,19672(1),21840(1),33005(1),-,-,-
KAR Govt Quota-Open,2AG,Karnataka,"Sapthagiri IMS&RC, Bangalore",ORTHOPAEDICS,"₹8,09,608*","₹10,000*",1*,"₹50,00,000*",500,-,-,-,-,-,-,-,26870(1),24041(1),33068(1),-,-,-
KAR Priv Seats-GMP,GMPH,Karnataka,"Father Mullers, Mangalore",ORTHOPAEDICS,"₹13,88,744*","₹35,000*",1*,"₹50,00,000*",1250,-,-,-,-,-,-,-,33120(1),20221(1),30404(1),-,-,-
KAR Govt Quota-Open,GMH,Karnataka,"ESIC Med Coll,Gulbarga",PHARMACOLOGY,"₹2,50,000*","₹1,11,780*",2*,"₹10,00,000*",480,-,-,-,-,-,-,-,33178(1),33178(1),33178(1),-,-,-
KAR Govt Quota-Open,GM,Karnataka,"SMC, Shimoga",PSYCHIATRY,"₹7,83,858*",Info not available,1*,"₹50,00,000*",1250,30598(1),22416(1),46213(1),-,-,-,-,23980(1),23980(1),33185(1),-,-,-
KAR Priv Seats-GMP,GMP,Karnataka,"DR BR Ambedkar, Bangalore",GENERAL SURGERY,"₹13,88,744*","₹10,000*",1*,"₹50,00,000*",570,20053(1),16666(1),28196(1),-,-,-,-,21766(2),21622(2),33219(2),-,-,-
KAR Govt Quota-Open,GMH,Karnataka,"BGS IMS, Bangalore",OPHTHALMOLOGY,"₹7,83,858*","₹25,000*",1*,"₹50,00,000*",766,-,-,-,-,-,-,-,24428(1),24428(1),33255(1),-,-,-
KAR Priv Seats-Open,OPN,Karnataka,"MVJMC&RH, Bangalore",PSYCHIATRY,"₹13,88,744*","₹10,000*",1*,"₹50,00,000*",833,22804(1),20757(1),39095(1),-,-,-,-,27127(1),27127(1),33469(1),-,-,-
KAR Govt Quota-Open,2AG,Karnataka,"VIMS (Vydehi), Bangalore",PSYCHIATRY,"₹7,83,858*","₹29,000*",1*,"₹50,00,000*",1600,-,-,-,-,-,-,-,24242(1),20593(1),33547(1),-,-,-
KAR Govt Quota-Open,2AG,Karnataka,"Akash IMS,Devanhalli,Bangalore",EMERGENCY MEDICINE,"₹7,83,858*","₹20,000",1*,"₹50,00,000*",760,-,-,-,-,-,-,-,26056(1),23935(1),33590(1),-,-,-
KAR Govt Quota-Open,3AH,Karnataka,"Mysore Med Coll, Mysore",ENT,"₹1,24,150*","₹56,250",3*,"₹50,00,000*",1050,-,-,-,-,-,-,-,13023(1),13023(1),33618(1),-,-,-
KAR Govt Quota-Open,SCG,Karnataka,"Nijalingappa, Bagalkot",GENERAL MEDICINE,"₹7,83,858*","₹10,000*",1*,"₹50,00,000*",1140,-,-,-,-,-,-,-,21933(1),21933(1),33725(2),-,-,-
KAR Priv Seats-Open,OPN,Karnataka,"KVG Med Coll, Sullia",ORTHOPAEDICS,"₹13,88,744*","₹7,500",1*,"₹50,00,000*",682,18942(2),18707(2),27457(2),-,-,-,-,21598(2),21598(2),33884(2),-,-,-
KAR Priv Seats-Open,OPN,Karnataka,"MS Ramaiah, Bangalore",OBG,"₹50,40,750*","₹45,000",1*,"₹50,00,000*",1331,13334(2),16497(2),35775(2),-,-,-,-,21587(3),26385(3),33923(3),-,-,-
KAR Govt Quota-Open,GM,Karnataka,"Kanachur IMS, Mangalore",PSYCHIATRY,"₹7,83,858*",Info not available,1*,"₹50,00,000*",785,-,-,-,-,-,-,-,-,-,33931(1),-,-,-
KAR Govt Quota-Open,3BH,Karnataka,"MVJMC&RH, Bangalore",GENERAL SURGERY,"₹7,83,858*","₹10,000*",1*,"₹50,00,000*",833,-,-,-,-,-,-,-,28147(1),22454(1),33942(1),-,-,-
KAR Priv Seats-Open,OPN,Karnataka,"JJM Med Coll, Davangere",ANAESTHESIOLOGY,"₹13,88,744*","₹30,000*",1*,"₹50,00,000*",1930,25313(5),22208(5),38184(5),-,-,-,-,25340(5),22149(5),34043(5),-,-,-
KAR Priv Seats-GMP,GMP,Karnataka,"KVG Med Coll, Sullia",PSYCHIATRY,"₹13,88,744*","₹7,500",1*,"₹50,00,000*",682,43652(1),37019(1),81201(1),105298(1),-,-,-,34131(1),34131(1),34131(1),-,-,-
KAR Govt Quota-Open,GM,Karnataka,"Al-Ameen, Bijapur",ENT,"₹7,83,858*","₹9,000*",1*,"₹50,00,000*",1040,-,-,-,-,-,-,-,22587(1),21972(1),34149(1),-,-,-
KAR Priv Seats-GMP,GMP,Karnataka,"JJM Med Coll, Davangere",PSYCHIATRY,"₹13,88,744*","₹30,000*",1*,"₹50,00,000*",1930,23034(1),36393(1),43652(1),-,-,-,-,22438(1),22438(1),34173(1),-,-,-
KAR Priv Seats-GMP,GMPH,Karnataka,"SDM College, Dharwad",OBG,"₹28,75,050*","₹45,000*",1*,"₹50,00,000*",670,-,-,-,-,-,-,-,21268(1),21268(1),34184(1),-,-,-
KAR Govt Quota-Open,SCG,Karnataka,"Srinivasa IMS, Srinivasanagar",GENERAL MEDICINE,"₹8,08,858*","₹29,000*",1*,"₹50,00,000*",660,-,-,-,-,-,-,-,27170(1),23254(1),34212(1),-,-,-
KAR Govt Quota-Open,SCG,Karnataka,"Al-Ameen, Bijapur",GENERAL MEDICINE,"₹7,83,858*","₹9,000*",1*,"₹50,00,000*",1040,-,-,-,-,-,-,-,32148(1),32280(1),34353(1),-,-,-
KAR Priv Seats-GMP,GMP,Karnataka,"MS Ramaiah, Bangalore",PSYCHIATRY,"₹30,40,750*","₹45,000",1*,"₹50,00,000*",1331,-,-,-,-,-,-,-,34379(1),32370(1),32370(1),-,-,-
KAR Govt Quota-Open,SCG,Karnataka,"Mysore Med Coll, Mysore",ORTHOPAEDICS,"₹1,24,150*","₹56,250",3*,"₹50,00,000*",1050,20695(1),20695(1),33463(1),-,-,-,-,21840(1),28585(1),34404(1),-,-,-
KAR Priv Seats-GMP,GMP,Karnataka,"Nijalingappa, Bagalkot",GENERAL SURGERY,"₹13,88,744*","₹10,000*",1*,"₹50,00,000*",1140,21180(1),20834(1),32260(1),-,-,-,-,24960(1),24960(1),34432(1),-,-,-
KAR Govt Quota-Open,SCG,Karnataka,"Mandya IMS, Mandya",GENERAL SURGERY,"₹1,24,150*","₹56,250",3*,"₹50,00,000*",Info Not Available,-,-,-,-,-,-,-,-,-,34434(1),-,-,-
KAR Govt Quota-Open,SCG,Karnataka,"VIMS (Vydehi), Bangalore",PAEDIATRICS,"₹7,83,858*","₹29,000*",1*,"₹50,00,000*",1600,-,-,-,-,-,-,-,28306(1),27866(1),34441(1),-,-,-
KAR Priv Seats-GMP,GMP,Karnataka,"Nijalingappa, Bagalkot",ORTHOPAEDICS,"₹13,88,744*","₹10,000*",1*,"₹50,00,000*",1140,23529(1),18643(1),31520(1),-,-,-,-,27754(2),25688(2),34442(2),-,-,-
KAR Priv Seats-GMP,GMP,Karnataka,"KVG Med Coll, Sullia",ORTHOPAEDICS,"₹13,88,744*","₹7,500",1*,"₹50,00,000*",682,20849(1),20849(1),34104(1),-,-,-,-,29081(1),23813(1),34643(1),-,-,-
KAR Priv Seats-Open,OPN,Karnataka,"MRMC, Gulbarga",OPHTHALMOLOGY,"₹13,88,744*","₹8,000*",1*,"₹50,00,000*",1038,27147(2),23037(2),45941(2),-,-,-,-,23845(1),23845(1),34726(1),-,-,-
KAR Priv Seats-Open,OPN,Karnataka,"East Point College,Bangalore",ORTHOPAEDICS,"₹13,88,744*","₹20,000",1*,"₹50,00,000*",-,21727(1),19105(1),30284(1),-,-,-,-,24358(1),23842(1),34748(1),-,-,-
KAR Govt Quota-Open,GM,Karnataka,"Nijalingappa, Bagalkot",ANAESTHESIOLOGY,"₹7,83,858*","₹10,000*",1*,"₹50,00,000*",1140,26441(1),19056(1),37451(1),-,-,-,-,23119(1),18186(1),34861(2),-,-,-
KAR Govt Quota-Open,SCG,Karnataka,"AIMS, Adichunchanagiri, Bellur",OBG,"₹7,83,858*","₹23,750",1*,"₹50,00,000*",1120,26334(1),26334(1),34929(1),-,-,-,-,34876(1),34876(1),34876(1),-,-,-
KAR Govt Quota-Open,SCG,Karnataka,"Father Mullers, Mangalore",GENERAL SURGERY,"₹7,83,858*","₹35,000*",1*,"₹50,00,000*",1250,-,-,-,-,-,-,-,26188(1),26188(1),34986(1),-,-,-
KAR Govt Quota-Open,2AG,Karnataka,"Kasturba Med Coll, Mangalore",ANAESTHESIOLOGY,"₹7,83,858*","₹45,000*",1*,"₹50,00,000*",1290,43883(1),45669(1),61262(1),120118(1),-,-,-,27318(1),22101(1),35030(1),-,-,-
KAR Priv Seats-Open,OPN,Karnataka,"AJIMS, Mangalore",ANAESTHESIOLOGY,"₹13,88,744*","₹30,000",1*,"₹50,00,000*",910,23587(1),24199(1),42475(1),-,-,-,-,25356(1),22743(1),35032(1),-,-,-
KAR Govt Quota-Open,GM,Karnataka,"East Point College,Bangalore",ANAESTHESIOLOGY,"₹7,83,858*","₹20,000",1*,"₹50,00,000*",-,29213(1),26474(1),44111(1),-,-,-,-,25935(1),20663(1),35096(1),-,-,-
KAR Priv Seats-Open,OPN,Karnataka,"KVG Med Coll, Sullia",GENERAL SURGERY,"₹13,88,744*","₹7,500",1*,"₹50,00,000*",682,20341(2),18990(2),30228(2),-,-,-,-,23180(2),23131(2),35110(2),-,-,-
KAR Govt Quota-Open,2AG,Karnataka,"SSIMS & RC, Davangere",ENT,"₹7,83,858*","₹30,000",1*,"₹50,00,000*",1190,-,-,-,-,-,-,-,-,-,35192(1),-,-,-
KAR Priv Seats-Open,OPN,Karnataka,"MS Ramaiah, Bangalore",ENT,"₹30,40,750*","₹45,000",1*,"₹50,00,000*",1331,23293(1),28153(1),47245(1),-,-,-,-,28402(1),35216(1),-,-,-,-
KAR Priv Seats-Open,OPN,Karnataka,"Shridevi IMS, Tumkur",ORTHOPAEDICS,"₹13,88,744*",Info not available*,1*,"₹50,00,000*",750,19105(1),18827(1),34527(1),-,-,-,-,26415(1),24131(1),35337(1),-,-,-
KAR Priv Seats-Open,OPN,Karnataka,"Navodaya Med Coll, Raichur",ORTHOPAEDICS,"₹13,88,744*","₹10,000*",1*,"₹50,00,000*",1110,17913(1),18325(1),31614(1),-,-,-,-,19975(1),19975(1),35412(1),-,-,-
KAR Govt Quota-Open,SCH,Karnataka,"BGS IMS, Bangalore",GENERAL MEDICINE,"₹7,83,858*","₹25,000*",1*,"₹50,00,000*",766,-,-,-,-,-,-,-,27517(1),25824(1),35415(1),-,-,-
KAR Priv Seats-Min.,MU,Karnataka,"AJIMS, Mangalore",PSYCHIATRY,"₹13,88,744*","₹30,000",1*,"₹50,00,000*",910,46588(2),46588(2),51807(2),-,-,-,-,35418(1),35418(1),35418(1),-,-,-
KAR Priv Seats-Open,OPN,Karnataka,"Navodaya Med Coll, Raichur",GENERAL SURGERY,"₹13,88,744*","₹10,000*",1*,"₹50,00,000*",1110,16086(1),16086(1),16086(1),-,-,-,-,22678(2),23786(2),35457(2),-,-,-
KAR Priv Seats-GMP,GMPH,Karnataka,"MRMC, Gulbarga",GENERAL SURGERY,"₹13,88,744*","₹8,000*",1*,"₹50,00,000*",1038,35010(3),29927(3),46086(3),-,-,-,-,27823(3),24964(3),35478(3),-,-,-
KAR Govt Quota-Open,SCG,Karnataka,"SDM College, Dharwad",OBG,"₹7,83,858*","₹45,000*",1*,"₹50,00,000*",670,-,-,-,-,-,-,-,31685(1),31078(1),35662(1),-,-,-
KAR Priv Seats-Min.,MEH,Karnataka,"Navodaya Med Coll, Raichur",GENERAL MEDICINE,"₹13,88,744*","₹10,000*",1*,"₹50,00,000*",1110,29874(3),24650(3),29874(3),-,-,-,-,29254(3),29254(3),35755(3),-,-,-
KAR Priv Seats-Open,OPN,Karnataka,"Shridevi IMS, Tumkur",GENERAL SURGERY,"₹13,88,744*",Info not available*,1*,"₹50,00,000*",750,20951(1),19384(1),31587(1),-,-,-,50453(1),22126(1),22126(1),35787(1),-,-,-
KAR Govt Quota-Open,1G,Karnataka,"JJM Med Coll, Davangere",ENT,"₹7,83,858*","₹30,000*",1*,"₹50,00,000*",1930,-,-,-,-,-,-,-,33652(1),35789(1),-,-,-,-
KAR Priv Seats-Open,OPN,Karnataka,"Al-Ameen, Bijapur",GENERAL SURGERY,"₹13,88,744*","₹9,000*",1*,"₹50,00,000*",1040,-,-,-,-,-,-,-,23842(1),22557(1),35947(1),-,-,-
KAR Govt Quota-Open,GM,Karnataka,"Sapthagiri IMS&RC, Bangalore",ENT,"₹8,09,608*","₹10,000*",1*,"₹50,00,000*",500,22437(1),19847(1),40301(1),-,-,-,-,21854(2),21762(2),35990(3),-,-,-
KAR Priv Seats-Open,OPN,Karnataka,"SSIMS & RC, Davangere",OPHTHALMOLOGY,"₹13,88,744*","₹30,000",1*,"₹50,00,000*",1190,22131(1),19836(1),36339(1),59569(1),-,-,-,19866(1),19866(1),36072(1),-,-,-
KAR Priv Seats-GMP,GMP,Karnataka,"Navodaya Med Coll, Raichur",ORTHOPAEDICS,"₹13,88,744*","₹10,000*",1*,"₹50,00,000*",1110,21740(1),21740(1),34359(1),-,-,-,-,29770(1),27821(1),36132(1),-,-,-
KAR Govt Quota-Open,GM,Karnataka,"Khaja Bandanawaz, Gulbarga",ANAESTHESIOLOGY,"₹7,98,858*","₹30,000*",1*,"₹50,00,000*",833,-,-,-,-,-,-,-,-,-,36156(1),-,-,-
KAR Govt Quota-Open,2AG,Karnataka,"Shridevi IMS, Tumkur",ANAESTHESIOLOGY,"₹7,83,858*",Info not available*,1*,"₹50,00,000*",750,-,-,-,-,-,-,-,28311(1),28311(1),36163(1),-,-,-
KAR Priv Seats-Open,OPN,Karnataka,"Akash IMS,Devanhalli,Bangalore",GENERAL SURGERY,"₹13,88,744*","₹20,000",1*,"₹50,00,000*",760,-,-,-,-,-,-,-,21748(1),21748(1),28046(1),-,36260(1),-
KAR Govt Quota-Open,GM,Karnataka,"Navodaya Med Coll, Raichur",ANAESTHESIOLOGY,"₹7,83,858*","₹10,000*",1*,"₹50,00,000*",1110,-,-,46155(1),-,-,-,-,-,-,36263(1),-,-,-
KAR Priv Seats-Open,OPN,Karnataka,"East Point College,Bangalore",GENERAL SURGERY,"₹13,88,744*","₹20,000",1*,"₹50,00,000*",-,-,-,-,-,-,-,-,23525(2),22552(2),36409(2),-,-,-
KAR Priv Seats-Open,OPN,Karnataka,"JJM Med Coll, Davangere",ENT,"₹13,88,744*","₹30,000*",1*,"₹50,00,000*",1930,21622(3),23235(3),46432(3),-,-,-,-,23197(4),21188(4),36420(4),-,-,-
KAR Govt Quota-Open,SCG,Karnataka,"Bangalore Med Coll, Bangalore",TBRD,"₹1,24,150*","₹56,250",3*,"₹50,00,000*",1993,-,-,-,-,-,-,-,18902(1),21431(1),36521(1),-,-,-
KAR Govt Quota-Open,SCG,Karnataka,"Sapthagiri IMS&RC, Bangalore",PAEDIATRICS,"₹8,09,608*","₹10,000*",1*,"₹50,00,000*",500,25575(1),25575(1),38830(1),-,-,-,-,28576(1),28576(1),36718(1),-,-,-
KAR Priv Seats-Min.,MC,Karnataka,"Father Mullers, Mangalore",GENERAL SURGERY,"₹13,88,744*","₹35,000*",1*,"₹50,00,000*",1250,-,-,-,-,-,-,-,36721(4),29850(4),34963(4),-,-,-
KAR Govt Quota-Open,SCG,Karnataka,"SDS TB Research, Bangalore",TBRD,"₹1,24,150*","₹56,250",3*,"₹50,00,000*",470,-,-,-,-,-,-,-,22277(1),17124(1),36724(1),-,-,-
KAR Govt Quota-Open,2AG,Karnataka,"Sapthagiri IMS&RC, Bangalore",OPHTHALMOLOGY,"₹8,09,608*","₹10,000*",1*,"₹50,00,000*",500,-,-,-,-,-,-,-,34726(1),30810(1),36756(1),-,-,-
KAR Govt Quota-Open,GM,Karnataka,"Akash IMS,Devanhalli,Bangalore",ANAESTHESIOLOGY,"₹7,83,858*","₹20,000",1*,"₹50,00,000*",760,26474(1),26074(1),41978(1),-,-,-,-,-,-,29778(1),-,36860(1),-
KAR Govt Quota-Open,3BG,Karnataka,"KIMS, Hubli",PATHOLOGY,"₹69,150*","₹56,250",3*,"₹50,00,000*",1200,28802(1),27734(1),54672(1),-,-,-,-,-,-,36878(1),-,-,-
KAR Priv Seats-GMP,GMPH,Karnataka,"Nijalingappa, Bagalkot",GENERAL SURGERY,"₹13,88,744*","₹10,000*",1*,"₹50,00,000*",1140,29927(1),26242(1),45603(1),-,-,-,-,29447(1),29447(1),36912(1),-,-,-
KAR Priv Seats-Min.,ME,Karnataka,"SMC, Shimoga",OBG,"₹13,88,744*",Info not available,1*,"₹50,00,000*",1250,-,-,-,48177(2),-,-,-,26701(2),25523(2),36918(2),-,-,-
KAR Priv Seats-GMP,GMP,Karnataka,"SSIMS & RC, Davangere",PSYCHIATRY,"₹13,88,744*","₹30,000",1*,"₹50,00,000*",1190,38035(1),38035(1),60501(1),-,-,-,-,34173(1),25001(1),36922(1),-,-,-
KAR Priv Seats-Min.,RC2,Karnataka,"St John's, Bangalore",GENERAL MEDICINE,"₹12,40,025*","₹45,000",1*,"₹5,00,000*",1720,93444(5),93444(5),93444(5),-,-,-,-,34544(6),33434(6),36954(4),-,-,-
KAR Govt Quota-Open,SCG,Karnataka,"Bangalore Med Coll, Bangalore",ANAESTHESIOLOGY,"₹1,24,150*","₹56,250",3*,"₹50,00,000*",1993,29979(2),29979(2),44904(2),-,-,-,-,19511(2),19511(2),36970(3),-,-,-
KAR Govt Quota-Open,GM,Karnataka,"East Point College,Bangalore",ENT,"₹7,83,858*","₹20,000",1*,"₹50,00,000*",-,29999(1),27843(1),41538(1),-,-,-,-,-,-,36988(1),-,-,-
KAR Govt Quota-Open,GM,Karnataka,"Nijalingappa, Bagalkot",ENT,"₹7,83,858*","₹10,000*",1*,"₹50,00,000*",1140,25419(1),25419(1),41712(1),-,-,-,-,21972(1),21616(1),37004(1),-,-,-
KAR Priv Seats-GMP,GMP,Karnataka,"MRMC, Gulbarga",OPHTHALMOLOGY,"₹13,88,744*","₹8,000*",1*,"₹50,00,000*",1038,34097(1),25499(1),47000(1),-,-,-,-,33255(1),27276(1),37008(1),-,-,-
KAR Govt Quota-Open,SCG,Karnataka,"ESI, Bangalore",ORTHOPAEDICS,"₹2,50,000*","₹1,11,780*",2*,"₹10,00,000*",530,-,-,-,-,-,-,-,25461(1),23817(1),37036(1),-,-,-
KAR Priv Seats-Min.,MU,Karnataka,"AJIMS, Mangalore",OPHTHALMOLOGY,"₹13,88,744*","₹30,000",1*,"₹50,00,000*",910,28201(1),21553(1),38563(1),-,-,-,-,34660(2),37067(2),37067(2),-,-,-
KAR Priv Seats-Min.,ME,Karnataka,"VIMS (Vydehi), Bangalore",TBRD,"₹13,88,744*","₹29,000*",1*,"₹50,00,000*",1600,-,-,-,-,-,-,-,30921(1),30428(1),37071(1),-,-,-
KAR Govt Quota-Open,2AG,Karnataka,"Srinivasa IMS, Srinivasanagar",ANAESTHESIOLOGY,"₹8,08,858*","₹29,000*",1*,"₹50,00,000*",660,-,-,-,-,-,-,-,31852(1),29952(1),37228(1),-,-,-
KAR Govt Quota-Open,GM,Karnataka,"ESI, Bangalore",ANATOMY,"₹2,50,000*","₹1,11,780*",2*,"₹10,00,000*",530,42341(1),42341(1),-,-,-,-,-,37280(2),37280(2),-,-,-,-
KAR Priv Seats-GMP,GMP,Karnataka,"SDM College, Dharwad",ORTHOPAEDICS,"₹25,45,150*","₹45,000*",1*,"₹50,00,000*",670,31032(1),27767(1),52656(1),-,-,-,-,27865(1),27865(1),37311(1),-,-,-
KAR Priv Seats-GMP,GMPH,Karnataka,"Kempegowda IMS, Bangalore",ORTHOPAEDICS,"₹13,88,744*","₹35,000*",1*,"₹50,00,000*",1100,-,-,-,-,-,-,-,32251(1),22458(1),37431(1),-,-,-
KAR Govt Quota-Open,GM,Karnataka,"ESI, Bangalore",SPM,"₹2,50,000*","₹1,11,780*",2*,"₹10,00,000*",530,-,-,41780(2),-,-,-,-,26373(2),22402(2),37444(2),-,-,-
KAR Govt Quota-Open,STG,Karnataka,"MS Ramaiah, Bangalore",GENERAL MEDICINE,"₹8,08,858*","₹45,000",1*,"₹50,00,000*",1331,31759(1),26367(1),26367(1),-,-,-,-,29920(1),37477(1),37477(1),-,-,-
KAR Govt Quota-Open,SCG,Karnataka,"Sapthagiri IMS&RC, Bangalore",OBG,"₹8,09,608*","₹10,000*",1*,"₹50,00,000*",500,34929(2),34929(2),42072(2),-,-,-,-,35662(1),35662(1),37623(1),-,-,-
KAR Govt Quota-Open,SCG,Karnataka,"MS Ramaiah, Bangalore",GENERAL SURGERY,"₹8,08,858*","₹45,000",1*,"₹50,00,000*",1331,25977(1),25977(1),41030(1),-,-,-,-,34212(1),30051(1),37635(2),-,-,-
KAR Govt Quota-Open,3AG,Karnataka,"Father Mullers, Mangalore",ENT,"₹7,83,858*","₹35,000*",1*,"₹50,00,000*",1250,-,-,-,-,-,-,-,28286(1),12783(1),37679(1),-,-,-
KAR Govt Quota-Open,3AG,Karnataka,"East Point College,Bangalore",PSYCHIATRY,"₹7,83,858*","₹20,000",1*,"₹50,00,000*",-,-,-,-,-,-,-,-,37679(1),36015(1),36015(1),-,-,-
KAR Govt Quota-Open,SCG,Karnataka,"East Point College,Bangalore",OBG,"₹7,83,858*","₹20,000",1*,"₹50,00,000*",-,-,-,-,-,-,-,-,37623(1),37623(1),37686(1),-,-,-
KAR Govt Quota-Open,SCH,Karnataka,"MRMC, Gulbarga",PAEDIATRICS,"₹7,83,858*","₹8,000*",1*,"₹50,00,000*",1038,-,-,-,-,-,-,-,31864(1),27517(1),37719(1),-,-,-
KAR Govt Quota-Open,PGM,Karnataka,"Gadag IMS, Gadag",RADIO DIAGNOSIS,"₹1,24,150*","₹56,250",3*,"₹50,00,000*",Info Not Available,-,-,-,-,-,-,-,1616(1),10869(1),37738(1),-,-,-
KAR Priv Seats-Open,OPN,Karnataka,"DR BR Ambedkar, Bangalore",ENT,"₹13,88,744*","₹10,000*",1*,"₹50,00,000*",570,27216(2),23052(2),47968(2),-,-,-,-,23625(1),23702(1),37842(1),-,-,-
KAR Priv Seats-Min.,MC,Karnataka,"Father Mullers, Mangalore",OPHTHALMOLOGY,"₹13,88,744*","₹35,000*",1*,"₹50,00,000*",1250,-,-,-,-,-,-,-,37940(1),37940(1),37940(1),-,-,-
KAR Govt Quota-Open,1G,Karnataka,"Dharward IMHANS, Dharwad",PSYCHIATRY,"₹1,24,150*","₹56,250",3*,"₹50,00,000*",375,-,-,-,-,-,-,-,9036(1),20274(1),37958(1),-,-,-
KAR Priv Seats-GMP,GMP,Karnataka,"Al-Ameen, Bijapur",ORTHOPAEDICS,"₹13,88,744*","₹9,000*",1*,"₹50,00,000*",1040,-,-,-,-,-,-,-,29742(1),27026(1),37974(1),-,-,-
KAR Priv Seats-Min.,ME,Karnataka,"VIMS (Vydehi), Bangalore",GENERAL SURGERY,"₹13,88,744*","₹29,000*",1*,"₹50,00,000*",1600,31553(4),29946(4),39127(4),-,-,-,-,34015(7),29794(7),37981(7),-,-,-
KAR Govt Quota-Open,2AG,Karnataka,"DR BR Ambedkar, Bangalore",ENT,"₹7,83,858*","₹10,000*",1*,"₹50,00,000*",570,-,-,-,-,-,-,-,28573(1),27849(1),38010(1),-,-,-
KAR Govt Quota-Open,SCG,Karnataka,"Kidwai Memorial, Bangalore",ANAESTHESIOLOGY,"₹1,24,150*","₹56,250",3*,"₹50,00,000*",680,-,-,-,-,-,-,-,27931(1),26946(1),38024(1),-,-,-
KAR Govt Quota-Open,2BG,Karnataka,"JJM Med Coll, Davangere",ANAESTHESIOLOGY,"₹7,83,858*","₹30,000*",1*,"₹50,00,000*",1930,-,-,-,-,-,-,-,-,-,38066(1),-,-,-
KAR Govt Quota-Open,GM,Karnataka,"Belagavi IMS, Belagavi",PATHOLOGY,"₹69,150*","₹56,250",3*,"₹50,00,000*",1000,28325(1),30970(1),53845(1),-,124206(1),-,-,-,-,38151(1),-,-,-
KAR Priv Seats-Open,OPN,Karnataka,"BGS IMS, Bangalore",OPHTHALMOLOGY,"₹13,88,744*","₹25,000*",1*,"₹50,00,000*",766,-,-,-,-,-,-,-,20073(1),20073(1),38224(1),-,-,-
KAR Priv Seats-GMP,GMP,Karnataka,"Oxford Med Coll, Bangalore",GENERAL SURGERY,"₹13,88,744*","₹30,000*",1*,"₹50,00,000*",770,27823(1),26580(1),39691(1),-,-,-,-,24860(1),23115(1),38248(1),-,-,-
KAR Priv Seats-Open,OPN,Karnataka,"SSIMS & RC, Davangere",ENT,"₹13,88,744*","₹30,000",1*,"₹50,00,000*",1190,24916(1),23293(1),39993(1),-,-,-,-,23702(1),23151(1),38282(1),-,-,-
KAR Priv Seats-Open,OPN,Karnataka,"Nijalingappa, Bagalkot",ENT,"₹13,88,744*","₹10,000*",1*,"₹50,00,000*",1140,28566(1),27216(1),50014(1),51011(1),-,-,-,24411(1),23625(1),38327(1),-,-,-
KAR Govt Quota-Open,GM,Karnataka,"Akash IMS,Devanhalli,Bangalore",ENT,"₹7,83,858*","₹20,000",1*,"₹50,00,000*",760,29903(1),26735(1),43530(2),-,-,-,-,-,-,38347(2),-,-,-
KAR Priv Seats-GMP,GMP,Karnataka,"KVG Med Coll, Sullia",GENERAL SURGERY,"₹13,88,744*","₹7,500",1*,"₹50,00,000*",682,28196(2),24197(2),39140(2),-,-,-,-,26861(2),25764(2),38422(2),-,-,-
KAR Priv Seats-GMP,GMP,Karnataka,"Shridevi IMS, Tumkur",GENERAL SURGERY,"₹13,88,744*",Info not available*,1*,"₹50,00,000*",750,28539(1),27823(1),34970(1),-,-,-,-,26222(1),25955(1),38424(1),-,-,-
KAR Priv Seats-Open,OPN,Karnataka,"KVG Med Coll, Sullia",OPHTHALMOLOGY,"₹13,88,744*","₹7,500",1*,"₹50,00,000*",682,21065(1),21065(1),47974(1),55534(1),-,-,-,25696(1),25696(1),38425(1),-,-,-
KAR Priv Seats-GMP,GMP,Karnataka,"Al-Ameen, Bijapur",GENERAL SURGERY,"₹13,88,744*","₹9,000*",1*,"₹50,00,000*",1040,28957(1),25094(1),38733(1),-,-,-,-,29553(1),26236(1),38601(1),-,-,-
KAR Govt Quota-Open,SCG,Karnataka,"Mysore Med Coll, Mysore",ANAESTHESIOLOGY,"₹1,24,150*","₹56,250",3*,"₹50,00,000*",1050,24593(1),24593(1),48125(2),69143(1),-,-,-,18655(1),18655(1),38626(2),-,-,-
KAR Govt Quota-Open,1G,Karnataka,"Sapthagiri IMS&RC, Bangalore",ANAESTHESIOLOGY,"₹8,09,608*","₹10,000*",1*,"₹50,00,000*",500,34371(1),34371(1),60681(1),-,-,-,-,29471(1),24090(1),38635(1),-,-,-
KAR Priv Seats-Open,OPN,Karnataka,"Nijalingappa, Bagalkot",OPHTHALMOLOGY,"₹13,88,744*","₹10,000*",1*,"₹50,00,000*",1140,23037(1),17528(1),43412(1),-,-,-,-,26085(1),22800(1),38729(1),-,-,-
KAR Govt Quota-Open,STG,Karnataka,"Mandya IMS, Mandya",GENERAL MEDICINE,"₹1,24,150*","₹56,250",3*,"₹50,00,000*",Info Not Available,17618(1),17618(1),55584(1),-,-,-,-,14557(1),14557(1),38762(1),-,-,-
KAR Priv Seats-GMP,GMP,Karnataka,"JJM Med Coll, Davangere",ENT,"₹13,88,744*","₹30,000*",1*,"₹50,00,000*",1930,36147(4),34104(4),51771(4),65707(1),-,-,-,27522(3),24580(3),38814(3),-,-,-
KAR Priv Seats-Open,OPN,Karnataka,"St John's, Bangalore",PATHOLOGY,"₹7,59,025*","₹45,000",1*,"₹5,00,000*",1720,33205(2),29866(2),49200(6),80768(1),80768(1),-,-,33708(2),31012(2),38948(1),-,-,-
KAR Govt Quota-Open,STH,Karnataka,"Gadag IMS, Gadag",GENERAL MEDICINE,"₹1,24,150*","₹56,250",3*,"₹50,00,000*",Info Not Available,-,-,-,-,-,-,-,25789(1),25789(1),39034(1),-,-,-
KAR Priv Seats-Min.,RC2,Karnataka,"St John's, Bangalore",OPHTHALMOLOGY,"₹12,05,025*","₹45,000",1*,"₹5,00,000*",1720,63808(1),63808(1),63808(1),-,-,-,-,39067(1),39067(1),39067(1),-,-,-
KAR Govt Quota-InS,GM,Karnataka,"Shimoga IMS, Shimoga",DERMATOLOGY,"₹1,24,150*","₹56,250",3*,"₹50,00,000*",950,-,-,-,-,-,-,-,-,39148(1),-,-,-,-
KAR Govt Quota-Open,2AG,Karnataka,"Kidwai Memorial, Bangalore",PATHOLOGY,"₹69,150*","₹56,250",3*,"₹50,00,000*",680,-,-,-,-,-,-,-,-,-,39150(1),-,-,-
KAR Priv Seats-GMP,GMP,Karnataka,"Akash IMS,Devanhalli,Bangalore",EMERGENCY MEDICINE,"₹13,88,744*","₹20,000",1*,"₹50,00,000*",760,-,-,-,-,-,-,-,30143(1),27669(1),39210(1),-,-,-
KAR Govt Quota-Open,SCG,Karnataka,"Mandya IMS, Mandya",ANAESTHESIOLOGY,"₹1,24,150*","₹56,250",3*,"₹50,00,000*",Info Not Available,-,-,-,-,-,-,-,24392(1),22642(1),39269(1),-,-,-
KAR Govt Quota-Open,SCG,Karnataka,"MRMC, Gulbarga",OBG,"₹7,83,858*","₹8,000*",1*,"₹50,00,000*",1038,-,-,-,-,-,-,-,32762(1),31685(1),39271(1),-,-,-
KAR Govt Quota-Open,GM,Karnataka,Kodagu Inst of Med Sciences,PATHOLOGY,"₹69,150*","₹56,250",3*,"₹50,00,000*",600,29680(1),32192(1),62102(1),-,-,-,-,23175(1),23803(1),39284(1),-,-,-
KAR Priv Seats-Open,OPN,Karnataka,"MVJMC&RH, Bangalore",ANAESTHESIOLOGY,"₹13,88,744*","₹10,000*",1*,"₹50,00,000*",833,30815(1),26707(1),53978(1),-,-,-,-,31192(1),28679(1),39291(1),-,-,-
KAR Priv Seats-Min.,RC1,Karnataka,"St John's, Bangalore",GENERAL SURGERY,"₹12,05,025*","₹45,000",1*,"₹5,00,000*",1720,-,-,-,-,-,-,-,39315(1),39315(1),-,-,-,-
KAR Govt Quota-Open,2AG,Karnataka,"MS Ramaiah, Bangalore",RADIATION ONCOLOGY,"₹8,08,858*","₹45,000",1*,"₹50,00,000*",1331,-,-,-,-,-,-,-,32719(1),39344(1),39344(1),-,-,-
KAR Priv Seats-GMP,GMP,Karnataka,"BGS IMS, Bangalore",OPHTHALMOLOGY,"₹13,88,744*","₹25,000*",1*,"₹50,00,000*",766,-,-,-,-,-,-,-,31930(1),26261(1),39450(1),-,-,-
KAR Govt Quota-Open,SCG,Karnataka,"Mysore Med Coll, Mysore",ENT,"₹1,24,150*","₹56,250",3*,"₹50,00,000*",1050,-,-,-,-,-,-,-,30138(1),30138(1),39491(1),-,-,-
KAR Priv Seats-GMP,GMP,Karnataka,"SMC, Shimoga",EMERGENCY MEDICINE,"₹13,88,744*",Info not available,1*,"₹50,00,000*",1250,-,-,-,-,-,-,-,31857(1),32911(1),39575(1),-,-,-
KAR Govt Quota-Open,2BG,Karnataka,"KIMS, Hubli",PATHOLOGY,"₹69,150*","₹56,250",3*,"₹50,00,000*",1200,-,-,-,-,-,-,-,25110(1),31490(1),39638(1),-,-,-
KAR Govt Quota-Open,2BG,Karnataka,"AIMS, Adichunchanagiri, Bellur",ENT,"₹7,83,858*","₹23,750",1*,"₹50,00,000*",1120,-,-,-,-,-,-,-,39748(1),30372(1),39748(1),-,-,-
KAR Govt Quota-Open,2BG,Karnataka,"Hassan IMS, Hassan",PSYCHIATRY,"₹1,24,150*","₹56,250",3*,"₹50,00,000*",Info Not Available,-,-,-,-,-,-,-,-,-,39797(1),-,-,-
KAR Priv Seats-GMP,GMP,Karnataka,"East Point College,Bangalore",GENERAL SURGERY,"₹13,88,744*","₹20,000",1*,"₹50,00,000*",-,-,-,-,-,-,-,-,28192(2),28796(2),39803(2),-,-,-
KAR Priv Seats-Min.,RC2,Karnataka,"St John's, Bangalore",EMERGENCY MEDICINE,"₹12,40,025*","₹45,000",1*,"₹5,00,000*",1720,63060(1),63060(1),63060(1),-,-,-,-,39838(2),39838(2),33959(1),-,-,-
KAR Govt Quota-Open,1G,Karnataka,"MVJMC&RH, Bangalore",ANAESTHESIOLOGY,"₹7,83,858*","₹10,000*",1*,"₹50,00,000*",833,-,-,-,-,-,-,-,-,-,39922(1),-,-,-
KAR Govt Quota-Open,GMH,Karnataka,"Navodaya Med Coll, Raichur",ENT,"₹7,83,858*","₹10,000*",1*,"₹50,00,000*",1110,-,-,-,-,-,-,-,33185(1),28147(1),39948(1),-,-,-
KAR Priv Seats-GMP,GMPH,Karnataka,"AJIMS, Mangalore",ENT,"₹13,88,744*","₹30,000",1*,"₹50,00,000*",910,-,-,-,-,-,-,-,39948(1),36739(1),36739(1),-,-,-
KAR Priv Seats-Min.,RC3,Karnataka,"St John's, Bangalore",ANAESTHESIOLOGY,"₹12,40,025*","₹45,000",1*,"₹5,00,000*",1720,24207(5),28623(5),77533(7),69713(1),-,-,-,22876(3),20248(3),39979(7),-,-,-
KAR Priv Seats-GMP,GMPH,Karnataka,"VIMS (Vydehi), Bangalore",ORTHOPAEDICS,"₹13,88,744*","₹29,000*",1*,"₹50,00,000*",1600,-,-,-,-,-,-,-,37431(1),30401(1),39983(1),-,-,-
KAR Priv Seats-Open,OPN,Karnataka,"DR BR Ambedkar, Bangalore",OPHTHALMOLOGY,"₹13,88,744*","₹10,000*",1*,"₹50,00,000*",570,18608(1),17449(1),33758(1),27112(1),-,-,-,23596(1),20698(1),39984(1),-,-,-
KAR Priv Seats-Min.,MA,Karnataka,"MVJMC&RH, Bangalore",OBG,"₹13,88,744*","₹10,000*",1*,"₹50,00,000*",833,29123(1),29123(1),29123(1),-,-,-,-,40000(1),35658(1),-,-,-,-
KAR Priv Seats-Min.,MA,Karnataka,"MVJMC&RH, Bangalore",PAEDIATRICS,"₹13,88,744*","₹10,000*",1*,"₹50,00,000*",833,35058(2),41807(2),41807(2),-,-,-,-,39216(3),39216(3),40000(3),-,-,-
KAR Priv Seats-GMP,GMP,Karnataka,"Kempegowda IMS, Bangalore",ANAESTHESIOLOGY,"₹13,88,744*","₹35,000*",1*,"₹50,00,000*",1100,27006(2),26441(2),47316(2),-,-,-,-,30668(4),27688(4),40155(4),-,-,-
KAR Govt Quota-Open,SCH,Karnataka,"VIMS, Bellary",ORTHOPAEDICS,"₹1,24,150*","₹56,250",3*,"₹50,00,000*",1295,24305(1),24305(1),44238(1),-,-,-,-,28585(1),30793(1),40262(1),-,-,-
KAR Govt Quota-Open,STH,Karnataka,"Raichur IMS, Raichur",GENERAL MEDICINE,"₹1,24,150*","₹56,250",3*,"₹50,00,000*",500,-,-,-,-,-,-,-,28034(1),28787(1),40276(1),-,-,-
KAR Govt Quota-Open,2AG,Karnataka,"Nijalingappa, Bagalkot",OPHTHALMOLOGY,"₹7,83,858*","₹10,000*",1*,"₹50,00,000*",1140,-,-,-,-,-,-,-,-,-,40288(1),-,-,-
KAR Priv Seats-Min.,MU,Karnataka,"AJIMS, Mangalore",GENERAL SURGERY,"₹13,88,744*","₹30,000",1*,"₹50,00,000*",910,48973(6),46216(6),67528(6),-,-,-,-,30609(6),33884(6),40339(6),-,-,-
KAR Govt Quota-Open,STG,Karnataka,"VIMS, Bellary",OBG,"₹1,24,150*","₹56,250",3*,"₹50,00,000*",1295,-,-,-,-,-,-,-,32916(1),26183(1),40389(1),-,-,-
KAR Govt Quota-Open,SCG,Karnataka,"Kempegowda IMS, Bangalore",GENERAL SURGERY,"₹7,83,858*","₹35,000*",1*,"₹50,00,000*",1100,36156(1),35809(1),52211(1),-,-,-,-,25619(1),25619(1),40537(2),-,-,-
KAR Priv Seats-GMP,GMP,Karnataka,"DR BR Ambedkar, Bangalore",OPHTHALMOLOGY,"₹13,88,744*","₹10,000*",1*,"₹50,00,000*",570,25130(1),25130(1),38000(1),-,-,-,-,32114(1),29081(1),40579(1),-,-,-
KAR Priv Seats-GMP,GMP,Karnataka,"SDM College, Dharwad",GENERAL SURGERY,"₹23,25,250*","₹45,000*",1*,"₹50,00,000*",670,30272(2),27550(2),44087(2),-,-,-,-,24546(2),24546(2),40607(2),-,-,-
KAR Govt Quota-Open,3AG,Karnataka,"Sapthagiri IMS&RC, Bangalore",ANAESTHESIOLOGY,"₹8,09,608*","₹10,000*",1*,"₹50,00,000*",500,-,-,53096(1),-,-,-,-,26988(1),24657(1),40615(1),-,-,-
KAR Priv Seats-GMP,GMP,Karnataka,"Nijalingappa, Bagalkot",OPHTHALMOLOGY,"₹13,88,744*","₹10,000*",1*,"₹50,00,000*",1140,25773(1),20906(1),44352(1),-,-,-,-,27276(1),24719(1),40770(1),-,-,-
KAR Govt Quota-Open,GM,Karnataka,"VIMS (Vydehi), Bangalore",RADIATION ONCOLOGY,"₹7,83,858*","₹29,000*",1*,"₹50,00,000*",1600,-,-,-,-,-,-,-,16614(1),16614(1),40798(1),-,-,-
KAR Priv Seats-GMP,GMP,Karnataka,"AJIMS, Mangalore",ANAESTHESIOLOGY,"₹13,88,744*","₹30,000",1*,"₹50,00,000*",910,28857(1),28857(1),45010(1),-,-,-,-,30096(2),28888(2),40917(2),-,-,-
KAR Govt Quota-Open,2AG,Karnataka,"Basaveswara, Chitradurga",OPHTHALMOLOGY,"₹7,83,858*","₹5,000*",1*,"₹50,00,000*",500,-,-,-,-,-,-,-,29596(1),29596(1),40989(1),-,-,-
KAR Govt Quota-Open,STG,Karnataka,"AIMS, Adichunchanagiri, Bellur",RADIO DIAGNOSIS,"₹7,83,858*","₹23,750",1*,"₹50,00,000*",1120,-,-,-,-,-,-,-,28739(1),40992(1),40992(1),-,-,-
KAR Priv Seats-Open,OPN,Karnataka,"DR BR Ambedkar, Bangalore",ANAESTHESIOLOGY,"₹13,88,744*","₹10,000*",1*,"₹50,00,000*",570,31231(3),26051(3),53342(3),48721(1),-,-,-,28182(2),25783(2),41006(2),-,-,-
KAR Priv Seats-GMP,GMPH,Karnataka,"MRMC, Gulbarga",ORTHOPAEDICS,"₹13,88,744*","₹8,000*",1*,"₹50,00,000*",1038,34161(3),28747(3),44437(3),-,-,-,-,41011(3),30263(3),41011(3),-,-,-
KAR Priv Seats-Open,OPN,Karnataka,"BGS IMS, Bangalore",PSYCHIATRY,"₹13,88,744*","₹25,000*",1*,"₹50,00,000*",766,-,-,-,-,-,-,-,15542(1),15542(1),41017(1),-,-,-
KAR Priv Seats-GMP,GMP,Karnataka,"DR BR Ambedkar, Bangalore",ANAESTHESIOLOGY,"₹13,88,744*","₹10,000*",1*,"₹50,00,000*",570,37979(2),34359(2),62036(2),72778(1),-,-,-,32354(1),30917(1),41025(1),-,-,-
KAR Govt Quota-Open,SCH,Karnataka,"Gulbarga IMS, Gulbarga",ORTHOPAEDICS,"₹1,24,150*","₹56,250",3*,"₹50,00,000*",873,-,-,-,-,-,-,-,30793(1),31864(1),41047(1),-,-,-
KAR Priv Seats-Open,OPN,Karnataka,"Basaveswara, Chitradurga",PSYCHIATRY,"₹13,88,744*","₹5,000*",1*,"₹50,00,000*",500,-,-,-,-,-,-,-,39193(1),24696(1),41114(1),-,-,-
KAR Govt Quota-Open,2AG,Karnataka,"Sapthagiri IMS&RC, Bangalore",ANAESTHESIOLOGY,"₹8,09,608*","₹10,000*",1*,"₹50,00,000*",500,41168(3),34736(3),70781(4),-,-,-,-,32664(2),27591(2),41133(3),-,-,-
KAR Govt Quota-Open,GM,Karnataka,"Kempegowda IMS, Bangalore",PATHOLOGY,"₹2,07,777*","₹35,000*",1*,"₹50,00,000*",1100,34153(1),34153(1),56564(1),-,-,-,-,31200(1),28659(1),41233(1),-,-,-
KAR Priv Seats-Open,OPN,Karnataka,"BGS IMS, Bangalore",ANAESTHESIOLOGY,"₹13,88,744*","₹25,000*",1*,"₹50,00,000*",766,25490(2),25490(2),41096(2),58680(1),50174(1),-,-,29995(2),26348(2),41312(2),-,-,-
KAR Govt Quota-Open,SCG,Karnataka,"Srinivasa IMS, Srinivasanagar",PAEDIATRICS,"₹8,08,858*","₹29,000*",1*,"₹50,00,000*",660,-,-,-,-,-,-,-,-,-,41431(1),-,-,-
KAR Priv Seats-Open,OPN,Karnataka,"East Point College,Bangalore",PSYCHIATRY,"₹13,88,744*","₹20,000",1*,"₹50,00,000*",-,-,-,-,-,-,-,-,32370(1),25903(1),41571(1),-,-,-
KAR Priv Seats-Min.,MEH,Karnataka,"Navodaya Med Coll, Raichur",TBRD,"₹13,88,744*","₹10,000*",1*,"₹50,00,000*",1110,85100(1),36745(1),86539(1),-,-,-,-,41635(1),37988(1),37988(1),-,-,-
KAR Priv Seats-GMP,GMP,Karnataka,"VIMS (Vydehi), Bangalore",ENT,"₹13,88,744*","₹29,000*",1*,"₹50,00,000*",1600,38000(1),25362(1),58641(1),-,-,-,-,29584(1),27522(1),41657(1),-,-,-
KAR Priv Seats-GMP,GMP,Karnataka,"East Point College,Bangalore",OPHTHALMOLOGY,"₹13,88,744*","₹20,000",1*,"₹50,00,000*",-,-,-,-,-,-,-,-,36565(1),31930(1),41664(1),-,-,-
KAR Priv Seats-GMP,GMPH,Karnataka,"Kanachur IMS, Mangalore",GENERAL SURGERY,"₹13,88,744*",Info not available,1*,"₹50,00,000*",785,39352(1),35010(1),60366(1),-,-,-,-,35083(1),35083(1),41697(1),-,-,-
KAR Priv Seats-GMP,GMPH,Karnataka,"Kempegowda IMS, Bangalore",ANAESTHESIOLOGY,"₹13,88,744*","₹35,000*",1*,"₹50,00,000*",1100,-,-,-,-,-,-,-,35225(1),31851(1),41895(1),-,-,-
KAR Govt Quota-Open,2AG,Karnataka,"Sapthagiri IMS&RC, Bangalore",ENT,"₹8,09,608*","₹10,000*",1*,"₹50,00,000*",500,44429(1),36559(1),72666(1),-,-,-,-,29170(1),29170(1),41898(1),-,-,-
KAR Priv Seats-GMP,GMP,Karnataka,"BGS IMS, Bangalore",ENT,"₹13,88,744*","₹25,000*",1*,"₹50,00,000*",766,30178(1),30178(1),55904(1),-,-,-,-,27189(1),27189(1),42044(1),-,-,-
KAR Priv Seats-Open,OPN,Karnataka,"Navodaya Med Coll, Raichur",ENT,"₹13,88,744*","₹10,000*",1*,"₹50,00,000*",1110,-,-,-,-,-,-,-,29154(1),25037(1),42128(1),-,-,-
KAR Govt Quota-Open,STG,Karnataka,"DR BR Ambedkar, Bangalore",RADIO DIAGNOSIS,"₹7,83,858*","₹10,000*",1*,"₹50,00,000*",570,-,-,-,-,-,-,-,25331(1),40389(1),42200(1),-,-,-
KAR Priv Seats-GMP,GMPH,Karnataka,"SSIMS & RC, Davangere",ENT,"₹13,88,744*","₹30,000",1*,"₹50,00,000*",1190,54977(1),37551(1),100179(1),-,-,-,-,36739(1),41011(1),42416(1),-,-,-
KAR Govt Quota-Open,3AG,Karnataka,"Srinivasa IMS, Srinivasanagar",ANAESTHESIOLOGY,"₹8,08,858*","₹29,000*",1*,"₹50,00,000*",660,-,-,-,-,-,-,-,-,-,42424(1),-,-,-
KAR Govt Quota-Open,SCG,Karnataka,"Mysore Med Coll, Mysore",OPHTHALMOLOGY,"₹1,24,150*","₹56,250",3*,"₹50,00,000*",1050,29079(1),29079(1),47203(1),-,-,-,-,-,-,42529(1),-,-,-
KAR Govt Quota-Open,SCH,Karnataka,"East Point College,Bangalore",PAEDIATRICS,"₹7,83,858*","₹20,000",1*,"₹50,00,000*",-,-,-,-,-,-,-,-,35415(1),34986(1),42624(1),-,-,-
KAR Govt Quota-Open,2BG,Karnataka,"Kidwai Memorial, Bangalore",RADIATION ONCOLOGY,"₹1,24,150*","₹56,250",3*,"₹50,00,000*",680,-,-,-,-,-,-,-,16434(1),16434(1),42670(1),-,-,-
KAR Govt Quota-Open,SCG,Karnataka,"Kidwai Memorial, Bangalore",RADIATION ONCOLOGY,"₹1,24,150*","₹56,250",3*,"₹50,00,000*",680,57307(1),57307(1),62784(1),-,-,-,-,21225(1),21225(1),42672(1),-,-,-
KAR Govt Quota-Open,GM,Karnataka,"Kidwai Memorial, Bangalore",DMRT,"₹1,24,150*","₹56,250",3*,"₹25,00,000*",680,-,-,68097(1),-,-,-,-,39615(1),30863(1),42708(1),-,-,-
KAR Govt Quota-Open,SCG,Karnataka,"MRMC, Gulbarga",GENERAL SURGERY,"₹7,83,858*","₹8,000*",1*,"₹50,00,000*",1038,-,-,-,-,-,-,-,37383(1),42775(1),42775(1),-,-,-
KAR Priv Seats-GMP,GMP,Karnataka,"St John's, Bangalore",PMR,"₹12,05,025*","₹45,000",1*,"₹5,00,000*",1720,-,-,77205(1),-,-,-,-,-,-,42826(1),-,-,-
KAR Priv Seats-Open,OPN,Karnataka,"Basaveswara, Chitradurga",ANAESTHESIOLOGY,"₹13,88,744*","₹5,000*",1*,"₹50,00,000*",500,31816(1),30214(1),57075(1),-,-,-,-,32864(1),31233(1),42831(1),-,-,-
KAR Govt Quota-Open,SCG,Karnataka,"KIMS, Hubli",ANAESTHESIOLOGY,"₹1,24,150*","₹56,250",3*,"₹50,00,000*",1200,33993(1),30167(1),48508(1),-,-,-,-,27237(2),23484(2),42892(3),-,-,-
KAR Priv Seats-GMP,GMP,Karnataka,"MS Ramaiah, Bangalore",GENERAL MEDICINE,"₹50,40,750*","₹45,000",1*,"₹50,00,000*",1331,14972(2),17129(2),27610(2),-,-,-,-,14144(3),23497(3),42923(3),-,-,-
KAR Priv Seats-GMP,GMPH,Karnataka,"VIMS (Vydehi), Bangalore",PSYCHIATRY,"₹13,88,744*","₹29,000*",1*,"₹50,00,000*",1600,73404(1),51117(1),73436(1),-,-,-,-,37342(1),37342(1),42939(1),-,-,-
KAR Govt Quota-Open,GMH,Karnataka,"Koppal Inst of MS, Koppal",PHARMACOLOGY,"₹69,150*","₹56,250",3*,"₹50,00,000*",Info Not Available,-,-,-,-,-,-,-,43010(1),43010(1),-,-,-,-
KAR Priv Seats-Open,OPN,Karnataka,"MVJMC&RH, Bangalore",ENT,"₹13,88,744*","₹10,000*",1*,"₹50,00,000*",833,29600(1),28566(1),44313(1),-,-,-,-,25953(1),24411(1),43042(1),-,-,-
KAR Priv Seats-GMP,GMP,Karnataka,"VIMS (Vydehi), Bangalore",ANAESTHESIOLOGY,"₹13,88,744*","₹29,000*",1*,"₹50,00,000*",1600,27592(1),27592(1),49556(1),-,-,-,-,34747(2),28437(2),43072(2),-,-,-
KAR Govt Quota-Open,2AH,Karnataka,"Sapthagiri IMS&RC, Bangalore",ANAESTHESIOLOGY,"₹8,09,608*","₹10,000*",1*,"₹50,00,000*",500,-,-,-,-,-,-,-,34659(1),28617(1),43232(1),-,-,-
KAR Priv Seats-GMP,GMPH,Karnataka,"SMC, Shimoga",EMERGENCY MEDICINE,"₹13,88,744*",Info not available,1*,"₹50,00,000*",1250,-,-,-,116268(1),-,-,-,43052(1),40579(1),43580(1),-,-,-
KAR Priv Seats-GMP,GMPH,Karnataka,"VIMS (Vydehi), Bangalore",ANAESTHESIOLOGY,"₹13,88,744*","₹29,000*",1*,"₹50,00,000*",1600,45151(1),45603(1),59014(1),-,-,-,-,35521(1),39983(1),43613(1),-,-,-
KAR Govt Quota-Open,2AG,Karnataka,"Al-Ameen, Bijapur",OPHTHALMOLOGY,"₹7,83,858*","₹9,000*",1*,"₹50,00,000*",1040,-,-,-,-,-,-,-,36163(1),33547(1),43643(1),-,-,-
KAR Govt Quota-Open,1G,Karnataka,"AIMS, Adichunchanagiri, Bellur",ANAESTHESIOLOGY,"₹7,83,858*","₹23,750",1*,"₹50,00,000*",1120,-,-,-,-,-,-,-,28292(1),28292(1),43662(1),-,-,-
KAR Priv Seats-Open,OPN,Karnataka,"MS Ramaiah, Bangalore",RADIATION ONCOLOGY,"₹25,40,750*","₹45,000",1*,"₹50,00,000*",1331,33103(1),33103(1),48412(1),-,-,-,-,42708(1),32864(1),43786(1),-,-,-
KAR Priv Seats-GMP,GMP,Karnataka,"BGS IMS, Bangalore",ANAESTHESIOLOGY,"₹13,88,744*","₹25,000*",1*,"₹50,00,000*",766,35392(3),31083(3),61947(3),-,-,-,-,35485(2),29446(2),43789(2),-,-,-
KAR Priv Seats-Open,OPN,Karnataka,"SSIMS & RC, Davangere",ANAESTHESIOLOGY,"₹13,88,744*","₹30,000",1*,"₹50,00,000*",1190,27156(3),26473(3),53414(3),-,-,-,-,30323(3),28608(3),44036(3),-,-,-
KAR Priv Seats-GMP,GMP,Karnataka,"Basaveswara, Chitradurga",ANAESTHESIOLOGY,"₹13,88,744*","₹5,000*",1*,"₹50,00,000*",500,39140(1),35392(1),67426(1),-,-,-,-,35497(1),31852(1),44038(1),-,-,-
KAR Govt Quota-Open,SCG,Karnataka,"Bangalore Med Coll, Bangalore",ENT,"₹1,24,150*","₹56,250",3*,"₹50,00,000*",1993,23969(1),21317(1),45119(1),-,-,-,-,31958(2),26983(2),44092(2),-,-,-
KAR Govt Quota-Open,GM,Karnataka,"AJIMS, Mangalore",PATHOLOGY,"₹2,07,777*","₹30,000",1*,"₹50,00,000*",910,-,-,88754(1),88754(1),-,-,-,38910(1),36959(1),44113(1),-,-,-
KAR Govt Quota-Open,SCG,Karnataka,"BGS IMS, Bangalore",GENERAL SURGERY,"₹7,83,858*","₹25,000*",1*,"₹50,00,000*",766,-,-,-,-,-,-,-,44115(1),35415(1),44115(1),-,-,-
KAR Priv Seats-Min.,MA,Karnataka,"MVJMC&RH, Bangalore",ORTHOPAEDICS,"₹13,88,744*","₹10,000*",1*,"₹50,00,000*",833,55215(2),51254(2),83468(2),-,-,-,-,44125(1),41651(1),41651(1),-,-,-
KAR Govt Quota-Open,1G,Karnataka,"Basaveswara, Chitradurga",ANAESTHESIOLOGY,"₹7,83,858*","₹5,000*",1*,"₹50,00,000*",500,-,-,-,-,-,-,-,25815(1),25815(1),44152(1),-,-,-
KAR Govt Quota-Open,STG,Karnataka,"ESI, Bangalore",PAEDIATRICS,"₹2,50,000*","₹1,11,780*",2*,"₹10,00,000*",530,-,-,-,-,-,-,-,23267(1),28739(1),44160(1),-,-,-
KAR Others (Inst.Q),MNG,Karnataka,"Father Mullers, Mangalore",DERMATOLOGY,"₹75,15,750*","₹35,000*",1*,"₹50,00,000*",1250,-,-,76024(1),-,-,-,-,30099(1),36782(1),44180(1),-,-,-
KAR Priv Seats-Open,OPN,Karnataka,"Kempegowda IMS, Bangalore",PATHOLOGY,"₹3,59,003*","₹35,000*",1*,"₹50,00,000*",1100,37436(1),33205(1),46542(1),-,-,-,-,44251(2),38545(2),43984(2),-,-,-
KAR Priv Seats-GMP,GMP,Karnataka,"SSIMS & RC, Davangere",ANAESTHESIOLOGY,"₹13,88,744*","₹30,000",1*,"₹50,00,000*",1190,33612(3),29425(3),61149(3),-,-,-,-,35281(3),31914(3),44276(3),-,-,-
KAR Priv Seats-Open,OPN,Karnataka,"AIMS, Adichunchanagiri, Bellur",OBG,"₹40,15,750*","₹23,750",1*,"₹50,00,000*",1120,-,-,-,-,-,-,-,30441(2),20030(2),44293(2),-,-,-
KAR Priv Seats-GMP,GMP,Karnataka,"AIMS, Adichunchanagiri, Bellur",OBG,"₹40,15,750*","₹23,750",1*,"₹50,00,000*",1120,28010(1),22420(1),39819(1),-,-,-,-,31048(1),31048(1),44294(1),-,-,-
KAR Priv Seats-GMP,GMP,Karnataka,"MS Ramaiah, Bangalore",RADIATION ONCOLOGY,"₹25,40,750*","₹45,000",1*,"₹50,00,000*",1331,37012(1),37012(1),84048(1),-,-,-,-,44349(1),43786(1),44349(1),-,-,-
KAR Govt Quota-Open,SCG,Karnataka,"MS Ramaiah, Bangalore",ORTHOPAEDICS,"₹8,08,858*","₹45,000",1*,"₹50,00,000*",1331,34419(1),34419(1),41698(1),-,-,-,-,40262(1),37383(1),44477(1),-,-,-
KAR Priv Seats-GMP,GMPH,Karnataka,"Akash IMS,Devanhalli,Bangalore",GENERAL SURGERY,"₹13,88,744*","₹20,000",1*,"₹50,00,000*",760,38210(1),33407(1),48421(1),-,-,-,-,33876(1),31506(1),44483(1),-,-,-
KAR Govt Quota-Open,2AG,Karnataka,"KVG Med Coll, Sullia",OPHTHALMOLOGY,"₹7,83,858*","₹7,500",1*,"₹50,00,000*",682,-,-,-,-,-,-,-,35110(1),32719(1),44563(1),-,-,-
KAR Govt Quota-Open,2AG,Karnataka,"Shri Atal Bihari Vajpayee, BLR",PATHOLOGY,"₹69,150*","₹56,250",3*,"₹50,00,000*",956,-,-,54554(1),54554(1),-,-,-,25304(1),25304(1),44714(1),-,-,-
KAR Priv Seats-GMP,GMP,Karnataka,"MVJMC&RH, Bangalore",OPHTHALMOLOGY,"₹13,88,744*","₹10,000*",1*,"₹50,00,000*",833,-,-,-,-,-,-,-,21503(1),30844(1),44755(1),-,-,-
KAR Priv Seats-Open,OPN,Karnataka,"AIMS, Adichunchanagiri, Bellur",OPHTHALMOLOGY,"₹30,15,750*","₹23,750",1*,"₹50,00,000*",1120,35571(1),37391(1),94886(1),-,-,-,-,37375(1),31858(1),44756(1),-,-,-
KAR Govt Quota-Open,2AG,Karnataka,"Shridevi IMS, Tumkur",PSYCHIATRY,"₹7,83,858*",Info not available*,1*,"₹50,00,000*",750,-,-,-,-,-,-,-,-,-,44791(1),-,-,-
KAR Govt Quota-Open,SCG,Karnataka,"Gadag IMS, Gadag",ANAESTHESIOLOGY,"₹1,24,150*","₹56,250",3*,"₹50,00,000*",Info Not Available,37735(1),33993(1),48999(1),-,-,-,-,30051(1),29671(1),44819(1),-,-,-
KAR Govt Quota-Open,SCG,Karnataka,"Srinivasa IMS, Srinivasanagar",TBRD,"₹8,08,858*","₹29,000*",1*,"₹50,00,000*",660,-,-,-,-,-,-,-,44819(1),34441(1),44822(1),-,-,-
KAR Priv Seats-Open,OPN,Karnataka,"MRMC, Gulbarga",ANAESTHESIOLOGY,"₹13,88,744*","₹8,000*",1*,"₹50,00,000*",1038,31218(1),28168(1),49150(1),-,-,-,-,32554(2),31195(2),44865(2),-,-,-
KAR Priv Seats-GMP,GMP,Karnataka,"SMC, Shimoga",OPHTHALMOLOGY,"₹13,88,744*",Info not available,1*,"₹50,00,000*",1250,-,-,-,-,-,-,-,36388(1),29919(1),44873(1),-,-,-
KAR Govt Quota-Open,SCG,Karnataka,"Basaveswara, Chitradurga",OBG,"₹7,83,858*","₹5,000*",1*,"₹50,00,000*",500,-,-,-,-,-,-,-,-,-,44913(1),-,-,-
KAR Priv Seats-Open,OPN,Karnataka,"Al-Ameen, Bijapur",OPHTHALMOLOGY,"₹13,88,744*","₹9,000*",1*,"₹50,00,000*",1040,-,-,-,-,-,-,-,29289(1),26226(1),44941(1),-,-,-
KAR Priv Seats-GMP,GMP,Karnataka,"MRMC, Gulbarga",ENT,"₹13,88,744*","₹8,000*",1*,"₹50,00,000*",1038,42875(1),39691(1),80834(1),-,-,-,-,40687(1),32354(1),44993(1),-,-,-
KAR Govt Quota-Open,SCH,Karnataka,"Raichur IMS, Raichur",OBG,"₹1,24,150*","₹56,250",3*,"₹50,00,000*",500,27764(1),27764(1),42031(1),-,-,-,-,24427(1),24427(1),27939(1),-,45003(1),-
KAR Govt Quota-Open,SCG,Karnataka,"JJM Med Coll, Davangere",OPHTHALMOLOGY,"₹7,83,858*","₹30,000*",1*,"₹50,00,000*",1930,42072(1),44413(1),50445(1),-,-,-,-,45028(1),38879(1),44104(1),-,-,-
KAR Priv Seats-Open,OPN,Karnataka,"Navodaya Med Coll, Raichur",ANAESTHESIOLOGY,"₹13,88,744*","₹10,000*",1*,"₹50,00,000*",1110,32327(1),26783(1),60877(1),-,-,-,-,34043(1),31442(1),45070(1),-,-,-
KAR Govt Quota-Open,P3AG,Karnataka,"MRMC, Gulbarga",RADIO DIAGNOSIS,"₹7,83,858*","₹8,000*",1*,"₹50,00,000*",1038,-,-,-,-,-,-,-,45082(1),45082(1),45082(1),-,-,-
KAR Govt Quota-Open,SCG,Karnataka,"KVG Med Coll, Sullia",OBG,"₹7,83,858*","₹7,500",1*,"₹50,00,000*",682,-,-,-,-,-,-,-,32727(1),32727(1),45092(1),-,-,-
KAR Priv Seats-Min.,ME,Karnataka,"SMC, Shimoga",TBRD,"₹13,88,744*",Info not available,1*,"₹50,00,000*",1250,-,-,-,136836(1),-,-,-,45098(2),39750(2),45098(2),-,-,-
KAR Govt Quota-Open,SCG,Karnataka,"Al-Ameen, Bijapur",OBG,"₹7,83,858*","₹9,000*",1*,"₹50,00,000*",1040,-,-,-,-,-,-,-,39269(1),32762(1),45126(1),-,-,-
KAR Priv Seats-GMP,GMP,Karnataka,"MVJMC&RH, Bangalore",ANAESTHESIOLOGY,"₹13,88,744*","₹10,000*",1*,"₹50,00,000*",833,-,-,-,-,-,-,-,35668(1),32378(1),45143(1),-,-,-
KAR Govt Quota-Open,2BG,Karnataka,"Oxford Med Coll, Bangalore",EMERGENCY MEDICINE,"₹7,83,858*","₹30,000*",1*,"₹50,00,000*",770,-,-,-,-,-,-,-,29936(1),29936(1),45171(1),-,-,-
KAR Govt Quota-Open,SCH,Karnataka,"VIMS, Bellary",ANAESTHESIOLOGY,"₹1,24,150*","₹56,250",3*,"₹50,00,000*",1295,-,-,-,-,-,-,-,30823(1),27719(1),45246(1),-,-,-
KAR Priv Seats-Open,OPN,Karnataka,"AIMS, Adichunchanagiri, Bellur",PAEDIATRICS,"₹40,15,750*","₹23,750",1*,"₹50,00,000*",1120,22389(1),22389(1),45633(1),-,-,-,-,26827(1),34669(1),45254(1),-,-,-
KAR Priv Seats-GMP,GMP,Karnataka,"DR BR Ambedkar, Bangalore",ENT,"₹13,88,744*","₹10,000*",1*,"₹50,00,000*",570,35236(1),35236(1),65637(1),-,-,-,-,35713(1),28490(1),45349(1),-,-,-
KAR Priv Seats-GMP,GMP,Karnataka,"Navodaya Med Coll, Raichur",ANAESTHESIOLOGY,"₹13,88,744*","₹10,000*",1*,"₹50,00,000*",1110,-,-,-,-,-,-,-,37311(1),35986(1),45355(1),-,-,-
KAR Priv Seats-Open,OPN,Karnataka,"AIMS, Adichunchanagiri, Bellur",DERMATOLOGY,"₹50,15,750*","₹23,750",1*,"₹50,00,000*",1120,19792(1),20197(1),48725(1),-,-,-,-,22721(1),30099(1),45360(1),-,-,-
KAR Govt Quota-Open,2AG,Karnataka,"Srinivasa IMS, Srinivasanagar",ENT,"₹8,08,858*","₹29,000*",1*,"₹50,00,000*",660,46091(1),39623(1),80163(1),-,-,-,-,30047(1),30047(1),45379(1),-,-,-
KAR Govt Quota-Open,SCG,Karnataka,"VIMS (Vydehi), Bangalore",GENERAL SURGERY,"₹7,83,858*","₹29,000*",1*,"₹50,00,000*",1600,-,-,-,-,-,-,-,37635(1),34212(1),45484(1),-,-,-
KAR Govt Quota-Open,SCG,Karnataka,"Dharward IMHANS, Dharwad",PSYCHIATRY,"₹1,24,150*","₹56,250",3*,"₹50,00,000*",375,-,-,-,-,-,-,-,23735(1),38024(1),45496(1),-,-,-
KAR Priv Seats-GMP,GMP,Karnataka,"AIMS, Adichunchanagiri, Bellur",DERMATOLOGY,"₹50,15,750*","₹23,750",1*,"₹50,00,000*",1120,-,-,-,-,-,-,-,22916(1),33890(1),45555(1),-,-,-
KAR Govt Quota-Open,SCG,Karnataka,"Chamrajanagar IMS, Karnataka",OPHTHALMOLOGY,"₹1,24,150*","₹56,250",3*,"₹50,00,000*",750,-,-,-,-,-,-,-,32964(1),31967(1),45870(1),-,-,-
KAR Priv Seats-Min.,RC2,Karnataka,"St John's, Bangalore",GENERAL SURGERY,"₹12,05,025*","₹45,000",1*,"₹5,00,000*",1720,-,-,-,-,-,-,-,36954(2),36954(2),45895(1),-,-,-
KAR Priv Seats-Min.,ME,Karnataka,"Oxford Med Coll, Bangalore",TBRD,"₹13,88,744*","₹30,000*",1*,"₹50,00,000*",770,31415(2),31415(2),43194(2),-,-,-,-,39747(1),39747(1),45975(1),-,-,-
KAR Priv Seats-GMP,GMP,Karnataka,"Sapthagiri IMS&RC, Bangalore",DERMATOLOGY,"₹70,41,500*","₹10,000*",1*,"₹50,00,000*",500,28041(1),36282(1),57171(1),-,-,-,-,21344(1),33652(1),45977(1),-,-,-
KAR Priv Seats-Min.,ME,Karnataka,"SMC, Shimoga",GENERAL SURGERY,"₹13,88,744*",Info not available,1*,"₹50,00,000*",1250,35596(1),34087(1),47748(1),68029(1),-,-,-,38422(1),37981(1),46097(1),-,-,-
KAR Govt Quota-Open,1G,Karnataka,"ESI, Bangalore",PATHOLOGY,"₹2,50,000*","₹1,11,780*",2*,"₹10,00,000*",530,-,-,-,-,-,-,-,25781(1),17372(1),46318(1),-,-,-
KAR Govt Quota-Open,SCG,Karnataka,"Kempegowda IMS, Bangalore",ORTHOPAEDICS,"₹7,83,858*","₹35,000*",1*,"₹50,00,000*",1100,-,-,-,-,-,-,-,34740(1),40262(1),46423(1),-,-,-
KAR Priv Seats-GMP,GMP,Karnataka,"Oxford Med Coll, Bangalore",ANAESTHESIOLOGY,"₹13,88,744*","₹30,000*",1*,"₹50,00,000*",770,-,-,-,-,-,-,-,38746(1),35644(1),46453(1),-,-,-
KAR Priv Seats-Min.,MC,Karnataka,"Father Mullers, Mangalore",ENT,"₹13,88,744*","₹35,000*",1*,"₹50,00,000*",1250,-,-,-,-,-,-,-,46730(2),30492(2),38627(1),-,-,-
KAR Priv Seats-Min.,RC2,Karnataka,"St John's, Bangalore",OBG,"₹12,80,025*","₹45,000",1*,"₹5,00,000*",1720,79333(1),79333(1),102516(2),-,-,-,-,42586(2),34544(2),46945(2),-,-,-
KAR Priv Seats-Open,OPN,Karnataka,"SMC, Shimoga",PSYCHIATRY,"₹13,88,744*",Info not available,1*,"₹50,00,000*",1250,-,-,-,-,-,-,-,36361(1),23086(1),47182(1),-,-,-
KAR Priv Seats-Open,OPN,Karnataka,"AIMS, Adichunchanagiri, Bellur",RADIO DIAGNOSIS,"₹50,15,750*","₹23,750",1*,"₹50,00,000*",1120,11813(1),11813(1),32375(1),86569(1),-,-,-,17793(2),17793(2),47251(2),-,-,-
KAR Priv Seats-Open,OPN,Karnataka,"AIMS, Adichunchanagiri, Bellur",GENERAL MEDICINE,"₹40,15,750*","₹23,750",1*,"₹50,00,000*",1120,15035(1),15035(1),23619(1),-,-,-,-,18834(2),20144(2),47262(2),-,-,-
KAR Priv Seats-Min.,MM,Karnataka,"Al-Ameen, Bijapur",GENERAL SURGERY,"₹13,88,744*","₹9,000*",1*,"₹50,00,000*",1040,-,-,-,-,-,-,-,41411(3),39787(3),47387(3),-,-,-
KAR Govt Quota-Open,STG,Karnataka,"KIMS, Hubli",PAEDIATRICS,"₹1,24,150*","₹56,250",3*,"₹50,00,000*",1200,20420(1),20420(1),46270(1),-,-,-,-,17496(1),23267(1),47391(2),-,-,-
KAR Govt Quota-Open,SCG,Karnataka,"SDM College, Dharwad",EMERGENCY MEDICINE,"₹7,83,858*","₹45,000*",1*,"₹50,00,000*",670,-,-,-,-,-,-,-,27196(1),27196(1),47515(1),-,-,-
KAR Priv Seats-GMP,GMPH,Karnataka,"AJIMS, Mangalore",DTBCD,"₹13,88,744*","₹30,000",1*,"₹50,00,000*",910,46530(1),46530(1),111369(1),-,-,-,-,22679(1),44483(1),47562(1),-,-,-
KAR Priv Seats-GMP,GMPH,Karnataka,"Oxford Med Coll, Bangalore",OPHTHALMOLOGY,"₹13,88,744*","₹30,000*",1*,"₹50,00,000*",770,39433(1),38737(1),82655(1),116659(1),-,-,-,40579(1),35692(1),47576(1),-,-,-
KAR Govt Quota-Open,GM,Karnataka,"Shri Atal Bihari Vajpayee, BLR",SPM,"₹69,150*","₹56,250",3*,"₹50,00,000*",956,42228(1),39262(1),64711(2),189627(1),-,-,-,-,-,47589(1),-,-,-
KAR Govt Quota-Open,SCG,Karnataka,"SSIMS & RC, Davangere",ORTHOPAEDICS,"₹7,83,858*","₹30,000",1*,"₹50,00,000*",1190,-,-,-,-,-,-,-,40537(1),40537(1),47736(1),-,-,-
KAR Priv Seats-GMP,GMP,Karnataka,"Shridevi IMS, Tumkur",ENT,"₹13,88,744*",Info not available*,1*,"₹50,00,000*",750,-,-,-,-,-,-,-,40653(1),29661(1),47775(1),-,-,-
KAR Priv Seats-GMP,GMPH,Karnataka,"Shridevi IMS, Tumkur",GENERAL SURGERY,"₹13,88,744*",Info not available*,1*,"₹50,00,000*",750,29943(1),35601(1),47507(1),-,-,-,-,35787(1),35787(1),47779(1),-,-,-
KAR Priv Seats-Open,OPN,Karnataka,"Shridevi IMS, Tumkur",ANAESTHESIOLOGY,"₹13,88,744*",Info not available*,1*,"₹50,00,000*",750,33457(1),30815(1),57964(1),-,-,-,-,30553(1),31748(1),47830(1),-,-,-
KAR Priv Seats-Min.,RC3,Karnataka,"St John's, Bangalore",PMR,"₹12,05,025*","₹45,000",1*,"₹5,00,000*",1720,-,-,-,-,-,-,-,-,-,47886(1),-,-,-
KAR Priv Seats-GMP,GMP,Karnataka,"MS Ramaiah, Bangalore",OBG,"₹50,40,750*","₹45,000",1*,"₹50,00,000*",1331,17335(1),23986(1),36843(1),-,-,-,-,21684(1),26701(1),47899(1),-,-,-
KAR Govt Quota-InS,GM,Karnataka,"Father Mullers, Mangalore",RADIO DIAGNOSIS,"₹7,83,858*","₹35,000*",1*,"₹50,00,000*",1250,-,-,-,-,-,-,-,-,47906(1),-,-,-,-
KAR Govt Quota-Open,SCG,Karnataka,"Sapthagiri IMS&RC, Bangalore",GENERAL SURGERY,"₹8,09,608*","₹10,000*",1*,"₹50,00,000*",500,37887(1),36156(1),55965(1),-,-,-,-,42775(1),34445(1),48069(1),-,-,-
KAR Govt Quota-Open,SCH,Karnataka,"AJIMS, Mangalore",ORTHOPAEDICS,"₹7,83,858*","₹30,000",1*,"₹50,00,000*",910,-,-,-,-,-,-,-,41047(1),41047(1),48086(1),-,-,-
KAR Priv Seats-Open,OPN,Karnataka,"Nijalingappa, Bagalkot",ANAESTHESIOLOGY,"₹13,88,744*","₹10,000*",1*,"₹50,00,000*",1140,32925(2),28508(2),54009(2),-,-,-,-,31748(2),27927(2),48217(2),-,-,-
KAR Priv Seats-GMP,GMPH,Karnataka,"AIMS, Adichunchanagiri, Bellur",OBG,"₹40,15,750*","₹23,750",1*,"₹50,00,000*",1120,43297(1),26005(1),43297(1),-,-,-,-,33605(1),44294(1),48218(1),-,-,-
KAR Govt Quota-Open,2BG,Karnataka,"Mandya IMS, Mandya",PATHOLOGY,"₹69,150*","₹56,250",3*,"₹50,00,000*",Info Not Available,-,-,-,-,-,-,-,-,-,48321(1),-,-,-
KAR Govt Quota-Open,STG,Karnataka,"Kempegowda IMS, Bangalore",DERMATOLOGY,"₹7,83,858*","₹35,000*",1*,"₹50,00,000*",1100,-,-,-,-,-,-,-,-,-,48379(1),-,-,-
KAR Govt Quota-Open,SCH,Karnataka,"VIMS, Bellary",OPHTHALMOLOGY,"₹1,24,150*","₹56,250",3*,"₹50,00,000*",1295,41652(1),34063(1),57554(1),-,-,-,-,28103(1),27939(1),48418(1),-,-,-
KAR Priv Seats-GMP,GMP,Karnataka,"Nijalingappa, Bagalkot",ANAESTHESIOLOGY,"₹13,88,744*","₹10,000*",1*,"₹50,00,000*",1140,37451(3),33685(3),65023(3),-,-,-,-,35644(1),33826(1),48424(1),-,-,-
KAR Govt Quota-Open,SCG,Karnataka,"MS Ramaiah, Bangalore",ANAESTHESIOLOGY,"₹8,08,858*","₹45,000",1*,"₹50,00,000*",1331,-,-,57231(1),-,-,-,-,36970(1),36970(1),48612(2),-,-,-
KAR Govt Quota-Open,2BG,Karnataka,"MVJMC&RH, Bangalore",OPHTHALMOLOGY,"₹7,83,858*","₹10,000*",1*,"₹50,00,000*",833,-,-,-,-,-,-,-,-,-,48625(1),-,-,-
KAR Priv Seats-Open,OPN,Karnataka,"East Point College,Bangalore",ENT,"₹13,88,744*","₹20,000",1*,"₹50,00,000*",-,-,-,-,-,-,-,-,28046(1),26415(1),48681(1),-,-,-
KAR Govt Quota-Open,SCG,Karnataka,"MS Ramaiah, Bangalore",RADIATION ONCOLOGY,"₹8,08,858*","₹45,000",1*,"₹50,00,000*",1331,-,-,-,-,-,-,-,42672(1),48705(1),48705(1),-,-,-
KAR Priv Seats-Min.,ME,Karnataka,"VIMS (Vydehi), Bangalore",EMERGENCY MEDICINE,"₹13,88,744*","₹29,000*",1*,"₹50,00,000*",1600,36636(1),43194(1),46174(1),-,-,-,-,-,-,48711(2),-,-,-
KAR Priv Seats-Open,OPN,Karnataka,"AIMS, Adichunchanagiri, Bellur",TBRD,"₹30,15,750*","₹23,750",1*,"₹50,00,000*",1120,22077(1),15390(1),15390(1),-,-,-,-,24737(1),21234(1),48724(1),-,-,-
KAR Govt Quota-Open,SCH,Karnataka,"MVJMC&RH, Bangalore",OBG,"₹7,83,858*","₹10,000*",1*,"₹50,00,000*",833,-,-,-,-,-,-,-,44822(1),39271(1),48792(1),-,-,-
KAR Govt Quota-Open,SCH,Karnataka,"Navodaya Med Coll, Raichur",GENERAL SURGERY,"₹7,83,858*","₹10,000*",1*,"₹50,00,000*",1110,-,-,-,-,-,-,-,35800(1),35800(1),48893(1),-,-,-
KAR Priv Seats-Open,OPN,Karnataka,"MS Ramaiah, Bangalore",ANAESTHESIOLOGY,"₹25,40,750*","₹45,000",1*,"₹50,00,000*",1331,28153(3),34862(3),48165(3),-,-,-,-,29953(2),34043(2),49010(2),-,-,-
KAR Govt Quota-InS,GM,Karnataka,"AIMS, Adichunchanagiri, Bellur",RADIO DIAGNOSIS,"₹7,83,858*","₹23,750",1*,"₹50,00,000*",1120,-,-,-,-,-,-,-,-,49088(1),-,-,-,-
KAR Govt Quota-InS,SCG,Karnataka,"Mandya IMS, Mandya",DERMATOLOGY,"₹1,24,150*","₹56,250",3*,"₹50,00,000*",Info Not Available,-,-,-,-,-,-,-,-,49097(1),-,-,-,-
KAR Govt Quota-Open,SCG,Karnataka,"Mysore Med Coll, Mysore",PSYCHIATRY,"₹1,24,150*","₹56,250",3*,"₹50,00,000*",1050,-,-,-,-,-,-,-,-,-,49167(1),-,-,-
KAR Priv Seats-GMP,GMP,Karnataka,"Akash IMS,Devanhalli,Bangalore",ANAESTHESIOLOGY,"₹13,88,744*","₹20,000",1*,"₹50,00,000*",760,40022(1),34849(1),64054(1),-,-,-,-,39939(1),33590(1),49170(1),-,-,-
KAR Govt Quota-Open,GM,Karnataka,"Bangalore Med Coll, Bangalore",PHARMACOLOGY,"₹69,150*","₹56,250",3*,"₹50,00,000*",1993,40362(2),36869(2),55362(2),55362(2),-,-,-,11119(1),11119(1),49201(2),-,-,-
KAR Priv Seats-GMP,GMP,Karnataka,"Shridevi IMS, Tumkur",ANAESTHESIOLOGY,"₹13,88,744*",Info not available*,1*,"₹50,00,000*",750,41978(2),37451(2),72042(2),-,-,-,-,38870(1),35485(1),49341(1),-,-,-
KAR Priv Seats-Min.,ME,Karnataka,"Akash IMS,Devanhalli,Bangalore",GENERAL SURGERY,"₹13,88,744*","₹20,000",1*,"₹50,00,000*",760,46421(6),46276(6),67183(6),-,-,-,-,46097(4),34015(4),49348(4),-,-,-
KAR Govt Quota-Open,STG,Karnataka,"Bangalore Med Coll, Bangalore",TBRD,"₹1,24,150*","₹56,250",3*,"₹50,00,000*",1993,-,-,-,-,-,-,-,42200(1),49368(1),49368(1),-,-,-
KAR Priv Seats-GMP,GMP,Karnataka,"East Point College,Bangalore",ANAESTHESIOLOGY,"₹13,88,744*","₹20,000",1*,"₹50,00,000*",-,39583(1),38146(1),66962(1),-,-,-,-,40155(1),34379(1),49372(1),-,-,-
KAR Priv Seats-GMP,GMP,Karnataka,"Basaveswara, Chitradurga",OPHTHALMOLOGY,"₹13,88,744*","₹5,000*",1*,"₹50,00,000*",500,-,-,-,-,-,-,-,32378(1),23952(1),49432(1),-,-,-
KAR Govt Quota-Open,SCG,Karnataka,"Shridevi IMS, Tumkur",GENERAL SURGERY,"₹7,83,858*",Info not available*,1*,"₹50,00,000*",750,-,-,-,-,-,-,-,44913(1),42541(1),49504(1),-,-,-
KAR NRI Quota,NRI,Karnataka,"Father Mullers, Mangalore",DERMATOLOGY,"₹75,15,750*","₹35,000*",1*,"₹50,00,000*",1250,56350(3),52656(3),73012(2),-,-,-,-,44180(1),44180(1),49526(1),-,-,-
KAR Govt Quota-Open,SCG,Karnataka,"SMC, Shimoga",TBRD,"₹7,83,858*",Info not available,1*,"₹50,00,000*",1250,-,-,-,-,-,-,-,-,-,49711(1),-,-,-
KAR Priv Seats-Open,OPN,Karnataka,"Srinivasa IMS, Srinivasanagar",DERMATOLOGY,"₹70,40,750*","₹29,000*",1*,"₹50,00,000*",660,-,-,-,-,-,-,-,4835(1),14833(1),49838(1),-,-,-
KAR Govt Quota-InS,GM,Karnataka,"BGS IMS, Bangalore",RADIO DIAGNOSIS,"₹7,83,858*","₹25,000*",1*,"₹50,00,000*",766,-,-,-,-,-,-,-,-,49849(1),-,-,-,-
KAR Govt Quota-Open,3BH,Karnataka,"Khaja Bandanawaz, Gulbarga",OPHTHALMOLOGY,"₹7,98,858*","₹30,000*",1*,"₹50,00,000*",833,-,-,-,-,-,-,-,34037(1),27803(1),49865(1),-,-,-
KAR Govt Quota-InS,GM,Karnataka,"Sapthagiri IMS&RC, Bangalore",RADIO DIAGNOSIS,"₹8,09,608*","₹10,000*",1*,"₹50,00,000*",500,-,-,-,-,-,-,-,-,50006(1),-,-,-,-
KAR Govt Quota-Open,STH,Karnataka,"SDM College, Dharwad",GENERAL MEDICINE,"₹7,83,858*","₹45,000*",1*,"₹50,00,000*",670,-,-,-,-,-,-,-,50067(1),50067(1),50067(1),-,-,-
KAR Govt Quota-Open,2AG,Karnataka,"Gulbarga IMS, Gulbarga",PATHOLOGY,"₹69,150*","₹56,250",3*,"₹50,00,000*",873,-,-,-,-,-,-,-,31722(1),22649(1),50104(1),-,-,-
KAR Govt Quota-Open,SCG,Karnataka,"Hassan IMS, Hassan",GENERAL SURGERY,"₹1,24,150*","₹56,250",3*,"₹50,00,000*",Info Not Available,-,-,-,-,-,-,-,13476(1),16171(1),32878(1),-,50154(1),-
KAR Govt Quota-Open,2AG,Karnataka,"Sapthagiri IMS&RC, Bangalore",PSYCHIATRY,"₹8,09,608*","₹10,000*",1*,"₹50,00,000*",500,-,-,-,-,-,-,-,30120(1),24242(1),50263(2),-,-,-
KAR Priv Seats-Min.,MEH,Karnataka,"Navodaya Med Coll, Raichur",PAEDIATRICS,"₹13,88,744*","₹10,000*",1*,"₹50,00,000*",1110,37745(3),28237(3),38428(3),-,-,-,-,35755(3),35755(3),50330(3),-,-,-
KAR Govt Quota-Open,SCG,Karnataka,"Kempegowda IMS, Bangalore",PSYCHIATRY,"₹7,83,858*","₹35,000*",1*,"₹50,00,000*",1100,-,-,-,-,-,-,-,50447(1),50447(1),50447(1),-,-,-
KAR Priv Seats-Open,OPN,Karnataka,"Shridevi IMS, Tumkur",PSYCHIATRY,"₹13,88,744*",Info not available*,1*,"₹50,00,000*",750,-,-,-,-,-,-,-,38819(1),35893(1),50507(1),-,-,-
KAR Priv Seats-Min.,ME,Karnataka,"VIMS (Vydehi), Bangalore",ORTHOPAEDICS,"₹13,88,744*","₹29,000*",1*,"₹50,00,000*",1600,36731(4),30874(4),50519(4),-,-,-,-,45630(6),45630(6),50646(6),-,-,-
KAR Priv Seats-Min.,MC,Karnataka,"Father Mullers, Mangalore",PSYCHIATRY,"₹13,88,744*","₹35,000*",1*,"₹50,00,000*",1250,-,-,-,-,-,-,-,49608(2),49608(2),50923(2),-,-,-
KAR Priv Seats-GMP,GMP,Karnataka,"AIMS, Adichunchanagiri, Bellur",PAEDIATRICS,"₹40,15,750*","₹23,750",1*,"₹50,00,000*",1120,23619(1),23619(1),48262(1),-,-,-,-,27910(1),35857(1),50991(1),-,-,-
KAR Priv Seats-GMP,GMPH,Karnataka,"Kanachur IMS, Mangalore",EMERGENCY MEDICINE,"₹13,88,744*",Info not available,1*,"₹50,00,000*",785,51117(1),27478(1),49079(1),-,-,-,-,43580(1),43580(1),51070(1),-,-,-
KAR Priv Seats-GMP,GMP,Karnataka,"Father Mullers, Mangalore",PATHOLOGY,"₹3,59,003*","₹35,000*",1*,"₹50,00,000*",1250,59125(1),58142(1),-,-,-,-,-,51154(1),50923(1),51154(1),-,-,-
KAR Others (Inst.Q),MNG,Karnataka,"Kempegowda IMS, Bangalore",DERMATOLOGY,"₹1,25,15,750*","₹35,000*",1*,"₹50,00,000*",1100,-,-,42270(1),-,-,-,-,14257(1),27616(1),51182(1),-,-,-
KAR Priv Seats-GMP,GMPH,Karnataka,"MS Ramaiah, Bangalore",DERMATOLOGY,"₹65,40,750*","₹45,000",1*,"₹50,00,000*",1331,-,-,-,-,-,-,-,24994(1),41411(1),51363(1),-,-,-
KAR Priv Seats-GMP,GMPH,Karnataka,"BGS IMS, Bangalore",ANAESTHESIOLOGY,"₹13,88,744*","₹25,000*",1*,"₹50,00,000*",766,-,-,-,-,-,-,-,51387(1),35521(1),45771(1),-,-,-
KAR Govt Quota-Open,SCG,Karnataka,"Sapthagiri IMS&RC, Bangalore",ORTHOPAEDICS,"₹8,09,608*","₹10,000*",1*,"₹50,00,000*",500,-,-,-,-,-,-,-,-,-,51483(1),-,-,-
KAR Govt Quota-Open,3BH,Karnataka,"JJM Med Coll, Davangere",PATHOLOGY,"₹2,07,777*","₹30,000*",1*,"₹50,00,000*",1930,105492(1),54672(1),197384(1),-,-,-,-,-,-,51507(1),-,-,-
KAR Govt Quota-Open,SCG,Karnataka,"JJM Med Coll, Davangere",ENT,"₹7,83,858*","₹30,000*",1*,"₹50,00,000*",1930,-,-,-,-,-,-,-,36005(1),36005(1),51603(1),-,-,-
KAR Govt Quota-Open,GM,Karnataka,"Belagavi IMS, Belagavi",FORENSIC MEDICINE,"₹69,150*","₹56,250",3*,"₹50,00,000*",1000,-,-,165219(1),-,-,-,-,51802(1),40155(1),-,-,-,-
KAR Govt Quota-Open,2AH,Karnataka,"Navodaya Med Coll, Raichur",ANAESTHESIOLOGY,"₹7,83,858*","₹10,000*",1*,"₹50,00,000*",1110,-,-,-,-,-,-,-,28773(1),28773(1),51834(1),-,-,-
KAR Priv Seats-GMP,GMP,Karnataka,"AIMS, Adichunchanagiri, Bellur",RADIO DIAGNOSIS,"₹50,15,750*","₹23,750",1*,"₹50,00,000*",1120,-,-,-,-,-,-,-,20154(1),27910(1),51897(1),-,-,-
KAR Govt Quota-Open,SCG,Karnataka,"BGS IMS, Bangalore",ANAESTHESIOLOGY,"₹7,83,858*","₹25,000*",1*,"₹50,00,000*",766,-,-,-,-,-,-,-,52231(1),47899(1),52012(1),-,-,-
KAR Priv Seats-GMP,GMP,Karnataka,"Nijalingappa, Bagalkot",ENT,"₹13,88,744*","₹10,000*",1*,"₹50,00,000*",1140,41712(1),37979(1),83011(1),94953(1),-,-,-,39326(1),32821(1),52412(1),-,-,-
KAR Govt Quota-Open,SCG,Karnataka,"Akash IMS,Devanhalli,Bangalore",OPHTHALMOLOGY,"₹7,83,858*","₹20,000",1*,"₹50,00,000*",760,-,-,-,-,-,-,-,52419(1),47125(1),47125(1),-,-,-
KAR Govt Quota-Open,SCG,Karnataka,"VIMS (Vydehi), Bangalore",ORTHOPAEDICS,"₹7,83,858*","₹29,000*",1*,"₹50,00,000*",1600,-,-,-,-,-,-,-,45864(1),45864(1),52419(1),-,-,-
KAR Govt Quota-Open,SCG,Karnataka,"Srinivasa IMS, Srinivasanagar",ORTHOPAEDICS,"₹8,08,858*","₹29,000*",1*,"₹50,00,000*",660,-,-,-,-,-,-,-,46423(1),46423(1),52567(1),-,-,-
KAR Govt Quota-Open,2BH,Karnataka,"Nijalingappa, Bagalkot",ANAESTHESIOLOGY,"₹7,83,858*","₹10,000*",1*,"₹50,00,000*",1140,-,-,-,-,-,-,-,48625(1),27806(1),52577(1),-,-,-
KAR Priv Seats-Open,OPN,Karnataka,"MS Ramaiah, Bangalore",OPHTHALMOLOGY,"₹40,40,750*","₹45,000",1*,"₹50,00,000*",1331,27172(2),33542(2),45458(2),-,-,-,-,27130(2),44293(2),52593(1),-,-,-
KAR Govt Quota-Open,GM,Karnataka,"KIMS, Hubli",ANATOMY,"₹41,650*","₹56,250",3*,"₹50,00,000*",1200,-,-,-,-,-,-,-,49312(1),52702(1),-,-,-,-
KAR Govt Quota-Open,2AG,Karnataka,"KIMS, Hubli",BIOCHEMISTRY,"₹41,650*","₹56,250",3*,"₹50,00,000*",1200,-,-,-,-,-,-,-,52702(1),-,-,-,-,-
KAR Govt Quota-Open,2AH,Karnataka,"ESIC Med Coll,Gulbarga",SPM,"₹2,50,000*","₹1,11,780*",2*,"₹10,00,000*",480,-,-,-,-,-,-,-,52818(1),52818(1),52818(1),-,-,-
KAR Govt Quota-Open,SCG,Karnataka,"AIMS, Adichunchanagiri, Bellur",OPHTHALMOLOGY,"₹7,83,858*","₹23,750",1*,"₹50,00,000*",1120,-,-,-,-,-,-,-,38879(1),45092(1),52820(1),-,-,-
KAR Govt Quota-Open,1G,Karnataka,"MS Ramaiah, Bangalore",PATHOLOGY,"₹2,32,777*","₹45,000",1*,"₹50,00,000*",1331,-,-,-,-,-,-,-,-,-,53013(1),-,-,-
KAR Priv Seats-GMP,GMP,Karnataka,"East Point College,Bangalore",ENT,"₹13,88,744*","₹20,000",1*,"₹50,00,000*",-,49080(1),41311(1),76331(1),-,-,-,-,39803(1),29584(1),53033(1),-,-,-
KAR Priv Seats-GMP,GMPH,Karnataka,"KVG Med Coll, Sullia",ANAESTHESIOLOGY,"₹13,88,744*","₹7,500",1*,"₹50,00,000*",682,57353(1),54052(1),86463(1),-,-,-,-,53251(1),41360(1),53251(1),-,-,-
KAR Priv Seats-GMP,GMPH,Karnataka,"East Point College,Bangalore",GENERAL SURGERY,"₹13,88,744*","₹20,000",1*,"₹50,00,000*",-,-,-,-,-,-,-,-,28964(1),33876(1),53357(1),-,-,-
KAR Priv Seats-Open,OPN,Karnataka,"MS Ramaiah, Bangalore",ORTHOPAEDICS,"₹45,40,750*","₹45,000",1*,"₹50,00,000*",1331,18702(2),23606(2),52580(2),-,-,-,-,21205(2),29975(2),53387(1),-,-,-
KAR Priv Seats-Open,OPN,Karnataka,"SDM College, Dharwad",ANAESTHESIOLOGY,"₹22,15,250*","₹45,000*",1*,"₹50,00,000*",670,36883(1),36883(1),68037(1),-,-,-,-,30863(1),35225(1),53563(1),-,-,-
KAR Govt Quota-Open,SCG,Karnataka,"SSIMS & RC, Davangere",ANAESTHESIOLOGY,"₹7,83,858*","₹30,000",1*,"₹50,00,000*",1190,-,-,-,-,-,-,-,45496(1),44822(1),53600(1),-,-,-
KAR Govt Quota-Open,3BG,Karnataka,"VIMS (Vydehi), Bangalore",RADIATION ONCOLOGY,"₹7,83,858*","₹29,000*",1*,"₹50,00,000*",1600,-,-,-,-,-,-,-,-,-,53810(1),-,-,-
KAR Priv Seats-Min.,ME,Karnataka,"Navodaya Med Coll, Raichur",ORTHOPAEDICS,"₹13,88,744*","₹10,000*",1*,"₹50,00,000*",1110,-,-,-,-,-,-,-,-,-,53984(1),-,-,-
KAR Priv Seats-Open,OPN,Karnataka,"MS Ramaiah, Bangalore",PAEDIATRICS,"₹50,40,750*","₹45,000",1*,"₹50,00,000*",1331,15109(4),18571(4),28989(4),67197(3),-,-,-,17812(4),25320(4),54012(4),-,-,-
KAR Priv Seats-Min.,RC3,Karnataka,"St John's, Bangalore",RADIATION ONCOLOGY,"₹12,05,025*","₹45,000",1*,"₹5,00,000*",1720,-,-,103384(1),-,-,-,-,-,-,54016(1),-,-,-
KAR Govt Quota-Open,SCG,Karnataka,"MS Ramaiah, Bangalore",EMERGENCY MEDICINE,"₹8,08,858*","₹45,000",1*,"₹50,00,000*",1331,-,-,50274(1),-,-,-,-,-,-,54020(1),-,-,-
KAR Govt Quota-InS,GM,Karnataka,"Bangalore Med Coll, Bangalore",GENERAL MEDICINE,"₹1,24,150*","₹56,250",3*,"₹50,00,000*",1993,90238(2),90238(2),101541(2),-,-,-,-,-,54185(2),-,-,-,-
KAR Govt Quota-Open,3BG,Karnataka,"MS Ramaiah, Bangalore",HOSPITAL ADMINISTRATION,"₹8,08,858*","₹45,000",1*,"₹50,00,000*",1331,-,-,-,-,-,-,-,54296(1),54296(1),-,-,-,-
KAR Govt Quota-Open,SCH,Karnataka,"Navodaya Med Coll, Raichur",ORTHOPAEDICS,"₹7,83,858*","₹10,000*",1*,"₹50,00,000*",1110,-,-,-,-,-,-,-,-,-,54504(1),-,-,-
KAR Govt Quota-Open,SCG,Karnataka,"Al-Ameen, Bijapur",ORTHOPAEDICS,"₹7,83,858*","₹9,000*",1*,"₹50,00,000*",1040,-,-,-,-,-,-,-,48069(1),48069(1),54689(1),-,-,-
KAR Priv Seats-Open,OPN,Karnataka,"SDM College, Dharwad",PSYCHIATRY,"₹19,95,350*","₹45,000*",1*,"₹50,00,000*",670,-,-,-,-,-,-,-,23086(1),41571(1),54732(1),-,-,-
KAR Priv Seats-GMP,GMP,Karnataka,"MS Ramaiah, Bangalore",OPHTHALMOLOGY,"₹40,40,750*","₹45,000",1*,"₹50,00,000*",1331,33542(1),39295(1),64656(1),-,-,-,-,36989(1),51363(1),54967(1),-,-,-
KAR Others (Inst.Q),MNG,Karnataka,"MS Ramaiah, Bangalore",OBG,"₹75,40,750*","₹45,000",1*,"₹50,00,000*",1331,-,-,103015(1),43950(1),-,-,-,38731(1),29803(1),55634(1),-,-,-
KAR Govt Quota-Open,SCH,Karnataka,"SDM College, Dharwad",ANAESTHESIOLOGY,"₹7,83,858*","₹45,000*",1*,"₹50,00,000*",670,-,-,-,-,-,-,-,-,-,55763(1),-,-,-
KAR Priv Seats-Min.,MU,Karnataka,"AJIMS, Mangalore",ANAESTHESIOLOGY,"₹13,88,744*","₹30,000",1*,"₹50,00,000*",910,62342(5),53394(5),89676(5),-,-,-,-,47504(6),47504(6),55801(6),-,-,-
KAR Priv Seats-Open,OPN,Karnataka,"Sapthagiri IMS&RC, Bangalore",PSYCHIATRY,"₹20,41,500*","₹10,000*",1*,"₹50,00,000*",500,30670(1),30598(1),60502(1),-,-,-,-,39918(1),38819(1),55803(1),-,-,-
KAR Govt Quota-InS,GMH,Karnataka,"Kempegowda IMS, Bangalore",RADIO DIAGNOSIS,"₹7,83,858*","₹35,000*",1*,"₹50,00,000*",1100,-,-,-,-,-,-,-,-,55964(1),-,-,-,-
KAR Govt Quota-Open,SCH,Karnataka,"Shridevi IMS, Tumkur",OPHTHALMOLOGY,"₹7,83,858*",Info not available*,1*,"₹50,00,000*",750,-,-,-,-,-,-,-,56063(1),55763(1),56063(1),-,-,-
KAR Priv Seats-Min.,MEH,Karnataka,"Navodaya Med Coll, Raichur",OBG,"₹13,88,744*","₹10,000*",1*,"₹50,00,000*",1110,40640(3),35706(3),42818(3),-,-,-,-,38730(3),44531(3),56106(3),-,-,-
KAR Govt Quota-Open,SCG,Karnataka,"East Point College,Bangalore",GENERAL SURGERY,"₹7,83,858*","₹20,000",1*,"₹50,00,000*",-,-,-,-,-,-,-,-,45484(1),37635(1),56183(1),-,-,-
KAR Govt Quota-Open,PGM,Karnataka,"Shimoga IMS, Shimoga",GENERAL MEDICINE,"₹1,24,150*","₹56,250",3*,"₹50,00,000*",950,-,-,-,-,-,-,-,56294(1),56294(1),56294(1),-,-,-
KAR Priv Seats-GMP,GMP,Karnataka,"MS Ramaiah, Bangalore",ANAESTHESIOLOGY,"₹25,40,750*","₹45,000",1*,"₹50,00,000*",1331,39295(4),42396(4),66572(4),-,-,-,-,38377(2),37311(2),56338(2),-,-,-
KAR Priv Seats-Min.,ME,Karnataka,"Oxford Med Coll, Bangalore",GENERAL SURGERY,"₹13,88,744*","₹30,000*",1*,"₹50,00,000*",770,47748(2),46421(2),46421(2),-,-,-,-,49348(3),35478(3),56466(3),-,-,-
KAR Priv Seats-GMP,GMP,Karnataka,"MS Ramaiah, Bangalore",TBRD,"₹40,40,750*","₹45,000",1*,"₹50,00,000*",1331,-,-,-,-,-,-,-,34438(1),26187(1),56540(1),-,-,-
KAR Govt Quota-Open,2BH,Karnataka,"Koppal Inst of MS, Koppal",PATHOLOGY,"₹69,150*","₹56,250",3*,"₹50,00,000*",Info Not Available,-,-,-,-,-,-,-,31490(1),39638(1),56603(1),-,-,-
KAR Govt Quota-Open,STG,Karnataka,"ESI, Bangalore",GENERAL SURGERY,"₹2,50,000*","₹1,11,780*",2*,"₹10,00,000*",530,-,-,-,-,-,-,-,23413(1),23413(1),56618(1),-,-,-
KAR Priv Seats-Min.,MC,Karnataka,"Father Mullers, Mangalore",ANAESTHESIOLOGY,"₹13,88,744*","₹35,000*",1*,"₹50,00,000*",1250,-,-,-,-,-,-,-,34643(4),34643(4),56694(4),-,-,-
KAR Priv Seats-Min.,MM,Karnataka,"Kanachur IMS, Mangalore",GENERAL SURGERY,"₹13,88,744*",Info not available,1*,"₹50,00,000*",785,-,-,-,-,-,-,-,45307(3),45307(3),56711(3),-,-,-
KAR Priv Seats-GMP,GMPH,Karnataka,"SMC, Shimoga",ANAESTHESIOLOGY,"₹13,88,744*",Info not available,1*,"₹50,00,000*",1250,61947(1),54730(1),91980(1),-,-,-,-,54178(1),52928(1),56906(1),-,-,-
KAR Govt Quota-Open,SCG,Karnataka,"SSIMS & RC, Davangere",EMERGENCY MEDICINE,"₹7,83,858*","₹30,000",1*,"₹50,00,000*",1190,-,-,-,-,-,-,-,37719(1),37719(1),57101(1),-,-,-
KAR Priv Seats-Min.,MA,Karnataka,"MVJMC&RH, Bangalore",ENT,"₹13,88,744*","₹10,000*",1*,"₹50,00,000*",833,83468(1),110079(1),182575(1),-,-,-,-,53476(3),53385(3),57133(3),-,-,-
KAR Govt Quota-Open,SCH,Karnataka,"KVG Med Coll, Sullia",EMERGENCY MEDICINE,"₹7,83,858*","₹7,500",1*,"₹50,00,000*",682,-,-,-,-,-,-,-,50631(1),57101(1),57163(1),-,-,-
KAR Priv Seats-Min.,MU,Karnataka,"AJIMS, Mangalore",RADIATION ONCOLOGY,"₹13,88,744*","₹30,000",1*,"₹50,00,000*",910,95680(2),95680(2),158686(2),-,-,-,-,54616(1),48123(1),57309(1),-,-,-
KAR Govt Quota-Open,SCG,Karnataka,"SDM College, Dharwad",OPHTHALMOLOGY,"₹7,83,858*","₹45,000*",1*,"₹50,00,000*",670,-,-,-,-,-,-,-,-,-,57318(1),-,-,-
KAR Priv Seats-GMP,GMP,Karnataka,"SDM College, Dharwad",ANAESTHESIOLOGY,"₹22,15,250*","₹45,000*",1*,"₹50,00,000*",670,43645(1),43645(1),73106(1),-,-,-,-,41684(1),38875(1),57363(1),-,-,-
KAR Govt Quota-Open,SCG,Karnataka,"Nijalingappa, Bagalkot",ANAESTHESIOLOGY,"₹7,83,858*","₹10,000*",1*,"₹50,00,000*",1140,52767(1),52767(1),63063(1),-,-,-,-,53600(1),45231(1),57469(1),-,-,-
KAR Govt Quota-Open,2AH,Karnataka,"Nijalingappa, Bagalkot",ENT,"₹7,83,858*","₹10,000*",1*,"₹50,00,000*",1140,-,-,-,-,-,-,-,39224(1),31407(1),57480(1),-,-,-
KAR Govt Quota-Open,3BG,Karnataka,"ESI, Bangalore",ANATOMY,"₹2,50,000*","₹1,11,780*",2*,"₹10,00,000*",530,-,-,-,-,-,-,-,57484(1),-,-,-,-,-
KAR Govt Quota-Open,2AH,Karnataka,"Gulbarga IMS, Gulbarga",MICROBIOLOGY,"₹69,150*","₹56,250",3*,"₹50,00,000*",873,-,-,-,-,-,-,-,57521(1),57521(1),-,-,-,-
KAR Priv Seats-Min.,ME,Karnataka,"Akash IMS,Devanhalli,Bangalore",ORTHOPAEDICS,"₹13,88,744*","₹20,000",1*,"₹50,00,000*",760,48756(2),36731(2),61489(2),-,-,-,-,47748(2),47748(2),57541(2),-,-,-
KAR Priv Seats-Open,OPN,Karnataka,"SDM College, Dharwad",PATHOLOGY,"₹3,65,390*","₹45,000*",1*,"₹50,00,000*",670,42026(1),48459(1),93046(1),-,-,-,-,49809(1),44440(1),57626(1),-,-,-
KAR Govt Quota-Open,SCG,Karnataka,"DR BR Ambedkar, Bangalore",EMERGENCY MEDICINE,"₹7,83,858*","₹10,000*",1*,"₹50,00,000*",570,-,-,-,-,-,-,-,43154(1),43154(1),57782(1),-,-,-
KAR Priv Seats-Min.,ME,Karnataka,"SMC, Shimoga",EMERGENCY MEDICINE,"₹13,88,744*",Info not available,1*,"₹50,00,000*",1250,-,-,-,130099(1),-,-,-,52669(1),48711(1),57856(1),-,-,-
KAR Priv Seats-Open,OPN,Karnataka,"DR BR Ambedkar, Bangalore",MICROBIOLOGY,₹0*,"₹10,000*",1*,"₹50,00,000*",570,-,-,-,-,-,-,-,-,57935(1),-,-,-,-
KAR Govt Quota-Open,GM,Karnataka,"SMC, Shimoga",FORENSIC MEDICINE,"₹2,07,777*",Info not available,1*,"₹50,00,000*",1250,-,-,-,-,-,-,-,58304(1),-,-,-,-,-
KAR Govt Quota-Open,2AG,Karnataka,"Hassan IMS, Hassan",PHARMACOLOGY,"₹69,150*","₹56,250",3*,"₹50,00,000*",Info Not Available,-,-,-,-,-,-,-,58319(1),58319(1),-,-,-,-
KAR Govt Quota-Open,GM,Karnataka,"SDM College, Dharwad",HOSPITAL ADMINISTRATION,"₹7,83,858*","₹45,000*",1*,"₹50,00,000*",670,62844(1),87116(1),101496(1),-,-,-,-,-,-,58375(1),-,-,-
KAR Govt Quota-Open,STG,Karnataka,"VIMS (Vydehi), Bangalore",GENERAL MEDICINE,"₹7,83,858*","₹29,000*",1*,"₹50,00,000*",1600,-,-,-,-,-,-,-,38762(1),38762(1),58596(1),-,-,-
KAR Govt Quota-Open,GM,Karnataka,"Hassan IMS, Hassan",PHYSIOLOGY,"₹41,650*","₹56,250",3*,"₹50,00,000*",Info Not Available,-,-,-,-,-,-,-,58812(1),-,-,-,-,-
KAR Govt Quota-Open,1G,Karnataka,"SDM College, Dharwad",PSYCHIATRY,"₹7,83,858*","₹45,000*",1*,"₹50,00,000*",670,-,-,-,-,-,-,-,39983(1),37958(1),59012(1),-,-,-
KAR Priv Seats-Open,OPN,Karnataka,"AIMS, Adichunchanagiri, Bellur",ENT,"₹26,15,750*","₹23,750",1*,"₹50,00,000*",1120,-,-,-,-,-,-,-,45856(1),47024(1),59024(1),-,-,-
KAR Govt Quota-Open,SCG,Karnataka,"VIMS (Vydehi), Bangalore",ANAESTHESIOLOGY,"₹7,83,858*","₹29,000*",1*,"₹50,00,000*",1600,51918(1),48508(1),60441(1),-,-,-,-,-,-,59253(1),-,-,-
KAR Govt Quota-Open,GMH,Karnataka,"ESIC Med Coll,Gulbarga",MICROBIOLOGY,"₹2,50,000*","₹1,11,780*",2*,"₹10,00,000*",480,94422(1),94422(1),-,-,-,-,-,59381(1),51394(1),-,-,-,-
KAR Govt Quota-Open,3AH,Karnataka,Karwar Inst of Med Sciences,PATHOLOGY,"₹69,150*","₹56,250",3*,"₹50,00,000*",650,-,-,-,-,-,-,-,59433(1),38243(1),59433(1),-,-,-
KAR Govt Quota-Open,SCG,Karnataka,"SDM College, Dharwad",ENT,"₹7,83,858*","₹45,000*",1*,"₹50,00,000*",670,-,-,-,-,-,-,-,49504(1),47515(1),59477(1),-,-,-
KAR Priv Seats-GMP,GMP,Karnataka,"SDM College, Dharwad",ENT,"₹21,05,250*","₹45,000*",1*,"₹50,00,000*",670,59574(1),45941(1),86788(1),-,-,-,-,38881(1),36179(1),59524(1),-,-,-
KAR Govt Quota-Open,PGM,Karnataka,"ESI, Bangalore",GENERAL MEDICINE,"₹2,50,000*","₹1,11,780*",2*,"₹10,00,000*",530,-,-,-,-,-,-,-,59721(1),59721(1),59721(1),-,-,-
KAR Govt Quota-Open,SCG,Karnataka,"Sapthagiri IMS&RC, Bangalore",OPHTHALMOLOGY,"₹8,09,608*","₹10,000*",1*,"₹50,00,000*",500,-,-,-,-,-,-,-,45975(1),45870(1),59810(1),-,-,-
KAR Govt Quota-Open,GM,Karnataka,"Shri Atal Bihari Vajpayee, BLR",PHARMACOLOGY,"₹69,150*","₹56,250",3*,"₹50,00,000*",956,41326(1),41326(1),127810(2),-,-,-,-,41233(1),41398(1),60291(1),-,-,-
KAR Priv Seats-Open,OPN,Karnataka,"St John's, Bangalore",PHARMACOLOGY,"₹4,09,025*","₹45,000",1*,"₹5,00,000*",1720,-,-,160678(2),160678(1),197265(1),-,-,53463(1),60291(1),-,-,-,-
KAR Govt Quota-Open,STG,Karnataka,"Bangalore Med Coll, Bangalore",OPHTHALMOLOGY,"₹1,24,150*","₹56,250",3*,"₹50,00,000*",1993,53651(1),53651(1),77017(1),-,-,-,-,34962(1),34962(1),60480(1),-,-,-
KAR Govt Quota-Open,SCG,Karnataka,"Bangalore Med Coll, Bangalore",SPM,"₹69,150*","₹56,250",3*,"₹50,00,000*",1993,-,-,-,-,-,-,-,45870(1),54960(1),60567(1),-,-,-
KAR Priv Seats-GMP,GMPH,Karnataka,"Al-Ameen, Bijapur",ANAESTHESIOLOGY,"₹13,88,744*","₹9,000*",1*,"₹50,00,000*",1040,60366(1),50312(1),84429(1),-,-,-,-,53025(1),49726(1),60611(1),-,-,-
KAR Priv Seats-GMP,GMPH,Karnataka,"MRMC, Gulbarga",ANAESTHESIOLOGY,"₹13,88,744*","₹8,000*",1*,"₹50,00,000*",1038,54013(7),48374(7),81467(7),-,-,-,-,50330(7),40457(7),60998(7),-,-,-
KAR Priv Seats-Min.,MU,Karnataka,"AJIMS, Mangalore",ENT,"₹13,88,744*","₹30,000",1*,"₹50,00,000*",910,68383(2),62342(2),88444(2),-,-,-,-,35192(2),35192(2),61016(2),-,-,-
KAR Priv Seats-Min.,MA,Karnataka,"MVJMC&RH, Bangalore",PSYCHIATRY,"₹13,88,744*","₹10,000*",1*,"₹50,00,000*",833,-,-,-,-,-,-,-,61072(2),44125(2),61072(2),-,-,-
KAR Govt Quota-Open,SCG,Karnataka,"Oxford Med Coll, Bangalore",ANAESTHESIOLOGY,"₹7,83,858*","₹30,000*",1*,"₹50,00,000*",770,-,-,-,-,-,-,-,48086(1),51082(1),61274(1),-,-,-
KAR Priv Seats-GMP,GMPH,Karnataka,"DR BR Ambedkar, Bangalore",ANAESTHESIOLOGY,"₹13,88,744*","₹10,000*",1*,"₹50,00,000*",570,45603(1),37881(1),81365(1),-,-,-,-,42416(1),42416(1),61502(1),-,-,-
KAR NRI Quota,NRI,Karnataka,"Basaveswara, Chitradurga",OBG,"₹90,15,750*","₹5,000*",1*,"₹50,00,000*",500,26310(2),86795(2),107455(1),-,-,-,-,61599(1),61599(1),-,-,-,-
KAR Govt Quota-Open,STG,Karnataka,"Oxford Med Coll, Bangalore",DERMATOLOGY,"₹7,83,858*","₹30,000*",1*,"₹50,00,000*",770,-,-,-,-,-,-,-,29111(1),29920(1),61630(2),-,-,-
KAR Priv Seats-GMP,GMP,Karnataka,"SDM College, Dharwad",PATHOLOGY,"₹3,65,390*","₹45,000*",1*,"₹50,00,000*",670,70385(1),60297(1),130126(1),-,-,-,-,61639(1),55803(1),61639(1),-,-,-
KAR Priv Seats-Open,OPN,Karnataka,"East Point College,Bangalore",MICROBIOLOGY,"₹3,59,003*","₹20,000",1*,"₹50,00,000*",-,-,-,-,-,-,-,-,-,61890(1),-,-,-,-
KAR Govt Quota-Open,SCG,Karnataka,"AIMS, Adichunchanagiri, Bellur",PSYCHIATRY,"₹7,83,858*","₹23,750",1*,"₹50,00,000*",1120,-,-,77619(1),-,-,-,-,61894(1),52231(1),58406(1),-,-,-
KAR Govt Quota-Open,SCG,Karnataka,"AIMS, Adichunchanagiri, Bellur",ENT,"₹7,83,858*","₹23,750",1*,"₹50,00,000*",1120,-,-,-,-,-,-,-,45092(1),50199(1),61894(1),-,-,-
KAR Priv Seats-GMP,GMPH,Karnataka,"Basaveswara, Chitradurga",ENT,"₹13,88,744*","₹5,000*",1*,"₹50,00,000*",500,-,-,-,-,-,-,-,52264(1),52264(1),62092(1),-,-,-
KAR Govt Quota-Open,2AG,Karnataka,"Shri Atal Bihari Vajpayee, BLR",MICROBIOLOGY,"₹69,150*","₹56,250",3*,"₹50,00,000*",956,-,-,-,-,-,-,-,62111(1),58459(1),-,-,-,-
KAR Govt Quota-InS,GM,Karnataka,"Srinivasa IMS, Srinivasanagar",RADIO DIAGNOSIS,"₹8,08,858*","₹29,000*",1*,"₹50,00,000*",660,-,-,-,-,-,-,-,-,62186(1),-,-,-,-
KAR Govt Quota-Open,GM,Karnataka,"Srinivasa IMS, Srinivasanagar",PATHOLOGY,"₹2,32,777*","₹29,000*",1*,"₹50,00,000*",660,-,-,-,-,-,-,-,53959(1),41114(1),62255(1),-,-,-
KAR Priv Seats-Min.,ME,Karnataka,"VIMS (Vydehi), Bangalore",ENT,"₹13,88,744*","₹29,000*",1*,"₹50,00,000*",1600,54495(2),41616(2),95069(2),-,-,-,-,45420(2),51401(2),62266(2),-,-,-
KAR Priv Seats-Min.,ME,Karnataka,"Oxford Med Coll, Bangalore",ORTHOPAEDICS,"₹13,88,744*","₹30,000*",1*,"₹50,00,000*",770,49370(1),48262(1),57921(1),-,-,-,-,50646(2),50440(2),62382(2),-,-,-
KAR Govt Quota-Open,SCG,Karnataka,"Sapthagiri IMS&RC, Bangalore",ANAESTHESIOLOGY,"₹8,09,608*","₹10,000*",1*,"₹50,00,000*",500,59606(3),57144(3),77271(4),93983(2),-,-,-,52183(3),51603(3),62609(3),-,-,-
KAR NRI Quota,NRI,Karnataka,"Basaveswara, Chitradurga",TBRD,"₹65,15,750*","₹5,000*",1*,"₹50,00,000*",500,-,97793(1),138084(1),184599(1),-,-,-,62634(1),-,-,-,-,-
KAR Priv Seats-Min.,MA,Karnataka,"MVJMC&RH, Bangalore",OPHTHALMOLOGY,"₹13,88,744*","₹10,000*",1*,"₹50,00,000*",833,97000(2),53598(2),114561(2),-,-,-,-,62733(3),51832(3),62733(3),-,-,-
KAR Govt Quota-Open,GM,Karnataka,"Belagavi IMS, Belagavi",SPM,"₹69,150*","₹56,250",3*,"₹50,00,000*",1000,-,-,113035(1),-,-,-,-,34190(1),24266(1),62804(1),-,-,-
KAR Priv Seats-Min.,MM,Karnataka,"Al-Ameen, Bijapur",ORTHOPAEDICS,"₹13,88,744*","₹9,000*",1*,"₹50,00,000*",1040,-,-,-,-,-,-,-,41697(2),37431(2),62806(2),-,-,-
KAR Govt Quota-Open,GMH,Karnataka,"VIMS, Bellary",MICROBIOLOGY,"₹69,150*","₹56,250",3*,"₹50,00,000*",1295,-,-,-,-,-,-,-,51507(1),62847(1),-,-,-,-
KAR NRI Quota,NRI,Karnataka,"Srinivasa IMS, Srinivasanagar",PAEDIATRICS,"₹60,40,750*","₹29,000*",1*,"₹50,00,000*",660,-,-,-,-,-,-,-,63024(1),63024(1),-,-,-,-
KAR Priv Seats-GMP,GMP,Karnataka,"MS Ramaiah, Bangalore",PAEDIATRICS,"₹50,40,750*","₹45,000",1*,"₹50,00,000*",1331,29682(4),29682(4),40941(4),-,-,-,-,22998(4),34438(4),63218(4),-,-,-
KAR Govt Quota-InS,GM,Karnataka,"Koppal Inst of MS, Koppal",GENERAL MEDICINE,"₹1,24,150*","₹56,250",3*,"₹50,00,000*",Info Not Available,-,-,-,-,-,-,-,-,63543(1),-,-,-,-
KAR Govt Quota-Open,STG,Karnataka,Kodagu Inst of Med Sciences,OBG,"₹1,24,150*","₹56,250",3*,"₹50,00,000*",600,-,-,-,-,-,-,-,40992(1),32916(1),63582(1),-,-,-
KAR Priv Seats-GMP,GMPH,Karnataka,"AIMS, Adichunchanagiri, Bellur",PAEDIATRICS,"₹40,15,750*","₹23,750",1*,"₹50,00,000*",1120,-,-,-,-,-,-,-,38669(1),38669(1),63937(1),-,-,-
KAR Priv Seats-Min.,RC2,Karnataka,"St John's, Bangalore",ENT,"₹12,05,025*","₹45,000",1*,"₹5,00,000*",1720,-,-,-,-,-,-,-,47887(2),64108(2),-,-,-,-
KAR Priv Seats-GMP,GMP,Karnataka,"AIMS, Adichunchanagiri, Bellur",PSYCHIATRY,"₹25,15,750*","₹23,750",1*,"₹50,00,000*",1120,73436(1),54318(1),111331(1),-,-,-,-,45360(1),45360(1),64125(1),-,-,-
KAR Govt Quota-Open,SCG,Karnataka,"ESI, Bangalore",PHARMACOLOGY,"₹2,50,000*","₹1,11,780*",2*,"₹10,00,000*",530,-,-,-,-,-,-,-,64130(1),63816(1),63816(1),-,-,-
KAR Govt Quota-Open,STG,Karnataka,"Shimoga IMS, Shimoga",GENERAL SURGERY,"₹1,24,150*","₹56,250",3*,"₹50,00,000*",950,-,-,-,-,-,-,-,36990(1),36990(1),64342(1),-,-,-
KAR Others (Inst.Q),MNG,Karnataka,"Father Mullers, Mangalore",OBG,"₹60,15,750*","₹35,000*",1*,"₹50,00,000*",1250,-,-,73975(1),74348(1),-,-,-,20711(1),45552(1),64343(1),-,-,-
KAR Priv Seats-GMP,GMP,Karnataka,"Srinivasa IMS, Srinivasanagar",RADIO DIAGNOSIS,"₹70,40,750*","₹29,000*",1*,"₹50,00,000*",660,-,-,-,-,-,-,-,12466(2),27833(2),64375(2),-,-,-
KAR Govt Quota-InS,GM,Karnataka,"Bangalore Med Coll, Bangalore",RADIO DIAGNOSIS,"₹1,24,150*","₹56,250",3*,"₹50,00,000*",1993,43170(1),43170(1),43170(1),-,-,-,-,-,64429(1),-,-,-,-
KAR Priv Seats-Min.,ME,Karnataka,"SMC, Shimoga",ORTHOPAEDICS,"₹13,88,744*",Info not available,1*,"₹50,00,000*",1250,-,-,-,135511(4),-,-,-,52279(4),52279(4),64444(4),-,-,-
KAR Priv Seats-GMP,GMPH,Karnataka,"Nijalingappa, Bagalkot",ANAESTHESIOLOGY,"₹13,88,744*","₹10,000*",1*,"₹50,00,000*",1140,-,-,-,-,-,-,-,42939(1),52764(1),64517(1),-,-,-
KAR Others (Inst.Q),MNG,Karnataka,"Father Mullers, Mangalore",PAEDIATRICS,"₹60,15,750*","₹35,000*",1*,"₹50,00,000*",1250,-,-,102154(1),-,-,-,-,20277(1),42366(1),64588(1),-,-,-
KAR Govt Quota-Open,SCG,Karnataka,"VIMS (Vydehi), Bangalore",ENT,"₹7,83,858*","₹29,000*",1*,"₹50,00,000*",1600,-,-,-,-,-,-,-,48705(1),45484(1),64787(1),-,-,-
KAR Priv Seats-Min.,RC2,Karnataka,"St John's, Bangalore",ORTHOPAEDICS,"₹12,80,025*","₹45,000",1*,"₹5,00,000*",1720,74058(2),74058(2),131021(3),-,-,-,-,64850(4),61862(4),64108(3),-,-,-
KAR Priv Seats-Min.,RC2,Karnataka,"St John's, Bangalore",PAEDIATRICS,"₹12,40,025*","₹45,000",1*,"₹5,00,000*",1720,-,-,155170(1),-,-,-,-,44430(3),43278(3),64850(4),-,-,-
KAR Govt Quota-Open,2BH,Karnataka,"MRMC, Gulbarga",PSYCHIATRY,"₹7,83,858*","₹8,000*",1*,"₹50,00,000*",1038,-,-,-,-,-,-,-,39797(1),39797(1),64928(1),-,-,-
KAR Priv Seats-GMP,GMPH,Karnataka,"MS Ramaiah, Bangalore",OBG,"₹50,40,750*","₹45,000",1*,"₹50,00,000*",1331,45466(1),45466(1),45466(1),-,-,-,-,34184(1),34184(1),64946(1),-,-,-
KAR Govt Quota-Open,SCG,Karnataka,"Navodaya Med Coll, Raichur",OPHTHALMOLOGY,"₹7,83,858*","₹10,000*",1*,"₹50,00,000*",1110,-,-,-,-,-,-,-,45126(1),45028(1),65007(1),-,-,-
KAR Others (Inst.Q),MNG,Karnataka,"SDM College, Dharwad",OBG,"₹75,15,750*","₹45,000*",1*,"₹50,00,000*",670,-,-,50507(1),-,-,-,-,44755(1),65102(1),65102(1),-,-,-
KAR Govt Quota-Open,GMH,Karnataka,"MRMC, Gulbarga",SPM,"₹2,07,777*","₹8,000*",1*,"₹50,00,000*",1038,92404(1),92404(1),150078(1),-,-,-,-,65178(1),63123(1),-,-,-,-
KAR Priv Seats-Min.,ME,Karnataka,"VIMS (Vydehi), Bangalore",PSYCHIATRY,"₹13,88,744*","₹29,000*",1*,"₹50,00,000*",1600,41583(1),65941(1),65941(1),-,-,-,-,42961(3),42961(3),65185(3),-,-,-
KAR Govt Quota-Open,STG,Karnataka,"BGS IMS, Bangalore",OBG,"₹7,83,858*","₹25,000*",1*,"₹50,00,000*",766,60527(1),60527(1),63313(1),-,-,-,-,65315(1),65315(1),65315(1),-,-,-
KAR Govt Quota-Open,SCG,Karnataka,"Basaveswara, Chitradurga",PSYCHIATRY,"₹7,83,858*","₹5,000*",1*,"₹50,00,000*",500,-,-,-,-,-,-,-,58406(1),54020(1),65540(1),-,-,-
KAR Priv Seats-Open,OPN,Karnataka,"Khaja Bandanawaz, Gulbarga",GENERAL MEDICINE,"₹60,30,750*","₹30,000*",1*,"₹50,00,000*",833,-,-,-,-,-,-,-,19432(1),31986(1),65752(1),-,-,-
KAR Priv Seats-GMP,GMPH,Karnataka,"Shridevi IMS, Tumkur",ANAESTHESIOLOGY,"₹13,88,744*",Info not available*,1*,"₹50,00,000*",750,-,-,-,-,-,-,-,52764(1),43613(1),65981(1),-,-,-
KAR Govt Quota-Open,STG,Karnataka,"KIMS, Hubli",GENERAL SURGERY,"₹1,24,150*","₹56,250",3*,"₹50,00,000*",1200,-,-,-,-,-,-,-,-,-,66081(1),-,-,-
KAR Priv Seats-Min.,ME,Karnataka,"VIMS (Vydehi), Bangalore",OPHTHALMOLOGY,"₹13,88,744*","₹29,000*",1*,"₹50,00,000*",1600,41616(3),36965(3),62465(3),-,-,-,-,42319(3),42319(3),66864(3),-,-,-
KAR Govt Quota-Open,STH,Karnataka,"Shimoga IMS, Shimoga",GENERAL SURGERY,"₹1,24,150*","₹56,250",3*,"₹50,00,000*",950,-,-,-,-,-,-,-,45404(1),45404(1),67101(1),-,-,-
KAR Priv Seats-Min.,ME,Karnataka,"Akash IMS,Devanhalli,Bangalore",EMERGENCY MEDICINE,"₹13,88,744*","₹20,000",1*,"₹50,00,000*",760,60225(2),78883(2),84515(2),-,-,-,-,46586(2),52669(2),67464(1),-,-,-
KAR Govt Quota-Open,2AG,Karnataka,Kodagu Inst of Med Sciences,FORENSIC MEDICINE,"₹69,150*","₹56,250",3*,"₹50,00,000*",600,-,-,-,-,-,-,-,67503(1),67503(1),-,-,-,-
KAR Priv Seats-Min.,ME,Karnataka,"Oxford Med Coll, Bangalore",EMERGENCY MEDICINE,"₹13,88,744*","₹30,000*",1*,"₹50,00,000*",770,78883(2),72534(2),78883(2),-,-,-,-,56106(2),56106(2),67513(2),-,-,-
KAR Priv Seats-Open,OPN,Karnataka,"Sapthagiri IMS&RC, Bangalore",ANAESTHESIOLOGY,"₹23,41,500*","₹10,000*",1*,"₹50,00,000*",500,38077(3),38471(3),78915(3),-,-,-,-,35210(1),36420(1),67619(1),-,-,-
KAR NRI Quota,NRI,Karnataka,"JJM Med Coll, Davangere",GENERAL SURGERY,"₹80,15,750*","₹30,000*",1*,"₹50,00,000*",1930,83760(4),74830(4),183225(3),-,-,-,-,67820(1),-,-,-,-,-
KAR Priv Seats-Min.,ME,Karnataka,"Akash IMS,Devanhalli,Bangalore",OPHTHALMOLOGY,"₹13,88,744*","₹20,000",1*,"₹50,00,000*",760,67472(2),40748(2),78923(2),-,-,-,-,55652(2),49968(2),67973(2),-,-,-
KAR Priv Seats-Min.,RC1,Karnataka,"St John's, Bangalore",GENERAL MEDICINE,"₹12,40,025*","₹45,000",1*,"₹5,00,000*",1720,51251(2),51251(2),51251(2),-,-,-,-,68020(3),68020(3),-,-,-,-
KAR Priv Seats-Min.,MM,Karnataka,"Kanachur IMS, Mangalore",OPHTHALMOLOGY,"₹13,88,744*",Info not available,1*,"₹50,00,000*",785,-,-,-,-,-,-,-,68039(2),67494(2),68039(2),-,-,-
KAR Priv Seats-GMP,GMPH,Karnataka,"Father Mullers, Mangalore",PATHOLOGY,"₹3,59,003*","₹35,000*",1*,"₹50,00,000*",1250,-,105492(1),-,-,-,-,-,68378(1),51802(1),68378(1),-,-,-
KAR Govt Quota-Open,2AH,Karnataka,"VIMS, Bellary",PHARMACOLOGY,"₹69,150*","₹56,250",3*,"₹50,00,000*",1295,-,-,-,-,-,-,-,43232(1),68378(1),-,-,-,-
KAR Others (Inst.Q),MNG,Karnataka,"Father Mullers, Mangalore",GENERAL SURGERY,"₹60,15,750*","₹35,000*",1*,"₹50,00,000*",1250,-,-,123797(1),146973(1),-,-,-,12368(1),36270(1),68443(1),-,-,-
KAR Priv Seats-GMP,GMP,Karnataka,"Sapthagiri IMS&RC, Bangalore",ANAESTHESIOLOGY,"₹23,41,500*","₹10,000*",1*,"₹50,00,000*",500,59691(3),53086(3),85059(3),83669(1),-,-,-,44038(1),38377(1),68499(1),-,-,-
KAR Others (Inst.Q),MNG,Karnataka,"SSIMS & RC, Davangere",PAEDIATRICS,"₹65,15,750*","₹30,000",1*,"₹50,00,000*",1190,-,-,104185(1),-,-,-,-,30291(1),46741(1),68507(1),-,-,-
KAR Priv Seats-GMP,GMPH,Karnataka,"SDM College, Dharwad",ANAESTHESIOLOGY,"₹22,15,250*","₹45,000*",1*,"₹50,00,000*",670,66572(1),55012(1),91337(1),-,-,-,-,54196(1),57980(1),68569(1),-,-,-
KAR Priv Seats-Open,OPN,Karnataka,"AIMS, Adichunchanagiri, Bellur",ANAESTHESIOLOGY,"₹26,15,750*","₹23,750",1*,"₹50,00,000*",1120,42555(2),39723(2),93240(2),98572(1),-,-,-,40938(2),40938(2),68638(2),-,-,-
KAR Priv Seats-Min.,ME,Karnataka,"Oxford Med Coll, Bangalore",OPHTHALMOLOGY,"₹13,88,744*","₹30,000*",1*,"₹50,00,000*",770,-,-,-,-,-,-,-,58142(1),46501(1),68686(1),-,-,-
KAR Priv Seats-Min.,ME,Karnataka,"SMC, Shimoga",OPHTHALMOLOGY,"₹13,88,744*",Info not available,1*,"₹50,00,000*",1250,69034(1),58835(1),72534(1),-,-,-,-,60706(2),59830(2),68784(2),-,-,-
KAR Govt Quota-Open,GM,Karnataka,"Bidar IMS, Bidar",SPM,"₹69,150*","₹56,250",3*,"₹50,00,000*",500,-,-,-,-,-,-,-,-,-,68845(1),-,-,-
KAR Priv Seats-GMP,GMPH,Karnataka,"MVJMC&RH, Bangalore",ENT,"₹13,88,744*","₹10,000*",1*,"₹50,00,000*",833,-,-,-,-,-,-,-,54493(1),54493(1),68930(1),-,-,-
KAR Priv Seats-GMP,GMPH,Karnataka,"Akash IMS,Devanhalli,Bangalore",PSYCHIATRY,"₹13,88,744*","₹20,000",1*,"₹50,00,000*",760,-,-,-,-,-,-,-,44791(1),42939(1),68938(1),-,-,-
KAR Priv Seats-Min.,ME,Karnataka,"SMC, Shimoga",ANAESTHESIOLOGY,"₹13,88,744*",Info not available,1*,"₹50,00,000*",1250,93159(2),59014(2),134503(2),-,-,-,-,69002(1),69002(1),69002(1),-,-,-
KAR Govt Quota-Open,2AH,Karnataka,"MRMC, Gulbarga",PATHOLOGY,"₹2,07,777*","₹8,000*",1*,"₹50,00,000*",1038,-,-,-,-,-,-,-,-,-,69007(1),-,-,-
KAR Govt Quota-InS,GM,Karnataka,"MS Ramaiah, Bangalore",PAEDIATRICS,"₹8,08,858*","₹45,000",1*,"₹50,00,000*",1331,73370(1),73370(1),117390(1),-,-,-,-,-,69388(1),-,-,-,-
KAR Govt Quota-Open,SCG,Karnataka,"KIMS, Hubli",PATHOLOGY,"₹69,150*","₹56,250",3*,"₹50,00,000*",1200,48999(1),50445(1),80678(1),-,-,-,-,36521(1),43239(1),69707(1),-,-,-
KAR Priv Seats-Min.,MM,Karnataka,"Al-Ameen, Bijapur",OPHTHALMOLOGY,"₹13,88,744*","₹9,000*",1*,"₹50,00,000*",1040,-,-,-,-,-,-,-,68920(1),48534(1),69833(1),-,-,-
KAR NRI Quota,NRI,Karnataka,"SDM College, Dharwad",PAEDIATRICS,"₹75,15,750*","₹45,000*",1*,"₹50,00,000*",670,51922(2),51922(2),83806(1),-,-,-,-,69848(1),69848(1),-,-,-,-
KAR Govt Quota-Open,GM,Karnataka,"Gulbarga IMS, Gulbarga",ANATOMY,"₹41,650*","₹56,250",3*,"₹50,00,000*",873,-,-,199609(1),-,-,-,-,64928(1),70276(1),-,-,-,-
KAR Govt Quota-Open,GM,Karnataka,"Kasturba Med Coll, Mangalore",BIOCHEMISTRY,"₹1,11,765*","₹45,000*",1*,"₹50,00,000*",1290,-,-,-,-,-,-,-,-,-,70381(1),-,-,-
KAR Govt Quota-Open,GM,Karnataka,Karwar Inst of Med Sciences,MICROBIOLOGY,"₹69,150*","₹56,250",3*,"₹50,00,000*",650,-,-,-,-,-,-,-,68823(1),70477(1),-,-,-,-
KAR Govt Quota-Open,GMH,Karnataka,"Koppal Inst of MS, Koppal",MICROBIOLOGY,"₹69,150*","₹56,250",3*,"₹50,00,000*",Info Not Available,-,-,-,-,-,-,-,70477(1),65055(1),-,-,-,-
KAR Priv Seats-Min.,ME,Karnataka,"Oxford Med Coll, Bangalore",PSYCHIATRY,"₹13,88,744*","₹30,000*",1*,"₹50,00,000*",770,65941(1),73404(1),109774(1),-,-,-,-,61367(2),61367(2),70652(2),-,-,-
KAR Priv Seats-Min.,MMH,Karnataka,"Khaja Bandanawaz, Gulbarga",DERMATOLOGY,"₹60,30,750*","₹30,000*",1*,"₹50,00,000*",833,62793(1),62793(1),62793(1),-,-,-,-,70990(1),70990(1),-,-,-,-
KAR Govt Quota-Open,STG,Karnataka,"Sapthagiri IMS&RC, Bangalore",GENERAL MEDICINE,"₹8,09,608*","₹10,000*",1*,"₹50,00,000*",500,-,-,-,-,-,-,-,55915(1),42200(1),71017(1),-,-,-
KAR Priv Seats-GMP,GMPH,Karnataka,"Oxford Med Coll, Bangalore",ANAESTHESIOLOGY,"₹13,88,744*","₹30,000*",1*,"₹50,00,000*",770,-,-,-,-,-,-,-,52577(1),47414(1),71110(1),-,-,-
KAR Priv Seats-GMP,GMPH,Karnataka,"AIMS, Adichunchanagiri, Bellur",TBRD,"₹30,15,750*","₹23,750",1*,"₹50,00,000*",1120,-,-,-,-,-,-,-,35997(1),54196(1),71147(1),-,-,-
KAR Priv Seats-Min.,RC1,Karnataka,"St John's, Bangalore",PAEDIATRICS,"₹12,40,025*","₹45,000",1*,"₹5,00,000*",1720,94303(1),94303(1),130154(2),-,-,-,-,71161(1),71161(1),-,-,-,-
KAR Priv Seats-Min.,ME,Karnataka,"Oxford Med Coll, Bangalore",ENT,"₹13,88,744*","₹30,000*",1*,"₹50,00,000*",770,71656(1),52810(1),147201(1),-,-,-,-,62266(2),67973(2),71322(2),-,-,-
KAR Govt Quota-Open,SCH,Karnataka,"Navodaya Med Coll, Raichur",ENT,"₹7,83,858*","₹10,000*",1*,"₹50,00,000*",1110,-,-,-,-,-,-,-,71479(1),61655(1),71479(1),-,-,-
KAR Priv Seats-Min.,MM,Karnataka,"Kanachur IMS, Mangalore",EMERGENCY MEDICINE,"₹13,88,744*",Info not available,1*,"₹50,00,000*",785,-,-,-,-,-,-,-,45511(2),59469(2),71571(2),-,-,-
KAR NRI Quota,NRI,Karnataka,"SSIMS & RC, Davangere",GENERAL MEDICINE,"₹70,15,750*","₹30,000",1*,"₹50,00,000*",1190,72184(2),74820(2),121299(1),-,-,-,-,71613(1),71613(1),-,-,-,-
KAR Priv Seats-Open,OPN,Karnataka,"AIMS, Adichunchanagiri, Bellur",PATHOLOGY,"₹4,15,750*","₹23,750",1*,"₹50,00,000*",1120,73700(2),62722(2),161439(2),159815(1),-,-,-,60900(1),54161(1),71910(1),-,-,-
KAR Priv Seats-Open,OPN,Karnataka,"SDM College, Dharwad",SPM,"₹1,15,750*","₹45,000*",1*,"₹50,00,000*",670,-,-,-,-,-,-,-,71912(1),54045(1),54045(1),-,-,-
KAR NRI Quota,NRI,Karnataka,"JJM Med Coll, Davangere",PSYCHIATRY,"₹25,15,750*","₹30,000*",1*,"₹50,00,000*",1930,-,-,-,-,-,-,-,71943(1),53047(1),-,-,-,-
KAR Priv Seats-GMP,GMP,Karnataka,"Srinivasa IMS, Srinivasanagar",OBG,"₹50,40,750*","₹29,000*",1*,"₹50,00,000*",660,16240(1),12711(1),20491(1),-,-,-,-,18169(1),23013(1),71944(1),-,-,-
KAR Govt Quota-Open,SCH,Karnataka,"DR BR Ambedkar, Bangalore",ANAESTHESIOLOGY,"₹7,83,858*","₹10,000*",1*,"₹50,00,000*",570,-,-,-,-,-,-,-,-,-,72049(1),-,-,-
KAR Govt Quota-Open,STG,Karnataka,Karwar Inst of Med Sciences,GENERAL SURGERY,"₹1,24,150*","₹56,250",3*,"₹50,00,000*",650,48777(1),50351(1),70787(1),-,-,-,-,31531(1),43013(1),72367(1),-,-,-
KAR Govt Quota-Open,STG,Karnataka,Kodagu Inst of Med Sciences,ENT,"₹1,24,150*","₹56,250",3*,"₹50,00,000*",600,-,-,-,-,-,-,-,72367(1),65860(1),-,-,-,-
KAR Govt Quota-Open,GMH,Karnataka,"Raichur IMS, Raichur",ANATOMY,"₹41,650*","₹56,250",3*,"₹50,00,000*",500,-,-,-,-,-,-,-,72408(1),-,-,-,-,-
KAR Priv Seats-GMP,GMPH,Karnataka,"MS Ramaiah, Bangalore",ANAESTHESIOLOGY,"₹25,40,750*","₹45,000",1*,"₹50,00,000*",1331,54730(1),49504(1),83512(1),-,-,-,-,57980(1),61971(1),72437(1),-,-,-
KAR Priv Seats-Open,OPN,Karnataka,"Dr Chandramma DS Inst, Hubli",PATHOLOGY,"₹4,25,750*",Info not available,1*,"₹50,00,000*",-,-,-,-,-,-,-,-,64059(1),63200(1),72556(1),-,-,-
KAR Others (Inst.Q),MNG,Karnataka,"VIMS (Vydehi), Bangalore",ANAESTHESIOLOGY,"₹25,15,750*","₹29,000*",1*,"₹50,00,000*",1600,-,-,-,-,-,-,-,57551(2),41573(2),72726(2),-,-,-
KAR Govt Quota-Open,2BG,Karnataka,"East Point College,Bangalore",OPHTHALMOLOGY,"₹7,83,858*","₹20,000",1*,"₹50,00,000*",-,-,-,-,-,-,-,-,-,-,72900(1),-,-,-
KAR Govt Quota-Open,2BG,Karnataka,"Kasturba Med Coll, Manipal",MICROBIOLOGY,"₹2,07,777*","₹45,000*",1*,"₹50,00,000*",2032,-,-,-,-,-,-,-,73450(1),73450(1),-,-,-,-
KAR Govt Quota-Open,2AH,Karnataka,"Bidar IMS, Bidar",PHARMACOLOGY,"₹69,150*","₹56,250",3*,"₹50,00,000*",500,-,-,-,-,-,-,-,-,73496(1),-,-,-,-
KAR NRI Quota,NRI,Karnataka,"Father Mullers, Mangalore",OBG,"₹60,15,750*","₹35,000*",1*,"₹50,00,000*",1250,64074(2),61276(2),64074(1),-,-,-,-,67954(1),64343(1),73514(1),-,-,-
KAR Priv Seats-Min.,MM,Karnataka,"Al-Ameen, Bijapur",ANAESTHESIOLOGY,"₹13,88,744*","₹9,000*",1*,"₹50,00,000*",1040,-,-,-,-,-,-,-,63984(4),53083(4),73703(4),-,-,-
KAR NRI Quota,NRI,Karnataka,"DR BR Ambedkar, Bangalore",GENERAL SURGERY,"₹75,15,750*","₹10,000*",1*,"₹50,00,000*",570,70844(1),86731(1),185626(2),-,-,-,-,73775(1),-,-,-,-,-
KAR NRI Quota,NRI,Karnataka,"Kempegowda IMS, Bangalore",PATHOLOGY,"₹10,15,750*","₹35,000*",1*,"₹50,00,000*",1100,-,109774(1),188860(1),199545(1),-,-,-,73932(1),73932(1),73932(1),-,-,-
KAR Priv Seats-Min.,RC2,Karnataka,"St John's, Bangalore",FAMILY MEDICINE,"₹12,05,025*","₹45,000",1*,"₹5,00,000*",1720,-,-,101126(1),-,-,-,-,74136(1),74136(1),74136(1),-,-,-
KAR Priv Seats-Min.,ME,Karnataka,"VIMS (Vydehi), Bangalore",ANAESTHESIOLOGY,"₹13,88,744*","₹29,000*",1*,"₹50,00,000*",1600,55012(5),49370(5),94889(5),-,-,-,-,66864(7),54056(7),74443(7),-,-,-
KAR Others (Inst.Q),MNG,Karnataka,"SDM College, Dharwad",PSYCHIATRY,"₹28,15,750*","₹45,000*",1*,"₹50,00,000*",670,-,-,-,-,-,-,-,45201(1),55353(1),74484(1),-,-,-
KAR Priv Seats-Min.,MA,Karnataka,"MVJMC&RH, Bangalore",ANAESTHESIOLOGY,"₹13,88,744*","₹10,000*",1*,"₹50,00,000*",833,103898(3),83468(3),110079(3),-,-,-,-,68309(3),45441(3),74522(3),-,-,-
KAR Govt Quota-Open,2AG,Karnataka,"East Point College,Bangalore",PATHOLOGY,"₹2,07,777*","₹20,000",1*,"₹50,00,000*",-,-,-,-,-,-,-,-,44714(1),74685(1),74685(1),-,-,-
KAR Govt Quota-Open,GM,Karnataka,"Kasturba Med Coll, Manipal",PALLIATIVE MEDICINE,"₹7,83,858*","₹45,000*",1*,"₹50,00,000*",2032,-,-,-,-,-,-,-,-,-,74812(1),-,-,-
KAR Priv Seats-GMP,GMP,Karnataka,"MS Ramaiah, Bangalore",PHARMACOLOGY,"₹2,32,777*","₹45,000",1*,"₹50,00,000*",1331,99034(1),94561(1),190326(1),-,-,-,-,74814(1),54822(1),-,-,-,-
KAR NRI Quota,NRI,Karnataka,"Father Mullers, Mangalore",PSYCHIATRY,"₹50,15,750*","₹35,000*",1*,"₹50,00,000*",1250,91688(3),91688(3),91688(3),-,-,-,-,65030(2),71943(2),74850(2),-,-,-
KAR NRI Quota,NRI,Karnataka,"SDM College, Dharwad",TBRD,"₹40,15,750*","₹45,000*",1*,"₹50,00,000*",670,26051(1),36113(1),108060(1),140930(1),-,-,-,74914(1),74914(1),-,-,-,-
KAR Others (Inst.Q),MNG,Karnataka,"JJM Med Coll, Davangere",OBG,"₹80,15,750*","₹30,000*",1*,"₹50,00,000*",1930,-,-,105163(3),138566(1),-,-,-,43617(3),48873(3),75006(2),-,-,-
KAR Govt Quota-Open,STG,Karnataka,"SMC, Shimoga",PAEDIATRICS,"₹7,83,858*",Info not available,1*,"₹50,00,000*",1250,-,-,-,-,-,-,-,75013(1),64582(1),-,-,-,-
KAR Govt Quota-Open,STG,Karnataka,"JSS Med Coll, Mysore",GENERAL MEDICINE,"₹7,83,858*","₹45,000*",1*,"₹50,00,000*",2060,-,-,-,-,-,-,-,37477(1),39034(1),75013(1),-,-,-
KAR Govt Quota-InS,GM,Karnataka,"SGITO (Sanjay Gan), Bangalore",ORTHOPAEDICS,"₹1,24,150*","₹56,250",3*,"₹50,00,000*",Info Not Available,-,-,141626(1),-,-,-,-,-,75093(1),-,-,-,-
KAR Priv Seats-Min.,MC,Karnataka,"Father Mullers, Mangalore",RADIATION ONCOLOGY,"₹13,88,744*","₹35,000*",1*,"₹50,00,000*",1250,-,-,-,-,-,-,-,75605(1),46730(1),62052(1),-,-,-
KAR Priv Seats-Open,OPN,Karnataka,"AIMS, Adichunchanagiri, Bellur",ORTHOPAEDICS,"₹35,15,750*","₹23,750",1*,"₹50,00,000*",1120,40301(2),31157(2),71714(2),87116(1),-,-,-,31233(2),42633(2),75614(2),-,-,-
KAR Govt Quota-Open,3AH,Karnataka,"MRMC, Gulbarga",ANAESTHESIOLOGY,"₹7,83,858*","₹8,000*",1*,"₹50,00,000*",1038,-,-,-,-,-,-,-,33618(1),20986(1),75619(2),-,-,-
KAR Govt Quota-InS,GM,Karnataka,"IGICH, Bangalore",PAEDIATRICS,"₹1,24,150*","₹56,250",3*,"₹50,00,000*",500,59205(1),59205(1),59205(1),-,-,-,-,-,75719(2),-,-,-,-
KAR Govt Quota-Open,GM,Karnataka,"Mysore Med Coll, Mysore",ANATOMY,"₹41,650*","₹56,250",3*,"₹50,00,000*",1050,-,68073(1),-,-,-,-,-,23896(1),75773(1),-,-,-,-
KAR Others (Inst.Q),MNG,Karnataka,"Father Mullers, Mangalore",PATHOLOGY,"₹7,65,750*","₹35,000*",1*,"₹50,00,000*",1250,-,-,-,-,-,-,-,-,-,75939(1),-,-,-
KAR Govt Quota-InS,SCG,Karnataka,"JJM Med Coll, Davangere",RADIO DIAGNOSIS,"₹7,83,858*","₹30,000*",1*,"₹50,00,000*",1930,-,-,115115(1),-,-,-,-,-,76358(1),-,-,-,-
KAR Govt Quota-Open,GM,Karnataka,"SMC, Shimoga",PHARMACOLOGY,"₹2,07,777*",Info not available,1*,"₹50,00,000*",1250,-,-,-,-,-,-,-,-,76419(1),-,-,-,-
KAR Govt Quota-Open,SCG,Karnataka,"Oxford Med Coll, Bangalore",ENT,"₹7,83,858*","₹30,000*",1*,"₹50,00,000*",770,-,-,-,-,-,-,-,-,-,76435(1),-,-,-
KAR Govt Quota-Open,3BG,Karnataka,"Bangalore Med Coll, Bangalore",PHARMACOLOGY,"₹69,150*","₹56,250",3*,"₹50,00,000*",1993,57756(1),57756(1),57756(1),-,-,-,-,34920(1),34920(1),76449(1),-,-,-
KAR Govt Quota-Open,STG,Karnataka,"Kempegowda IMS, Bangalore",PAEDIATRICS,"₹7,83,858*","₹35,000*",1*,"₹50,00,000*",1100,-,-,-,-,-,-,-,-,-,76772(1),-,-,-
KAR Govt Quota-Open,GMH,Karnataka,Karwar Inst of Med Sciences,MICROBIOLOGY,"₹69,150*","₹56,250",3*,"₹50,00,000*",650,-,-,-,-,-,-,-,77054(1),77054(1),-,-,-,-
KAR Priv Seats-Open,OPN,Karnataka,"AIMS, Adichunchanagiri, Bellur",GENERAL SURGERY,"₹35,15,750*","₹23,750",1*,"₹50,00,000*",1120,30228(1),31346(1),61578(1),-,-,-,-,38895(3),45319(3),77152(3),-,-,-
KAR Govt Quota-Open,SCH,Karnataka,"Akash IMS,Devanhalli,Bangalore",ANAESTHESIOLOGY,"₹7,83,858*","₹20,000",1*,"₹50,00,000*",760,-,-,-,-,-,-,-,52012(1),58993(1),77194(1),-,-,-
KAR Others (Inst.Q),MNG,Karnataka,"MS Ramaiah, Bangalore",RADIO DIAGNOSIS,"₹1,10,40,750*","₹45,000",1*,"₹50,00,000*",1331,-,-,33363(1),93413(1),-,-,-,31257(2),51182(2),77486(3),-,-,-
KAR Priv Seats-Min.,RC2,Karnataka,"St John's, Bangalore",PSYCHIATRY,"₹12,05,025*","₹45,000",1*,"₹5,00,000*",1720,-,-,-,-,-,-,-,77513(2),77513(2),77513(2),-,-,-
KAR Priv Seats-Open,OPN,Karnataka,"Oxford Med Coll, Bangalore",PATHOLOGY,"₹3,59,003*","₹30,000*",1*,"₹50,00,000*",770,-,-,148298(1),-,132091(1),-,-,47213(1),53722(1),77535(1),-,-,-
KAR Priv Seats-Min.,MEH,Karnataka,"Navodaya Med Coll, Raichur",OPHTHALMOLOGY,"₹13,88,744*","₹10,000*",1*,"₹50,00,000*",1110,88214(3),43136(3),88214(3),-,-,-,-,67511(3),67511(3),77607(2),-,-,-
KAR NRI Quota,NRI,Karnataka,"AIMS, Adichunchanagiri, Bellur",PAEDIATRICS,"₹70,15,750*","₹23,750",1*,"₹50,00,000*",1120,106864(1),106864(2),153939(2),184837(1),-,-,-,77866(1),77866(1),-,-,-,-
KAR Priv Seats-GMP,GMP,Karnataka,"MRMC, Gulbarga",PATHOLOGY,"₹3,59,003*","₹8,000*",1*,"₹50,00,000*",1038,83522(1),83522(1),184686(3),184686(2),173900(1),-,-,63626(1),56104(1),78248(1),-,-,-
KAR Priv Seats-GMP,GMPH,Karnataka,"AJIMS, Mangalore",RADIATION ONCOLOGY,"₹13,88,744*","₹30,000",1*,"₹50,00,000*",910,-,-,-,-,-,-,-,68938(1),51070(1),78291(1),-,-,-
KAR Govt Quota-InS,GM,Karnataka,"Raichur IMS, Raichur",OBG,"₹1,24,150*","₹56,250",3*,"₹50,00,000*",500,-,-,-,-,-,-,-,-,78465(1),-,-,-,-
KAR Priv Seats-Open,OPN,Karnataka,"JJM Med Coll, Davangere",FORENSIC MEDICINE,"₹3,59,003*","₹30,000*",1*,"₹50,00,000*",1930,-,-,161912(1),-,-,-,-,78517(1),-,-,-,-,-
KAR Priv Seats-GMP,GMPH,Karnataka,"VIMS (Vydehi), Bangalore",RADIATION ONCOLOGY,"₹13,88,744*","₹29,000*",1*,"₹50,00,000*",1600,48412(1),48412(1),126559(1),108517(1),-,-,-,68569(1),48999(1),78620(1),-,-,-
KAR Priv Seats-GMP,GMP,Karnataka,"VIMS (Vydehi), Bangalore",FORENSIC MEDICINE,₹0*,"₹29,000*",0*,₹0*,1600,-,-,-,-,-,-,-,-,78620(1),-,-,-,-
KAR Govt Quota-Open,2AG,Karnataka,"Al-Ameen, Bijapur",PATHOLOGY,"₹2,07,777*","₹9,000*",1*,"₹50,00,000*",1040,-,-,-,-,-,-,-,78694(1),46617(1),-,-,-,-
KAR Priv Seats-GMP,GMP,Karnataka,"VIMS (Vydehi), Bangalore",SPM,"₹3,59,003*","₹29,000*",1*,"₹50,00,000*",1600,-,-,167311(1),167311(1),167311(1),-,-,-,-,79091(1),-,-,-
KAR Govt Quota-Open,3AG,Karnataka,"Akash IMS,Devanhalli,Bangalore",SPM,"₹2,07,777*","₹20,000",1*,"₹50,00,000*",760,-,-,-,-,-,-,-,79091(1),79091(1),-,-,-,-
KAR Priv Seats-Open,OPN,Karnataka,"KVG Med Coll, Sullia",PATHOLOGY,"₹3,59,003*","₹7,500",1*,"₹50,00,000*",682,53644(1),58666(1),142138(2),142138(1),152813(1),-,-,57497(1),52650(1),79200(1),-,-,-
KAR Priv Seats-GMP,GMPH,Karnataka,"AIMS, Adichunchanagiri, Bellur",ANAESTHESIOLOGY,"₹26,15,750*","₹23,750",1*,"₹50,00,000*",1120,-,-,-,-,-,-,-,64946(1),64946(1),79396(1),-,-,-
KAR Priv Seats-GMP,GMPH,Karnataka,"MS Ramaiah, Bangalore",TBRD,"₹40,40,750*","₹45,000",1*,"₹50,00,000*",1331,-,-,-,-,-,-,-,56540(1),56540(1),79513(1),-,-,-
KAR Priv Seats-Min.,MU,Karnataka,"AJIMS, Mangalore",SPM,"₹3,59,003*","₹30,000",1*,"₹50,00,000*",910,-,-,-,-,-,-,-,79820(2),79820(2),79820(2),-,-,-
KAR Govt Quota-Open,2BG,Karnataka,"DR BR Ambedkar, Bangalore",PATHOLOGY,"₹2,07,777*","₹10,000*",1*,"₹50,00,000*",570,-,-,-,-,-,-,-,71967(1),48321(1),79827(1),-,-,-
KAR Priv Seats-GMP,GMP,Karnataka,"MS Ramaiah, Bangalore",ORTHOPAEDICS,"₹45,40,750*","₹45,000",1*,"₹50,00,000*",1331,32542(2),28519(2),68196(2),115533(1),-,-,-,35857(3),50991(3),79833(3),-,-,-
KAR Priv Seats-Min.,MEH,Karnataka,"Navodaya Med Coll, Raichur",ORTHOPAEDICS,"₹13,88,744*","₹10,000*",1*,"₹50,00,000*",1110,65949(4),51422(4),82543(4),-,-,-,-,79841(4),69027(4),79841(3),-,-,-
KAR NRI Quota,NRI,Karnataka,"Kempegowda IMS, Bangalore",DERMATOLOGY,"₹1,25,15,750*","₹35,000*",1*,"₹50,00,000*",1100,24263(2),39905(2),118041(1),-,-,-,-,79861(1),57588(1),57588(1),-,-,-
KAR Govt Quota-Open,2BG,Karnataka,"Khaja Bandanawaz, Gulbarga",PATHOLOGY,"₹2,22,777*","₹30,000*",1*,"₹50,00,000*",833,-,-,-,-,-,-,-,80142(1),64928(1),80142(1),-,-,-
KAR Govt Quota-Open,STG,Karnataka,"Chamrajanagar IMS, Karnataka",SPM,"₹69,150*","₹56,250",3*,"₹50,00,000*",750,-,-,-,-,-,-,-,80665(1),-,-,-,-,-
KAR NRI Quota,NRI,Karnataka,"Kempegowda IMS, Bangalore",TBRD,"₹60,15,750*","₹35,000*",1*,"₹50,00,000*",1100,-,-,-,-,-,-,-,80742(1),80742(1),-,-,-,-
KAR Govt Quota-Open,SCG,Karnataka,"MS Ramaiah, Bangalore",PHARMACOLOGY,"₹2,32,777*","₹45,000",1*,"₹50,00,000*",1331,-,-,-,-,-,-,-,80828(1),80828(1),80828(1),-,-,-
KAR Govt Quota-Open,STG,Karnataka,"Bangalore Med Coll, Bangalore",ANAESTHESIOLOGY,"₹1,24,150*","₹56,250",3*,"₹50,00,000*",1993,47084(2),69533(2),105103(2),-,-,-,-,39034(2),52852(2),80969(2),-,-,-
KAR Govt Quota-Open,SCH,Karnataka,"Basaveswara, Chitradurga",ENT,"₹7,83,858*","₹5,000*",1*,"₹50,00,000*",500,-,-,-,-,-,-,-,60898(1),56063(1),80992(1),-,-,-
KAR Govt Quota-Open,GM,Karnataka,"VIMS, Bellary",SPM,"₹69,150*","₹56,250",3*,"₹50,00,000*",1295,26088(1),30952(1),77211(1),-,-,-,-,-,-,-,-,81001(1),-
KAR Priv Seats-Open,OPN,Karnataka,"AIMS, Adichunchanagiri, Bellur",PHARMACOLOGY,"₹2,30,750*","₹23,750",1*,"₹50,00,000*",1120,-,-,-,-,-,-,-,-,81133(1),-,-,-,-
KAR Priv Seats-Min.,ME,Karnataka,"Akash IMS,Devanhalli,Bangalore",ANAESTHESIOLOGY,"₹13,88,744*","₹20,000",1*,"₹50,00,000*",760,82910(4),77271(4),103134(4),148731(1),-,-,-,74856(5),67934(5),81214(5),-,-,-
KAR Govt Quota-Open,GM,Karnataka,"MS Ramaiah, Bangalore",BIOCHEMISTRY,"₹1,36,765*","₹45,000",1*,"₹50,00,000*",1331,-,-,-,-,-,-,-,-,81267(1),-,-,-,-
KAR Govt Quota-Open,GM,Karnataka,"Kidwai Memorial, Bangalore",BIOCHEMISTRY,"₹41,650*","₹56,250",3*,"₹50,00,000*",680,-,-,-,-,-,-,-,81267(1),71063(1),-,-,-,-
KAR Govt Quota-Open,2AG,Karnataka,"KS Hegde, Mangalore",FORENSIC MEDICINE,"₹2,00,777*","₹45,000*",1*,"₹50,00,000*",1000,-,-,-,-,-,-,-,-,81471(1),-,-,-,-
KAR Govt Quota-Open,2AG,Karnataka,"Kempegowda IMS, Bangalore",FORENSIC MEDICINE,"₹2,07,777*","₹35,000*",1*,"₹50,00,000*",1100,-,-,-,-,-,-,-,81471(1),-,-,-,-,-
KAR Govt Quota-Open,2AG,Karnataka,"Yenepoya Med Coll, Mangalore",PATHOLOGY,"₹2,47,777*","₹45,000*",1*,"₹50,00,000*",910,-,-,-,-,-,-,-,78321(1),43957(1),81471(1),-,-,-
KAR Priv Seats-GMP,GMP,Karnataka,"AIMS, Adichunchanagiri, Bellur",ENT,"₹26,15,750*","₹23,750",1*,"₹50,00,000*",1120,65841(1),65841(1),103145(1),141324(2),-,-,-,53111(1),49899(1),81857(1),-,-,-
KAR Govt Quota-InS,GM,Karnataka,"Bangalore Med Coll, Bangalore",GENERAL SURGERY,"₹1,24,150*","₹56,250",3*,"₹50,00,000*",1993,-,-,154552(1),-,-,-,-,-,82291(2),-,-,-,-
KAR Priv Seats-Min.,ME,Karnataka,"Oxford Med Coll, Bangalore",ANAESTHESIOLOGY,"₹13,88,744*","₹30,000*",1*,"₹50,00,000*",770,90374(2),67393(2),103464(2),-,-,-,-,75356(3),74443(3),82519(3),-,-,-
KAR Priv Seats-GMP,GMPH,Karnataka,"Sapthagiri IMS&RC, Bangalore",GENERAL MEDICINE,"₹62,41,500*","₹10,000*",1*,"₹50,00,000*",500,54052(1),76454(1),119102(1),-,-,-,-,25641(1),31410(1),82591(1),-,-,-
KAR Govt Quota-Open,STH,Karnataka,"Navodaya Med Coll, Raichur",GENERAL MEDICINE,"₹7,83,858*","₹10,000*",1*,"₹50,00,000*",1110,-,-,-,-,-,-,-,-,-,82738(1),-,-,-
KAR Govt Quota-Open,STH,Karnataka,"Navodaya Med Coll, Raichur",OBG,"₹7,83,858*","₹10,000*",1*,"₹50,00,000*",1110,-,-,-,-,-,-,-,82738(1),82738(1),-,-,-,-
KAR Govt Quota-InS,GM,Karnataka,"Shimoga IMS, Shimoga",RADIO DIAGNOSIS,"₹1,24,150*","₹56,250",3*,"₹50,00,000*",950,-,-,-,-,-,-,-,-,82854(1),-,-,-,-
KAR Govt Quota-Open,SCG,Karnataka,"BGS IMS, Bangalore",PSYCHIATRY,"₹7,83,858*","₹25,000*",1*,"₹50,00,000*",766,-,-,-,-,-,-,-,-,-,82940(1),-,-,-
KAR NRI Quota,NRI,Karnataka,"SDM College, Dharwad",DERMATOLOGY,"₹90,15,750*","₹45,000*",1*,"₹50,00,000*",670,49107(1),24421(1),57469(1),-,-,-,-,57588(1),83004(1),-,-,-,-
KAR Priv Seats-GMP,GMP,Karnataka,"MS Ramaiah, Bangalore",MICROBIOLOGY,"₹2,32,777*","₹45,000",1*,"₹50,00,000*",1331,-,-,-,-,-,-,-,83008(1),46013(1),83008(1),-,-,-
KAR Priv Seats-GMP,GMPH,Karnataka,"Sapthagiri IMS&RC, Bangalore",ANAESTHESIOLOGY,"₹23,41,500*","₹10,000*",1*,"₹50,00,000*",500,-,-,-,-,-,-,-,70494(1),68655(1),83100(1),-,-,-
KAR Govt Quota-Open,GM,Karnataka,"Gulbarga IMS, Gulbarga",PHARMACOLOGY,"₹69,150*","₹56,250",3*,"₹50,00,000*",873,31864(1),31864(1),31864(1),-,-,-,-,16721(1),16721(1),83429(1),-,-,-
KAR Govt Quota-Open,GM,Karnataka,"Koppal Inst of MS, Koppal",BIOCHEMISTRY,"₹41,650*","₹56,250",3*,"₹50,00,000*",Info Not Available,-,-,-,-,-,-,-,-,83429(1),-,-,-,-
KAR NRI Quota,NRI,Karnataka,"MS Ramaiah, Bangalore",DERMATOLOGY,"₹1,25,40,750*","₹45,000",1*,"₹50,00,000*",1331,36048(2),29790(2),78562(1),-,-,-,-,83440(2),83440(2),79861(1),-,-,-
KAR NRI Quota,NRI,Karnataka,"MS Ramaiah, Bangalore",ORTHOPAEDICS,"₹75,40,750*","₹45,000",1*,"₹50,00,000*",1331,99473(3),65594(2),149901(3),-,-,-,-,83581(1),83581(1),83581(1),-,-,-
KAR Priv Seats-Min.,RC1,Karnataka,"St John's, Bangalore",OBG,"₹12,80,025*","₹45,000",1*,"₹5,00,000*",1720,99614(2),99614(2),99614(2),-,-,-,-,83686(2),83686(2),-,-,-,-
KAR Govt Quota-Open,STH,Karnataka,"Bidar IMS, Bidar",OBG,"₹1,24,150*","₹56,250",3*,"₹50,00,000*",500,-,-,-,-,-,-,-,40276(1),40276(1),83773(1),-,-,-
KAR Others (Inst.Q),MNG,Karnataka,"MS Ramaiah, Bangalore",ORTHOPAEDICS,"₹75,40,750*","₹45,000",1*,"₹50,00,000*",1331,-,-,-,-,-,-,-,58430(1),64371(1),83822(1),-,-,-
KAR Others (Inst.Q),MNG,Karnataka,"AIMS, Adichunchanagiri, Bellur",OBG,"₹70,15,750*","₹23,750",1*,"₹50,00,000*",1120,-,-,111208(1),-,-,-,-,58825(1),83831(1),83831(1),-,-,-
KAR Others (Inst.Q),MNG,Karnataka,"JJM Med Coll, Davangere",ANAESTHESIOLOGY,"₹30,15,750*","₹30,000*",1*,"₹50,00,000*",1930,-,-,110466(1),-,-,-,-,38627(1),49161(1),83972(3),-,-,-
KAR Priv Seats-GMP,GMPH,Karnataka,"Khaja Bandanawaz, Gulbarga",GENERAL MEDICINE,"₹60,30,750*","₹30,000*",1*,"₹50,00,000*",833,38914(1),38914(1),91225(1),-,-,-,-,59423(1),62806(1),84085(1),-,-,-
KAR Priv Seats-Min.,ME,Karnataka,"Navodaya Med Coll, Raichur",ANAESTHESIOLOGY,"₹13,88,744*","₹10,000*",1*,"₹50,00,000*",1110,-,-,148720(4),104013(1),-,-,-,-,-,84150(1),-,-,-
KAR NRI Quota,NRI,Karnataka,"SDM College, Dharwad",PATHOLOGY,"₹5,40,750*","₹45,000*",1*,"₹50,00,000*",670,115763(2),115763(2),115763(1),-,-,-,-,-,84255(1),-,-,-,-
KAR NRI Quota,NRI,Karnataka,"MS Ramaiah, Bangalore",PATHOLOGY,"₹15,40,750*","₹45,000",1*,"₹50,00,000*",1331,48179(1),-,169324(1),-,-,-,-,84255(1),-,-,-,-,-
KAR NRI Quota,NRI,Karnataka,"SDM College, Dharwad",ORTHOPAEDICS,"₹75,15,750*","₹45,000*",1*,"₹50,00,000*",670,41419(1),41419(1),125713(1),-,-,-,-,84338(1),84338(1),-,-,-,-
KAR Others (Inst.Q),MNG,Karnataka,"MS Ramaiah, Bangalore",DERMATOLOGY,"₹1,25,40,750*","₹45,000",1*,"₹50,00,000*",1331,-,-,37137(1),81912(1),134430(1),-,-,22020(1),22020(1),84554(1),-,-,-
KAR Govt Quota-InS,GM,Karnataka,"ESI, Bangalore",OBG,"₹2,50,000*","₹1,11,780*",2*,"₹10,00,000*",530,-,-,88894(1),-,-,-,-,-,84669(1),-,-,-,-
KAR Govt Quota-Open,STG,Karnataka,"AIMS, Adichunchanagiri, Bellur",PAEDIATRICS,"₹7,83,858*","₹23,750",1*,"₹50,00,000*",1120,-,-,-,-,-,-,-,74927(1),61630(1),84811(1),-,-,-
KAR Govt Quota-InS,GM,Karnataka,"SDM College, Dharwad",GENERAL MEDICINE,"₹7,83,858*","₹45,000*",1*,"₹50,00,000*",670,-,-,-,-,-,-,-,-,84920(1),-,-,-,-
KAR Priv Seats-Min.,RC3,Karnataka,"St John's, Bangalore",PHARMACOLOGY,"₹4,09,025*","₹45,000",1*,"₹5,00,000*",1720,-,-,-,-,-,-,-,-,-,85019(1),-,-,-
KAR Govt Quota-Open,STG,Karnataka,"Sapthagiri IMS&RC, Bangalore",GENERAL SURGERY,"₹8,09,608*","₹10,000*",1*,"₹50,00,000*",500,-,-,-,-,-,-,-,85111(1),85111(1),-,-,-,-
KAR Priv Seats-Open,OPN,Karnataka,"Kempegowda IMS, Bangalore",SPM,"₹3,59,003*","₹35,000*",1*,"₹50,00,000*",1100,-,-,126687(1),-,148298(1),-,-,66814(1),63026(1),85175(1),-,-,-
KAR Govt Quota-InS,GM,Karnataka,"Bangalore Med Coll, Bangalore",ORTHOPAEDICS,"₹1,24,150*","₹56,250",3*,"₹50,00,000*",1993,-,-,112702(1),-,-,-,-,-,85228(1),-,-,-,-
KAR Priv Seats-GMP,GMP,Karnataka,"Sapthagiri IMS&RC, Bangalore",OBG,"₹62,41,500*","₹10,000*",1*,"₹50,00,000*",500,34185(3),55943(3),116221(3),88247(1),-,-,-,27857(2),49479(2),85257(2),-,-,-
KAR Priv Seats-GMP,GMP,Karnataka,"Sapthagiri IMS&RC, Bangalore",TBRD,"₹60,41,500*","₹10,000*",1*,"₹50,00,000*",500,25178(1),23769(1),42875(1),-,-,-,-,41373(1),45555(1),85314(1),-,-,-
KAR NRI Quota,NRI,Karnataka,"JJM Med Coll, Davangere",TBRD,"₹60,15,750*","₹30,000*",1*,"₹50,00,000*",1930,64385(1),77212(1),-,-,-,-,-,85320(1),85320(1),85320(1),-,-,-
KAR Priv Seats-Open,OPN,Karnataka,"Shridevi IMS, Tumkur",PATHOLOGY,"₹3,59,003*",Info not available*,1*,"₹50,00,000*",750,58803(1),60877(1),162186(2),-,-,-,-,62845(1),59562(1),85357(1),-,-,-
KAR NRI Quota,NRI,Karnataka,"Father Mullers, Mangalore",RADIO DIAGNOSIS,"₹75,15,750*","₹35,000*",1*,"₹50,00,000*",1250,56856(3),50770(3),77684(2),-,-,-,-,39255(2),39255(2),85622(2),-,-,-
KAR Govt Quota-InS,GM,Karnataka,"Shimoga IMS, Shimoga",GENERAL MEDICINE,"₹1,24,150*","₹56,250",3*,"₹50,00,000*",950,-,-,-,-,-,-,-,-,85723(2),-,-,-,-
KAR Govt Quota-Open,GM,Karnataka,"Oxford Med Coll, Bangalore",PHARMACOLOGY,"₹2,07,777*","₹30,000*",1*,"₹50,00,000*",770,-,-,-,-,-,-,-,85750(1),85750(1),-,-,-,-
KAR Govt Quota-Open,STG,Karnataka,"SMC, Shimoga",GENERAL MEDICINE,"₹7,83,858*",Info not available,1*,"₹50,00,000*",1250,-,-,-,97033(1),-,-,-,-,-,85842(1),-,-,-
KAR NRI Quota,NRI,Karnataka,"MRMC, Gulbarga",OBG,"₹88,15,750*","₹8,000*",1*,"₹50,00,000*",1038,-,-,165418(3),-,-,-,-,86162(1),86162(1),-,-,-,-
KAR Govt Quota-Open,GM,Karnataka,"Mandya IMS, Mandya",BIOCHEMISTRY,"₹41,650*","₹56,250",3*,"₹50,00,000*",Info Not Available,-,-,-,-,-,-,-,86379(1),86379(1),-,-,-,-
KAR Govt Quota-InS,GM,Karnataka,"Belagavi IMS, Belagavi",DERMATOLOGY,"₹1,24,150*","₹56,250",3*,"₹50,00,000*",1000,78487(1),78487(1),78487(1),-,-,-,-,-,86388(1),-,-,-,-
KAR Govt Quota-Open,STG,Karnataka,"Sapthagiri IMS&RC, Bangalore",OBG,"₹8,09,608*","₹10,000*",1*,"₹50,00,000*",500,-,-,-,-,-,-,-,78457(1),78457(1),86428(2),-,-,-
KAR Govt Quota-Open,GMH,Karnataka,"Koppal Inst of MS, Koppal",FORENSIC MEDICINE,"₹69,150*","₹56,250",3*,"₹50,00,000*",Info Not Available,-,-,-,-,-,-,-,86635(1),-,-,-,-,-
KAR Priv Seats-GMP,GMP,Karnataka,"East Point College,Bangalore",PATHOLOGY,"₹3,59,003*","₹20,000",1*,"₹50,00,000*",-,113035(1),113035(1),-,-,-,-,-,72365(1),61072(1),87001(1),-,-,-
KAR Govt Quota-Open,SCH,Karnataka,"Akash IMS,Devanhalli,Bangalore",PSYCHIATRY,"₹7,83,858*","₹20,000",1*,"₹50,00,000*",760,-,-,-,-,-,-,-,-,-,87217(1),-,-,-
KAR Priv Seats-GMP,GMP,Karnataka,"Sapthagiri IMS&RC, Bangalore",ORTHOPAEDICS,"₹40,41,500*","₹10,000*",1*,"₹50,00,000*",500,32566(3),52580(3),96886(3),-,-,-,-,49969(2),57541(2),87281(2),-,-,-
KAR Govt Quota-InS,SCG,Karnataka,"Bangalore Med Coll, Bangalore",GENERAL MEDICINE,"₹1,24,150*","₹56,250",3*,"₹50,00,000*",1993,-,-,-,-,-,-,-,-,87436(1),-,-,-,-
KAR Govt Quota-Open,P2AG,Karnataka,"Mandya IMS, Mandya",GENERAL MEDICINE,"₹1,24,150*","₹56,250",3*,"₹50,00,000*",Info Not Available,-,-,-,-,-,-,-,87466(1),87466(1),-,-,-,-
KAR Priv Seats-Open,OPN,Karnataka,"Kempegowda IMS, Bangalore",PHYSIOLOGY,"₹1,88,418*","₹35,000*",1*,"₹50,00,000*",1100,-,-,-,-,-,-,-,87537(1),-,-,-,-,-
KAR NRI Quota,NRI,Karnataka,"SDM College, Dharwad",OBG,"₹75,15,750*","₹45,000*",1*,"₹50,00,000*",670,80609(3),57171(3),97207(2),-,-,-,-,78658(1),78658(1),87575(1),-,-,-
KAR Govt Quota-InS,GM,Karnataka,"Shimoga IMS, Shimoga",OBG,"₹1,24,150*","₹56,250",3*,"₹50,00,000*",950,57629(1),57629(1),57629(1),-,-,-,-,-,87761(1),-,-,-,-
KAR Govt Quota-Open,SCG,Karnataka,"Gulbarga IMS, Gulbarga",MICROBIOLOGY,"₹69,150*","₹56,250",3*,"₹50,00,000*",873,-,-,-,-,-,-,-,87768(1),81001(1),-,-,-,-
KAR Govt Quota-Open,SCG,Karnataka,"Akash IMS,Devanhalli,Bangalore",PATHOLOGY,"₹2,07,777*","₹20,000",1*,"₹50,00,000*",760,-,-,-,-,-,-,-,84367(1),80463(1),87777(1),-,-,-
KAR Govt Quota-Open,STG,Karnataka,"Shimoga IMS, Shimoga",ANAESTHESIOLOGY,"₹1,24,150*","₹56,250",3*,"₹50,00,000*",950,78342(1),82669(1),82669(1),-,-,-,-,58596(1),63582(1),87847(1),-,-,-
KAR Priv Seats-GMP,GMP,Karnataka,"AIMS, Adichunchanagiri, Bellur",GENERAL SURGERY,"₹35,15,750*","₹23,750",1*,"₹50,00,000*",1120,37391(1),39140(1),71033(1),-,-,-,-,46960(4),53111(4),87971(4),-,-,-
KAR Govt Quota-InS,GM,Karnataka,"Belagavi IMS, Belagavi",OBG,"₹1,24,150*","₹56,250",3*,"₹50,00,000*",1000,-,-,-,-,-,-,-,-,88197(1),-,-,-,-
KAR Govt Quota-Open,STG,Karnataka,"Mandya IMS, Mandya",OPHTHALMOLOGY,"₹1,24,150*","₹56,250",3*,"₹50,00,000*",Info Not Available,-,-,-,-,-,-,-,44160(1),44160(1),88321(1),-,-,-
KAR Priv Seats-Open,OPN,Karnataka,"Basaveswara, Chitradurga",SPM,"₹3,59,003*","₹5,000*",1*,"₹50,00,000*",500,-,-,200429(1),-,-,-,-,84578(1),88323(1),-,-,-,-
KAR Priv Seats-Open,OPN,Karnataka,"Basaveswara, Chitradurga",PATHOLOGY,"₹3,59,003*","₹5,000*",1*,"₹50,00,000*",500,52718(1),52718(1),165656(2),-,-,-,-,60959(1),49809(1),88366(1),-,-,-
KAR Priv Seats-Min.,MM,Karnataka,"Khaja Bandanawaz, Gulbarga",DERMATOLOGY,"₹60,30,750*","₹30,000*",1*,"₹50,00,000*",833,-,-,-,-,-,-,-,-,-,88407(1),-,-,-
KAR Govt Quota-InS,GM,Karnataka,"Mysore Med Coll, Mysore",GENERAL SURGERY,"₹1,24,150*","₹56,250",3*,"₹50,00,000*",1050,-,-,156645(1),-,-,-,-,-,88620(1),-,-,-,-
KAR Govt Quota-InS,GM,Karnataka,"KIMS, Hubli",OBG,"₹1,24,150*","₹56,250",3*,"₹50,00,000*",1200,59756(2),59756(2),78964(2),-,-,-,-,-,88652(3),-,-,-,-
KAR NRI Quota,NRI,Karnataka,"Father Mullers, Mangalore",GENERAL SURGERY,"₹60,15,750*","₹35,000*",1*,"₹50,00,000*",1250,33763(1),93950(2),147416(3),-,-,-,-,88120(2),88120(2),88900(1),-,-,-
KAR Govt Quota-Open,GM,Karnataka,"DR BR Ambedkar, Bangalore",PHARMACOLOGY,₹0*,"₹10,000*",1*,"₹50,00,000*",570,111409(1),97000(1),-,-,-,-,-,89023(1),89023(1),-,-,-,-
KAR Govt Quota-Open,3BG,Karnataka,"Oxford Med Coll, Bangalore",SPM,"₹2,07,777*","₹30,000*",1*,"₹50,00,000*",770,-,-,-,-,-,-,-,89032(1),89032(1),-,-,-,-
KAR Govt Quota-Open,1G,Karnataka,"Sapthagiri IMS&RC, Bangalore",PATHOLOGY,"₹2,33,527*","₹10,000*",1*,"₹50,00,000*",500,-,-,-,-,-,-,-,74225(1),68784(1),89169(1),-,-,-
KAR Priv Seats-Min.,MA,Karnataka,"MVJMC&RH, Bangalore",PATHOLOGY,"₹3,59,003*","₹10,000*",1*,"₹50,00,000*",833,-,-,-,-,-,-,-,-,89169(2),-,-,-,-
KAR NRI Quota,NRI,Karnataka,"AJIMS, Mangalore",PAEDIATRICS,"₹90,15,750*","₹30,000",1*,"₹50,00,000*",910,-,-,148310(2),-,-,-,-,89217(1),89217(1),-,-,-,-
KAR NRI Quota,NRI,Karnataka,"KVG Med Coll, Sullia",DERMATOLOGY,"₹1,25,15,750*","₹7,500",1*,"₹50,00,000*",682,74467(2),96118(2),144119(1),-,-,-,-,73395(1),89244(1),-,-,-,-
KAR NRI Quota,NRI,Karnataka,"Oxford Med Coll, Bangalore",DERMATOLOGY,"₹1,10,15,750*","₹30,000*",1*,"₹50,00,000*",770,108376(2),10492(1),151313(2),-,-,-,-,89244(1),-,-,-,-,-
KAR NRI Quota,NRI,Karnataka,"SSIMS & RC, Davangere",OBG,"₹70,15,750*","₹30,000",1*,"₹50,00,000*",1190,-,96782(1),184639(2),-,-,-,-,89397(1),86800(1),-,-,-,-
KAR NRI Quota,NRI,Karnataka,"MS Ramaiah, Bangalore",OPHTHALMOLOGY,"₹65,40,750*","₹45,000",1*,"₹50,00,000*",1331,57280(1),61865(1),-,-,-,-,-,89581(1),89581(1),-,-,-,-
KAR Priv Seats-GMP,GMPH,Karnataka,"JJM Med Coll, Davangere",PATHOLOGY,"₹3,59,003*","₹30,000*",1*,"₹50,00,000*",1930,116268(1),70385(1),-,-,-,-,-,83100(1),59419(1),89776(1),-,-,-
KAR Priv Seats-Min.,MEH,Karnataka,"Navodaya Med Coll, Raichur",PATHOLOGY,"₹3,59,003*","₹10,000*",1*,"₹50,00,000*",1110,-,-,-,-,-,-,-,-,89776(1),-,-,-,-
KAR Govt Quota-Open,GM,Karnataka,"JSS Med Coll, Mysore",HOSPITAL ADMINISTRATION,"₹7,83,858*","₹45,000*",1*,"₹50,00,000*",2060,-,-,-,-,-,-,-,-,-,89977(1),-,-,-
KAR Others (Inst.Q),MNG,Karnataka,"AIMS, Adichunchanagiri, Bellur",GENERAL MEDICINE,"₹75,15,750*","₹23,750",1*,"₹50,00,000*",1120,-,-,110849(1),-,-,-,-,54684(1),64375(1),90049(2),-,-,-
KAR Govt Quota-Open,GM,Karnataka,"Oxford Med Coll, Bangalore",MICROBIOLOGY,"₹2,07,777*","₹30,000*",1*,"₹50,00,000*",770,-,-,-,-,-,-,-,-,90129(1),-,-,-,-
KAR Govt Quota-Open,GM,Karnataka,"ESI, Bangalore",MICROBIOLOGY,"₹2,50,000*","₹1,11,780*",2*,"₹10,00,000*",530,-,-,-,-,-,-,-,50709(1),18127(1),90129(2),-,-,-
KAR Others (Inst.Q),MNG,Karnataka,"Oxford Med Coll, Bangalore",PATHOLOGY,"₹3,15,750*","₹30,000*",1*,"₹50,00,000*",770,-,-,119361(1),119361(1),-,-,-,71082(1),56248(1),90194(1),-,-,-
KAR Govt Quota-Open,STG,Karnataka,"Father Mullers, Mangalore",GENERAL SURGERY,"₹7,83,858*","₹35,000*",1*,"₹50,00,000*",1250,-,-,-,-,-,-,-,64582(1),90532(1),90532(1),-,-,-
KAR Others (Inst.Q),MNG,Karnataka,"MS Ramaiah, Bangalore",OPHTHALMOLOGY,"₹65,40,750*","₹45,000",1*,"₹50,00,000*",1331,-,-,82652(1),-,-,-,-,48873(1),63066(1),90935(1),-,-,-
KAR Govt Quota-Open,SCH,Karnataka,"Gulbarga IMS, Gulbarga",PHARMACOLOGY,"₹69,150*","₹56,250",3*,"₹50,00,000*",873,-,-,-,-,-,-,-,67851(1),91210(1),-,-,-,-
KAR Govt Quota-Open,STH,Karnataka,"MS Ramaiah, Bangalore",ORTHOPAEDICS,"₹8,08,858*","₹45,000",1*,"₹50,00,000*",1331,-,-,-,-,-,-,-,91220(1),91220(1),-,-,-,-
KAR Priv Seats-Open,OPN,Karnataka,"SMC, Shimoga",PATHOLOGY,"₹3,59,003*",Info not available,1*,"₹50,00,000*",1250,57206(1),86067(1),178753(2),170096(1),-,-,-,63495(1),58304(1),91329(2),-,-,-
KAR Govt Quota-Open,GM,Karnataka,"Mysore Med Coll, Mysore",MICROBIOLOGY,"₹69,150*","₹56,250",3*,"₹50,00,000*",1050,59453(1),21153(1),193865(1),193865(1),-,-,-,32641(1),36098(1),91407(1),-,-,-
KAR Govt Quota-InS,GMH,Karnataka,"VIMS, Bellary",OBG,"₹1,24,150*","₹56,250",3*,"₹50,00,000*",1295,94384(1),94384(1),94384(1),-,-,-,-,-,91422(1),-,-,-,-
KAR Govt Quota-Open,2AG,Karnataka,"Bidar IMS, Bidar",SPM,"₹69,150*","₹56,250",3*,"₹50,00,000*",500,-,-,-,-,-,-,-,56580(1),50104(1),91608(1),-,-,-
KAR Others (Inst.Q),MNG,Karnataka,"JJM Med Coll, Davangere",ENT,"₹30,15,750*","₹30,000*",1*,"₹50,00,000*",1930,-,-,-,-,-,-,-,40067(1),49010(1),91907(1),-,-,-
KAR Others (Inst.Q),MNG,Karnataka,"SDM College, Dharwad",PAEDIATRICS,"₹75,15,750*","₹45,000*",1*,"₹50,00,000*",670,-,-,106864(1),-,-,-,-,47024(2),64588(2),91993(2),-,-,-
KAR NRI Quota,NRI,Karnataka,"Srinivasa IMS, Srinivasanagar",OBG,"₹65,40,750*","₹29,000*",1*,"₹50,00,000*",660,40414(1),-,126840(1),-,-,-,-,92300(1),92300(1),-,-,-,-
KAR Priv Seats-GMP,GMPH,Karnataka,"St John's, Bangalore",SPM,"₹7,59,025*","₹45,000",1*,"₹5,00,000*",1720,-,-,-,-,-,-,-,92400(1),92400(1),-,-,-,-
KAR NRI Quota,NRI,Karnataka,"Kempegowda IMS, Bangalore",EMERGENCY MEDICINE,"₹40,15,750*","₹35,000*",1*,"₹50,00,000*",1100,-,-,-,-,-,-,-,92570(1),87476(1),92570(1),-,-,-
KAR Priv Seats-Open,OPN,Karnataka,"Kempegowda IMS, Bangalore",FORENSIC MEDICINE,"₹3,59,003*","₹35,000*",1*,"₹50,00,000*",1100,-,-,193210(2),-,-,-,-,92833(1),-,-,-,-,-
KAR Others (Inst.Q),MNG,Karnataka,"Kempegowda IMS, Bangalore",FORENSIC MEDICINE,"₹3,15,750*","₹35,000*",1*,"₹50,00,000*",1100,-,-,-,-,-,-,-,73684(1),92833(1),-,-,-,-
KAR NRI Quota,NRI,Karnataka,"BGS IMS, Bangalore",GENERAL MEDICINE,"₹85,15,750*","₹25,000*",1*,"₹50,00,000*",766,80247(2),80247(1),130551(2),-,-,-,-,92921(2),92921(2),-,-,-,-
KAR NRI Quota,NRI,Karnataka,"Father Mullers, Mangalore",PAEDIATRICS,"₹60,15,750*","₹35,000*",1*,"₹50,00,000*",1250,72556(3),80236(3),102698(2),-,-,-,-,53770(1),52474(1),93332(1),-,-,-
KAR Govt Quota-Open,STG,Karnataka,"Sapthagiri IMS&RC, Bangalore",ORTHOPAEDICS,"₹8,09,608*","₹10,000*",1*,"₹50,00,000*",500,62454(1),62454(1),-,-,-,-,-,93449(1),93449(1),-,-,-,-
KAR Govt Quota-Open,STG,Karnataka,"Kempegowda IMS, Bangalore",GENERAL SURGERY,"₹7,83,858*","₹35,000*",1*,"₹50,00,000*",1100,-,-,-,-,-,-,-,56618(1),56618(1),93449(1),-,-,-
KAR Govt Quota-InS,GM,Karnataka,"JJM Med Coll, Davangere",OBG,"₹7,83,858*","₹30,000*",1*,"₹50,00,000*",1930,-,88894(1),130103(1),-,-,-,-,-,93468(2),-,-,-,-
KAR Govt Quota-InS,GM,Karnataka,"Kempegowda IMS, Bangalore",GENERAL MEDICINE,"₹7,83,858*","₹35,000*",1*,"₹50,00,000*",1100,-,-,142013(1),-,-,-,-,-,93812(1),-,-,-,-
KAR Govt Quota-InS,GM,Karnataka,"Mysore Med Coll, Mysore",GENERAL MEDICINE,"₹1,24,150*","₹56,250",3*,"₹50,00,000*",1050,68274(1),68274(1),68274(1),-,-,-,-,-,93813(2),-,-,-,-
KAR Others (Inst.Q),MNG,Karnataka,"VIMS (Vydehi), Bangalore",GENERAL MEDICINE,"₹75,15,750*","₹29,000*",1*,"₹50,00,000*",1600,-,-,26665(2),138240(2),-,-,-,31041(4),69744(4),93823(5),-,-,-
KAR Govt Quota-Open,3BG,Karnataka,"ESI, Bangalore",MICROBIOLOGY,"₹2,50,000*","₹1,11,780*",2*,"₹10,00,000*",530,-,-,-,-,-,-,-,93827(1),76449(1),-,-,-,-
KAR NRI Quota,NRI,Karnataka,"BGS IMS, Bangalore",OPHTHALMOLOGY,"₹45,15,750*","₹25,000*",1*,"₹50,00,000*",766,-,-,-,-,-,-,-,93896(1),93896(1),-,-,-,-
KAR NRI Quota,NRI,Karnataka,"SSIMS & RC, Davangere",ENT,"₹25,15,750*","₹30,000",1*,"₹50,00,000*",1190,-,-,-,-,-,-,-,-,93940(1),-,-,-,-
KAR NRI Quota,NRI,Karnataka,"Shridevi IMS, Tumkur",TBRD,"₹90,15,750*",Info not available*,1*,"₹50,00,000*",750,-,-,-,-,-,-,-,93940(1),-,-,-,-,-
KAR Govt Quota-InS,GM,Karnataka,"Mandya IMS, Mandya",GENERAL MEDICINE,"₹1,24,150*","₹56,250",3*,"₹50,00,000*",Info Not Available,96204(1),96204(1),96204(1),-,-,-,-,-,94642(2),-,-,-,-
KAR Priv Seats-GMP,GMPH,Karnataka,"Srinivasa IMS, Srinivasanagar",OBG,"₹50,40,750*","₹29,000*",1*,"₹50,00,000*",660,-,-,-,-,-,-,-,37184(1),42553(1),94754(1),-,-,-
KAR Others (Inst.Q),MNG,Karnataka,"Kempegowda IMS, Bangalore",OPHTHALMOLOGY,"₹40,15,750*","₹35,000*",1*,"₹50,00,000*",1100,-,-,-,-,-,-,-,48826(1),52593(1),94950(1),-,-,-
KAR Priv Seats-Min.,ME,Karnataka,"VIMS (Vydehi), Bangalore",RADIATION ONCOLOGY,"₹13,88,744*","₹29,000*",1*,"₹50,00,000*",1600,117733(2),117733(3),169826(4),177945(1),-,-,-,78291(3),78291(3),94975(3),-,-,-
KAR Govt Quota-Open,STG,Karnataka,"Mysore Med Coll, Mysore",PATHOLOGY,"₹69,150*","₹56,250",3*,"₹50,00,000*",1050,-,-,-,-,-,-,-,47391(1),95172(1),-,-,-,-
KAR Govt Quota-Open,STG,Karnataka,"ESIC Med Coll,Gulbarga",ANAESTHESIOLOGY,"₹2,50,000*","₹1,11,780*",2*,"₹10,00,000*",480,-,-,-,-,-,-,-,63582(1),47391(1),95172(1),-,-,-
KAR Govt Quota-Open,STG,Karnataka,"Belagavi IMS, Belagavi",PATHOLOGY,"₹69,150*","₹56,250",3*,"₹50,00,000*",1000,-,-,-,-,-,-,-,95172(1),-,-,-,-,-
KAR Priv Seats-Open,OPN,Karnataka,"SDM College, Dharwad",PHARMACOLOGY,"₹25,750*","₹45,000*",1*,"₹50,00,000*",670,-,-,-,-,-,-,-,64440(1),87191(1),-,-,-,95181(1)
KAR Govt Quota-InS,GM,Karnataka,"Bangalore Med Coll, Bangalore",OBG,"₹1,24,150*","₹56,250",3*,"₹50,00,000*",1993,89449(2),94725(2),94725(2),-,-,-,-,-,95444(1),-,-,-,-
KAR NRI Quota,NRI,Karnataka,"Al-Ameen, Bijapur",GENERAL MEDICINE,"₹65,15,750*","₹9,000*",1*,"₹50,00,000*",1040,92379(4),92379(3),142982(4),-,-,-,-,95851(4),95851(1),-,-,-,-
KAR NRI Quota,NRI,Karnataka,"AIMS, Adichunchanagiri, Bellur",DERMATOLOGY,"₹90,15,750*","₹23,750",1*,"₹50,00,000*",1120,58087(2),76024(2),126671(1),-,-,-,-,95440(1),94991(1),95854(1),-,-,-
KAR Priv Seats-GMP,GMP,Karnataka,"BGS IMS, Bangalore",SPM,"₹3,59,003*","₹25,000*",1*,"₹50,00,000*",766,-,-,-,-,-,-,-,-,96041(1),-,-,-,-
KAR Govt Quota-InS,GM,Karnataka,"MS Ramaiah, Bangalore",OBG,"₹8,08,858*","₹45,000",1*,"₹50,00,000*",1331,-,-,160835(1),-,-,-,-,-,96277(1),-,-,-,-
KAR Priv Seats-GMP,GMP,Karnataka,"AIMS, Adichunchanagiri, Bellur",OPHTHALMOLOGY,"₹30,15,750*","₹23,750",1*,"₹50,00,000*",1120,-,-,-,-,-,-,-,42633(1),44756(1),96388(1),-,-,-
KAR Priv Seats-GMP,GMP,Karnataka,"SSIMS & RC, Davangere",PHARMACOLOGY,"₹3,59,003*","₹30,000",1*,"₹50,00,000*",1190,-,-,-,-,-,-,-,-,96397(1),-,-,-,-
KAR Govt Quota-Open,STH,Karnataka,"VIMS, Bellary",ORTHOPAEDICS,"₹1,24,150*","₹56,250",3*,"₹50,00,000*",1295,-,-,-,-,-,-,-,25964(1),25964(1),96629(1),-,-,-
KAR NRI Quota,NRI,Karnataka,"MS Ramaiah, Bangalore",GENERAL SURGERY,"₹75,40,750*","₹45,000",1*,"₹50,00,000*",1331,93950(4),120193(4),144486(4),-,-,-,-,96704(2),91839(1),-,-,-,-
KAR Priv Seats-GMP,GMP,Karnataka,"Basaveswara, Chitradurga",PATHOLOGY,"₹3,59,003*","₹5,000*",1*,"₹50,00,000*",500,95095(1),95095(1),-,-,-,-,-,85378(1),73186(1),96908(1),-,-,-
KAR NRI Quota,NRI,Karnataka,"Khaja Bandanawaz, Gulbarga",RADIO DIAGNOSIS,"₹85,30,750*","₹30,000*",1*,"₹50,00,000*",833,56354(1),56354(1),141009(2),-,-,-,-,-,97091(1),-,-,-,-
KAR NRI Quota,NRI,Karnataka,"VIMS (Vydehi), Bangalore",DERMATOLOGY,"₹1,25,15,750*","₹29,000*",1*,"₹50,00,000*",1600,89147(4),59579(1),150557(3),-,-,-,-,95854(2),97146(2),-,-,-,-
KAR Priv Seats-Open,OPN,Karnataka,"Nijalingappa, Bagalkot",FORENSIC MEDICINE,"₹3,59,003*","₹10,000*",1*,"₹50,00,000*",1140,-,-,-,-,-,-,-,97345(1),-,-,-,-,-
KAR Priv Seats-Min.,RC2,Karnataka,"St John's, Bangalore",RADIATION ONCOLOGY,"₹12,05,025*","₹45,000",1*,"₹5,00,000*",1720,-,-,-,-,-,-,-,-,97414(1),-,-,-,-
KAR NRI Quota,NRI,Karnataka,"Sapthagiri IMS&RC, Bangalore",RADIO DIAGNOSIS,"₹1,00,41,500*","₹10,000*",1*,"₹50,00,000*",500,112340(2),77684(1),147933(5),-,-,-,-,97559(1),-,-,-,-,-
KAR NRI Quota,NRI,Karnataka,"JJM Med Coll, Davangere",PHARMACOLOGY,"₹3,59,003*","₹30,000*",1*,"₹50,00,000*",1930,-,-,-,-,-,-,-,-,97559(1),-,-,-,-
KAR Govt Quota-Open,STH,Karnataka,"Koppal Inst of MS, Koppal",ANAESTHESIOLOGY,"₹1,24,150*","₹56,250",3*,"₹50,00,000*",Info Not Available,-,-,-,-,-,-,-,67101(1),67101(1),97576(1),-,-,-
KAR Others (Inst.Q),MNG,Karnataka,"BGS IMS, Bangalore",PATHOLOGY,"₹8,15,750*","₹25,000*",1*,"₹50,00,000*",766,-,-,-,-,-,-,-,71568(1),65128(1),97907(1),-,-,-
KAR Priv Seats-GMP,GMP,Karnataka,"Kempegowda IMS, Bangalore",MICROBIOLOGY,"₹3,59,003*","₹35,000*",1*,"₹50,00,000*",1100,-,-,-,-,-,-,-,-,97907(1),-,-,-,-
KAR NRI Quota,NRI,Karnataka,"DR BR Ambedkar, Bangalore",DERMATOLOGY,"₹1,10,15,750*","₹10,000*",1*,"₹50,00,000*",570,83251(2),89147(2),120837(2),-,-,-,-,97969(1),97969(1),-,-,-,-
KAR Govt Quota-InS,SCG,Karnataka,"KIMS, Hubli",GENERAL MEDICINE,"₹1,24,150*","₹56,250",3*,"₹50,00,000*",1200,-,-,-,-,-,-,-,-,98006(1),-,-,-,-
KAR Priv Seats-Open,OPN,Karnataka,"SDM College, Dharwad",HOSPITAL ADMINISTRATION,"₹7,14,030*","₹45,000*",1*,"₹50,00,000*",670,68407(1),68407(1),96217(1),-,-,-,-,62535(1),54524(1),98259(1),-,-,-
KAR Govt Quota-Open,GM,Karnataka,"Kanachur IMS, Mangalore",PATHOLOGY,"₹2,07,777*",Info not available,1*,"₹50,00,000*",785,50736(1),50736(1),-,-,-,-,-,-,-,-,-,98371(1),-
KAR NRI Quota,NRI,Karnataka,"Al-Ameen, Bijapur",RADIO DIAGNOSIS,"₹75,15,750*","₹9,000*",1*,"₹50,00,000*",1040,64787(3),87629(3),101117(1),-,-,-,-,76909(2),89923(2),98551(2),-,-,-
KAR NRI Quota,NRI,Karnataka,"JJM Med Coll, Davangere",EMERGENCY MEDICINE,"₹50,15,750*","₹30,000*",1*,"₹50,00,000*",1930,52034(1),52034(1),141483(1),-,-,-,-,98551(1),98551(1),-,-,-,-
KAR Govt Quota-Open,STG,Karnataka,"SMC, Shimoga",ORTHOPAEDICS,"₹7,83,858*",Info not available,1*,"₹50,00,000*",1250,-,-,-,-,-,-,-,98803(1),98803(1),-,-,-,-
KAR Govt Quota-Open,STG,Karnataka,Kodagu Inst of Med Sciences,ORTHOPAEDICS,"₹1,24,150*","₹56,250",3*,"₹50,00,000*",600,-,-,-,-,-,-,-,52852(1),49733(1),98803(2),-,-,-
KAR Priv Seats-Open,OPN,Karnataka,"St John's, Bangalore",PHYSIOLOGY,"₹1,09,025*","₹45,000",1*,"₹5,00,000*",1720,-,-,-,-,-,-,-,98964(2),98964(2),-,-,-,-
KAR NRI Quota,NRI,Karnataka,"AIMS, Adichunchanagiri, Bellur",ENT,"₹40,15,750*","₹23,750",1*,"₹50,00,000*",1120,-,116659(1),135932(1),-,-,-,-,-,99139(1),-,-,-,-
KAR NRI Quota,NRI,Karnataka,"Kempegowda IMS, Bangalore",ENT,"₹45,15,750*","₹35,000*",1*,"₹50,00,000*",1100,-,-,-,-,-,-,-,99139(1),92975(1),92975(1),-,-,-
KAR Govt Quota-Open,STG,Karnataka,"Akash IMS,Devanhalli,Bangalore",PSYCHIATRY,"₹7,83,858*","₹20,000",1*,"₹50,00,000*",760,-,-,-,-,-,-,-,99180(1),92680(1),99180(1),-,-,-
KAR Govt Quota-Open,STG,Karnataka,"Akash IMS,Devanhalli,Bangalore",ENT,"₹7,83,858*","₹20,000",1*,"₹50,00,000*",760,-,-,-,-,-,-,-,86428(1),99180(1),-,-,-,-
KAR Others (Inst.Q),MNG,Karnataka,"Srinivasa IMS, Srinivasanagar",PAEDIATRICS,"₹60,40,750*","₹29,000*",1*,"₹50,00,000*",660,-,-,-,-,-,-,-,62660(1),67187(1),99182(2),-,-,-
KAR NRI Quota,NRI,Karnataka,"VIMS (Vydehi), Bangalore",PAEDIATRICS,"₹75,15,750*","₹29,000*",1*,"₹50,00,000*",1600,25016(2),22486(1),137624(3),-,-,-,-,99233(2),99233(1),-,-,-,-
KAR Govt Quota-InS,GM,Karnataka,"MS Ramaiah, Bangalore",GENERAL MEDICINE,"₹8,08,858*","₹45,000",1*,"₹50,00,000*",1331,-,118697(1),118697(1),-,-,-,-,-,99267(1),-,-,-,-
KAR Govt Quota-Open,GM,Karnataka,"Kasturba Med Coll, Manipal",BIOCHEMISTRY,"₹1,11,765*","₹45,000*",1*,"₹50,00,000*",2032,-,-,-,-,-,-,-,99289(1),99289(1),-,-,-,-
KAR Govt Quota-InS,GM,Karnataka,"Chamrajanagar IMS, Karnataka",OBG,"₹1,24,150*","₹56,250",3*,"₹50,00,000*",750,-,-,-,-,-,-,-,-,99341(1),-,-,-,-
KAR Priv Seats-Min.,RC2,Karnataka,"St John's, Bangalore",ANAESTHESIOLOGY,"₹12,40,025*","₹45,000",1*,"₹5,00,000*",1720,98780(4),98780(4),98123(2),-,-,-,-,99349(5),99349(6),64074(1),-,-,-
KAR NRI Quota,NRI,Karnataka,"MS Ramaiah, Bangalore",PAEDIATRICS,"₹80,40,750*","₹45,000",1*,"₹50,00,000*",1331,73605(4),85401(4),117748(3),-,-,-,-,94771(2),94771(2),99406(1),-,-,-
KAR Govt Quota-Open,STG,Karnataka,"JJM Med Coll, Davangere",OPHTHALMOLOGY,"₹7,83,858*","₹30,000*",1*,"₹50,00,000*",1930,-,-,-,-,-,-,-,60480(1),60480(1),99580(1),-,-,-
KAR Priv Seats-GMP,GMP,Karnataka,"JJM Med Coll, Davangere",SPM,"₹3,59,003*","₹30,000*",1*,"₹50,00,000*",1930,-,-,-,-,-,-,-,99762(1),83100(1),-,-,-,-
KAR Priv Seats-GMP,GMP,Karnataka,"Basaveswara, Chitradurga",SPM,"₹3,59,003*","₹5,000*",1*,"₹50,00,000*",500,-,-,-,-,-,-,-,-,99762(1),-,-,-,-
KAR Govt Quota-Open,SCG,Karnataka,"Nijalingappa, Bagalkot",SPM,"₹2,07,777*","₹10,000*",1*,"₹50,00,000*",1140,-,-,-,-,-,-,-,99865(1),90869(1),-,-,-,-
KAR Govt Quota-Open,SCG,Karnataka,"Hassan IMS, Hassan",SPM,"₹69,150*","₹56,250",3*,"₹50,00,000*",Info Not Available,-,-,-,-,-,-,-,-,-,99865(1),-,-,-
KAR Priv Seats-Open,OPN,Karnataka,"JJM Med Coll, Davangere",MICROBIOLOGY,"₹3,59,003*","₹30,000*",1*,"₹50,00,000*",1930,-,-,-,-,-,-,-,99930(1),99930(1),-,-,-,-
KAR Priv Seats-GMP,GMPH,Karnataka,"St John's, Bangalore",PMR,"₹12,05,025*","₹45,000",1*,"₹5,00,000*",1720,52885(1),111369(1),-,-,-,-,-,100041(1),74516(1),-,-,-,-
KAR NRI Quota,NRI,Karnataka,"JJM Med Coll, Davangere",DERMATOLOGY,"₹1,00,15,750*","₹30,000*",1*,"₹50,00,000*",1930,67067(4),79087(4),79743(3),-,-,-,-,90369(3),85221(3),100083(1),-,-,-
KAR NRI Quota,NRI,Karnataka,"SSIMS & RC, Davangere",DERMATOLOGY,"₹1,00,15,750*","₹30,000",1*,"₹50,00,000*",1190,96118(1),79743(1),137388(2),-,-,-,-,100083(1),95854(1),-,-,-,-
KAR Priv Seats-GMP,GMPH,Karnataka,"Kempegowda IMS, Bangalore",SPM,"₹3,59,003*","₹35,000*",1*,"₹50,00,000*",1100,-,108691(1),-,-,-,-,-,100109(1),100109(1),-,-,-,-
KAR NRI Quota,NRI,Karnataka,"MS Ramaiah, Bangalore",OBG,"₹75,40,750*","₹45,000",1*,"₹50,00,000*",1331,65752(3),67968(3),116111(2),-,-,-,-,86800(2),79808(2),100115(1),-,-,-
KAR NRI Quota,NRI,Karnataka,"SSIMS & RC, Davangere",OPHTHALMOLOGY,"₹40,15,750*","₹30,000",1*,"₹50,00,000*",1190,-,-,-,-,-,-,-,100164(1),97458(1),-,-,-,-
KAR NRI Quota,NRI,Karnataka,"Sapthagiri IMS&RC, Bangalore",PAEDIATRICS,"₹80,41,500*","₹10,000*",1*,"₹50,00,000*",500,77017(2),110119(1),160675(1),-,-,-,-,92674(1),100168(1),-,-,-,-
KAR Others (Inst.Q),MNG,Karnataka,"AIMS, Adichunchanagiri, Bellur",PSYCHIATRY,"₹42,15,750*","₹23,750",1*,"₹50,00,000*",1120,-,-,-,-,-,-,-,60930(1),64125(1),100361(1),-,-,-
KAR Govt Quota-Open,PGM,Karnataka,"JJM Med Coll, Davangere",GENERAL MEDICINE,"₹7,83,858*","₹30,000*",1*,"₹50,00,000*",1930,-,-,-,-,-,-,-,100420(1),100420(1),100420(1),-,-,-
KAR Govt Quota-Open,SCG,Karnataka,"SSIMS & RC, Davangere",PATHOLOGY,"₹2,07,777*","₹30,000",1*,"₹50,00,000*",1190,-,-,-,-,-,-,-,75122(1),69560(1),100459(1),-,-,-
KAR Govt Quota-Open,SCG,Karnataka,"Bangalore Med Coll, Bangalore",PHYSIOLOGY,"₹41,650*","₹56,250",3*,"₹50,00,000*",1993,-,-,-,-,-,-,-,89021(1),100459(1),-,-,-,-
KAR Govt Quota-Open,STG,Karnataka,"Kidwai Memorial, Bangalore",ANAESTHESIOLOGY,"₹1,24,150*","₹56,250",3*,"₹50,00,000*",680,82669(1),84617(1),-,-,-,-,-,40389(1),64342(1),100517(1),-,-,-
KAR Others (Inst.Q),MNG,Karnataka,"Srinivasa IMS, Srinivasanagar",OBG,"₹65,40,750*","₹29,000*",1*,"₹50,00,000*",660,-,-,119914(1),138588(1),-,-,-,50590(1),58825(1),100529(1),-,-,-
KAR NRI Quota,NRI,Karnataka,"DR BR Ambedkar, Bangalore",OBG,"₹90,15,750*","₹10,000*",1*,"₹50,00,000*",570,-,-,159664(2),-,-,-,-,100529(1),-,-,-,-,-
KAR Others (Inst.Q),MNG,Karnataka,"JJM Med Coll, Davangere",MICROBIOLOGY,"₹3,59,003*","₹30,000*",1*,"₹50,00,000*",1930,-,-,-,-,-,-,-,-,100592(1),-,-,-,-
KAR Others (Inst.Q),MNG,Karnataka,"DR BR Ambedkar, Bangalore",PATHOLOGY,"₹5,15,750*","₹10,000*",1*,"₹50,00,000*",570,-,-,-,-,-,-,-,64084(1),64084(1),100592(1),-,-,-
KAR Priv Seats-GMP,GMP,Karnataka,"St John's, Bangalore",FORENSIC MEDICINE,"₹1,09,025*","₹45,000",1*,"₹5,00,000*",1720,-,-,-,-,-,-,-,100608(1),56694(1),-,-,-,-
KAR Govt Quota-InS,GM,Karnataka,"SSIMS & RC, Davangere",RADIO DIAGNOSIS,"₹7,83,858*","₹30,000",1*,"₹50,00,000*",1190,-,-,-,-,-,-,-,-,100609(1),-,-,-,-
KAR NRI Quota,NRI,Karnataka,"Kempegowda IMS, Bangalore",OBG,"₹80,15,750*","₹35,000*",1*,"₹50,00,000*",1100,67968(3),83891(3),83891(2),-,-,-,-,98025(1),73514(1),100637(1),-,-,-
KAR NRI Quota,NRI,Karnataka,"AIMS, Adichunchanagiri, Bellur",OBG,"₹70,15,750*","₹23,750",1*,"₹50,00,000*",1120,92463(3),89401(3),92463(2),-,-,-,-,100637(2),91151(2),91151(2),-,-,-
KAR Govt Quota-Open,GM,Karnataka,"Hassan IMS, Hassan",BIOCHEMISTRY,"₹41,650*","₹56,250",3*,"₹50,00,000*",Info Not Available,-,-,-,-,-,-,-,100658(1),88243(1),-,-,-,-
KAR Others (Inst.Q),MNG,Karnataka,"MS Ramaiah, Bangalore",PATHOLOGY,"₹15,40,750*","₹45,000",1*,"₹50,00,000*",1331,-,-,103186(1),-,-,-,-,42638(1),42638(1),100692(2),-,-,-
KAR Priv Seats-GMP,GMP,Karnataka,"DR BR Ambedkar, Bangalore",SPM,₹0*,"₹10,000*",1*,"₹50,00,000*",570,-,-,-,-,-,-,-,100759(1),100010(1),-,-,-,-
KAR Priv Seats-GMP,GMP,Karnataka,"St John's, Bangalore",MICROBIOLOGY,"₹3,09,025*","₹45,000",1*,"₹5,00,000*",1720,-,-,-,-,-,-,-,84563(2),100796(2),-,-,-,-
KAR Govt Quota-Open,GM,Karnataka,"MS Ramaiah, Bangalore",ANATOMY,"₹1,36,765*","₹45,000",1*,"₹50,00,000*",1331,-,-,-,-,-,-,-,100796(1),-,-,-,-,-
KAR NRI Quota,NRI,Karnataka,"Sapthagiri IMS&RC, Bangalore",OPHTHALMOLOGY,"₹60,41,500*","₹10,000*",1*,"₹50,00,000*",500,-,60459(1),-,-,-,-,-,100915(1),100915(1),-,-,-,-
KAR Others (Inst.Q),MNG,Karnataka,"SSIMS & RC, Davangere",GENERAL SURGERY,"₹65,15,750*","₹30,000",1*,"₹50,00,000*",1190,-,-,127848(1),150659(1),-,-,-,49836(1),87061(1),101026(1),-,-,-
KAR Priv Seats-Min.,ME,Karnataka,"VIMS (Vydehi), Bangalore",SPM,"₹3,59,003*","₹29,000*",1*,"₹50,00,000*",1600,-,-,-,-,-,-,-,-,101054(2),101054(1),-,-,-
KAR Govt Quota-InS,GM,Karnataka,"AIMS, Adichunchanagiri, Bellur",GENERAL MEDICINE,"₹7,83,858*","₹23,750",1*,"₹50,00,000*",1120,-,-,169887(1),-,-,-,-,-,101184(1),-,-,-,-
KAR NRI Quota,NRI,Karnataka,"MRMC, Gulbarga",PAEDIATRICS,"₹75,15,750*","₹8,000*",1*,"₹50,00,000*",1038,112381(1),-,175839(1),-,-,-,-,101243(1),100784(2),-,-,-,-
KAR NRI Quota,NRI,Karnataka,"MRMC, Gulbarga",GENERAL SURGERY,"₹60,15,750*","₹8,000*",1*,"₹50,00,000*",1038,-,-,199077(1),196842(1),-,-,-,91839(1),101243(1),-,-,-,-
KAR Govt Quota-Open,STG,Karnataka,"AIMS, Adichunchanagiri, Bellur",GENERAL SURGERY,"₹7,83,858*","₹23,750",1*,"₹50,00,000*",1120,-,-,-,-,-,-,-,83773(1),83773(1),101432(1),-,-,-
KAR Govt Quota-InS,GMH,Karnataka,"ESIC Med Coll,Gulbarga",ANAESTHESIOLOGY,"₹2,50,000*","₹1,11,780*",2*,"₹10,00,000*",480,-,-,-,-,-,-,-,-,101572(1),-,-,-,-
KAR NRI Quota,NRI,Karnataka,"AIMS, Adichunchanagiri, Bellur",OPHTHALMOLOGY,"₹50,15,750*","₹23,750",1*,"₹50,00,000*",1120,106646(2),-,122475(1),-,-,-,-,98359(1),101790(1),-,-,-,-
KAR Priv Seats-Open,OPN,Karnataka,"Khaja Bandanawaz, Gulbarga",GENERAL SURGERY,"₹40,30,750*","₹30,000*",1*,"₹50,00,000*",833,-,-,-,-,-,-,-,31818(1),36316(1),101838(1),-,-,-
KAR Govt Quota-InS,SCG,Karnataka,"Bangalore Med Coll, Bangalore",RADIO DIAGNOSIS,"₹1,24,150*","₹56,250",3*,"₹50,00,000*",1993,-,-,-,-,-,-,-,-,101884(1),-,-,-,-
KAR Govt Quota-Open,3BG,Karnataka,"VIMS (Vydehi), Bangalore",MICROBIOLOGY,₹0*,"₹29,000*",0*,₹0*,1600,-,-,-,-,-,-,-,101953(1),101953(1),-,-,-,-
KAR Govt Quota-InS,GM,Karnataka,"MRMC, Gulbarga",RADIO DIAGNOSIS,"₹7,83,858*","₹8,000*",1*,"₹50,00,000*",1038,-,-,50411(1),-,64186(1),-,-,-,101992(1),-,-,-,-
KAR Priv Seats-GMP,GMP,Karnataka,"MS Ramaiah, Bangalore",FORENSIC MEDICINE,"₹2,32,777*","₹45,000",1*,"₹50,00,000*",1331,-,-,-,-,-,-,-,-,102246(1),-,-,-,-
KAR Priv Seats-GMP,GMP,Karnataka,"SDM College, Dharwad",FORENSIC MEDICINE,"₹25,750*","₹45,000*",1*,"₹50,00,000*",670,-,-,-,-,-,-,-,102246(1),-,-,-,-,-
KAR Others (Inst.Q),MNG,Karnataka,"SSIMS & RC, Davangere",ANAESTHESIOLOGY,"₹25,15,750*","₹30,000",1*,"₹50,00,000*",1190,-,-,-,-,-,-,-,-,-,102246(1),-,-,-
KAR NRI Quota,NRI,Karnataka,"Khaja Bandanawaz, Gulbarga",DERMATOLOGY,"₹85,30,750*","₹30,000*",1*,"₹50,00,000*",833,81803(1),80313(1),80313(1),-,-,-,-,-,102334(1),95440(1),-,-,-
KAR Govt Quota-Open,SCH,Karnataka,"VIMS (Vydehi), Bangalore",PATHOLOGY,"₹2,07,777*","₹29,000*",1*,"₹50,00,000*",1600,-,-,-,-,-,-,-,102368(1),67851(1),102368(1),-,-,-
KAR Govt Quota-InS,GMH,Karnataka,"Koppal Inst of MS, Koppal",GENERAL MEDICINE,"₹1,24,150*","₹56,250",3*,"₹50,00,000*",Info Not Available,-,-,115796(1),-,-,-,-,-,102582(1),-,-,-,-
KAR Govt Quota-Open,STG,Karnataka,"MS Ramaiah, Bangalore",ANAESTHESIOLOGY,"₹8,08,858*","₹45,000",1*,"₹50,00,000*",1331,116717(1),105103(1),-,-,-,-,-,102675(1),86428(1),102675(1),-,-,-
KAR Others (Inst.Q),MNG,Karnataka,"Father Mullers, Mangalore",ORTHOPAEDICS,"₹60,15,750*","₹35,000*",1*,"₹50,00,000*",1250,-,-,-,-,-,-,-,23786(1),58430(1),102716(1),-,-,-
KAR Govt Quota-Open,2AG,Karnataka,"ESI, Bangalore",IHBT,"₹2,50,000*","₹1,11,780*",2*,"₹10,00,000*",530,-,-,-,-,-,-,-,-,-,102936(1),-,-,-
KAR Govt Quota-InS,GM,Karnataka,"Mysore Med Coll, Mysore",OBG,"₹1,24,150*","₹56,250",3*,"₹50,00,000*",1050,-,-,-,-,-,-,-,-,103083(1),-,-,-,-
KAR Govt Quota-Open,GMH,Karnataka,"SDM College, Dharwad",HOSPITAL ADMINISTRATION,"₹7,83,858*","₹45,000*",1*,"₹50,00,000*",670,-,-,-,-,-,-,-,78620(1),103437(1),-,-,-,-
KAR Govt Quota-Open,3BG,Karnataka,"Gadag IMS, Gadag",PHARMACOLOGY,"₹69,150*","₹56,250",3*,"₹50,00,000*",Info Not Available,-,-,-,-,-,-,-,-,-,103443(1),-,-,-
KAR Govt Quota-InS,GM,Karnataka,"Bangalore Med Coll, Bangalore",PAEDIATRICS,"₹1,24,150*","₹56,250",3*,"₹50,00,000*",1993,-,-,66126(1),-,-,-,-,-,103558(2),-,-,-,-
KAR Govt Quota-Open,GM,Karnataka,"Nijalingappa, Bagalkot",PHARMACOLOGY,"₹2,07,777*","₹10,000*",1*,"₹50,00,000*",1140,-,-,163035(1),-,-,-,-,103684(1),103684(1),-,-,-,-
KAR Govt Quota-InS,GM,Karnataka,"Bidar IMS, Bidar",GENERAL MEDICINE,"₹1,24,150*","₹56,250",3*,"₹50,00,000*",500,-,-,-,-,-,-,-,-,104010(1),-,-,-,-
KAR Others (Inst.Q),MNG,Karnataka,"MS Ramaiah, Bangalore",PAEDIATRICS,"₹80,40,750*","₹45,000",1*,"₹50,00,000*",1331,-,-,125934(1),79384(1),-,-,-,31086(1),35911(1),104011(2),-,-,-
KAR Govt Quota-Open,GMH,Karnataka,"Bidar IMS, Bidar",MICROBIOLOGY,"₹69,150*","₹56,250",3*,"₹50,00,000*",500,-,-,-,-,-,-,-,62847(1),68938(1),104101(1),-,-,-
KAR Govt Quota-Open,1H,Karnataka,"Bidar IMS, Bidar",ANATOMY,"₹41,650*","₹56,250",3*,"₹50,00,000*",500,-,-,-,-,-,-,-,-,104101(1),-,-,-,-
KAR NRI Quota,NRI,Karnataka,"AIMS, Adichunchanagiri, Bellur",RADIO DIAGNOSIS,"₹90,15,750*","₹23,750",1*,"₹50,00,000*",1120,64267(2),63795(2),103751(1),-,-,-,-,101020(1),104122(1),-,-,-,-
KAR NRI Quota,NRI,Karnataka,"JJM Med Coll, Davangere",RADIO DIAGNOSIS,"₹1,00,15,750*","₹30,000*",1*,"₹50,00,000*",1930,64889(6),112690(6),137525(5),-,-,-,-,104122(3),94819(3),-,-,-,-
KAR NRI Quota,NRI,Karnataka,"SDM College, Dharwad",RADIO DIAGNOSIS,"₹1,00,15,750*","₹45,000*",1*,"₹50,00,000*",670,50770(2),50507(2),120185(1),-,-,-,-,59923(1),104186(1),-,-,-,-
KAR Others (Inst.Q),MNG,Karnataka,"Al-Ameen, Bijapur",OBG,"₹65,15,750*","₹9,000*",1*,"₹50,00,000*",1040,-,-,130902(1),-,-,-,-,51824(2),71944(2),104222(3),-,-,-
KAR NRI Quota,NRI,Karnataka,"BGS IMS, Bangalore",PAEDIATRICS,"₹80,15,750*","₹25,000*",1*,"₹50,00,000*",766,-,-,149064(1),-,-,-,-,104513(1),104513(1),-,-,-,-
KAR Govt Quota-InS,GM,Karnataka,"Shimoga IMS, Shimoga",PAEDIATRICS,"₹1,24,150*","₹56,250",3*,"₹50,00,000*",950,-,-,-,-,-,-,-,-,104604(1),-,-,-,-
KAR NRI Quota,NRI,Karnataka,"AJIMS, Mangalore",TBRD,"₹90,15,750*","₹30,000",1*,"₹50,00,000*",910,-,-,-,-,-,-,-,82891(1),104828(1),-,-,-,-
KAR Govt Quota-Open,GM,Karnataka,"Mandya IMS, Mandya",PHYSIOLOGY,"₹41,650*","₹56,250",3*,"₹50,00,000*",Info Not Available,-,-,-,-,-,-,-,104835(1),46433(1),-,-,-,-
KAR NRI Quota,NRI,Karnataka,"SSIMS & RC, Davangere",EMERGENCY MEDICINE,"₹50,15,750*","₹30,000",1*,"₹50,00,000*",1190,89082(1),76154(1),103220(1),127026(1),-,-,-,104868(1),-,-,-,-,-
KAR NRI Quota,NRI,Karnataka,"Al-Ameen, Bijapur",PAEDIATRICS,"₹65,15,750*","₹9,000*",1*,"₹50,00,000*",1040,100551(2),102888(1),152062(2),-,-,-,-,100168(1),104868(1),-,-,-,-
KAR Govt Quota-InS,GM,Karnataka,"Kempegowda IMS, Bangalore",RADIO DIAGNOSIS,"₹7,83,858*","₹35,000*",1*,"₹50,00,000*",1100,-,-,-,-,-,-,-,-,105246(1),-,-,-,-
KAR NRI Quota,NRI,Karnataka,"SSIMS & RC, Davangere",ANAESTHESIOLOGY,"₹25,15,750*","₹30,000",1*,"₹50,00,000*",1190,54860(1),39857(1),134196(1),-,-,-,-,81760(1),105281(1),-,-,-,-
KAR NRI Quota,NRI,Karnataka,"Kempegowda IMS, Bangalore",ANAESTHESIOLOGY,"₹40,15,750*","₹35,000*",1*,"₹50,00,000*",1100,92075(2),105924(2),158734(2),-,-,-,-,105281(3),100108(2),-,-,-,-
KAR Govt Quota-Open,GMH,Karnataka,"ESIC Med Coll,Gulbarga",PHYSIOLOGY,"₹2,50,000*","₹1,11,780*",2*,"₹10,00,000*",480,-,-,-,-,-,-,-,-,105311(1),-,-,-,-
KAR Govt Quota-Open,GM,Karnataka,"Raichur IMS, Raichur",PHARMACOLOGY,"₹69,150*","₹56,250",3*,"₹50,00,000*",500,-,-,-,-,-,-,-,-,-,105311(1),-,-,-
KAR NRI Quota,NRI,Karnataka,"Kempegowda IMS, Bangalore",GENERAL SURGERY,"₹70,15,750*","₹35,000*",1*,"₹50,00,000*",1100,45171(3),55995(3),139712(2),-,-,-,-,105411(1),105411(1),-,-,-,-
KAR Priv Seats-GMP,GMP,Karnataka,"Shridevi IMS, Tumkur",SPM,"₹3,59,003*",Info not available*,1*,"₹50,00,000*",750,-,-,-,-,-,-,-,-,105586(1),-,-,-,-
KAR Govt Quota-InS,GM,Karnataka,"KIMS, Hubli",PAEDIATRICS,"₹1,24,150*","₹56,250",3*,"₹50,00,000*",1200,79846(1),79846(1),90238(1),-,-,-,-,-,105850(1),-,-,-,-
KAR Priv Seats-Open,OPN,Karnataka,"AJIMS, Mangalore",PHARMACOLOGY,"₹3,59,003*","₹30,000",1*,"₹50,00,000*",910,-,-,-,-,-,-,-,-,105978(1),-,-,-,-
KAR Govt Quota-InS,GM,Karnataka,"Chamrajanagar IMS, Karnataka",GENERAL MEDICINE,"₹1,24,150*","₹56,250",3*,"₹50,00,000*",750,-,-,-,-,-,-,-,-,106021(1),-,-,-,-
KAR Priv Seats-GMP,GMP,Karnataka,"Khaja Bandanawaz, Gulbarga",OPHTHALMOLOGY,"₹35,30,750*","₹30,000*",1*,"₹50,00,000*",833,-,-,-,-,-,-,-,51363(1),63568(1),106051(1),-,-,-
KAR Govt Quota-Open,GM,Karnataka,"Kidwai Memorial, Bangalore",MICROBIOLOGY,"₹69,150*","₹56,250",3*,"₹50,00,000*",680,57363(1),56564(1),112112(2),-,-,-,-,-,-,106147(1),-,-,-
KAR Priv Seats-GMP,GMP,Karnataka,"MS Ramaiah, Bangalore",PHYSIOLOGY,"₹1,36,765*","₹45,000",1*,"₹50,00,000*",1331,-,-,-,-,-,-,-,-,106147(1),-,-,-,-
KAR Priv Seats-Min.,MEH,Karnataka,"Navodaya Med Coll, Raichur",ENT,"₹13,88,744*","₹10,000*",1*,"₹50,00,000*",1110,95069(1),91337(1),-,-,-,-,-,78020(2),78020(2),106266(2),-,-,-
KAR Govt Quota-Open,3AG,Karnataka,"Srinivasa IMS, Srinivasanagar",PHARMACOLOGY,"₹2,32,777*","₹29,000*",1*,"₹50,00,000*",660,-,-,-,-,-,-,-,-,106285(1),-,-,-,-
KAR Priv Seats-Min.,MM,Karnataka,"Khaja Bandanawaz, Gulbarga",ORTHOPAEDICS,"₹40,30,750*","₹30,000*",1*,"₹50,00,000*",833,-,-,-,-,-,-,-,-,-,106423(1),-,-,-
KAR NRI Quota,NRI,Karnataka,"SSIMS & RC, Davangere",TBRD,"₹50,15,750*","₹30,000",1*,"₹50,00,000*",1190,73918(1),73918(1),127490(1),-,-,-,-,87476(1),92819(1),106442(1),-,-,-
KAR Govt Quota-Open,GM,Karnataka,Karwar Inst of Med Sciences,BIOCHEMISTRY,"₹41,650*","₹56,250",3*,"₹50,00,000*",650,-,-,-,-,-,-,-,106684(1),106684(1),-,-,-,-
KAR Others (Inst.Q),MNG,Karnataka,"Khaja Bandanawaz, Gulbarga",RADIO DIAGNOSIS,"₹85,30,750*","₹30,000*",1*,"₹50,00,000*",833,-,-,-,-,-,-,-,53576(1),73499(1),106708(2),-,-,-
KAR Govt Quota-Open,SCG,Karnataka,"SSIMS & RC, Davangere",MICROBIOLOGY,"₹2,07,777*","₹30,000",1*,"₹50,00,000*",1190,-,-,-,-,-,-,-,-,106721(1),-,-,-,-
KAR NRI Quota,NRI,Karnataka,"SDM College, Dharwad",GENERAL MEDICINE,"₹90,15,750*","₹45,000*",1*,"₹50,00,000*",670,58251(3),45015(3),45015(3),-,-,-,-,106748(2),106442(1),-,-,-,-
KAR NRI Quota,NRI,Karnataka,"VIMS (Vydehi), Bangalore",ORTHOPAEDICS,"₹60,15,750*","₹29,000*",1*,"₹50,00,000*",1600,-,86463(1),125715(2),-,-,-,-,102716(1),106815(2),-,-,-,-
KAR Govt Quota-Open,2AG,Karnataka,"Chamrajanagar IMS, Karnataka",MICROBIOLOGY,"₹69,150*","₹56,250",3*,"₹50,00,000*",750,-,-,-,-,-,-,-,106891(1),106891(1),-,-,-,-
KAR Priv Seats-GMP,GMP,Karnataka,"St John's, Bangalore",PHARMACOLOGY,"₹4,09,025*","₹45,000",1*,"₹5,00,000*",1720,44872(1),47237(2),-,-,-,-,-,60291(1),64440(1),107062(2),-,-,-
KAR Priv Seats-GMP,GMP,Karnataka,"SDM College, Dharwad",DPH,"₹2,33,965*","₹45,000*",1*,"₹50,00,000*",670,-,-,-,-,-,-,-,-,107062(1),-,-,-,-
KAR NRI Quota,NRI,Karnataka,"AJIMS, Mangalore",GENERAL SURGERY,"₹75,15,750*","₹30,000",1*,"₹50,00,000*",910,76084(2),-,194410(2),-,-,-,-,107115(1),107115(1),-,-,-,-
KAR NRI Quota,NRI,Karnataka,"BGS IMS, Bangalore",DERMATOLOGY,"₹1,30,15,750*","₹25,000*",1*,"₹50,00,000*",766,67420(1),42270(1),146617(1),-,-,-,-,107153(1),95636(1),107153(1),-,-,-
KAR Govt Quota-InS,SCG,Karnataka,"Hassan IMS, Hassan",GENERAL MEDICINE,"₹1,24,150*","₹56,250",3*,"₹50,00,000*",Info Not Available,-,-,-,-,-,-,-,-,107156(1),-,-,-,-
KAR Priv Seats-Min.,MC,Karnataka,"Father Mullers, Mangalore",PHARMACOLOGY,"₹3,59,003*","₹35,000*",1*,"₹50,00,000*",1250,-,-,-,-,-,-,-,-,107356(1),-,-,-,-
KAR Govt Quota-InS,GM,Karnataka,"Belagavi IMS, Belagavi",ORTHOPAEDICS,"₹1,24,150*","₹56,250",3*,"₹50,00,000*",1000,-,-,-,-,-,-,-,-,107388(1),-,-,-,-
KAR NRI Quota,NRI,Karnataka,"SSIMS & RC, Davangere",PAEDIATRICS,"₹65,15,750*","₹30,000",1*,"₹50,00,000*",1190,74892(2),91946(2),74023(1),-,-,-,-,65144(1),73395(1),107436(1),-,-,-
KAR Others (Inst.Q),MNG,Karnataka,"Kempegowda IMS, Bangalore",OBG,"₹80,15,750*","₹35,000*",1*,"₹50,00,000*",1100,-,-,114641(1),-,-,-,-,39142(1),39905(1),107471(1),-,-,-
KAR NRI Quota,NRI,Karnataka,"JJM Med Coll, Davangere",ANAESTHESIOLOGY,"₹30,15,750*","₹30,000*",1*,"₹50,00,000*",1930,81467(3),88141(3),104802(2),-,-,-,-,-,107508(2),-,-,-,-
KAR NRI Quota,NRI,Karnataka,"JJM Med Coll, Davangere",ENT,"₹30,15,750*","₹30,000*",1*,"₹50,00,000*",1930,68630(2),109110(2),134875(2),-,-,-,-,107508(1),92570(1),93940(1),-,-,-
KAR NRI Quota,NRI,Karnataka,"KVG Med Coll, Sullia",OPHTHALMOLOGY,"₹45,15,750*","₹7,500",1*,"₹50,00,000*",682,58479(1),35606(1),128823(1),-,-,-,-,-,107687(1),107687(1),-,-,-
KAR NRI Quota,NRI,Karnataka,"Kanachur IMS, Mangalore",DERMATOLOGY,"₹1,35,15,750*",Info not available,1*,"₹50,00,000*",785,-,-,173599(2),188166(1),-,-,-,107687(1),-,-,-,-,-
KAR NRI Quota,NRI,Karnataka,"MS Ramaiah, Bangalore",GENERAL MEDICINE,"₹95,40,750*","₹45,000",1*,"₹50,00,000*",1331,28519(6),84882(6),110700(4),-,-,-,-,94846(4),104179(4),107798(1),-,-,-
KAR Govt Quota-InS,GM,Karnataka,"Shimoga IMS, Shimoga",ORTHOPAEDICS,"₹1,24,150*","₹56,250",3*,"₹50,00,000*",950,-,-,-,-,-,-,-,-,107867(1),-,-,-,-
KAR NRI Quota,NRI,Karnataka,"Sapthagiri IMS&RC, Bangalore",DERMATOLOGY,"₹1,20,41,500*","₹10,000*",1*,"₹50,00,000*",500,83404(1),83404(1),128389(3),-,-,-,-,93630(2),80151(1),107907(1),-,-,-
KAR NRI Quota,NRI,Karnataka,"MRMC, Gulbarga",DERMATOLOGY,"₹92,15,750*","₹8,000*",1*,"₹50,00,000*",1038,86251(3),90596(2),155289(2),-,-,-,-,107907(2),95440(2),-,-,-,-
KAR NRI Quota,NRI,Karnataka,"Navodaya Med Coll, Raichur",DERMATOLOGY,"₹90,15,750*","₹10,000*",1*,"₹50,00,000*",1110,97376(1),97376(2),157835(2),-,-,-,-,101257(2),107907(2),-,-,-,-
KAR NRI Quota,NRI,Karnataka,"MRMC, Gulbarga",OPHTHALMOLOGY,"₹88,15,750*","₹8,000*",1*,"₹50,00,000*",1038,-,-,-,-,-,-,-,107976(1),-,-,-,-,-
KAR NRI Quota,NRI,Karnataka,"SDM College, Dharwad",OPHTHALMOLOGY,"₹65,15,750*","₹45,000*",1*,"₹50,00,000*",670,-,-,-,-,-,-,-,97458(1),98359(1),107976(1),-,-,-
KAR NRI Quota,NRI,Karnataka,"AIMS, Adichunchanagiri, Bellur",GENERAL MEDICINE,"₹75,15,750*","₹23,750",1*,"₹50,00,000*",1120,91946(3),83831(3),153740(2),-,-,-,-,100839(2),98986(2),108906(1),-,-,-
KAR Govt Quota-InS,GM,Karnataka,"KIMS, Hubli",GENERAL MEDICINE,"₹1,24,150*","₹56,250",3*,"₹50,00,000*",1200,39314(1),39314(1),67154(2),-,-,-,-,-,109149(1),-,-,-,-
KAR Govt Quota-Open,STG,Karnataka,"Yenepoya Med Coll, Mangalore",GERIATRICS,"₹8,23,858*","₹45,000*",1*,"₹50,00,000*",910,-,-,-,-,-,-,-,88321(1),109272(1),-,-,-,-
KAR Govt Quota-Open,STG,Karnataka,"SSIMS & RC, Davangere",OPHTHALMOLOGY,"₹7,83,858*","₹30,000",1*,"₹50,00,000*",1190,-,-,-,-,-,-,-,99580(1),88321(1),109272(1),-,-,-
KAR Govt Quota-Open,3BH,Karnataka,"Gadag IMS, Gadag",PHARMACOLOGY,"₹69,150*","₹56,250",3*,"₹50,00,000*",Info Not Available,-,-,-,-,-,-,-,76449(1),109279(1),-,-,-,-
KAR NRI Quota,NRI,Karnataka,"AJIMS, Mangalore",OBG,"₹1,00,15,750*","₹30,000",1*,"₹50,00,000*",910,102154(1),-,194756(2),-,-,-,-,109430(1),109430(1),-,-,-,-
KAR Priv Seats-GMP,GMP,Karnataka,"Khaja Bandanawaz, Gulbarga",ANAESTHESIOLOGY,"₹35,30,750*","₹30,000*",1*,"₹50,00,000*",833,65851(1),72386(1),124386(1),138716(1),-,-,-,-,-,109584(1),-,-,-
KAR Govt Quota-Open,PGM,Karnataka,"Mysore Med Coll, Mysore",DERMATOLOGY,"₹1,24,150*","₹56,250",3*,"₹50,00,000*",1050,-,-,28802(1),-,-,-,-,37738(1),37738(1),109640(1),-,-,-
KAR Priv Seats-Min.,MMH,Karnataka,"Khaja Bandanawaz, Gulbarga",PAEDIATRICS,"₹60,30,750*","₹30,000*",1*,"₹50,00,000*",833,109978(1),65825(1),188498(1),-,-,-,-,83094(1),109972(1),-,-,-,-
KAR Govt Quota-Open,SCG,Karnataka,"Sapthagiri IMS&RC, Bangalore",SPM,"₹2,33,527*","₹10,000*",1*,"₹50,00,000*",500,93174(1),118432(1),-,-,-,-,-,110014(1),110014(1),-,-,-,-
KAR NRI Quota,NRI,Karnataka,"MS Ramaiah, Bangalore",RADIO DIAGNOSIS,"₹1,10,40,750*","₹45,000",1*,"₹50,00,000*",1331,35961(4),62028(4),108466(3),-,-,-,-,89489(4),82847(4),110126(1),-,-,-
KAR NRI Quota,NRI,Karnataka,"VIMS (Vydehi), Bangalore",RADIO DIAGNOSIS,"₹1,20,15,750*","₹29,000*",1*,"₹50,00,000*",1600,112690(3),87009(2),152716(5),189667(1),-,-,-,93911(1),110126(2),-,-,-,-
KAR Govt Quota-InS,SCG,Karnataka,"Bangalore Med Coll, Bangalore",OBG,"₹1,24,150*","₹56,250",3*,"₹50,00,000*",1993,-,-,-,-,-,-,-,-,110163(1),-,-,-,-
KAR Govt Quota-InS,GMH,Karnataka,"Gulbarga IMS, Gulbarga",PAEDIATRICS,"₹1,24,150*","₹56,250",3*,"₹50,00,000*",873,-,-,106040(1),-,-,-,-,-,110600(1),-,-,-,-
KAR Priv Seats-GMP,GMP,Karnataka,"JJM Med Coll, Davangere",PHARMACOLOGY,"₹3,59,003*","₹30,000*",1*,"₹50,00,000*",1930,-,-,-,-,-,-,-,-,110623(1),-,-,-,-
KAR Govt Quota-Open,SCG,Karnataka,"Nijalingappa, Bagalkot",PATHOLOGY,"₹2,07,777*","₹10,000*",1*,"₹50,00,000*",1140,-,-,-,-,-,-,-,74386(1),77194(1),110745(1),-,-,-
KAR Govt Quota-Open,SCG,Karnataka,"Shimoga IMS, Shimoga",FORENSIC MEDICINE,"₹69,150*","₹56,250",3*,"₹50,00,000*",950,-,-,-,-,-,-,-,111366(1),87777(1),-,-,-,-
KAR Govt Quota-Open,STG,Karnataka,"JJM Med Coll, Davangere",ANAESTHESIOLOGY,"₹7,83,858*","₹30,000*",1*,"₹50,00,000*",1930,-,-,-,-,-,-,-,83726(1),83726(1),111393(1),-,-,-
KAR Priv Seats-Open,OPN,Karnataka,"AJIMS, Mangalore",MICROBIOLOGY,"₹3,59,003*","₹30,000",1*,"₹50,00,000*",910,-,-,-,-,-,-,-,112053(1),82536(1),-,-,-,-
KAR Priv Seats-Min.,ME,Karnataka,"SMC, Shimoga",PATHOLOGY,"₹3,59,003*",Info not available,1*,"₹50,00,000*",1250,-,-,-,-,-,-,-,112112(2),98694(2),-,-,-,-
KAR Govt Quota-Open,1G,Karnataka,"MS Ramaiah, Bangalore",SPM,"₹2,32,777*","₹45,000",1*,"₹50,00,000*",1331,-,-,-,-,-,-,-,80759(1),112132(1),112132(1),-,-,-
KAR Priv Seats-Min.,MEH,Karnataka,"Navodaya Med Coll, Raichur",ANAESTHESIOLOGY,"₹13,88,744*","₹10,000*",1*,"₹50,00,000*",1110,104970(5),89596(5),179153(1),-,-,-,-,90701(6),92198(6),112227(5),-,-,-
KAR NRI Quota,NRI,Karnataka,"Sapthagiri IMS&RC, Bangalore",GENERAL SURGERY,"₹50,41,500*","₹10,000*",1*,"₹50,00,000*",500,120193(7),104970(7),156988(6),-,-,-,-,83207(1),112381(1),-,-,-,-
KAR Govt Quota-Open,GM,Karnataka,"Shridevi IMS, Tumkur",MICROBIOLOGY,"₹2,07,777*",Info not available*,1*,"₹50,00,000*",750,-,-,-,-,-,-,-,-,112489(1),-,-,-,-
KAR Govt Quota-Open,GMH,Karnataka,"MRMC, Gulbarga",PHARMACOLOGY,"₹2,07,777*","₹8,000*",1*,"₹50,00,000*",1038,-,-,-,-,-,-,-,113107(1),-,-,-,-,-
KAR NRI Quota,NRI,Karnataka,"Kempegowda IMS, Bangalore",RADIO DIAGNOSIS,"₹1,10,15,750*","₹35,000*",1*,"₹50,00,000*",1100,63899(3),67728(3),132228(2),-,-,-,-,113177(2),100839(2),-,-,-,-
KAR Govt Quota-Open,SCH,Karnataka,"Bidar IMS, Bidar",MICROBIOLOGY,"₹69,150*","₹56,250",3*,"₹50,00,000*",500,-,-,-,-,-,-,-,113710(1),113710(1),113710(1),-,-,-
KAR Priv Seats-Open,OPN,Karnataka,"Kanachur IMS, Mangalore",PATHOLOGY,"₹3,59,003*",Info not available,1*,"₹50,00,000*",785,-,-,180880(1),-,-,-,-,-,-,-,-,113873(1),-
KAR Govt Quota-Open,STH,Karnataka,"Bidar IMS, Bidar",ORTHOPAEDICS,"₹1,24,150*","₹56,250",3*,"₹50,00,000*",500,-,-,-,-,-,-,-,-,-,113917(1),-,-,-
KAR Govt Quota-Open,STG,Karnataka,"Akash IMS,Devanhalli,Bangalore",ORTHOPAEDICS,"₹7,83,858*","₹20,000",1*,"₹50,00,000*",760,-,-,-,-,-,-,-,96629(1),113917(1),-,-,-,-
KAR NRI Quota,NRI,Karnataka,"VIMS (Vydehi), Bangalore",GENERAL SURGERY,"₹50,15,750*","₹29,000*",1*,"₹50,00,000*",1600,99807(2),99807(2),139051(2),-,-,-,-,114617(3),114617(3),-,-,-,-
KAR Priv Seats-Min.,MMH,Karnataka,"Khaja Bandanawaz, Gulbarga",GENERAL MEDICINE,"₹60,30,750*","₹30,000*",1*,"₹50,00,000*",833,92323(2),92323(1),188474(1),-,-,-,-,62806(2),107924(2),114718(1),-,-,-
KAR Priv Seats-Min.,MMH,Karnataka,"Khaja Bandanawaz, Gulbarga",ANAESTHESIOLOGY,"₹35,30,750*","₹30,000*",1*,"₹50,00,000*",833,-,-,-,-,-,-,-,114718(1),114718(1),-,-,-,-
KAR Govt Quota-Open,3BG,Karnataka,Karwar Inst of Med Sciences,FORENSIC MEDICINE,"₹69,150*","₹56,250",3*,"₹50,00,000*",650,-,-,-,-,-,-,-,68151(1),114896(1),-,-,-,-
KAR Govt Quota-Open,3BG,Karnataka,"BGS IMS, Bangalore",PHARMACOLOGY,"₹2,07,777*","₹25,000*",1*,"₹50,00,000*",766,-,-,-,-,-,-,-,114896(1),-,-,-,-,-
KAR Others (Inst.Q),MNG,Karnataka,"Father Mullers, Mangalore",EMERGENCY MEDICINE,"₹50,15,750*","₹35,000*",1*,"₹50,00,000*",1250,-,-,-,-,-,-,-,26238(1),37555(1),114944(1),-,-,-
KAR Govt Quota-InS,GM,Karnataka,"SDM College, Dharwad",OBG,"₹7,83,858*","₹45,000*",1*,"₹50,00,000*",670,-,-,129962(1),-,-,-,-,-,115169(1),-,-,-,-
KAR NRI Quota,NRI,Karnataka,"JJM Med Coll, Davangere",ORTHOPAEDICS,"₹70,15,750*","₹30,000*",1*,"₹50,00,000*",1930,96418(2),96418(2),158643(3),-,-,-,-,115485(1),115485(1),-,-,-,-
KAR Govt Quota-Open,PGM,Karnataka,"Mysore Med Coll, Mysore",TBRD,"₹1,24,150*","₹56,250",3*,"₹50,00,000*",1050,-,-,-,-,-,-,-,-,-,115710(1),-,-,-
KAR NRI Quota,NRI,Karnataka,"DR BR Ambedkar, Bangalore",GENERAL MEDICINE,"₹1,00,15,750*","₹10,000*",1*,"₹50,00,000*",570,84882(4),79644(1),138555(2),-,-,-,-,115763(2),-,-,-,-,-
KAR NRI Quota,NRI,Karnataka,"MRMC, Gulbarga",GENERAL MEDICINE,"₹82,15,750*","₹8,000*",1*,"₹50,00,000*",1038,-,-,162708(3),-,-,-,-,-,115763(2),-,-,-,-
KAR Govt Quota-InS,GMH,Karnataka,"MRMC, Gulbarga",RADIO DIAGNOSIS,"₹7,83,858*","₹8,000*",1*,"₹50,00,000*",1038,-,-,-,-,-,-,-,-,116048(1),-,-,-,-
KAR Priv Seats-GMP,GMP,Karnataka,"Srinivasa IMS, Srinivasanagar",ANAESTHESIOLOGY,"₹35,40,750*","₹29,000*",1*,"₹50,00,000*",660,-,-,-,-,-,-,-,38875(1),48304(1),116740(1),-,-,-
KAR NRI Quota,NRI,Karnataka,"Navodaya Med Coll, Raichur",OBG,"₹70,15,750*","₹10,000*",1*,"₹50,00,000*",1110,91580(1),97263(2),142268(2),-,-,-,-,107956(2),116844(4),-,-,-,-
KAR NRI Quota,NRI,Karnataka,"Nijalingappa, Bagalkot",OBG,"₹82,15,750*","₹10,000*",1*,"₹50,00,000*",1140,-,-,184676(2),-,-,-,-,116844(1),98025(1),-,-,-,-
KAR Govt Quota-Open,GM,Karnataka,"AIMS, Adichunchanagiri, Bellur",FORENSIC MEDICINE,"₹2,07,777*","₹23,750",1*,"₹50,00,000*",1120,-,-,-,-,-,-,-,116985(1),116985(1),-,-,-,-
KAR NRI Quota,NRI,Karnataka,"AJIMS, Mangalore",GENERAL MEDICINE,"₹1,00,15,750*","₹30,000",1*,"₹50,00,000*",910,82639(2),82639(1),143266(5),-,-,-,-,117175(1),117175(1),-,-,-,-
KAR Govt Quota-InS,GM,Karnataka,"Mysore Med Coll, Mysore",PAEDIATRICS,"₹1,24,150*","₹56,250",3*,"₹50,00,000*",1050,66126(1),66126(1),73370(1),-,-,-,-,-,117514(2),-,-,-,-
KAR NRI Quota,NRI,Karnataka,"MRMC, Gulbarga",RADIO DIAGNOSIS,"₹90,15,750*","₹8,000*",1*,"₹50,00,000*",1038,120185(6),112340(4),127584(5),-,-,-,-,109178(4),117591(4),-,-,-,-
KAR NRI Quota,NRI,Karnataka,"SDM College, Dharwad",GENERAL SURGERY,"₹60,15,750*","₹45,000*",1*,"₹50,00,000*",670,75153(2),78422(2),83760(2),-,-,-,-,117689(2),117689(2),117689(1),-,-,-
KAR Govt Quota-Open,STG,Karnataka,"SSIMS & RC, Davangere",TBRD,"₹7,83,858*","₹30,000",1*,"₹50,00,000*",1190,-,-,-,-,-,-,-,90220(1),90220(1),117887(1),-,-,-
KAR Govt Quota-Open,GMH,Karnataka,"Gulbarga IMS, Gulbarga",BIOCHEMISTRY,"₹41,650*","₹56,250",3*,"₹50,00,000*",873,-,-,-,-,-,-,-,117927(1),-,-,-,-,-
KAR Govt Quota-InS,GM,Karnataka,"ESI, Bangalore",PAEDIATRICS,"₹2,50,000*","₹1,11,780*",2*,"₹10,00,000*",530,-,-,-,-,-,-,-,-,118042(1),-,-,-,-
KAR Govt Quota-Open,2BG,Karnataka,"Gadag IMS, Gadag",BIOCHEMISTRY,"₹41,650*","₹56,250",3*,"₹50,00,000*",Info Not Available,-,-,-,-,-,-,-,118373(1),118373(1),-,-,-,-
KAR NRI Quota,NRI,Karnataka,"SSIMS & RC, Davangere",RADIO DIAGNOSIS,"₹1,00,15,750*","₹30,000",1*,"₹50,00,000*",1190,86513(3),120185(2),134917(2),-,-,-,-,104947(2),118481(2),-,-,-,-
KAR NRI Quota,NRI,Karnataka,"Navodaya Med Coll, Raichur",RADIO DIAGNOSIS,"₹90,15,750*","₹10,000*",1*,"₹50,00,000*",1110,70150(1),-,140536(3),-,-,-,-,118481(2),-,-,-,-,-
KAR Govt Quota-Open,GMH,Karnataka,"AIMS, Adichunchanagiri, Bellur",PATHOLOGY,"₹2,07,777*","₹23,750",1*,"₹50,00,000*",1120,-,-,-,-,-,-,-,84207(1),61639(1),118761(1),-,-,-
KAR Priv Seats-GMP,GMP,Karnataka,"Kempegowda IMS, Bangalore",PHARMACOLOGY,"₹3,59,003*","₹35,000*",1*,"₹50,00,000*",1100,-,-,-,-,-,-,-,118775(1),71583(1),-,-,-,-
KAR NRI Quota,NRI,Karnataka,"Sapthagiri IMS&RC, Bangalore",OBG,"₹80,41,500*","₹10,000*",1*,"₹50,00,000*",500,116542(5),116542(1),142265(7),-,-,-,-,118846(2),118846(2),-,-,-,-
KAR Others (Inst.Q),MNG,Karnataka,"JJM Med Coll, Davangere",OPHTHALMOLOGY,"₹50,15,750*","₹30,000*",1*,"₹50,00,000*",1930,-,-,125725(1),124588(1),-,-,-,46351(1),54967(1),118863(2),-,-,-
KAR Govt Quota-Open,STG,Karnataka,"Sapthagiri IMS&RC, Bangalore",ANAESTHESIOLOGY,"₹8,09,608*","₹10,000*",1*,"₹50,00,000*",500,-,116717(1),-,-,-,-,-,118883(2),117887(2),-,-,-,-
KAR Govt Quota-Open,STH,Karnataka,"MRMC, Gulbarga",OPHTHALMOLOGY,"₹7,83,858*","₹8,000*",1*,"₹50,00,000*",1038,-,-,-,-,-,-,-,85842(1),118883(1),-,-,-,-
KAR Govt Quota-Open,STG,Karnataka,"Kempegowda IMS, Bangalore",ANAESTHESIOLOGY,"₹7,83,858*","₹35,000*",1*,"₹50,00,000*",1100,-,-,-,-,-,-,-,-,-,118883(1),-,-,-
KAR Others (Inst.Q),MNG,Karnataka,"Nijalingappa, Bagalkot",ANAESTHESIOLOGY,"₹40,15,750*","₹10,000*",1*,"₹50,00,000*",1140,-,-,-,-,-,-,-,50281(1),82645(1),118953(1),-,-,-
KAR NRI Quota,NRI,Karnataka,"Kempegowda IMS, Bangalore",ORTHOPAEDICS,"₹75,15,750*","₹35,000*",1*,"₹50,00,000*",1100,71827(3),71827(2),158200(2),-,-,-,-,119268(1),119268(1),119268(1),-,-,-
KAR Govt Quota-Open,SCG,Karnataka,"East Point College,Bangalore",SPM,"₹2,07,777*","₹20,000",1*,"₹50,00,000*",-,-,-,-,-,-,-,-,-,119309(1),-,-,-,-
KAR Govt Quota-InS,GMH,Karnataka,"Mysore Med Coll, Mysore",GENERAL SURGERY,"₹1,24,150*","₹56,250",3*,"₹50,00,000*",1050,-,-,-,-,-,-,-,-,119486(1),-,-,-,-
KAR Priv Seats-GMP,GMPH,Karnataka,"Khaja Bandanawaz, Gulbarga",PATHOLOGY,"₹16,46,215*","₹30,000*",1*,"₹50,00,000*",833,-,-,-,-,-,-,-,-,119514(1),-,-,-,-
KAR Priv Seats-Min.,MMH,Karnataka,"Khaja Bandanawaz, Gulbarga",ORTHOPAEDICS,"₹40,30,750*","₹30,000*",1*,"₹50,00,000*",833,-,-,-,-,-,-,-,119514(1),-,-,-,-,-
KAR Govt Quota-Open,SCG,Karnataka,"Hassan IMS, Hassan",MICROBIOLOGY,"₹69,150*","₹56,250",3*,"₹50,00,000*",Info Not Available,-,-,-,-,-,-,-,119859(1),69707(1),-,-,-,-
KAR DNB Serv,GM,Karnataka,"General Hospital, Jayanagar",DGO(NBEMS),"₹1,25,000","₹45,000*",Info Not Available,Info not available,300,-,-,-,-,-,-,-,-,-,-,-,120111(1),-
KAR Govt Quota-Open,1H,Karnataka,"Kempegowda IMS, Bangalore",SPM,"₹2,07,777*","₹35,000*",1*,"₹50,00,000*",1100,-,-,-,-,-,-,-,-,120159(1),-,-,-,-
KAR Priv Seats-GMP,GMP,Karnataka,"SDM College, Dharwad",MICROBIOLOGY,"₹25,750*","₹45,000*",1*,"₹50,00,000*",670,-,-,-,-,-,-,-,-,120340(1),-,-,-,-
KAR Govt Quota-Open,GM,Karnataka,"KS Hegde, Mangalore",PHARMACOLOGY,"₹2,00,777*","₹45,000*",1*,"₹50,00,000*",1000,-,-,-,-,-,-,-,-,-,120340(1),-,-,-
KAR NRI Quota,NRI,Karnataka,"Sapthagiri IMS&RC, Bangalore",ORTHOPAEDICS,"₹60,41,500*","₹10,000*",1*,"₹50,00,000*",500,105924(5),97553(6),128275(5),-,-,-,-,106815(3),120474(3),-,-,-,-
KAR NRI Quota,NRI,Karnataka,"Srinivasa IMS, Srinivasanagar",ORTHOPAEDICS,"₹65,40,750*","₹29,000*",1*,"₹50,00,000*",660,-,-,-,-,-,-,-,120474(1),-,-,-,-,-
KAR Govt Quota-Open,STG,Karnataka,"Bangalore Med Coll, Bangalore",ANATOMY,"₹41,650*","₹56,250",3*,"₹50,00,000*",1993,-,-,-,-,-,-,-,120642(1),120642(1),-,-,-,-
KAR Govt Quota-Open,3BG,Karnataka,"ESI, Bangalore",PHYSIOLOGY,"₹2,50,000*","₹1,11,780*",2*,"₹10,00,000*",530,-,-,-,-,-,-,-,120945(1),120945(1),-,-,-,-
KAR Govt Quota-Open,3BG,Karnataka,"Bangalore Med Coll, Bangalore",MICROBIOLOGY,"₹69,150*","₹56,250",3*,"₹50,00,000*",1993,-,-,-,-,-,-,-,-,-,120997(1),-,-,-
KAR Govt Quota-Open,GM,Karnataka,"Shri Atal Bihari Vajpayee, BLR",ANATOMY,"₹41,650*","₹56,250",3*,"₹50,00,000*",956,-,-,-,-,-,-,-,121159(1),121159(1),-,-,-,-
KAR Govt Quota-Open,P3BG,Karnataka,"Bangalore Med Coll, Bangalore",GENERAL MEDICINE,"₹1,24,150*","₹56,250",3*,"₹50,00,000*",1993,-,-,-,-,-,-,-,86960(1),86960(1),121218(1),-,-,-
KAR Govt Quota-Open,PGM,Karnataka,"SDM College, Dharwad",GENERAL MEDICINE,"₹7,83,858*","₹45,000*",1*,"₹50,00,000*",670,-,-,-,-,-,-,-,121218(1),121218(1),-,-,-,-
KAR Govt Quota-Open,STH,Karnataka,"VIMS, Bellary",PATHOLOGY,"₹69,150*","₹56,250",3*,"₹50,00,000*",1295,-,-,-,-,-,-,-,-,121498(1),-,-,-,-
KAR Govt Quota-Open,STG,Karnataka,"Dharward IMHANS, Dharwad",PSYCHIATRY,"₹1,24,150*","₹56,250",3*,"₹50,00,000*",375,-,-,-,-,-,-,-,76772(1),87847(1),121498(1),-,-,-
KAR NRI Quota,NRI,Karnataka,"JJM Med Coll, Davangere",GENERAL MEDICINE,"₹80,15,750*","₹30,000*",1*,"₹50,00,000*",1930,89603(9),118629(9),138804(7),-,-,-,-,99736(5),98799(5),121516(2),-,-,-
KAR NRI Quota,NRI,Karnataka,"Sapthagiri IMS&RC, Bangalore",GENERAL MEDICINE,"₹90,41,500*","₹10,000*",1*,"₹50,00,000*",500,86483(4),67587(2),160498(9),156030(1),-,-,-,98175(2),121516(3),-,-,-,-
KAR NRI Quota,NRI,Karnataka,"Srinivasa IMS, Srinivasanagar",GENERAL MEDICINE,"₹75,40,750*","₹29,000*",1*,"₹50,00,000*",660,91007(2),-,171075(2),-,-,-,-,121516(2),92674(1),-,-,-,-
KAR Others (Inst.Q),MNG,Karnataka,"VIMS (Vydehi), Bangalore",GENERAL SURGERY,"₹50,15,750*","₹29,000*",1*,"₹50,00,000*",1600,-,-,97709(1),-,-,-,-,54222(2),55842(2),121790(6),-,-,-
KAR NRI Quota,NRI,Karnataka,"AJIMS, Mangalore",DERMATOLOGY,"₹1,25,15,750*","₹30,000",1*,"₹50,00,000*",910,90890(4),90890(1),144984(3),-,-,-,-,97146(2),121793(2),-,-,-,-
KAR Priv Seats-Min.,ME,Karnataka,"VIMS (Vydehi), Bangalore",HOSPITAL ADMINISTRATION,"₹13,88,744*","₹29,000*",1*,"₹50,00,000*",1600,-,-,166200(1),-,-,-,-,119898(2),119898(2),121824(2),-,-,-
KAR Govt Quota-Open,SCG,Karnataka,"Gadag IMS, Gadag",FORENSIC MEDICINE,"₹69,150*","₹56,250",3*,"₹50,00,000*",Info Not Available,-,-,-,-,-,-,-,90869(1),121905(1),-,-,-,-
KAR Priv Seats-Min.,MC,Karnataka,"Father Mullers, Mangalore",MICROBIOLOGY,"₹3,59,003*","₹35,000*",1*,"₹50,00,000*",1250,-,-,-,-,-,-,-,122335(2),122335(2),-,-,-,-
KAR Govt Quota-Open,STG,Karnataka,"East Point College,Bangalore",ENT,"₹7,83,858*","₹20,000",1*,"₹50,00,000*",-,-,-,-,-,-,-,-,122414(1),122414(1),-,-,-,-
KAR Govt Quota-Open,STG,Karnataka,"AIMS, Adichunchanagiri, Bellur",ORTHOPAEDICS,"₹7,83,858*","₹23,750",1*,"₹50,00,000*",1120,-,-,-,-,-,-,-,-,-,122414(1),-,-,-
KAR Priv Seats-GMP,GMPH,Karnataka,"JJM Med Coll, Davangere",PHARMACOLOGY,"₹3,59,003*","₹30,000*",1*,"₹50,00,000*",1930,-,-,-,-,-,-,-,-,122637(1),-,-,-,-
KAR Priv Seats-GMP,GMPH,Karnataka,"St John's, Bangalore",PHARMACOLOGY,"₹4,09,025*","₹45,000",1*,"₹5,00,000*",1720,-,-,-,-,-,-,-,122637(1),-,-,-,-,-
KAR Govt Quota-Open,P2AG,Karnataka,"ESI, Bangalore",PAEDIATRICS,"₹2,50,000*","₹1,11,780*",2*,"₹10,00,000*",530,-,-,-,-,-,-,-,109640(1),109640(1),122869(1),-,-,-
KAR Govt Quota-Open,GM,Karnataka,"BGS IMS, Bangalore",MICROBIOLOGY,"₹2,07,777*","₹25,000*",1*,"₹50,00,000*",766,-,-,-,-,-,-,-,123300(1),77291(1),-,-,-,-
KAR Priv Seats-GMP,GMP,Karnataka,"Dr Chandramma DS Inst, Hubli",SPM,"₹3,40,750*",Info not available,1*,"₹50,00,000*",-,-,-,-,-,-,-,-,-,123300(1),-,-,-,-
KAR NRI Quota,NRI,Karnataka,"JJM Med Coll, Davangere",OBG,"₹80,15,750*","₹30,000*",1*,"₹50,00,000*",1930,114516(7),114516(6),135289(6),-,-,-,-,100115(4),104947(4),123855(4),-,-,-
KAR NRI Quota,NRI,Karnataka,"Al-Ameen, Bijapur",OBG,"₹65,15,750*","₹9,000*",1*,"₹50,00,000*",1040,88247(3),101937(2),169702(2),-,-,-,-,123855(2),98060(2),-,-,-,-
KAR Govt Quota-InS,GM,Karnataka,"Mysore Med Coll, Mysore",ORTHOPAEDICS,"₹1,24,150*","₹56,250",3*,"₹50,00,000*",1050,-,-,65524(1),-,-,-,-,-,124293(1),-,-,-,-
KAR NRI Quota,NRI,Karnataka,"JJM Med Coll, Davangere",OPHTHALMOLOGY,"₹50,15,750*","₹30,000*",1*,"₹50,00,000*",1930,108920(4),99801(3),129584(3),-,-,-,-,96705(2),96705(2),124601(1),-,-,-
KAR NRI Quota,NRI,Karnataka,"Nijalingappa, Bagalkot",OPHTHALMOLOGY,"₹60,15,750*","₹10,000*",1*,"₹50,00,000*",1140,94904(1),-,136122(1),-,-,-,-,124601(1),107976(1),-,-,-,-
KAR NRI Quota,NRI,Karnataka,"DR BR Ambedkar, Bangalore",OPHTHALMOLOGY,"₹60,15,750*","₹10,000*",1*,"₹50,00,000*",570,-,-,-,-,-,-,-,-,124601(1),-,-,-,-
KAR Govt Quota-InS,GM,Karnataka,"JJM Med Coll, Davangere",GENERAL MEDICINE,"₹7,83,858*","₹30,000*",1*,"₹50,00,000*",1930,64186(1),102787(1),64248(1),-,-,-,-,-,124776(1),-,-,-,-
KAR Govt Quota-Open,GMH,Karnataka,"Bangalore Med Coll, Bangalore",BIOCHEMISTRY,"₹41,650*","₹56,250",3*,"₹50,00,000*",1993,-,-,-,-,-,-,-,-,125056(1),-,-,-,-
KAR Govt Quota-Open,STG,Karnataka,"KIMS, Hubli",ENT,"₹1,24,150*","₹56,250",3*,"₹50,00,000*",1200,65722(1),65722(1),65722(1),-,-,-,-,-,-,125182(1),-,-,-
KAR Priv Seats-Min.,MEH,Karnataka,"Navodaya Med Coll, Raichur",GENERAL SURGERY,"₹13,88,744*","₹10,000*",1*,"₹50,00,000*",1110,89596(4),70844(4),72220(4),-,-,-,-,71147(6),57524(6),125679(6),-,-,-
KAR Govt Quota-Open,GM,Karnataka,"AIMS, Adichunchanagiri, Bellur",MICROBIOLOGY,"₹2,07,777*","₹23,750",1*,"₹50,00,000*",1120,-,-,-,-,-,-,-,112539(1),125810(1),-,-,-,-
KAR NRI Quota,NRI,Karnataka,"JJM Med Coll, Davangere",PAEDIATRICS,"₹80,15,750*","₹30,000*",1*,"₹50,00,000*",1930,65707(5),93217(3),149531(4),-,-,-,-,105938(2),126108(3),72292(1),-,-,-
KAR Govt Quota-Open,SCG,Karnataka,"Basaveswara, Chitradurga",PATHOLOGY,"₹2,07,777*","₹5,000*",1*,"₹50,00,000*",500,-,-,-,-,-,-,-,85880(1),79396(1),126258(1),-,-,-
KAR DNB Serv,GM,Karnataka,"Dist Hosp, Navanagar Bagalkot",DGO(NBEMS),"₹1,25,000","₹45,000*",Info Not Available,Info not available,250,-,-,126627(1),-,-,-,-,-,-,-,-,127003(1),-
KAR Govt Quota-InS,GM,Karnataka,"Mandya IMS, Mandya",RADIO DIAGNOSIS,"₹1,24,150*","₹56,250",3*,"₹50,00,000*",Info Not Available,-,-,-,-,-,-,-,-,127076(1),-,-,-,-
KAR NRI Quota,NRI,Karnataka,"Kempegowda IMS, Bangalore",GENERAL MEDICINE,"₹95,15,750*","₹35,000*",1*,"₹50,00,000*",1100,57781(6),91584(6),155777(4),-,-,-,-,127184(2),127184(2),-,-,-,-
KAR Govt Quota-Open,SCH,Karnataka,"ESIC Med Coll,Gulbarga",BIOCHEMISTRY,"₹2,50,000*","₹1,11,780*",2*,"₹10,00,000*",480,-,-,-,-,-,-,-,-,127268(1),-,-,-,-
KAR NRI Quota,NRI,Karnataka,"Kempegowda IMS, Bangalore",PAEDIATRICS,"₹80,15,750*","₹35,000*",1*,"₹50,00,000*",1100,55534(3),109944(1),143077(2),-,-,-,-,127611(2),127611(1),-,-,-,-
KAR Govt Quota-Open,GMH,Karnataka,"Nijalingappa, Bagalkot",DCP,"₹2,07,777*","₹10,000*",1*,"₹50,00,000*",1140,-,-,-,-,-,-,-,125056(1),127660(1),-,-,-,-
KAR NRI Quota,NRI,Karnataka,"VIMS (Vydehi), Bangalore",OBG,"₹80,15,750*","₹29,000*",1*,"₹50,00,000*",1600,114014(2),114014(1),141636(4),-,-,-,-,127818(3),127818(3),127818(1),-,-,-
KAR Govt Quota-InS,GM,Karnataka,"Al-Ameen, Bijapur",PAEDIATRICS,"₹7,83,858*","₹9,000*",1*,"₹50,00,000*",1040,-,-,-,-,-,-,-,-,127851(1),-,-,-,-
KAR Govt Quota-Open,STG,Karnataka,"Al-Ameen, Bijapur",OBG,"₹7,83,858*","₹9,000*",1*,"₹50,00,000*",1040,-,-,178290(1),-,-,-,-,84811(1),84811(1),128038(1),-,-,-
KAR Govt Quota-Open,PGM,Karnataka,"VIMS (Vydehi), Bangalore",SPM,"₹2,07,777*","₹29,000*",1*,"₹50,00,000*",1600,-,-,-,-,-,-,-,-,128370(1),128370(1),-,-,-
KAR Govt Quota-Open,SCH,Karnataka,"Khaja Bandanawaz, Gulbarga",SPM,"₹2,22,777*","₹30,000*",1*,"₹50,00,000*",833,-,-,-,-,-,-,-,-,128478(1),-,-,-,-
KAR Govt Quota-Open,GMH,Karnataka,"KS Hegde, Mangalore",SPM,"₹2,00,777*","₹45,000*",1*,"₹50,00,000*",1000,-,-,-,-,-,-,-,128478(1),96105(1),-,-,-,-
KAR Govt Quota-Open,SCG,Karnataka,"Chamrajanagar IMS, Karnataka",BIOCHEMISTRY,"₹41,650*","₹56,250",3*,"₹50,00,000*",750,-,-,-,-,-,-,-,-,128549(1),-,-,-,-
KAR Govt Quota-Open,SCG,Karnataka,"Chamrajanagar IMS, Karnataka",BIOCHEMISTRY,"₹41,650*","₹56,250",3*,"₹50,00,000*",750,-,-,-,-,-,-,-,-,128549(1),-,-,-,-
KAR Govt Quota-Open,STG,Karnataka,"Basaveswara, Chitradurga",TBRD,"₹7,83,858*","₹5,000*",1*,"₹50,00,000*",500,-,-,-,-,-,-,-,92680(1),76772(1),128690(1),-,-,-
KAR Govt Quota-Open,STG,Karnataka,"Bangalore Med Coll, Bangalore",MICROBIOLOGY,"₹69,150*","₹56,250",3*,"₹50,00,000*",1993,-,-,-,-,-,-,-,128690(1),128690(1),-,-,-,-
KAR Govt Quota-Open,2BG,Karnataka,"East Point College,Bangalore",MICROBIOLOGY,"₹2,07,777*","₹20,000",1*,"₹50,00,000*",-,-,-,-,-,-,-,-,129121(1),87001(1),-,-,-,-
KAR Govt Quota-Open,GM,Karnataka,"East Point College,Bangalore",MICROBIOLOGY,"₹2,07,777*","₹20,000",1*,"₹50,00,000*",-,-,-,-,-,-,-,-,-,-,129121(1),-,-,-
KAR Govt Quota-Open,3AG,Karnataka,"Mandya IMS, Mandya",SPM,"₹69,150*","₹56,250",3*,"₹50,00,000*",Info Not Available,-,-,-,-,-,-,-,-,-,129447(1),-,-,-
KAR Others (Inst.Q),MNG,Karnataka,"Al-Ameen, Bijapur",PAEDIATRICS,"₹65,15,750*","₹9,000*",1*,"₹50,00,000*",1040,-,-,-,-,-,-,-,50846(1),70470(1),129878(2),-,-,-
KAR NRI Quota,NRI,Karnataka,"SDM College, Dharwad",ENT,"₹40,15,750*","₹45,000*",1*,"₹50,00,000*",670,91337(1),58386(1),58386(1),-,-,-,-,96642(1),96642(1),100164(1),-,131315(1),-
KAR DNB Serv,GM,Karnataka,"District Hospital, Vijayapura",DGO(NBEMS),"₹1,25,000","₹45,000*",Info Not Available,Info not available,426,-,-,-,-,-,-,-,-,-,-,-,137462(1),-
KAR DNB Serv,GM,Karnataka,"District Hospital, Dharwad",DCH(NBEMS),"₹1,25,000","₹45,000*",Info Not Available,Info not available,250,-,-,-,-,-,-,-,-,-,-,-,140634(1),-
KAR Priv Seats-GMP,GMP,Karnataka,"DR BR Ambedkar, Bangalore",PATHOLOGY,"₹3,59,003*","₹10,000*",1*,"₹50,00,000*",570,60821(1),55466(1),-,-,-,-,-,71881(1),58219(1),77291(1),-,-,143261(1)
KAR Govt Quota-Open,GM,Karnataka,"Shimoga IMS, Shimoga",PHYSIOLOGY,"₹41,650*","₹56,250",3*,"₹50,00,000*",950,-,-,-,-,-,-,-,-,-,-,-,143362(1),-
KAR Govt Quota-Open,GM,Karnataka,"MRMC, Gulbarga",MICROBIOLOGY,"₹2,07,777*","₹8,000*",1*,"₹50,00,000*",1038,-,-,-,-,-,-,-,-,-,-,-,143420(1),-
KAR DNB Serv,GM,Karnataka,"K C Gen Hospital, Bangalore",DNBGENERAL SURGERY,"₹1,25,000","₹45,000*",Info Not Available,Info not available,453,-,-,-,-,-,-,-,-,-,-,-,144203(1),-
KAR DNB Serv,GM,Karnataka,"District Hospital, Dharwad",DGO(NBEMS),"₹1,25,000","₹45,000*",Info Not Available,Info not available,250,-,-,-,-,-,-,-,-,-,-,-,145306(1),-
KAR Govt Quota-Open,GM,Karnataka,"Mysore Med Coll, Mysore",PHYSIOLOGY,"₹41,650*","₹56,250",3*,"₹50,00,000*",1050,-,-,-,-,-,-,-,-,-,-,-,-,145662(1)
KAR Govt Quota-Open,GM,Karnataka,"SDM College, Dharwad",DPH,"₹2,07,777*","₹45,000*",1*,"₹50,00,000*",670,-,-,-,-,-,-,-,-,-,-,-,146289(1),-
KAR DNB Serv,GM,Karnataka,"SriJayachamarjndraGenHos,Hassan",DCH(NBEMS),"₹1,25,000","₹45,000",Info Not Available,Info not available,-,-,-,-,-,-,-,-,-,-,-,-,-,147097(1)
KAR Govt Quota-Open,2AG,Karnataka,"Kanachur IMS, Mangalore",PATHOLOGY,"₹2,07,777*",Info not available,1*,"₹50,00,000*",785,-,-,-,-,-,-,-,-,-,117955(1),-,149511(1),-
KAR DNB Serv,GM,Karnataka,"Dist Hosp, Navanagar Bagalkot",DA(NBEMS),"₹1,25,000","₹45,000*",Info Not Available,Info not available,250,-,-,-,-,-,-,-,-,-,-,-,150729(1),-
KAR DNB Serv,GM,Karnataka,"District Hospital, Haveri",DGO(NBEMS),"₹1,25,000","₹45,000*",Info Not Available,Info not available,Info Not Available,-,-,-,-,-,-,-,-,-,-,-,151142(1),-
KAR Priv Seats-Open,OPN,Karnataka,"Shridevi IMS, Tumkur",SPM,"₹3,59,003*",Info not available*,1*,"₹50,00,000*",750,-,-,-,-,-,-,-,-,-,-,-,-,152496(1)
KAR DNB Serv,GM,Karnataka,"District Hospital, Tumakuru",DGO(NBEMS),"₹1,25,000","₹45,000",Info Not Available,Info not available,400,-,-,-,-,-,-,-,-,-,-,-,-,156009(1)
KAR DNB Serv,GM,Karnataka,"K C Gen Hospital, Bangalore",DCH(NBEMS),"₹1,25,000","₹45,000*",Info Not Available,Info not available,453,-,-,-,-,-,-,-,-,-,-,-,156812(1),-
KAR Govt Quota-Open,GM,Karnataka,"East Point College,Bangalore",PHARMACOLOGY,"₹2,07,777*","₹20,000",1*,"₹50,00,000*",-,-,-,-,-,-,-,-,-,-,-,-,157008(1),-
KAR DNB Serv,GM,Karnataka,"General Hospital, Jayanagar",DCH(NBEMS),"₹1,25,000","₹45,000*",Info Not Available,Info not available,300,-,-,-,-,-,-,-,-,-,-,-,157631(1),-
KAR DNB Serv,GM,Karnataka,"District Hospital, Tumakuru",DCH(NBEMS),"₹1,25,000","₹45,000*",Info Not Available,Info not available,400,-,-,-,-,-,-,-,-,-,-,-,159194(1),-
KAR DNB Serv,GM,Karnataka,"District Hospital, Tumakuru",DA(NBEMS),"₹1,25,000","₹45,000*",Info Not Available,Info not available,400,-,-,-,-,-,-,-,-,-,-,-,159280(1),-
KAR Govt Quota-Open,GM,Karnataka,Kodagu Inst of Med Sciences,SPM,"₹69,150*","₹56,250",3*,"₹50,00,000*",600,-,-,-,-,-,-,-,39150(1),34190(1),54639(1),-,163326(1),-
KAR Govt Quota-Open,SCG,Karnataka,"Gadag IMS, Gadag",PATHOLOGY,"₹69,150*","₹56,250",3*,"₹50,00,000*",Info Not Available,-,-,-,-,-,-,-,-,-,-,-,164835(1),-
KAR DNB Serv,GM,Karnataka,"District Hosp, Chikkaballapur",DCH(NBEMS),"₹1,25,000","₹45,000*",Info Not Available,Info not available,300,-,-,-,-,-,-,-,-,-,-,-,165562(1),-
KAR DNB Serv,GM,Karnataka,"Sub Divisional Hospital,Sagara",DCH(NBEMS),"₹1,25,000","₹45,000",Info Not Available,Info not available,Info Not Available,-,-,-,-,-,-,-,-,-,-,-,-,167630(1)
KAR DNB Serv,GM,Karnataka,"District Hospital, Tumakuru",DNBGENERAL SURGERY,"₹1,25,000","₹45,000*",Info Not Available,Info not available,400,-,-,-,-,-,-,-,-,-,-,-,171013(1),-
KAR DNB Serv,GM,Karnataka,"District Hospital, Ballari",DCH(NBEMS),"₹1,25,000","₹45,000*",Info Not Available,Info not available,210,-,-,-,-,-,-,-,-,-,-,-,178212(2),-
KAR Others (Inst.Q),MNG,Karnataka,"Kempegowda IMS, Bangalore",MICROBIOLOGY,"₹4,15,750*","₹35,000*",1*,"₹50,00,000*",1100,-,-,-,-,-,-,-,-,-,-,-,-,178423(1)
KAR DNB Serv,GM,Karnataka,"Sir CVRaman Gen Hos, Bangalore",DGO(NBEMS),"₹1,25,000","₹45,000*",Info Not Available,Info not available,Info Not Available,-,-,-,-,-,-,-,-,-,-,-,178582(1),-
KAR DNB Serv,GM,Karnataka,"General Hospital, Tiptur, Kar",DCH(NBEMS),"₹1,25,000","₹45,000*",Info Not Available,Info not available,-,-,-,-,-,-,-,-,-,-,-,-,178852(1),-
KAR Priv Seats-Open,OPN,Karnataka,"St John's, Bangalore",FORENSIC MEDICINE,"₹1,09,025*","₹45,000",1*,"₹5,00,000*",1720,91755(1),88778(1),91869(1),-,-,-,-,-,-,-,-,179728(1),-
KAR DNB Serv,GM,Karnataka,"District Hospital, Haveri",DCH(NBEMS),"₹1,25,000","₹45,000*",Info Not Available,Info not available,Info Not Available,-,-,-,-,-,-,-,-,-,-,-,183032(1),-
KAR Govt Quota-Open,GM,Karnataka,"East Point College,Bangalore",SPM,"₹2,07,777*","₹20,000",1*,"₹50,00,000*",-,-,-,196940(1),-,176293(1),-,-,-,-,-,-,183156(1),-
KAR Others (Inst.Q),MNG,Karnataka,"Kempegowda IMS, Bangalore",PHARMACOLOGY,"₹5,15,750*","₹35,000*",1*,"₹50,00,000*",1100,-,-,-,-,-,-,-,92842(1),103875(1),-,-,183730(1),118164(1)
KAR Govt Quota-Open,GM,Karnataka,"MS Ramaiah, Bangalore",FORENSIC MEDICINE,"₹2,32,777*","₹45,000",1*,"₹50,00,000*",1331,-,-,-,-,199017(1),-,-,-,-,-,-,-,184022(1)
KAR DNB Serv,GM,Karnataka,"District Hospital, Vijayapura",DCH(NBEMS),"₹1,25,000","₹45,000*",Info Not Available,Info not available,426,-,-,-,-,-,-,-,-,-,-,-,185488(1),-
KAR DNB Serv,GM,Karnataka,"AralaguppeMallegowda,Chikmaglr",DGO(NBEMS),"₹1,25,000","₹45,000*",Info Not Available,Info not available,Info Not Available,-,-,-,-,-,-,-,-,-,-,-,186853(1),-
KAR Priv Seats-Open,OPN,Karnataka,"Akash IMS,Devanhalli,Bangalore",SPM,"₹3,59,003*","₹20,000",1*,"₹50,00,000*",760,-,-,-,-,-,-,-,108060(1),67850(1),-,-,-,187820(1)
KAR Govt Quota-Open,GM,Karnataka,"Bangalore Med Coll, Bangalore",BIOCHEMISTRY,"₹41,650*","₹56,250",3*,"₹50,00,000*",1993,92908(1),92908(1),-,-,-,-,-,-,-,100658(2),-,-,190505(1)
KAR DNB Serv,GM,Karnataka,"Sir CVRaman Gen Hos, Bangalore",DA(NBEMS),"₹1,25,000","₹45,000*",Info Not Available,Info not available,Info Not Available,-,-,-,-,-,-,-,-,-,-,-,190697(1),-
KAR DNB Serv,GM,Karnataka,"General Hospital, Jayanagar",DA(NBEMS),"₹1,25,000","₹45,000",Info Not Available,Info not available,300,-,-,-,-,-,-,-,-,-,-,-,-,190979(1)
KAR DNB Serv,GM,Karnataka,"District Hospital, Ballari",DGO(NBEMS),"₹1,25,000","₹45,000*",Info Not Available,Info not available,210,-,-,141925(1),-,-,-,-,-,-,-,-,163324(1),192198(1)
KAR Govt Quota-Open,GM,Karnataka,"Bidar IMS, Bidar",FORENSIC MEDICINE,"₹69,150*","₹56,250",3*,"₹50,00,000*",500,-,-,-,-,-,-,-,64593(1),61849(1),-,-,-,193593(1)
KAR DNB Serv,GM,Karnataka,"District Hospital, Haveri",DA(NBEMS),"₹1,25,000","₹45,000",Info Not Available,Info not available,Info Not Available,-,-,-,-,-,-,-,-,-,-,-,-,194856(1)
KAR DNB Serv,GM,Karnataka,"District Hospital, Vijayapura",DA(NBEMS),"₹1,25,000","₹45,000",Info Not Available,Info not available,426,-,-,-,-,-,-,-,-,-,-,-,-,195737(1)
KAR Priv Seats-Open,OPN,Karnataka,"MRMC, Gulbarga",MICROBIOLOGY,"₹3,59,003*","₹8,000*",1*,"₹50,00,000*",1038,-,-,-,-,-,-,-,-,-,-,-,-,196627(1)
KAR Govt Quota-Open,GM,Karnataka,Karwar Inst of Med Sciences,FORENSIC MEDICINE,"₹69,150*","₹56,250",3*,"₹50,00,000*",650,-,115567(1),-,-,-,-,-,-,-,-,-,-,197663(1)
KAR Priv Seats-Open,OPN,Karnataka,"Father Mullers, Mangalore",MICROBIOLOGY,"₹3,59,003*","₹35,000*",1*,"₹50,00,000*",1250,-,-,-,-,-,-,-,82536(1),64280(1),122335(1),-,-,198057(1)
KAR Govt Quota-Open,GM,Karnataka,"Akash IMS,Devanhalli,Bangalore",SPM,"₹2,07,777*","₹20,000",1*,"₹50,00,000*",760,-,95688(1),-,-,-,-,-,-,-,123300(1),-,180637(1),198920(1)
KAR Priv Seats-Open,OPN,Karnataka,"VIMS (Vydehi), Bangalore",FORENSIC MEDICINE,₹0*,"₹29,000*",0*,₹0*,1600,-,-,-,-,157473(1),-,-,-,-,-,-,-,199114(1)
KAR Priv Seats-Open,OPN,Karnataka,"East Point College,Bangalore",SPM,"₹3,59,003*","₹20,000",1*,"₹50,00,000*",-,-,-,-,-,-,-,-,100027(1),85175(1),-,-,-,199213(1)
KAR DNB Serv,GM,Karnataka,"SNR District Hospital, Kolar",DA(NBEMS),"₹1,25,000","₹45,000",Info Not Available,Info not available,550,-,-,-,-,-,-,-,-,-,-,-,-,199812(1)
KAR Govt Quota-Open,GM,Karnataka,"Khaja Bandanawaz, Gulbarga",SPM,"₹2,22,777*","₹30,000*",1*,"₹50,00,000*",833,-,-,192950(1),-,-,-,-,-,-,-,-,-,199928(1)
KAR Govt Quota-Open,GM,Karnataka,"Shridevi IMS, Tumkur",PHARMACOLOGY,"₹2,07,777*",Info not available*,1*,"₹50,00,000*",750,-,-,-,-,-,-,-,105978(1),104958(1),-,-,-,200230(1)
KAR Priv Seats-Open,OPN,Karnataka,"St John's, Bangalore",BIOCHEMISTRY,"₹2,09,025*","₹45,000",1*,"₹5,00,000*",1720,-,-,-,-,-,-,186634(1),75629(1),74430(1),-,-,139141(1),201067(1)
KAR Govt Quota-Open,GM,Karnataka,"Kempegowda IMS, Bangalore",FORENSIC MEDICINE,"₹2,07,777*","₹35,000*",1*,"₹50,00,000*",1100,-,-,-,-,-,-,-,-,-,-,-,-,201353(1)
KAR Priv Seats-Open,OPN,Karnataka,"Father Mullers, Mangalore",PHARMACOLOGY,"₹3,59,003*","₹35,000*",1*,"₹50,00,000*",1250,-,51807(1),-,-,-,-,-,70917(1),70917(1),-,-,-,201830(1)
KAR Priv Seats-Open,OPN,Karnataka,"East Point College,Bangalore",PHARMACOLOGY,"₹3,59,003*","₹20,000",1*,"₹50,00,000*",-,-,-,-,-,-,-,-,-,-,-,-,-,203191(1)
KAR Priv Seats-Open,OPN,Karnataka,"St John's, Bangalore",ANATOMY,"₹1,09,025*","₹45,000",1*,"₹5,00,000*",1720,-,-,-,-,-,-,-,-,-,-,-,-,203264(1)
KAR Priv Seats-Open,OPN,Karnataka,"SMC, Shimoga",SPM,"₹3,59,003*",Info not available,1*,"₹50,00,000*",1250,-,-,-,-,-,-,-,-,-,-,-,-,205545(1)
KAR Govt Quota-Open,GMH,Karnataka,"Bangalore Med Coll, Bangalore",RADIO DIAGNOSIS,"₹1,24,150*","₹56,250",3*,"₹50,00,000*",1993,207(1),728(1),728(1),-,-,-,-,-,-,-,-,-,-
KAR Govt Quota-Open,GM,Karnataka,"ESI, Bangalore",RADIO DIAGNOSIS,"₹2,50,000*","₹1,11,780*",2*,"₹10,00,000*",530,728(1),740(1),740(1),-,-,-,-,-,-,-,-,-,-
KAR Govt Quota-Open,2AG,Karnataka,"Bangalore Med Coll, Bangalore",RADIO DIAGNOSIS,"₹1,24,150*","₹56,250",3*,"₹50,00,000*",1993,504(1),636(1),1548(1),-,-,-,-,-,-,-,-,-,-
KAR Govt Quota-Open,3BG,Karnataka,"Hassan IMS, Hassan",RADIO DIAGNOSIS,"₹1,24,150*","₹56,250",3*,"₹50,00,000*",Info Not Available,1130(1),1130(1),1739(1),-,-,-,-,-,-,-,-,-,-
KAR Govt Quota-Open,2AG,Karnataka,"Shimoga IMS, Shimoga",RADIO DIAGNOSIS,"₹1,24,150*","₹56,250",3*,"₹50,00,000*",950,1548(1),1484(1),2136(1),-,-,-,-,-,-,-,-,-,-
KAR Govt Quota-Open,GM,Karnataka,"Gulbarga IMS, Gulbarga",RADIO DIAGNOSIS,"₹1,24,150*","₹56,250",3*,"₹50,00,000*",873,1291(1),1068(1),2160(1),-,-,-,-,-,-,-,-,-,-
KAR Priv Seats-Open,OPN,Karnataka,"Father Mullers, Mangalore",RADIO DIAGNOSIS,"₹13,88,744*","₹35,000*",1*,"₹50,00,000*",1250,2239(1),2239(1),2239(1),-,-,-,-,-,-,-,-,-,-
KAR Govt Quota-Open,2BG,Karnataka,"Bangalore Med Coll, Bangalore",GENERAL MEDICINE,"₹1,24,150*","₹56,250",3*,"₹50,00,000*",1993,2490(1),2490(1),2490(1),-,-,-,-,-,-,-,-,-,-
KAR Govt Quota-Open,GM,Karnataka,"ESI, Bangalore",PAEDIATRICS,"₹2,50,000*","₹1,11,780*",2*,"₹10,00,000*",530,2509(1),2509(1),2509(1),-,-,-,-,-,-,-,-,-,-
KAR Govt Quota-Open,GM,Karnataka,"VIMS (Vydehi), Bangalore",RADIO DIAGNOSIS,"₹7,83,858*","₹29,000*",1*,"₹50,00,000*",1600,1262(1),1262(1),2563(1),-,-,-,-,-,-,-,-,-,-
KAR Govt Quota-Open,GMH,Karnataka,"Father Mullers, Mangalore",GENERAL MEDICINE,"₹7,83,858*","₹35,000*",1*,"₹50,00,000*",1250,2674(1),2674(1),2674(1),-,-,-,-,-,-,-,-,-,-
KAR Govt Quota-Open,GM,Karnataka,"AJIMS, Mangalore",RADIO DIAGNOSIS,"₹7,83,858*","₹30,000",1*,"₹50,00,000*",910,1516(1),1516(1),2676(1),-,-,-,-,-,-,-,-,-,-
KAR Govt Quota-Open,3BG,Karnataka,"Mysore Med Coll, Mysore",GENERAL MEDICINE,"₹1,24,150*","₹56,250",3*,"₹50,00,000*",1050,757(1),1291(1),2816(1),-,-,-,-,-,-,-,-,-,-
KAR Govt Quota-Open,1G,Karnataka,"IGICH, Bangalore",PAEDIATRICS,"₹1,24,150*","₹56,250",3*,"₹50,00,000*",500,2898(1),2296(1),2898(1),-,-,-,-,-,-,-,-,-,-
KAR Govt Quota-Open,1G,Karnataka,"Belagavi IMS, Belagavi",RADIO DIAGNOSIS,"₹1,24,150*","₹56,250",3*,"₹50,00,000*",1000,1388(1),1388(1),2927(1),-,-,-,-,-,-,-,-,-,-
KAR Govt Quota-Open,2BG,Karnataka,"KIMS, Hubli",GENERAL MEDICINE,"₹1,24,150*","₹56,250",3*,"₹50,00,000*",1200,2965(1),2965(1),2965(1),-,-,-,-,-,-,-,-,-,-
KAR Govt Quota-Open,2BH,Karnataka,"Mysore Med Coll, Mysore",GENERAL MEDICINE,"₹1,24,150*","₹56,250",3*,"₹50,00,000*",1050,3030(1),3030(1),3030(1),-,-,-,-,-,-,-,-,-,-
KAR Govt Quota-Open,3AG,Karnataka,"Mandya IMS, Mandya",GENERAL MEDICINE,"₹1,24,150*","₹56,250",3*,"₹50,00,000*",Info Not Available,1833(1),1833(1),3271(1),-,-,-,-,-,-,-,-,-,-
KAR Govt Quota-Open,3AG,Karnataka,"JJM Med Coll, Davangere",RADIO DIAGNOSIS,"₹7,83,858*","₹30,000*",1*,"₹50,00,000*",1930,2340(1),2340(1),3448(1),-,-,-,-,-,-,-,-,-,-
KAR Govt Quota-Open,2AG,Karnataka,"Kidwai Memorial, Bangalore",RADIO DIAGNOSIS,"₹1,24,150*","₹56,250",3*,"₹50,00,000*",680,1593(1),1548(1),3494(1),-,-,-,-,-,-,-,-,-,-
KAR Govt Quota-Open,GM,Karnataka,"Gulbarga IMS, Gulbarga",GENERAL MEDICINE,"₹1,24,150*","₹56,250",3*,"₹50,00,000*",873,1520(1),1520(1),3547(1),-,-,-,-,-,-,-,-,-,-
KAR Govt Quota-Open,3AG,Karnataka,"Mysore Med Coll, Mysore",PAEDIATRICS,"₹1,24,150*","₹56,250",3*,"₹50,00,000*",1050,3103(1),3271(1),3551(1),-,-,-,-,-,-,-,-,-,-
KAR Govt Quota-Open,GM,Karnataka,"BGS IMS, Bangalore",RADIO DIAGNOSIS,"₹7,83,858*","₹25,000*",1*,"₹50,00,000*",766,3395(1),2170(1),3760(1),-,-,-,-,-,-,-,-,-,-
KAR Priv Seats-Open,OPN,Karnataka,"Khaja Bandanawaz, Gulbarga",ANATOMY,"₹8,38,732*","₹30,000*",1*,"₹50,00,000*",833,3761(1),3761(1),-,-,-,-,-,-,-,-,-,-,-
KAR Govt Quota-Open,3BG,Karnataka,"Kempegowda IMS, Bangalore",RADIO DIAGNOSIS,"₹7,83,858*","₹35,000*",1*,"₹50,00,000*",1100,3863(1),3863(1),3863(1),-,-,-,-,-,-,-,-,-,-
KAR Govt Quota-Open,3BG,Karnataka,"Gadag IMS, Gadag",GENERAL MEDICINE,"₹1,24,150*","₹56,250",3*,"₹50,00,000*",Info Not Available,2099(1),2423(1),4196(1),-,-,-,-,-,-,-,-,-,-
KAR Govt Quota-Open,GM,Karnataka,"Raichur IMS, Raichur",GENERAL MEDICINE,"₹1,24,150*","₹56,250",3*,"₹50,00,000*",500,1552(1),1552(1),4295(2),-,-,-,-,-,-,-,-,-,-
KAR Govt Quota-Open,3AH,Karnataka,"VIMS, Bellary",GENERAL MEDICINE,"₹1,24,150*","₹56,250",3*,"₹50,00,000*",1295,4319(1),4319(1),4319(1),-,-,-,-,-,-,-,-,-,-
KAR Govt Quota-Open,3BG,Karnataka,"Mandya IMS, Mandya",DERMATOLOGY,"₹1,24,150*","₹56,250",3*,"₹50,00,000*",Info Not Available,1606(1),2645(1),4370(1),-,-,-,-,-,-,-,-,-,-
KAR Govt Quota-Open,1G,Karnataka,"Hassan IMS, Hassan",DERMATOLOGY,"₹1,24,150*","₹56,250",3*,"₹50,00,000*",Info Not Available,2927(1),2927(1),4772(1),-,-,-,-,-,-,-,-,-,-
KAR Priv Seats-GMP,GMP,Karnataka,"St John's, Bangalore",PAEDIATRICS,"₹12,40,025*","₹45,000",1*,"₹5,00,000*",1720,4783(1),4783(1),4783(1),-,-,-,-,-,-,-,-,-,-
KAR Govt Quota-Open,1H,Karnataka,"Bangalore Med Coll, Bangalore",OBG,"₹1,24,150*","₹56,250",3*,"₹50,00,000*",1993,5030(1),5030(1),5030(1),-,-,-,-,-,-,-,-,-,-
KAR Govt Quota-Open,2AG,Karnataka,"ESI, Bangalore",GENERAL MEDICINE,"₹2,50,000*","₹1,11,780*",2*,"₹10,00,000*",530,1771(1),1944(1),5187(1),-,-,-,-,-,-,-,-,-,-
KAR Govt Quota-Open,1H,Karnataka,"VIMS, Bellary",DERMATOLOGY,"₹1,24,150*","₹56,250",3*,"₹50,00,000*",1295,5200(1),4004(1),5200(1),-,-,-,-,-,-,-,-,-,-
KAR Govt Quota-Open,2BG,Karnataka,"Mandya IMS, Mandya",RADIO DIAGNOSIS,"₹1,24,150*","₹56,250",3*,"₹50,00,000*",Info Not Available,865(1),865(1),5408(1),-,-,-,-,-,-,-,-,-,-
KAR Govt Quota-Open,GM,Karnataka,"VIMS, Bellary",OBG,"₹1,24,150*","₹56,250",3*,"₹50,00,000*",1295,2707(1),2771(1),5500(1),-,-,-,-,-,-,-,-,-,-
KAR Priv Seats-Open,OPN,Karnataka,"Father Mullers, Mangalore",DERMATOLOGY,"₹13,88,744*","₹35,000*",1*,"₹50,00,000*",1250,4410(1),3108(1),5594(1),-,-,-,-,-,-,-,-,-,-
KAR Govt Quota-Open,3AG,Karnataka,"Belagavi IMS, Belagavi",GENERAL MEDICINE,"₹1,24,150*","₹56,250",3*,"₹50,00,000*",1000,1934(1),1934(1),5604(1),-,-,-,-,-,-,-,-,-,-
KAR Govt Quota-Open,1G,Karnataka,"KIMS, Hubli",GENERAL MEDICINE,"₹1,24,150*","₹56,250",3*,"₹50,00,000*",1200,1686(1),1686(1),5761(1),-,-,-,-,-,-,-,-,-,-
KAR Govt Quota-Open,2AG,Karnataka,Karwar Inst of Med Sciences,GENERAL MEDICINE,"₹1,24,150*","₹56,250",3*,"₹50,00,000*",650,4017(1),2983(1),5763(1),-,-,-,-,-,-,-,-,-,-
KAR Govt Quota-Open,GM,Karnataka,"KVG Med Coll, Sullia",RADIO DIAGNOSIS,"₹7,83,858*","₹7,500",1*,"₹50,00,000*",682,3715(1),3715(1),5839(1),-,-,-,-,-,-,-,-,-,-
KAR Govt Quota-Open,GMH,Karnataka,"Koppal Inst of MS, Koppal",GENERAL MEDICINE,"₹1,24,150*","₹56,250",3*,"₹50,00,000*",Info Not Available,2749(1),2749(1),6047(1),-,-,-,-,-,-,-,-,-,-
KAR Priv Seats-GMP,GMP,Karnataka,"DR BR Ambedkar, Bangalore",RADIO DIAGNOSIS,"₹13,88,744*","₹10,000*",1*,"₹50,00,000*",570,4794(1),4217(1),6101(1),-,-,-,-,-,-,-,-,-,-
KAR Govt Quota-Open,2AG,Karnataka,"Belagavi IMS, Belagavi",DERMATOLOGY,"₹1,24,150*","₹56,250",3*,"₹50,00,000*",1000,2085(1),2148(1),6574(1),-,-,-,-,-,-,-,-,-,-
KAR Govt Quota-Open,2AH,Karnataka,"VIMS, Bellary",GENERAL MEDICINE,"₹1,24,150*","₹56,250",3*,"₹50,00,000*",1295,2892(1),2892(1),6599(1),-,-,-,-,-,-,-,-,-,-
KAR Priv Seats-Open,OPN,Karnataka,"East Point College,Bangalore",RADIO DIAGNOSIS,"₹13,88,744*","₹20,000",1*,"₹50,00,000*",-,4316(1),6134(1),6841(1),-,-,-,-,-,-,-,-,-,-
KAR Govt Quota-Open,3AG,Karnataka,"KIMS, Hubli",OBG,"₹1,24,150*","₹56,250",3*,"₹50,00,000*",1200,3158(1),2812(1),6940(1),-,-,-,-,-,-,-,-,-,-
KAR Govt Quota-Open,3BG,Karnataka,"Mandya IMS, Mandya",PAEDIATRICS,"₹1,24,150*","₹56,250",3*,"₹50,00,000*",Info Not Available,3127(1),3039(1),7037(1),-,-,-,-,-,-,-,-,-,-
KAR Govt Quota-Open,GM,Karnataka,"KVG Med Coll, Sullia",DERMATOLOGY,"₹7,83,858*","₹7,500",1*,"₹50,00,000*",682,4935(1),4020(1),7055(1),-,-,-,-,-,-,-,-,-,-
KAR Govt Quota-Open,GM,Karnataka,"MS Ramaiah, Bangalore",TBRD,"₹8,08,858*","₹45,000",1*,"₹50,00,000*",1331,6477(1),7242(1),7242(1),-,-,-,-,-,-,-,-,-,-
KAR Priv Seats-GMP,GMP,Karnataka,"VIMS (Vydehi), Bangalore",DERMATOLOGY,"₹13,88,744*","₹29,000*",1*,"₹50,00,000*",1600,7333(1),6574(1),7333(1),-,-,-,-,-,-,-,-,-,-
KAR Priv Seats-Open,OPN,Karnataka,"Nijalingappa, Bagalkot",DERMATOLOGY,"₹13,88,744*","₹10,000*",1*,"₹50,00,000*",1140,5594(1),5377(1),7427(1),-,-,-,-,-,-,-,-,-,-
KAR Govt Quota-Open,SCH,Karnataka,"VIMS, Bellary",GENERAL MEDICINE,"₹1,24,150*","₹56,250",3*,"₹50,00,000*",1295,7602(1),7602(1),7602(1),-,-,-,-,-,-,-,-,-,-
KAR Govt Quota-Open,2AG,Karnataka,"KIMS, Hubli",PAEDIATRICS,"₹1,24,150*","₹56,250",3*,"₹50,00,000*",1200,3675(1),4017(1),7665(1),-,-,-,-,-,-,-,-,-,-
KAR Govt Quota-Open,GM,Karnataka,"ESIC Med Coll,Gulbarga",PAEDIATRICS,"₹2,50,000*","₹1,11,780*",2*,"₹10,00,000*",480,-,-,7796(1),-,-,-,-,-,-,-,-,-,-
KAR Priv Seats-Open,OPN,Karnataka,"Kanachur IMS, Mangalore",RADIO DIAGNOSIS,"₹13,88,744*",Info not available,1*,"₹50,00,000*",785,7137(1),6841(1),7834(1),-,-,-,-,-,-,-,-,-,-
KAR Govt Quota-Open,2BG,Karnataka,"JJM Med Coll, Davangere",GENERAL MEDICINE,"₹7,83,858*","₹30,000*",1*,"₹50,00,000*",1930,7848(1),7848(1),7848(1),-,-,-,-,-,-,-,-,-,-
KAR Priv Seats-Open,OPN,Karnataka,"DR BR Ambedkar, Bangalore",DERMATOLOGY,"₹13,88,744*","₹10,000*",1*,"₹50,00,000*",570,5506(1),5506(1),7949(1),-,-,-,-,-,-,-,-,-,-
KAR Govt Quota-Open,2AG,Karnataka,"Hassan IMS, Hassan",PAEDIATRICS,"₹1,24,150*","₹56,250",3*,"₹50,00,000*",Info Not Available,4604(1),4984(1),7964(1),-,-,-,-,-,-,-,-,-,-
KAR Govt Quota-Open,GMH,Karnataka,"Navodaya Med Coll, Raichur",RADIO DIAGNOSIS,"₹7,83,858*","₹10,000*",1*,"₹50,00,000*",1110,8074(1),6713(1),6713(1),-,-,-,-,-,-,-,-,-,-
KAR Govt Quota-Open,2AG,Karnataka,"Belagavi IMS, Belagavi",PAEDIATRICS,"₹1,24,150*","₹56,250",3*,"₹50,00,000*",1000,4984(1),4604(1),8344(1),-,-,-,-,-,-,-,-,-,-
KAR Govt Quota-Open,GM,Karnataka,"Father Mullers, Mangalore",PAEDIATRICS,"₹7,83,858*","₹35,000*",1*,"₹50,00,000*",1250,4975(1),4295(1),8460(1),-,-,-,-,-,-,-,-,-,-
KAR Govt Quota-Open,GMH,Karnataka,"MS Ramaiah, Bangalore",DERMATOLOGY,"₹8,08,858*","₹45,000",1*,"₹50,00,000*",1331,3611(1),3611(1),8497(1),-,-,-,-,-,-,-,-,-,-
KAR Govt Quota-Open,2AG,Karnataka,"SDM College, Dharwad",GENERAL MEDICINE,"₹7,83,858*","₹45,000*",1*,"₹50,00,000*",670,4763(1),3237(1),8548(1),-,-,-,-,-,-,-,-,-,-
KAR Govt Quota-Open,3BG,Karnataka,"KIMS, Hubli",OBG,"₹1,24,150*","₹56,250",3*,"₹50,00,000*",1200,3220(1),3388(1),8612(1),-,-,-,-,-,-,-,-,-,-
KAR Priv Seats-GMP,GMP,Karnataka,"St John's, Bangalore",ORTHOPAEDICS,"₹12,80,025*","₹45,000",1*,"₹5,00,000*",1720,8622(1),8622(1),8622(1),-,-,-,-,-,-,-,-,-,-
KAR Govt Quota-Open,2BG,Karnataka,"KIMS, Hubli",PAEDIATRICS,"₹1,24,150*","₹56,250",3*,"₹50,00,000*",1200,5531(1),5531(1),8683(1),-,-,-,-,-,-,-,-,-,-
KAR Priv Seats-GMP,GMPH,Karnataka,"St John's, Bangalore",DERMATOLOGY,"₹12,80,025*","₹45,000",1*,"₹5,00,000*",1720,8695(1),8695(1),8695(1),-,-,-,-,-,-,-,-,-,-
KAR Govt Quota-Open,2AG,Karnataka,"BGS IMS, Bangalore",GENERAL MEDICINE,"₹7,83,858*","₹25,000*",1*,"₹50,00,000*",766,5657(1),6609(1),8704(1),-,-,-,-,-,-,-,-,-,-
KAR Govt Quota-Open,SCG,Karnataka,"Bangalore Med Coll, Bangalore",DERMATOLOGY,"₹1,24,150*","₹56,250",3*,"₹50,00,000*",1993,7141(1),7141(1),8834(1),-,-,-,-,-,-,-,-,-,-
KAR Govt Quota-Open,2BG,Karnataka,"Sapthagiri IMS&RC, Bangalore",RADIO DIAGNOSIS,"₹8,09,608*","₹10,000*",1*,"₹50,00,000*",500,9021(1),9021(1),9021(1),-,-,-,-,-,-,-,-,-,-
KAR Govt Quota-Open,1G,Karnataka,"DR BR Ambedkar, Bangalore",GENERAL MEDICINE,"₹7,83,858*","₹10,000*",1*,"₹50,00,000*",570,5761(1),5761(1),9067(1),-,-,-,-,-,-,-,-,-,-
KAR Govt Quota-Open,PGM,Karnataka,"Bangalore Med Coll, Bangalore",RADIO DIAGNOSIS,"₹1,24,150*","₹56,250",3*,"₹50,00,000*",1993,9170(1),9170(1),9170(1),-,-,-,-,-,-,-,-,-,-
KAR Govt Quota-Open,GM,Karnataka,"Gadag IMS, Gadag",OBG,"₹1,24,150*","₹56,250",3*,"₹50,00,000*",Info Not Available,3760(1),3771(1),9178(1),-,-,-,-,-,-,-,-,-,-
KAR Govt Quota-Open,GMH,Karnataka,"ESIC Med Coll,Gulbarga",PAEDIATRICS,"₹2,50,000*","₹1,11,780*",2*,"₹10,00,000*",480,4309(1),4309(1),9255(1),-,-,-,-,-,-,-,-,-,-
KAR Priv Seats-Open,OPN,Karnataka,"Basaveswara, Chitradurga",DERMATOLOGY,"₹13,88,744*","₹5,000*",1*,"₹50,00,000*",500,7264(1),7125(1),9308(1),-,-,-,-,-,-,-,-,-,-
KAR Govt Quota-Open,3AG,Karnataka,"MS Ramaiah, Bangalore",PAEDIATRICS,"₹8,08,858*","₹45,000",1*,"₹50,00,000*",1331,5503(1),4087(1),9330(1),-,-,-,-,-,-,-,-,-,-
KAR Priv Seats-GMP,GMP,Karnataka,"Navodaya Med Coll, Raichur",RADIO DIAGNOSIS,"₹13,88,744*","₹10,000*",1*,"₹50,00,000*",1110,7865(1),6101(1),9456(1),-,-,-,-,-,-,-,-,-,-
KAR Govt Quota-Open,3BG,Karnataka,"Kempegowda IMS, Bangalore",GENERAL MEDICINE,"₹7,83,858*","₹35,000*",1*,"₹50,00,000*",1100,2816(1),3965(1),9513(1),-,-,-,-,-,-,-,-,-,-
KAR Govt Quota-Open,GM,Karnataka,"JJM Med Coll, Davangere",TBRD,"₹7,83,858*","₹30,000*",1*,"₹50,00,000*",1930,9672(1),8983(1),8985(1),-,-,-,-,-,-,-,-,-,-
KAR Govt Quota-Open,GM,Karnataka,"BGS IMS, Bangalore",PAEDIATRICS,"₹7,83,858*","₹25,000*",1*,"₹50,00,000*",766,6762(1),6762(1),9683(1),-,-,-,-,-,-,-,-,-,-
KAR Govt Quota-Open,GM,Karnataka,"SSIMS & RC, Davangere",PAEDIATRICS,"₹7,83,858*","₹30,000",1*,"₹50,00,000*",1190,5432(1),5432(1),9698(1),-,-,-,-,-,-,-,-,-,-
KAR Govt Quota-Open,3AG,Karnataka,"Sapthagiri IMS&RC, Bangalore",DERMATOLOGY,"₹8,09,608*","₹10,000*",1*,"₹50,00,000*",500,9698(1),9386(1),9386(1),-,-,-,-,-,-,-,-,-,-
KAR Govt Quota-Open,GMH,Karnataka,Karwar Inst of Med Sciences,PAEDIATRICS,"₹1,24,150*","₹56,250",3*,"₹50,00,000*",650,4915(1),4450(1),9733(1),-,-,-,-,-,-,-,-,-,-
KAR Govt Quota-Open,GM,Karnataka,Karwar Inst of Med Sciences,OBG,"₹1,24,150*","₹56,250",3*,"₹50,00,000*",650,5069(1),5069(1),9813(1),-,-,-,-,-,-,-,-,-,-
KAR Priv Seats-GMP,GMPH,Karnataka,"SSIMS & RC, Davangere",RADIO DIAGNOSIS,"₹13,88,744*","₹30,000",1*,"₹50,00,000*",1190,9733(1),10170(1),10170(1),-,-,-,-,-,-,-,-,-,-
KAR Govt Quota-Open,3BG,Karnataka,"Raichur IMS, Raichur",PAEDIATRICS,"₹1,24,150*","₹56,250",3*,"₹50,00,000*",500,3965(1),4370(1),10173(1),-,-,-,-,-,-,-,-,-,-
KAR Govt Quota-Open,GM,Karnataka,Kodagu Inst of Med Sciences,OBG,"₹1,24,150*","₹56,250",3*,"₹50,00,000*",600,4733(1),4733(1),10182(1),-,-,-,-,-,-,-,-,-,-
KAR Govt Quota-Open,SCG,Karnataka,"Hassan IMS, Hassan",RADIO DIAGNOSIS,"₹1,24,150*","₹56,250",3*,"₹50,00,000*",Info Not Available,2404(1),2404(1),10282(1),-,-,-,-,-,-,-,-,-,-
KAR Govt Quota-Open,2AG,Karnataka,"VIMS, Bellary",OPHTHALMOLOGY,"₹1,24,150*","₹56,250",3*,"₹50,00,000*",1295,10341(1),10341(1),10341(1),-,-,-,-,-,-,-,-,-,-
KAR Govt Quota-Open,3AG,Karnataka,"ESIC Med Coll,Gulbarga",OBG,"₹2,50,000*","₹1,11,780*",2*,"₹10,00,000*",480,6940(1),6940(1),10348(1),-,-,-,-,-,-,-,-,-,-
KAR Priv Seats-GMP,GMPH,Karnataka,"Kempegowda IMS, Bangalore",GENERAL MEDICINE,"₹13,88,744*","₹35,000*",1*,"₹50,00,000*",1100,9014(1),9014(1),10389(1),-,-,-,-,-,-,-,-,-,-
KAR Govt Quota-Open,GMH,Karnataka,"ESIC Med Coll,Gulbarga",OPHTHALMOLOGY,"₹2,50,000*","₹1,11,780*",2*,"₹10,00,000*",480,10417(1),10417(1),10417(1),-,-,-,-,-,-,-,-,-,-
KAR Govt Quota-Open,3BH,Karnataka,"Koppal Inst of MS, Koppal",PAEDIATRICS,"₹1,24,150*","₹56,250",3*,"₹50,00,000*",Info Not Available,4909(1),4909(1),10503(1),-,-,-,-,-,-,-,-,-,-
KAR Govt Quota-Open,2AG,Karnataka,"ESI, Bangalore",OBG,"₹2,50,000*","₹1,11,780*",2*,"₹10,00,000*",530,6406(1),6269(1),10519(1),-,-,-,-,-,-,-,-,-,-
KAR Govt Quota-Open,1G,Karnataka,"JJM Med Coll, Davangere",PAEDIATRICS,"₹7,83,858*","₹30,000*",1*,"₹50,00,000*",1930,10269(1),10269(1),10629(1),-,-,-,-,-,-,-,-,-,-
KAR Govt Quota-Open,GMH,Karnataka,"Bangalore Med Coll, Bangalore",GENERAL SURGERY,"₹1,24,150*","₹56,250",3*,"₹50,00,000*",1993,4106(1),4501(1),10898(1),-,-,-,-,-,-,-,-,-,-
KAR Govt Quota-Open,SCG,Karnataka,"Father Mullers, Mangalore",RADIO DIAGNOSIS,"₹7,83,858*","₹35,000*",1*,"₹50,00,000*",1250,11088(1),10919(1),10919(1),-,-,-,-,-,-,-,-,-,-
KAR Govt Quota-Open,2AH,Karnataka,"Belagavi IMS, Belagavi",GENERAL MEDICINE,"₹1,24,150*","₹56,250",3*,"₹50,00,000*",1000,3494(1),3494(1),11144(1),-,-,-,-,-,-,-,-,-,-
KAR Govt Quota-Open,3BH,Karnataka,"VIMS, Bellary",GENERAL SURGERY,"₹1,24,150*","₹56,250",3*,"₹50,00,000*",1295,7320(1),4727(1),11166(1),-,-,-,-,-,-,-,-,-,-
KAR Govt Quota-Open,1G,Karnataka,"SDM College, Dharwad",RADIO DIAGNOSIS,"₹7,83,858*","₹45,000*",1*,"₹50,00,000*",670,2730(1),2730(1),11169(1),-,-,-,-,-,-,-,-,-,-
KAR Govt Quota-Open,2AH,Karnataka,"ESIC Med Coll,Gulbarga",GENERAL MEDICINE,"₹2,50,000*","₹1,11,780*",2*,"₹10,00,000*",480,6320(1),3805(1),11524(1),-,-,-,-,-,-,-,-,-,-
KAR Govt Quota-Open,SCG,Karnataka,"Mandya IMS, Mandya",GENERAL MEDICINE,"₹1,24,150*","₹56,250",3*,"₹50,00,000*",Info Not Available,8686(1),8686(1),11541(1),-,-,-,-,-,-,-,-,-,-
KAR Govt Quota-Open,GMH,Karnataka,"MRMC, Gulbarga",PAEDIATRICS,"₹7,83,858*","₹8,000*",1*,"₹50,00,000*",1038,9255(1),8074(1),11543(1),-,-,-,-,-,-,-,-,-,-
KAR Govt Quota-Open,GM,Karnataka,"ESI, Bangalore",ORTHOPAEDICS,"₹2,50,000*","₹1,11,780*",2*,"₹10,00,000*",530,4636(1),4636(1),11547(1),-,-,-,-,-,-,-,-,-,-
KAR Priv Seats-Open,OPN,Karnataka,"KVG Med Coll, Sullia",DERMATOLOGY,"₹13,88,744*","₹7,500",1*,"₹50,00,000*",682,7427(1),5594(1),11569(1),-,-,-,-,-,-,-,-,-,-
KAR Priv Seats-GMP,GMPH,Karnataka,"MRMC, Gulbarga",DERMATOLOGY,"₹13,88,744*","₹8,000*",1*,"₹50,00,000*",1038,11569(1),4935(1),4935(1),-,-,-,-,-,-,-,-,-,-
KAR Govt Quota-Open,SCG,Karnataka,"KIMS, Hubli",DERMATOLOGY,"₹1,24,150*","₹56,250",3*,"₹50,00,000*",1200,8834(1),8834(1),11600(1),-,-,-,-,-,-,-,-,-,-
KAR Govt Quota-Open,2AG,Karnataka,Karwar Inst of Med Sciences,OBG,"₹1,24,150*","₹56,250",3*,"₹50,00,000*",650,8344(1),7334(1),11941(1),-,-,-,-,-,-,-,-,-,-
KAR Govt Quota-Open,GM,Karnataka,"SSIMS & RC, Davangere",OBG,"₹7,83,858*","₹30,000",1*,"₹50,00,000*",1190,8840(1),8840(1),11947(1),-,-,-,-,-,-,-,-,-,-
KAR Govt Quota-Open,GM,Karnataka,"Hassan IMS, Hassan",ANATOMY,"₹41,650*","₹56,250",3*,"₹50,00,000*",Info Not Available,-,11988(1),-,-,-,-,-,-,-,-,-,-,-
KAR Govt Quota-Open,GMH,Karnataka,"MS Ramaiah, Bangalore",OBG,"₹8,08,858*","₹45,000",1*,"₹50,00,000*",1331,8182(1),8182(1),12003(1),-,-,-,-,-,-,-,-,-,-
KAR Govt Quota-Open,GMH,Karnataka,"Bangalore Med Coll, Bangalore",TBRD,"₹1,24,150*","₹56,250",3*,"₹50,00,000*",1993,3805(1),4915(1),12038(1),-,-,-,-,-,-,-,-,-,-
KAR Priv Seats-Open,OPN,Karnataka,"SSIMS & RC, Davangere",GENERAL MEDICINE,"₹13,88,744*","₹30,000",1*,"₹50,00,000*",1190,6546(1),6340(1),12062(1),-,-,-,-,-,-,-,-,-,-
KAR Govt Quota-Open,GM,Karnataka,"Al-Ameen, Bijapur",GENERAL MEDICINE,"₹7,83,858*","₹9,000*",1*,"₹50,00,000*",1040,-,-,12082(1),-,-,-,-,-,-,-,-,-,-
KAR Govt Quota-Open,GM,Karnataka,"AJIMS, Mangalore",PAEDIATRICS,"₹7,83,858*","₹30,000",1*,"₹50,00,000*",910,5628(1),5628(1),12304(2),-,-,-,-,-,-,-,-,-,-
KAR Priv Seats-Min.,MU,Karnataka,"AJIMS, Mangalore",DERMATOLOGY,"₹13,88,744*","₹30,000",1*,"₹50,00,000*",910,12305(1),12305(1),12305(1),-,-,-,-,-,-,-,-,-,-
KAR Govt Quota-Open,3AG,Karnataka,"Akash IMS,Devanhalli,Bangalore",DERMATOLOGY,"₹7,83,858*","₹20,000",1*,"₹50,00,000*",760,12406(1),8904(1),8904(1),-,-,-,-,-,-,-,-,-,-
KAR Govt Quota-Open,2AG,Karnataka,"ESI, Bangalore",GENERAL SURGERY,"₹2,50,000*","₹1,11,780*",2*,"₹10,00,000*",530,-,-,12545(1),-,-,-,-,-,-,-,-,-,-
KAR Priv Seats-Open,OPN,Karnataka,"SMC, Shimoga",GENERAL MEDICINE,-,-,-,-,1250,-,-,-,12682(1),-,-,-,-,-,-,-,-,-
KAR Priv Seats-Open,OPN,Karnataka,"SDM College, Dharwad",RADIO DIAGNOSIS,"₹33,69,950*","₹45,000*",1*,"₹50,00,000*",670,11838(1),11838(1),12711(1),-,-,-,-,-,-,-,-,-,-
KAR Govt Quota-Open,GMH,Karnataka,"JJM Med Coll, Davangere",RADIO DIAGNOSIS,"₹7,83,858*","₹30,000*",1*,"₹50,00,000*",1930,2285(1),2160(1),3965(1),12754(1),-,-,-,-,-,-,-,-,-
KAR Govt Quota-Open,1H,Karnataka,"IGICH, Bangalore",PAEDIATRICS,"₹1,24,150*","₹56,250",3*,"₹50,00,000*",500,3792(1),2898(1),12770(1),-,-,-,-,-,-,-,-,-,-
KAR Govt Quota-Open,2BG,Karnataka,"JJM Med Coll, Davangere",DERMATOLOGY,"₹7,83,858*","₹30,000*",1*,"₹50,00,000*",1930,10660(1),12082(1),12780(1),-,-,-,-,-,-,-,-,-,-
KAR Govt Quota-Open,2AG,Karnataka,"DR BR Ambedkar, Bangalore",DERMATOLOGY,"₹7,83,858*","₹10,000*",1*,"₹50,00,000*",570,3485(1),3485(1),12803(1),-,-,-,-,-,-,-,-,-,-
KAR Govt Quota-Open,2BH,Karnataka,"MRMC, Gulbarga",PAEDIATRICS,"₹7,83,858*","₹8,000*",1*,"₹50,00,000*",1038,10154(1),9255(1),12810(1),-,-,-,-,-,-,-,-,-,-
KAR Govt Quota-Open,2AG,Karnataka,"Bangalore Med Coll, Bangalore",ORTHOPAEDICS,"₹1,24,150*","₹56,250",3*,"₹50,00,000*",1993,5606(1),6828(1),12879(1),-,-,-,-,-,-,-,-,-,-
KAR Govt Quota-Open,1G,Karnataka,"Mysore Med Coll, Mysore",OBG,"₹1,24,150*","₹56,250",3*,"₹50,00,000*",1050,6476(1),6476(1),12961(1),-,-,-,-,-,-,-,-,-,-
KAR Govt Quota-Open,3AG,Karnataka,"Mysore Med Coll, Mysore",GENERAL SURGERY,"₹1,24,150*","₹56,250",3*,"₹50,00,000*",1050,4766(1),4766(1),12998(1),-,-,-,-,-,-,-,-,-,-
KAR Govt Quota-Open,GMH,Karnataka,"KIMS, Hubli",GENERAL SURGERY,"₹1,24,150*","₹56,250",3*,"₹50,00,000*",1200,5731(1),5731(1),13002(1),-,-,-,-,-,-,-,-,-,-
KAR Govt Quota-Open,2AG,Karnataka,"MRMC, Gulbarga",GENERAL MEDICINE,"₹7,83,858*","₹8,000*",1*,"₹50,00,000*",1038,5763(1),5763(1),13031(1),-,-,-,-,-,-,-,-,-,-
KAR Govt Quota-Open,1G,Karnataka,"Srinivasa IMS, Srinivasanagar",GENERAL MEDICINE,"₹8,08,858*","₹29,000*",1*,"₹50,00,000*",660,9067(1),9067(1),13041(1),-,-,-,-,-,-,-,-,-,-
KAR Priv Seats-Open,OPN,Karnataka,"MRMC, Gulbarga",GENERAL MEDICINE,"₹13,88,744*","₹8,000*",1*,"₹50,00,000*",1038,8856(1),7627(1),13043(1),-,-,-,-,-,-,-,-,-,-
KAR Govt Quota-Open,2AG,Karnataka,"MS Ramaiah, Bangalore",OBG,"₹8,08,858*","₹45,000",1*,"₹50,00,000*",1331,10519(1),7460(1),13108(1),-,-,-,-,-,-,-,-,-,-
KAR Govt Quota-Open,3BG,Karnataka,"KIMS, Hubli",GENERAL SURGERY,"₹1,24,150*","₹56,250",3*,"₹50,00,000*",1200,6989(1),6989(1),13141(1),-,-,-,-,-,-,-,-,-,-
KAR Govt Quota-Open,2AG,Karnataka,"AIMS, Adichunchanagiri, Bellur",PAEDIATRICS,"₹7,83,858*","₹23,750",1*,"₹50,00,000*",1120,7665(1),8527(1),13161(1),-,-,-,-,-,-,-,-,-,-
KAR Govt Quota-Open,3AG,Karnataka,"Nijalingappa, Bagalkot",GENERAL MEDICINE,"₹7,83,858*","₹10,000*",1*,"₹50,00,000*",1140,6988(1),6554(1),13325(1),-,-,-,-,-,-,-,-,-,-
KAR Govt Quota-Open,3BH,Karnataka,"Khaja Bandanawaz, Gulbarga",GENERAL MEDICINE,"₹7,98,858*","₹30,000*",1*,"₹50,00,000*",833,13339(1),10173(1),13339(1),-,-,-,-,-,-,-,-,-,-
KAR Priv Seats-GMP,GMPH,Karnataka,"AJIMS, Mangalore",GENERAL MEDICINE,"₹13,88,744*","₹30,000",1*,"₹50,00,000*",910,10180(1),10180(1),13400(1),-,-,-,-,-,-,-,-,-,-
KAR Govt Quota-Open,STG,Karnataka,"IGICH, Bangalore",PAEDIATRICS,"₹1,24,150*","₹56,250",3*,"₹50,00,000*",500,13609(1),13609(1),13609(1),-,-,-,-,-,-,-,-,-,-
KAR Govt Quota-Open,SCG,Karnataka,"Shridevi IMS, Tumkur",RADIO DIAGNOSIS,"₹7,83,858*",Info not available*,1*,"₹50,00,000*",750,13653(1),13653(1),13653(1),-,-,-,-,-,-,-,-,-,-
KAR Govt Quota-Open,SCH,Karnataka,"Mysore Med Coll, Mysore",RADIO DIAGNOSIS,"₹1,24,150*","₹56,250",3*,"₹50,00,000*",1050,7613(1),7613(1),13763(1),-,-,-,-,-,-,-,-,-,-
KAR Govt Quota-Open,3BG,Karnataka,"Bangalore Med Coll, Bangalore",TBRD,"₹1,24,150*","₹56,250",3*,"₹50,00,000*",1993,5251(1),5251(1),13770(1),-,-,-,-,-,-,-,-,-,-
KAR Govt Quota-Open,2AG,Karnataka,"DR BR Ambedkar, Bangalore",OBG,"₹7,83,858*","₹10,000*",1*,"₹50,00,000*",570,13108(1),12536(1),13887(1),-,-,-,-,-,-,-,-,-,-
KAR Govt Quota-Open,3AG,Karnataka,"MRMC, Gulbarga",DERMATOLOGY,"₹7,83,858*","₹8,000*",1*,"₹50,00,000*",1038,8904(1),7333(1),14179(1),-,-,-,-,-,-,-,-,-,-
KAR Govt Quota-Open,3BG,Karnataka,"Kasturba Med Coll, Mangalore",GENERAL MEDICINE,"₹7,83,858*","₹45,000*",1*,"₹50,00,000*",1290,12304(1),14205(1),14205(1),-,-,-,-,-,-,-,-,-,-
KAR Govt Quota-Open,GM,Karnataka,"Akash IMS,Devanhalli,Bangalore",PAEDIATRICS,"₹7,83,858*","₹20,000",1*,"₹50,00,000*",760,8021(1),8021(1),14682(1),-,-,-,-,-,-,-,-,-,-
KAR Govt Quota-Open,1G,Karnataka,"Belagavi IMS, Belagavi",OBG,"₹1,24,150*","₹56,250",3*,"₹50,00,000*",1000,8155(1),8155(1),14803(1),-,-,-,-,-,-,-,-,-,-
KAR Priv Seats-GMP,GMP,Karnataka,"Basaveswara, Chitradurga",PAEDIATRICS,"₹13,88,744*","₹5,000*",1*,"₹50,00,000*",500,13399(1),12071(1),14897(1),-,-,-,-,-,-,-,-,-,-
KAR Govt Quota-Open,GMH,Karnataka,"MRMC, Gulbarga",OBG,"₹7,83,858*","₹8,000*",1*,"₹50,00,000*",1038,10111(1),10111(1),14915(1),-,-,-,-,-,-,-,-,-,-
KAR Govt Quota-Open,2AH,Karnataka,"Koppal Inst of MS, Koppal",OBG,"₹1,24,150*","₹56,250",3*,"₹50,00,000*",Info Not Available,11144(1),8184(1),14991(1),-,-,-,-,-,-,-,-,-,-
KAR Govt Quota-Open,GM,Karnataka,"SDM College, Dharwad",EMERGENCY MEDICINE,"₹7,83,858*","₹45,000*",1*,"₹50,00,000*",670,14205(1),7670(1),15172(1),-,-,-,-,-,-,-,-,-,-
KAR Govt Quota-Open,2BG,Karnataka,"Mysore Med Coll, Mysore",ORTHOPAEDICS,"₹1,24,150*","₹56,250",3*,"₹50,00,000*",1050,9110(1),9110(1),15189(1),-,-,-,-,-,-,-,-,-,-
KAR Govt Quota-Open,1G,Karnataka,"SDM College, Dharwad",OBG,"₹7,83,858*","₹45,000*",1*,"₹50,00,000*",670,11169(1),10629(1),15412(1),-,-,-,-,-,-,-,-,-,-
KAR Govt Quota-Open,2AG,Karnataka,"Shridevi IMS, Tumkur",DERMATOLOGY,"₹7,83,858*",Info not available*,1*,"₹50,00,000*",750,5390(1),5390(1),15454(1),-,-,-,-,-,-,-,-,-,-
KAR Priv Seats-GMP,GMPH,Karnataka,"Father Mullers, Mangalore",OBG,"₹13,88,744*","₹35,000*",1*,"₹50,00,000*",1250,11534(1),15468(1),15468(1),-,-,-,-,-,-,-,-,-,-
KAR Govt Quota-Open,2BG,Karnataka,"MS Ramaiah, Bangalore",OBG,"₹8,08,858*","₹45,000",1*,"₹50,00,000*",1331,13205(1),12780(1),15517(1),-,-,-,-,-,-,-,-,-,-
KAR Govt Quota-Open,2AG,Karnataka,"Akash IMS,Devanhalli,Bangalore",PAEDIATRICS,"₹7,83,858*","₹20,000",1*,"₹50,00,000*",760,13161(1),9759(1),15532(1),-,-,-,-,-,-,-,-,-,-
KAR Priv Seats-Min.,MU,Karnataka,"Srinivasa IMS, Srinivasanagar",RADIO DIAGNOSIS,"₹70,40,750*","₹29,000*",1*,"₹50,00,000*",660,15547(1),13935(1),13935(1),-,-,-,-,-,-,-,-,-,-
KAR Govt Quota-Open,3BG,Karnataka,"AIMS, Adichunchanagiri, Bellur",OBG,"₹7,83,858*","₹23,750",1*,"₹50,00,000*",1120,10636(1),10636(1),15586(1),-,-,-,-,-,-,-,-,-,-
KAR Priv Seats-GMP,GMP,Karnataka,"MVJMC&RH, Bangalore",PAEDIATRICS,"₹13,88,744*","₹10,000*",1*,"₹50,00,000*",833,13529(1),12803(1),15633(1),-,-,-,-,-,-,-,-,-,-
KAR Govt Quota-Open,2BG,Karnataka,"KVG Med Coll, Sullia",PAEDIATRICS,"₹7,83,858*","₹7,500",1*,"₹50,00,000*",682,12964(1),12964(1),15740(1),-,-,-,-,-,-,-,-,-,-
KAR Priv Seats-GMP,GMP,Karnataka,"St John's, Bangalore",PSYCHIATRY,"₹12,05,025*","₹45,000",1*,"₹5,00,000*",1720,11840(1),16153(1),16153(1),-,-,-,-,-,-,-,-,-,-
KAR Govt Quota-Open,3BG,Karnataka,"Srinivasa IMS, Srinivasanagar",OBG,"₹8,08,858*","₹29,000*",1*,"₹50,00,000*",660,15141(1),15141(1),16175(1),-,-,-,-,-,-,-,-,-,-
KAR Govt Quota-Open,GM,Karnataka,"Raichur IMS, Raichur",GENERAL SURGERY,"₹1,24,150*","₹56,250",3*,"₹50,00,000*",500,5995(1),5196(1),16231(1),-,-,-,-,-,-,-,-,-,-
KAR Govt Quota-Open,GM,Karnataka,"AJIMS, Mangalore",GENERAL SURGERY,"₹7,83,858*","₹30,000",1*,"₹50,00,000*",910,9440(1),10423(1),16307(1),-,-,-,-,-,-,-,-,-,-
KAR Govt Quota-Open,2AG,Karnataka,"Belagavi IMS, Belagavi",GENERAL SURGERY,"₹1,24,150*","₹56,250",3*,"₹50,00,000*",1000,9531(1),8344(1),16374(1),-,-,-,-,-,-,-,-,-,-
KAR Priv Seats-Open,OPN,Karnataka,"Basaveswara, Chitradurga",GENERAL MEDICINE,"₹13,88,744*","₹5,000*",1*,"₹50,00,000*",500,8696(1),8525(1),16381(1),-,-,-,-,-,-,-,-,-,-
KAR Govt Quota-Open,2AG,Karnataka,"VIMS, Bellary",ORTHOPAEDICS,"₹1,24,150*","₹56,250",3*,"₹50,00,000*",1295,-,-,16450(1),-,-,-,-,-,-,-,-,-,-
KAR Govt Quota-Open,3BG,Karnataka,"SSIMS & RC, Davangere",EMERGENCY MEDICINE,"₹7,83,858*","₹30,000",1*,"₹50,00,000*",1190,16510(1),15678(1),16510(1),-,-,-,-,-,-,-,-,-,-
KAR Priv Seats-Open,OPN,Karnataka,"Shridevi IMS, Tumkur",GENERAL MEDICINE,"₹13,88,744*",Info not available*,1*,"₹50,00,000*",750,10191(1),8856(1),16533(1),-,-,-,-,-,-,-,-,-,-
KAR Govt Quota-Open,3BH,Karnataka,"Akash IMS,Devanhalli,Bangalore",GENERAL MEDICINE,"₹7,83,858*","₹20,000",1*,"₹50,00,000*",760,10173(1),11368(1),16579(1),-,-,-,-,-,-,-,-,-,-
KAR Priv Seats-GMP,GMP,Karnataka,"DR BR Ambedkar, Bangalore",OBG,"₹13,88,744*","₹10,000*",1*,"₹50,00,000*",570,13907(1),10642(1),16603(1),-,-,-,-,-,-,-,-,-,-
KAR Govt Quota-Open,3BG,Karnataka,"Gulbarga IMS, Gulbarga",GENERAL SURGERY,"₹1,24,150*","₹56,250",3*,"₹50,00,000*",873,9463(1),7320(1),16613(1),-,-,-,-,-,-,-,-,-,-
KAR Priv Seats-Open,OPN,Karnataka,"VIMS (Vydehi), Bangalore",OPHTHALMOLOGY,"₹13,88,744*","₹29,000*",1*,"₹50,00,000*",1600,16345(1),16345(1),16762(1),-,-,-,-,-,-,-,-,-,-
KAR Govt Quota-Open,GMH,Karnataka,"KIMS, Hubli",ORTHOPAEDICS,"₹1,24,150*","₹56,250",3*,"₹50,00,000*",1200,5654(1),5654(1),16852(1),-,-,-,-,-,-,-,-,-,-
KAR Govt Quota-Open,GM,Karnataka,"SSIMS & RC, Davangere",TBRD,"₹7,83,858*","₹30,000",1*,"₹50,00,000*",1190,10899(1),8985(1),16987(1),-,-,-,-,-,-,-,-,-,-
KAR Priv Seats-Open,OPN,Karnataka,"Navodaya Med Coll, Raichur",GENERAL MEDICINE,"₹13,88,744*","₹10,000*",1*,"₹50,00,000*",1110,10387(1),8696(1),17031(1),-,-,-,-,-,-,-,-,-,-
KAR Priv Seats-GMP,GMP,Karnataka,"MRMC, Gulbarga",PAEDIATRICS,"₹13,88,744*","₹8,000*",1*,"₹50,00,000*",1038,11543(1),9683(1),17049(1),-,-,-,-,-,-,-,-,-,-
KAR Govt Quota-Open,2AG,Karnataka,"Bangalore Med Coll, Bangalore",OPHTHALMOLOGY,"₹1,24,150*","₹56,250",3*,"₹50,00,000*",1993,6609(1),11791(1),17118(1),-,-,-,-,-,-,-,-,-,-
KAR Priv Seats-GMP,GMP,Karnataka,"MRMC, Gulbarga",OBG,"₹13,88,744*","₹8,000*",1*,"₹50,00,000*",1038,13589(1),13589(1),17120(1),-,-,-,-,-,-,-,-,-,-
KAR Priv Seats-Open,OPN,Karnataka,"St John's, Bangalore",ENT,"₹12,05,025*","₹45,000",1*,"₹5,00,000*",1720,7036(1),17123(1),17187(1),-,-,-,-,-,-,-,-,-,-
KAR Priv Seats-GMP,GMP,Karnataka,"Oxford Med Coll, Bangalore",GENERAL MEDICINE,"₹13,88,744*","₹30,000*",1*,"₹50,00,000*",770,9999(1),9999(1),17220(1),-,-,-,-,-,-,-,-,-,-
KAR Govt Quota-Open,GMH,Karnataka,"Al-Ameen, Bijapur",GENERAL MEDICINE,"₹7,83,858*","₹9,000*",1*,"₹50,00,000*",1040,10389(1),10389(1),17515(1),-,-,-,-,-,-,-,-,-,-
KAR Govt Quota-Open,GM,Karnataka,"Raichur IMS, Raichur",ORTHOPAEDICS,"₹1,24,150*","₹56,250",3*,"₹50,00,000*",500,7845(1),7275(1),17534(1),-,-,-,-,-,-,-,-,-,-
KAR Govt Quota-Open,2AH,Karnataka,"Sapthagiri IMS&RC, Bangalore",OBG,"₹8,09,608*","₹10,000*",1*,"₹50,00,000*",500,17483(1),14127(1),17922(1),-,-,-,-,-,-,-,-,-,-
KAR Govt Quota-Open,2AG,Karnataka,"Al-Ameen, Bijapur",OBG,"₹7,83,858*","₹9,000*",1*,"₹50,00,000*",1040,13887(1),17922(1),18193(1),-,-,-,-,-,-,-,-,-,-
KAR Priv Seats-Min.,MM1,Karnataka,"Al-Ameen, Bijapur",RADIO DIAGNOSIS,"₹13,88,744*","₹9,000*",1*,"₹50,00,000*",1040,18211(1),18211(1),18211(1),-,-,-,-,-,-,-,-,-,-
KAR Govt Quota-Open,2BG,Karnataka,"Gadag IMS, Gadag",GENERAL SURGERY,"₹1,24,150*","₹56,250",3*,"₹50,00,000*",Info Not Available,12514(1),12514(1),18212(1),-,-,-,-,-,-,-,-,-,-
KAR Priv Seats-GMP,GMP,Karnataka,"SMC, Shimoga",PAEDIATRICS,"₹13,88,744*",Info not available,1*,"₹50,00,000*",1250,14897(1),12775(1),18265(1),-,-,-,-,-,-,-,-,-,-
KAR Govt Quota-Open,2AG,Karnataka,"DR BR Ambedkar, Bangalore",PAEDIATRICS,"₹7,83,858*","₹10,000*",1*,"₹50,00,000*",570,7964(1),7964(1),18341(1),-,-,-,-,-,-,-,-,-,-
KAR Priv Seats-Open,OPN,Karnataka,"Al-Ameen, Bijapur",RADIO DIAGNOSIS,"₹13,88,744*","₹9,000*",1*,"₹50,00,000*",1040,7719(1),5272(1),10807(1),18351(1),-,-,-,-,-,-,-,-,-
KAR Govt Quota-Open,3AG,Karnataka,"Mysore Med Coll, Mysore",TBRD,"₹1,24,150*","₹56,250",3*,"₹50,00,000*",1050,2385(1),2385(1),18369(1),-,-,-,-,-,-,-,-,-,-
KAR Govt Quota-Open,GM,Karnataka,"Kempegowda IMS, Bangalore",TBRD,"₹7,83,858*","₹35,000*",1*,"₹50,00,000*",1100,7242(1),6648(1),18557(2),-,-,-,-,-,-,-,-,-,-
KAR Priv Seats-Min.,ME,Karnataka,"SMC, Shimoga",RADIO DIAGNOSIS,-,-,-,-,1250,18564(1),18564(1),18564(1),-,-,-,-,-,-,-,-,-,-
KAR Govt Quota-Open,2AH,Karnataka,"VIMS, Bellary",GENERAL SURGERY,"₹1,24,150*","₹56,250",3*,"₹50,00,000*",1295,10007(1),10007(1),18800(1),-,-,-,-,-,-,-,-,-,-
KAR Govt Quota-Open,3BG,Karnataka,"Al-Ameen, Bijapur",PAEDIATRICS,"₹7,83,858*","₹9,000*",1*,"₹50,00,000*",1040,12720(1),13339(1),18962(1),-,-,-,-,-,-,-,-,-,-
KAR Priv Seats-GMP,GMP,Karnataka,"KVG Med Coll, Sullia",OBG,"₹13,88,744*","₹7,500",1*,"₹50,00,000*",682,14039(1),13734(1),18990(1),-,-,-,-,-,-,-,-,-,-
KAR Govt Quota-Open,SCG,Karnataka,"Koppal Inst of MS, Koppal",GENERAL MEDICINE,"₹1,24,150*","₹56,250",3*,"₹50,00,000*",Info Not Available,12057(1),12057(1),19080(1),-,-,-,-,-,-,-,-,-,-
KAR Priv Seats-GMP,GMP,Karnataka,"Kempegowda IMS, Bangalore",PSYCHIATRY,"₹13,88,744*","₹35,000*",1*,"₹50,00,000*",1100,19081(1),16918(1),19081(1),-,-,-,-,-,-,-,-,-,-
KAR Govt Quota-Open,3BG,Karnataka,Karwar Inst of Med Sciences,ORTHOPAEDICS,"₹1,24,150*","₹56,250",3*,"₹50,00,000*",650,8451(1),8451(1),19196(1),-,-,-,-,-,-,-,-,-,-
KAR Govt Quota-Open,2BG,Karnataka,"Bangalore Med Coll, Bangalore",ANAESTHESIOLOGY,"₹1,24,150*","₹56,250",3*,"₹50,00,000*",1993,12780(1),8687(1),19251(1),-,-,-,-,-,-,-,-,-,-
KAR Govt Quota-Open,GMH,Karnataka,"ESIC Med Coll,Gulbarga",ANAESTHESIOLOGY,"₹2,50,000*","₹1,11,780*",2*,"₹10,00,000*",480,-,-,19368(1),-,-,-,-,-,-,-,-,-,-
KAR Govt Quota-Open,2AG,Karnataka,"ESI, Bangalore",PHYSIOLOGY,"₹2,50,000*","₹1,11,780*",2*,"₹10,00,000*",530,-,19425(1),-,-,-,-,-,-,-,-,-,-,-
KAR Govt Quota-Open,SCG,Karnataka,"ESI, Bangalore",PAEDIATRICS,"₹2,50,000*","₹1,11,780*",2*,"₹10,00,000*",530,13004(1),14491(1),19457(1),-,-,-,-,-,-,-,-,-,-
KAR Priv Seats-GMP,GMPH,Karnataka,"KVG Med Coll, Sullia",GENERAL MEDICINE,"₹13,88,744*","₹7,500",1*,"₹50,00,000*",682,17362(1),17362(1),19494(1),-,-,-,-,-,-,-,-,-,-
KAR Priv Seats-GMP,GMP,Karnataka,"SDM College, Dharwad",DERMATOLOGY,"₹28,75,650*","₹45,000*",1*,"₹50,00,000*",670,16953(1),7949(1),19806(1),-,-,-,-,-,-,-,-,-,-
KAR Govt Quota-Open,SCG,Karnataka,"JSS Med Coll, Mysore",GENERAL MEDICINE,"₹7,83,858*","₹45,000*",1*,"₹50,00,000*",2060,12504(1),12504(1),19837(1),-,-,-,-,-,-,-,-,-,-
KAR Govt Quota-Open,3AG,Karnataka,"KVG Med Coll, Sullia",OBG,"₹7,83,858*","₹7,500",1*,"₹50,00,000*",682,11947(1),11947(1),19871(1),-,-,-,-,-,-,-,-,-,-
KAR Govt Quota-Open,1G,Karnataka,"Mysore Med Coll, Mysore",GENERAL SURGERY,"₹1,24,150*","₹56,250",3*,"₹50,00,000*",1050,3736(1),11169(1),19978(1),-,-,-,-,-,-,-,-,-,-
KAR Govt Quota-Open,2BG,Karnataka,"Basaveswara, Chitradurga",OBG,"₹7,83,858*","₹5,000*",1*,"₹50,00,000*",500,16083(1),13205(1),20035(1),-,-,-,-,-,-,-,-,-,-
KAR Priv Seats-GMP,GMP,Karnataka,"MVJMC&RH, Bangalore",OBG,"₹13,88,744*","₹10,000*",1*,"₹50,00,000*",833,15127(1),12926(1),20205(1),-,-,-,-,-,-,-,-,-,-
KAR Govt Quota-Open,3AG,Karnataka,"Akash IMS,Devanhalli,Bangalore",OBG,"₹7,83,858*","₹20,000",1*,"₹50,00,000*",760,12003(1),12003(1),20271(1),-,-,-,-,-,-,-,-,-,-
KAR Govt Quota-Open,3AG,Karnataka,"Chamrajanagar IMS, Karnataka",ORTHOPAEDICS,"₹1,24,150*","₹56,250",3*,"₹50,00,000*",750,8603(1),8603(1),20278(2),-,-,-,-,-,-,-,-,-,-
KAR Govt Quota-Open,2AG,Karnataka,"MS Ramaiah, Bangalore",ORTHOPAEDICS,"₹8,08,858*","₹45,000",1*,"₹50,00,000*",1331,13856(1),13856(1),20319(1),-,-,-,-,-,-,-,-,-,-
KAR Govt Quota-Open,GMH,Karnataka,"Koppal Inst of MS, Koppal",GENERAL SURGERY,"₹1,24,150*","₹56,250",3*,"₹50,00,000*",Info Not Available,10127(1),8913(1),20372(1),-,-,-,-,-,-,-,-,-,-
KAR Govt Quota-Open,2AH,Karnataka,"Sapthagiri IMS&RC, Bangalore",GENERAL MEDICINE,"₹8,09,608*","₹10,000*",1*,"₹50,00,000*",500,13389(1),11144(1),20406(1),-,-,-,-,-,-,-,-,-,-
KAR Priv Seats-Open,OPN,Karnataka,"Navodaya Med Coll, Raichur",OBG,"₹13,88,744*","₹10,000*",1*,"₹50,00,000*",1110,12043(1),12043(1),20500(1),-,-,-,-,-,-,-,-,-,-
KAR Priv Seats-Min.,ME,Karnataka,"Oxford Med Coll, Bangalore",RADIO DIAGNOSIS,"₹13,88,744*","₹30,000*",1*,"₹50,00,000*",770,20671(1),11097(1),20671(1),-,-,-,-,-,-,-,-,-,-
KAR Govt Quota-Open,GMH,Karnataka,"Gulbarga IMS, Gulbarga",ORTHOPAEDICS,"₹1,24,150*","₹56,250",3*,"₹50,00,000*",873,-,-,20689(1),-,-,-,-,-,-,-,-,-,-
KAR Govt Quota-Open,GMH,Karnataka,"SMC, Shimoga",GENERAL MEDICINE,"₹7,83,858*",Info not available,1*,"₹50,00,000*",1250,-,-,-,20701(1),-,-,-,-,-,-,-,-,-
KAR Govt Quota-Open,1G,Karnataka,"SSIMS & RC, Davangere",ORTHOPAEDICS,"₹7,83,858*","₹30,000",1*,"₹50,00,000*",1190,15843(1),15843(1),20708(1),-,-,-,-,-,-,-,-,-,-
KAR Priv Seats-Min.,MU,Karnataka,"Srinivasa IMS, Srinivasanagar",OBG,"₹50,40,750*","₹29,000*",1*,"₹50,00,000*",660,20727(1),20727(1),20727(1),-,-,-,-,-,-,-,-,-,-
KAR Govt Quota-Open,SCG,Karnataka,"Kempegowda IMS, Bangalore",DERMATOLOGY,"₹7,83,858*","₹35,000*",1*,"₹50,00,000*",1100,11600(1),11600(1),20807(1),-,-,-,-,-,-,-,-,-,-
KAR Govt Quota-Open,3AG,Karnataka,"Bangalore Med Coll, Bangalore",OPHTHALMOLOGY,"₹1,24,150*","₹56,250",3*,"₹50,00,000*",1993,7901(1),7901(1),20881(1),-,-,-,-,-,-,-,-,-,-
KAR Govt Quota-Open,STG,Karnataka,"Akash IMS,Devanhalli,Bangalore",RADIO DIAGNOSIS,"₹7,83,858*","₹20,000",1*,"₹50,00,000*",760,20929(1),20929(1),20929(1),-,-,-,-,-,-,-,-,-,-
KAR Govt Quota-Open,GM,Karnataka,"Belagavi IMS, Belagavi",PSYCHIATRY,"₹1,24,150*","₹56,250",3*,"₹50,00,000*",1000,15687(1),11845(1),21087(1),-,-,-,-,-,-,-,-,-,-
KAR Govt Quota-Open,2AG,Karnataka,"JJM Med Coll, Davangere",TBRD,"₹7,83,858*","₹30,000*",1*,"₹50,00,000*",1930,10077(1),10077(1),21124(1),-,-,-,-,-,-,-,-,-,-
KAR Govt Quota-Open,2BH,Karnataka,"Shridevi IMS, Tumkur",OBG,"₹7,83,858*",Info not available*,1*,"₹50,00,000*",750,21281(1),21281(1),21281(1),-,-,-,-,-,-,-,-,-,-
KAR Govt Quota-Open,2AG,Karnataka,"Shridevi IMS, Tumkur",PAEDIATRICS,"₹7,83,858*",Info not available*,1*,"₹50,00,000*",750,14042(1),11302(1),21286(1),-,-,-,-,-,-,-,-,-,-
KAR Govt Quota-Open,3AG,Karnataka,"KVG Med Coll, Sullia",TBRD,"₹7,83,858*","₹7,500",1*,"₹50,00,000*",682,-,-,21360(1),-,-,-,-,-,-,-,-,-,-
KAR Priv Seats-GMP,GMPH,Karnataka,"SSIMS & RC, Davangere",PAEDIATRICS,"₹13,88,744*","₹30,000",1*,"₹50,00,000*",1190,16852(1),13041(1),21856(1),-,-,-,-,-,-,-,-,-,-
KAR Priv Seats-Open,OPN,Karnataka,"SDM College, Dharwad",TBRD,"₹11,15,750*","₹45,000*",1*,"₹50,00,000*",670,13770(1),13770(1),22077(1),-,-,-,-,-,-,-,-,-,-
KAR Govt Quota-Open,2AG,Karnataka,"MRMC, Gulbarga",GENERAL SURGERY,"₹7,83,858*","₹8,000*",1*,"₹50,00,000*",1038,22092(1),18979(1),22092(1),-,-,-,-,-,-,-,-,-,-
KAR Govt Quota-Open,2AH,Karnataka,"Chamrajanagar IMS, Karnataka",GENERAL SURGERY,"₹1,24,150*","₹56,250",3*,"₹50,00,000*",750,10252(1),10252(1),22099(1),-,-,-,-,-,-,-,-,-,-
KAR Govt Quota-Open,2AH,Karnataka,"VIMS, Bellary",ORTHOPAEDICS,"₹1,24,150*","₹56,250",3*,"₹50,00,000*",1295,11524(1),12280(1),22197(1),-,-,-,-,-,-,-,-,-,-
KAR Govt Quota-Open,3AG,Karnataka,"Dharward IMHANS, Dharwad",PSYCHIATRY,"₹1,24,150*","₹56,250",3*,"₹50,00,000*",375,8460(1),8460(1),22416(1),-,-,-,-,-,-,-,-,-,-
KAR Priv Seats-GMP,GMPH,Karnataka,"DR BR Ambedkar, Bangalore",PAEDIATRICS,"₹13,88,744*","₹10,000*",1*,"₹50,00,000*",570,18496(1),11264(1),22469(1),-,-,-,-,-,-,-,-,-,-
KAR Priv Seats-Min.,MM1,Karnataka,"Kanachur IMS, Mangalore",GENERAL MEDICINE,"₹13,88,744*",Info not available,1*,"₹50,00,000*",785,22509(1),22509(1),22509(1),-,-,-,-,-,-,-,-,-,-
KAR Govt Quota-Open,1H,Karnataka,"MRMC, Gulbarga",OBG,"₹7,83,858*","₹8,000*",1*,"₹50,00,000*",1038,20176(1),20176(1),22710(1),-,-,-,-,-,-,-,-,-,-
KAR Priv Seats-GMP,GMP,Karnataka,"Father Mullers, Mangalore",GENERAL SURGERY,"₹13,88,744*","₹35,000*",1*,"₹50,00,000*",1250,13117(1),13117(1),22766(1),-,-,-,-,-,-,-,-,-,-
KAR Govt Quota-Open,3AG,Karnataka,"Mysore Med Coll, Mysore",ANAESTHESIOLOGY,"₹1,24,150*","₹56,250",3*,"₹50,00,000*",1050,10514(1),9518(1),22769(1),-,-,-,-,-,-,-,-,-,-
KAR Priv Seats-Open,OPN,Karnataka,"Kanachur IMS, Mangalore",PAEDIATRICS,"₹13,88,744*",Info not available,1*,"₹50,00,000*",785,12174(1),12174(1),15850(1),22813(1),-,-,-,-,-,-,-,-,-
KAR Govt Quota-Open,GM,Karnataka,"Hassan IMS, Hassan",PSYCHIATRY,"₹1,24,150*","₹56,250",3*,"₹50,00,000*",Info Not Available,15233(1),14404(1),22831(1),-,-,-,-,-,-,-,-,-,-
KAR Priv Seats-Min.,MM1,Karnataka,"Kanachur IMS, Mangalore",OBG,"₹13,88,744*",Info not available,1*,"₹50,00,000*",785,22841(1),22841(1),22841(1),-,-,-,-,-,-,-,-,-,-
KAR Govt Quota-Open,GM,Karnataka,"Mandya IMS, Mandya",PSYCHIATRY,"₹1,24,150*","₹56,250",3*,"₹50,00,000*",Info Not Available,15517(1),14211(1),23034(1),-,-,-,-,-,-,-,-,-,-
KAR Priv Seats-GMP,GMPH,Karnataka,"Al-Ameen, Bijapur",OBG,"₹13,88,744*","₹9,000*",1*,"₹50,00,000*",1040,23152(1),18962(1),22253(1),-,-,-,-,-,-,-,-,-,-
KAR Priv Seats-GMP,GMPH,Karnataka,"MVJMC&RH, Bangalore",PAEDIATRICS,"₹13,88,744*","₹10,000*",1*,"₹50,00,000*",833,19494(1),14861(1),23237(1),-,-,-,-,-,-,-,-,-,-
KAR Govt Quota-Open,GM,Karnataka,"AJIMS, Mangalore",ORTHOPAEDICS,"₹7,83,858*","₹30,000",1*,"₹50,00,000*",910,10865(1),10816(1),23308(1),-,-,-,-,-,-,-,-,-,-
KAR Govt Quota-Open,GM,Karnataka,"SDM College, Dharwad",ENT,"₹7,83,858*","₹45,000*",1*,"₹50,00,000*",670,21601(1),18138(1),23323(1),-,-,-,-,-,-,-,-,-,-
KAR Govt Quota-Open,2AG,Karnataka,"Father Mullers, Mangalore",ORTHOPAEDICS,"₹7,83,858*","₹35,000*",1*,"₹50,00,000*",1250,15475(1),15475(1),23433(1),-,-,-,-,-,-,-,-,-,-
KAR Govt Quota-Open,SCG,Karnataka,"Belagavi IMS, Belagavi",GENERAL MEDICINE,"₹1,24,150*","₹56,250",3*,"₹50,00,000*",1000,11541(1),11698(1),23547(1),-,-,-,-,-,-,-,-,-,-
KAR Govt Quota-Open,GMH,Karnataka,"Kempegowda IMS, Bangalore",GENERAL SURGERY,"₹7,83,858*","₹35,000*",1*,"₹50,00,000*",1100,17651(1),11166(1),23629(1),-,-,-,-,-,-,-,-,-,-
KAR Priv Seats-GMP,GMP,Karnataka,"JJM Med Coll, Davangere",TBRD,"₹13,88,744*","₹30,000*",1*,"₹50,00,000*",1930,18894(1),12832(1),23769(1),-,-,-,-,-,-,-,-,-,-
KAR Priv Seats-GMP,GMP,Karnataka,"SMC, Shimoga",OBG,-,-,-,-,1250,-,-,-,23914(1),-,-,-,-,-,-,-,-,-
KAR Priv Seats-GMP,GMPH,Karnataka,"Father Mullers, Mangalore",PAEDIATRICS,"₹13,88,744*","₹35,000*",1*,"₹50,00,000*",1250,13163(1),12304(1),14861(1),24263(1),-,-,-,-,-,-,-,-,-
KAR Govt Quota-Open,GMH,Karnataka,"SDM College, Dharwad",ORTHOPAEDICS,"₹7,83,858*","₹45,000*",1*,"₹50,00,000*",670,14716(1),14716(1),24381(1),-,-,-,-,-,-,-,-,-,-
KAR Govt Quota-Open,3AG,Karnataka,"KVG Med Coll, Sullia",GENERAL SURGERY,"₹7,83,858*","₹7,500",1*,"₹50,00,000*",682,21380(1),21380(1),24385(1),-,-,-,-,-,-,-,-,-,-
KAR Govt Quota-Open,2AG,Karnataka,"Mysore Med Coll, Mysore",ENT,"₹1,24,150*","₹56,250",3*,"₹50,00,000*",1050,20270(1),20319(1),24400(1),-,-,-,-,-,-,-,-,-,-
KAR Govt Quota-Open,SCG,Karnataka,"SDM College, Dharwad",GENERAL MEDICINE,"₹7,83,858*","₹45,000*",1*,"₹50,00,000*",670,13750(1),13750(1),24544(1),-,-,-,-,-,-,-,-,-,-
KAR Priv Seats-Open,OPN,Karnataka,"St John's, Bangalore",EMERGENCY MEDICINE,"₹12,40,025*","₹45,000",1*,"₹5,00,000*",1720,6068(1),6068(1),24568(1),-,-,-,-,-,-,-,-,-,-
KAR Govt Quota-Open,1H,Karnataka,"Bangalore Med Coll, Bangalore",ENT,"₹1,24,150*","₹56,250",3*,"₹50,00,000*",1993,24717(1),24717(1),24717(1),-,-,-,-,-,-,-,-,-,-
KAR Govt Quota-Open,3AG,Karnataka,"BGS IMS, Bangalore",ORTHOPAEDICS,"₹7,83,858*","₹25,000*",1*,"₹50,00,000*",766,18300(1),16557(1),24824(1),-,-,-,-,-,-,-,-,-,-
KAR Priv Seats-GMP,GMP,Karnataka,"St John's, Bangalore",OPHTHALMOLOGY,"₹12,05,025*","₹45,000",1*,"₹5,00,000*",1720,10943(1),13673(1),25130(1),-,-,-,-,-,-,-,-,-,-
KAR Govt Quota-Open,GM,Karnataka,"Belagavi IMS, Belagavi",ANAESTHESIOLOGY,"₹1,24,150*","₹56,250",3*,"₹50,00,000*",1000,12775(1),11798(1),25178(1),-,-,-,-,-,-,-,-,-,-
KAR Govt Quota-Open,2BG,Karnataka,"Kidwai Memorial, Bangalore",ANAESTHESIOLOGY,"₹1,24,150*","₹56,250",3*,"₹50,00,000*",680,14008(1),14008(1),25255(1),-,-,-,-,-,-,-,-,-,-
KAR Govt Quota-Open,2BG,Karnataka,"Mysore Med Coll, Mysore",ENT,"₹1,24,150*","₹56,250",3*,"₹50,00,000*",1050,12875(1),12875(1),25271(1),-,-,-,-,-,-,-,-,-,-
KAR Govt Quota-Open,SCG,Karnataka,"MRMC, Gulbarga",RADIO DIAGNOSIS,"₹7,83,858*","₹8,000*",1*,"₹50,00,000*",1038,20316(1),25295(1),25295(1),-,-,-,-,-,-,-,-,-,-
KAR Priv Seats-Open,OPN,Karnataka,"Shridevi IMS, Tumkur",TBRD,"₹13,88,744*",Info not available*,1*,"₹50,00,000*",750,15390(1),14757(1),25313(1),-,-,-,-,-,-,-,-,-,-
KAR Priv Seats-Min.,ME,Karnataka,"Akash IMS,Devanhalli,Bangalore",OBG,"₹13,88,744*","₹20,000",1*,"₹50,00,000*",760,19576(1),19576(1),25335(1),-,-,-,-,-,-,-,-,-,-
KAR Govt Quota-Open,SCG,Karnataka,"Shimoga IMS, Shimoga",PAEDIATRICS,"₹1,24,150*","₹56,250",3*,"₹50,00,000*",950,14491(1),17472(1),25424(1),-,-,-,-,-,-,-,-,-,-
KAR Govt Quota-Open,GM,Karnataka,"Srinivasa IMS, Srinivasanagar",GENERAL SURGERY,"₹8,08,858*","₹29,000*",1*,"₹50,00,000*",660,12545(1),11460(1),25492(1),-,-,-,-,-,-,-,-,-,-
KAR Govt Quota-Open,SCG,Karnataka,"SDM College, Dharwad",PAEDIATRICS,"₹7,83,858*","₹45,000*",1*,"₹50,00,000*",670,23547(1),23547(1),25575(1),-,-,-,-,-,-,-,-,-,-
KAR Govt Quota-Open,3BH,Karnataka,"Gulbarga IMS, Gulbarga",ORTHOPAEDICS,"₹1,24,150*","₹56,250",3*,"₹50,00,000*",873,10473(1),10473(1),25640(1),-,-,-,-,-,-,-,-,-,-
KAR Govt Quota-Open,GM,Karnataka,"Chamrajanagar IMS, Karnataka",ENT,"₹1,24,150*","₹56,250",3*,"₹50,00,000*",750,11692(1),11692(1),25769(1),-,-,-,-,-,-,-,-,-,-
KAR Govt Quota-Open,GM,Karnataka,"Belagavi IMS, Belagavi",OPHTHALMOLOGY,"₹1,24,150*","₹56,250",3*,"₹50,00,000*",1000,9541(1),9456(1),25773(1),-,-,-,-,-,-,-,-,-,-
KAR Govt Quota-Open,GMH,Karnataka,"Gulbarga IMS, Gulbarga",OPHTHALMOLOGY,"₹1,24,150*","₹56,250",3*,"₹50,00,000*",873,-,-,25813(1),-,-,-,-,-,-,-,-,-,-
KAR Govt Quota-Open,GM,Karnataka,"JSS Med Coll, Mysore",OPHTHALMOLOGY,"₹7,83,858*","₹45,000*",1*,"₹50,00,000*",2060,12419(1),12419(1),25819(1),-,-,-,-,-,-,-,-,-,-
KAR Priv Seats-GMP,GMPH,Karnataka,"Srinivasa IMS, Srinivasanagar",PAEDIATRICS,"₹45,40,750*","₹29,000*",1*,"₹50,00,000*",660,21744(1),16852(1),26022(1),-,-,-,-,-,-,-,-,-,-
KAR Govt Quota-Open,GM,Karnataka,"Raichur IMS, Raichur",ANAESTHESIOLOGY,"₹1,24,150*","₹56,250",3*,"₹50,00,000*",500,14179(1),12868(1),26074(1),-,-,-,-,-,-,-,-,-,-
KAR Govt Quota-Open,3AG,Karnataka,"Shimoga IMS, Shimoga",OPHTHALMOLOGY,"₹1,24,150*","₹56,250",3*,"₹50,00,000*",950,12038(1),11786(1),26109(1),-,-,-,-,-,-,-,-,-,-
KAR Govt Quota-Open,3AG,Karnataka,"VIMS (Vydehi), Bangalore",GENERAL SURGERY,"₹7,83,858*","₹29,000*",1*,"₹50,00,000*",1600,-,-,26213(1),-,-,-,-,-,-,-,-,-,-
KAR Govt Quota-Open,3BG,Karnataka,"Yenepoya Med Coll, Mangalore",GENERAL SURGERY,"₹8,23,858*","₹45,000*",1*,"₹50,00,000*",910,11209(1),11209(1),26245(1),-,-,-,-,-,-,-,-,-,-
KAR Govt Quota-Open,2BG,Karnataka,"KIMS, Hubli",ANAESTHESIOLOGY,"₹1,24,150*","₹56,250",3*,"₹50,00,000*",1200,-,-,26413(1),-,-,-,-,-,-,-,-,-,-
KAR Priv Seats-GMP,GMP,Karnataka,"SDM College, Dharwad",EMERGENCY MEDICINE,"₹7,66,450*","₹45,000*",1*,"₹50,00,000*",670,25567(1),16510(1),26435(1),-,-,-,-,-,-,-,-,-,-
KAR Govt Quota-Open,GM,Karnataka,"VIMS (Vydehi), Bangalore",TBRD,"₹7,83,858*","₹29,000*",1*,"₹50,00,000*",1600,-,-,15460(1),26445(1),-,-,-,-,-,-,-,-,-
KAR Govt Quota-Open,GM,Karnataka,"KVG Med Coll, Sullia",EMERGENCY MEDICINE,"₹7,83,858*","₹7,500",1*,"₹50,00,000*",682,17999(1),17072(1),26625(1),-,-,-,-,-,-,-,-,-,-
KAR Govt Quota-Open,2BG,Karnataka,"Father Mullers, Mangalore",GENERAL SURGERY,"₹7,83,858*","₹35,000*",1*,"₹50,00,000*",1250,26914(1),23024(1),23024(1),-,-,-,-,-,-,-,-,-,-
KAR Priv Seats-Min.,MU,Karnataka,"Srinivasa IMS, Srinivasanagar",GENERAL MEDICINE,"₹55,40,750*","₹29,000*",1*,"₹50,00,000*",660,17274(1),17274(1),26962(1),-,-,-,-,-,-,-,-,-,-
KAR Govt Quota-Open,3AH,Karnataka,"Kidwai Memorial, Bangalore",ANAESTHESIOLOGY,"₹1,24,150*","₹56,250",3*,"₹50,00,000*",680,19368(1),19368(1),27048(1),-,-,-,-,-,-,-,-,-,-
KAR Govt Quota-Open,2BG,Karnataka,"VIMS, Bellary",ORTHOPAEDICS,"₹1,24,150*","₹56,250",3*,"₹50,00,000*",1295,12082(1),9585(1),15804(1),27231(1),-,-,-,-,-,-,-,-,-
KAR Priv Seats-GMP,GMPH,Karnataka,"East Point College,Bangalore",OBG,"₹13,88,744*","₹20,000",1*,"₹50,00,000*",-,26242(1),22469(1),27240(1),-,-,-,-,-,-,-,-,-,-
KAR Govt Quota-Open,2BG,Karnataka,"Chamrajanagar IMS, Karnataka",OBG,"₹1,24,150*","₹56,250",3*,"₹50,00,000*",750,6152(1),6152(1),11020(1),27451(1),-,-,-,-,-,-,-,-,-
KAR Govt Quota-Open,2BG,Karnataka,"KIMS, Hubli",OPHTHALMOLOGY,"₹1,24,150*","₹56,250",3*,"₹50,00,000*",1200,14556(1),14556(1),27607(1),-,-,-,-,-,-,-,-,-,-
KAR Govt Quota-Open,3BG,Karnataka,"Chamrajanagar IMS, Karnataka",OPHTHALMOLOGY,"₹1,24,150*","₹56,250",3*,"₹50,00,000*",750,13141(1),10503(1),27716(1),-,-,-,-,-,-,-,-,-,-
KAR Govt Quota-Open,1H,Karnataka,"ESIC Med Coll,Gulbarga",GENERAL SURGERY,"₹2,50,000*","₹1,11,780*",2*,"₹10,00,000*",480,-,-,27720(1),-,-,-,-,-,-,-,-,-,-
KAR Govt Quota-Open,2BG,Karnataka,"SDM College, Dharwad",GENERAL SURGERY,"₹7,83,858*","₹45,000*",1*,"₹50,00,000*",670,-,-,27737(1),-,-,-,-,-,-,-,-,-,-
KAR Priv Seats-Min.,MU,Karnataka,"Srinivasa IMS, Srinivasanagar",PAEDIATRICS,"₹45,40,750*","₹29,000*",1*,"₹50,00,000*",660,27757(1),27351(1),27351(1),-,-,-,-,-,-,-,-,-,-
KAR Govt Quota-Open,2BG,Karnataka,"AIMS, Adichunchanagiri, Bellur",ORTHOPAEDICS,"₹7,83,858*","₹23,750",1*,"₹50,00,000*",1120,27822(1),27822(1),27822(1),-,-,-,-,-,-,-,-,-,-
KAR Govt Quota-Open,GM,Karnataka,"Kasturba Med Coll, Mangalore",GENERAL SURGERY,"₹7,83,858*","₹45,000*",1*,"₹50,00,000*",1290,8325(1),8325(1),27961(1),-,-,-,-,-,-,-,-,-,-
KAR Govt Quota-Open,1G,Karnataka,"KIMS, Hubli",ANAESTHESIOLOGY,"₹1,24,150*","₹56,250",3*,"₹50,00,000*",1200,15061(1),15412(1),27975(1),-,-,-,-,-,-,-,-,-,-
KAR Priv Seats-Open,OPN,Karnataka,"St John's, Bangalore",RADIATION ONCOLOGY,"₹12,05,025*","₹45,000",1*,"₹5,00,000*",1720,27983(1),22412(1),27983(1),-,-,-,-,-,-,-,-,-,-
KAR Govt Quota-Open,2BG,Karnataka,"VIMS (Vydehi), Bangalore",PAEDIATRICS,"₹7,83,858*","₹29,000*",1*,"₹50,00,000*",1600,12810(1),12810(1),12964(1),28012(1),-,-,-,-,-,-,-,-,-
KAR Govt Quota-Open,3BG,Karnataka,Kodagu Inst of Med Sciences,ANAESTHESIOLOGY,"₹1,24,150*","₹56,250",3*,"₹50,00,000*",600,15260(1),12924(1),28460(1),-,-,-,-,-,-,-,-,-,-
KAR Priv Seats-Open,OPN,Karnataka,"VIMS (Vydehi), Bangalore",OBG,"₹13,88,744*","₹29,000*",1*,"₹50,00,000*",1600,6091(1),6091(1),10071(1),16345(1),28678(1),-,-,-,-,-,-,-,-
KAR Govt Quota-Open,GM,Karnataka,"SDM College, Dharwad",OPHTHALMOLOGY,"₹7,83,858*","₹45,000*",1*,"₹50,00,000*",670,15591(1),11534(1),28836(1),-,-,-,-,-,-,-,-,-,-
KAR Govt Quota-Open,2AG,Karnataka,"DR BR Ambedkar, Bangalore",GENERAL SURGERY,"₹7,83,858*","₹10,000*",1*,"₹50,00,000*",570,18979(1),18396(1),28964(2),-,-,-,-,-,-,-,-,-,-
KAR Govt Quota-Open,2AG,Karnataka,"AIMS, Adichunchanagiri, Bellur",TBRD,"₹7,83,858*","₹23,750",1*,"₹50,00,000*",1120,18341(1),17957(1),29494(1),-,-,-,-,-,-,-,-,-,-
KAR Govt Quota-Open,2AG,Karnataka,"Hassan IMS, Hassan",ANAESTHESIOLOGY,"₹1,24,150*","₹56,250",3*,"₹50,00,000*",Info Not Available,15344(1),15344(1),29623(1),-,-,-,-,-,-,-,-,-,-
KAR Govt Quota-Open,SCH,Karnataka,"ESIC Med Coll,Gulbarga",OBG,"₹2,50,000*","₹1,11,780*",2*,"₹10,00,000*",480,29732(1),28123(1),29732(1),-,-,-,-,-,-,-,-,-,-
KAR Govt Quota-Open,GMH,Karnataka,"Kasturba Med Coll, Mangalore",ORTHOPAEDICS,"₹7,83,858*","₹45,000*",1*,"₹50,00,000*",1290,29885(1),29885(1),29885(1),-,-,-,-,-,-,-,-,-,-
KAR Priv Seats-Open,OPN,Karnataka,"Nijalingappa, Bagalkot",ORTHOPAEDICS,"₹13,88,744*","₹10,000*",1*,"₹50,00,000*",1140,18236(1),17913(1),29904(1),-,-,-,-,-,-,-,-,-,-
KAR Govt Quota-Open,3BG,Karnataka,"JJM Med Coll, Davangere",OPHTHALMOLOGY,"₹7,83,858*","₹30,000*",1*,"₹50,00,000*",1930,17447(1),15820(1),29909(1),-,-,-,-,-,-,-,-,-,-
KAR Govt Quota-Open,GM,Karnataka,"SDM College, Dharwad",PSYCHIATRY,"₹7,83,858*","₹45,000*",1*,"₹50,00,000*",670,19697(1),18803(1),30214(1),-,-,-,-,-,-,-,-,-,-
KAR Govt Quota-Open,1G,Karnataka,"Shimoga IMS, Shimoga",ANAESTHESIOLOGY,"₹1,24,150*","₹56,250",3*,"₹50,00,000*",950,18226(1),16848(1),30233(1),-,-,-,-,-,-,-,-,-,-
KAR Govt Quota-Open,3BG,Karnataka,"Hassan IMS, Hassan",PSYCHIATRY,"₹1,24,150*","₹56,250",3*,"₹50,00,000*",Info Not Available,16175(1),15683(1),30268(1),-,-,-,-,-,-,-,-,-,-
KAR Priv Seats-GMP,GMP,Karnataka,"AJIMS, Mangalore",ENT,"₹13,88,744*","₹30,000",1*,"₹50,00,000*",910,24993(1),24993(1),30362(1),-,-,-,-,-,-,-,-,-,-
KAR Priv Seats-Min.,MM1,Karnataka,"Al-Ameen, Bijapur",PAEDIATRICS,"₹13,88,744*","₹9,000*",1*,"₹50,00,000*",1040,30430(3),28189(3),30430(3),-,-,-,-,-,-,-,-,-,-
KAR Govt Quota-Open,STG,Karnataka,"SSIMS & RC, Davangere",RADIO DIAGNOSIS,"₹7,83,858*","₹30,000",1*,"₹50,00,000*",1190,22270(1),30650(1),30650(1),-,-,-,-,-,-,-,-,-,-
KAR Govt Quota-Open,2AH,Karnataka,"ESIC Med Coll,Gulbarga",ENT,"₹2,50,000*","₹1,11,780*",2*,"₹10,00,000*",480,27211(1),20328(1),30819(1),-,-,-,-,-,-,-,-,-,-
KAR Govt Quota-Open,2AG,Karnataka,"Gadag IMS, Gadag",OPHTHALMOLOGY,"₹1,24,150*","₹56,250",3*,"₹50,00,000*",Info Not Available,14262(1),15454(1),30849(1),-,-,-,-,-,-,-,-,-,-
KAR Priv Seats-Min.,RC3,Karnataka,"St John's, Bangalore",EMERGENCY MEDICINE,"₹12,40,025*","₹45,000",1*,"₹5,00,000*",1720,12649(1),12649(1),30872(1),-,-,-,-,-,-,-,-,-,-
KAR Govt Quota-Open,3AG,Karnataka,"Sapthagiri IMS&RC, Bangalore",ORTHOPAEDICS,"₹8,09,608*","₹10,000*",1*,"₹50,00,000*",500,21360(1),14384(1),30874(1),-,-,-,-,-,-,-,-,-,-
KAR Priv Seats-Open,OPN,Karnataka,"Father Mullers, Mangalore",ANAESTHESIOLOGY,"₹13,88,744*","₹35,000*",1*,"₹50,00,000*",1250,20982(1),20982(1),31213(1),-,-,-,-,-,-,-,-,-,-
KAR Govt Quota-Open,SCH,Karnataka,"KIMS, Hubli",OBG,"₹1,24,150*","₹56,250",3*,"₹50,00,000*",1200,22574(1),22574(1),31227(1),-,-,-,-,-,-,-,-,-,-
KAR Priv Seats-Min.,MC1,Karnataka,"Father Mullers, Mangalore",RADIO DIAGNOSIS,"₹13,88,744*","₹35,000*",1*,"₹50,00,000*",1250,25174(3),25174(3),31237(3),-,-,-,-,-,-,-,-,-,-
KAR Priv Seats-Min.,MM1,Karnataka,"Al-Ameen, Bijapur",GENERAL MEDICINE,"₹13,88,744*","₹9,000*",1*,"₹50,00,000*",1040,23024(5),23533(5),31242(5),-,-,-,-,-,-,-,-,-,-
KAR Govt Quota-Open,2AG,Karnataka,"Sapthagiri IMS&RC, Bangalore",GENERAL SURGERY,"₹8,09,608*","₹10,000*",1*,"₹50,00,000*",500,24336(1),14048(1),31526(1),-,-,-,-,-,-,-,-,-,-
KAR Govt Quota-Open,SCG,Karnataka,"SSIMS & RC, Davangere",GENERAL MEDICINE,"₹7,83,858*","₹30,000",1*,"₹50,00,000*",1190,19837(1),19837(1),31555(1),-,-,-,-,-,-,-,-,-,-
KAR Govt Quota-Open,GM,Karnataka,"VIMS (Vydehi), Bangalore",PSYCHIATRY,"₹7,83,858*","₹29,000*",1*,"₹50,00,000*",1600,-,-,31658(1),-,-,-,-,-,-,-,-,-,-
KAR Priv Seats-GMP,GMP,Karnataka,"AIMS, Adichunchanagiri, Bellur",TBRD,"₹30,15,750*","₹23,750",1*,"₹50,00,000*",1120,28858(1),16240(1),31751(1),-,-,-,-,-,-,-,-,-,-
KAR Govt Quota-Open,STH,Karnataka,"MRMC, Gulbarga",RADIO DIAGNOSIS,"₹7,83,858*","₹8,000*",1*,"₹50,00,000*",1038,30650(1),31759(1),31759(1),-,-,-,-,-,-,-,-,-,-
KAR Priv Seats-Min.,MM1,Karnataka,"Kanachur IMS, Mangalore",PAEDIATRICS,"₹13,88,744*",Info not available,1*,"₹50,00,000*",785,25470(1),22710(1),31870(1),-,-,-,-,-,-,-,-,-,-
KAR Govt Quota-Open,3AG,Karnataka,"Kasturba Med Coll, Mangalore",RADIO DIAGNOSIS,-,-,-,-,1290,16557(1),15633(1),31918(1),-,-,-,-,-,-,-,-,-,-
KAR Priv Seats-Min.,MC1,Karnataka,"Father Mullers, Mangalore",DERMATOLOGY,"₹13,88,744*","₹35,000*",1*,"₹50,00,000*",1250,14272(2),14272(2),31985(2),-,-,-,-,-,-,-,-,-,-
KAR Priv Seats-Min.,MC1,Karnataka,"Father Mullers, Mangalore",OBG,"₹13,88,744*","₹35,000*",1*,"₹50,00,000*",1250,32186(2),32186(2),32186(2),-,-,-,-,-,-,-,-,-,-
KAR Priv Seats-Open,OPN,Karnataka,"East Point College,Bangalore",OPHTHALMOLOGY,"₹13,88,744*","₹20,000",1*,"₹50,00,000*",-,27241(1),26879(1),32222(1),-,-,-,-,-,-,-,-,-,-
KAR Govt Quota-Open,3BG,Karnataka,"Basaveswara, Chitradurga",GENERAL SURGERY,"₹7,83,858*","₹5,000*",1*,"₹50,00,000*",500,20205(1),20205(1),32472(1),-,-,-,-,-,-,-,-,-,-
KAR Govt Quota-Open,3AG,Karnataka,"Bangalore Med Coll, Bangalore",SPORTS MEDICINE,"₹1,24,150*","₹56,250",3*,"₹50,00,000*",1993,7879(1),7879(1),32480(1),-,-,-,-,-,-,-,-,-,-
KAR Priv Seats-Min.,MM1,Karnataka,"Al-Ameen, Bijapur",OBG,"₹13,88,744*","₹9,000*",1*,"₹50,00,000*",1040,30578(2),27451(2),32545(2),-,-,-,-,-,-,-,-,-,-
KAR Govt Quota-Open,2AG,Karnataka,"SMC, Shimoga",TBRD,"₹7,83,858*",Info not available,1*,"₹50,00,000*",1250,-,-,-,32569(1),-,-,-,-,-,-,-,-,-
KAR Govt Quota-Open,STG,Karnataka,"Belagavi IMS, Belagavi",OBG,"₹1,24,150*","₹56,250",3*,"₹50,00,000*",1000,32571(1),32571(1),32571(1),-,-,-,-,-,-,-,-,-,-
KAR Govt Quota-Open,STG,Karnataka,"JJM Med Coll, Davangere",GENERAL MEDICINE,"₹7,83,858*","₹30,000*",1*,"₹50,00,000*",1930,32954(1),32954(1),32954(1),-,-,-,-,-,-,-,-,-,-
KAR Govt Quota-Open,2BH,Karnataka,"Khaja Bandanawaz, Gulbarga",OPHTHALMOLOGY,"₹7,98,858*","₹30,000*",1*,"₹50,00,000*",833,32996(1),32996(1),32996(1),-,-,-,-,-,-,-,-,-,-
KAR Priv Seats-GMP,GMP,Karnataka,"Basaveswara, Chitradurga",GENERAL SURGERY,"₹13,88,744*","₹5,000*",1*,"₹50,00,000*",500,28227(1),20959(1),33472(1),-,-,-,-,-,-,-,-,-,-
KAR Govt Quota-Open,SCH,Karnataka,"Kempegowda IMS, Bangalore",GENERAL MEDICINE,"₹7,83,858*","₹35,000*",1*,"₹50,00,000*",1100,26322(1),29223(1),33502(1),-,-,-,-,-,-,-,-,-,-
KAR Govt Quota-Open,SCG,Karnataka,"Hassan IMS, Hassan",OBG,"₹1,24,150*","₹56,250",3*,"₹50,00,000*",Info Not Available,21826(1),21826(1),33602(1),-,-,-,-,-,-,-,-,-,-
KAR Govt Quota-Open,1G,Karnataka,"Sapthagiri IMS&RC, Bangalore",ORTHOPAEDICS,"₹8,09,608*","₹10,000*",1*,"₹50,00,000*",500,-,-,33727(1),-,-,-,-,-,-,-,-,-,-
KAR Govt Quota-Open,GM,Karnataka,"VIMS (Vydehi), Bangalore",ENT,"₹7,83,858*","₹29,000*",1*,"₹50,00,000*",1600,19847(1),16533(1),33736(1),-,-,-,-,-,-,-,-,-,-
KAR Govt Quota-Open,2BG,Karnataka,"VIMS (Vydehi), Bangalore",ORTHOPAEDICS,"₹7,83,858*","₹29,000*",1*,"₹50,00,000*",1600,28012(1),28012(1),33814(1),-,-,-,-,-,-,-,-,-,-
KAR Govt Quota-Open,SCG,Karnataka,"VIMS, Bellary",OBG,"₹1,24,150*","₹56,250",3*,"₹50,00,000*",1295,20562(1),20562(1),33968(1),-,-,-,-,-,-,-,-,-,-
KAR Govt Quota-Open,GMH,Karnataka,"Gulbarga IMS, Gulbarga",ENT,"₹1,24,150*","₹56,250",3*,"₹50,00,000*",873,19251(1),18739(1),33975(1),-,-,-,-,-,-,-,-,-,-
KAR Govt Quota-InS,GM,Karnataka,"Hassan IMS, Hassan",OBG,"₹1,24,150*","₹56,250",3*,"₹50,00,000*",Info Not Available,-,-,34037(1),-,-,-,-,-,-,-,-,-,-
KAR Govt Quota-Open,GM,Karnataka,"Kasturba Med Coll, Manipal",TBRD,-,-,-,-,2032,8983(1),9994(1),22656(1),34092(1),-,-,-,-,-,-,-,-,-
KAR Priv Seats-GMP,GMP,Karnataka,"Srinivasa IMS, Srinivasanagar",ORTHOPAEDICS,"₹50,40,750*","₹29,000*",1*,"₹50,00,000*",660,20708(1),18257(1),34097(1),-,-,-,-,-,-,-,-,-,-
KAR Govt Quota-Open,2BH,Karnataka,"JJM Med Coll, Davangere",ORTHOPAEDICS,"₹7,83,858*","₹30,000*",1*,"₹50,00,000*",1930,12576(1),12576(1),34161(1),-,-,-,-,-,-,-,-,-,-
KAR Govt Quota-Open,2AH,Karnataka,"Raichur IMS, Raichur",OPHTHALMOLOGY,"₹1,24,150*","₹56,250",3*,"₹50,00,000*",500,19191(1),19191(1),34198(1),-,-,-,-,-,-,-,-,-,-
KAR Govt Quota-Open,1G,Karnataka,"AIMS, Adichunchanagiri, Bellur",GENERAL SURGERY,"₹7,83,858*","₹23,750",1*,"₹50,00,000*",1120,16848(1),13607(1),34202(1),-,-,-,-,-,-,-,-,-,-
KAR Govt Quota-Open,1H,Karnataka,"VIMS, Bellary",ANAESTHESIOLOGY,"₹1,24,150*","₹56,250",3*,"₹50,00,000*",1295,19868(1),19868(1),34268(1),-,-,-,-,-,-,-,-,-,-
KAR Govt Quota-Open,GMH,Karnataka,"Srinivasa IMS, Srinivasanagar",TBRD,"₹8,08,858*","₹29,000*",1*,"₹50,00,000*",660,-,-,34533(1),-,-,-,-,-,-,-,-,-,-
KAR Govt Quota-Open,2AG,Karnataka,"Nijalingappa, Bagalkot",GENERAL SURGERY,"₹7,83,858*","₹10,000*",1*,"₹50,00,000*",1140,22099(1),18193(1),34625(1),-,-,-,-,-,-,-,-,-,-
KAR Govt Quota-Open,2AG,Karnataka,"Mandya IMS, Mandya",SPM,"₹69,150*","₹56,250",3*,"₹50,00,000*",Info Not Available,34709(1),34709(1),34709(1),-,-,-,-,-,-,-,-,-,-
KAR Govt Quota-Open,GMH,Karnataka,"MRMC, Gulbarga",OPHTHALMOLOGY,"₹7,83,858*","₹8,000*",1*,"₹50,00,000*",1038,20406(1),24528(1),34739(1),-,-,-,-,-,-,-,-,-,-
KAR Govt Quota-Open,GM,Karnataka,"BGS IMS, Bangalore",OPHTHALMOLOGY,"₹7,83,858*","₹25,000*",1*,"₹50,00,000*",766,-,-,34774(1),-,-,-,-,-,-,-,-,-,-
KAR Govt Quota-Open,2AG,Karnataka,"Al-Ameen, Bijapur",ORTHOPAEDICS,"₹7,83,858*","₹9,000*",1*,"₹50,00,000*",1040,18231(1),21286(1),34938(1),-,-,-,-,-,-,-,-,-,-
KAR Govt Quota-Open,SCG,Karnataka,Kodagu Inst of Med Sciences,OBG,"₹1,24,150*","₹56,250",3*,"₹50,00,000*",600,22735(1),22735(1),35008(1),-,-,-,-,-,-,-,-,-,-
KAR Govt Quota-Open,3BH,Karnataka,"JJM Med Coll, Davangere",ANAESTHESIOLOGY,"₹7,83,858*","₹30,000*",1*,"₹50,00,000*",1930,26072(1),25956(1),35296(1),-,-,-,-,-,-,-,-,-,-
KAR Govt Quota-Open,GMH,Karnataka,"Kasturba Med Coll, Mangalore",OBG,"₹7,83,858*","₹45,000*",1*,"₹50,00,000*",1290,-,-,35706(1),-,-,-,-,-,-,-,-,-,-
KAR Priv Seats-Open,OPN,Karnataka,"AJIMS, Mangalore",OPHTHALMOLOGY,"₹13,88,744*","₹30,000",1*,"₹50,00,000*",910,19838(1),18218(1),35776(1),-,-,-,-,-,-,-,-,-,-
KAR Govt Quota-Open,GM,Karnataka,"KVG Med Coll, Sullia",PHARMACOLOGY,"₹2,07,777*","₹7,500",1*,"₹50,00,000*",682,-,-,35924(1),-,-,-,-,-,-,-,-,-,-
KAR Priv Seats-Open,OPN,Karnataka,"KVG Med Coll, Sullia",PHARMACOLOGY,"₹3,59,003*","₹7,500",1*,"₹50,00,000*",682,35924(1),35924(1),-,-,-,-,-,-,-,-,-,-,-
KAR Priv Seats-GMP,GMPH,Karnataka,"AJIMS, Mangalore",TBRD,"₹13,88,744*","₹30,000",1*,"₹50,00,000*",910,23433(1),20406(1),35965(1),-,-,-,-,-,-,-,-,-,-
KAR Govt Quota-Open,2AG,Karnataka,"MVJMC&RH, Bangalore",GENERAL SURGERY,"₹7,83,858*","₹10,000*",1*,"₹50,00,000*",833,18893(1),18893(1),36079(1),-,-,-,-,-,-,-,-,-,-
KAR Govt Quota-Open,GMH,Karnataka,"VIMS, Bellary",ENT,"₹1,24,150*","₹56,250",3*,"₹50,00,000*",1295,10254(1),16203(1),36101(2),-,-,-,-,-,-,-,-,-,-
KAR Govt Quota-InS,GMH,Karnataka,"VIMS, Bellary",ANAESTHESIOLOGY,"₹1,24,150*","₹56,250",3*,"₹50,00,000*",1295,36101(1),-,-,-,-,-,-,-,-,-,-,-,-
KAR Priv Seats-Min.,MM1,Karnataka,"Kanachur IMS, Mangalore",TBRD,-,-,-,-,785,36103(1),36103(1),36103(1),-,-,-,-,-,-,-,-,-,-
KAR Govt Quota-Open,SCH,Karnataka,"BGS IMS, Bangalore",DERMATOLOGY,"₹7,83,858*","₹25,000*",1*,"₹50,00,000*",766,20807(1),20807(1),36198(1),-,-,-,-,-,-,-,-,-,-
KAR Govt Quota-Open,2AG,Karnataka,"Shridevi IMS, Tumkur",EMERGENCY MEDICINE,"₹7,83,858*",Info not available*,1*,"₹50,00,000*",750,-,-,36203(1),-,-,-,-,-,-,-,-,-,-
KAR Govt Quota-Open,1G,Karnataka,"KIMS, Hubli",ENT,"₹1,24,150*","₹56,250",3*,"₹50,00,000*",1200,14918(1),14918(1),36353(1),-,-,-,-,-,-,-,-,-,-
KAR Govt Quota-Open,SCG,Karnataka,"KVG Med Coll, Sullia",GENERAL MEDICINE,"₹7,83,858*","₹7,500",1*,"₹50,00,000*",682,33347(1),19775(1),36369(1),-,-,-,-,-,-,-,-,-,-
KAR Govt Quota-Open,2AG,Karnataka,"MS Ramaiah, Bangalore",PSYCHIATRY,"₹8,08,858*","₹45,000",1*,"₹50,00,000*",1331,18436(1),18436(1),36393(1),-,-,-,-,-,-,-,-,-,-
KAR Govt Quota-Open,2AG,Karnataka,"Hassan IMS, Hassan",ENT,"₹1,24,150*","₹56,250",3*,"₹50,00,000*",Info Not Available,21427(1),20372(1),36559(1),-,-,-,-,-,-,-,-,-,-
KAR Govt Quota-Open,3AG,Karnataka,"JJM Med Coll, Davangere",ANAESTHESIOLOGY,"₹7,83,858*","₹30,000*",1*,"₹50,00,000*",1930,22769(1),17999(1),36564(1),-,-,-,-,-,-,-,-,-,-
KAR NRI Quota,NRI,Karnataka,"Shridevi IMS, Tumkur",DERMATOLOGY,"₹1,20,15,750*",Info not available*,1*,"₹50,00,000*",750,17072(1),36576(1),-,-,-,-,-,-,-,-,-,-,-
KAR Govt Quota-Open,SCG,Karnataka,"KIMS, Hubli",TBRD,"₹1,24,150*","₹56,250",3*,"₹50,00,000*",1200,18999(1),19806(1),36770(1),-,-,-,-,-,-,-,-,-,-
KAR Priv Seats-GMP,GMP,Karnataka,"VIMS (Vydehi), Bangalore",EMERGENCY MEDICINE,"₹13,88,744*","₹29,000*",1*,"₹50,00,000*",1600,26435(1),21813(1),36775(1),-,-,-,-,-,-,-,-,-,-
KAR Govt Quota-Open,GM,Karnataka,"Gulbarga IMS, Gulbarga",PATHOLOGY,"₹69,150*","₹56,250",3*,"₹50,00,000*",873,34485(1),33477(1),36963(1),-,-,-,-,-,-,-,-,-,-
KAR Govt Quota-Open,3BG,Karnataka,"Shridevi IMS, Tumkur",GENERAL SURGERY,"₹7,83,858*",Info not available*,1*,"₹50,00,000*",750,20358(1),20358(1),37223(1),-,-,-,-,-,-,-,-,-,-
KAR Govt Quota-Open,SCH,Karnataka,"Navodaya Med Coll, Raichur",GENERAL MEDICINE,"₹7,83,858*","₹10,000*",1*,"₹50,00,000*",1110,33502(1),37239(1),37239(1),-,-,-,-,-,-,-,-,-,-
KAR Govt Quota-Open,2AH,Karnataka,"Gulbarga IMS, Gulbarga",OPHTHALMOLOGY,"₹1,24,150*","₹56,250",3*,"₹50,00,000*",873,-,-,37577(1),-,-,-,-,-,-,-,-,-,-
KAR Govt Quota-InS,GM,Karnataka,"DR BR Ambedkar, Bangalore",RADIO DIAGNOSIS,"₹7,83,858*","₹10,000*",1*,"₹50,00,000*",570,-,-,37655(1),-,-,-,-,-,-,-,-,-,-
KAR Govt Quota-Open,SCH,Karnataka,"Basaveswara, Chitradurga",PAEDIATRICS,"₹7,83,858*","₹5,000*",1*,"₹50,00,000*",500,37239(1),36198(1),37735(1),-,-,-,-,-,-,-,-,-,-
KAR Govt Quota-Open,SCG,Karnataka,"JJM Med Coll, Davangere",GENERAL SURGERY,"₹7,83,858*","₹30,000*",1*,"₹50,00,000*",1930,33852(1),24590(1),37887(1),-,-,-,-,-,-,-,-,-,-
KAR Priv Seats-GMP,GMP,Karnataka,"SSIMS & RC, Davangere",OPHTHALMOLOGY,"₹13,88,744*","₹30,000",1*,"₹50,00,000*",1190,22285(1),19871(1),37979(1),-,-,-,-,-,-,-,-,-,-
KAR Govt Quota-Open,SCG,Karnataka,"Mandya IMS, Mandya",ORTHOPAEDICS,"₹1,24,150*","₹56,250",3*,"₹50,00,000*",Info Not Available,-,-,38011(1),-,-,-,-,-,-,-,-,-,-
KAR Priv Seats-Open,OPN,Karnataka,"JJM Med Coll, Davangere",PSYCHIATRY,"₹13,88,744*","₹30,000*",1*,"₹50,00,000*",1930,18803(2),19966(2),38035(2),-,-,-,-,-,-,-,-,-,-
KAR Govt Quota-Open,3AG,Karnataka,"MS Ramaiah, Bangalore",ANAESTHESIOLOGY,"₹8,08,858*","₹45,000",1*,"₹50,00,000*",1331,22416(1),14179(1),38146(1),-,-,-,-,-,-,-,-,-,-
KAR Govt Quota-Open,2BG,Karnataka,"Sapthagiri IMS&RC, Bangalore",GENERAL SURGERY,"₹8,09,608*","₹10,000*",1*,"₹50,00,000*",500,29339(1),27737(1),38210(1),-,-,-,-,-,-,-,-,-,-
KAR Govt Quota-Open,2BG,Karnataka,"ESIC Med Coll,Gulbarga",ANAESTHESIOLOGY,"₹2,50,000*","₹1,11,780*",2*,"₹10,00,000*",480,-,-,38215(1),-,-,-,-,-,-,-,-,-,-
KAR Govt Quota-Open,2AG,Karnataka,"Kempegowda IMS, Bangalore",PSYCHIATRY,"₹7,83,858*","₹35,000*",1*,"₹50,00,000*",1100,33454(1),33454(1),38475(1),-,-,-,-,-,-,-,-,-,-
KAR Govt Quota-Open,GMH,Karnataka,"Mandya IMS, Mandya",ENT,"₹1,24,150*","₹56,250",3*,"₹50,00,000*",Info Not Available,20140(1),16694(1),38555(1),-,-,-,-,-,-,-,-,-,-
KAR Govt Quota-Open,SCG,Karnataka,"MVJMC&RH, Bangalore",PAEDIATRICS,"₹7,83,858*","₹10,000*",1*,"₹50,00,000*",833,29223(1),29665(1),38568(1),-,-,-,-,-,-,-,-,-,-
KAR Priv Seats-Open,OPN,Karnataka,"St John's, Bangalore",FAMILY MEDICINE,"₹12,05,025*","₹45,000",1*,"₹5,00,000*",1720,14492(1),14492(1),38685(1),-,-,-,-,-,-,-,-,-,-
KAR Priv Seats-GMP,GMPH,Karnataka,"VIMS (Vydehi), Bangalore",TBRD,"₹13,88,744*","₹29,000*",1*,"₹50,00,000*",1600,27478(1),26445(1),38737(1),-,-,-,-,-,-,-,-,-,-
KAR Govt Quota-Open,3BG,Karnataka,"Srinivasa IMS, Srinivasanagar",ORTHOPAEDICS,"₹8,08,858*","₹29,000*",1*,"₹50,00,000*",660,-,-,39067(1),-,-,-,-,-,-,-,-,-,-
KAR Priv Seats-Open,OPN,Karnataka,"Navodaya Med Coll, Raichur",OPHTHALMOLOGY,"₹13,88,744*","₹10,000*",1*,"₹50,00,000*",1110,25472(1),24994(1),39181(1),-,-,-,-,-,-,-,-,-,-
KAR Govt Quota-Open,GMH,Karnataka,"Sapthagiri IMS&RC, Bangalore",OPHTHALMOLOGY,"₹8,09,608*","₹10,000*",1*,"₹50,00,000*",500,27726(1),27726(1),39259(1),-,-,-,-,-,-,-,-,-,-
KAR Priv Seats-GMP,GMPH,Karnataka,"VIMS (Vydehi), Bangalore",GENERAL SURGERY,"₹13,88,744*","₹29,000*",1*,"₹50,00,000*",1600,25780(1),25780(1),39352(1),-,-,-,-,-,-,-,-,-,-
KAR Govt Quota-Open,GM,Karnataka,"Basaveswara, Chitradurga",PSYCHIATRY,"₹7,83,858*","₹5,000*",1*,"₹50,00,000*",500,-,-,39392(1),-,-,-,-,-,-,-,-,-,-
KAR Govt Quota-Open,GMH,Karnataka,"MVJMC&RH, Bangalore",OPHTHALMOLOGY,"₹7,83,858*","₹10,000*",1*,"₹50,00,000*",833,17146(1),17146(1),39433(1),-,-,-,-,-,-,-,-,-,-
KAR Priv Seats-GMP,GMP,Karnataka,"Akash IMS,Devanhalli,Bangalore",ORTHOPAEDICS,"₹13,88,744*","₹20,000",1*,"₹50,00,000*",760,18257(1),20708(1),39502(1),-,-,-,-,-,-,-,-,-,-
KAR Govt Quota-Open,3AH,Karnataka,"Bangalore Med Coll, Bangalore",PSYCHIATRY,"₹1,24,150*","₹56,250",3*,"₹50,00,000*",1993,20881(1),12038(1),39517(1),-,-,-,-,-,-,-,-,-,-
KAR Govt Quota-Open,STG,Karnataka,"MS Ramaiah, Bangalore",PAEDIATRICS,"₹8,08,858*","₹45,000",1*,"₹50,00,000*",1331,39613(1),39613(1),39613(1),-,-,-,-,-,-,-,-,-,-
KAR Govt Quota-Open,2AG,Karnataka,"AIMS, Adichunchanagiri, Bellur",OPHTHALMOLOGY,"₹7,83,858*","₹23,750",1*,"₹50,00,000*",1120,34625(1),21807(1),39623(1),-,-,-,-,-,-,-,-,-,-
KAR Priv Seats-GMP,GMP,Karnataka,"Navodaya Med Coll, Raichur",GENERAL SURGERY,"₹13,88,744*","₹10,000*",1*,"₹50,00,000*",1110,27961(1),16307(1),39942(1),-,-,-,-,-,-,-,-,-,-
KAR Govt Quota-Open,GM,Karnataka,"Oxford Med Coll, Bangalore",OPHTHALMOLOGY,"₹7,83,858*","₹30,000*",1*,"₹50,00,000*",770,23759(1),20271(1),39988(1),-,-,-,-,-,-,-,-,-,-
KAR Govt Quota-Open,GMH,Karnataka,"VIMS (Vydehi), Bangalore",ANAESTHESIOLOGY,"₹7,83,858*","₹29,000*",1*,"₹50,00,000*",1600,31869(1),26037(1),40040(1),-,-,-,-,-,-,-,-,-,-
KAR Priv Seats-GMP,GMPH,Karnataka,"MS Ramaiah, Bangalore",GENERAL MEDICINE,"₹50,40,750*","₹45,000",1*,"₹50,00,000*",1331,16188(1),40317(1),40317(1),-,-,-,-,-,-,-,-,-,-
KAR Priv Seats-GMP,GMPH,Karnataka,"Father Mullers, Mangalore",ANAESTHESIOLOGY,"₹13,88,744*","₹35,000*",1*,"₹50,00,000*",1250,35965(1),31231(1),40342(1),-,-,-,-,-,-,-,-,-,-
KAR Govt Quota-Open,3BG,Karnataka,"JJM Med Coll, Davangere",PSYCHIATRY,"₹7,83,858*","₹30,000*",1*,"₹50,00,000*",1930,-,-,40362(1),-,-,-,-,-,-,-,-,-,-
KAR Priv Seats-Open,OPN,Karnataka,"Srinivasa IMS, Srinivasanagar",TBRD,"₹40,40,750*","₹29,000*",1*,"₹50,00,000*",660,11787(1),11787(1),22486(1),40616(1),-,-,-,-,-,-,-,-,-
KAR Govt Quota-Open,SCH,Karnataka,"Navodaya Med Coll, Raichur",PAEDIATRICS,"₹7,83,858*","₹10,000*",1*,"₹50,00,000*",1110,40995(1),40995(1),40995(1),-,-,-,-,-,-,-,-,-,-
KAR Govt Quota-Open,STG,Karnataka,"Hassan IMS, Hassan",GENERAL MEDICINE,"₹1,24,150*","₹56,250",3*,"₹50,00,000*",Info Not Available,23601(1),23601(1),41132(1),-,-,-,-,-,-,-,-,-,-
KAR Govt Quota-Open,3AG,Karnataka,"KVG Med Coll, Sullia",ENT,"₹7,83,858*","₹7,500",1*,"₹50,00,000*",682,36474(1),31198(1),41420(1),-,-,-,-,-,-,-,-,-,-
KAR Priv Seats-Min.,MC1,Karnataka,"Father Mullers, Mangalore",PAEDIATRICS,"₹13,88,744*","₹35,000*",1*,"₹50,00,000*",1250,41031(3),41031(3),41559(3),-,-,-,-,-,-,-,-,-,-
KAR Govt Quota-Open,GM,Karnataka,"Al-Ameen, Bijapur",OPHTHALMOLOGY,"₹7,83,858*","₹9,000*",1*,"₹50,00,000*",1040,18218(1),26518(1),42039(1),-,-,-,-,-,-,-,-,-,-
KAR Govt Quota-Open,2AH,Karnataka,"MRMC, Gulbarga",ORTHOPAEDICS,"₹7,83,858*","₹8,000*",1*,"₹50,00,000*",1038,37043(1),23433(1),42093(2),-,-,-,-,-,-,-,-,-,-
KAR Govt Quota-Open,SCH,Karnataka,"Mysore Med Coll, Mysore",PSYCHIATRY,"₹1,24,150*","₹56,250",3*,"₹50,00,000*",1050,42627(1),42627(1),42627(1),-,-,-,-,-,-,-,-,-,-
KAR Govt Quota-Open,SCH,Karnataka,"Koppal Inst of MS, Koppal",GENERAL SURGERY,"₹1,24,150*","₹56,250",3*,"₹50,00,000*",Info Not Available,24657(1),24657(1),42638(1),-,-,-,-,-,-,-,-,-,-
KAR Govt Quota-Open,SCG,Karnataka,"Nijalingappa, Bagalkot",OBG,"₹7,83,858*","₹10,000*",1*,"₹50,00,000*",1140,29260(1),29260(1),43091(1),-,-,-,-,-,-,-,-,-,-
KAR Govt Quota-Open,1H,Karnataka,"Navodaya Med Coll, Raichur",OPHTHALMOLOGY,"₹7,83,858*","₹10,000*",1*,"₹50,00,000*",1110,31242(1),31242(1),43136(1),-,-,-,-,-,-,-,-,-,-
KAR Priv Seats-Min.,MM1,Karnataka,"Kanachur IMS, Mangalore",ORTHOPAEDICS,-,-,-,-,785,43155(1),43155(1),43155(1),-,-,-,-,-,-,-,-,-,-
KAR Govt Quota-Open,GMH,Karnataka,"Hassan IMS, Hassan",PATHOLOGY,"₹69,150*","₹56,250",3*,"₹50,00,000*",Info Not Available,-,-,43458(1),-,-,-,-,-,-,-,-,-,-
KAR Priv Seats-GMP,GMP,Karnataka,"SMC, Shimoga",ORTHOPAEDICS,-,-,-,-,1250,-,-,-,43568(1),-,-,-,-,-,-,-,-,-
KAR Govt Quota-Open,2AG,Karnataka,"AJIMS, Mangalore",OPHTHALMOLOGY,"₹7,83,858*","₹30,000",1*,"₹50,00,000*",910,34103(1),18019(1),44429(1),-,-,-,-,-,-,-,-,-,-
KAR Govt Quota-Open,SCG,Karnataka,"Navodaya Med Coll, Raichur",OBG,"₹7,83,858*","₹10,000*",1*,"₹50,00,000*",1110,36198(1),33852(1),44729(1),-,-,-,-,-,-,-,-,-,-
KAR Govt Quota-Open,STG,Karnataka,"Bangalore Med Coll, Bangalore",PAEDIATRICS,"₹1,24,150*","₹56,250",3*,"₹50,00,000*",1993,25745(1),3831(1),44987(1),-,-,-,-,-,-,-,-,-,-
KAR Govt Quota-Open,3BG,Karnataka,"KVG Med Coll, Sullia",ANAESTHESIOLOGY,"₹7,83,858*","₹7,500",1*,"₹50,00,000*",682,30232(1),27716(1),45039(1),-,-,-,-,-,-,-,-,-,-
KAR Govt Quota-Open,GM,Karnataka,"Basaveswara, Chitradurga",ENT,"₹7,83,858*","₹5,000*",1*,"₹50,00,000*",500,26518(1),25769(1),45078(1),-,-,-,-,-,-,-,-,-,-
KAR Govt Quota-Open,GMH,Karnataka,"KIMS, Hubli",OPHTHALMOLOGY,"₹1,24,150*","₹56,250",3*,"₹50,00,000*",1200,10321(1),9391(1),18846(1),45245(1),-,-,-,-,-,-,-,-,-
KAR Priv Seats-Open,OPN,Karnataka,"SMC, Shimoga",OPHTHALMOLOGY,"₹13,88,744*",Info not available,1*,"₹50,00,000*",1250,28508(1),25472(1),33029(1),45283(1),-,-,-,-,-,-,-,-,-
KAR Govt Quota-Open,SCG,Karnataka,"ESI, Bangalore",ANAESTHESIOLOGY,"₹2,50,000*","₹1,11,780*",2*,"₹10,00,000*",530,28082(1),28082(1),45328(1),-,-,-,-,-,-,-,-,-,-
KAR NRI Quota,NRI,Karnataka,"Basaveswara, Chitradurga",EMERGENCY MEDICINE,"₹60,15,750*","₹5,000*",1*,"₹50,00,000*",500,45338(1),-,-,-,-,-,-,-,-,-,-,-,-
KAR Govt Quota-Open,SCG,Karnataka,"Basaveswara, Chitradurga",TBRD,"₹7,83,858*","₹5,000*",1*,"₹50,00,000*",500,41698(1),36770(1),45387(1),-,-,-,-,-,-,-,-,-,-
KAR Govt Quota-Open,2AG,Karnataka,"JJM Med Coll, Davangere",ENT,"₹7,83,858*","₹30,000*",1*,"₹50,00,000*",1930,24400(1),24400(1),45817(1),-,-,-,-,-,-,-,-,-,-
KAR Govt Quota-Open,PGM,Karnataka,"Bangalore Med Coll, Bangalore",GENERAL MEDICINE,"₹1,24,150*","₹56,250",3*,"₹50,00,000*",1993,20098(1),20098(1),45954(1),-,-,-,-,-,-,-,-,-,-
KAR Govt Quota-Open,2AG,Karnataka,"DR BR Ambedkar, Bangalore",ANAESTHESIOLOGY,"₹7,83,858*","₹10,000*",1*,"₹50,00,000*",570,36576(1),26363(1),46091(1),-,-,-,-,-,-,-,-,-,-
KAR Priv Seats-Min.,MC1,Karnataka,"Father Mullers, Mangalore",ORTHOPAEDICS,"₹13,88,744*","₹35,000*",1*,"₹50,00,000*",1250,46467(3),41959(3),46467(3),-,-,-,-,-,-,-,-,-,-
KAR Govt Quota-Open,SCG,Karnataka,"Belagavi IMS, Belagavi",ENT,"₹1,24,150*","₹56,250",3*,"₹50,00,000*",1000,38568(1),23969(1),46535(1),-,-,-,-,-,-,-,-,-,-
KAR Govt Quota-Open,SCG,Karnataka,"MS Ramaiah, Bangalore",ENT,"₹8,08,858*","₹45,000",1*,"₹50,00,000*",1331,46535(1),45963(1),45963(1),-,-,-,-,-,-,-,-,-,-
KAR Govt Quota-InS,GM,Karnataka,"Mysore Med Coll, Mysore",RADIO DIAGNOSIS,"₹1,24,150*","₹56,250",3*,"₹50,00,000*",1050,46607(1),46607(1),46607(1),-,-,-,-,-,-,-,-,-,-
KAR Govt Quota-Open,SCG,Karnataka,Karwar Inst of Med Sciences,ENT,"₹1,24,150*","₹56,250",3*,"₹50,00,000*",650,33463(1),36920(1),46646(1),-,-,-,-,-,-,-,-,-,-
KAR Priv Seats-Min.,MC1,Karnataka,"Father Mullers, Mangalore",GENERAL MEDICINE,"₹13,88,744*","₹35,000*",1*,"₹50,00,000*",1250,41565(4),41559(4),46744(4),-,-,-,-,-,-,-,-,-,-
KAR Govt Quota-Open,SCH,Karnataka,"Belagavi IMS, Belagavi",ORTHOPAEDICS,"₹1,24,150*","₹56,250",3*,"₹50,00,000*",1000,30167(1),29732(1),46761(1),-,-,-,-,-,-,-,-,-,-
KAR Govt Quota-Open,2BG,Karnataka,"Basaveswara, Chitradurga",EMERGENCY MEDICINE,"₹7,83,858*","₹5,000*",1*,"₹50,00,000*",500,15945(1),35961(1),47001(1),-,-,-,-,-,-,-,-,-,-
KAR Govt Quota-Open,GM,Karnataka,"Al-Ameen, Bijapur",ANAESTHESIOLOGY,"₹7,83,858*","₹9,000*",1*,"₹50,00,000*",1040,27791(1),26564(1),47065(1),-,-,-,-,-,-,-,-,-,-
KAR Priv Seats-Min.,MM2,Karnataka,"Kanachur IMS, Mangalore",PSYCHIATRY,"₹13,88,744*",Info not available,1*,"₹50,00,000*",785,47065(1),-,-,-,-,-,-,-,-,-,-,-,-
KAR Govt Quota-Open,STG,Karnataka,"Gadag IMS, Gadag",OBG,"₹1,24,150*","₹56,250",3*,"₹50,00,000*",Info Not Available,36074(1),36074(1),47084(1),-,-,-,-,-,-,-,-,-,-
KAR NRI Quota,NRI,Karnataka,"Shridevi IMS, Tumkur",GENERAL SURGERY,"₹90,15,750*",Info not available*,1*,"₹50,00,000*",750,33725(1),47133(1),-,-,-,-,-,-,-,-,-,-,-
KAR Govt Quota-Open,2AG,Karnataka,"BGS IMS, Bangalore",ENT,"₹7,83,858*","₹25,000*",1*,"₹50,00,000*",766,-,-,47499(1),-,-,-,-,-,-,-,-,-,-
KAR Govt Quota-InS,GM,Karnataka,"KIMS, Hubli",RADIO DIAGNOSIS,"₹1,24,150*","₹56,250",3*,"₹50,00,000*",1200,47643(1),47643(1),47643(1),-,-,-,-,-,-,-,-,-,-
KAR Govt Quota-Open,2AG,Karnataka,"MVJMC&RH, Bangalore",ANAESTHESIOLOGY,"₹7,83,858*","₹10,000*",1*,"₹50,00,000*",833,36203(1),31526(1),47646(1),-,-,-,-,-,-,-,-,-,-
KAR Priv Seats-GMP,GMP,Karnataka,"Akash IMS,Devanhalli,Bangalore",OPHTHALMOLOGY,"₹13,88,744*","₹20,000",1*,"₹50,00,000*",760,31197(1),31197(1),48278(1),-,-,-,-,-,-,-,-,-,-
KAR Govt Quota-Open,GM,Karnataka,"SSIMS & RC, Davangere",OPHTHALMOLOGY,"₹7,83,858*","₹30,000",1*,"₹50,00,000*",1190,-,-,31436(1),48321(1),-,-,-,-,-,-,-,-,-
KAR Govt Quota-Open,3BG,Karnataka,"SMC, Shimoga",ORTHOPAEDICS,"₹7,83,858*",Info not available,1*,"₹50,00,000*",1250,-,-,-,48324(1),-,-,-,-,-,-,-,-,-
KAR Govt Quota-Open,GMH,Karnataka,"Nijalingappa, Bagalkot",ANAESTHESIOLOGY,"₹7,83,858*","₹10,000*",1*,"₹50,00,000*",1140,29909(1),29583(1),48697(1),-,-,-,-,-,-,-,-,-,-
KAR Govt Quota-Open,SCG,Karnataka,"Mandya IMS, Mandya",OPHTHALMOLOGY,"₹1,24,150*","₹56,250",3*,"₹50,00,000*",Info Not Available,36265(1),36265(1),48732(1),-,-,-,-,-,-,-,-,-,-
KAR Govt Quota-Open,STH,Karnataka,"ESIC Med Coll,Gulbarga",GENERAL SURGERY,"₹2,50,000*","₹1,11,780*",2*,"₹10,00,000*",480,46383(1),48777(1),-,-,-,-,-,-,-,-,-,-,-
KAR Govt Quota-Open,STG,Karnataka,"Gadag IMS, Gadag",DERMATOLOGY,"₹1,24,150*","₹56,250",3*,"₹50,00,000*",Info Not Available,27284(1),27284(1),48789(1),-,-,-,-,-,-,-,-,-,-
KAR Priv Seats-Min.,MU,Karnataka,"Srinivasa IMS, Srinivasanagar",ORTHOPAEDICS,"₹50,40,750*","₹29,000*",1*,"₹50,00,000*",660,43116(2),43116(2),48973(2),-,-,-,-,-,-,-,-,-,-
KAR Priv Seats-GMP,GMP,Karnataka,"MS Ramaiah, Bangalore",DERMATOLOGY,"₹65,40,750*","₹45,000",1*,"₹50,00,000*",1331,18351(1),11605(1),49107(1),-,-,-,-,-,-,-,-,-,-
KAR Govt Quota-Open,SCG,Karnataka,Kodagu Inst of Med Sciences,ANAESTHESIOLOGY,"₹1,24,150*","₹56,250",3*,"₹50,00,000*",600,38416(1),34215(1),49164(1),-,-,-,-,-,-,-,-,-,-
KAR Govt Quota-Open,2AG,Karnataka,"Navodaya Med Coll, Raichur",ANAESTHESIOLOGY,"₹7,83,858*","₹10,000*",1*,"₹50,00,000*",1110,37577(1),37577(1),49221(1),-,-,-,-,-,-,-,-,-,-
KAR Govt Quota-InS,GM,Karnataka,"VIMS, Bellary",GENERAL SURGERY,"₹1,24,150*","₹56,250",3*,"₹50,00,000*",1295,-,-,49458(1),-,-,-,-,-,-,-,-,-,-
KAR Govt Quota-Open,2AG,Karnataka,"Kanachur IMS, Mangalore",ANAESTHESIOLOGY,"₹7,83,858*",Info not available,1*,"₹50,00,000*",785,42556(1),37946(1),49474(1),-,-,-,-,-,-,-,-,-,-
KAR Govt Quota-Open,SCG,Karnataka,Karwar Inst of Med Sciences,ANAESTHESIOLOGY,"₹1,24,150*","₹56,250",3*,"₹50,00,000*",650,34215(1),38416(1),49484(1),-,-,-,-,-,-,-,-,-,-
KAR Govt Quota-Open,SCG,Karnataka,"MS Ramaiah, Bangalore",OPHTHALMOLOGY,"₹8,08,858*","₹45,000",1*,"₹50,00,000*",1331,37099(1),37099(1),49486(1),-,-,-,-,-,-,-,-,-,-
KAR Govt Quota-Open,GMH,Karnataka,"Sapthagiri IMS&RC, Bangalore",ANAESTHESIOLOGY,"₹8,09,608*","₹10,000*",1*,"₹50,00,000*",500,-,-,49504(1),-,-,-,-,-,-,-,-,-,-
KAR Govt Quota-Open,3BG,Karnataka,"BGS IMS, Bangalore",ANAESTHESIOLOGY,"₹7,83,858*","₹25,000*",1*,"₹50,00,000*",766,28460(1),26925(1),49774(2),-,-,-,-,-,-,-,-,-,-
KAR Govt Quota-Open,2AG,Karnataka,"Shridevi IMS, Tumkur",OPHTHALMOLOGY,"₹7,83,858*",Info not available*,1*,"₹50,00,000*",750,37946(1),29494(1),49805(1),-,-,-,-,-,-,-,-,-,-
KAR Priv Seats-GMP,GMP,Karnataka,"Father Mullers, Mangalore",ENT,"₹13,88,744*","₹35,000*",1*,"₹50,00,000*",1250,22766(1),22766(1),50103(1),-,-,-,-,-,-,-,-,-,-
KAR Govt Quota-Open,GM,Karnataka,"Oxford Med Coll, Bangalore",ANAESTHESIOLOGY,"₹7,83,858*","₹30,000*",1*,"₹50,00,000*",770,26735(1),26470(1),50195(1),-,-,-,-,-,-,-,-,-,-
KAR Govt Quota-Open,2BG,Karnataka,"Hassan IMS, Hassan",SPM,"₹69,150*","₹56,250",3*,"₹50,00,000*",Info Not Available,50261(1),50261(1),-,-,-,-,-,-,-,-,-,-,-
KAR Govt Quota-Open,SCG,Karnataka,"SDM College, Dharwad",ANAESTHESIOLOGY,"₹7,83,858*","₹45,000*",1*,"₹50,00,000*",670,50274(1),43390(1),43390(1),-,-,-,-,-,-,-,-,-,-
KAR Govt Quota-InS,GMH,Karnataka,"Raichur IMS, Raichur",DERMATOLOGY,"₹1,24,150*","₹56,250",3*,"₹50,00,000*",500,-,50560(1),50560(1),-,-,-,-,-,-,-,-,-,-
KAR Govt Quota-Open,GM,Karnataka,"Bangalore Med Coll, Bangalore",IHBT,"₹1,24,150*","₹56,250",3*,"₹50,00,000*",1993,14856(1),14856(1),50736(1),-,-,-,-,-,-,-,-,-,-
KAR Priv Seats-GMP,GMPH,Karnataka,"AIMS, Adichunchanagiri, Bellur",DERMATOLOGY,"₹50,15,750*","₹23,750",1*,"₹50,00,000*",1120,42518(1),42518(1),50774(1),-,-,-,-,-,-,-,-,-,-
KAR Priv Seats-GMP,GMPH,Karnataka,"Basaveswara, Chitradurga",ORTHOPAEDICS,"₹13,88,744*","₹5,000*",1*,"₹50,00,000*",500,37551(1),34161(1),50954(1),-,-,-,-,-,-,-,-,-,-
KAR Govt Quota-Open,2AG,Karnataka,"Bangalore Med Coll, Bangalore",PATHOLOGY,"₹69,150*","₹56,250",3*,"₹50,00,000*",1993,33720(1),33720(1),51003(1),-,-,-,-,-,-,-,-,-,-
KAR Priv Seats-Open,OPN,Karnataka,"SDM College, Dharwad",OPHTHALMOLOGY,"₹21,05,250*","₹45,000*",1*,"₹50,00,000*",670,32746(1),25819(1),51307(1),-,-,-,-,-,-,-,-,-,-
KAR Govt Quota-Open,SCG,Karnataka,"Sapthagiri IMS&RC, Bangalore",DERMATOLOGY,"₹8,09,608*","₹10,000*",1*,"₹50,00,000*",500,19806(1),24919(1),24919(1),51555(1),-,-,-,-,-,-,-,-,-
KAR Priv Seats-GMP,GMP,Karnataka,"SDM College, Dharwad",PSYCHIATRY,"₹19,95,350*","₹45,000*",1*,"₹50,00,000*",670,51807(1),42874(1),42874(1),-,-,-,-,-,-,-,-,-,-
KAR Govt Quota-Open,SCG,Karnataka,"Mandya IMS, Mandya",PSYCHIATRY,"₹1,24,150*","₹56,250",3*,"₹50,00,000*",Info Not Available,41884(1),45119(1),51910(1),-,-,-,-,-,-,-,-,-,-
KAR Govt Quota-Open,SCG,Karnataka,"AJIMS, Mangalore",ORTHOPAEDICS,"₹7,83,858*","₹30,000",1*,"₹50,00,000*",910,38830(1),38830(1),51918(1),-,-,-,-,-,-,-,-,-,-
KAR Govt Quota-Open,SCG,Karnataka,"KS Hegde, Mangalore",GENERAL SURGERY,"₹7,76,858*","₹45,000*",1*,"₹50,00,000*",1000,24590(1),37887(1),52430(1),-,-,-,-,-,-,-,-,-,-
KAR Priv Seats-Open,OPN,Karnataka,"SMC, Shimoga",TBRD,-,-,-,-,1250,-,-,-,52566(1),-,-,-,-,-,-,-,-,-
KAR Govt Quota-Open,SCG,Karnataka,"Father Mullers, Mangalore",ANAESTHESIOLOGY,"₹7,83,858*","₹35,000*",1*,"₹50,00,000*",1250,45328(1),41884(1),52767(1),-,-,-,-,-,-,-,-,-,-
KAR Govt Quota-Open,SCH,Karnataka,"ESIC Med Coll,Gulbarga",ANAESTHESIOLOGY,"₹2,50,000*","₹1,11,780*",2*,"₹10,00,000*",480,-,-,52995(1),-,-,-,-,-,-,-,-,-,-
KAR Govt Quota-Open,2BH,Karnataka,"MRMC, Gulbarga",ANAESTHESIOLOGY,"₹7,83,858*","₹8,000*",1*,"₹50,00,000*",1038,53001(1),53001(1),53001(1),-,-,-,-,-,-,-,-,-,-
KAR Govt Quota-Open,SCG,Karnataka,"Oxford Med Coll, Bangalore",EMERGENCY MEDICINE,"₹7,83,858*","₹30,000*",1*,"₹50,00,000*",770,41133(1),45387(1),53350(1),-,-,-,-,-,-,-,-,-,-
KAR Govt Quota-Open,SCG,Karnataka,"Shridevi IMS, Tumkur",TBRD,"₹7,83,858*",Info not available*,1*,"₹50,00,000*",750,45387(1),41133(1),53368(1),-,-,-,-,-,-,-,-,-,-
KAR Govt Quota-Open,3BG,Karnataka,"Bangalore Med Coll, Bangalore",RADIATION ONCOLOGY,"₹1,24,150*","₹56,250",3*,"₹50,00,000*",1993,31967(1),45039(1),53398(1),-,-,-,-,-,-,-,-,-,-
KAR Priv Seats-GMP,GMP,Karnataka,"MRMC, Gulbarga",ANAESTHESIOLOGY,"₹13,88,744*","₹8,000*",1*,"₹50,00,000*",1038,37610(1),32197(1),53406(1),-,-,-,-,-,-,-,-,-,-
KAR NRI Quota,NRI,Karnataka,"East Point College,Bangalore",ENT,-,-,-,-,-,-,53458(1),-,-,-,-,-,-,-,-,-,-,-
KAR Govt Quota-Open,SCH,Karnataka,"Gulbarga IMS, Gulbarga",ANAESTHESIOLOGY,"₹1,24,150*","₹56,250",3*,"₹50,00,000*",873,42891(1),37735(1),53526(1),-,-,-,-,-,-,-,-,-,-
KAR Govt Quota-Open,3BG,Karnataka,"Father Mullers, Mangalore",ENT,"₹7,83,858*","₹35,000*",1*,"₹50,00,000*",1250,25136(1),29909(1),53774(1),-,-,-,-,-,-,-,-,-,-
KAR Priv Seats-Open,OPN,Karnataka,"Akash IMS,Devanhalli,Bangalore",EMERGENCY MEDICINE,"₹13,88,744*","₹20,000",1*,"₹50,00,000*",760,19662(1),19662(1),24061(1),53938(1),-,-,-,-,-,-,-,-,-
KAR Govt Quota-Open,SCG,Karnataka,"Kempegowda IMS, Bangalore",ENT,"₹7,83,858*","₹35,000*",1*,"₹50,00,000*",1100,45963(1),48125(1),54224(1),-,-,-,-,-,-,-,-,-,-
KAR NRI Quota,NRI,Karnataka,"Kanachur IMS, Mangalore",ORTHOPAEDICS,"₹1,00,15,750*",Info not available,1*,"₹50,00,000*",785,54309(1),-,-,-,-,-,-,-,-,-,-,-,-
KAR NRI Quota,NRI,Karnataka,"Shridevi IMS, Tumkur",ORTHOPAEDICS,"₹90,15,750*",Info not available*,1*,"₹50,00,000*",750,26597(1),54309(1),-,-,-,-,-,-,-,-,-,-,-
KAR Priv Seats-Open,OPN,Karnataka,"Sapthagiri IMS&RC, Bangalore",ENT,"₹20,41,500*","₹10,000*",1*,"₹50,00,000*",500,30808(1),27147(1),54342(1),-,-,-,-,-,-,-,-,-,-
KAR Priv Seats-GMP,GMPH,Karnataka,"AJIMS, Mangalore",ANAESTHESIOLOGY,"₹13,88,744*","₹30,000",1*,"₹50,00,000*",910,39291(1),31869(1),54730(1),-,-,-,-,-,-,-,-,-,-
KAR Govt Quota-Open,GMH,Karnataka,"Nijalingappa, Bagalkot",ENT,"₹7,83,858*","₹10,000*",1*,"₹50,00,000*",1140,-,-,54977(1),-,-,-,-,-,-,-,-,-,-
KAR Govt Quota-Open,SCH,Karnataka,"MRMC, Gulbarga",GENERAL SURGERY,"₹7,83,858*","₹8,000*",1*,"₹50,00,000*",1038,42638(1),42638(1),55093(1),-,-,-,-,-,-,-,-,-,-
KAR Govt Quota-Open,SCG,Karnataka,"KVG Med Coll, Sullia",GENERAL SURGERY,"₹7,83,858*","₹7,500",1*,"₹50,00,000*",682,44025(1),44729(1),55374(1),-,-,-,-,-,-,-,-,-,-
KAR Govt Quota-Open,STG,Karnataka,"SDM College, Dharwad",OBG,"₹7,83,858*","₹45,000*",1*,"₹50,00,000*",670,55384(1),47084(1),55384(1),-,-,-,-,-,-,-,-,-,-
KAR Govt Quota-Open,1G,Karnataka,"Nijalingappa, Bagalkot",OPHTHALMOLOGY,"₹7,83,858*","₹10,000*",1*,"₹50,00,000*",1140,19661(1),19661(1),55562(1),-,-,-,-,-,-,-,-,-,-
KAR Govt Quota-Open,GMH,Karnataka,"Gulbarga IMS, Gulbarga",PATHOLOGY,"₹69,150*","₹56,250",3*,"₹50,00,000*",873,37834(1),34485(1),56249(1),56249(1),56249(1),-,-,-,-,-,-,-,-
KAR Govt Quota-Open,SCG,Karnataka,"AIMS, Adichunchanagiri, Bellur",ORTHOPAEDICS,"₹7,83,858*","₹23,750",1*,"₹50,00,000*",1120,39621(1),41698(1),56265(1),-,-,-,-,-,-,-,-,-,-
KAR Govt Quota-Open,2BG,Karnataka,"SDM College, Dharwad",ANAESTHESIOLOGY,"₹7,83,858*","₹45,000*",1*,"₹50,00,000*",670,38215(1),31870(1),56547(1),-,-,-,-,-,-,-,-,-,-
KAR Priv Seats-GMP,GMPH,Karnataka,"Srinivasa IMS, Srinivasanagar",GENERAL SURGERY,"₹45,40,750*","₹29,000*",1*,"₹50,00,000*",660,39988(1),25640(1),56690(1),-,-,-,-,-,-,-,-,-,-
KAR NRI Quota,NRI,Karnataka,"Father Mullers, Mangalore",ANAESTHESIOLOGY,"₹50,15,750*","₹35,000*",1*,"₹50,00,000*",1250,56912(1),56912(1),-,-,-,-,-,-,-,-,-,-,-
KAR Govt Quota-Open,3AH,Karnataka,"Khaja Bandanawaz, Gulbarga",GENERAL SURGERY,"₹7,98,858*","₹30,000*",1*,"₹50,00,000*",833,56932(1),30928(1),30928(1),-,-,-,-,-,-,-,-,-,-
KAR Govt Quota-Open,STG,Karnataka,"Kempegowda IMS, Bangalore",OBG,"₹7,83,858*","₹35,000*",1*,"₹50,00,000*",1100,57022(1),55384(1),57022(1),-,-,-,-,-,-,-,-,-,-
KAR Govt Quota-Open,SCH,Karnataka,"Chamrajanagar IMS, Karnataka",ANAESTHESIOLOGY,"₹1,24,150*","₹56,250",3*,"₹50,00,000*",750,43390(1),44238(1),57125(1),-,-,-,-,-,-,-,-,-,-
KAR Govt Quota-Open,SCG,Karnataka,"MS Ramaiah, Bangalore",TBRD,"₹8,08,858*","₹45,000",1*,"₹50,00,000*",1331,-,-,41652(1),57307(1),-,-,-,-,-,-,-,-,-
KAR Govt Quota-Open,1G,Karnataka,"SSIMS & RC, Davangere",ANAESTHESIOLOGY,"₹7,83,858*","₹30,000",1*,"₹50,00,000*",1190,31823(1),31823(1),57350(2),-,-,-,-,-,-,-,-,-,-
KAR Govt Quota-Open,SCH,Karnataka,"VIMS, Bellary",PATHOLOGY,"₹69,150*","₹56,250",3*,"₹50,00,000*",1295,57554(1),57554(1),-,-,-,-,-,-,-,-,-,-,-
KAR Priv Seats-Min.,MC1,Karnataka,"Father Mullers, Mangalore",OPHTHALMOLOGY,"₹13,88,744*","₹35,000*",1*,"₹50,00,000*",1250,58489(1),58489(1),58489(1),-,-,-,-,-,-,-,-,-,-
KAR Priv Seats-Min.,MM1,Karnataka,"Kanachur IMS, Mangalore",OPHTHALMOLOGY,"₹13,88,744*",Info not available,1*,"₹50,00,000*",785,58582(1),58582(1),58582(1),-,-,-,-,-,-,-,-,-,-
KAR Govt Quota-Open,SCG,Karnataka,"Navodaya Med Coll, Raichur",ORTHOPAEDICS,"₹7,83,858*","₹10,000*",1*,"₹50,00,000*",1110,43267(1),43267(1),58678(1),-,-,-,-,-,-,-,-,-,-
KAR Govt Quota-Open,STG,Karnataka,"Gulbarga IMS, Gulbarga",PAEDIATRICS,"₹1,24,150*","₹56,250",3*,"₹50,00,000*",873,36562(1),25745(1),58720(1),-,-,-,-,-,-,-,-,-,-
KAR Govt Quota-Open,SCG,Karnataka,"DR BR Ambedkar, Bangalore",OPHTHALMOLOGY,"₹7,83,858*","₹10,000*",1*,"₹50,00,000*",570,-,-,58793(1),-,-,-,-,-,-,-,-,-,-
KAR NRI Quota,NRI,Karnataka,"Basaveswara, Chitradurga",PAEDIATRICS,"₹1,05,15,750*","₹5,000*",1*,"₹50,00,000*",500,58855(1),-,-,-,-,-,-,-,-,-,-,-,-
KAR Priv Seats-Open,OPN,Karnataka,"MS Ramaiah, Bangalore",TBRD,"₹40,40,750*","₹45,000",1*,"₹50,00,000*",1331,16796(1),16796(1),59278(1),-,-,-,-,-,-,-,-,-,-
KAR Govt Quota-Open,SCG,Karnataka,"SSIMS & RC, Davangere",PSYCHIATRY,"₹7,83,858*","₹30,000",1*,"₹50,00,000*",1190,53350(1),59137(1),59403(1),-,-,-,-,-,-,-,-,-,-
KAR Govt Quota-Open,1G,Karnataka,"Bangalore Med Coll, Bangalore",PATHOLOGY,"₹69,150*","₹56,250",3*,"₹50,00,000*",1993,35671(1),26871(1),59453(1),-,-,-,-,-,-,-,-,-,-
KAR Govt Quota-Open,3BG,Karnataka,"AJIMS, Mangalore",ENT,"₹7,83,858*","₹30,000",1*,"₹50,00,000*",910,25640(1),30804(1),59612(1),-,-,-,-,-,-,-,-,-,-
KAR Govt Quota-Open,GM,Karnataka,"Shridevi IMS, Tumkur",ANAESTHESIOLOGY,"₹7,83,858*",Info not available*,1*,"₹50,00,000*",750,27011(1),25492(1),36201(1),59848(1),-,-,-,-,-,-,-,-,-
KAR Govt Quota-Open,GM,Karnataka,"East Point College,Bangalore",PSYCHIATRY,"₹7,83,858*","₹20,000",1*,"₹50,00,000*",-,30214(1),29190(1),59951(1),-,-,-,-,-,-,-,-,-,-
KAR Govt Quota-Open,SCG,Karnataka,"AIMS, Adichunchanagiri, Bellur",ANAESTHESIOLOGY,"₹7,83,858*","₹23,750",1*,"₹50,00,000*",1120,48508(1),47203(1),60164(1),-,-,-,-,-,-,-,-,-,-
KAR Govt Quota-Open,SCH,Karnataka,"Basaveswara, Chitradurga",GENERAL SURGERY,"₹7,83,858*","₹5,000*",1*,"₹50,00,000*",500,46761(1),45823(1),60371(1),-,-,-,-,-,-,-,-,-,-
KAR Govt Quota-Open,GM,Karnataka,"MRMC, Gulbarga",PSYCHIATRY,"₹7,83,858*","₹8,000*",1*,"₹50,00,000*",1038,22373(1),28970(1),60379(1),-,-,-,-,-,-,-,-,-,-
KAR Govt Quota-Open,2AH,Karnataka,"KS Hegde, Mangalore",ANAESTHESIOLOGY,"₹7,76,858*","₹45,000*",1*,"₹50,00,000*",1000,-,-,60380(1),-,-,-,-,-,-,-,-,-,-
KAR Govt Quota-Open,STG,Karnataka,"DR BR Ambedkar, Bangalore",GENERAL MEDICINE,"₹7,83,858*","₹10,000*",1*,"₹50,00,000*",570,41132(1),41132(1),60442(1),-,-,-,-,-,-,-,-,-,-
KAR Govt Quota-Open,SCG,Karnataka,"DR BR Ambedkar, Bangalore",ENT,"₹7,83,858*","₹10,000*",1*,"₹50,00,000*",570,50161(1),50161(1),60505(1),-,-,-,-,-,-,-,-,-,-
KAR Govt Quota-Open,STH,Karnataka,"Gadag IMS, Gadag",OBG,"₹1,24,150*","₹56,250",3*,"₹50,00,000*",Info Not Available,37527(1),37527(1),60527(1),-,-,-,-,-,-,-,-,-,-
KAR Govt Quota-Open,SCH,Karnataka,"MVJMC&RH, Bangalore",GENERAL SURGERY,"₹7,83,858*","₹10,000*",1*,"₹50,00,000*",833,45823(1),43091(1),60807(1),-,-,-,-,-,-,-,-,-,-
KAR Govt Quota-Open,3AG,Karnataka,"Kidwai Memorial, Bangalore",PATHOLOGY,"₹69,150*","₹56,250",3*,"₹50,00,000*",680,33490(1),23418(1),61307(1),-,-,-,-,-,-,-,-,-,-
KAR Govt Quota-Open,SCH,Karnataka,"Bangalore Med Coll, Bangalore",OPHTHALMOLOGY,"₹1,24,150*","₹56,250",3*,"₹50,00,000*",1993,33968(1),33968(1),61319(1),-,-,-,-,-,-,-,-,-,-
KAR Govt Quota-Open,STG,Karnataka,"Gadag IMS, Gadag",PSYCHIATRY,"₹1,24,150*","₹56,250",3*,"₹50,00,000*",Info Not Available,61547(1),61547(1),-,-,-,-,-,-,-,-,-,-,-
KAR Govt Quota-Open,SCG,Karnataka,"Basaveswara, Chitradurga",OPHTHALMOLOGY,"₹7,83,858*","₹5,000*",1*,"₹50,00,000*",500,44413(1),50652(1),61658(1),-,-,-,-,-,-,-,-,-,-
KAR Govt Quota-Open,GM,Karnataka,"KIMS, Hubli",SPM,"₹69,150*","₹56,250",3*,"₹50,00,000*",1200,21908(1),28445(1),61943(1),-,-,-,-,-,-,-,-,-,-
KAR Govt Quota-InS,GM,Karnataka,"Bangalore Med Coll, Bangalore",OPHTHALMOLOGY,"₹1,24,150*","₹56,250",3*,"₹50,00,000*",1993,62049(1),62049(1),62049(1),-,-,-,-,-,-,-,-,-,-
KAR Priv Seats-GMP,GMP,Karnataka,"Father Mullers, Mangalore",RADIATION ONCOLOGY,"₹13,88,744*","₹35,000*",1*,"₹50,00,000*",1250,38737(1),33406(1),62192(1),-,-,-,-,-,-,-,-,-,-
KAR Govt Quota-Open,SCG,Karnataka,"Kanachur IMS, Mangalore",OPHTHALMOLOGY,"₹7,83,858*",Info not available,1*,"₹50,00,000*",785,50445(1),53350(1),62353(1),-,-,-,-,-,-,-,-,-,-
KAR Govt Quota-Open,3AH,Karnataka,"MRMC, Gulbarga",ENT,"₹7,83,858*","₹8,000*",1*,"₹50,00,000*",1038,59278(1),59278(1),62371(1),-,-,-,-,-,-,-,-,-,-
KAR Govt Quota-Open,STG,Karnataka,"MVJMC&RH, Bangalore",GENERAL MEDICINE,"₹7,83,858*","₹10,000*",1*,"₹50,00,000*",833,38985(1),38985(1),62454(1),-,-,-,-,-,-,-,-,-,-
KAR Govt Quota-InS,GM,Karnataka,"Bangalore Med Coll, Bangalore",ENT,"₹1,24,150*","₹56,250",3*,"₹50,00,000*",1993,62658(1),-,-,-,-,-,-,-,-,-,-,-,-
KAR Govt Quota-Open,SCG,Karnataka,"Khaja Bandanawaz, Gulbarga",ANAESTHESIOLOGY,"₹7,98,858*","₹30,000*",1*,"₹50,00,000*",833,57231(1),57231(1),62665(1),-,-,-,-,-,-,-,-,-,-
KAR NRI Quota,NRI,Karnataka,"SSIMS & RC, Davangere",ORTHOPAEDICS,"₹60,15,750*","₹30,000",1*,"₹50,00,000*",1190,62810(1),-,-,-,-,-,-,-,-,-,-,-,-
KAR Priv Seats-Open,OPN,Karnataka,"St John's, Bangalore",PMR,"₹12,05,025*","₹45,000",1*,"₹5,00,000*",1720,-,-,62844(1),44887(1),-,-,-,-,-,-,-,-,-
KAR Govt Quota-Open,2AG,Karnataka,"BGS IMS, Bangalore",PSYCHIATRY,"₹7,83,858*","₹25,000*",1*,"₹50,00,000*",766,36393(1),41090(1),62855(1),-,-,-,-,-,-,-,-,-,-
KAR NRI Quota,NRI,Karnataka,"VIMS (Vydehi), Bangalore",TBRD,-,-,-,-,1600,63010(1),19154(1),-,-,-,-,-,-,-,-,-,-,-
KAR Govt Quota-InS,GM,Karnataka,"Mysore Med Coll, Mysore",ANAESTHESIOLOGY,"₹1,24,150*","₹56,250",3*,"₹50,00,000*",1050,63404(1),-,-,-,-,-,-,-,-,-,-,-,-
KAR Govt Quota-Open,2BG,Karnataka,"East Point College,Bangalore",ANAESTHESIOLOGY,"₹7,83,858*","₹20,000",1*,"₹50,00,000*",-,49152(1),38215(1),63422(1),-,-,-,-,-,-,-,-,-,-
KAR Govt Quota-Open,SCG,Karnataka,"Akash IMS,Devanhalli,Bangalore",ANAESTHESIOLOGY,"₹7,83,858*","₹20,000",1*,"₹50,00,000*",760,60441(1),50274(1),63532(1),-,-,-,-,-,-,-,-,-,-
KAR Govt Quota-Open,2AH,Karnataka,"SDM College, Dharwad",ANAESTHESIOLOGY,"₹7,83,858*","₹45,000*",1*,"₹50,00,000*",670,34779(1),24519(1),63675(1),-,-,-,-,-,-,-,-,-,-
KAR Govt Quota-Open,2AG,Karnataka,"Father Mullers, Mangalore",PATHOLOGY,"₹2,07,777*","₹35,000*",1*,"₹50,00,000*",1250,64027(1),64027(1),-,-,-,-,-,-,-,-,-,-,-
KAR Govt Quota-Open,2AG,Karnataka,"Mysore Med Coll, Mysore",PATHOLOGY,"₹69,150*","₹56,250",3*,"₹50,00,000*",1050,43223(1),43223(1),64027(1),-,-,-,-,-,-,-,-,-,-
KAR Govt Quota-Open,2AG,Karnataka,"DR BR Ambedkar, Bangalore",OPHTHALMOLOGY,"₹7,83,858*","₹10,000*",1*,"₹50,00,000*",570,30849(1),27757(1),64212(1),-,-,-,-,-,-,-,-,-,-
KAR Govt Quota-Open,SCG,Karnataka,"Shridevi IMS, Tumkur",ENT,"₹7,83,858*",Info not available*,1*,"₹50,00,000*",750,52211(1),52211(1),64214(1),-,-,-,-,-,-,-,-,-,-
KAR Priv Seats-Min.,MC1,Karnataka,"Father Mullers, Mangalore",GENERAL SURGERY,"₹13,88,744*","₹35,000*",1*,"₹50,00,000*",1250,51619(4),55215(4),65034(4),-,-,-,-,-,-,-,-,-,-
KAR Priv Seats-Open,OPN,Karnataka,"KVG Med Coll, Sullia",ANAESTHESIOLOGY,"₹13,88,744*","₹7,500",1*,"₹50,00,000*",682,31828(1),31218(1),49865(1),65230(1),-,-,-,-,-,-,-,-,-
KAR Govt Quota-Open,GM,Karnataka,"Khaja Bandanawaz, Gulbarga",PATHOLOGY,"₹2,22,777*","₹30,000*",1*,"₹50,00,000*",833,-,-,65474(1),-,-,-,-,-,-,-,-,-,-
KAR Govt Quota-InS,SCG,Karnataka,"Mysore Med Coll, Mysore",ORTHOPAEDICS,"₹1,24,150*","₹56,250",3*,"₹50,00,000*",1050,65524(1),65524(1),-,-,-,-,-,-,-,-,-,-,-
KAR Govt Quota-Open,SCG,Karnataka,"East Point College,Bangalore",ANAESTHESIOLOGY,"₹7,83,858*","₹20,000",1*,"₹50,00,000*",-,-,-,65736(1),-,-,-,-,-,-,-,-,-,-
KAR Govt Quota-Open,GM,Karnataka,"MS Ramaiah, Bangalore",SPM,"₹2,32,777*","₹45,000",1*,"₹50,00,000*",1331,-,-,65783(1),-,-,-,-,-,-,-,-,-,-
KAR Govt Quota-Open,STG,Karnataka,"Mysore Med Coll, Mysore",GENERAL SURGERY,"₹1,24,150*","₹56,250",3*,"₹50,00,000*",1050,36303(1),36303(1),65982(1),-,-,-,-,-,-,-,-,-,-
KAR Govt Quota-Open,SCG,Karnataka,"Bangalore Med Coll, Bangalore",GERIATRICS,"₹1,24,150*","₹56,250",3*,"₹50,00,000*",1993,26819(1),26819(1),66217(1),-,-,-,-,-,-,-,-,-,-
KAR Govt Quota-Open,3BH,Karnataka,"Akash IMS,Devanhalli,Bangalore",EMERGENCY MEDICINE,"₹7,83,858*","₹20,000",1*,"₹50,00,000*",760,27716(1),33113(1),66786(1),-,-,-,-,-,-,-,-,-,-
KAR Govt Quota-Open,1G,Karnataka,"MS Ramaiah, Bangalore",RADIATION ONCOLOGY,"₹8,08,858*","₹45,000",1*,"₹50,00,000*",1331,66881(1),66881(1),66881(1),-,-,-,-,-,-,-,-,-,-
KAR NRI Quota,NRI,Karnataka,"MS Ramaiah, Bangalore",TBRD,"₹65,40,750*","₹45,000",1*,"₹50,00,000*",1331,66986(1),66986(1),66986(1),-,-,-,-,-,-,-,-,-,-
KAR Govt Quota-InS,SCG,Karnataka,"Bangalore Med Coll, Bangalore",PAEDIATRICS,"₹1,24,150*","₹56,250",3*,"₹50,00,000*",1993,67154(1),67154(1),-,-,-,-,-,-,-,-,-,-,-
KAR Priv Seats-Open,OPN,Karnataka,"Al-Ameen, Bijapur",ANAESTHESIOLOGY,"₹13,88,744*","₹9,000*",1*,"₹50,00,000*",1040,31870(1),30082(1),67653(1),67684(1),-,-,-,-,-,-,-,-,-
KAR NRI Quota,NRI,Karnataka,"SSIMS & RC, Davangere",GENERAL SURGERY,"₹65,15,750*","₹30,000",1*,"₹50,00,000*",1190,-,67922(1),-,-,-,-,-,-,-,-,-,-,-
KAR Govt Quota-Open,SCG,Karnataka,"Bangalore Med Coll, Bangalore",MICROBIOLOGY,"₹69,150*","₹56,250",3*,"₹50,00,000*",1993,68097(1),68097(1),-,-,-,-,-,-,-,-,-,-,-
KAR Priv Seats-Min.,MC2,Karnataka,"Father Mullers, Mangalore",PATHOLOGY,"₹3,59,003*","₹35,000*",1*,"₹50,00,000*",1250,68882(2),48560(1),-,-,-,-,-,-,-,-,-,-,-
KAR Govt Quota-Open,SCG,Karnataka,"Basaveswara, Chitradurga",ANAESTHESIOLOGY,"₹7,83,858*","₹5,000*",1*,"₹50,00,000*",500,53526(1),53526(1),68896(1),-,-,-,-,-,-,-,-,-,-
KAR Govt Quota-Open,SCG,Karnataka,"East Point College,Bangalore",PSYCHIATRY,"₹7,83,858*","₹20,000",1*,"₹50,00,000*",-,59137(1),69021(1),69021(1),-,-,-,-,-,-,-,-,-,-
KAR Govt Quota-Open,STG,Karnataka,"KIMS, Hubli",ORTHOPAEDICS,"₹1,24,150*","₹56,250",3*,"₹50,00,000*",1200,46842(1),38531(1),69533(1),-,-,-,-,-,-,-,-,-,-
KAR Priv Seats-GMP,GMPH,Karnataka,"MRMC, Gulbarga",PSYCHIATRY,"₹13,88,744*","₹8,000*",1*,"₹50,00,000*",1038,35565(1),35565(1),69780(1),-,-,-,-,-,-,-,-,-,-
KAR Govt Quota-Open,STH,Karnataka,"Navodaya Med Coll, Raichur",ORTHOPAEDICS,"₹7,83,858*","₹10,000*",1*,"₹50,00,000*",1110,70166(1),70166(1),-,-,-,-,-,-,-,-,-,-,-
KAR Govt Quota-Open,STH,Karnataka,"Navodaya Med Coll, Raichur",DERMATOLOGY,"₹7,83,858*","₹10,000*",1*,"₹50,00,000*",1110,69715(1),49736(1),70166(1),-,-,-,-,-,-,-,-,-,-
KAR NRI Quota,NRI,Karnataka,"Oxford Med Coll, Bangalore",PATHOLOGY,"₹3,15,750*","₹30,000*",1*,"₹50,00,000*",770,47133(1),70784(1),-,-,-,-,-,-,-,-,-,-,-
KAR Priv Seats-Min.,MM1,Karnataka,"Al-Ameen, Bijapur",ORTHOPAEDICS,"₹13,88,744*","₹9,000*",1*,"₹50,00,000*",1040,68606(3),68606(3),70796(3),-,-,-,-,-,-,-,-,-,-
KAR Govt Quota-Open,STG,Karnataka,"Belagavi IMS, Belagavi",ORTHOPAEDICS,"₹1,24,150*","₹56,250",3*,"₹50,00,000*",1000,33378(1),33378(1),70855(1),-,-,-,-,-,-,-,-,-,-
KAR Priv Seats-GMP,GMP,Karnataka,"KVG Med Coll, Sullia",ANAESTHESIOLOGY,"₹13,88,744*","₹7,500",1*,"₹50,00,000*",682,39691(1),31735(1),71643(1),-,-,-,-,-,-,-,-,-,-
KAR Govt Quota-Open,SCG,Karnataka,"KVG Med Coll, Sullia",SPM,"₹2,07,777*","₹7,500",1*,"₹50,00,000*",682,71965(1),-,-,-,-,-,-,-,-,-,-,-,-
KAR Priv Seats-GMP,GMP,Karnataka,"Sapthagiri IMS&RC, Bangalore",OPHTHALMOLOGY,"₹25,41,500*","₹10,000*",1*,"₹50,00,000*",500,38131(1),51307(1),72094(1),-,-,-,-,-,-,-,-,-,-
KAR Priv Seats-Open,OPN,Karnataka,"Akash IMS,Devanhalli,Bangalore",ANAESTHESIOLOGY,"₹13,88,744*","₹20,000",1*,"₹50,00,000*",760,32984(1),22804(1),51185(1),72244(1),-,-,-,-,-,-,-,-,-
KAR Priv Seats-Open,OPN,Karnataka,"MRMC, Gulbarga",PATHOLOGY,"₹3,59,003*","₹8,000*",1*,"₹50,00,000*",1038,-,-,72508(1),72508(1),-,-,-,-,-,-,-,-,-
KAR NRI Quota,NRI,Karnataka,"MRMC, Gulbarga",PATHOLOGY,"₹7,15,750*","₹8,000*",1*,"₹50,00,000*",1038,72508(1),72508(1),-,-,-,-,-,-,-,-,-,-,-
KAR NRI Quota,NRI,Karnataka,"Navodaya Med Coll, Raichur",PATHOLOGY,"₹10,15,750*","₹10,000*",1*,"₹50,00,000*",1110,72600(1),72600(1),-,-,-,-,-,-,-,-,-,-,-
KAR Priv Seats-GMP,GMP,Karnataka,"VIMS (Vydehi), Bangalore",RADIATION ONCOLOGY,"₹13,88,744*","₹29,000*",1*,"₹50,00,000*",1600,-,-,73332(1),68362(1),-,-,-,-,-,-,-,-,-
KAR Govt Quota-Open,STG,Karnataka,"Shimoga IMS, Shimoga",ENT,"₹1,24,150*","₹56,250",3*,"₹50,00,000*",950,73351(1),73351(1),-,-,-,-,-,-,-,-,-,-,-
KAR Govt Quota-Open,STG,Karnataka,"MVJMC&RH, Bangalore",OBG,"₹7,83,858*","₹10,000*",1*,"₹50,00,000*",833,63313(1),58826(1),73351(1),-,-,-,-,-,-,-,-,-,-
KAR Govt Quota-Open,2AG,Karnataka,"MVJMC&RH, Bangalore",PSYCHIATRY,"₹7,83,858*","₹10,000*",1*,"₹50,00,000*",833,38475(1),38475(1),73404(1),-,-,-,-,-,-,-,-,-,-
KAR Govt Quota-Open,SCH,Karnataka,"VIMS, Bellary",ENT,"₹1,24,150*","₹56,250",3*,"₹50,00,000*",1295,42031(1),42031(1),73581(2),-,-,-,-,-,-,-,-,-,-
KAR Priv Seats-GMP,GMPH,Karnataka,"MVJMC&RH, Bangalore",OPHTHALMOLOGY,"₹13,88,744*","₹10,000*",1*,"₹50,00,000*",833,43136(1),38875(1),74352(1),-,-,-,-,-,-,-,-,-,-
KAR Priv Seats-GMP,GMPH,Karnataka,"BGS IMS, Bangalore",PSYCHIATRY,"₹13,88,744*","₹25,000*",1*,"₹50,00,000*",766,66786(1),68670(1),74658(1),-,-,-,-,-,-,-,-,-,-
KAR NRI Quota,NRI,Karnataka,"KVG Med Coll, Sullia",ORTHOPAEDICS,"₹1,00,15,750*","₹7,500",1*,"₹50,00,000*",682,74751(1),-,-,-,-,-,-,-,-,-,-,-,-
KAR Priv Seats-Min.,MM1,Karnataka,"Al-Ameen, Bijapur",GENERAL SURGERY,"₹13,88,744*","₹9,000*",1*,"₹50,00,000*",1040,51118(4),45392(4),74921(4),-,-,-,-,-,-,-,-,-,-
KAR Priv Seats-Min.,MM2,Karnataka,"Al-Ameen, Bijapur",PATHOLOGY,"₹3,59,003*","₹9,000*",1*,"₹50,00,000*",1040,75059(1),75059(1),-,-,-,-,-,-,-,-,-,-,-
KAR Govt Quota-Open,1G,Karnataka,"Navodaya Med Coll, Raichur",ENT,"₹7,83,858*","₹10,000*",1*,"₹50,00,000*",1110,36304(1),36304(1),75290(1),-,-,-,-,-,-,-,-,-,-
KAR Priv Seats-Open,OPN,Karnataka,"Basaveswara, Chitradurga",OPHTHALMOLOGY,"₹13,88,744*","₹5,000*",1*,"₹50,00,000*",500,27210(1),25773(1),46069(1),75322(1),-,-,-,-,-,-,-,-,-
KAR Govt Quota-Open,STG,Karnataka,"Nijalingappa, Bagalkot",PAEDIATRICS,"₹7,83,858*","₹10,000*",1*,"₹50,00,000*",1140,48789(1),48789(1),75474(1),-,-,-,-,-,-,-,-,-,-
KAR Govt Quota-Open,STG,Karnataka,"AJIMS, Mangalore",ENT,"₹7,83,858*","₹30,000",1*,"₹50,00,000*",910,75474(1),75474(1),-,-,-,-,-,-,-,-,-,-,-
KAR Priv Seats-GMP,GMPH,Karnataka,"MS Ramaiah, Bangalore",HOSPITAL ADMINISTRATION,"₹15,40,750*","₹45,000",1*,"₹50,00,000*",1331,-,75818(1),-,-,-,-,-,-,-,-,-,-,-
KAR Govt Quota-Open,P2AG,Karnataka,"Basaveswara, Chitradurga",RADIO DIAGNOSIS,"₹7,83,858*","₹5,000*",1*,"₹50,00,000*",500,-,75833(1),-,-,-,-,-,-,-,-,-,-,-
KAR NRI Quota,NRI,Karnataka,"MS Ramaiah, Bangalore",EMERGENCY MEDICINE,"₹40,40,750*","₹45,000",1*,"₹50,00,000*",1331,45780(1),45780(1),76154(1),-,-,-,-,-,-,-,-,-,-
KAR Priv Seats-GMP,GMP,Karnataka,"Basaveswara, Chitradurga",ENT,"₹13,88,744*","₹5,000*",1*,"₹50,00,000*",500,45941(1),39988(1),76210(1),-,-,-,-,-,-,-,-,-,-
KAR Govt Quota-Open,2AG,Karnataka,"Oxford Med Coll, Bangalore",ENT,"₹7,83,858*","₹30,000*",1*,"₹50,00,000*",770,49474(1),34938(1),76612(1),-,-,-,-,-,-,-,-,-,-
KAR Priv Seats-GMP,GMPH,Karnataka,"SMC, Shimoga",OBG,-,-,-,-,1250,-,-,-,76718(1),-,-,-,-,-,-,-,-,-
KAR Govt Quota-Open,GM,Karnataka,"East Point College,Bangalore",FORENSIC MEDICINE,"₹2,07,777*","₹20,000",1*,"₹50,00,000*",-,76872(1),-,-,-,-,-,-,-,-,-,-,-,-
KAR Govt Quota-Open,2AH,Karnataka,"Al-Ameen, Bijapur",GENERAL SURGERY,"₹7,83,858*","₹9,000*",1*,"₹50,00,000*",1040,77028(1),42093(1),77028(1),-,-,-,-,-,-,-,-,-,-
KAR Govt Quota-Open,2AH,Karnataka,"Sapthagiri IMS&RC, Bangalore",ORTHOPAEDICS,"₹8,09,608*","₹10,000*",1*,"₹50,00,000*",500,42093(1),37043(1),77648(1),-,-,-,-,-,-,-,-,-,-
KAR Govt Quota-Open,2AG,Karnataka,"VIMS (Vydehi), Bangalore",RADIATION ONCOLOGY,"₹7,83,858*","₹29,000*",1*,"₹50,00,000*",1600,29535(1),29535(1),78119(1),-,-,-,-,-,-,-,-,-,-
KAR Govt Quota-Open,STG,Karnataka,"SDM College, Dharwad",GENERAL SURGERY,"₹7,83,858*","₹45,000*",1*,"₹50,00,000*",670,63755(1),63313(1),78342(1),-,-,-,-,-,-,-,-,-,-
KAR Govt Quota-Open,SCG,Karnataka,"SMC, Shimoga",OBG,"₹7,83,858*",Info not available,1*,"₹50,00,000*",1250,-,-,-,78535(1),-,-,-,-,-,-,-,-,-
KAR Govt Quota-InS,GM,Karnataka,"VIMS, Bellary",OBG,"₹1,24,150*","₹56,250",3*,"₹50,00,000*",1295,78743(1),67657(1),67657(1),-,-,-,-,-,-,-,-,-,-
KAR Govt Quota-Open,SCG,Karnataka,"Gadag IMS, Gadag",ORTHOPAEDICS,"₹1,24,150*","₹56,250",3*,"₹50,00,000*",Info Not Available,22503(1),22503(1),39621(1),79347(1),-,-,-,-,-,-,-,-,-
KAR Govt Quota-Open,GM,Karnataka,"Shimoga IMS, Shimoga",MICROBIOLOGY,"₹69,150*","₹56,250",3*,"₹50,00,000*",950,79347(1),63821(1),-,-,-,-,-,-,-,-,-,-,-
KAR Govt Quota-Open,GM,Karnataka,"Shimoga IMS, Shimoga",MICROBIOLOGY,"₹69,150*","₹56,250",3*,"₹50,00,000*",950,79347(1),63821(1),-,-,-,-,-,-,-,-,-,-,-
KAR Govt Quota-Open,SCH,Karnataka,"ESI, Bangalore",MICROBIOLOGY,"₹2,50,000*","₹1,11,780*",2*,"₹10,00,000*",530,79471(1),79471(1),79471(1),-,-,-,-,-,-,-,-,-,-
KAR Govt Quota-Open,SCG,Karnataka,"Mandya IMS, Mandya",PATHOLOGY,"₹69,150*","₹56,250",3*,"₹50,00,000*",Info Not Available,56671(1),53851(1),80179(1),80179(1),-,-,-,-,-,-,-,-,-
KAR Govt Quota-Open,SCG,Karnataka,"AJIMS, Mangalore",PATHOLOGY,"₹2,07,777*","₹30,000",1*,"₹50,00,000*",910,80179(1),77619(1),-,-,-,-,-,-,-,-,-,-,-
KAR Govt Quota-Open,SCG,Karnataka,"BGS IMS, Bangalore",PATHOLOGY,"₹2,07,777*","₹25,000*",1*,"₹50,00,000*",766,80901(1),60505(1),-,-,-,-,-,-,-,-,-,-,-
KAR Govt Quota-Open,3BG,Karnataka,"Mysore Med Coll, Mysore",ENT,"₹1,24,150*","₹56,250",3*,"₹50,00,000*",1050,-,-,33113(1),80950(1),-,-,-,-,-,-,-,-,-
KAR Govt Quota-Open,2AH,Karnataka,"Father Mullers, Mangalore",RADIATION ONCOLOGY,"₹7,83,858*","₹35,000*",1*,"₹50,00,000*",1250,-,81155(1),81155(1),-,-,-,-,-,-,-,-,-,-
KAR Priv Seats-Open,OPN,Karnataka,"MS Ramaiah, Bangalore",MICROBIOLOGY,"₹2,32,777*","₹45,000",1*,"₹50,00,000*",1331,81270(1),81270(1),81270(1),-,-,-,-,-,-,-,-,-,-
KAR Govt Quota-Open,SCG,Karnataka,"Al-Ameen, Bijapur",GENERAL SURGERY,"₹7,83,858*","₹9,000*",1*,"₹50,00,000*",1040,43091(1),41030(1),57144(1),81363(1),-,-,-,-,-,-,-,-,-
KAR Priv Seats-Min.,MU,Karnataka,"Srinivasa IMS, Srinivasanagar",GENERAL SURGERY,"₹45,40,750*","₹29,000*",1*,"₹50,00,000*",660,67528(4),54604(4),82342(4),-,-,-,-,-,-,-,-,-,-
KAR Govt Quota-Open,GMH,Karnataka,"MRMC, Gulbarga",PATHOLOGY,"₹2,07,777*","₹8,000*",1*,"₹50,00,000*",1038,65474(1),65474(1),83522(1),-,-,-,-,-,-,-,-,-,-
KAR Govt Quota-Open,GM,Karnataka,"Mandya IMS, Mandya",PHARMACOLOGY,"₹69,150*","₹56,250",3*,"₹50,00,000*",Info Not Available,66962(1),63057(1),84032(1),-,-,-,-,-,-,-,-,-,-
KAR Govt Quota-Open,STH,Karnataka,"SSIMS & RC, Davangere",OPHTHALMOLOGY,"₹7,83,858*","₹30,000",1*,"₹50,00,000*",1190,84230(1),84230(1),-,-,-,-,-,-,-,-,-,-,-
KAR Priv Seats-GMP,GMPH,Karnataka,"Nijalingappa, Bagalkot",PSYCHIATRY,"₹13,88,744*","₹10,000*",1*,"₹50,00,000*",1140,84429(1),66786(1),79893(1),-,-,-,-,-,-,-,-,-,-
KAR Govt Quota-Open,STG,Karnataka,"Gadag IMS, Gadag",GENERAL SURGERY,"₹1,24,150*","₹56,250",3*,"₹50,00,000*",Info Not Available,44893(1),46842(1),84617(1),-,-,-,-,-,-,-,-,-,-
KAR Priv Seats-GMP,GMP,Karnataka,"MVJMC&RH, Bangalore",PSYCHIATRY,"₹13,88,744*","₹10,000*",1*,"₹50,00,000*",833,-,-,84947(2),-,-,-,-,-,-,-,-,-,-
KAR NRI Quota,NRI,Karnataka,"JJM Med Coll, Davangere",PATHOLOGY,"₹3,59,003*","₹30,000*",1*,"₹50,00,000*",1930,85040(3),73700(3),-,-,-,-,-,-,-,-,-,-,-
KAR Priv Seats-Min.,MC1,Karnataka,"Father Mullers, Mangalore",ANAESTHESIOLOGY,"₹13,88,744*","₹35,000*",1*,"₹50,00,000*",1250,75547(4),75547(4),85169(4),-,-,-,-,-,-,-,-,-,-
KAR Govt Quota-Open,2BH,Karnataka,"MRMC, Gulbarga",PATHOLOGY,"₹2,07,777*","₹8,000*",1*,"₹50,00,000*",1038,85479(1),85479(1),85479(1),-,-,-,-,-,-,-,-,-,-
KAR Priv Seats-GMP,GMPH,Karnataka,"MVJMC&RH, Bangalore",ANAESTHESIOLOGY,"₹13,88,744*","₹10,000*",1*,"₹50,00,000*",833,56690(1),48421(1),85495(1),-,-,-,-,-,-,-,-,-,-
KAR Govt Quota-Open,1G,Karnataka,"Sapthagiri IMS&RC, Bangalore",OPHTHALMOLOGY,"₹8,09,608*","₹10,000*",1*,"₹50,00,000*",500,-,-,85656(1),-,-,-,-,-,-,-,-,-,-
KAR Priv Seats-GMP,GMP,Karnataka,"Al-Ameen, Bijapur",ENT,"₹13,88,744*","₹9,000*",1*,"₹50,00,000*",1040,56547(1),33736(1),85738(1),-,-,-,-,-,-,-,-,-,-
KAR Priv Seats-Open,OPN,Karnataka,"SDM College, Dharwad",MICROBIOLOGY,"₹25,750*","₹45,000*",1*,"₹50,00,000*",670,-,85856(1),-,-,-,-,-,-,-,-,-,-,-
KAR Priv Seats-GMP,GMP,Karnataka,"Basaveswara, Chitradurga",PSYCHIATRY,"₹13,88,744*","₹5,000*",1*,"₹50,00,000*",500,49927(1),40362(1),86484(1),-,-,-,-,-,-,-,-,-,-
KAR Govt Quota-Open,1G,Karnataka,"Bangalore Med Coll, Bangalore",FORENSIC MEDICINE,"₹69,150*","₹56,250",3*,"₹50,00,000*",1993,-,87071(1),-,-,-,-,-,-,-,-,-,-,-
KAR Govt Quota-Open,SCG,Karnataka,"Hassan IMS, Hassan",PHARMACOLOGY,"₹69,150*","₹56,250",3*,"₹50,00,000*",Info Not Available,87909(1),84032(1),-,-,-,-,-,-,-,-,-,-,-
KAR Priv Seats-Open,OPN,Karnataka,"MS Ramaiah, Bangalore",BIOCHEMISTRY,"₹1,36,765*","₹45,000",1*,"₹50,00,000*",1331,87954(1),87954(1),-,-,-,-,-,-,-,-,-,-,-
KAR Govt Quota-InS,GM,Karnataka,"MS Ramaiah, Bangalore",RADIO DIAGNOSIS,"₹8,08,858*","₹45,000",1*,"₹50,00,000*",1331,88179(1),88179(1),87707(1),-,-,-,-,-,-,-,-,-,-
KAR Priv Seats-Min.,MM1,Karnataka,"Kanachur IMS, Mangalore",GENERAL SURGERY,"₹13,88,744*",Info not available,1*,"₹50,00,000*",785,70841(3),54160(3),88222(3),-,-,-,-,-,-,-,-,-,-
KAR Priv Seats-Min.,MM1,Karnataka,"Al-Ameen, Bijapur",OPHTHALMOLOGY,"₹13,88,744*","₹9,000*",1*,"₹50,00,000*",1040,88222(2),52868(2),52868(2),-,-,-,-,-,-,-,-,-,-
KAR Govt Quota-Open,SCG,Karnataka,"Nijalingappa, Bagalkot",GENERAL SURGERY,"₹7,83,858*","₹10,000*",1*,"₹50,00,000*",1140,-,-,50652(1),88551(1),-,-,-,-,-,-,-,-,-
KAR NRI Quota,NRI,Karnataka,"Basaveswara, Chitradurga",ORTHOPAEDICS,"₹90,15,750*","₹5,000*",1*,"₹50,00,000*",500,88632(1),88632(1),-,-,-,-,-,-,-,-,-,-,-
KAR NRI Quota,NRI,Karnataka,"SSIMS & RC, Davangere",PATHOLOGY,"₹3,59,003*","₹30,000",1*,"₹50,00,000*",1190,88754(1),88754(1),-,-,-,-,-,-,-,-,-,-,-
KAR NRI Quota,NRI,Karnataka,"JJM Med Coll, Davangere",SPM,"₹3,59,003*","₹30,000*",1*,"₹50,00,000*",1930,88763(1),-,-,-,-,-,-,-,-,-,-,-,-
KAR Govt Quota-Open,SCG,Karnataka,Karwar Inst of Med Sciences,PATHOLOGY,"₹69,150*","₹56,250",3*,"₹50,00,000*",650,60505(1),62450(1),89112(1),89112(1),-,-,-,-,-,-,-,-,-
KAR Govt Quota-Open,SCG,Karnataka,"AIMS, Adichunchanagiri, Bellur",PATHOLOGY,"₹2,07,777*","₹23,750",1*,"₹50,00,000*",1120,89112(1),60164(1),-,-,-,-,-,-,-,-,-,-,-
KAR Govt Quota-InS,GM,Karnataka,"KIMS, Hubli",ORTHOPAEDICS,"₹1,24,150*","₹56,250",3*,"₹50,00,000*",1200,89566(1),89449(1),89449(1),-,-,-,-,-,-,-,-,-,-
KAR Govt Quota-InS,SCG,Karnataka,"Gadag IMS, Gadag",RADIO DIAGNOSIS,"₹1,24,150*","₹56,250",3*,"₹50,00,000*",Info Not Available,-,-,89566(1),-,-,-,-,-,-,-,-,-,-
KAR Govt Quota-InS,GM,Karnataka,"SSIMS & RC, Davangere",GENERAL SURGERY,"₹7,83,858*","₹30,000",1*,"₹50,00,000*",1190,89628(1),37655(1),-,-,-,-,-,-,-,-,-,-,-
KAR Govt Quota-InS,SCG,Karnataka,"Belagavi IMS, Belagavi",OBG,"₹1,24,150*","₹56,250",3*,"₹50,00,000*",1000,89783(1),89783(1),89783(1),-,-,-,-,-,-,-,-,-,-
KAR Priv Seats-Min.,MC1,Karnataka,"Father Mullers, Mangalore",PSYCHIATRY,"₹13,88,744*","₹35,000*",1*,"₹50,00,000*",1250,88436(3),85169(3),90134(3),-,-,-,-,-,-,-,-,-,-
KAR Priv Seats-Min.,MM1,Karnataka,"Kanachur IMS, Mangalore",EMERGENCY MEDICINE,"₹13,88,744*",Info not available,1*,"₹50,00,000*",785,57515(2),68940(2),90143(2),-,-,-,-,-,-,-,-,-,-
KAR Govt Quota-Open,SCG,Karnataka,"DR BR Ambedkar, Bangalore",ORTHOPAEDICS,"₹7,83,858*","₹10,000*",1*,"₹50,00,000*",570,41030(1),39621(1),58634(1),90277(1),-,-,-,-,-,-,-,-,-
KAR Priv Seats-Min.,ME,Karnataka,"Oxford Med Coll, Bangalore",PATHOLOGY,"₹3,59,003*","₹30,000*",1*,"₹50,00,000*",770,-,90374(1),-,-,-,-,-,-,-,-,-,-,-
KAR Govt Quota-Open,STH,Karnataka,"Bangalore Med Coll, Bangalore",GENERAL SURGERY,"₹1,24,150*","₹56,250",3*,"₹50,00,000*",1993,-,-,91007(1),-,-,-,-,-,-,-,-,-,-
KAR NRI Quota,NRI,Karnataka,"BGS IMS, Bangalore",RADIO DIAGNOSIS,"₹1,30,15,750*","₹25,000*",1*,"₹50,00,000*",766,91072(1),91072(1),91072(1),-,-,-,-,-,-,-,-,-,-
KAR NRI Quota,NRI,Karnataka,"BGS IMS, Bangalore",PATHOLOGY,"₹8,15,750*","₹25,000*",1*,"₹50,00,000*",766,91828(1),91828(1),91828(1),-,-,-,-,-,-,-,-,-,-
KAR Govt Quota-Open,STG,Karnataka,"Kidwai Memorial, Bangalore",RADIATION ONCOLOGY,"₹1,24,150*","₹56,250",3*,"₹50,00,000*",680,58826(1),91858(1),91858(1),-,-,-,-,-,-,-,-,-,-
KAR Govt Quota-Open,STG,Karnataka,"Nijalingappa, Bagalkot",PSYCHIATRY,"₹7,83,858*","₹10,000*",1*,"₹50,00,000*",1140,92130(1),92130(1),92130(1),-,-,-,-,-,-,-,-,-,-
KAR Govt Quota-Open,3AG,Karnataka,"Shridevi IMS, Tumkur",PATHOLOGY,"₹2,07,777*",Info not available*,1*,"₹50,00,000*",750,72534(1),92274(1),-,-,-,-,-,-,-,-,-,-,-
KAR Govt Quota-InS,GM,Karnataka,"JSS Med Coll, Mysore",RADIO DIAGNOSIS,-,-,-,-,2060,92534(1),58269(1),58269(1),-,-,-,-,-,-,-,-,-,-
KAR Govt Quota-InS,GM,Karnataka,"Nijalingappa, Bagalkot",RADIO DIAGNOSIS,"₹7,83,858*","₹10,000*",1*,"₹50,00,000*",1140,58269(1),92534(1),88179(1),-,-,-,-,-,-,-,-,-,-
KAR Govt Quota-InS,GM,Karnataka,"SDM College, Dharwad",DERMATOLOGY,"₹7,83,858*","₹45,000*",1*,"₹50,00,000*",670,-,-,92534(1),-,-,-,-,-,-,-,-,-,-
KAR Govt Quota-Open,STG,Karnataka,"SSIMS & RC, Davangere",ANAESTHESIOLOGY,"₹7,83,858*","₹30,000",1*,"₹50,00,000*",1190,93416(1),93416(1),-,-,-,-,-,-,-,-,-,-,-
KAR Priv Seats-Min.,MM1,Karnataka,"Al-Ameen, Bijapur",ANAESTHESIOLOGY,"₹13,88,744*","₹9,000*",1*,"₹50,00,000*",1040,93449(3),81365(3),93449(3),-,-,-,-,-,-,-,-,-,-
KAR Priv Seats-GMP,GMP,Karnataka,"Oxford Med Coll, Bangalore",PSYCHIATRY,"₹13,88,744*","₹30,000*",1*,"₹50,00,000*",770,31658(1),31658(1),93557(1),-,-,-,-,-,-,-,-,-,-
KAR NRI Quota,NRI,Karnataka,"MS Ramaiah, Bangalore",PSYCHIATRY,"₹52,40,750*","₹45,000",1*,"₹50,00,000*",1331,43764(1),43764(1),93791(1),-,-,-,-,-,-,-,-,-,-
KAR Govt Quota-Open,GM,Karnataka,"Hassan IMS, Hassan",SPM,"₹69,150*","₹56,250",3*,"₹50,00,000*",Info Not Available,-,-,95688(1),95688(1),-,-,-,-,-,-,-,-,-
KAR Govt Quota-InS,GM,Karnataka,"Basaveswara, Chitradurga",DERMATOLOGY,"₹7,83,858*","₹5,000*",1*,"₹50,00,000*",500,95966(1),95966(1),95966(1),-,-,-,-,-,-,-,-,-,-
KAR Govt Quota-InS,GMH,Karnataka,"MS Ramaiah, Bangalore",RADIO DIAGNOSIS,"₹8,08,858*","₹45,000",1*,"₹50,00,000*",1331,96073(1),96073(1),96073(1),-,-,-,-,-,-,-,-,-,-
KAR Govt Quota-Open,SCG,Karnataka,"ESI, Bangalore",SPM,"₹2,50,000*","₹1,11,780*",2*,"₹10,00,000*",530,41780(1),41780(1),96197(1),-,-,-,-,-,-,-,-,-,-
KAR Govt Quota-Open,SCG,Karnataka,"Oxford Med Coll, Bangalore",SPM,"₹2,07,777*","₹30,000*",1*,"₹50,00,000*",770,-,96197(1),-,-,-,-,-,-,-,-,-,-,-
KAR Govt Quota-Open,SCG,Karnataka,"Basaveswara, Chitradurga",SPM,"₹2,07,777*","₹5,000*",1*,"₹50,00,000*",500,96197(1),-,-,-,-,-,-,-,-,-,-,-,-
KAR NRI Quota,NRI,Karnataka,"BGS IMS, Bangalore",SPM,"₹8,15,750*","₹25,000*",1*,"₹50,00,000*",766,-,96899(1),-,-,-,-,-,-,-,-,-,-,-
KAR Govt Quota-Open,2AG,Karnataka,"Kempegowda IMS, Bangalore",PHARMACOLOGY,"₹2,07,777*","₹35,000*",1*,"₹50,00,000*",1100,-,97328(1),-,-,-,-,-,-,-,-,-,-,-
KAR Govt Quota-InS,SCG,Karnataka,"Mysore Med Coll, Mysore",PAEDIATRICS,"₹1,24,150*","₹56,250",3*,"₹50,00,000*",1050,97567(1),97567(1),97567(1),-,-,-,-,-,-,-,-,-,-
KAR Govt Quota-Open,1G,Karnataka,"Sapthagiri IMS&RC, Bangalore",ENT,"₹8,09,608*","₹10,000*",1*,"₹50,00,000*",500,31534(1),31534(1),72998(1),97773(1),-,-,-,-,-,-,-,-,-
KAR Priv Seats-Min.,MC2,Karnataka,"Father Mullers, Mangalore",RADIATION ONCOLOGY,"₹13,88,744*","₹35,000*",1*,"₹50,00,000*",1250,36443(1),36443(1),97781(1),-,-,-,-,-,-,-,-,-,-
KAR Govt Quota-InS,GM,Karnataka,Kodagu Inst of Med Sciences,OBG,"₹1,24,150*","₹56,250",3*,"₹50,00,000*",600,97892(1),78743(1),78743(1),-,-,-,-,-,-,-,-,-,-
KAR Govt Quota-InS,GM,Karnataka,"Kempegowda IMS, Bangalore",OBG,"₹7,83,858*","₹35,000*",1*,"₹50,00,000*",1100,88894(1),97892(1),97892(1),-,-,-,-,-,-,-,-,-,-
KAR Govt Quota-InS,GM,Karnataka,"JJM Med Coll, Davangere",PSYCHIATRY,"₹7,83,858*","₹30,000*",1*,"₹50,00,000*",1930,98352(1),-,-,-,-,-,-,-,-,-,-,-,-
KAR Govt Quota-InS,GM,Karnataka,"JJM Med Coll, Davangere",PAEDIATRICS,"₹7,83,858*","₹30,000*",1*,"₹50,00,000*",1930,-,-,98352(1),-,-,-,-,-,-,-,-,-,-
KAR Govt Quota-Open,GM,Karnataka,Karwar Inst of Med Sciences,PHYSIOLOGY,"₹41,650*","₹56,250",3*,"₹50,00,000*",650,-,98972(1),-,-,-,-,-,-,-,-,-,-,-
KAR Govt Quota-Open,STH,Karnataka,"Mysore Med Coll, Mysore",ANAESTHESIOLOGY,"₹1,24,150*","₹56,250",3*,"₹50,00,000*",1050,75289(1),75289(1),99072(1),-,-,-,-,-,-,-,-,-,-
KAR Govt Quota-Open,STH,Karnataka,"VIMS, Bellary",ANAESTHESIOLOGY,"₹1,24,150*","₹56,250",3*,"₹50,00,000*",1295,99072(1),99072(1),-,-,-,-,-,-,-,-,-,-,-
KAR Govt Quota-InS,GM,Karnataka,"KIMS, Hubli",DERMATOLOGY,"₹1,24,150*","₹56,250",3*,"₹50,00,000*",1200,50560(1),99702(1),99702(1),-,-,-,-,-,-,-,-,-,-
KAR Govt Quota-Open,2AH,Karnataka,"Kidwai Memorial, Bangalore",PATHOLOGY,"₹69,150*","₹56,250",3*,"₹50,00,000*",680,49221(1),49221(1),100239(1),-,-,-,-,-,-,-,-,-,-
KAR Govt Quota-InS,GMH,Karnataka,"VIMS (Vydehi), Bangalore",OBG,"₹7,83,858*","₹29,000*",1*,"₹50,00,000*",1600,100432(1),100432(1),100432(1),-,-,-,-,-,-,-,-,-,-
KAR Priv Seats-GMP,GMP,Karnataka,"Shridevi IMS, Tumkur",PSYCHIATRY,"₹13,88,744*",Info not available*,1*,"₹50,00,000*",750,47002(1),44352(1),101017(1),-,-,-,-,-,-,-,-,-,-
KAR NRI Quota,NRI,Karnataka,"SDM College, Dharwad",PSYCHIATRY,"₹28,15,750*","₹45,000*",1*,"₹50,00,000*",670,79118(1),88672(1),101412(1),-,-,-,-,-,-,-,-,-,-
KAR Govt Quota-InS,GM,Karnataka,"Father Mullers, Mangalore",GENERAL MEDICINE,"₹7,83,858*","₹35,000*",1*,"₹50,00,000*",1250,-,-,102549(1),-,-,-,-,-,-,-,-,-,-
KAR Govt Quota-Open,GMH,Karnataka,"Mysore Med Coll, Mysore",MICROBIOLOGY,"₹69,150*","₹56,250",3*,"₹50,00,000*",1050,88771(1),102749(1),-,-,-,-,-,-,-,-,-,-,-
KAR Govt Quota-InS,GM,Karnataka,"AIMS, Adichunchanagiri, Bellur",ANAESTHESIOLOGY,"₹7,83,858*","₹23,750",1*,"₹50,00,000*",1120,102787(1),-,-,-,-,-,-,-,-,-,-,-,-
KAR Govt Quota-InS,GM,Karnataka,"VIMS, Bellary",GENERAL MEDICINE,"₹1,24,150*","₹56,250",3*,"₹50,00,000*",1295,64248(1),78964(1),102787(1),-,-,-,-,-,-,-,-,-,-
KAR Govt Quota-Open,PGM,Karnataka,"AIMS, Adichunchanagiri, Bellur",RADIO DIAGNOSIS,"₹7,83,858*","₹23,750",1*,"₹50,00,000*",1120,103084(1),103084(1),103084(1),-,-,-,-,-,-,-,-,-,-
KAR Govt Quota-Open,SCG,Karnataka,"KIMS, Hubli",FORENSIC MEDICINE,"₹69,150*","₹56,250",3*,"₹50,00,000*",1200,-,103436(1),-,-,-,-,-,-,-,-,-,-,-
KAR Govt Quota-Open,SCG,Karnataka,"Bidar IMS, Bidar",FORENSIC MEDICINE,"₹69,150*","₹56,250",3*,"₹50,00,000*",500,103436(1),-,-,-,-,-,-,-,-,-,-,-,-
KAR NRI Quota,NRI,Karnataka,"Kempegowda IMS, Bangalore",OPHTHALMOLOGY,"₹40,15,750*","₹35,000*",1*,"₹50,00,000*",1100,47968(1),52651(1),104713(1),-,-,-,-,-,-,-,-,-,-
KAR Govt Quota-Open,3BG,Karnataka,"JJM Med Coll, Davangere",PATHOLOGY,"₹2,07,777*","₹30,000*",1*,"₹50,00,000*",1930,54672(1),44176(1),105492(1),-,-,-,-,-,-,-,-,-,-
KAR Govt Quota-InS,SCG,Karnataka,"Mysore Med Coll, Mysore",OBG,"₹1,24,150*","₹56,250",3*,"₹50,00,000*",1050,105707(1),105707(1),105707(1),-,-,-,-,-,-,-,-,-,-
KAR Govt Quota-InS,GM,Karnataka,"Gadag IMS, Gadag",PAEDIATRICS,"₹1,24,150*","₹56,250",3*,"₹50,00,000*",Info Not Available,-,-,105857(1),-,-,-,-,-,-,-,-,-,-
KAR Govt Quota-Open,GM,Karnataka,"KVG Med Coll, Sullia",PATHOLOGY,"₹2,07,777*","₹7,500",1*,"₹50,00,000*",682,-,-,106346(1),-,-,-,-,-,-,-,-,-,-
KAR Govt Quota-Open,PGM,Karnataka,"Raichur IMS, Raichur",DERMATOLOGY,"₹1,24,150*","₹56,250",3*,"₹50,00,000*",500,-,-,106566(1),-,-,-,-,-,-,-,-,-,-
KAR Govt Quota-InS,GM,Karnataka,"Gadag IMS, Gadag",GENERAL MEDICINE,"₹1,24,150*","₹56,250",3*,"₹50,00,000*",Info Not Available,-,-,107064(1),-,-,-,-,-,-,-,-,-,-
KAR Govt Quota-InS,GM,Karnataka,Karwar Inst of Med Sciences,GENERAL MEDICINE,"₹1,24,150*","₹56,250",3*,"₹50,00,000*",650,-,-,107098(1),-,-,-,-,-,-,-,-,-,-
KAR Priv Seats-Open,OPN,Karnataka,"Akash IMS,Devanhalli,Bangalore",PATHOLOGY,"₹3,59,003*","₹20,000",1*,"₹50,00,000*",760,55760(1),58803(1),107351(1),87954(1),85102(1),-,-,-,-,-,-,-,-
KAR Govt Quota-Open,3AH,Karnataka,"VIMS, Bellary",SPM,"₹69,150*","₹56,250",3*,"₹50,00,000*",1295,107964(1),81540(1),107964(1),-,-,-,-,-,-,-,-,-,-
KAR Govt Quota-InS,GM,Karnataka,"Kidwai Memorial, Bangalore",ANAESTHESIOLOGY,"₹1,24,150*","₹56,250",3*,"₹50,00,000*",680,-,-,108168(1),-,-,-,-,-,-,-,-,-,-
KAR NRI Quota,NRI,Karnataka,"BGS IMS, Bangalore",ORTHOPAEDICS,"₹75,15,750*","₹25,000*",1*,"₹50,00,000*",766,108610(1),108610(1),108610(1),-,-,-,-,-,-,-,-,-,-
KAR Priv Seats-GMP,GMPH,Karnataka,"Kanachur IMS, Mangalore",PSYCHIATRY,-,-,-,-,785,79893(1),69780(1),108920(1),-,-,-,-,-,-,-,-,-,-
KAR Priv Seats-Min.,MMH,Karnataka,"Khaja Bandanawaz, Gulbarga",OBG,-,-,-,-,833,-,109978(1),109978(1),-,-,-,-,-,-,-,-,-,-
KAR Priv Seats-GMP,GMP,Karnataka,"Sapthagiri IMS&RC, Bangalore",PSYCHIATRY,"₹20,41,500*","₹10,000*",1*,"₹50,00,000*",500,54318(1),60223(1),66721(1),110342(1),-,-,-,-,-,-,-,-,-
KAR Govt Quota-InS,GM,Karnataka,"Raichur IMS, Raichur",DERMATOLOGY,"₹1,24,150*","₹56,250",3*,"₹50,00,000*",500,50411(1),50411(1),110576(1),-,-,-,-,-,-,-,-,-,-
KAR Govt Quota-Open,2AH,Karnataka,"Kanachur IMS, Mangalore",PSYCHIATRY,"₹7,83,858*",Info not available,1*,"₹50,00,000*",785,111685(1),111685(1),111685(1),-,-,-,-,-,-,-,-,-,-
KAR Priv Seats-GMP,GMPH,Karnataka,"St John's, Bangalore",IHBT,"₹7,59,025*","₹45,000",1*,"₹5,00,000*",1720,-,-,111770(1),-,-,-,-,-,-,-,-,-,-
KAR Govt Quota-InS,GM,Karnataka,"Akash IMS,Devanhalli,Bangalore",GENERAL MEDICINE,"₹7,83,858*","₹20,000",1*,"₹50,00,000*",760,-,-,112229(1),-,-,-,-,-,-,-,-,-,-
KAR Govt Quota-InS,GM,Karnataka,"MS Ramaiah, Bangalore",EMERGENCY MEDICINE,"₹8,08,858*","₹45,000",1*,"₹50,00,000*",1331,112273(1),-,-,-,-,-,-,-,-,-,-,-,-
KAR Govt Quota-InS,GM,Karnataka,"Belagavi IMS, Belagavi",PAEDIATRICS,"₹1,24,150*","₹56,250",3*,"₹50,00,000*",1000,60248(1),60248(1),112273(1),-,-,-,-,-,-,-,-,-,-
KAR Priv Seats-GMP,GMP,Karnataka,"Srinivasa IMS, Srinivasanagar",SPM,"₹3,40,750*","₹29,000*",1*,"₹50,00,000*",660,-,112381(1),-,-,-,-,-,-,-,-,-,-,-
KAR Govt Quota-Open,1G,Karnataka,"Nijalingappa, Bagalkot",PSYCHIATRY,"₹7,83,858*","₹10,000*",1*,"₹50,00,000*",1140,34202(1),34202(1),87071(1),68670(1),112499(1),-,-,-,-,-,-,-,-
KAR Govt Quota-InS,GM,Karnataka,"Mandya IMS, Mandya",PAEDIATRICS,"₹1,24,150*","₹56,250",3*,"₹50,00,000*",Info Not Available,37655(1),112702(1),102785(1),-,-,-,-,-,-,-,-,-,-
KAR NRI Quota,NRI,Karnataka,"AIMS, Adichunchanagiri, Bellur",PSYCHIATRY,"₹42,15,750*","₹23,750",1*,"₹50,00,000*",1120,35606(1),93791(1),112987(1),-,-,-,-,-,-,-,-,-,-
KAR Govt Quota-Open,GM,Karnataka,"Sapthagiri IMS&RC, Bangalore",MICROBIOLOGY,"₹2,33,527*","₹10,000*",1*,"₹50,00,000*",500,113027(1),77457(1),-,-,-,-,-,-,-,-,-,-,-
KAR Govt Quota-Open,2AH,Karnataka,"AIMS, Adichunchanagiri, Bellur",ENT,"₹7,83,858*","₹23,750",1*,"₹50,00,000*",1120,63675(1),36079(1),113877(1),-,-,-,-,-,-,-,-,-,-
KAR Govt Quota-Open,SCG,Karnataka,"Yenepoya Med Coll, Mangalore",SPM,"₹2,47,777*","₹45,000*",1*,"₹50,00,000*",910,113950(1),-,-,-,-,-,-,-,-,-,-,-,-
KAR Others (Inst.Q),MNG,Karnataka,"JJM Med Coll, Davangere",TBRD,"₹60,15,750*","₹30,000*",1*,"₹50,00,000*",1930,-,-,113999(1),107007(1),-,-,-,-,-,-,-,-,-
KAR Govt Quota-Open,SCG,Karnataka,"Al-Ameen, Bijapur",PATHOLOGY,"₹2,07,777*","₹9,000*",1*,"₹50,00,000*",1040,114224(1),96850(1),-,-,-,-,-,-,-,-,-,-,-
KAR Priv Seats-GMP,GMPH,Karnataka,"Shridevi IMS, Tumkur",ENT,"₹13,88,744*",Info not available*,1*,"₹50,00,000*",750,59513(1),84004(1),114224(1),-,-,-,-,-,-,-,-,-,-
KAR Priv Seats-Open,OPN,Karnataka,"Khaja Bandanawaz, Gulbarga",OPHTHALMOLOGY,"₹35,30,750*","₹30,000*",1*,"₹50,00,000*",833,47991(1),47619(1),108665(1),114624(1),91470(1),-,-,-,-,-,-,-,-
KAR Priv Seats-Min.,MU,Karnataka,"Srinivasa IMS, Srinivasanagar",OPHTHALMOLOGY,"₹40,40,750*","₹29,000*",1*,"₹50,00,000*",660,38563(1),38563(1),114938(1),-,-,-,-,-,-,-,-,-,-
KAR NRI Quota,NRI,Karnataka,"KVG Med Coll, Sullia",GENERAL SURGERY,"₹60,15,750*","₹7,500",1*,"₹50,00,000*",682,-,114948(2),106008(1),-,-,-,-,-,-,-,-,-,-
KAR Govt Quota-InS,GM,Karnataka,"MVJMC&RH, Bangalore",ANAESTHESIOLOGY,"₹7,83,858*","₹10,000*",1*,"₹50,00,000*",833,115115(1),115115(1),-,-,-,-,-,-,-,-,-,-,-
KAR Priv Seats-GMP,GMP,Karnataka,"JJM Med Coll, Davangere",FORENSIC MEDICINE,"₹3,59,003*","₹30,000*",1*,"₹50,00,000*",1930,115533(1),-,-,-,-,-,-,-,-,-,-,-,-
KAR Govt Quota-Open,2AH,Karnataka,"Raichur IMS, Raichur",PATHOLOGY,"₹69,150*","₹56,250",3*,"₹50,00,000*",500,-,-,116268(1),-,-,-,-,-,-,-,-,-,-
KAR Govt Quota-Open,STG,Karnataka,"JJM Med Coll, Davangere",EMERGENCY MEDICINE,"₹7,83,858*","₹30,000*",1*,"₹50,00,000*",1930,49736(1),46383(1),116717(1),-,-,-,-,-,-,-,-,-,-
KAR Priv Seats-GMP,GMP,Karnataka,"Navodaya Med Coll, Raichur",ENT,"₹13,88,744*","₹10,000*",1*,"₹50,00,000*",1110,47000(1),39993(1),81788(1),116763(1),-,-,-,-,-,-,-,-,-
KAR Govt Quota-Open,SCH,Karnataka,"Kidwai Memorial, Bangalore",RADIATION ONCOLOGY,"₹1,24,150*","₹56,250",3*,"₹50,00,000*",680,-,-,117608(1),-,-,-,-,-,-,-,-,-,-
KAR Govt Quota-InS,SCG,Karnataka,"MS Ramaiah, Bangalore",TBRD,"₹8,08,858*","₹45,000",1*,"₹50,00,000*",1331,118697(1),-,-,-,-,-,-,-,-,-,-,-,-
KAR Govt Quota-Open,SCH,Karnataka,"Gulbarga IMS, Gulbarga",FORENSIC MEDICINE,"₹69,150*","₹56,250",3*,"₹50,00,000*",873,119067(1),-,-,-,-,-,-,-,-,-,-,-,-
KAR Govt Quota-InS,GM,Karnataka,"ESI, Bangalore",GENERAL MEDICINE,"₹2,50,000*","₹1,11,780*",2*,"₹10,00,000*",530,-,-,119088(1),-,-,-,-,-,-,-,-,-,-
KAR Govt Quota-Open,PGM,Karnataka,"Basaveswara, Chitradurga",RADIO DIAGNOSIS,"₹7,83,858*","₹5,000*",1*,"₹50,00,000*",500,-,-,119842(1),-,-,-,-,-,-,-,-,-,-
KAR Govt Quota-Open,STG,Karnataka,"Kempegowda IMS, Bangalore",OPHTHALMOLOGY,"₹7,83,858*","₹35,000*",1*,"₹50,00,000*",1100,119851(1),57022(1),84230(1),-,-,-,-,-,-,-,-,-,-
KAR Priv Seats-Min.,MC1,Karnataka,"Father Mullers, Mangalore",PATHOLOGY,"₹3,59,003*","₹35,000*",1*,"₹50,00,000*",1250,85440(1),120157(3),-,-,-,-,-,-,-,-,-,-,-
KAR Govt Quota-Open,GM,Karnataka,"Basaveswara, Chitradurga",PATHOLOGY,"₹2,07,777*","₹5,000*",1*,"₹50,00,000*",500,60877(1),49552(1),120157(1),-,-,-,-,-,-,-,-,-,-
KAR Govt Quota-Open,3BG,Karnataka,Kodagu Inst of Med Sciences,MICROBIOLOGY,"₹69,150*","₹56,250",3*,"₹50,00,000*",600,120157(1),-,-,-,-,-,-,-,-,-,-,-,-
KAR NRI Quota,NRI,Karnataka,"KVG Med Coll, Sullia",OBG,"₹80,15,750*","₹7,500",1*,"₹50,00,000*",682,-,-,120331(1),117972(1),-,-,-,-,-,-,-,-,-
KAR Priv Seats-Min.,MU,Karnataka,"Srinivasa IMS, Srinivasanagar",ENT,"₹35,40,750*","₹29,000*",1*,"₹50,00,000*",660,69811(1),68383(1),120456(1),-,-,-,-,-,-,-,-,-,-
KAR Priv Seats-Min.,MM1,Karnataka,"Kanachur IMS, Mangalore",PSYCHIATRY,"₹13,88,744*",Info not available,1*,"₹50,00,000*",785,-,85074(1),120688(1),-,-,-,-,-,-,-,-,-,-
KAR Govt Quota-Open,1G,Karnataka,"Shri Atal Bihari Vajpayee, BLR",PATHOLOGY,"₹69,150*","₹56,250",3*,"₹50,00,000*",956,72998(1),35671(1),120798(1),-,-,-,-,-,-,-,-,-,-
KAR Govt Quota-Open,2BG,Karnataka,"Kanachur IMS, Mangalore",OPHTHALMOLOGY,"₹7,83,858*",Info not available,1*,"₹50,00,000*",785,-,-,122003(1),83283(1),-,-,-,-,-,-,-,-,-
KAR Govt Quota-InS,GM,Karnataka,"SSIMS & RC, Davangere",PAEDIATRICS,"₹7,83,858*","₹30,000",1*,"₹50,00,000*",1190,-,89566(1),122108(1),-,-,-,-,-,-,-,-,-,-
KAR Govt Quota-InS,GM,Karnataka,"Mandya IMS, Mandya",GENERAL SURGERY,"₹1,24,150*","₹56,250",3*,"₹50,00,000*",Info Not Available,-,-,122277(1),-,-,-,-,-,-,-,-,-,-
KAR Govt Quota-InS,GMH,Karnataka,"Bangalore Med Coll, Bangalore",DERMATOLOGY,"₹1,24,150*","₹56,250",3*,"₹50,00,000*",1993,-,-,122435(1),-,-,-,-,-,-,-,-,-,-
KAR Govt Quota-Open,SCG,Karnataka,"Kempegowda IMS, Bangalore",FORENSIC MEDICINE,"₹2,07,777*","₹35,000*",1*,"₹50,00,000*",1100,-,-,122446(1),122446(1),-,-,-,-,-,-,-,-,-
KAR NRI Quota,NRI,Karnataka,"KVG Med Coll, Sullia",RADIO DIAGNOSIS,"₹1,25,15,750*","₹7,500",1*,"₹50,00,000*",682,76756(1),-,122590(1),-,-,-,-,-,-,-,-,-,-
KAR Priv Seats-Open,OPN,Karnataka,"Al-Ameen, Bijapur",PATHOLOGY,"₹3,59,003*","₹9,000*",1*,"₹50,00,000*",1040,-,-,122592(1),-,-,-,-,-,-,-,-,-,-
KAR Others (Inst.Q),MNG,Karnataka,"East Point College,Bangalore",ENT,-,-,-,-,-,-,-,122910(1),110264(1),115847(1),-,-,-,-,-,-,-,-
KAR Govt Quota-InS,SCG,Karnataka,"JJM Med Coll, Davangere",DERMATOLOGY,"₹7,83,858*","₹30,000*",1*,"₹50,00,000*",1930,-,-,122958(1),-,-,-,-,-,-,-,-,-,-
KAR Govt Quota-InS,GM,Karnataka,"SMC, Shimoga",ANAESTHESIOLOGY,"₹7,83,858*",Info not available,1*,"₹50,00,000*",1250,-,-,123432(1),-,-,-,-,-,-,-,-,-,-
KAR Govt Quota-InS,GM,Karnataka,"MRMC, Gulbarga",ANAESTHESIOLOGY,"₹7,83,858*","₹8,000*",1*,"₹50,00,000*",1038,-,-,123704(1),-,-,-,-,-,-,-,-,-,-
KAR Priv Seats-Min.,MC1,Karnataka,"Father Mullers, Mangalore",ENT,"₹13,88,744*","₹35,000*",1*,"₹50,00,000*",1250,77693(1),77693(1),123856(1),-,-,-,-,-,-,-,-,-,-
KAR Govt Quota-InS,STG,Karnataka,"Bangalore Med Coll, Bangalore",GENERAL MEDICINE,"₹1,24,150*","₹56,250",3*,"₹50,00,000*",1993,-,-,124165(1),-,-,-,-,-,-,-,-,-,-
KAR Govt Quota-Open,SCG,Karnataka,"SMC, Shimoga",EMERGENCY MEDICINE,"₹7,83,858*",Info not available,1*,"₹50,00,000*",1250,-,-,-,-,124574(1),-,-,-,-,-,-,-,-
KAR Govt Quota-Open,2BH,Karnataka,"KVG Med Coll, Sullia",OPHTHALMOLOGY,"₹7,83,858*","₹7,500",1*,"₹50,00,000*",682,-,-,124762(1),-,-,-,-,-,-,-,-,-,-
KAR Govt Quota-InS,GM,Karnataka,"VIMS (Vydehi), Bangalore",PAEDIATRICS,"₹7,83,858*","₹29,000*",1*,"₹50,00,000*",1600,-,-,124789(1),-,-,-,-,-,-,-,-,-,-
KAR Govt Quota-InS,SCG,Karnataka,"Mysore Med Coll, Mysore",GENERAL MEDICINE,"₹1,24,150*","₹56,250",3*,"₹50,00,000*",1050,-,-,124874(1),-,-,-,-,-,-,-,-,-,-
KAR Govt Quota-InS,GMH,Karnataka,"ESIC Med Coll,Gulbarga",GENERAL MEDICINE,"₹2,50,000*","₹1,11,780*",2*,"₹10,00,000*",480,-,-,125790(1),-,-,-,-,-,-,-,-,-,-
KAR Govt Quota-Open,GM,Karnataka,"VIMS (Vydehi), Bangalore",SPM,"₹2,07,777*","₹29,000*",1*,"₹50,00,000*",1600,-,-,126011(1),-,-,-,-,-,-,-,-,-,-
KAR Govt Quota-Open,1G,Karnataka,"Mandya IMS, Mandya",PATHOLOGY,"₹69,150*","₹56,250",3*,"₹50,00,000*",Info Not Available,-,-,126222(1),-,-,-,-,-,-,-,-,-,-
KAR Govt Quota-Open,GM,Karnataka,"Mysore Med Coll, Mysore",FORENSIC MEDICINE,"₹69,150*","₹56,250",3*,"₹50,00,000*",1050,-,-,126599(1),-,-,-,-,-,-,-,-,-,-
KAR Govt Quota-InS,GM,Karnataka,"Basaveswara, Chitradurga",GENERAL MEDICINE,"₹7,83,858*","₹5,000*",1*,"₹50,00,000*",500,-,-,126889(1),-,-,-,-,-,-,-,-,-,-
KAR Govt Quota-Open,2AG,Karnataka,"Kidwai Memorial, Bangalore",DMRT,"₹1,24,150*","₹56,250",3*,"₹25,00,000*",680,78119(1),78119(1),127117(1),-,-,-,-,-,-,-,-,-,-
KAR Govt Quota-InS,GM,Karnataka,"KVG Med Coll, Sullia",GENERAL MEDICINE,"₹7,83,858*","₹7,500",1*,"₹50,00,000*",682,-,-,128754(1),-,-,-,-,-,-,-,-,-,-
KAR NRI Quota,NRI,Karnataka,"SMC, Shimoga",RADIO DIAGNOSIS,"₹1,19,15,750*",Info not available,1*,"₹50,00,000*",1250,-,-,129669(1),-,-,-,-,-,-,-,-,-,-
KAR Govt Quota-Open,GM,Karnataka,"Gadag IMS, Gadag",SPM,"₹69,150*","₹56,250",3*,"₹50,00,000*",Info Not Available,42901(1),42901(1),130443(1),130443(1),-,-,-,-,-,-,-,-,-
KAR Govt Quota-Open,GM,Karnataka,"MS Ramaiah, Bangalore",PHYSIOLOGY,"₹1,36,765*","₹45,000",1*,"₹50,00,000*",1331,-,78979(1),130822(1),-,-,-,-,-,-,-,-,-,-
KAR NRI Quota,NRI,Karnataka,"Nijalingappa, Bagalkot",RADIO DIAGNOSIS,"₹98,15,750*","₹10,000*",1*,"₹50,00,000*",1140,-,-,131331(1),-,-,-,-,-,-,-,-,-,-
KAR Govt Quota-InS,SCG,Karnataka,"Al-Ameen, Bijapur",RADIO DIAGNOSIS,"₹7,83,858*","₹9,000*",1*,"₹50,00,000*",1040,-,-,131685(1),-,-,-,-,-,-,-,-,-,-
KAR NRI Quota,NRI,Karnataka,"Basaveswara, Chitradurga",RADIO DIAGNOSIS,"₹1,05,15,750*","₹5,000*",1*,"₹50,00,000*",500,28168(1),92397(1),131987(1),-,-,-,-,-,-,-,-,-,-
KAR Govt Quota-InS,GM,Karnataka,"ESI, Bangalore",GENERAL SURGERY,"₹2,50,000*","₹1,11,780*",2*,"₹10,00,000*",530,94725(1),112273(1),133193(1),-,-,-,-,-,-,-,-,-,-
KAR NRI Quota,NRI,Karnataka,"East Point College,Bangalore",OPHTHALMOLOGY,-,-,-,-,-,62465(1),-,133242(1),-,-,-,-,-,-,-,-,-,-
KAR Priv Seats-Open,OPN,Karnataka,"MVJMC&RH, Bangalore",PATHOLOGY,"₹3,59,003*","₹10,000*",1*,"₹50,00,000*",833,-,-,133400(2),133400(1),-,-,-,-,-,-,-,-,-
KAR Govt Quota-InS,GMH,Karnataka,"ESI, Bangalore",PAEDIATRICS,"₹2,50,000*","₹1,11,780*",2*,"₹10,00,000*",530,-,-,133448(1),-,-,-,-,-,-,-,-,-,-
KAR Govt Quota-Open,STG,Karnataka,"MS Ramaiah, Bangalore",ORTHOPAEDICS,"₹8,08,858*","₹45,000",1*,"₹50,00,000*",1331,-,-,133481(1),-,-,-,-,-,-,-,-,-,-
KAR Others (Inst.Q),MNG,Karnataka,"AIMS, Adichunchanagiri, Bellur",DERMATOLOGY,"₹90,15,750*","₹23,750",1*,"₹50,00,000*",1120,-,-,133638(1),-,-,-,-,-,-,-,-,-,-
KAR Govt Quota-Open,GM,Karnataka,"Kasturba Med Coll, Mangalore",PATHOLOGY,"₹2,07,777*","₹45,000*",1*,"₹50,00,000*",1290,-,-,134110(1),-,-,-,-,-,-,-,-,-,-
KAR NRI Quota,NRI,Karnataka,"DR BR Ambedkar, Bangalore",RADIO DIAGNOSIS,"₹1,10,15,750*","₹10,000*",1*,"₹50,00,000*",570,15804(1),-,136974(2),-,-,-,-,-,-,-,-,-,-
KAR Govt Quota-Open,GM,Karnataka,"VIMS (Vydehi), Bangalore",HOSPITAL ADMINISTRATION,"₹7,83,858*","₹29,000*",1*,"₹50,00,000*",1600,56960(1),41978(1),137019(1),-,-,-,-,-,-,-,-,-,-
KAR Priv Seats-GMP,GMP,Karnataka,"Khaja Bandanawaz, Gulbarga",GENERAL MEDICINE,"₹60,30,750*","₹30,000*",1*,"₹50,00,000*",833,-,-,-,137302(1),-,-,-,-,-,-,-,-,-
KAR Govt Quota-InS,GMH,Karnataka,"SDM College, Dharwad",PAEDIATRICS,"₹7,83,858*","₹45,000*",1*,"₹50,00,000*",670,-,-,138262(1),-,-,-,-,-,-,-,-,-,-
KAR Others (Inst.Q),MNG,Karnataka,"VIMS (Vydehi), Bangalore",TBRD,-,-,-,-,1600,-,-,138363(1),-,-,-,-,-,-,-,-,-,-
KAR Govt Quota-Open,STG,Karnataka,"ESIC Med Coll,Gulbarga",GENERAL SURGERY,"₹2,50,000*","₹1,11,780*",2*,"₹10,00,000*",480,-,-,138406(1),-,-,-,-,-,-,-,-,-,-
KAR Govt Quota-Open,GM,Karnataka,"Mandya IMS, Mandya",FORENSIC MEDICINE,"₹69,150*","₹56,250",3*,"₹50,00,000*",Info Not Available,-,-,138716(1),-,-,-,-,-,-,-,-,-,-
KAR Govt Quota-Open,2AG,Karnataka,"Gadag IMS, Gadag",PATHOLOGY,"₹69,150*","₹56,250",3*,"₹50,00,000*",Info Not Available,54554(1),57235(1),138907(1),-,-,-,-,-,-,-,-,-,-
KAR Priv Seats-GMP,GMPH,Karnataka,"Sapthagiri IMS&RC, Bangalore",ENT,"₹30,41,500*","₹10,000*",1*,"₹50,00,000*",500,61224(1),68778(1),141252(1),-,-,-,-,-,-,-,-,-,-
KAR NRI Quota,NRI,Karnataka,"Oxford Med Coll, Bangalore",RADIO DIAGNOSIS,"₹1,10,15,750*","₹30,000*",1*,"₹50,00,000*",770,-,-,141421(1),-,-,-,-,-,-,-,-,-,-
KAR Priv Seats-Open,OPN,Karnataka,"AJIMS, Mangalore",FORENSIC MEDICINE,"₹3,59,003*","₹30,000",1*,"₹50,00,000*",910,-,-,-,141627(1),-,-,-,-,-,-,-,-,-
KAR Govt Quota-Open,SCG,Karnataka,"MRMC, Gulbarga",PATHOLOGY,"₹2,07,777*","₹8,000*",1*,"₹50,00,000*",1038,96850(1),89112(1),142074(1),-,-,-,-,-,-,-,-,-,-
KAR Govt Quota-InS,SCG,Karnataka,"Gulbarga IMS, Gulbarga",OBG,"₹1,24,150*","₹56,250",3*,"₹50,00,000*",873,-,-,142504(1),-,-,-,-,-,-,-,-,-,-
KAR Govt Quota-Open,3AG,Karnataka,"ESI, Bangalore",MICROBIOLOGY,"₹2,50,000*","₹1,11,780*",2*,"₹10,00,000*",530,-,-,142920(1),-,-,-,-,-,-,-,-,-,-
KAR Others (Inst.Q),MNG,Karnataka,"Basaveswara, Chitradurga",OBG,"₹90,15,750*","₹5,000*",1*,"₹50,00,000*",500,-,-,118842(1),144061(1),-,-,-,-,-,-,-,-,-
KAR Priv Seats-Min.,MM1,Karnataka,"Kanachur IMS, Mangalore",ANAESTHESIOLOGY,"₹13,88,744*",Info not available,1*,"₹50,00,000*",785,81365(1),56547(1),144218(1),-,-,-,-,-,-,-,-,-,-
KAR NRI Quota,NRI,Karnataka,"DR BR Ambedkar, Bangalore",PAEDIATRICS,"₹80,40,750*","₹10,000*",1*,"₹50,00,000*",570,96226(1),19744(1),144353(1),-,-,-,-,-,-,-,-,-,-
KAR NRI Quota,NRI,Karnataka,"Navodaya Med Coll, Raichur",ORTHOPAEDICS,"₹60,15,750*","₹10,000*",1*,"₹50,00,000*",1110,93192(1),93192(2),144388(1),-,-,-,-,-,-,-,-,-,-
KAR Priv Seats-Open,OPN,Karnataka,"VIMS (Vydehi), Bangalore",SPM,"₹3,59,003*","₹29,000*",1*,"₹50,00,000*",1600,96899(1),56916(1),144425(1),-,-,-,-,-,-,-,-,-,-
KAR Govt Quota-InS,GM,Karnataka,"VIMS, Bellary",PHARMACOLOGY,"₹69,150*","₹56,250",3*,"₹50,00,000*",1295,-,-,144492(1),-,-,-,-,-,-,-,-,-,-
KAR NRI Quota,NRI,Karnataka,"Nijalingappa, Bagalkot",GENERAL MEDICINE,"₹82,15,750*","₹10,000*",1*,"₹50,00,000*",1140,118629(4),100733(5),144584(4),-,-,-,-,-,-,-,-,-,-
KAR Govt Quota-Open,GMH,Karnataka,"SSIMS & RC, Davangere",PATHOLOGY,"₹2,07,777*","₹30,000",1*,"₹50,00,000*",1190,60082(1),60082(1),144628(1),-,-,-,-,-,-,-,-,-,-
KAR NRI Quota,NRI,Karnataka,"Basaveswara, Chitradurga",GENERAL MEDICINE,"₹95,15,750*","₹5,000*",1*,"₹50,00,000*",500,88599(2),-,144842(1),-,-,-,-,-,-,-,-,-,-
KAR Priv Seats-GMP,GMPH,Karnataka,"Father Mullers, Mangalore",PSYCHIATRY,"₹13,88,744*","₹35,000*",1*,"₹50,00,000*",1250,33254(1),33254(1),52885(1),145240(1),-,-,-,-,-,-,-,-,-
KAR NRI Quota,NRI,Karnataka,"BGS IMS, Bangalore",ANAESTHESIOLOGY,"₹45,15,750*","₹25,000*",1*,"₹50,00,000*",766,91991(1),-,145457(1),-,-,-,-,-,-,-,-,-,-
KAR Govt Quota-InS,GM,Karnataka,"JJM Med Coll, Davangere",GENERAL SURGERY,"₹7,83,858*","₹30,000*",1*,"₹50,00,000*",1930,-,-,146096(1),-,-,-,-,-,-,-,-,-,-
KAR Priv Seats-GMP,GMPH,Karnataka,"Akash IMS,Devanhalli,Bangalore",ENT,"₹13,88,744*","₹20,000",1*,"₹50,00,000*",760,68778(1),39433(1),106646(1),147304(1),-,-,-,-,-,-,-,-,-
KAR NRI Quota,NRI,Karnataka,"Akash IMS,Devanhalli,Bangalore",PAEDIATRICS,"₹75,15,750*","₹20,000",1*,"₹50,00,000*",760,47741(1),-,147681(1),-,-,-,-,-,-,-,-,-,-
KAR Govt Quota-InS,SCG,Karnataka,"SDM College, Dharwad",GENERAL MEDICINE,"₹7,83,858*","₹45,000*",1*,"₹50,00,000*",670,-,-,148666(1),-,-,-,-,-,-,-,-,-,-
KAR Govt Quota-Open,STG,Karnataka,"Raichur IMS, Raichur",ENT,"₹1,24,150*","₹56,250",3*,"₹50,00,000*",500,84617(1),-,149453(1),-,-,-,-,-,-,-,-,-,-
KAR Priv Seats-Min.,ME,Karnataka,"Navodaya Med Coll, Raichur",ENT,"₹13,88,744*","₹10,000*",1*,"₹50,00,000*",1110,-,-,147659(1),150668(1),-,-,-,-,-,-,-,-,-
KAR Govt Quota-InS,STG,Karnataka,"IGICH, Bangalore",PAEDIATRICS,"₹1,24,150*","₹56,250",3*,"₹50,00,000*",500,-,-,151210(1),-,-,-,-,-,-,-,-,-,-
KAR NRI Quota,NRI,Karnataka,"Nijalingappa, Bagalkot",DERMATOLOGY,"₹90,15,750*","₹10,000*",1*,"₹50,00,000*",1140,-,-,151257(1),-,-,-,-,-,-,-,-,-,-
KAR Govt Quota-InS,GM,Karnataka,"Father Mullers, Mangalore",OBG,"₹7,83,858*","₹35,000*",1*,"₹50,00,000*",1250,-,-,151398(1),-,-,-,-,-,-,-,-,-,-
KAR Govt Quota-InS,SCG,Karnataka,"AIMS, Adichunchanagiri, Bellur",PAEDIATRICS,"₹7,83,858*","₹23,750",1*,"₹50,00,000*",1120,-,-,151672(1),-,-,-,-,-,-,-,-,-,-
KAR Govt Quota-Open,2BG,Karnataka,"Chamrajanagar IMS, Karnataka",PATHOLOGY,"₹69,150*","₹56,250",3*,"₹50,00,000*",750,40381(1),29680(1),151719(1),-,-,-,-,-,-,-,-,-,-
KAR NRI Quota,NRI,Karnataka,"AJIMS, Mangalore",OPHTHALMOLOGY,"₹75,15,750*","₹30,000",1*,"₹50,00,000*",910,34427(1),38129(1),151905(1),-,-,-,-,-,-,-,-,-,-
KAR NRI Quota,NRI,Karnataka,"Basaveswara, Chitradurga",OPHTHALMOLOGY,"₹60,15,750*","₹5,000*",1*,"₹50,00,000*",500,-,-,124647(1),152152(1),-,-,-,-,-,-,-,-,-
KAR NRI Quota,NRI,Karnataka,"Shridevi IMS, Tumkur",RADIO DIAGNOSIS,"₹1,20,15,750*",Info not available*,1*,"₹50,00,000*",750,-,-,152476(2),-,-,-,-,-,-,-,-,-,-
KAR Govt Quota-Open,STG,Karnataka,"Srinivasa IMS, Srinivasanagar",GENERAL SURGERY,"₹8,08,858*","₹29,000*",1*,"₹50,00,000*",660,66548(1),66548(1),152518(1),-,-,-,-,-,-,-,-,-,-
KAR NRI Quota,NRI,Karnataka,"AIMS, Adichunchanagiri, Bellur",ANAESTHESIOLOGY,"₹42,15,750*","₹23,750",1*,"₹50,00,000*",1120,91552(2),91552(1),152569(1),-,-,-,-,-,-,-,-,-,-
KAR Govt Quota-InS,GMH,Karnataka,"MS Ramaiah, Bangalore",GENERAL MEDICINE,"₹8,08,858*","₹45,000",1*,"₹50,00,000*",1331,-,-,153680(1),-,-,-,-,-,-,-,-,-,-
KAR Priv Seats-GMP,GMP,Karnataka,"VIMS (Vydehi), Bangalore",PATHOLOGY,"₹3,59,003*","₹29,000*",1*,"₹50,00,000*",1600,-,-,153776(1),-,-,-,-,-,-,-,-,-,-
KAR NRI Quota,NRI,Karnataka,"KVG Med Coll, Sullia",ANAESTHESIOLOGY,"₹60,15,750*","₹7,500",1*,"₹50,00,000*",682,36201(1),44096(1),154008(1),-,-,-,-,-,-,-,-,-,-
KAR NRI Quota,NRI,Karnataka,"Navodaya Med Coll, Raichur",GENERAL MEDICINE,"₹80,15,750*","₹10,000*",1*,"₹50,00,000*",1110,105633(1),-,154137(2),-,-,-,-,-,-,-,-,-,-
KAR Govt Quota-Open,GMH,Karnataka,"Gulbarga IMS, Gulbarga",PHARMACOLOGY,"₹69,150*","₹56,250",3*,"₹50,00,000*",873,80467(1),80467(1),154185(1),-,-,-,-,-,-,-,-,-,-
KAR Govt Quota-InS,GM,Karnataka,"MS Ramaiah, Bangalore",GENERAL SURGERY,"₹8,08,858*","₹45,000",1*,"₹50,00,000*",1331,-,-,154956(1),-,-,-,-,-,-,-,-,-,-
KAR Govt Quota-Open,GM,Karnataka,"SMC, Shimoga",PATHOLOGY,"₹2,07,777*",Info not available,1*,"₹50,00,000*",1250,-,-,155127(2),155127(2),-,-,-,-,-,-,-,-,-
KAR Govt Quota-Open,STG,Karnataka,"KIMS, Hubli",PHARMACOLOGY,"₹69,150*","₹56,250",3*,"₹50,00,000*",1200,-,-,155179(1),-,-,-,-,-,-,-,-,-,-
KAR Govt Quota-InS,GM,Karnataka,"MRMC, Gulbarga",PAEDIATRICS,"₹7,83,858*","₹8,000*",1*,"₹50,00,000*",1038,-,-,155312(1),-,-,-,-,-,-,-,-,-,-
KAR Govt Quota-Open,2BG,Karnataka,"SMC, Shimoga",PSYCHIATRY,"₹7,83,858*",Info not available,1*,"₹50,00,000*",1250,46213(1),46213(1),155431(1),-,-,-,-,-,-,-,-,-,-
KAR NRI Quota,NRI,Karnataka,"Basaveswara, Chitradurga",DERMATOLOGY,"₹1,05,15,750*","₹5,000*",1*,"₹50,00,000*",500,19692(1),-,155434(2),-,-,-,-,-,-,-,-,-,-
KAR NRI Quota,NRI,Karnataka,"AJIMS, Mangalore",ORTHOPAEDICS,"₹1,00,15,750*","₹30,000",1*,"₹50,00,000*",910,89213(1),-,155460(2),-,-,-,-,-,-,-,-,-,-
KAR NRI Quota,NRI,Karnataka,"Akash IMS,Devanhalli,Bangalore",RADIO DIAGNOSIS,"₹1,25,15,750*","₹20,000",1*,"₹50,00,000*",760,-,64267(1),156210(2),-,-,-,-,-,-,-,-,-,-
KAR NRI Quota,NRI,Karnataka,"AIMS, Adichunchanagiri, Bellur",GENERAL SURGERY,"₹60,15,750*","₹23,750",1*,"₹50,00,000*",1120,81252(1),81252(1),156693(2),-,-,-,-,-,-,-,-,-,-
KAR Others (Inst.Q),MNG,Karnataka,"Khaja Bandanawaz, Gulbarga",PAEDIATRICS,-,-,-,-,833,-,-,156901(1),-,-,-,-,-,-,-,-,-,-
KAR Govt Quota-InS,STG,Karnataka,"VIMS, Bellary",PAEDIATRICS,"₹1,24,150*","₹56,250",3*,"₹50,00,000*",1295,-,-,157667(1),-,-,-,-,-,-,-,-,-,-
KAR Govt Quota-InS,GM,Karnataka,"Mysore Med Coll, Mysore",OPHTHALMOLOGY,"₹1,24,150*","₹56,250",3*,"₹50,00,000*",1050,-,-,158187(1),-,-,-,-,-,-,-,-,-,-
KAR Govt Quota-InS,GM,Karnataka,"KIMS, Hubli",GENERAL SURGERY,"₹1,24,150*","₹56,250",3*,"₹50,00,000*",1200,-,-,158196(1),-,-,-,-,-,-,-,-,-,-
KAR NRI Quota,NRI,Karnataka,"East Point College,Bangalore",RADIO DIAGNOSIS,"₹1,15,15,750*","₹20,000",1*,"₹50,00,000*",-,94753(2),94753(1),158291(2),-,-,-,-,-,-,-,-,-,-
KAR NRI Quota,NRI,Karnataka,"Basaveswara, Chitradurga",GENERAL SURGERY,"₹70,15,750*","₹5,000*",1*,"₹50,00,000*",500,-,96668(1),158659(1),-,-,-,-,-,-,-,-,-,-
KAR NRI Quota,NRI,Karnataka,"East Point College,Bangalore",ORTHOPAEDICS,"₹70,15,750*","₹20,000",1*,"₹50,00,000*",-,22260(1),-,148680(1),158726(1),-,-,-,-,-,-,-,-,-
KAR NRI Quota,NRI,Karnataka,"MVJMC&RH, Bangalore",DERMATOLOGY,"₹1,30,15,750*","₹10,000*",1*,"₹50,00,000*",833,-,-,159148(2),-,-,-,-,-,-,-,-,-,-
KAR Priv Seats-Open,OPN,Karnataka,"Navodaya Med Coll, Raichur",PATHOLOGY,"₹3,59,003*","₹10,000*",1*,"₹50,00,000*",1110,-,-,159402(1),159402(1),-,-,-,-,-,-,-,-,-
KAR Priv Seats-GMP,GMP,Karnataka,"MS Ramaiah, Bangalore",SPM,"₹2,32,777*","₹45,000",1*,"₹50,00,000*",1331,57931(1),57931(1),159609(1),159609(1),-,-,-,-,-,-,-,-,-
KAR Govt Quota-Open,2AG,Karnataka,"JJM Med Coll, Davangere",PATHOLOGY,"₹2,07,777*","₹30,000*",1*,"₹50,00,000*",1930,-,-,159810(1),-,-,-,-,-,-,-,-,-,-
KAR Priv Seats-Open,OPN,Karnataka,"Father Mullers, Mangalore",PATHOLOGY,"₹3,59,003*","₹35,000*",1*,"₹50,00,000*",1250,-,-,160041(6),96850(2),-,-,-,-,-,-,-,-,-
KAR Govt Quota-Open,STH,Karnataka,"Kasturba Med Coll, Mangalore",PAEDIATRICS,"₹7,83,858*","₹45,000*",1*,"₹50,00,000*",1290,50351(1),-,160429(1),-,-,-,-,-,-,-,-,-,-
KAR Govt Quota-InS,GM,Karnataka,"AJIMS, Mangalore",OBG,"₹7,83,858*","₹30,000",1*,"₹50,00,000*",910,-,-,160599(1),-,-,-,-,-,-,-,-,-,-
KAR NRI Quota,NRI,Karnataka,"Nijalingappa, Bagalkot",GENERAL SURGERY,"₹60,15,750*","₹10,000*",1*,"₹50,00,000*",1140,110858(1),-,160761(1),-,-,-,-,-,-,-,-,-,-
KAR Govt Quota-InS,SCG,Karnataka,"Shridevi IMS, Tumkur",PSYCHIATRY,"₹7,83,858*",Info not available*,1*,"₹50,00,000*",750,-,-,160876(1),-,-,-,-,-,-,-,-,-,-
KAR NRI Quota,NRI,Karnataka,"Oxford Med Coll, Bangalore",PAEDIATRICS,"₹70,15,750*","₹30,000*",1*,"₹50,00,000*",770,80565(1),-,161405(1),-,-,-,-,-,-,-,-,-,-
KAR Govt Quota-Open,2AH,Karnataka,"Khaja Bandanawaz, Gulbarga",MICROBIOLOGY,"₹2,22,777*","₹30,000*",1*,"₹50,00,000*",833,-,-,161573(1),-,-,-,-,-,-,-,-,-,-
KAR Govt Quota-Open,GM,Karnataka,"Mandya IMS, Mandya",SPM,"₹69,150*","₹56,250",3*,"₹50,00,000*",Info Not Available,-,-,-,161723(1),110984(1),-,-,-,-,-,-,-,-
KAR NRI Quota,NRI,Karnataka,"AJIMS, Mangalore",RADIO DIAGNOSIS,"₹1,25,15,750*","₹30,000",1*,"₹50,00,000*",910,99314(4),99314(2),159010(3),161828(1),-,-,-,-,-,-,-,-,-
KAR NRI Quota,NRI,Karnataka,"Srinivasa IMS, Srinivasanagar",DERMATOLOGY,"₹1,15,40,750*","₹29,000*",1*,"₹50,00,000*",660,65430(1),-,162127(1),-,-,-,-,-,-,-,-,-,-
KAR Govt Quota-InS,GMH,Karnataka,"MRMC, Gulbarga",ANAESTHESIOLOGY,"₹7,83,858*","₹8,000*",1*,"₹50,00,000*",1038,-,-,162134(1),-,-,-,-,-,-,-,-,-,-
KAR NRI Quota,NRI,Karnataka,"SDM College, Dharwad",ANAESTHESIOLOGY,"₹45,15,750*","₹45,000*",1*,"₹50,00,000*",670,-,-,162200(1),-,-,-,-,-,-,-,-,-,-
KAR Govt Quota-Open,GM,Karnataka,"VIMS (Vydehi), Bangalore",PATHOLOGY,"₹2,07,777*","₹29,000*",1*,"₹50,00,000*",1600,48165(1),34341(1),105298(1),162564(1),-,-,-,-,-,-,-,-,-
KAR Govt Quota-InS,GM,Karnataka,"Dharward IMHANS, Dharwad",PSYCHIATRY,"₹1,24,150*","₹56,250",3*,"₹50,00,000*",375,-,-,163850(1),-,-,-,-,-,-,-,-,-,-
KAR NRI Quota,NRI,Karnataka,"Oxford Med Coll, Bangalore",GENERAL MEDICINE,"₹90,15,750*","₹30,000*",1*,"₹50,00,000*",770,61995(1),-,165118(2),-,-,-,-,-,-,-,-,-,-
KAR NRI Quota,NRI,Karnataka,"BGS IMS, Bangalore",OBG,"₹85,15,750*","₹25,000*",1*,"₹50,00,000*",766,-,102154(1),165397(1),-,-,-,-,-,-,-,-,-,-
KAR NRI Quota,NRI,Karnataka,"Oxford Med Coll, Bangalore",OBG,"₹90,15,750*","₹30,000*",1*,"₹50,00,000*",770,90831(1),-,165469(1),-,-,-,-,-,-,-,-,-,-
KAR Priv Seats-Min.,MM1,Karnataka,"Khaja Bandanawaz, Gulbarga",GENERAL MEDICINE,"₹60,30,750*","₹30,000*",1*,"₹50,00,000*",833,-,-,165564(2),-,-,-,-,-,-,-,-,-,-
KAR Govt Quota-Open,3AG,Karnataka,"Yenepoya Med Coll, Mangalore",GERIATRICS,"₹8,23,858*","₹45,000*",1*,"₹50,00,000*",910,47166(1),36474(1),69034(1),165737(1),-,-,-,-,-,-,-,-,-
KAR Priv Seats-GMP,GMPH,Karnataka,"AIMS, Adichunchanagiri, Bellur",ENT,"₹26,15,750*","₹23,750",1*,"₹50,00,000*",1120,86788(1),86788(1),166101(1),-,-,-,-,-,-,-,-,-,-
KAR Priv Seats-Open,OPN,Karnataka,"Navodaya Med Coll, Raichur",MICROBIOLOGY,"₹3,59,003*","₹10,000*",1*,"₹50,00,000*",1110,-,-,166362(1),-,-,-,-,-,-,-,-,-,-
KAR Govt Quota-Open,2BG,Karnataka,"Gulbarga IMS, Gulbarga",MICROBIOLOGY,"₹69,150*","₹56,250",3*,"₹50,00,000*",873,100835(1),100835(1),167148(1),-,-,-,-,-,-,-,-,-,-
KAR NRI Quota,NRI,Karnataka,"Akash IMS,Devanhalli,Bangalore",GENERAL MEDICINE,"₹90,15,750*","₹20,000",1*,"₹50,00,000*",760,103199(2),103199(3),166728(4),167160(1),-,-,-,-,-,-,-,-,-
KAR Govt Quota-Open,STG,Karnataka,"Kempegowda IMS, Bangalore",ORTHOPAEDICS,"₹7,83,858*","₹35,000*",1*,"₹50,00,000*",1100,55584(1),55584(1),167432(1),-,-,-,-,-,-,-,-,-,-
KAR NRI Quota,NRI,Karnataka,"Navodaya Med Coll, Raichur",PAEDIATRICS,"₹70,15,750*","₹10,000*",1*,"₹50,00,000*",1110,-,-,167465(3),-,-,-,-,-,-,-,-,-,-
KAR Govt Quota-Open,STG,Karnataka,"VIMS (Vydehi), Bangalore",OPHTHALMOLOGY,"₹7,83,858*","₹29,000*",1*,"₹50,00,000*",1600,-,77017(1),167554(1),-,-,-,-,-,-,-,-,-,-
KAR NRI Quota,NRI,Karnataka,"Nijalingappa, Bagalkot",PAEDIATRICS,"₹80,15,750*","₹10,000*",1*,"₹50,00,000*",1140,-,-,168447(2),-,-,-,-,-,-,-,-,-,-
KAR NRI Quota,NRI,Karnataka,"MVJMC&RH, Bangalore",RADIO DIAGNOSIS,"₹1,30,15,750*","₹10,000*",1*,"₹50,00,000*",833,73098(3),-,168665(1),-,-,-,-,-,-,-,-,-,-
KAR NRI Quota,NRI,Karnataka,"Navodaya Med Coll, Raichur",GENERAL SURGERY,"₹55,15,750*","₹10,000*",1*,"₹50,00,000*",1110,-,-,168699(1),-,-,-,-,-,-,-,-,-,-
KAR Govt Quota-Open,SCG,Karnataka,"MVJMC&RH, Bangalore",PATHOLOGY,"₹2,07,777*","₹10,000*",1*,"₹50,00,000*",833,88205(1),77798(1),169318(1),-,-,-,-,-,-,-,-,-,-
KAR Govt Quota-InS,GM,Karnataka,"Mandya IMS, Mandya",ANAESTHESIOLOGY,"₹1,24,150*","₹56,250",3*,"₹50,00,000*",Info Not Available,-,-,169445(1),-,-,-,-,-,-,-,-,-,-
KAR Govt Quota-InS,GM,Karnataka,"KIMS, Hubli",PSYCHIATRY,"₹1,24,150*","₹56,250",3*,"₹50,00,000*",1200,-,-,169804(1),-,-,-,-,-,-,-,-,-,-
KAR Govt Quota-Open,SCG,Karnataka,"JSS Med Coll, Mysore",HOSPITAL ADMINISTRATION,"₹7,83,858*","₹45,000*",1*,"₹50,00,000*",2060,68896(1),77152(1),125141(1),170738(1),-,-,-,-,-,-,-,-,-
KAR Govt Quota-InS,GMH,Karnataka,"JJM Med Coll, Davangere",OBG,"₹7,83,858*","₹30,000*",1*,"₹50,00,000*",1930,-,-,170764(1),-,-,-,-,-,-,-,-,-,-
KAR Govt Quota-InS,GM,Karnataka,"Sapthagiri IMS&RC, Bangalore",OBG,"₹8,09,608*","₹10,000*",1*,"₹50,00,000*",500,-,-,170997(2),-,-,-,-,-,-,-,-,-,-
KAR NRI Quota,NRI,Karnataka,"Shridevi IMS, Tumkur",PAEDIATRICS,"₹1,08,15,750*",Info not available*,1*,"₹50,00,000*",750,-,-,171961(2),-,-,-,-,-,-,-,-,-,-
KAR Govt Quota-Open,GM,Karnataka,"Gulbarga IMS, Gulbarga",PHYSIOLOGY,"₹41,650*","₹56,250",3*,"₹50,00,000*",873,-,-,172529(1),-,-,-,-,-,-,-,-,-,-
KAR NRI Quota,NRI,Karnataka,"KVG Med Coll, Sullia",GENERAL MEDICINE,"₹80,15,750*","₹7,500",1*,"₹50,00,000*",682,96668(1),82012(1),130735(2),172677(1),-,-,-,-,-,-,-,-,-
KAR Priv Seats-Open,OPN,Karnataka,"Srinivasa IMS, Srinivasanagar",PATHOLOGY,"₹3,40,750*","₹29,000*",1*,"₹50,00,000*",660,-,-,172681(2),172681(1),-,-,-,-,-,-,-,-,-
KAR Govt Quota-InS,GM,Karnataka,"Bangalore Med Coll, Bangalore",TBRD,-,-,-,-,1993,-,-,172850(1),-,-,-,-,-,-,-,-,-,-
KAR Govt Quota-InS,GM,Karnataka,"VIMS (Vydehi), Bangalore",GENERAL MEDICINE,"₹7,83,858*","₹29,000*",1*,"₹50,00,000*",1600,-,-,172857(1),-,-,-,-,-,-,-,-,-,-
KAR Priv Seats-Min.,RC1,Karnataka,"St John's, Bangalore",FAMILY MEDICINE,"₹12,05,025*","₹45,000",1*,"₹5,00,000*",1720,-,-,173017(1),-,-,-,-,-,-,-,-,-,-
KAR Govt Quota-InS,GM,Karnataka,"Shimoga IMS, Shimoga",GENERAL SURGERY,"₹1,24,150*","₹56,250",3*,"₹50,00,000*",950,-,-,173219(1),-,-,-,-,-,-,-,-,-,-
KAR Govt Quota-Open,GM,Karnataka,"AIMS, Adichunchanagiri, Bellur",SPM,"₹2,07,777*","₹23,750",1*,"₹50,00,000*",1120,-,80901(1),173581(1),-,-,-,-,-,-,-,-,-,-
KAR Govt Quota-Open,GMH,Karnataka,"ESIC Med Coll,Gulbarga",BIOCHEMISTRY,"₹2,50,000*","₹1,11,780*",2*,"₹10,00,000*",480,-,-,173821(1),-,-,-,-,-,-,-,-,-,-
KAR Priv Seats-GMP,GMPH,Karnataka,"Sapthagiri IMS&RC, Bangalore",GENERAL SURGERY,"₹32,41,500*","₹10,000*",1*,"₹50,00,000*",500,70747(2),74954(2),113158(2),173840(1),-,-,-,-,-,-,-,-,-
KAR Govt Quota-Open,GM,Karnataka,"Kasturba Med Coll, Manipal",SPM,-,-,-,-,2032,52903(1),53611(1),174833(1),-,133567(1),-,-,-,-,-,-,-,-
KAR NRI Quota,NRI,Karnataka,"AIMS, Adichunchanagiri, Bellur",ORTHOPAEDICS,"₹65,15,750*","₹23,750",1*,"₹50,00,000*",1120,73518(1),-,175160(2),-,-,-,-,-,-,-,-,-,-
KAR DNB Serv,GM,Karnataka,"District Hospital, Dharwad",DA(NBEMS),-,-,-,-,250,-,-,175785(1),-,-,-,-,-,-,-,-,-,-
KAR Govt Quota-InS,GM,Karnataka,"MVJMC&RH, Bangalore",PAEDIATRICS,"₹7,83,858*","₹10,000*",1*,"₹50,00,000*",833,-,-,176189(1),-,-,-,-,-,-,-,-,-,-
KAR Priv Seats-GMP,GMP,Karnataka,"MS Ramaiah, Bangalore",HOSPITAL ADMINISTRATION,"₹15,40,750*","₹45,000",1*,"₹50,00,000*",1331,-,41583(1),126862(2),176211(1),-,-,-,-,-,-,-,-,-
KAR Priv Seats-Open,OPN,Karnataka,"AJIMS, Mangalore",PATHOLOGY,"₹3,59,003*","₹30,000",1*,"₹50,00,000*",910,49200(1),45594(1),176409(4),-,-,-,-,-,-,-,-,-,-
KAR NRI Quota,NRI,Karnataka,"Srinivasa IMS, Srinivasanagar",RADIO DIAGNOSIS,"₹1,00,40,750*","₹29,000*",1*,"₹50,00,000*",660,-,-,176639(2),-,-,-,-,-,-,-,-,-,-
KAR NRI Quota,NRI,Karnataka,"Shridevi IMS, Tumkur",GENERAL MEDICINE,"₹1,08,15,750*",Info not available*,1*,"₹50,00,000*",750,93441(1),-,163040(1),176888(1),-,-,-,-,-,-,-,-,-
KAR Govt Quota-InS,GM,Karnataka,"Nijalingappa, Bagalkot",ANAESTHESIOLOGY,"₹7,83,858*","₹10,000*",1*,"₹50,00,000*",1140,-,-,177201(1),-,-,-,-,-,-,-,-,-,-
KAR Govt Quota-Open,GM,Karnataka,"Navodaya Med Coll, Raichur",PATHOLOGY,"₹2,07,777*","₹10,000*",1*,"₹50,00,000*",1110,-,-,177252(1),177252(1),-,-,-,-,-,-,-,-,-
KAR Priv Seats-Open,OPN,Karnataka,"Srinivasa IMS, Srinivasanagar",SPM,"₹3,40,750*","₹29,000*",1*,"₹50,00,000*",660,-,-,-,-,177318(1),-,-,-,-,-,-,-,-
KAR NRI Quota,NRI,Karnataka,"DR BR Ambedkar, Bangalore",ORTHOPAEDICS,"₹75,15,750*","₹10,000*",1*,"₹50,00,000*",570,110119(1),-,177414(1),-,-,-,-,-,-,-,-,-,-
KAR Govt Quota-Open,SCG,Karnataka,"Bangalore Med Coll, Bangalore",FORENSIC MEDICINE,"₹69,150*","₹56,250",3*,"₹50,00,000*",1993,-,-,177448(1),-,-,-,-,-,-,-,-,-,-
KAR Govt Quota-Open,2AG,Karnataka,"Bangalore Med Coll, Bangalore",SPM,"₹69,150*","₹56,250",3*,"₹50,00,000*",1993,23734(1),23734(1),177833(2),177833(2),-,-,-,-,-,-,-,-,-
KAR NRI Quota,NRI,Karnataka,"MVJMC&RH, Bangalore",ORTHOPAEDICS,"₹75,15,750*","₹10,000*",1*,"₹50,00,000*",833,16498(1),34688(1),178757(1),-,-,-,-,-,-,-,-,-,-
KAR Govt Quota-Open,STG,Karnataka,"Bangalore Med Coll, Bangalore",ENT,"₹1,24,150*","₹56,250",3*,"₹50,00,000*",1993,-,-,178883(1),-,-,-,-,-,-,-,-,-,-
KAR NRI Quota,NRI,Karnataka,"Kanachur IMS, Mangalore",RADIO DIAGNOSIS,"₹1,35,15,750*",Info not available,1*,"₹50,00,000*",785,51508(2),-,179075(2),-,-,-,-,-,-,-,-,-,-
KAR Govt Quota-InS,GM,Karnataka,"Bangalore Med Coll, Bangalore",ANAESTHESIOLOGY,"₹1,24,150*","₹56,250",3*,"₹50,00,000*",1993,87777(2),87777(2),179467(4),-,-,-,-,-,-,-,-,-,-
KAR Govt Quota-InS,GM,Karnataka,"Father Mullers, Mangalore",PAEDIATRICS,"₹7,83,858*","₹35,000*",1*,"₹50,00,000*",1250,-,-,180314(1),-,-,-,-,-,-,-,-,-,-
KAR Govt Quota-Open,STG,Karnataka,"VIMS, Bellary",ANAESTHESIOLOGY,"₹1,24,150*","₹56,250",3*,"₹50,00,000*",1295,66256(1),69715(1),180978(2),-,-,-,-,-,-,-,-,-,-
KAR Govt Quota-Open,2AG,Karnataka,"Sapthagiri IMS&RC, Bangalore",PATHOLOGY,"₹2,33,527*","₹10,000*",1*,"₹50,00,000*",500,-,80165(1),181016(1),181016(1),-,-,-,-,-,-,-,-,-
KAR NRI Quota,NRI,Karnataka,"Kanachur IMS, Mangalore",GENERAL MEDICINE,"₹1,10,15,750*",Info not available,1*,"₹50,00,000*",785,-,-,181658(1),-,-,-,-,-,-,-,-,-,-
KAR Govt Quota-Open,GM,Karnataka,"KIMS, Hubli",PHYSIOLOGY,"₹41,650*","₹56,250",3*,"₹50,00,000*",1200,-,-,181711(2),-,-,-,-,-,-,-,-,-,-
KAR Govt Quota-Open,PGM,Karnataka,"KIMS, Hubli",PATHOLOGY,"₹69,150*","₹56,250",3*,"₹50,00,000*",1200,-,-,182351(1),-,-,-,-,-,-,-,-,-,-
KAR NRI Quota,NRI,Karnataka,"Akash IMS,Devanhalli,Bangalore",DERMATOLOGY,"₹1,25,15,750*","₹20,000",1*,"₹50,00,000*",760,-,-,182645(3),173999(2),-,-,-,-,-,-,-,-,-
KAR NRI Quota,NRI,Karnataka,"MVJMC&RH, Bangalore",PAEDIATRICS,"₹85,15,750*","₹10,000*",1*,"₹50,00,000*",833,-,-,182657(2),-,-,-,-,-,-,-,-,-,-
KAR NRI Quota,NRI,Karnataka,"SMC, Shimoga",ORTHOPAEDICS,-,-,-,-,1250,-,-,-,182909(1),-,-,-,-,-,-,-,-,-
KAR NRI Quota,NRI,Karnataka,"Akash IMS,Devanhalli,Bangalore",GENERAL SURGERY,"₹70,15,750*","₹20,000",1*,"₹50,00,000*",760,26785(1),57075(1),183111(1),-,-,-,-,-,-,-,-,-,-
KAR Govt Quota-Open,GM,Karnataka,"Nijalingappa, Bagalkot",PATHOLOGY,"₹2,07,777*","₹10,000*",1*,"₹50,00,000*",1140,48366(1),48366(1),173508(3),-,183473(1),-,157751(1),-,-,-,-,-,-
KAR NRI Quota,NRI,Karnataka,"Akash IMS,Devanhalli,Bangalore",OBG,"₹85,15,750*","₹20,000",1*,"₹50,00,000*",760,66186(1),-,184044(3),-,-,-,-,-,-,-,-,-,-
KAR NRI Quota,NRI,Karnataka,"BGS IMS, Bangalore",GENERAL SURGERY,"₹70,15,750*","₹25,000*",1*,"₹50,00,000*",766,61578(1),83512(1),120044(1),184376(1),-,-,-,-,-,-,-,-,-
KAR NRI Quota,NRI,Karnataka,"MVJMC&RH, Bangalore",OBG,"₹80,15,750*","₹10,000*",1*,"₹50,00,000*",833,-,-,185061(1),-,-,-,-,-,-,-,-,-,-
KAR NRI Quota,NRI,Karnataka,"Al-Ameen, Bijapur",GENERAL SURGERY,"₹60,15,750*","₹9,000*",1*,"₹50,00,000*",1040,87724(2),87724(1),185300(2),-,-,-,-,-,-,-,-,-,-
KAR DNB Serv,GM,Karnataka,"General Hosp, Shikaripura",DGO(NBEMS),-,-,-,-,Info Not Available,-,-,185455(1),-,-,-,-,-,-,-,-,-,-
KAR Govt Quota-InS,SCH,Karnataka,"Mandya IMS, Mandya",GENERAL MEDICINE,"₹1,24,150*","₹56,250",3*,"₹50,00,000*",Info Not Available,-,-,185957(1),-,-,-,-,-,-,-,-,-,-
KAR NRI Quota,NRI,Karnataka,"Khaja Bandanawaz, Gulbarga",GENERAL MEDICINE,"₹85,30,750*","₹30,000*",1*,"₹50,00,000*",833,105552(1),105552(1),186416(2),-,-,-,-,-,-,-,-,-,-
KAR Govt Quota-Open,2AG,Karnataka,"Shimoga IMS, Shimoga",FORENSIC MEDICINE,"₹69,150*","₹56,250",3*,"₹50,00,000*",950,-,-,186848(1),-,-,-,-,-,-,-,-,-,-
KAR NRI Quota,NRI,Karnataka,"Akash IMS,Devanhalli,Bangalore",ORTHOPAEDICS,"₹75,15,750*","₹20,000",1*,"₹50,00,000*",760,-,-,186946(1),-,-,-,-,-,-,-,-,-,-
KAR Govt Quota-Open,STG,Karnataka,"Mandya IMS, Mandya",ANAESTHESIOLOGY,"₹1,24,150*","₹56,250",3*,"₹50,00,000*",Info Not Available,69533(1),78342(1),186975(1),-,-,-,-,-,-,-,-,-,-
KAR Priv Seats-GMP,GMP,Karnataka,"SDM College, Dharwad",SPM,"₹1,15,750*","₹45,000*",1*,"₹50,00,000*",670,-,107964(1),187228(1),-,-,-,-,-,-,-,-,-,-
KAR NRI Quota,NRI,Karnataka,"Al-Ameen, Bijapur",ORTHOPAEDICS,"₹60,15,750*","₹9,000*",1*,"₹50,00,000*",1040,-,-,187532(2),-,-,-,-,-,-,-,-,-,-
KAR Priv Seats-Min.,MM1,Karnataka,"Khaja Bandanawaz, Gulbarga",ORTHOPAEDICS,"₹40,30,750*","₹30,000*",1*,"₹50,00,000*",833,-,-,188680(1),-,-,-,-,-,-,-,-,-,-
KAR Govt Quota-InS,GM,Karnataka,"Shridevi IMS, Tumkur",GENERAL MEDICINE,"₹7,83,858*",Info not available*,1*,"₹50,00,000*",750,-,-,189252(1),-,-,-,-,-,-,-,-,-,-
KAR Priv Seats-Min.,MM1,Karnataka,"Khaja Bandanawaz, Gulbarga",GENERAL SURGERY,"₹40,30,750*","₹30,000*",1*,"₹50,00,000*",833,-,-,189419(1),-,-,-,-,-,-,-,-,-,-
KAR Govt Quota-Open,GM,Karnataka,"SSIMS & RC, Davangere",SPM,"₹2,07,777*","₹30,000",1*,"₹50,00,000*",1190,-,-,189545(1),-,-,-,-,-,-,-,-,-,-
KAR Govt Quota-Open,PGM,Karnataka,"MS Ramaiah, Bangalore",EMERGENCY MEDICINE,"₹8,08,858*","₹45,000",1*,"₹50,00,000*",1331,-,-,189597(1),-,-,-,-,-,-,-,-,-,-
KAR NRI Quota,NRI,Karnataka,"SMC, Shimoga",GENERAL MEDICINE,-,-,-,-,1250,-,-,-,189674(2),153213(2),-,-,-,-,-,-,-,-
KAR Govt Quota-Open,GMH,Karnataka,"Raichur IMS, Raichur",SPM,"₹69,150*","₹56,250",3*,"₹50,00,000*",500,76675(1),63675(1),190056(1),-,-,-,-,-,-,-,-,-,-
KAR NRI Quota,NRI,Karnataka,"SMC, Shimoga",PAEDIATRICS,"₹80,15,750*",Info not available,1*,"₹50,00,000*",1250,-,-,152891(2),190594(1),-,-,-,-,-,-,-,-,-
KAR NRI Quota,NRI,Karnataka,"SMC, Shimoga",TBRD,-,-,-,-,1250,-,-,-,190999(1),167355(1),-,-,-,-,-,-,-,-
KAR Govt Quota-Open,3BG,Karnataka,"AIMS, Adichunchanagiri, Bellur",PATHOLOGY,"₹2,07,777*","₹23,750",1*,"₹50,00,000*",1120,67426(1),61149(1),191131(1),-,-,-,-,-,-,-,-,-,-
KAR Govt Quota-Open,PGM,Karnataka,"Bidar IMS, Bidar",PHYSIOLOGY,"₹41,650*","₹56,250",3*,"₹50,00,000*",500,-,-,191633(1),-,-,-,-,-,-,-,-,-,-
KAR Priv Seats-Open,OPN,Karnataka,"VIMS (Vydehi), Bangalore",PATHOLOGY,"₹3,59,003*","₹29,000*",1*,"₹50,00,000*",1600,41538(1),42026(1),87954(1),191859(1),-,-,-,-,-,-,-,-,-
KAR NRI Quota,NRI,Karnataka,"Kanachur IMS, Mangalore",OBG,"₹1,05,15,750*",Info not available,1*,"₹50,00,000*",785,50311(1),-,192143(1),-,-,-,-,-,-,-,-,-,-
KAR Govt Quota-Open,SCG,Karnataka,"VIMS, Bellary",PATHOLOGY,"₹69,150*","₹56,250",3*,"₹50,00,000*",1295,-,-,192353(1),-,-,-,-,-,-,-,-,-,-
KAR NRI Quota,NRI,Karnataka,"MRMC, Gulbarga",ORTHOPAEDICS,"₹70,15,750*","₹8,000*",1*,"₹50,00,000*",1038,89556(1),89556(1),192379(2),-,-,-,-,-,-,-,-,-,-
KAR Priv Seats-Open,OPN,Karnataka,"KVG Med Coll, Sullia",ANATOMY,"₹1,88,418*","₹7,500",1*,"₹50,00,000*",682,-,-,192501(1),-,-,-,-,-,-,-,-,-,-
KAR NRI Quota,NRI,Karnataka,"Father Mullers, Mangalore",PATHOLOGY,"₹7,65,750*","₹35,000*",1*,"₹50,00,000*",1250,45329(1),119361(1),192754(1),-,-,-,-,-,-,-,-,-,-
KAR NRI Quota,NRI,Karnataka,"KVG Med Coll, Sullia",PAEDIATRICS,"₹70,15,750*","₹7,500",1*,"₹50,00,000*",682,-,-,150878(2),192932(1),-,-,-,-,-,-,-,-,-
KAR NRI Quota,NRI,Karnataka,"Kanachur IMS, Mangalore",PAEDIATRICS,"₹1,10,15,750*",Info not available,1*,"₹50,00,000*",785,56095(1),-,156438(1),193435(1),-,-,-,-,-,-,-,-,-
KAR NRI Quota,NRI,Karnataka,"East Point College,Bangalore",OBG,"₹90,15,750*","₹20,000",1*,"₹50,00,000*",-,117837(2),-,194205(1),-,-,-,-,-,-,-,-,-,-
KAR Govt Quota-Open,GM,Karnataka,"AIMS, Adichunchanagiri, Bellur",PHARMACOLOGY,"₹2,07,777*","₹23,750",1*,"₹50,00,000*",1120,-,-,194862(1),-,-,-,-,-,-,-,-,-,-
KAR Govt Quota-Open,STG,Karnataka,"VIMS (Vydehi), Bangalore",ORTHOPAEDICS,"₹7,83,858*","₹29,000*",1*,"₹50,00,000*",1600,60442(1),60442(1),195549(1),-,-,-,-,-,-,-,-,-,-
KAR Govt Quota-Open,GM,Karnataka,"East Point College,Bangalore",PATHOLOGY,"₹2,07,777*","₹20,000",1*,"₹50,00,000*",-,-,-,196167(1),-,189626(1),-,-,-,-,-,-,-,-
KAR Govt Quota-Open,2BG,Karnataka,"SMC, Shimoga",OPHTHALMOLOGY,"₹7,83,858*",Info not available,1*,"₹50,00,000*",1250,35086(1),35086(1),41686(1),196175(1),-,-,-,-,-,-,-,-,-
KAR NRI Quota,NRI,Karnataka,"Shridevi IMS, Tumkur",OBG,"₹1,08,15,750*",Info not available*,1*,"₹50,00,000*",750,18315(1),-,196536(2),188170(1),-,-,-,-,-,-,-,-,-
KAR NRI Quota,NRI,Karnataka,"Oxford Med Coll, Bangalore",ORTHOPAEDICS,"₹75,15,750*","₹30,000*",1*,"₹50,00,000*",770,-,-,-,197160(1),-,-,-,-,-,-,-,-,-
KAR Govt Quota-Open,SCH,Karnataka,"Gulbarga IMS, Gulbarga",SPM,"₹69,150*","₹56,250",3*,"₹50,00,000*",873,-,-,197188(1),197188(1),197188(1),-,-,-,-,-,-,-,-
KAR Others (Inst.Q),MNG,Karnataka,"Oxford Med Coll, Bangalore",SPM,-,-,-,-,770,-,-,197351(1),-,-,-,-,-,-,-,-,-,-
KAR Govt Quota-InS,GM,Karnataka,"Sapthagiri IMS&RC, Bangalore",GENERAL MEDICINE,"₹8,09,608*","₹10,000*",1*,"₹50,00,000*",500,-,-,198213(2),-,-,-,-,-,-,-,-,-,-
KAR Priv Seats-Open,OPN,Karnataka,"MS Ramaiah, Bangalore",FORENSIC MEDICINE,"₹2,32,777*","₹45,000",1*,"₹50,00,000*",1331,-,-,198443(1),-,-,-,-,-,-,-,-,-,-
KAR Govt Quota-InS,GMH,Karnataka,"Raichur IMS, Raichur",GENERAL SURGERY,"₹1,24,150*","₹56,250",3*,"₹50,00,000*",500,-,-,198715(1),-,-,-,-,-,-,-,-,-,-
KAR NRI Quota,NRI,Karnataka,"SMC, Shimoga",OBG,-,-,-,-,1250,-,-,-,198790(2),164664(2),-,-,-,-,-,-,-,-
KAR Govt Quota-InS,GM,Karnataka,"MRMC, Gulbarga",GENERAL MEDICINE,"₹7,83,858*","₹8,000*",1*,"₹50,00,000*",1038,-,-,198794(1),-,-,-,-,-,-,-,-,-,-
KAR Priv Seats-Open,OPN,Karnataka,"JJM Med Coll, Davangere",BIOCHEMISTRY,"₹1,88,418*","₹30,000*",1*,"₹50,00,000*",1930,-,-,198930(1),198930(1),198930(1),-,-,-,-,-,-,-,-
KAR Priv Seats-Open,OPN,Karnataka,"Al-Ameen, Bijapur",FORENSIC MEDICINE,"₹3,59,003*","₹9,000*",1*,"₹50,00,000*",1040,-,-,199035(1),-,-,-,-,-,-,-,-,-,-
KAR Priv Seats-Open,OPN,Karnataka,"AJIMS, Mangalore",SPM,"₹3,59,003*","₹30,000",1*,"₹50,00,000*",910,-,-,-,-,-,-,199137(1),-,-,-,-,-,-
KAR Govt Quota-Open,GM,Karnataka,"JJM Med Coll, Davangere",PHYSIOLOGY,"₹1,11,765*","₹30,000*",1*,"₹50,00,000*",1930,-,-,-,199586(1),-,-,-,-,-,-,-,-,-
KAR NRI Quota,NRI,Karnataka,"Oxford Med Coll, Bangalore",GENERAL SURGERY,"₹70,15,750*","₹30,000*",1*,"₹50,00,000*",770,-,-,199693(1),-,-,-,-,-,-,-,-,-,-
KAR Govt Quota-Open,GMH,Karnataka,"Gulbarga IMS, Gulbarga",FORENSIC MEDICINE,"₹69,150*","₹56,250",3*,"₹50,00,000*",873,98871(1),98871(1),199725(1),-,-,-,-,-,-,-,-,-,-
KAR Priv Seats-Open,OPN,Karnataka,"AIMS, Adichunchanagiri, Bellur",ANATOMY,"₹1,40,750*","₹23,750",1*,"₹50,00,000*",1120,-,-,199754(1),-,-,-,-,-,-,-,-,-,-
KAR NRI Quota,NRI,Karnataka,"SMC, Shimoga",GENERAL SURGERY,"₹75,15,750*",Info not available,1*,"₹50,00,000*",1250,-,116155(2),116155(1),199845(1),-,-,-,-,-,-,-,-,-
KAR Priv Seats-Open,OPN,Karnataka,"BGS IMS, Bangalore",BIOCHEMISTRY,"₹1,88,418*","₹25,000*",1*,"₹50,00,000*",766,-,-,-,-,-,-,199994(1),-,-,-,-,-,-
KAR Govt Quota-Open,GM,Karnataka,"Raichur IMS, Raichur",FORENSIC MEDICINE,"₹69,150*","₹56,250",3*,"₹50,00,000*",500,85648(1),51833(1),-,-,200002(1),-,-,-,-,-,-,-,-
KAR Govt Quota-Open,PGM,Karnataka,"Mysore Med Coll, Mysore",PHARMACOLOGY,"₹69,150*","₹56,250",3*,"₹50,00,000*",1050,-,-,200287(1),-,-,-,-,-,-,-,-,-,-
KAR NRI Quota,NRI,Karnataka,"Nijalingappa, Bagalkot",ORTHOPAEDICS,"₹80,15,750*","₹10,000*",1*,"₹50,00,000*",1140,-,-,200352(2),-,-,-,-,-,-,-,-,-,-