Quota,Category,State,Institute,Course,Fee,Stipend Year 1,Bond Years,Bond Penalty,Beds,CR 2023 1,CR 2023 2,CR 2023 3,CR 2023 4,CR 2023 5,CR 2024 1,CR 2024 2,CR 2024 3,CR 2024 4,CR 2024 5,CR 2024 6,CR 2024 7
KER Govt Quota,SM,Kerala,"Govt Med Coll, Kottayam",GENERAL MEDICINE,"₹69,470*","₹57,876",1*,"₹50,00,000*",Info Not Available,39(2),39(2),39(2),-,-,34(3),40(3),34(1),-,-,-,-
KER Govt Quota,SM,Kerala,"TD Med Coll, Allepey",RADIO DIAGNOSIS,"₹69,470*","₹57,876",1*,"₹50,00,000*",1050,-,-,-,-,-,11(1),34(1),43(1),-,-,-,-
KER Govt Quota,SM,Kerala,"Medical College, Trivandrum",GENERAL MEDICINE,"₹69,470*","₹57,876",1*,"₹50,00,000*",2126,53(6),59(6),59(6),-,-,32(5),32(5),59(1),-,-,-,-
KER Govt Quota,SM,Kerala,"Govt Med Coll, Kozhikode",GENERAL MEDICINE,"₹69,470*","₹57,876",1*,"₹50,00,000*",3025,33(5),34(5),34(5),-,-,39(4),39(4),79(1),-,-,-,-
KER Govt Quota,SM,Kerala,"Govt Med Coll, Kozhikode",DERMATOLOGY,"₹69,470*","₹57,876",1*,"₹50,00,000*",3025,35(1),35(1),35(1),-,-,54(2),54(2),106(1),-,-,-,-
KER Govt Quota,SM,Kerala,"TD Med Coll, Allepey",GENERAL MEDICINE,"₹69,470*","₹57,876",1*,"₹50,00,000*",1050,80(6),99(6),99(6),-,-,59(4),66(4),107(1),-,-,-,-
KER Govt Quota,SM,Kerala,"Govt Med Coll, Thrissur",GENERAL MEDICINE,"₹69,470*","₹57,876",1*,"₹50,00,000*",1400,66(4),108(4),108(4),-,-,72(3),111(3),214(2),-,-,-,-
KER Govt Quota,SM,Kerala,"Medical College, Trivandrum",PAEDIATRICS,"₹69,470*","₹57,876",1*,"₹50,00,000*",2126,145(7),214(7),275(7),-,-,194(6),215(6),246(1),-,-,-,-
KER Govt Quota,SM,Kerala,"Govt Med Coll, Thrissur",PAEDIATRICS,"₹69,470*","₹57,876",1*,"₹50,00,000*",1400,165(2),192(2),192(2),-,-,234(3),257(3),321(2),-,-,-,-
KER Govt Quota,EZ,Kerala,"Govt Med Coll, Kozhikode",PAEDIATRICS,"₹69,470*","₹57,876",1*,"₹50,00,000*",3025,-,-,-,-,-,-,-,324(1),-,-,-,-
KER Govt Quota,BH,Kerala,"Medical College, Trivandrum",GENERAL MEDICINE,"₹69,470*","₹57,876",1*,"₹50,00,000*",2126,100(1),100(1),189(2),-,-,79(1),79(1),371(1),-,-,-,-
KER Govt Quota,SM,Kerala,"Govt Med Coll, Kozhikode",TBRD,"₹69,470*","₹57,876",1*,"₹50,00,000*",3025,168(1),339(1),339(1),-,-,172(2),313(2),394(2),-,-,-,-
KER Govt Quota,SM,Kerala,"Govt Med Coll, Kottayam",PAEDIATRICS,"₹69,470*","₹57,876",1*,"₹50,00,000*",Info Not Available,188(3),287(3),364(3),557(1),-,233(2),234(2),401(1),-,-,-,-
KER Govt Quota,EZ,Kerala,"Govt Med Coll, Thrissur",PAEDIATRICS,"₹69,470*","₹57,876",1*,"₹50,00,000*",1400,-,-,-,-,-,324(1),324(1),406(1),-,-,-,-
KER Govt Quota,EW,Kerala,"Govt Med Coll, Kottayam",RADIO DIAGNOSIS,"₹69,470*","₹57,876",1*,"₹50,00,000*",Info Not Available,-,-,-,-,-,-,-,415(1),-,-,-,-
KER Self Fin. Seats,SM,Kerala,"Amala IMS, Thrissur",DERMATOLOGY,"₹18,49,748*","₹53,000",0,₹0,640,139(1),139(1),544(1),-,-,348(1),348(1),434(1),-,-,-,-
KER Self Fin. Seats,SM,Kerala,"KMCT Med Coll, Kozhikode",DERMATOLOGY,"₹18,49,748*","₹53,000",0,₹0,790,624(1),634(1),634(1),-,-,434(1),867(2),468(1),-,-,-,-
KER Govt Quota,EW,Kerala,"Govt Med Coll, Kozhikode",PSYCHIATRY,"₹69,470*","₹57,876",1*,"₹50,00,000*",3025,1400(1),1400(1),1400(1),-,-,716(1),1987(1),492(1),-,-,-,-
KER Self Fin. Seats,SM,Kerala,"Amala IMS, Thrissur",GENERAL MEDICINE,"₹18,49,748*","₹53,000",0,₹0,640,635(3),672(3),672(3),-,-,383(1),383(1),523(1),-,-,-,-
KER Govt Quota,SM,Kerala,"Medical College, Trivandrum",GENERAL SURGERY,"₹69,470*","₹57,876",1*,"₹50,00,000*",2126,396(6),478(6),830(6),1046(1),-,391(6),391(6),537(1),-,-,-,-
KER Govt Quota,SM,Kerala,"TD Med Coll, Allepey",PAEDIATRICS,"₹69,470*","₹57,876",1*,"₹50,00,000*",1050,227(5),360(5),400(5),-,-,253(2),266(2),541(2),-,-,-,-
KER Govt Quota,BH,Kerala,"Govt Med Coll, Kozhikode",TBRD,"₹69,470*","₹57,876",1*,"₹50,00,000*",3025,-,-,-,-,-,468(1),468(1),542(1),-,-,-,-
KER Govt Quota,EW,Kerala,"Govt Med Coll, Thrissur",TBRD,"₹69,470*","₹57,876",1*,"₹50,00,000*",1400,-,-,-,-,-,492(1),492(1),578(1),-,-,-,-
KER Govt Quota,SM,Kerala,"Govt Med Coll, Kottayam",TBRD,"₹69,470*","₹57,876",1*,"₹50,00,000*",Info Not Available,-,-,-,-,-,291(1),394(1),588(1),-,-,-,-
KER Govt Quota,SM,Kerala,"Govt of Med Sci, Pariyaram",PAEDIATRICS,"₹69,470*","₹57,876",1*,"₹50,00,000*",1752,-,-,-,-,-,257(1),341(1),630(1),997(1),-,-,-
KER Self Fin. Seats,EZ,Kerala,"Amala IMS, Thrissur",GENERAL MEDICINE,"₹18,49,748*","₹53,000",0,₹0,640,-,-,-,-,-,868(1),868(1),657(1),-,-,-,-
KER Govt Quota,MU,Kerala,"Govt Med Coll, Kottayam",PAEDIATRICS,"₹69,470*","₹57,876",1*,"₹50,00,000*",Info Not Available,-,-,-,-,-,250(1),273(1),662(1),-,-,-,-
KER Govt Quota,MU,Kerala,"TD Med Coll, Allepey",PAEDIATRICS,"₹69,470*","₹57,876",1*,"₹50,00,000*",1050,-,-,-,-,-,270(1),330(1),668(1),-,-,-,-
KER Govt Quota,MU,Kerala,"Medical College, Trivandrum",GENERAL SURGERY,"₹69,470*","₹57,876",1*,"₹50,00,000*",2126,481(1),481(1),481(1),-,-,430(1),535(1),702(1),-,-,-,-
KER Self Fin. Seats,SM,Kerala,"KMCT Med Coll, Kozhikode",GENERAL MEDICINE,"₹18,49,748*","₹53,000",0,₹0,790,-,-,-,-,-,538(1),1154(3),723(1),-,-,-,-
KER Govt Quota,SM,Kerala,"Govt Med Coll, Ernakulam",PAEDIATRICS,"₹69,470*","₹57,876",1*,"₹50,00,000*",700,233(1),366(1),463(1),-,-,256(1),277(1),727(1),-,-,-,-
KER Govt Quota,SM,Kerala,"Govt Med Coll, Thrissur",GENERAL SURGERY,"₹69,470*","₹57,876",1*,"₹50,00,000*",1400,429(5),510(5),962(5),-,-,406(4),573(4),760(3),-,-,-,-
KER Self Fin. Seats,SM,Kerala,"Pushpagiri IMS, Tiruvalla",GENERAL MEDICINE,"₹18,49,748*","₹43,000",0,₹0,955,743(3),772(3),772(3),-,-,433(1),542(1),788(1),-,-,-,-
KER Govt Quota,SM,Kerala,"Medical College, Trivandrum",TBRD,"₹69,470*","₹57,876",1*,"₹50,00,000*",2126,189(2),321(2),439(2),-,-,277(2),401(2),805(2),-,-,-,-
KER Govt Quota,SM,Kerala,"Medical College, Trivandrum",OBG,"₹69,470*","₹57,876",1*,"₹50,00,000*",2126,334(7),334(7),334(7),-,-,662(7),683(7),808(2),-,-,-,-
KER Govt Quota,EZ,Kerala,"Govt Med Coll, Thrissur",GENERAL SURGERY,"₹69,470*","₹57,876",1*,"₹50,00,000*",1400,-,-,-,-,-,506(1),641(1),826(1),-,-,-,-
KER Self Fin. Seats,SM,Kerala,"Pushpagiri IMS, Tiruvalla",DERMATOLOGY,"₹18,49,748*","₹43,000",0,₹0,955,195(1),195(1),195(1),-,-,676(2),676(2),869(1),-,-,-,-
KER Govt Quota,SM,Kerala,"Govt Med Coll, Kottayam",PMR,"₹69,470*","₹57,876",1*,"₹50,00,000*",Info Not Available,-,-,-,-,-,687(1),1139(1),893(1),-,-,-,-
KER Govt Quota,SM,Kerala,"Govt Med Coll, Kozhikode",OBG,"₹69,470*","₹57,876",1*,"₹50,00,000*",3025,324(7),407(7),535(8),-,-,380(5),531(5),900(3),-,-,-,-
KER Govt Quota,SM,Kerala,"Medical College, Trivandrum",ORTHOPAEDICS,"₹69,470*","₹57,876",1*,"₹50,00,000*",2126,183(3),246(3),246(3),-,-,436(4),602(4),921(2),-,-,-,-
KER Govt Quota,MU,Kerala,"Medical College, Trivandrum",ORTHOPAEDICS,"₹69,470*","₹57,876",1*,"₹50,00,000*",2126,-,-,-,-,-,628(1),628(1),931(1),-,-,-,-
KER Self Fin. Seats,SM,Kerala,"Amala IMS, Thrissur",TBRD,"₹18,49,748*","₹53,000",0,₹0,640,1127(1),1127(1),1127(1),-,-,830(1),830(1),934(1),-,-,-,-
KER Govt Quota,SM,Kerala,"Govt of Med Sci, Pariyaram",GENERAL SURGERY,"₹69,470*","₹57,876",1*,"₹50,00,000*",1752,-,-,-,-,-,431(1),629(1),985(1),-,-,-,-
KER Govt Quota,EW,Kerala,"Govt Med Coll, Kottayam",PAEDIATRICS,"₹69,470*","₹57,876",1*,"₹50,00,000*",Info Not Available,-,-,-,-,-,323(1),415(1),989(1),-,-,-,-
KER Govt Quota,MU,Kerala,"Medical College, Trivandrum",OBG,"₹69,470*","₹57,876",1*,"₹50,00,000*",2126,-,-,-,-,-,683(1),796(1),1012(1),-,-,-,-
KER Govt Quota,BH,Kerala,"Govt Med Coll, Kottayam",PAEDIATRICS,"₹69,470*","₹57,876",1*,"₹50,00,000*",Info Not Available,-,-,-,1304(1),-,420(1),420(1),1018(1),-,-,-,-
KER Self Fin. Seats,SM,Kerala,"Sree Gokulam, Trivandrum",GENERAL MEDICINE,"₹17,49,006*","₹53,000",0,₹0,760,1116(5),1116(5),1116(5),-,-,773(4),1013(4),1020(2),-,-,-,-
KER Govt Quota,SM,Kerala,"Medical College, Trivandrum",OPHTHALMOLOGY,"₹69,470*","₹57,876",1*,"₹50,00,000*",2126,786(5),907(5),1002(5),-,-,705(3),928(3),1034(1),-,-,-,-
KER Govt Quota,EW,Kerala,"Govt Med Coll, Thrissur",PAEDIATRICS,"₹69,470*","₹57,876",1*,"₹50,00,000*",1400,230(1),298(1),298(1),-,-,415(1),567(1),1055(1),-,-,-,-
KER Govt Quota,SM,Kerala,"Govt Med Coll, Kozhikode",ANAESTHESIOLOGY,"₹69,470*","₹57,876",1*,"₹50,00,000*",3025,708(7),1023(7),1146(7),1442(1),-,834(7),1018(7),1060(1),-,-,-,-
KER Govt Quota,SM,Kerala,"Govt Med Coll, Kozhikode",FAMILY MEDICINE,"₹69,470*","₹57,876",1*,"₹50,00,000*",3025,285(1),417(1),417(1),-,-,392(1),528(1),1077(1),-,-,-,-
KER Govt Quota,SM,Kerala,"Medical College, Trivandrum",PSYCHIATRY,"₹69,470*","₹57,876",1*,"₹50,00,000*",2126,716(4),890(4),890(4),-,-,262(3),354(3),1080(1),-,-,-,-
KER Self Fin. Seats,SM,Kerala,"PK Das IMS, Palakkad",DERMATOLOGY,"₹17,61,665*","₹53,000",1*,"₹10,00,000*",750,-,-,-,-,-,-,-,1091(1),-,-,-,-
KER Govt Quota,SM,Kerala,"Govt Med Coll, Kozhikode",OPHTHALMOLOGY,"₹69,470*","₹57,876",1*,"₹50,00,000*",3025,680(2),748(2),748(2),-,-,689(2),1033(2),1101(1),-,-,-,-
KER Govt Quota,SM,Kerala,"Govt Med Coll, Thrissur",OBG,"₹69,470*","₹57,876",1*,"₹50,00,000*",1400,330(1),457(1),630(1),-,-,675(2),741(2),1105(2),-,-,-,-
KER Govt Quota,SM,Kerala,"Govt Med Coll, Manjeri",ENT,"₹69,470*","₹57,876",1*,"₹50,00,000*",500,-,-,-,-,-,753(1),1081(1),1112(1),-,-,-,-
KER Govt Quota,SM,Kerala,"Medical College, Trivandrum",ANAESTHESIOLOGY,"₹69,470*","₹57,876",1*,"₹50,00,000*",2126,775(3),950(3),950(3),-,-,739(5),945(5),1114(2),-,-,-,-
KER Self Fin. Seats,SM,Kerala,"Travancore Med Coll, Kollam",GENERAL MEDICINE,"₹18,49,748*","₹50,000",0*,₹0*,750,1018(2),1018(2),1018(2),-,-,904(2),1090(2),1131(1),-,-,-,-
KER Govt Quota,EZ,Kerala,"Govt of Med Sci, Pariyaram",TBRD,"₹69,470*","₹57,876",1*,"₹50,00,000*",1752,-,-,-,-,-,411(1),413(1),1135(1),-,-,-,-
KER Govt Quota,SM,Kerala,"TD Med Coll, Allepey",OBG,"₹69,470*","₹57,876",1*,"₹50,00,000*",1050,363(2),508(2),659(2),-,-,714(2),752(2),1138(2),-,-,-,-
KER Govt Quota,MU,Kerala,"Govt Med Coll, Thrissur",OBG,"₹69,470*","₹57,876",1*,"₹50,00,000*",1400,402(1),506(1),506(1),-,-,708(1),1006(1),1143(1),-,-,-,-
KER Self Fin. Seats,AC,Kerala,"Pushpagiri IMS, Tiruvalla",GENERAL MEDICINE,"₹18,49,748*","₹43,000",0,₹0,955,862(1),862(1),1301(1),-,-,787(1),787(1),1148(1),-,-,-,-
KER Self Fin. Seats,SM,Kerala,"Jubilee Mission, Thrissur",PAEDIATRICS,"₹18,49,748*","₹53,000",0,₹0,1450,283(1),736(1),736(1),-,-,811(2),1019(2),1151(2),1861(1),-,-,-
KER Govt Quota,BH,Kerala,"Govt Med Coll, Kozhikode",OBG,"₹69,470*","₹57,876",1*,"₹50,00,000*",3025,-,-,-,-,-,551(1),1100(1),1181(1),-,-,-,-
KER Govt Quota,SM,Kerala,"Govt Med Coll, Manjeri",OPHTHALMOLOGY,"₹69,470*","₹57,876",1*,"₹50,00,000*",500,-,-,-,-,-,-,-,1188(1),-,-,-,-
KER Govt Quota,BH,Kerala,"Govt Med Coll, Thrissur",GENERAL SURGERY,"₹69,470*","₹57,876",1*,"₹50,00,000*",1400,-,-,-,-,-,785(1),933(1),1213(1),-,-,-,-
KER Self Fin. Seats,SM,Kerala,"Amala IMS, Thrissur",EMERGENCY MEDICINE,"₹18,49,748*","₹53,000",0,₹0,640,504(1),1463(1),1463(1),-,-,884(1),1078(1),1222(1),-,-,-,-
KER Self Fin. Seats,SM,Kerala,"Azeezia IMS, Kollam",GENERAL MEDICINE,"₹18,49,748*","₹53,000",0,₹0,540,1301(1),1301(1),1608(1),-,-,1130(2),1286(2),1309(1),-,-,-,-
KER Self Fin. Seats,SM,Kerala,"SreeUthradomThirunal,Trivandrum",TBRD,"₹18,49,748*","₹53,000",0,₹0,-,1698(1),1698(1),1698(1),-,-,1719(1),1839(1),1324(1),-,-,-,-
KER Self Fin. Seats,AC,Kerala,"Dr Somervel Mem, Karakonam",GENERAL MEDICINE,"₹18,49,748*","₹53,000",0,₹0,695,1579(1),1579(1),1579(1),-,-,1147(1),1147(1),1336(1),-,-,-,-
KER Self Fin. Seats,AC,Kerala,"Malankara Orthodox, Kolechery",PAEDIATRICS,"₹18,49,748*","₹53,000",0,₹0,1110,1615(2),1617(2),1617(2),-,-,1296(1),1335(1),1339(1),-,-,-,-
KER Self Fin. Seats,MU,Kerala,"Pushpagiri IMS, Tiruvalla",GENERAL MEDICINE,"₹18,49,748*","₹43,000",0,₹0,955,-,-,-,-,-,1031(1),1031(1),1383(1),-,-,-,-
KER Self Fin. Seats,SM,Kerala,"Jubilee Mission, Thrissur",EMERGENCY MEDICINE,"₹18,49,748*","₹53,000",0,₹0,1450,141(1),1249(1),1938(1),-,-,1221(1),1221(1),1416(1),-,-,-,-
KER Self Fin. Seats,SM,Kerala,"Al-Azhar Med Coll, Thodupuzha",GENERAL MEDICINE,"₹18,49,748*","₹40,000",0,₹0,700,-,-,-,-,-,1154(1),1308(1),1438(1),-,-,-,-
KER Self Fin. Seats,SM,Kerala,"MES Med Coll, Malappuram",PAEDIATRICS,"₹18,49,748*","₹53,000",1*,"₹10,00,000*",680,1198(3),1229(3),1326(3),-,-,1338(2),1368(2),1443(1),-,-,-,-
KER Govt Quota,SM,Kerala,"Govt Med Coll, Kozhikode",ORTHOPAEDICS,"₹69,470*","₹57,876",1*,"₹50,00,000*",3025,264(3),364(3),660(3),-,-,488(4),537(4),1452(2),-,-,-,-
KER Govt Quota,BH,Kerala,"Govt Med Coll, Kozhikode",PAEDIATRICS,"₹69,470*","₹57,876",1*,"₹50,00,000*",3025,251(2),654(2),654(2),-,-,371(1),371(1),1456(1),-,-,-,-
KER Govt Quota,SM,Kerala,"Medical College, Trivandrum",ENT,"₹69,470*","₹57,876",1*,"₹50,00,000*",2126,548(3),1071(3),1129(3),-,-,524(2),915(2),1467(2),-,-,-,-
KER Govt Quota,EW,Kerala,"Medical College, Trivandrum",ANAESTHESIOLOGY,"₹69,470*","₹57,876",1*,"₹50,00,000*",2126,-,-,-,-,-,988(1),988(1),1469(1),-,-,-,-
KER Govt Quota,MU,Kerala,"Medical College, Trivandrum",ANAESTHESIOLOGY,"₹69,470*","₹57,876",1*,"₹50,00,000*",2126,-,-,-,-,-,902(1),1048(1),1511(1),-,-,-,-
KER Govt Quota,SM,Kerala,"Govt Med Coll, Kottayam",OPHTHALMOLOGY,"₹69,470*","₹57,876",1*,"₹50,00,000*",Info Not Available,801(2),804(2),804(2),-,-,795(2),1007(2),1518(2),-,-,-,-
KER Govt Quota,BH,Kerala,"Medical College, Trivandrum",ORTHOPAEDICS,"₹69,470*","₹57,876",1*,"₹50,00,000*",2126,357(1),357(1),357(1),-,-,803(1),803(1),1526(1),-,-,-,-
KER Govt Quota,EZ,Kerala,"Govt Med Coll, Thrissur",OBG,"₹69,470*","₹57,876",1*,"₹50,00,000*",1400,-,-,-,-,-,819(1),899(1),1529(1),-,-,-,-
KER Self Fin. Seats,SM,Kerala,"KMCT Med Coll, Kozhikode",EMERGENCY MEDICINE,"₹18,49,748*","₹53,000",0,₹0,790,1590(2),2302(2),2302(2),-,-,1414(1),1414(1),1546(1),-,-,-,-
KER Self Fin. Seats,SM,Kerala,"Pushpagiri IMS, Tiruvalla",PAEDIATRICS,"₹18,49,748*","₹43,000",0,₹0,955,1043(3),1605(3),1540(3),-,-,1098(1),1098(1),1576(1),-,-,-,-
KER Govt Quota,SC,Kerala,"TD Med Coll, Allepey",GENERAL MEDICINE,"₹69,470*","₹57,876",1*,"₹50,00,000*",1050,-,-,-,-,-,845(1),845(1),1614(1),-,-,-,-
KER Govt Quota,SM,Kerala,"RCC, Thiruvananthapuram",RADIATION ONCOLOGY,"₹3,00,000*","₹57,876",1*,"₹50,00,000*",432,1055(2),1209(2),2036(3),2149(1),-,944(2),1346(2),1630(2),-,-,-,-
KER Govt Quota,SM,Kerala,"Govt Med Coll, Thrissur",RADIATION ONCOLOGY,"₹69,470*","₹57,876",1*,"₹50,00,000*",1400,1239(1),1560(1),2111(1),-,-,768(1),1507(1),1662(1),-,-,-,-
KER Govt Quota,SM,Kerala,"TD Med Coll, Allepey",OPHTHALMOLOGY,"₹69,470*","₹57,876",1*,"₹50,00,000*",1050,-,-,-,-,-,908(2),1076(2),1673(2),-,-,-,-
KER Govt Quota,SM,Kerala,"Govt Med Coll, Thrissur",ANAESTHESIOLOGY,"₹69,470*","₹57,876",1*,"₹50,00,000*",1400,918(6),1070(6),1137(6),-,-,905(4),1068(4),1680(4),-,-,-,-
KER Govt Quota,BH,Kerala,"Govt of Med Sci, Pariyaram",OPHTHALMOLOGY,"₹69,470*","₹57,876",1*,"₹50,00,000*",1752,-,-,-,-,-,1636(1),1636(1),1718(1),2574(1),-,-,-
KER Govt Quota,SC,Kerala,"Govt of Med Sci, Pariyaram",GENERAL MEDICINE,"₹69,470*","₹57,876",1*,"₹50,00,000*",1752,-,-,-,-,-,1129(1),1612(1),1719(1),-,-,-,-
KER Govt Quota,MU,Kerala,"Govt Med Coll, Thrissur",ANAESTHESIOLOGY,"₹69,470*","₹57,876",1*,"₹50,00,000*",1400,927(1),1363(1),1363(1),-,-,950(1),1187(1),1730(1),-,-,-,-
KER Self Fin. Seats,MU,Kerala,"Travancore Med Coll, Kollam",GENERAL MEDICINE,"₹18,49,748*","₹50,000",0*,₹0*,750,-,-,-,-,-,1363(1),1382(1),1731(1),-,-,-,-
KER Govt Quota,MU,Kerala,"TD Med Coll, Allepey",ANAESTHESIOLOGY,"₹69,470*","₹57,876",1*,"₹50,00,000*",1050,-,-,-,-,-,1109(1),1254(1),1732(1),2393(1),-,-,-
KER Govt Quota,SM,Kerala,"Govt of Med Sci, Pariyaram",ENT,"₹69,470*","₹57,876",1*,"₹50,00,000*",1752,-,-,-,-,-,954(2),1190(2),1752(2),2011(1),-,-,-
KER Govt Quota,SM,Kerala,"Govt of Med Sci, Pariyaram",ANAESTHESIOLOGY,"₹69,470*","₹57,876",1*,"₹50,00,000*",1752,-,-,-,-,-,912(1),1077(1),1753(1),-,-,-,-
KER Govt Quota,SM,Kerala,"Govt Med Coll, Kottayam",ORTHOPAEDICS,"₹69,470*","₹57,876",1*,"₹50,00,000*",Info Not Available,320(3),368(3),573(3),-,-,537(2),617(2),1796(2),-,-,-,-
KER Self Fin. Seats,AC,Kerala,"Pushpagiri IMS, Tiruvalla",PAEDIATRICS,"₹18,49,748*","₹43,000",0,₹0,955,1439(1),1439(1),1439(1),-,-,1335(1),1338(1),1801(1),2371(1),-,-,-
KER Govt Quota,LA,Kerala,"Govt Med Coll, Kottayam",ORTHOPAEDICS,"₹69,470*","₹57,876",1*,"₹50,00,000*",Info Not Available,-,-,-,-,-,920(1),920(1),1805(1),-,-,-,-
KER Self Fin. Seats,SM,Kerala,"Pushpagiri IMS, Tiruvalla",OBG,"₹18,49,748*","₹43,000",0,₹0,955,1356(1),1873(1),1873(1),-,-,1630(1),1630(1),1827(1),-,-,-,-
KER Self Fin. Seats,SM,Kerala,"SreeUthradomThirunal,Trivandrum",PAEDIATRICS,"₹18,49,748*","₹53,000",0,₹0,-,-,-,-,-,-,1530(1),1625(1),1828(1),-,-,-,-
KER Self Fin. Seats,SM,Kerala,"Believers Church, Thiruvalla",EMERGENCY MEDICINE,"₹18,49,748*","₹53,000",0,₹0,750,-,-,-,-,-,-,1133(1),1840(1),-,-,-,-
KER Govt Quota,EZ,Kerala,"Govt Med Coll, Kozhikode",ANAESTHESIOLOGY,"₹69,470*","₹57,876",1*,"₹50,00,000*",3025,834(1),1079(1),1473(1),-,-,960(1),1104(1),1842(1),-,-,-,-
KER Govt Quota,SM,Kerala,"Govt Med Coll, Kozhikode",PATHOLOGY,"₹69,470*","₹57,876",1*,"₹50,00,000*",3025,1473(3),1473(3),2121(3),2843(1),-,1216(2),1455(2),1862(2),-,-,-,-
KER Self Fin. Seats,SC,Kerala,"Sree Gokulam, Trivandrum",GENERAL MEDICINE,"₹17,49,006*","₹53,000",0,₹0,760,-,-,-,-,-,1705(1),2141(1),1874(1),-,-,-,-
KER Govt Quota,MU,Kerala,"TD Med Coll, Allepey",ENT,"₹69,470*","₹57,876",1*,"₹50,00,000*",1050,-,-,-,-,-,1007(1),1111(1),1879(1),-,-,-,-
KER Govt Quota,EW,Kerala,"Govt Med Coll, Kozhikode",ANAESTHESIOLOGY,"₹69,470*","₹57,876",1*,"₹50,00,000*",3025,-,-,-,-,-,1318(1),1467(1),1891(1),-,-,-,-
KER Self Fin. Seats,SM,Kerala,"Believers Church, Thiruvalla",OBG,"₹18,49,748*","₹53,000",0,₹0,750,-,-,-,-,-,1914(1),1914(1),1894(1),-,-,-,-
KER Self Fin. Seats,SM,Kerala,"KMCT Med Coll, Kozhikode",PAEDIATRICS,"₹18,49,748*","₹53,000",0,₹0,790,-,-,-,-,-,1361(1),1915(4),1897(1),-,-,-,-
KER Govt Quota,SM,Kerala,"Govt of Med Sci, Pariyaram",ORTHOPAEDICS,"₹69,470*","₹57,876",1*,"₹50,00,000*",1752,-,-,-,1195(1),-,721(1),721(1),1905(1),1826(1),-,-,-
KER Govt Quota,SM,Kerala,"Govt Med Coll, Thrissur",ORTHOPAEDICS,"₹69,470*","₹57,876",1*,"₹50,00,000*",1400,350(3),437(3),763(3),-,-,588(3),667(3),1915(3),-,-,-,-
KER Self Fin. Seats,SM,Kerala,"MES Med Coll, Malappuram",OBG,"₹18,49,748*","₹53,000",1*,"₹10,00,000*",680,1753(1),2026(1),2026(1),-,-,1693(1),1693(1),1917(1),-,-,-,-
KER Self Fin. Seats,AC,Kerala,"Believers Church, Thiruvalla",GENERAL SURGERY,"₹18,49,748*","₹53,000",0,₹0,750,-,-,-,-,-,-,2364(1),1924(1),2474(1),-,-,-
KER Self Fin. Seats,SM,Kerala,"Azeezia IMS, Kollam",PAEDIATRICS,"₹18,49,748*","₹53,000",0,₹0,540,-,1590(1),1590(1),-,-,1590(1),1837(1),1935(1),-,-,-,-
KER Self Fin. Seats,SM,Kerala,"Sree Narayana IMS, Ernakulam",PAEDIATRICS,"₹17,49,006*","₹53,000",0,₹0,Info Not Available,-,-,-,-,-,1571(1),1825(1),1942(1),-,-,-,-
KER Self Fin. Seats,KU,Kerala,"PK Das IMS, Palakkad",DERMATOLOGY,"₹17,61,665*","₹53,000",1*,"₹10,00,000*",750,-,-,-,-,-,-,-,1971(1),-,-,-,-
KER Govt Quota,EZ,Kerala,"Govt Med Coll, Kottayam",OPHTHALMOLOGY,"₹69,470*","₹57,876",1*,"₹50,00,000*",Info Not Available,-,-,-,-,-,892(1),1117(1),1979(1),-,-,-,-
KER Govt Quota,EW,Kerala,"Govt Med Coll, Kottayam",OBG,"₹69,470*","₹57,876",1*,"₹50,00,000*",Info Not Available,-,-,-,-,-,1042(1),1042(1),1990(1),-,-,-,-
KER Self Fin. Seats,MU,Kerala,"Amala IMS, Thrissur",PAEDIATRICS,"₹18,49,748*","₹53,000",0,₹0,640,-,-,-,-,-,1701(1),1701(1),2014(1),-,-,-,-
KER Govt Quota,BH,Kerala,"Medical College, Trivandrum",ENT,"₹69,470*","₹57,876",1*,"₹50,00,000*",2126,-,-,-,-,-,817(1),1372(1),2022(1),-,-,-,-
KER Govt Quota,LA,Kerala,"Govt Med Coll, Kozhikode",ANAESTHESIOLOGY,"₹69,470*","₹57,876",1*,"₹50,00,000*",3025,-,-,-,-,-,875(1),1248(1),2026(1),-,-,-,-
KER Self Fin. Seats,SM,Kerala,"Malabar Med Coll, Kozhikode",EMERGENCY MEDICINE,"₹18,49,748*","₹53,000",1,"₹20,00,000",720,1844(1),1994(1),1994(1),-,-,1815(1),2012(1),2086(1),-,-,-,-
KER Self Fin. Seats,SC,Kerala,"Pushpagiri IMS, Tiruvalla",TBRD,"₹18,49,748*","₹43,000",0,₹0,955,-,-,-,-,-,1451(1),1451(1),2092(1),-,-,-,-
KER Govt Quota,EZ,Kerala,"TD Med Coll, Allepey",ORTHOPAEDICS,"₹69,470*","₹57,876",1*,"₹50,00,000*",1050,-,-,-,-,-,825(1),825(1),2096(1),-,-,-,-
KER Self Fin. Seats,BH,Kerala,"Jubilee Mission, Thrissur",TBRD,"₹18,49,748*","₹53,000",0,₹0,1450,-,-,-,-,-,1517(1),1563(1),2120(1),-,-,-,-
KER Self Fin. Seats,SM,Kerala,"Al-Azhar Med Coll, Thodupuzha",PAEDIATRICS,"₹18,49,748*","₹40,000",0,₹0,700,-,-,-,-,-,1577(1),1932(1),2121(1),-,-,-,-
KER Govt Quota,EZ,Kerala,"Govt Med Coll, Thrissur",ANAESTHESIOLOGY,"₹69,470*","₹57,876",1*,"₹50,00,000*",1400,-,-,-,-,-,1104(1),1112(1),2130(1),2341(1),-,-,-
KER Self Fin. Seats,SM,Kerala,"Amala IMS, Thrissur",ORTHOPAEDICS,"₹18,49,748*","₹53,000",0,₹0,640,-,-,-,-,-,981(1),1885(1),2134(1),-,-,-,-
KER Self Fin. Seats,SM,Kerala,"Sree Gokulam, Trivandrum",OBG,"₹17,49,006*","₹53,000",0,₹0,760,1873(5),2083(5),2083(5),-,-,1647(2),1647(2),2137(1),-,-,-,-
KER Govt Quota,SM,Kerala,"Medical College, Trivandrum",PATHOLOGY,"₹69,470*","₹57,876",1*,"₹50,00,000*",2126,1610(4),1889(4),1889(4),-,-,1150(3),1390(3),2141(3),-,-,-,-
KER Self Fin. Seats,SC,Kerala,"Amala IMS, Thrissur",GENERAL MEDICINE,"₹18,49,748*","₹53,000",0,₹0,640,-,-,-,-,-,1496(1),1871(1),2145(1),-,-,-,-
KER Self Fin. Seats,SM,Kerala,"Sree Narayana IMS, Ernakulam",TBRD,"₹17,49,006*","₹53,000",0,₹0,Info Not Available,1540(1),1783(1),1783(1),-,-,1668(1),1976(1),2163(1),-,-,-,-
KER Govt Quota,SC,Kerala,"Govt Med Coll, Kozhikode",PAEDIATRICS,"₹69,470*","₹57,876",1*,"₹50,00,000*",3025,-,-,-,-,-,1717(1),1717(1),2180(1),-,-,-,-
KER Govt Quota,EZ,Kerala,"Medical College, Trivandrum",ORTHOPAEDICS,"₹69,470*","₹57,876",1*,"₹50,00,000*",2126,387(1),387(1),387(1),-,-,612(1),612(1),2240(1),-,-,-,-
KER Govt Quota,EW,Kerala,"RCC, Thiruvananthapuram",ANAESTHESIOLOGY,"₹3,00,000*","₹57,876",1*,"₹50,00,000*",432,-,-,-,-,-,1888(1),1888(1),2262(1),-,-,-,-
KER Govt Quota,EZ,Kerala,"Govt Med Coll, Kozhikode",RADIATION ONCOLOGY,"₹69,470*","₹57,876",1*,"₹50,00,000*",3025,-,-,-,-,-,1151(1),1426(1),2269(1),-,-,-,-
KER Govt Quota,EW,Kerala,"Govt Med Coll, Kozhikode",ORTHOPAEDICS,"₹69,470*","₹57,876",1*,"₹50,00,000*",3025,-,-,-,-,-,578(1),578(1),2271(1),-,-,-,-
KER Self Fin. Seats,SM,Kerala,"Malankara Orthodox, Kolechery",OBG,"₹18,49,748*","₹53,000",0,₹0,1110,1269(1),1269(1),1269(1),-,-,1691(2),1691(2),2287(1),-,-,-,-
KER Self Fin. Seats,SM,Kerala,"KMCT Med Coll, Kozhikode",OBG,"₹18,49,748*","₹53,000",0,₹0,790,-,-,-,-,-,1189(1),2450(4),2300(1),-,-,-,-
KER Govt Quota,BH,Kerala,"Govt Med Coll, Kozhikode",ANAESTHESIOLOGY,"₹69,470*","₹57,876",1*,"₹50,00,000*",3025,1094(2),1503(2),1503(2),-,-,1022(2),1113(2),2301(2),-,-,-,-
KER Govt Quota,MU,Kerala,"Govt Med Coll, Kozhikode",ORTHOPAEDICS,"₹69,470*","₹57,876",1*,"₹50,00,000*",3025,327(1),432(1),1308(1),-,-,583(1),583(1),2310(1),-,-,-,-
KER Self Fin. Seats,MU,Kerala,"Pushpagiri IMS, Tiruvalla",PAEDIATRICS,"₹18,49,748*","₹43,000",0,₹0,955,-,-,-,-,-,1729(1),1729(1),2311(1),-,-,-,-
KER Self Fin. Seats,SM,Kerala,"Sree Gokulam, Trivandrum",ENT,"₹17,49,006*","₹53,000",0,₹0,760,2366(1),2366(1),2488(1),2798(1),-,2655(2),2699(2),2324(1),-,-,-,-
KER Self Fin. Seats,SM,Kerala,"Travancore Med Coll, Kollam",TBRD,"₹18,49,748*","₹50,000",0*,₹0*,750,-,-,-,-,-,1313(1),1313(1),2333(1),-,-,-,-
KER Self Fin. Seats,AC,Kerala,"Jubilee Mission, Thrissur",EMERGENCY MEDICINE,"₹18,49,748*","₹53,000",0,₹0,1450,-,-,-,-,-,1544(1),1544(1),2368(1),-,-,-,-
KER Self Fin. Seats,SM,Kerala,"PK Das IMS, Palakkad",ENT,"₹17,61,665*","₹53,000",1*,"₹10,00,000*",750,2719(2),3082(2),3278(2),-,-,2866(1),2892(1),2427(1),-,-,-,-
KER Self Fin. Seats,SM,Kerala,"Amala IMS, Thrissur",OPHTHALMOLOGY,"₹18,49,748*","₹53,000",0,₹0,640,-,-,1374(1),-,-,1669(1),2393(1),2428(1),-,-,-,-
KER Self Fin. Seats,EZ,Kerala,"Pushpagiri IMS, Tiruvalla",PAEDIATRICS,"₹18,49,748*","₹43,000",0,₹0,955,-,-,-,-,-,1436(1),1436(1),2442(1),-,-,-,-
KER Self Fin. Seats,SM,Kerala,"Malabar Med Coll, Kozhikode",OBG,"₹18,49,748*","₹53,000",1,"₹20,00,000",720,2063(3),2371(3),2371(3),-,-,1836(2),2296(2),2460(1),-,-,-,-
KER Govt Quota,SM,Kerala,"Medical College, Trivandrum",SPM,"₹69,470*","₹57,876",1*,"₹50,00,000*",2126,1425(3),1938(3),2725(3),-,-,1178(1),1824(1),2462(1),-,-,-,-
KER Self Fin. Seats,SM,Kerala,"Travancore Med Coll, Kollam",OBG,"₹18,49,748*","₹50,000",0*,₹0*,750,2003(1),2257(1),2257(1),-,-,2133(1),2133(1),2485(1),-,-,-,-
KER Self Fin. Seats,SM,Kerala,"Al-Azhar Med Coll, Thodupuzha",OBG,"₹18,49,748*","₹40,000",0,₹0,700,1384(1),2684(1),2684(1),-,-,1891(1),1891(1),2486(1),-,-,-,-
KER Self Fin. Seats,SM,Kerala,"Amala IMS, Thrissur",ANAESTHESIOLOGY,"₹18,49,748*","₹53,000",0,₹0,640,1937(3),2119(3),2119(3),-,-,1837(2),2139(2),2493(1),-,-,-,-
KER Govt Quota,SM,Kerala,"Govt Med Coll, Thrissur",PATHOLOGY,"₹69,470*","₹57,876",1*,"₹50,00,000*",1400,2103(4),2439(4),2439(4),-,-,1809(3),1859(3),2495(2),-,-,-,-
KER Self Fin. Seats,SM,Kerala,"MES Med Coll, Malappuram",ORTHOPAEDICS,"₹18,49,748*","₹53,000",1*,"₹10,00,000*",680,1728(3),1728(3),1728(3),-,-,1450(1),1450(1),2523(1),-,-,-,-
KER Self Fin. Seats,SM,Kerala,"MES Med Coll, Malappuram",GENERAL SURGERY,"₹18,49,748*","₹53,000",1*,"₹10,00,000*",680,1858(3),1995(3),1995(3),-,-,1772(2),1939(2),2548(1),2678(1),-,-,-
KER Govt Quota,SM,Kerala,"RCC, Thiruvananthapuram",PATHOLOGY,"₹3,00,000*","₹57,876",1*,"₹50,00,000*",432,-,-,-,-,-,1448(1),2022(1),2605(1),2664(1),-,-,-
KER Govt Quota,SM,Kerala,"Govt Med Coll, Ernakulam",PATHOLOGY,"₹69,470*","₹57,876",1*,"₹50,00,000*",700,-,-,-,-,-,-,-,2612(1),-,-,-,-
KER Govt Quota,MU,Kerala,"Govt of Med Sci, Pariyaram",PATHOLOGY,"₹69,470*","₹57,876",1*,"₹50,00,000*",1752,-,-,-,-,-,2276(1),2276(1),2614(1),-,-,-,-
KER Self Fin. Seats,SM,Kerala,"KMCT Med Coll, Kozhikode",GENERAL SURGERY,"₹18,49,748*","₹53,000",0,₹0,790,-,-,-,-,-,1848(1),2562(4),2615(1),-,-,-,-
KER Self Fin. Seats,SM,Kerala,"Amala IMS, Thrissur",ENT,"₹18,49,748*","₹53,000",0,₹0,640,2151(1),2151(1),2151(1),-,-,2283(1),2283(1),2620(1),-,-,-,-
KER Govt Quota,SM,Kerala,"Govt Med Coll, Palakkad",PATHOLOGY,"₹69,470*","₹57,876",1*,"₹50,00,000*",-,-,-,-,-,-,2095(1),2517(1),2634(1),3187(2),-,-,-
KER SF NRI Seats,NR,Kerala,"MES Med Coll, Malappuram",TBRD,"₹38,86,680*","₹53,000",1*,"₹10,00,000*",680,3117(1),3719(1),3719(1),-,-,3643(1),4264(1),2644(1),-,-,-,-
KER Self Fin. Seats,EZ,Kerala,"SreeUthradomThirunal,Trivandrum",TBRD,"₹18,49,748*","₹53,000",0,₹0,-,-,-,-,-,-,1839(1),2316(1),2650(1),-,-,-,-
KER Govt Quota,EW,Kerala,"TD Med Coll, Allepey",ORTHOPAEDICS,"₹69,470*","₹57,876",1*,"₹50,00,000*",1050,-,-,-,-,-,617(1),1318(1),2657(1),-,-,-,-
KER Self Fin. Seats,SM,Kerala,"Pushpagiri IMS, Tiruvalla",ORTHOPAEDICS,"₹18,49,748*","₹43,000",0,₹0,955,1837(2),2096(2),1355(2),2260(1),-,1642(2),2519(2),2697(2),-,-,-,-
KER Self Fin. Seats,MU,Kerala,"DM Wayanad IMS, Wayanad",OBG,"₹18,49,748*","₹53,000",0,₹0,700,-,-,-,-,-,2081(1),2481(1),2699(1),-,-,-,-
KER Govt Quota,SC,Kerala,"Govt Med Coll, Thrissur",PSYCHIATRY,"₹69,470*","₹57,876",1*,"₹50,00,000*",1400,-,-,-,-,-,2404(1),2748(1),2711(1),-,-,-,-
KER Self Fin. Seats,AC,Kerala,"Jubilee Mission, Thrissur",PSYCHIATRY,"₹18,49,748*","₹53,000",0,₹0,1450,2749(1),2749(1),3003(1),-,-,2117(1),2117(1),2713(1),3467(1),-,-,-
KER Govt Quota,SM,Kerala,"Govt Med Coll, Kollam",SPM,"₹69,470*","₹57,876",1*,"₹50,00,000*",500,-,-,-,-,-,2069(1),2506(1),2717(1),-,-,-,-
KER Govt Quota,MU,Kerala,"Govt Med Coll, Kozhikode",SPM,"₹69,470*","₹57,876",1*,"₹50,00,000*",3025,-,-,-,-,-,1778(1),2284(1),2733(1),-,-,-,-
KER Self Fin. Seats,MU,Kerala,"MES Med Coll, Malappuram",GENERAL SURGERY,"₹18,49,748*","₹53,000",1*,"₹10,00,000*",680,-,-,-,-,-,2011(1),2011(1),2734(1),-,-,-,-
KER Self Fin. Seats,SM,Kerala,"KMCT Med Coll, Kozhikode",FAMILY MEDICINE,"₹18,49,748*","₹53,000",0,₹0,790,-,-,-,-,-,-,-,2742(2),-,-,-,-
KER Self Fin. Seats,BH,Kerala,"Al-Azhar Med Coll, Thodupuzha",OBG,"₹18,49,748*","₹40,000",0,₹0,700,-,-,-,-,-,2297(1),2297(1),2772(1),-,-,-,-
KER Self Fin. Seats,SM,Kerala,"KMCT Med Coll, Kozhikode",ANAESTHESIOLOGY,"₹18,49,748*","₹53,000",0,₹0,790,2119(1),2989(1),2989(1),-,-,2409(1),2980(4),2819(1),-,-,-,-
KER Self Fin. Seats,SM,Kerala,"Sree Gokulam, Trivandrum",ORTHOPAEDICS,"₹17,49,006*","₹53,000",0,₹0,760,-,-,-,-,-,1524(1),1524(1),2826(1),-,-,-,-
KER Self Fin. Seats,SM,Kerala,"SreeUthradomThirunal,Trivandrum",OPHTHALMOLOGY,"₹18,49,748*","₹53,000",0,₹0,-,2357(1),3142(1),3208(1),-,-,2512(1),2815(1),2845(1),-,-,-,-
KER Self Fin. Seats,SM,Kerala,"Amala IMS, Thrissur",PSYCHIATRY,"₹18,49,748*","₹53,000",0,₹0,640,2089(1),2276(1),2276(1),-,-,1946(1),2238(1),2854(1),-,-,-,-
KER Self Fin. Seats,SC,Kerala,"KMCT Med Coll, Kozhikode",GENERAL SURGERY,"₹18,49,748*","₹53,000",0,₹0,790,-,-,-,-,-,-,3161(1),2863(1),-,-,-,-
KER Self Fin. Seats,SM,Kerala,"Dr Somervel Mem, Karakonam",ORTHOPAEDICS,"₹18,49,748*","₹53,000",0,₹0,695,-,-,-,-,-,2529(1),2790(1),2869(1),-,-,-,-
KER Self Fin. Seats,SC,Kerala,"KMCT Med Coll, Kozhikode",FAMILY MEDICINE,"₹18,49,748*","₹53,000",0,₹0,790,-,-,-,-,-,-,-,2904(1),-,-,-,-
KER Self Fin. Seats,SM,Kerala,"KMCT Med Coll, Kozhikode",ORTHOPAEDICS,"₹18,49,748*","₹53,000",0,₹0,790,2079(3),2118(3),2118(3),-,-,2424(3),2424(3),2908(1),-,-,-,-
KER Self Fin. Seats,SM,Kerala,"KMCT Med Coll, Kozhikode",PSYCHIATRY,"₹18,49,748*","₹53,000",0,₹0,790,1672(1),1672(1),1672(1),-,-,2279(1),2639(1),2926(3),-,-,-,-
KER Self Fin. Seats,SM,Kerala,"MES Med Coll, Malappuram",ENT,"₹18,49,748*","₹53,000",1*,"₹10,00,000*",680,2356(2),2356(2),2356(2),-,-,2423(2),2423(2),2933(2),-,-,-,-
KER Govt Quota,SM,Kerala,"Govt Med Coll, Thrissur",SPM,"₹69,470*","₹57,876",1*,"₹50,00,000*",1400,-,-,-,-,-,1824(1),2458(1),2936(2),-,-,-,-
KER Self Fin. Seats,AC,Kerala,"Amala IMS, Thrissur",ENT,"₹18,49,748*","₹53,000",0,₹0,640,2448(1),2448(1),2448(1),-,-,2755(1),2928(1),2973(1),-,-,-,-
KER Govt Quota,SC,Kerala,"Govt Med Coll, Kottayam",ANAESTHESIOLOGY,"₹69,470*","₹57,876",1*,"₹50,00,000*",Info Not Available,1703(1),2402(1),2402(1),-,-,-,-,2981(1),-,-,-,-
KER Self Fin. Seats,SM,Kerala,"Pushpagiri IMS, Tiruvalla",PSYCHIATRY,"₹18,49,748*","₹43,000",0,₹0,955,2088(1),2089(1),2089(1),-,-,2222(1),2508(1),2982(1),-,-,-,-
KER Govt Quota,SM,Kerala,"Medical College, Trivandrum",MICROBIOLOGY,"₹69,470*","₹57,876",1*,"₹50,00,000*",2126,-,-,3037(1),-,-,1979(1),1979(1),2987(1),-,-,-,-
KER Self Fin. Seats,SM,Kerala,"Pushpagiri IMS, Tiruvalla",ENT,"₹18,49,748*","₹43,000",0,₹0,955,2371(1),2455(1),2455(1),-,-,1887(1),2616(1),2996(1),-,-,-,-
KER Govt Quota,SC,Kerala,"Govt Med Coll, Thrissur",ANAESTHESIOLOGY,"₹69,470*","₹57,876",1*,"₹50,00,000*",1400,-,-,-,-,-,1854(1),2176(1),3006(1),-,-,-,-
KER Govt Quota,SM,Kerala,"Govt Med Coll, Kozhikode",MICROBIOLOGY,"₹69,470*","₹57,876",1*,"₹50,00,000*",3025,1804(1),1804(1),1804(1),-,-,2376(1),2610(1),3008(1),-,-,-,-
KER Self Fin. Seats,AC,Kerala,"Malankara Orthodox, Kolechery",PSYCHIATRY,"₹18,49,748*","₹53,000",0,₹0,1110,2782(1),3003(1),3520(1),-,-,2846(2),2846(2),3014(1),-,-,-,-
KER Self Fin. Seats,SM,Kerala,"SreeUthradomThirunal,Trivandrum",GENERAL SURGERY,"₹18,49,748*","₹53,000",0,₹0,-,-,-,-,-,-,-,2130(1),3023(1),-,-,-,-
KER Self Fin. Seats,SC,Kerala,"Sree Narayana IMS, Ernakulam",TBRD,"₹17,49,006*","₹53,000",0,₹0,Info Not Available,-,-,-,-,-,2088(1),2088(1),3029(1),-,-,-,-
KER Self Fin. Seats,AC,Kerala,"Dr Somervel Mem, Karakonam",ANAESTHESIOLOGY,"₹18,49,748*","₹53,000",0,₹0,695,3062(2),3985(2),3985(2),-,-,2941(1),3173(1),3035(1),-,-,-,-
KER Self Fin. Seats,MU,Kerala,"MES Med Coll, Malappuram",ENT,"₹18,49,748*","₹53,000",1*,"₹10,00,000*",680,-,-,-,-,-,2526(1),2526(1),3043(1),-,-,-,-
KER Govt Quota,SM,Kerala,"Govt Med Coll, Thrissur",MICROBIOLOGY,"₹69,470*","₹57,876",1*,"₹50,00,000*",1400,-,-,-,-,-,2654(1),3000(1),3048(1),3807(1),-,-,-
KER Self Fin. Seats,SM,Kerala,"Travancore Med Coll, Kollam",ENT,"₹18,49,748*","₹50,000",0*,₹0*,750,2505(1),2601(1),2601(1),-,-,2377(1),3092(1),3059(1),-,-,-,-
KER SF NRI Seats,NR,Kerala,"Jubilee Mission, Thrissur",RADIO DIAGNOSIS,"₹38,86,680*","₹53,000",0,₹0,1450,1554(1),1554(1),1554(1),-,-,1694(1),1694(1),3075(1),-,-,-,-
KER Self Fin. Seats,SM,Kerala,"Al-Azhar Med Coll, Thodupuzha",GENERAL SURGERY,"₹18,49,748*","₹40,000",0,₹0,700,-,-,-,-,-,2562(1),2766(1),3083(1),-,-,-,-
KER Self Fin. Seats,SM,Kerala,"Azeezia IMS, Kollam",GENERAL SURGERY,"₹18,49,748*","₹53,000",0,₹0,540,-,-,-,-,-,2806(2),3051(2),3100(2),-,-,-,-
KER Self Fin. Seats,SC,Kerala,"Amala IMS, Thrissur",ANAESTHESIOLOGY,"₹18,49,748*","₹53,000",0,₹0,640,-,-,-,-,-,2413(1),2413(1),3108(1),-,-,-,-
KER Govt Quota,SC,Kerala,"RCC, Thiruvananthapuram",ANAESTHESIOLOGY,"₹3,00,000*","₹57,876",1*,"₹50,00,000*",432,-,-,-,-,-,2165(1),2384(1),3109(1),-,-,-,-
KER Self Fin. Seats,SM,Kerala,"KMCT Med Coll, Kozhikode",OPHTHALMOLOGY,"₹18,49,748*","₹53,000",0,₹0,790,2317(1),3069(1),3069(1),-,-,2596(2),2943(4),3116(3),3309(1),-,-,-
KER Self Fin. Seats,EZ,Kerala,"Sree Narayana IMS, Ernakulam",PSYCHIATRY,"₹17,49,006*","₹53,000",0,₹0,Info Not Available,3323(1),3329(1),3560(1),-,-,3289(1),3354(1),3132(1),-,-,-,-
KER Self Fin. Seats,SM,Kerala,"Malabar Med Coll, Kozhikode",ENT,"₹18,49,748*","₹53,000",1,"₹20,00,000",720,2478(1),2478(1),2478(1),-,-,2333(1),2333(1),3138(1),-,-,-,-
KER Govt Quota,SM,Kerala,"Govt Med Coll, Kozhikode",FORENSIC MEDICINE,"₹69,470*","₹57,876",1*,"₹50,00,000*",3025,-,-,-,-,-,2294(1),2294(1),3141(1),3841(1),-,-,-
KER Govt Quota,SC,Kerala,"Govt of Med Sci, Pariyaram",SPM,"₹69,470*","₹57,876",1*,"₹50,00,000*",1752,2224(1),3068(1),3547(1),3882(1),-,3159(1),3159(1),3169(1),4547(1),-,-,-
KER SF NRI Seats,NR,Kerala,"KMCT Med Coll, Kozhikode",DERMATOLOGY,"₹38,86,680*","₹53,000",0,₹0,790,2159(1),2159(1),2159(1),-,-,2273(1),3118(4),3172(1),-,-,-,-
KER Self Fin. Seats,SC,Kerala,"KMCT Med Coll, Kozhikode",ANAESTHESIOLOGY,"₹18,49,748*","₹53,000",0,₹0,790,-,-,-,-,-,-,3188(1),3195(1),-,-,-,-
KER Self Fin. Seats,SC,Kerala,"MES Med Coll, Malappuram",OPHTHALMOLOGY,"₹18,49,748*","₹53,000",1*,"₹10,00,000*",680,2781(1),2781(1),2781(1),-,-,2298(1),2998(1),3196(1),-,-,-,-
KER SF NRI Seats,NR,Kerala,"KMCT Med Coll, Kozhikode",PAEDIATRICS,"₹38,86,680*","₹53,000",0,₹0,790,3314(1),3650(1),3650(1),-,-,3772(1),3947(1),3199(1),-,-,-,-
KER Self Fin. Seats,AC,Kerala,"Amala IMS, Thrissur",OPHTHALMOLOGY,"₹18,49,748*","₹53,000",0,₹0,640,2531(1),2531(1),2531(1),-,-,2836(2),3027(2),3232(2),-,-,-,-
KER Govt Quota,MU,Kerala,"Medical College, Trivandrum",IHBT,"₹69,470*","₹57,876",1*,"₹50,00,000*",2126,-,-,-,-,-,-,-,3233(1),-,-,-,-
KER Self Fin. Seats,SM,Kerala,"Sree Gokulam, Trivandrum",ANAESTHESIOLOGY,"₹17,49,006*","₹53,000",0,₹0,760,2515(3),2562(3),2446(3),3219(2),-,2550(3),2812(3),3235(2),-,-,-,-
KER SF NRI Seats,NR,Kerala,"SreeUthradomThirunal,Trivandrum",DERMATOLOGY,"₹38,86,680*","₹53,000",0,₹0,-,-,-,2946(1),-,-,2818(1),3922(1),3238(1),-,-,-,-
KER Self Fin. Seats,EZ,Kerala,"KMCT Med Coll, Kozhikode",EMERGENCY MEDICINE,"₹18,49,748*","₹53,000",0,₹0,790,-,-,-,-,-,2092(1),2092(1),3256(1),-,-,-,-
KER Self Fin. Seats,SM,Kerala,"Sree Narayana IMS, Ernakulam",ENT,"₹17,49,006*","₹53,000",0,₹0,Info Not Available,-,-,-,-,-,2736(1),2736(1),3262(1),-,-,-,-
KER Self Fin. Seats,SM,Kerala,"PK Das IMS, Palakkad",PSYCHIATRY,"₹17,61,665*","₹53,000",1*,"₹10,00,000*",750,-,-,-,-,-,2705(1),3129(1),3277(1),-,-,-,-
KER Self Fin. Seats,BH,Kerala,"Malabar Med Coll, Kozhikode",ORTHOPAEDICS,"₹18,49,748*","₹53,000",1,"₹20,00,000",720,-,-,-,-,-,2177(1),2861(1),3295(1),-,-,-,-
KER Self Fin. Seats,SM,Kerala,"Azeezia IMS, Kollam",OPHTHALMOLOGY,"₹18,49,748*","₹53,000",0,₹0,540,2752(1),3170(1),3191(1),3333(1),-,2663(1),3032(1),3297(1),-,-,-,-
KER Self Fin. Seats,MU,Kerala,"MES Med Coll, Malappuram",ANAESTHESIOLOGY,"₹18,49,748*","₹53,000",1*,"₹10,00,000*",680,-,-,-,-,-,2780(1),3075(1),3298(1),-,-,-,-
KER Govt Quota,SC,Kerala,"Medical College, Trivandrum",RADIATION ONCOLOGY,"₹69,470*","₹57,876",1*,"₹50,00,000*",2126,2976(1),2976(1),2976(1),-,-,2771(1),2973(1),3308(1),-,-,-,-
KER Self Fin. Seats,BH,Kerala,"Travancore Med Coll, Kollam",ANAESTHESIOLOGY,"₹18,49,748*","₹50,000",0*,₹0*,750,-,-,-,-,-,2665(1),3376(1),3319(1),-,-,-,-
KER Self Fin. Seats,SM,Kerala,"KMCT Med Coll, Kozhikode",PMR,"₹18,49,748*","₹53,000",0,₹0,790,-,-,-,-,-,-,-,3347(2),3538(1),-,-,-
KER Self Fin. Seats,SM,Kerala,"SreeUthradomThirunal,Trivandrum",ANAESTHESIOLOGY,"₹18,49,748*","₹53,000",0,₹0,-,2476(1),2787(1),2504(1),-,-,1261(1),3100(1),3351(1),-,-,-,-
KER Self Fin. Seats,SM,Kerala,"SreeUthradomThirunal,Trivandrum",ENT,"₹18,49,748*","₹53,000",0,₹0,-,2491(1),2491(1),2491(1),-,-,2826(1),2844(1),3362(1),-,-,-,-
KER Self Fin. Seats,AC,Kerala,"Pushpagiri IMS, Tiruvalla",ENT,"₹18,49,748*","₹43,000",0,₹0,955,2455(1),3797(1),3071(1),-,-,2870(1),2965(1),3366(1),-,-,-,-
KER Self Fin. Seats,SC,Kerala,"Sree Gokulam, Trivandrum",ANAESTHESIOLOGY,"₹17,49,006*","₹53,000",0,₹0,760,-,-,3361(2),-,-,2896(1),2896(1),3369(1),-,-,-,-
KER Self Fin. Seats,SM,Kerala,"PK Das IMS, Palakkad",ANAESTHESIOLOGY,"₹17,61,665*","₹53,000",1*,"₹10,00,000*",750,-,-,-,-,-,2845(1),3257(1),3372(2),-,-,-,-
KER Self Fin. Seats,SM,Kerala,"Amala IMS, Thrissur",RADIATION ONCOLOGY,"₹18,49,748*","₹53,000",0,₹0,640,-,-,-,-,-,2265(1),2265(1),3384(1),-,-,-,-
KER Govt Quota,SM,Kerala,"Govt Med Coll, Kottayam",MICROBIOLOGY,"₹69,470*","₹57,876",1*,"₹50,00,000*",Info Not Available,-,-,-,-,-,2414(1),2626(1),3385(1),-,-,-,-
KER Self Fin. Seats,BH,Kerala,"SreeUthradomThirunal,Trivandrum",ORTHOPAEDICS,"₹18,49,748*","₹53,000",0,₹0,-,-,-,-,-,-,2808(1),3287(1),3392(1),-,-,-,-
KER Self Fin. Seats,SC,Kerala,"Al-Azhar Med Coll, Thodupuzha",ENT,"₹18,49,748*","₹40,000",0,₹0,700,-,-,-,-,-,-,-,3401(1),3777(1),-,-,-
KER Self Fin. Seats,MU,Kerala,"PK Das IMS, Palakkad",PSYCHIATRY,"₹17,61,665*","₹53,000",1*,"₹10,00,000*",750,-,-,-,-,-,2916(1),3585(1),3423(1),-,-,-,-
KER Self Fin. Seats,SM,Kerala,"KMCT Med Coll, Kozhikode",ENT,"₹18,49,748*","₹53,000",0,₹0,790,2360(1),2742(1),2742(1),-,-,2296(1),3130(3),3442(3),-,-,-,-
KER Self Fin. Seats,EZ,Kerala,"Pushpagiri IMS, Tiruvalla",ANAESTHESIOLOGY,"₹18,49,748*","₹43,000",0,₹0,955,-,-,-,-,-,3039(1),3039(1),3448(1),-,-,-,-
KER Govt Quota,SM,Kerala,"Govt Med Coll, Ernakulam",MICROBIOLOGY,"₹69,470*","₹57,876",1*,"₹50,00,000*",700,2745(1),2745(1),2745(1),-,-,2626(1),2952(1),3468(1),-,-,-,-
KER Self Fin. Seats,SM,Kerala,"Al-Azhar Med Coll, Thodupuzha",ANAESTHESIOLOGY,"₹18,49,748*","₹40,000",0,₹0,700,-,-,-,-,-,2315(1),3234(1),3470(1),-,-,-,-
KER Self Fin. Seats,SC,Kerala,"Sree Gokulam, Trivandrum",ENT,"₹17,49,006*","₹53,000",0,₹0,760,2477(1),2952(1),2952(1),-,-,2855(1),3187(1),3480(1),-,-,-,-
KER Self Fin. Seats,AC,Kerala,"Dr Somervel Mem, Karakonam",ENT,"₹18,49,748*","₹53,000",0,₹0,695,-,-,-,-,-,2894(1),3224(1),3494(1),-,-,-,-
KER Self Fin. Seats,SC,Kerala,"Azeezia IMS, Kollam",ANAESTHESIOLOGY,"₹18,49,748*","₹53,000",0,₹0,540,-,-,-,-,-,2843(1),2931(1),3502(1),4384(1),-,-,-
KER Self Fin. Seats,MU,Kerala,"Malabar Med Coll, Kozhikode",ENT,"₹18,49,748*","₹53,000",1,"₹20,00,000",720,-,-,-,-,-,2658(1),2658(1),3515(1),-,-,-,-
KER Self Fin. Seats,EZ,Kerala,"KMCT Med Coll, Kozhikode",PMR,"₹18,49,748*","₹53,000",0,₹0,790,-,-,-,-,-,-,-,3516(1),-,-,-,-
KER Govt Quota,SM,Kerala,"Medical College, Trivandrum",PHARMACOLOGY,"₹69,470*","₹57,876",1*,"₹50,00,000*",2126,1565(1),2928(1),2928(1),-,-,2231(2),3008(2),3574(1),-,-,-,-
KER Self Fin. Seats,BH,Kerala,"KMCT Med Coll, Kozhikode",ORTHOPAEDICS,"₹18,49,748*","₹53,000",0,₹0,790,-,-,-,-,-,2604(1),2604(1),3592(1),3586(1),-,-,-
KER Self Fin. Seats,MU,Kerala,"SreeUthradomThirunal,Trivandrum",ANAESTHESIOLOGY,"₹18,49,748*","₹53,000",0,₹0,-,-,-,-,-,-,2898(1),3551(1),3594(1),-,-,-,-
KER Self Fin. Seats,SM,Kerala,"Jubilee Mission, Thrissur",IHBT,"₹18,49,748*","₹53,000",0,₹0,1450,2911(1),3597(1),3561(1),3787(1),-,2829(1),3359(1),3604(1),4553(1),-,-,-
KER Self Fin. Seats,MU,Kerala,"Malabar Med Coll, Kozhikode",GENERAL SURGERY,"₹18,49,748*","₹53,000",1,"₹20,00,000",720,-,-,-,-,-,2728(1),3290(1),3613(1),-,-,-,-
KER Self Fin. Seats,MU,Kerala,"KMCT Med Coll, Kozhikode",ANAESTHESIOLOGY,"₹18,49,748*","₹53,000",0,₹0,790,-,-,-,-,-,2455(1),3460(2),3620(2),-,-,-,-
KER Govt Quota,BH,Kerala,"Govt Med Coll, Kollam",PATHOLOGY,"₹69,470*","₹57,876",1*,"₹50,00,000*",500,-,-,-,-,-,2482(1),2482(1),3630(1),-,-,-,-
KER Self Fin. Seats,BH,Kerala,"PK Das IMS, Palakkad",ENT,"₹17,61,665*","₹53,000",1*,"₹10,00,000*",750,-,-,-,-,-,3311(1),3311(1),3631(1),-,-,-,-
KER Self Fin. Seats,SC,Kerala,"Malabar Med Coll, Kozhikode",OPHTHALMOLOGY,"₹18,49,748*","₹53,000",1,"₹20,00,000",720,-,-,-,-,-,2391(1),3021(1),3632(1),-,-,-,-
KER Self Fin. Seats,AC,Kerala,"Dr Somervel Mem, Karakonam",PSYCHIATRY,"₹18,49,748*","₹53,000",0,₹0,695,3003(1),4334(1),4334(1),-,-,3006(2),3006(2),3638(1),3681(1),-,-,-
KER Self Fin. Seats,MM,Kerala,"Azeezia IMS, Kollam",ANAESTHESIOLOGY,"₹18,49,748*","₹53,000",0,₹0,540,2946(1),3705(1),3054(1),-,-,2817(1),3244(1),3668(1),-,-,-,-
KER Govt Quota,SM,Kerala,"Medical College, Trivandrum",FORENSIC MEDICINE,"₹69,470*","₹57,876",1*,"₹50,00,000*",2126,-,-,2486(1),3542(1),-,-,-,3769(1),-,-,-,-
KER Govt Quota,SC,Kerala,"Medical College, Trivandrum",FORENSIC MEDICINE,"₹69,470*","₹57,876",1*,"₹50,00,000*",2126,-,-,-,-,-,3300(1),3300(1),3816(1),-,-,-,-
KER Self Fin. Seats,SM,Kerala,"Sree Gokulam, Trivandrum",PATHOLOGY,"₹10,61,897*","₹53,000",0,₹0,760,-,-,-,-,-,3254(1),3254(1),3848(1),-,-,-,-
KER Self Fin. Seats,LA,Kerala,"Al-Azhar Med Coll, Thodupuzha",ANAESTHESIOLOGY,"₹18,49,748*","₹40,000",0,₹0,700,-,-,-,-,-,3343(1),3343(1),3850(1),-,-,-,-
KER SF NRI Seats,NR,Kerala,"Sree Gokulam, Trivandrum",PAEDIATRICS,"₹38,86,680*","₹53,000",0,₹0,760,2903(1),2903(1),2903(1),-,-,3191(1),3191(1),3864(1),4574(1),-,-,-
KER Self Fin. Seats,SM,Kerala,"Amala IMS, Thrissur",PATHOLOGY,"₹11,23,062*","₹53,000",0,₹0,640,2915(2),3063(2),3063(2),-,-,2687(2),2687(2),3873(1),-,-,-,-
KER Self Fin. Seats,SM,Kerala,"Malabar Med Coll, Kozhikode",PATHOLOGY,"₹11,23,062*","₹53,000",1,"₹20,00,000",720,3687(2),4158(2),4158(2),-,-,3166(2),3666(2),3876(1),4679(1),-,-,-
KER Govt Quota,HQ Serv,Kerala,"Govt Med Coll, Thrissur",OBG,"₹69,470*","₹57,876",1*,"₹50,00,000*",1400,-,-,-,-,-,4129(1),4129(1),3877(1),-,-,-,-
KER Self Fin. Seats,SM,Kerala,"Amala IMS, Thrissur",SPM,"₹11,23,062*","₹53,000",0,₹0,640,3281(1),3281(1),3281(1),-,-,3283(2),3794(2),3911(1),-,-,-,-
KER SF NRI Seats,NR,Kerala,"Jubilee Mission, Thrissur",EMERGENCY MEDICINE,"₹38,86,680*","₹53,000",0,₹0,1450,3409(1),3409(1),3409(1),-,-,3285(1),4222(1),3921(1),-,-,-,-
KER Govt Quota,SM,Kerala,"Govt Med Coll, Thrissur",PHARMACOLOGY,"₹69,470*","₹57,876",1*,"₹50,00,000*",1400,2340(1),2340(1),2340(1),-,-,2601(1),3462(1),3940(1),3472(1),-,-,-
KER Self Fin. Seats,SM,Kerala,"Sree Narayana IMS, Ernakulam",SPM,"₹10,61,897*","₹53,000",0,₹0,Info Not Available,4220(2),4817(2),4879(2),-,-,3124(1),3124(1),3951(1),-,-,-,-
KER Govt Quota,MU,Kerala,"Govt Med Coll, Thrissur",MICROBIOLOGY,"₹69,470*","₹57,876",1*,"₹50,00,000*",1400,3335(1),3335(1),4085(1),-,-,2807(1),3270(1),3953(1),-,-,-,-
KER SF NRI Seats,NR,Kerala,"SreeUthradomThirunal,Trivandrum",GENERAL MEDICINE,"₹38,86,680*","₹53,000",0,₹0,-,4073(1),4073(1),4073(1),-,-,3313(1),4044(1),4037(1),-,-,-,-
KER Govt Quota,EW,Kerala,"Govt Med Coll, Thrissur",PHARMACOLOGY,"₹69,470*","₹57,876",1*,"₹50,00,000*",1400,-,-,-,-,-,-,-,4046(1),-,-,-,-
KER Govt Quota,SM,Kerala,"Govt Med Coll, Kozhikode",PHYSIOLOGY,"₹69,470*","₹57,876",1*,"₹50,00,000*",3025,3109(1),3109(1),3109(1),-,-,3322(2),3322(2),4067(1),-,-,-,-
KER SF NRI Seats,NR,Kerala,"Sree Gokulam, Trivandrum",OBG,"₹38,86,680*","₹53,000",0,₹0,760,2698(1),2698(1),2698(1),-,-,3907(1),3907(1),4084(1),-,-,-,-
KER Self Fin. Seats,SM,Kerala,"Jubilee Mission, Thrissur",PATHOLOGY,"₹11,23,062*","₹53,000",0,₹0,1450,3380(3),3640(3),3640(3),3872(1),-,3058(2),3058(2),4109(1),4464(1),-,-,-
KER Govt Quota,HQ Serv,Kerala,"Govt of Med Sci, Pariyaram",PSYCHIATRY,"₹69,470*","₹57,876",1*,"₹50,00,000*",1752,-,-,-,-,-,-,-,4115(1),4552(1),-,-,-
KER Self Fin. Seats,SM,Kerala,"Dr Somervel Mem, Karakonam",PATHOLOGY,"₹93,562*","₹53,000",0,₹0,695,3640(1),4258(1),4258(1),-,-,3282(1),3835(1),4158(1),5112(3),-,-,-
KER SF NRI Seats,NR,Kerala,"Amala IMS, Thrissur",GENERAL SURGERY,"₹38,86,680*","₹53,000",0,₹0,640,3666(1),3666(1),3666(1),-,-,3524(1),4778(1),4167(1),-,-,-,-
KER Self Fin. Seats,SC,Kerala,"KMCT Med Coll, Kozhikode",GERIATRICS,"₹18,49,748*","₹53,000",0,₹0,790,-,-,-,-,-,-,-,4173(1),-,-,-,-
KER SF NRI Seats,NR,Kerala,"KMCT Med Coll, Kozhikode",OBG,"₹38,86,680*","₹53,000",0,₹0,790,4287(1),4287(1),4384(1),-,-,3693(1),4069(2),4206(1),-,-,-,-
KER Govt Quota,SM,Kerala,"Medical College, Trivandrum",BIOCHEMISTRY,"₹69,470*","₹57,876",1*,"₹50,00,000*",2126,-,-,-,-,-,2471(1),2471(1),4213(1),-,-,-,-
KER SF NRI Seats,NR,Kerala,"Al-Azhar Med Coll, Thodupuzha",GENERAL MEDICINE,"₹38,86,680*","₹40,000",0,₹0,700,4129(1),4261(1),4261(1),-,-,3655(1),4022(1),4281(1),-,-,-,-
KER Govt Quota,BH,Kerala,"Govt Med Coll, Thrissur",PATHOLOGY,"₹69,470*","₹57,876",1*,"₹50,00,000*",1400,-,-,-,-,-,2137(1),2137(1),4330(1),4863(1),-,-,-
KER Self Fin. Seats,SC,Kerala,"MES Med Coll, Malappuram",PATHOLOGY,"₹11,23,062*","₹53,000",1*,"₹10,00,000*",680,4041(1),4845(1),4865(1),-,-,3127(1),3765(1),4338(1),-,-,-,-
KER Govt Quota,SM,Kerala,"TD Med Coll, Allepey",PHYSIOLOGY,"₹69,470*","₹57,876",1*,"₹50,00,000*",1050,-,-,4206(1),4567(1),-,3729(1),3729(1),4344(1),-,-,-,-
KER Self Fin. Seats,LA,Kerala,"Azeezia IMS, Kollam",GENERAL SURGERY,"₹18,49,748*","₹53,000",0,₹0,540,-,-,-,-,-,3046(1),3434(1),4383(1),-,-,-,-
KER Govt Quota,HQ Serv,Kerala,"TD Med Coll, Allepey",OBG,"₹69,470*","₹57,876",1*,"₹50,00,000*",1050,-,-,-,-,-,3627(1),3627(1),4406(1),-,-,-,-
KER Self Fin. Seats,SM,Kerala,"KMCT Med Coll, Kozhikode",PATHOLOGY,"₹11,23,062*","₹53,000",0,₹0,790,-,-,-,-,-,-,-,4448(2),5143(1),-,-,-
KER SF NRI Seats,NR,Kerala,"Malabar Med Coll, Kozhikode",EMERGENCY MEDICINE,"₹38,86,680*","₹53,000",1,"₹20,00,000",720,4034(1),4034(1),4034(1),4783(1),-,4115(1),4434(1),4451(1),-,-,-,-
KER Govt Quota,SM,Kerala,"Govt Med Coll, Kottayam",BIOCHEMISTRY,"₹69,470*","₹57,876",1*,"₹50,00,000*",Info Not Available,3212(1),3462(1),3462(1),-,-,-,-,4510(1),-,-,-,-
KER SF NRI Seats,NC,Kerala,"Dr Somervel Mem, Karakonam",ORTHOPAEDICS,"₹38,86,680*","₹53,000",0,₹0,695,4124(1),-,4968(1),-,-,4170(1),-,4550(1),-,-,-,-
KER Self Fin. Seats,SM,Kerala,"Sree Gokulam, Trivandrum",SPM,"₹10,61,897*","₹53,000",0,₹0,760,-,-,-,5003(1),-,3557(1),3557(1),4588(1),-,-,-,-
KER Govt Quota,ST,Kerala,"Medical College, Trivandrum",GENERAL MEDICINE,"₹69,470*","₹57,876",1*,"₹50,00,000*",2126,-,-,-,-,-,4578(1),4578(1),4599(1),4806(1),-,-,-
KER Self Fin. Seats,EZ,Kerala,"SreeUthradomThirunal,Trivandrum",SPM,"₹11,23,062*","₹53,000",0,₹0,-,-,-,-,-,-,-,-,4610(1),-,-,-,-
KER Govt Quota,HQ Serv,Kerala,"TD Med Coll, Allepey",ANAESTHESIOLOGY,"₹69,470*","₹57,876",1*,"₹50,00,000*",1050,-,-,-,-,-,-,-,4624(1),-,-,-,-
KER SF NRI Seats,NR,Kerala,"MES Med Coll, Malappuram",GENERAL SURGERY,"₹38,86,680*","₹53,000",1*,"₹10,00,000*",680,3283(1),3283(1),3283(1),-,-,4191(1),4191(1),4647(1),-,-,-,-
KER SF NRI Seats,NR,Kerala,"Malabar Med Coll, Kozhikode",OPHTHALMOLOGY,"₹38,86,680*","₹53,000",1,"₹20,00,000",720,-,-,-,-,-,4439(1),4666(1),4687(1),-,-,-,-
KER Govt Quota,SC,Kerala,"Govt Med Coll, Thrissur",PHYSIOLOGY,"₹69,470*","₹57,876",1*,"₹50,00,000*",1400,-,-,-,-,-,4410(1),4410(1),4691(1),-,-,-,-
KER SF NRI Seats,NR,Kerala,"Sree Gokulam, Trivandrum",OPHTHALMOLOGY,"₹38,86,680*","₹53,000",0,₹0,760,3709(1),3709(1),3709(1),4395(1),-,4486(1),4589(1),4741(1),-,-,-,-
KER Govt Quota,HQ Serv,Kerala,"Govt Med Coll, Thrissur",ANAESTHESIOLOGY,"₹69,470*","₹57,876",1*,"₹50,00,000*",1400,-,2682(1),3288(1),3615(1),-,-,-,4783(1),-,-,-,-
KER SF NRI Seats,NR,Kerala,"MES Med Coll, Malappuram",ANAESTHESIOLOGY,"₹38,86,680*","₹53,000",1*,"₹10,00,000*",680,-,-,-,-,-,4278(1),-,4791(1),-,-,-,-
KER Govt Quota,HQ Serv,Kerala,"Govt of Med Sci, Pariyaram",OBG,"₹69,470*","₹57,876",1*,"₹50,00,000*",1752,-,-,-,-,-,3219(1),3863(1),4802(1),-,-,-,-
KER SF NRI Seats,NM,Kerala,"Travancore Med Coll, Kollam",OPHTHALMOLOGY,"₹38,86,680*","₹50,000",0*,₹0*,750,-,-,-,-,-,4717(1),4717(1),4833(1),-,-,-,-
KER SF NRI Seats,NR,Kerala,"Travancore Med Coll, Kollam",ENT,"₹38,86,680*","₹50,000",0*,₹0*,750,-,-,-,-,-,3761(1),3761(1),4846(1),5045(1),-,-,-
KER Govt Quota,EZ,Kerala,"Govt Med Coll, Kozhikode",PHARMACOLOGY,"₹69,470*","₹57,876",1*,"₹50,00,000*",3025,-,-,-,-,-,3410(1),3410(1),4869(1),-,-,-,-
KER Govt Quota,SM,Kerala,"TD Med Coll, Allepey",BIOCHEMISTRY,"₹69,470*","₹57,876",1*,"₹50,00,000*",1050,-,-,-,-,-,-,-,4916(1),-,-,-,-
KER Govt Quota,HQ Serv,Kerala,"Medical College, Trivandrum",ANAESTHESIOLOGY,"₹69,470*","₹57,876",1*,"₹50,00,000*",2126,-,-,-,-,-,-,-,4926(1),-,-,-,-
KER Govt Quota,EZ,Kerala,"Govt Med Coll, Kozhikode",BIOCHEMISTRY,"₹69,470*","₹57,876",1*,"₹50,00,000*",3025,-,-,-,-,-,3462(1),4916(1),4948(1),-,-,-,-
KER Govt Quota,SM,Kerala,"Govt Med Coll, Thrissur",ANATOMY,"₹69,470*","₹57,876",1*,"₹50,00,000*",1400,-,-,-,-,-,-,-,4951(1),-,-,-,-
KER Self Fin. Seats,SM,Kerala,"Dr Somervel Mem, Karakonam",SPM,"₹11,23,062*","₹53,000",0,₹0,695,3177(1),3177(1),4722(1),4916(1),-,-,-,4962(2),-,-,-,-
KER Govt Quota,IQ Serv,Kerala,"Medical College, Trivandrum",PSYCHIATRY,"₹69,470*","₹57,876",1*,"₹50,00,000*",2126,-,-,-,-,-,-,-,4983(1),-,-,-,-
KER Govt Quota,BX,Kerala,"Govt Med Coll, Thrissur",MICROBIOLOGY,"₹69,470*","₹57,876",1*,"₹50,00,000*",1400,-,-,-,-,-,3208(1),3208(1),4998(1),-,-,-,-
KER SF NRI Seats,NR,Kerala,"Al-Azhar Med Coll, Thodupuzha",ENT,"₹38,86,680*","₹40,000",0,₹0,700,-,-,-,-,-,-,-,5048(1),-,-,-,-
KER Self Fin. Seats,SM,Kerala,"Pushpagiri IMS, Tiruvalla",PHYSIOLOGY,"₹11,23,062*","₹43,000",0,₹0,955,3397(1),-,5330(2),-,-,-,-,5062(2),-,-,5827(1),-
KER Self Fin. Seats,SM,Kerala,"Malabar Med Coll, Kozhikode",SPM,"₹11,23,062*","₹53,000",1,"₹20,00,000",720,-,-,-,5145(3),-,4317(3),4453(3),5066(2),-,-,-,-
KER Self Fin. Seats,BH,Kerala,"KMCT Med Coll, Kozhikode",PATHOLOGY,"₹11,23,062*","₹53,000",0,₹0,790,-,-,-,-,-,-,-,5077(1),-,-,-,-
KER Self Fin. Seats,SM,Kerala,"Sree Gokulam, Trivandrum",PHARMACOLOGY,"₹10,61,897*","₹53,000",0,₹0,760,-,-,5356(1),-,-,3804(1),3804(1),5093(1),5542(1),-,-,-
KER SF NRI Seats,NR,Kerala,"Sree Narayana IMS, Ernakulam",ORTHOPAEDICS,"₹38,86,680*","₹53,000",0,₹0,Info Not Available,4185(1),4732(1),4732(1),-,-,3860(1),-,5108(1),-,-,-,-
KER Govt Quota,HQ Serv,Kerala,"Govt Med Coll, Palakkad",PATHOLOGY,"₹69,470*","₹57,876",1*,"₹50,00,000*",-,-,-,-,-,-,-,-,5115(1),-,-,-,-
KER Govt Quota,HQ Serv,Kerala,"Govt Med Coll, Kottayam",FORENSIC MEDICINE,"₹69,470*","₹57,876",1*,"₹50,00,000*",Info Not Available,-,-,-,-,-,-,-,5137(1),-,-,-,-
KER Govt Quota,GEN-PD,Kerala,"Govt Med Coll, Kottayam",DERMATOLOGY,"₹69,470*","₹57,876",1*,"₹50,00,000*",Info Not Available,-,-,-,-,-,2299(1),-,5161(1),-,-,-,-
KER Govt Quota,SM,Kerala,"Govt Med Coll, Kozhikode",ANATOMY,"₹69,470*","₹57,876",1*,"₹50,00,000*",3025,3535(1),4161(1),4850(2),5190(2),-,3548(1),4327(1),5202(3),5424(1),-,-,-
KER Govt Quota,MQ Serv,Kerala,"Govt Med Coll, Ernakulam",GENERAL MEDICINE,"₹69,470*","₹57,876",1*,"₹50,00,000*",700,-,-,-,-,-,-,-,5278(1),-,-,-,-
KER Self Fin. Seats,SM,Kerala,"KMCT Med Coll, Kozhikode",MICROBIOLOGY,"₹11,23,062*","₹53,000",0,₹0,790,4656(2),4874(1),5317(2),-,-,3859(1),4321(1),5287(1),-,-,-,-
KER Self Fin. Seats,SM,Kerala,"Sree Gokulam, Trivandrum",BIOCHEMISTRY,"₹10,61,897*","₹53,000",0,₹0,760,4915(2),4915(2),-,-,-,-,-,5302(2),-,-,-,-
KER Govt Quota,BH,Kerala,"TD Med Coll, Allepey",MICROBIOLOGY,"₹69,470*","₹57,876",1*,"₹50,00,000*",1050,-,-,-,-,-,3620(1),4686(1),5390(1),-,-,-,-
KER Govt Quota,HQ Serv,Kerala,"Govt Med Coll, Kollam",FORENSIC MEDICINE,"₹69,470*","₹57,876",1*,"₹50,00,000*",500,-,-,-,-,-,-,-,5396(1),-,-,-,-
KER Self Fin. Seats,SM,Kerala,"Believers Church, Thiruvalla",MICROBIOLOGY,"₹11,23,062*","₹53,000",0,₹0,750,-,-,-,-,-,-,3425(1),5397(2),-,-,5788(1),-
KER Self Fin. Seats,SM,Kerala,"SreeUthradomThirunal,Trivandrum",MICROBIOLOGY,"₹11,23,062*","₹53,000",0,₹0,-,-,-,5558(2),-,-,4205(1),4763(1),5421(1),-,-,-,-
KER Self Fin. Seats,SM,Kerala,"MES Med Coll, Malappuram",MICROBIOLOGY,"₹11,23,062*","₹53,000",1*,"₹10,00,000*",680,4874(1),-,5433(1),-,-,4286(1),4286(1),5423(1),-,-,-,-
KER Self Fin. Seats,SM,Kerala,"Pushpagiri IMS, Tiruvalla",MICROBIOLOGY,"₹11,23,062*","₹43,000",0,₹0,955,-,-,5389(2),-,-,4106(1),4951(1),5434(1),-,-,-,-
KER Govt Quota,DX,Kerala,"Medical College, Trivandrum",ANATOMY,"₹69,470*","₹57,876",1*,"₹50,00,000*",2126,-,-,-,-,-,-,-,5443(1),-,-,-,-
KER Self Fin. Seats,SM,Kerala,"KMCT Med Coll, Kozhikode",PHARMACOLOGY,"₹11,23,062*","₹53,000",0,₹0,790,4864(1),-,5528(1),-,-,4718(1),-,5446(2),4870(1),-,-,-
KER Self Fin. Seats,BH,Kerala,"Malabar Med Coll, Kozhikode",SPM,"₹11,23,062*","₹53,000",1,"₹20,00,000",720,3825(1),4862(1),4912(1),-,-,4554(1),4554(1),5456(1),-,-,-,-
KER Govt Quota,SC,Kerala,"Govt Med Coll, Palakkad",MICROBIOLOGY,"₹69,470*","₹57,876",1*,"₹50,00,000*",-,-,-,-,-,-,-,-,5465(1),-,-,-,-
KER Self Fin. Seats,EZ,Kerala,"KMCT Med Coll, Kozhikode",SPM,"₹11,23,062*","₹53,000",0,₹0,790,-,-,-,-,-,-,-,5484(1),-,-,-,-
KER Self Fin. Seats,SM,Kerala,"Pushpagiri IMS, Tiruvalla",BIOCHEMISTRY,"₹11,23,062*","₹43,000",0,₹0,955,4362(1),-,5337(2),5496(1),-,-,-,5487(1),-,-,5849(1),-
KER Self Fin. Seats,ST,Kerala,"Travancore Med Coll, Kollam",EMERGENCY MEDICINE,"₹18,49,748*","₹50,000",0*,₹0*,750,-,-,-,-,-,-,-,5499(1),5721(1),-,-,-
KER Self Fin. Seats,SM,Kerala,"Sree Gokulam, Trivandrum",ANATOMY,"₹10,61,897*","₹53,000",0,₹0,760,-,-,5622(1),5465(1),5465(1),-,-,5518(1),-,-,-,-
KER Self Fin. Seats,BH,Kerala,"Pushpagiri IMS, Tiruvalla",MICROBIOLOGY,"₹11,23,062*","₹43,000",0,₹0,955,-,-,-,-,-,-,-,5519(1),-,-,-,-
KER Govt Quota,GEN-PD,Kerala,"TD Med Coll, Allepey",ENT,"₹69,470*","₹57,876",1*,"₹50,00,000*",1050,-,-,-,-,-,-,-,5527(1),-,-,-,-
KER Self Fin. Seats,SC,Kerala,"Sree Narayana IMS, Ernakulam",SPM,"₹10,61,897*","₹53,000",0,₹0,Info Not Available,-,-,-,-,-,4158(1),4158(1),5545(1),-,-,-,-
KER Self Fin. Seats,ST,Kerala,"Sree Gokulam, Trivandrum",GENERAL SURGERY,"₹17,49,006*","₹53,000",0,₹0,760,-,-,-,-,-,4475(1),-,5557(1),-,-,-,-
KER Self Fin. Seats,SM,Kerala,"Pushpagiri IMS, Tiruvalla",PHARMACOLOGY,"₹11,23,062*","₹43,000",0,₹0,955,-,-,5371(1),-,-,4293(1),-,5566(1),-,-,-,-
KER Self Fin. Seats,SC,Kerala,"Dr Somervel Mem, Karakonam",SPM,"₹11,23,062*","₹53,000",0,₹0,695,-,-,-,-,-,3897(1),3897(1),5576(1),5630(1),-,-,-
KER Self Fin. Seats,SM,Kerala,"KMCT Med Coll, Kozhikode",ANATOMY,"₹11,23,062*","₹53,000",0,₹0,790,-,-,-,-,-,-,5141(1),5675(1),-,-,5818(1),-
KER Self Fin. Seats,SM,Kerala,"MES Med Coll, Malappuram",DCP,"₹7,51,644*","₹53,000",1*,"₹10,00,000*",680,3573(1),4052(1),4499(2),5055(1),-,3885(2),5039(2),5688(2),5589(1),-,5474(1),-
KER Govt Quota,ST,Kerala,"Govt Med Coll, Kozhikode",PATHOLOGY,"₹69,470*","₹57,876",1*,"₹50,00,000*",3025,-,-,-,-,-,-,-,5714(1),-,-,-,-
KER Govt Quota,MQ Serv,Kerala,"Govt Med Coll, Palakkad",SPM,"₹69,470*","₹57,876",1*,"₹50,00,000*",-,-,-,-,-,-,-,-,5715(1),-,-,-,-
KER Self Fin. Seats,SM,Kerala,"Malabar Med Coll, Kozhikode",MICROBIOLOGY,"₹11,23,062*","₹53,000",1,"₹20,00,000",720,-,-,5632(2),-,-,4432(1),5090(1),5720(2),-,-,-,-
KER Self Fin. Seats,SM,Kerala,"SreeUthradomThirunal,Trivandrum",PHARMACOLOGY,"₹11,23,062*","₹53,000",0,₹0,-,-,-,5606(2),-,-,4951(1),-,5727(2),-,-,-,-
KER Self Fin. Seats,SM,Kerala,"Sree Narayana IMS, Ernakulam",PHARMACOLOGY,"₹10,61,897*","₹53,000",0,₹0,Info Not Available,-,-,5260(1),-,-,5027(2),5027(1),5761(2),-,-,-,-
KER Self Fin. Seats,LA,Kerala,"KMCT Med Coll, Kozhikode",PATHOLOGY,"₹11,23,062*","₹53,000",0,₹0,790,-,-,-,-,-,-,-,5786(1),-,-,-,-
KER Self Fin. Seats,ST,Kerala,"Malabar Med Coll, Kozhikode",PSYCHIATRY,"₹18,49,748*","₹53,000",1,"₹20,00,000",720,-,-,-,-,-,-,-,5790(1),-,-,-,-
KER Govt Quota,SM,Kerala,"Govt Med Coll, Kozhikode",RADIO DIAGNOSIS,"₹69,470*","₹57,876",1*,"₹50,00,000*",3025,20(3),52(3),50(3),-,-,6(3),11(3),-,-,-,-,-
KER Govt Quota,SM,Kerala,"Medical College, Trivandrum",RADIO DIAGNOSIS,"₹69,470*","₹57,876",1*,"₹50,00,000*",2126,41(2),56(2),56(2),-,-,15(1),15(1),-,-,-,-,-
KER Govt Quota,MU,Kerala,"Medical College, Trivandrum",RADIO DIAGNOSIS,"₹69,470*","₹57,876",1*,"₹50,00,000*",2126,-,-,-,-,-,23(1),23(1),-,-,-,-,-
KER Govt Quota,BH,Kerala,"Medical College, Trivandrum",RADIO DIAGNOSIS,"₹69,470*","₹57,876",1*,"₹50,00,000*",2126,-,-,-,-,-,37(1),37(1),-,-,-,-,-
KER Govt Quota,SM,Kerala,"Govt Med Coll, Thrissur",DERMATOLOGY,"₹69,470*","₹57,876",1*,"₹50,00,000*",1400,-,-,-,-,-,46(1),46(1),-,-,-,-,-
KER Govt Quota,BH,Kerala,"Govt Med Coll, Kozhikode",GENERAL MEDICINE,"₹69,470*","₹57,876",1*,"₹50,00,000*",3025,45(1),45(1),45(1),-,-,48(1),48(1),-,-,-,-,-
KER Govt Quota,SM,Kerala,"Govt Med Coll, Kottayam",RADIO DIAGNOSIS,"₹69,470*","₹57,876",1*,"₹50,00,000*",Info Not Available,-,-,-,-,-,33(1),52(1),-,-,-,-,-
KER Govt Quota,EW,Kerala,"Medical College, Trivandrum",GENERAL MEDICINE,"₹69,470*","₹57,876",1*,"₹50,00,000*",2126,-,-,-,-,-,70(1),70(1),-,-,-,-,-
KER Govt Quota,MU,Kerala,"Govt Med Coll, Kottayam",GENERAL MEDICINE,"₹69,470*","₹57,876",1*,"₹50,00,000*",Info Not Available,72(1),72(1),72(1),-,-,71(1),71(1),-,-,-,-,-
KER Govt Quota,MU,Kerala,"Medical College, Trivandrum",GENERAL MEDICINE,"₹69,470*","₹57,876",1*,"₹50,00,000*",2126,88(1),88(1),88(1),-,-,56(1),75(1),-,-,-,-,-
KER Govt Quota,BH,Kerala,"Govt Med Coll, Kottayam",GENERAL MEDICINE,"₹69,470*","₹57,876",1*,"₹50,00,000*",Info Not Available,-,-,-,-,-,77(1),77(1),-,-,-,-,-
KER Govt Quota,EW,Kerala,"Govt Med Coll, Kozhikode",RADIO DIAGNOSIS,"₹69,470*","₹57,876",1*,"₹50,00,000*",3025,-,-,-,-,-,80(1),80(1),-,-,-,-,-
KER Govt Quota,MU,Kerala,"Govt Med Coll, Kozhikode",DERMATOLOGY,"₹69,470*","₹57,876",1*,"₹50,00,000*",3025,-,-,-,-,-,75(1),81(1),-,-,-,-,-
KER Govt Quota,SM,Kerala,"Medical College, Trivandrum",DERMATOLOGY,"₹69,470*","₹57,876",1*,"₹50,00,000*",2126,-,-,-,-,-,65(2),82(2),-,-,-,-,-
KER Govt Quota,EZ,Kerala,"Govt Med Coll, Kozhikode",GENERAL MEDICINE,"₹69,470*","₹57,876",1*,"₹50,00,000*",3025,-,-,-,-,-,86(1),86(1),-,-,-,-,-
KER Govt Quota,SM,Kerala,"TD Med Coll, Allepey",DERMATOLOGY,"₹69,470*","₹57,876",1*,"₹50,00,000*",1050,57(1),62(1),139(1),-,-,83(1),93(1),-,-,-,-,-
KER Govt Quota,EW,Kerala,"Govt Med Coll, Kottayam",GENERAL MEDICINE,"₹69,470*","₹57,876",1*,"₹50,00,000*",Info Not Available,70(1),70(1),70(1),-,-,104(1),104(1),-,-,-,-,-
KER Govt Quota,EZ,Kerala,"Medical College, Trivandrum",GENERAL MEDICINE,"₹69,470*","₹57,876",1*,"₹50,00,000*",2126,58(1),63(1),63(1),-,-,112(1),112(1),-,-,-,-,-
KER Govt Quota,SM,Kerala,"Govt of Med Sci, Pariyaram",DERMATOLOGY,"₹69,470*","₹57,876",1*,"₹50,00,000*",1752,112(1),153(1),153(1),-,-,85(1),117(1),-,-,-,-,-
KER Govt Quota,EW,Kerala,"TD Med Coll, Allepey",GENERAL MEDICINE,"₹69,470*","₹57,876",1*,"₹50,00,000*",1050,-,-,-,-,-,131(1),131(1),-,-,-,-,-
KER Govt Quota,EW,Kerala,"Govt Med Coll, Thrissur",GENERAL MEDICINE,"₹69,470*","₹57,876",1*,"₹50,00,000*",1400,97(1),179(1),179(1),-,-,137(1),137(1),-,-,-,-,-
KER Govt Quota,MU,Kerala,"Govt Med Coll, Thrissur",GENERAL MEDICINE,"₹69,470*","₹57,876",1*,"₹50,00,000*",1400,96(1),126(1),201(1),-,-,81(1),143(1),-,-,-,-,-
KER Govt Quota,EZ,Kerala,"TD Med Coll, Allepey",RADIO DIAGNOSIS,"₹69,470*","₹57,876",1*,"₹50,00,000*",1050,56(1),84(1),84(1),-,-,25(1),145(1),-,-,-,-,-
KER Govt Quota,EZ,Kerala,"TD Med Coll, Allepey",DERMATOLOGY,"₹69,470*","₹57,876",1*,"₹50,00,000*",1050,-,-,-,-,-,144(1),177(1),-,-,-,-,-
KER Self Fin. Seats,SM,Kerala,"Malabar Med Coll, Kozhikode",DERMATOLOGY,"₹18,49,748*","₹53,000",1,"₹20,00,000",720,405(1),652(1),652(1),-,-,182(1),182(1),-,-,-,-,-
KER Govt Quota,EW,Kerala,"Govt Med Coll, Thrissur",DERMATOLOGY,"₹69,470*","₹57,876",1*,"₹50,00,000*",1400,-,-,-,-,-,208(1),208(1),-,-,-,-,-
KER Govt Quota,SM,Kerala,"Govt Med Coll, Kozhikode",PAEDIATRICS,"₹69,470*","₹57,876",1*,"₹50,00,000*",3025,142(4),248(4),287(4),-,-,195(5),233(5),-,-,-,-,-
KER Govt Quota,MU,Kerala,"Govt Med Coll, Kozhikode",PAEDIATRICS,"₹69,470*","₹57,876",1*,"₹50,00,000*",3025,-,-,-,-,-,249(1),249(1),-,-,-,-,-
KER Govt Quota,SM,Kerala,"Govt Med Coll, Kottayam",GENERAL SURGERY,"₹69,470*","₹57,876",1*,"₹50,00,000*",Info Not Available,365(3),365(3),365(3),-,-,228(3),260(3),-,-,-,-,-
KER Govt Quota,EW,Kerala,"Govt Med Coll, Kozhikode",PAEDIATRICS,"₹69,470*","₹57,876",1*,"₹50,00,000*",3025,179(1),263(1),263(1),-,-,267(1),267(1),-,-,-,-,-
KER Self Fin. Seats,SM,Kerala,"Malankara Orthodox, Kolechery",GENERAL MEDICINE,"₹18,49,748*","₹53,000",0,₹0,1110,-,-,-,-,-,271(1),271(1),-,-,-,-,-
KER Govt Quota,EW,Kerala,"Medical College, Trivandrum",PAEDIATRICS,"₹69,470*","₹57,876",1*,"₹50,00,000*",2126,214(1),230(1),230(1),-,-,274(1),274(1),-,-,-,-,-
KER Govt Quota,EZ,Kerala,"Medical College, Trivandrum",PAEDIATRICS,"₹69,470*","₹57,876",1*,"₹50,00,000*",2126,267(2),267(2),472(2),-,-,215(1),309(1),-,-,-,-,-
KER Govt Quota,MU,Kerala,"Govt Med Coll, Kottayam",GENERAL SURGERY,"₹69,470*","₹57,876",1*,"₹50,00,000*",Info Not Available,-,-,-,-,-,314(1),314(1),-,-,-,-,-
KER Govt Quota,MU,Kerala,"Govt Med Coll, Kozhikode",TBRD,"₹69,470*","₹57,876",1*,"₹50,00,000*",3025,-,-,-,-,-,313(1),320(1),-,-,-,-,-
KER Self Fin. Seats,SM,Kerala,"Amala IMS, Thrissur",RADIO DIAGNOSIS,"₹18,49,748*","₹53,000",0,₹0,640,313(1),313(1),313(1),-,-,326(1),326(1),-,-,-,-,-
KER Self Fin. Seats,AC,Kerala,"Jubilee Mission, Thrissur",RADIO DIAGNOSIS,"₹18,49,748*","₹53,000",0,₹0,1450,-,-,-,-,-,344(1),344(1),-,-,-,-,-
KER Govt Quota,LA,Kerala,"Govt Med Coll, Kozhikode",GENERAL MEDICINE,"₹69,470*","₹57,876",1*,"₹50,00,000*",3025,146(1),146(1),146(1),-,-,356(1),356(1),-,-,-,-,-
KER Govt Quota,EW,Kerala,"Govt of Med Sci, Pariyaram",DERMATOLOGY,"₹69,470*","₹57,876",1*,"₹50,00,000*",1752,-,-,-,-,-,362(1),362(1),-,-,-,-,-
KER Govt Quota,SM,Kerala,"TD Med Coll, Allepey",TBRD,"₹69,470*","₹57,876",1*,"₹50,00,000*",1050,-,-,-,-,-,311(1),412(1),-,-,-,-,-
KER Govt Quota,BH,Kerala,"Medical College, Trivandrum",PAEDIATRICS,"₹69,470*","₹57,876",1*,"₹50,00,000*",2126,-,-,-,-,-,419(1),419(1),-,-,-,-,-
KER Govt Quota,SM,Kerala,"Govt Med Coll, Kozhikode",GENERAL SURGERY,"₹69,470*","₹57,876",1*,"₹50,00,000*",3025,296(6),296(6),301(6),-,-,303(4),430(4),-,-,-,-,-
KER Govt Quota,MU,Kerala,"Govt Med Coll, Kozhikode",GENERAL SURGERY,"₹69,470*","₹57,876",1*,"₹50,00,000*",3025,351(1),351(1),351(1),-,-,389(1),431(1),-,-,-,-,-
KER Self Fin. Seats,LA,Kerala,"Jubilee Mission, Thrissur",RADIO DIAGNOSIS,"₹18,49,748*","₹53,000",0,₹0,1450,-,-,-,-,-,438(1),438(1),-,-,-,-,-
KER Govt Quota,SM,Kerala,"Govt Med Coll, Thrissur",PSYCHIATRY,"₹69,470*","₹57,876",1*,"₹50,00,000*",1400,746(1),1007(1),1007(1),-,-,445(1),445(1),-,-,-,-,-
KER Self Fin. Seats,SM,Kerala,"Sree Gokulam, Trivandrum",RADIO DIAGNOSIS,"₹17,49,006*","₹53,000",0,₹0,760,-,-,-,-,-,448(1),448(1),-,-,-,-,-
KER Govt Quota,SM,Kerala,"Medical College, Trivandrum",EMERGENCY MEDICINE,"₹69,470*","₹57,876",1*,"₹50,00,000*",2126,-,-,-,-,-,353(1),452(1),-,-,-,-,-
KER Govt Quota,LA,Kerala,"Govt Med Coll, Thrissur",GENERAL MEDICINE,"₹69,470*","₹57,876",1*,"₹50,00,000*",1400,-,-,-,-,-,454(1),454(1),-,-,-,-,-
KER Govt Quota,EZ,Kerala,"Medical College, Trivandrum",GENERAL SURGERY,"₹69,470*","₹57,876",1*,"₹50,00,000*",2126,596(2),596(2),596(2),-,-,473(1),473(1),-,-,-,-,-
KER Self Fin. Seats,SM,Kerala,"MES Med Coll, Malappuram",GENERAL MEDICINE,"₹18,49,748*","₹53,000",1*,"₹10,00,000*",680,850(3),893(3),954(3),-,-,496(2),496(2),-,-,-,-,-
KER Govt Quota,EW,Kerala,"Govt Med Coll, Kottayam",GENERAL SURGERY,"₹69,470*","₹57,876",1*,"₹50,00,000*",Info Not Available,-,-,-,-,-,501(1),501(1),-,-,-,-,-
KER Govt Quota,EZ,Kerala,"Govt Med Coll, Kozhikode",GENERAL SURGERY,"₹69,470*","₹57,876",1*,"₹50,00,000*",3025,-,-,-,-,-,497(1),506(1),-,-,-,-,-
KER Self Fin. Seats,SM,Kerala,"Jubilee Mission, Thrissur",GENERAL MEDICINE,"₹18,49,748*","₹53,000",0,₹0,1450,534(1),534(1),534(1),-,-,367(2),515(2),-,-,-,-,-
KER Self Fin. Seats,SM,Kerala,"Pushpagiri IMS, Tiruvalla",RADIO DIAGNOSIS,"₹18,49,748*","₹43,000",0,₹0,955,494(2),587(2),587(2),-,-,258(2),517(2),-,-,-,-,-
KER Self Fin. Seats,SM,Kerala,"MES Med Coll, Malappuram",RADIO DIAGNOSIS,"₹18,49,748*","₹53,000",1*,"₹10,00,000*",680,187(1),187(1),617(1),-,-,521(2),521(2),-,-,-,-,-
KER Self Fin. Seats,AC,Kerala,"Jubilee Mission, Thrissur",GENERAL MEDICINE,"₹18,49,748*","₹53,000",0,₹0,1450,705(1),705(1),705(1),-,-,515(1),561(1),-,-,-,-,-
KER Self Fin. Seats,BH,Kerala,"Pushpagiri IMS, Tiruvalla",GENERAL MEDICINE,"₹18,49,748*","₹43,000",0,₹0,955,-,-,-,-,-,542(1),574(1),-,-,-,-,-
KER Self Fin. Seats,AC,Kerala,"Amala IMS, Thrissur",GENERAL MEDICINE,"₹18,49,748*","₹53,000",0,₹0,640,796(1),796(1),796(1),-,-,561(1),622(1),-,-,-,-,-
KER Govt Quota,MU,Kerala,"Govt Med Coll, Kozhikode",OBG,"₹69,470*","₹57,876",1*,"₹50,00,000*",3025,-,-,-,-,-,531(1),627(1),-,-,-,-,-
KER Self Fin. Seats,SM,Kerala,"KMCT Med Coll, Kozhikode",RADIO DIAGNOSIS,"₹18,49,748*","₹53,000",0,₹0,790,544(1),544(1),968(1),-,-,632(1),632(1),-,-,-,-,-
KER Govt Quota,EW,Kerala,"Govt Med Coll, Kozhikode",OBG,"₹69,470*","₹57,876",1*,"₹50,00,000*",3025,-,-,-,-,-,648(1),648(1),-,-,-,-,-
KER Govt Quota,SC,Kerala,"Medical College, Trivandrum",DERMATOLOGY,"₹69,470*","₹57,876",1*,"₹50,00,000*",2126,380(1),380(1),380(1),-,-,651(1),651(1),-,-,-,-,-
KER Govt Quota,LA,Kerala,"Govt Med Coll, Kozhikode",GENERAL SURGERY,"₹69,470*","₹57,876",1*,"₹50,00,000*",3025,-,-,-,-,-,463(1),663(1),-,-,-,-,-
KER Self Fin. Seats,SM,Kerala,"Malankara Orthodox, Kolechery",RADIO DIAGNOSIS,"₹18,49,748*","₹53,000",0,₹0,1110,571(1),571(1),571(1),-,-,517(1),671(1),-,-,-,-,-
KER Govt Quota,BH,Kerala,"Govt Med Coll, Kottayam",GENERAL SURGERY,"₹69,470*","₹57,876",1*,"₹50,00,000*",Info Not Available,-,-,-,-,-,679(1),679(1),-,-,-,-,-
KER Govt Quota,SM,Kerala,"Govt Med Coll, Kozhikode",ENT,"₹69,470*","₹57,876",1*,"₹50,00,000*",3025,445(1),993(1),1071(1),-,-,246(1),693(1),-,-,-,-,-
KER Govt Quota,SM,Kerala,"Govt Med Coll, Kottayam",OBG,"₹69,470*","₹57,876",1*,"₹50,00,000*",Info Not Available,237(3),468(3),468(3),-,-,525(2),705(2),-,-,-,-,-
KER Self Fin. Seats,SM,Kerala,"SreeUthradomThirunal,Trivandrum",RADIO DIAGNOSIS,"₹18,49,748*","₹53,000",0,₹0,-,-,-,-,-,-,694(1),712(1),-,-,-,-,-
KER Self Fin. Seats,SM,Kerala,"Sree Gokulam, Trivandrum",DERMATOLOGY,"₹17,49,006*","₹53,000",0,₹0,760,643(1),643(1),643(1),-,-,717(1),717(1),-,-,-,-,-
KER Govt Quota,EZ,Kerala,"Medical College, Trivandrum",OBG,"₹69,470*","₹57,876",1*,"₹50,00,000*",2126,575(2),575(2),575(2),-,-,738(1),738(1),-,-,-,-,-
KER Govt Quota,SM,Kerala,"Govt Med Coll, Kozhikode",PMR,"₹69,470*","₹57,876",1*,"₹50,00,000*",3025,353(1),354(1),354(1),-,-,482(2),740(2),-,-,-,-,-
KER Govt Quota,EZ,Kerala,"Govt Med Coll, Kozhikode",PSYCHIATRY,"₹69,470*","₹57,876",1*,"₹50,00,000*",3025,-,-,-,-,-,754(1),754(1),-,-,-,-,-
KER Self Fin. Seats,BH,Kerala,"Amala IMS, Thrissur",DERMATOLOGY,"₹18,49,748*","₹53,000",0,₹0,640,304(1),304(1),304(1),-,-,758(1),758(1),-,-,-,-,-
KER Govt Quota,BX,Kerala,"TD Med Coll, Allepey",PAEDIATRICS,"₹69,470*","₹57,876",1*,"₹50,00,000*",1050,-,-,-,-,-,786(1),786(1),-,-,-,-,-
KER Govt Quota,KU,Kerala,"Govt Med Coll, Kozhikode",RADIO DIAGNOSIS,"₹69,470*","₹57,876",1*,"₹50,00,000*",3025,-,-,-,-,-,790(1),790(1),-,-,-,-,-
KER Self Fin. Seats,AC,Kerala,"Amala IMS, Thrissur",DERMATOLOGY,"₹18,49,748*","₹53,000",0,₹0,640,149(1),231(1),231(1),-,-,812(2),812(2),-,-,-,-,-
KER Self Fin. Seats,BH,Kerala,"Believers Church, Thiruvalla",RADIO DIAGNOSIS,"₹18,49,748*","₹53,000",0,₹0,750,-,-,-,-,-,-,816(1),-,-,-,-,-
KER Govt Quota,EZ,Kerala,"Govt Med Coll, Kozhikode",PMR,"₹69,470*","₹57,876",1*,"₹50,00,000*",3025,1056(1),1056(1),1056(1),-,-,822(1),822(1),-,-,-,-,-
KER Govt Quota,BH,Kerala,"Govt Med Coll, Thrissur",ORTHOPAEDICS,"₹69,470*","₹57,876",1*,"₹50,00,000*",1400,-,-,-,-,-,832(1),832(1),-,-,-,-,-
KER Govt Quota,BH,Kerala,"Medical College, Trivandrum",GENERAL SURGERY,"₹69,470*","₹57,876",1*,"₹50,00,000*",2126,-,-,-,-,-,765(1),836(1),-,-,-,-,-
KER Govt Quota,EW,Kerala,"Medical College, Trivandrum",OBG,"₹69,470*","₹57,876",1*,"₹50,00,000*",2126,528(2),528(2),1531(2),-,-,837(1),837(1),-,-,-,-,-
KER Govt Quota,EZ,Kerala,"Medical College, Trivandrum",EMERGENCY MEDICINE,"₹69,470*","₹57,876",1*,"₹50,00,000*",2126,-,-,-,-,-,848(1),848(1),-,-,-,-,-
KER Self Fin. Seats,SM,Kerala,"MES Med Coll, Malappuram",DERMATOLOGY,"₹18,49,748*","₹53,000",1*,"₹10,00,000*",680,545(1),545(1),545(1),-,-,425(1),850(1),-,-,-,-,-
KER Self Fin. Seats,AC,Kerala,"Dr Somervel Mem, Karakonam",RADIO DIAGNOSIS,"₹18,49,748*","₹53,000",0,₹0,695,968(1),968(1),1174(1),2051(1),-,862(1),862(1),-,-,-,-,-
KER Self Fin. Seats,SM,Kerala,"Malabar Med Coll, Kozhikode",RADIO DIAGNOSIS,"₹18,49,748*","₹53,000",1,"₹20,00,000",720,-,-,-,-,-,671(1),869(1),-,-,-,-,-
KER Govt Quota,EW,Kerala,"Medical College, Trivandrum",GENERAL SURGERY,"₹69,470*","₹57,876",1*,"₹50,00,000*",2126,488(1),650(1),1492(1),-,-,870(2),870(2),-,-,-,-,-
KER Self Fin. Seats,SM,Kerala,"Amala IMS, Thrissur",PAEDIATRICS,"₹18,49,748*","₹53,000",0,₹0,640,672(2),764(2),764(2),-,-,888(1),888(1),-,-,-,-,-
KER Self Fin. Seats,SM,Kerala,"Travancore Med Coll, Kollam",RADIO DIAGNOSIS,"₹18,49,748*","₹50,000",0*,₹0*,750,-,-,-,-,-,712(1),897(1),-,-,-,-,-
KER Self Fin. Seats,SM,Kerala,"DM Wayanad IMS, Wayanad",RADIO DIAGNOSIS,"₹18,49,748*","₹53,000",0,₹0,700,848(1),848(1),848(1),-,-,869(1),904(1),-,-,-,-,-
KER Self Fin. Seats,SM,Kerala,"SreeUthradomThirunal,Trivandrum",DERMATOLOGY,"₹18,49,748*","₹53,000",0,₹0,-,-,-,737(1),-,-,867(1),908(1),-,-,-,-,-
KER Govt Quota,SM,Kerala,"Govt Med Coll, Kottayam",PSYCHIATRY,"₹69,470*","₹57,876",1*,"₹50,00,000*",Info Not Available,-,-,-,-,-,93(1),911(1),-,-,-,-,-
KER Govt Quota,SC,Kerala,"Medical College, Trivandrum",RADIO DIAGNOSIS,"₹69,470*","₹57,876",1*,"₹50,00,000*",2126,-,-,-,-,-,914(1),914(1),-,-,-,-,-
KER Govt Quota,SM,Kerala,"Govt Med Coll, Kottayam",ANAESTHESIOLOGY,"₹69,470*","₹57,876",1*,"₹50,00,000*",Info Not Available,827(4),853(4),853(4),-,-,746(4),922(4),-,-,-,-,-
KER Govt Quota,SM,Kerala,"Govt Med Coll, Kottayam",ENT,"₹69,470*","₹57,876",1*,"₹50,00,000*",Info Not Available,562(1),1054(1),1077(1),-,-,467(1),936(1),-,-,-,-,-
KER Govt Quota,SM,Kerala,"Govt Med Coll, Thrissur",ENT,"₹69,470*","₹57,876",1*,"₹50,00,000*",1400,-,-,-,-,-,558(1),954(1),-,-,-,-,-
KER Govt Quota,EZ,Kerala,"Medical College, Trivandrum",ANAESTHESIOLOGY,"₹69,470*","₹57,876",1*,"₹50,00,000*",2126,882(1),1001(1),1079(1),-,-,945(1),960(1),-,-,-,-,-
KER Govt Quota,EW,Kerala,"Govt Med Coll, Kottayam",ANAESTHESIOLOGY,"₹69,470*","₹57,876",1*,"₹50,00,000*",Info Not Available,969(1),969(1),969(1),-,-,964(1),964(1),-,-,-,-,-
KER Self Fin. Seats,SM,Kerala,"Jubilee Mission, Thrissur",OBG,"₹18,49,748*","₹53,000",0,₹0,1450,934(2),934(2),934(2),1909(1),-,989(2),989(2),-,-,-,-,-
KER Govt Quota,SM,Kerala,"TD Med Coll, Allepey",PSYCHIATRY,"₹69,470*","₹57,876",1*,"₹50,00,000*",1050,-,-,-,-,-,498(1),999(1),-,-,-,-,-
KER Self Fin. Seats,MM,Kerala,"Travancore Med Coll, Kollam",RADIO DIAGNOSIS,"₹18,49,748*","₹50,000",0*,₹0*,750,-,-,-,-,-,1001(1),1001(1),-,-,-,-,-
KER Self Fin. Seats,MM,Kerala,"Azeezia IMS, Kollam",RADIO DIAGNOSIS,"₹18,49,748*","₹53,000",0,₹0,540,1210(1),1210(1),1210(1),-,-,1002(1),1002(1),-,-,-,-,-
KER Govt Quota,KU,Kerala,"Govt Med Coll, Thrissur",ORTHOPAEDICS,"₹69,470*","₹57,876",1*,"₹50,00,000*",1400,-,-,-,-,-,1028(1),1028(1),-,-,-,-,-
KER Govt Quota,SM,Kerala,"Govt Med Coll, Thrissur",OPHTHALMOLOGY,"₹69,470*","₹57,876",1*,"₹50,00,000*",1400,811(2),941(2),1255(2),-,-,907(1),1039(1),-,-,-,-,-
KER Self Fin. Seats,SM,Kerala,"Believers Church, Thiruvalla",GENERAL MEDICINE,"₹18,49,748*","₹53,000",0,₹0,750,-,-,-,-,-,505(1),1051(1),-,-,-,-,-
KER Self Fin. Seats,SC,Kerala,"Jubilee Mission, Thrissur",DERMATOLOGY,"₹18,49,748*","₹53,000",0,₹0,1450,-,-,-,-,-,1057(1),1057(1),-,-,-,-,-
KER Govt Quota,BX,Kerala,"Govt Med Coll, Kozhikode",EMERGENCY MEDICINE,"₹69,470*","₹57,876",1*,"₹50,00,000*",3025,-,-,-,-,-,-,1061(1),-,-,-,-,-
KER Self Fin. Seats,AC,Kerala,"Dr Somervel Mem, Karakonam",DERMATOLOGY,"₹18,49,748*","₹53,000",0,₹0,695,634(1),1615(1),1615(1),-,-,1072(1),1072(1),-,-,-,-,-
KER Govt Quota,KU,Kerala,"Medical College, Trivandrum",PAEDIATRICS,"₹69,470*","₹57,876",1*,"₹50,00,000*",2126,-,-,-,-,-,1084(1),1084(1),-,-,-,-,-
KER Self Fin. Seats,AC,Kerala,"Jubilee Mission, Thrissur",PAEDIATRICS,"₹18,49,748*","₹53,000",0,₹0,1450,1261(1),1261(1),1261(1),-,-,1087(1),1087(1),-,-,-,-,-
KER Govt Quota,SM,Kerala,"RCC, Thiruvananthapuram",ANAESTHESIOLOGY,"₹3,00,000*","₹57,876",1*,"₹50,00,000*",432,929(1),1146(1),1186(1),1857(1),-,895(1),1101(1),-,-,-,-,-
KER Self Fin. Seats,BH,Kerala,"Amala IMS, Thrissur",PAEDIATRICS,"₹18,49,748*","₹53,000",0,₹0,640,-,-,-,-,-,1019(1),1105(1),-,-,-,-,-
KER Govt Quota,LA,Kerala,"Govt Med Coll, Kottayam",OBG,"₹69,470*","₹57,876",1*,"₹50,00,000*",Info Not Available,-,-,-,-,-,1156(1),1156(1),-,-,-,-,-
KER Govt Quota,MU,Kerala,"Govt Med Coll, Thrissur",OPHTHALMOLOGY,"₹69,470*","₹57,876",1*,"₹50,00,000*",1400,-,-,-,-,-,958(1),1163(1),-,-,-,-,-
KER Govt Quota,BH,Kerala,"Medical College, Trivandrum",OBG,"₹69,470*","₹57,876",1*,"₹50,00,000*",2126,542(1),542(1),542(1),-,-,836(1),1174(1),-,-,-,-,-
KER Govt Quota,EZ,Kerala,"Govt Med Coll, Kottayam",ANAESTHESIOLOGY,"₹69,470*","₹57,876",1*,"₹50,00,000*",Info Not Available,-,-,-,-,-,955(1),1182(1),-,-,-,-,-
KER Self Fin. Seats,MM,Kerala,"Travancore Med Coll, Kollam",PAEDIATRICS,"₹18,49,748*","₹50,000",0*,₹0*,750,1717(1),1717(1),1717(1),-,-,1185(1),1185(1),-,-,-,-,-
KER Self Fin. Seats,EZ,Kerala,"Sree Gokulam, Trivandrum",GENERAL MEDICINE,"₹17,49,006*","₹53,000",0,₹0,760,1367(1),1547(1),1547(1),-,-,897(1),1188(1),-,-,-,-,-
KER Self Fin. Seats,SM,Kerala,"Malabar Med Coll, Kozhikode",GENERAL MEDICINE,"₹18,49,748*","₹53,000",1,"₹20,00,000",720,1097(2),1097(2),1097(2),-,-,1051(2),1196(2),-,-,-,-,-
KER Self Fin. Seats,MM,Kerala,"Travancore Med Coll, Kollam",DERMATOLOGY,"₹18,49,748*","₹50,000",0*,₹0*,750,1058(1),1058(1),1058(1),-,-,749(1),1234(1),-,-,-,-,-
KER Govt Quota,EW,Kerala,"Govt Med Coll, Kozhikode",OPHTHALMOLOGY,"₹69,470*","₹57,876",1*,"₹50,00,000*",3025,1314(1),1361(1),1361(1),-,-,1244(1),1244(1),-,-,-,-,-
KER Self Fin. Seats,AC,Kerala,"Amala IMS, Thrissur",PAEDIATRICS,"₹18,49,748*","₹53,000",0,₹0,640,1444(2),1701(2),1701(2),-,-,1275(2),1275(2),-,-,-,-,-
KER Self Fin. Seats,SM,Kerala,"Malankara Orthodox, Kolechery",PAEDIATRICS,"₹18,49,748*","₹53,000",0,₹0,1110,825(1),1043(1),1043(1),-,-,1196(2),1328(2),-,-,-,-,-
KER Govt Quota,EZ,Kerala,"Govt Med Coll, Kottayam",ENT,"₹69,470*","₹57,876",1*,"₹50,00,000*",Info Not Available,-,-,-,-,-,690(1),1330(1),-,-,-,-,-
KER Govt Quota,BH,Kerala,"TD Med Coll, Allepey",OBG,"₹69,470*","₹57,876",1*,"₹50,00,000*",1050,738(1),807(1),807(1),-,-,1100(1),1351(1),-,-,-,-,-
KER Self Fin. Seats,SM,Kerala,"PK Das IMS, Palakkad",GENERAL MEDICINE,"₹17,61,665*","₹53,000",1*,"₹10,00,000*",750,795(1),1326(1),1542(1),-,-,1188(1),1352(1),-,-,-,-,-
KER Self Fin. Seats,KU,Kerala,"KMCT Med Coll, Kozhikode",DERMATOLOGY,"₹18,49,748*","₹53,000",0,₹0,790,-,-,-,-,-,-,1361(1),-,-,-,-,-
KER Govt Quota,EW,Kerala,"Medical College, Trivandrum",PSYCHIATRY,"₹69,470*","₹57,876",1*,"₹50,00,000*",2126,-,-,-,-,-,1395(1),1395(1),-,-,-,-,-
KER Govt Quota,BH,Kerala,"Govt Med Coll, Thrissur",ANAESTHESIOLOGY,"₹69,470*","₹57,876",1*,"₹50,00,000*",1400,-,-,-,-,-,1396(1),1396(1),-,-,-,-,-
KER Self Fin. Seats,SM,Kerala,"Jubilee Mission, Thrissur",GENERAL SURGERY,"₹18,49,748*","₹53,000",0,₹0,1450,1266(1),1266(1),1266(1),-,-,1322(1),1399(1),-,-,-,-,-
KER Self Fin. Seats,AC,Kerala,"Jubilee Mission, Thrissur",OBG,"₹18,49,748*","₹53,000",0,₹0,1450,1313(1),1313(1),1313(1),-,-,1401(1),1403(1),-,-,-,-,-
KER Self Fin. Seats,SC,Kerala,"Dr Somervel Mem, Karakonam",RADIO DIAGNOSIS,"₹18,49,748*","₹53,000",0,₹0,695,-,-,-,-,-,1422(1),1422(1),-,-,-,-,-
KER Self Fin. Seats,SM,Kerala,"Mount Zion, Pathanamthitta",GENERAL MEDICINE,"₹18,49,748*","₹53,000",0,₹0,604,-,-,-,-,-,1280(2),1428(2),-,-,-,-,-
KER Govt Quota,BX,Kerala,"Govt Med Coll, Ernakulam",PSYCHIATRY,"₹69,470*","₹57,876",1*,"₹50,00,000*",700,-,-,-,-,-,1433(1),1433(1),-,-,-,-,-
KER Self Fin. Seats,LA,Kerala,"Sree Gokulam, Trivandrum",RADIO DIAGNOSIS,"₹17,49,006*","₹53,000",0,₹0,760,-,-,-,-,-,1358(1),1463(1),-,-,-,-,-
KER Govt Quota,SM,Kerala,"Medical College, Trivandrum",RADIATION ONCOLOGY,"₹69,470*","₹57,876",1*,"₹50,00,000*",2126,-,-,-,-,-,1204(2),1466(2),-,-,-,-,-
KER Self Fin. Seats,BH,Kerala,"Malankara Orthodox, Kolechery",PAEDIATRICS,"₹18,49,748*","₹53,000",0,₹0,1110,-,-,-,-,-,1328(1),1487(1),-,-,-,-,-
KER Govt Quota,SC,Kerala,"Govt Med Coll, Kozhikode",GENERAL MEDICINE,"₹69,470*","₹57,876",1*,"₹50,00,000*",3025,1011(1),1011(1),1011(1),-,-,530(1),1496(1),-,-,-,-,-
KER Govt Quota,MQ Serv,Kerala,"Govt Med Coll, Kozhikode",RADIATION ONCOLOGY,"₹69,470*","₹57,876",1*,"₹50,00,000*",3025,-,-,-,-,-,1501(1),1501(1),-,-,-,-,-
KER Self Fin. Seats,BH,Kerala,"Travancore Med Coll, Kollam",GENERAL MEDICINE,"₹18,49,748*","₹50,000",0*,₹0*,750,-,-,-,-,-,1090(1),1517(1),-,-,-,-,-
KER Govt Quota,SC,Kerala,"Medical College, Trivandrum",PAEDIATRICS,"₹69,470*","₹57,876",1*,"₹50,00,000*",2126,1289(1),1289(1),1919(1),2314(1),-,1525(1),1525(1),-,-,-,-,-
KER Self Fin. Seats,SM,Kerala,"Malabar Med Coll, Kozhikode",PAEDIATRICS,"₹18,49,748*","₹53,000",1,"₹20,00,000",720,1489(2),1489(2),1489(2),-,-,1403(2),1530(2),-,-,-,-,-
KER SF NRI Seats,NR,Kerala,"Amala IMS, Thrissur",DERMATOLOGY,"₹38,86,680*","₹53,000",0,₹0,640,1722(1),1722(1),1722(1),-,-,1539(1),1539(1),-,-,-,-,-
KER Self Fin. Seats,MU,Kerala,"Sree Gokulam, Trivandrum",PAEDIATRICS,"₹17,49,006*","₹53,000",0,₹0,760,-,-,-,-,-,1566(1),1566(1),-,-,-,-,-
KER Self Fin. Seats,SM,Kerala,"Dr Somervel Mem, Karakonam",PAEDIATRICS,"₹18,49,748*","₹53,000",0,₹0,695,1022(1),1022(1),1022(1),-,-,1481(2),1571(2),-,-,-,-,-
KER Self Fin. Seats,SM,Kerala,"Amala IMS, Thrissur",GENERAL SURGERY,"₹18,49,748*","₹53,000",0,₹0,640,-,-,-,-,-,1591(2),1591(2),-,-,-,-,-
KER SF NRI Seats,NR,Kerala,"Malankara Orthodox, Kolechery",RADIO DIAGNOSIS,"₹38,86,680*","₹53,000",0,₹0,1110,2381(1),2381(1),2381(1),-,-,1593(1),1593(1),-,-,-,-,-
KER Self Fin. Seats,BH,Kerala,"Malabar Med Coll, Kozhikode",GENERAL MEDICINE,"₹18,49,748*","₹53,000",1,"₹20,00,000",720,-,-,-,-,-,1352(1),1603(1),-,-,-,-,-
KER Self Fin. Seats,SM,Kerala,"Believers Church, Thiruvalla",GENERAL SURGERY,"₹18,49,748*","₹53,000",0,₹0,750,-,-,-,-,-,-,1614(1),-,-,-,-,-
KER Govt Quota,EW,Kerala,"TD Med Coll, Allepey",RADIATION ONCOLOGY,"₹69,470*","₹57,876",1*,"₹50,00,000*",1050,-,-,-,-,-,1624(1),1624(1),-,-,-,-,-
KER Self Fin. Seats,MM,Kerala,"Travancore Med Coll, Kollam",GENERAL MEDICINE,"₹18,49,748*","₹50,000",0*,₹0*,750,1238(2),1238(2),1238(2),-,-,1382(1),1631(1),-,-,-,-,-
KER Govt Quota,KU,Kerala,"Medical College, Trivandrum",OPHTHALMOLOGY,"₹69,470*","₹57,876",1*,"₹50,00,000*",2126,-,-,-,-,-,1648(1),1648(1),-,-,-,-,-
KER Self Fin. Seats,BH,Kerala,"Malabar Med Coll, Kozhikode",TBRD,"₹18,49,748*","₹53,000",1,"₹20,00,000",720,-,-,-,-,-,1663(1),1663(1),-,-,-,-,-
KER Govt Quota,EW,Kerala,"Govt Med Coll, Thrissur",OPHTHALMOLOGY,"₹69,470*","₹57,876",1*,"₹50,00,000*",1400,-,-,-,-,-,1670(1),1670(1),-,-,-,-,-
KER Self Fin. Seats,AC,Kerala,"Malankara Orthodox, Kolechery",GENERAL SURGERY,"₹18,49,748*","₹53,000",0,₹0,1110,1694(1),2039(1),2039(1),-,-,1687(1),1687(1),-,-,-,-,-
KER Self Fin. Seats,SM,Kerala,"Jubilee Mission, Thrissur",PSYCHIATRY,"₹18,49,748*","₹53,000",0,₹0,1450,-,-,-,-,-,1699(1),1699(1),-,-,-,-,-
KER Self Fin. Seats,SC,Kerala,"DM Wayanad IMS, Wayanad",RADIO DIAGNOSIS,"₹18,49,748*","₹53,000",0,₹0,700,-,-,-,-,-,1341(1),1705(1),-,-,-,-,-
KER Self Fin. Seats,AC,Kerala,"Amala IMS, Thrissur",EMERGENCY MEDICINE,"₹18,49,748*","₹53,000",0,₹0,640,-,-,-,-,-,1708(1),1708(1),-,-,-,-,-
KER Govt Quota,EW,Kerala,"Govt Med Coll, Kozhikode",ENT,"₹69,470*","₹57,876",1*,"₹50,00,000*",3025,-,-,-,-,-,1712(1),1712(1),-,-,-,-,-
KER Self Fin. Seats,AC,Kerala,"Dr Somervel Mem, Karakonam",PAEDIATRICS,"₹18,49,748*","₹53,000",0,₹0,695,1980(2),1980(2),1980(2),-,-,1601(1),1718(1),-,-,-,-,-
KER Self Fin. Seats,BH,Kerala,"KMCT Med Coll, Kozhikode",GENERAL MEDICINE,"₹18,49,748*","₹53,000",0,₹0,790,-,-,-,-,-,-,1719(1),-,-,-,-,-
KER Govt Quota,LA,Kerala,"Medical College, Trivandrum",PSYCHIATRY,"₹69,470*","₹57,876",1*,"₹50,00,000*",2126,-,-,-,-,-,1724(1),1724(1),-,-,-,-,-
KER SF NRI Seats,NR,Kerala,"Jubilee Mission, Thrissur",GENERAL MEDICINE,"₹38,86,680*","₹53,000",0,₹0,1450,1795(1),2960(1),2960(1),-,-,1732(1),1732(1),-,-,-,-,-
KER Self Fin. Seats,BH,Kerala,"SreeUthradomThirunal,Trivandrum",GENERAL MEDICINE,"₹18,49,748*","₹53,000",0,₹0,-,1364(1),1364(1),1364(1),-,-,1487(1),1745(1),-,-,-,-,-
KER Govt Quota,SC,Kerala,"Govt Med Coll, Kozhikode",ANAESTHESIOLOGY,"₹69,470*","₹57,876",1*,"₹50,00,000*",3025,1613(1),2328(1),2562(1),-,-,1761(1),1761(1),-,-,-,-,-
KER Self Fin. Seats,SM,Kerala,"Travancore Med Coll, Kollam",EMERGENCY MEDICINE,"₹18,49,748*","₹50,000",0*,₹0*,750,1755(1),2349(1),2349(1),-,-,1773(1),1773(1),-,-,-,-,-
KER Govt Quota,BH,Kerala,"RCC, Thiruvananthapuram",RADIATION ONCOLOGY,"₹3,00,000*","₹57,876",1*,"₹50,00,000*",432,-,-,-,-,-,1775(1),1775(1),-,-,-,-,-
KER Self Fin. Seats,SM,Kerala,"MES Med Coll, Malappuram",TBRD,"₹18,49,748*","₹53,000",1*,"₹10,00,000*",680,1285(1),1285(1),1285(1),-,-,850(1),1784(1),-,-,-,-,-
KER Self Fin. Seats,EZ,Kerala,"MES Med Coll, Malappuram",PAEDIATRICS,"₹18,49,748*","₹53,000",1*,"₹10,00,000*",680,-,-,-,-,-,1368(1),1786(1),-,-,-,-,-
KER SF NRI Seats,NR,Kerala,"Amala IMS, Thrissur",RADIO DIAGNOSIS,"₹38,86,680*","₹53,000",0,₹0,640,1453(2),1453(2),1453(2),-,-,1515(2),1799(2),-,-,-,-,-
KER Govt Quota,SM,Kerala,"Govt Med Coll, Kottayam",PATHOLOGY,"₹69,470*","₹57,876",1*,"₹50,00,000*",Info Not Available,1974(3),2306(3),2306(3),-,-,1652(2),1809(2),-,-,-,-,-
KER Govt Quota,SC,Kerala,"Govt Med Coll, Thrissur",TBRD,"₹69,470*","₹57,876",1*,"₹50,00,000*",1400,-,-,-,-,-,1812(1),1812(1),-,-,-,-,-
KER Self Fin. Seats,SM,Kerala,"KMCT Med Coll, Kozhikode",TBRD,"₹18,49,748*","₹53,000",0,₹0,790,1326(1),1706(1),1706(1),-,-,1392(1),1817(2),-,-,-,-,-
KER Govt Quota,EW,Kerala,"Medical College, Trivandrum",PMR,"₹69,470*","₹57,876",1*,"₹50,00,000*",2126,1388(1),1388(1),1388(1),-,-,1857(1),1857(1),-,-,-,-,-
KER Govt Quota,SC,Kerala,"Medical College, Trivandrum",ORTHOPAEDICS,"₹69,470*","₹57,876",1*,"₹50,00,000*",2126,2093(1),2093(1),2141(1),2902(1),-,1870(1),1870(1),-,-,-,-,-
KER Govt Quota,LA,Kerala,"Medical College, Trivandrum",OPHTHALMOLOGY,"₹69,470*","₹57,876",1*,"₹50,00,000*",2126,-,-,-,-,-,1874(1),1874(1),-,-,-,-,-
KER Self Fin. Seats,MU,Kerala,"DM Wayanad IMS, Wayanad",GENERAL MEDICINE,"₹18,49,748*","₹53,000",0,₹0,700,-,-,-,-,-,1234(1),1881(1),-,-,-,-,-
KER Self Fin. Seats,SM,Kerala,"Jubilee Mission, Thrissur",ENT,"₹18,49,748*","₹53,000",0,₹0,1450,-,-,-,-,-,1093(1),1887(1),-,-,-,-,-
KER Govt Quota,LA,Kerala,"Govt Med Coll, Thrissur",ANAESTHESIOLOGY,"₹69,470*","₹57,876",1*,"₹50,00,000*",1400,-,-,-,-,-,1248(1),1897(1),-,-,-,-,-
KER Govt Quota,SM,Kerala,"TD Med Coll, Allepey",ENT,"₹69,470*","₹57,876",1*,"₹50,00,000*",1050,-,-,-,-,-,-,-,-,1903(1),-,-,-
KER Govt Quota,HQ Serv,Kerala,"Govt Med Coll, Kozhikode",GENERAL MEDICINE,"₹69,470*","₹57,876",1*,"₹50,00,000*",3025,-,1367(1),1367(1),-,-,1904(1),1904(1),-,-,-,-,-
KER Self Fin. Seats,MU,Kerala,"Malankara Orthodox, Kolechery",OBG,"₹18,49,748*","₹53,000",0,₹0,1110,-,-,-,-,-,1917(1),1917(1),-,-,-,-,-
KER Self Fin. Seats,LA,Kerala,"MES Med Coll, Malappuram",GENERAL MEDICINE,"₹18,49,748*","₹53,000",1*,"₹10,00,000*",680,-,-,-,-,-,1927(1),1927(1),-,-,-,-,-
KER Govt Quota,SC,Kerala,"Govt Med Coll, Thrissur",GENERAL SURGERY,"₹69,470*","₹57,876",1*,"₹50,00,000*",1400,-,-,-,-,-,1940(1),1940(1),-,-,-,-,-
KER Self Fin. Seats,MM,Kerala,"Azeezia IMS, Kollam",GENERAL MEDICINE,"₹18,49,748*","₹53,000",0,₹0,540,1533(1),1795(1),1795(1),-,-,1881(1),1944(1),-,-,-,-,-
KER Self Fin. Seats,AC,Kerala,"Pushpagiri IMS, Tiruvalla",TBRD,"₹18,49,748*","₹43,000",0,₹0,955,1583(1),1583(1),1583(1),-,-,1664(2),1946(2),-,-,-,-,-
KER Self Fin. Seats,MM,Kerala,"Travancore Med Coll, Kollam",TBRD,"₹18,49,748*","₹50,000",0*,₹0*,750,1869(1),1869(1),1869(1),-,-,1964(1),1964(1),-,-,-,-,-
KER Self Fin. Seats,AC,Kerala,"Amala IMS, Thrissur",OBG,"₹18,49,748*","₹53,000",0,₹0,640,2415(1),2415(1),2415(1),-,-,997(1),1975(1),-,-,-,-,-
KER Self Fin. Seats,MU,Kerala,"KMCT Med Coll, Kozhikode",PAEDIATRICS,"₹18,49,748*","₹53,000",0,₹0,790,-,-,-,-,-,-,1983(1),-,-,-,-,-
KER Self Fin. Seats,MM,Kerala,"Azeezia IMS, Kollam",PAEDIATRICS,"₹18,49,748*","₹53,000",0,₹0,540,-,-,-,-,-,1915(1),1989(1),-,-,-,-,-
KER Govt Quota,HQ Serv,Kerala,"Govt Med Coll, Manjeri",DERMATOLOGY,"₹69,470*","₹57,876",1*,"₹50,00,000*",500,-,-,-,-,-,627(1),2010(1),-,-,-,-,-
KER SF NRI Seats,NR,Kerala,"Malabar Med Coll, Kozhikode",RADIO DIAGNOSIS,"₹38,86,680*","₹53,000",1,"₹20,00,000",720,2508(2),2723(2),2723(2),-,-,2014(1),2014(1),-,-,-,-,-
KER Self Fin. Seats,AC,Kerala,"Pushpagiri IMS, Tiruvalla",OBG,"₹18,49,748*","₹43,000",0,₹0,955,2203(1),2203(1),2203(1),-,-,2021(1),2021(1),-,-,-,-,-
KER Self Fin. Seats,SM,Kerala,"Sree Gokulam, Trivandrum",GENERAL SURGERY,"₹17,49,006*","₹53,000",0,₹0,760,2250(4),2624(4),2624(4),-,-,1932(3),2038(3),-,-,-,-,-
KER Self Fin. Seats,EZ,Kerala,"Malabar Med Coll, Kozhikode",PAEDIATRICS,"₹18,49,748*","₹53,000",1,"₹20,00,000",720,2408(1),2408(1),2408(1),-,-,1562(1),2051(1),-,-,-,-,-
KER Govt Quota,HQ Serv,Kerala,"Govt Med Coll, Thrissur",RADIO DIAGNOSIS,"₹69,470*","₹57,876",1*,"₹50,00,000*",1400,-,-,-,-,-,2080(2),2080(2),-,-,-,-,-
KER Self Fin. Seats,SM,Kerala,"DM Wayanad IMS, Wayanad",OBG,"₹18,49,748*","₹53,000",0,₹0,700,1856(1),2726(1),2726(1),-,-,2075(1),2081(1),-,-,-,-,-
KER Govt Quota,ST,Kerala,"Govt Med Coll, Kozhikode",DERMATOLOGY,"₹69,470*","₹57,876",1*,"₹50,00,000*",3025,-,-,-,-,-,2084(1),2084(1),-,-,-,-,-
KER Self Fin. Seats,BH,Kerala,"Malankara Orthodox, Kolechery",GENERAL SURGERY,"₹18,49,748*","₹53,000",0,₹0,1110,-,-,-,-,-,2091(1),2091(1),-,-,-,-,-
KER Govt Quota,SC,Kerala,"Medical College, Trivandrum",OPHTHALMOLOGY,"₹69,470*","₹57,876",1*,"₹50,00,000*",2126,1883(1),2461(1),2461(1),-,-,2100(1),2100(1),-,-,-,-,-
KER Self Fin. Seats,AC,Kerala,"Jubilee Mission, Thrissur",ENT,"₹18,49,748*","₹53,000",0,₹0,1450,1843(1),3458(1),2532(1),-,-,2125(1),2125(1),-,-,-,-,-
KER Govt Quota,HQ Serv,Kerala,"Govt Med Coll, Kottayam",GENERAL MEDICINE,"₹69,470*","₹57,876",1*,"₹50,00,000*",Info Not Available,-,-,-,-,-,2010(1),2146(1),-,-,-,-,-
KER Self Fin. Seats,SM,Kerala,"KMCT Med Coll, Kozhikode",GERIATRICS,"₹18,49,748*","₹53,000",0,₹0,790,-,-,-,-,-,-,2147(1),-,-,-,-,-
KER Govt Quota,SM,Kerala,"Govt Med Coll, Kozhikode",SPM,"₹69,470*","₹57,876",1*,"₹50,00,000*",3025,1105(1),1773(1),1773(1),-,-,1609(1),2148(1),-,-,-,-,-
KER Govt Quota,SC,Kerala,"Govt Med Coll, Kozhikode",ENT,"₹69,470*","₹57,876",1*,"₹50,00,000*",3025,1868(1),1956(1),2848(1),-,-,2155(1),2155(1),-,-,-,-,-
KER Self Fin. Seats,SM,Kerala,"Believers Church, Thiruvalla",OPHTHALMOLOGY,"₹18,49,748*","₹53,000",0,₹0,750,2403(1),2694(1),2003(1),-,-,1738(1),2158(1),-,-,-,-,-
KER Govt Quota,SC,Kerala,"TD Med Coll, Allepey",GENERAL SURGERY,"₹69,470*","₹57,876",1*,"₹50,00,000*",1050,-,-,-,-,-,2018(1),2165(1),-,-,-,-,-
KER Self Fin. Seats,SC,Kerala,"Malankara Orthodox, Kolechery",GENERAL MEDICINE,"₹18,49,748*","₹53,000",0,₹0,1110,2053(1),2053(1),2053(1),2647(1),-,1612(1),2169(1),-,-,-,-,-
KER Govt Quota,SC,Kerala,"Govt Med Coll, Kozhikode",GENERAL SURGERY,"₹69,470*","₹57,876",1*,"₹50,00,000*",3025,-,-,-,-,-,1796(1),2171(1),-,-,-,-,-
KER Self Fin. Seats,SM,Kerala,"Malabar Med Coll, Kozhikode",ORTHOPAEDICS,"₹18,49,748*","₹53,000",1,"₹20,00,000",720,1879(2),1879(2),2180(2),-,-,1885(2),2177(2),-,-,-,-,-
KER Self Fin. Seats,AC,Kerala,"Jubilee Mission, Thrissur",GENERAL SURGERY,"₹18,49,748*","₹53,000",0,₹0,1450,1683(1),1683(1),1683(1),-,-,2180(3),2180(3),-,-,-,-,-
KER Govt Quota,BX,Kerala,"Medical College, Trivandrum",OBG,"₹69,470*","₹57,876",1*,"₹50,00,000*",2126,-,-,-,-,-,2182(1),2182(1),-,-,-,-,-
KER Self Fin. Seats,MM,Kerala,"Travancore Med Coll, Kollam",OBG,"₹18,49,748*","₹50,000",0*,₹0*,750,2547(2),3590(2),3590(2),-,-,2202(1),2202(1),-,-,-,-,-
KER Govt Quota,MU,Kerala,"Medical College, Trivandrum",PATHOLOGY,"₹69,470*","₹57,876",1*,"₹50,00,000*",2126,-,-,-,-,-,2207(1),2207(1),-,-,-,-,-
KER Self Fin. Seats,AC,Kerala,"Malankara Orthodox, Kolechery",OBG,"₹18,49,748*","₹53,000",0,₹0,1110,2470(2),2470(2),2470(2),-,-,1975(2),2213(2),-,-,-,-,-
KER Self Fin. Seats,SM,Kerala,"MES Med Coll, Malappuram",OPHTHALMOLOGY,"₹18,49,748*","₹53,000",1*,"₹10,00,000*",680,1783(1),2766(1),2766(1),-,-,2147(1),2229(1),-,-,-,-,-
KER Self Fin. Seats,SM,Kerala,"Malabar Med Coll, Kozhikode",OPHTHALMOLOGY,"₹18,49,748*","₹53,000",1,"₹20,00,000",720,2642(1),3045(1),3045(3),3463(2),-,2233(1),2233(1),-,-,-,-,-
KER Self Fin. Seats,SC,Kerala,"MES Med Coll, Malappuram",PAEDIATRICS,"₹18,49,748*","₹53,000",1*,"₹10,00,000*",680,-,-,-,-,-,1742(1),2263(1),-,-,-,-,-
KER SF NRI Seats,NR,Kerala,"Sree Gokulam, Trivandrum",RADIO DIAGNOSIS,"₹38,86,680*","₹53,000",0,₹0,760,2029(1),2029(1),2029(1),-,-,1799(1),2273(1),-,-,-,-,-
KER Govt Quota,EZ,Kerala,"Medical College, Trivandrum",SPM,"₹69,470*","₹57,876",1*,"₹50,00,000*",2126,-,-,-,-,-,2274(1),2274(1),-,-,-,-,-
KER Govt Quota,SC,Kerala,"Govt Med Coll, Kottayam",ORTHOPAEDICS,"₹69,470*","₹57,876",1*,"₹50,00,000*",Info Not Available,-,-,-,-,-,1909(1),2275(1),-,-,-,-,-
KER SF NRI Seats,NR,Kerala,"Malabar Med Coll, Kozhikode",DERMATOLOGY,"₹38,86,680*","₹53,000",1,"₹20,00,000",720,2380(1),2380(1),2380(1),-,-,2293(1),2293(1),-,-,-,-,-
KER Govt Quota,IQ Serv,Kerala,"Govt Med Coll, Kottayam",DERMATOLOGY,"₹69,470*","₹57,876",1*,"₹50,00,000*",Info Not Available,-,-,-,-,-,2300(1),2300(1),-,-,-,-,-
KER Govt Quota,EZ,Kerala,"Govt Med Coll, Thrissur",PATHOLOGY,"₹69,470*","₹57,876",1*,"₹50,00,000*",1400,-,-,-,-,-,2304(1),2304(1),-,-,-,-,-
KER Self Fin. Seats,EZ,Kerala,"MES Med Coll, Malappuram",ORTHOPAEDICS,"₹18,49,748*","₹53,000",1*,"₹10,00,000*",680,-,-,-,-,-,2310(1),2310(1),-,-,-,-,-
KER SF NRI Seats,NC,Kerala,"Pushpagiri IMS, Tiruvalla",RADIO DIAGNOSIS,"₹38,86,680*","₹43,000",0,₹0,955,2367(2),2367(2),2367(2),-,-,2087(2),2314(2),-,-,-,-,-
KER Self Fin. Seats,SM,Kerala,"Travancore Med Coll, Kollam",GENERAL SURGERY,"₹18,49,748*","₹50,000",0*,₹0*,750,-,-,-,-,-,2334(1),2334(1),-,-,-,-,-
KER Self Fin. Seats,SM,Kerala,"Jubilee Mission, Thrissur",ANAESTHESIOLOGY,"₹18,49,748*","₹53,000",0,₹0,1450,1704(1),1704(1),1704(1),-,-,1811(2),2338(2),-,-,-,-,-
KER Govt Quota,SM,Kerala,"TD Med Coll, Allepey",SPM,"₹69,470*","₹57,876",1*,"₹50,00,000*",1050,-,-,-,-,-,1981(1),2353(1),-,-,-,-,-
KER Govt Quota,LA,Kerala,"TD Med Coll, Allepey",RADIATION ONCOLOGY,"₹69,470*","₹57,876",1*,"₹50,00,000*",1050,-,-,-,-,-,1346(1),2368(1),-,-,-,-,-
KER Self Fin. Seats,BH,Kerala,"Sree Gokulam, Trivandrum",GENERAL SURGERY,"₹17,49,006*","₹53,000",0,₹0,760,-,-,-,-,-,2373(1),2373(1),-,-,-,-,-
KER Govt Quota,EZ,Kerala,"Govt Med Coll, Kottayam",PATHOLOGY,"₹69,470*","₹57,876",1*,"₹50,00,000*",Info Not Available,-,-,-,-,-,2305(1),2376(1),-,-,-,-,-
KER Self Fin. Seats,SM,Kerala,"Pushpagiri IMS, Tiruvalla",GENERAL SURGERY,"₹18,49,748*","₹43,000",0,₹0,955,1433(1),1433(1),1433(1),-,-,1736(2),2382(2),-,-,-,-,-
KER Self Fin. Seats,AC,Kerala,"Believers Church, Thiruvalla",EMERGENCY MEDICINE,"₹18,49,748*","₹53,000",0,₹0,750,-,-,-,-,-,-,2385(1),-,-,-,-,-
KER Govt Quota,SC,Kerala,"Govt Med Coll, Kozhikode",OPHTHALMOLOGY,"₹69,470*","₹57,876",1*,"₹50,00,000*",3025,-,-,-,-,-,2141(1),2391(1),-,-,-,-,-
KER Self Fin. Seats,SM,Kerala,"Pushpagiri IMS, Tiruvalla",ANAESTHESIOLOGY,"₹18,49,748*","₹43,000",0,₹0,955,2101(3),2521(3),2521(3),2737(1),-,2209(2),2394(2),-,-,-,-,-
KER Govt Quota,SC,Kerala,"Govt Med Coll, Kozhikode",OBG,"₹69,470*","₹57,876",1*,"₹50,00,000*",3025,1561(1),1561(1),1561(1),-,-,2176(1),2402(1),-,-,-,-,-
KER Govt Quota,SC,Kerala,"Govt Med Coll, Kottayam",ENT,"₹69,470*","₹57,876",1*,"₹50,00,000*",Info Not Available,-,-,-,-,-,2345(1),2404(1),-,-,-,-,-
KER Self Fin. Seats,SM,Kerala,"Malabar Med Coll, Kozhikode",GENERAL SURGERY,"₹18,49,748*","₹53,000",1,"₹20,00,000",720,1563(1),1563(1),1563(1),-,-,2150(2),2416(2),-,-,-,-,-
KER Govt Quota,EW,Kerala,"Govt Med Coll, Kozhikode",PATHOLOGY,"₹69,470*","₹57,876",1*,"₹50,00,000*",3025,-,-,-,-,-,2417(1),2417(1),-,-,-,-,-
KER Self Fin. Seats,SM,Kerala,"DM Wayanad IMS, Wayanad",ORTHOPAEDICS,"₹18,49,748*","₹53,000",0,₹0,700,-,-,-,-,-,2031(1),2418(1),-,-,-,-,-
KER SF NRI Seats,NR,Kerala,"Travancore Med Coll, Kollam",DERMATOLOGY,"₹38,86,680*","₹50,000",0*,₹0*,750,2746(1),2746(1),2866(1),-,-,2427(1),2427(1),-,-,-,-,-
KER SF NRI Seats,NR,Kerala,"Malankara Orthodox, Kolechery",GENERAL MEDICINE,"₹38,86,680*","₹53,000",0,₹0,1110,2290(1),2290(1),2290(1),-,-,2429(1),2429(1),-,-,-,-,-
KER Govt Quota,EW,Kerala,"Medical College, Trivandrum",PATHOLOGY,"₹69,470*","₹57,876",1*,"₹50,00,000*",2126,1889(1),4417(1),4417(1),-,-,2437(1),2437(1),-,-,-,-,-
KER Self Fin. Seats,SM,Kerala,"Dr Somervel Mem, Karakonam",OBG,"₹18,49,748*","₹53,000",0,₹0,695,2153(1),2153(1),2153(1),-,-,1993(1),2440(1),-,-,-,-,-
KER Govt Quota,LA,Kerala,"Govt Med Coll, Kozhikode",PATHOLOGY,"₹69,470*","₹57,876",1*,"₹50,00,000*",3025,-,-,-,-,-,2372(1),2441(1),-,-,-,-,-
KER Self Fin. Seats,SM,Kerala,"MES Med Coll, Malappuram",PSYCHIATRY,"₹18,49,748*","₹53,000",1*,"₹10,00,000*",680,2312(1),2599(1),2599(1),-,-,2443(2),2443(2),-,-,-,-,-
KER Govt Quota,HQ Serv,Kerala,"Govt of Med Sci, Pariyaram",GENERAL MEDICINE,"₹69,470*","₹57,876",1*,"₹50,00,000*",1752,-,-,-,-,-,2448(1),2448(1),-,-,-,-,-
KER Self Fin. Seats,SC,Kerala,"DM Wayanad IMS, Wayanad",PAEDIATRICS,"₹18,49,748*","₹53,000",0,₹0,700,-,-,-,-,-,1871(1),2453(1),-,-,-,-,-
KER Self Fin. Seats,EZ,Kerala,"Travancore Med Coll, Kollam",OBG,"₹18,49,748*","₹50,000",0*,₹0*,750,-,-,-,-,-,2463(1),2463(1),-,-,-,-,-
KER Govt Quota,SC,Kerala,"Medical College, Trivandrum",OBG,"₹69,470*","₹57,876",1*,"₹50,00,000*",2126,1788(1),1919(1),2295(2),-,-,2171(1),2465(1),-,-,-,-,-
KER Self Fin. Seats,SM,Kerala,"Sree Gokulam, Trivandrum",OPHTHALMOLOGY,"₹17,49,006*","₹53,000",0,₹0,760,1785(2),2773(2),2552(2),-,-,2478(1),2478(1),-,-,-,-,-
KER Self Fin. Seats,SC,Kerala,"Jubilee Mission, Thrissur",GENERAL SURGERY,"₹18,49,748*","₹53,000",0,₹0,1450,-,-,-,-,-,2484(1),2484(1),-,-,-,-,-
KER Govt Quota,HQ Serv,Kerala,"Govt Med Coll, Kottayam",OBG,"₹69,470*","₹57,876",1*,"₹50,00,000*",Info Not Available,-,-,3647(1),-,-,2505(1),2505(1),-,-,-,-,-
KER Self Fin. Seats,SM,Kerala,"Jubilee Mission, Thrissur",OPHTHALMOLOGY,"₹18,49,748*","₹53,000",0,₹0,1450,1990(1),2661(1),2661(1),-,-,1980(1),2512(1),-,-,-,-,-
KER Self Fin. Seats,SM,Kerala,"Al-Azhar Med Coll, Thodupuzha",ORTHOPAEDICS,"₹18,49,748*","₹40,000",0,₹0,700,-,-,2683(1),-,-,2540(1),2540(1),-,-,-,-,-
KER SF NRI Seats,NR,Kerala,"Jubilee Mission, Thrissur",PAEDIATRICS,"₹38,86,680*","₹53,000",0,₹0,1450,2771(1),2771(1),2771(1),-,-,2545(1),2545(1),-,-,-,-,-
KER Self Fin. Seats,SM,Kerala,"Malankara Orthodox, Kolechery",ANAESTHESIOLOGY,"₹18,49,748*","₹53,000",0,₹0,1110,2052(1),2052(1),2052(1),-,-,2139(2),2550(2),-,-,-,-,-
KER Self Fin. Seats,SC,Kerala,"Pushpagiri IMS, Tiruvalla",OBG,"₹18,49,748*","₹43,000",0,₹0,955,2245(1),2567(1),2748(1),-,-,2402(1),2552(1),-,-,-,-,-
KER Self Fin. Seats,SM,Kerala,"Travancore Med Coll, Kollam",PSYCHIATRY,"₹18,49,748*","₹50,000",0*,₹0*,750,2606(1),3266(1),2791(1),3137(1),-,2564(1),2564(1),-,-,-,-,-
KER Self Fin. Seats,SM,Kerala,"DM Wayanad IMS, Wayanad",GENERAL SURGERY,"₹18,49,748*","₹53,000",0,₹0,700,1957(2),2186(2),2186(2),-,-,2544(1),2572(1),-,-,-,-,-
KER Self Fin. Seats,BH,Kerala,"KMCT Med Coll, Kozhikode",OBG,"₹18,49,748*","₹53,000",0,₹0,790,-,-,-,-,-,-,2588(1),-,-,-,-,-
KER Self Fin. Seats,BH,Kerala,"MES Med Coll, Malappuram",OPHTHALMOLOGY,"₹18,49,748*","₹53,000",1*,"₹10,00,000*",680,3081(1),3081(1),3081(1),-,-,2229(1),2589(1),-,-,-,-,-
KER Self Fin. Seats,AC,Kerala,"Amala IMS, Thrissur",PSYCHIATRY,"₹18,49,748*","₹53,000",0,₹0,640,2842(1),2842(1),2842(1),-,-,2593(1),2593(1),-,-,-,-,-
KER Self Fin. Seats,AC,Kerala,"Amala IMS, Thrissur",GENERAL SURGERY,"₹18,49,748*","₹53,000",0,₹0,640,2005(1),2005(1),2060(1),-,-,1913(1),2595(1),-,-,-,-,-
KER Self Fin. Seats,MU,Kerala,"Sree Narayana IMS, Ernakulam",ORTHOPAEDICS,"₹17,49,006*","₹53,000",0,₹0,Info Not Available,-,-,-,-,-,2614(1),2614(1),-,-,-,-,-
KER SF NRI Seats,NR,Kerala,"KMCT Med Coll, Kozhikode",RADIO DIAGNOSIS,"₹38,86,680*","₹53,000",0,₹0,790,1947(1),1947(1),1947(1),-,-,1829(1),2628(4),-,-,-,-,-
KER Self Fin. Seats,LA,Kerala,"KMCT Med Coll, Kozhikode",TBRD,"₹18,49,748*","₹53,000",0,₹0,790,-,-,-,-,-,2309(1),2630(2),-,-,-,-,-
KER Self Fin. Seats,SC,Kerala,"Malabar Med Coll, Kozhikode",GENERAL SURGERY,"₹18,49,748*","₹53,000",1,"₹20,00,000",720,2438(1),2438(1),2438(1),-,-,2416(1),2655(1),-,-,-,-,-
KER Self Fin. Seats,AC,Kerala,"Jubilee Mission, Thrissur",ANAESTHESIOLOGY,"₹18,49,748*","₹53,000",0,₹0,1450,2327(2),2395(2),2395(2),-,-,1933(2),2662(2),-,-,-,-,-
KER Self Fin. Seats,SM,Kerala,"Travancore Med Coll, Kollam",ANAESTHESIOLOGY,"₹18,49,748*","₹50,000",0*,₹0*,750,2504(2),2741(2),2752(2),-,-,2598(2),2665(2),-,-,-,-,-
KER Self Fin. Seats,AC,Kerala,"Dr Somervel Mem, Karakonam",OPHTHALMOLOGY,"₹18,49,748*","₹53,000",0,₹0,695,2835(2),3259(2),3259(2),-,-,2451(1),2669(1),-,-,-,-,-
KER Self Fin. Seats,AC,Kerala,"Jubilee Mission, Thrissur",ORTHOPAEDICS,"₹18,49,748*","₹53,000",0,₹0,1450,1766(1),1766(1),1766(1),-,-,2683(2),2683(2),-,-,-,-,-
KER Self Fin. Seats,MU,Kerala,"Travancore Med Coll, Kollam",OPHTHALMOLOGY,"₹18,49,748*","₹50,000",0*,₹0*,750,-,-,-,-,-,2689(1),2689(1),-,-,-,-,-
KER SF NRI Seats,NR,Kerala,"MES Med Coll, Malappuram",RADIO DIAGNOSIS,"₹38,86,680*","₹53,000",1*,"₹10,00,000*",680,2168(1),2168(1),2168(1),-,-,1698(1),2694(1),-,-,-,-,-
KER Self Fin. Seats,SM,Kerala,"Travancore Med Coll, Kollam",ORTHOPAEDICS,"₹18,49,748*","₹50,000",0*,₹0*,750,2180(1),2180(1),2721(1),-,-,2519(1),2704(1),-,-,-,-,-
KER Self Fin. Seats,SC,Kerala,"KMCT Med Coll, Kozhikode",PAEDIATRICS,"₹18,49,748*","₹53,000",0,₹0,790,-,-,-,-,-,-,2709(1),-,-,-,-,-
KER Self Fin. Seats,MU,Kerala,"Jubilee Mission, Thrissur",PSYCHIATRY,"₹18,49,748*","₹53,000",0,₹0,1450,-,-,-,-,-,2639(1),2717(1),-,-,-,-,-
KER SF NRI Seats,NR,Kerala,"Amala IMS, Thrissur",PAEDIATRICS,"₹38,86,680*","₹53,000",0,₹0,640,2866(1),2866(1),2741(1),-,-,2694(1),2724(1),-,-,-,-,-
KER Self Fin. Seats,EZ,Kerala,"Sree Gokulam, Trivandrum",GENERAL SURGERY,"₹17,49,006*","₹53,000",0,₹0,760,-,-,-,-,-,2038(1),2737(1),-,-,-,-,-
KER Govt Quota,EW,Kerala,"TD Med Coll, Allepey",PATHOLOGY,"₹69,470*","₹57,876",1*,"₹50,00,000*",1050,-,-,-,-,-,2743(1),2743(1),-,-,-,-,-
KER Self Fin. Seats,AC,Kerala,"Pushpagiri IMS, Tiruvalla",ORTHOPAEDICS,"₹18,49,748*","₹43,000",0,₹0,955,2096(1),2133(1),2765(1),-,-,2745(1),2745(1),-,-,-,-,-
KER Self Fin. Seats,AC,Kerala,"Believers Church, Thiruvalla",ORTHOPAEDICS,"₹18,49,748*","₹53,000",0,₹0,750,2060(1),2560(1),2560(1),-,-,1463(1),2746(1),-,-,-,-,-
KER Self Fin. Seats,BH,Kerala,"Pushpagiri IMS, Tiruvalla",PSYCHIATRY,"₹18,49,748*","₹43,000",0,₹0,955,3442(1),3442(1),3442(1),-,-,2750(1),2750(1),-,-,-,-,-
KER Self Fin. Seats,AC,Kerala,"Amala IMS, Thrissur",ORTHOPAEDICS,"₹18,49,748*","₹53,000",0,₹0,640,1845(1),1845(1),1845(1),-,-,2761(1),2761(1),-,-,-,-,-
KER Self Fin. Seats,EZ,Kerala,"Malabar Med Coll, Kozhikode",OBG,"₹18,49,748*","₹53,000",1,"₹20,00,000",720,-,-,-,-,-,2763(1),2763(1),-,-,-,-,-
KER Self Fin. Seats,SM,Kerala,"PK Das IMS, Palakkad",GENERAL SURGERY,"₹17,61,665*","₹53,000",1*,"₹10,00,000*",750,-,-,2397(1),-,-,2261(1),2773(1),-,-,-,-,-
KER Self Fin. Seats,SM,Kerala,"SreeUthradomThirunal,Trivandrum",PSYCHIATRY,"₹18,49,748*","₹53,000",0,₹0,-,2404(1),2900(1),2047(1),-,-,2774(1),2774(1),-,-,-,-,-
KER Self Fin. Seats,SM,Kerala,"MES Med Coll, Malappuram",ANAESTHESIOLOGY,"₹18,49,748*","₹53,000",1*,"₹10,00,000*",680,2456(3),2515(3),2515(3),-,-,2489(2),2780(2),-,-,-,-,-
KER SF NRI Seats,NR,Kerala,"Amala IMS, Thrissur",GENERAL MEDICINE,"₹38,86,680*","₹53,000",0,₹0,640,2960(2),3229(2),3229(1),-,-,2794(2),2794(2),-,-,-,-,-
KER Self Fin. Seats,AC,Kerala,"Pushpagiri IMS, Tiruvalla",GENERAL SURGERY,"₹18,49,748*","₹43,000",0,₹0,955,2041(2),2060(2),2145(2),-,-,2431(2),2800(2),-,-,-,-,-
KER Self Fin. Seats,LA,Kerala,"Sree Gokulam, Trivandrum",PAEDIATRICS,"₹17,49,006*","₹53,000",0,₹0,760,-,-,-,-,-,2801(1),2801(1),-,-,-,-,-
KER Self Fin. Seats,SM,Kerala,"Mount Zion, Pathanamthitta",GENERAL SURGERY,"₹18,49,748*","₹53,000",0,₹0,604,-,-,-,-,-,2766(1),2806(1),-,-,-,-,-
KER SF NRI Seats,NR,Kerala,"Jubilee Mission, Thrissur",DERMATOLOGY,"₹38,86,680*","₹53,000",0,₹0,1450,1862(1),1862(1),1862(1),-,-,1619(1),2818(1),-,-,-,-,-
KER Self Fin. Seats,SM,Kerala,"Dr Somervel Mem, Karakonam",GENERAL SURGERY,"₹18,49,748*","₹53,000",0,₹0,695,-,-,-,-,-,1985(1),2826(1),-,-,-,-,-
KER Self Fin. Seats,MM,Kerala,"Travancore Med Coll, Kollam",ANAESTHESIOLOGY,"₹18,49,748*","₹50,000",0*,₹0*,750,2774(1),2774(1),2774(1),-,-,2835(1),2835(1),-,-,-,-,-
KER Self Fin. Seats,SC,Kerala,"Travancore Med Coll, Kollam",OBG,"₹18,49,748*","₹50,000",0*,₹0*,750,-,-,-,-,-,2465(1),2843(1),-,-,-,-,-
KER Self Fin. Seats,SM,Kerala,"Dr Somervel Mem, Karakonam",OPHTHALMOLOGY,"₹18,49,748*","₹53,000",0,₹0,695,-,-,-,-,-,2235(1),2451(1),-,2844(1),-,-,-
KER Self Fin. Seats,AC,Kerala,"Malankara Orthodox, Kolechery",ANAESTHESIOLOGY,"₹18,49,748*","₹53,000",0,₹0,1110,2875(2),2875(2),2875(2),-,-,2804(2),2847(2),-,-,-,-,-
KER Govt Quota,HQ Serv,Kerala,"TD Med Coll, Allepey",GENERAL MEDICINE,"₹69,470*","₹57,876",1*,"₹50,00,000*",1050,-,1020(1),1020(1),-,-,2850(2),2850(2),-,-,-,-,-
KER Self Fin. Seats,BH,Kerala,"MES Med Coll, Malappuram",ANAESTHESIOLOGY,"₹18,49,748*","₹53,000",1*,"₹10,00,000*",680,-,-,-,-,-,2589(1),2863(1),-,-,-,-,-
KER Self Fin. Seats,EZ,Kerala,"KMCT Med Coll, Kozhikode",GENERAL SURGERY,"₹18,49,748*","₹53,000",0,₹0,790,2626(1),2626(1),2626(1),-,-,2737(1),2865(1),-,-,-,-,-
KER Self Fin. Seats,AC,Kerala,"Dr Somervel Mem, Karakonam",GENERAL SURGERY,"₹18,49,748*","₹53,000",0,₹0,695,2322(1),2322(1),2322(1),-,-,2470(1),2870(1),-,-,-,-,-
KER Self Fin. Seats,SM,Kerala,"SreeUthradomThirunal,Trivandrum",ORTHOPAEDICS,"₹18,49,748*","₹53,000",0,₹0,-,2075(1),2204(1),2444(1),-,-,2170(1),2871(1),-,-,-,-,-
KER Self Fin. Seats,AC,Kerala,"Amala IMS, Thrissur",ANAESTHESIOLOGY,"₹18,49,748*","₹53,000",0,₹0,640,2611(3),3046(3),3046(3),-,-,2440(3),2888(3),-,-,-,-,-
KER Self Fin. Seats,EW,Kerala,"Sree Gokulam, Trivandrum",ANAESTHESIOLOGY,"₹17,49,006*","₹53,000",0,₹0,760,-,-,-,-,-,2900(1),2900(1),-,-,-,-,-
KER Self Fin. Seats,SM,Kerala,"Sree Narayana IMS, Ernakulam",PSYCHIATRY,"₹17,49,006*","₹53,000",0,₹0,Info Not Available,2276(1),3234(1),3234(1),-,-,2238(1),2903(1),-,-,-,-,-
KER SF NRI Seats,NR,Kerala,"Jubilee Mission, Thrissur",OBG,"₹38,86,680*","₹53,000",0,₹0,1450,3590(1),3994(1),3994(1),-,-,2909(1),2909(1),-,-,-,-,-
KER Self Fin. Seats,MU,Kerala,"KMCT Med Coll, Kozhikode",GENERAL SURGERY,"₹18,49,748*","₹53,000",0,₹0,790,-,-,-,-,-,-,2912(1),-,-,-,-,-
KER SF NRI Seats,NR,Kerala,"MES Med Coll, Malappuram",DERMATOLOGY,"₹38,86,680*","₹53,000",1*,"₹10,00,000*",680,2238(1),2238(1),2746(1),-,-,2324(1),2921(1),-,-,-,-,-
KER Self Fin. Seats,SC,Kerala,"Malabar Med Coll, Kozhikode",ORTHOPAEDICS,"₹18,49,748*","₹53,000",1,"₹20,00,000",720,-,-,-,-,-,2709(1),2923(1),-,-,-,-,-
KER Self Fin. Seats,MM,Kerala,"Travancore Med Coll, Kollam",GENERAL SURGERY,"₹18,49,748*","₹50,000",0*,₹0*,750,2670(1),2670(1),2670(1),-,-,2929(1),2929(1),-,-,-,-,-
KER Self Fin. Seats,SM,Kerala,"Malabar Med Coll, Kozhikode",PSYCHIATRY,"₹18,49,748*","₹53,000",1,"₹20,00,000",720,2526(1),2847(1),1500(1),3304(1),-,2869(1),2930(1),-,-,-,-,-
KER SF NRI Seats,NR,Kerala,"Sree Gokulam, Trivandrum",DERMATOLOGY,"₹38,86,680*","₹53,000",0,₹0,760,2113(1),2113(1),2113(1),-,-,2650(1),2950(1),-,-,-,-,-
KER Self Fin. Seats,AC,Kerala,"Dr Somervel Mem, Karakonam",ORTHOPAEDICS,"₹18,49,748*","₹53,000",0,₹0,695,2546(1),2546(1),2546(1),-,-,2953(1),2953(1),-,-,-,-,-
KER Self Fin. Seats,EZ,Kerala,"Dr Somervel Mem, Karakonam",OPHTHALMOLOGY,"₹18,49,748*","₹53,000",0,₹0,695,-,-,-,-,-,2955(1),2955(1),-,-,-,-,-
KER Self Fin. Seats,KU,Kerala,"Malabar Med Coll, Kozhikode",EMERGENCY MEDICINE,"₹18,49,748*","₹53,000",1,"₹20,00,000",720,-,-,-,-,-,1968(1),2961(1),-,-,-,-,-
KER Self Fin. Seats,AC,Kerala,"Dr Somervel Mem, Karakonam",OBG,"₹18,49,748*","₹53,000",0,₹0,695,2597(1),2597(1),2597(1),-,-,2213(1),2963(1),-,-,-,-,-
KER Self Fin. Seats,SC,Kerala,"Believers Church, Thiruvalla",ORTHOPAEDICS,"₹18,49,748*","₹53,000",0,₹0,750,-,-,-,-,-,2964(1),2964(1),-,-,-,-,-
KER SF NRI Seats,NC,Kerala,"Believers Church, Thiruvalla",RADIO DIAGNOSIS,"₹38,86,680*","₹53,000",0,₹0,750,-,-,-,-,-,-,2971(1),-,-,-,-,-
KER Self Fin. Seats,SM,Kerala,"DM Wayanad IMS, Wayanad",ENT,"₹18,49,748*","₹53,000",0,₹0,700,2702(1),2702(1),2702(2),-,-,2616(1),2972(1),-,-,-,-,-
KER SF NRI Seats,NR,Kerala,"Malabar Med Coll, Kozhikode",GENERAL MEDICINE,"₹38,86,680*","₹53,000",1,"₹20,00,000",720,3595(1),3595(1),3595(1),-,-,2975(1),2975(1),-,-,-,-,-
KER Self Fin. Seats,BH,Kerala,"KMCT Med Coll, Kozhikode",OPHTHALMOLOGY,"₹18,49,748*","₹53,000",0,₹0,790,-,-,-,-,-,-,2976(1),-,-,-,-,-
KER Self Fin. Seats,SC,Kerala,"KMCT Med Coll, Kozhikode",PSYCHIATRY,"₹18,49,748*","₹53,000",0,₹0,790,-,-,-,-,-,2981(1),2981(1),-,-,-,-,-
KER SF NRI Seats,NC,Kerala,"Pushpagiri IMS, Tiruvalla",DERMATOLOGY,"₹38,86,680*","₹43,000",0,₹0,955,1952(1),1952(1),1952(1),-,-,2314(1),2982(1),-,-,-,-,-
KER Self Fin. Seats,AC,Kerala,"Pushpagiri IMS, Tiruvalla",ANAESTHESIOLOGY,"₹18,49,748*","₹43,000",0,₹0,955,2921(3),3062(3),3062(3),3089(1),-,2847(3),2987(3),-,-,-,-,-
KER SF NRI Seats,NR,Kerala,"MES Med Coll, Malappuram",GENERAL MEDICINE,"₹38,86,680*","₹53,000",1*,"₹10,00,000*",680,2424(1),2424(1),2424(1),-,-,2991(1),2991(1),-,-,-,-,-
KER Govt Quota,EW,Kerala,"Medical College, Trivandrum",SPM,"₹69,470*","₹57,876",1*,"₹50,00,000*",2126,-,-,-,-,-,2993(1),2993(1),-,-,-,-,-
KER Self Fin. Seats,EW,Kerala,"Malabar Med Coll, Kozhikode",DERMATOLOGY,"₹18,49,748*","₹53,000",1,"₹20,00,000",720,-,-,-,-,-,2995(1),2995(1),-,-,-,-,-
KER Self Fin. Seats,MU,Kerala,"Malankara Orthodox, Kolechery",ORTHOPAEDICS,"₹18,49,748*","₹53,000",0,₹0,1110,-,-,-,-,-,2113(1),3001(1),-,-,-,-,-
KER Self Fin. Seats,BX,Kerala,"MES Med Coll, Malappuram",OBG,"₹18,49,748*","₹53,000",1*,"₹10,00,000*",680,-,-,-,-,-,3003(1),3003(1),-,-,-,-,-
KER Self Fin. Seats,AC,Kerala,"Jubilee Mission, Thrissur",OPHTHALMOLOGY,"₹18,49,748*","₹53,000",0,₹0,1450,2552(1),3317(1),3317(1),-,-,2965(1),3019(1),-,-,-,-,-
KER Self Fin. Seats,EW,Kerala,"Sree Gokulam, Trivandrum",GENERAL MEDICINE,"₹17,49,006*","₹53,000",0,₹0,760,1709(1),1709(1),1709(1),-,-,3022(1),3022(1),-,-,-,-,-
KER Self Fin. Seats,EZ,Kerala,"Pushpagiri IMS, Tiruvalla",OPHTHALMOLOGY,"₹18,49,748*","₹43,000",0,₹0,955,-,-,-,-,-,3025(1),3025(1),-,-,-,-,-
KER Govt Quota,SM,Kerala,"TD Med Coll, Allepey",ANATOMY,"₹69,470*","₹57,876",1*,"₹50,00,000*",1050,-,-,3420(1),5135(1),-,3038(1),3038(1),-,-,-,-,-
KER SF NRI Seats,NC,Kerala,"Pushpagiri IMS, Tiruvalla",ORTHOPAEDICS,"₹38,86,680*","₹43,000",0,₹0,955,4327(1),4327(1),4327(1),-,-,3042(1),3042(1),-,-,-,-,-
KER Self Fin. Seats,AC,Kerala,"Believers Church, Thiruvalla",ANAESTHESIOLOGY,"₹18,49,748*","₹53,000",0,₹0,750,2885(1),3074(1),3074(1),-,-,2888(1),3044(1),-,-,-,-,-
KER Govt Quota,SM,Kerala,"Govt Med Coll, Thrissur",BIOCHEMISTRY,"₹69,470*","₹57,876",1*,"₹50,00,000*",1400,-,-,-,-,-,2934(1),3070(1),-,-,-,-,-
KER Govt Quota,BH,Kerala,"Govt Med Coll, Kottayam",SPM,"₹69,470*","₹57,876",1*,"₹50,00,000*",Info Not Available,-,-,-,-,-,2246(1),3086(1),-,-,-,-,-
KER Self Fin. Seats,BH,Kerala,"Dr Somervel Mem, Karakonam",ENT,"₹18,49,748*","₹53,000",0,₹0,695,-,-,3298(1),-,-,3088(1),3088(1),-,-,-,-,-
KER Self Fin. Seats,SC,Kerala,"Mount Zion, Pathanamthitta",GENERAL SURGERY,"₹18,49,748*","₹53,000",0,₹0,604,-,-,-,-,-,3089(1),3089(1),-,-,-,-,-
KER Self Fin. Seats,EZ,Kerala,"Al-Azhar Med Coll, Thodupuzha",TBRD,"₹18,49,748*","₹40,000",0,₹0,700,-,-,-,-,-,1976(1),3094(1),-,-,-,-,-
KER Self Fin. Seats,SM,Kerala,"Pushpagiri IMS, Tiruvalla",PATHOLOGY,"₹11,23,062*","₹43,000",0,₹0,955,-,-,-,-,-,3096(1),3096(1),-,-,-,-,-
KER SF NRI Seats,NR,Kerala,"Amala IMS, Thrissur",TBRD,"₹38,86,680*","₹53,000",0,₹0,640,2178(1),2178(1),2178(1),-,-,3105(1),3105(1),-,-,-,-,-
KER Self Fin. Seats,SM,Kerala,"Dr Somervel Mem, Karakonam",ANAESTHESIOLOGY,"₹18,49,748*","₹53,000",0,₹0,695,-,-,-,-,-,2821(1),3106(1),-,-,-,-,-
KER Self Fin. Seats,EZ,Kerala,"DM Wayanad IMS, Wayanad",ORTHOPAEDICS,"₹18,49,748*","₹53,000",0,₹0,700,-,-,-,-,-,2418(1),3113(1),-,-,-,-,-
KER Self Fin. Seats,EZ,Kerala,"Jubilee Mission, Thrissur",ENT,"₹18,49,748*","₹53,000",0,₹0,1450,-,-,-,-,-,2906(1),3126(1),-,-,-,-,-
KER Self Fin. Seats,EZ,Kerala,"SreeUthradomThirunal,Trivandrum",OPHTHALMOLOGY,"₹18,49,748*","₹53,000",0,₹0,-,-,-,-,-,-,3126(1),3131(1),-,-,-,-,-
KER Self Fin. Seats,SM,Kerala,"Malabar Med Coll, Kozhikode",ANAESTHESIOLOGY,"₹18,49,748*","₹53,000",1,"₹20,00,000",720,2302(1),2972(1),2972(1),-,-,2752(2),3135(2),-,-,-,-,-
KER Govt Quota,ST,Kerala,"Govt of Med Sci, Pariyaram",RADIO DIAGNOSIS,"₹69,470*","₹57,876",1*,"₹50,00,000*",1752,-,-,-,-,-,3139(1),3139(1),-,-,-,-,-
KER Self Fin. Seats,SC,Kerala,"KMCT Med Coll, Kozhikode",ENT,"₹18,49,748*","₹53,000",0,₹0,790,-,-,-,-,-,2923(1),3147(1),-,-,-,-,-
KER Self Fin. Seats,AC,Kerala,"Pushpagiri IMS, Tiruvalla",PSYCHIATRY,"₹18,49,748*","₹43,000",0,₹0,955,2506(2),3446(2),3446(2),-,-,3148(2),3148(2),-,-,-,-,-
KER SF NRI Seats,NR,Kerala,"SreeUthradomThirunal,Trivandrum",RADIO DIAGNOSIS,"₹38,86,680*","₹53,000",0,₹0,-,-,-,3136(1),-,-,2157(1),3154(1),-,-,-,-,-
KER Govt Quota,SM,Kerala,"Govt of Med Sci, Pariyaram",PHYSIOLOGY,"₹69,470*","₹57,876",1*,"₹50,00,000*",1752,3503(1),4091(1),3397(1),5499(2),5499(1),3163(1),3163(1),-,-,-,-,-
KER Self Fin. Seats,SM,Kerala,"DM Wayanad IMS, Wayanad",ANAESTHESIOLOGY,"₹18,49,748*","₹53,000",0,₹0,700,-,-,3028(1),3250(1),-,2812(1),3166(1),-,-,-,-,-
KER Self Fin. Seats,AC,Kerala,"Believers Church, Thiruvalla",OPHTHALMOLOGY,"₹18,49,748*","₹53,000",0,₹0,750,2638(1),2835(1),2835(1),-,-,2158(1),3181(1),-,-,-,-,-
KER Self Fin. Seats,SC,Kerala,"SreeUthradomThirunal,Trivandrum",ENT,"₹18,49,748*","₹53,000",0,₹0,-,2952(1),2959(1),2959(1),-,-,2998(1),3190(1),-,-,-,-,-
KER Govt Quota,MQ Serv,Kerala,"Govt Med Coll, Thrissur",GENERAL MEDICINE,"₹69,470*","₹57,876",1*,"₹50,00,000*",1400,-,1629(1),1629(1),-,-,3231(1),3231(1),-,-,-,-,-
KER Self Fin. Seats,BH,Kerala,"DM Wayanad IMS, Wayanad",ANAESTHESIOLOGY,"₹18,49,748*","₹53,000",0,₹0,700,-,-,-,-,-,2863(1),3238(1),-,-,-,-,-
KER Govt Quota,SM,Kerala,"Govt Med Coll, Kottayam",PHARMACOLOGY,"₹69,470*","₹57,876",1*,"₹50,00,000*",Info Not Available,-,-,-,-,-,2353(1),3279(1),-,-,-,-,-
KER SF NRI Seats,NR,Kerala,"Travancore Med Coll, Kollam",PAEDIATRICS,"₹38,86,680*","₹50,000",0*,₹0*,750,-,-,-,-,-,3281(1),3281(1),-,-,-,-,-
KER Self Fin. Seats,EW,Kerala,"SreeUthradomThirunal,Trivandrum",PSYCHIATRY,"₹18,49,748*","₹53,000",0,₹0,-,-,-,-,-,-,3286(1),3286(1),-,-,-,-,-
KER SF NRI Seats,NR,Kerala,"Sree Gokulam, Trivandrum",GENERAL MEDICINE,"₹38,86,680*","₹53,000",0,₹0,760,3689(3),4094(3),4094(3),-,-,3154(3),3313(3),-,-,-,-,-
KER Self Fin. Seats,MM,Kerala,"Azeezia IMS, Kollam",ORTHOPAEDICS,"₹18,49,748*","₹53,000",0,₹0,540,2325(1),2807(1),3295(1),-,-,3269(1),3316(1),-,-,-,-,-
KER Self Fin. Seats,EZ,Kerala,"Believers Church, Thiruvalla",ANAESTHESIOLOGY,"₹18,49,748*","₹53,000",0,₹0,750,-,-,-,-,-,3094(1),3321(1),-,-,-,-,-
KER Govt Quota,HQ Serv,Kerala,"Medical College, Trivandrum",OBG,"₹69,470*","₹57,876",1*,"₹50,00,000*",2126,-,1454(1),1454(1),-,-,3332(1),3332(1),-,-,-,-,-
KER Self Fin. Seats,EZ,Kerala,"MES Med Coll, Malappuram",PSYCHIATRY,"₹18,49,748*","₹53,000",1*,"₹10,00,000*",680,-,-,-,-,-,3335(1),3335(1),-,-,-,-,-
KER Govt Quota,SC,Kerala,"Govt Med Coll, Kottayam",PATHOLOGY,"₹69,470*","₹57,876",1*,"₹50,00,000*",Info Not Available,-,-,-,-,-,3100(1),3337(1),-,-,-,-,-
KER Self Fin. Seats,LA,Kerala,"Amala IMS, Thrissur",OBG,"₹18,49,748*","₹53,000",0,₹0,640,-,-,-,-,-,3341(1),3341(1),-,-,-,-,-
KER Govt Quota,MQ Serv,Kerala,"Govt of Med Sci, Pariyaram",EMERGENCY MEDICINE,"₹69,470*","₹57,876",1*,"₹50,00,000*",1752,-,-,-,-,-,3348(1),3348(1),-,-,-,-,-
KER Self Fin. Seats,SM,Kerala,"SreeUthradomThirunal,Trivandrum",PATHOLOGY,"₹11,23,062*","₹53,000",0,₹0,-,3950(2),3950(2),3950(2),-,-,3350(1),3350(1),-,-,-,-,-
KER Self Fin. Seats,BH,Kerala,"Mount Zion, Pathanamthitta",ORTHOPAEDICS,"₹18,49,748*","₹53,000",0,₹0,604,-,-,-,-,-,2861(1),3383(1),-,-,-,-,-
KER Govt Quota,SM,Kerala,"Govt Med Coll, Thrissur",PHYSIOLOGY,"₹69,470*","₹57,876",1*,"₹50,00,000*",1400,-,-,-,-,-,3388(1),3388(1),-,-,-,-,-
KER Self Fin. Seats,EZ,Kerala,"Jubilee Mission, Thrissur",IHBT,"₹18,49,748*","₹53,000",0,₹0,1450,-,-,-,-,-,3389(1),3389(1),-,-,-,-,-
KER SF NRI Seats,NR,Kerala,"Malankara Orthodox, Kolechery",PAEDIATRICS,"₹38,86,680*","₹53,000",0,₹0,1110,3168(1),3314(1),3314(1),-,-,2724(1),3397(1),-,-,-,-,-
KER Self Fin. Seats,EZ,Kerala,"Sree Gokulam, Trivandrum",ANAESTHESIOLOGY,"₹17,49,006*","₹53,000",0,₹0,760,2688(1),2688(1),2688(1),-,-,2647(1),3406(1),-,-,-,-,-
KER Self Fin. Seats,LA,Kerala,"SreeUthradomThirunal,Trivandrum",OBG,"₹18,49,748*","₹53,000",0,₹0,-,-,-,-,-,-,3409(1),3409(1),-,-,-,-,-
KER SF NRI Seats,NC,Kerala,"Believers Church, Thiruvalla",GENERAL MEDICINE,"₹38,86,680*","₹53,000",0,₹0,750,3900(1),4010(1),3424(1),-,-,3411(1),3411(1),-,-,-,-,-
KER SF NRI Seats,NR,Kerala,"Amala IMS, Thrissur",OBG,"₹38,86,680*","₹53,000",0,₹0,640,-,-,-,-,-,3416(1),3416(1),-,-,-,-,-
KER Self Fin. Seats,MU,Kerala,"Azeezia IMS, Kollam",ORTHOPAEDICS,"₹18,49,748*","₹53,000",0,₹0,540,-,-,-,-,-,3001(1),3418(1),-,-,-,-,-
KER SF NRI Seats,NC,Kerala,"Pushpagiri IMS, Tiruvalla",OBG,"₹38,86,680*","₹43,000",0,₹0,955,3670(1),3670(1),3670(1),-,-,3419(1),3419(1),-,-,-,-,-
KER Self Fin. Seats,EZ,Kerala,"KMCT Med Coll, Kozhikode",ENT,"₹18,49,748*","₹53,000",0,₹0,790,-,-,-,-,-,-,3430(1),-,-,-,-,-
KER Self Fin. Seats,EZ,Kerala,"KMCT Med Coll, Kozhikode",OPHTHALMOLOGY,"₹18,49,748*","₹53,000",0,₹0,790,3225(1),3225(1),3225(1),-,-,-,3451(1),-,-,-,-,-
KER SF NRI Seats,NR,Kerala,"Sree Gokulam, Trivandrum",ORTHOPAEDICS,"₹38,86,680*","₹53,000",0,₹0,760,2924(1),4185(1),4185(1),-,-,3497(1),3497(1),-,-,-,-,-
KER SF NRI Seats,NR,Kerala,"MES Med Coll, Malappuram",ORTHOPAEDICS,"₹38,86,680*","₹53,000",1*,"₹10,00,000*",680,2623(1),2623(1),2623(1),-,-,3501(1),3501(1),-,-,-,-,-
KER SF NRI Seats,NM,Kerala,"Azeezia IMS, Kollam",GENERAL MEDICINE,"₹38,86,680*","₹53,000",0,₹0,540,-,-,-,-,-,3509(1),3509(1),-,-,-,-,-
KER SF NRI Seats,NR,Kerala,"KMCT Med Coll, Kozhikode",GENERAL MEDICINE,"₹38,86,680*","₹53,000",0,₹0,790,3781(1),3781(1),3781(1),-,-,3214(1),3511(3),-,-,-,-,-
KER Self Fin. Seats,MM,Kerala,"Travancore Med Coll, Kollam",PSYCHIATRY,"₹18,49,748*","₹50,000",0*,₹0*,750,3389(1),3867(1),3867(1),-,-,2717(1),3532(1),-,-,-,-,-
KER SF NRI Seats,NR,Kerala,"Travancore Med Coll, Kollam",GENERAL MEDICINE,"₹38,86,680*","₹50,000",0*,₹0*,750,-,-,-,-,-,3067(1),3535(1),-,-,-,-,-
KER Govt Quota,GEN-PD,Kerala,"Medical College, Trivandrum",GENERAL MEDICINE,"₹69,470*","₹57,876",1*,"₹50,00,000*",2126,-,-,-,-,-,3567(1),3567(1),-,-,-,-,-
KER Self Fin. Seats,SM,Kerala,"Believers Church, Thiruvalla",PATHOLOGY,"₹11,23,062*","₹53,000",0,₹0,750,2869(1),2869(1),2869(1),-,-,3223(1),3575(1),-,-,-,-,-
KER Govt Quota,EW,Kerala,"Govt of Med Sci, Pariyaram",MICROBIOLOGY,"₹69,470*","₹57,876",1*,"₹50,00,000*",1752,-,-,-,-,-,3579(1),3579(1),-,-,-,-,-
KER SF NRI Seats,NR,Kerala,"PK Das IMS, Palakkad",GENERAL MEDICINE,"₹37,01,600*","₹53,000",1*,"₹10,00,000*",750,4099(1),4249(1),4249(1),-,-,3580(1),3580(1),-,-,-,-,-
KER Self Fin. Seats,MM,Kerala,"Azeezia IMS, Kollam",GENERAL SURGERY,"₹18,49,748*","₹53,000",0,₹0,540,2986(1),2986(1),2986(1),-,-,2912(1),3625(1),-,-,-,-,-
KER Govt Quota,SC,Kerala,"Govt Med Coll, Kozhikode",PATHOLOGY,"₹69,470*","₹57,876",1*,"₹50,00,000*",3025,-,-,3793(1),4970(1),-,-,-,-,3625(1),-,-,-
KER SF NRI Seats,NR,Kerala,"DM Wayanad IMS, Wayanad",PAEDIATRICS,"₹38,86,680*","₹53,000",0,₹0,700,-,-,-,-,-,3649(1),3649(1),-,-,-,-,-
KER SF NRI Seats,NR,Kerala,"Azeezia IMS, Kollam",RADIO DIAGNOSIS,"₹38,86,680*","₹53,000",0,₹0,540,-,-,-,-,-,2628(1),3655(1),-,-,-,-,-
KER SF NRI Seats,NC,Kerala,"Pushpagiri IMS, Tiruvalla",GENERAL MEDICINE,"₹38,86,680*","₹43,000",0,₹0,955,3421(2),3900(2),3900(2),-,-,3676(2),3676(2),-,-,-,-,-
KER Govt Quota,SM,Kerala,"Govt Med Coll, Palakkad",PHARMACOLOGY,"₹69,470*","₹57,876",1*,"₹50,00,000*",-,-,-,-,-,-,2968(1),3677(1),-,-,-,-,-
KER SF NRI Seats,NC,Kerala,"Dr Somervel Mem, Karakonam",GENERAL MEDICINE,"₹38,86,680*","₹53,000",0,₹0,695,4010(1),4654(1),4654(1),-,-,3678(1),3678(1),-,-,-,-,-
KER Self Fin. Seats,SM,Kerala,"MES Med Coll, Malappuram",SPM,"₹11,23,062*","₹53,000",1*,"₹10,00,000*",680,2413(1),4515(1),4515(1),-,-,3691(1),3691(1),-,-,-,-,-
KER Self Fin. Seats,SM,Kerala,"Pushpagiri IMS, Tiruvalla",SPM,"₹11,23,062*","₹43,000",0,₹0,955,-,-,3435(2),5116(1),-,3701(2),3701(2),-,-,-,-,-
KER SF NRI Seats,NR,Kerala,"MES Med Coll, Malappuram",OBG,"₹38,86,680*","₹53,000",1*,"₹10,00,000*",680,4100(1),4100(1),4100(1),-,-,3704(1),3704(1),-,-,-,-,-
KER SF NRI Seats,NR,Kerala,"KMCT Med Coll, Kozhikode",ORTHOPAEDICS,"₹38,86,680*","₹53,000",0,₹0,790,3722(1),3722(1),3722(1),-,-,3705(1),3705(1),-,-,-,-,-
KER Self Fin. Seats,ST,Kerala,"Jubilee Mission, Thrissur",ORTHOPAEDICS,"₹18,49,748*","₹53,000",0,₹0,1450,-,-,-,-,-,3715(1),3715(1),-,-,-,-,-
KER Self Fin. Seats,MU,Kerala,"Dr Somervel Mem, Karakonam",GENERAL SURGERY,"₹18,49,748*","₹53,000",0,₹0,695,-,-,-,-,-,-,-,-,3767(1),-,-,-
KER Govt Quota,SM,Kerala,"Govt Med Coll, Kottayam",PHYSIOLOGY,"₹69,470*","₹57,876",1*,"₹50,00,000*",Info Not Available,-,-,-,-,-,3815(1),3815(1),-,-,-,-,-
KER SF NRI Seats,NR,Kerala,"DM Wayanad IMS, Wayanad",GENERAL MEDICINE,"₹38,86,680*","₹53,000",0,₹0,700,-,-,-,-,-,3511(1),3820(1),-,-,-,-,-
KER Self Fin. Seats,BH,Kerala,"Jubilee Mission, Thrissur",PATHOLOGY,"₹11,23,062*","₹53,000",0,₹0,1450,-,-,-,-,-,3238(1),3833(1),-,-,-,-,-
KER Govt Quota,HQ Serv,Kerala,"Govt Med Coll, Kozhikode",GENERAL SURGERY,"₹69,470*","₹57,876",1*,"₹50,00,000*",3025,-,1537(1),1537(1),-,-,3710(1),3849(1),-,-,-,-,-
KER Self Fin. Seats,SM,Kerala,"Jubilee Mission, Thrissur",MICROBIOLOGY,"₹11,23,062*","₹53,000",0,₹0,1450,4604(2),4808(2),4995(2),-,-,3851(2),3851(2),-,-,-,-,-
KER SF NRI Seats,NR,Kerala,"Malankara Orthodox, Kolechery",ORTHOPAEDICS,"₹38,86,680*","₹53,000",0,₹0,1110,-,-,-,-,-,3403(1),3860(1),-,-,-,-,-
KER Self Fin. Seats,EZ,Kerala,"Amala IMS, Thrissur",PATHOLOGY,"₹11,23,062*","₹53,000",0,₹0,640,-,-,-,-,-,3433(1),3877(1),-,-,-,-,-
KER Self Fin. Seats,EW,Kerala,"DM Wayanad IMS, Wayanad",GENERAL SURGERY,"₹18,49,748*","₹53,000",0,₹0,700,-,-,-,-,-,3888(1),3888(1),-,-,-,-,-
KER Govt Quota,EW,Kerala,"Govt Med Coll, Kollam",MICROBIOLOGY,"₹69,470*","₹57,876",1*,"₹50,00,000*",500,-,-,-,-,-,3900(1),3900(1),-,-,-,-,-
KER Self Fin. Seats,KU,Kerala,"Al-Azhar Med Coll, Thodupuzha",GENERAL SURGERY,"₹18,49,748*","₹40,000",0,₹0,700,-,-,-,-,-,3901(1),3901(1),-,-,-,-,-
KER Govt Quota,MU,Kerala,"Govt Med Coll, Palakkad",PHARMACOLOGY,"₹69,470*","₹57,876",1*,"₹50,00,000*",-,-,-,-,-,-,3677(1),3914(1),-,-,-,-,-
KER Self Fin. Seats,ST,Kerala,"MES Med Coll, Malappuram",DERMATOLOGY,"₹18,49,748*","₹53,000",1*,"₹10,00,000*",680,-,-,-,-,-,3943(1),3943(1),-,-,-,-,-
KER SF NRI Seats,NM,Kerala,"Azeezia IMS, Kollam",DERMATOLOGY,"₹38,86,680*","₹53,000",0,₹0,540,2795(1),2925(1),2925(1),-,-,3118(1),3960(1),-,-,-,-,-
KER Govt Quota,XS,Kerala,"Medical College, Trivandrum",PATHOLOGY,"₹69,470*","₹57,876",1*,"₹50,00,000*",2126,-,-,-,-,-,3978(1),3978(1),-,-,-,-,-
KER SF NRI Seats,NR,Kerala,"SreeUthradomThirunal,Trivandrum",PAEDIATRICS,"₹38,86,680*","₹53,000",0,₹0,-,3448(1),3511(1),3511(1),-,-,3850(1),3983(1),-,-,-,-,-
KER Govt Quota,LA,Kerala,"Medical College, Trivandrum",PHYSIOLOGY,"₹69,470*","₹57,876",1*,"₹50,00,000*",2126,-,-,-,-,-,3996(1),3996(1),-,-,-,-,-
KER SF NRI Seats,NR,Kerala,"Sree Narayana IMS, Ernakulam",GENERAL MEDICINE,"₹38,86,680*","₹53,000",0,₹0,Info Not Available,3957(1),3957(1),3957(1),-,-,3344(1),4003(1),-,-,-,-,-
KER Govt Quota,HQ Serv,Kerala,"Medical College, Trivandrum",IHBT,"₹69,470*","₹57,876",1*,"₹50,00,000*",2126,-,-,3291(1),-,-,4007(1),4007(1),-,-,-,-,-
KER Govt Quota,HQ Serv,Kerala,"TD Med Coll, Allepey",IHBT,"₹69,470*","₹57,876",1*,"₹50,00,000*",1050,-,-,-,-,-,4018(1),4018(1),-,-,-,-,-
KER Self Fin. Seats,EW,Kerala,"Sree Gokulam, Trivandrum",OBG,"₹17,49,006*","₹53,000",0,₹0,760,-,-,-,-,-,4028(1),4028(1),-,-,-,-,-
KER Self Fin. Seats,AC,Kerala,"Amala IMS, Thrissur",PATHOLOGY,"₹11,23,062*","₹53,000",0,₹0,640,4195(2),4195(2),4195(2),-,-,3342(2),4053(2),-,-,-,-,-
KER Govt Quota,SM,Kerala,"Govt Med Coll, Kottayam",FORENSIC MEDICINE,"₹69,470*","₹57,876",1*,"₹50,00,000*",Info Not Available,2418(1),2418(1),2418(1),-,-,-,-,-,4071(1),-,-,-
KER SF NRI Seats,NR,Kerala,"Malabar Med Coll, Kozhikode",OBG,"₹38,86,680*","₹53,000",1,"₹20,00,000",720,-,-,-,-,-,3915(1),4109(1),-,-,-,-,-
KER SF NRI Seats,NR,Kerala,"Jubilee Mission, Thrissur",TBRD,"₹38,86,680*","₹53,000",0,₹0,1450,3287(1),3287(1),3287(1),-,-,3536(1),4115(1),-,-,-,-,-
KER Self Fin. Seats,BH,Kerala,"SreeUthradomThirunal,Trivandrum",PATHOLOGY,"₹11,23,062*","₹53,000",0,₹0,-,-,-,-,-,-,3833(1),4127(1),-,-,-,-,-
KER Self Fin. Seats,EW,Kerala,"Sree Narayana IMS, Ernakulam",GENERAL MEDICINE,"₹17,49,006*","₹53,000",0,₹0,Info Not Available,-,-,-,-,-,4157(1),4157(1),-,-,-,-,-
KER Self Fin. Seats,SM,Kerala,"Jubilee Mission, Thrissur",SPM,"₹11,23,062*","₹53,000",0,₹0,1450,3655(2),3889(2),3889(2),-,-,2903(1),4167(1),-,-,-,-,-
KER Self Fin. Seats,AC,Kerala,"Pushpagiri IMS, Tiruvalla",PATHOLOGY,"₹11,23,062*","₹43,000",0,₹0,955,4234(2),4524(2),4524(2),-,-,3724(2),4168(2),-,-,-,-,-
KER SF NRI Seats,NC,Kerala,"Dr Somervel Mem, Karakonam",DERMATOLOGY,"₹38,86,680*","₹53,000",0,₹0,695,2827(1),2827(1),2827(1),-,-,2982(1),4170(1),-,-,-,-,-
KER SF NRI Seats,NC,Kerala,"Pushpagiri IMS, Tiruvalla",TBRD,"₹38,86,680*","₹43,000",0,₹0,955,4334(1),4355(1),4496(1),-,-,3700(1),4175(1),-,-,-,-,-
KER Self Fin. Seats,AC,Kerala,"Believers Church, Thiruvalla",PATHOLOGY,"₹11,23,062*","₹53,000",0,₹0,750,4277(1),4530(1),4530(1),-,-,3459(1),4182(1),-,-,-,-,-
KER SF NRI Seats,NR,Kerala,"Malabar Med Coll, Kozhikode",PAEDIATRICS,"₹38,86,680*","₹53,000",1,"₹20,00,000",720,3357(1),3448(1),3448(1),-,-,3921(1),4185(1),-,-,-,-,-
KER Govt Quota,SC,Kerala,"TD Med Coll, Allepey",PHARMACOLOGY,"₹69,470*","₹57,876",1*,"₹50,00,000*",1050,-,-,-,-,-,3660(1),4207(1),-,-,-,-,-
KER Govt Quota,IQ Serv,Kerala,"Govt Med Coll, Kozhikode",RADIO DIAGNOSIS,"₹69,470*","₹57,876",1*,"₹50,00,000*",3025,-,-,-,-,-,4209(1),4209(1),-,-,-,-,-
KER Self Fin. Seats,MU,Kerala,"MES Med Coll, Malappuram",PATHOLOGY,"₹11,23,062*","₹53,000",1*,"₹10,00,000*",680,-,-,-,-,-,3460(1),4219(1),-,-,-,-,-
KER Govt Quota,HQ Serv,Kerala,"Govt Med Coll, Kottayam",RADIATION ONCOLOGY,"₹69,470*","₹57,876",1*,"₹50,00,000*",Info Not Available,-,2208(1),2208(1),-,-,4245(1),4245(1),-,-,-,-,-
KER Self Fin. Seats,SM,Kerala,"KMCT Med Coll, Kozhikode",SPM,"₹11,23,062*","₹53,000",0,₹0,790,3913(2),4656(2),4726(2),-,-,4276(1),4276(1),-,-,-,-,-
KER Self Fin. Seats,SM,Kerala,"SreeUthradomThirunal,Trivandrum",SPM,"₹11,23,062*","₹53,000",0,₹0,-,3553(1),3553(1),3766(2),-,-,3740(1),4293(1),-,-,-,-,-
KER Self Fin. Seats,BH,Kerala,"MES Med Coll, Malappuram",SPM,"₹11,23,062*","₹53,000",1*,"₹10,00,000*",680,-,-,-,-,-,4294(1),4294(1),-,-,-,-,-
KER Govt Quota,IQ Serv,Kerala,"Medical College, Trivandrum",GENERAL MEDICINE,"₹69,470*","₹57,876",1*,"₹50,00,000*",2126,-,2585(1),2585(1),-,-,4305(1),4305(1),-,-,-,-,-
KER SF NRI Seats,NR,Kerala,"SreeUthradomThirunal,Trivandrum",OBG,"₹38,86,680*","₹53,000",0,₹0,-,3994(1),4363(1),4363(1),-,-,3983(1),4320(1),-,-,-,-,-
KER Self Fin. Seats,SC,Kerala,"KMCT Med Coll, Kozhikode",MICROBIOLOGY,"₹11,23,062*","₹53,000",0,₹0,790,-,-,-,-,-,4321(1),4326(1),-,-,-,-,-
KER SF NRI Seats,NR,Kerala,"Malabar Med Coll, Kozhikode",TBRD,"₹38,86,680*","₹53,000",1,"₹20,00,000",720,3511(1),3667(1),3667(1),-,-,3230(1),4342(1),-,-,-,-,-
KER Self Fin. Seats,SM,Kerala,"Jubilee Mission, Thrissur",PHYSIOLOGY,"₹11,23,062*","₹53,000",0,₹0,1450,-,-,5074(1),5480(1),-,4360(1),-,-,-,-,-,-
KER Self Fin. Seats,SM,Kerala,"Sree Gokulam, Trivandrum",MICROBIOLOGY,"₹10,61,897*","₹53,000",0,₹0,760,4901(1),-,5658(3),-,-,4057(1),4413(1),-,-,-,-,-
KER Govt Quota,HQ Serv,Kerala,"Govt Med Coll, Kozhikode",OBG,"₹69,470*","₹57,876",1*,"₹50,00,000*",3025,-,2466(1),2466(1),-,-,4416(2),4416(2),-,-,-,-,-
KER Self Fin. Seats,SC,Kerala,"Sree Gokulam, Trivandrum",MICROBIOLOGY,"₹10,61,897*","₹53,000",0,₹0,760,-,-,-,-,-,4326(1),4432(1),-,-,-,-,-
KER Self Fin. Seats,SC,Kerala,"Sree Gokulam, Trivandrum",PHARMACOLOGY,"₹10,61,897*","₹53,000",0,₹0,760,-,-,5655(1),-,-,4443(1),4443(1),-,-,-,-,-
KER Govt Quota,MU,Kerala,"Govt Med Coll, Kottayam",ANATOMY,"₹69,470*","₹57,876",1*,"₹50,00,000*",Info Not Available,-,-,-,-,-,4466(1),4466(1),-,-,-,-,-
KER Govt Quota,ST,Kerala,"Govt Med Coll, Thrissur",GENERAL SURGERY,"₹69,470*","₹57,876",1*,"₹50,00,000*",1400,-,-,-,-,-,3368(1),4475(1),-,-,-,-,-
KER SF NRI Seats,NC,Kerala,"Dr Somervel Mem, Karakonam",RADIO DIAGNOSIS,"₹38,86,680*","₹53,000",0,₹0,695,3355(1),3355(1),3355(1),-,-,2971(1),4486(1),-,-,-,-,-
KER Self Fin. Seats,MU,Kerala,"Sree Gokulam, Trivandrum",MICROBIOLOGY,"₹10,61,897*","₹53,000",0,₹0,760,-,-,-,-,-,4547(1),4547(1),-,-,-,-,-
KER Self Fin. Seats,EW,Kerala,"SreeUthradomThirunal,Trivandrum",GENERAL SURGERY,"₹18,49,748*","₹53,000",0,₹0,-,-,-,-,-,-,-,4557(1),-,-,-,-,-
KER Self Fin. Seats,LA,Kerala,"Pushpagiri IMS, Tiruvalla",PATHOLOGY,"₹11,23,062*","₹43,000",0,₹0,955,-,-,-,-,-,4467(1),4580(1),-,-,-,-,-
KER Govt Quota,IQ Serv,Kerala,"Medical College, Trivandrum",TBRD,"₹69,470*","₹57,876",1*,"₹50,00,000*",2126,-,-,-,-,-,4189(1),4189(1),-,-,-,-,4581(1)
KER Self Fin. Seats,BX,Kerala,"DM Wayanad IMS, Wayanad",ENT,"₹18,49,748*","₹53,000",0,₹0,700,-,-,-,-,-,4287(1),4587(1),-,-,-,-,-
KER Govt Quota,BH,Kerala,"Medical College, Trivandrum",PHARMACOLOGY,"₹69,470*","₹57,876",1*,"₹50,00,000*",2126,-,-,-,-,-,4597(1),4597(1),-,-,-,-,-
KER Govt Quota,EW,Kerala,"Medical College, Trivandrum",PHYSIOLOGY,"₹69,470*","₹57,876",1*,"₹50,00,000*",2126,-,-,-,-,-,4612(1),4612(1),-,-,-,-,-
KER Self Fin. Seats,EW,Kerala,"PK Das IMS, Palakkad",ANAESTHESIOLOGY,"₹17,61,665*","₹53,000",1*,"₹10,00,000*",750,-,-,-,-,-,4617(1),-,-,-,-,-,-
KER Self Fin. Seats,BX,Kerala,"Malankara Orthodox, Kolechery",PSYCHIATRY,"₹18,49,748*","₹53,000",0,₹0,1110,-,-,-,-,-,4664(1),4664(1),-,-,-,-,-
KER Self Fin. Seats,SM,Kerala,"Amala IMS, Thrissur",PHYSIOLOGY,"₹11,23,062*","₹53,000",0,₹0,640,4845(1),-,5466(1),-,-,4251(1),4670(1),-,-,-,-,-
KER Self Fin. Seats,SC,Kerala,"Amala IMS, Thrissur",PHYSIOLOGY,"₹11,23,062*","₹53,000",0,₹0,640,-,-,-,-,-,4670(1),-,-,-,-,-,-
KER Self Fin. Seats,ST,Kerala,"Amala IMS, Thrissur",RADIO DIAGNOSIS,"₹18,49,748*","₹53,000",0,₹0,640,-,-,-,-,-,2805(1),4688(1),-,-,-,-,-
KER Self Fin. Seats,EW,Kerala,"Sree Gokulam, Trivandrum",OPHTHALMOLOGY,"₹17,49,006*","₹53,000",0,₹0,760,-,-,-,-,-,4742(1),4742(1),-,-,-,-,-
KER SF NRI Seats,NC,Kerala,"Believers Church, Thiruvalla",OBG,"₹38,86,680*","₹53,000",0,₹0,750,4654(1),4767(1),4767(1),-,-,4754(1),4754(1),-,-,-,-,-
KER SF NRI Seats,NC,Kerala,"Dr Somervel Mem, Karakonam",OPHTHALMOLOGY,"₹38,86,680*","₹53,000",0,₹0,695,-,-,-,-,-,-,-,-,4756(1),-,-,-
KER SF NRI Seats,NC,Kerala,"Pushpagiri IMS, Tiruvalla",PAEDIATRICS,"₹38,86,680*","₹43,000",0,₹0,955,3648(2),4242(2),4242(2),-,-,3969(2),4808(2),-,-,-,-,-
KER Govt Quota,ST,Kerala,"Govt Med Coll, Kottayam",OBG,"₹69,470*","₹57,876",1*,"₹50,00,000*",Info Not Available,-,-,-,-,-,4810(1),4810(1),-,-,-,-,-
KER Govt Quota,BH,Kerala,"Govt Med Coll, Kozhikode",PHYSIOLOGY,"₹69,470*","₹57,876",1*,"₹50,00,000*",3025,-,-,-,-,-,4826(1),4826(1),-,-,-,-,-
KER Govt Quota,WD,Kerala,"Medical College, Trivandrum",OBG,"₹69,470*","₹57,876",1*,"₹50,00,000*",2126,-,-,-,-,-,4843(1),4843(1),-,-,-,-,-
KER Self Fin. Seats,SM,Kerala,"MES Med Coll, Malappuram",BIOCHEMISTRY,"₹11,23,062*","₹53,000",1*,"₹10,00,000*",680,-,-,-,-,-,4857(1),-,-,-,-,-,-
KER Self Fin. Seats,AC,Kerala,"Amala IMS, Thrissur",SPM,"₹11,23,062*","₹53,000",0,₹0,640,4560(3),-,5360(3),-,-,4716(2),4880(2),-,-,-,-,-
KER SF NRI Seats,NR,Kerala,"PK Das IMS, Palakkad",GENERAL SURGERY,"₹37,01,600*","₹53,000",1*,"₹10,00,000*",750,-,-,-,-,-,4320(1),4899(1),-,-,-,-,-
KER Govt Quota,ST,Kerala,"TD Med Coll, Allepey",PSYCHIATRY,"₹69,470*","₹57,876",1*,"₹50,00,000*",1050,-,-,5429(1),5615(1),-,4927(1),4927(1),-,-,-,-,-
KER Self Fin. Seats,AC,Kerala,"Pushpagiri IMS, Tiruvalla",SPM,"₹11,23,062*","₹43,000",0,₹0,955,4744(2),4744(2),4744(2),-,-,4880(2),4941(2),-,-,-,-,-
KER SF NRI Seats,NR,Kerala,"Al-Azhar Med Coll, Thodupuzha",ORTHOPAEDICS,"₹38,86,680*","₹40,000",0,₹0,700,-,-,4562(1),-,-,4342(1),4948(1),-,-,-,-,-
KER Govt Quota,ST,Kerala,"Medical College, Trivandrum",TBRD,"₹69,470*","₹57,876",1*,"₹50,00,000*",2126,-,-,-,-,-,2290(1),4953(1),-,-,-,-,-
KER Govt Quota,GEN-PD,Kerala,"Govt Med Coll, Kozhikode",GENERAL MEDICINE,"₹69,470*","₹57,876",1*,"₹50,00,000*",3025,-,-,-,-,-,4976(1),4976(1),-,-,-,-,-
KER Govt Quota,SC,Kerala,"Govt Med Coll, Kozhikode",ANATOMY,"₹69,470*","₹57,876",1*,"₹50,00,000*",3025,-,-,-,-,-,4995(1),4995(1),-,-,-,-,-
KER Self Fin. Seats,KU,Kerala,"Sree Gokulam, Trivandrum",PATHOLOGY,"₹10,61,897*","₹53,000",0,₹0,760,-,-,-,-,-,4966(1),5017(1),-,-,-,-,-
KER Self Fin. Seats,SC,Kerala,"MES Med Coll, Malappuram",DCP,"₹7,51,644*","₹53,000",1*,"₹10,00,000*",680,4759(1),-,4759(1),5261(2),5261(1),5024(1),-,-,-,-,-,-
KER Govt Quota,HQ Serv,Kerala,"Govt Med Coll, Thrissur",FORENSIC MEDICINE,"₹69,470*","₹57,876",1*,"₹50,00,000*",1400,-,-,-,-,-,5032(1),5019(1),-,-,-,-,-
KER Self Fin. Seats,MU,Kerala,"Jubilee Mission, Thrissur",SPM,"₹11,23,062*","₹53,000",0,₹0,1450,-,-,-,-,-,4040(1),5052(1),-,-,-,-,-
KER Self Fin. Seats,SM,Kerala,"Azeezia IMS, Kollam",PHARMACOLOGY,"₹11,23,062*","₹53,000",0,₹0,540,4632(1),-,5553(1),-,-,5064(1),-,-,-,-,-,-
KER Self Fin. Seats,SM,Kerala,"MES Med Coll, Malappuram",PHARMACOLOGY,"₹11,23,062*","₹53,000",1*,"₹10,00,000*",680,4886(1),-,5630(1),-,-,5052(2),5080(2),-,-,-,-,-
KER Self Fin. Seats,SM,Kerala,"PK Das IMS, Palakkad",PHARMACOLOGY,"₹10,69,583*","₹53,000",1*,"₹10,00,000*",750,-,-,5672(1),-,-,5080(1),-,-,-,-,-,-
KER Self Fin. Seats,MU,Kerala,"Amala IMS, Thrissur",SPM,"₹11,23,062*","₹53,000",0,₹0,640,-,-,-,-,-,4425(1),5082(1),-,-,-,-,-
KER Govt Quota,EZ,Kerala,"Medical College, Trivandrum",ANATOMY,"₹69,470*","₹57,876",1*,"₹50,00,000*",2126,-,-,-,-,-,2792(1),5094(1),-,-,-,-,-
KER Self Fin. Seats,EZ,Kerala,"PK Das IMS, Palakkad",PHARMACOLOGY,"₹10,69,583*","₹53,000",1*,"₹10,00,000*",750,-,-,-,-,-,5095(1),-,-,-,-,-,-
KER Self Fin. Seats,AC,Kerala,"Dr Somervel Mem, Karakonam",PATHOLOGY,"₹93,562*","₹53,000",0,₹0,695,-,-,-,-,-,-,-,-,5231(1),-,-,-
KER SF NRI Seats,NC,Kerala,"Dr Somervel Mem, Karakonam",GENERAL SURGERY,"₹38,86,680*","₹53,000",0,₹0,695,-,-,-,-,-,-,-,-,5442(1),-,-,-
KER Govt Quota,ST,Kerala,"Govt of Med Sci, Pariyaram",SPM,"₹69,470*","₹57,876",1*,"₹50,00,000*",1752,-,-,-,-,-,-,-,-,-,5520(1),-,-
KER Self Fin. Seats,SM,Kerala,"Malabar Med Coll, Kozhikode",BIOCHEMISTRY,"₹11,23,062*","₹53,000",1,"₹20,00,000",720,-,-,-,-,-,-,-,-,-,-,5549(1),-
KER Self Fin. Seats,SM,Kerala,"KMCT Med Coll, Kozhikode",BIOCHEMISTRY,"₹11,23,062*","₹53,000",0,₹0,790,-,-,-,-,-,-,4527(2),-,-,-,5648(2),-
KER Self Fin. Seats,SM,Kerala,"Sree Gokulam, Trivandrum",PHYSIOLOGY,"₹10,61,897*","₹53,000",0,₹0,760,-,-,5600(2),-,-,4463(1),-,-,5758(1),-,-,-
KER Self Fin. Seats,SM,Kerala,"Dr Somervel Mem, Karakonam",MICROBIOLOGY,"₹11,23,062*","₹53,000",0,₹0,695,-,-,-,-,-,-,-,-,-,-,5794(2),-
KER Self Fin. Seats,SM,Kerala,"MES Med Coll, Malappuram",ANATOMY,"₹11,23,062*","₹53,000",1*,"₹10,00,000*",680,-,-,5315(1),-,-,-,-,-,-,-,5820(1),-
KER Self Fin. Seats,SM,Kerala,"KMCT Med Coll, Kozhikode",PHYSIOLOGY,"₹11,23,062*","₹53,000",0,₹0,790,-,-,-,-,-,-,-,-,5787(1),-,5846(1),-
KER Self Fin. Seats,SM,Kerala,"Amala IMS, Thrissur",BIOCHEMISTRY,"₹11,23,062*","₹53,000",0,₹0,640,4726(1),-,5607(1),-,-,3849(1),-,-,-,-,5862(1),-
KER Self Fin. Seats,SM,Kerala,"Malabar Med Coll, Kozhikode",ANATOMY,"₹11,23,062*","₹53,000",1,"₹20,00,000",720,-,-,-,-,-,-,-,-,-,-,5863(1),-
KER Govt Quota,SM,Kerala,"Govt Med Coll, Kottayam",DERMATOLOGY,"₹69,470*","₹57,876",1*,"₹50,00,000*",Info Not Available,44(1),44(1),44(1),-,-,-,-,-,-,-,-,-
KER Govt Quota,EW,Kerala,"Govt Med Coll, Kozhikode",DERMATOLOGY,"₹69,470*","₹57,876",1*,"₹50,00,000*",3025,54(1),54(1),54(1),-,-,-,-,-,-,-,-,-
KER Govt Quota,EW,Kerala,"Govt Med Coll, Thrissur",RADIO DIAGNOSIS,"₹69,470*","₹57,876",1*,"₹50,00,000*",1400,61(1),61(1),61(1),-,-,-,-,-,-,-,-,-
KER Govt Quota,SM,Kerala,"Govt Med Coll, Manjeri",DERMATOLOGY,"₹69,470*","₹57,876",1*,"₹50,00,000*",500,62(1),69(1),69(1),-,-,-,-,-,-,-,-,-
KER Govt Quota,EZ,Kerala,"Govt Med Coll, Kottayam",RADIO DIAGNOSIS,"₹69,470*","₹57,876",1*,"₹50,00,000*",Info Not Available,-,86(1),86(1),-,-,-,-,-,-,-,-,-
KER Govt Quota,BH,Kerala,"Medical College, Trivandrum",DERMATOLOGY,"₹69,470*","₹57,876",1*,"₹50,00,000*",2126,91(1),91(1),91(1),-,-,-,-,-,-,-,-,-
KER Govt Quota,EZ,Kerala,"Govt Med Coll, Kozhikode",DERMATOLOGY,"₹69,470*","₹57,876",1*,"₹50,00,000*",3025,92(1),92(1),92(1),-,-,-,-,-,-,-,-,-
KER Govt Quota,EZ,Kerala,"TD Med Coll, Allepey",GENERAL MEDICINE,"₹69,470*","₹57,876",1*,"₹50,00,000*",1050,89(1),115(1),115(1),-,-,-,-,-,-,-,-,-
KER Govt Quota,BH,Kerala,"Govt Med Coll, Thrissur",RADIO DIAGNOSIS,"₹69,470*","₹57,876",1*,"₹50,00,000*",1400,120(1),120(1),120(1),-,-,-,-,-,-,-,-,-
KER Govt Quota,MU,Kerala,"Govt Med Coll, Kottayam",DERMATOLOGY,"₹69,470*","₹57,876",1*,"₹50,00,000*",Info Not Available,69(1),130(1),130(1),-,-,-,-,-,-,-,-,-
KER Govt Quota,SM,Kerala,"Govt Med Coll, Ernakulam",GENERAL MEDICINE,"₹69,470*","₹57,876",1*,"₹50,00,000*",700,82(1),131(1),131(1),-,-,-,-,-,-,-,-,-
KER Govt Quota,EZ,Kerala,"Govt of Med Sci, Pariyaram",GENERAL MEDICINE,"₹69,470*","₹57,876",1*,"₹50,00,000*",1752,110(1),134(1),134(1),-,-,-,-,-,-,-,-,-
KER Govt Quota,SM,Kerala,"Govt Med Coll, Thrissur",RADIO DIAGNOSIS,"₹69,470*","₹57,876",1*,"₹50,00,000*",1400,46(1),57(1),159(1),-,-,-,-,-,-,-,-,-
KER Govt Quota,EW,Kerala,"Govt Med Coll, Ernakulam",GENERAL MEDICINE,"₹69,470*","₹57,876",1*,"₹50,00,000*",700,180(1),180(1),180(1),-,-,-,-,-,-,-,-,-
KER Govt Quota,SC,Kerala,"TD Med Coll, Allepey",RADIO DIAGNOSIS,"₹69,470*","₹57,876",1*,"₹50,00,000*",1050,266(1),266(1),266(1),-,-,-,-,-,-,-,-,-
KER Govt Quota,EW,Kerala,"Govt Med Coll, Kozhikode",TBRD,"₹69,470*","₹57,876",1*,"₹50,00,000*",3025,248(1),356(1),356(1),-,-,-,-,-,-,-,-,-
KER Govt Quota,MU,Kerala,"Govt Med Coll, Kozhikode",RADIO DIAGNOSIS,"₹69,470*","₹57,876",1*,"₹50,00,000*",3025,31(1),77(1),360(1),-,-,-,-,-,-,-,-,-
KER Govt Quota,HQ Serv,Kerala,"Medical College, Trivandrum",DERMATOLOGY,"₹69,470*","₹57,876",1*,"₹50,00,000*",2126,-,372(1),372(1),-,-,-,-,-,-,-,-,-
KER Govt Quota,EZ,Kerala,"Govt Med Coll, Kozhikode",ORTHOPAEDICS,"₹69,470*","₹57,876",1*,"₹50,00,000*",3025,373(1),373(1),373(1),-,-,-,-,-,-,-,-,-
KER Govt Quota,LA,Kerala,"Govt Med Coll, Kozhikode",PAEDIATRICS,"₹69,470*","₹57,876",1*,"₹50,00,000*",3025,212(1),390(1),390(1),-,-,-,-,-,-,-,-,-
KER Self Fin. Seats,SM,Kerala,"Jubilee Mission, Thrissur",RADIO DIAGNOSIS,"₹18,49,748*","₹53,000",0,₹0,1450,388(2),388(2),398(2),-,-,-,-,-,-,-,-,-
KER Govt Quota,MU,Kerala,"Govt of Med Sci, Pariyaram",PAEDIATRICS,"₹69,470*","₹57,876",1*,"₹50,00,000*",1752,235(1),403(1),403(1),-,-,-,-,-,-,-,-,-
KER Govt Quota,BH,Kerala,"Govt Med Coll, Kottayam",ORTHOPAEDICS,"₹69,470*","₹57,876",1*,"₹50,00,000*",Info Not Available,409(1),409(1),409(1),-,-,-,-,-,-,-,-,-
KER Govt Quota,SM,Kerala,"Govt of Med Sci, Pariyaram",TBRD,"₹69,470*","₹57,876",1*,"₹50,00,000*",1752,241(1),375(1),416(1),-,-,-,-,-,-,-,-,-
KER Govt Quota,BH,Kerala,"Medical College, Trivandrum",TBRD,"₹69,470*","₹57,876",1*,"₹50,00,000*",2126,321(1),425(1),425(1),-,-,-,-,-,-,-,-,-
KER Govt Quota,EZ,Kerala,"Govt Med Coll, Kottayam",TBRD,"₹69,470*","₹57,876",1*,"₹50,00,000*",Info Not Available,269(1),444(1),444(1),-,-,-,-,-,-,-,-,-
KER Govt Quota,LA,Kerala,"TD Med Coll, Allepey",ORTHOPAEDICS,"₹69,470*","₹57,876",1*,"₹50,00,000*",1050,317(1),466(1),466(1),-,-,-,-,-,-,-,-,-
KER Govt Quota,MU,Kerala,"Govt of Med Sci, Pariyaram",OBG,"₹69,470*","₹57,876",1*,"₹50,00,000*",1752,422(1),514(1),514(1),-,-,-,-,-,-,-,-,-
KER Self Fin. Seats,BH,Kerala,"Amala IMS, Thrissur",RADIO DIAGNOSIS,"₹18,49,748*","₹53,000",0,₹0,640,567(1),567(1),567(1),-,-,-,-,-,-,-,-,-
KER Self Fin. Seats,MU,Kerala,"Jubilee Mission, Thrissur",GENERAL MEDICINE,"₹18,49,748*","₹53,000",0,₹0,1450,581(1),581(1),581(1),-,-,-,-,-,-,-,-,-
KER Govt Quota,SM,Kerala,"Govt of Med Sci, Pariyaram",EMERGENCY MEDICINE,"₹69,470*","₹57,876",1*,"₹50,00,000*",1752,134(1),257(1),601(1),-,-,-,-,-,-,-,-,-
KER Self Fin. Seats,AC,Kerala,"Pushpagiri IMS, Tiruvalla",DERMATOLOGY,"₹18,49,748*","₹43,000",0,₹0,955,231(1),624(1),624(1),-,-,-,-,-,-,-,-,-
KER Self Fin. Seats,SM,Kerala,"Amala IMS, Thrissur",OBG,"₹18,49,748*","₹53,000",0,₹0,640,637(1),637(1),637(1),-,-,-,-,-,-,-,-,-
KER Govt Quota,EW,Kerala,"Medical College, Trivandrum",EMERGENCY MEDICINE,"₹69,470*","₹57,876",1*,"₹50,00,000*",2126,298(1),644(1),644(1),-,-,-,-,-,-,-,-,-
KER Govt Quota,BX,Kerala,"Govt Med Coll, Kozhikode",PAEDIATRICS,"₹69,470*","₹57,876",1*,"₹50,00,000*",3025,675(1),675(1),675(1),-,-,-,-,-,-,-,-,-
KER Govt Quota,EZ,Kerala,"Govt Med Coll, Kozhikode",OBG,"₹69,470*","₹57,876",1*,"₹50,00,000*",3025,391(1),690(1),690(1),-,-,-,-,-,-,-,-,-
KER Self Fin. Seats,MU,Kerala,"Jubilee Mission, Thrissur",DERMATOLOGY,"₹18,49,748*","₹53,000",0,₹0,1450,696(1),696(1),696(1),-,-,-,-,-,-,-,-,-
KER Govt Quota,MQ Serv,Kerala,"Govt Med Coll, Kottayam",GENERAL SURGERY,"₹69,470*","₹57,876",1*,"₹50,00,000*",Info Not Available,-,702(1),702(1),-,-,-,-,-,-,-,-,-
KER Govt Quota,MU,Kerala,"TD Med Coll, Allepey",TBRD,"₹69,470*","₹57,876",1*,"₹50,00,000*",1050,361(1),361(1),671(1),712(1),-,-,-,-,-,-,-,-
KER Govt Quota,BH,Kerala,"Govt Med Coll, Kozhikode",GENERAL SURGERY,"₹69,470*","₹57,876",1*,"₹50,00,000*",3025,491(1),728(1),728(1),-,-,-,-,-,-,-,-,-
KER Govt Quota,BH,Kerala,"Govt Med Coll, Kottayam",OBG,"₹69,470*","₹57,876",1*,"₹50,00,000*",Info Not Available,652(1),738(1),738(1),-,-,-,-,-,-,-,-,-
KER Govt Quota,HQ Serv,Kerala,"Govt Med Coll, Thrissur",DERMATOLOGY,"₹69,470*","₹57,876",1*,"₹50,00,000*",1400,-,753(1),753(1),-,-,-,-,-,-,-,-,-
KER Self Fin. Seats,SC,Kerala,"Travancore Med Coll, Kollam",RADIO DIAGNOSIS,"₹18,49,748*","₹50,000",0*,₹0*,750,774(1),774(1),774(1),-,-,-,-,-,-,-,-,-
KER Self Fin. Seats,EZ,Kerala,"Sree Gokulam, Trivandrum",RADIO DIAGNOSIS,"₹17,49,006*","₹53,000",0,₹0,760,779(1),779(1),779(1),-,-,-,-,-,-,-,-,-
KER Govt Quota,SM,Kerala,"Medical College, Trivandrum",PMR,"₹69,470*","₹57,876",1*,"₹50,00,000*",2126,791(1),800(1),800(1),-,-,-,-,-,-,-,-,-
KER Self Fin. Seats,AC,Kerala,"Malankara Orthodox, Kolechery",GENERAL MEDICINE,"₹18,49,748*","₹53,000",0,₹0,1110,830(1),830(1),862(1),-,-,-,-,-,-,-,-,-
KER Self Fin. Seats,EZ,Kerala,"MES Med Coll, Malappuram",DERMATOLOGY,"₹18,49,748*","₹53,000",1*,"₹10,00,000*",680,870(1),870(1),870(1),-,-,-,-,-,-,-,-,-
KER Govt Quota,SM,Kerala,"TD Med Coll, Allepey",GENERAL SURGERY,"₹69,470*","₹57,876",1*,"₹50,00,000*",1050,442(1),529(1),872(1),-,-,-,-,-,-,-,-,-
KER Self Fin. Seats,SM,Kerala,"Dr Somervel Mem, Karakonam",RADIO DIAGNOSIS,"₹18,49,748*","₹53,000",0,₹0,695,880(1),880(1),880(1),-,-,-,-,-,-,-,-,-
KER Govt Quota,EZ,Kerala,"Govt Med Coll, Kottayam",DERMATOLOGY,"₹69,470*","₹57,876",1*,"₹50,00,000*",Info Not Available,-,-,487(1),900(1),-,-,-,-,-,-,-,-
KER Self Fin. Seats,MU,Kerala,"Sree Gokulam, Trivandrum",RADIO DIAGNOSIS,"₹17,49,006*","₹53,000",0,₹0,760,906(1),906(1),906(1),-,-,-,-,-,-,-,-,-
KER Govt Quota,MU,Kerala,"Govt Med Coll, Ernakulam",PSYCHIATRY,"₹69,470*","₹57,876",1*,"₹50,00,000*",700,911(1),911(1),911(1),-,-,-,-,-,-,-,-,-
KER Self Fin. Seats,SM,Kerala,"Jubilee Mission, Thrissur",ORTHOPAEDICS,"₹18,49,748*","₹53,000",0,₹0,1450,963(1),963(1),963(1),-,-,-,-,-,-,-,-,-
KER Govt Quota,HQ Serv,Kerala,"Medical College, Trivandrum",RADIO DIAGNOSIS,"₹69,470*","₹57,876",1*,"₹50,00,000*",2126,-,971(1),971(1),-,-,-,-,-,-,-,-,-
KER Self Fin. Seats,EZ,Kerala,"Amala IMS, Thrissur",OBG,"₹18,49,748*","₹53,000",0,₹0,640,998(1),998(1),998(1),-,-,-,-,-,-,-,-,-
KER Govt Quota,MU,Kerala,"Govt Med Coll, Kozhikode",OPHTHALMOLOGY,"₹69,470*","₹57,876",1*,"₹50,00,000*",3025,748(1),1047(1),1047(1),-,-,-,-,-,-,-,-,-
KER Govt Quota,KU,Kerala,"Govt Med Coll, Kottayam",GENERAL MEDICINE,"₹69,470*","₹57,876",1*,"₹50,00,000*",Info Not Available,1062(1),1062(1),1062(1),-,-,-,-,-,-,-,-,-
KER Self Fin. Seats,EZ,Kerala,"Believers Church, Thiruvalla",GENERAL MEDICINE,"₹18,49,748*","₹53,000",0,₹0,750,1065(1),1065(1),1065(1),-,-,-,-,-,-,-,-,-
KER Govt Quota,SC,Kerala,"Govt Med Coll, Kozhikode",PSYCHIATRY,"₹69,470*","₹57,876",1*,"₹50,00,000*",3025,1066(1),1066(1),1066(1),-,-,-,-,-,-,-,-,-
KER Self Fin. Seats,SM,Kerala,"Sree Gokulam, Trivandrum",PAEDIATRICS,"₹17,49,006*","₹53,000",0,₹0,760,1096(1),1096(1),1096(1),-,-,-,-,-,-,-,-,-
KER Self Fin. Seats,KU,Kerala,"KMCT Med Coll, Kozhikode",GENERAL MEDICINE,"₹18,49,748*","₹53,000",0,₹0,790,1140(1),1140(1),1140(1),-,-,-,-,-,-,-,-,-
KER Govt Quota,EZ,Kerala,"Govt Med Coll, Thrissur",PSYCHIATRY,"₹69,470*","₹57,876",1*,"₹50,00,000*",1400,1159(1),1159(1),1159(1),-,-,-,-,-,-,-,-,-
KER Govt Quota,KU,Kerala,"Medical College, Trivandrum",RADIO DIAGNOSIS,"₹69,470*","₹57,876",1*,"₹50,00,000*",2126,1173(1),1173(1),1173(1),-,-,-,-,-,-,-,-,-
KER Self Fin. Seats,EZ,Kerala,"Amala IMS, Thrissur",PAEDIATRICS,"₹18,49,748*","₹53,000",0,₹0,640,1180(1),1180(1),1180(1),-,-,-,-,-,-,-,-,-
KER Govt Quota,SC,Kerala,"Govt Med Coll, Kottayam",GENERAL MEDICINE,"₹69,470*","₹57,876",1*,"₹50,00,000*",Info Not Available,1226(1),1226(1),1226(1),-,-,-,-,-,-,-,-,-
KER Govt Quota,EW,Kerala,"Medical College, Trivandrum",ORTHOPAEDICS,"₹69,470*","₹57,876",1*,"₹50,00,000*",2126,1257(2),1257(2),1257(2),-,-,-,-,-,-,-,-,-
KER Govt Quota,EW,Kerala,"Govt Med Coll, Thrissur",GENERAL SURGERY,"₹69,470*","₹57,876",1*,"₹50,00,000*",1400,1203(2),1267(2),1267(2),-,-,-,-,-,-,-,-,-
KER Govt Quota,EW,Kerala,"Govt Med Coll, Thrissur",ORTHOPAEDICS,"₹69,470*","₹57,876",1*,"₹50,00,000*",1400,1274(1),1274(1),1274(1),-,-,-,-,-,-,-,-,-
KER Govt Quota,SM,Kerala,"TD Med Coll, Allepey",ANAESTHESIOLOGY,"₹69,470*","₹57,876",1*,"₹50,00,000*",1050,839(1),1015(1),1278(2),-,-,-,-,-,-,-,-,-
KER Govt Quota,MU,Kerala,"Medical College, Trivandrum",ENT,"₹69,470*","₹57,876",1*,"₹50,00,000*",2126,586(1),1246(1),1310(1),-,-,-,-,-,-,-,-,-
KER Self Fin. Seats,SM,Kerala,"Jubilee Mission, Thrissur",TBRD,"₹18,49,748*","₹53,000",0,₹0,1450,1004(1),1356(1),1356(1),-,-,-,-,-,-,-,-,-
KER Govt Quota,EW,Kerala,"Govt Med Coll, Kottayam",ORTHOPAEDICS,"₹69,470*","₹57,876",1*,"₹50,00,000*",Info Not Available,1277(1),1365(1),1365(1),-,-,-,-,-,-,-,-,-
KER Self Fin. Seats,EZ,Kerala,"MES Med Coll, Malappuram",RADIO DIAGNOSIS,"₹18,49,748*","₹53,000",1*,"₹10,00,000*",680,398(1),398(1),1369(1),-,-,-,-,-,-,-,-,-
KER Self Fin. Seats,SC,Kerala,"Amala IMS, Thrissur",DERMATOLOGY,"₹18,49,748*","₹53,000",0,₹0,640,1139(1),1139(1),1413(1),-,-,-,-,-,-,-,-,-
KER Self Fin. Seats,SM,Kerala,"DM Wayanad IMS, Wayanad",GENERAL MEDICINE,"₹18,49,748*","₹53,000",0,₹0,700,1308(2),1419(2),1419(2),-,-,-,-,-,-,-,-,-
KER Govt Quota,MU,Kerala,"Govt Med Coll, Kottayam",ENT,"₹69,470*","₹57,876",1*,"₹50,00,000*",Info Not Available,884(1),1308(1),1420(1),-,-,-,-,-,-,-,-,-
KER Govt Quota,BX,Kerala,"Govt of Med Sci, Pariyaram",ANAESTHESIOLOGY,"₹69,470*","₹57,876",1*,"₹50,00,000*",1752,1421(1),1421(1),1421(1),-,-,-,-,-,-,-,-,-
KER Self Fin. Seats,BH,Kerala,"Sree Gokulam, Trivandrum",PAEDIATRICS,"₹17,49,006*","₹53,000",0,₹0,760,1424(1),1424(1),1424(1),-,-,-,-,-,-,-,-,-
KER Self Fin. Seats,MU,Kerala,"Pushpagiri IMS, Tiruvalla",TBRD,"₹18,49,748*","₹43,000",0,₹0,955,1459(1),1459(1),1459(1),-,-,-,-,-,-,-,-,-
KER Govt Quota,BH,Kerala,"Govt Med Coll, Kottayam",ENT,"₹69,470*","₹57,876",1*,"₹50,00,000*",Info Not Available,907(1),1461(1),1461(1),-,-,-,-,-,-,-,-,-
KER Govt Quota,SC,Kerala,"Medical College, Trivandrum",TBRD,"₹69,470*","₹57,876",1*,"₹50,00,000*",2126,837(1),1476(1),1476(1),-,-,-,-,-,-,-,-,-
KER Self Fin. Seats,SM,Kerala,"Believers Church, Thiruvalla",ORTHOPAEDICS,"₹18,49,748*","₹53,000",0,₹0,750,1482(1),1482(1),1482(1),-,-,-,-,-,-,-,-,-
KER Govt Quota,BH,Kerala,"TD Med Coll, Allepey",OPHTHALMOLOGY,"₹69,470*","₹57,876",1*,"₹50,00,000*",1050,1099(1),1099(1),1536(1),-,-,-,-,-,-,-,-,-
KER Govt Quota,EZ,Kerala,"Govt Med Coll, Manjeri",ENT,"₹69,470*","₹57,876",1*,"₹50,00,000*",500,1129(1),1129(1),1543(1),-,-,-,-,-,-,-,-,-
KER Govt Quota,EZ,Kerala,"Govt Med Coll, Manjeri",OPHTHALMOLOGY,"₹69,470*","₹57,876",1*,"₹50,00,000*",500,1068(1),1202(1),1546(1),-,-,-,-,-,-,-,-,-
KER Self Fin. Seats,BH,Kerala,"Jubilee Mission, Thrissur",EMERGENCY MEDICINE,"₹18,49,748*","₹53,000",0,₹0,1450,1550(1),1550(1),1550(1),-,-,-,-,-,-,-,-,-
KER Govt Quota,HQ Serv,Kerala,"Medical College, Trivandrum",GENERAL MEDICINE,"₹69,470*","₹57,876",1*,"₹50,00,000*",2126,-,1620(1),1620(1),-,-,-,-,-,-,-,-,-
KER Govt Quota,HQ Serv,Kerala,"Medical College, Trivandrum",TBRD,"₹69,470*","₹57,876",1*,"₹50,00,000*",2126,-,1622(1),1622(1),-,-,-,-,-,-,-,-,-
KER Govt Quota,LA,Kerala,"Govt of Med Sci, Pariyaram",OPHTHALMOLOGY,"₹69,470*","₹57,876",1*,"₹50,00,000*",1752,1501(1),1637(1),1637(1),-,-,-,-,-,-,-,-,-
KER Govt Quota,IQ Serv,Kerala,"Govt Med Coll, Thrissur",DERMATOLOGY,"₹69,470*","₹57,876",1*,"₹50,00,000*",1400,-,1658(1),1658(1),-,-,-,-,-,-,-,-,-
KER Self Fin. Seats,EZ,Kerala,"Al-Azhar Med Coll, Thodupuzha",GENERAL MEDICINE,"₹18,49,748*","₹40,000",0,₹0,700,1662(1),1662(1),1662(1),-,-,-,-,-,-,-,-,-
KER Self Fin. Seats,SM,Kerala,"Pushpagiri IMS, Tiruvalla",TBRD,"₹18,49,748*","₹43,000",0,₹0,955,737(1),737(1),1666(1),-,-,-,-,-,-,-,-,-
KER Self Fin. Seats,MU,Kerala,"Believers Church, Thiruvalla",OBG,"₹18,49,748*","₹53,000",0,₹0,750,1677(1),1677(1),1677(1),-,-,-,-,-,-,-,-,-
KER Govt Quota,LA,Kerala,"Govt Med Coll, Thrissur",TBRD,"₹69,470*","₹57,876",1*,"₹50,00,000*",1400,395(1),395(1),1679(1),-,-,-,-,-,-,-,-,-
KER Govt Quota,MU,Kerala,"RCC, Thiruvananthapuram",ANAESTHESIOLOGY,"₹3,00,000*","₹57,876",1*,"₹50,00,000*",432,1040(1),1680(1),1680(1),-,-,-,-,-,-,-,-,-
KER Self Fin. Seats,SM,Kerala,"Malankara Orthodox, Kolechery",GENERAL SURGERY,"₹18,49,748*","₹53,000",0,₹0,1110,1362(1),1694(1),1694(1),-,-,-,-,-,-,-,-,-
KER Self Fin. Seats,MU,Kerala,"Malankara Orthodox, Kolechery",PAEDIATRICS,"₹18,49,748*","₹53,000",0,₹0,1110,1716(1),1716(1),1716(1),-,-,-,-,-,-,-,-,-
KER Govt Quota,EW,Kerala,"TD Med Coll, Allepey",GENERAL SURGERY,"₹69,470*","₹57,876",1*,"₹50,00,000*",1050,-,-,1719(1),-,-,-,-,-,-,-,-,-
KER Self Fin. Seats,AC,Kerala,"Mount Zion, Pathanamthitta",GENERAL MEDICINE,"₹18,49,748*","₹53,000",0,₹0,604,1733(1),1733(1),1733(1),-,-,-,-,-,-,-,-,-
KER Govt Quota,EW,Kerala,"Govt Med Coll, Thrissur",ANAESTHESIOLOGY,"₹69,470*","₹57,876",1*,"₹50,00,000*",1400,990(1),1423(1),1744(2),-,-,-,-,-,-,-,-,-
KER Govt Quota,LA,Kerala,"Govt Med Coll, Kottayam",PSYCHIATRY,"₹69,470*","₹57,876",1*,"₹50,00,000*",Info Not Available,1812(1),1812(1),1812(1),-,-,-,-,-,-,-,-,-
KER Govt Quota,LA,Kerala,"RCC, Thiruvananthapuram",ANAESTHESIOLOGY,"₹3,00,000*","₹57,876",1*,"₹50,00,000*",432,1679(1),1679(1),1830(1),-,-,-,-,-,-,-,-,-
KER Self Fin. Seats,BH,Kerala,"SreeUthradomThirunal,Trivandrum",TBRD,"₹18,49,748*","₹53,000",0,₹0,-,1706(1),1849(1),1849(1),-,-,-,-,-,-,-,-,-
KER Govt Quota,EW,Kerala,"Govt Med Coll, Kottayam",OPHTHALMOLOGY,"₹69,470*","₹57,876",1*,"₹50,00,000*",Info Not Available,1361(1),1719(1),1854(1),-,-,-,-,-,-,-,-,-
KER Self Fin. Seats,MU,Kerala,"Azeezia IMS, Kollam",GENERAL MEDICINE,"₹18,49,748*","₹53,000",0,₹0,540,1623(1),1858(1),1858(1),-,-,-,-,-,-,-,-,-
KER Self Fin. Seats,SM,Kerala,"Al-Azhar Med Coll, Thodupuzha",TBRD,"₹18,49,748*","₹40,000",0,₹0,700,1861(1),1861(1),1861(1),-,-,-,-,-,-,-,-,-
KER Govt Quota,MU,Kerala,"Govt Med Coll, Thrissur",ENT,"₹69,470*","₹57,876",1*,"₹50,00,000*",1400,-,-,1390(1),1876(1),-,-,-,-,-,-,-,-
KER Govt Quota,SC,Kerala,"Govt Med Coll, Thrissur",PAEDIATRICS,"₹69,470*","₹57,876",1*,"₹50,00,000*",1400,1403(1),1883(1),1883(1),-,-,-,-,-,-,-,-,-
KER Govt Quota,SC,Kerala,"Govt Med Coll, Kottayam",PAEDIATRICS,"₹69,470*","₹57,876",1*,"₹50,00,000*",Info Not Available,1396(1),1403(1),1884(1),-,-,-,-,-,-,-,-,-
KER Govt Quota,LA,Kerala,"Medical College, Trivandrum",RADIATION ONCOLOGY,"₹69,470*","₹57,876",1*,"₹50,00,000*",2126,1887(1),1887(1),1887(1),-,-,-,-,-,-,-,-,-
KER Self Fin. Seats,BH,Kerala,"Jubilee Mission, Thrissur",ANAESTHESIOLOGY,"₹18,49,748*","₹53,000",0,₹0,1450,1902(1),1902(1),1902(1),-,-,-,-,-,-,-,-,-
KER Self Fin. Seats,SM,Kerala,"Malabar Med Coll, Kozhikode",TBRD,"₹18,49,748*","₹53,000",1,"₹20,00,000",720,1669(1),1669(1),1930(1),-,-,-,-,-,-,-,-,-
KER Govt Quota,EW,Kerala,"Govt Med Coll, Kozhikode",RADIATION ONCOLOGY,"₹69,470*","₹57,876",1*,"₹50,00,000*",3025,1971(1),1971(1),-,-,-,-,-,-,-,-,-,-
KER Govt Quota,BX,Kerala,"TD Med Coll, Allepey",ENT,"₹69,470*","₹57,876",1*,"₹50,00,000*",1050,1157(1),1157(1),1973(1),-,-,-,-,-,-,-,-,-
KER Self Fin. Seats,SC,Kerala,"Jubilee Mission, Thrissur",PAEDIATRICS,"₹18,49,748*","₹53,000",0,₹0,1450,2004(1),2004(1),2004(1),-,-,-,-,-,-,-,-,-
KER Self Fin. Seats,EW,Kerala,"SreeUthradomThirunal,Trivandrum",RADIO DIAGNOSIS,"₹18,49,748*","₹53,000",0,₹0,-,-,-,2015(1),-,-,-,-,-,-,-,-,-
KER Self Fin. Seats,MU,Kerala,"Travancore Med Coll, Kollam",GENERAL SURGERY,"₹18,49,748*","₹50,000",0*,₹0*,750,2027(1),2027(1),2027(1),-,-,-,-,-,-,-,-,-
KER Self Fin. Seats,AC,Kerala,"Malankara Orthodox, Kolechery",ORTHOPAEDICS,"₹18,49,748*","₹53,000",0,₹0,1110,2043(1),2043(1),2043(1),-,-,-,-,-,-,-,-,-
KER Self Fin. Seats,EZ,Kerala,"Al-Azhar Med Coll, Thodupuzha",PAEDIATRICS,"₹18,49,748*","₹40,000",0,₹0,700,2057(1),2057(1),2057(1),-,-,-,-,-,-,-,-,-
KER Govt Quota,MQ Serv,Kerala,"Govt Med Coll, Kottayam",GENERAL MEDICINE,"₹69,470*","₹57,876",1*,"₹50,00,000*",Info Not Available,-,2067(1),2067(1),-,-,-,-,-,-,-,-,-
KER Self Fin. Seats,EZ,Kerala,"Amala IMS, Thrissur",GENERAL SURGERY,"₹18,49,748*","₹53,000",0,₹0,640,2091(1),2091(1),2091(1),-,-,-,-,-,-,-,-,-
KER Self Fin. Seats,EW,Kerala,"Malabar Med Coll, Kozhikode",GENERAL MEDICINE,"₹18,49,748*","₹53,000",1,"₹20,00,000",720,2092(1),2092(1),2092(1),-,-,-,-,-,-,-,-,-
KER Govt Quota,SC,Kerala,"Govt Med Coll, Kottayam",GENERAL SURGERY,"₹69,470*","₹57,876",1*,"₹50,00,000*",Info Not Available,1781(2),1781(2),2093(2),-,-,-,-,-,-,-,-,-
KER Self Fin. Seats,MU,Kerala,"DM Wayanad IMS, Wayanad",PAEDIATRICS,"₹18,49,748*","₹53,000",0,₹0,700,1208(1),2108(1),2108(1),-,-,-,-,-,-,-,-,-
KER Govt Quota,EW,Kerala,"Govt of Med Sci, Pariyaram",ENT,"₹69,470*","₹57,876",1*,"₹50,00,000*",1752,1077(1),1077(1),2176(1),-,-,-,-,-,-,-,-,-
KER Govt Quota,SM,Kerala,"Govt Med Coll, Kozhikode",RADIATION ONCOLOGY,"₹69,470*","₹57,876",1*,"₹50,00,000*",3025,952(1),1239(1),2066(2),2193(1),-,-,-,-,-,-,-,-
KER Govt Quota,MU,Kerala,"TD Med Coll, Allepey",RADIATION ONCOLOGY,"₹69,470*","₹57,876",1*,"₹50,00,000*",1050,1441(1),2016(1),2230(1),-,-,-,-,-,-,-,-,-
KER Govt Quota,EZ,Kerala,"Govt Med Coll, Kozhikode",PATHOLOGY,"₹69,470*","₹57,876",1*,"₹50,00,000*",3025,2023(1),2240(1),2240(1),-,-,-,-,-,-,-,-,-
KER Self Fin. Seats,EZ,Kerala,"Jubilee Mission, Thrissur",ORTHOPAEDICS,"₹18,49,748*","₹53,000",0,₹0,1450,2267(1),2267(1),2267(1),-,-,-,-,-,-,-,-,-
KER Self Fin. Seats,EZ,Kerala,"Malankara Orthodox, Kolechery",OBG,"₹18,49,748*","₹53,000",0,₹0,1110,2307(1),2307(1),2307(1),-,-,-,-,-,-,-,-,-
KER Self Fin. Seats,LA,Kerala,"Jubilee Mission, Thrissur",ENT,"₹18,49,748*","₹53,000",0,₹0,1450,2309(1),2309(1),2309(1),-,-,-,-,-,-,-,-,-
KER Self Fin. Seats,BH,Kerala,"Travancore Med Coll, Kollam",OBG,"₹18,49,748*","₹50,000",0*,₹0*,750,2316(1),2316(1),2316(1),-,-,-,-,-,-,-,-,-
KER Govt Quota,SC,Kerala,"Govt Med Coll, Kozhikode",ORTHOPAEDICS,"₹69,470*","₹57,876",1*,"₹50,00,000*",3025,2318(1),2318(1),2318(1),-,-,-,-,-,-,-,-,-
KER Self Fin. Seats,SM,Kerala,"Azeezia IMS, Kollam",ORTHOPAEDICS,"₹18,49,748*","₹53,000",0,₹0,540,2204(1),2325(1),2325(1),-,-,-,-,-,-,-,-,-
KER Self Fin. Seats,EZ,Kerala,"Malabar Med Coll, Kozhikode",ORTHOPAEDICS,"₹18,49,748*","₹53,000",1,"₹20,00,000",720,2347(1),2347(1),2347(1),-,-,-,-,-,-,-,-,-
KER Self Fin. Seats,SC,Kerala,"Malabar Med Coll, Kozhikode",DERMATOLOGY,"₹18,49,748*","₹53,000",1,"₹20,00,000",720,1413(1),1413(1),2377(1),-,-,-,-,-,-,-,-,-
KER Govt Quota,GEN-PD,Kerala,"Govt Med Coll, Kozhikode",RADIO DIAGNOSIS,"₹69,470*","₹57,876",1*,"₹50,00,000*",3025,1013(1),2392(1),2392(1),-,-,-,-,-,-,-,-,-
KER Self Fin. Seats,SC,Kerala,"KMCT Med Coll, Kozhikode",ORTHOPAEDICS,"₹18,49,748*","₹53,000",0,₹0,790,2394(1),2394(1),2394(1),-,-,-,-,-,-,-,-,-
KER Self Fin. Seats,BX,Kerala,"Sree Gokulam, Trivandrum",ORTHOPAEDICS,"₹17,49,006*","₹53,000",0,₹0,760,2399(1),2399(1),2399(1),-,-,-,-,-,-,-,-,-
KER Self Fin. Seats,SC,Kerala,"KMCT Med Coll, Kozhikode",TBRD,"₹18,49,748*","₹53,000",0,₹0,790,2050(1),2401(1),2401(1),-,-,-,-,-,-,-,-,-
KER Self Fin. Seats,MU,Kerala,"Malabar Med Coll, Kozhikode",EMERGENCY MEDICINE,"₹18,49,748*","₹53,000",1,"₹20,00,000",720,1994(1),2406(1),2406(1),-,-,-,-,-,-,-,-,-
KER Self Fin. Seats,EW,Kerala,"PK Das IMS, Palakkad",GENERAL SURGERY,"₹17,61,665*","₹53,000",1*,"₹10,00,000*",750,2419(1),-,-,-,-,-,-,-,-,-,-,-
KER Self Fin. Seats,SC,Kerala,"Pushpagiri IMS, Tiruvalla",GENERAL SURGERY,"₹18,49,748*","₹43,000",0,₹0,955,2434(1),2434(1),2434(1),-,-,-,-,-,-,-,-,-
KER Self Fin. Seats,MU,Kerala,"MES Med Coll, Malappuram",OBG,"₹18,49,748*","₹53,000",1*,"₹10,00,000*",680,1915(1),2453(1),2453(1),-,-,-,-,-,-,-,-,-
KER SF NRI Seats,NR,Kerala,"Travancore Med Coll, Kollam",RADIO DIAGNOSIS,"₹38,86,680*","₹50,000",0*,₹0*,750,2464(1),2464(1),2464(1),-,-,-,-,-,-,-,-,-
KER Self Fin. Seats,EZ,Kerala,"Malankara Orthodox, Kolechery",ANAESTHESIOLOGY,"₹18,49,748*","₹53,000",0,₹0,1110,2475(1),2475(1),2475(1),-,-,-,-,-,-,-,-,-
KER Govt Quota,HQ Serv,Kerala,"Govt Med Coll, Kozhikode",ANAESTHESIOLOGY,"₹69,470*","₹57,876",1*,"₹50,00,000*",3025,-,2480(1),2480(1),-,-,-,-,-,-,-,-,-
KER Self Fin. Seats,EZ,Kerala,"SreeUthradomThirunal,Trivandrum",PAEDIATRICS,"₹18,49,748*","₹53,000",0,₹0,-,1386(1),2508(1),2508(1),-,-,-,-,-,-,-,-,-
KER Self Fin. Seats,BH,Kerala,"Malabar Med Coll, Kozhikode",ENT,"₹18,49,748*","₹53,000",1,"₹20,00,000",720,2537(1),2537(1),2537(1),-,-,-,-,-,-,-,-,-
KER Self Fin. Seats,BH,Kerala,"DM Wayanad IMS, Wayanad",ORTHOPAEDICS,"₹18,49,748*","₹53,000",0,₹0,700,2553(1),2553(1),2553(1),-,-,-,-,-,-,-,-,-
KER Self Fin. Seats,EZ,Kerala,"Travancore Med Coll, Kollam",EMERGENCY MEDICINE,"₹18,49,748*","₹50,000",0*,₹0*,750,2349(1),2556(1),2556(1),-,-,-,-,-,-,-,-,-
KER Self Fin. Seats,BH,Kerala,"Sree Narayana IMS, Ernakulam",ORTHOPAEDICS,"₹17,49,006*","₹53,000",0,₹0,Info Not Available,2564(1),2564(1),2564(1),-,-,-,-,-,-,-,-,-
KER Govt Quota,SC,Kerala,"Govt Med Coll, Thrissur",OBG,"₹69,470*","₹57,876",1*,"₹50,00,000*",1400,2020(2),2245(2),2567(2),-,-,-,-,-,-,-,-,-
KER Self Fin. Seats,LA,Kerala,"Travancore Med Coll, Kollam",GENERAL MEDICINE,"₹18,49,748*","₹50,000",0*,₹0*,750,2600(1),2600(1),2600(1),-,-,-,-,-,-,-,-,-
KER Govt Quota,EZ,Kerala,"Govt Med Coll, Kollam",PATHOLOGY,"₹69,470*","₹57,876",1*,"₹50,00,000*",500,2152(1),2602(1),2602(1),-,-,-,-,-,-,-,-,-
KER Govt Quota,EZ,Kerala,"RCC, Thiruvananthapuram",RADIATION ONCOLOGY,"₹3,00,000*","₹57,876",1*,"₹50,00,000*",432,1228(1),2609(1),2609(1),-,-,-,-,-,-,-,-,-
KER Self Fin. Seats,BH,Kerala,"MES Med Coll, Malappuram",ENT,"₹18,49,748*","₹53,000",1*,"₹10,00,000*",680,2618(1),2618(1),2618(1),-,-,-,-,-,-,-,-,-
KER Self Fin. Seats,SC,Kerala,"Azeezia IMS, Kollam",GENERAL MEDICINE,"₹18,49,748*","₹53,000",0,₹0,540,2643(1),2643(1),2643(1),-,-,-,-,-,-,-,-,-
KER Govt Quota,EZ,Kerala,"Govt Med Coll, Thrissur",PHARMACOLOGY,"₹69,470*","₹57,876",1*,"₹50,00,000*",1400,2654(1),2654(1),2654(1),-,-,-,-,-,-,-,-,-
KER Self Fin. Seats,SC,Kerala,"Sree Narayana IMS, Ernakulam",GENERAL MEDICINE,"₹17,49,006*","₹53,000",0,₹0,Info Not Available,2401(1),2660(1),2660(1),-,-,-,-,-,-,-,-,-
KER Self Fin. Seats,SM,Kerala,"Dr Somervel Mem, Karakonam",ENT,"₹18,49,748*","₹53,000",0,₹0,695,-,-,2662(1),-,-,-,-,-,-,-,-,-
KER Self Fin. Seats,SC,Kerala,"MES Med Coll, Malappuram",PSYCHIATRY,"₹18,49,748*","₹53,000",1*,"₹10,00,000*",680,2660(1),2668(1),2668(1),-,-,-,-,-,-,-,-,-
KER Self Fin. Seats,EZ,Kerala,"DM Wayanad IMS, Wayanad",PAEDIATRICS,"₹18,49,748*","₹53,000",0,₹0,700,2490(1),2674(1),2674(1),-,-,-,-,-,-,-,-,-
KER Self Fin. Seats,SM,Kerala,"Azeezia IMS, Kollam",ANAESTHESIOLOGY,"₹18,49,748*","₹53,000",0,₹0,540,2662(1),2662(1),2680(1),-,-,-,-,-,-,-,-,-
KER Govt Quota,MQ Serv,Kerala,"Govt Med Coll, Kozhikode",OBG,"₹69,470*","₹57,876",1*,"₹50,00,000*",3025,-,2681(1),2681(1),-,-,-,-,-,-,-,-,-
KER Govt Quota,HQ Serv,Kerala,"Govt of Med Sci, Pariyaram",GENERAL SURGERY,"₹69,470*","₹57,876",1*,"₹50,00,000*",1752,-,-,2682(1),-,-,-,-,-,-,-,-,-
KER Govt Quota,BH,Kerala,"Govt Med Coll, Kollam",SPM,"₹69,470*","₹57,876",1*,"₹50,00,000*",500,2685(1),2685(1),2685(1),-,-,-,-,-,-,-,-,-
KER Self Fin. Seats,MU,Kerala,"SreeUthradomThirunal,Trivandrum",ORTHOPAEDICS,"₹18,49,748*","₹53,000",0,₹0,-,2704(1),2704(1),2625(1),-,-,-,-,-,-,-,-,-
KER Govt Quota,ST,Kerala,"Medical College, Trivandrum",OBG,"₹69,470*","₹57,876",1*,"₹50,00,000*",2126,2718(1),2718(1),-,-,-,-,-,-,-,-,-,-
KER Govt Quota,BH,Kerala,"Medical College, Trivandrum",RADIATION ONCOLOGY,"₹69,470*","₹57,876",1*,"₹50,00,000*",2126,1800(1),2751(1),2751(1),-,-,-,-,-,-,-,-,-
KER Govt Quota,SC,Kerala,"Medical College, Trivandrum",PATHOLOGY,"₹69,470*","₹57,876",1*,"₹50,00,000*",2126,2753(1),2753(1),2753(1),-,-,-,-,-,-,-,-,-
KER Govt Quota,SC,Kerala,"Medical College, Trivandrum",GENERAL SURGERY,"₹69,470*","₹57,876",1*,"₹50,00,000*",2126,1290(1),1884(1),2020(1),2754(1),-,-,-,-,-,-,-,-
KER Govt Quota,LA,Kerala,"TD Med Coll, Allepey",PATHOLOGY,"₹69,470*","₹57,876",1*,"₹50,00,000*",1050,1865(1),1865(1),2767(1),-,-,-,-,-,-,-,-,-
KER Self Fin. Seats,SC,Kerala,"Dr Somervel Mem, Karakonam",ORTHOPAEDICS,"₹18,49,748*","₹53,000",0,₹0,695,2772(1),2772(1),2772(1),-,-,-,-,-,-,-,-,-
KER Govt Quota,BX,Kerala,"Govt Med Coll, Kozhikode",OPHTHALMOLOGY,"₹69,470*","₹57,876",1*,"₹50,00,000*",3025,-,-,2773(1),-,-,-,-,-,-,-,-,-
KER Self Fin. Seats,SM,Kerala,"Believers Church, Thiruvalla",ANAESTHESIOLOGY,"₹18,49,748*","₹53,000",0,₹0,750,1870(1),2794(1),2794(1),-,-,-,-,-,-,-,-,-
KER Self Fin. Seats,EZ,Kerala,"SreeUthradomThirunal,Trivandrum",ANAESTHESIOLOGY,"₹18,49,748*","₹53,000",0,₹0,-,2741(1),2801(1),2801(1),-,-,-,-,-,-,-,-,-
KER Self Fin. Seats,EZ,Kerala,"Sree Narayana IMS, Ernakulam",ENT,"₹17,49,006*","₹53,000",0,₹0,Info Not Available,2674(1),2803(1),2803(1),-,-,-,-,-,-,-,-,-
KER Self Fin. Seats,MU,Kerala,"MES Med Coll, Malappuram",PSYCHIATRY,"₹18,49,748*","₹53,000",1*,"₹10,00,000*",680,2599(1),2808(1),2808(1),-,-,-,-,-,-,-,-,-
KER Govt Quota,SC,Kerala,"Govt Med Coll, Kozhikode",PMR,"₹69,470*","₹57,876",1*,"₹50,00,000*",3025,2562(1),2817(1),2817(1),-,-,-,-,-,-,-,-,-
KER Govt Quota,SM,Kerala,"Govt Med Coll, Kollam",FORENSIC MEDICINE,"₹69,470*","₹57,876",1*,"₹50,00,000*",500,2825(1),2825(1),2825(1),-,-,-,-,-,-,-,-,-
KER Govt Quota,MU,Kerala,"Govt Med Coll, Thrissur",PATHOLOGY,"₹69,470*","₹57,876",1*,"₹50,00,000*",1400,2214(1),2535(1),2586(1),2857(1),-,-,-,-,-,-,-,-
KER Govt Quota,MU,Kerala,"TD Med Coll, Allepey",SPM,"₹69,470*","₹57,876",1*,"₹50,00,000*",1050,2072(1),2863(1),2863(1),-,-,-,-,-,-,-,-,-
KER Govt Quota,GEN-PD,Kerala,"Medical College, Trivandrum",PSYCHIATRY,"₹69,470*","₹57,876",1*,"₹50,00,000*",2126,2867(1),-,-,-,-,-,-,-,-,-,-,-
KER Self Fin. Seats,MU,Kerala,"Sree Gokulam, Trivandrum",GENERAL SURGERY,"₹17,49,006*","₹53,000",0,₹0,760,2726(1),2873(1),2873(1),-,-,-,-,-,-,-,-,-
KER Self Fin. Seats,SC,Kerala,"Jubilee Mission, Thrissur",PSYCHIATRY,"₹18,49,748*","₹53,000",0,₹0,1450,-,-,2900(1),-,-,-,-,-,-,-,-,-
KER Govt Quota,BH,Kerala,"RCC, Thiruvananthapuram",PATHOLOGY,"₹3,00,000*","₹57,876",1*,"₹50,00,000*",432,2760(1),2906(1),2906(1),-,-,-,-,-,-,-,-,-
KER SF NRI Seats,NM,Kerala,"Azeezia IMS, Kollam",RADIO DIAGNOSIS,"₹38,86,680*","₹53,000",0,₹0,540,2914(1),2914(1),2914(1),-,-,-,-,-,-,-,-,-
KER Self Fin. Seats,BH,Kerala,"Sree Gokulam, Trivandrum",ENT,"₹17,49,006*","₹53,000",0,₹0,760,2917(1),2917(1),2917(1),-,-,-,-,-,-,-,-,-
KER Self Fin. Seats,SC,Kerala,"Al-Azhar Med Coll, Thodupuzha",OBG,"₹18,49,748*","₹40,000",0,₹0,700,2668(1),2918(1),2918(1),-,-,-,-,-,-,-,-,-
KER Self Fin. Seats,SM,Kerala,"Malankara Orthodox, Kolechery",PSYCHIATRY,"₹18,49,748*","₹53,000",0,₹0,1110,1748(2),2919(2),2919(2),-,-,-,-,-,-,-,-,-
KER SF NRI Seats,NM,Kerala,"Travancore Med Coll, Kollam",PAEDIATRICS,"₹38,86,680*","₹50,000",0*,₹0*,750,2927(1),2927(1),2927(1),-,-,-,-,-,-,-,-,-
KER Self Fin. Seats,SM,Kerala,"Dr Somervel Mem, Karakonam",PSYCHIATRY,"₹18,49,748*","₹53,000",0,₹0,695,1832(1),2957(1),2957(1),-,-,-,-,-,-,-,-,-
KER Govt Quota,LA,Kerala,"Govt Med Coll, Thrissur",OPHTHALMOLOGY,"₹69,470*","₹57,876",1*,"₹50,00,000*",1400,-,-,2964(1),-,-,-,-,-,-,-,-,-
KER Govt Quota,SM,Kerala,"Medical College, Trivandrum",PHYSIOLOGY,"₹69,470*","₹57,876",1*,"₹50,00,000*",2126,1512(1),1512(1),1512(1),2982(1),-,-,-,-,-,-,-,-
KER Self Fin. Seats,LA,Kerala,"Sree Gokulam, Trivandrum",GENERAL SURGERY,"₹17,49,006*","₹53,000",0,₹0,760,2987(1),2987(1),2987(1),-,-,-,-,-,-,-,-,-
KER SF NRI Seats,NR,Kerala,"Travancore Med Coll, Kollam",TBRD,"₹38,86,680*","₹50,000",0*,₹0*,750,3000(1),3000(1),3000(1),-,-,-,-,-,-,-,-,-
KER Govt Quota,EZ,Kerala,"Govt Med Coll, Kottayam",SPM,"₹69,470*","₹57,876",1*,"₹50,00,000*",Info Not Available,1908(1),2592(1),3033(1),-,-,-,-,-,-,-,-,-
KER Govt Quota,EW,Kerala,"Govt Med Coll, Kozhikode",SPM,"₹69,470*","₹57,876",1*,"₹50,00,000*",3025,2581(1),3040(1),3040(1),-,-,-,-,-,-,-,-,-
KER Govt Quota,BH,Kerala,"Govt of Med Sci, Pariyaram",PSYCHIATRY,"₹69,470*","₹57,876",1*,"₹50,00,000*",1752,1634(1),1724(1),3070(1),-,-,-,-,-,-,-,-,-
KER Govt Quota,SM,Kerala,"TD Med Coll, Allepey",PHARMACOLOGY,"₹69,470*","₹57,876",1*,"₹50,00,000*",1050,-,-,3087(1),-,-,-,-,-,-,-,-,-
KER Govt Quota,MQ Serv,Kerala,"Govt Med Coll, Thrissur",TBRD,"₹69,470*","₹57,876",1*,"₹50,00,000*",1400,-,3088(1),3088(1),-,-,-,-,-,-,-,-,-
KER Govt Quota,HQ Serv,Kerala,"Medical College, Trivandrum",GENERAL SURGERY,"₹69,470*","₹57,876",1*,"₹50,00,000*",2126,-,3100(1),3100(1),-,-,-,-,-,-,-,-,-
KER Govt Quota,BH,Kerala,"Medical College, Trivandrum",MICROBIOLOGY,"₹69,470*","₹57,876",1*,"₹50,00,000*",2126,3112(1),3112(1),3112(1),-,-,-,-,-,-,-,-,-
KER Self Fin. Seats,EZ,Kerala,"Dr Somervel Mem, Karakonam",GENERAL SURGERY,"₹18,49,748*","₹53,000",0,₹0,695,3113(1),3113(1),3113(1),-,-,-,-,-,-,-,-,-
KER SF NRI Seats,NR,Kerala,"DM Wayanad IMS, Wayanad",RADIO DIAGNOSIS,"₹38,86,680*","₹53,000",0,₹0,700,2723(1),3117(1),3117(1),-,-,-,-,-,-,-,-,-
KER Self Fin. Seats,BH,Kerala,"KMCT Med Coll, Kozhikode",ANAESTHESIOLOGY,"₹18,49,748*","₹53,000",0,₹0,790,2955(1),3130(1),3130(1),-,-,-,-,-,-,-,-,-
KER Govt Quota,HQ Serv,Kerala,"Govt Med Coll, Thrissur",OPHTHALMOLOGY,"₹69,470*","₹57,876",1*,"₹50,00,000*",1400,-,3141(1),3141(1),-,-,-,-,-,-,-,-,-
KER Self Fin. Seats,SM,Kerala,"Travancore Med Coll, Kollam",OPHTHALMOLOGY,"₹18,49,748*","₹50,000",0*,₹0*,750,2761(2),3078(2),3142(2),-,-,-,-,-,-,-,-,-
KER Self Fin. Seats,LA,Kerala,"Sree Narayana IMS, Ernakulam",TBRD,"₹17,49,006*","₹53,000",0,₹0,Info Not Available,3150(1),3150(1),3150(1),-,-,-,-,-,-,-,-,-
KER Govt Quota,MQ Serv,Kerala,"Medical College, Trivandrum",PSYCHIATRY,"₹69,470*","₹57,876",1*,"₹50,00,000*",2126,-,3185(1),3185(1),-,-,-,-,-,-,-,-,-
KER Govt Quota,DK,Kerala,"Govt Med Coll, Thrissur",ANAESTHESIOLOGY,"₹69,470*","₹57,876",1*,"₹50,00,000*",1400,3187(1),3187(1),3187(1),-,-,-,-,-,-,-,-,-
KER Self Fin. Seats,AC,Kerala,"Mount Zion, Pathanamthitta",GENERAL SURGERY,"₹18,49,748*","₹53,000",0,₹0,604,2744(1),3206(1),3206(1),-,-,-,-,-,-,-,-,-
KER Self Fin. Seats,EZ,Kerala,"Azeezia IMS, Kollam",GENERAL SURGERY,"₹18,49,748*","₹53,000",0,₹0,540,-,3213(1),3213(1),-,-,-,-,-,-,-,-,-
KER Govt Quota,EW,Kerala,"Govt Med Coll, Kottayam",PATHOLOGY,"₹69,470*","₹57,876",1*,"₹50,00,000*",Info Not Available,3215(1),3215(1),3215(1),-,-,-,-,-,-,-,-,-
KER Self Fin. Seats,EZ,Kerala,"MES Med Coll, Malappuram",ANAESTHESIOLOGY,"₹18,49,748*","₹53,000",1*,"₹10,00,000*",680,2640(1),3015(1),3226(1),-,-,-,-,-,-,-,-,-
KER Govt Quota,ST,Kerala,"Govt Med Coll, Kozhikode",GENERAL MEDICINE,"₹69,470*","₹57,876",1*,"₹50,00,000*",3025,-,-,3235(1),-,-,-,-,-,-,-,-,-
KER Self Fin. Seats,SC,Kerala,"DM Wayanad IMS, Wayanad",ANAESTHESIOLOGY,"₹18,49,748*","₹53,000",0,₹0,700,2900(1),3236(1),3236(1),-,-,-,-,-,-,-,-,-
KER Self Fin. Seats,LA,Kerala,"KMCT Med Coll, Kozhikode",GENERAL SURGERY,"₹18,49,748*","₹53,000",0,₹0,790,3247(1),3247(1),3247(1),-,-,-,-,-,-,-,-,-
KER Govt Quota,SM,Kerala,"Govt Med Coll, Thrissur",FORENSIC MEDICINE,"₹69,470*","₹57,876",1*,"₹50,00,000*",1400,1787(1),3257(1),3257(1),-,-,-,-,-,-,-,-,-
KER Self Fin. Seats,BH,Kerala,"Azeezia IMS, Kollam",GENERAL SURGERY,"₹18,49,748*","₹53,000",0,₹0,540,3261(1),3269(2),3269(2),-,-,-,-,-,-,-,-,-
KER Self Fin. Seats,SC,Kerala,"Travancore Med Coll, Kollam",ANAESTHESIOLOGY,"₹18,49,748*","₹50,000",0*,₹0*,750,2848(1),2848(1),3296(1),-,-,-,-,-,-,-,-,-
KER Govt Quota,SM,Kerala,"Govt Med Coll, Kollam",MICROBIOLOGY,"₹69,470*","₹57,876",1*,"₹50,00,000*",500,2849(1),3285(1),3335(1),-,-,-,-,-,-,-,-,-
KER Govt Quota,HQ Serv,Kerala,"Govt Med Coll, Kottayam",ANAESTHESIOLOGY,"₹69,470*","₹57,876",1*,"₹50,00,000*",Info Not Available,-,3346(1),3346(1),-,-,-,-,-,-,-,-,-
KER Self Fin. Seats,LA,Kerala,"MES Med Coll, Malappuram",ANAESTHESIOLOGY,"₹18,49,748*","₹53,000",1*,"₹10,00,000*",680,3350(1),3350(1),3350(1),-,-,-,-,-,-,-,-,-
KER SF NRI Seats,NR,Kerala,"MES Med Coll, Malappuram",PAEDIATRICS,"₹38,86,680*","₹53,000",1*,"₹10,00,000*",680,2925(1),3357(1),3357(1),-,-,-,-,-,-,-,-,-
KER Self Fin. Seats,AC,Kerala,"Pushpagiri IMS, Tiruvalla",OPHTHALMOLOGY,"₹18,49,748*","₹43,000",0,₹0,955,2560(1),3379(1),3379(1),-,-,-,-,-,-,-,-,-
KER Govt Quota,MQ Serv,Kerala,"Govt Med Coll, Kozhikode",PAEDIATRICS,"₹69,470*","₹57,876",1*,"₹50,00,000*",3025,-,3390(1),3390(1),-,-,-,-,-,-,-,-,-
KER Self Fin. Seats,BX,Kerala,"KMCT Med Coll, Kozhikode",OBG,"₹18,49,748*","₹53,000",0,₹0,790,3393(1),3393(1),3393(1),-,-,-,-,-,-,-,-,-
KER Govt Quota,SM,Kerala,"Govt Med Coll, Kozhikode",PHARMACOLOGY,"₹69,470*","₹57,876",1*,"₹50,00,000*",3025,2234(1),3402(1),3402(1),-,-,-,-,-,-,-,-,-
KER Govt Quota,SM,Kerala,"Govt Med Coll, Kozhikode",BIOCHEMISTRY,"₹69,470*","₹57,876",1*,"₹50,00,000*",3025,3107(1),3407(1),3407(1),-,-,-,-,-,-,-,-,-
KER Govt Quota,HQ Serv,Kerala,"Govt Med Coll, Thrissur",GENERAL SURGERY,"₹69,470*","₹57,876",1*,"₹50,00,000*",1400,-,2750(2),2750(2),3414(1),-,-,-,-,-,-,-,-
KER Self Fin. Seats,MU,Kerala,"KMCT Med Coll, Kozhikode",ENT,"₹18,49,748*","₹53,000",0,₹0,790,2742(1),3417(1),3425(1),-,-,-,-,-,-,-,-,-
KER SF NRI Seats,NR,Kerala,"Amala IMS, Thrissur",EMERGENCY MEDICINE,"₹38,86,680*","₹53,000",0,₹0,640,3433(1),3433(1),3433(1),-,-,-,-,-,-,-,-,-
KER SF NRI Seats,NM,Kerala,"Travancore Med Coll, Kollam",GENERAL MEDICINE,"₹38,86,680*","₹50,000",0*,₹0*,750,3466(1),3466(1),3466(1),-,-,-,-,-,-,-,-,-
KER Self Fin. Seats,BX,Kerala,"SreeUthradomThirunal,Trivandrum",PSYCHIATRY,"₹18,49,748*","₹53,000",0,₹0,-,3461(1),3496(1),3496(1),-,-,-,-,-,-,-,-,-
KER Self Fin. Seats,BH,Kerala,"PK Das IMS, Palakkad",GENERAL SURGERY,"₹17,61,665*","₹53,000",1*,"₹10,00,000*",750,3519(1),3519(1),3519(1),-,-,-,-,-,-,-,-,-
KER Self Fin. Seats,EW,Kerala,"Malabar Med Coll, Kozhikode",ORTHOPAEDICS,"₹18,49,748*","₹53,000",1,"₹20,00,000",720,3596(1),3596(1),3596(1),-,-,-,-,-,-,-,-,-
KER Govt Quota,BH,Kerala,"Govt of Med Sci, Pariyaram",PATHOLOGY,"₹69,470*","₹57,876",1*,"₹50,00,000*",1752,2906(1),3599(1),3599(1),-,-,-,-,-,-,-,-,-
KER Self Fin. Seats,MM,Kerala,"Travancore Med Coll, Kollam",ENT,"₹18,49,748*","₹50,000",0*,₹0*,750,3198(1),3425(1),3617(1),-,-,-,-,-,-,-,-,-
KER Govt Quota,SC,Kerala,"Govt Med Coll, Kozhikode",FORENSIC MEDICINE,"₹69,470*","₹57,876",1*,"₹50,00,000*",3025,-,3296(1),3626(1),-,-,-,-,-,-,-,-,-
KER Govt Quota,IQ Serv,Kerala,"Medical College, Trivandrum",RADIO DIAGNOSIS,"₹69,470*","₹57,876",1*,"₹50,00,000*",2126,-,3628(1),3628(1),-,-,-,-,-,-,-,-,-
KER Self Fin. Seats,EW,Kerala,"Malabar Med Coll, Kozhikode",OBG,"₹18,49,748*","₹53,000",1,"₹20,00,000",720,3629(1),3629(1),3629(1),-,-,-,-,-,-,-,-,-
KER Govt Quota,EW,Kerala,"TD Med Coll, Allepey",MICROBIOLOGY,"₹69,470*","₹57,876",1*,"₹50,00,000*",1050,3381(1),-,3665(1),-,-,-,-,-,-,-,-,-
KER SF NRI Seats,NM,Kerala,"Azeezia IMS, Kollam",PAEDIATRICS,"₹38,86,680*","₹53,000",0,₹0,540,-,3713(1),3713(1),-,-,-,-,-,-,-,-,-
KER Self Fin. Seats,MU,Kerala,"Dr Somervel Mem, Karakonam",OPHTHALMOLOGY,"₹18,49,748*","₹53,000",0,₹0,695,2766(1),3736(1),3736(1),-,-,-,-,-,-,-,-,-
KER Govt Quota,SC,Kerala,"Govt Med Coll, Ernakulam",PATHOLOGY,"₹69,470*","₹57,876",1*,"₹50,00,000*",700,3760(1),3760(1),3760(1),-,-,-,-,-,-,-,-,-
KER Govt Quota,HQ Serv,Kerala,"TD Med Coll, Allepey",FORENSIC MEDICINE,"₹69,470*","₹57,876",1*,"₹50,00,000*",1050,-,3771(1),3771(1),-,-,-,-,-,-,-,-,-
KER Self Fin. Seats,MU,Kerala,"Malabar Med Coll, Kozhikode",ANAESTHESIOLOGY,"₹18,49,748*","₹53,000",1,"₹20,00,000",720,2824(1),3617(1),3794(1),-,-,-,-,-,-,-,-,-
KER Self Fin. Seats,KU,Kerala,"Amala IMS, Thrissur",ORTHOPAEDICS,"₹18,49,748*","₹53,000",0,₹0,640,3801(1),3801(1),3801(1),-,-,-,-,-,-,-,-,-
KER Govt Quota,MQ Serv,Kerala,"Govt Med Coll, Kozhikode",EMERGENCY MEDICINE,"₹69,470*","₹57,876",1*,"₹50,00,000*",3025,-,3816(1),3816(1),-,-,-,-,-,-,-,-,-
KER Govt Quota,XS,Kerala,"Medical College, Trivandrum",PSYCHIATRY,"₹69,470*","₹57,876",1*,"₹50,00,000*",2126,-,-,3833(1),-,-,-,-,-,-,-,-,-
KER Self Fin. Seats,LA,Kerala,"Malankara Orthodox, Kolechery",ORTHOPAEDICS,"₹18,49,748*","₹53,000",0,₹0,1110,3850(1),3850(1),3850(1),-,-,-,-,-,-,-,-,-
KER Govt Quota,LA,Kerala,"Govt Med Coll, Thrissur",MICROBIOLOGY,"₹69,470*","₹57,876",1*,"₹50,00,000*",1400,3878(1),3878(1),3878(1),-,-,-,-,-,-,-,-,-
KER Govt Quota,MU,Kerala,"Medical College, Trivandrum",BIOCHEMISTRY,"₹69,470*","₹57,876",1*,"₹50,00,000*",2126,3407(1),3901(1),3901(1),-,-,-,-,-,-,-,-,-
KER Self Fin. Seats,MU,Kerala,"KMCT Med Coll, Kozhikode",PSYCHIATRY,"₹18,49,748*","₹53,000",0,₹0,790,2808(1),2946(1),3507(1),3921(1),-,-,-,-,-,-,-,-
KER Govt Quota,MQ Serv,Kerala,"Govt Med Coll, Kottayam",PHYSIOLOGY,"₹69,470*","₹57,876",1*,"₹50,00,000*",Info Not Available,-,3927(1),3927(1),-,-,-,-,-,-,-,-,-
KER Self Fin. Seats,SC,Kerala,"Amala IMS, Thrissur",SPM,"₹11,23,062*","₹53,000",0,₹0,640,3934(1),3934(1),3934(1),-,-,-,-,-,-,-,-,-
KER Self Fin. Seats,SM,Kerala,"MES Med Coll, Malappuram",PATHOLOGY,"₹11,23,062*","₹53,000",1*,"₹10,00,000*",680,-,-,-,3956(1),-,-,-,-,-,-,-,-
KER Govt Quota,MQ Serv,Kerala,"Medical College, Trivandrum",ORTHOPAEDICS,"₹69,470*","₹57,876",1*,"₹50,00,000*",2126,-,3965(1),3965(1),-,-,-,-,-,-,-,-,-
KER Govt Quota,EZ,Kerala,"Govt Med Coll, Kottayam",MICROBIOLOGY,"₹69,470*","₹57,876",1*,"₹50,00,000*",Info Not Available,2576(1),3858(1),3858(1),3972(1),-,-,-,-,-,-,-,-
KER Self Fin. Seats,AC,Kerala,"Amala IMS, Thrissur",RADIATION ONCOLOGY,"₹18,49,748*","₹53,000",0,₹0,640,3071(1),3721(1),3975(1),-,-,-,-,-,-,-,-,-
KER Govt Quota,ST,Kerala,"Govt of Med Sci, Pariyaram",GENERAL MEDICINE,"₹69,470*","₹57,876",1*,"₹50,00,000*",1752,2409(1),2409(1),4010(1),-,-,-,-,-,-,-,-,-
KER Govt Quota,KU,Kerala,"Govt Med Coll, Thrissur",SPM,"₹69,470*","₹57,876",1*,"₹50,00,000*",1400,3267(1),4011(1),4011(1),-,-,-,-,-,-,-,-,-
KER Govt Quota,BH,Kerala,"Medical College, Trivandrum",BIOCHEMISTRY,"₹69,470*","₹57,876",1*,"₹50,00,000*",2126,2751(1),4017(1),4017(1),-,-,-,-,-,-,-,-,-
KER Self Fin. Seats,SC,Kerala,"Jubilee Mission, Thrissur",IHBT,"₹18,49,748*","₹53,000",0,₹0,1450,3882(1),4041(1),4041(1),-,-,-,-,-,-,-,-,-
KER Govt Quota,EZ,Kerala,"Govt Med Coll, Thrissur",FORENSIC MEDICINE,"₹69,470*","₹57,876",1*,"₹50,00,000*",1400,3182(1),4046(1),4046(1),-,-,-,-,-,-,-,-,-
KER Govt Quota,MQ Serv,Kerala,"Govt Med Coll, Kozhikode",GENERAL SURGERY,"₹69,470*","₹57,876",1*,"₹50,00,000*",3025,-,1291(1),4063(1),-,-,-,-,-,-,-,-,-
KER Govt Quota,MQ Serv,Kerala,"Govt of Med Sci, Pariyaram",GENERAL SURGERY,"₹69,470*","₹57,876",1*,"₹50,00,000*",1752,-,4063(1),-,-,-,-,-,-,-,-,-,-
KER Govt Quota,IQ Serv,Kerala,"TD Med Coll, Allepey",OBG,"₹69,470*","₹57,876",1*,"₹50,00,000*",1050,-,-,4081(1),-,-,-,-,-,-,-,-,-
KER Govt Quota,MU,Kerala,"Medical College, Trivandrum",ANATOMY,"₹69,470*","₹57,876",1*,"₹50,00,000*",2126,3822(1),4105(1),4105(1),-,-,-,-,-,-,-,-,-
KER Govt Quota,BH,Kerala,"Govt Med Coll, Thrissur",ANATOMY,"₹69,470*","₹57,876",1*,"₹50,00,000*",1400,4115(1),4115(1),4115(1),-,-,-,-,-,-,-,-,-
KER Govt Quota,MQ Serv,Kerala,"Govt Med Coll, Kottayam",OBG,"₹69,470*","₹57,876",1*,"₹50,00,000*",Info Not Available,-,4119(1),-,-,-,-,-,-,-,-,-,-
KER SF NRI Seats,NR,Kerala,"Mount Zion, Pathanamthitta",GENERAL MEDICINE,"₹38,86,680*","₹53,000",0,₹0,604,4147(1),4147(1),4147(1),-,-,-,-,-,-,-,-,-
KER Govt Quota,SM,Kerala,"Medical College, Trivandrum",ANATOMY,"₹69,470*","₹57,876",1*,"₹50,00,000*",2126,-,-,4161(1),-,-,-,-,-,-,-,-,-
KER Self Fin. Seats,KU,Kerala,"Pushpagiri IMS, Tiruvalla",SPM,"₹11,23,062*","₹43,000",0,₹0,955,4181(1),-,-,-,-,-,-,-,-,-,-,-
KER Govt Quota,IQ Serv,Kerala,"Govt Med Coll, Kozhikode",TBRD,"₹69,470*","₹57,876",1*,"₹50,00,000*",3025,-,4250(1),3910(1),-,-,-,-,-,-,-,-,-
KER Self Fin. Seats,EZ,Kerala,"MES Med Coll, Malappuram",DCP,"₹7,51,644*","₹53,000",1*,"₹10,00,000*",680,4258(1),-,-,-,-,-,-,-,-,-,-,-
KER SF NRI Seats,NR,Kerala,"DM Wayanad IMS, Wayanad",OBG,"₹38,86,680*","₹53,000",0,₹0,700,4264(1),4264(1),4264(1),-,-,-,-,-,-,-,-,-
KER SF NRI Seats,NR,Kerala,"Malankara Orthodox, Kolechery",OBG,"₹38,86,680*","₹53,000",0,₹0,1110,4036(1),4036(1),4287(1),-,-,-,-,-,-,-,-,-
KER Govt Quota,EZ,Kerala,"Govt Med Coll, Kozhikode",ANATOMY,"₹69,470*","₹57,876",1*,"₹50,00,000*",3025,4316(1),4316(1),4316(1),-,-,-,-,-,-,-,-,-
KER Govt Quota,EW,Kerala,"Govt Med Coll, Kozhikode",BIOCHEMISTRY,"₹69,470*","₹57,876",1*,"₹50,00,000*",3025,-,-,4330(1),-,-,-,-,-,-,-,-,-
KER Govt Quota,ST,Kerala,"Govt Med Coll, Thrissur",ORTHOPAEDICS,"₹69,470*","₹57,876",1*,"₹50,00,000*",1400,4364(1),4364(1),4364(1),-,-,-,-,-,-,-,-,-
KER Govt Quota,LA,Kerala,"Medical College, Trivandrum",PHARMACOLOGY,"₹69,470*","₹57,876",1*,"₹50,00,000*",2126,4368(1),4368(1),4368(1),-,-,-,-,-,-,-,-,-
KER SF NRI Seats,NR,Kerala,"DM Wayanad IMS, Wayanad",ORTHOPAEDICS,"₹38,86,680*","₹53,000",0,₹0,700,4376(1),4376(1),4376(1),-,-,-,-,-,-,-,-,-
KER Self Fin. Seats,LA,Kerala,"SreeUthradomThirunal,Trivandrum",OPHTHALMOLOGY,"₹18,49,748*","₹53,000",0,₹0,-,3358(1),4517(1),4517(1),-,-,-,-,-,-,-,-,-
KER Govt Quota,EZ,Kerala,"Govt Med Coll, Thrissur",PHYSIOLOGY,"₹69,470*","₹57,876",1*,"₹50,00,000*",1400,3879(1),4518(1),4518(1),-,-,-,-,-,-,-,-,-
KER Govt Quota,MU,Kerala,"Medical College, Trivandrum",FORENSIC MEDICINE,"₹69,470*","₹57,876",1*,"₹50,00,000*",2126,2857(1),4521(1),4521(1),-,-,-,-,-,-,-,-,-
KER Self Fin. Seats,LA,Kerala,"Amala IMS, Thrissur",OPHTHALMOLOGY,"₹18,49,748*","₹53,000",0,₹0,640,-,-,3358(1),4537(1),-,-,-,-,-,-,-,-
KER Self Fin. Seats,SC,Kerala,"MES Med Coll, Malappuram",SPM,"₹11,23,062*","₹53,000",1*,"₹10,00,000*",680,-,-,4540(1),-,-,-,-,-,-,-,-,-
KER Govt Quota,OE,Kerala,"Govt Med Coll, Kottayam",PHARMACOLOGY,"₹69,470*","₹57,876",1*,"₹50,00,000*",Info Not Available,-,-,-,4609(1),-,-,-,-,-,-,-,-
KER Self Fin. Seats,BH,Kerala,"MES Med Coll, Malappuram",PATHOLOGY,"₹11,23,062*","₹53,000",1*,"₹10,00,000*",680,4657(1),-,4036(1),-,-,-,-,-,-,-,-,-
KER Self Fin. Seats,EZ,Kerala,"Sree Gokulam, Trivandrum",PATHOLOGY,"₹10,61,897*","₹53,000",0,₹0,760,3858(1),4660(1),4027(1),-,-,-,-,-,-,-,-,-
KER Self Fin. Seats,SC,Kerala,"Malabar Med Coll, Kozhikode",SPM,"₹11,23,062*","₹53,000",1,"₹20,00,000",720,4032(1),4667(1),4667(1),-,-,-,-,-,-,-,-,-
KER Govt Quota,BH,Kerala,"Govt Med Coll, Thrissur",PHYSIOLOGY,"₹69,470*","₹57,876",1*,"₹50,00,000*",1400,4017(1),4669(1),4669(1),-,-,-,-,-,-,-,-,-
KER Self Fin. Seats,SC,Kerala,"Pushpagiri IMS, Tiruvalla",PATHOLOGY,"₹11,23,062*","₹43,000",0,₹0,955,-,-,4207(1),4679(1),-,-,-,-,-,-,-,-
KER Govt Quota,ST,Kerala,"Govt Med Coll, Kozhikode",ENT,"₹69,470*","₹57,876",1*,"₹50,00,000*",3025,4683(1),4683(1),4683(1),-,-,-,-,-,-,-,-,-
KER SF NRI Seats,NR,Kerala,"Mount Zion, Pathanamthitta",ORTHOPAEDICS,"₹38,86,680*","₹53,000",0,₹0,604,4721(1),4721(1),4721(1),-,-,-,-,-,-,-,-,-
KER Govt Quota,SC,Kerala,"TD Med Coll, Allepey",BIOCHEMISTRY,"₹69,470*","₹57,876",1*,"₹50,00,000*",1050,3462(1),4727(1),4727(1),-,-,-,-,-,-,-,-,-
KER Govt Quota,SC,Kerala,"Medical College, Trivandrum",PHYSIOLOGY,"₹69,470*","₹57,876",1*,"₹50,00,000*",2126,4788(1),-,4788(1),-,-,-,-,-,-,-,-,-
KER Self Fin. Seats,MU,Kerala,"Amala IMS, Thrissur",PATHOLOGY,"₹11,23,062*","₹53,000",0,₹0,640,3063(1),4838(1),4851(1),-,-,-,-,-,-,-,-,-
KER SF NRI Seats,NR,Kerala,"Mount Zion, Pathanamthitta",GENERAL SURGERY,"₹38,86,680*","₹53,000",0,₹0,604,4420(1),4843(1),4647(1),4872(1),-,-,-,-,-,-,-,-
KER Self Fin. Seats,EZ,Kerala,"Sree Gokulam, Trivandrum",SPM,"₹10,61,897*","₹53,000",0,₹0,760,3165(1),4849(1),4876(1),-,-,-,-,-,-,-,-,-
KER Self Fin. Seats,BH,Kerala,"Malabar Med Coll, Kozhikode",PATHOLOGY,"₹11,23,062*","₹53,000",1,"₹20,00,000",720,4818(1),4866(1),4917(1),-,-,-,-,-,-,-,-,-
KER Self Fin. Seats,ST,Kerala,"Amala IMS, Thrissur",GENERAL SURGERY,"₹18,49,748*","₹53,000",0,₹0,640,4879(1),4879(1),4947(1),-,-,-,-,-,-,-,-,-
KER Govt Quota,ST,Kerala,"Medical College, Trivandrum",ANAESTHESIOLOGY,"₹69,470*","₹57,876",1*,"₹50,00,000*",2126,3857(1),4900(1),5004(1),-,-,-,-,-,-,-,-,-
KER Self Fin. Seats,MU,Kerala,"Pushpagiri IMS, Tiruvalla",PATHOLOGY,"₹11,23,062*","₹43,000",0,₹0,955,3425(1),4903(1),5011(1),-,-,-,-,-,-,-,-,-
KER Govt Quota,SC,Kerala,"Govt Med Coll, Thrissur",MICROBIOLOGY,"₹69,470*","₹57,876",1*,"₹50,00,000*",1400,-,-,5062(1),-,-,-,-,-,-,-,-,-
KER Self Fin. Seats,MU,Kerala,"Sree Gokulam, Trivandrum",SPM,"₹10,61,897*","₹53,000",0,₹0,760,4582(1),4756(1),5066(1),-,-,-,-,-,-,-,-,-
KER Govt Quota,MQ Serv,Kerala,"Govt Med Coll, Thrissur",BIOCHEMISTRY,"₹69,470*","₹57,876",1*,"₹50,00,000*",1400,-,4927(1),5081(1),-,-,-,-,-,-,-,-,-
KER Self Fin. Seats,EW,Kerala,"Sree Narayana IMS, Ernakulam",PAEDIATRICS,"₹17,49,006*","₹53,000",0,₹0,Info Not Available,-,-,5083(1),-,-,-,-,-,-,-,-,-
KER Govt Quota,MQ Serv,Kerala,"Govt Med Coll, Kozhikode",MICROBIOLOGY,"₹69,470*","₹57,876",1*,"₹50,00,000*",3025,-,4937(1),5101(1),-,-,-,-,-,-,-,-,-
KER Govt Quota,MQ Serv,Kerala,"Medical College, Trivandrum",ANAESTHESIOLOGY,"₹69,470*","₹57,876",1*,"₹50,00,000*",2126,-,4953(1),5136(1),-,-,-,-,-,-,-,-,-
KER Govt Quota,SM,Kerala,"Govt Med Coll, Kottayam",ANATOMY,"₹69,470*","₹57,876",1*,"₹50,00,000*",Info Not Available,3496(1),3822(1),4547(1),5144(1),-,-,-,-,-,-,-,-
KER Govt Quota,MU,Kerala,"Govt Med Coll, Kozhikode",PHYSIOLOGY,"₹69,470*","₹57,876",1*,"₹50,00,000*",3025,3402(1),-,5192(1),-,-,-,-,-,-,-,-,-
KER Self Fin. Seats,LA,Kerala,"Sree Gokulam, Trivandrum",PATHOLOGY,"₹10,61,897*","₹53,000",0,₹0,760,4517(1),-,5213(1),-,-,-,-,-,-,-,-,-
KER Govt Quota,MQ Serv,Kerala,"Medical College, Trivandrum",PAEDIATRICS,"₹69,470*","₹57,876",1*,"₹50,00,000*",2126,-,-,5241(1),-,-,-,-,-,-,-,-,-
KER Govt Quota,SC,Kerala,"Govt Med Coll, Kottayam",PHARMACOLOGY,"₹69,470*","₹57,876",1*,"₹50,00,000*",Info Not Available,-,-,5247(1),-,-,-,-,-,-,-,-,-
KER Govt Quota,SC,Kerala,"Medical College, Trivandrum",PHARMACOLOGY,"₹69,470*","₹57,876",1*,"₹50,00,000*",2126,4540(1),4540(1),5310(1),-,-,-,-,-,-,-,-,-
KER Govt Quota,GEN-PD,Kerala,"Medical College, Trivandrum",PHYSIOLOGY,"₹69,470*","₹57,876",1*,"₹50,00,000*",2126,-,-,5328(1),-,-,-,-,-,-,-,-,-
KER Govt Quota,GEN-PD,Kerala,"Medical College, Trivandrum",SPM,"₹69,470*","₹57,876",1*,"₹50,00,000*",2126,-,-,5346(1),-,-,-,-,-,-,-,-,-
KER Self Fin. Seats,ST,Kerala,"KMCT Med Coll, Kozhikode",PAEDIATRICS,"₹18,49,748*","₹53,000",0,₹0,790,-,-,5354(1),-,-,-,-,-,-,-,-,-
KER Self Fin. Seats,LA,Kerala,"Malabar Med Coll, Kozhikode",PSYCHIATRY,"₹18,49,748*","₹53,000",1,"₹20,00,000",720,4341(1),4409(1),5394(1),-,-,-,-,-,-,-,-,-
KER Self Fin. Seats,ST,Kerala,"SreeUthradomThirunal,Trivandrum",OBG,"₹18,49,748*","₹53,000",0,₹0,-,-,-,5449(1),-,-,-,-,-,-,-,-,-
KER Govt Quota,HD,Kerala,"Govt Med Coll, Kottayam",PAEDIATRICS,"₹69,470*","₹57,876",1*,"₹50,00,000*",Info Not Available,-,-,5484(1),-,-,-,-,-,-,-,-,-
KER Self Fin. Seats,SM,Kerala,"Pushpagiri IMS, Tiruvalla",ANATOMY,"₹11,23,062*","₹43,000",0,₹0,955,-,-,5556(1),-,-,-,-,-,-,-,-,-
KER Self Fin. Seats,ST,Kerala,"Malabar Med Coll, Kozhikode",GENERAL SURGERY,"₹18,49,748*","₹53,000",1,"₹20,00,000",720,-,-,-,5581(1),-,-,-,-,-,-,-,-
KER Self Fin. Seats,MU,Kerala,"Sree Narayana IMS, Ernakulam",PHARMACOLOGY,"₹10,61,897*","₹53,000",0,₹0,Info Not Available,-,-,5612(1),-,-,-,-,-,-,-,-,-
KER Govt Quota,GEN-PD,Kerala,"Govt of Med Sci, Pariyaram",ORTHOPAEDICS,"₹69,470*","₹57,876",1*,"₹50,00,000*",1752,-,-,5659(1),-,-,-,-,-,-,-,-,-
KER Self Fin. Seats,MU,Kerala,"MES Med Coll, Malappuram",MICROBIOLOGY,"₹11,23,062*","₹53,000",1*,"₹10,00,000*",680,-,-,5664(1),-,-,-,-,-,-,-,-,-