Quota,Category,State,Institute,Course,Fee,Stipend Year 1,Bond Years,Bond Penalty,Beds,CR 2023 1,CR 2023 2,CR 2023 3,CR 2024 1,CR 2024 2,CR 2024 3
MP Govt Quota,UR/X/OP,Madhya Pradesh,"Gandhi Med Coll, Bhopal",RADIO DIAGNOSIS,"₹1,01,500*","₹75,444",1,"₹10,00,000",1135,21(2),-,-,25(1),13(1),29(1)
MP Govt Quota,UR/X/OP,Madhya Pradesh,"MGM Med Coll, Indore",GENERAL MEDICINE,"₹1,01,500*","₹75,444",1,"₹10,00,000",1300,20(5),32(2),-,13(5),30(5),32(1)
MP Govt Quota,UR/X/OP,Madhya Pradesh,"NSC Bose Med Coll, Jabalpur",RADIO DIAGNOSIS,"₹1,01,500*","₹75,444",1,"₹10,00,000",1150,34(1),34(1),34(1),37(2),37(2),37(2)
MP Govt Quota,UR/X/OP,Madhya Pradesh,"SSMC, Rewa",RADIO DIAGNOSIS,"₹1,01,500*","₹75,444",1,"₹10,00,000",1140,53(1),49(1),68(1),40(1),45(1),45(1)
MP Govt Quota,OBC/X/OP,Madhya Pradesh,"MGM Med Coll, Indore",RADIO DIAGNOSIS,"₹1,01,500*","₹75,444",1,"₹10,00,000",1300,65(1),90(1),94(1),35(1),60(1),60(1)
MP Govt Quota,UR/X/OP,Madhya Pradesh,"Gandhi Med Coll, Bhopal",GENERAL MEDICINE,"₹1,01,500*","₹75,444",1,"₹10,00,000",1135,32(3),40(2),-,27(3),41(2),67(2)
MP Govt Quota,UR/X/OP,Madhya Pradesh,"Gandhi Med Coll, Bhopal",DERMATOLOGY,"₹1,01,500*","₹75,444",1,"₹10,00,000",1135,-,-,-,5(1),66(1),69(1)
MP Govt Quota,UR/X/OP,Madhya Pradesh,"NSC Bose Med Coll, Jabalpur",GENERAL MEDICINE,"₹1,01,500*","₹75,444",1,"₹10,00,000",1150,40(2),76(3),76(2),62(3),72(2),72(1)
MP Govt Quota,OBC/X/OP,Madhya Pradesh,"SSMC, Rewa",RADIO DIAGNOSIS,"₹1,01,500*","₹75,444",1,"₹10,00,000",1140,-,-,-,57(1),104(1),104(1)
MP Govt Quota,UR/X/OP,Madhya Pradesh,"Gaja Raja Med Coll, Gwalior",GENERAL MEDICINE,"₹1,01,500*","₹75,444",1,"₹10,00,000",1100,48(3),56(2),56(2),32(3),91(3),111(2)
MP Govt Quota,UR/X/OP Service,Madhya Pradesh,"SSMC, Rewa",RADIO DIAGNOSIS,"₹1,01,500*","₹75,444",1,"₹10,00,000",1140,-,-,-,115(1),115(1),115(1)
MP Govt Quota,UR/X/OP Service,Madhya Pradesh,"MGM Med Coll, Indore",GENERAL MEDICINE,"₹1,01,500*","₹75,444",1,"₹10,00,000",1300,179(2),179(1),-,116(1),116(1),116(1)
MP Govt Quota,UR/X/OP,Madhya Pradesh,"SSMC, Rewa",GENERAL MEDICINE,"₹1,01,500*","₹75,444",1,"₹10,00,000",1140,52(3),80(2),80(2),72(2),84(2),124(2)
MP Govt Quota,UR/X/OP,Madhya Pradesh,"Bundelkhand Med Coll, Sagar",GENERAL MEDICINE,"₹1,01,500*","₹75,444",1,"₹10,00,000",750,54(1),54(1),54(1),84(1),106(1),128(1)
MP Govt Quota,UR/X/OP,Madhya Pradesh,"Govt Med Coll, Ratlam",GENERAL MEDICINE,"₹1,01,500*","₹75,444",1,"₹10,00,000",300,71(2),92(2),111(2),88(1),124(1),129(1)
MP Govt Quota,OBC/X/OP,Madhya Pradesh,"MGM Med Coll, Indore",GENERAL MEDICINE,"₹1,01,500*","₹75,444",1,"₹10,00,000",1300,33(2),65(2),-,60(2),103(2),135(1)
MP Govt Quota,EWS/X/OP,Madhya Pradesh,"NSC Bose Med Coll, Jabalpur",GENERAL MEDICINE,"₹1,01,500*","₹75,444",1,"₹10,00,000",1150,61(1),77(1),-,71(1),143(1),143(1)
MP Govt Quota,OBC/X/OP,Madhya Pradesh,"Gaja Raja Med Coll, Gwalior",GENERAL MEDICINE,"₹1,01,500*","₹75,444",1,"₹10,00,000",1100,72(1),110(1),-,117(1),117(1),145(1)
MP Govt Quota,UR/X/OP,Madhya Pradesh,"Govt Med Coll, Ratlam",DERMATOLOGY,"₹1,01,500*","₹75,444",1,"₹10,00,000",300,-,-,-,49(1),49(1),156(1)
MP Govt Quota,UR/X/OP,Madhya Pradesh,"MGM Med Coll, Indore",OBG,"₹1,01,500*","₹75,444",1,"₹10,00,000",1300,51(3),151(2),-,136(3),152(3),157(2)
MP Govt Quota,OBC/X/OP,Madhya Pradesh,"SSMC, Rewa",GENERAL MEDICINE,"₹1,01,500*","₹75,444",1,"₹10,00,000",1140,80(1),94(1),112(1),135(1),135(1),158(1)
MP Priv-Open,UR/X/OP,Madhya Pradesh,"Aurobindo Med Coll, Indore",DERMATOLOGY,"₹23,10,000*","₹69,115*",1,"₹10,00,000",1230,383(1),-,-,405(2),167(1),167(1)
MP Govt Quota,UR/X/OP,Madhya Pradesh,"MGM Med Coll, Indore",PAEDIATRICS,"₹1,01,500*","₹75,444",1,"₹10,00,000",1300,93(2),120(1),120(1),121(3),158(3),169(2)
MP Govt Quota,UR/X/OP,Madhya Pradesh,"Gandhi Med Coll, Bhopal",OBG,"₹1,01,500*","₹75,444",1,"₹10,00,000",1135,123(3),202(3),-,157(3),171(2),173(1)
MP Govt Quota,EWS/X/OP,Madhya Pradesh,"Bundelkhand Med Coll, Sagar",GENERAL MEDICINE,"₹1,01,500*","₹75,444",1,"₹10,00,000",750,-,-,-,-,-,177(1)
MP Govt Quota,UR/X/OP,Madhya Pradesh,"NSC Bose Med Coll, Jabalpur",PAEDIATRICS,"₹1,01,500*","₹75,444",1,"₹10,00,000",1150,104(1),-,-,137(1),180(1),180(1)
MP Govt Quota,OBC/X/OP,Madhya Pradesh,"MGM Med Coll, Indore",PAEDIATRICS,"₹1,01,500*","₹75,444",1,"₹10,00,000",1300,160(1),-,-,158(1),193(1),193(1)
MP Govt Quota,UR/X/OP Service,Madhya Pradesh,"MGM Med Coll, Indore",DERMATOLOGY,"₹1,01,500*","₹75,444",1,"₹10,00,000",1300,-,-,-,212(1),212(1),212(1)
MP Govt Quota,UR/X/OP,Madhya Pradesh,"Gandhi Med Coll, Bhopal",PAEDIATRICS,"₹1,01,500*","₹75,444",1,"₹10,00,000",1135,129(3),152(4),153(4),134(4),179(4),213(3)
MP Govt Quota,UR/X/OP,Madhya Pradesh,"Atal Bihari Vajpayee, Vidisha",OBG,"₹1,01,500*","₹75,444",1,"₹10,00,000",300,-,-,-,217(1),304(1),218(1)
MP Govt Quota,OBC/X/OP,Madhya Pradesh,"Govt Med Coll, Ratlam",GENERAL MEDICINE,"₹1,01,500*","₹75,444",1,"₹10,00,000",300,115(1),115(1),115(1),145(1),145(1),220(1)
MP Govt Quota,EWS/X/OP,Madhya Pradesh,"MGM Med Coll, Indore",PAEDIATRICS,"₹1,01,500*","₹75,444",1,"₹10,00,000",1300,167(1),180(2),168(1),127(1),177(1),242(1)
MP Govt Quota,UR/X/OP,Madhya Pradesh,"Gaja Raja Med Coll, Gwalior",PAEDIATRICS,"₹1,01,500*","₹75,444",1,"₹10,00,000",1100,131(2),155(2),156(2),61(1),197(1),252(2)
MP Govt Quota,UR/X/OP,Madhya Pradesh,"Gaja Raja Med Coll, Gwalior",GENERAL SURGERY,"₹1,01,500*","₹75,444",1,"₹10,00,000",1100,200(1),326(2),335(1),245(1),273(1),255(1)
MP Govt Quota,OBC/X/OP,Madhya Pradesh,"Gandhi Med Coll, Bhopal",PAEDIATRICS,"₹1,01,500*","₹75,444",1,"₹10,00,000",1135,229(1),240(1),-,179(1),223(1),256(1)
MP Priv-Open,UR/X/OP,Madhya Pradesh,"RD Gardi, Ujjain",GENERAL MEDICINE,"₹13,50,000","₹69,115*",1,"₹10,00,000",750,203(3),203(4),204(4),251(3),254(3),259(3)
MP Govt Quota,UR/X/OP,Madhya Pradesh,"SSMC, Rewa",PAEDIATRICS,"₹1,01,500*","₹75,444",1,"₹10,00,000",1140,135(1),190(1),191(1),153(1),201(1),275(1)
MP Govt Quota,UR/X/OP,Madhya Pradesh,"NSC Bose Med Coll, Jabalpur",OBG,"₹1,01,500*","₹75,444",1,"₹10,00,000",1150,165(3),212(3),211(2),190(3),218(3),290(3)
MP Govt Quota,UR/X/OP,Madhya Pradesh,"Gaja Raja Med Coll, Gwalior",ORTHOPAEDICS,"₹1,01,500*","₹75,444",1,"₹10,00,000",1100,101(1),226(1),271(1),219(1),293(1),293(1)
MP Govt Quota,OBC/X/OP,Madhya Pradesh,"Gandhi Med Coll, Bhopal",OBG,"₹1,01,500*","₹75,444",1,"₹10,00,000",1135,124(1),253(1),-,241(1),297(1),297(1)
MP Priv-Open,OBC/X/OP,Madhya Pradesh,"RD Gardi, Ujjain",GENERAL MEDICINE,"₹13,50,000","₹69,115*",1,"₹10,00,000",750,347(1),347(1),348(1),300(1),301(1),301(1)
MP Govt Quota,UR/X/OP,Madhya Pradesh,"Atal Bihari Vajpayee, Vidisha",PAEDIATRICS,"₹1,01,500*","₹75,444",1,"₹10,00,000",300,161(1),236(1),237(1),-,-,308(1)
MP Govt Quota,UR/X/OP,Madhya Pradesh,"Gandhi Med Coll, Bhopal",GENERAL SURGERY,"₹1,01,500*","₹75,444",1,"₹10,00,000",1135,215(3),298(5),299(3),260(3),291(1),321(1)
MP Priv-Open,UR/X/OP,Madhya Pradesh,"RD Gardi, Ujjain",RADIO DIAGNOSIS,"₹13,50,000","₹69,115*",1,"₹10,00,000",750,68(1),68(1),69(1),122(2),111(2),325(2)
MP Govt Quota,UR/X/OP,Madhya Pradesh,"NSC Bose Med Coll, Jabalpur",GENERAL SURGERY,"₹1,01,500*","₹75,444",1,"₹10,00,000",1150,190(4),227(4),228(3),223(4),256(4),329(3)
MP Govt Quota,UR/X/OP Service,Madhya Pradesh,"Gaja Raja Med Coll, Gwalior",GENERAL MEDICINE,"₹1,01,500*","₹75,444",1,"₹10,00,000",1100,-,439(1),441(1),329(1),330(1),330(1)
MP Govt Quota,EWS/X/OP,Madhya Pradesh,"SSMC, Rewa",PAEDIATRICS,"₹1,01,500*","₹75,444",1,"₹10,00,000",1140,-,-,-,175(1),208(1),333(1)
MP Govt Quota,UR/X/OP,Madhya Pradesh,"Gandhi Med Coll, Bhopal",ORTHOPAEDICS,"₹1,01,500*","₹75,444",1,"₹10,00,000",1135,87(1),87(1),227(1),182(1),332(1),347(1)
MP Govt Quota,UR/X/OP,Madhya Pradesh,"Govt Med Coll, Datia",PAEDIATRICS,"₹1,01,500*","₹75,444",1,"₹10,00,000",540,-,259(1),266(1),169(1),275(1),367(1)
MP Priv-Open,UR/X/OP,Madhya Pradesh,"Aurobindo Med Coll, Indore",RADIO DIAGNOSIS,"₹23,10,000*","₹69,115*",1,"₹10,00,000",1230,241(2),207(2),208(2),330(4),368(2),368(2)
MP Govt Quota,OBC/X/OP,Madhya Pradesh,"Gaja Raja Med Coll, Gwalior",PAEDIATRICS,"₹1,01,500*","₹75,444",1,"₹10,00,000",1100,-,229(1),-,193(1),252(1),375(1)
MP Govt Quota,OBC/X/OP,Madhya Pradesh,"NSC Bose Med Coll, Jabalpur",OBG,"₹1,01,500*","₹75,444",1,"₹10,00,000",1150,189(1),280(1),281(1),281(1),376(1),376(1)
MP Priv-Open,UR/X/OP,Madhya Pradesh,"LNMC & RC, Bhopal",RADIO DIAGNOSIS,"₹22,80,000*","₹69,115*",1,"₹10,00,000",750,246(2),246(2),246(1),383(1),384(1),384(1)
MP Govt Quota,EWS/X/OP,Madhya Pradesh,"Gandhi Med Coll, Bhopal",PAEDIATRICS,"₹1,01,500*","₹75,444",1,"₹10,00,000",1135,180(1),186(1),187(1),144(1),185(1),388(2)
MP Govt Quota,OBC/X/OP,Madhya Pradesh,"Gaja Raja Med Coll, Gwalior",OBG,"₹1,01,500*","₹75,444",1,"₹10,00,000",1100,192(1),286(1),-,293(1),392(1),392(1)
MP Govt Quota,UR/X/OP,Madhya Pradesh,"NSC Bose Med Coll, Jabalpur",ORTHOPAEDICS,"₹1,01,500*","₹75,444",1,"₹10,00,000",1150,226(2),261(2),257(1),230(2),372(2),395(2)
MP Priv-Open,UR/X/OP,Madhya Pradesh,"Peoples College, Bhopal",RADIO DIAGNOSIS,"₹21,30,000*","₹75,444",1,"₹10,00,000",1150,290(1),290(1),291(1),367(1),400(1),400(1)
MP Govt Quota,OBC/X/OP,Madhya Pradesh,"SSMC, Rewa",PAEDIATRICS,"₹1,01,500*","₹75,444",1,"₹10,00,000",1140,240(1),219(1),220(1),-,-,402(1)
MP Govt Quota,EWS/X/OP,Madhya Pradesh,"Bundelkhand Med Coll, Sagar",PAEDIATRICS,"₹1,01,500*","₹75,444",1,"₹10,00,000",750,-,-,-,185(1),242(1),408(1)
MP Govt Quota,UR/X/OP,Madhya Pradesh,"SSMC, Rewa",OBG,"₹1,01,500*","₹75,444",1,"₹10,00,000",1140,210(2),223(2),224(2),199(1),226(1),415(1)
MP Priv-Open,UR/X/OP,Madhya Pradesh,"RD Gardi, Ujjain",DERMATOLOGY,"₹13,50,000","₹69,115*",1,"₹10,00,000",750,247(1),-,-,242(1),325(1),418(1)
MP Govt Quota,UR/X/OP,Madhya Pradesh,"Bundelkhand Med Coll, Sagar",ORTHOPAEDICS,"₹1,01,500*","₹75,444",1,"₹10,00,000",750,261(1),287(1),288(1),324(1),381(1),420(1)
MP Priv-Open,OBC/X/OP,Madhya Pradesh,"LNMC & RC, Bhopal",RADIO DIAGNOSIS,"₹22,80,000*","₹69,115*",1,"₹10,00,000",750,-,-,-,427(1),428(1),428(1)
MP Govt Quota,UR/X/OP,Madhya Pradesh,"Bundelkhand Med Coll, Sagar",OBG,"₹1,01,500*","₹75,444",1,"₹10,00,000",750,195(1),231(1),232(1),215(1),286(1),429(1)
MP Govt Quota,OBC/X/OP,Madhya Pradesh,"NSC Bose Med Coll, Jabalpur",GENERAL SURGERY,"₹1,01,500*","₹75,444",1,"₹10,00,000",1150,255(1),-,-,255(1),437(1),437(1)
MP Govt Quota,UR/X/OP,Madhya Pradesh,"MGM Med Coll, Indore",TBRD,"₹1,01,500*","₹75,444",1,"₹10,00,000",1300,92(1),266(1),267(1),128(1),308(1),438(1)
MP Govt Quota,UR/X/OP,Madhya Pradesh,"SSMC, Rewa",GENERAL SURGERY,"₹1,01,500*","₹75,444",1,"₹10,00,000",1140,237(3),353(4),377(4),290(3),335(3),442(3)
MP Govt Quota,UR/X/OP,Madhya Pradesh,"MGM Med Coll, Indore",OPHTHALMOLOGY,"₹1,01,500*","₹75,444",1,"₹10,00,000",1300,289(1),-,-,201(1),439(1),444(1)
MP Govt Quota,OBC/X/OP,Madhya Pradesh,"Gaja Raja Med Coll, Gwalior",ORTHOPAEDICS,"₹1,01,500*","₹75,444",1,"₹10,00,000",1100,183(1),281(1),282(1),257(1),452(1),452(1)
MP Govt Quota,UR/X/OP,Madhya Pradesh,"Govt Med Coll, Khandwa",PAEDIATRICS,"₹1,01,500*","₹75,444",1,"₹10,00,000",-,162(1),176(1),-,166(1),249(1),453(1)
MP Govt Quota,UR/X/OP,Madhya Pradesh,"Gandhi Med Coll, Bhopal",OPHTHALMOLOGY,"₹1,01,500*","₹75,444",1,"₹10,00,000",1135,377(1),396(1),398(1),218(1),444(1),458(1)
MP Govt Quota,UR/X/OP Service,Madhya Pradesh,"SSMC, Rewa",GENERAL MEDICINE,"₹1,01,500*","₹75,444",1,"₹10,00,000",1140,439(1),668(1),-,78(1),462(1),462(1)
MP Govt Quota,OBC/X/OP,Madhya Pradesh,"Govt Med Coll, Datia",PAEDIATRICS,"₹1,01,500*","₹75,444",1,"₹10,00,000",540,-,-,-,243(1),375(1),469(1)
MP Govt Quota,UR/X/OP,Madhya Pradesh,"Bundelkhand Med Coll, Sagar",OPHTHALMOLOGY,"₹1,01,500*","₹75,444",1,"₹10,00,000",750,396(1),568(2),717(2),359(1),471(1),471(1)
MP Priv-Open,UR/X/OP,Madhya Pradesh,"Aurobindo Med Coll, Indore",GENERAL MEDICINE,"₹20,70,000*","₹69,115*",1,"₹10,00,000",1230,307(4),323(4),324(3),399(8),472(8),486(7)
MP Govt Quota,SC/X/OP,Madhya Pradesh,"NSC Bose Med Coll, Jabalpur",RADIO DIAGNOSIS,"₹1,01,500*","₹75,444",1,"₹10,00,000",1150,351(1),351(1),-,266(1),468(1),491(1)
MP Govt Quota,UR/X/OP,Madhya Pradesh,"Govt Med Coll, Ratlam",OBG,"₹1,01,500*","₹75,444",1,"₹10,00,000",300,212(1),237(1),238(1),216(1),290(1),495(1)
MP Govt Quota,UR/X/OP Service,Madhya Pradesh,"Bundelkhand Med Coll, Sagar",GENERAL MEDICINE,"₹1,01,500*","₹75,444",1,"₹10,00,000",750,555(1),688(1),691(1),461(1),497(1),497(1)
MP Priv-Open,UR/X/OP,Madhya Pradesh,"Peoples College, Bhopal",DERMATOLOGY,"₹21,30,000*","₹75,444",1,"₹10,00,000",1150,404(1),548(2),549(2),499(1),500(1),500(1)
MP Govt Quota,SC/X/OP,Madhya Pradesh,"Gandhi Med Coll, Bhopal",GENERAL MEDICINE,"₹1,01,500*","₹75,444",1,"₹10,00,000",1135,-,710(1),713(1),306(1),505(1),505(1)
MP Govt Quota,SC/X/OP,Madhya Pradesh,"NSC Bose Med Coll, Jabalpur",GENERAL MEDICINE,"₹1,01,500*","₹75,444",1,"₹10,00,000",1150,619(1),663(1),-,447(1),506(1),506(1)
MP Govt Quota,EWS/X/OP,Madhya Pradesh,"Gaja Raja Med Coll, Gwalior",ORTHOPAEDICS,"₹1,01,500*","₹75,444",1,"₹10,00,000",1100,-,-,-,-,-,508(1)
MP Govt Quota,UR/X/OP,Madhya Pradesh,"Govt Med Coll, Datia",ORTHOPAEDICS,"₹1,01,500*","₹75,444",1,"₹10,00,000",540,-,-,-,331(1),420(1),513(1)
MP Priv-Open,UR/X/OP,Madhya Pradesh,"Chirayu Med Coll, Bhopal",GENERAL MEDICINE,"₹19,70,000*","₹72,633",1,"₹10,00,000",912,446(1),470(2),471(2),513(1),514(1),514(1)
MP Priv-Open,UR/X/OP,Madhya Pradesh,"Peoples College, Bhopal",GENERAL MEDICINE,"₹19,05,000*","₹75,444",1,"₹10,00,000",1150,415(1),462(2),463(2),-,-,516(1)
MP Priv-Open,UR/X/OP,Madhya Pradesh,"RD Gardi, Ujjain",PAEDIATRICS,"₹13,50,000","₹69,115*",1,"₹10,00,000",750,369(1),581(2),582(2),321(1),522(1),522(1)
MP Govt Quota,EWS/X/OP,Madhya Pradesh,"Atal Bihari Vajpayee, Vidisha",PAEDIATRICS,"₹1,01,500*","₹75,444",1,"₹10,00,000",300,-,-,-,-,-,525(1)
MP Govt Quota,UR/X/OP,Madhya Pradesh,"Bundelkhand Med Coll, Sagar",GENERAL SURGERY,"₹1,01,500*","₹75,444",1,"₹10,00,000",750,254(1),378(2),387(2),304(1),367(1),526(1)
MP Govt Quota,UR/X/OP,Madhya Pradesh,"Govt Med Coll, Shivpuri",ORTHOPAEDICS,"₹1,01,500*","₹75,444",1,"₹10,00,000",520,-,-,-,349(1),442(1),532(1)
MP Govt Quota,UR/X/OP,Madhya Pradesh,"Govt Med Coll, Ratlam",GENERAL SURGERY,"₹1,01,500*","₹75,444",1,"₹10,00,000",300,336(1),343(1),344(1),320(1),378(1),534(1)
MP Govt Quota,UR/X/OP,Madhya Pradesh,"Govt Med Coll, Datia",GENERAL SURGERY,"₹1,01,500*","₹75,444",1,"₹10,00,000",540,340(1),382(1),389(1),58(1),453(1),536(1)
MP Priv-Open,OBC/X/OP,Madhya Pradesh,"Aurobindo Med Coll, Indore",GENERAL MEDICINE,"₹20,70,000*","₹69,115*",1,"₹10,00,000",1230,-,463(1),464(1),472(2),537(2),539(2)
MP Govt Quota,UR/X/OP,Madhya Pradesh,"Atal Bihari Vajpayee, Vidisha",GENERAL SURGERY,"₹1,01,500*","₹75,444",1,"₹10,00,000",300,334(1),391(2),402(2),302(1),405(1),541(1)
MP Govt Quota,OBC/X/OP Service,Madhya Pradesh,"SSMC, Rewa",GENERAL MEDICINE,"₹1,01,500*","₹75,444",1,"₹10,00,000",1140,-,-,-,542(2),543(2),543(2)
MP Govt Quota,UR/X/OP,Madhya Pradesh,"Gwalior Mansik, Madhya Pradesh",PSYCHIATRY,"₹1,01,500*","₹75,444",1,"₹10,00,000",50,-,630(1),-,327(1),547(1),547(1)
MP Priv-Open,OBC/X/OP,Madhya Pradesh,"Peoples College, Bhopal",GENERAL MEDICINE,"₹19,05,000*","₹75,444",1,"₹10,00,000",1150,-,-,-,446(1),539(1),556(1)
MP Priv-Open,UR/X/OP,Madhya Pradesh,"LNMC & RC, Bhopal",DERMATOLOGY,"₹22,80,000*","₹69,115*",1,"₹10,00,000",750,550(1),563(2),564(2),478(1),544(1),569(1)
MP Govt Quota,SC/X/OP,Madhya Pradesh,"SSMC, Rewa",GENERAL MEDICINE,"₹1,01,500*","₹75,444",1,"₹10,00,000",1140,492(1),492(1),679(1),504(1),576(1),576(1)
MP Priv-Open,UR/X/OP,Madhya Pradesh,"Index Med Coll, Indore",RADIO DIAGNOSIS,"₹22,50,000*","₹69,115*",1,"₹10,00,000",1299,438(3),438(3),440(3),412(2),577(2),577(2)
MP Priv-Open,OBC/X/OP,Madhya Pradesh,"Index Med Coll, Indore",RADIO DIAGNOSIS,"₹22,50,000*","₹69,115*",1,"₹10,00,000",1299,516(1),516(1),517(1),572(1),585(1),585(1)
MP Govt Quota,SC/X/OP,Madhya Pradesh,"Gaja Raja Med Coll, Gwalior",GENERAL MEDICINE,"₹1,01,500*","₹75,444",1,"₹10,00,000",1100,370(1),370(1),372(1),-,-,593(1)
MP Govt Quota,SC/X/OP,Madhya Pradesh,"Bundelkhand Med Coll, Sagar",GENERAL MEDICINE,"₹1,01,500*","₹75,444",1,"₹10,00,000",750,676(1),676(1),758(1),505(1),593(1),611(1)
MP Govt Quota,UR/X/OP,Madhya Pradesh,"SSMC, Rewa",PSYCHIATRY,"₹1,01,500*","₹75,444",1,"₹10,00,000",1140,-,-,-,317(1),614(1),614(1)
MP Priv-Open,UR/X/OP,Madhya Pradesh,"Aurobindo Med Coll, Indore",OBG,"₹20,70,000*","₹69,115*",1,"₹10,00,000",1230,528(3),587(4),588(3),605(5),606(5),615(5)
MP Govt Quota,EWS/X/OP,Madhya Pradesh,"Gandhi Med Coll, Bhopal",ORTHOPAEDICS,"₹1,01,500*","₹75,444",1,"₹10,00,000",1135,-,-,-,315(1),333(1),616(1)
MP Govt Quota,EWS/X/OP,Madhya Pradesh,"MGM Med Coll, Indore",GENERAL SURGERY,"₹1,01,500*","₹75,444",1,"₹10,00,000",1300,268(1),271(1),-,205(1),446(1),620(1)
MP Govt Quota,UR/X/OP,Madhya Pradesh,"NSC Bose Med Coll, Jabalpur",OPHTHALMOLOGY,"₹1,01,500*","₹75,444",1,"₹10,00,000",1150,385(1),409(2),559(2),221(1),579(1),626(1)
MP Priv-Open,UR/X/OP,Madhya Pradesh,"LNMC & RC, Bhopal",OBG,"₹20,45,000*","₹69,115*",1,"₹10,00,000",750,656(2),726(3),729(2),680(2),906(2),631(1)
MP Govt Quota,UR/X/OP,Madhya Pradesh,"MGM Med Coll, Indore",ANAESTHESIOLOGY,"₹1,01,500*","₹75,444",1,"₹10,00,000",1300,526(3),557(5),532(3),429(3),645(3),635(2)
MP Govt Quota,UR/X/OP Service,Madhya Pradesh,"Govt Med Coll, Datia",GENERAL MEDICINE,"₹1,01,500*","₹75,444",1,"₹10,00,000",540,-,-,-,496(1),636(1),636(1)
MP Govt Quota,OBC/X/OP,Madhya Pradesh,"Bundelkhand Med Coll, Sagar",ORTHOPAEDICS,"₹1,01,500*","₹75,444",1,"₹10,00,000",750,-,-,-,379(1),553(1),637(1)
MP Priv-Open,UR/X/OP,Madhya Pradesh,"LNMC & RC, Bhopal",GENERAL MEDICINE,"₹20,45,000*","₹69,115*",1,"₹10,00,000",750,513(5),533(8),526(7),515(5),523(4),641(5)
MP Govt Quota,UR/X/OP,Madhya Pradesh,"Govt Med Coll, Ratlam",OPHTHALMOLOGY,"₹1,01,500*","₹75,444",1,"₹10,00,000",300,-,-,-,-,644(1),644(1)
MP Govt Quota,EWS/X/OP,Madhya Pradesh,"MGM Med Coll, Indore",OBG,"₹1,01,500*","₹75,444",1,"₹10,00,000",1300,164(1),171(1),172(1),186(1),214(1),651(1)
MP Govt Quota,UR/X/OP,Madhya Pradesh,"Gaja Raja Med Coll, Gwalior",ENT,"₹1,01,500*","₹75,444",1,"₹10,00,000",1100,491(1),638(2),639(2),372(1),532(1),673(1)
MP Priv-Open,OBC/X/OP,Madhya Pradesh,"Peoples College, Bhopal",DERMATOLOGY,"₹21,30,000*","₹75,444",1,"₹10,00,000",1150,-,-,-,844(1),675(1),675(1)
MP Priv-Open,UR/X/OP,Madhya Pradesh,"Chirayu Med Coll, Bhopal",DERMATOLOGY,"₹22,10,000*","₹72,633",1,"₹10,00,000",912,534(1),534(1),535(1),417(1),418(1),678(1)
MP Priv-Open,UR/X/OP,Madhya Pradesh,"Peoples College, Bhopal",PAEDIATRICS,"₹18,20,000*","₹75,444",1,"₹10,00,000",1150,591(1),700(2),703(2),666(1),682(1),682(1)
MP Govt Quota,EWS/X/OP,Madhya Pradesh,"MGM Med Coll, Indore",ANAESTHESIOLOGY,"₹1,01,500*","₹75,444",1,"₹10,00,000",1300,672(1),735(2),738(1),570(1),651(1),701(1)
MP Priv-Open,UR/X/OP,Madhya Pradesh,"Aurobindo Med Coll, Indore",PAEDIATRICS,"₹19,70,000*","₹69,115*",1,"₹10,00,000",1230,548(3),616(5),598(3),617(4),668(4),704(5)
MP Govt Quota,UR/X/OP,Madhya Pradesh,"MGM Med Coll, Indore",ENT,"₹1,01,500*","₹75,444",1,"₹10,00,000",1300,358(1),532(1),544(1),334(1),513(1),709(1)
MP Govt Quota,EWS/X/OP,Madhya Pradesh,"Gandhi Med Coll, Bhopal",OBG,"₹1,01,500*","₹75,444",1,"₹10,00,000",1135,186(1),218(1),219(1),195(1),296(1),718(1)
MP Govt Quota,OBC/X/OP,Madhya Pradesh,"Bundelkhand Med Coll, Sagar",OPHTHALMOLOGY,"₹1,01,500*","₹75,444",1,"₹10,00,000",750,-,-,-,401(1),719(1),719(1)
MP Govt Quota,EWS/X/OP,Madhya Pradesh,"NSC Bose Med Coll, Jabalpur",OBG,"₹1,01,500*","₹75,444",1,"₹10,00,000",1150,218(1),324(2),325(2),214(1),337(1),722(1)
MP Govt Quota,UR/X/OP,Madhya Pradesh,"MGM Med Coll, Indore",EMERGENCY MEDICINE,"₹1,01,500*","₹75,444",1,"₹10,00,000",1300,208(1),357(2),301(1),316(1),387(1),725(1)
MP Govt Quota,UR/X/OP,Madhya Pradesh,"Gandhi Med Coll, Bhopal",ANAESTHESIOLOGY,"₹1,01,500*","₹75,444",1,"₹10,00,000",1135,557(5),681(6),684(4),506(5),671(5),727(4)
MP Govt Quota,EWS/X/OP,Madhya Pradesh,"NSC Bose Med Coll, Jabalpur",GENERAL SURGERY,"₹1,01,500*","₹75,444",1,"₹10,00,000",1150,271(1),321(2),322(2),268(1),269(1),731(2)
MP Govt Quota,OBC/X/OP,Madhya Pradesh,"NSC Bose Med Coll, Jabalpur",TBRD,"₹1,01,500*","₹75,444",1,"₹10,00,000",1150,-,-,-,362(1),469(1),738(1)
MP Govt Quota,OBC/X/OP,Madhya Pradesh,"NSC Bose Med Coll, Jabalpur",ENT,"₹1,01,500*","₹75,444",1,"₹10,00,000",1150,597(1),543(1),876(1),494(1),753(1),753(1)
MP Priv-Open,UR/X/OP Service,Madhya Pradesh,"RD Gardi, Ujjain",GENERAL MEDICINE,"₹13,50,000","₹69,115*",1,"₹10,00,000",750,1131(1),1131(1),1138(1),751(1),755(1),755(1)
MP Priv-Open,OBC/X/OP,Madhya Pradesh,"Chirayu Med Coll, Bhopal",GENERAL MEDICINE,"₹19,70,000*","₹72,633",1,"₹10,00,000",912,-,584(2),585(2),-,-,756(1)
MP Govt Quota,UR/X/OP,Madhya Pradesh,"NSC Bose Med Coll, Jabalpur",ANAESTHESIOLOGY,"₹1,01,500*","₹75,444",1,"₹10,00,000",1150,626(2),670(2),673(2),526(2),701(2),769(2)
MP Govt Quota,EWS/X/OP,Madhya Pradesh,"Gaja Raja Med Coll, Gwalior",OPHTHALMOLOGY,"₹1,01,500*","₹75,444",1,"₹10,00,000",1100,-,-,-,-,-,782(1)
MP Priv-Open,UR/X/OP,Madhya Pradesh,"Amaltas IMS, Dewas",RADIO DIAGNOSIS,"₹21,50,000*","₹69,115*",1,"₹10,00,000",720,332(1),467(1),468(1),510(1),408(1),784(1)
MP Govt Quota,UR/X/OP,Madhya Pradesh,"Gandhi Med Coll, Bhopal",EMERGENCY MEDICINE,"₹1,01,500*","₹75,444",1,"₹10,00,000",1135,243(1),366(1),368(1),344(1),415(1),787(1)
MP Priv-Open,UR/X/OP,Madhya Pradesh,"Chirayu Med Coll, Bhopal",OBG,"₹19,70,000*","₹72,633",1,"₹10,00,000",912,664(1),694(1),697(1),613(1),545(1),794(2)
MP Govt Quota,OBC/X/OP,Madhya Pradesh,"NSC Bose Med Coll, Jabalpur",OPHTHALMOLOGY,"₹1,01,500*","₹75,444",1,"₹10,00,000",1150,-,-,-,395(1),653(1),801(1)
MP Govt Quota,EWS/X/OP,Madhya Pradesh,"Atal Bihari Vajpayee, Vidisha",ORTHOPAEDICS,"₹1,01,500*","₹75,444",1,"₹10,00,000",300,-,-,-,301(1),508(1),809(1)
MP Govt Quota,SC/X/OP,Madhya Pradesh,"Govt Med Coll, Ratlam",GENERAL MEDICINE,"₹1,01,500*","₹75,444",1,"₹10,00,000",300,710(1),755(1),794(1),575(1),611(1),813(1)
MP Govt Quota,UR/X/OP,Madhya Pradesh,"Atal Bihari Vajpayee, Vidisha",OPHTHALMOLOGY,"₹1,01,500*","₹75,444",1,"₹10,00,000",300,-,-,-,366(1),626(1),814(1)
MP Govt Quota,SC/X/OP,Madhya Pradesh,"Gandhi Med Coll, Bhopal",OBG,"₹1,01,500*","₹75,444",1,"₹10,00,000",1135,752(1),810(1),814(1),730(1),394(1),815(1)
MP Govt Quota,SC/X/OP,Madhya Pradesh,"NSC Bose Med Coll, Jabalpur",ORTHOPAEDICS,"₹1,01,500*","₹75,444",1,"₹10,00,000",1150,-,-,-,811(1),818(1),818(1)
MP Priv-Open,UR/X/OP,Madhya Pradesh,"Index Med Coll, Indore",DERMATOLOGY,"₹22,50,000*","₹69,115*",1,"₹10,00,000",1299,536(1),776(2),779(2),544(1),678(1),822(1)
MP Govt Quota,UR/X/OP,Madhya Pradesh,"Gandhi Med Coll, Bhopal",ENT,"₹1,01,500*","₹75,444",1,"₹10,00,000",1135,-,491(1),-,249(1),477(1),824(1)
MP Govt Quota,UR/X/OP,Madhya Pradesh,"Bundelkhand Med Coll, Sagar",ENT,"₹1,01,500*","₹75,444",1,"₹10,00,000",750,497(1),714(1),772(1),423(1),619(1),827(1)
MP Govt Quota,UR/X/OP,Madhya Pradesh,"Gaja Raja Med Coll, Gwalior",ANAESTHESIOLOGY,"₹1,01,500*","₹75,444",1,"₹10,00,000",1100,669(2),697(3),700(3),514(2),717(2),831(2)
MP Priv-Open,UR/X/OP,Madhya Pradesh,"Aurobindo Med Coll, Indore",ORTHOPAEDICS,"₹19,70,000*","₹69,115*",1,"₹10,00,000",1230,721(4),797(6),801(5),826(4),846(4),846(3)
MP Priv-Open,OBC/X/OP Service,Madhya Pradesh,"RD Gardi, Ujjain",RADIO DIAGNOSIS,"₹13,50,000","₹69,115*",1,"₹10,00,000",750,-,-,-,282(1),283(1),856(1)
MP Priv-Open,UR/X/OP,Madhya Pradesh,"RD Gardi, Ujjain",ORTHOPAEDICS,"₹13,50,000","₹69,115*",1,"₹10,00,000",750,522(1),553(1),554(1),477(1),542(1),881(1)
MP Govt Quota,UR/X/OP Service,Madhya Pradesh,"SSMC, Rewa",PAEDIATRICS,"₹1,01,500*","₹75,444",1,"₹10,00,000",1140,668(1),841(1),845(1),881(1),889(1),889(1)
MP Govt Quota,OBC/X/OP,Madhya Pradesh,"Gaja Raja Med Coll, Gwalior",GENERAL SURGERY,"₹1,01,500*","₹75,444",1,"₹10,00,000",1100,360(1),379(1),381(1),374(1),463(1),896(1)
MP Priv-Open,OBC/X/OP,Madhya Pradesh,"LNMC & RC, Bhopal",GENERAL MEDICINE,"₹20,45,000*","₹69,115*",1,"₹10,00,000",750,660(2),882(10),887(10),536(1),556(1),899(1)
MP Govt Quota,UR/X/OP,Madhya Pradesh,"Bundelkhand Med Coll, Sagar",ANAESTHESIOLOGY,"₹1,01,500*","₹75,444",1,"₹10,00,000",750,681(1),699(1),702(1),643(1),736(1),907(1)
MP Priv-Open,UR/X/OP,Madhya Pradesh,"Amaltas IMS, Dewas",DERMATOLOGY,"₹21,50,000*","₹69,115*",1,"₹10,00,000",720,622(1),622(1),623(1),568(1),569(1),913(1)
MP Govt Quota,OBC/X/OP,Madhya Pradesh,"SSMC, Rewa",GENERAL SURGERY,"₹1,01,500*","₹75,444",1,"₹10,00,000",1140,326(1),381(1),383(1),365(1),495(1),921(1)
MP Priv-Open,UR/X/OP,Madhya Pradesh,"RD Gardi, Ujjain",GENERAL SURGERY,"₹13,50,000","₹69,115*",1,"₹10,00,000",750,759(3),867(4),872(4),488(1),896(1),931(1)
MP Priv-Open,UR/X/OP,Madhya Pradesh,"Index Med Coll, Indore",GENERAL MEDICINE,"₹20,05,000*","₹69,115*",1,"₹10,00,000",1299,573(3),898(5),903(5),729(6),733(6),933(7)
MP Priv-Open,UR/X/OP,Madhya Pradesh,"Peoples College, Bhopal",OBG,"₹19,05,000*","₹75,444",1,"₹10,00,000",1150,661(3),661(4),664(4),772(2),868(2),943(2)
MP Priv-Open,UR/X/OP,Madhya Pradesh,"Aurobindo Med Coll, Indore",TBRD,"₹18,37,000*","₹69,115*",1,"₹10,00,000",1230,566(1),983(2),989(2),686(1),944(1),944(1)
MP Govt Quota,OBC/X/OP,Madhya Pradesh,"MGM Med Coll, Indore",EMERGENCY MEDICINE,"₹1,01,500*","₹75,444",1,"₹10,00,000",1300,-,-,-,538(1),634(1),947(1)
MP Govt Quota,UR/X/OP Service,Madhya Pradesh,"Gandhi Med Coll, Bhopal",PAEDIATRICS,"₹1,01,500*","₹75,444",1,"₹10,00,000",1135,855(2),1140(2),1147(1),943(2),951(2),951(2)
MP Govt Quota,EWS/X/OP,Madhya Pradesh,"Govt Med Coll, Datia",OPHTHALMOLOGY,"₹1,01,500*","₹75,444",1,"₹10,00,000",540,-,-,-,491(1),718(1),956(1)
MP Govt Quota,EWS/X/OP,Madhya Pradesh,"SSMC, Rewa",GENERAL SURGERY,"₹1,01,500*","₹75,444",1,"₹10,00,000",1140,321(1),364(1),400(1),357(1),417(1),958(2)
MP Priv-Open,OBC/X/OP,Madhya Pradesh,"Aurobindo Med Coll, Indore",OBG,"₹20,70,000*","₹69,115*",1,"₹10,00,000",1230,587(1),656(1),659(1),637(2),639(2),959(2)
MP Priv-Open,UR/X/OP,Madhya Pradesh,"RKDF Medical College, Jatkhedi",OBG,"₹18,70,000*","₹69,115*",1*,"₹10,00,000*",-,-,-,-,948(1),956(1),960(1)
MP Govt Quota,OBC/X/OP,Madhya Pradesh,"MGM Med Coll, Indore",OPHTHALMOLOGY,"₹1,01,500*","₹75,444",1,"₹10,00,000",1300,318(1),318(1),319(1),389(1),564(1),964(1)
MP Priv-Open,UR/X/OP,Madhya Pradesh,"Amaltas IMS, Dewas",OBG,"₹19,20,000*","₹69,115*",1,"₹10,00,000",720,694(1),910(2),915(2),885(1),965(1),965(1)
MP Govt Quota,UR/X/OP,Madhya Pradesh,"Gaja Raja Med Coll, Gwalior",RADIATION ONCOLOGY,"₹1,01,500*","₹75,444",1,"₹10,00,000",1100,-,-,-,298(1),865(1),967(1)
MP Govt Quota,SC/X/OP,Madhya Pradesh,"Gaja Raja Med Coll, Gwalior",ORTHOPAEDICS,"₹1,01,500*","₹75,444",1,"₹10,00,000",1100,781(1),781(1),785(1),964(1),972(1),972(1)
MP Govt Quota,SC/X/OP,Madhya Pradesh,"NSC Bose Med Coll, Jabalpur",OBG,"₹1,01,500*","₹75,444",1,"₹10,00,000",1150,736(1),802(1),-,800(2),819(2),976(2)
MP Govt Quota,UR/X/OP,Madhya Pradesh,"SSMC, Rewa",ANAESTHESIOLOGY,"₹1,01,500*","₹75,444",1,"₹10,00,000",1140,675(2),698(2),682(1),616(2),803(2),980(2)
MP Priv-Open,UR/X/OP,Madhya Pradesh,"Peoples College, Bhopal",ORTHOPAEDICS,"₹18,20,000*","₹75,444",1,"₹10,00,000",1150,903(2),916(2),921(2),925(2),881(2),981(2)
MP Govt Quota,OBC/X/OP,Madhya Pradesh,"SSMC, Rewa",ENT,"₹1,01,500*","₹75,444",1,"₹10,00,000",1140,-,-,-,573(1),985(1),985(1)
MP Priv-Open,OBC/X/OP,Madhya Pradesh,"Index Med Coll, Indore",DERMATOLOGY,"₹22,50,000*","₹69,115*",1,"₹10,00,000",1299,776(1),1021(1),1027(1),983(1),991(1),991(1)
MP Govt Quota,OBC/X/OP,Madhya Pradesh,"Gandhi Med Coll, Bhopal",ANAESTHESIOLOGY,"₹1,01,500*","₹75,444",1,"₹10,00,000",1135,646(2),715(2),718(2),597(2),1000(2),999(1)
MP Govt Quota,UR/X/OP,Madhya Pradesh,"Govt Med Coll, Datia",ANAESTHESIOLOGY,"₹1,01,500*","₹75,444",1,"₹10,00,000",540,682(1),731(2),774(2),647(1),814(1),1011(1)
MP Govt Quota,OBC/X/OP,Madhya Pradesh,"Gaja Raja Med Coll, Gwalior",ANAESTHESIOLOGY,"₹1,01,500*","₹75,444",1,"₹10,00,000",1100,679(1),794(1),798(1),664(1),1013(1),1013(1)
MP Govt Quota,UR/X/OP,Madhya Pradesh,"Govt Med Coll, Ratlam",ANAESTHESIOLOGY,"₹1,01,500*","₹75,444",1,"₹10,00,000",300,-,-,-,578(1),809(2),1019(2)
MP Govt Quota,UR/X/OP Service,Madhya Pradesh,"Gaja Raja Med Coll, Gwalior",PAEDIATRICS,"₹1,01,500*","₹75,444",1,"₹10,00,000",1100,914(1),914(1),-,1016(1),1024(1),1024(1)
MP Priv-Open,UR/X/OP,Madhya Pradesh,"Chirayu Med Coll, Bhopal",PAEDIATRICS,"₹18,30,000*","₹72,633",1,"₹10,00,000",912,-,833(1),837(1),701(2),694(2),1036(3)
MP Govt Quota,UR/X/OP Service,Madhya Pradesh,"MGM Med Coll, Indore",ORTHOPAEDICS,"₹1,01,500*","₹75,444",1,"₹10,00,000",1300,-,-,-,1031(1),1039(1),1039(1)
MP Govt Quota,OBC/X/OP,Madhya Pradesh,"Govt Med Coll, Ratlam",ENT,"₹1,01,500*","₹75,444",1,"₹10,00,000",300,-,-,-,-,1047(1),1047(1)
MP Priv-Open,UR/X/OP,Madhya Pradesh,"RD Gardi, Ujjain",TBRD,"₹13,50,000","₹69,115*",1,"₹10,00,000",750,634(2),783(2),787(2),636(1),638(1),1049(2)
MP Govt Quota,OBC/X/OP,Madhya Pradesh,"Bundelkhand Med Coll, Sagar",ANAESTHESIOLOGY,"₹1,01,500*","₹75,444",1,"₹10,00,000",750,-,-,-,710(1),1059(1),1059(1)
MP Priv-Open,OBC/X/OP,Madhya Pradesh,"RD Gardi, Ujjain",TBRD,"₹13,50,000","₹69,115*",1,"₹10,00,000",750,-,1097(1),1103(1),990(1),1030(1),1060(1)
MP Govt Quota,SC/X/OP,Madhya Pradesh,"SSMC, Rewa",DERMATOLOGY,"₹1,01,500*","₹75,444",1,"₹10,00,000",1140,468(1),468(1),-,490(1),491(1),1065(1)
MP Govt Quota,SC/X/OP,Madhya Pradesh,"NSC Bose Med Coll, Jabalpur",PAEDIATRICS,"₹1,01,500*","₹75,444",1,"₹10,00,000",1150,830(1),830(1),834(1),711(1),813(1),1068(1)
MP Govt Quota,SC/X/OP,Madhya Pradesh,"Gaja Raja Med Coll, Gwalior",OBG,"₹1,01,500*","₹75,444",1,"₹10,00,000",1100,802(1),874(1),-,804(1),811(1),1075(1)
MP Priv-Open,UR/X/OP Service,Madhya Pradesh,"LNMC & RC, Bhopal",RADIO DIAGNOSIS,"₹22,80,000*","₹69,115*",1,"₹10,00,000",750,530(1),530(1),-,1067(1),1076(1),1076(1)
MP Priv-Open,UR/X/OP,Madhya Pradesh,"LNMC & RC, Bhopal",PAEDIATRICS,"₹19,60,000*","₹69,115*",1,"₹10,00,000",750,743(3),979(5),985(5),781(3),969(3),1082(4)
MP Priv-Open,UR/X/OP,Madhya Pradesh,"Amaltas IMS, Dewas",ORTHOPAEDICS,"₹18,10,000*","₹69,115*",1,"₹10,00,000",720,868(1),1201(1),1208(1),906(1),933(1),1089(1)
MP Priv-Open,UR/X/OP,Madhya Pradesh,"RKDF Medical College, Jatkhedi",GENERAL MEDICINE,"₹18,70,000*","₹69,115*",1*,"₹10,00,000*",-,593(1),941(2),946(2),738(2),833(2),1091(2)
MP Priv-Open,UR/X/OP,Madhya Pradesh,"Index Med Coll, Indore",OBG,"₹20,05,000*","₹69,115*",1,"₹10,00,000",1299,726(2),997(3),1003(3),898(3),968(3),1104(5)
MP Priv-Open,OBC/X/OP,Madhya Pradesh,"Aurobindo Med Coll, Indore",PAEDIATRICS,"₹19,70,000*","₹69,115*",1,"₹10,00,000",1230,584(1),1239(3),1246(2),856(2),886(2),1108(5)
MP Govt Quota,OBC/X/OP,Madhya Pradesh,"MGM Med Coll, Indore",PATHOLOGY,"₹1,01,500*","₹75,444",1,"₹10,00,000",1300,-,-,-,783(1),1121(1),1121(1)
MP Priv-Open,OBC/X/OP,Madhya Pradesh,"LNMC & RC, Bhopal",OBG,"₹20,45,000*","₹69,115*",1,"₹10,00,000",750,813(1),852(3),857(3),951(1),959(1),1125(1)
MP Govt Quota,EWS/X/OP,Madhya Pradesh,"NSC Bose Med Coll, Jabalpur",ANAESTHESIOLOGY,"₹1,01,500*","₹75,444",1,"₹10,00,000",1150,708(1),815(1),819(1),648(1),727(1),1129(1)
MP Priv-Open,UR/X/OP Service,Madhya Pradesh,"RD Gardi, Ujjain",DERMATOLOGY,"₹13,50,000","₹69,115*",1,"₹10,00,000",750,1441(1),1441(1),1456(1),1130(1),1139(1),1139(1)
MP Govt Quota,UR/X/OP Service,Madhya Pradesh,"Gandhi Med Coll, Bhopal",ORTHOPAEDICS,"₹1,01,500*","₹75,444",1,"₹10,00,000",1135,1061(1),1061(1),-,1131(1),1140(1),1140(1)
MP Priv-Open,UR/X/OP,Madhya Pradesh,"RKDF Medical College, Jatkhedi",PAEDIATRICS,"₹18,40,000*","₹69,115*",1*,"₹10,00,000*",-,898(1),1114(1),1120(1),1083(1),1019(1),1142(2)
MP Govt Quota,EWS/X/OP,Madhya Pradesh,"NSC Bose Med Coll, Jabalpur",ENT,"₹1,01,500*","₹75,444",1,"₹10,00,000",1150,-,-,-,-,-,1146(1)
MP Priv-Open,UR/X/OP,Madhya Pradesh,"Aurobindo Med Coll, Indore",EMERGENCY MEDICINE,"₹18,37,000*","₹69,115*",1,"₹10,00,000",1230,780(1),-,-,1232(1),1151(1),1151(1)
MP Priv-Open,OBC/X/OP,Madhya Pradesh,"Index Med Coll, Indore",GENERAL MEDICINE,"₹20,05,000*","₹69,115*",1,"₹10,00,000",1299,689(1),1071(4),1077(4),891(1),899(1),1152(4)
MP Govt Quota,EWS/X/OP,Madhya Pradesh,"Govt Med Coll, Ratlam",ORTHOPAEDICS,"₹1,01,500*","₹75,444",1,"₹10,00,000",300,-,-,-,-,616(1),1165(1)
MP Govt Quota,SC/X/OP,Madhya Pradesh,"NSC Bose Med Coll, Jabalpur",GENERAL SURGERY,"₹1,01,500*","₹75,444",1,"₹10,00,000",1150,760(1),878(1),883(1),1047(2),1067(2),1168(1)
MP Priv-Open,OBC/X/OP,Madhya Pradesh,"RKDF Medical College, Jatkhedi",GENERAL MEDICINE,"₹18,70,000*","₹69,115*",1*,"₹10,00,000*",-,705(1),1366(2),1378(2),-,-,1171(1)
MP Govt Quota,UR/X/OP,Madhya Pradesh,"Gandhi Med Coll, Bhopal",PATHOLOGY,"₹1,01,500*","₹75,444",1,"₹10,00,000",1135,919(3),1156(4),1163(4),849(3),866(3),1172(3)
MP Govt Quota,OBC/X/OP Service,Madhya Pradesh,"MGM Med Coll, Indore",PAEDIATRICS,"₹1,01,500*","₹75,444",1,"₹10,00,000",1300,806(1),1299(1),1311(1),848(1),856(1),1175(1)
MP Govt Quota,OBC/X/OP Service,Madhya Pradesh,"Bundelkhand Med Coll, Sagar",PAEDIATRICS,"₹1,01,500*","₹75,444",1,"₹10,00,000",750,-,-,-,-,-,1176(1)
MP Govt Quota,UR/X/OP Service,Madhya Pradesh,"NSC Bose Med Coll, Jabalpur",ORTHOPAEDICS,"₹1,01,500*","₹75,444",1,"₹10,00,000",1150,1091(1),1091(1),-,1173(1),1182(1),1182(1)
MP Govt Quota,SC/X/OP,Madhya Pradesh,"Govt Med Coll, Khandwa",PAEDIATRICS,"₹1,01,500*","₹75,444",1,"₹10,00,000",-,-,-,-,806(1),1068(1),1186(1)
MP Govt Quota,SC/X/OP,Madhya Pradesh,"Govt Med Coll, Datia",OBG,"₹1,01,500*","₹75,444",1,"₹10,00,000",540,924(1),985(1),991(1),812(1),1065(1),1196(1)
MP Priv-Open,UR/X/OP,Madhya Pradesh,"RD Gardi, Ujjain",OPHTHALMOLOGY,"₹13,50,000","₹69,115*",1,"₹10,00,000",750,967(1),1178(2),1185(2),835(2),1199(2),1199(2)
MP Govt Quota,EWS/X/OP,Madhya Pradesh,"Bundelkhand Med Coll, Sagar",ENT,"₹1,01,500*","₹75,444",1,"₹10,00,000",750,-,-,-,571(1),782(1),1229(1)
MP Govt Quota,SC/X/OP,Madhya Pradesh,"Gaja Raja Med Coll, Gwalior",PSYCHIATRY,"₹1,01,500*","₹75,444",1,"₹10,00,000",1100,-,1292(1),1303(1),1220(1),1230(1),1230(1)
MP Govt Quota,OBC/X/OP Service,Madhya Pradesh,"Gandhi Med Coll, Bhopal",ORTHOPAEDICS,"₹1,01,500*","₹75,444",1,"₹10,00,000",1135,-,-,-,1167(1),1176(1),1231(1)
MP Govt Quota,UR/X/OP,Madhya Pradesh,"Gaja Raja Med Coll, Gwalior",PATHOLOGY,"₹1,01,500*","₹75,444",1,"₹10,00,000",1100,961(2),1164(3),1171(3),903(2),1209(2),1243(1)
MP Govt Quota,UR/X/OP Service,Madhya Pradesh,"Gandhi Med Coll, Bhopal",OBG,"₹1,01,500*","₹75,444",1,"₹10,00,000",1135,1423(2),1423(2),1437(1),1236(1),1247(1),1247(1)
MP Govt Quota,ST/X/OP,Madhya Pradesh,"MGM Med Coll, Indore",OBG,"₹1,01,500*","₹75,444",1,"₹10,00,000",1300,933(2),1056(2),-,1178(2),1187(1),1254(1)
MP Priv-Open,UR/X/OP,Madhya Pradesh,"Peoples College, Bhopal",TBRD,"₹18,20,000*","₹75,444",1,"₹10,00,000",1150,700(1),1135(2),1142(2),807(1),1049(1),1256(1)
MP Priv-Open,UR/X/OP,Madhya Pradesh,"Aurobindo Med Coll, Indore",OPHTHALMOLOGY,"₹19,70,000*","₹69,115*",1,"₹10,00,000",1230,748(2),1177(2),1184(2),840(1),760(1),1258(2)
MP Govt Quota,UR/X/OP,Madhya Pradesh,"NSC Bose Med Coll, Jabalpur",PATHOLOGY,"₹1,01,500*","₹75,444",1,"₹10,00,000",1150,779(2),1333(3),1308(3),941(2),1214(2),1268(2)
MP Priv-Open,UR/X/OP,Madhya Pradesh,"RD Gardi, Ujjain",PSYCHIATRY,"₹13,50,000","₹69,115*",1,"₹10,00,000",750,1022(1),1358(3),1370(3),882(1),1179(1),1272(2)
MP Govt Quota,UR/X/OP,Madhya Pradesh,"Govt Med Coll, Ratlam",SPM,"₹1,01,500*","₹75,444",1,"₹10,00,000",300,1537(1),2100(2),2187(2),-,-,1280(1)
MP Priv-Open,UR/X/OP,Madhya Pradesh,"RD Gardi, Ujjain",ANAESTHESIOLOGY,"₹13,50,000","₹69,115*",1,"₹10,00,000",750,847(3),1387(7),1327(6),1061(3),1088(3),1281(3)
MP Govt Quota,UR/X/OP,Madhya Pradesh,"SSMC, Rewa",PATHOLOGY,"₹1,01,500*","₹75,444",1,"₹10,00,000",1140,1002(1),1365(2),1377(2),946(1),1243(1),1288(1)
MP Govt Quota,UR/X/OP Service,Madhya Pradesh,"SSMC, Rewa",OBG,"₹1,01,500*","₹75,444",1,"₹10,00,000",1140,-,-,-,1288(1),1299(1),1299(1)
MP Priv-Open,UR/X/OP,Madhya Pradesh,"Chirayu Med Coll, Bhopal",ORTHOPAEDICS,"₹18,30,000*","₹72,633",1,"₹10,00,000",912,808(1),1069(2),1075(2),959(1),967(1),1304(1)
MP Priv-Open,OBC/X/OP,Madhya Pradesh,"Chirayu Med Coll, Bhopal",PAEDIATRICS,"₹18,30,000*","₹72,633",1,"₹10,00,000",912,-,-,-,926(1),1073(1),1308(2)
MP Priv-Open,SC/X/OP,Madhya Pradesh,"Aurobindo Med Coll, Indore",RADIO DIAGNOSIS,"₹23,10,000*","₹69,115*",1,"₹10,00,000",1230,-,984(1),-,1237(1),1252(1),1315(1)
MP Priv-Open,UR/X/OP,Madhya Pradesh,"LNMC & RC, Bhopal",ORTHOPAEDICS,"₹19,60,000*","₹69,115*",1,"₹10,00,000",750,916(3),1223(4),1230(4),1157(4),1166(4),1318(4)
MP Priv-Open,UR/X/OP Service,Madhya Pradesh,"RD Gardi, Ujjain",PAEDIATRICS,"₹13,50,000","₹69,115*",1,"₹10,00,000",750,-,-,-,1320(1),1332(1),1332(1)
MP Govt Quota,SC/X/OP,Madhya Pradesh,"SSMC, Rewa",OBG,"₹1,01,500*","₹75,444",1,"₹10,00,000",1140,810(1),924(2),929(2),808(1),976(1),1336(1)
MP Govt Quota,OBC/X/OP Service,Madhya Pradesh,"NSC Bose Med Coll, Jabalpur",TBRD,"₹1,01,500*","₹75,444",1,"₹10,00,000",1150,-,-,-,1325(1),1337(1),1337(1)
MP Priv-Open,SC/X/OP,Madhya Pradesh,"RD Gardi, Ujjain",GENERAL MEDICINE,"₹13,50,000","₹69,115*",1,"₹10,00,000",750,-,-,-,1329(1),1341(1),1341(1)
MP Govt Quota,SC/X/OP,Madhya Pradesh,"Gaja Raja Med Coll, Gwalior",EMERGENCY MEDICINE,"₹1,01,500*","₹75,444",1,"₹10,00,000",1100,-,1134(1),1141(1),-,-,1342(1)
MP Priv-Open,UR/X/OP,Madhya Pradesh,"Index Med Coll, Indore",PAEDIATRICS,"₹19,12,000*","₹69,115*",1,"₹10,00,000",1299,744(1),1001(2),1007(1),1028(4),1091(4),1348(4)
MP Priv-Open,UR/X/OP Service,Madhya Pradesh,"Peoples College, Bhopal",RADIO DIAGNOSIS,"₹21,30,000*","₹75,444",1,"₹10,00,000",1150,-,-,-,1350(1),1362(1),1362(1)
MP Govt Quota,SC/X/OP,Madhya Pradesh,"SSMC, Rewa",GENERAL SURGERY,"₹1,01,500*","₹75,444",1,"₹10,00,000",1140,878(1),1119(1),1125(1),1121(1),1130(1),1363(1)
MP Govt Quota,SC/X/OP,Madhya Pradesh,"Govt Med Coll, Datia",GENERAL SURGERY,"₹1,01,500*","₹75,444",1,"₹10,00,000",540,1050(1),1152(1),1195(1),1159(1),1168(1),1372(1)
MP Govt Quota,UR/X/OP Service,Madhya Pradesh,"MGM Med Coll, Indore",ANAESTHESIOLOGY,"₹1,01,500*","₹75,444",1,"₹10,00,000",1300,-,-,-,1363(1),1375(1),1375(1)
MP Priv-Open,OBC/X/OP,Madhya Pradesh,"RD Gardi, Ujjain",ANAESTHESIOLOGY,"₹13,50,000","₹69,115*",1,"₹10,00,000",750,1315(1),1844(2),1893(2),1174(1),1183(1),1383(1)
MP Priv-Open,OBC/X/OP,Madhya Pradesh,"Peoples College, Bhopal",PAEDIATRICS,"₹18,20,000*","₹75,444",1,"₹10,00,000",1150,786(1),1086(1),1092(1),-,-,1393(1)
MP Govt Quota,ST/X/OP,Madhya Pradesh,"Gandhi Med Coll, Bhopal",OBG,"₹1,01,500*","₹75,444",1,"₹10,00,000",1135,1266(2),1266(1),-,1300(2),1311(2),1405(2)
MP Priv-Open,UR/X/OP,Madhya Pradesh,"Aurobindo Med Coll, Indore",GENERAL SURGERY,"₹19,70,000*","₹69,115*",1,"₹10,00,000",1230,751(4),920(6),677(3),912(9),1004(8),1407(10)
MP Priv-Open,UR/X/OP,Madhya Pradesh,"Amaltas IMS, Dewas",PAEDIATRICS,"₹18,10,000*","₹69,115*",1,"₹10,00,000",720,763(1),1113(2),1119(2),960(1),1053(1),1415(2)
MP Govt Quota,EWS/X/OP,Madhya Pradesh,"Gandhi Med Coll, Bhopal",ANAESTHESIOLOGY,"₹1,01,500*","₹75,444",1,"₹10,00,000",1135,677(1),754(2),757(2),600(1),731(1),1427(2)
MP Govt Quota,EWS/X/OP,Madhya Pradesh,"Gaja Raja Med Coll, Gwalior",ANAESTHESIOLOGY,"₹1,01,500*","₹75,444",1,"₹10,00,000",1100,691(1),787(1),791(1),698(1),769(1),1436(2)
MP Govt Quota,ST/X/OP,Madhya Pradesh,"NSC Bose Med Coll, Jabalpur",PAEDIATRICS,"₹1,01,500*","₹75,444",1,"₹10,00,000",1150,1367(1),1367(1),-,1424(1),1437(1),1437(1)
MP Govt Quota,SC/X/OP,Madhya Pradesh,"SSMC, Rewa",OPHTHALMOLOGY,"₹1,01,500*","₹75,444",1,"₹10,00,000",1140,1153(1),1244(1),1251(1),1134(1),1143(1),1460(1)
MP Govt Quota,SC/X/OP,Madhya Pradesh,"Govt Med Coll, Ratlam",ANAESTHESIOLOGY,"₹1,01,500*","₹75,444",1,"₹10,00,000",300,-,-,-,-,1463(1),1463(1)
MP Priv-Open,OBC/X/OP,Madhya Pradesh,"Index Med Coll, Indore",OBG,"₹20,05,000*","₹69,115*",1,"₹10,00,000",1299,827(1),1587(4),1610(4),1116(1),1125(1),1466(2)
MP Priv-Open,UR/X/OP,Madhya Pradesh,"LNMC & RC, Bhopal",TBRD,"₹19,60,000*","₹69,115*",1,"₹10,00,000",750,917(2),1198(4),1205(3),1033(2),1116(2),1474(3)
MP Govt Quota,UR/X/OP Service,Madhya Pradesh,"SSMC, Rewa",ANAESTHESIOLOGY,"₹1,01,500*","₹75,444",1,"₹10,00,000",1140,-,-,-,1466(1),1480(1),1480(1)
MP Govt Quota,SC/X/OP,Madhya Pradesh,"Atal Bihari Vajpayee, Vidisha",ENT,"₹1,01,500*","₹75,444",1,"₹10,00,000",300,1236(1),1801(1),-,1111(1),1485(1),1485(1)
MP Govt Quota,EWS/X/OP,Madhya Pradesh,"Gaja Raja Med Coll, Gwalior",EMERGENCY MEDICINE,"₹1,01,500*","₹75,444",1,"₹10,00,000",1100,-,-,-,585(1),787(1),1493(1)
MP Govt Quota,UR/X/OP,Madhya Pradesh,"Atal Bihari Vajpayee, Vidisha",PATHOLOGY,"₹1,01,500*","₹75,444",1,"₹10,00,000",300,-,-,-,-,-,1494(1)
MP Priv-Open,OBC/X/OP,Madhya Pradesh,"RD Gardi, Ujjain",OPHTHALMOLOGY,"₹13,50,000","₹69,115*",1,"₹10,00,000",750,-,2036(1),2111(1),-,-,1496(2)
MP Govt Quota,UR/X/OP,Madhya Pradesh,"Govt Med Coll, Khandwa",PATHOLOGY,"₹1,01,500*","₹75,444",1,"₹10,00,000",-,-,-,-,-,-,1497(1)
MP Priv-Open,OBC/X/OP,Madhya Pradesh,"Aurobindo Med Coll, Indore",TBRD,"₹18,37,000*","₹69,115*",1,"₹10,00,000",1230,1086(1),1576(1),1665(1),-,-,1499(1)
MP Govt Quota,OBC/X/OP,Madhya Pradesh,"Gandhi Med Coll, Bhopal",PATHOLOGY,"₹1,01,500*","₹75,444",1,"₹10,00,000",1135,931(1),1187(1),1194(1),929(1),1124(1),1502(1)
MP Priv-Open,UR/X/OP,Madhya Pradesh,"Peoples College, Bhopal",GENERAL SURGERY,"₹18,20,000*","₹75,444",1,"₹10,00,000",1150,960(3),1249(5),1257(5),987(3),1074(3),1512(3)
MP Priv-Open,SC/X/OP,Madhya Pradesh,"RD Gardi, Ujjain",OBG,"₹13,50,000","₹69,115*",1,"₹10,00,000",750,1083(1),1720(3),1753(3),1498(1),1513(1),1514(1)
MP Govt Quota,UR/X/OP,Madhya Pradesh,"Govt Med Coll, Datia",PATHOLOGY,"₹1,01,500*","₹75,444",1,"₹10,00,000",540,-,-,-,-,-,1515(1)
MP Govt Quota,UR/X/OP,Madhya Pradesh,"Govt Med Coll, Shivpuri",PATHOLOGY,"₹1,01,500*","₹75,444",1,"₹10,00,000",520,-,-,-,-,-,1518(1)
MP Govt Quota,SC/X/OP,Madhya Pradesh,"Gandhi Med Coll, Bhopal",ANAESTHESIOLOGY,"₹1,01,500*","₹75,444",1,"₹10,00,000",1135,958(2),1330(3),1342(2),1287(2),1313(2),1524(2)
MP Priv-Open,UR/X/OP,Madhya Pradesh,"RD Gardi, Ujjain",ENT,"₹13,50,000","₹69,115*",1,"₹10,00,000",750,1274(2),1357(3),1285(3),969(2),1197(2),1537(3)
MP Govt Quota,OBC/X/OP,Madhya Pradesh,"Bundelkhand Med Coll, Sagar",PATHOLOGY,"₹1,01,500*","₹75,444",1,"₹10,00,000",750,-,1680(1),2412(1),1198(1),1478(1),1541(1)
MP Govt Quota,SC/X/OP,Madhya Pradesh,"Govt Med Coll, Ratlam",OPHTHALMOLOGY,"₹1,01,500*","₹75,444",1,"₹10,00,000",300,-,-,-,-,-,1543(1)
MP Govt Quota,ST/X/OP,Madhya Pradesh,"Gandhi Med Coll, Bhopal",PAEDIATRICS,"₹1,01,500*","₹75,444",1,"₹10,00,000",1135,1468(2),1468(2),-,1346(1),-,1555(1)
MP Priv-Open,UR/X/OP,Madhya Pradesh,"Chirayu Med Coll, Bhopal",GENERAL SURGERY,"₹18,30,000*","₹72,633",1,"₹10,00,000",912,770(1),1034(2),1040(2),935(3),1025(3),1587(4)
MP Govt Quota,UR/X/OP Service,Madhya Pradesh,"Gandhi Med Coll, Bhopal",TBRD,"₹1,01,500*","₹75,444",1,"₹10,00,000",1135,1012(1),1414(1),1428(1),634(1),1231(1),1594(1)
MP Priv-Open,UR/X/OP,Madhya Pradesh,"Amaltas IMS, Dewas",TBRD,"₹18,10,000*","₹69,115*",1,"₹10,00,000",720,-,-,-,1192(1),1142(1),1596(1)
MP Govt Quota,ST/X/OP,Madhya Pradesh,"Gaja Raja Med Coll, Gwalior",PAEDIATRICS,"₹1,01,500*","₹75,444",1,"₹10,00,000",1100,1380(1),1559(1),1593(1),1432(1),1554(1),1603(1)
MP Priv-Open,OBC/X/OP,Madhya Pradesh,"RD Gardi, Ujjain",PSYCHIATRY,"₹13,50,000","₹69,115*",1,"₹10,00,000",750,1798(1),-,-,-,-,1604(1)
MP Govt Quota,ST/X/OP,Madhya Pradesh,"SSMC, Rewa",PAEDIATRICS,"₹1,01,500*","₹75,444",1,"₹10,00,000",1140,1498(1),1571(1),1633(1),1435(1),1592(1),1607(1)
MP Govt Quota,ST/X/OP,Madhya Pradesh,"NSC Bose Med Coll, Jabalpur",OBG,"₹1,01,500*","₹75,444",1,"₹10,00,000",1150,1032(2),1485(2),-,748(1),1405(1),1611(2)
MP Govt Quota,ST/X/OP,Madhya Pradesh,"Gaja Raja Med Coll, Gwalior",OBG,"₹1,01,500*","₹75,444",1,"₹10,00,000",1100,1056(1),1562(1),-,1322(1),1448(1),1632(1)
MP Govt Quota,ST/X/OP,Madhya Pradesh,"Gaja Raja Med Coll, Gwalior",ORTHOPAEDICS,"₹1,01,500*","₹75,444",1,"₹10,00,000",1100,1474(1),1753(1),1790(1),1310(1),1635(1),1637(1)
MP Priv-Open,OBC/X/OP,Madhya Pradesh,"LNMC & RC, Bhopal",PAEDIATRICS,"₹19,60,000*","₹69,115*",1,"₹10,00,000",750,860(2),1655(5),1680(5),-,-,1641(4)
MP Govt Quota,SC/X/OP,Madhya Pradesh,"NSC Bose Med Coll, Jabalpur",ANAESTHESIOLOGY,"₹1,01,500*","₹75,444",1,"₹10,00,000",1150,1054(1),1527(2),1547(2),1290(1),1374(1),1650(1)
MP Govt Quota,UR/X/OP Service,Madhya Pradesh,"MGM Med Coll, Indore",OPHTHALMOLOGY,"₹1,01,500*","₹75,444",1,"₹10,00,000",1300,-,-,-,-,1650(1),1652(1)
MP Priv-Open,OBC/X/OP,Madhya Pradesh,"RD Gardi, Ujjain",GENERAL SURGERY,"₹13,50,000","₹69,115*",1,"₹10,00,000",750,1106(1),1663(1),1690(1),-,-,1653(2)
MP Govt Quota,ST/X/OP,Madhya Pradesh,"SSMC, Rewa",OBG,"₹1,01,500*","₹75,444",1,"₹10,00,000",1140,1445(1),1582(1),-,1392(1),1610(1),1654(1)
MP Govt Quota,UR/X/OP Service,Madhya Pradesh,"MGM Med Coll, Indore",OBG,"₹1,01,500*","₹75,444",1,"₹10,00,000",1300,1343(2),-,-,1637(2),1655(1),1657(1)
MP Priv-Open,UR/X/OP,Madhya Pradesh,"Aurobindo Med Coll, Indore",ANAESTHESIOLOGY,"₹18,37,000*","₹69,115*",1,"₹10,00,000",1230,1278(6),2028(16),2101(13),1384(5),1406(5),1662(6)
MP Govt Quota,ST/X/OP,Madhya Pradesh,"MGM Med Coll, Indore",TBRD,"₹1,01,500*","₹75,444",1,"₹10,00,000",1300,1632(1),1797(1),1837(1),1614(1),1631(1),1667(1)
MP Priv-Open,OBC/X/OP,Madhya Pradesh,"Aurobindo Med Coll, Indore",ORTHOPAEDICS,"₹19,70,000*","₹69,115*",1,"₹10,00,000",1230,1110(1),1289(3),1300(3),886(1),894(1),1669(3)
MP Govt Quota,SC/X/OP,Madhya Pradesh,"Bundelkhand Med Coll, Sagar",EMERGENCY MEDICINE,"₹1,01,500*","₹75,444",1,"₹10,00,000",750,-,-,-,1018(1),1245(1),1670(1)
MP Priv-Open,SC/X/OP,Madhya Pradesh,"Chirayu Med Coll, Bhopal",RADIO DIAGNOSIS,"₹22,10,000*","₹72,633",1,"₹10,00,000",912,-,-,-,1241(1),1360(1),1672(1)
MP Priv-Open,UR/X/OP,Madhya Pradesh,"Index Med Coll, Indore",TBRD,"₹19,12,000*","₹69,115*",1,"₹10,00,000",1299,1114(2),1281(4),1292(3),1156(2),1330(2),1677(3)
MP Priv-Open,UR/X/OP,Madhya Pradesh,"Aurobindo Med Coll, Indore",PSYCHIATRY,"₹19,70,000*","₹69,115*",1,"₹10,00,000",1230,983(1),1608(5),1632(5),778(2),890(2),1686(3)
MP Govt Quota,UR/X/OP,Madhya Pradesh,"MGM Med Coll, Indore",IHBT,"₹1,01,500*","₹75,444",1,"₹10,00,000",1300,508(1),1267(2),1345(2),553(1),1043(1),1688(1)
MP Priv-Open,OBC/X/OP,Madhya Pradesh,"RKDF Medical College, Jatkhedi",OBG,"₹18,70,000*","₹69,115*",1*,"₹10,00,000*",-,-,1525(1),1545(1),1352(1),1364(1),1690(1)
MP Govt Quota,SC/X/OP,Madhya Pradesh,"Gaja Raja Med Coll, Gwalior",ANAESTHESIOLOGY,"₹1,01,500*","₹75,444",1,"₹10,00,000",1100,1053(1),1510(3),1529(3),1177(1),1186(1),1718(2)
MP Priv-Open,OBC/X/OP,Madhya Pradesh,"Peoples College, Bhopal",ORTHOPAEDICS,"₹18,20,000*","₹75,444",1,"₹10,00,000",1150,-,1816(3),1860(3),1422(1),1435(1),1735(2)
MP Govt Quota,UR/X/OP Service,Madhya Pradesh,"Gaja Raja Med Coll, Gwalior",ANAESTHESIOLOGY,"₹1,01,500*","₹75,444",1,"₹10,00,000",1100,-,-,-,1716(1),1735(1),1737(1)
MP Priv-Open,SC/X/OP,Madhya Pradesh,"Amaltas IMS, Dewas",RADIO DIAGNOSIS,"₹21,50,000*","₹69,115*",1,"₹10,00,000",720,1008(1),1146(2),1153(2),843(1),1746(1),1748(1)
MP Priv-Open,UR/X/OP,Madhya Pradesh,"Peoples College, Bhopal",OPHTHALMOLOGY,"₹18,20,000*","₹75,444",1,"₹10,00,000",1150,1167(1),1491(3),1502(2),852(1),1064(1),1753(1)
MP Priv-Open,UR/X/OP,Madhya Pradesh,"Chirayu Med Coll, Bhopal",OPHTHALMOLOGY,"₹18,30,000*","₹72,633",1,"₹10,00,000",912,1113(1),1458(2),1473(2),1158(2),1346(2),1768(2)
MP Govt Quota,SC/X/OP,Madhya Pradesh,"SSMC, Rewa",ANAESTHESIOLOGY,"₹1,01,500*","₹75,444",1,"₹10,00,000",1140,1062(1),1565(1),1234(1),1362(1),1519(1),1769(1)
MP Priv-Open,OBC/X/OP,Madhya Pradesh,"Amaltas IMS, Dewas",PAEDIATRICS,"₹18,10,000*","₹69,115*",1,"₹10,00,000",720,-,1501(1),-,-,-,1778(2)
MP Priv-Open,UR/X/OP,Madhya Pradesh,"Aurobindo Med Coll, Indore",ENT,"₹18,37,000*","₹69,115*",1,"₹10,00,000",1230,1218(1),1698(2),1729(1),1291(2),1475(2),1784(2)
MP Priv-Open,UR/X/OP,Madhya Pradesh,"Peoples College, Bhopal",ENT,"₹18,20,000*","₹75,444",1,"₹10,00,000",1150,1398(1),2012(1),2080(1),1341(1),1616(1),1792(2)
MP Priv-Open,SC/X/OP,Madhya Pradesh,"Peoples College, Bhopal",OBG,"₹19,05,000*","₹75,444",1,"₹10,00,000",1150,1645(1),2160(2),2119(1),1772(1),1792(1),1794(2)
MP Priv-Open,UR/X/OP,Madhya Pradesh,"Aurobindo Med Coll, Indore",RADIATION ONCOLOGY,"₹18,37,000*","₹69,115*",1,"₹10,00,000",1230,1425(1),2015(5),2434(3),787(1),1205(1),1805(5)
MP Priv-Open,UR/X/OP,Madhya Pradesh,"LNMC & RC, Bhopal",OPHTHALMOLOGY,"₹19,60,000*","₹69,115*",1,"₹10,00,000",750,1183(2),1893(6),1948(5),1327(2),1545(2),1813(5)
MP Priv-Open,OBC/X/OP,Madhya Pradesh,"Index Med Coll, Indore",PAEDIATRICS,"₹19,12,000*","₹69,115*",1,"₹10,00,000",1299,-,1735(2),1769(2),1039(1),1152(1),1820(6)
MP Govt Quota,SC/X/OP,Madhya Pradesh,"NSC Bose Med Coll, Jabalpur",PSYCHIATRY,"₹1,01,500*","₹75,444",1,"₹10,00,000",1150,-,-,-,1272(1),1283(1),1843(2)
MP Govt Quota,ST/X/OP,Madhya Pradesh,"Atal Bihari Vajpayee, Vidisha",PAEDIATRICS,"₹1,01,500*","₹75,444",1,"₹10,00,000",300,1571(1),1609(1),1676(1),1558(1),1573(1),1850(1)
MP Govt Quota,EWS/X/OP,Madhya Pradesh,"Gandhi Med Coll, Bhopal",PATHOLOGY,"₹1,01,500*","₹75,444",1,"₹10,00,000",1135,1206(1),1213(2),1220(2),1069(1),1863(1),1865(1)
MP Priv-Open,UR/X/OP,Madhya Pradesh,"Amaltas IMS, Dewas",GENERAL SURGERY,"₹18,10,000*","₹69,115*",1,"₹10,00,000",720,982(1),1644(3),1668(3),1345(1),1357(1),1872(2)
MP Govt Quota,SC/X/OP,Madhya Pradesh,"MGM Med Coll, Indore",ENT,"₹1,01,500*","₹75,444",1,"₹10,00,000",1300,-,-,-,1059(1),1372(1),1873(1)
MP Govt Quota,SC/X/OP,Madhya Pradesh,"Bundelkhand Med Coll, Sagar",ANAESTHESIOLOGY,"₹1,01,500*","₹75,444",1,"₹10,00,000",750,-,-,-,1139(1),1148(1),1877(1)
MP Priv-Open,OBC/X/OP,Madhya Pradesh,"Chirayu Med Coll, Bhopal",ORTHOPAEDICS,"₹18,30,000*","₹72,633",1,"₹10,00,000",912,-,-,-,-,-,1878(2)
MP Priv-Open,SC/X/OP,Madhya Pradesh,"Aurobindo Med Coll, Indore",OBG,"₹20,70,000*","₹69,115*",1,"₹10,00,000",1230,1176(1),2073(2),2157(1),1806(2),1861(2),1880(4)
MP Priv-Open,SC/X/OP,Madhya Pradesh,"RD Gardi, Ujjain",GENERAL SURGERY,"₹13,50,000","₹69,115*",1,"₹10,00,000",750,-,2150(2),2261(2),1859(1),1880(1),1882(1)
MP Priv-Open,UR/X/OP Service,Madhya Pradesh,"Aurobindo Med Coll, Indore",DERMATOLOGY,"₹23,10,000*","₹69,115*",1,"₹10,00,000",1230,-,-,-,1868(1),1889(1),1891(1)
MP Govt Quota,UR/X/OP Service,Madhya Pradesh,"Govt Med Coll, Ratlam",GENERAL SURGERY,"₹1,01,500*","₹75,444",1,"₹10,00,000",300,-,-,-,-,1901(1),1903(1)
MP Priv-Open,OBC/X/OP,Madhya Pradesh,"LNMC & RC, Bhopal",ORTHOPAEDICS,"₹19,60,000*","₹69,115*",1,"₹10,00,000",750,1229(2),2031(6),2104(5),1183(1),1192(1),1905(4)
MP Govt Quota,SC/X/OP,Madhya Pradesh,"SSMC, Rewa",ENT,"₹1,01,500*","₹75,444",1,"₹10,00,000",1140,-,-,-,-,-,1908(1)
MP Govt Quota,SC/X/OP,Madhya Pradesh,"Gandhi Med Coll, Bhopal",PATHOLOGY,"₹1,01,500*","₹75,444",1,"₹10,00,000",1135,1383(1),1619(2),1883(1),1609(1),1718(1),1912(2)
MP Priv-Open,UR/X/OP,Madhya Pradesh,"Chirayu Med Coll, Bhopal",RADIATION ONCOLOGY,"₹18,30,000*","₹72,633",1,"₹10,00,000",912,1459(1),-,2349(1),997(1),1451(1),1915(2)
MP Priv-Open,UR/X/OP,Madhya Pradesh,"RKDF Medical College, Jatkhedi",ORTHOPAEDICS,"₹18,40,000*","₹69,115*",1*,"₹10,00,000*",-,1082(1),1513(3),1508(3),1476(1),1708(1),1919(2)
MP Govt Quota,ST/X/OP,Madhya Pradesh,"MGM Med Coll, Indore",GENERAL SURGERY,"₹1,01,500*","₹75,444",1,"₹10,00,000",1300,1230(1),1817(1),1861(1),-,-,1937(1)
MP Priv-Open,SC/X/OP,Madhya Pradesh,"RD Gardi, Ujjain",ORTHOPAEDICS,"₹13,50,000","₹69,115*",1,"₹10,00,000",750,1882(1),-,-,1330(1),1342(1),1952(1)
MP Govt Quota,OBC/X/OP Service,Madhya Pradesh,"Gaja Raja Med Coll, Gwalior",OBG,"₹1,01,500*","₹75,444",1,"₹10,00,000",1100,1422(1),1746(1),1782(1),1935(1),1957(1),1959(1)
MP Priv-Open,SC/X/OP,Madhya Pradesh,"Peoples College, Bhopal",GENERAL MEDICINE,"₹19,05,000*","₹75,444",1,"₹10,00,000",1150,1442(1),1833(3),1881(3),1950(1),1972(1),1975(1)
MP Priv-Open,UR/X/OP,Madhya Pradesh,"Index Med Coll, Indore",ORTHOPAEDICS,"₹19,12,000*","₹69,115*",1,"₹10,00,000",1299,1185(4),1446(8),1461(8),1459(5),1617(5),1977(8)
MP Govt Quota,EWS/X/OP,Madhya Pradesh,"MGM Med Coll, Indore",PATHOLOGY,"₹1,01,500*","₹75,444",1,"₹10,00,000",1300,-,-,-,776(1),1078(1),1979(1)
MP Priv-Open,OBC/X/OP,Madhya Pradesh,"Amaltas IMS, Dewas",ORTHOPAEDICS,"₹18,10,000*","₹69,115*",1,"₹10,00,000",720,-,1742(2),1777(2),-,-,1981(1)
MP Govt Quota,SC/X/OP,Madhya Pradesh,"MGM Med Coll, Indore",PATHOLOGY,"₹1,01,500*","₹75,444",1,"₹10,00,000",1300,1352(1),1804(2),1847(1),1504(1),1542(1),1987(1)
MP Priv-Open,OBC/X/OP,Madhya Pradesh,"RD Gardi, Ujjain",ENT,"₹13,50,000","₹69,115*",1,"₹10,00,000",750,-,2175(2),2331(2),977(1),1496(1),1994(1)
MP Priv-Open,SC/X/OP,Madhya Pradesh,"LNMC & RC, Bhopal",OBG,"₹20,45,000*","₹69,115*",1,"₹10,00,000",750,-,-,-,-,-,1996(2)
MP Govt Quota,UR/X/OP,Madhya Pradesh,"Gandhi Med Coll, Bhopal",SPM,"₹1,01,500*","₹75,444",1,"₹10,00,000",1135,-,928(1),933(1),-,-,1999(1)
MP Govt Quota,UR/X/OP Service,Madhya Pradesh,"Gandhi Med Coll, Bhopal",EMERGENCY MEDICINE,"₹1,01,500*","₹75,444",1,"₹10,00,000",1135,-,-,-,1597(1),2001(1),2004(1)
MP Govt Quota,UR/X/OP Service,Madhya Pradesh,"Gandhi Med Coll, Bhopal",ANAESTHESIOLOGY,"₹1,01,500*","₹75,444",1,"₹10,00,000",1135,-,-,-,1578(1),1999(2),2007(2)
MP Govt Quota,EWS/X/OP,Madhya Pradesh,"Atal Bihari Vajpayee, Vidisha",PATHOLOGY,"₹1,01,500*","₹75,444",1,"₹10,00,000",300,-,-,-,1736(1),1976(1),2009(1)
MP Govt Quota,UR/X/OP Service,Madhya Pradesh,"NSC Bose Med Coll, Jabalpur",OPHTHALMOLOGY,"₹1,01,500*","₹75,444",1,"₹10,00,000",1150,-,-,-,-,2010(1),2013(1)
MP Priv-Open,SC/X/OP,Madhya Pradesh,"Aurobindo Med Coll, Indore",DERMATOLOGY,"₹23,10,000*","₹69,115*",1,"₹10,00,000",1230,1146(1),1176(1),1183(1),1696(1),1715(1),2014(1)
MP Govt Quota,SC/X/OP,Madhya Pradesh,"NSC Bose Med Coll, Jabalpur",PATHOLOGY,"₹1,01,500*","₹75,444",1,"₹10,00,000",1150,-,1835(1),1977(1),1699(1),1764(1),2051(1)
MP Priv-Open,OBC/X/OP,Madhya Pradesh,"Peoples College, Bhopal",TBRD,"₹18,20,000*","₹75,444",1,"₹10,00,000",1150,-,2138(2),2236(2),-,-,2055(3)
MP Priv-Open,UR/X/OP,Madhya Pradesh,"Peoples College, Bhopal",PSYCHIATRY,"₹18,20,000*","₹75,444",1,"₹10,00,000",1150,1170(1),1600(3),1624(3),1107(1),1392(1),2058(3)
MP Govt Quota,UR/X/OP Service,Madhya Pradesh,"Bundelkhand Med Coll, Sagar",ANAESTHESIOLOGY,"₹1,01,500*","₹75,444",1,"₹10,00,000",750,-,-,-,-,2055(1),2060(1)
MP Priv-Open,UR/X/OP Service,Madhya Pradesh,"Peoples College, Bhopal",DERMATOLOGY,"₹21,30,000*","₹75,444",1,"₹10,00,000",1150,-,-,-,-,2056(1),2061(1)
MP Priv-Open,UR/X/OP Service,Madhya Pradesh,"Index Med Coll, Indore",RADIO DIAGNOSIS,"₹22,50,000*","₹69,115*",1,"₹10,00,000",1299,1141(1),1141(1),1148(1),1632(1),2141(1),2066(1)
MP Govt Quota,UR/X/OP Service,Madhya Pradesh,"NSC Bose Med Coll, Jabalpur",ANAESTHESIOLOGY,"₹1,01,500*","₹75,444",1,"₹10,00,000",1150,1470(1),-,-,-,2070(1),2075(1)
MP Priv-Open,UR/X/OP Service,Madhya Pradesh,"LNMC & RC, Bhopal",OBG,"₹20,45,000*","₹69,115*",1,"₹10,00,000",750,-,-,-,-,-,2076(1)
MP Govt Quota,UR/X/OP Service,Madhya Pradesh,"SSMC, Rewa",GENERAL SURGERY,"₹1,01,500*","₹75,444",1,"₹10,00,000",1140,1414(1),-,-,1717(1),2004(1),2077(1)
MP Govt Quota,ST/X/OP,Madhya Pradesh,"NSC Bose Med Coll, Jabalpur",GENERAL SURGERY,"₹1,01,500*","₹75,444",1,"₹10,00,000",1150,1549(2),1618(2),-,1587(1),1602(1),2087(1)
MP Govt Quota,SC/X/OP,Madhya Pradesh,"SSMC, Rewa",PSYCHIATRY,"₹1,01,500*","₹75,444",1,"₹10,00,000",1140,-,-,-,1508(1),1523(1),2091(1)
MP Priv-Open,UR/X/OP,Madhya Pradesh,"Peoples College, Bhopal",EMERGENCY MEDICINE,"₹18,20,000*","₹75,444",1,"₹10,00,000",1150,-,-,-,1407(2),1536(2),2092(4)
MP Priv-Open,UR/X/OP,Madhya Pradesh,"LNMC & RC, Bhopal",PSYCHIATRY,"₹19,60,000*","₹69,115*",1,"₹10,00,000",750,1358(1),1934(3),1993(1),1386(1),1399(1),2095(2)
MP Priv-Open,UR/X/OP,Madhya Pradesh,"LNMC & RC, Bhopal",GENERAL SURGERY,"₹19,60,000*","₹69,115*",1,"₹10,00,000",750,1130(7),1672(18),1699(18),1289(9),1466(9),2112(16)
MP Priv-Open,OBC/X/OP,Madhya Pradesh,"RKDF Medical College, Jatkhedi",ORTHOPAEDICS,"₹18,40,000*","₹69,115*",1*,"₹10,00,000*",-,1297(1),-,-,1676(1),1903(1),2114(1)
MP Priv-Open,OBC/X/OP,Madhya Pradesh,"Peoples College, Bhopal",OPHTHALMOLOGY,"₹18,20,000*","₹75,444",1,"₹10,00,000",1150,1317(1),-,-,-,-,2118(1)
MP Govt Quota,ST/X/OP,Madhya Pradesh,"Gaja Raja Med Coll, Gwalior",PSYCHIATRY,"₹1,01,500*","₹75,444",1,"₹10,00,000",1100,-,-,-,-,-,2120(1)
MP Priv-Open,SC/X/OP,Madhya Pradesh,"Index Med Coll, Indore",RADIO DIAGNOSIS,"₹22,50,000*","₹69,115*",1,"₹10,00,000",1299,984(1),1364(3),1376(3),1348(1),1722(1),2121(2)
MP Priv-Open,UR/X/OP Service,Madhya Pradesh,"RKDF Medical College, Jatkhedi",RADIO DIAGNOSIS,"₹20,80,000*","₹69,115*",1*,"₹10,00,000*",-,-,-,-,-,2061(1),2126(1)
MP Govt Quota,OBC/X/OP Service,Madhya Pradesh,"MGM Med Coll, Indore",ANAESTHESIOLOGY,"₹1,01,500*","₹75,444",1,"₹10,00,000",1300,-,-,-,2212(1),2124(1),2129(1)
MP Govt Quota,OBC/X/OP Service,Madhya Pradesh,"Gandhi Med Coll, Bhopal",ANAESTHESIOLOGY,"₹1,01,500*","₹75,444",1,"₹10,00,000",1135,1518(1),1518(1),1538(1),2094(1),2130(1),2135(1)
MP Priv-Open,UR/X/OP Service,Madhya Pradesh,"RD Gardi, Ujjain",OBG,"₹13,50,000","₹69,115*",1,"₹10,00,000",750,-,-,-,-,2168(1),2173(1)
MP Priv-Open,UR/X/OP,Madhya Pradesh,"Chirayu Med Coll, Bhopal",PSYCHIATRY,"₹18,30,000*","₹72,633",1,"₹10,00,000",912,1257(1),1770(3),1808(3),1261(1),1272(1),2178(2)
MP Govt Quota,UR/X/OP,Madhya Pradesh,"MGM Med Coll, Indore",SPM,"₹1,01,500*","₹75,444",1,"₹10,00,000",1300,1035(1),1480(1),1495(1),689(1),1589(1),2194(2)
MP Priv-Open,UR/X/OP Service,Madhya Pradesh,"Peoples College, Bhopal",GENERAL MEDICINE,"₹19,05,000*","₹75,444",1,"₹10,00,000",1150,-,-,-,-,2193(1),2198(1)
MP Priv-Open,OBC/X/OP,Madhya Pradesh,"Aurobindo Med Coll, Indore",PSYCHIATRY,"₹19,70,000*","₹69,115*",1,"₹10,00,000",1230,-,-,-,1826(1),2359(1),2210(1)
MP Govt Quota,ST/X/OP,Madhya Pradesh,"Gandhi Med Coll, Bhopal",GENERAL SURGERY,"₹1,01,500*","₹75,444",1,"₹10,00,000",1135,1567(2),1922(3),1892(1),1634(2),1652(2),2212(3)
MP Govt Quota,ST/X/OP,Madhya Pradesh,"MGM Med Coll, Indore",ANAESTHESIOLOGY,"₹1,01,500*","₹75,444",1,"₹10,00,000",1300,1797(2),2092(3),2179(3),1647(2),1665(2),2213(3)
MP Priv-Open,UR/X/OP,Madhya Pradesh,"Index Med Coll, Indore",OPHTHALMOLOGY,"₹19,12,000*","₹69,115*",1,"₹10,00,000",1299,1390(1),2080(2),2032(1),1469(2),1583(2),2218(4)
MP Priv-Open,SC/X/OP,Madhya Pradesh,"Aurobindo Med Coll, Indore",OPHTHALMOLOGY,"₹19,70,000*","₹69,115*",1,"₹10,00,000",1230,-,-,-,2178(1),2224(1),2229(1)
MP Govt Quota,ST/X/OP,Madhya Pradesh,"MGM Med Coll, Indore",RADIATION ONCOLOGY,"₹1,01,500*","₹75,444",1,"₹10,00,000",1300,1965(1),2195(1),2383(1),1590(1),2237(1),2242(1)
MP Priv-Open,SC/X/OP,Madhya Pradesh,"Chirayu Med Coll, Bhopal",GENERAL MEDICINE,"₹19,70,000*","₹72,633",1,"₹10,00,000",912,1191(1),2062(1),2143(1),-,-,2253(1)
MP Govt Quota,ST/X/OP,Madhya Pradesh,"Gaja Raja Med Coll, Gwalior",GENERAL SURGERY,"₹1,01,500*","₹75,444",1,"₹10,00,000",1100,1591(1),1633(1),1657(1),1656(1),-,2260(2)
MP Priv-Open,UR/X/OP,Madhya Pradesh,"Amaltas IMS, Dewas",OPHTHALMOLOGY,"₹18,10,000*","₹69,115*",1,"₹10,00,000",720,1487(1),1790(2),1830(2),1530(1),1725(1),2261(3)
MP Priv-Open,OBC/X/OP,Madhya Pradesh,"Aurobindo Med Coll, Indore",OPHTHALMOLOGY,"₹19,70,000*","₹69,115*",1,"₹10,00,000",1230,-,1660(2),1329(1),1715(1),1651(1),2270(2)
MP Govt Quota,OBC/X/OP Service,Madhya Pradesh,"Govt Med Coll, Ratlam",OBG,"₹1,01,500*","₹75,444",1,"₹10,00,000",300,-,-,-,2110(1),2268(1),2273(1)
MP Govt Quota,ST/X/OP,Madhya Pradesh,"SSMC, Rewa",GENERAL SURGERY,"₹1,01,500*","₹75,444",1,"₹10,00,000",1140,1633(1),1982(2),2047(2),1808(1),1982(1),2278(2)
MP Govt Quota,ST/X/OP,Madhya Pradesh,"Gandhi Med Coll, Bhopal",OPHTHALMOLOGY,"₹1,01,500*","₹75,444",1,"₹10,00,000",1135,1890(1),2079(2),2255(2),1828(1),1848(1),2279(2)
MP Govt Quota,ST/X/OP,Madhya Pradesh,"Bundelkhand Med Coll, Sagar",GENERAL SURGERY,"₹1,01,500*","₹75,444",1,"₹10,00,000",750,1668(1),2009(1),2077(1),1913(1),1935(1),2283(1)
MP Govt Quota,ST/X/OP,Madhya Pradesh,"Gaja Raja Med Coll, Gwalior",ENT,"₹1,01,500*","₹75,444",1,"₹10,00,000",1100,-,-,-,2216(1),2272(1),2285(1)
MP Priv-Open,OBC/X/OP,Madhya Pradesh,"Aurobindo Med Coll, Indore",GENERAL SURGERY,"₹19,70,000*","₹69,115*",1,"₹10,00,000",1230,1289(1),2140(5),2144(3),1099(2),1428(2),2296(10)
MP Govt Quota,ST/X/OP,Madhya Pradesh,"Gandhi Med Coll, Bhopal",RADIATION ONCOLOGY,"₹1,01,500*","₹75,444",1,"₹10,00,000",1135,-,-,-,-,-,2297(1)
MP Priv-Open,SC/X/OP,Madhya Pradesh,"RD Gardi, Ujjain",ENT,"₹13,50,000","₹69,115*",1,"₹10,00,000",750,-,-,-,2242(1),2292(1),2298(1)
MP Govt Quota,ST/X/OP,Madhya Pradesh,"Govt Med Coll, Ratlam",GENERAL SURGERY,"₹1,01,500*","₹75,444",1,"₹10,00,000",300,1618(1),1997(1),-,2021(1),2082(1),2306(1)
MP Govt Quota,ST/X/OP,Madhya Pradesh,"Atal Bihari Vajpayee, Vidisha",GENERAL SURGERY,"₹1,01,500*","₹75,444",1,"₹10,00,000",300,-,-,-,1959(1),2207(1),2310(1)
MP Priv-Open,SC/X/OP,Madhya Pradesh,"Aurobindo Med Coll, Indore",ORTHOPAEDICS,"₹19,70,000*","₹69,115*",1,"₹10,00,000",1230,2062(1),1948(1),2009(1),2254(1),2305(1),2311(1)
MP Govt Quota,OBC/X/OP Service,Madhya Pradesh,"Bundelkhand Med Coll, Sagar",GENERAL SURGERY,"₹1,01,500*","₹75,444",1,"₹10,00,000",750,-,-,-,1975(1),2072(1),2314(1)
MP Govt Quota,OBC/X/OP Service,Madhya Pradesh,"SSMC, Rewa",PSYCHIATRY,"₹1,01,500*","₹75,444",1,"₹10,00,000",1140,-,-,-,2089(1),2321(1),2327(1)
MP Priv-Open,UR/X/OP Service,Madhya Pradesh,"Chirayu Med Coll, Bhopal",DERMATOLOGY,"₹22,10,000*","₹72,633",1,"₹10,00,000",912,-,-,-,-,2323(1),2329(1)
MP Priv-Open,UR/X/OP Service,Madhya Pradesh,"Chirayu Med Coll, Bhopal",ORTHOPAEDICS,"₹18,30,000*","₹72,633",1,"₹10,00,000",912,-,-,-,-,2324(1),2330(1)
MP Priv-Open,OBC/X/OP,Madhya Pradesh,"Chirayu Med Coll, Bhopal",GENERAL SURGERY,"₹18,30,000*","₹72,633",1,"₹10,00,000",912,-,2194(2),2382(1),1140(1),1149(1),2342(1)
MP Govt Quota,ST/X/OP,Madhya Pradesh,"Gandhi Med Coll, Bhopal",ANAESTHESIOLOGY,"₹1,01,500*","₹75,444",1,"₹10,00,000",1135,1929(3),2190(3),2379(2),2055(3),2150(3),2346(3)
MP Govt Quota,UR/X/OP,Madhya Pradesh,"MGM Med Coll, Indore",MICROBIOLOGY,"₹1,01,500*","₹75,444",1,"₹10,00,000",1300,1759(1),1976(1),2632(4),1451(2),2085(2),2351(2)
MP Govt Quota,ST/X/OP,Madhya Pradesh,"NSC Bose Med Coll, Jabalpur",OPHTHALMOLOGY,"₹1,01,500*","₹75,444",1,"₹10,00,000",1150,1937(1),1738(1),1772(1),2048(1),2036(1),2354(1)
MP Priv-Open,UR/X/OP,Madhya Pradesh,"RKDF Medical College, Jatkhedi",EMERGENCY MEDICINE,"₹15,00,250*","₹69,115*",1*,"₹10,00,000*",-,-,-,-,1544(1),1559(1),2357(3)
MP Priv-Open,ST/X/OP,Madhya Pradesh,"RD Gardi, Ujjain",OBG,"₹13,50,000","₹69,115*",1,"₹10,00,000",750,-,-,-,2300(1),2354(1),2360(2)
MP Priv-Open,OBC/X/OP,Madhya Pradesh,"Amaltas IMS, Dewas",TBRD,"₹18,10,000*","₹69,115*",1,"₹10,00,000",720,-,1641(2),1707(1),1580(1),1595(1),2365(1)
MP Govt Quota,SC/X/OP,Madhya Pradesh,"Gandhi Med Coll, Bhopal",SPM,"₹1,01,500*","₹75,444",1,"₹10,00,000",1135,-,-,-,-,-,2367(1)
MP Govt Quota,EWS/X/OP,Madhya Pradesh,"Govt Med Coll, Ratlam",PATHOLOGY,"₹1,01,500*","₹75,444",1,"₹10,00,000",300,1305(1),1612(1),2483(1),-,-,2372(1)
MP Govt Quota,ST/X/OP,Madhya Pradesh,"NSC Bose Med Coll, Jabalpur",ANAESTHESIOLOGY,"₹1,01,500*","₹75,444",1,"₹10,00,000",1150,1886(1),1886(1),1941(1),2081(1),2115(1),2379(2)
MP Govt Quota,ST/X/OP,Madhya Pradesh,"Gaja Raja Med Coll, Gwalior",ANAESTHESIOLOGY,"₹1,01,500*","₹75,444",1,"₹10,00,000",1100,1963(1),2209(1),2423(1),2099(1),2151(1),2388(1)
MP Priv-Open,UR/X/OP Service,Madhya Pradesh,"Aurobindo Med Coll, Indore",GENERAL MEDICINE,"₹20,70,000*","₹69,115*",1,"₹10,00,000",1230,688(1),1349(1),1361(1),-,2385(4),2392(4)
MP Govt Quota,SC/X/OP,Madhya Pradesh,"Gaja Raja Med Coll, Gwalior",PATHOLOGY,"₹1,01,500*","₹75,444",1,"₹10,00,000",1100,1400(1),2176(2),1963(1),1850(1),1871(1),2394(3)
MP Govt Quota,UR/X/OP,Madhya Pradesh,"Govt Med Coll, Khandwa",SPM,"₹1,01,500*","₹75,444",1,"₹10,00,000",-,1592(1),2018(1),2089(1),1568(1),1669(1),2398(1)
MP Govt Quota,UR/X/OP,Madhya Pradesh,"NSC Bose Med Coll, Jabalpur",PHARMACOLOGY,"₹1,01,500*","₹75,444",1,"₹10,00,000",1150,1831(1),2050(1),2127(1),1078(1),2392(1),2399(1)
MP Govt Quota,UR/X/OP Service,Madhya Pradesh,"Gaja Raja Med Coll, Gwalior",ENT,"₹1,01,500*","₹75,444",1,"₹10,00,000",1100,-,-,-,-,2394(1),2401(1)
MP Priv-Open,UR/X/OP,Madhya Pradesh,"Chirayu Med Coll, Bhopal",ENT,"₹18,30,000*","₹72,633",1,"₹10,00,000",912,1458(1),1891(2),1771(1),1418(1),1572(1),2406(5)
MP Priv-Open,UR/X/OP,Madhya Pradesh,"LNMC & RC, Bhopal",EMERGENCY MEDICINE,"₹19,60,000*","₹69,115*",1,"₹10,00,000",750,1085(1),1521(3),1541(3),1438(1),1420(1),2410(2)
MP Priv-Open,OBC/X/OP,Madhya Pradesh,"LNMC & RC, Bhopal",TBRD,"₹19,60,000*","₹69,115*",1,"₹10,00,000",750,1097(1),1970(1),2035(1),1284(1),1499(1),2416(2)
MP Govt Quota,ST/X/OP,Madhya Pradesh,"Gaja Raja Med Coll, Gwalior",OPHTHALMOLOGY,"₹1,01,500*","₹75,444",1,"₹10,00,000",1100,-,-,-,2097(1),2220(1),2433(1)
MP Priv-Open,SC/X/OP,Madhya Pradesh,"LNMC & RC, Bhopal",DERMATOLOGY,"₹22,80,000*","₹69,115*",1,"₹10,00,000",750,-,-,-,1703(1),2011(1),2439(2)
MP Govt Quota,SC/X/OP,Madhya Pradesh,"Govt Med Coll, Datia",PATHOLOGY,"₹1,01,500*","₹75,444",1,"₹10,00,000",540,-,-,-,-,-,2441(1)
MP Govt Quota,OBC/X/OP Service,Madhya Pradesh,"NSC Bose Med Coll, Jabalpur",OPHTHALMOLOGY,"₹1,01,500*","₹75,444",1,"₹10,00,000",1150,-,-,-,1982(1),2435(1),2442(1)
MP Priv-Open,UR/X/OP Service,Madhya Pradesh,"Peoples College, Bhopal",OBG,"₹19,05,000*","₹75,444",1,"₹10,00,000",1150,-,-,-,-,2436(1),2443(1)
MP Priv-Open,UR/X/OP,Madhya Pradesh,"RKDF Medical College, Jatkhedi",OPHTHALMOLOGY,"₹18,40,000*","₹69,115*",1*,"₹10,00,000*",-,1703(2),-,1304(1),1540(2),2048(2),2448(4)
MP Govt Quota,UR/X/OP Service,Madhya Pradesh,"Gandhi Med Coll, Bhopal",ENT,"₹1,01,500*","₹75,444",1,"₹10,00,000",1135,-,-,-,-,2449(1),2456(1)
MP Priv-Open,OBC/X/OP Service,Madhya Pradesh,"Aurobindo Med Coll, Indore",GENERAL MEDICINE,"₹20,70,000*","₹69,115*",1,"₹10,00,000",1230,-,-,-,2093(1),2450(1),2457(1)
MP Govt Quota,OBC/X/OP Service,Madhya Pradesh,"Govt Med Coll, Datia",GENERAL SURGERY,"₹1,01,500*","₹75,444",1,"₹10,00,000",540,-,-,-,2038(1),2308(1),2469(1)
MP Govt Quota,ST/X/OP,Madhya Pradesh,"SSMC, Rewa",ANAESTHESIOLOGY,"₹1,01,500*","₹75,444",1,"₹10,00,000",1140,2092(1),2192(1),2474(1),2112(1),2208(1),2479(1)
MP Priv-Open,UR/X/OP Service,Madhya Pradesh,"Aurobindo Med Coll, Indore",ORTHOPAEDICS,"₹19,70,000*","₹69,115*",1,"₹10,00,000",1230,-,-,-,-,2475(1),2482(1)
MP Govt Quota,UR/X/OP Service,Madhya Pradesh,"Govt Med Coll, Ratlam",ENT,"₹1,01,500*","₹75,444",1,"₹10,00,000",300,-,-,-,-,2485(1),2492(1)
MP Priv-Open,UR/X/OP Service,Madhya Pradesh,"LNMC & RC, Bhopal",ORTHOPAEDICS,"₹19,60,000*","₹69,115*",1,"₹10,00,000",750,-,-,-,-,2486(1),2493(1)
MP Govt Quota,ST/X/OP,Madhya Pradesh,"MGM Med Coll, Indore",ENT,"₹1,01,500*","₹75,444",1,"₹10,00,000",1300,1793(1),2183(2),2351(1),2060(1),2229(1),2501(1)
MP Priv-Open,UR/X/OP,Madhya Pradesh,"Index Med Coll, Indore",EMERGENCY MEDICINE,"₹19,12,000*","₹69,115*",1,"₹10,00,000",1299,1294(1),1723(3),1756(3),1462(1),1724(1),2502(3)
MP Govt Quota,ST/X/OP,Madhya Pradesh,"Govt Med Coll, Ratlam",ANAESTHESIOLOGY,"₹1,01,500*","₹75,444",1,"₹10,00,000",300,-,-,-,-,-,2503(1)
MP Priv-Open,SC/X/OP,Madhya Pradesh,"Aurobindo Med Coll, Indore",ANAESTHESIOLOGY,"₹18,37,000*","₹69,115*",1,"₹10,00,000",1230,-,-,-,2617(1),2847(2),2507(1)
MP Priv-Open,UR/X/OP,Madhya Pradesh,"Amaltas IMS, Dewas",EMERGENCY MEDICINE,"₹18,10,000*","₹69,115*",1,"₹10,00,000",720,1320(1),2090(3),2177(3),1478(1),1789(1),2512(1)
MP Priv-Open,UR/X/OP Service,Madhya Pradesh,"LNMC & RC, Bhopal",GENERAL MEDICINE,"₹20,45,000*","₹69,115*",1,"₹10,00,000",750,1349(1),-,-,-,1754(2),2514(2)
MP Priv-Open,SC/X/OP,Madhya Pradesh,"LNMC & RC, Bhopal",PAEDIATRICS,"₹19,60,000*","₹69,115*",1,"₹10,00,000",750,1769(1),-,-,1969(1),1993(1),2521(1)
MP Priv-Open,UR/X/OP,Madhya Pradesh,"Amaltas IMS, Dewas",PSYCHIATRY,"₹18,10,000*","₹69,115*",1,"₹10,00,000",720,-,1537(2),1558(1),1444(1),1457(1),2528(2)
MP Priv-Open,UR/X/OP Service,Madhya Pradesh,"Amaltas IMS, Dewas",GENERAL MEDICINE,"₹18,60,000*","₹69,115*",1,"₹10,00,000",720,-,-,-,-,2533(1),2540(1)
MP Govt Quota,ST/X/OP,Madhya Pradesh,"Govt Med Coll, Datia",ANAESTHESIOLOGY,"₹1,01,500*","₹75,444",1,"₹10,00,000",540,-,-,-,-,-,2552(1)
MP Priv-Open,SC/X/OP,Madhya Pradesh,"RKDF Medical College, Jatkhedi",DERMATOLOGY,"₹20,80,000*","₹69,115*",1*,"₹10,00,000*",-,-,2120(1),2211(1),-,-,2572(2)
MP Priv-NRI,UR/NRI/OP,Madhya Pradesh,"RD Gardi, Ujjain",DERMATOLOGY,"₹40,50,000","₹69,115*",1,"₹10,00,000",750,1586(2),1699(1),-,2298(2),2570(1),2578(1)
MP Govt Quota,SC/X/OP,Madhya Pradesh,"MGM Med Coll, Indore",IHBT,"₹1,01,500*","₹75,444",1,"₹10,00,000",1300,-,-,-,-,-,2581(1)
MP Priv-Open,SC/X/OP,Madhya Pradesh,"LNMC & RC, Bhopal",ORTHOPAEDICS,"₹19,60,000*","₹69,115*",1,"₹10,00,000",750,1823(1),-,-,2492(1),2583(1),2591(1)
MP Priv-Open,OBC/X/OP Service,Madhya Pradesh,"LNMC & RC, Bhopal",GENERAL MEDICINE,"₹20,45,000*","₹69,115*",1,"₹10,00,000",750,-,-,-,-,2586(1),2594(1)
MP Govt Quota,OBC/X/OP Service,Madhya Pradesh,"Govt Med Coll, Khandwa",ENT,"₹1,01,500*","₹75,444",1,"₹10,00,000",-,-,-,-,-,2532(1),2596(1)
MP Priv-Open,UR/X/OP Service,Madhya Pradesh,"Peoples College, Bhopal",ORTHOPAEDICS,"₹18,20,000*","₹75,444",1,"₹10,00,000",1150,-,-,-,-,2595(1),2605(1)
MP Priv-NonDomicile,UR (Non Domicile),Madhya Pradesh,"LNMC & RC, Bhopal",PATHOLOGY,"₹10,00,000*","₹69,115*",1,"₹10,00,000",750,-,-,-,-,-,2607(1)
MP Govt Quota,SC/X/OP,Madhya Pradesh,"SSMC, Rewa",PATHOLOGY,"₹1,01,500*","₹75,444",1,"₹10,00,000",1140,1593(1),-,-,1961(1),1984(1),2609(2)
MP Priv-Open,ST/X/OP,Madhya Pradesh,"LNMC & RC, Bhopal",RADIO DIAGNOSIS,"₹22,80,000*","₹69,115*",1,"₹10,00,000",750,2182(1),2182(1),2350(1),2306(1),1919(1),2614(1)
MP Priv-Open,SC/X/OP,Madhya Pradesh,"Aurobindo Med Coll, Indore",GENERAL SURGERY,"₹19,70,000*","₹69,115*",1,"₹10,00,000",1230,1371(1),1371(1),1383(1),2516(3),2614(3),2624(1)
MP Priv-Open,ST/X/OP,Madhya Pradesh,"RD Gardi, Ujjain",TBRD,"₹13,50,000","₹69,115*",1,"₹10,00,000",750,-,-,-,-,2623(1),2634(1)
MP Govt Quota,UR/X/OP Service,Madhya Pradesh,"Atal Bihari Vajpayee, Vidisha",PATHOLOGY,"₹1,01,500*","₹75,444",1,"₹10,00,000",300,-,-,-,-,2627(1),2637(1)
MP Priv-Open,SC/X/OP,Madhya Pradesh,"Aurobindo Med Coll, Indore",GENERAL MEDICINE,"₹20,70,000*","₹69,115*",1,"₹10,00,000",1230,1624(1),2193(5),1854(2),2199(2),2248(1),2654(4)
MP Priv-Open,OBC/X/OP,Madhya Pradesh,"Index Med Coll, Indore",TBRD,"₹19,12,000*","₹69,115*",1,"₹10,00,000",1299,-,2197(1),2385(1),1727(1),1747(1),2655(2)
MP Priv-Open,UR/X/OP,Madhya Pradesh,"Peoples College, Bhopal",ANAESTHESIOLOGY,"₹18,20,000*","₹75,444",1,"₹10,00,000",1150,1602(3),2043(1),2118(3),1644(3),1790(3),2657(8)
MP Govt Quota,ST/X/OP,Madhya Pradesh,"Govt Med Coll, Datia",OPHTHALMOLOGY,"₹1,01,500*","₹75,444",1,"₹10,00,000",540,-,-,-,-,-,2659(1)
MP Govt Quota,UR/X/OP,Madhya Pradesh,"Gaja Raja Med Coll, Gwalior",MICROBIOLOGY,"₹1,01,500*","₹75,444",1,"₹10,00,000",1100,1502(1),1181(1),1188(1),2291(1),2345(1),2663(2)
MP Priv-Open,ST/X/OP,Madhya Pradesh,"RD Gardi, Ujjain",GENERAL MEDICINE,"₹13,50,000","₹69,115*",1,"₹10,00,000",750,1982(1),1859(1),-,2553(1),2661(1),2672(2)
MP Priv-Open,UR/X/OP,Madhya Pradesh,"LNMC & RC, Bhopal",ENT,"₹19,60,000*","₹69,115*",1,"₹10,00,000",750,1433(2),1758(1),1795(3),1552(2),1624(2),2677(6)
MP Priv-Open,UR/X/OP Service,Madhya Pradesh,"Aurobindo Med Coll, Indore",PAEDIATRICS,"₹19,70,000*","₹69,115*",1,"₹10,00,000",1230,-,-,-,-,2670(2),2681(2)
MP Priv-Open,UR/X/OP Service,Madhya Pradesh,"RD Gardi, Ujjain",GENERAL SURGERY,"₹13,50,000","₹69,115*",1,"₹10,00,000",750,-,-,-,-,2462(1),2690(1)
MP Priv-NonDomicile,UR (Non Domicile),Madhya Pradesh,"Amaltas IMS, Dewas",PATHOLOGY,"₹9,50,000*","₹69,115*",1,"₹10,00,000",720,-,-,-,-,-,2692(1)
MP Priv-Open,UR/X/OP,Madhya Pradesh,"RKDF Medical College, Jatkhedi",SPM,"₹11,00,000*","₹69,115*",1*,"₹10,00,000*",-,-,-,2672(2),-,3197(2),2705(1)
MP Govt Quota,SC/X/OP Service,Madhya Pradesh,"SSMC, Rewa",OPHTHALMOLOGY,"₹1,01,500*","₹75,444",1,"₹10,00,000",1140,-,-,-,-,2697(1),2708(1)
MP Priv-NRI,UR/NRI/OP,Madhya Pradesh,"Peoples College, Bhopal",GENERAL MEDICINE,"₹66,67,500*","₹75,444",1,"₹10,00,000",1150,-,-,2504(2),2441(4),2818(4),2717(2)
MP Govt Quota,UR/X/OP,Madhya Pradesh,"Gaja Raja Med Coll, Gwalior",SPM,"₹1,01,500*","₹75,444",1,"₹10,00,000",1100,1247(2),1978(4),1700(2),1170(1),1829(1),2736(1)
MP Priv-Open,ST/X/OP,Madhya Pradesh,"Aurobindo Med Coll, Indore",GENERAL SURGERY,"₹19,70,000*","₹69,115*",1,"₹10,00,000",1230,-,-,-,2575(1),2728(1),2739(1)
MP Priv-NRINonDomicil,UR/NRI (Non Domicile),Madhya Pradesh,"RKDF Medical College, Jatkhedi",GENERAL MEDICINE,"₹65,45,000*","₹69,115*",1*,"₹10,00,000*",-,-,-,-,-,3776(3),2742(1)
MP Priv-Open,UR/X/OP,Madhya Pradesh,"RKDF Medical College, Jatkhedi",GENERAL SURGERY,"₹18,40,000*","₹69,115*",1*,"₹10,00,000*",-,1420(3),1927(6),1906(5),1705(3),1917(3),2744(7)
MP Priv-Open,UR/X/OP Service,Madhya Pradesh,"LNMC & RC, Bhopal",PAEDIATRICS,"₹19,60,000*","₹69,115*",1,"₹10,00,000",750,-,-,-,-,2735(1),2746(1)
MP Govt Quota,UR/X/OP Service,Madhya Pradesh,"Bundelkhand Med Coll, Sagar",OPHTHALMOLOGY,"₹1,01,500*","₹75,444",1,"₹10,00,000",750,-,-,-,-,2240(1),2749(1)
MP Priv-Open,OBC/X/OP,Madhya Pradesh,"Peoples College, Bhopal",EMERGENCY MEDICINE,"₹18,20,000*","₹75,444",1,"₹10,00,000",1150,-,-,-,-,-,2753(1)
MP Priv-Open,ST/X/OP,Madhya Pradesh,"RD Gardi, Ujjain",ANAESTHESIOLOGY,"₹13,50,000","₹69,115*",1,"₹10,00,000",750,-,-,-,2577(1),2743(1),2757(1)
MP Govt Quota,SC/X/OP,Madhya Pradesh,"MGM Med Coll, Indore",SPM,"₹1,01,500*","₹75,444",1,"₹10,00,000",1300,-,-,-,2193(1),1704(1),2769(1)
MP Priv-Open,SC/X/OP,Madhya Pradesh,"Aurobindo Med Coll, Indore",TBRD,"₹18,37,000*","₹69,115*",1,"₹10,00,000",1230,-,-,-,2541(1),2643(1),2773(1)
MP Govt Quota,UR/X/OP,Madhya Pradesh,"SSMC, Rewa",SPM,"₹1,01,500*","₹75,444",1,"₹10,00,000",1140,-,2099(1),2186(1),-,-,2774(1)
MP Priv-Open,UR/X/OP Service,Madhya Pradesh,"Peoples College, Bhopal",GENERAL SURGERY,"₹18,20,000*","₹75,444",1,"₹10,00,000",1150,-,-,-,-,-,2776(1)
MP Govt Quota,ST/X/OP,Madhya Pradesh,"MGM Med Coll, Indore",EMERGENCY MEDICINE,"₹1,01,500*","₹75,444",1,"₹10,00,000",1300,-,-,-,-,-,2785(1)
MP Priv-Open,OBC/X/OP Service,Madhya Pradesh,"Chirayu Med Coll, Bhopal",GENERAL MEDICINE,"₹19,70,000*","₹72,633",1,"₹10,00,000",912,-,-,-,-,-,2787(1)
MP Priv-Open,SC/X/OP,Madhya Pradesh,"Aurobindo Med Coll, Indore",ENT,"₹18,37,000*","₹69,115*",1,"₹10,00,000",1230,-,-,3320(1),-,-,2788(1)
MP Govt Quota,ST/X/OP Service,Madhya Pradesh,"NSC Bose Med Coll, Jabalpur",GENERAL MEDICINE,"₹1,01,500*","₹75,444",1,"₹10,00,000",1150,-,-,-,-,-,2792(1)
MP Priv-Open,UR/X/OP,Madhya Pradesh,"Index Med Coll, Indore",GENERAL SURGERY,"₹19,12,000*","₹69,115*",1,"₹10,00,000",1299,1346(5),1995(12),2060(8),1777(10),1870(10),2794(25)
MP Priv-NRI,UR/NRI/OP,Madhya Pradesh,"LNMC & RC, Bhopal",OBG,"₹71,57,500*","₹69,115*",1,"₹10,00,000",750,2053(1),-,2609(3),2502(4),2779(2),2795(1)
MP Govt Quota,SC/X/OP Service,Madhya Pradesh,"NSC Bose Med Coll, Jabalpur",OBG,"₹1,01,500*","₹75,444",1,"₹10,00,000",1150,-,-,-,-,2785(1),2801(1)
MP Govt Quota,ST/X/OP,Madhya Pradesh,"Gandhi Med Coll, Bhopal",SPM,"₹1,01,500*","₹75,444",1,"₹10,00,000",1135,-,-,-,2412(1),2300(1),2810(1)
MP Govt Quota,ST/X/OP,Madhya Pradesh,"Gandhi Med Coll, Bhopal",PATHOLOGY,"₹1,01,500*","₹75,444",1,"₹10,00,000",1135,2133(1),2133(1),2229(1),1902(1),1334(1),2813(2)
MP Priv-Open,OBC/X/OP Service,Madhya Pradesh,"Aurobindo Med Coll, Indore",PAEDIATRICS,"₹19,70,000*","₹69,115*",1,"₹10,00,000",1230,-,-,-,-,2808(1),2826(1)
MP Priv-Open,UR/X/OP Service,Madhya Pradesh,"Index Med Coll, Indore",GENERAL MEDICINE,"₹20,05,000*","₹69,115*",1,"₹10,00,000",1299,-,-,-,-,2555(2),2831(3)
MP Priv-Open,UR/X/OP Service,Madhya Pradesh,"Aurobindo Med Coll, Indore",GENERAL SURGERY,"₹19,70,000*","₹69,115*",1,"₹10,00,000",1230,-,-,-,-,2816(3),2834(2)
MP Priv-Open,UR/X/OP,Madhya Pradesh,"Aurobindo Med Coll, Indore",MICROBIOLOGY,"₹97,800*","₹69,115*",1,"₹10,00,000",1230,-,-,2977(2),-,2820(1),2839(1)
MP Priv-Open,SC/X/OP,Madhya Pradesh,"LNMC & RC, Bhopal",GENERAL MEDICINE,"₹20,45,000*","₹69,115*",1,"₹10,00,000",750,1833(2),-,-,2234(2),2284(2),2846(5)
MP Priv-Open,OBC/X/OP,Madhya Pradesh,"Chirayu Med Coll, Bhopal",EMERGENCY MEDICINE,"₹18,30,000*","₹72,633",1,"₹10,00,000",912,-,-,-,1520(1),1731(1),2861(1)
MP Priv-Open,SC/X/OP,Madhya Pradesh,"Amaltas IMS, Dewas",OBG,"₹19,20,000*","₹69,115*",1,"₹10,00,000",720,-,-,-,-,-,2867(2)
MP Priv-Open,UR/X/OP Service,Madhya Pradesh,"Aurobindo Med Coll, Indore",EMERGENCY MEDICINE,"₹18,37,000*","₹69,115*",1,"₹10,00,000",1230,-,-,-,-,2848(1),2868(1)
MP Govt Quota,UR/X/OP Service,Madhya Pradesh,"Gandhi Med Coll, Bhopal",RADIATION ONCOLOGY,"₹1,01,500*","₹75,444",1,"₹10,00,000",1135,-,-,-,-,-,2873(1)
MP Govt Quota,SC/X/OP Service,Madhya Pradesh,"Gandhi Med Coll, Bhopal",GENERAL SURGERY,"₹1,01,500*","₹75,444",1,"₹10,00,000",1135,-,-,-,-,-,2875(1)
MP Priv-Open,OBC/X/OP,Madhya Pradesh,"Peoples College, Bhopal",GENERAL SURGERY,"₹18,20,000*","₹75,444",1,"₹10,00,000",1150,1438(1),2157(4),2269(3),1152(1),1161(1),2881(4)
MP Priv-Open,UR/X/OP,Madhya Pradesh,"Index Med Coll, Indore",PSYCHIATRY,"₹19,12,000*","₹69,115*",1,"₹10,00,000",1299,1104(1),2093(3),2117(2),1518(2),1684(2),2882(5)
MP Govt Quota,ST/X/OP Service,Madhya Pradesh,"MGM Med Coll, Indore",OBG,"₹1,01,500*","₹75,444",1,"₹10,00,000",1300,-,-,-,-,2891(1),2912(1)
MP Priv-Open,UR/X/OP,Madhya Pradesh,"RKDF Medical College, Jatkhedi",PHARMACOLOGY,"₹11,00,000*","₹69,115*",1*,"₹10,00,000*",-,-,-,3217(2),-,2539(1),2913(1)
MP Govt Quota,ST/X/OP,Madhya Pradesh,"Govt Med Coll, Khandwa",PATHOLOGY,"₹1,01,500*","₹75,444",1,"₹10,00,000",-,2135(1),-,2506(1),-,-,2917(1)
MP Govt Quota,ST/X/OP Service,Madhya Pradesh,"Gandhi Med Coll, Bhopal",GENERAL MEDICINE,"₹1,01,500*","₹75,444",1,"₹10,00,000",1135,-,-,-,-,2776(1),2918(1)
MP Govt Quota,UR/X/OP,Madhya Pradesh,"Gandhi Med Coll, Bhopal",MICROBIOLOGY,"₹1,01,500*","₹75,444",1,"₹10,00,000",1135,-,-,1424(1),1901(1),1154(1),2923(2)
MP Priv-Open,UR/X/OP,Madhya Pradesh,"RKDF Medical College, Jatkhedi",ENT,"₹18,40,000*","₹69,115*",1*,"₹10,00,000*",-,1708(1),-,2243(2),1600(1),2065(1),2929(3)
MP Govt Quota,UR/X/OP,Madhya Pradesh,"Govt Med Coll, Ratlam",MICROBIOLOGY,"₹1,01,500*","₹75,444",1,"₹10,00,000",300,-,-,2514(1),-,-,2935(1)
MP Govt Quota,ST/X/OP Service,Madhya Pradesh,"Gaja Raja Med Coll, Gwalior",GENERAL MEDICINE,"₹1,01,500*","₹75,444",1,"₹10,00,000",1100,-,-,-,-,2896(1),2936(1)
MP Govt Quota,OBC/X/OP,Madhya Pradesh,"Govt Med Coll, Khandwa",SPM,"₹1,01,500*","₹75,444",1,"₹10,00,000",-,-,-,-,-,-,2944(1)
MP Priv-Open,ST/X/OP,Madhya Pradesh,"LNMC & RC, Bhopal",GENERAL MEDICINE,"₹20,45,000*","₹69,115*",1,"₹10,00,000",750,-,-,-,-,2179(1),2946(1)
MP Priv-Open,UR/X/OP,Madhya Pradesh,"Chirayu Med Coll, Bhopal",ANAESTHESIOLOGY,"₹18,30,000*","₹72,633",1,"₹10,00,000",912,1509(2),2088(3),2175(3),1713(5),1732(5),2949(13)
MP Priv-NRI,UR/NRI/OP,Madhya Pradesh,"Aurobindo Med Coll, Indore",GENERAL SURGERY,"₹68,95,000*","₹69,115*",1,"₹10,00,000",1230,2057(2),2057(2),2600(2),-,3283(1),2950(1)
MP Priv-Open,UR/X/OP,Madhya Pradesh,"Amaltas IMS, Dewas",ENT,"₹18,10,000*","₹69,115*",1,"₹10,00,000",720,1563(1),-,-,1700(1),1811(1),2957(3)
MP Priv-Open,UR/X/OP Service,Madhya Pradesh,"Amaltas IMS, Dewas",ORTHOPAEDICS,"₹18,10,000*","₹69,115*",1,"₹10,00,000",720,-,-,-,-,2935(1),2959(1)
MP Priv-NRI,UR/NRI/OP,Madhya Pradesh,"Index Med Coll, Indore",DERMATOLOGY,"₹78,75,000*","₹69,115*",1,"₹10,00,000",1299,-,-,2676(3),1235(4),3219(1),2962(1)
MP Govt Quota,EWS/X/OP Service,Madhya Pradesh,"Gandhi Med Coll, Bhopal",GENERAL MEDICINE,"₹1,01,500*","₹75,444",1,"₹10,00,000",1135,-,-,-,-,2947(1),2972(1)
MP Priv-Open,UR/X/OP,Madhya Pradesh,"Peoples College, Bhopal",PATHOLOGY,"₹8,20,000*","₹75,444",1,"₹10,00,000",1150,1933(1),-,2340(1),2293(4),2373(4),2975(3)
MP Priv-Open,ST/X/OP,Madhya Pradesh,"Aurobindo Med Coll, Indore",RADIO DIAGNOSIS,"₹23,10,000*","₹69,115*",1,"₹10,00,000",1230,1859(1),2136(1),2232(1),2266(1),2318(1),2978(1)
MP Priv-Open,UR/X/OP Service,Madhya Pradesh,"Index Med Coll, Indore",ORTHOPAEDICS,"₹19,12,000*","₹69,115*",1,"₹10,00,000",1299,-,-,-,-,-,2981(1)
MP Priv-Open,OBC/X/OP,Madhya Pradesh,"LNMC & RC, Bhopal",EMERGENCY MEDICINE,"₹19,60,000*","₹69,115*",1,"₹10,00,000",750,1376(1),-,-,-,-,2988(1)
MP Priv-Open,UR/X/OP,Madhya Pradesh,"Aurobindo Med Coll, Indore",SPM,"₹97,800*","₹69,115*",1,"₹10,00,000",1230,1604(1),-,2327(1),1972(1),2438(1),2999(3)
MP Govt Quota,UR/X/OP,Madhya Pradesh,"MGM Med Coll, Indore",BIOCHEMISTRY,"₹1,01,500*","₹75,444",1,"₹10,00,000",1300,1877(1),-,3491(6),-,2914(2),3000(2)
MP Priv-Open,ST/X/OP,Madhya Pradesh,"RD Gardi, Ujjain",ORTHOPAEDICS,"₹13,50,000","₹69,115*",1,"₹10,00,000",750,-,1981(1),2706(1),-,2988(1),3019(2)
MP Priv-Open,OBC/X/OP,Madhya Pradesh,"LNMC & RC, Bhopal",OPHTHALMOLOGY,"₹19,60,000*","₹69,115*",1,"₹10,00,000",750,-,-,-,-,-,3021(1)
MP Govt Quota,UR/X/OP Service,Madhya Pradesh,"Gwalior Mansik, Madhya Pradesh",PSYCHIATRY,"₹1,01,500*","₹75,444",1,"₹10,00,000",50,1406(1),-,1672(1),-,-,3022(1)
MP Priv-Open,UR/X/OP Service,Madhya Pradesh,"RD Gardi, Ujjain",ANAESTHESIOLOGY,"₹13,50,000","₹69,115*",1,"₹10,00,000",750,-,-,-,-,2605(1),3023(1)
MP Govt Quota,ST/X/OP Service,Madhya Pradesh,"MGM Med Coll, Indore",PATHOLOGY,"₹1,01,500*","₹75,444",1,"₹10,00,000",1300,-,-,-,-,3010(1),3043(1)
MP Govt Quota,ST/X/OP Service,Madhya Pradesh,"Gandhi Med Coll, Bhopal",PAEDIATRICS,"₹1,01,500*","₹75,444",1,"₹10,00,000",1135,-,-,-,-,3013(1),3046(1)
MP Priv-Open,ST/X/OP,Madhya Pradesh,"Index Med Coll, Indore",RADIO DIAGNOSIS,"₹22,50,000*","₹69,115*",1,"₹10,00,000",1299,2136(1),-,-,2508(1),2604(1),3054(1)
MP Govt Quota,SC/X/OP Service,Madhya Pradesh,"Gaja Raja Med Coll, Gwalior",GENERAL MEDICINE,"₹1,01,500*","₹75,444",1,"₹10,00,000",1100,-,-,-,-,3026(1),3059(1)
MP Priv-Open,OBC/X/OP,Madhya Pradesh,"Index Med Coll, Indore",GENERAL SURGERY,"₹19,12,000*","₹69,115*",1,"₹10,00,000",1299,1653(1),2216(1),2470(1),2062(3),2096(3),3072(3)
MP Priv-Open,OBC/X/OP,Madhya Pradesh,"Peoples College, Bhopal",ENT,"₹18,20,000*","₹75,444",1,"₹10,00,000",1150,-,-,-,-,-,3075(1)
MP Priv-Open,ST/X/OP,Madhya Pradesh,"Aurobindo Med Coll, Indore",PSYCHIATRY,"₹19,70,000*","₹69,115*",1,"₹10,00,000",1230,-,-,-,-,3051(1),3087(1)
MP Priv-Open,UR/X/OP,Madhya Pradesh,"Index Med Coll, Indore",ENT,"₹19,12,000*","₹69,115*",1,"₹10,00,000",1299,1698(2),1873(1),2016(3),1643(2),1943(2),3088(6)
MP Govt Quota,ST/X/OP Service,Madhya Pradesh,"MGM Med Coll, Indore",PAEDIATRICS,"₹1,01,500*","₹75,444",1,"₹10,00,000",1300,-,-,-,-,2913(1),3090(1)
MP Govt Quota,SC/X/OP Service,Madhya Pradesh,"Govt Med Coll, Datia",PAEDIATRICS,"₹1,01,500*","₹75,444",1,"₹10,00,000",540,-,-,-,-,3220(1),3092(1)
MP Govt Quota,ST/X/OP Service,Madhya Pradesh,"Bundelkhand Med Coll, Sagar",ENT,"₹1,01,500*","₹75,444",1,"₹10,00,000",750,-,-,-,-,-,3100(1)
MP Priv-Open,UR/X/OP Service,Madhya Pradesh,"Aurobindo Med Coll, Indore",OBG,"₹20,70,000*","₹69,115*",1,"₹10,00,000",1230,-,-,-,-,2311(2),3104(2)
MP Priv-Open,OBC/X/OP,Madhya Pradesh,"Index Med Coll, Indore",ORTHOPAEDICS,"₹19,12,000*","₹69,115*",1,"₹10,00,000",1299,1239(1),1489(1),1504(1),1601(2),1825(2),3106(9)
MP Priv-Open,UR/X/OP Service,Madhya Pradesh,"Index Med Coll, Indore",PAEDIATRICS,"₹19,12,000*","₹69,115*",1,"₹10,00,000",1299,-,-,-,-,2836(2),3109(1)
MP Priv-Open,SC/X/OP,Madhya Pradesh,"RD Gardi, Ujjain",ANAESTHESIOLOGY,"₹13,50,000","₹69,115*",1,"₹10,00,000",750,-,-,-,1854(1),1875(1),3110(3)
MP Priv-Open,SC/X/OP,Madhya Pradesh,"Aurobindo Med Coll, Indore",PAEDIATRICS,"₹19,70,000*","₹69,115*",1,"₹10,00,000",1230,1382(1),1769(2),1807(2),1893(2),1914(2),3111(3)
MP Priv-Open,SC/X/OP,Madhya Pradesh,"Chirayu Med Coll, Bhopal",GENERAL SURGERY,"₹18,30,000*","₹72,633",1,"₹10,00,000",912,-,-,-,-,3075(1),3115(2)
MP Priv-Open,OBC/X/OP,Madhya Pradesh,"Chirayu Med Coll, Bhopal",PSYCHIATRY,"₹18,30,000*","₹72,633",1,"₹10,00,000",912,1679(1),-,-,-,-,3116(1)
MP Priv-Open,OBC/X/OP,Madhya Pradesh,"LNMC & RC, Bhopal",GENERAL SURGERY,"₹19,60,000*","₹69,115*",1,"₹10,00,000",750,1525(2),2186(2),2356(2),1453(2),1700(2),3118(6)
MP Govt Quota,UR/X/OP,Madhya Pradesh,"MGM Med Coll, Indore",PHYSIOLOGY,"₹1,01,500*","₹75,444",1,"₹10,00,000",1300,-,-,3507(1),-,3081(2),3121(1)
MP Govt Quota,UR/X/OP Service,Madhya Pradesh,"MGM Med Coll, Indore",IHBT,"₹1,01,500*","₹75,444",1,"₹10,00,000",1300,-,-,-,-,2738(1),3126(1)
MP Priv-Open,UR/X/OP,Madhya Pradesh,"Peoples College, Bhopal",SPM,"₹4,51,000*","₹75,444",1,"₹10,00,000",1150,-,2045(1),2659(2),2064(1),1996(1),3141(1)
MP Priv-NRI,UR/NRI/OP,Madhya Pradesh,"LNMC & RC, Bhopal",GENERAL SURGERY,"₹68,60,000*","₹69,115*",1,"₹10,00,000",750,-,-,3010(4),-,3100(1),3144(1)
MP Govt Quota,ST/X/OP Service,Madhya Pradesh,"SSMC, Rewa",PAEDIATRICS,"₹1,01,500*","₹75,444",1,"₹10,00,000",1140,-,-,-,-,3054(1),3149(1)
MP Priv-Open,UR/X/OP,Madhya Pradesh,"RD Gardi, Ujjain",PATHOLOGY,"₹7,50,000","₹69,115*",1,"₹10,00,000",750,1917(4),2128(1),2499(6),1842(4),2256(4),3153(10)
MP Priv-Open,UR/X/OP,Madhya Pradesh,"LNMC & RC, Bhopal",PATHOLOGY,"₹10,00,000*","₹69,115*",1,"₹10,00,000",750,1774(2),-,2557(5),2207(3),2490(3),3157(2)
MP Priv-Open,UR/X/OP,Madhya Pradesh,"Peoples College, Bhopal",PHARMACOLOGY,"₹4,51,000*","₹75,444",1,"₹10,00,000",1150,-,-,3457(2),-,2951(1),3165(1)
MP Priv-NRI,UR/NRI/OP,Madhya Pradesh,"Aurobindo Med Coll, Indore",PAEDIATRICS,"₹68,95,000*","₹69,115*",1,"₹10,00,000",1230,2061(2),-,2544(1),2107(2),3130(3),3175(1)
MP Priv-Open,UR/X/OP,Madhya Pradesh,"RKDF Medical College, Jatkhedi",PATHOLOGY,"₹8,50,000*","₹69,115*",1*,"₹10,00,000*",-,-,-,2730(3),2473(2),2729(2),3181(1)
MP Priv-Open,UR/X/OP,Madhya Pradesh,"LNMC & RC, Bhopal",ANAESTHESIOLOGY,"₹19,60,000*","₹69,115*",1,"₹10,00,000",750,1675(6),2116(3),2203(7),1754(5),1924(5),3182(15)
MP Govt Quota,SC/X/OP,Madhya Pradesh,"Atal Bihari Vajpayee, Vidisha",SPM,"₹1,01,500*","₹75,444",1,"₹10,00,000",300,1689(1),-,2539(1),-,-,3188(1)
MP Govt Quota,UR/X/OP,Madhya Pradesh,"Govt Med Coll, Ratlam",PHYSIOLOGY,"₹1,01,500*","₹75,444",1,"₹10,00,000",300,1969(1),-,2735(1),-,-,3192(1)
MP Priv-Open,SC/X/OP,Madhya Pradesh,"RD Gardi, Ujjain",PATHOLOGY,"₹7,50,000","₹69,115*",1,"₹10,00,000",750,-,-,3274(2),2590(2),-,3194(1)
MP Priv-Open,SC/X/OP,Madhya Pradesh,"RKDF Medical College, Jatkhedi",GENERAL MEDICINE,"₹18,70,000*","₹69,115*",1*,"₹10,00,000*",-,-,2215(1),2469(1),2343(1),2405(1),3208(1)
MP Govt Quota,OBC/X/OP Service,Madhya Pradesh,"NSC Bose Med Coll, Jabalpur",PATHOLOGY,"₹1,01,500*","₹75,444",1,"₹10,00,000",1150,-,-,-,2158(1),2991(1),3210(1)
MP Priv-Open,SC/X/OP,Madhya Pradesh,"Index Med Coll, Indore",OBG,"₹20,05,000*","₹69,115*",1,"₹10,00,000",1299,1910(1),-,-,1840(1),1878(1),3212(2)
MP Govt Quota,SC/X/OP,Madhya Pradesh,"Gandhi Med Coll, Bhopal",MICROBIOLOGY,"₹1,01,500*","₹75,444",1,"₹10,00,000",1135,-,-,2922(1),2372(1),2434(1),3215(1)
MP Govt Quota,UR/X/OP,Madhya Pradesh,"Gandhi Med Coll, Bhopal",BIOCHEMISTRY,"₹1,01,500*","₹75,444",1,"₹10,00,000",1135,-,2102(1),2189(1),965(1),2876(1),3216(1)
MP Priv-Open,UR/X/OP,Madhya Pradesh,"Amaltas IMS, Dewas",ANAESTHESIOLOGY,"₹18,10,000*","₹69,115*",1,"₹10,00,000",720,1621(2),2023(2),2297(3),1770(2),1945(2),3219(5)
MP Govt Quota,SC/X/OP Service,Madhya Pradesh,"MGM Med Coll, Indore",GENERAL SURGERY,"₹1,01,500*","₹75,444",1,"₹10,00,000",1300,-,-,-,-,2855(1),3224(1)
MP Govt Quota,UR/X/OP,Madhya Pradesh,"Govt Med Coll, Khandwa",MICROBIOLOGY,"₹1,01,500*","₹75,444",1,"₹10,00,000",-,-,-,2882(2),2428(1),2573(1),3226(1)
MP Priv-Open,UR/X/OP,Madhya Pradesh,"Index Med Coll, Indore",PATHOLOGY,"₹9,44,300*","₹69,115*",1,"₹10,00,000",1299,2128(2),-,2805(7),2341(3),2646(3),3233(1)
MP Govt Quota,OBC/X/OP,Madhya Pradesh,"Atal Bihari Vajpayee, Vidisha",SPM,"₹1,01,500*","₹75,444",1,"₹10,00,000",300,-,-,-,-,-,3234(1)
MP Priv-Open,OBC/X/OP Service,Madhya Pradesh,"Peoples College, Bhopal",OBG,"₹19,05,000*","₹75,444",1,"₹10,00,000",1150,-,-,-,-,3191(1),3243(1)
MP Govt Quota,ST/X/OP,Madhya Pradesh,"NSC Bose Med Coll, Jabalpur",SPM,"₹1,01,500*","₹75,444",1,"₹10,00,000",1150,-,-,-,2520(1),-,3246(1)
MP Priv-Open,ST/X/OP,Madhya Pradesh,"Aurobindo Med Coll, Indore",OBG,"₹20,70,000*","₹69,115*",1,"₹10,00,000",1230,-,-,-,-,3028(1),3247(2)
MP Govt Quota,ST/X/OP,Madhya Pradesh,"Govt Med Coll, Khandwa",SPM,"₹1,01,500*","₹75,444",1,"₹10,00,000",-,-,-,-,2597(1),2793(1),3249(1)
MP Priv-Open,ST/X/OP,Madhya Pradesh,"RD Gardi, Ujjain",OPHTHALMOLOGY,"₹13,50,000","₹69,115*",1,"₹10,00,000",750,-,-,-,-,3201(1),3254(1)
MP Govt Quota,SC/X/OP,Madhya Pradesh,"Atal Bihari Vajpayee, Vidisha",MICROBIOLOGY,"₹1,01,500*","₹75,444",1,"₹10,00,000",300,-,-,-,2504(1),2599(1),3258(1)
MP Govt Quota,UR/X/OP,Madhya Pradesh,"Bundelkhand Med Coll, Sagar",SPM,"₹1,01,500*","₹75,444",1,"₹10,00,000",750,-,-,1902(1),516(1),2201(1),3264(2)
MP Govt Quota,UR/X/OP,Madhya Pradesh,"MGM Med Coll, Indore",PHARMACOLOGY,"₹1,01,500*","₹75,444",1,"₹10,00,000",1300,1685(1),1685(1),2513(1),1176(1),1185(1),3269(3)
MP Govt Quota,SC/X/OP Service,Madhya Pradesh,"Gaja Raja Med Coll, Gwalior",PAEDIATRICS,"₹1,01,500*","₹75,444",1,"₹10,00,000",1100,-,1603(1),1627(1),-,-,3276(1)
MP Govt Quota,ST/X/OP Service,Madhya Pradesh,"Govt Med Coll, Ratlam",ORTHOPAEDICS,"₹1,01,500*","₹75,444",1,"₹10,00,000",300,-,-,-,-,3224(1),3280(1)
MP Priv-Open,OBC/X/OP,Madhya Pradesh,"Aurobindo Med Coll, Indore",ANAESTHESIOLOGY,"₹18,37,000*","₹69,115*",1,"₹10,00,000",1230,1394(1),-,-,1623(2),1846(2),3282(8)
MP Govt Quota,SC/X/OP Service,Madhya Pradesh,"Bundelkhand Med Coll, Sagar",OBG,"₹1,01,500*","₹75,444",1,"₹10,00,000",750,-,-,-,-,-,3284(1)
MP Priv-Open,ST/X/OP,Madhya Pradesh,"Aurobindo Med Coll, Indore",GENERAL MEDICINE,"₹20,70,000*","₹69,115*",1,"₹10,00,000",1230,-,-,-,-,3228(3),3285(1)
MP Priv-NRI,UR/NRI/OP,Madhya Pradesh,"LNMC & RC, Bhopal",GENERAL MEDICINE,"₹71,57,500*","₹69,115*",1,"₹10,00,000",750,2066(2),2066(1),2830(5),1354(2),3298(2),3286(3)
MP Priv-Open,OBC/X/OP,Madhya Pradesh,"Amaltas IMS, Dewas",ANAESTHESIOLOGY,"₹18,10,000*","₹69,115*",1,"₹10,00,000",720,1741(1),-,2575(1),-,-,3290(1)
MP Priv-Open,SC/X/OP,Madhya Pradesh,"Index Med Coll, Indore",GENERAL MEDICINE,"₹20,05,000*","₹69,115*",1,"₹10,00,000",1299,1948(1),-,-,2334(2),2332(2),3291(4)
MP Govt Quota,UR/X/OP,Madhya Pradesh,"Bundelkhand Med Coll, Sagar",PHYSIOLOGY,"₹1,01,500*","₹75,444",1,"₹10,00,000",750,-,-,3194(1),-,2824(1),3295(1)
MP Govt Quota,UR/X/OP,Madhya Pradesh,"NSC Bose Med Coll, Jabalpur",SPM,"₹1,01,500*","₹75,444",1,"₹10,00,000",1150,884(1),2013(4),2081(3),695(1),1502(1),3296(3)
MP Govt Quota,UR/X/OP,Madhya Pradesh,"Atal Bihari Vajpayee, Vidisha",PHYSIOLOGY,"₹1,01,500*","₹75,444",1,"₹10,00,000",300,-,-,3512(2),-,3136(1),3304(1)
MP Priv-Open,OBC/X/OP,Madhya Pradesh,"Chirayu Med Coll, Bhopal",OPHTHALMOLOGY,"₹18,30,000*","₹72,633",1,"₹10,00,000",912,-,-,-,-,-,3308(3)
MP Priv-Open,UR/X/OP,Madhya Pradesh,"Aurobindo Med Coll, Indore",PATHOLOGY,"₹10,00,000*","₹69,115*",1,"₹10,00,000",1230,1637(2),1990(4),2288(5),1890(7),2236(7),3309(14)
MP Priv-Open,UR/X/OP,Madhya Pradesh,"Chirayu Med Coll, Bhopal",PATHOLOGY,"₹9,10,000*","₹72,633",1,"₹10,00,000",912,1780(2),1780(1),2542(4),2200(3),2399(3),3312(3)
MP Govt Quota,UR/X/OP,Madhya Pradesh,"Gandhi Med Coll, Bhopal",ANATOMY,"₹1,01,500*","₹75,444",1,"₹10,00,000",1135,-,-,-,-,3256(3),3319(1)
MP Govt Quota,UR/X/OP,Madhya Pradesh,"Gandhi Med Coll, Bhopal",PHARMACOLOGY,"₹1,01,500*","₹75,444",1,"₹10,00,000",1135,1731(1),-,1369(1),-,-,3321(2)
MP Priv-Open,ST/X/OP,Madhya Pradesh,"Index Med Coll, Indore",DERMATOLOGY,"₹22,50,000*","₹69,115*",1,"₹10,00,000",1299,-,-,-,-,2094(1),3325(1)
MP Govt Quota,UR/X/OP,Madhya Pradesh,"Gandhi Med Coll, Bhopal",FORENSIC MEDICINE,"₹1,01,500*","₹75,444",1,"₹10,00,000",1135,1356(1),1919(1),2549(2),2098(2),2489(2),3328(3)
MP Priv-Open,OBC/X/OP,Madhya Pradesh,"Amaltas IMS, Dewas",GENERAL SURGERY,"₹18,10,000*","₹69,115*",1,"₹10,00,000",720,-,-,-,-,-,3329(1)
MP Priv-NonDomicile,UR (Non Domicile),Madhya Pradesh,"Index Med Coll, Indore",ANAESTHESIOLOGY,"₹19,12,000*","₹69,115*",1,"₹10,00,000",1299,-,-,-,-,-,3334(7)
MP Priv-Open,SC/X/OP,Madhya Pradesh,"Amaltas IMS, Dewas",EMERGENCY MEDICINE,"₹18,10,000*","₹69,115*",1,"₹10,00,000",720,-,-,-,-,-,3344(1)
MP Priv-Open,SC/X/OP,Madhya Pradesh,"Amaltas IMS, Dewas",GENERAL MEDICINE,"₹18,60,000*","₹69,115*",1,"₹10,00,000",720,1319(1),1956(1),2018(1),-,-,3348(1)
MP Priv-NRI,UR/NRI/OP,Madhya Pradesh,"Index Med Coll, Indore",GENERAL MEDICINE,"₹70,17,500*","₹69,115*",1,"₹10,00,000",1299,-,-,2809(4),1534(4),3285(5),3353(1)
MP Govt Quota,UR/X/OP,Madhya Pradesh,"Gaja Raja Med Coll, Gwalior",PHYSIOLOGY,"₹1,01,500*","₹75,444",1,"₹10,00,000",1100,1727(1),-,3336(3),-,2582(1),3357(1)
MP Govt Quota,OBC/X/OP,Madhya Pradesh,"Gaja Raja Med Coll, Gwalior",SPM,"₹1,01,500*","₹75,444",1,"₹10,00,000",1100,-,2058(1),2139(1),1604(1),1876(1),3358(2)
MP Govt Quota,UR/X/OP,Madhya Pradesh,"NSC Bose Med Coll, Jabalpur",BIOCHEMISTRY,"₹1,01,500*","₹75,444",1,"₹10,00,000",1150,1979(1),-,3515(2),2165(1),2593(1),3359(1)
MP Govt Quota,SC/X/OP,Madhya Pradesh,"SSMC, Rewa",SPM,"₹1,01,500*","₹75,444",1,"₹10,00,000",1140,-,-,-,-,-,3360(1)
MP Govt Quota,UR/X/OP,Madhya Pradesh,"Govt Med Coll, Shivpuri",SPM,"₹1,01,500*","₹75,444",1,"₹10,00,000",520,-,-,-,-,-,3369(1)
MP Priv-Open,UR/X/OP,Madhya Pradesh,"Amaltas IMS, Dewas",PATHOLOGY,"₹9,50,000*","₹69,115*",1,"₹10,00,000",720,-,-,2748(2),-,-,3371(1)
MP Priv-Open,OBC/X/OP,Madhya Pradesh,"Amaltas IMS, Dewas",EMERGENCY MEDICINE,"₹18,10,000*","₹69,115*",1,"₹10,00,000",720,-,-,-,1998(1),2099(1),3372(1)
MP Priv-NonDomicile,UR (Non Domicile),Madhya Pradesh,"RKDF Medical College, Jatkhedi",ANAESTHESIOLOGY,"₹18,40,000*","₹69,115*",1*,"₹10,00,000*",-,-,-,-,-,-,3374(6)
MP Priv-Open,UR/X/OP,Madhya Pradesh,"LNMC & RC, Bhopal",SPM,"₹1,00,000*","₹69,115*",1,"₹10,00,000",750,-,-,2584(2),-,2118(1),3376(2)
MP Priv-Open,UR/X/OP,Madhya Pradesh,"Index Med Coll, Indore",ANAESTHESIOLOGY,"₹19,12,000*","₹69,115*",1,"₹10,00,000",1299,1677(3),2122(1),2332(5),1900(6),2076(8),3378(15)
MP Priv-Open,UR/X/OP,Madhya Pradesh,"RKDF Medical College, Jatkhedi",ANAESTHESIOLOGY,"₹18,40,000*","₹69,115*",1*,"₹10,00,000*",-,1725(3),-,2371(5),2011(3),2184(3),3379(3)
MP Priv-NRI,UR/NRI/OP,Madhya Pradesh,"Index Med Coll, Indore",ORTHOPAEDICS,"₹66,92,000*","₹69,115*",1,"₹10,00,000",1299,-,-,2526(3),-,-,3380(1)
MP Priv-Open,SC/X/OP,Madhya Pradesh,"Chirayu Med Coll, Bhopal",PATHOLOGY,"₹9,10,000*","₹72,633",1,"₹10,00,000",912,-,-,3383(2),-,3316(1),3390(1)
MP Govt Quota,OBC/X/OP,Madhya Pradesh,"Govt Med Coll, Shivpuri",SPM,"₹1,01,500*","₹75,444",1,"₹10,00,000",520,-,-,-,1301(1),1939(1),3404(1)
MP Govt Quota,ST/X/OP,Madhya Pradesh,"Govt Med Coll, Ratlam",PATHOLOGY,"₹1,01,500*","₹75,444",1,"₹10,00,000",300,-,-,-,2262(1),2314(1),3409(1)
MP Priv-NRINonDomicil,UR/NRI (Non Domicile),Madhya Pradesh,"Index Med Coll, Indore",DERMATOLOGY,"₹78,75,000*","₹69,115*",1,"₹10,00,000",1299,-,-,-,-,3522(3),3562(2)
MP Priv-NRINonDomicil,UR/NRI (Non Domicile),Madhya Pradesh,"RKDF Medical College, Jatkhedi",ORTHOPAEDICS,"₹64,40,000*","₹69,115*",1*,"₹10,00,000*",-,-,-,-,-,3981(1),3585(1)
MP Priv-NonDomicile,UR (Non Domicile),Madhya Pradesh,"RKDF Medical College, Jatkhedi",SPM,"₹11,00,000*","₹69,115*",1*,"₹10,00,000*",-,-,-,-,-,-,3639(1)
MP Priv-NonDomicile,UR (Non Domicile),Madhya Pradesh,"RKDF Medical College, Jatkhedi",BIOCHEMISTRY,"₹11,00,000*","₹69,115*",1*,"₹10,00,000*",-,-,-,4627(1),-,-,3770(2)
MP Priv-NonDomicile,UR (Non Domicile),Madhya Pradesh,"Index Med Coll, Indore",PATHOLOGY,"₹9,44,300*","₹69,115*",1,"₹10,00,000",1299,-,-,-,-,-,3772(1)
MP Priv-NRINonDomicil,UR/NRI (Non Domicile),Madhya Pradesh,"Chirayu Med Coll, Bhopal",GENERAL SURGERY,"₹64,05,000*","₹72,633",1,"₹10,00,000",912,-,-,-,-,3892(1),3798(1)
MP Priv-NRINonDomicil,UR/NRI (Non Domicile),Madhya Pradesh,"Chirayu Med Coll, Bhopal",PAEDIATRICS,"₹64,05,000*","₹72,633",1,"₹10,00,000",912,-,-,-,-,3787(1),3959(1)
MP Priv-NRINonDomicil,UR/NRI (Non Domicile),Madhya Pradesh,"Index Med Coll, Indore",ORTHOPAEDICS,"₹66,92,000*","₹69,115*",1,"₹10,00,000",1299,-,-,-,-,4050(4),3993(2)
MP Priv-NRINonDomicil,UR/NRI (Non Domicile),Madhya Pradesh,"LNMC & RC, Bhopal",GENERAL SURGERY,"₹68,60,000*","₹69,115*",1,"₹10,00,000",750,-,-,-,-,-,4015(1)
MP Priv-NRINonDomicil,UR/NRI (Non Domicile),Madhya Pradesh,"RKDF Medical College, Jatkhedi",GENERAL SURGERY,"₹64,40,000*","₹69,115*",1*,"₹10,00,000*",-,-,-,-,-,4099(2),4090(1)
MP Priv-NonDomicile,UR (Non Domicile),Madhya Pradesh,"Aurobindo Med Coll, Indore",FORENSIC MEDICINE,"₹97,800*","₹69,115*",1,"₹10,00,000",1230,-,-,-,-,-,4092(1)
MP Priv-NRINonDomicil,UR/NRI (Non Domicile),Madhya Pradesh,"LNMC & RC, Bhopal",PAEDIATRICS,"₹68,60,000*","₹69,115*",1,"₹10,00,000",750,-,-,-,-,4007(2),4121(1)
MP Priv-NonDomicile,UR (Non Domicile),Madhya Pradesh,"Aurobindo Med Coll, Indore",PATHOLOGY,"₹10,00,000*","₹69,115*",1,"₹10,00,000",1230,-,-,-,-,-,4129(4)
MP Priv-NonDomicile,UR (Non Domicile),Madhya Pradesh,"Aurobindo Med Coll, Indore",SPM,"₹97,800*","₹69,115*",1,"₹10,00,000",1230,-,-,-,-,-,4185(2)
MP Priv-NonDomicile,UR (Non Domicile),Madhya Pradesh,"RKDF Medical College, Jatkhedi",PATHOLOGY,"₹8,50,000*","₹69,115*",1*,"₹10,00,000*",-,-,-,-,-,-,4225(1)
MP Priv-NonDomicile,UR (Non Domicile),Madhya Pradesh,"Peoples College, Bhopal",PATHOLOGY,"₹8,20,000*","₹75,444",1,"₹10,00,000",1150,-,-,-,-,-,4414(1)
MP Priv-NonDomicile,UR (Non Domicile),Madhya Pradesh,"Chirayu Med Coll, Bhopal",PATHOLOGY,"₹9,10,000*","₹72,633",1,"₹10,00,000",912,-,-,-,-,-,4454(2)
MP Govt-NonDomicile,UR (Non Domicile),Madhya Pradesh,"Gaja Raja Med Coll, Gwalior",FORENSIC MEDICINE,"₹1,01,500*","₹75,444",1,"₹10,00,000",1100,-,-,-,-,-,4456(1)
MP Govt Quota,UR/X/OP,Madhya Pradesh,"Gaja Raja Med Coll, Gwalior",RADIO DIAGNOSIS,"₹1,01,500*","₹75,444",1,"₹10,00,000",1100,22(2),-,-,18(2),-,-
MP Govt Quota,UR/X/OP Service,Madhya Pradesh,"Gaja Raja Med Coll, Gwalior",RADIO DIAGNOSIS,"₹1,01,500*","₹75,444",1,"₹10,00,000",1100,31(1),59(1),-,19(1),-,-
MP Govt Quota,UR/X/OP,Madhya Pradesh,"MGM Med Coll, Indore",RADIO DIAGNOSIS,"₹1,01,500*","₹75,444",1,"₹10,00,000",1300,5(2),-,-,24(2),-,-
MP Govt Quota,OBC/X/OP,Madhya Pradesh,"Gandhi Med Coll, Bhopal",RADIO DIAGNOSIS,"₹1,01,500*","₹75,444",1,"₹10,00,000",1135,25(1),-,-,26(1),-,-
MP Govt Quota,UR/X/OP Service,Madhya Pradesh,"Gandhi Med Coll, Bhopal",GENERAL MEDICINE,"₹1,01,500*","₹75,444",1,"₹10,00,000",1135,413(2),413(1),-,36(1),-,-
MP Govt Quota,UR/X/OP Service,Madhya Pradesh,"MGM Med Coll, Indore",RADIO DIAGNOSIS,"₹1,01,500*","₹75,444",1,"₹10,00,000",1300,59(1),89(1),-,52(1),-,-
MP Govt Quota,EWS/X/OP,Madhya Pradesh,"Gandhi Med Coll, Bhopal",GENERAL MEDICINE,"₹1,01,500*","₹75,444",1,"₹10,00,000",1135,44(1),44(1),44(1),59(1),-,-
MP Govt Quota,OBC/X/OP,Madhya Pradesh,"Gandhi Med Coll, Bhopal",GENERAL MEDICINE,"₹1,01,500*","₹75,444",1,"₹10,00,000",1135,41(2),74(2),-,102(1),-,-
MP Govt Quota,OBC/X/OP,Madhya Pradesh,"NSC Bose Med Coll, Jabalpur",GENERAL MEDICINE,"₹1,01,500*","₹75,444",1,"₹10,00,000",1150,74(1),85(1),85(1),112(1),112(1),-
MP Govt Quota,EWS/X/OP,Madhya Pradesh,"Gaja Raja Med Coll, Gwalior",GENERAL MEDICINE,"₹1,01,500*","₹75,444",1,"₹10,00,000",1100,56(1),149(2),150(1),113(1),121(1),-
MP Govt Quota,EWS/X/OP,Madhya Pradesh,"Gaja Raja Med Coll, Gwalior",RADIO DIAGNOSIS,"₹1,01,500*","₹75,444",1,"₹10,00,000",1100,-,-,-,20(1),122(1),-
MP Govt Quota,EWS/X/OP,Madhya Pradesh,"SSMC, Rewa",GENERAL MEDICINE,"₹1,01,500*","₹75,444",1,"₹10,00,000",1140,102(1),153(1),154(1),80(1),133(1),-
MP Govt Quota,EWS/X/OP,Madhya Pradesh,"MGM Med Coll, Indore",RADIO DIAGNOSIS,"₹1,01,500*","₹75,444",1,"₹10,00,000",1300,64(1),64(1),64(1),50(1),134(1),-
MP Govt Quota,SC/X/OP,Madhya Pradesh,"Gaja Raja Med Coll, Gwalior",RADIO DIAGNOSIS,"₹1,01,500*","₹75,444",1,"₹10,00,000",1100,141(1),284(1),-,119(1),183(1),-
MP Govt Quota,UR/X/OP,Madhya Pradesh,"MGM Med Coll, Indore",ORTHOPAEDICS,"₹1,01,500*","₹75,444",1,"₹10,00,000",1300,99(1),145(1),-,168(1),191(1),-
MP Govt Quota,UR/X/OP Service,Madhya Pradesh,"NSC Bose Med Coll, Jabalpur",GENERAL MEDICINE,"₹1,01,500*","₹75,444",1,"₹10,00,000",1150,177(1),555(1),556(1),192(1),-,-
MP Govt Quota,SC/X/OP,Madhya Pradesh,"Gandhi Med Coll, Bhopal",RADIO DIAGNOSIS,"₹1,01,500*","₹75,444",1,"₹10,00,000",1135,-,-,-,183(1),194(1),-
MP Govt Quota,UR/X/OP,Madhya Pradesh,"MGM Med Coll, Indore",GENERAL SURGERY,"₹1,01,500*","₹75,444",1,"₹10,00,000",1300,172(3),200(2),-,160(3),198(2),-
MP Govt Quota,EWS/X/OP,Madhya Pradesh,"Gaja Raja Med Coll, Gwalior",OBG,"₹1,01,500*","₹75,444",1,"₹10,00,000",1100,224(1),224(1),226(1),200(1),-,-
MP Govt Quota,UR/X/OP,Madhya Pradesh,"Gaja Raja Med Coll, Gwalior",OBG,"₹1,01,500*","₹75,444",1,"₹10,00,000",1100,127(2),205(2),-,178(2),221(2),-
MP Govt Quota,OBC/X/OP,Madhya Pradesh,"MGM Med Coll, Indore",OBG,"₹1,01,500*","₹75,444",1,"₹10,00,000",1300,78(1),161(1),-,236(1),-,-
MP Govt Quota,OBC/X/OP Service,Madhya Pradesh,"Gandhi Med Coll, Bhopal",RADIO DIAGNOSIS,"₹1,01,500*","₹75,444",1,"₹10,00,000",1135,-,-,-,261(1),-,-
MP Govt Quota,SC/X/OP,Madhya Pradesh,"MGM Med Coll, Indore",RADIO DIAGNOSIS,"₹1,01,500*","₹75,444",1,"₹10,00,000",1300,284(1),352(1),-,194(1),267(1),-
MP Govt Quota,UR/X/OP,Madhya Pradesh,"SSMC, Rewa",ORTHOPAEDICS,"₹1,01,500*","₹75,444",1,"₹10,00,000",1140,256(1),270(1),330(1),292(1),295(1),-
MP Govt Quota,OBC/X/OP Service,Madhya Pradesh,"MGM Med Coll, Indore",GENERAL MEDICINE,"₹1,01,500*","₹75,444",1,"₹10,00,000",1300,354(2),305(1),-,299(1),-,-
MP Govt Quota,SC/X/OP,Madhya Pradesh,"MGM Med Coll, Indore",GENERAL MEDICINE,"₹1,01,500*","₹75,444",1,"₹10,00,000",1300,399(2),490(2),-,308(2),309(2),-
MP Govt Quota,ST/X/OP,Madhya Pradesh,"Gaja Raja Med Coll, Gwalior",RADIO DIAGNOSIS,"₹1,01,500*","₹75,444",1,"₹10,00,000",1100,392(1),-,-,322(1),-,-
MP Govt Quota,EWS/X/OP,Madhya Pradesh,"Gandhi Med Coll, Bhopal",GENERAL SURGERY,"₹1,01,500*","₹75,444",1,"₹10,00,000",1135,295(1),338(2),337(1),332(1),340(1),-
MP Priv-Open,UR/X/OP,Madhya Pradesh,"RD Gardi, Ujjain",OBG,"₹13,50,000","₹69,115*",1,"₹10,00,000",750,405(2),405(3),407(3),341(1),-,-
MP Govt Quota,ST/X/OP,Madhya Pradesh,"Gandhi Med Coll, Bhopal",RADIO DIAGNOSIS,"₹1,01,500*","₹75,444",1,"₹10,00,000",1135,639(1),639(1),641(1),355(1),-,-
MP Govt Quota,UR/X/OP,Madhya Pradesh,"NSC Bose Med Coll, Jabalpur",TBRD,"₹1,01,500*","₹75,444",1,"₹10,00,000",1150,-,-,-,273(1),355(1),-
MP Govt Quota,EWS/X/OP,Madhya Pradesh,"Gandhi Med Coll, Bhopal",TBRD,"₹1,01,500*","₹75,444",1,"₹10,00,000",1135,-,-,-,373(1),374(1),-
MP Priv-Open,OBC/X/OP,Madhya Pradesh,"Aurobindo Med Coll, Indore",RADIO DIAGNOSIS,"₹23,10,000*","₹69,115*",1,"₹10,00,000",1230,349(1),349(1),350(1),388(1),-,-
MP Govt Quota,EWS/X/OP,Madhya Pradesh,"Gaja Raja Med Coll, Gwalior",GENERAL SURGERY,"₹1,01,500*","₹75,444",1,"₹10,00,000",1100,278(1),334(1),342(1),339(1),423(1),-
MP Govt Quota,UR/X/OP Service,Madhya Pradesh,"Govt Med Coll, Ratlam",GENERAL MEDICINE,"₹1,01,500*","₹75,444",1,"₹10,00,000",300,445(1),806(1),810(1),424(1),425(1),-
MP Govt Quota,OBC/X/OP,Madhya Pradesh,"Govt Med Coll, Ratlam",OBG,"₹1,01,500*","₹75,444",1,"₹10,00,000",300,220(1),304(1),305(1),296(1),430(1),-
MP Govt Quota,OBC/X/OP,Madhya Pradesh,"MGM Med Coll, Indore",GENERAL SURGERY,"₹1,01,500*","₹75,444",1,"₹10,00,000",1300,306(1),272(1),327(1),361(2),436(2),-
MP Govt Quota,UR/X/OP Service,Madhya Pradesh,"NSC Bose Med Coll, Jabalpur",PAEDIATRICS,"₹1,01,500*","₹75,444",1,"₹10,00,000",1150,-,-,-,440(1),-,-
MP Govt Quota,OBC/X/OP,Madhya Pradesh,"NSC Bose Med Coll, Jabalpur",ORTHOPAEDICS,"₹1,01,500*","₹75,444",1,"₹10,00,000",1150,281(1),337(1),338(1),283(1),447(1),-
MP Govt Quota,UR/X/OP,Madhya Pradesh,"Gaja Raja Med Coll, Gwalior",OPHTHALMOLOGY,"₹1,01,500*","₹75,444",1,"₹10,00,000",1100,308(1),385(1),552(1),226(1),461(1),-
MP Govt Quota,OBC/X/OP,Madhya Pradesh,"Gandhi Med Coll, Bhopal",GENERAL SURGERY,"₹1,01,500*","₹75,444",1,"₹10,00,000",1135,244(1),362(1),363(1),326(1),482(1),-
MP Govt Quota,UR/X/OP,Madhya Pradesh,"MGM Med Coll, Indore",PSYCHIATRY,"₹1,01,500*","₹75,444",1,"₹10,00,000",1300,-,479(2),-,291(2),518(2),-
MP Govt Quota,SC/X/OP,Madhya Pradesh,"Gandhi Med Coll, Bhopal",ORTHOPAEDICS,"₹1,01,500*","₹75,444",1,"₹10,00,000",1135,374(1),374(1),963(1),564(1),-,-
MP Govt Quota,UR/X/OP,Madhya Pradesh,"SSMC, Rewa",OPHTHALMOLOGY,"₹1,01,500*","₹75,444",1,"₹10,00,000",1140,239(1),529(2),530(2),267(2),566(2),-
MP Govt Quota,EWS/X/OP,Madhya Pradesh,"MGM Med Coll, Indore",PSYCHIATRY,"₹1,01,500*","₹75,444",1,"₹10,00,000",1300,-,-,-,458(1),567(1),-
MP Govt Quota,EWS/X/OP,Madhya Pradesh,"MGM Med Coll, Indore",OPHTHALMOLOGY,"₹1,01,500*","₹75,444",1,"₹10,00,000",1300,-,-,-,336(1),571(1),-
MP Priv-Open,UR/X/OP,Madhya Pradesh,"Amaltas IMS, Dewas",GENERAL MEDICINE,"₹18,60,000*","₹69,115*",1,"₹10,00,000",720,501(2),763(3),766(3),606(1),-,-
MP Govt Quota,SC/X/OP,Madhya Pradesh,"MGM Med Coll, Indore",OBG,"₹1,01,500*","₹75,444",1,"₹10,00,000",1300,540(1),736(1),-,608(1),609(1),-
MP Govt Quota,UR/X/OP,Madhya Pradesh,"Govt Med Coll, Khandwa",ENT,"₹1,01,500*","₹75,444",1,"₹10,00,000",-,-,-,-,443(1),612(1),-
MP Govt Quota,ST/X/OP,Madhya Pradesh,"MGM Med Coll, Indore",DERMATOLOGY,"₹1,01,500*","₹75,444",1,"₹10,00,000",1300,-,-,-,619(1),-,-
MP Govt Quota,UR/X/OP,Madhya Pradesh,"MGM Med Coll, Indore",PATHOLOGY,"₹1,01,500*","₹75,444",1,"₹10,00,000",1300,876(2),1142(3),1047(1),625(1),627(1),-
MP Govt Quota,SC/X/OP,Madhya Pradesh,"Gandhi Med Coll, Bhopal",OPHTHALMOLOGY,"₹1,01,500*","₹75,444",1,"₹10,00,000",1135,927(1),927(1),932(1),650(1),652(1),-
MP Govt Quota,ST/X/OP,Madhya Pradesh,"MGM Med Coll, Indore",RADIO DIAGNOSIS,"₹1,01,500*","₹75,444",1,"₹10,00,000",1300,574(1),574(1),575(1),455(1),662(1),-
MP Govt Quota,UR/X/OP,Madhya Pradesh,"MGM Med Coll, Indore",RADIATION ONCOLOGY,"₹1,01,500*","₹75,444",1,"₹10,00,000",1300,-,-,-,148(1),721(1),-
MP Govt Quota,ST/X/OP,Madhya Pradesh,"NSC Bose Med Coll, Jabalpur",RADIO DIAGNOSIS,"₹1,01,500*","₹75,444",1,"₹10,00,000",1150,964(1),964(1),-,660(1),747(1),-
MP Govt Quota,OBC/X/OP,Madhya Pradesh,"Gandhi Med Coll, Bhopal",PSYCHIATRY,"₹1,01,500*","₹75,444",1,"₹10,00,000",1135,-,-,-,345(1),783(1),-
MP Govt Quota,SC/X/OP,Madhya Pradesh,"Gandhi Med Coll, Bhopal",PAEDIATRICS,"₹1,01,500*","₹75,444",1,"₹10,00,000",1135,755(1),940(2),620(1),646(1),807(1),-
MP Govt Quota,SC/X/OP,Madhya Pradesh,"Gaja Raja Med Coll, Gwalior",PAEDIATRICS,"₹1,01,500*","₹75,444",1,"₹10,00,000",1100,778(1),891(1),896(1),641(1),810(1),-
MP Govt Quota,UR/X/OP Service,Madhya Pradesh,"MGM Med Coll, Indore",PAEDIATRICS,"₹1,01,500*","₹75,444",1,"₹10,00,000",1300,739(1),-,-,836(1),843(1),-
MP Govt Quota,OBC/X/OP,Madhya Pradesh,"MGM Med Coll, Indore",ANAESTHESIOLOGY,"₹1,01,500*","₹75,444",1,"₹10,00,000",1300,578(1),-,-,528(1),861(1),-
MP Govt Quota,OBC/X/OP,Madhya Pradesh,"NSC Bose Med Coll, Jabalpur",ANAESTHESIOLOGY,"₹1,01,500*","₹75,444",1,"₹10,00,000",1150,665(1),761(1),-,700(1),922(1),-
MP Govt Quota,UR/X/OP Service,Madhya Pradesh,"NSC Bose Med Coll, Jabalpur",GENERAL SURGERY,"₹1,01,500*","₹75,444",1,"₹10,00,000",1150,1140(1),-,-,985(1),993(1),-
MP Govt Quota,SC/X/OP,Madhya Pradesh,"Govt Med Coll, Ratlam",PAEDIATRICS,"₹1,01,500*","₹75,444",1,"₹10,00,000",300,-,-,-,803(1),1026(1),-
MP Govt Quota,SC/X/OP,Madhya Pradesh,"MGM Med Coll, Indore",ORTHOPAEDICS,"₹1,01,500*","₹75,444",1,"₹10,00,000",1300,628(1),628(1),629(1),1042(1),-,-
MP Govt Quota,ST/X/OP,Madhya Pradesh,"MGM Med Coll, Indore",GENERAL MEDICINE,"₹1,01,500*","₹75,444",1,"₹10,00,000",1300,1048(2),-,-,795(3),1048(3),-
MP Govt Quota,SC/X/OP,Madhya Pradesh,"Gandhi Med Coll, Bhopal",GENERAL SURGERY,"₹1,01,500*","₹75,444",1,"₹10,00,000",1135,822(1),1029(1),1056(1),610(1),1055(1),-
MP Govt Quota,SC/X/OP,Madhya Pradesh,"Gaja Raja Med Coll, Gwalior",GENERAL SURGERY,"₹1,01,500*","₹75,444",1,"₹10,00,000",1100,861(1),1145(2),1060(1),1100(1),-,-
MP Govt Quota,SC/X/OP,Madhya Pradesh,"MGM Med Coll, Indore",GENERAL SURGERY,"₹1,01,500*","₹75,444",1,"₹10,00,000",1300,798(1),861(2),1035(1),1058(1),1105(1),-
MP Govt Quota,SC/X/OP,Madhya Pradesh,"Govt Med Coll, Ratlam",GENERAL SURGERY,"₹1,01,500*","₹75,444",1,"₹10,00,000",300,940(1),1165(1),1172(1),1135(1),1144(1),-
MP Govt Quota,EWS/X/OP,Madhya Pradesh,"MGM Med Coll, Indore",PHARMACOLOGY,"₹1,01,500*","₹75,444",1,"₹10,00,000",1300,-,-,-,1179(1),-,-
MP Govt Quota,ST/X/OP,Madhya Pradesh,"MGM Med Coll, Indore",PAEDIATRICS,"₹1,01,500*","₹75,444",1,"₹10,00,000",1300,1224(1),1224(1),1231(1),1205(1),-,-
MP Govt Quota,ST/X/OP,Madhya Pradesh,"Gandhi Med Coll, Bhopal",GENERAL MEDICINE,"₹1,01,500*","₹75,444",1,"₹10,00,000",1135,1196(1),1196(2),-,1040(2),1206(2),-
MP Govt Quota,ST/X/OP,Madhya Pradesh,"MGM Med Coll, Indore",ORTHOPAEDICS,"₹1,01,500*","₹75,444",1,"₹10,00,000",1300,1024(1),1024(1),-,1281(1),-,-
MP Priv-Open,UR/X/OP Service,Madhya Pradesh,"Aurobindo Med Coll, Indore",RADIO DIAGNOSIS,"₹23,10,000*","₹69,115*",1,"₹10,00,000",1230,576(1),576(1),577(1),1282(1),-,-
MP Govt Quota,SC/X/OP,Madhya Pradesh,"MGM Med Coll, Indore",ANAESTHESIOLOGY,"₹1,01,500*","₹75,444",1,"₹10,00,000",1300,834(1),1062(1),1068(1),1125(1),1286(1),-
MP Govt Quota,ST/X/OP,Madhya Pradesh,"Bundelkhand Med Coll, Sagar",GENERAL MEDICINE,"₹1,01,500*","₹75,444",1,"₹10,00,000",750,1360(1),1591(2),1615(2),1311(1),-,-
MP Govt Quota,ST/X/OP,Madhya Pradesh,"NSC Bose Med Coll, Jabalpur",GENERAL MEDICINE,"₹1,01,500*","₹75,444",1,"₹10,00,000",1150,1240(2),1327(3),1339(1),1049(1),1316(1),-
MP Priv-NRI,UR/NRI/OP,Madhya Pradesh,"LNMC & RC, Bhopal",PAEDIATRICS,"₹68,60,000*","₹69,115*",1,"₹10,00,000",750,2125(1),-,2489(1),1335(2),-,-
MP Govt Quota,ST/X/OP,Madhya Pradesh,"Gandhi Med Coll, Bhopal",ORTHOPAEDICS,"₹1,01,500*","₹75,444",1,"₹10,00,000",1135,1391(1),1721(2),-,1401(1),-,-
MP Govt Quota,ST/X/OP,Madhya Pradesh,"Gaja Raja Med Coll, Gwalior",GENERAL MEDICINE,"₹1,01,500*","₹75,444",1,"₹10,00,000",1100,1327(1),1391(2),1403(1),1196(1),1404(1),-
MP Priv-NRI,UR/NRI/OP,Madhya Pradesh,"RD Gardi, Ujjain",RADIO DIAGNOSIS,"₹40,50,000","₹69,115*",1,"₹10,00,000",750,1075(3),1507(2),1598(1),1251(3),1409(1),-
MP Govt Quota,ST/X/OP,Madhya Pradesh,"SSMC, Rewa",GENERAL MEDICINE,"₹1,01,500*","₹75,444",1,"₹10,00,000",1140,-,1410(1),1423(1),1304(1),1445(1),-
MP Govt Quota,OBC/X/OP,Madhya Pradesh,"Gaja Raja Med Coll, Gwalior",PATHOLOGY,"₹1,01,500*","₹75,444",1,"₹10,00,000",1100,-,1316(1),-,1112(1),1459(1),-
MP Govt Quota,OBC/X/OP Service,Madhya Pradesh,"NSC Bose Med Coll, Jabalpur",GENERAL SURGERY,"₹1,01,500*","₹75,444",1,"₹10,00,000",1150,-,-,-,1455(1),1468(1),-
MP Govt Quota,UR/X/OP Service,Madhya Pradesh,"MGM Med Coll, Indore",GENERAL SURGERY,"₹1,01,500*","₹75,444",1,"₹10,00,000",1300,-,-,-,1470(1),-,-
MP Govt Quota,UR/X/OP,Madhya Pradesh,"MGM Med Coll, Indore",FORENSIC MEDICINE,"₹1,01,500*","₹75,444",1,"₹10,00,000",1300,1436(1),-,2422(1),1499(1),1514(1),-
MP Priv-NRI,UR/NRI/OP,Madhya Pradesh,"Peoples College, Bhopal",RADIO DIAGNOSIS,"₹74,55,000*","₹75,444",1,"₹10,00,000",1150,1066(2),1996(2),1917(1),1512(2),1527(1),-
MP Priv-Open,OBC/X/OP,Madhya Pradesh,"Aurobindo Med Coll, Indore",EMERGENCY MEDICINE,"₹18,37,000*","₹69,115*",1,"₹10,00,000",1230,-,1992(2),2057(2),1315(1),1562(1),-
MP Govt Quota,UR/X/OP,Madhya Pradesh,"Gaja Raja Med Coll, Gwalior",FORENSIC MEDICINE,"₹1,01,500*","₹75,444",1,"₹10,00,000",1100,-,-,-,1024(1),1618(1),-
MP Govt Quota,UR/X/OP Service,Madhya Pradesh,"Gandhi Med Coll, Bhopal",GENERAL SURGERY,"₹1,01,500*","₹75,444",1,"₹10,00,000",1135,805(1),-,-,1626(2),1644(2),-
MP Govt Quota,UR/X/OP Service,Madhya Pradesh,"Gaja Raja Med Coll, Gwalior",OBG,"₹1,01,500*","₹75,444",1,"₹10,00,000",1100,1413(1),-,-,1638(1),1656(1),-
MP Govt Quota,UR/X/OP,Madhya Pradesh,"Gaja Raja Med Coll, Gwalior",BIOCHEMISTRY,"₹1,01,500*","₹75,444",1,"₹10,00,000",1100,-,-,-,1683(1),1702(1),-
MP Govt Quota,UR/X/OP Service,Madhya Pradesh,"NSC Bose Med Coll, Jabalpur",OBG,"₹1,01,500*","₹75,444",1,"₹10,00,000",1150,1307(1),1422(1),-,1718(1),-,-
MP Govt Quota,UR/X/OP Service,Madhya Pradesh,"Gaja Raja Med Coll, Gwalior",GENERAL SURGERY,"₹1,01,500*","₹75,444",1,"₹10,00,000",1100,-,-,-,1221(1),1736(1),-
MP Govt Quota,UR/X/OP,Madhya Pradesh,"Govt Med Coll, Ratlam",PHARMACOLOGY,"₹1,01,500*","₹75,444",1,"₹10,00,000",300,1200(1),-,2861(2),1612(1),1766(1),-
MP Govt Quota,ST/X/OP Service,Madhya Pradesh,"NSC Bose Med Coll, Jabalpur",RADIO DIAGNOSIS,"₹1,01,500*","₹75,444",1,"₹10,00,000",1150,-,-,-,1778(1),-,-
MP Govt Quota,SC/X/OP Service,Madhya Pradesh,"SSMC, Rewa",DERMATOLOGY,"₹1,01,500*","₹75,444",1,"₹10,00,000",1140,-,-,-,1802(1),-,-
MP Govt Quota,ST/X/OP,Madhya Pradesh,"MGM Med Coll, Indore",OPHTHALMOLOGY,"₹1,01,500*","₹75,444",1,"₹10,00,000",1300,1418(1),1418(1),1432(1),1818(1),-,-
MP Priv-Open,SC/X/OP,Madhya Pradesh,"RD Gardi, Ujjain",PSYCHIATRY,"₹13,50,000","₹69,115*",1,"₹10,00,000",750,-,-,-,1822(1),1842(1),-
MP Govt Quota,ST/X/OP,Madhya Pradesh,"NSC Bose Med Coll, Jabalpur",ORTHOPAEDICS,"₹1,01,500*","₹75,444",1,"₹10,00,000",1150,1516(1),1668(1),-,1618(1),1852(1),-
MP Priv-Open,OBC/X/OP,Madhya Pradesh,"Peoples College, Bhopal",ANAESTHESIOLOGY,"₹18,20,000*","₹75,444",1,"₹10,00,000",1150,1761(1),-,2463(1),1860(1),1881(1),-
MP Priv-Open,OBC/X/OP,Madhya Pradesh,"Chirayu Med Coll, Bhopal",ANAESTHESIOLOGY,"₹18,30,000*","₹72,633",1,"₹10,00,000",912,-,-,-,1861(1),1882(1),-
MP Govt Quota,UR/X/OP,Madhya Pradesh,"Gaja Raja Med Coll, Gwalior",PHARMACOLOGY,"₹1,01,500*","₹75,444",1,"₹10,00,000",1100,-,-,2673(1),1561(1),1951(1),-
MP Govt Quota,ST/X/OP Service,Madhya Pradesh,"Gaja Raja Med Coll, Gwalior",RADIO DIAGNOSIS,"₹1,01,500*","₹75,444",1,"₹10,00,000",1100,1771(1),1771(1),-,1964(1),-,-
MP Priv-NRI,UR/NRI/OP,Madhya Pradesh,"RD Gardi, Ujjain",PAEDIATRICS,"₹40,50,000","₹69,115*",1,"₹10,00,000",750,-,-,2386(2),1970(1),-,-
MP Govt Quota,ST/X/OP,Madhya Pradesh,"MGM Med Coll, Indore",PSYCHIATRY,"₹1,01,500*","₹75,444",1,"₹10,00,000",1300,1504(1),1504(1),1523(1),2002(1),-,-
MP Priv-Open,ST/X/OP,Madhya Pradesh,"RD Gardi, Ujjain",RADIO DIAGNOSIS,"₹13,50,000","₹69,115*",1,"₹10,00,000",750,1272(1),1272(1),1283(1),2003(1),-,-
MP Govt Quota,SC/X/OP Service,Madhya Pradesh,"Gandhi Med Coll, Bhopal",OBG,"₹1,01,500*","₹75,444",1,"₹10,00,000",1135,-,-,-,2023(1),-,-
MP Priv-Open,OBC/X/OP,Madhya Pradesh,"LNMC & RC, Bhopal",ANAESTHESIOLOGY,"₹19,60,000*","₹69,115*",1,"₹10,00,000",750,1739(1),2219(1),2298(1),2034(1),1956(1),-
MP Govt Quota,ST/X/OP,Madhya Pradesh,"SSMC, Rewa",OPHTHALMOLOGY,"₹1,01,500*","₹75,444",1,"₹10,00,000",1140,2079(1),2147(1),1945(1),2054(1),-,-
MP Govt Quota,SC/X/OP Service,Madhya Pradesh,"MGM Med Coll, Indore",GENERAL MEDICINE,"₹1,01,500*","₹75,444",1,"₹10,00,000",1300,1377(1),1377(1),-,2087(1),-,-
MP Priv-NRI,UR/NRI/OP,Madhya Pradesh,"Chirayu Med Coll, Bhopal",RADIO DIAGNOSIS,"₹77,35,000*","₹72,633",1,"₹10,00,000",912,1016(2),2000(2),2071(2),2092(2),1723(1),-
MP Govt Quota,ST/X/OP,Madhya Pradesh,"Gandhi Med Coll, Bhopal",EMERGENCY MEDICINE,"₹1,01,500*","₹75,444",1,"₹10,00,000",1135,1843(1),1954(2),2015(2),1832(1),2095(1),-
MP Priv-Open,OBC/X/OP,Madhya Pradesh,"RKDF Medical College, Jatkhedi",GENERAL SURGERY,"₹18,40,000*","₹69,115*",1*,"₹10,00,000*",-,1663(1),2178(1),2345(1),1712(1),2109(1),-
MP Priv-Open,OBC/X/OP,Madhya Pradesh,"Amaltas IMS, Dewas",OPHTHALMOLOGY,"₹18,10,000*","₹69,115*",1,"₹10,00,000",720,1655(1),-,-,2022(1),2113(1),-
MP Govt Quota,EWS/X/OP,Madhya Pradesh,"NSC Bose Med Coll, Jabalpur",SPM,"₹1,01,500*","₹75,444",1,"₹10,00,000",1150,-,-,-,2086(1),2120(1),-
MP Priv-Open,UR/X/OP Service,Madhya Pradesh,"Chirayu Med Coll, Bhopal",PAEDIATRICS,"₹18,30,000*","₹72,633",1,"₹10,00,000",912,-,-,-,-,2121(1),-
MP Priv-NRI,UR/NRI/OP,Madhya Pradesh,"Peoples College, Bhopal",PAEDIATRICS,"₹63,70,000*","₹75,444",1,"₹10,00,000",1150,866(1),-,-,2144(1),-,-
MP Govt Quota,UR/X/OP Service,Madhya Pradesh,"MGM Med Coll, Indore",PSYCHIATRY,"₹1,01,500*","₹75,444",1,"₹10,00,000",1300,1299(1),-,-,1631(1),2148(1),-
MP Govt Quota,UR/X/OP Service,Madhya Pradesh,"NSC Bose Med Coll, Jabalpur",RADIATION ONCOLOGY,"₹1,01,500*","₹75,444",1,"₹10,00,000",1150,-,-,-,-,2161(1),-
MP Priv-Open,OBC/X/OP Service,Madhya Pradesh,"Amaltas IMS, Dewas",RADIO DIAGNOSIS,"₹21,50,000*","₹69,115*",1,"₹10,00,000",720,-,-,-,2172(1),-,-
MP Govt Quota,SC/X/OP,Madhya Pradesh,"Atal Bihari Vajpayee, Vidisha",FORENSIC MEDICINE,"₹1,01,500*","₹75,444",1,"₹10,00,000",300,-,-,-,2175(1),-,-
MP Priv-Open,SC/X/OP,Madhya Pradesh,"Chirayu Med Coll, Bhopal",PAEDIATRICS,"₹18,30,000*","₹72,633",1,"₹10,00,000",912,-,2173(2),2329(2),2184(1),-,-
MP Govt Quota,SC/X/OP Service,Madhya Pradesh,"Gandhi Med Coll, Bhopal",GENERAL MEDICINE,"₹1,01,500*","₹75,444",1,"₹10,00,000",1135,1472(1),1472(1),1487(1),2188(1),-,-
MP Govt Quota,UR/X/OP Service,Madhya Pradesh,"Atal Bihari Vajpayee, Vidisha",GENERAL SURGERY,"₹1,01,500*","₹75,444",1,"₹10,00,000",300,-,-,-,-,2195(1),-
MP Govt Quota,UR/X/OP,Madhya Pradesh,"Atal Bihari Vajpayee, Vidisha",SPM,"₹1,01,500*","₹75,444",1,"₹10,00,000",300,1534(1),1534(1),-,1147(1),2202(1),-
MP Govt Quota,OBC/X/OP Service,Madhya Pradesh,"Gaja Raja Med Coll, Gwalior",PATHOLOGY,"₹1,01,500*","₹75,444",1,"₹10,00,000",1100,-,-,-,-,2203(1),-
MP Govt Quota,SC/X/OP Service,Madhya Pradesh,"MGM Med Coll, Indore",RADIO DIAGNOSIS,"₹1,01,500*","₹75,444",1,"₹10,00,000",1300,-,-,-,2211(1),-,-
MP Priv-NRI,UR/NRI/OP,Madhya Pradesh,"LNMC & RC, Bhopal",DERMATOLOGY,"₹79,80,000*","₹69,115*",1,"₹10,00,000",750,2098(2),1702(1),2436(1),1990(2),2238(1),-
MP Govt Quota,SC/X/OP,Madhya Pradesh,"Gaja Raja Med Coll, Gwalior",SPM,"₹1,01,500*","₹75,444",1,"₹10,00,000",1100,-,-,-,2196(1),2244(1),-
MP Govt Quota,ST/X/OP,Madhya Pradesh,"MGM Med Coll, Indore",FORENSIC MEDICINE,"₹1,01,500*","₹75,444",1,"₹10,00,000",1300,-,-,-,2249(1),-,-
MP Priv-Open,OBC/X/OP Service,Madhya Pradesh,"Index Med Coll, Indore",OBG,"₹20,05,000*","₹69,115*",1,"₹10,00,000",1299,-,-,-,2259(1),-,-
MP Priv-Open,OBC/X/OP,Madhya Pradesh,"LNMC & RC, Bhopal",ENT,"₹19,60,000*","₹69,115*",1,"₹10,00,000",750,-,-,-,1586(1),2265(1),-
MP Govt Quota,SC/X/OP,Madhya Pradesh,"Govt Med Coll, Datia",SPM,"₹1,01,500*","₹75,444",1,"₹10,00,000",540,-,-,-,2271(1),2176(1),-
MP Govt Quota,ST/X/OP,Madhya Pradesh,"Atal Bihari Vajpayee, Vidisha",SPM,"₹1,01,500*","₹75,444",1,"₹10,00,000",300,-,-,-,2226(1),2276(1),-
MP Govt Quota,ST/X/OP,Madhya Pradesh,"NSC Bose Med Coll, Jabalpur",RADIATION ONCOLOGY,"₹1,01,500*","₹75,444",1,"₹10,00,000",1150,-,-,-,2286(1),2137(1),-
MP Govt Quota,UR/X/OP Service,Madhya Pradesh,"Gandhi Med Coll, Bhopal",PATHOLOGY,"₹1,01,500*","₹75,444",1,"₹10,00,000",1135,-,-,-,-,2310(1),-
MP Govt Quota,OBC/X/OP,Madhya Pradesh,"Gandhi Med Coll, Bhopal",MICROBIOLOGY,"₹1,01,500*","₹75,444",1,"₹10,00,000",1135,-,-,2610(1),2260(1),2312(1),-
MP Govt Quota,ST/X/OP,Madhya Pradesh,"NSC Bose Med Coll, Jabalpur",PATHOLOGY,"₹1,01,500*","₹75,444",1,"₹10,00,000",1150,-,-,-,2041(1),2348(1),-
MP Govt Quota,UR/X/OP,Madhya Pradesh,"NSC Bose Med Coll, Jabalpur",MICROBIOLOGY,"₹1,01,500*","₹75,444",1,"₹10,00,000",1150,1638(1),-,2621(1),2295(1),2349(1),-
MP Priv-Open,OBC/X/OP,Madhya Pradesh,"RKDF Medical College, Jatkhedi",OPHTHALMOLOGY,"₹18,40,000*","₹69,115*",1*,"₹10,00,000*",-,2036(1),-,2254(1),2378(1),2336(1),-
MP Govt Quota,ST/X/OP,Madhya Pradesh,"Gaja Raja Med Coll, Gwalior",PATHOLOGY,"₹1,01,500*","₹75,444",1,"₹10,00,000",1100,-,-,-,2294(1),2381(1),-
MP Govt Quota,UR/X/OP Service,Madhya Pradesh,"MGM Med Coll, Indore",ENT,"₹1,01,500*","₹75,444",1,"₹10,00,000",1300,-,-,-,1734(1),2384(1),-
MP Priv-Open,SC/X/OP,Madhya Pradesh,"Amaltas IMS, Dewas",PAEDIATRICS,"₹18,10,000*","₹69,115*",1,"₹10,00,000",720,-,2129(1),2223(1),2394(1),1752(1),-
MP Priv-Open,OBC/X/OP,Madhya Pradesh,"Peoples College, Bhopal",PSYCHIATRY,"₹18,20,000*","₹75,444",1,"₹10,00,000",1150,-,-,-,2400(1),1603(1),-
MP Govt Quota,SC/X/OP,Madhya Pradesh,"Gandhi Med Coll, Bhopal",PHARMACOLOGY,"₹1,01,500*","₹75,444",1,"₹10,00,000",1135,-,-,-,2445(1),1770(1),-
MP Priv-Open,SC/X/OP,Madhya Pradesh,"Peoples College, Bhopal",TBRD,"₹18,20,000*","₹75,444",1,"₹10,00,000",1150,2111(1),-,-,-,2446(1),-
MP Govt Quota,EWS/X/OP,Madhya Pradesh,"Govt Med Coll, Ratlam",SPM,"₹1,01,500*","₹75,444",1,"₹10,00,000",300,-,-,-,2446(1),-,-
MP Priv-Open,SC/X/OP,Madhya Pradesh,"LNMC & RC, Bhopal",EMERGENCY MEDICINE,"₹19,60,000*","₹69,115*",1,"₹10,00,000",750,-,-,-,-,2457(1),-
MP Priv-NRI,UR/NRI/OP,Madhya Pradesh,"RD Gardi, Ujjain",OBG,"₹40,50,000","₹69,115*",1,"₹10,00,000",750,1115(2),1615(1),-,2180(3),2464(2),-
MP Priv-Open,SC/X/OP,Madhya Pradesh,"Chirayu Med Coll, Bhopal",ORTHOPAEDICS,"₹18,30,000*","₹72,633",1,"₹10,00,000",912,-,1823(1),1869(1),2414(1),2484(1),-
MP Priv-NRI,UR/NRI/OP,Madhya Pradesh,"RD Gardi, Ujjain",GENERAL SURGERY,"₹40,50,000","₹69,115*",1,"₹10,00,000",750,1869(1),1869(1),1922(1),2496(1),-,-
MP Priv-Open,ST/X/OP,Madhya Pradesh,"Aurobindo Med Coll, Indore",DERMATOLOGY,"₹23,10,000*","₹69,115*",1,"₹10,00,000",1230,-,-,-,2497(1),-,-
MP Priv-NRI,UR/NRI/OP,Madhya Pradesh,"RKDF Medical College, Jatkhedi",RADIO DIAGNOSIS,"₹72,80,000*","₹69,115*",1*,"₹10,00,000*",-,-,-,2420(1),2513(1),-,-
MP Priv-NRI,UR/NRI/OP,Madhya Pradesh,"Peoples College, Bhopal",GENERAL SURGERY,"₹63,70,000*","₹75,444",1,"₹10,00,000",1150,-,-,2559(1),2515(1),-,-
MP Priv-Open,OBC/X/OP,Madhya Pradesh,"Aurobindo Med Coll, Indore",PATHOLOGY,"₹10,00,000*","₹69,115*",1,"₹10,00,000",1230,-,-,-,1917(1),2516(1),-
MP Govt Quota,UR/X/OP,Madhya Pradesh,"Govt Med Coll, Shivpuri",PHARMACOLOGY,"₹1,01,500*","₹75,444",1,"₹10,00,000",520,-,-,-,1746(1),2529(1),-
MP Priv-Open,SC/X/OP,Madhya Pradesh,"Peoples College, Bhopal",ANAESTHESIOLOGY,"₹18,20,000*","₹75,444",1,"₹10,00,000",1150,-,-,2588(1),-,2543(1),-
MP Govt Quota,ST/X/OP,Madhya Pradesh,"Govt Med Coll, Datia",PATHOLOGY,"₹1,01,500*","₹75,444",1,"₹10,00,000",540,-,-,-,2309(1),2545(1),-
MP Govt Quota,UR/X/OP,Madhya Pradesh,"SSMC, Rewa",PHYSIOLOGY,"₹1,01,500*","₹75,444",1,"₹10,00,000",1140,-,-,3312(3),-,2560(1),-
MP Govt Quota,OBC/X/OP,Madhya Pradesh,"Gaja Raja Med Coll, Gwalior",MICROBIOLOGY,"₹1,01,500*","₹75,444",1,"₹10,00,000",1100,-,-,2764(1),2561(1),-,-
MP Priv-Open,SC/X/OP,Madhya Pradesh,"Chirayu Med Coll, Bhopal",OPHTHALMOLOGY,"₹18,30,000*","₹72,633",1,"₹10,00,000",912,-,-,-,-,2564(1),-
MP Govt Quota,OBC/X/OP,Madhya Pradesh,"Gandhi Med Coll, Bhopal",FORENSIC MEDICINE,"₹1,01,500*","₹75,444",1,"₹10,00,000",1135,-,-,2917(1),2117(1),2607(1),-
MP Priv-Open,OBC/X/OP,Madhya Pradesh,"Index Med Coll, Indore",PSYCHIATRY,"₹19,12,000*","₹69,115*",1,"₹10,00,000",1299,-,-,-,2305(1),2608(1),-
MP Govt Quota,ST/X/OP Service,Madhya Pradesh,"MGM Med Coll, Indore",GENERAL MEDICINE,"₹1,01,500*","₹75,444",1,"₹10,00,000",1300,-,-,-,-,2615(1),-
MP Priv-Open,OBC/X/OP,Madhya Pradesh,"RKDF Medical College, Jatkhedi",ANAESTHESIOLOGY,"₹18,40,000*","₹69,115*",1*,"₹10,00,000*",-,1897(1),-,2568(1),2557(1),2617(1),-
MP Govt Quota,OBC/X/OP,Madhya Pradesh,"MGM Med Coll, Indore",MICROBIOLOGY,"₹1,01,500*","₹75,444",1,"₹10,00,000",1300,-,-,-,2621(1),-,-
MP Govt Quota,ST/X/OP,Madhya Pradesh,"Govt Med Coll, Ratlam",FORENSIC MEDICINE,"₹1,01,500*","₹75,444",1,"₹10,00,000",300,-,-,-,2631(1),-,-
MP Govt Quota,UR/X/OP,Madhya Pradesh,"Bundelkhand Med Coll, Sagar",FORENSIC MEDICINE,"₹1,01,500*","₹75,444",1,"₹10,00,000",750,-,-,-,2510(1),2631(1),-
MP Govt Quota,UR/X/OP,Madhya Pradesh,"Govt Med Coll, Datia",MICROBIOLOGY,"₹1,01,500*","₹75,444",1,"₹10,00,000",540,-,-,2942(1),2451(1),2652(1),-
MP Priv-Open,OBC/X/OP Service,Madhya Pradesh,"Peoples College, Bhopal",PAEDIATRICS,"₹18,20,000*","₹75,444",1,"₹10,00,000",1150,-,-,-,-,2664(1),-
MP Priv-Open,UR/X/OP Service,Madhya Pradesh,"RD Gardi, Ujjain",TBRD,"₹13,50,000","₹69,115*",1,"₹10,00,000",750,-,-,-,-,2679(1),-
MP Priv-NRI,UR/NRI/OP,Madhya Pradesh,"Peoples College, Bhopal",OBG,"₹66,67,500*","₹75,444",1,"₹10,00,000",1150,1615(2),-,2464(2),2397(2),2690(2),-
MP Priv-Open,OBC/X/OP,Madhya Pradesh,"Index Med Coll, Indore",ANAESTHESIOLOGY,"₹19,12,000*","₹69,115*",1,"₹10,00,000",1299,1788(1),-,2746(1),2511(2),2691(2),-
MP Priv-NRI,UR/NRI/OP,Madhya Pradesh,"RD Gardi, Ujjain",GENERAL MEDICINE,"₹40,50,000","₹69,115*",1,"₹10,00,000",750,1973(4),1306(1),1318(1),1836(4),2693(3),-
MP Govt Quota,EWS/X/OP Service,Madhya Pradesh,"MGM Med Coll, Indore",RADIO DIAGNOSIS,"₹1,01,500*","₹75,444",1,"₹10,00,000",1300,1331(1),-,-,-,2695(1),-
MP Priv-Open,OBC/X/OP,Madhya Pradesh,"Peoples College, Bhopal",PATHOLOGY,"₹8,20,000*","₹75,444",1,"₹10,00,000",1150,-,-,-,2569(1),2715(1),-
MP Govt Quota,ST/X/OP,Madhya Pradesh,"SSMC, Rewa",SPM,"₹1,01,500*","₹75,444",1,"₹10,00,000",1140,-,-,-,2570(1),2717(1),-
MP Priv-NRI,UR/NRI/OP,Madhya Pradesh,"Chirayu Med Coll, Bhopal",OBG,"₹68,95,000*","₹72,633",1,"₹10,00,000",912,1895(1),-,2307(1),1564(1),2723(1),-
MP Govt Quota,SC/X/OP,Madhya Pradesh,"MGM Med Coll, Indore",PHARMACOLOGY,"₹1,01,500*","₹75,444",1,"₹10,00,000",1300,-,-,3481(1),2580(1),2751(1),-
MP Priv-Open,SC/X/OP,Madhya Pradesh,"LNMC & RC, Bhopal",TBRD,"₹19,60,000*","₹69,115*",1,"₹10,00,000",750,-,-,-,2592(1),2758(1),-
MP Govt Quota,UR/X/OP,Madhya Pradesh,"Govt Med Coll, Shahdol, MP",MICROBIOLOGY,"₹1,01,500*","₹75,444",1,"₹10,00,000",300,-,-,-,-,2759(1),-
MP Priv-Open,OBC/X/OP,Madhya Pradesh,"RD Gardi, Ujjain",PATHOLOGY,"₹7,50,000","₹69,115*",1,"₹10,00,000",750,-,-,2834(1),2301(1),2760(1),-
MP Priv-NRI,UR/NRI/OP,Madhya Pradesh,"Peoples College, Bhopal",DERMATOLOGY,"₹74,55,000*","₹75,444",1,"₹10,00,000",1150,1079(2),2098(2),2323(2),832(2),2766(2),-
MP Priv-Open,UR/X/OP Service,Madhya Pradesh,"LNMC & RC, Bhopal",TBRD,"₹19,60,000*","₹69,115*",1,"₹10,00,000",750,-,-,-,-,2771(1),-
MP Priv-Open,SC/X/OP,Madhya Pradesh,"Chirayu Med Coll, Bhopal",ENT,"₹18,30,000*","₹72,633",1,"₹10,00,000",912,-,-,-,-,2772(1),-
MP Priv-Open,SC/X/OP,Madhya Pradesh,"Index Med Coll, Indore",ORTHOPAEDICS,"₹19,12,000*","₹69,115*",1,"₹10,00,000",1299,2158(1),-,-,2606(2),2788(1),-
MP Priv-Open,OBC/X/OP Service,Madhya Pradesh,"Chirayu Med Coll, Bhopal",PAEDIATRICS,"₹18,30,000*","₹72,633",1,"₹10,00,000",912,-,-,-,-,2813(1),-
MP Priv-NRI,UR/NRI/OP,Madhya Pradesh,"Amaltas IMS, Dewas",DERMATOLOGY,"₹75,25,000*","₹69,115*",1,"₹10,00,000",720,-,-,2520(1),900(1),2828(1),-
MP Govt Quota,OBC/X/OP,Madhya Pradesh,"Bundelkhand Med Coll, Sagar",MICROBIOLOGY,"₹1,01,500*","₹75,444",1,"₹10,00,000",750,-,-,2980(1),-,2834(1),-
MP Govt Quota,SC/X/OP,Madhya Pradesh,"Gandhi Med Coll, Bhopal",FORENSIC MEDICINE,"₹1,01,500*","₹75,444",1,"₹10,00,000",1135,-,-,-,2321(1),2842(1),-
MP Govt Quota,UR/X/OP Service,Madhya Pradesh,"Atal Bihari Vajpayee, Vidisha",FORENSIC MEDICINE,"₹1,01,500*","₹75,444",1,"₹10,00,000",300,-,-,-,-,2853(1),-
MP Govt Quota,SC/X/OP Service,Madhya Pradesh,"NSC Bose Med Coll, Jabalpur",GENERAL MEDICINE,"₹1,01,500*","₹75,444",1,"₹10,00,000",1150,-,-,-,-,2854(1),-
MP Priv-Open,OBC/X/OP Service,Madhya Pradesh,"Aurobindo Med Coll, Indore",ORTHOPAEDICS,"₹19,70,000*","₹69,115*",1,"₹10,00,000",1230,-,-,-,-,2874(1),-
MP Priv-NRI,UR/NRI/OP,Madhya Pradesh,"Peoples College, Bhopal",ORTHOPAEDICS,"₹63,70,000*","₹75,444",1,"₹10,00,000",1150,2124(1),-,-,1369(2),2884(2),-
MP Govt Quota,UR/PH/OP Service,Madhya Pradesh,"MGM Med Coll, Indore",GENERAL MEDICINE,"₹1,01,500*","₹75,444",1,"₹10,00,000",1300,-,-,-,-,2889(1),-
MP Govt Quota,OBC/X/OP,Madhya Pradesh,"Govt Med Coll, Datia",PHARMACOLOGY,"₹1,01,500*","₹75,444",1,"₹10,00,000",540,-,-,-,2612(1),2898(1),-
MP Govt Quota,ST/X/OP,Madhya Pradesh,"MGM Med Coll, Indore",IHBT,"₹1,01,500*","₹75,444",1,"₹10,00,000",1300,-,-,-,2589(1),2899(1),-
MP Priv-NRI,UR/NRI/OP,Madhya Pradesh,"Aurobindo Med Coll, Indore",RADIO DIAGNOSIS,"₹80,85,000*","₹69,115*",1,"₹10,00,000",1230,1293(4),1556(2),1572(1),2467(5),2901(4),-
MP Priv-Open,OBC/X/OP,Madhya Pradesh,"Chirayu Med Coll, Bhopal",PATHOLOGY,"₹9,10,000*","₹72,633",1,"₹10,00,000",912,-,-,2724(1),2440(1),2921(1),-
MP Priv-NRI,UR/NRI/OP,Madhya Pradesh,"Index Med Coll, Indore",OPHTHALMOLOGY,"₹66,92,000*","₹69,115*",1,"₹10,00,000",1299,-,-,-,2210(1),2922(1),-
MP Priv-Open,ST/X/OP,Madhya Pradesh,"RKDF Medical College, Jatkhedi",DERMATOLOGY,"₹20,80,000*","₹69,115*",1*,"₹10,00,000*",-,-,-,-,-,2923(1),-
MP Govt Quota,SC/X/OP Service,Madhya Pradesh,"MGM Med Coll, Indore",ANAESTHESIOLOGY,"₹1,01,500*","₹75,444",1,"₹10,00,000",1300,-,-,-,-,2924(1),-
MP Priv-Open,OBC/X/OP,Madhya Pradesh,"LNMC & RC, Bhopal",PATHOLOGY,"₹10,00,000*","₹69,115*",1,"₹10,00,000",750,-,-,2816(2),2627(1),2927(1),-
MP Govt Quota,ST/X/OP,Madhya Pradesh,"Gandhi Med Coll, Bhopal",PHARMACOLOGY,"₹1,01,500*","₹75,444",1,"₹10,00,000",1135,-,-,-,-,2929(1),-
MP Priv-Open,SC/X/OP,Madhya Pradesh,"LNMC & RC, Bhopal",ANAESTHESIOLOGY,"₹19,60,000*","₹69,115*",1,"₹10,00,000",750,-,-,2907(3),-,2937(1),-
MP Govt Quota,ST/X/OP,Madhya Pradesh,"MGM Med Coll, Indore",MICROBIOLOGY,"₹1,01,500*","₹75,444",1,"₹10,00,000",1300,-,-,2744(1),-,2941(1),-
MP Priv-NRI,UR/NRI/OP,Madhya Pradesh,"LNMC & RC, Bhopal",RADIO DIAGNOSIS,"₹79,80,000*","₹69,115*",1,"₹10,00,000",750,1942(2),2121(1),2138(1),2488(3),2942(2),-
MP Priv-Open,SC/X/OP,Madhya Pradesh,"Peoples College, Bhopal",PATHOLOGY,"₹8,20,000*","₹75,444",1,"₹10,00,000",1150,-,-,-,-,2950(1),-
MP Priv-NRI,UR/NRI/OP,Madhya Pradesh,"Index Med Coll, Indore",RADIO DIAGNOSIS,"₹78,75,000*","₹69,115*",1,"₹10,00,000",1299,-,-,2394(4),2189(4),2955(5),-
MP Govt Quota,ST/X/OP Service,Madhya Pradesh,"Bundelkhand Med Coll, Sagar",ORTHOPAEDICS,"₹1,01,500*","₹75,444",1,"₹10,00,000",750,-,-,-,-,2959(1),-
MP Priv-NRI,UR/NRI/OP,Madhya Pradesh,"Amaltas IMS, Dewas",RADIO DIAGNOSIS,"₹75,25,000*","₹69,115*",1,"₹10,00,000",720,1863(2),-,2411(1),917(2),2960(2),-
MP Govt Quota,EWS/PH/OP,Madhya Pradesh,"MGM Med Coll, Indore",GENERAL MEDICINE,"₹1,01,500*","₹75,444",1,"₹10,00,000",1300,-,-,-,2544(1),2966(1),-
MP Govt Quota,OBC/X/OP,Madhya Pradesh,"NSC Bose Med Coll, Jabalpur",PHARMACOLOGY,"₹1,01,500*","₹75,444",1,"₹10,00,000",1150,-,-,-,1925(1),2969(1),-
MP Govt Quota,UR/X/OP,Madhya Pradesh,"SSMC, Rewa",BIOCHEMISTRY,"₹1,01,500*","₹75,444",1,"₹10,00,000",1140,-,-,3105(1),1411(1),2970(1),-
MP Govt Quota,ST/X/OP Service,Madhya Pradesh,"Gandhi Med Coll, Bhopal",OBG,"₹1,01,500*","₹75,444",1,"₹10,00,000",1135,-,-,-,-,2978(1),-
MP Priv-NRI,UR/NRI/OP,Madhya Pradesh,"RKDF Medical College, Jatkhedi",DERMATOLOGY,"₹72,80,000*","₹69,115*",1*,"₹10,00,000*",-,-,-,2515(1),-,2979(1),-
MP Priv-NRI,UR/NRI/OP,Madhya Pradesh,"Amaltas IMS, Dewas",PAEDIATRICS,"₹63,35,000*","₹69,115*",1,"₹10,00,000",720,-,-,2694(2),-,2983(1),-
MP Priv-NRI,UR/NRI/OP,Madhya Pradesh,"Aurobindo Med Coll, Indore",OBG,"₹72,45,000*","₹69,115*",1,"₹10,00,000",1230,1755(4),1895(1),2315(2),2498(2),2987(3),-
MP Priv-Open,UR/X/OP,Madhya Pradesh,"Index Med Coll, Indore",SPM,"₹99,800*","₹69,115*",1,"₹10,00,000",1299,-,-,-,-,2993(1),-
MP Priv-Open,SC/X/OP,Madhya Pradesh,"Chirayu Med Coll, Bhopal",ANAESTHESIOLOGY,"₹18,30,000*","₹72,633",1,"₹10,00,000",912,-,-,2525(1),-,2999(1),-
MP Priv-NRI,UR/NRI/OP,Madhya Pradesh,"Index Med Coll, Indore",GENERAL SURGERY,"₹66,92,000*","₹69,115*",1,"₹10,00,000",1299,-,-,2947(1),-,3003(1),-
MP Govt Quota,EWS/X/OP,Madhya Pradesh,"NSC Bose Med Coll, Jabalpur",FORENSIC MEDICINE,"₹1,01,500*","₹75,444",1,"₹10,00,000",1150,-,-,-,-,3004(1),-
MP Priv-Open,UR/X/OP,Madhya Pradesh,"Aurobindo Med Coll, Indore",PHARMACOLOGY,"₹97,800*","₹69,115*",1,"₹10,00,000",1230,-,-,2938(2),-,3009(1),-
MP Priv-NRI,UR/NRI/OP,Madhya Pradesh,"RD Gardi, Ujjain",ORTHOPAEDICS,"₹40,50,000","₹69,115*",1,"₹10,00,000",750,-,1924(1),-,1347(2),3015(2),-
MP Govt Quota,UR/X/OP,Madhya Pradesh,"Gandhi Med Coll, Bhopal",PHYSIOLOGY,"₹1,01,500*","₹75,444",1,"₹10,00,000",1135,-,-,3330(4),2157(1),3037(1),-
MP Priv-Open,UR/X/OP,Madhya Pradesh,"LNMC & RC, Bhopal",MICROBIOLOGY,"₹1,00,000*","₹69,115*",1,"₹10,00,000",750,-,-,3226(2),-,3040(1),-
MP Priv-NRI,UR/NRI/OP,Madhya Pradesh,"Index Med Coll, Indore",PAEDIATRICS,"₹66,92,000*","₹69,115*",1,"₹10,00,000",1299,-,-,2736(2),2463(3),3046(2),-
MP Govt Quota,SC/PH/OP,Madhya Pradesh,"MGM Med Coll, Indore",PAEDIATRICS,"₹1,01,500*","₹75,444",1,"₹10,00,000",1300,-,-,-,2375(1),3048(1),-
MP Priv-Open,UR/X/OP,Madhya Pradesh,"Aurobindo Med Coll, Indore",BIOCHEMISTRY,"₹97,800*","₹69,115*",1,"₹10,00,000",1230,-,-,3048(1),-,3050(1),-
MP Priv-Open,UR/X/OP,Madhya Pradesh,"Index Med Coll, Indore",MICROBIOLOGY,"₹99,800*","₹69,115*",1,"₹10,00,000",1299,-,-,3212(2),-,3053(1),-
MP Priv-Open,OBC/X/OP,Madhya Pradesh,"Index Med Coll, Indore",PATHOLOGY,"₹9,44,300*","₹69,115*",1,"₹10,00,000",1299,-,-,3110(2),2591(1),3059(1),-
MP Priv-Open,UR/X/OP Service,Madhya Pradesh,"Chirayu Med Coll, Bhopal",OBG,"₹19,70,000*","₹72,633",1,"₹10,00,000",912,-,-,-,-,3066(1),-
MP Priv-Open,UR/X/OP Service,Madhya Pradesh,"Peoples College, Bhopal",PATHOLOGY,"₹8,20,000*","₹75,444",1,"₹10,00,000",1150,-,-,2508(1),-,3070(1),-
MP Priv-Open,SC/X/OP,Madhya Pradesh,"Peoples College, Bhopal",GENERAL SURGERY,"₹18,20,000*","₹75,444",1,"₹10,00,000",1150,2160(1),-,-,2608(1),3072(1),-
MP Priv-Open,OBC/X/OP,Madhya Pradesh,"Amaltas IMS, Dewas",PATHOLOGY,"₹9,50,000*","₹69,115*",1,"₹10,00,000",720,-,-,3149(1),-,3076(1),-
MP Priv-Open,OBC/X/OP Service,Madhya Pradesh,"LNMC & RC, Bhopal",EMERGENCY MEDICINE,"₹19,60,000*","₹69,115*",1,"₹10,00,000",750,-,-,-,-,3082(1),-
MP Priv-NRI,UR/NRI/OP,Madhya Pradesh,"Chirayu Med Coll, Bhopal",DERMATOLOGY,"₹77,35,000*","₹72,633",1,"₹10,00,000",912,892(1),-,2024(1),799(1),3083(1),-
MP Priv-NRI,UR/NRI/OP,Madhya Pradesh,"Amaltas IMS, Dewas",OBG,"₹67,20,000*","₹69,115*",1,"₹10,00,000",720,-,-,2100(1),-,3088(1),-
MP Priv-NRI,UR/NRI/OP,Madhya Pradesh,"RKDF Medical College, Jatkhedi",GENERAL MEDICINE,"₹65,45,000*","₹69,115*",1*,"₹10,00,000*",-,-,-,2851(3),-,3093(1),-
MP Priv-Open,UR/X/OP,Madhya Pradesh,"Chirayu Med Coll, Bhopal",SPM,"₹9,10,000*","₹72,633",1,"₹10,00,000",912,1900(1),-,2990(4),-,3097(1),-
MP Govt Quota,UR/X/OP,Madhya Pradesh,"MGM Med Coll, Indore",ANATOMY,"₹1,01,500*","₹75,444",1,"₹10,00,000",1300,2091(1),-,-,1171(1),3102(1),-
MP Govt Quota,ST/X/OP Service,Madhya Pradesh,"NSC Bose Med Coll, Jabalpur",ORTHOPAEDICS,"₹1,01,500*","₹75,444",1,"₹10,00,000",1150,-,-,-,-,3103(1),-
MP Govt Quota,ST/X/OP Service,Madhya Pradesh,"MGM Med Coll, Indore",GENERAL SURGERY,"₹1,01,500*","₹75,444",1,"₹10,00,000",1300,-,-,-,-,3104(1),-
MP Priv-NRI,UR/NRI/OP,Madhya Pradesh,"Amaltas IMS, Dewas",GENERAL MEDICINE,"₹65,10,000*","₹69,115*",1,"₹10,00,000",720,-,-,2554(1),1280(2),3107(2),-
MP Priv-NRI,UR/NRI/OP,Madhya Pradesh,"RKDF Medical College, Jatkhedi",ORTHOPAEDICS,"₹64,40,000*","₹69,115*",1*,"₹10,00,000*",-,-,-,2854(2),-,3117(1),-
MP Govt Quota,ST/PH/OP,Madhya Pradesh,"NSC Bose Med Coll, Jabalpur",GENERAL MEDICINE,"₹1,01,500*","₹75,444",1,"₹10,00,000",1150,-,-,-,-,3118(1),-
MP Priv-Open,UR/X/OP,Madhya Pradesh,"Chirayu Med Coll, Bhopal",PHARMACOLOGY,"₹9,10,000*","₹72,633",1,"₹10,00,000",912,-,-,3425(1),-,3120(1),-
MP Govt Quota,UR/X/OP,Madhya Pradesh,"Gaja Raja Med Coll, Gwalior",ANATOMY,"₹1,01,500*","₹75,444",1,"₹10,00,000",1100,-,-,3322(1),-,3126(1),-
MP Govt Quota,ST/X/OP Service,Madhya Pradesh,"Govt Med Coll, Khandwa",SPM,"₹1,01,500*","₹75,444",1,"₹10,00,000",-,-,-,-,-,3129(1),-
MP Priv-Open,ST/X/OP,Madhya Pradesh,"Amaltas IMS, Dewas",PAEDIATRICS,"₹18,10,000*","₹69,115*",1,"₹10,00,000",720,-,-,-,-,3131(1),-
MP Priv-NRI,UR/NRI/OP,Madhya Pradesh,"RKDF Medical College, Jatkhedi",GENERAL SURGERY,"₹64,40,000*","₹69,115*",1*,"₹10,00,000*",-,-,-,3023(3),-,3134(1),-
MP Govt Quota,UR/X/OP,Madhya Pradesh,"NSC Bose Med Coll, Jabalpur",PHYSIOLOGY,"₹1,01,500*","₹75,444",1,"₹10,00,000",1150,-,-,-,-,3137(1),-
MP Priv-Open,SC/X/OP,Madhya Pradesh,"Aurobindo Med Coll, Indore",PATHOLOGY,"₹10,00,000*","₹69,115*",1,"₹10,00,000",1230,-,-,-,-,3140(2),-
MP Govt Quota,SC/X/OP,Madhya Pradesh,"MGM Med Coll, Indore",PHYSIOLOGY,"₹1,01,500*","₹75,444",1,"₹10,00,000",1300,-,-,-,2619(1),3146(1),-
MP Govt Quota,ST/X/OP,Madhya Pradesh,"Govt Med Coll, Ratlam",PHARMACOLOGY,"₹1,01,500*","₹75,444",1,"₹10,00,000",300,-,-,2995(1),-,3147(1),-
MP Govt Quota,OBC/X/OP,Madhya Pradesh,"Govt Med Coll, Khandwa",FORENSIC MEDICINE,"₹1,01,500*","₹75,444",1,"₹10,00,000",-,1812(1),-,3081(1),-,3149(1),-
MP Priv-Open,UR/X/OP,Madhya Pradesh,"RKDF Medical College, Jatkhedi",MICROBIOLOGY,"₹11,00,000*","₹69,115*",1*,"₹10,00,000*",-,-,-,3248(3),-,3150(1),-
MP Priv-Open,UR/X/OP,Madhya Pradesh,"RKDF Medical College, Jatkhedi",FORENSIC MEDICINE,"₹11,00,000*","₹69,115*",1*,"₹10,00,000*",-,-,-,3291(3),-,3152(1),-
MP Govt Quota,SC/X/OP,Madhya Pradesh,"MGM Med Coll, Indore",BIOCHEMISTRY,"₹1,01,500*","₹75,444",1,"₹10,00,000",1300,-,-,-,-,3154(1),-
MP Govt Quota,SC/X/OP Service,Madhya Pradesh,"MGM Med Coll, Indore",ORTHOPAEDICS,"₹1,01,500*","₹75,444",1,"₹10,00,000",1300,-,-,-,-,3156(1),-
MP Priv-Open,SC/X/OP,Madhya Pradesh,"Peoples College, Bhopal",EMERGENCY MEDICINE,"₹18,20,000*","₹75,444",1,"₹10,00,000",1150,-,-,-,-,3158(1),-
MP Priv-NRI,UR/NRI/OP,Madhya Pradesh,"Chirayu Med Coll, Bhopal",PAEDIATRICS,"₹64,05,000*","₹72,633",1,"₹10,00,000",912,-,-,2595(1),1385(2),3167(2),-
MP Govt Quota,OBC/X/OP,Madhya Pradesh,"Govt Med Coll, Shahdol, MP",FORENSIC MEDICINE,"₹1,01,500*","₹75,444",1,"₹10,00,000",300,-,-,-,-,3168(1),-
MP Priv-Open,UR/X/OP,Madhya Pradesh,"RD Gardi, Ujjain",SPM,"₹7,50,000","₹69,115*",1,"₹10,00,000",750,-,-,2362(3),-,3171(2),-
MP Priv-Open,UR/X/OP,Madhya Pradesh,"RD Gardi, Ujjain",PHARMACOLOGY,"₹7,50,000","₹69,115*",1,"₹10,00,000",750,-,-,3254(3),-,3174(1),-
MP Priv-Open,OBC/X/OP,Madhya Pradesh,"Aurobindo Med Coll, Indore",SPM,"₹97,800*","₹69,115*",1,"₹10,00,000",1230,-,-,-,-,3183(1),-
MP Priv-NRI,UR/NRI/OP,Madhya Pradesh,"Aurobindo Med Coll, Indore",ORTHOPAEDICS,"₹68,95,000*","₹69,115*",1,"₹10,00,000",1230,-,-,2701(1),2252(1),3188(1),-
MP Govt Quota,UR/PH/OP,Madhya Pradesh,"Govt Med Coll, Datia",GENERAL MEDICINE,"₹1,01,500*","₹75,444",1,"₹10,00,000",540,-,-,-,-,3192(1),-
MP Priv-Open,ST/X/OP,Madhya Pradesh,"LNMC & RC, Bhopal",PAEDIATRICS,"₹19,60,000*","₹69,115*",1,"₹10,00,000",750,-,-,-,-,3193(1),-
MP Priv-Open,ST/X/OP,Madhya Pradesh,"RD Gardi, Ujjain",GENERAL SURGERY,"₹13,50,000","₹69,115*",1,"₹10,00,000",750,-,-,-,-,3194(1),-
MP Govt Quota,UR/X/OP Service,Madhya Pradesh,"MGM Med Coll, Indore",PATHOLOGY,"₹1,01,500*","₹75,444",1,"₹10,00,000",1300,-,-,1867(1),-,3201(1),-
MP Govt Quota,SC/X/OP,Madhya Pradesh,"Gandhi Med Coll, Bhopal",BIOCHEMISTRY,"₹1,01,500*","₹75,444",1,"₹10,00,000",1135,-,-,3267(1),-,3203(1),-
MP Priv-Open,SC/X/OP,Madhya Pradesh,"Aurobindo Med Coll, Indore",SPM,"₹97,800*","₹69,115*",1,"₹10,00,000",1230,-,-,2885(1),-,3204(1),-
MP Govt Quota,UR/X/OP,Madhya Pradesh,"Govt Med Coll, Khandwa",PHYSIOLOGY,"₹1,01,500*","₹75,444",1,"₹10,00,000",-,-,-,-,-,3205(1),-
MP Priv-NRI,UR/NRI/OP,Madhya Pradesh,"Chirayu Med Coll, Bhopal",ORTHOPAEDICS,"₹64,05,000*","₹72,633",1,"₹10,00,000",912,-,-,2666(1),-,3207(2),-
MP Govt Quota,SC/X/OP,Madhya Pradesh,"MGM Med Coll, Indore",ANATOMY,"₹1,01,500*","₹75,444",1,"₹10,00,000",1300,-,-,-,-,3215(1),-
MP Priv-NRI,UR/NRI/OP,Madhya Pradesh,"Chirayu Med Coll, Bhopal",GENERAL MEDICINE,"₹68,95,000*","₹72,633",1,"₹10,00,000",912,2127(3),-,-,1353(3),3216(4),-
MP Priv-Open,SC/X/OP,Madhya Pradesh,"LNMC & RC, Bhopal",PSYCHIATRY,"₹19,60,000*","₹69,115*",1,"₹10,00,000",750,-,-,-,-,3225(1),-
MP Priv-NRI,UR/NRI/OP,Madhya Pradesh,"Aurobindo Med Coll, Indore",DERMATOLOGY,"₹80,85,000*","₹69,115*",1,"₹10,00,000",1230,1598(2),1962(1),2171(1),2091(2),3239(3),-
MP Govt Quota,ST/X/OP,Madhya Pradesh,"MGM Med Coll, Indore",PHYSIOLOGY,"₹1,01,500*","₹75,444",1,"₹10,00,000",1300,-,-,-,-,3245(1),-
MP Govt Quota,UR/PH/OP,Madhya Pradesh,"Gaja Raja Med Coll, Gwalior",PAEDIATRICS,"₹1,01,500*","₹75,444",1,"₹10,00,000",1100,-,-,-,-,3252(1),-
MP Priv-NRI,UR/NRI/OP,Madhya Pradesh,"Aurobindo Med Coll, Indore",GENERAL MEDICINE,"₹72,45,000*","₹69,115*",1,"₹10,00,000",1230,1930(3),-,2538(3),2389(3),3269(5),-
MP Priv-Open,SC/X/OP,Madhya Pradesh,"Amaltas IMS, Dewas",ANAESTHESIOLOGY,"₹18,10,000*","₹69,115*",1,"₹10,00,000",720,-,-,3073(1),-,3278(1),-
MP Govt Quota,UR/X/OP,Madhya Pradesh,"Govt Med Coll, Ratlam",ANATOMY,"₹1,01,500*","₹75,444",1,"₹10,00,000",300,-,-,-,-,3280(1),-
MP Priv-NRI,UR/NRI/OP,Madhya Pradesh,"LNMC & RC, Bhopal",ORTHOPAEDICS,"₹68,60,000*","₹69,115*",1,"₹10,00,000",750,-,-,2713(2),-,3281(2),-
MP Govt Quota,OBC/X/OP,Madhya Pradesh,"Govt Med Coll, Datia",PHYSIOLOGY,"₹1,01,500*","₹75,444",1,"₹10,00,000",540,-,-,-,-,3288(1),-
MP Priv-Open,UR/X/OP,Madhya Pradesh,"RD Gardi, Ujjain",PHYSIOLOGY,₹0*,"₹69,115*",1,"₹10,00,000",750,-,-,3380(1),-,3292(1),-
MP Priv-NRI,UR/NRI/OP,Madhya Pradesh,"Index Med Coll, Indore",OBG,"₹70,17,500*","₹69,115*",1,"₹10,00,000",1299,-,-,2808(2),1477(2),3295(4),-
MP Priv-Open,UR/X/OP,Madhya Pradesh,"Aurobindo Med Coll, Indore",FORENSIC MEDICINE,"₹97,800*","₹69,115*",1,"₹10,00,000",1230,-,-,2822(1),-,3297(1),-
MP Priv-Open,OBC/X/OP,Madhya Pradesh,"RD Gardi, Ujjain",SPM,"₹7,50,000","₹69,115*",1,"₹10,00,000",750,-,-,-,-,3300(1),-
MP Govt Quota,OBC/X/OP,Madhya Pradesh,"Gandhi Med Coll, Bhopal",PHYSIOLOGY,"₹1,01,500*","₹75,444",1,"₹10,00,000",1135,-,-,-,-,3308(1),-
MP Priv-Open,SC/X/OP,Madhya Pradesh,"Index Med Coll, Indore",PATHOLOGY,"₹9,44,300*","₹69,115*",1,"₹10,00,000",1299,-,-,2890(1),-,3319(1),-
MP Priv-Open,ST/X/OP,Madhya Pradesh,"Chirayu Med Coll, Bhopal",PAEDIATRICS,"₹18,30,000*","₹72,633",1,"₹10,00,000",912,-,-,-,-,3324(1),-
MP Govt Quota,ST/X/OP,Madhya Pradesh,"Bundelkhand Med Coll, Sagar",BIOCHEMISTRY,"₹1,01,500*","₹75,444",1,"₹10,00,000",750,-,-,-,-,3325(1),-
MP Govt Quota,OBC/X/OP,Madhya Pradesh,"Atal Bihari Vajpayee, Vidisha",BIOCHEMISTRY,"₹1,01,500*","₹75,444",1,"₹10,00,000",300,-,-,-,-,3327(1),-
MP Govt Quota,OBC/X/OP,Madhya Pradesh,"MGM Med Coll, Indore",ANATOMY,"₹1,01,500*","₹75,444",1,"₹10,00,000",1300,-,-,-,-,3331(1),-
MP Priv-NRINonDomicil,UR/NRI (Non Domicile),Madhya Pradesh,"Index Med Coll, Indore",GENERAL MEDICINE,"₹70,17,500*","₹69,115*",1,"₹10,00,000",1299,-,-,-,-,3338(1),-
MP Priv-NRINonDomicil,UR/NRI (Non Domicile),Madhya Pradesh,"Index Med Coll, Indore",ANAESTHESIOLOGY,"₹66,92,000*","₹69,115*",1,"₹10,00,000",1299,-,-,-,-,3587(1),-
MP Priv-NRINonDomicil,UR/NRI (Non Domicile),Madhya Pradesh,"Aurobindo Med Coll, Indore",GENERAL SURGERY,"₹68,95,000*","₹69,115*",1,"₹10,00,000",1230,-,-,-,-,3662(2),-
MP Priv-NRINonDomicil,UR/NRI (Non Domicile),Madhya Pradesh,"LNMC & RC, Bhopal",GENERAL MEDICINE,"₹71,57,500*","₹69,115*",1,"₹10,00,000",750,-,-,-,-,4010(3),-
MP Priv-NRINonDomicil,UR/NRI (Non Domicile),Madhya Pradesh,"Amaltas IMS, Dewas",ORTHOPAEDICS,"₹63,35,000*","₹69,115*",1,"₹10,00,000",720,-,-,-,-,4012(1),-
MP Priv-NRINonDomicil,UR/NRI (Non Domicile),Madhya Pradesh,"RKDF Medical College, Jatkhedi",PAEDIATRICS,"₹64,40,000*","₹69,115*",1*,"₹10,00,000*",-,-,-,-,-,4098(1),-
MP Govt-NonDomicile,UR (Non Domicile),Madhya Pradesh,"Govt Med Coll, Khandwa",PHYSIOLOGY,"₹1,01,500*","₹75,444",1,"₹10,00,000",-,-,-,-,-,4152(1),-
MP Govt Quota,UR/X/OP,Madhya Pradesh,"MGM Med Coll, Indore",DERMATOLOGY,"₹1,01,500*","₹75,444",1,"₹10,00,000",1300,23(1),-,-,-,-,-
MP Govt Quota,OBC/X/OP,Madhya Pradesh,"Gaja Raja Med Coll, Gwalior",RADIO DIAGNOSIS,"₹1,01,500*","₹75,444",1,"₹10,00,000",1100,30(1),31(1),-,-,-,-
MP Govt Quota,EWS/X/OP,Madhya Pradesh,"MGM Med Coll, Indore",GENERAL MEDICINE,"₹1,01,500*","₹75,444",1,"₹10,00,000",1300,35(1),-,-,-,-,-
MP Govt Quota,UR/X/OP,Madhya Pradesh,"Govt Med Coll, Datia",GENERAL MEDICINE,"₹1,01,500*","₹75,444",1,"₹10,00,000",540,-,111(1),133(1),-,-,-
MP Govt Quota,EWS/X/OP,Madhya Pradesh,"SSMC, Rewa",RADIO DIAGNOSIS,"₹1,01,500*","₹75,444",1,"₹10,00,000",1140,138(1),138(1),139(1),-,-,-
MP Govt Quota,UR/X/OP Service,Madhya Pradesh,"NSC Bose Med Coll, Jabalpur",RADIO DIAGNOSIS,"₹1,01,500*","₹75,444",1,"₹10,00,000",1150,89(1),177(1),-,-,-,-
MP Govt Quota,OBC/X/OP Service,Madhya Pradesh,"NSC Bose Med Coll, Jabalpur",RADIO DIAGNOSIS,"₹1,01,500*","₹75,444",1,"₹10,00,000",1150,178(1),-,-,-,-,-
MP Govt Quota,UR/X/OP,Madhya Pradesh,"Bundelkhand Med Coll, Sagar",PAEDIATRICS,"₹1,01,500*","₹75,444",1,"₹10,00,000",750,152(1),197(1),198(1),-,-,-
MP Govt Quota,EWS/X/OP,Madhya Pradesh,"Govt Med Coll, Ratlam",DERMATOLOGY,"₹1,01,500*","₹75,444",1,"₹10,00,000",300,225(1),208(1),-,-,-,-
MP Govt Quota,EWS/X/OP,Madhya Pradesh,"MGM Med Coll, Indore",ORTHOPAEDICS,"₹1,01,500*","₹75,444",1,"₹10,00,000",1300,228(1),228(1),-,-,-,-
MP Govt Quota,UR/X/OP,Madhya Pradesh,"Govt Med Coll, Datia",OBG,"₹1,01,500*","₹75,444",1,"₹10,00,000",540,223(1),225(1),236(1),-,-,-
MP Govt Quota,OBC/X/OP,Madhya Pradesh,"Gandhi Med Coll, Bhopal",ORTHOPAEDICS,"₹1,01,500*","₹75,444",1,"₹10,00,000",1135,168(1),244(1),-,-,-,-
MP Govt Quota,OBC/X/OP Service,Madhya Pradesh,"MGM Med Coll, Indore",DERMATOLOGY,"₹1,01,500*","₹75,444",1,"₹10,00,000",1300,274(1),-,-,-,-,-
MP Govt Quota,UR/X/OP,Madhya Pradesh,"Gandhi Med Coll, Bhopal",TBRD,"₹1,01,500*","₹75,444",1,"₹10,00,000",1135,282(1),282(1),283(1),-,-,-
MP Govt Quota,OBC/X/OP,Madhya Pradesh,"Govt Med Coll, Khandwa",PAEDIATRICS,"₹1,01,500*","₹75,444",1,"₹10,00,000",-,291(1),291(1),292(1),-,-,-
MP Govt Quota,EWS/X/OP,Madhya Pradesh,"Govt Med Coll, Ratlam",PAEDIATRICS,"₹1,01,500*","₹75,444",1,"₹10,00,000",300,-,296(2),297(2),-,-,-
MP Govt Quota,OBC/X/OP,Madhya Pradesh,"Atal Bihari Vajpayee, Vidisha",OBG,"₹1,01,500*","₹75,444",1,"₹10,00,000",300,280(1),320(1),321(1),-,-,-
MP Govt Quota,EWS/X/OP,Madhya Pradesh,"NSC Bose Med Coll, Jabalpur",ORTHOPAEDICS,"₹1,01,500*","₹75,444",1,"₹10,00,000",1150,263(1),339(2),340(2),-,-,-
MP Govt Quota,UR/X/OP,Madhya Pradesh,"Atal Bihari Vajpayee, Vidisha",ORTHOPAEDICS,"₹1,01,500*","₹75,444",1,"₹10,00,000",300,287(1),329(1),354(1),-,-,-
MP Priv-Open,UR/X/OP,Madhya Pradesh,"RKDF Medical College, Jatkhedi",RADIO DIAGNOSIS,"₹20,80,000*","₹69,115*",1*,"₹10,00,000*",-,390(1),390(1),392(1),-,-,-
MP Priv-Open,OBC/X/OP,Madhya Pradesh,"Chirayu Med Coll, Bhopal",RADIO DIAGNOSIS,"₹22,10,000*","₹72,633",1,"₹10,00,000",912,403(1),403(1),405(1),-,-,-
MP Govt Quota,OBC/X/OP,Madhya Pradesh,"Atal Bihari Vajpayee, Vidisha",GENERAL SURGERY,"₹1,01,500*","₹75,444",1,"₹10,00,000",300,379(1),407(1),409(1),-,-,-
MP Govt Quota,OBC/X/OP,Madhya Pradesh,"Govt Med Coll, Ratlam",GENERAL SURGERY,"₹1,01,500*","₹75,444",1,"₹10,00,000",300,362(1),411(1),-,-,-,-
MP Govt Quota,UR/X/OP Service,Madhya Pradesh,"Govt Med Coll, Ratlam",DERMATOLOGY,"₹1,01,500*","₹75,444",1,"₹10,00,000",300,419(1),419(1),421(1),-,-,-
MP Govt Quota,UR/X/OP,Madhya Pradesh,"Gaja Raja Med Coll, Gwalior",EMERGENCY MEDICINE,"₹1,01,500*","₹75,444",1,"₹10,00,000",1100,-,454(1),455(1),-,-,-
MP Govt Quota,UR/X/OP,Madhya Pradesh,"Gaja Raja Med Coll, Gwalior",PSYCHIATRY,"₹1,01,500*","₹75,444",1,"₹10,00,000",1100,458(1),458(1),459(1),-,-,-
MP Priv-Open,UR/X/OP Service,Madhya Pradesh,"RD Gardi, Ujjain",RADIO DIAGNOSIS,"₹13,50,000","₹69,115*",1,"₹10,00,000",750,495(1),495(1),496(1),-,-,-
MP Govt Quota,UR/X/OP,Madhya Pradesh,"NSC Bose Med Coll, Jabalpur",PSYCHIATRY,"₹1,01,500*","₹75,444",1,"₹10,00,000",1150,431(1),497(1),498(1),-,-,-
MP Govt Quota,OBC/X/OP,Madhya Pradesh,"Gaja Raja Med Coll, Gwalior",OPHTHALMOLOGY,"₹1,01,500*","₹75,444",1,"₹10,00,000",1100,-,551(1),569(1),-,-,-
MP Govt Quota,OBC/X/OP,Madhya Pradesh,"MGM Med Coll, Indore",PSYCHIATRY,"₹1,01,500*","₹75,444",1,"₹10,00,000",1300,182(1),598(1),599(1),-,-,-
MP Govt Quota,EWS/X/OP,Madhya Pradesh,"NSC Bose Med Coll, Jabalpur",OPHTHALMOLOGY,"₹1,01,500*","₹75,444",1,"₹10,00,000",1150,398(1),623(1),-,-,-,-
MP Govt Quota,UR/X/OP,Madhya Pradesh,"Gandhi Med Coll, Bhopal",PSYCHIATRY,"₹1,01,500*","₹75,444",1,"₹10,00,000",1135,451(1),626(1),627(1),-,-,-
MP Govt Quota,EWS/X/OP,Madhya Pradesh,"SSMC, Rewa",OPHTHALMOLOGY,"₹1,01,500*","₹75,444",1,"₹10,00,000",1140,-,672(1),675(1),-,-,-
MP Govt Quota,UR/X/OP,Madhya Pradesh,"SSMC, Rewa",ENT,"₹1,01,500*","₹75,444",1,"₹10,00,000",1140,517(1),693(1),685(1),-,-,-
MP Govt Quota,EWS/X/OP,Madhya Pradesh,"NSC Bose Med Coll, Jabalpur",PSYCHIATRY,"₹1,01,500*","₹75,444",1,"₹10,00,000",1150,479(1),704(1),707(1),-,-,-
MP Govt Quota,OBC/X/OP,Madhya Pradesh,"Atal Bihari Vajpayee, Vidisha",OPHTHALMOLOGY,"₹1,01,500*","₹75,444",1,"₹10,00,000",300,551(1),679(1),723(1),-,-,-
MP Govt Quota,UR/X/OP,Madhya Pradesh,"Govt Med Coll, Datia",OPHTHALMOLOGY,"₹1,01,500*","₹75,444",1,"₹10,00,000",540,409(1),571(1),725(1),-,-,-
MP Govt Quota,SC/X/OP,Madhya Pradesh,"MGM Med Coll, Indore",PAEDIATRICS,"₹1,01,500*","₹75,444",1,"₹10,00,000",1300,730(1),730(1),-,-,-,-
MP Govt Quota,EWS/X/OP,Madhya Pradesh,"Bundelkhand Med Coll, Sagar",OPHTHALMOLOGY,"₹1,01,500*","₹75,444",1,"₹10,00,000",750,623(1),728(1),731(1),-,-,-
MP Priv-Open,UR/X/OP Service,Madhya Pradesh,"Chirayu Med Coll, Bhopal",RADIO DIAGNOSIS,"₹22,10,000*","₹72,633",1,"₹10,00,000",912,750(1),750(1),753(1),-,-,-
MP Govt Quota,OBC/X/OP Service,Madhya Pradesh,"NSC Bose Med Coll, Jabalpur",GENERAL MEDICINE,"₹1,01,500*","₹75,444",1,"₹10,00,000",1150,-,805(1),809(1),-,-,-
MP Govt Quota,EWS/X/OP,Madhya Pradesh,"MGM Med Coll, Indore",ENT,"₹1,01,500*","₹75,444",1,"₹10,00,000",1300,711(1),821(1),825(1),-,-,-
MP Govt Quota,SC/X/OP,Madhya Pradesh,"Govt Med Coll, Datia",GENERAL MEDICINE,"₹1,01,500*","₹75,444",1,"₹10,00,000",540,-,790(1),826(1),-,-,-
MP Priv-Open,OBC/X/OP,Madhya Pradesh,"RD Gardi, Ujjain",ORTHOPAEDICS,"₹13,50,000","₹69,115*",1,"₹10,00,000",750,-,825(1),829(1),-,-,-
MP Priv-Open,OBC/X/OP,Madhya Pradesh,"Peoples College, Bhopal",OBG,"₹19,05,000*","₹75,444",1,"₹10,00,000",1150,-,827(1),831(1),-,-,-
MP Govt Quota,UR/X/OP,Madhya Pradesh,"NSC Bose Med Coll, Jabalpur",RADIATION ONCOLOGY,"₹1,01,500*","₹75,444",1,"₹10,00,000",1150,486(1),848(2),852(1),-,-,-
MP Govt Quota,SC/X/OP Service,Madhya Pradesh,"Gandhi Med Coll, Bhopal",RADIO DIAGNOSIS,"₹1,01,500*","₹75,444",1,"₹10,00,000",1135,854(1),-,-,-,-,-
MP Priv-Open,SC/X/OP,Madhya Pradesh,"RD Gardi, Ujjain",RADIO DIAGNOSIS,"₹13,50,000","₹69,115*",1,"₹10,00,000",750,875(1),875(1),880(1),-,-,-
MP Priv-Open,UR/X/OP,Madhya Pradesh,"RKDF Medical College, Jatkhedi",DERMATOLOGY,"₹20,80,000*","₹69,115*",1*,"₹10,00,000*",-,563(1),917(1),922(1),-,-,-
MP Govt Quota,UR/X/OP Service,Madhya Pradesh,"Atal Bihari Vajpayee, Vidisha",OBG,"₹1,01,500*","₹75,444",1,"₹10,00,000",300,935(1),-,-,-,-,-
MP Govt Quota,OBC/X/OP,Madhya Pradesh,"Govt Med Coll, Khandwa",ENT,"₹1,01,500*","₹75,444",1,"₹10,00,000",-,638(1),720(1),941(1),-,-,-
MP Govt Quota,SC/X/OP,Madhya Pradesh,"NSC Bose Med Coll, Jabalpur",TBRD,"₹1,01,500*","₹75,444",1,"₹10,00,000",1150,950(1),950(1),-,-,-,-
MP Govt Quota,SC/X/OP,Madhya Pradesh,"SSMC, Rewa",PAEDIATRICS,"₹1,01,500*","₹75,444",1,"₹10,00,000",1140,-,951(1),-,-,-,-
MP Govt Quota,ST/X/OP,Madhya Pradesh,"Gandhi Med Coll, Bhopal",DERMATOLOGY,"₹1,01,500*","₹75,444",1,"₹10,00,000",1135,988(1),-,-,-,-,-
MP Priv-Open,OBC/X/OP Service,Madhya Pradesh,"Peoples College, Bhopal",RADIO DIAGNOSIS,"₹21,30,000*","₹75,444",1,"₹10,00,000",1150,989(1),989(1),995(1),-,-,-
MP Govt Quota,SC/X/OP,Madhya Pradesh,"Govt Med Coll, Ratlam",OBG,"₹1,01,500*","₹75,444",1,"₹10,00,000",300,-,990(1),996(1),-,-,-
MP Govt Quota,SC/X/OP Service,Madhya Pradesh,"SSMC, Rewa",RADIO DIAGNOSIS,"₹1,01,500*","₹75,444",1,"₹10,00,000",1140,998(1),-,-,-,-,-
MP Govt Quota,SC/X/OP,Madhya Pradesh,"MGM Med Coll, Indore",EMERGENCY MEDICINE,"₹1,01,500*","₹75,444",1,"₹10,00,000",1300,874(1),1053(1),1059(1),-,-,-
MP Priv-Open,UR/X/OP,Madhya Pradesh,"Chirayu Med Coll, Bhopal",EMERGENCY MEDICINE,"₹18,30,000*","₹72,633",1,"₹10,00,000",912,941(1),1085(1),1091(1),-,-,-
MP Govt Quota,UR/X/OP,Madhya Pradesh,"Govt Med Coll, Ratlam",PATHOLOGY,"₹1,01,500*","₹75,444",1,"₹10,00,000",300,1093(1),1051(1),-,-,-,-
MP Govt Quota,SC/X/OP,Madhya Pradesh,"Govt Med Coll, Datia",ORTHOPAEDICS,"₹1,01,500*","₹75,444",1,"₹10,00,000",540,-,958(1),1159(1),-,-,-
MP Govt Quota,UR/X/OP Service,Madhya Pradesh,"Gaja Raja Med Coll, Gwalior",ORTHOPAEDICS,"₹1,01,500*","₹75,444",1,"₹10,00,000",1100,1211(1),-,-,-,-,-
MP Govt Quota,SC/X/OP,Madhya Pradesh,"MGM Med Coll, Indore",OPHTHALMOLOGY,"₹1,01,500*","₹75,444",1,"₹10,00,000",1300,-,1216(1),1223(1),-,-,-
MP Govt Quota,OBC/X/OP Service,Madhya Pradesh,"NSC Bose Med Coll, Jabalpur",PAEDIATRICS,"₹1,01,500*","₹75,444",1,"₹10,00,000",1150,1217(1),1217(1),1224(1),-,-,-
MP Govt Quota,SC/X/OP,Madhya Pradesh,"MGM Med Coll, Indore",PSYCHIATRY,"₹1,01,500*","₹75,444",1,"₹10,00,000",1300,1205(1),1236(1),1243(1),-,-,-
MP Govt Quota,EWS/X/OP,Madhya Pradesh,"Gaja Raja Med Coll, Gwalior",PATHOLOGY,"₹1,01,500*","₹75,444",1,"₹10,00,000",1100,1213(1),1305(1),1317(1),-,-,-
MP Govt Quota,UR/X/OP Service,Madhya Pradesh,"Atal Bihari Vajpayee, Vidisha",PAEDIATRICS,"₹1,01,500*","₹75,444",1,"₹10,00,000",300,-,1307(1),1319(1),-,-,-
MP Govt Quota,UR/X/OP Service,Madhya Pradesh,"SSMC, Rewa",SPM,"₹1,01,500*","₹75,444",1,"₹10,00,000",1140,1350(1),-,-,-,-,-
MP Govt Quota,SC/X/OP,Madhya Pradesh,"Gaja Raja Med Coll, Gwalior",OPHTHALMOLOGY,"₹1,01,500*","₹75,444",1,"₹10,00,000",1100,1134(1),1227(1),1394(1),-,-,-
MP Govt Quota,OBC/X/OP Service,Madhya Pradesh,"Bundelkhand Med Coll, Sagar",ORTHOPAEDICS,"₹1,01,500*","₹75,444",1,"₹10,00,000",750,1393(1),1393(1),1405(1),-,-,-
MP Priv-Open,OBC/X/OP Service,Madhya Pradesh,"Aurobindo Med Coll, Indore",DERMATOLOGY,"₹23,10,000*","₹69,115*",1,"₹10,00,000",1230,1517(1),1517(1),-,-,-,-
MP Govt Quota,SC/X/OP,Madhya Pradesh,"NSC Bose Med Coll, Jabalpur",SPM,"₹1,01,500*","₹75,444",1,"₹10,00,000",1150,1539(1),-,-,-,-,-
MP Priv-NonDomicile,UR (Non Domicile),Madhya Pradesh,"RKDF Medical College, Jatkhedi",OPHTHALMOLOGY,"₹18,40,000*","₹69,115*",1*,"₹10,00,000*",-,-,1506(1),1547(1),-,-,-
MP Govt Quota,OBC/X/OP Service,Madhya Pradesh,"Govt Med Coll, Datia",ORTHOPAEDICS,"₹1,01,500*","₹75,444",1,"₹10,00,000",540,-,1572(1),-,-,-,-
MP Priv-Open,OBC/X/OP,Madhya Pradesh,"Amaltas IMS, Dewas",OBG,"₹19,20,000*","₹69,115*",1,"₹10,00,000",720,850(1),1402(1),1582(1),-,-,-
MP Priv-Open,UR/X/OP Service,Madhya Pradesh,"Index Med Coll, Indore",TBRD,"₹19,12,000*","₹69,115*",1,"₹10,00,000",1299,-,-,1595(1),-,-,-
MP Priv-NRINonDomicil,UR/NRI (Non Domicile),Madhya Pradesh,"RD Gardi, Ujjain",OBG,"₹40,50,000","₹69,115*",1,"₹10,00,000",750,-,1576(1),1625(1),-,-,-
MP Govt Quota,ST/X/OP,Madhya Pradesh,"Bundelkhand Med Coll, Sagar",OBG,"₹1,01,500*","₹75,444",1,"₹10,00,000",750,-,1614(1),1638(1),-,-,-
MP Govt Quota,SC/X/OP,Madhya Pradesh,"Gwalior Mansik, Madhya Pradesh",PSYCHIATRY,"₹1,01,500*","₹75,444",1,"₹10,00,000",50,1154(1),1261(1),1643(1),-,-,-
MP Govt Quota,OBC/X/OP,Madhya Pradesh,"NSC Bose Med Coll, Jabalpur",PATHOLOGY,"₹1,01,500*","₹75,444",1,"₹10,00,000",1150,1041(1),1512(1),1649(1),-,-,-
MP Govt Quota,ST/X/OP,Madhya Pradesh,"Govt Med Coll, Datia",GENERAL MEDICINE,"₹1,01,500*","₹75,444",1,"₹10,00,000",540,1410(1),1627(1),1651(1),-,-,-
MP Govt Quota,OBC/X/OP Service,Madhya Pradesh,"SSMC, Rewa",GENERAL SURGERY,"₹1,01,500*","₹75,444",1,"₹10,00,000",1140,1572(1),1656(1),1681(1),-,-,-
MP Govt Quota,SC/X/OP,Madhya Pradesh,"Bundelkhand Med Coll, Sagar",ENT,"₹1,01,500*","₹75,444",1,"₹10,00,000",750,-,1682(1),-,-,-,-
MP Govt Quota,UR/X/OP Service,Madhya Pradesh,"MGM Med Coll, Indore",EMERGENCY MEDICINE,"₹1,01,500*","₹75,444",1,"₹10,00,000",1300,1471(1),-,1688(1),-,-,-
MP Govt Quota,ST/X/OP,Madhya Pradesh,"Govt Med Coll, Datia",PAEDIATRICS,"₹1,01,500*","₹75,444",1,"₹10,00,000",540,-,1651(1),1705(1),-,-,-
MP Govt Quota,SC/X/OP,Madhya Pradesh,"MGM Med Coll, Indore",RADIATION ONCOLOGY,"₹1,01,500*","₹75,444",1,"₹10,00,000",1300,-,1706(1),-,-,-,-
MP Govt Quota,EWS/X/OP,Madhya Pradesh,"MGM Med Coll, Indore",SPM,"₹1,01,500*","₹75,444",1,"₹10,00,000",1300,-,1693(1),1723(1),-,-,-
MP Govt Quota,OBC/X/OP Service,Madhya Pradesh,"Govt Med Coll, Ratlam",GENERAL SURGERY,"₹1,01,500*","₹75,444",1,"₹10,00,000",300,1656(1),1729(1),-,-,-,-
MP Govt Quota,OBC/X/OP,Madhya Pradesh,"Gandhi Med Coll, Bhopal",SPM,"₹1,01,500*","₹75,444",1,"₹10,00,000",1135,1345(1),1731(2),1357(1),-,-,-
MP Govt Quota,OBC/X/OP Service,Madhya Pradesh,"Gandhi Med Coll, Bhopal",OBG,"₹1,01,500*","₹75,444",1,"₹10,00,000",1135,1716(1),1716(1),1748(1),-,-,-
MP Govt Quota,OBC/X/OP Service,Madhya Pradesh,"NSC Bose Med Coll, Jabalpur",ENT,"₹1,01,500*","₹75,444",1,"₹10,00,000",1150,1717(1),1717(1),1749(1),-,-,-
MP Govt Quota,ST/X/OP Service,Madhya Pradesh,"MGM Med Coll, Indore",RADIO DIAGNOSIS,"₹1,01,500*","₹75,444",1,"₹10,00,000",1300,1751(1),-,-,-,-,-
MP Govt Quota,SC/X/OP Service,Madhya Pradesh,"Gandhi Med Coll, Bhopal",PAEDIATRICS,"₹1,01,500*","₹75,444",1,"₹10,00,000",1135,1760(1),-,-,-,-,-
MP Priv-Open,OBC/X/OP Service,Madhya Pradesh,"RD Gardi, Ujjain",GENERAL MEDICINE,"₹13,50,000","₹69,115*",1,"₹10,00,000",750,1728(1),1728(1),1761(1),-,-,-
MP Priv-Open,OBC/X/OP,Madhya Pradesh,"RKDF Medical College, Jatkhedi",PAEDIATRICS,"₹18,40,000*","₹69,115*",1*,"₹10,00,000*",-,-,1736(1),1770(1),-,-,-
MP Govt Quota,UR/X/OP,Madhya Pradesh,"Bundelkhand Med Coll, Sagar",MICROBIOLOGY,"₹1,01,500*","₹75,444",1,"₹10,00,000",750,1782(1),1782(1),-,-,-,-
MP Priv-NRINonDomicil,UR/NRI (Non Domicile),Madhya Pradesh,"Aurobindo Med Coll, Indore",ORTHOPAEDICS,"₹68,95,000*","₹69,115*",1,"₹10,00,000",1230,-,1732(1),1794(1),-,-,-
MP Govt Quota,SC/X/OP Service,Madhya Pradesh,"SSMC, Rewa",ORTHOPAEDICS,"₹1,01,500*","₹75,444",1,"₹10,00,000",1140,1795(1),1795(1),-,-,-,-
MP Govt Quota,ST/X/OP Service,Madhya Pradesh,"MGM Med Coll, Indore",ORTHOPAEDICS,"₹1,01,500*","₹75,444",1,"₹10,00,000",1300,1796(1),1796(1),-,-,-,-
MP Govt Quota,SC/X/OP Service,Madhya Pradesh,"SSMC, Rewa",GENERAL MEDICINE,"₹1,01,500*","₹75,444",1,"₹10,00,000",1140,-,1760(1),1797(1),-,-,-
MP Govt Quota,OBC/X/OP Service,Madhya Pradesh,"SSMC, Rewa",ANAESTHESIOLOGY,"₹1,01,500*","₹75,444",1,"₹10,00,000",1140,1729(1),1761(1),1798(1),-,-,-
MP Govt Quota,SC/X/OP,Madhya Pradesh,"Govt Med Coll, Khandwa",ENT,"₹1,01,500*","₹75,444",1,"₹10,00,000",-,-,1805(1),-,-,-,-
MP Priv-Open,OBC/X/OP Service,Madhya Pradesh,"Aurobindo Med Coll, Indore",OBG,"₹20,70,000*","₹69,115*",1,"₹10,00,000",1230,1787(1),1787(1),1827(1),-,-,-
MP Priv-NRINonDomicil,UR/NRI (Non Domicile),Madhya Pradesh,"Peoples College, Bhopal",PAEDIATRICS,"₹63,70,000*","₹75,444",1,"₹10,00,000",1150,-,1831(1),-,-,-,-
MP Govt Quota,SC/X/OP,Madhya Pradesh,"Gaja Raja Med Coll, Gwalior",ENT,"₹1,01,500*","₹75,444",1,"₹10,00,000",1100,1216(1),1810(1),1853(1),-,-,-
MP Govt Quota,EWS/X/OP Service,Madhya Pradesh,"Gandhi Med Coll, Bhopal",GENERAL SURGERY,"₹1,01,500*","₹75,444",1,"₹10,00,000",1135,-,-,1868(1),-,-,-
MP Priv-NonDomicile,UR (Non Domicile),Madhya Pradesh,"Amaltas IMS, Dewas",ANAESTHESIOLOGY,"₹18,10,000*","₹69,115*",1,"₹10,00,000",720,-,1872(1),-,-,-,-
MP Govt Quota,ST/X/OP,Madhya Pradesh,"NSC Bose Med Coll, Jabalpur",TBRD,"₹1,01,500*","₹75,444",1,"₹10,00,000",1150,-,1875(1),-,-,-,-
MP Govt Quota,ST/X/OP Service,Madhya Pradesh,"Bundelkhand Med Coll, Sagar",PAEDIATRICS,"₹1,01,500*","₹75,444",1,"₹10,00,000",750,-,-,1879(1),-,-,-
MP Priv-Open,OBC/X/OP,Madhya Pradesh,"Chirayu Med Coll, Bhopal",ENT,"₹18,30,000*","₹72,633",1,"₹10,00,000",912,1903(1),-,-,-,-,-
MP Govt Quota,UR/X/OP Service,Madhya Pradesh,"Govt Med Coll, Khandwa",SPM,"₹1,01,500*","₹75,444",1,"₹10,00,000",-,-,-,1912(1),-,-,-
MP Priv-NRINonDomicil,UR/NRI (Non Domicile),Madhya Pradesh,"Index Med Coll, Indore",OBG,"₹70,17,500*","₹69,115*",1,"₹10,00,000",1299,-,1918(1),-,-,-,-
MP Govt Quota,SC/X/OP,Madhya Pradesh,"NSC Bose Med Coll, Jabalpur",FORENSIC MEDICINE,"₹1,01,500*","₹75,444",1,"₹10,00,000",1150,1919(1),-,-,-,-,-
MP Priv-Open,UR/X/OP Service,Madhya Pradesh,"Index Med Coll, Indore",GENERAL SURGERY,"₹19,12,000*","₹69,115*",1,"₹10,00,000",1299,-,-,1928(1),-,-,-
MP Govt Quota,SC/X/OP,Madhya Pradesh,"Atal Bihari Vajpayee, Vidisha",PATHOLOGY,"₹1,01,500*","₹75,444",1,"₹10,00,000",300,1533(1),1889(1),1944(1),-,-,-
MP Priv-Open,SC/X/OP,Madhya Pradesh,"Chirayu Med Coll, Bhopal",DERMATOLOGY,"₹22,10,000*","₹72,633",1,"₹10,00,000",912,1364(1),1910(1),1966(1),-,-,-
MP Priv-Open,UR/X/OP Service,Madhya Pradesh,"RKDF Medical College, Jatkhedi",OPHTHALMOLOGY,"₹18,40,000*","₹69,115*",1*,"₹10,00,000*",-,-,-,1973(1),-,-,-
MP Govt Quota,OBC/X/OP,Madhya Pradesh,"Govt Med Coll, Ratlam",PATHOLOGY,"₹1,01,500*","₹75,444",1,"₹10,00,000",300,-,1935(1),1994(1),-,-,-
MP Priv-NRINonDomicil,UR/NRI (Non Domicile),Madhya Pradesh,"Aurobindo Med Coll, Indore",OBG,"₹72,45,000*","₹69,115*",1,"₹10,00,000",1230,-,2000(1),-,-,-,-
MP Priv-Open,SC/X/OP,Madhya Pradesh,"Peoples College, Bhopal",DERMATOLOGY,"₹21,30,000*","₹75,444",1,"₹10,00,000",1150,1374(1),1941(1),2001(1),-,-,-
MP Govt Quota,ST/X/OP,Madhya Pradesh,"Gandhi Med Coll, Bhopal",ENT,"₹1,01,500*","₹75,444",1,"₹10,00,000",1135,2040(1),2040(1),-,-,-,-
MP Priv-NRINonDomicil,UR/NRI (Non Domicile),Madhya Pradesh,"Peoples College, Bhopal",GENERAL MEDICINE,"₹66,67,500*","₹75,444",1,"₹10,00,000",1150,-,2075(1),-,-,-,-
MP Govt Quota,UR/X/OP,Madhya Pradesh,"Govt Med Coll, Datia",SPM,"₹1,01,500*","₹75,444",1,"₹10,00,000",540,-,2081(1),-,-,-,-
MP Govt Quota,OBC/X/OP Service,Madhya Pradesh,"Atal Bihari Vajpayee, Vidisha",SPM,"₹1,01,500*","₹75,444",1,"₹10,00,000",300,-,-,2085(1),-,-,-
MP Priv-NRINonDomicil,UR/NRI (Non Domicile),Madhya Pradesh,"LNMC & RC, Bhopal",RADIO DIAGNOSIS,"₹79,80,000*","₹69,115*",1,"₹10,00,000",750,-,2106(1),-,-,-,-
MP Priv-Open,SC/X/OP,Madhya Pradesh,"Amaltas IMS, Dewas",GENERAL SURGERY,"₹18,10,000*","₹69,115*",1,"₹10,00,000",720,2110(1),-,-,-,-,-
MP Priv-Open,SC/X/OP,Madhya Pradesh,"Amaltas IMS, Dewas",TBRD,"₹18,10,000*","₹69,115*",1,"₹10,00,000",720,2113(1),-,-,-,-,-
MP Priv-Open,SC/X/OP,Madhya Pradesh,"Aurobindo Med Coll, Indore",EMERGENCY MEDICINE,"₹18,37,000*","₹69,115*",1,"₹10,00,000",1230,2120(1),-,-,-,-,-
MP Priv-NRINonDomicil,UR/NRI (Non Domicile),Madhya Pradesh,"RD Gardi, Ujjain",ORTHOPAEDICS,"₹40,50,000","₹69,115*",1,"₹10,00,000",750,-,2123(1),-,-,-,-
MP Priv-Open,SC/X/OP,Madhya Pradesh,"RD Gardi, Ujjain",TBRD,"₹13,50,000","₹69,115*",1,"₹10,00,000",750,2049(1),2049(1),2125(1),-,-,-
MP Govt Quota,ST/X/OP,Madhya Pradesh,"SSMC, Rewa",PSYCHIATRY,"₹1,01,500*","₹75,444",1,"₹10,00,000",1140,1984(1),2142(1),-,-,-,-
MP Priv-Open,UR/X/OP Service,Madhya Pradesh,"Aurobindo Med Coll, Indore",ANAESTHESIOLOGY,"₹18,37,000*","₹69,115*",1,"₹10,00,000",1230,-,-,2146(1),-,-,-
MP Priv-Open,SC/X/OP,Madhya Pradesh,"Peoples College, Bhopal",ORTHOPAEDICS,"₹18,20,000*","₹75,444",1,"₹10,00,000",1150,2150(1),-,-,-,-,-
MP Govt Quota,OBC/X/OP,Madhya Pradesh,"NSC Bose Med Coll, Jabalpur",ANATOMY,"₹1,01,500*","₹75,444",1,"₹10,00,000",1150,2153(1),-,-,-,-,-
MP Priv-Open,OBC/X/OP,Madhya Pradesh,"Amaltas IMS, Dewas",ENT,"₹18,10,000*","₹69,115*",1,"₹10,00,000",720,2161(1),-,2122(1),-,-,-
MP Priv-Open,ST/X/OP,Madhya Pradesh,"LNMC & RC, Bhopal",DERMATOLOGY,"₹22,80,000*","₹69,115*",1,"₹10,00,000",750,2184(1),2184(1),-,-,-,-
MP Govt Quota,OBC/X/OP,Madhya Pradesh,"MGM Med Coll, Indore",SPM,"₹1,01,500*","₹75,444",1,"₹10,00,000",1300,1480(1),2187(2),-,-,-,-
MP Govt Quota,OBC/X/OP,Madhya Pradesh,"Atal Bihari Vajpayee, Vidisha",PATHOLOGY,"₹1,01,500*","₹75,444",1,"₹10,00,000",300,1121(1),2067(3),2191(2),-,-,-
MP Priv-Open,SC/X/OP,Madhya Pradesh,"Index Med Coll, Indore",DERMATOLOGY,"₹22,50,000*","₹69,115*",1,"₹10,00,000",1299,-,2111(2),2198(2),-,-,-
MP Priv-Open,SC/X/OP,Madhya Pradesh,"Aurobindo Med Coll, Indore",PSYCHIATRY,"₹19,70,000*","₹69,115*",1,"₹10,00,000",1230,2199(1),-,-,-,-,-
MP Govt Quota,OBC/X/OP,Madhya Pradesh,"Govt Med Coll, Datia",PATHOLOGY,"₹1,01,500*","₹75,444",1,"₹10,00,000",540,1162(1),1681(1),2210(1),-,-,-
MP Priv-NonDomicile,UR (Non Domicile),Madhya Pradesh,"Chirayu Med Coll, Bhopal",ANAESTHESIOLOGY,"₹18,30,000*","₹72,633",1,"₹10,00,000",912,-,2100(3),2227(2),-,-,-
MP Priv-Open,SC/X/OP,Madhya Pradesh,"Index Med Coll, Indore",GENERAL SURGERY,"₹19,12,000*","₹69,115*",1,"₹10,00,000",1299,-,-,2228(1),-,-,-
MP Govt Quota,ST/X/OP,Madhya Pradesh,"MGM Med Coll, Indore",PATHOLOGY,"₹1,01,500*","₹75,444",1,"₹10,00,000",1300,1954(1),2135(1),2231(1),-,-,-
MP Govt Quota,SC/X/OP Service,Madhya Pradesh,"Govt Med Coll, Khandwa",ENT,"₹1,01,500*","₹75,444",1,"₹10,00,000",-,1603(1),-,2272(1),-,-,-
MP Govt Quota,UR/X/OP,Madhya Pradesh,"SSMC, Rewa",MICROBIOLOGY,"₹1,01,500*","₹75,444",1,"₹10,00,000",1140,-,-,2281(1),-,-,-
MP Govt Quota,OBC/X/OP,Madhya Pradesh,"SSMC, Rewa",SPM,"₹1,01,500*","₹75,444",1,"₹10,00,000",1140,1683(1),-,2284(1),-,-,-
MP Govt Quota,ST/X/OP,Madhya Pradesh,"Atal Bihari Vajpayee, Vidisha",PATHOLOGY,"₹1,01,500*","₹75,444",1,"₹10,00,000",300,-,-,2300(1),-,-,-
MP Priv-NRINonDomicil,UR/NRI (Non Domicile),Madhya Pradesh,"Peoples College, Bhopal",ORTHOPAEDICS,"₹63,70,000*","₹75,444",1,"₹10,00,000",1150,-,2309(1),-,-,-,-
MP Govt Quota,UR/X/OP Service,Madhya Pradesh,"Gaja Raja Med Coll, Gwalior",MICROBIOLOGY,"₹1,01,500*","₹75,444",1,"₹10,00,000",1100,-,-,2319(1),-,-,-
MP Priv-Open,SC/X/OP,Madhya Pradesh,"Chirayu Med Coll, Bhopal",OBG,"₹19,70,000*","₹72,633",1,"₹10,00,000",912,-,2172(1),2328(1),-,-,-
MP Govt Quota,OBC/X/OP,Madhya Pradesh,"SSMC, Rewa",PATHOLOGY,"₹1,01,500*","₹75,444",1,"₹10,00,000",1140,-,1625(1),2338(1),-,-,-
MP Priv-Open,UR/X/OP Service,Madhya Pradesh,"Aurobindo Med Coll, Indore",SPM,"₹97,800*","₹69,115*",1,"₹10,00,000",1230,-,-,2368(1),-,-,-
MP Priv-Open,UR/X/OP Service,Madhya Pradesh,"Index Med Coll, Indore",ANAESTHESIOLOGY,"₹19,12,000*","₹69,115*",1,"₹10,00,000",1299,-,-,2378(1),-,-,-
MP Priv-NonDomicile,UR (Non Domicile),Madhya Pradesh,"Index Med Coll, Indore",OPHTHALMOLOGY,"₹19,12,000*","₹69,115*",1,"₹10,00,000",1299,-,2228(3),2383(2),-,-,-
MP Priv-Open,UR/X/OP Service,Madhya Pradesh,"RD Gardi, Ujjain",SPM,"₹7,50,000","₹69,115*",1,"₹10,00,000",750,-,-,2417(1),-,-,-
MP Priv-Open,SC/X/OP,Madhya Pradesh,"RD Gardi, Ujjain",OPHTHALMOLOGY,"₹13,50,000","₹69,115*",1,"₹10,00,000",750,1912(2),2166(2),2421(2),-,-,-
MP Govt Quota,ST/X/OP Service,Madhya Pradesh,"Gandhi Med Coll, Bhopal",GENERAL SURGERY,"₹1,01,500*","₹75,444",1,"₹10,00,000",1135,-,-,2424(1),-,-,-
MP Priv-Open,UR/X/OP Service,Madhya Pradesh,"Amaltas IMS, Dewas",ANAESTHESIOLOGY,"₹18,10,000*","₹69,115*",1,"₹10,00,000",720,-,-,2425(1),-,-,-
MP Govt Quota,UR/X/OP,Madhya Pradesh,"SSMC, Rewa",FORENSIC MEDICINE,"₹1,01,500*","₹75,444",1,"₹10,00,000",1140,1790(1),-,2426(1),-,-,-
MP Priv-Open,UR/X/OP Service,Madhya Pradesh,"Peoples College, Bhopal",ANAESTHESIOLOGY,"₹18,20,000*","₹75,444",1,"₹10,00,000",1150,-,-,2445(1),-,-,-
MP Govt Quota,OBC/X/OP,Madhya Pradesh,"Govt Med Coll, Khandwa",PATHOLOGY,"₹1,01,500*","₹75,444",1,"₹10,00,000",-,-,2196(2),2461(1),-,-,-
MP Govt Quota,EWS/X/OP,Madhya Pradesh,"Govt Med Coll, Datia",SPM,"₹1,01,500*","₹75,444",1,"₹10,00,000",540,-,-,2467(1),-,-,-
MP Priv-Open,OBC/X/OP,Madhya Pradesh,"Aurobindo Med Coll, Indore",ENT,"₹18,37,000*","₹69,115*",1,"₹10,00,000",1230,-,2217(2),2477(1),-,-,-
MP Priv-Open,UR/X/OP Service,Madhya Pradesh,"LNMC & RC, Bhopal",ANAESTHESIOLOGY,"₹19,60,000*","₹69,115*",1,"₹10,00,000",750,-,-,2481(2),-,-,-
MP Priv-NonDomicile,UR (Non Domicile),Madhya Pradesh,"Amaltas IMS, Dewas",OPHTHALMOLOGY,"₹18,10,000*","₹69,115*",1,"₹10,00,000",720,-,2332(1),2513(1),-,-,-
MP Govt Quota,SC/X/OP,Madhya Pradesh,"Bundelkhand Med Coll, Sagar",SPM,"₹1,01,500*","₹75,444",1,"₹10,00,000",750,-,-,2517(1),-,-,-
MP Govt Quota,ST/X/OP,Madhya Pradesh,"Gaja Raja Med Coll, Gwalior",SPM,"₹1,01,500*","₹75,444",1,"₹10,00,000",1100,-,-,2519(1),-,-,-
MP Priv-Open,SC/X/OP,Madhya Pradesh,"LNMC & RC, Bhopal",ENT,"₹19,60,000*","₹69,115*",1,"₹10,00,000",750,-,-,2522(1),-,-,-
MP Priv-Open,ST/X/OP,Madhya Pradesh,"Index Med Coll, Indore",PSYCHIATRY,"₹19,12,000*","₹69,115*",1,"₹10,00,000",1299,-,-,2532(1),-,-,-
MP Govt Quota,UR/X/OP,Madhya Pradesh,"Bundelkhand Med Coll, Sagar",PHARMACOLOGY,"₹1,01,500*","₹75,444",1,"₹10,00,000",750,-,-,2543(1),-,-,-
MP Govt Quota,UR/X/OP,Madhya Pradesh,"NSC Bose Med Coll, Jabalpur",FORENSIC MEDICINE,"₹1,01,500*","₹75,444",1,"₹10,00,000",1150,-,-,2555(1),-,-,-
MP Priv-Open,SC/X/OP,Madhya Pradesh,"LNMC & RC, Bhopal",PATHOLOGY,"₹10,00,000*","₹69,115*",1,"₹10,00,000",750,-,-,2562(1),-,-,-
MP Priv-Open,UR/X/OP Service,Madhya Pradesh,"RKDF Medical College, Jatkhedi",ANAESTHESIOLOGY,"₹18,40,000*","₹69,115*",1*,"₹10,00,000*",-,-,-,2613(2),-,-,-
MP Govt Quota,ST/X/OP Service,Madhya Pradesh,"SSMC, Rewa",PSYCHIATRY,"₹1,01,500*","₹75,444",1,"₹10,00,000",1140,-,-,2627(1),-,-,-
MP Govt Quota,ST/X/OP,Madhya Pradesh,"MGM Med Coll, Indore",SPM,"₹1,01,500*","₹75,444",1,"₹10,00,000",1300,2183(1),-,2637(1),-,-,-
MP Priv-Open,UR/X/OP Service,Madhya Pradesh,"Peoples College, Bhopal",ENT,"₹18,20,000*","₹75,444",1,"₹10,00,000",1150,-,-,2645(1),-,-,-
MP Priv-NonDomicile,UR (Non Domicile),Madhya Pradesh,"Amaltas IMS, Dewas",ENT,"₹18,10,000*","₹69,115*",1,"₹10,00,000",720,-,2431(3),2650(2),-,-,-
MP Priv-Open,OBC/X/OP,Madhya Pradesh,"Index Med Coll, Indore",ENT,"₹19,12,000*","₹69,115*",1,"₹10,00,000",1299,1938(1),-,2652(1),-,-,-
MP Priv-NRI,UR/NRI/OP,Madhya Pradesh,"Amaltas IMS, Dewas",ORTHOPAEDICS,"₹63,35,000*","₹69,115*",1,"₹10,00,000",720,-,-,2668(1),-,-,-
MP Priv-NRI,UR/NRI/OP,Madhya Pradesh,"Chirayu Med Coll, Bhopal",GENERAL SURGERY,"₹64,05,000*","₹72,633",1,"₹10,00,000",912,-,-,2704(1),-,-,-
MP Priv-Open,ST/X/OP,Madhya Pradesh,"Peoples College, Bhopal",ANAESTHESIOLOGY,"₹18,20,000*","₹75,444",1,"₹10,00,000",1150,-,-,2711(1),-,-,-
MP Priv-Open,ST/X/OP,Madhya Pradesh,"Aurobindo Med Coll, Indore",PATHOLOGY,"₹10,00,000*","₹69,115*",1,"₹10,00,000",1230,-,-,2723(1),-,-,-
MP Priv-Open,ST/X/OP,Madhya Pradesh,"Peoples College, Bhopal",SPM,"₹4,51,000*","₹75,444",1,"₹10,00,000",1150,-,-,2739(1),-,-,-
MP Priv-Open,UR/X/OP Service,Madhya Pradesh,"Chirayu Med Coll, Bhopal",RADIATION ONCOLOGY,"₹18,30,000*","₹72,633",1,"₹10,00,000",912,-,-,2767(1),-,-,-
MP Priv-Open,OBC/X/OP,Madhya Pradesh,"Index Med Coll, Indore",SPM,"₹99,800*","₹69,115*",1,"₹10,00,000",1299,-,-,2775(1),-,-,-
MP Priv-Open,OBC/X/OP,Madhya Pradesh,"RKDF Medical College, Jatkhedi",SPM,"₹11,00,000*","₹69,115*",1*,"₹10,00,000*",-,-,-,2790(1),-,-,-
MP Priv-NRI,UR/NRI/OP,Madhya Pradesh,"RKDF Medical College, Jatkhedi",OBG,"₹65,45,000*","₹69,115*",1*,"₹10,00,000*",-,-,-,2797(1),-,-,-
MP Priv-Open,UR/X/OP,Madhya Pradesh,"Peoples College, Bhopal",FORENSIC MEDICINE,"₹4,51,000*","₹75,444",1,"₹10,00,000",1150,-,-,2824(2),-,-,-
MP Priv-NRI,UR/NRI/OP,Madhya Pradesh,"Aurobindo Med Coll, Indore",OPHTHALMOLOGY,"₹68,95,000*","₹69,115*",1,"₹10,00,000",1230,-,-,2831(1),-,-,-
MP Priv-Open,SC/X/OP,Madhya Pradesh,"RD Gardi, Ujjain",SPM,"₹7,50,000","₹69,115*",1,"₹10,00,000",750,-,-,2841(1),-,-,-
MP Priv-Open,OBC/X/OP Service,Madhya Pradesh,"Amaltas IMS, Dewas",PSYCHIATRY,"₹18,10,000*","₹69,115*",1,"₹10,00,000",720,-,-,2847(1),-,-,-
MP Priv-Open,OBC/X/OP Service,Madhya Pradesh,"Index Med Coll, Indore",OPHTHALMOLOGY,"₹19,12,000*","₹69,115*",1,"₹10,00,000",1299,-,-,2849(1),-,-,-
MP Priv-Open,UR/X/OP Service,Madhya Pradesh,"Index Med Coll, Indore",ENT,"₹19,12,000*","₹69,115*",1,"₹10,00,000",1299,-,-,2853(1),-,-,-
MP Priv-Open,OBC/X/OP Service,Madhya Pradesh,"Index Med Coll, Indore",ANAESTHESIOLOGY,"₹19,12,000*","₹69,115*",1,"₹10,00,000",1299,-,-,2870(1),-,-,-
MP Priv-NRI,UR/NRI/OP,Madhya Pradesh,"RKDF Medical College, Jatkhedi",PAEDIATRICS,"₹64,40,000*","₹69,115*",1*,"₹10,00,000*",-,-,-,2871(1),-,-,-
MP Govt Quota,ST/X/OP,Madhya Pradesh,"MGM Med Coll, Indore",PHARMACOLOGY,"₹1,01,500*","₹75,444",1,"₹10,00,000",1300,-,-,2876(1),-,-,-
MP Priv-Open,UR/X/OP,Madhya Pradesh,"Index Med Coll, Indore",PHARMACOLOGY,"₹99,800*","₹69,115*",1,"₹10,00,000",1299,-,-,2879(1),-,-,-
MP Priv-Open,SC/X/OP,Madhya Pradesh,"Index Med Coll, Indore",ANAESTHESIOLOGY,"₹19,12,000*","₹69,115*",1,"₹10,00,000",1299,-,-,2888(1),-,-,-
MP Govt Quota,UR/X/OP,Madhya Pradesh,"Atal Bihari Vajpayee, Vidisha",MICROBIOLOGY,"₹1,01,500*","₹75,444",1,"₹10,00,000",300,1953(1),-,2892(1),-,-,-
MP Priv-Open,SC/X/OP,Madhya Pradesh,"LNMC & RC, Bhopal",SPM,"₹1,00,000*","₹69,115*",1,"₹10,00,000",750,-,-,2933(1),-,-,-
MP Govt Quota,ST/X/OP,Madhya Pradesh,"Bundelkhand Med Coll, Sagar",FORENSIC MEDICINE,"₹1,01,500*","₹75,444",1,"₹10,00,000",750,-,-,2943(1),-,-,-
MP Govt Quota,SC/X/OP,Madhya Pradesh,"MGM Med Coll, Indore",MICROBIOLOGY,"₹1,01,500*","₹75,444",1,"₹10,00,000",1300,-,-,2982(1),-,-,-
MP Priv-Open,OBC/X/OP Service,Madhya Pradesh,"Peoples College, Bhopal",ANAESTHESIOLOGY,"₹18,20,000*","₹75,444",1,"₹10,00,000",1150,-,-,3005(1),-,-,-
MP Govt Quota,UR/X/OP,Madhya Pradesh,"Govt Med Coll, Datia",PHARMACOLOGY,"₹1,01,500*","₹75,444",1,"₹10,00,000",540,-,-,3028(2),-,-,-
MP Govt Quota,SC/X/OP,Madhya Pradesh,"SSMC, Rewa",MICROBIOLOGY,"₹1,01,500*","₹75,444",1,"₹10,00,000",1140,-,-,3031(1),-,-,-
MP Priv-Open,SC/X/OP Service,Madhya Pradesh,"Index Med Coll, Indore",SPM,"₹99,800*","₹69,115*",1,"₹10,00,000",1299,-,-,3033(1),-,-,-
MP Govt Quota,UR/X/OP Service,Madhya Pradesh,"Gandhi Med Coll, Bhopal",MICROBIOLOGY,"₹1,01,500*","₹75,444",1,"₹10,00,000",1135,-,-,3036(1),-,-,-
MP Govt Quota,SC/X/OP,Madhya Pradesh,"Bundelkhand Med Coll, Sagar",PHARMACOLOGY,"₹1,01,500*","₹75,444",1,"₹10,00,000",750,-,-,3077(1),-,-,-
MP Priv-Open,ST/X/OP,Madhya Pradesh,"RD Gardi, Ujjain",SPM,"₹7,50,000","₹69,115*",1,"₹10,00,000",750,-,-,3085(1),-,-,-
MP Priv-Open,UR/X/OP,Madhya Pradesh,"Peoples College, Bhopal",MICROBIOLOGY,"₹4,51,000*","₹75,444",1,"₹10,00,000",1150,-,-,3089(2),-,-,-
MP Priv-Open,UR/X/OP Service,Madhya Pradesh,"LNMC & RC, Bhopal",ENT,"₹19,60,000*","₹69,115*",1,"₹10,00,000",750,-,-,3094(1),-,-,-
MP Priv-Open,UR/X/OP Service,Madhya Pradesh,"Peoples College, Bhopal",SPM,"₹4,51,000*","₹75,444",1,"₹10,00,000",1150,-,-,3099(1),-,-,-
MP Priv-Open,UR/X/OP Service,Madhya Pradesh,"Aurobindo Med Coll, Indore",FORENSIC MEDICINE,"₹97,800*","₹69,115*",1,"₹10,00,000",1230,-,-,3106(1),-,-,-
MP Priv-Open,ST/X/OP,Madhya Pradesh,"RKDF Medical College, Jatkhedi",SPM,"₹11,00,000*","₹69,115*",1*,"₹10,00,000*",-,-,-,3112(2),-,-,-
MP Priv-Open,OBC/X/OP,Madhya Pradesh,"RKDF Medical College, Jatkhedi",PATHOLOGY,"₹8,50,000*","₹69,115*",1*,"₹10,00,000*",-,-,-,3113(1),-,-,-
MP Govt Quota,ST/X/OP,Madhya Pradesh,"Gandhi Med Coll, Bhopal",FORENSIC MEDICINE,"₹1,01,500*","₹75,444",1,"₹10,00,000",1135,2078(1),-,3139(1),-,-,-
MP Priv-Open,UR/X/OP,Madhya Pradesh,"Chirayu Med Coll, Bhopal",MICROBIOLOGY,"₹9,10,000*","₹72,633",1,"₹10,00,000",912,-,-,3140(1),-,-,-
MP Govt-NonDomicile,UR (Non Domicile),Madhya Pradesh,"Govt Med Coll, Datia",BIOCHEMISTRY,"₹1,01,500*","₹75,444",1,"₹10,00,000",540,-,-,3156(1),-,-,-
MP Priv-Open,ST/X/OP Service,Madhya Pradesh,"Index Med Coll, Indore",ENT,"₹19,12,000*","₹69,115*",1,"₹10,00,000",1299,-,-,3156(1),-,-,-
MP Govt Quota,ST/X/OP,Madhya Pradesh,"NSC Bose Med Coll, Jabalpur",MICROBIOLOGY,"₹1,01,500*","₹75,444",1,"₹10,00,000",1150,-,-,3160(1),-,-,-
MP Priv-Open,ST/X/OP,Madhya Pradesh,"Peoples College, Bhopal",ENT,"₹18,20,000*","₹75,444",1,"₹10,00,000",1150,-,-,3186(1),-,-,-
MP Govt Quota,SC/X/OP Service,Madhya Pradesh,"Govt Med Coll, Ratlam",MICROBIOLOGY,"₹1,01,500*","₹75,444",1,"₹10,00,000",300,-,-,3188(1),-,-,-
MP Govt Quota,UR/X/OP Service,Madhya Pradesh,"Gandhi Med Coll, Bhopal",FORENSIC MEDICINE,"₹1,01,500*","₹75,444",1,"₹10,00,000",1135,-,-,3197(1),-,-,-
MP Priv-Open,OBC/X/OP,Madhya Pradesh,"LNMC & RC, Bhopal",SPM,"₹1,00,000*","₹69,115*",1,"₹10,00,000",750,-,-,3199(2),-,-,-
MP Priv-Open,OBC/X/OP,Madhya Pradesh,"Chirayu Med Coll, Bhopal",MICROBIOLOGY,"₹9,10,000*","₹72,633",1,"₹10,00,000",912,-,-,3201(1),-,-,-
MP Priv-Open,UR/X/OP,Madhya Pradesh,"RD Gardi, Ujjain",MICROBIOLOGY,"₹7,50,000","₹69,115*",1,"₹10,00,000",750,-,-,3227(3),-,-,-
MP Priv-Open,UR/X/OP,Madhya Pradesh,"LNMC & RC, Bhopal",PHARMACOLOGY,"₹1,00,000*","₹69,115*",1,"₹10,00,000",750,-,-,3235(2),-,-,-
MP Priv-NonDomicile,UR (Non Domicile),Madhya Pradesh,"Aurobindo Med Coll, Indore",PHYSIOLOGY,"₹97,800*","₹69,115*",1,"₹10,00,000",1230,-,-,3238(1),-,-,-
MP Priv-Open,OBC/X/OP,Madhya Pradesh,"Aurobindo Med Coll, Indore",RADIATION ONCOLOGY,"₹18,37,000*","₹69,115*",1,"₹10,00,000",1230,1970(1),-,3244(1),-,-,-
MP Priv-Open,UR/X/OP Service,Madhya Pradesh,"RKDF Medical College, Jatkhedi",SPM,"₹11,00,000*","₹69,115*",1*,"₹10,00,000*",-,-,-,3250(2),-,-,-
MP Govt Quota,UR/X/OP,Madhya Pradesh,"Bundelkhand Med Coll, Sagar",BIOCHEMISTRY,"₹1,01,500*","₹75,444",1,"₹10,00,000",750,-,-,3252(1),-,-,-
MP Priv-Open,SC/X/OP Service,Madhya Pradesh,"RD Gardi, Ujjain",SPM,"₹7,50,000","₹69,115*",1,"₹10,00,000",750,-,-,3258(1),-,-,-
MP Govt Quota,UR/X/OP,Madhya Pradesh,"Bundelkhand Med Coll, Sagar",ANATOMY,"₹1,01,500*","₹75,444",1,"₹10,00,000",750,-,-,3268(1),-,-,-
MP Govt Quota,UR/X/OP Service,Madhya Pradesh,"SSMC, Rewa",FORENSIC MEDICINE,"₹1,01,500*","₹75,444",1,"₹10,00,000",1140,-,-,3280(1),-,-,-
MP Govt Quota,OBC/X/OP,Madhya Pradesh,"Gandhi Med Coll, Bhopal",PHARMACOLOGY,"₹1,01,500*","₹75,444",1,"₹10,00,000",1135,1856(1),-,3307(2),-,-,-
MP Govt Quota,UR/X/OP,Madhya Pradesh,"Govt Med Coll, Ratlam",BIOCHEMISTRY,"₹1,01,500*","₹75,444",1,"₹10,00,000",300,-,-,3314(1),-,-,-
MP Priv-Open,ST/X/OP,Madhya Pradesh,"Chirayu Med Coll, Bhopal",PATHOLOGY,"₹9,10,000*","₹72,633",1,"₹10,00,000",912,-,-,3333(1),-,-,-
MP Priv-Open,OBC/X/OP Service,Madhya Pradesh,"RKDF Medical College, Jatkhedi",ENT,"₹18,40,000*","₹69,115*",1*,"₹10,00,000*",-,-,-,3344(1),-,-,-
MP Priv-Open,ST/X/OP,Madhya Pradesh,"LNMC & RC, Bhopal",ANAESTHESIOLOGY,"₹19,60,000*","₹69,115*",1,"₹10,00,000",750,-,-,3348(1),-,-,-
MP Govt Quota,UR/X/OP,Madhya Pradesh,"Atal Bihari Vajpayee, Vidisha",BIOCHEMISTRY,"₹1,01,500*","₹75,444",1,"₹10,00,000",300,2102(1),-,3358(3),-,-,-
MP Priv-Open,ST/X/OP,Madhya Pradesh,"Aurobindo Med Coll, Indore",FORENSIC MEDICINE,"₹97,800*","₹69,115*",1,"₹10,00,000",1230,-,-,3369(1),-,-,-
MP Govt Quota,OBC/X/OP,Madhya Pradesh,"Atal Bihari Vajpayee, Vidisha",MICROBIOLOGY,"₹1,01,500*","₹75,444",1,"₹10,00,000",300,-,-,3385(1),-,-,-
MP Priv-Open,UR/X/OP Service,Madhya Pradesh,"Amaltas IMS, Dewas",PATHOLOGY,"₹9,50,000*","₹69,115*",1,"₹10,00,000",720,-,-,3404(1),-,-,-
MP Priv-Open,UR/X/OP,Madhya Pradesh,"Aurobindo Med Coll, Indore",ANATOMY,"₹97,800*","₹69,115*",1,"₹10,00,000",1230,-,-,3410(1),-,-,-
MP Govt Quota,EWS/X/OP,Madhya Pradesh,"Govt Med Coll, Khandwa",SPM,"₹1,01,500*","₹75,444",1,"₹10,00,000",-,1839(1),-,3414(1),-,-,-
MP Priv-Open,UR/X/OP,Madhya Pradesh,"Index Med Coll, Indore",BIOCHEMISTRY,"₹99,800*","₹69,115*",1,"₹10,00,000",1299,-,-,3444(2),-,-,-
MP Priv-Open,OBC/X/OP,Madhya Pradesh,"Peoples College, Bhopal",FORENSIC MEDICINE,"₹4,51,000*","₹75,444",1,"₹10,00,000",1150,-,-,3459(1),-,-,-
MP Priv-Open,OBC/X/OP,Madhya Pradesh,"Peoples College, Bhopal",MICROBIOLOGY,"₹4,51,000*","₹75,444",1,"₹10,00,000",1150,-,-,3465(1),-,-,-
MP Govt Quota,UR/X/OP,Madhya Pradesh,"SSMC, Rewa",ANATOMY,"₹1,01,500*","₹75,444",1,"₹10,00,000",1140,-,-,3467(3),-,-,-
MP Govt-NonDomicile,UR (Non Domicile),Madhya Pradesh,"Govt Med Coll, Ratlam",BIOCHEMISTRY,"₹1,01,500*","₹75,444",1,"₹10,00,000",300,-,-,3470(2),-,-,-
MP Govt Quota,UR/X/OP,Madhya Pradesh,"Govt Med Coll, Datia",BIOCHEMISTRY,"₹1,01,500*","₹75,444",1,"₹10,00,000",540,-,-,3470(1),-,-,-
MP Priv-Open,SC/X/OP,Madhya Pradesh,"RKDF Medical College, Jatkhedi",ANAESTHESIOLOGY,"₹18,40,000*","₹69,115*",1*,"₹10,00,000*",-,-,-,3472(1),-,-,-
MP Priv-Open,UR/X/OP,Madhya Pradesh,"RKDF Medical College, Jatkhedi",BIOCHEMISTRY,"₹11,00,000*","₹69,115*",1*,"₹10,00,000*",-,-,-,3474(1),-,-,-
MP Govt Quota,ST/X/OP,Madhya Pradesh,"NSC Bose Med Coll, Jabalpur",PHARMACOLOGY,"₹1,01,500*","₹75,444",1,"₹10,00,000",1150,-,-,3475(2),-,-,-
MP Govt Quota,ST/X/OP,Madhya Pradesh,"Atal Bihari Vajpayee, Vidisha",FORENSIC MEDICINE,"₹1,01,500*","₹75,444",1,"₹10,00,000",300,2212(1),2212(1),3479(1),-,-,-
MP Priv-Open,UR/X/OP Service,Madhya Pradesh,"RD Gardi, Ujjain",PATHOLOGY,"₹7,50,000","₹69,115*",1,"₹10,00,000",750,-,-,3480(2),-,-,-
MP Priv-Open,UR/X/OP,Madhya Pradesh,"Peoples College, Bhopal",PHYSIOLOGY,"₹4,51,000*","₹75,444",1,"₹10,00,000",1150,-,-,3482(1),-,-,-
MP Priv-Open,UR/X/OP,Madhya Pradesh,"LNMC & RC, Bhopal",BIOCHEMISTRY,"₹1,00,000*","₹69,115*",1,"₹10,00,000",750,-,-,3484(2),-,-,-
MP Priv-Open,UR/X/OP,Madhya Pradesh,"Index Med Coll, Indore",PHYSIOLOGY,"₹99,800*","₹69,115*",1,"₹10,00,000",1299,-,-,3487(3),-,-,-
MP Priv-Open,UR/X/OP Service,Madhya Pradesh,"Index Med Coll, Indore",PATHOLOGY,"₹9,44,300*","₹69,115*",1,"₹10,00,000",1299,-,-,3505(2),-,-,-
MP Priv-Open,ST/X/OP,Madhya Pradesh,"LNMC & RC, Bhopal",ENT,"₹19,60,000*","₹69,115*",1,"₹10,00,000",750,-,-,3514(1),-,-,-
MP Govt Quota,UR/X/OP,Madhya Pradesh,"Govt Med Coll, Datia",PHYSIOLOGY,"₹1,01,500*","₹75,444",1,"₹10,00,000",540,-,-,3520(2),-,-,-
MP Govt Quota,SC/X/OP,Madhya Pradesh,"MGM Med Coll, Indore",FORENSIC MEDICINE,"₹1,01,500*","₹75,444",1,"₹10,00,000",1300,1870(1),-,3521(1),-,-,-
MP Priv-Open,UR/X/OP,Madhya Pradesh,"Chirayu Med Coll, Bhopal",BIOCHEMISTRY,"₹9,10,000*","₹72,633",1,"₹10,00,000",912,-,-,3522(2),-,-,-
MP Priv-Open,UR/X/OP,Madhya Pradesh,"Chirayu Med Coll, Bhopal",ANATOMY,"₹9,10,000*","₹72,633",1,"₹10,00,000",912,-,-,3525(1),-,-,-
MP Priv-NonDomicile,UR (Non Domicile),Madhya Pradesh,"Peoples College, Bhopal",PHYSIOLOGY,"₹4,51,000*","₹75,444",1,"₹10,00,000",1150,-,-,4094(1),-,-,-
MP Priv-NonDomicile,UR (Non Domicile),Madhya Pradesh,"Chirayu Med Coll, Bhopal",PHARMACOLOGY,"₹9,10,000*","₹72,633",1,"₹10,00,000",912,-,-,4142(1),-,-,-
MP Priv-NonDomicile,UR (Non Domicile),Madhya Pradesh,"Aurobindo Med Coll, Indore",BIOCHEMISTRY,"₹97,800*","₹69,115*",1,"₹10,00,000",1230,-,-,4315(1),-,-,-
MP Priv-NonDomicile,UR (Non Domicile),Madhya Pradesh,"LNMC & RC, Bhopal",PHYSIOLOGY,"₹1,00,000*","₹69,115*",1,"₹10,00,000",750,-,-,4385(1),-,-,-
MP Govt-NonDomicile,UR (Non Domicile),Madhya Pradesh,"NSC Bose Med Coll, Jabalpur",ANATOMY,"₹1,01,500*","₹75,444",1,"₹10,00,000",1150,-,-,4472(1),-,-,-
MP Priv-NonDomicile,UR (Non Domicile),Madhya Pradesh,"Index Med Coll, Indore",ANATOMY,"₹99,800*","₹69,115*",1,"₹10,00,000",1299,-,-,4476(1),-,-,-
MP Govt-NonDomicile,UR (Non Domicile),Madhya Pradesh,"Gaja Raja Med Coll, Gwalior",ANATOMY,"₹1,01,500*","₹75,444",1,"₹10,00,000",1100,-,-,4507(2),-,-,-
MP Govt-NonDomicile,UR (Non Domicile),Madhya Pradesh,"Gandhi Med Coll, Bhopal",ANATOMY,"₹1,01,500*","₹75,444",1,"₹10,00,000",1135,-,-,4541(1),-,-,-
MP Govt-NonDomicile,UR (Non Domicile),Madhya Pradesh,"NSC Bose Med Coll, Jabalpur",PHYSIOLOGY,"₹1,01,500*","₹75,444",1,"₹10,00,000",1150,-,-,4565(1),-,-,-
MP Govt-NonDomicile,UR (Non Domicile),Madhya Pradesh,"MGM Med Coll, Indore",PHYSIOLOGY,"₹1,01,500*","₹75,444",1,"₹10,00,000",1300,-,-,4581(4),-,-,-
MP Priv-NonDomicile,UR (Non Domicile),Madhya Pradesh,"Peoples College, Bhopal",BIOCHEMISTRY,"₹4,51,000*","₹75,444",1,"₹10,00,000",1150,-,-,4610(2),-,-,-
MP Govt-NonDomicile,UR (Non Domicile),Madhya Pradesh,"Govt Med Coll, Ratlam",PHYSIOLOGY,"₹1,01,500*","₹75,444",1,"₹10,00,000",300,-,-,4613(2),-,-,-
MP Govt-NonDomicile,UR (Non Domicile),Madhya Pradesh,"Govt Med Coll, Ratlam",ANATOMY,"₹1,01,500*","₹75,444",1,"₹10,00,000",300,-,-,4615(1),-,-,-