Quota,Category,State,Institute,Course,Fee,Stipend Year 1,Bond Years,Bond Penalty,Beds,CR 2023 1,CR 2023 2,CR 2023 3,CR 2023 4,CR 2023 5,CR 2023 6,CR 2023 7,CR 2023 8,CR 2024 1,CR 2024 2,CR 2024 3,CR 2024 4,CR 2024 5,CR 2024 6
MAHA-Govt Quota,OPEN,Maharashtra,"Seth GS, Mumbai",RADIO DIAGNOSIS,"₹1,43,300*","₹92,522",1,"₹50,00,000",2250,4(2),4(2),4(2),4(2),4(2),-,-,-,8(2),8(2),8(2),-,-,-
MAHA-Govt Quota,OPEN,Maharashtra,"Lokmanya Tilak, Sion, Mumbai",RADIO DIAGNOSIS,"₹1,43,300*","₹92,522",1,"₹50,00,000",1462,19(1),19(1),19(1),19(1),19(1),-,-,-,10(1),16(1),16(1),-,-,-
MAHA-Govt Quota,OPEN,Maharashtra,"Seth GS, Mumbai",GENERAL MEDICINE,"₹1,43,300*","₹92,522",1,"₹50,00,000",2250,13(4),13(4),13(4),13(4),13(4),-,-,-,4(2),9(2),18(2),-,-,-
MAHA-Govt Quota,OPEN,Maharashtra,"Grant Med Coll, Mumbai",RADIO DIAGNOSIS,"₹1,43,300*","₹92,522",1,"₹50,00,000",2844,25(3),25(3),25(3),25(3),25(3),-,-,-,16(1),21(1),21(1),-,-,-
MAHA-Govt Quota,OBC,Maharashtra,"Seth GS, Mumbai",RADIO DIAGNOSIS,"₹1,43,300*","₹92,522",1,"₹50,00,000",2250,-,-,-,-,-,-,-,-,20(1),25(1),25(1),-,-,-
MAHA-Govt Quota,OBC,Maharashtra,"Lokmanya Tilak, Sion, Mumbai",RADIO DIAGNOSIS,"₹1,43,300*","₹92,522",1,"₹50,00,000",1462,22(1),80(1),80(1),80(1),80(1),-,-,-,29(1),29(1),29(1),-,-,-
MAHA-Govt Quota,OPEN,Maharashtra,"Lokmanya Tilak, Sion, Mumbai",GENERAL MEDICINE,"₹1,43,300*","₹92,522",1,"₹50,00,000",1462,8(3),8(3),8(3),8(3),8(3),-,-,-,15(3),30(3),30(3),-,-,-
MAHA-Govt Quota,OPEN,Maharashtra,"Govt Med Coll, Nagpur",RADIO DIAGNOSIS,"₹1,43,300*","₹92,522",1,"₹50,00,000",1866,33(2),36(2),36(2),36(2),36(2),-,-,-,26(1),35(1),35(1),-,-,-
MAHA-Govt Quota,OPEN,Maharashtra,"Topiwala, Mumbai",RADIO DIAGNOSIS,"₹1,43,300*","₹92,522",1,"₹50,00,000",1300,37(2),37(2),37(2),37(2),37(2),-,-,-,21(1),37(1),37(1),-,-,-
MAHA-Govt Quota,OBC,Maharashtra,"Grant Med Coll, Mumbai",RADIO DIAGNOSIS,"₹1,43,300*","₹92,522",1,"₹50,00,000",2844,80(2),93(2),93(2),93(2),93(2),-,-,-,25(1),38(1),38(1),-,-,-
MAHA-Govt Quota,OPEN,Maharashtra,"BJMC, Pune",RADIO DIAGNOSIS,"₹1,43,300*","₹92,522",1,"₹50,00,000",1296,38(2),55(2),55(2),55(2),55(2),-,-,-,22(1),39(1),39(1),-,-,-
MAHA-Govt Quota,OPEN,Maharashtra,"Topiwala, Mumbai",GENERAL MEDICINE,"₹1,43,300*","₹92,522",1,"₹50,00,000",1300,17(2),29(2),29(2),29(2),29(2),-,-,-,36(3),53(3),53(3),-,-,-
MAHA-Govt Quota,NT2,Maharashtra,"Seth GS, Mumbai",RADIO DIAGNOSIS,"₹1,43,300*","₹92,522",1,"₹50,00,000",2250,-,-,-,-,-,-,-,-,62(1),62(1),62(1),-,-,-
MAHA-Govt Quota,OBC,Maharashtra,"Govt Med Coll, Nagpur",RADIO DIAGNOSIS,"₹1,43,300*","₹92,522",1,"₹50,00,000",1866,95(1),95(1),95(1),95(1),95(1),-,-,-,65(2),65(2),65(2),-,-,-
MAHA-Govt Quota,OPEN,Maharashtra,"HBT & RN Cooper, Mumbai",GENERAL MEDICINE,"₹1,43,300*","₹92,522",1,"₹50,00,000",940,62(2),85(2),85(2),85(2),85(2),-,-,-,57(1),67(1),67(1),-,-,-
MAHA-Govt Quota,OPEN,Maharashtra,"Grant Med Coll, Mumbai",GENERAL MEDICINE,"₹1,43,300*","₹92,522",1,"₹50,00,000",2844,32(3),57(3),57(3),57(3),57(3),-,-,-,44(2),63(2),73(2),-,-,-
MAHA-Govt Quota,OBC,Maharashtra,"BJMC, Pune",RADIO DIAGNOSIS,"₹1,43,300*","₹92,522",1,"₹50,00,000",1296,93(1),144(1),144(1),144(1),144(1),-,-,-,38(1),74(1),74(1),-,-,-
MAHA-Govt Quota,EWS,Maharashtra,"Lokmanya Tilak, Sion, Mumbai",RADIO DIAGNOSIS,"₹1,43,300*","₹92,522",1,"₹50,00,000",1462,-,-,-,-,-,-,-,-,76(1),76(1),76(1),-,-,-
MAHA-Govt Quota,OPEN,Maharashtra,"Tata Memorial, Mumbai",RADIO DIAGNOSIS,"₹1,05,500*","₹1,00,800",1*,"₹25,00,000*",614,47(4),70(4),70(4),70(4),70(4),-,-,-,49(3),80(3),80(3),-,-,-
MAHA-Govt Quota,SEBC,Maharashtra,"Grant Med Coll, Mumbai",RADIO DIAGNOSIS,"₹1,43,300*","₹92,522",1,"₹50,00,000",2844,-,-,-,-,-,-,-,-,83(1),83(1),83(1),-,-,-
MAHA-Govt Quota,OPEN,Maharashtra,"Seth GS, Mumbai",DERMATOLOGY,"₹1,43,300*","₹92,522",1,"₹50,00,000",2250,-,-,-,-,-,-,-,-,84(1),84(1),84(1),-,-,-
MAHA-Govt Quota,OPEN,Maharashtra,"Topiwala, Mumbai",DERMATOLOGY,"₹1,43,300*","₹92,522",1,"₹50,00,000",1300,-,-,-,-,-,-,-,-,85(1),85(1),85(1),-,-,-
MAHA-Govt Quota,SEBC-PH,Maharashtra,"Lokmanya Tilak, Sion, Mumbai",GENERAL MEDICINE,"₹1,43,300*","₹92,522",1,"₹50,00,000",1462,-,-,-,-,-,-,-,-,-,-,86(1),-,-,-
MAHA-Govt Quota,OBC,Maharashtra,"Lokmanya Tilak, Sion, Mumbai",GENERAL MEDICINE,"₹1,43,300*","₹92,522",1,"₹50,00,000",1462,104(2),109(2),109(2),109(2),109(2),-,-,-,98(1),98(1),98(1),-,-,-
MAHA-Govt Quota,EWS,Maharashtra,"Seth GS, Mumbai",GENERAL MEDICINE,"₹1,43,300*","₹92,522",1,"₹50,00,000",2250,30(1),53(1),53(1),53(1),53(1),-,-,-,6(1),101(1),101(1),-,-,-
MAHA-Govt Quota,OBC,Maharashtra,"Seth GS, Mumbai",GENERAL MEDICINE,"₹1,43,300*","₹92,522",1,"₹50,00,000",2250,103(1),103(1),103(1),103(1),103(1),-,-,-,96(2),96(2),104(2),-,-,-
MAHA-Govt Quota,EWS,Maharashtra,"Grant Med Coll, Mumbai",RADIO DIAGNOSIS,"₹1,43,300*","₹92,522",1,"₹50,00,000",2844,39(1),39(1),39(1),39(1),39(1),-,-,-,108(1),108(1),108(1),-,-,-
MAHA-Govt Quota,OPEN,Maharashtra,"Govt Med Coll, Nagpur",GENERAL MEDICINE,"₹1,43,300*","₹92,522",1,"₹50,00,000",1866,52(6),72(6),161(6),161(6),161(6),-,-,-,51(4),106(4),110(4),-,-,-
MAHA-Govt Quota,SEBC,Maharashtra,"Tata Memorial, Mumbai",RADIO DIAGNOSIS,"₹1,05,500*","₹1,00,800",1*,"₹25,00,000*",614,-,-,-,-,-,-,-,-,116(1),111(1),111(1),-,-,-
MAHA-Govt Quota,SEBC,Maharashtra,"BJMC, Pune",RADIO DIAGNOSIS,"₹1,43,300*","₹92,522",1,"₹50,00,000",1296,-,-,-,-,-,-,-,-,111(1),116(1),116(1),-,-,-
MAHA-Govt Quota,OPEN,Maharashtra,"BJMC, Pune",GENERAL MEDICINE,"₹1,43,300*","₹92,522",1,"₹50,00,000",1296,59(2),79(2),175(2),175(2),175(2),-,-,-,63(1),117(1),117(1),-,-,-
MAHA-Govt Quota,OPEN,Maharashtra,"Grant Med Coll, Mumbai",DERMATOLOGY,"₹1,43,300*","₹92,522",1,"₹50,00,000",2844,26(1),48(1),119(2),119(2),119(2),-,-,-,120(2),120(2),120(2),-,-,-
MAHA-Govt Quota,OPEN,Maharashtra,"BJMC, Pune",DERMATOLOGY,"₹1,43,300*","₹92,522",1,"₹50,00,000",1296,9(1),78(1),78(1),78(1),78(1),-,-,-,121(1),121(1),121(1),-,-,-
MAHA-Govt Quota,OPEN,Maharashtra,"Indira Gandhi MedColl, Nagpur",RADIO DIAGNOSIS,"₹1,43,300*","₹92,522",1,"₹50,00,000",822,43(1),64(1),64(1),64(1),64(1),-,-,-,35(1),72(1),124(1),306(1),863(1),-
MAHA-Govt Quota,OPEN,Maharashtra,"Lokmanya Tilak, Sion, Mumbai",OBG,"₹1,43,300*","₹92,522",1,"₹50,00,000",1462,100(2),100(2),100(2),100(2),100(2),-,-,-,128(2),128(2),128(2),-,-,-
MAHA-Govt Quota,OBC,Maharashtra,"Indira Gandhi MedColl, Nagpur",RADIO DIAGNOSIS,"₹1,43,300*","₹92,522",1,"₹50,00,000",822,164(1),183(1),183(1),183(1),183(1),-,-,-,74(1),135(1),135(1),-,-,-
MAHA-Govt Quota,OBC,Maharashtra,"Topiwala, Mumbai",RADIO DIAGNOSIS,"₹1,43,300*","₹92,522",1,"₹50,00,000",1300,110(1),110(1),110(1),110(1),110(1),-,-,-,69(1),139(1),139(1),-,-,-
MAHA-Govt Quota,OPEN,Maharashtra,"NKP Salve IMS, Nagpur",RADIO DIAGNOSIS,"₹9,00,000*","₹64,551",0,₹0,1272,287(3),287(3),366(3),366(3),366(3),-,-,-,143(1),143(1),143(1),-,-,-
MAHA-Govt Quota,NT3,Maharashtra,"Seth GS, Mumbai",GENERAL MEDICINE,"₹1,43,300*","₹92,522",1,"₹50,00,000",2250,-,-,-,-,-,-,-,-,147(1),147(1),147(1),-,-,-
MAHA-Govt Quota,EWS,Maharashtra,"Govt Med Coll, Nagpur",GENERAL MEDICINE,"₹1,43,300*","₹92,522",1,"₹50,00,000",1866,88(1),133(1),133(1),133(1),133(1),-,-,-,101(2),149(2),149(2),-,-,-
MAHA-Govt Quota,OPEN,Maharashtra,"Govt Med Coll, Miraj",RADIO DIAGNOSIS,"₹1,43,300*","₹92,522",1,"₹50,00,000",725,75(1),107(1),107(1),107(1),107(1),-,-,-,37(1),48(1),150(1),-,-,-
MAHA-Govt Quota,EWS,Maharashtra,"Govt Med Coll, Nagpur",RADIO DIAGNOSIS,"₹1,43,300*","₹92,522",1,"₹50,00,000",1866,97(1),97(1),97(1),97(1),97(1),-,-,-,156(1),156(1),156(1),-,-,-
MAHA-Govt Quota,OBC,Maharashtra,"Topiwala, Mumbai",GENERAL MEDICINE,"₹1,43,300*","₹92,522",1,"₹50,00,000",1300,109(1),125(1),125(1),125(1),125(1),-,-,-,113(2),166(2),169(2),-,-,-
MAHA-Govt Quota,EWS,Maharashtra,"Tata Memorial, Mumbai",RADIO DIAGNOSIS,"₹1,05,500*","₹1,00,800",1*,"₹25,00,000*",614,124(1),135(1),135(1),135(1),135(1),-,-,-,170(1),170(1),170(1),-,-,-
MAHA-Govt Quota,OPEN,Maharashtra,"Kashibai Navale, Pune",DERMATOLOGY,"₹12,94,000*","₹76,429",0,₹0,1094,-,-,-,-,-,-,-,-,173(1),173(1),173(1),-,-,-
MAHA-Govt Quota,OBC,Maharashtra,"Tata Memorial, Mumbai",RADIO DIAGNOSIS,"₹1,05,500*","₹1,00,800",1*,"₹25,00,000*",614,102(1),102(1),102(1),102(1),102(1),-,-,-,75(1),174(1),174(1),-,-,-
MAHA-Govt Quota,EWS,Maharashtra,"Topiwala, Mumbai",GENERAL MEDICINE,"₹1,43,300*","₹92,522",1,"₹50,00,000",1300,90(1),158(1),158(1),158(1),158(1),-,-,-,149(1),176(1),176(1),-,-,-
MAHA-Govt Quota,EWS,Maharashtra,"Govt Med Coll, Aurangabad",GENERAL MEDICINE,"₹1,43,300*","₹92,522",1,"₹50,00,000",1177,121(1),178(1),178(1),178(1),178(1),-,-,-,180(1),180(1),180(1),-,-,-
MAHA-Govt Quota,OPEN,Maharashtra,"Seth GS, Mumbai",OPHTHALMOLOGY,"₹1,43,300*","₹92,522",1,"₹50,00,000",2250,256(1),494(1),811(1),811(1),811(1),-,-,-,181(1),181(1),181(1),-,-,-
MAHA-Govt Quota,OPEN,Maharashtra,"Indira Gandhi MedColl, Nagpur",DERMATOLOGY,"₹1,43,300*","₹92,522",1,"₹50,00,000",822,70(1),222(1),254(1),254(1),254(1),-,-,-,124(1),185(1),185(1),-,-,-
MAHA-Govt Quota,EWS,Maharashtra,"BJMC, Pune",GENERAL MEDICINE,"₹1,43,300*","₹92,522",1,"₹50,00,000",1296,129(1),214(1),231(1),231(1),231(1),-,-,-,189(1),201(1),189(1),-,-,-
MAHA-Govt Quota,OPEN,Maharashtra,"Govt Med Coll, Aurangabad",GENERAL MEDICINE,"₹1,43,300*","₹92,522",1,"₹50,00,000",1177,63(3),112(3),229(3),229(3),229(3),-,-,-,87(3),151(3),191(3),-,-,-
MAHA-Govt Quota,OPEN,Maharashtra,"BJMC, Pune",OPHTHALMOLOGY,"₹1,43,300*","₹92,522",1,"₹50,00,000",1296,494(1),665(1),665(1),665(1),665(1),-,-,-,194(1),194(1),194(1),-,-,-
MAHA-Govt Quota,OPEN,Maharashtra,"Lokmanya Tilak, Sion, Mumbai",PAEDIATRICS,"₹1,43,300*","₹92,522",1,"₹50,00,000",1462,114(1),210(1),210(1),210(1),210(1),-,-,-,195(2),195(2),195(2),-,-,-
MAHA-Govt Quota,OPEN,Maharashtra,"Indira Gandhi MedColl, Nagpur",GENERAL MEDICINE,"₹1,43,300*","₹92,522",1,"₹50,00,000",822,66(1),98(1),269(1),269(1),269(1),-,-,-,91(1),107(1),198(1),-,-,-
MAHA-Govt Quota,VJ,Maharashtra,"Lokmanya Tilak, Sion, Mumbai",GENERAL MEDICINE,"₹1,43,300*","₹92,522",1,"₹50,00,000",1462,-,-,-,-,-,-,-,-,202(1),202(1),202(1),-,-,-
MAHA-Govt Quota,OPEN,Maharashtra,"HBT & RN Cooper, Mumbai",ENT,"₹1,43,300*","₹92,522",1,"₹50,00,000",940,-,-,-,-,-,-,-,-,204(1),204(1),204(1),-,-,-
MAHA-Govt Quota,SEBC,Maharashtra,"Govt Med Coll, Nagpur",RADIO DIAGNOSIS,"₹1,43,300*","₹92,522",1,"₹50,00,000",1866,-,-,-,-,-,-,-,-,159(1),207(1),207(1),-,-,-
MAHA-Govt Quota,OPEN,Maharashtra,"Vithalrao Patil, Ahmednagar",RADIO DIAGNOSIS,"₹10,00,000*","₹76,629",0,₹0,960,417(1),458(1),496(1),496(1),496(1),-,-,-,164(1),208(1),208(1),-,-,-
MAHA-Govt Quota,OBC,Maharashtra,"BJMC, Pune",DERMATOLOGY,"₹1,43,300*","₹92,522",1,"₹50,00,000",1296,240(1),302(1),302(1),302(1),302(1),-,-,-,123(1),209(1),209(1),-,-,-
MAHA-Govt Quota,OPEN,Maharashtra,"Grant Med Coll, Mumbai",GENERAL SURGERY,"₹1,43,300*","₹92,522",1,"₹50,00,000",2844,83(5),91(5),94(5),94(5),94(5),-,-,-,102(4),190(4),215(4),-,-,-
MAHA-Govt Quota,OPEN,Maharashtra,"Lokmanya Tilak, Sion, Mumbai",ORTHOPAEDICS,"₹1,43,300*","₹92,522",1,"₹50,00,000",1462,220(3),279(3),279(3),279(3),279(3),-,-,-,216(1),216(1),216(1),-,-,-
MAHA-Govt Quota,OPEN,Maharashtra,"Pimpri Chinchwad, Pimpri",GENERAL MEDICINE,"₹1,43,300*","₹92,522",1,"₹50,00,000",750,-,-,-,-,-,-,-,-,60(1),172(1),217(1),-,-,-
MAHA-Govt Quota,EWS,Maharashtra,"Grant Med Coll, Mumbai",GENERAL SURGERY,"₹1,43,300*","₹92,522",1,"₹50,00,000",2844,143(1),546(1),546(1),546(1),546(1),-,-,-,201(1),220(1),220(1),-,-,-
MAHA-Govt Quota,OBC,Maharashtra,"Govt Med Coll, Nagpur",GENERAL MEDICINE,"₹1,43,300*","₹92,522",1,"₹50,00,000",1866,151(4),224(4),230(4),230(4),230(4),-,-,-,79(1),169(1),222(1),-,-,-
MAHA-Govt Quota,OPEN,Maharashtra,"MGIMS, Wardha",RADIO DIAGNOSIS,"₹1,43,300*","₹89,698",1,"₹50,00,000",1000,81(1),99(1),99(1),99(1),99(1),-,-,-,68(1),124(1),226(1),-,-,-
MAHA-Govt Quota,OPEN,Maharashtra,"MGIMS, Wardha",GENERAL MEDICINE,"₹1,43,300*","₹89,698",1,"₹50,00,000",1000,89(1),161(1),288(1),288(1),288(1),-,-,-,103(1),191(1),227(1),-,-,-
MAHA-Govt Quota,OPEN,Maharashtra,"VMMC, Solapur",GENERAL MEDICINE,"₹1,43,300*","₹92,522",1,"₹50,00,000",763,71(2),150(2),316(2),316(2),316(2),-,-,-,73(1),171(1),231(1),-,-,-
MAHA-Govt Quota,SEBC,Maharashtra,"Grant Med Coll, Mumbai",GENERAL MEDICINE,"₹1,43,300*","₹92,522",1,"₹50,00,000",2844,-,-,-,-,-,-,-,-,155(1),244(1),244(1),-,-,-
MAHA-Govt Quota,SEBC,Maharashtra,"Govt Med Coll, Nagpur",GENERAL MEDICINE,"₹1,43,300*","₹92,522",1,"₹50,00,000",1866,-,-,-,-,-,-,-,-,86(2),155(2),246(2),-,-,-
MAHA-Govt Quota,SEBC,Maharashtra,"BJMC, Pune",GENERAL MEDICINE,"₹1,43,300*","₹92,522",1,"₹50,00,000",1296,-,-,-,-,-,-,-,-,244(1),248(1),248(1),-,-,-
MAHA-Govt Quota,OPEN,Maharashtra,"Bombay Hospital IMS, Mumbai",RADIO DIAGNOSIS,"₹8,92,858*","₹70,000",0,₹0,725,60(1),60(1),60(1),60(1),60(1),-,-,-,71(1),249(1),249(1),-,-,-
MAHA-Govt Quota,OPEN,Maharashtra,"Bombay Hospital IMS, Mumbai",GENERAL MEDICINE,"₹8,92,858*","₹70,000",0,₹0,725,168(2),243(2),489(2),893(2),893(2),-,-,-,142(1),142(1),250(1),-,-,-
MAHA-Govt Quota,OBC,Maharashtra,"Lokmanya Tilak, Sion, Mumbai",OBG,"₹1,43,300*","₹92,522",1,"₹50,00,000",1462,371(2),371(2),493(2),493(2),493(2),-,-,-,210(1),251(1),251(1),-,-,-
MAHA-Govt Quota,EWS,Maharashtra,"Govt Med Coll, Nagpur",DERMATOLOGY,"₹1,43,300*","₹92,522",1,"₹50,00,000",1866,-,-,-,-,-,-,-,-,257(1),257(1),257(1),-,-,-
MAHA-Govt Quota,NT2,Maharashtra,"Govt Med Coll, Aurangabad",RADIO DIAGNOSIS,"₹1,43,300*","₹92,522",1,"₹50,00,000",1177,-,-,-,-,-,-,-,-,258(1),258(1),258(1),-,-,-
MAHA-Govt Quota,OPEN,Maharashtra,"Seth GS, Mumbai",OBG,"₹1,43,300*","₹92,522",1,"₹50,00,000",2250,229(6),247(6),247(6),247(6),247(6),-,-,-,233(4),259(4),259(4),-,-,-
MAHA-Govt Quota,OPEN,Maharashtra,"Rajarshee CSM Govt MC,Kolhapur",GENERAL MEDICINE,"₹1,43,300*","₹92,522",1,"₹50,00,000",665,96(2),159(2),326(2),326(2),326(2),-,-,-,107(1),198(1),267(1),-,-,-
MAHA-Govt Quota,OBC-PH,Maharashtra,"Govt Med Coll, Nagpur",GENERAL MEDICINE,"₹1,43,300*","₹92,522",1,"₹50,00,000",1866,-,-,-,-,-,-,-,-,6567(1),6567(1),270(1),-,-,-
MAHA-Govt Quota,OPEN,Maharashtra,"Govt Med Coll, Miraj",GENERAL MEDICINE,"₹1,43,300*","₹92,522",1,"₹50,00,000",725,101(1),163(1),339(1),339(1),339(1),-,-,-,117(1),217(1),281(1),-,-,-
MAHA-Govt Quota,OPEN,Maharashtra,"Govt Med Coll, Akola",RADIO DIAGNOSIS,"₹1,43,300*","₹92,522",1,"₹50,00,000",840,107(1),137(1),137(1),137(1),137(1),-,-,-,72(1),137(1),283(1),-,-,-
MAHA-Govt Quota,OPEN,Maharashtra,"Govt Med Coll, Nanded",DERMATOLOGY,"₹1,43,300*","₹92,522",1,"₹50,00,000",750,-,-,-,-,-,-,-,-,168(1),268(1),284(1),-,-,-
MAHA-Govt Quota,OPEN,Maharashtra,"Topiwala, Mumbai",OBG,"₹1,43,300*","₹92,522",1,"₹50,00,000",1300,239(1),307(1),307(1),307(1),307(1),-,-,-,259(1),290(1),290(1),-,-,-
MAHA-Govt Quota,SEBC,Maharashtra,"Govt Med Coll, Aurangabad",RADIO DIAGNOSIS,"₹1,43,300*","₹92,522",1,"₹50,00,000",1177,-,-,-,-,-,-,-,-,207(1),293(1),293(1),-,-,-
MAHA-Govt Quota,OPEN,Maharashtra,"Govt Med Coll, Nanded",RADIO DIAGNOSIS,"₹1,43,300*","₹92,522",1,"₹50,00,000",750,99(1),129(1),170(1),170(1),170(1),-,-,-,131(1),164(1),294(1),-,-,-
MAHA-Govt Quota,OPEN,Maharashtra,"VMMC, Solapur",RADIO DIAGNOSIS,"₹1,43,300*","₹92,522",1,"₹50,00,000",763,-,-,-,-,-,-,-,-,129(1),150(1),300(1),-,-,-
MAHA-Govt Quota,OPEN,Maharashtra,"Govt Med Coll, Latur",RADIO DIAGNOSIS,"₹1,43,300*","₹92,522",1,"₹50,00,000",750,-,-,-,-,-,-,-,-,93(1),93(1),301(1),-,-,-
MAHA-Govt Quota,OPEN,Maharashtra,"Lokmanya Tilak, Sion, Mumbai",GENERAL SURGERY,"₹1,43,300*","₹92,522",1,"₹50,00,000",1462,127(2),127(2),127(2),127(2),127(2),-,-,-,190(2),285(2),308(2),-,-,-
MAHA-Govt Quota,SC,Maharashtra,"Govt Med Coll, Aurangabad",RADIO DIAGNOSIS,"₹1,43,300*","₹92,522",1,"₹50,00,000",1177,-,-,-,-,-,-,-,-,309(1),309(1),309(1),-,-,-
MAHA-Govt Quota,OBC,Maharashtra,"Grant Med Coll, Mumbai",GENERAL MEDICINE,"₹1,43,300*","₹92,522",1,"₹50,00,000",2844,146(2),146(2),146(2),146(2),146(2),-,-,-,166(2),316(2),316(2),-,-,-
MAHA-Govt Quota,OBC,Maharashtra,"HBT & RN Cooper, Mumbai",GENERAL MEDICINE,"₹1,43,300*","₹92,522",1,"₹50,00,000",940,154(1),154(1),154(1),154(1),154(1),-,-,-,144(1),319(1),319(1),-,-,-
MAHA-Govt Quota,EWS,Maharashtra,"MPGIMER, Nashik",RADIO DIAGNOSIS,"₹1,43,300*","₹92,522",1,"₹50,00,000",-,-,-,-,-,-,-,-,-,294(1),294(1),323(1),-,-,-
MAHA-Govt Quota,SEBC,Maharashtra,"HBT & RN Cooper, Mumbai",GENERAL MEDICINE,"₹1,43,300*","₹92,522",1,"₹50,00,000",940,-,-,-,-,-,-,-,-,146(1),246(1),329(1),-,-,-
MAHA-Govt Quota,OBC,Maharashtra,"Pimpri Chinchwad, Pimpri",DERMATOLOGY,"₹1,43,300*","₹92,522",1,"₹50,00,000",750,-,-,-,-,-,-,-,-,209(1),305(1),331(1),-,-,-
MAHA-Govt Quota,OPEN,Maharashtra,"Grant Med Coll, Mumbai",OBG,"₹1,43,300*","₹92,522",1,"₹50,00,000",2844,319(4),412(4),441(4),441(4),441(4),-,-,-,295(3),315(3),340(3),-,-,-
MAHA-Govt Quota,SC,Maharashtra,"Topiwala, Mumbai",DERMATOLOGY,"₹1,43,300*","₹92,522",1,"₹50,00,000",1300,-,-,-,-,-,-,-,-,345(1),345(1),345(1),-,-,-
MAHA-Govt Quota,SEBC,Maharashtra,"Indira Gandhi MedColl, Nagpur",RADIO DIAGNOSIS,"₹1,43,300*","₹92,522",1,"₹50,00,000",822,-,-,-,-,-,-,-,-,349(1),349(1),349(1),-,-,-
MAHA-Govt Quota,SEBC,Maharashtra,"MGIMS, Wardha",GENERAL MEDICINE,"₹1,43,300*","₹89,698",1,"₹50,00,000",1000,-,-,-,-,-,-,-,-,246(1),350(1),350(1),-,-,-
MAHA-Govt Quota,EWS,Maharashtra,"Govt Med Coll, Miraj",DERMATOLOGY,"₹1,43,300*","₹92,522",1,"₹50,00,000",725,-,-,-,-,-,-,-,-,284(1),284(1),351(1),-,-,-
MAHA-Govt Quota,OPEN,Maharashtra,"Govt Med Coll, Chandrapur",DERMATOLOGY,"₹1,43,300*","₹92,522",1,"₹50,00,000",650,222(1),256(1),573(1),573(1),573(1),-,-,-,185(1),310(1),353(1),-,-,-
MAHA-Govt Quota,OPEN,Maharashtra,"Seth GS, Mumbai",PAEDIATRICS,"₹1,43,300*","₹92,522",1,"₹50,00,000",2250,131(4),227(4),312(4),312(4),312(4),-,-,-,212(3),250(3),354(3),-,-,-
MAHA-Govt Quota,OPEN,Maharashtra,"Bombay Hospital IMS, Mumbai",OBG,"₹8,92,858*","₹70,000",0,₹0,725,832(2),953(2),1065(2),1065(2),1065(2),-,-,-,356(1),356(1),356(1),-,-,-
MAHA-Govt Quota,OBC,Maharashtra,"BJMC, Pune",PAEDIATRICS,"₹1,43,300*","₹92,522",1,"₹50,00,000",1296,379(1),405(1),851(1),851(1),851(1),-,-,-,358(1),358(1),358(1),-,-,-
MAHA-Govt Quota,SEBC,Maharashtra,"Rajarshee CSM Govt MC,Kolhapur",GENERAL MEDICINE,"₹1,43,300*","₹92,522",1,"₹50,00,000",665,-,-,-,-,-,-,-,-,248(1),329(1),362(1),-,-,-
MAHA-Govt Quota,EWS-PH,Maharashtra,"Grant Med Coll, Mumbai",GENERAL SURGERY,"₹1,43,300*","₹92,522",1,"₹50,00,000",2844,-,-,-,-,-,-,-,-,-,-,364(1),-,-,-
MAHA-Govt Quota,OBC,Maharashtra,"Sri Bhausaheb, Dhule",DERMATOLOGY,"₹1,43,300*","₹92,522",1,"₹50,00,000",545,305(1),382(1),601(1),601(1),601(1),-,-,-,319(1),370(1),370(1),-,-,-
MAHA-Govt Quota,OBC,Maharashtra,"Pimpri Chinchwad, Pimpri",GENERAL MEDICINE,"₹1,43,300*","₹92,522",1,"₹50,00,000",750,-,-,-,-,-,-,-,-,187(1),369(1),371(1),-,-,-
MAHA-Govt Quota,SEBC,Maharashtra,"Govt Med Coll, Miraj",GENERAL MEDICINE,"₹1,43,300*","₹92,522",1,"₹50,00,000",725,-,-,-,-,-,-,-,-,329(1),362(1),374(1),-,-,-
MAHA-Govt Quota,OBC,Maharashtra,"Topiwala, Mumbai",OBG,"₹1,43,300*","₹92,522",1,"₹50,00,000",1300,484(1),551(1),837(1),837(1),837(1),-,-,-,377(1),377(1),377(1),-,-,-
MAHA-Govt Quota,OBC,Maharashtra,"Govt Med Coll, Aurangabad",GENERAL MEDICINE,"₹1,43,300*","₹92,522",1,"₹50,00,000",1177,181(1),238(1),265(1),265(1),265(1),-,-,-,169(2),272(2),382(2),-,-,-
MAHA-Govt Quota,OPEN,Maharashtra,"MPGIMER, Nashik",GENERAL MEDICINE,"₹1,43,300*","₹92,522",1,"₹50,00,000",-,160(3),213(3),422(3),422(3),422(3),-,-,-,148(1),267(1),383(1),-,-,-
MAHA-Govt Quota,OPEN,Maharashtra,"Topiwala, Mumbai",GENERAL SURGERY,"₹1,43,300*","₹92,522",1,"₹50,00,000",1300,170(3),184(3),248(3),248(3),248(3),-,-,-,215(1),215(1),384(1),-,-,-
MAHA-Govt Quota,OPEN,Maharashtra,"Govt Med Coll, Nagpur",PAEDIATRICS,"₹1,43,300*","₹92,522",1,"₹50,00,000",1866,204(2),369(2),579(2),579(2),579(2),-,-,-,297(2),395(2),395(2),-,-,-
MAHA-Govt Quota,OPEN,Maharashtra,"Panjabrao Deshmukh, Amravati",RADIO DIAGNOSIS,"₹11,90,000*","₹76,429",0,₹0,760,331(1),366(1),454(1),454(1),454(1),-,-,-,208(1),397(1),397(1),-,-,-
MAHA-Govt Quota,SEBC,Maharashtra,"Bombay Hospital IMS, Mumbai",RADIO DIAGNOSIS,"₹8,92,858*","₹70,000",0,₹0,725,-,-,-,-,-,-,-,-,797(1),797(1),398(1),-,-,-
MAHA-Govt Quota,EWS,Maharashtra,"Grant Med Coll, Mumbai",GENERAL MEDICINE,"₹1,43,300*","₹92,522",1,"₹50,00,000",2844,105(1),105(1),105(1),105(1),105(1),-,-,-,176(1),189(1),403(1),-,-,-
MAHA-Govt Quota,OPEN,Maharashtra,"Pimpri Chinchwad, Pimpri",OBG,"₹1,43,300*","₹92,522",1,"₹50,00,000",750,436(1),516(1),516(1),516(1),516(1),-,-,-,405(1),405(1),406(1),-,-,-
MAHA-Govt Quota,OPEN,Maharashtra,"Seth GS, Mumbai",ORTHOPAEDICS,"₹1,43,300*","₹92,522",1,"₹50,00,000",2250,260(4),285(4),320(4),320(4),320(4),-,-,-,281(4),327(4),408(4),-,-,-
MAHA-Govt Quota,SEBC,Maharashtra,"Lokmanya Tilak, Sion, Mumbai",OBG,"₹1,43,300*","₹92,522",1,"₹50,00,000",1462,-,-,-,-,-,-,-,-,409(1),409(1),409(1),-,-,-
MAHA-Govt Quota,SC,Maharashtra,"Grant Med Coll, Mumbai",DERMATOLOGY,"₹1,43,300*","₹92,522",1,"₹50,00,000",2844,-,-,-,-,-,-,-,-,414(1),414(1),414(1),-,-,-
MAHA-Govt Quota,EWS,Maharashtra,"Sri Bhausaheb, Dhule",DERMATOLOGY,"₹1,43,300*","₹92,522",1,"₹50,00,000",545,-,-,-,-,-,-,-,-,300(1),300(1),415(1),-,-,-
MAHA-Govt Quota,OBC,Maharashtra,"Govt Med Coll, Chandrapur",DERMATOLOGY,"₹1,43,300*","₹92,522",1,"₹50,00,000",650,302(1),305(1),602(1),602(1),602(1),-,-,-,331(1),331(1),419(1),-,-,-
MAHA-Govt Quota,OPEN,Maharashtra,"Govt Med Coll, Jalgaon",GENERAL MEDICINE,"₹1,43,300*","₹92,522",1,"₹50,00,000",441,-,-,-,-,-,-,-,-,150(1),276(1),423(1),-,-,-
MAHA-Govt Quota,OPEN,Maharashtra,"Indira Gandhi MedColl, Nagpur",PAEDIATRICS,"₹1,43,300*","₹92,522",1,"₹50,00,000",822,227(1),391(1),868(1),868(1),868(1),-,-,-,304(1),431(1),431(1),-,-,-
MAHA-Govt Quota,OPEN,Maharashtra,"MIMSR, Latur",RADIO DIAGNOSIS,"₹7,82,607*","₹76,249",0,₹0,775,-,-,-,-,-,-,-,-,249(1),436(1),436(1),-,-,-
MAHA-Govt Quota,OBC,Maharashtra,"BJMC, Pune",GENERAL MEDICINE,"₹1,43,300*","₹92,522",1,"₹50,00,000",1296,224(2),262(2),262(2),262(2),262(2),-,-,-,174(1),326(1),440(1),-,-,-
MAHA-Govt Quota,EWS,Maharashtra,"VMMC, Solapur",GENERAL MEDICINE,"₹1,43,300*","₹92,522",1,"₹50,00,000",763,-,-,-,-,-,-,-,-,197(1),226(1),441(1),-,-,-
MAHA-Govt Quota,OBC,Maharashtra,"Indira Gandhi MedColl, Nagpur",GENERAL MEDICINE,"₹1,43,300*","₹92,522",1,"₹50,00,000",822,179(1),230(1),275(1),275(1),275(1),-,-,-,162(1),222(1),443(1),-,-,-
MAHA-Govt Quota,OBC,Maharashtra,"MIMER, Talegaon, Pune",DERMATOLOGY,"₹8,00,000*","₹64,551",0,₹0,720,-,-,-,-,-,-,-,-,445(1),445(1),445(1),-,-,-
MAHA-Govt Quota,OBC,Maharashtra,"Seth GS, Mumbai",PAEDIATRICS,"₹1,43,300*","₹92,522",1,"₹50,00,000",2250,356(3),422(3),847(3),847(3),847(3),-,-,-,270(1),446(1),446(1),-,-,-
MAHA-Govt Quota,OPEN,Maharashtra,"NKP Salve IMS, Nagpur",DERMATOLOGY,"₹9,00,000*","₹64,551",0,₹0,1272,479(1),434(1),510(1),510(1),510(1),-,-,-,335(1),335(1),447(1),-,-,-
MAHA-Govt Quota,OBC,Maharashtra,"Rajarshee CSM Govt MC,Kolhapur",GENERAL MEDICINE,"₹1,43,300*","₹92,522",1,"₹50,00,000",665,-,-,-,-,-,-,-,-,219(1),382(1),449(1),-,-,-
MAHA-Govt Quota,OPEN,Maharashtra,"Govt Med Coll, Aurangabad",ORTHOPAEDICS,"₹1,43,300*","₹92,522",1,"₹50,00,000",1177,298(1),485(1),920(1),920(1),920(1),-,-,-,454(1),454(1),454(1),-,-,-
MAHA-Govt Quota,OPEN,Maharashtra,"HBT & RN Cooper, Mumbai",GENERAL SURGERY,"₹1,43,300*","₹92,522",1,"₹50,00,000",940,198(1),198(1),198(1),198(1),198(1),-,-,-,225(1),400(1),455(1),-,-,-
MAHA-Govt Quota,OPEN,Maharashtra,"Govt Med Coll, Latur",GENERAL MEDICINE,"₹1,43,300*","₹92,522",1,"₹50,00,000",750,-,-,-,-,-,-,-,-,130(2),227(2),458(2),-,-,-
MAHA-Govt Quota,SC,Maharashtra,"Grant Med Coll, Mumbai",RADIO DIAGNOSIS,"₹1,43,300*","₹92,522",1,"₹50,00,000",2844,-,-,-,-,-,-,-,-,465(1),465(1),465(1),-,-,-
MAHA-Govt Quota,SC,Maharashtra,"BARC, Mumbai",NUCLEAR MEDICINE,"₹75,500","₹72,000*",1*,"₹25,00,000*",390,-,-,-,-,-,-,-,-,466(1),466(1),466(1),-,-,-
MAHA-Govt Quota,OPEN,Maharashtra,"Indira Gandhi MedColl, Nagpur",OPHTHALMOLOGY,"₹1,43,300*","₹92,522",1,"₹50,00,000",822,-,-,-,-,-,-,-,-,417(1),468(1),468(1),-,-,-
MAHA-Govt Quota,OPEN,Maharashtra,"BJMC, Pune",GENERAL SURGERY,"₹1,43,300*","₹92,522",1,"₹50,00,000",1296,94(1),94(1),281(1),281(1),281(1),-,-,-,277(2),308(2),469(2),-,-,-
MAHA-Govt Quota,OPEN,Maharashtra,"Lokmanya Tilak, Sion, Mumbai",DMRD,"₹1,43,300*","₹92,522",1,"₹50,00,000",1462,-,-,-,-,-,-,-,-,472(1),472(1),472(1),-,-,-
MAHA-Govt Quota,NT3,Maharashtra,"Rajarshee CSM Govt MC,Kolhapur",RADIO DIAGNOSIS,"₹1,43,300*","₹92,522",1,"₹50,00,000",665,-,-,-,-,-,-,-,-,175(1),232(1),474(1),-,-,-
MAHA-Govt Quota,OPEN,Maharashtra,"Seth GS, Mumbai",GENERAL SURGERY,"₹1,43,300*","₹92,522",1,"₹50,00,000",2250,128(3),156(3),156(3),156(3),156(3),-,-,-,178(3),302(3),488(3),-,-,-
MAHA-Govt Quota,OBC,Maharashtra,"Tata Memorial, Mumbai",NUCLEAR MEDICINE,"₹1,05,500*","₹1,00,800",1*,"₹25,00,000*",614,-,-,-,-,-,-,-,-,497(1),497(1),497(1),-,-,-
MAHA-Govt Quota,NT2,Maharashtra,"Lokmanya Tilak, Sion, Mumbai",GENERAL MEDICINE,"₹1,43,300*","₹92,522",1,"₹50,00,000",1462,193(1),208(1),208(1),208(1),208(1),-,-,-,499(1),499(1),499(1),-,-,-
MAHA-Govt Quota,SC,Maharashtra,"Indira Gandhi MedColl, Nagpur",DERMATOLOGY,"₹1,43,300*","₹92,522",1,"₹50,00,000",822,-,-,-,-,-,-,-,-,501(1),501(1),501(1),-,-,-
MAHA-Govt Quota,SEBC,Maharashtra,"Govt Med Coll, Nanded",DERMATOLOGY,"₹1,43,300*","₹92,522",1,"₹50,00,000",750,-,-,-,-,-,-,-,-,398(1),504(1),504(1),-,-,-
MAHA-Govt Quota,EWS,Maharashtra,"Seth GS, Mumbai",GENERAL SURGERY,"₹1,43,300*","₹92,522",1,"₹50,00,000",2250,277(1),488(1),488(1),488(1),488(1),-,-,-,323(1),507(1),507(1),-,-,-
MAHA-Govt Quota,VJ,Maharashtra,"HBT & RN Cooper, Mumbai",GENERAL SURGERY,"₹1,43,300*","₹92,522",1,"₹50,00,000",940,-,-,-,-,-,-,-,-,512(1),512(1),512(1),-,-,-
MAHA-Govt Quota,NT2,Maharashtra,"Govt Med Coll, Aurangabad",GENERAL MEDICINE,"₹1,43,300*","₹92,522",1,"₹50,00,000",1177,-,-,-,-,-,-,-,-,513(1),513(1),513(1),-,-,-
MAHA-Govt Quota,OPEN,Maharashtra,"Topiwala, Mumbai",PSYCHIATRY,"₹1,43,300*","₹92,522",1,"₹50,00,000",1300,78(1),831(1),875(1),875(1),875(1),-,-,-,223(1),518(1),518(1),-,-,-
MAHA-Govt Quota,OPEN,Maharashtra,"Sri Bhausaheb, Dhule",GENERAL MEDICINE,"₹1,43,300*","₹92,522",1,"₹50,00,000",545,119(1),229(1),445(1),445(1),445(1),-,-,-,110(1),281(1),522(1),-,-,-
MAHA-Govt Quota,OPEN,Maharashtra,"Topiwala, Mumbai",PAEDIATRICS,"₹1,43,300*","₹92,522",1,"₹50,00,000",1300,161(1),244(1),244(1),244(1),244(1),-,-,-,247(2),354(2),524(2),-,-,-
MAHA-Govt Quota,OPEN,Maharashtra,"Vasantrao Pawar, Nasik",GENERAL MEDICINE,"₹9,00,000*","₹69,105",0,₹0,1000,195(1),195(1),506(1),506(1),506(1),-,-,-,301(1),301(1),525(1),-,-,-
MAHA-Govt Quota,EWS,Maharashtra,"MPGIMER, Nashik",GENERAL MEDICINE,"₹1,43,300*","₹92,522",1,"₹50,00,000",-,-,-,-,-,-,-,-,-,226(1),323(1),527(1),-,-,-
MAHA-Govt Quota,SEBC,Maharashtra,"BARC, Mumbai",NUCLEAR MEDICINE,"₹75,500","₹72,000*",1*,"₹25,00,000*",390,-,-,-,-,-,-,-,-,374(1),541(1),541(1),-,-,-
MAHA-Govt Quota,SC,Maharashtra,"Topiwala, Mumbai",RADIO DIAGNOSIS,"₹1,43,300*","₹92,522",1,"₹50,00,000",1300,-,-,-,-,-,-,-,-,543(1),543(1),543(1),-,-,-
MAHA-Govt Quota,OBC,Maharashtra,"Lokmanya Tilak, Sion, Mumbai",GENERAL SURGERY,"₹1,43,300*","₹92,522",1,"₹50,00,000",1462,283(1),283(1),742(1),742(1),742(1),-,-,-,476(2),476(2),547(2),-,-,-
MAHA-Govt Quota,OPEN,Maharashtra,"Kashibai Navale, Pune",GENERAL MEDICINE,"₹12,94,000*","₹76,429",0,₹0,1094,197(2),350(2),582(2),582(2),582(2),-,-,-,343(1),343(1),550(1),-,-,-
MAHA-Govt Quota,NT1,Maharashtra,"Topiwala, Mumbai",GENERAL MEDICINE,"₹1,43,300*","₹92,522",1,"₹50,00,000",1300,-,-,-,-,-,-,-,-,551(1),551(1),551(1),-,-,-
MAHA-Govt Quota,OBC,Maharashtra,"MPGIMER, Nashik",GENERAL MEDICINE,"₹1,43,300*","₹92,522",1,"₹50,00,000",-,235(1),321(1),476(1),476(1),476(1),-,-,-,229(1),371(1),566(1),-,-,-
MAHA-Govt Quota,OPEN,Maharashtra,"NKP Salve IMS, Nagpur",GENERAL MEDICINE,"₹9,00,000*","₹64,551",0,₹0,1272,414(5),445(5),648(5),648(5),648(5),-,-,-,352(3),527(3),572(3),-,-,-
MAHA-Govt Quota,EWS,Maharashtra,"Lokmanya Tilak, Sion, Mumbai",OBG,"₹1,43,300*","₹92,522",1,"₹50,00,000",1462,413(1),413(1),413(1),413(1),413(1),-,-,-,573(1),573(1),573(1),-,-,-
MAHA-Govt Quota,OBC,Maharashtra,"MGIMS, Wardha",GENERAL MEDICINE,"₹1,43,300*","₹89,698",1,"₹50,00,000",1000,230(1),275(1),392(1),392(1),392(1),-,-,-,214(1),355(1),577(1),-,-,-
MAHA-Govt Quota,SEBC,Maharashtra,"Grant Med Coll, Mumbai",GENERAL SURGERY,"₹1,43,300*","₹92,522",1,"₹50,00,000",2844,-,-,-,-,-,-,-,-,350(1),582(1),582(1),-,-,-
MAHA-Govt Quota,SC,Maharashtra,"Lokmanya Tilak, Sion, Mumbai",RADIO DIAGNOSIS,"₹1,43,300*","₹92,522",1,"₹50,00,000",1462,306(1),306(1),306(1),306(1),306(1),-,-,-,584(1),584(1),584(1),-,-,-
MAHA-Govt Quota,OPEN,Maharashtra,"Pimpri Chinchwad, Pimpri",GENERAL SURGERY,"₹1,43,300*","₹92,522",1,"₹50,00,000",750,-,-,-,-,-,-,-,-,410(1),482(1),585(1),-,-,-
MAHA-Govt Quota,OPEN,Maharashtra,"Panjabrao Deshmukh, Amravati",DERMATOLOGY,"₹11,90,000*","₹76,429",0,₹0,760,-,-,-,-,-,-,-,-,412(1),353(1),588(1),-,-,-
MAHA-Govt Quota,OPEN,Maharashtra,"Indira Gandhi MedColl, Nagpur",ORTHOPAEDICS,"₹1,43,300*","₹92,522",1,"₹50,00,000",822,-,-,-,-,-,-,-,-,470(1),589(1),589(1),-,-,-
MAHA-Govt Quota,OBC,Maharashtra,"Govt Med Coll, Jalgaon",RADIO DIAGNOSIS,"₹1,43,300*","₹92,522",1,"₹50,00,000",441,-,-,-,-,-,-,-,-,184(1),283(1),592(1),-,-,-
MAHA-Govt Quota,SC,Maharashtra,"Govt Med Coll, Nagpur",RADIO DIAGNOSIS,"₹1,43,300*","₹92,522",1,"₹50,00,000",1866,472(1),472(1),472(1),472(1),472(1),-,-,-,600(1),600(1),600(1),-,-,-
MAHA-Govt Quota,SEBC,Maharashtra,"Lokmanya Tilak, Sion, Mumbai",ORTHOPAEDICS,"₹1,43,300*","₹92,522",1,"₹50,00,000",1462,-,-,-,-,-,-,-,-,601(1),601(1),601(1),-,-,-
MAHA-Govt Quota,NT2,Maharashtra,"Grant Med Coll, Mumbai",GENERAL MEDICINE,"₹1,43,300*","₹92,522",1,"₹50,00,000",2844,-,-,-,-,-,-,-,-,602(1),602(1),602(1),-,-,-
MAHA-Govt Quota,SEBC,Maharashtra,"SRTT, Ambajogai",GENERAL MEDICINE,"₹1,43,300*","₹92,522",1,"₹50,00,000",518,-,-,-,-,-,-,-,-,342(1),374(1),604(1),-,-,-
MAHA-Govt Quota,OPEN,Maharashtra,"BJMC, Pune",OBG,"₹1,43,300*","₹92,522",1,"₹50,00,000",1296,242(3),339(3),451(3),451(3),451(3),-,-,-,315(2),340(2),605(2),-,-,-
MAHA-Govt Quota,OPEN,Maharashtra,"Govt Med Coll, Nagpur",OBG,"₹1,43,300*","₹92,522",1,"₹50,00,000",1866,418(4),459(4),815(4),815(4),815(4),-,-,-,340(3),381(3),616(3),-,-,-
MAHA-Govt Quota,EWS,Maharashtra,"Grant Med Coll, Mumbai",OBG,"₹1,43,300*","₹92,522",1,"₹50,00,000",2844,560(1),560(1),560(1),560(1),560(1),-,-,-,611(1),617(1),617(1),-,-,-
MAHA-Govt Quota,OPEN,Maharashtra,"Grant Med Coll, Mumbai",PAEDIATRICS,"₹1,43,300*","₹92,522",1,"₹50,00,000",2844,194(3),312(3),519(3),519(3),519(3),-,-,-,250(2),426(2),623(2),-,-,-
MAHA-Govt Quota,SEBC,Maharashtra,"Govt Med Coll, Akola",DERMATOLOGY,"₹1,43,300*","₹92,522",1,"₹50,00,000",840,-,-,-,-,-,-,-,-,362(1),625(1),625(1),-,-,-
MAHA-Govt Quota,NT2,Maharashtra,"Seth GS, Mumbai",DERMATOLOGY,"₹1,43,300*","₹92,522",1,"₹50,00,000",2250,-,-,-,-,-,-,-,-,628(1),628(1),628(1),-,-,-
MAHA-Govt Quota,OPEN,Maharashtra,"BJMC, Pune",PAEDIATRICS,"₹1,43,300*","₹92,522",1,"₹50,00,000",1296,199(3),317(3),565(3),565(3),565(3),-,-,-,271(1),299(1),631(1),-,-,-
MAHA-Govt Quota,OPEN,Maharashtra,"Indira Gandhi MedColl, Nagpur",OBG,"₹1,43,300*","₹92,522",1,"₹50,00,000",822,404(4),438(4),780(4),780(4),780(4),-,-,-,381(2),456(2),636(2),-,-,-
MAHA-Govt Quota,OBC,Maharashtra,"MPGIMER, Nashik",RADIO DIAGNOSIS,"₹1,43,300*","₹92,522",1,"₹50,00,000",-,-,-,-,-,-,-,-,-,139(1),184(1),639(1),-,-,-
MAHA-Govt Quota,SC,Maharashtra,"BJMC, Pune",RADIO DIAGNOSIS,"₹1,43,300*","₹92,522",1,"₹50,00,000",1296,655(1),655(1),655(1),655(1),655(1),-,-,-,640(1),640(1),640(1),-,-,-
MAHA-Govt Quota,EWS,Maharashtra,"Indira Gandhi MedColl, Nagpur",GENERAL SURGERY,"₹1,43,300*","₹92,522",1,"₹50,00,000",822,-,-,-,-,-,-,-,-,642(1),642(1),642(1),-,-,-
MAHA-Govt Quota,OBC,Maharashtra,"Govt Med Coll, Aurangabad",OBG,"₹1,43,300*","₹92,522",1,"₹50,00,000",1177,590(2),739(2),913(2),913(2),913(2),-,-,-,427(1),649(1),649(1),-,-,-
MAHA-Govt Quota,SC,Maharashtra,"Seth GS, Mumbai",GENERAL MEDICINE,"₹1,43,300*","₹92,522",1,"₹50,00,000",2250,672(1),672(1),672(1),672(1),672(1),-,-,-,652(1),652(1),652(1),-,-,-
MAHA-Govt Quota,OPEN,Maharashtra,"Grant Med Coll, Mumbai",PSYCHIATRY,"₹1,43,300*","₹92,522",1,"₹50,00,000",2844,559(2),913(2),988(2),988(2),988(2),-,-,-,518(1),656(1),656(1),-,-,-
MAHA-Govt Quota,OPEN,Maharashtra,"Seth GS, Mumbai",PSYCHIATRY,"₹1,43,300*","₹92,522",1,"₹50,00,000",2250,-,-,-,-,-,-,-,-,318(1),368(1),657(1),-,-,-
MAHA-Govt Quota,SEBC,Maharashtra,"Topiwala, Mumbai",OBG,"₹1,43,300*","₹92,522",1,"₹50,00,000",1300,-,-,-,-,-,-,-,-,658(1),658(1),658(1),-,-,-
MAHA-Govt Quota,OPEN,Maharashtra,"Govt Med Coll, Gondia",GENERAL SURGERY,"₹1,43,300*","₹92,522",1,"₹50,00,000",500,589(1),941(1),1580(1),1667(1),1667(1),-,-,-,660(1),660(1),660(1),-,-,-
MAHA-Govt Quota,VJ,Maharashtra,"BJMC, Pune",GENERAL MEDICINE,"₹1,43,300*","₹92,522",1,"₹50,00,000",1296,-,-,-,-,-,-,-,-,661(1),661(1),661(1),-,-,-
MAHA-Govt Quota,OPEN,Maharashtra,"VMMC, Solapur",PAEDIATRICS,"₹1,43,300*","₹92,522",1,"₹50,00,000",763,263(1),547(1),904(1),904(1),904(1),-,-,-,314(1),496(1),664(1),-,-,-
MAHA-Govt Quota,OBC,Maharashtra,"Govt Med Coll, Latur",GENERAL MEDICINE,"₹1,43,300*","₹92,522",1,"₹50,00,000",750,-,-,-,-,-,-,-,-,222(1),443(1),668(1),-,-,-
MAHA-Govt Quota,EWS,Maharashtra,"Topiwala, Mumbai",PAEDIATRICS,"₹1,43,300*","₹92,522",1,"₹50,00,000",1300,264(1),448(1),1235(1),1235(1),1235(1),-,-,-,415(1),415(1),669(1),-,-,-
MAHA-Govt Quota,OPEN,Maharashtra,"Vithalrao Patil, Ahmednagar",GENERAL MEDICINE,"₹10,00,000*","₹76,629",0,₹0,960,203(1),407(1),629(1),629(1),629(1),-,-,-,453(2),441(2),675(2),-,-,-
MAHA-Govt Quota,OPEN,Maharashtra,"MPGIMER, Nashik",PAEDIATRICS,"₹1,43,300*","₹92,522",1,"₹50,00,000",-,-,-,-,-,-,-,-,-,379(1),555(1),676(1),-,-,-
MAHA-Govt Quota,OPEN,Maharashtra,"Govt Med Coll, Aurangabad",OBG,"₹1,43,300*","₹92,522",1,"₹50,00,000",1177,412(3),495(3),802(3),802(3),802(3),-,-,-,357(2),522(2),678(2),-,-,-
MAHA-Govt Quota,OBC,Maharashtra,"Lokmanya Tilak, Sion, Mumbai",DMRD,"₹1,43,300*","₹92,522",1,"₹50,00,000",1462,-,-,-,-,-,-,-,-,679(1),679(1),679(1),-,-,-
MAHA-Govt Quota,OBC,Maharashtra,"Seth GS, Mumbai",PSYCHIATRY,"₹1,43,300*","₹92,522",1,"₹50,00,000",2250,831(1),902(1),902(1),902(1),902(1),-,-,-,680(1),680(1),680(1),-,-,-
MAHA-Govt Quota,OPEN,Maharashtra,"Ulhas Patil Med Coll, Jalgaon",DERMATOLOGY,"₹9,00,000*","₹52,769",0,₹0,500,-,-,-,-,-,-,-,-,548(1),588(1),684(1),-,-,-
MAHA-Govt Quota,NT1,Maharashtra,"Seth GS, Mumbai",RADIO DIAGNOSIS,"₹1,43,300*","₹92,522",1,"₹50,00,000",2250,-,-,-,-,-,-,-,-,686(1),686(1),686(1),-,-,-
MAHA-Govt Quota,SC,Maharashtra,"Govt Med Coll, Nanded",RADIO DIAGNOSIS,"₹1,43,300*","₹92,522",1,"₹50,00,000",750,-,-,-,-,-,-,-,-,688(1),688(1),688(1),-,-,-
MAHA-Govt Quota,NT2,Maharashtra,"Grant Med Coll, Mumbai",OBG,"₹1,43,300*","₹92,522",1,"₹50,00,000",2844,-,-,-,-,-,-,-,-,690(1),690(1),690(1),-,-,-
MAHA-Govt Quota,OPEN,Maharashtra,"PGIMS, Navi Mumbai",PAEDIATRICS,"₹1,43,300*","₹92,522",1,"₹50,00,000",-,-,-,-,-,-,-,-,-,399(1),519(1),696(1),-,-,-
MAHA-Govt Quota,OBC,Maharashtra,"Grant Med Coll, Mumbai",GENERAL SURGERY,"₹1,43,300*","₹92,522",1,"₹50,00,000",2844,265(2),265(2),283(2),283(2),283(2),-,-,-,402(2),402(2),698(2),-,-,-
MAHA-Govt Quota,VJ,Maharashtra,"Grant Med Coll, Mumbai",RADIO DIAGNOSIS,"₹1,43,300*","₹92,522",1,"₹50,00,000",2844,-,-,-,-,-,-,-,-,701(1),701(1),701(1),-,-,-
MAHA-Govt Quota,NT2,Maharashtra,"Grant Med Coll, Mumbai",GENERAL SURGERY,"₹1,43,300*","₹92,522",1,"₹50,00,000",2844,-,-,-,-,-,-,-,-,702(1),702(1),702(1),-,-,-
MAHA-Govt Quota,OPEN,Maharashtra,"MGIMS, Wardha",OBG,"₹1,43,300*","₹89,698",1,"₹50,00,000",1000,-,-,-,-,-,-,-,-,375(1),520(1),703(1),-,-,-
MAHA-Govt Quota,OBC,Maharashtra,"Vasantrao Pawar, Nasik",RADIO DIAGNOSIS,"₹9,00,000*","₹69,105",0,₹0,1000,-,-,-,-,-,-,-,-,704(1),704(1),704(1),-,-,-
MAHA-Govt Quota,NT2,Maharashtra,"Govt Med Coll, Jalgaon",GENERAL MEDICINE,"₹1,43,300*","₹92,522",1,"₹50,00,000",441,-,-,-,-,-,-,-,-,705(1),705(1),705(1),-,-,-
MAHA-Govt Quota,NT1,Maharashtra,"Govt Med Coll, Nagpur",GENERAL MEDICINE,"₹1,43,300*","₹92,522",1,"₹50,00,000",1866,-,-,-,-,-,-,-,-,706(1),706(1),706(1),-,-,-
MAHA-Govt Quota,SEBC,Maharashtra,"Seth GS, Mumbai",PAEDIATRICS,"₹1,43,300*","₹92,522",1,"₹50,00,000",2250,-,-,-,-,-,-,-,-,394(2),648(2),709(2),-,-,-
MAHA Priv-Mgmt Quota,MGT,Maharashtra,"Vasantrao Pawar, Nasik",DERMATOLOGY,"₹36,00,000*","₹69,105",0,₹0,1000,1496(1),1496(1),1496(1),1496(1),1496(1),-,-,-,710(1),710(1),710(1),-,-,-
MAHA-Govt Quota,SEBC,Maharashtra,"Vithalrao Patil, Ahmednagar",GENERAL MEDICINE,"₹10,00,000*","₹76,629",0,₹0,960,-,-,-,-,-,-,-,-,711(1),711(1),711(1),-,-,-
MAHA-Govt Quota,OPEN,Maharashtra,"Govt Med Coll, Aurangabad",PAEDIATRICS,"₹1,43,300*","₹92,522",1,"₹50,00,000",1177,244(2),501(2),717(2),717(2),717(2),-,-,-,299(1),470(1),714(1),-,-,-
MAHA-Govt Quota,OPEN-PH,Maharashtra,"Rajarshee CSM Govt MC,Kolhapur",PAEDIATRICS,"₹1,43,300*","₹92,522",1,"₹50,00,000",665,-,-,-,-,-,-,-,-,-,-,716(1),-,-,-
MAHA-Govt Quota,VJ,Maharashtra,"Govt Med Coll, Aurangabad",OBG,"₹1,43,300*","₹92,522",1,"₹50,00,000",1177,-,-,-,-,-,-,-,-,719(1),719(1),719(1),-,-,-
MAHA-Govt Quota,OBC,Maharashtra,"Govt Med Coll, Nanded",GENERAL MEDICINE,"₹1,43,300*","₹92,522",1,"₹50,00,000",750,-,-,-,-,-,-,-,-,261(1),428(1),720(1),-,-,-
MAHA-Govt Quota,NT3,Maharashtra,"Grant Med Coll, Mumbai",GENERAL MEDICINE,"₹1,43,300*","₹92,522",1,"₹50,00,000",2844,-,-,-,-,-,-,-,-,239(1),175(1),721(1),-,-,-
MAHA-Govt Quota,OPEN,Maharashtra,"Govt Med Coll, Jalgaon",PAEDIATRICS,"₹1,43,300*","₹92,522",1,"₹50,00,000",441,-,-,-,-,-,-,-,-,471(1),723(1),723(1),-,-,-
MAHA-Govt Quota,EWS,Maharashtra,"PGIMS, Navi Mumbai",GENERAL MEDICINE,"₹1,43,300*","₹92,522",1,"₹50,00,000",-,-,-,-,-,-,-,-,-,278(1),403(1),724(1),-,-,-
MAHA-Govt Quota,OBC,Maharashtra,"Grant Med Coll, Mumbai",OBG,"₹1,43,300*","₹92,522",1,"₹50,00,000",2844,493(1),493(1),865(1),865(1),865(1),-,-,-,344(1),477(1),730(1),-,-,-
MAHA-Govt Quota,OBC,Maharashtra,"Topiwala, Mumbai",OPHTHALMOLOGY,"₹1,43,300*","₹92,522",1,"₹50,00,000",1300,-,-,-,-,-,-,-,-,283(1),735(1),735(1),-,-,-
MAHA-Govt Quota,OPEN,Maharashtra,"Bombay Hospital IMS, Mumbai",GENERAL SURGERY,"₹8,92,858*","₹70,000",0,₹0,725,517(1),517(1),517(1),517(1),517(1),-,-,-,260(1),737(1),737(1),-,-,-
MAHA-Govt Quota,NT3,Maharashtra,"Tata Memorial, Mumbai",NUCLEAR MEDICINE,"₹1,05,500*","₹1,00,800",1*,"₹25,00,000*",614,-,-,-,-,-,-,-,-,739(1),739(1),739(1),-,-,-
MAHA-Govt Quota,NT2,Maharashtra,"Indira Gandhi MedColl, Nagpur",PAEDIATRICS,"₹1,43,300*","₹92,522",1,"₹50,00,000",822,-,-,-,-,-,-,-,-,742(1),742(1),742(1),-,-,-
MAHA-Govt Quota,SEBC,Maharashtra,"Seth GS, Mumbai",ORTHOPAEDICS,"₹1,43,300*","₹92,522",1,"₹50,00,000",2250,-,-,-,-,-,-,-,-,620(1),745(1),745(1),-,-,-
MAHA-Govt Quota,VJ,Maharashtra,"Sri Bhausaheb, Dhule",GENERAL MEDICINE,"₹1,43,300*","₹92,522",1,"₹50,00,000",545,-,-,-,-,-,-,-,-,746(1),746(1),746(1),-,-,-
MAHA-Govt Quota,NT3,Maharashtra,"Govt Med Coll, Latur",DERMATOLOGY,"₹1,43,300*","₹92,522",1,"₹50,00,000",750,-,-,-,-,-,-,-,-,474(1),474(1),756(1),-,-,-
MAHA-Govt Quota,SEBC,Maharashtra,"MGIMS, Wardha",DERMATOLOGY,"₹1,43,300*","₹89,698",1,"₹50,00,000",1000,-,-,-,-,-,-,-,-,293(1),398(1),758(1),-,-,-
MAHA-Govt Quota,OBC,Maharashtra,"Govt Med Coll, Nagpur",OBG,"₹1,43,300*","₹92,522",1,"₹50,00,000",1866,551(2),729(2),1059(2),1059(2),1059(2),-,-,-,464(2),762(2),762(2),-,-,-
MAHA-Govt Quota,SEBC,Maharashtra,"Topiwala, Mumbai",PAEDIATRICS,"₹1,43,300*","₹92,522",1,"₹50,00,000",1300,-,-,-,-,-,-,-,-,479(1),764(1),764(1),-,-,-
MAHA-Govt Quota,OPEN,Maharashtra,"Indira Gandhi MedColl, Nagpur",TBRD,"₹1,43,300*","₹92,522",1,"₹50,00,000",822,547(1),795(1),954(1),954(1),954(1),-,-,-,388(1),766(1),766(1),-,-,-
MAHA-Govt Quota,EWS,Maharashtra,"BARC, Mumbai",NUCLEAR MEDICINE,"₹75,500","₹72,000*",1*,"₹25,00,000*",390,-,-,-,-,-,-,-,-,311(1),767(1),767(1),-,-,-
MAHA-Govt Quota,SC,Maharashtra,"Lokmanya Tilak, Sion, Mumbai",GENERAL MEDICINE,"₹1,43,300*","₹92,522",1,"₹50,00,000",1462,409(1),409(1),409(1),409(1),409(1),-,-,-,392(1),392(1),768(1),-,-,-
MAHA-Govt Quota,OPEN,Maharashtra,"Grant Med Coll, Mumbai",ORTHOPAEDICS,"₹1,43,300*","₹92,522",1,"₹50,00,000",2844,286(2),482(2),854(2),854(2),854(2),-,-,-,408(1),408(1),769(1),-,-,-
MAHA-Govt Quota,NT1,Maharashtra,"Govt Med Coll, Aurangabad",DERMATOLOGY,"₹1,43,300*","₹92,522",1,"₹50,00,000",1177,-,-,-,-,-,-,-,-,771(1),771(1),771(1),-,-,-
MAHA-Govt Quota,OBC,Maharashtra,"Vithalrao Patil, Ahmednagar",RADIO DIAGNOSIS,"₹10,00,000*","₹76,629",0,₹0,960,428(1),428(1),428(1),428(1),428(1),-,-,-,773(1),773(1),773(1),-,-,-
MAHA-Govt Quota,OPEN-Orphan,Maharashtra,"BJMC, Pune",OBG,"₹1,43,300*","₹92,522",1,"₹50,00,000",1296,-,-,-,-,-,-,-,-,5106(1),5106(1),776(1),-,-,-
MAHA-Govt Quota,VJ,Maharashtra,"BJMC, Pune",PAEDIATRICS,"₹1,43,300*","₹92,522",1,"₹50,00,000",1296,-,-,-,-,-,-,-,-,778(1),778(1),778(1),-,-,-
MAHA-Govt Quota,OBC,Maharashtra,"NKP Salve IMS, Nagpur",RADIO DIAGNOSIS,"₹9,00,000*","₹64,551",0,₹0,1272,329(1),331(1),331(1),331(1),331(1),-,-,-,783(1),783(1),783(1),-,-,-
MAHA-Govt Quota,OBC,Maharashtra,"SRTT, Ambajogai",GENERAL MEDICINE,"₹1,43,300*","₹92,522",1,"₹50,00,000",518,-,-,-,-,-,-,-,-,265(1),449(1),789(1),-,-,-
MAHA-Govt Quota,OBC,Maharashtra,"Vasantrao Pawar, Nasik",GENERAL MEDICINE,"₹9,00,000*","₹69,105",0,₹0,1000,-,-,-,-,-,-,-,-,440(1),453(1),792(1),-,-,-
MAHA-Govt Quota,OPEN,Maharashtra,"KJ Somaiyya, Mumbai",PAEDIATRICS,"₹12,00,000*","₹64,000",0,₹0,550,-,-,-,-,-,-,-,-,-,676(1),793(1),-,-,-
MAHA-Govt Quota,OBC,Maharashtra,"BKL Walawalkar, Ratnagiri",RADIO DIAGNOSIS,"₹9,67,000*","₹62,000",0,₹0,520,-,-,-,-,-,-,-,-,796(1),796(1),796(1),-,-,-
MAHA-Govt Quota,SEBC,Maharashtra,"Kashibai Navale, Pune",GENERAL MEDICINE,"₹12,94,000*","₹76,429",0,₹0,1094,-,-,-,-,-,-,-,-,604(1),604(1),797(1),-,-,-
MAHA-Govt Quota,NT3,Maharashtra,"Seth GS, Mumbai",PAEDIATRICS,"₹1,43,300*","₹92,522",1,"₹50,00,000",2250,-,-,-,-,-,-,-,-,463(1),798(1),798(1),-,-,-
MAHA-Govt Quota,OPEN,Maharashtra,"Lokmanya Tilak, Sion, Mumbai",PSYCHIATRY,"₹1,43,300*","₹92,522",1,"₹50,00,000",1462,-,-,-,-,-,-,-,-,368(1),657(1),803(1),-,-,-
MAHA-Govt Quota,SEBC,Maharashtra,"Grant Med Coll, Mumbai",PAEDIATRICS,"₹1,43,300*","₹92,522",1,"₹50,00,000",2844,-,-,-,-,-,-,-,-,490(1),709(1),804(1),-,-,-
MAHA-Govt Quota,OBC,Maharashtra,"Seth GS, Mumbai",ORTHOPAEDICS,"₹1,43,300*","₹92,522",1,"₹50,00,000",2250,321(2),635(2),762(2),762(2),762(2),-,-,-,369(1),806(1),806(1),-,-,-
MAHA-Govt Quota,EWS,Maharashtra,"BJMC, Pune",PAEDIATRICS,"₹1,43,300*","₹92,522",1,"₹50,00,000",1296,-,-,-,-,-,-,-,-,447(1),810(1),810(1),-,-,-
MAHA-Govt Quota,OPEN,Maharashtra,"Tata Memorial, Mumbai",RADIATION ONCOLOGY,"₹1,05,500*","₹1,00,800",1*,"₹25,00,000*",614,1025(4),1215(4),1637(4),3075(4),3075(4),-,-,-,267(1),813(1),813(1),-,-,-
MAHA-Govt Quota,NT3,Maharashtra,"Kashibai Navale, Pune",RADIO DIAGNOSIS,"₹12,94,000*","₹76,429",0,₹0,1094,-,-,-,-,-,-,-,-,756(1),756(1),815(1),-,-,-
MAHA-Govt Quota,OPEN,Maharashtra,"Bombay Hospital IMS, Mumbai",ORTHOPAEDICS,"₹8,92,858*","₹70,000",0,₹0,725,1014(2),1014(2),1014(2),1014(2),1014(2),-,-,-,817(1),817(1),817(1),-,-,-
MAHA-Govt Quota,OBC,Maharashtra,"Seth GS, Mumbai",OBG,"₹1,43,300*","₹92,522",1,"₹50,00,000",2250,405(3),601(3),792(3),792(3),792(3),-,-,-,330(2),427(2),828(2),-,-,-
MAHA-Govt Quota,OBC,Maharashtra,"BJMC, Pune",OBG,"₹1,43,300*","₹92,522",1,"₹50,00,000",1296,474(1),474(1),474(1),474(1),474(1),-,-,-,435(2),529(2),833(2),-,-,-
MAHA-Govt Quota,OPEN,Maharashtra,"Govt Med Coll, Jalgaon",GENERAL SURGERY,"₹1,43,300*","₹92,522",1,"₹50,00,000",441,564(2),803(2),1533(2),1533(2),1533(2),-,-,-,585(1),845(1),845(1),1816(1),-,-
MAHA-Govt Quota,OPEN,Maharashtra,"Bombay Hospital IMS, Mumbai",PAEDIATRICS,"₹8,92,858*","₹70,000",0,₹0,725,695(2),726(2),922(2),922(2),922(2),-,-,-,595(1),760(1),851(1),-,-,-
MAHA-Govt Quota,SEBC,Maharashtra,"NKP Salve IMS, Nagpur",GENERAL MEDICINE,"₹9,00,000*","₹64,551",0,₹0,1272,-,-,-,-,-,-,-,-,852(2),852(2),852(2),-,-,-
MAHA-Govt Quota,OPEN,Maharashtra,"MGIMS, Wardha",PAEDIATRICS,"₹1,43,300*","₹89,698",1,"₹50,00,000",1000,261(1),385(1),911(1),911(1),911(1),-,-,-,338(1),524(1),855(1),-,-,-
MAHA-Govt Quota,SC,Maharashtra,"HBT & RN Cooper, Mumbai",GENERAL MEDICINE,"₹1,43,300*","₹92,522",1,"₹50,00,000",940,-,-,-,-,-,-,-,-,740(1),856(1),856(1),-,-,-
MAHA-Govt Quota,OPEN,Maharashtra,"Shri VR Naik Govt, Yavatmal",PAEDIATRICS,"₹1,43,300*","₹92,522",1,"₹50,00,000",756,391(1),689(1),1206(1),1206(1),1206(1),-,-,-,401(1),631(1),857(1),-,-,-
MAHA-Govt Quota,OPEN,Maharashtra,"BKL Walawalkar, Ratnagiri",GENERAL MEDICINE,"₹9,67,000*","₹62,000",0,₹0,520,557(2),731(2),794(2),794(2),794(2),-,-,-,372(1),562(1),859(1),-,-,-
MAHA-Govt Quota,EWS,Maharashtra,"HBT & RN Cooper, Mumbai",GENERAL SURGERY,"₹1,43,300*","₹92,522",1,"₹50,00,000",940,-,-,-,-,-,-,-,-,391(1),860(1),860(1),-,-,-
MAHA-Govt Quota,OBC,Maharashtra,"Topiwala, Mumbai",ORTHOPAEDICS,"₹1,43,300*","₹92,522",1,"₹50,00,000",1300,-,-,-,-,-,-,-,-,545(1),872(1),872(1),-,-,-
MAHA-Govt Quota,OBC,Maharashtra,"Seth GS, Mumbai",GENERAL SURGERY,"₹1,43,300*","₹92,522",1,"₹50,00,000",2250,314(1),410(1),785(1),785(1),785(1),-,-,-,494(2),747(2),877(2),-,-,-
MAHA-Govt Quota,OPEN,Maharashtra,"HBT & RN Cooper, Mumbai",ORTHOPAEDICS,"₹1,43,300*","₹92,522",1,"₹50,00,000",940,-,-,-,-,-,-,-,-,361(1),361(1),879(1),1548(1),-,-
MAHA-Govt Quota,SEBC,Maharashtra,"Govt Med Coll, Aurangabad",OBG,"₹1,43,300*","₹92,522",1,"₹50,00,000",1177,-,-,-,-,-,-,-,-,880(1),880(1),880(1),-,-,-
MAHA-Govt Quota,SEBC,Maharashtra,"Vasantrao Pawar, Nasik",RADIO DIAGNOSIS,"₹9,00,000*","₹69,105",0,₹0,1000,-,-,-,-,-,-,-,-,883(1),883(1),883(1),-,-,-
MAHA-Govt Quota,OPEN,Maharashtra,"Panjabrao Deshmukh, Amravati",GENERAL MEDICINE,"₹11,90,000*","₹76,429",0,₹0,760,293(1),293(1),557(1),557(1),557(1),-,-,-,458(1),458(1),887(1),-,-,-
MAHA-Govt Quota,OBC,Maharashtra,"Panjabrao Deshmukh, Amravati",GENERAL MEDICINE,"₹11,90,000*","₹76,429",0,₹0,760,-,-,-,-,-,-,-,-,668(1),668(1),888(1),-,-,-
MAHA-Govt Quota,SEBC,Maharashtra,"Govt Med Coll, Nagpur",PAEDIATRICS,"₹1,43,300*","₹92,522",1,"₹50,00,000",1866,-,-,-,-,-,-,-,-,526(1),804(1),889(1),-,-,-
MAHA-Govt Quota,OPEN,Maharashtra,"Indira Gandhi MedColl, Nagpur",GENERAL SURGERY,"₹1,43,300*","₹92,522",1,"₹50,00,000",822,245(3),304(3),525(3),525(3),525(3),-,-,-,292(1),457(1),891(1),-,-,-
MAHA-Govt Quota,EWS,Maharashtra,"BJMC, Pune",GENERAL SURGERY,"₹1,43,300*","₹92,522",1,"₹50,00,000",1296,488(1),714(1),714(1),714(1),714(1),-,-,-,364(1),892(1),892(1),-,-,-
MAHA-Govt Quota,EWS,Maharashtra,"Lokmanya Tilak, Sion, Mumbai",GENERAL SURGERY,"₹1,43,300*","₹92,522",1,"₹50,00,000",1462,268(1),268(1),268(1),268(1),268(1),-,-,-,220(1),364(1),893(1),-,-,-
MAHA-Govt Quota,OBC,Maharashtra,"Vithalrao Patil, Ahmednagar",GENERAL MEDICINE,"₹10,00,000*","₹76,629",0,₹0,960,407(1),552(1),743(1),743(1),743(1),-,-,-,566(1),566(1),896(1),-,-,-
MAHA-Govt Quota,SEBC,Maharashtra,"BJMC, Pune",OBG,"₹1,43,300*","₹92,522",1,"₹50,00,000",1296,-,-,-,-,-,-,-,-,819(1),897(1),897(1),-,-,-
MAHA-Govt Quota,SC,Maharashtra,"SRTT, Ambajogai",DERMATOLOGY,"₹1,43,300*","₹92,522",1,"₹50,00,000",518,-,-,-,-,-,-,-,-,542(1),898(1),898(1),-,-,-
MAHA-Govt Quota,SEBC,Maharashtra,"Pimpri Chinchwad, Pimpri",PAEDIATRICS,"₹1,43,300*","₹92,522",1,"₹50,00,000",750,-,-,-,-,-,-,-,-,709(1),902(1),902(1),-,-,-
MAHA-Govt Quota,EWS,Maharashtra,"Seth GS, Mumbai",PAEDIATRICS,"₹1,43,300*","₹92,522",1,"₹50,00,000",2250,-,-,-,-,-,-,-,-,351(1),351(1),903(1),-,-,-
MAHA-Govt Quota,SEBC,Maharashtra,"Topiwala, Mumbai",GENERAL SURGERY,"₹1,43,300*","₹92,522",1,"₹50,00,000",1300,-,-,-,-,-,-,-,-,692(1),904(1),904(1),-,-,-
MAHA-Govt Quota,EWS,Maharashtra,"Topiwala, Mumbai",OPHTHALMOLOGY,"₹1,43,300*","₹92,522",1,"₹50,00,000",1300,-,-,-,-,-,-,-,-,468(1),905(1),905(1),2682(1),-,-
MAHA-Govt Quota,EWS,Maharashtra,"Grant Med Coll, Mumbai",PAEDIATRICS,"₹1,43,300*","₹92,522",1,"₹50,00,000",2844,363(1),395(1),915(1),915(1),915(1),-,-,-,431(1),669(1),908(1),-,-,-
MAHA-Govt Quota,OPEN,Maharashtra,"Seth GS, Mumbai",TBRD,"₹1,43,300*","₹92,522",1,"₹50,00,000",2250,456(1),456(1),456(1),456(1),456(1),-,-,-,266(1),313(1),909(1),-,-,-
MAHA-Govt Quota,OPEN,Maharashtra,"Rajarshee CSM Govt MC,Kolhapur",ORTHOPAEDICS,"₹1,43,300*","₹92,522",1,"₹50,00,000",665,518(1),819(1),1222(1),1222(1),1222(1),-,-,-,563(1),910(1),910(1),-,-,-
MAHA-Govt Quota,OPEN,Maharashtra,"Grant Med Coll, Mumbai",ENT,"₹1,43,300*","₹92,522",1,"₹50,00,000",2844,600(1),860(1),900(1),900(1),900(1),-,-,-,296(1),366(1),911(1),-,-,-
MAHA-Govt Quota,SEBC,Maharashtra,"NKP Salve IMS, Nagpur",RADIO DIAGNOSIS,"₹9,00,000*","₹64,551",0,₹0,1272,-,-,-,-,-,-,-,-,912(1),912(1),912(1),-,-,-
MAHA-Govt Quota,NT3,Maharashtra,"Lokmanya Tilak, Sion, Mumbai",PAEDIATRICS,"₹1,43,300*","₹92,522",1,"₹50,00,000",1462,-,-,-,-,-,-,-,-,495(1),921(1),921(1),-,-,-
MAHA-Govt Quota,OBC,Maharashtra,"Kashibai Navale, Pune",GENERAL MEDICINE,"₹12,94,000*","₹76,429",0,₹0,1094,406(1),406(1),406(1),406(1),406(1),-,-,-,382(1),650(1),928(1),-,-,-
MAHA-Govt Quota,OBC,Maharashtra,"Vasantrao Pawar, Nasik",DERMATOLOGY,"₹9,00,000*","₹69,105",0,₹0,1000,-,-,-,-,-,-,-,-,929(1),929(1),929(1),-,-,-
MAHA-Govt Quota,EWS,Maharashtra,"Seth GS, Mumbai",OBG,"₹1,43,300*","₹92,522",1,"₹50,00,000",2250,490(2),490(2),1155(2),1155(2),1155(2),-,-,-,507(2),930(2),930(2),-,-,-
MAHA-Govt Quota,SEBC,Maharashtra,"Indira Gandhi MedColl, Nagpur",PAEDIATRICS,"₹1,43,300*","₹92,522",1,"₹50,00,000",822,-,-,-,-,-,-,-,-,648(1),889(1),934(1),-,-,-
MAHA-Govt Quota,OBC,Maharashtra,"BJMC, Pune",GENERAL SURGERY,"₹1,43,300*","₹92,522",1,"₹50,00,000",1296,444(2),591(2),1491(2),1491(2),1491(2),-,-,-,547(1),547(1),936(1),-,-,-
MAHA-Govt Quota,EWS-PH,Maharashtra,"Govt Med Coll, Aurangabad",OBG,"₹1,43,300*","₹92,522",1,"₹50,00,000",1177,-,-,-,-,-,-,-,-,-,-,937(1),-,-,-
MAHA-Govt Quota,SC,Maharashtra,"Govt Med Coll, Nagpur",GENERAL MEDICINE,"₹1,43,300*","₹92,522",1,"₹50,00,000",1866,798(2),1217(2),1217(2),1217(2),1217(2),-,-,-,768(2),768(2),939(2),-,-,-
MAHA-Govt Quota,OBC,Maharashtra,"Lokmanya Tilak, Sion, Mumbai",PAEDIATRICS,"₹1,43,300*","₹92,522",1,"₹50,00,000",1462,311(1),393(1),729(1),729(1),729(1),-,-,-,371(1),440(1),945(1),-,-,-
MAHA-Govt Quota,OPEN,Maharashtra,"VMMC, Solapur",OBG,"₹1,43,300*","₹92,522",1,"₹50,00,000",763,451(2),537(2),751(2),751(2),751(2),-,-,-,456(1),530(1),947(1),-,-,-
MAHA-Govt Quota,OBC,Maharashtra,"NKP Salve IMS, Nagpur",GENERAL MEDICINE,"₹9,00,000*","₹64,551",0,₹0,1272,541(2),541(2),669(2),669(2),669(2),-,-,-,629(2),629(2),949(2),-,-,-
MAHA-Govt Quota,OPEN,Maharashtra,"Ashwini Rural, Solapur",GENERAL MEDICINE,"₹11,81,000*","₹65,000",0,₹0,520,442(1),629(1),689(1),689(1),689(1),-,-,-,550(1),550(1),950(1),-,-,-
MAHA-Govt Quota,OPEN,Maharashtra,"Govt Med Coll, Nagpur",GENERAL SURGERY,"₹1,43,300*","₹92,522",1,"₹50,00,000",1866,211(3),267(3),377(3),377(3),377(3),-,-,-,307(2),455(2),955(2),-,-,-
MAHA-Govt Quota,OBC,Maharashtra,"Indira Gandhi MedColl, Nagpur",PAEDIATRICS,"₹1,43,300*","₹92,522",1,"₹50,00,000",822,393(1),508(1),934(1),934(1),934(1),-,-,-,461(1),720(1),956(1),-,-,-
MAHA-Govt Quota,OBC,Maharashtra,"Indira Gandhi MedColl, Nagpur",OBG,"₹1,43,300*","₹92,522",1,"₹50,00,000",822,601(1),663(1),663(1),663(1),663(1),-,-,-,477(2),730(2),957(2),-,-,-
MAHA Priv-Mgmt Quota,MGT,Maharashtra,"KJ Somaiyya, Mumbai",OBG,"₹48,00,000*","₹64,000",0,₹0,550,2500(1),2500(1),2500(1),2500(1),2500(1),-,-,-,963(1),963(1),963(1),-,-,-
MAHA-Govt Quota,EWS,Maharashtra,"Lokmanya Tilak, Sion, Mumbai",ORTHOPAEDICS,"₹1,43,300*","₹92,522",1,"₹50,00,000",1462,-,-,-,-,-,-,-,-,553(1),553(1),964(1),-,-,-
MAHA-Govt Quota,OPEN,Maharashtra,"Ulhas Patil Med Coll, Jalgaon",GENERAL MEDICINE,"₹9,00,000*","₹52,769",0,₹0,500,449(2),648(2),840(2),840(2),840(2),-,-,-,524(1),568(1),966(1),-,-,-
MAHA-Govt Quota,EWS,Maharashtra,"Indira Gandhi MedColl, Nagpur",OBG,"₹1,43,300*","₹92,522",1,"₹50,00,000",822,-,-,-,-,-,-,-,-,617(1),974(1),974(1),-,-,-
MAHA-Govt Quota,OPEN,Maharashtra,"BJMC, Pune",ORTHOPAEDICS,"₹1,43,300*","₹92,522",1,"₹50,00,000",1296,-,-,-,-,-,-,-,-,437(2),563(2),975(2),-,-,-
MAHA-Govt Quota,OBC,Maharashtra,"Govt Med Coll, Aurangabad",PAEDIATRICS,"₹1,43,300*","₹92,522",1,"₹50,00,000",1177,-,-,-,-,-,-,-,-,481(1),646(1),977(1),1604(1),-,-
MAHA-Govt Quota,NT2,Maharashtra,"Govt Med Coll, Chandrapur",DERMATOLOGY,"₹1,43,300*","₹92,522",1,"₹50,00,000",650,-,-,-,-,-,-,-,-,741(1),979(1),979(1),-,-,-
MAHA-Govt Quota,OBC-PH,Maharashtra,"Topiwala, Mumbai",PAEDIATRICS,"₹1,43,300*","₹92,522",1,"₹50,00,000",1300,-,-,-,-,-,-,-,-,-,-,981(1),-,-,-
MAHA-Govt Quota,OPEN,Maharashtra,"Govt Med Coll, Nagpur",ORTHOPAEDICS,"₹1,43,300*","₹92,522",1,"₹50,00,000",1866,294(1),507(1),749(1),749(1),749(1),-,-,-,285(1),587(1),982(1),-,-,-
MAHA-Govt Quota,OPEN,Maharashtra,"SRTT, Ambajogai",PAEDIATRICS,"₹1,43,300*","₹92,522",1,"₹50,00,000",518,389(1),605(1),1225(1),1225(1),1225(1),-,-,-,426(1),716(1),991(1),-,-,-
MAHA-Govt Quota,OPEN,Maharashtra,"Govt Med Coll, Aurangabad",RADIATION ONCOLOGY,"₹1,43,300*","₹92,522",1,"₹50,00,000",1177,-,-,-,-,-,-,-,-,1208(1),363(1),992(1),-,-,-
MAHA-Govt Quota,OPEN,Maharashtra,"Govt Med Coll, Akola",PAEDIATRICS,"₹1,43,300*","₹92,522",1,"₹50,00,000",840,-,-,-,-,-,-,-,-,389(1),675(1),996(1),-,-,-
MAHA-Govt Quota,VJ,Maharashtra,"Govt Med Coll, Nagpur",DERMATOLOGY,"₹1,43,300*","₹92,522",1,"₹50,00,000",1866,-,-,-,-,-,-,-,-,647(1),647(1),1011(1),-,-,-
MAHA-Govt Quota,SEBC,Maharashtra,"Govt Med Coll, Nanded",OBG,"₹1,43,300*","₹92,522",1,"₹50,00,000",750,-,-,-,-,-,-,-,-,902(1),1012(1),1012(1),-,-,-
MAHA-Govt Quota,VJ,Maharashtra,"Grant Med Coll, Mumbai",OBG,"₹1,43,300*","₹92,522",1,"₹50,00,000",2844,-,-,-,-,-,-,-,-,722(1),1013(1),1013(1),-,-,-
MAHA-Govt Quota,SC,Maharashtra,"Govt Med Coll, Nagpur",PAEDIATRICS,"₹1,43,300*","₹92,522",1,"₹50,00,000",1866,1296(1),1296(1),1685(1),1685(1),1685(1),-,-,-,1015(1),1015(1),1015(1),-,-,-
MAHA-Govt Quota,SC,Maharashtra,"BJMC, Pune",GENERAL MEDICINE,"₹1,43,300*","₹92,522",1,"₹50,00,000",1296,-,-,-,-,-,-,-,-,824(1),1016(1),1016(1),-,-,-
MAHA-Govt Quota,NT1,Maharashtra,"Govt Med Coll, Nanded",GENERAL MEDICINE,"₹1,43,300*","₹92,522",1,"₹50,00,000",750,-,-,-,-,-,-,-,-,1017(1),1017(1),1017(1),-,-,-
MAHA-Govt Quota,NT1,Maharashtra,"Pimpri Chinchwad, Pimpri",OBG,"₹1,43,300*","₹92,522",1,"₹50,00,000",750,-,-,-,-,-,-,-,-,1018(1),1018(1),1018(1),-,-,-
MAHA-Govt Quota,OBC,Maharashtra,"HBT & RN Cooper, Mumbai",PAEDIATRICS,"₹1,43,300*","₹92,522",1,"₹50,00,000",940,-,-,-,-,-,-,-,-,446(1),603(1),1023(1),-,-,-
MAHA-Govt Quota,OPEN,Maharashtra,"Indira Gandhi MedColl, Nagpur",PSYCHIATRY,"₹1,43,300*","₹92,522",1,"₹50,00,000",822,1083(1),1164(1),1433(1),1433(1),1433(1),-,-,-,651(1),803(1),1028(1),-,-,-
MAHA-Govt Quota,OBC,Maharashtra,"Govt Med Coll, Nagpur",GENERAL SURGERY,"₹1,43,300*","₹92,522",1,"₹50,00,000",1866,357(2),949(2),1569(2),1569(2),1569(2),-,-,-,670(2),670(2),1031(2),-,-,-
MAHA-Govt Quota,OPEN,Maharashtra,"Govt Med Coll, Miraj",OBG,"₹1,43,300*","₹92,522",1,"₹50,00,000",725,-,-,-,-,-,-,-,-,406(2),655(2),1032(2),-,-,-
MAHA-Govt Quota,OBC-PH,Maharashtra,"Indira Gandhi MedColl, Nagpur",GENERAL SURGERY,"₹1,43,300*","₹92,522",1,"₹50,00,000",822,-,-,-,-,-,-,-,-,-,-,1033(1),-,-,-
MAHA-Govt Quota,OBC,Maharashtra,"Pimpri Chinchwad, Pimpri",GENERAL SURGERY,"₹1,43,300*","₹92,522",1,"₹50,00,000",750,587(1),1009(1),1698(1),1698(1),1698(1),-,-,-,761(1),936(1),1040(1),-,-,-
MAHA-Govt Quota,OPEN,Maharashtra,"SMBT IMS, Nashik",GENERAL MEDICINE,"₹15,16,000*","₹60,000",0,₹0,850,626(2),657(2),817(2),817(2),817(2),-,-,-,560(1),572(1),1044(1),-,-,-
MAHA-Govt Quota,OBC,Maharashtra,"Govt Med Coll, Nagpur",PAEDIATRICS,"₹1,43,300*","₹92,522",1,"₹50,00,000",1866,385(2),481(2),736(2),736(2),736(2),-,-,-,373(1),592(1),1045(1),-,-,-
MAHA-Govt Quota,OBC,Maharashtra,"VMMC, Solapur",PAEDIATRICS,"₹1,43,300*","₹92,522",1,"₹50,00,000",763,-,-,-,-,-,-,-,-,603(1),789(1),1047(1),-,-,-
MAHA-Govt Quota,OPEN,Maharashtra,"Govt Med Coll, Latur",PATHOLOGY,"₹1,43,300*","₹92,522",1,"₹50,00,000",750,2268(1),3085(1),3731(1),3731(1),3731(1),-,-,-,1048(1),1048(1),1048(1),-,-,-
MAHA-Govt Quota,EWS,Maharashtra,"Rajarshee CSM Govt MC,Kolhapur",PAEDIATRICS,"₹1,43,300*","₹92,522",1,"₹50,00,000",665,-,-,-,-,-,-,-,-,669(1),903(1),1049(1),-,-,-
MAHA-Govt Quota,SEBC,Maharashtra,"Grant Med Coll, Mumbai",ORTHOPAEDICS,"₹1,43,300*","₹92,522",1,"₹50,00,000",2844,-,-,-,-,-,-,-,-,745(1),750(1),1051(1),-,-,-
MAHA-Govt Quota,OPEN,Maharashtra,"Shri VR Naik Govt, Yavatmal",GENERAL SURGERY,"₹1,43,300*","₹92,522",1,"₹50,00,000",756,486(2),684(2),1536(2),1536(2),1536(2),-,-,-,482(1),891(1),1052(1),-,-,-
MAHA-Govt Quota,NT2,Maharashtra,"Govt Med Coll, Nagpur",OBG,"₹1,43,300*","₹92,522",1,"₹50,00,000",1866,-,-,-,-,-,-,-,-,1059(1),1059(1),1059(1),-,-,-
MAHA-Govt Quota,OBC,Maharashtra,"Tata Memorial, Mumbai",RADIATION ONCOLOGY,"₹1,05,500*","₹1,00,800",1*,"₹25,00,000*",614,-,-,-,-,-,-,-,-,1060(1),1060(1),1060(1),-,-,-
MAHA-Govt Quota,OPEN,Maharashtra,"MPGIMER, Nashik",OBG,"₹1,43,300*","₹92,522",1,"₹50,00,000",-,-,-,-,-,-,-,-,-,522(1),712(1),1061(1),-,-,-
MAHA-Govt Quota,OBC,Maharashtra,"VMMC, Solapur",OBG,"₹1,43,300*","₹92,522",1,"₹50,00,000",763,628(1),780(1),1118(1),1118(1),1118(1),-,-,-,510(1),776(1),1062(1),-,-,-
MAHA-Govt Quota,SEBC,Maharashtra,"Govt Med Coll, Chandrapur",PAEDIATRICS,"₹1,43,300*","₹92,522",1,"₹50,00,000",650,-,-,-,-,-,-,-,-,764(1),934(1),1064(1),-,-,-
MAHA-Govt Quota,OBC,Maharashtra,"Govt Med Coll, Latur",PAEDIATRICS,"₹1,43,300*","₹92,522",1,"₹50,00,000",750,402(1),602(1),1305(1),1305(1),1305(1),-,-,-,720(1),945(1),1065(1),-,-,-
MAHA-Govt Quota,SEBC,Maharashtra,"Lokmanya Tilak, Sion, Mumbai",GENERAL SURGERY,"₹1,43,300*","₹92,522",1,"₹50,00,000",1462,-,-,-,-,-,-,-,-,582(1),1070(1),1070(1),-,-,-
MAHA-Govt Quota,OPEN,Maharashtra,"MPGIMER, Nashik",ORTHOPAEDICS,"₹1,43,300*","₹92,522",1,"₹50,00,000",-,-,-,-,-,-,-,-,-,587(1),868(1),1073(1),-,-,-
MAHA-Govt Quota,NT2,Maharashtra,"BJMC, Pune",OBG,"₹1,43,300*","₹92,522",1,"₹50,00,000",1296,-,-,-,-,-,-,-,-,1077(1),1077(1),1077(1),-,-,-
MAHA-Govt Quota,OBC,Maharashtra,"MIMER, Talegaon, Pune",GENERAL MEDICINE,"₹8,00,000*","₹64,551",0,₹0,720,-,-,-,-,-,-,-,-,517(1),517(1),1080(1),-,-,-
MAHA-Govt Quota,SEBC,Maharashtra,"Indira Gandhi MedColl, Nagpur",OBG,"₹1,43,300*","₹92,522",1,"₹50,00,000",822,-,-,-,-,-,-,-,-,897(1),946(1),1081(1),-,-,-
MAHA-Govt Quota,OPEN,Maharashtra,"Govt Med Coll, Latur",OBG,"₹1,43,300*","₹92,522",1,"₹50,00,000",750,-,-,-,-,-,-,-,-,530(1),605(1),1082(1),-,-,-
MAHA-Govt Quota,OBC,Maharashtra,"Govt Med Coll, Miraj",PAEDIATRICS,"₹1,43,300*","₹92,522",1,"₹50,00,000",725,-,-,-,-,-,-,-,-,592(1),790(1),1089(1),-,-,-
MAHA-Govt Quota,NT2,Maharashtra,"Sri Bhausaheb, Dhule",PAEDIATRICS,"₹1,43,300*","₹92,522",1,"₹50,00,000",545,-,-,-,-,-,-,-,-,857(1),857(1),1093(1),-,-,-
MAHA-Govt Quota,OPEN,Maharashtra,"Govt Med Coll, Aurangabad",GENERAL SURGERY,"₹1,43,300*","₹92,522",1,"₹50,00,000",1177,267(3),315(3),443(3),443(3),443(3),-,-,-,336(2),469(2),1095(2),-,-,-
MAHA-Govt Quota,OPEN,Maharashtra,"Govt Med Coll, Nanded",OBG,"₹1,43,300*","₹92,522",1,"₹50,00,000",750,524(2),642(2),1088(2),1088(2),1088(2),-,-,-,460(1),703(1),1098(1),-,-,-
MAHA-Govt Quota,OPEN-Orphan,Maharashtra,"SRTT, Ambajogai",PAEDIATRICS,"₹1,43,300*","₹92,522",1,"₹50,00,000",518,-,-,-,-,-,-,-,-,-,-,1100(1),-,-,-
MAHA-Govt Quota,OPEN,Maharashtra,"Govt Med Coll, Miraj",ORTHOPAEDICS,"₹1,43,300*","₹92,522",1,"₹50,00,000",725,394(1),749(1),1258(1),1258(1),1258(1),-,-,-,519(1),923(1),1102(1),-,-,-
MAHA-Govt Quota,EWS,Maharashtra,"Govt Med Coll, Nagpur",OBG,"₹1,43,300*","₹92,522",1,"₹50,00,000",1866,-,-,-,-,-,-,-,-,684(2),937(2),1106(2),-,-,-
MAHA-Govt Quota,SEBC,Maharashtra,"Seth GS, Mumbai",OBG,"₹1,43,300*","₹92,522",1,"₹50,00,000",2250,-,-,-,-,-,-,-,-,425(1),425(1),1109(1),-,-,-
MAHA-Govt Quota,SEBC,Maharashtra,"Grant Med Coll, Mumbai",TBRD,"₹1,43,300*","₹92,522",1,"₹50,00,000",2844,-,-,-,-,-,-,-,-,1115(1),1115(1),1115(1),-,-,-
MAHA-Govt Quota,OPEN,Maharashtra,"Lokmanya Tilak, Sion, Mumbai",TBRD,"₹1,43,300*","₹92,522",1,"₹50,00,000",1462,-,-,-,-,-,-,-,-,310(1),334(1),1117(1),-,-,-
MAHA-Govt Quota,SEBC,Maharashtra,"BJMC, Pune",GENERAL SURGERY,"₹1,43,300*","₹92,522",1,"₹50,00,000",1296,-,-,-,-,-,-,-,-,804(1),1120(1),1120(1),-,-,-
MAHA-Govt Quota,OPEN,Maharashtra,"Govt Med Coll, Akola",OBG,"₹1,43,300*","₹92,522",1,"₹50,00,000",840,537(3),710(3),1209(3),1209(3),1209(3),-,-,-,520(2),678(2),1124(2),-,-,-
MAHA-Govt Quota,SC,Maharashtra,"Grant Med Coll, Mumbai",GENERAL SURGERY,"₹1,43,300*","₹92,522",1,"₹50,00,000",2844,1023(3),1023(3),1218(3),1218(3),1218(3),-,-,-,1125(1),1125(1),1125(1),-,-,-
MAHA-Govt Quota,OBC,Maharashtra,"Govt Med Coll, Aurangabad",GENERAL SURGERY,"₹1,43,300*","₹92,522",1,"₹50,00,000",1177,558(2),962(2),1717(2),1988(2),1988(2),-,-,-,698(2),761(2),1127(2),-,-,-
MAHA-Govt Quota,SC,Maharashtra,"Govt Med Coll, Aurangabad",GENERAL MEDICINE,"₹1,43,300*","₹92,522",1,"₹50,00,000",1177,880(1),1280(1),1280(1),1280(1),1280(1),-,-,-,788(1),788(1),1129(1),-,-,-
MAHA-Govt Quota,SEBC,Maharashtra,"BJMC, Pune",TBRD,"₹1,43,300*","₹92,522",1,"₹50,00,000",1296,-,-,-,-,-,-,-,-,1133(1),1133(1),1133(1),-,-,-
MAHA-Govt Quota,SEBC,Maharashtra,"Govt Med Coll, Aurangabad",ORTHOPAEDICS,"₹1,43,300*","₹92,522",1,"₹50,00,000",1177,-,-,-,-,-,-,-,-,750(1),1051(1),1135(1),-,-,-
MAHA-Govt Quota,OBC,Maharashtra,"VMMC, Solapur",GENERAL SURGERY,"₹1,43,300*","₹92,522",1,"₹50,00,000",763,-,-,-,-,-,-,-,-,877(1),1033(1),1140(1),-,-,-
MAHA-Govt Quota,OPEN,Maharashtra,"Govt Med Coll, Miraj",GENERAL SURGERY,"₹1,43,300*","₹92,522",1,"₹50,00,000",725,309(3),525(3),1203(3),1203(3),1203(3),-,-,-,434(1),488(1),1144(1),-,-,-
MAHA-Govt Quota,ST,Maharashtra,"Tata Memorial, Mumbai",RADIO DIAGNOSIS,"₹1,05,500*","₹1,00,800",1*,"₹25,00,000*",614,-,-,-,-,-,-,-,-,1156(1),1156(1),1156(1),-,-,-
MAHA-Govt Quota,SEBC-PH,Maharashtra,"Grant Med Coll, Mumbai",OBG,"₹1,43,300*","₹92,522",1,"₹50,00,000",2844,-,-,-,-,-,-,-,-,-,-,1165(1),-,-,-
MAHA-Govt Quota,ST,Maharashtra,"Lokmanya Tilak, Sion, Mumbai",GENERAL MEDICINE,"₹1,43,300*","₹92,522",1,"₹50,00,000",1462,-,-,-,-,-,-,-,-,1166(1),1166(1),1166(1),-,-,-
MAHA-Govt Quota,OBC,Maharashtra,"Govt Med Coll, Nagpur",ORTHOPAEDICS,"₹1,43,300*","₹92,522",1,"₹50,00,000",1866,635(1),793(1),1463(1),1463(1),1463(1),-,-,-,735(1),823(1),1167(1),-,-,-
MAHA-Govt Quota,NT3,Maharashtra,"Govt Med Coll, Aurangabad",OBG,"₹1,43,300*","₹92,522",1,"₹50,00,000",1177,-,-,-,-,-,-,-,-,528(1),1168(1),1168(1),-,-,-
MAHA-Govt Quota,SEBC,Maharashtra,"Ashwini Rural, Solapur",GENERAL MEDICINE,"₹11,81,000*","₹65,000",0,₹0,520,-,-,-,-,-,-,-,-,1169(1),1169(1),1169(1),-,-,-
MAHA-Govt Quota,OBC,Maharashtra,"MPGIMER, Nashik",PAEDIATRICS,"₹1,43,300*","₹92,522",1,"₹50,00,000",-,422(1),670(1),1146(1),1146(1),1146(1),-,-,-,789(1),801(1),1172(1),-,-,-
MAHA-Govt Quota,OBC,Maharashtra,"Govt Med Coll, Nanded",OBG,"₹1,43,300*","₹92,522",1,"₹50,00,000",750,650(1),779(1),1156(1),1156(1),1156(1),-,-,-,561(1),821(1),1174(1),-,-,-
MAHA-Govt Quota,OBC,Maharashtra,"Rajarshee CSM Govt MC,Kolhapur",PAEDIATRICS,"₹1,43,300*","₹92,522",1,"₹50,00,000",665,-,-,-,-,-,-,-,-,646(1),896(1),1176(1),-,-,-
MAHA-Govt Quota,OBC,Maharashtra,"Indira Gandhi MedColl, Nagpur",ORTHOPAEDICS,"₹1,43,300*","₹92,522",1,"₹50,00,000",822,653(1),847(1),1513(1),1513(1),1513(1),-,-,-,799(1),982(1),1177(1),-,-,-
MAHA-Govt Quota,OBC,Maharashtra,"Govt Med Coll, Miraj",OBG,"₹1,43,300*","₹92,522",1,"₹50,00,000",725,639(1),814(1),1100(1),1100(1),1100(1),-,-,-,514(1),833(1),1183(1),-,-,-
MAHA-Govt Quota,OPEN,Maharashtra,"Shri VR Naik Govt, Yavatmal",OBG,"₹1,43,300*","₹92,522",1,"₹50,00,000",756,595(1),720(1),1069(1),1069(1),1069(1),-,-,-,509(1),718(1),1184(1),-,-,-
MAHA-Govt Quota,OPEN,Maharashtra,"SRTT, Ambajogai",OBG,"₹1,43,300*","₹92,522",1,"₹50,00,000",518,555(2),705(2),1158(2),1158(2),1158(2),-,-,-,532(1),708(1),1185(1),-,-,-
MAHA-Govt Quota,SEBC,Maharashtra,"Govt Med Coll, Aurangabad",GENERAL SURGERY,"₹1,43,300*","₹92,522",1,"₹50,00,000",1177,-,-,-,-,-,-,-,-,459(1),1188(1),1188(1),-,-,-
MAHA-Govt Quota,SC,Maharashtra,"Topiwala, Mumbai",GENERAL SURGERY,"₹1,43,300*","₹92,522",1,"₹50,00,000",1300,1315(1),1315(1),1778(1),1778(1),1778(1),-,-,-,1189(1),1189(1),1189(1),-,-,-
MAHA-Govt Quota,OBC,Maharashtra,"Govt Med Coll, Latur",OBG,"₹1,43,300*","₹92,522",1,"₹50,00,000",750,-,-,-,-,-,-,-,-,649(1),957(1),1190(1),1456(1),-,-
MAHA-Govt Quota,SC,Maharashtra,"Indira Gandhi MedColl, Nagpur",GENERAL MEDICINE,"₹1,43,300*","₹92,522",1,"₹50,00,000",822,825(1),1252(1),1252(1),1252(1),1252(1),-,-,-,665(1),939(1),1193(1),-,-,-
MAHA-Govt Quota,OBC,Maharashtra,"Shri VR Naik Govt, Yavatmal",PAEDIATRICS,"₹1,43,300*","₹92,522",1,"₹50,00,000",756,-,-,-,-,-,-,-,-,801(1),949(1),1196(1),-,-,-
MAHA-Govt Quota,OPEN,Maharashtra,"SRTT, Ambajogai",GENERAL SURGERY,"₹1,43,300*","₹92,522",1,"₹50,00,000",518,377(1),589(1),1339(1),1339(1),1339(1),-,-,-,569(1),829(1),1198(1),-,-,-
MAHA-Govt Quota,OBC,Maharashtra,"Ashwini Rural, Solapur",GENERAL MEDICINE,"₹11,81,000*","₹65,000",0,₹0,520,669(1),783(1),783(1),783(1),783(1),-,-,-,792(1),792(1),1199(1),-,-,-
MAHA-Govt Quota,OPEN,Maharashtra,"MGIMS, Wardha",GENERAL SURGERY,"₹1,43,300*","₹89,698",1,"₹50,00,000",1000,304(1),377(1),1028(1),1599(2),1599(2),-,-,-,493(1),733(1),1200(1),-,-,-
MAHA-Govt Quota,NT2,Maharashtra,"Govt Med Coll, Gondia",PAEDIATRICS,"₹1,43,300*","₹92,522",1,"₹50,00,000",500,-,-,-,-,-,-,-,-,979(1),1093(1),1207(1),-,-,-
MAHA-Govt Quota,OPEN-PH,Maharashtra,"Govt Med Coll, Nagpur",RADIATION ONCOLOGY,"₹1,43,300*","₹92,522",1,"₹50,00,000",1866,-,-,-,-,-,-,-,-,6497(1),-,1208(1),-,-,-
MAHA-Govt Quota,SC,Maharashtra,"MGIMS, Wardha",GENERAL MEDICINE,"₹1,43,300*","₹89,698",1,"₹50,00,000",1000,1076(1),1348(1),1348(1),1348(1),1348(1),-,-,-,856(1),1141(1),1210(1),-,-,-
MAHA-Govt Quota,OBC,Maharashtra,"Govt Med Coll, Jalgaon",PAEDIATRICS,"₹1,43,300*","₹92,522",1,"₹50,00,000",441,-,-,-,-,-,-,-,-,-,-,1214(1),-,-,-
MAHA-Govt Quota,SEBC,Maharashtra,"Govt Med Coll, Nagpur",GENERAL SURGERY,"₹1,43,300*","₹92,522",1,"₹50,00,000",1866,-,-,-,-,-,-,-,-,904(1),1217(1),1217(1),-,-,-
MAHA-Govt Quota,SEBC,Maharashtra,"Sri Bhausaheb, Dhule",OBG,"₹1,43,300*","₹92,522",1,"₹50,00,000",545,-,-,-,-,-,-,-,-,1012(1),1064(1),1218(1),-,-,-
MAHA-Govt Quota,OBC,Maharashtra,"Prakash Inst of MS & R, Sangli",RADIO DIAGNOSIS,"₹16,00,000*",Info not available,Info Not Available,Info not available,-,-,-,-,-,-,-,-,-,949(1),1219(1),1219(1),-,-,-
MAHA-Govt Quota,OBC,Maharashtra,"Govt Med Coll, Jalgaon",ORTHOPAEDICS,"₹1,43,300*","₹92,522",1,"₹50,00,000",441,-,-,-,-,-,-,-,-,-,1232(1),1232(1),1852(1),-,-
MAHA-Govt Quota,OPEN,Maharashtra,"Govt Med Coll, Aurangabad",TBRD,"₹1,43,300*","₹92,522",1,"₹50,00,000",1177,-,-,-,-,-,-,-,-,-,782(1),1237(1),-,-,-
MAHA-Govt Quota,OBC,Maharashtra,"BJMC, Pune",TBRD,"₹1,43,300*","₹92,522",1,"₹50,00,000",1296,-,-,-,-,-,-,-,-,795(1),795(1),1238(1),-,-,-
MAHA-Govt Quota,OPEN,Maharashtra,"SMBT IMS, Nashik",ORTHOPAEDICS,"₹15,16,000*","₹60,000",0,₹0,850,1248(1),1690(1),2090(1),2090(1),2090(1),-,-,-,1240(1),1240(1),1240(1),-,-,-
MAHA-Govt Quota,OPEN,Maharashtra,"MIMSR, Latur",PAEDIATRICS,"₹7,82,607*","₹76,249",0,₹0,775,922(1),1088(1),1364(1),1364(1),1364(1),-,-,-,793(1),1246(1),1246(1),-,-,-
MAHA-Govt Quota,OPEN,Maharashtra,"Rajarshee CSM Govt MC,Kolhapur",ENT,"₹1,43,300*","₹92,522",1,"₹50,00,000",665,-,-,-,-,-,-,-,-,831(1),1249(1),1249(1),-,-,-
MAHA-Govt Quota,VJ,Maharashtra,"Vithalrao Patil, Ahmednagar",RADIO DIAGNOSIS,"₹10,00,000*","₹76,629",0,₹0,960,-,-,-,-,-,-,-,-,1011(1),1011(1),1251(1),-,-,-
MAHA-Govt Quota,NT2,Maharashtra,"Seth GS, Mumbai",OBG,"₹1,43,300*","₹92,522",1,"₹50,00,000",2250,-,-,-,-,-,-,-,-,876(1),1253(1),1253(1),-,-,-
MAHA-Govt Quota,SEBC,Maharashtra,"Govt Med Coll, Miraj",GENERAL SURGERY,"₹1,43,300*","₹92,522",1,"₹50,00,000",725,-,-,-,-,-,-,-,-,1116(1),1257(1),1257(1),-,-,-
MAHA-Govt Quota,SEBC,Maharashtra,"PGIMS, Navi Mumbai",ORTHOPAEDICS,"₹1,43,300*","₹92,522",1,"₹50,00,000",-,-,-,-,-,-,-,-,-,1051(1),1258(1),1258(1),-,-,-
MAHA-Govt Quota,SC,Maharashtra,"NKP Salve IMS, Nagpur",RADIO DIAGNOSIS,"₹9,00,000*","₹64,551",0,₹0,1272,885(1),885(1),885(1),885(1),885(1),-,-,-,1264(1),1264(1),1264(1),-,-,-
MAHA-Govt Quota,NT1,Maharashtra,"MIMSR, Latur",GENERAL MEDICINE,"₹7,82,607*","₹76,249",0,₹0,775,-,-,-,-,-,-,-,-,1268(1),1268(1),1268(1),-,-,-
MAHA-Govt Quota,OBC,Maharashtra,"Ashwini Rural, Solapur",DERMATOLOGY,"₹11,81,000*","₹65,000",0,₹0,520,-,-,-,-,-,-,-,-,639(1),639(1),1273(1),-,-,-
MAHA-Govt Quota,OPEN,Maharashtra,"ACPM, Dhule",GENERAL MEDICINE,"₹10,74,000*","₹50,000",0,₹0,570,617(1),856(2),856(2),856(2),856(2),-,-,-,568(2),684(2),1276(2),-,-,-
MAHA-Govt Quota,OPEN,Maharashtra,"Prakash Inst of MS & R, Sangli",RADIO DIAGNOSIS,"₹16,00,000*",Info not available,Info Not Available,Info not available,-,-,-,-,-,-,-,-,-,325(1),682(1),1277(1),-,-,-
MAHA-Govt Quota,OBC,Maharashtra,"ACPM, Dhule",GENERAL MEDICINE,"₹10,74,000*","₹50,000",0,₹0,570,-,926(1),943(1),943(1),943(1),-,-,-,809(1),918(1),1278(1),-,-,-
MAHA-Govt Quota,NT1,Maharashtra,"MPGIMER, Nashik",OBG,"₹1,43,300*","₹92,522",1,"₹50,00,000",-,-,-,-,-,-,-,-,-,1285(1),1285(1),1285(1),-,-,-
MAHA-Govt Quota,SEBC,Maharashtra,"Govt Med Coll, Akola",OBG,"₹1,43,300*","₹92,522",1,"₹50,00,000",840,-,-,-,-,-,-,-,-,946(1),1081(1),1287(1),-,-,-
MAHA-Govt Quota,NT1,Maharashtra,"Grant Med Coll, Mumbai",GENERAL SURGERY,"₹1,43,300*","₹92,522",1,"₹50,00,000",2844,-,-,-,-,-,-,-,-,1290(1),1290(1),1290(1),-,-,-
MAHA-Govt Quota,SEBC-PH,Maharashtra,"Seth GS, Mumbai",GENERAL SURGERY,"₹1,43,300*","₹92,522",1,"₹50,00,000",2250,-,-,-,-,-,-,-,-,-,-,1292(1),-,-,-
MAHA-Govt Quota,SC,Maharashtra,"Topiwala, Mumbai",PAEDIATRICS,"₹1,43,300*","₹92,522",1,"₹50,00,000",1300,1288(1),1288(1),1288(1),1288(1),1288(1),-,-,-,1293(1),1293(1),1293(1),-,-,-
MAHA-Govt Quota,OPEN,Maharashtra,"Kashibai Navale, Pune",PAEDIATRICS,"₹12,94,000*","₹76,429",0,₹0,1094,794(2),922(2),1427(2),1427(2),1427(2),-,-,-,623(1),623(1),1297(1),-,-,-
MAHA-Govt Quota,OBC,Maharashtra,"Govt Med Coll, Miraj",GENERAL SURGERY,"₹1,43,300*","₹92,522",1,"₹50,00,000",725,-,-,-,-,-,-,-,-,776(1),954(1),1298(1),-,-,-
MAHA-Govt Quota,OPEN,Maharashtra,"PGIMS, Navi Mumbai",GENERAL SURGERY,"₹1,43,300*","₹92,522",1,"₹50,00,000",-,-,-,-,-,-,-,-,-,-,-,1299(1),-,-,-
MAHA-Govt Quota,OBC,Maharashtra,"Govt Med Coll, Akola",OBG,"₹1,43,300*","₹92,522",1,"₹50,00,000",840,-,-,-,-,-,-,-,-,662(1),828(1),1301(1),-,-,-
MAHA-Govt Quota,SEBC,Maharashtra,"VMMC, Solapur",GENERAL SURGERY,"₹1,43,300*","₹92,522",1,"₹50,00,000",763,-,-,-,-,-,-,-,-,1070(1),1292(1),1302(1),-,-,-
MAHA-Govt Quota,OBC,Maharashtra,"Grant Med Coll, Mumbai",TBRD,"₹1,43,300*","₹92,522",1,"₹50,00,000",2844,-,-,-,-,-,-,-,-,896(1),1087(1),1303(1),-,-,-
MAHA-Govt Quota,VJ,Maharashtra,"NKP Salve IMS, Nagpur",GENERAL MEDICINE,"₹9,00,000*","₹64,551",0,₹0,1272,-,-,-,-,-,-,-,-,1305(1),1305(1),1305(1),-,-,-
MAHA-Govt Quota,OPEN,Maharashtra,"Govt Med Coll, Nagpur",OPHTHALMOLOGY,"₹1,43,300*","₹92,522",1,"₹50,00,000",1866,514(1),678(1),1555(1),1555(1),1555(1),-,-,-,370(2),636(2),1312(2),-,-,-
MAHA-Govt Quota,NT2,Maharashtra,"BJMC, Pune",ORTHOPAEDICS,"₹1,43,300*","₹92,522",1,"₹50,00,000",1296,-,-,-,-,-,-,-,-,752(1),865(1),1313(1),-,-,-
MAHA-Govt Quota,OBC,Maharashtra,"PGIMS, Navi Mumbai",OBG,"₹1,43,300*","₹92,522",1,"₹50,00,000",-,-,-,-,-,-,-,-,-,730(1),816(1),1314(1),-,-,-
MAHA-Govt Quota,SEBC,Maharashtra,"Grant Med Coll, Mumbai",OPHTHALMOLOGY,"₹1,43,300*","₹92,522",1,"₹50,00,000",2844,-,-,-,-,-,-,-,-,1109(1),1315(1),1315(1),-,-,-
MAHA-Govt Quota,SEBC,Maharashtra,"Govt Med Coll, Jalgaon",OBG,"₹1,43,300*","₹92,522",1,"₹50,00,000",441,-,-,-,-,-,-,-,-,1064(1),1109(1),1317(1),-,-,-
MAHA-Govt Quota,OPEN,Maharashtra,"SRTT, Ambajogai",ORTHOPAEDICS,"₹1,43,300*","₹92,522",1,"₹50,00,000",518,528(1),854(1),1248(1),1248(1),1248(1),-,-,-,645(1),1073(1),1320(1),-,-,-
MAHA-Govt Quota,OPEN,Maharashtra,"Seth GS, Mumbai",ANAESTHESIOLOGY,"₹1,43,300*","₹92,522",1,"₹50,00,000",2250,930(6),1223(6),1440(6),1440(6),1440(6),-,-,-,734(5),1226(5),1322(5),-,-,-
MAHA-Govt Quota,EWS,Maharashtra,"Rajarshee CSM Govt MC,Kolhapur",GENERAL SURGERY,"₹1,43,300*","₹92,522",1,"₹50,00,000",665,-,-,-,-,-,-,-,-,893(1),1324(1),1324(1),-,-,-
MAHA-Govt Quota,NT1,Maharashtra,"Govt Med Coll, Miraj",PAEDIATRICS,"₹1,43,300*","₹92,522",1,"₹50,00,000",725,-,-,-,-,-,-,-,-,1329(1),1329(1),1329(1),-,-,-
MAHA-Govt Quota,SEBC,Maharashtra,"Ashwini Rural, Solapur",DERMATOLOGY,"₹11,81,000*","₹65,000",0,₹0,520,-,-,-,-,-,-,-,-,1646(1),1646(1),1330(1),-,-,-
MAHA-Govt Quota,SEBC,Maharashtra,"MIMSR, Latur",GENERAL MEDICINE,"₹7,82,607*","₹76,249",0,₹0,775,-,-,-,-,-,-,-,-,1331(1),1331(1),1331(1),-,-,-
MAHA-Govt Quota,OBC,Maharashtra,"SRTT, Ambajogai",OBG,"₹1,43,300*","₹92,522",1,"₹50,00,000",518,-,-,-,-,-,-,-,-,578(1),1005(1),1334(1),-,-,-
MAHA-Govt Quota,OBC,Maharashtra,"Govt Med Coll, Gondia",OBG,"₹1,43,300*","₹92,522",1,"₹50,00,000",500,663(1),852(1),1354(1),1354(1),1354(1),-,-,-,707(1),1047(1),1337(1),-,-,-
MAHA-Govt Quota,OPEN,Maharashtra,"NKP Salve IMS, Nagpur",OBG,"₹9,00,000*","₹64,551",0,₹0,1272,894(3),1059(3),1726(3),1726(3),1726(3),-,-,-,636(1),1021(1),1342(1),-,-,-
MAHA-Govt Quota,OPEN,Maharashtra,"Pimpri Chinchwad, Pimpri",TBRD,"₹1,43,300*","₹92,522",1,"₹50,00,000",750,-,-,-,-,-,-,-,-,579(1),909(1),1342(1),-,-,-
MAHA-Govt Quota,OBC,Maharashtra,"Topiwala, Mumbai",TBRD,"₹1,43,300*","₹92,522",1,"₹50,00,000",1300,-,-,-,-,-,-,-,-,866(1),1066(1),1344(1),-,-,-
MAHA-Govt Quota,OPEN,Maharashtra,"Govt Med Coll, Latur",GENERAL SURGERY,"₹1,43,300*","₹92,522",1,"₹50,00,000",750,438(2),757(2),995(2),995(2),995(2),-,-,-,469(1),738(1),1345(1),-,-,-
MAHA-Govt Quota,SC,Maharashtra,"Ulhas Patil Med Coll, Jalgaon",RADIO DIAGNOSIS,"₹9,00,000*","₹52,769",0,₹0,500,-,-,-,-,-,-,-,-,1350(1),1350(1),1350(1),-,-,-
MAHA-Govt Quota,OBC,Maharashtra,"Rajarshee CSM Govt MC,Kolhapur",GENERAL SURGERY,"₹1,43,300*","₹92,522",1,"₹50,00,000",665,-,-,-,-,-,-,-,-,854(1),1088(1),1351(1),-,-,-
MAHA-Govt Quota,SC,Maharashtra,"Lokmanya Tilak, Sion, Mumbai",GENERAL SURGERY,"₹1,43,300*","₹92,522",1,"₹50,00,000",1462,1218(1),1218(1),1696(1),1696(1),1696(1),-,-,-,1180(1),1356(1),1356(1),-,-,-
MAHA-Govt Quota,NT1,Maharashtra,"Grant Med Coll, Mumbai",ORTHOPAEDICS,"₹1,43,300*","₹92,522",1,"₹50,00,000",2844,-,-,-,-,-,-,-,-,1360(1),1360(1),1360(1),-,-,-
MAHA-Govt Quota,NT2,Maharashtra,"Vithalrao Patil, Ahmednagar",DERMATOLOGY,"₹10,00,000*","₹76,629",0,₹0,960,-,-,-,-,-,-,-,-,1361(1),1361(1),1361(1),-,-,-
MAHA-Govt Quota,OPEN,Maharashtra,"Sri Bhausaheb, Dhule",ORTHOPAEDICS,"₹1,43,300*","₹92,522",1,"₹50,00,000",545,485(1),871(1),1301(1),1301(1),1301(1),-,-,-,580(1),1164(1),1362(1),-,-,-
MAHA-Govt Quota,OBC,Maharashtra,"Bombay Hospital IMS, Mumbai",PAEDIATRICS,"₹8,92,858*","₹70,000",0,₹0,725,-,-,-,-,-,-,-,-,1167(1),1276(1),1363(1),-,-,-
MAHA-Govt Quota,OPEN,Maharashtra,"Govt Med Coll, Nanded",GENERAL SURGERY,"₹1,43,300*","₹92,522",1,"₹50,00,000",750,-,-,-,-,-,-,-,-,488(2),763(2),1364(2),-,-,-
MAHA-Govt Quota,OPEN,Maharashtra,"Kashibai Navale, Pune",OBG,"₹12,94,000*","₹76,429",0,₹0,1094,964(2),964(2),1302(2),1302(2),1302(2),-,-,-,689(1),689(1),1365(1),-,-,-
MAHA-Govt Quota,OPEN,Maharashtra,"Govt Med Coll, Nanded",PSYCHIATRY,"₹1,43,300*","₹92,522",1,"₹50,00,000",750,-,-,-,-,-,-,-,-,753(1),941(1),1368(1),-,-,-
MAHA-Govt Quota,OBC,Maharashtra,"MIMSR, Latur",PAEDIATRICS,"₹7,82,607*","₹76,249",0,₹0,775,-,-,-,-,-,-,-,-,1172(1),1172(1),1373(1),-,-,-
MAHA-Govt Quota,NT3,Maharashtra,"Govt Med Coll, Nagpur",OBG,"₹1,43,300*","₹92,522",1,"₹50,00,000",1866,-,-,-,-,-,-,-,-,798(1),1374(1),1374(1),-,-,-
MAHA-Govt Quota,OPEN,Maharashtra,"MPGIMER, Nashik",GENERAL SURGERY,"₹1,43,300*","₹92,522",1,"₹50,00,000",-,492(2),497(2),1055(2),1055(2),1055(2),-,-,-,455(2),769(2),1377(2),-,-,-
MAHA-Govt Quota,OPEN,Maharashtra,"SRTT, Ambajogai",TBRD,"₹1,43,300*","₹92,522",1,"₹50,00,000",518,-,-,-,-,-,-,-,-,748(1),966(1),1378(1),2305(1),-,-
MAHA-Govt Quota,EWS,Maharashtra,"Govt Med Coll, Aurangabad",GENERAL SURGERY,"₹1,43,300*","₹92,522",1,"₹50,00,000",1177,546(1),715(1),715(1),715(1),715(1),-,-,-,403(1),893(1),1381(1),-,-,-
MAHA-Govt Quota,NT2,Maharashtra,"Tata Memorial, Mumbai",ANAESTHESIOLOGY,"₹1,05,500*","₹1,00,800",1*,"₹25,00,000*",614,1573(1),1573(1),2082(1),2082(1),2082(1),-,-,-,1387(1),1387(1),1387(1),-,-,-
MAHA-Govt Quota,EWS,Maharashtra,"VMMC, Solapur",PAEDIATRICS,"₹1,43,300*","₹92,522",1,"₹50,00,000",763,-,-,-,-,-,-,-,-,638(1),818(1),1390(1),-,-,-
MAHA-Govt Quota,SEBC,Maharashtra,"BKL Walawalkar, Ratnagiri",GENERAL MEDICINE,"₹9,67,000*","₹62,000",0,₹0,520,-,-,-,-,-,-,-,-,1026(1),1026(1),1391(1),-,-,-
MAHA-Govt Quota,SEBC,Maharashtra,"Govt Med Coll, Latur",GENERAL SURGERY,"₹1,43,300*","₹92,522",1,"₹50,00,000",750,-,-,-,-,-,-,-,-,1120(1),1302(1),1392(1),2097(1),-,-
MAHA-Govt Quota,OBC,Maharashtra,"Grant Med Coll, Mumbai",ORTHOPAEDICS,"₹1,43,300*","₹92,522",1,"₹50,00,000",2844,596(2),762(2),1213(2),1213(2),1213(2),-,-,-,650(1),886(1),1394(1),-,-,-
MAHA-Govt Quota,OBC,Maharashtra,"Vasantrao Pawar, Nasik",OBG,"₹9,00,000*","₹69,105",0,₹0,1000,-,-,-,-,-,-,-,-,1159(1),1273(1),1397(1),-,-,-
MAHA-Govt Quota,OPEN,Maharashtra,"Govt Med Coll, Nagpur",ENT,"₹1,43,300*","₹92,522",1,"₹50,00,000",1866,720(2),972(2),2007(2),2007(2),2007(2),-,-,-,616(1),911(1),1399(1),-,-,-
MAHA-Govt Quota,EWS,Maharashtra,"Tata Memorial, Mumbai",RADIATION ONCOLOGY,"₹1,05,500*","₹1,00,800",1*,"₹25,00,000*",614,-,-,-,-,-,-,-,-,767(1),1395(1),1401(1),-,-,-
MAHA Priv-Mgmt Quota,MGT,Maharashtra,"NKP Salve IMS, Nagpur",DERMATOLOGY,"₹36,00,000*","₹64,551",0,₹0,1272,1750(1),1750(1),1750(1),1750(1),1750(1),-,-,-,1415(1),1415(1),1415(1),-,-,-
MAHA-Govt Quota,NT3,Maharashtra,"Topiwala, Mumbai",GENERAL SURGERY,"₹1,43,300*","₹92,522",1,"₹50,00,000",1300,-,-,-,-,-,-,-,-,1418(1),1418(1),1418(1),-,-,-
MAHA-Govt Quota,OPEN,Maharashtra,"Vithalrao Patil, Ahmednagar",PAEDIATRICS,"₹10,00,000*","₹76,629",0,₹0,960,790(1),1051(1),1756(1),1756(1),1756(1),-,-,-,760(1),851(1),1422(1),-,-,-
MAHA-Govt Quota,SC,Maharashtra,"SMBT IMS, Nashik",RADIO DIAGNOSIS,"₹15,16,000*","₹60,000",0,₹0,850,-,-,-,-,-,-,-,-,1430(1),1430(1),1430(1),-,-,-
MAHA-Govt Quota,OPEN,Maharashtra,"NKP Salve IMS, Nagpur",ORTHOPAEDICS,"₹9,00,000*","₹64,551",0,₹0,1272,1222(2),1719(3),2072(3),2072(3),2072(3),-,-,-,1362(1),1435(1),1435(1),-,-,-
MAHA-Govt Quota,OPEN,Maharashtra,"Vithalrao Patil, Ahmednagar",ORTHOPAEDICS,"₹10,00,000*","₹76,629",0,₹0,960,-,-,-,-,-,-,-,-,1270(1),1362(1),1438(1),-,-,-
MAHA-Govt Quota,EWS-PH,Maharashtra,"Govt Med Coll, Miraj",PAEDIATRICS,"₹1,43,300*","₹92,522",1,"₹50,00,000",725,-,-,-,-,-,-,-,-,-,-,1440(1),-,-,-
MAHA-Govt Quota,OBC,Maharashtra,"Govt Med Coll, Aurangabad",TBRD,"₹1,43,300*","₹92,522",1,"₹50,00,000",1177,-,-,-,-,-,-,-,-,-,1238(1),1448(1),-,-,-
MAHA-Govt Quota,OPEN-PH,Maharashtra,"Govt Med Coll, Akola",TBRD,"₹1,43,300*","₹92,522",1,"₹50,00,000",840,-,-,-,-,-,-,-,-,-,-,1450(1),-,-,-
MAHA-Govt Quota,OBC,Maharashtra,"Vithalrao Patil, Ahmednagar",PAEDIATRICS,"₹10,00,000*","₹76,629",0,₹0,960,-,-,-,-,-,-,-,-,1454(1),1454(1),1454(1),-,-,-
MAHA-Govt Quota,SEBC,Maharashtra,"Kashibai Navale, Pune",RADIO DIAGNOSIS,"₹12,94,000*","₹76,429",0,₹0,1094,-,-,-,-,-,-,-,-,559(1),935(1),1458(1),-,-,-
MAHA-Govt Quota,NT1,Maharashtra,"Shri VR Naik Govt, Yavatmal",OBG,"₹1,43,300*","₹92,522",1,"₹50,00,000",756,-,-,-,-,-,-,-,-,1055(1),1055(1),1465(1),-,-,-
MAHA-Govt Quota,OBC,Maharashtra,"Govt Med Coll, Latur",GENERAL SURGERY,"₹1,43,300*","₹92,522",1,"₹50,00,000",750,681(1),975(1),1820(1),1820(1),1820(1),-,-,-,833(1),1031(1),1469(1),-,-,-
MAHA-Govt Quota,OPEN,Maharashtra,"Vasantrao Pawar, Nasik",ORTHOPAEDICS,"₹9,00,000*","₹69,105",0,₹0,1000,1127(2),1222(2),1719(2),1719(2),1719(2),-,-,-,1075(2),1320(2),1473(2),-,-,-
MAHA-Govt Quota,SEBC,Maharashtra,"Ashwini Rural, Solapur",RADIO DIAGNOSIS,"₹11,81,000*","₹65,000",0,₹0,520,-,-,-,-,-,-,-,-,1480(1),1480(1),1480(1),-,-,-
MAHA-Govt Quota,OBC,Maharashtra,"Govt Med Coll, Aurangabad",ORTHOPAEDICS,"₹1,43,300*","₹92,522",1,"₹50,00,000",1177,613(1),804(1),1310(1),1310(1),1310(1),-,-,-,781(1),975(1),1482(1),-,-,-
MAHA-Govt Quota,EWS,Maharashtra,"Grant Med Coll, Mumbai",TBRD,"₹1,43,300*","₹92,522",1,"₹50,00,000",2844,-,-,-,-,-,-,-,-,441(1),447(1),1484(1),-,-,-
MAHA-Govt Quota,EWS-PH,Maharashtra,"Seth GS, Mumbai",ORTHOPAEDICS,"₹1,43,300*","₹92,522",1,"₹50,00,000",2250,-,-,-,-,-,-,-,-,-,-,1488(1),-,-,-
MAHA-Govt Quota,OPEN,Maharashtra,"Grant Med Coll, Mumbai",OPHTHALMOLOGY,"₹1,43,300*","₹92,522",1,"₹50,00,000",2844,500(1),974(1),974(1),974(1),974(1),-,-,-,182(1),697(1),1490(1),-,-,-
MAHA-Govt Quota,SEBC,Maharashtra,"Vithalrao Patil, Ahmednagar",RADIO DIAGNOSIS,"₹10,00,000*","₹76,629",0,₹0,960,-,-,-,-,-,-,-,-,1494(1),1494(1),1494(1),-,-,-
MAHA-Govt Quota,EWS,Maharashtra,"Govt Med Coll, Nanded",OBG,"₹1,43,300*","₹92,522",1,"₹50,00,000",750,727(1),766(1),1581(1),1581(1),1581(1),-,-,-,810(1),1332(1),1495(1),-,-,-
MAHA-Govt Quota,SEBC,Maharashtra,"MIMSR, Latur",DERMATOLOGY,"₹7,82,607*","₹76,249",0,₹0,775,-,-,-,-,-,-,-,-,1497(1),1497(1),1497(1),-,-,-
MAHA-Govt Quota,OPEN,Maharashtra,"Indira Gandhi MedColl, Nagpur",ENT,"₹1,43,300*","₹92,522",1,"₹50,00,000",822,748(1),1176(1),2135(1),2188(1),2622(1),-,-,-,576(1),1149(1),1498(1),-,-,-
MAHA-Govt Quota,OBC,Maharashtra,"SMBT IMS, Nashik",GENERAL MEDICINE,"₹15,16,000*","₹60,000",0,₹0,850,771(1),906(1),1017(1),1017(1),1017(1),-,-,-,888(1),888(1),1509(1),-,-,-
MAHA-Govt Quota,SC,Maharashtra,"Seth GS, Mumbai",OPHTHALMOLOGY,"₹1,43,300*","₹92,522",1,"₹50,00,000",2250,-,-,-,-,-,-,-,-,1511(1),1511(1),1511(1),-,-,-
MAHA-Govt Quota,OBC,Maharashtra,"VMMC, Solapur",ORTHOPAEDICS,"₹1,43,300*","₹92,522",1,"₹50,00,000",763,762(1),863(1),1671(1),1671(1),1671(1),-,-,-,790(1),1167(1),1512(1),-,-,-
MAHA-Govt Quota,OPEN,Maharashtra,"Vedantaa Inst of MS, Palghar",DERMATOLOGY,"₹19,32,000*","₹65,000",0,₹0,-,757(3),1314(3),1824(3),1824(3),1824(3),-,-,-,622(2),1514(2),1514(2),-,-,-
MAHA-Govt Quota,OPEN,Maharashtra,"Govt Med Coll, Chandrapur",GENERAL SURGERY,"₹1,43,300*","₹92,522",1,"₹50,00,000",650,586(2),882(2),1576(2),1576(2),1576(2),-,-,-,609(2),990(2),1518(2),-,-,-
MAHA-Govt Quota,NT3,Maharashtra,"Govt Med Coll, Nagpur",ORTHOPAEDICS,"₹1,43,300*","₹92,522",1,"₹50,00,000",1866,-,-,-,-,-,-,-,-,390(1),1522(1),1522(1),-,-,-
MAHA-Govt Quota,OBC,Maharashtra,"Shri VR Naik Govt, Yavatmal",GENERAL SURGERY,"₹1,43,300*","₹92,522",1,"₹50,00,000",756,-,-,-,-,-,-,-,-,936(1),1095(1),1527(1),-,-,-
MAHA-Govt Quota,NT2,Maharashtra,"Pimpri Chinchwad, Pimpri",ORTHOPAEDICS,"₹1,43,300*","₹92,522",1,"₹50,00,000",750,-,-,-,-,-,-,-,-,787(1),876(1),1537(1),-,-,-
MAHA-Govt Quota,SC,Maharashtra,"MPGIMER, Nashik",GENERAL MEDICINE,"₹1,43,300*","₹92,522",1,"₹50,00,000",-,-,-,-,-,-,-,-,-,1078(1),1193(1),1539(1),-,-,-
MAHA-Govt Quota,OBC,Maharashtra,"Govt Med Coll, Nanded",TBRD,"₹1,43,300*","₹92,522",1,"₹50,00,000",750,718(1),1047(1),1288(1),1288(1),1288(1),-,-,-,977(1),1121(1),1551(1),-,-,-
MAHA-Govt Quota,EWS,Maharashtra,"Rajarshee CSM Govt MC,Kolhapur",OBG,"₹1,43,300*","₹92,522",1,"₹50,00,000",665,-,-,-,-,-,-,-,-,732(1),976(1),1552(1),-,-,-
MAHA-Govt Quota,SEBC,Maharashtra,"BJMC, Pune",PSYCHIATRY,"₹1,43,300*","₹92,522",1,"₹50,00,000",1296,-,-,-,-,-,-,-,-,1555(1),1555(1),1555(1),-,-,-
MAHA-Govt Quota,OPEN,Maharashtra,"Govt Med Coll, Aurangabad",OPHTHALMOLOGY,"₹1,43,300*","₹92,522",1,"₹50,00,000",1177,536(1),686(1),1250(1),1250(1),1250(1),-,-,-,436(1),780(1),1557(1),-,-,-
MAHA-Govt Quota,OBC,Maharashtra,"Govt Med Coll, Nagpur",OPHTHALMOLOGY,"₹1,43,300*","₹92,522",1,"₹50,00,000",1866,678(1),736(1),1830(1),1830(1),1830(1),-,-,-,443(1),1065(1),1558(1),-,-,-
MAHA-Govt Quota,OBC,Maharashtra,"MPGIMER, Nashik",ORTHOPAEDICS,"₹1,43,300*","₹92,522",1,"₹50,00,000",-,-,-,-,-,-,-,-,-,872(1),1160(1),1559(1),-,-,-
MAHA-Govt Quota,NT2,Maharashtra,"Govt Med Coll, Latur",GENERAL SURGERY,"₹1,43,300*","₹92,522",1,"₹50,00,000",750,-,-,-,-,-,-,-,-,899(1),1537(1),1560(1),-,-,-
MAHA-Govt Quota,OBC,Maharashtra,"SRTT, Ambajogai",GENERAL SURGERY,"₹1,43,300*","₹92,522",1,"₹50,00,000",518,742(1),1017(1),1720(1),1720(1),1720(1),-,-,-,886(1),1040(1),1562(1),-,-,-
MAHA-Govt Quota,OBC,Maharashtra,"Govt Med Coll, Aurangabad",GERIATRICS,"₹1,43,300*","₹92,522",1,"₹50,00,000",1177,-,-,-,-,-,-,-,-,1383(1),1570(1),1570(1),-,-,-
MAHA-Govt Quota,OBC,Maharashtra,"Govt Med Coll, Nanded",ORTHOPAEDICS,"₹1,43,300*","₹92,522",1,"₹50,00,000",750,-,-,-,-,-,-,-,-,806(1),1140(1),1571(1),-,-,-
MAHA-Govt Quota,OPEN,Maharashtra,"Kashibai Navale, Pune",GENERAL SURGERY,"₹12,94,000*","₹76,429",0,₹0,1094,1018(2),1018(2),1658(2),1658(2),1658(2),-,-,-,1009(1),962(1),1577(1),-,-,-
MAHA-Govt Quota,OBC-PH,Maharashtra,"BJMC, Pune",OPHTHALMOLOGY,"₹1,43,300*","₹92,522",1,"₹50,00,000",1296,-,-,-,-,-,-,-,-,-,-,1586(1),-,-,-
MAHA-Govt Quota,OPEN,Maharashtra,"Tern Med Coll, Navi Mumbai",GENERAL SURGERY,"₹9,54,545*","₹51,000*",0,₹0,700,-,-,-,-,-,-,-,-,-,-,1588(1),-,-,-
MAHA-Govt Quota,NT2,Maharashtra,"Tern Med Coll, Navi Mumbai",RADIO DIAGNOSIS,"₹9,54,545*","₹51,000*",0,₹0,700,-,-,-,-,-,-,-,-,1591(1),1591(1),1591(1),-,-,-
MAHA-Govt Quota,OBC,Maharashtra,"SRTT, Ambajogai",ORTHOPAEDICS,"₹1,43,300*","₹92,522",1,"₹50,00,000",518,-,-,-,-,-,-,-,-,823(1),1176(1),1594(1),-,-,-
MAHA-Govt Quota,OBC,Maharashtra,"Sri Bhausaheb, Dhule",GENERAL SURGERY,"₹1,43,300*","₹92,522",1,"₹50,00,000",545,841(1),1027(1),1822(1),1822(1),1822(1),-,-,-,907(1),1089(1),1596(1),-,-,-
MAHA-Govt Quota,OBC,Maharashtra,"MPGIMER, Nashik",GENERAL SURGERY,"₹1,43,300*","₹92,522",1,"₹50,00,000",-,-,-,-,-,-,-,-,-,774(1),877(1),1601(1),-,-,-
MAHA-Govt Quota,OBC,Maharashtra,"Ulhas Patil Med Coll, Jalgaon",TBRD,"₹9,00,000*","₹52,769",0,₹0,500,-,-,-,-,-,-,-,-,1252(1),1604(1),1604(1),-,-,-
MAHA-Govt Quota,OPEN-Orphan,Maharashtra,"Grant Med Coll, Mumbai",ENT,"₹1,43,300*","₹92,522",1,"₹50,00,000",2844,-,-,-,-,-,-,-,-,-,-,1610(1),-,-,-
MAHA-Govt Quota,EWS,Maharashtra,"Govt Med Coll, Chandrapur",OBG,"₹1,43,300*","₹92,522",1,"₹50,00,000",650,-,-,-,-,-,-,-,-,840(1),1106(1),1614(1),-,-,-
MAHA-Govt Quota,NT2,Maharashtra,"MPGIMER, Nashik",GENERAL SURGERY,"₹1,43,300*","₹92,522",1,"₹50,00,000",-,1183(1),1382(1),1757(1),1757(1),1757(1),-,-,-,822(1),1319(1),1618(1),-,-,-
MAHA-Govt Quota,OPEN,Maharashtra,"NKP Salve IMS, Nagpur",PAEDIATRICS,"₹9,00,000*","₹64,551",0,₹0,1272,840(2),840(2),1538(2),1538(2),1538(2),-,-,-,676(2),793(2),1619(2),-,-,-
MAHA-Govt Quota,EWS,Maharashtra,"MGIMS, Wardha",ORTHOPAEDICS,"₹1,43,300*","₹89,698",1,"₹50,00,000",1000,-,-,-,-,-,-,-,-,814(1),1440(1),1623(1),-,-,-
MAHA-Govt Quota,EWS,Maharashtra,"BJMC, Pune",ORTHOPAEDICS,"₹1,43,300*","₹92,522",1,"₹50,00,000",1296,289(1),636(1),1446(1),1600(1),1600(1),-,-,-,565(1),869(1),1625(1),-,-,-
MAHA-Govt Quota,SEBC,Maharashtra,"MIMER, Talegaon, Pune",GENERAL MEDICINE,"₹8,00,000*","₹64,551",0,₹0,720,-,-,-,-,-,-,-,-,846(1),846(1),1639(1),-,-,-
MAHA-Govt Quota,OPEN,Maharashtra,"Vithalrao Patil, Ahmednagar",OBG,"₹10,00,000*","₹76,629",0,₹0,960,1050(1),1078(1),1477(1),1477(1),1477(1),-,-,-,708(2),1009(2),1641(2),-,-,-
MAHA-Govt Quota,SEBC,Maharashtra,"SMBT IMS, Nashik",GENERAL MEDICINE,"₹15,16,000*","₹60,000",0,₹0,850,-,-,-,-,-,-,-,-,1391(1),1391(1),1646(1),-,-,-
MAHA-Govt Quota,NT1,Maharashtra,"MGIMS, Wardha",ORTHOPAEDICS,"₹1,43,300*","₹89,698",1,"₹50,00,000",1000,-,-,-,-,-,-,-,-,1649(1),1649(1),1649(1),-,-,-
MAHA-Govt Quota,OBC,Maharashtra,"NKP Salve IMS, Nagpur",OBG,"₹9,00,000*","₹64,551",0,₹0,1272,1000(1),1156(1),1772(1),1772(1),1772(1),-,-,-,1087(1),1159(1),1654(1),-,-,-
MAHA-Govt Quota,OBC,Maharashtra,"MIMER, Talegaon, Pune",OBG,"₹8,00,000*","₹64,551",0,₹0,720,-,-,-,-,-,-,-,-,1301(1),1301(1),1656(1),-,-,-
MAHA-Govt Quota,SC,Maharashtra,"VMMC, Solapur",GENERAL MEDICINE,"₹1,43,300*","₹92,522",1,"₹50,00,000",763,1322(1),1322(1),1480(1),1480(1),1480(1),-,-,-,898(1),1078(1),1659(1),-,-,-
MAHA-Govt Quota,OBC,Maharashtra,"NKP Salve IMS, Nagpur",PAEDIATRICS,"₹9,00,000*","₹64,551",0,₹0,1272,934(1),934(1),1668(1),1668(1),1668(1),-,-,-,1023(1),1045(1),1664(1),-,-,-
MAHA-Govt Quota,NT3,Maharashtra,"Lokmanya Tilak, Sion, Mumbai",GENERAL SURGERY,"₹1,43,300*","₹92,522",1,"₹50,00,000",1462,-,-,-,-,-,-,-,-,721(1),721(1),1665(1),-,-,-
MAHA-Govt Quota,OBC,Maharashtra,"Seth GS, Mumbai",ANAESTHESIOLOGY,"₹1,43,300*","₹92,522",1,"₹50,00,000",2250,1209(3),1640(3),1716(3),1716(3),1716(3),-,-,-,1111(3),1615(3),1668(3),-,-,-
MAHA-Govt Quota,OPEN,Maharashtra,"Tata Memorial, Mumbai",ANAESTHESIOLOGY,"₹1,05,500*","₹1,00,800",1*,"₹25,00,000*",614,987(3),1476(3),1476(3),1476(3),1476(3),-,-,-,985(3),1588(3),1669(3),-,-,-
MAHA-Govt Quota,OPEN,Maharashtra,"Ashwini Rural, Solapur",OBG,"₹11,81,000*","₹65,000",0,₹0,520,1078(1),1096(1),1728(1),1728(1),1728(1),-,-,-,770(1),1184(1),1672(1),2359(1),-,-
MAHA-Govt Quota,VJ,Maharashtra,"Seth GS, Mumbai",TBRD,"₹1,43,300*","₹92,522",1,"₹50,00,000",2250,-,-,-,-,-,-,-,-,843(1),843(1),1677(1),-,-,-
MAHA-Govt Quota,OBC,Maharashtra,"SMBT IMS, Nashik",ORTHOPAEDICS,"₹15,16,000*","₹60,000",0,₹0,850,-,-,-,-,-,-,-,-,1684(1),1684(1),1684(1),-,-,-
MAHA-Govt Quota,OBC,Maharashtra,"Tata Memorial, Mumbai",ANAESTHESIOLOGY,"₹1,05,500*","₹1,00,800",1*,"₹25,00,000*",614,1425(3),1716(3),2200(3),2938(3),2938(3),-,-,-,1187(2),1686(2),1686(2),-,-,-
MAHA-Govt Quota,VJ-PH,Maharashtra,"Lokmanya Tilak, Sion, Mumbai",ORTHOPAEDICS,"₹1,43,300*","₹92,522",1,"₹50,00,000",1462,-,-,-,-,-,-,-,-,-,-,1690(1),-,-,-
MAHA Priv-Mgmt Quota,MGT,Maharashtra,"Vasantrao Pawar, Nasik",RADIO DIAGNOSIS,"₹36,00,000*","₹69,105",0,₹0,1000,1247(2),1247(2),2213(2),2213(2),2213(2),-,-,-,1553(2),1692(2),1692(2),-,-,-
MAHA-Govt Quota,SEBC,Maharashtra,"SMBT IMS, Nashik",DERMATOLOGY,"₹15,16,000*","₹60,000",0,₹0,850,-,-,-,-,-,-,-,-,1330(1),1330(1),1699(1),-,-,-
MAHA-Govt Quota,OPEN,Maharashtra,"Vedantaa Inst of MS, Palghar",RADIO DIAGNOSIS,"₹19,32,000*","₹65,000",0,₹0,-,496(1),790(1),790(1),790(1),790(1),-,-,-,273(1),971(1),1700(1),-,-,-
MAHA-Govt Quota,SC,Maharashtra,"MIMSR, Latur",DERMATOLOGY,"₹7,82,607*","₹76,249",0,₹0,775,-,-,-,-,-,-,-,-,1810(1),1810(1),1704(1),-,-,-
MAHA-Govt Quota,SEBC,Maharashtra,"Vasantrao Pawar, Nasik",OBG,"₹9,00,000*","₹69,105",0,₹0,1000,-,-,-,-,-,-,-,-,1706(1),1706(1),1706(1),-,-,-
MAHA Priv-Min Quota,Minority,Maharashtra,"IIMSR, Jalna",GENERAL MEDICINE,"₹9,00,000*","₹64,551",0,₹0,Info Not Available,1039(2),918(2),1039(2),1039(2),1039(2),-,-,-,725(2),1044(2),1708(2),5602(1),-,-
MAHA-Govt Quota,SEBC,Maharashtra,"Kashibai Navale, Pune",OBG,"₹12,94,000*","₹76,429",0,₹0,1094,-,-,-,-,-,-,-,-,1713(1),1713(1),1713(1),-,-,-
MAHA-Govt Quota,NT1,Maharashtra,"Kashibai Navale, Pune",OBG,"₹12,94,000*","₹76,429",0,₹0,1094,-,-,-,-,-,-,-,-,1714(1),1714(1),1714(1),-,-,-
MAHA-Govt Quota,OPEN,Maharashtra,"MPGIMER, Nashik",ENT,"₹1,43,300*","₹92,522",1,"₹50,00,000",-,-,-,-,-,-,-,-,-,-,749(1),1719(1),-,-,-
MAHA-Govt Quota,OPEN,Maharashtra,"Ulhas Patil Med Coll, Jalgaon",PAEDIATRICS,"₹9,00,000*","₹52,769",0,₹0,500,879(1),1006(1),1641(1),1641(1),1641(1),-,-,-,878(1),1042(1),1723(1),-,-,-
MAHA-Govt Quota,OBC,Maharashtra,"Govt Med Coll, Aurangabad",OPHTHALMOLOGY,"₹1,43,300*","₹92,522",1,"₹50,00,000",1177,785(1),767(1),1488(1),1488(1),1488(1),-,-,-,762(1),1171(1),1725(1),-,-,-
MAHA-Govt Quota,OBC,Maharashtra,"MPGIMER, Nashik",OPHTHALMOLOGY,"₹1,43,300*","₹92,522",1,"₹50,00,000",-,-,-,-,-,-,-,-,-,956(1),1214(1),1726(1),-,-,-
MAHA-Govt Quota,EWS,Maharashtra,"Govt Med Coll, Nanded",GENERAL SURGERY,"₹1,43,300*","₹92,522",1,"₹50,00,000",750,714(1),737(1),1191(1),1191(1),1191(1),-,-,-,818(1),1381(1),1737(1),-,-,-
MAHA-Govt Quota,SEBC,Maharashtra,"ACPM, Dhule",GENERAL MEDICINE,"₹10,74,000*","₹50,000",0,₹0,570,-,-,-,-,-,-,-,-,1458(1),1458(1),1738(1),-,-,-
MAHA-Govt Quota,EWS,Maharashtra,"Indira Gandhi MedColl, Nagpur",TBRD,"₹1,43,300*","₹92,522",1,"₹50,00,000",822,-,-,-,-,-,-,-,-,480(1),1049(1),1739(1),-,-,-
MAHA-Govt Quota,OPEN,Maharashtra,"MIMER, Talegaon, Pune",ORTHOPAEDICS,"₹8,00,000*","₹64,551",0,₹0,720,1301(1),1301(1),2029(1),2029(1),2029(1),-,-,-,1438(1),1473(1),1740(1),-,-,-
MAHA-Govt Quota,SC,Maharashtra,"Bombay Hospital IMS, Mumbai",GENERAL MEDICINE,"₹8,92,858*","₹70,000",0,₹0,725,-,-,-,-,-,-,-,-,1741(1),1741(1),1741(1),-,-,-
MAHA-Govt Quota,OPEN,Maharashtra,"Govt Med Coll, Miraj",EMERGENCY MEDICINE,"₹1,43,300*","₹92,522",1,"₹50,00,000",725,-,-,1707(1),1707(1),1707(1),-,-,-,288(1),567(1),1742(1),2399(1),-,-
MAHA-Govt Quota,OPEN,Maharashtra,"Prakash Inst of MS & R, Sangli",GENERAL MEDICINE,"₹16,00,000*",Info not available,Info Not Available,Info not available,-,-,-,-,-,-,-,-,-,525(1),950(1),1743(1),-,-,-
MAHA-Govt Quota,OPEN,Maharashtra,"Vasantrao Pawar, Nasik",GENERAL SURGERY,"₹9,00,000*","₹69,105",0,₹0,1000,1379(3),1388(3),1984(3),1984(3),1984(3),-,-,-,1242(2),1439(2),1744(2),-,-,-
MAHA-Govt Quota,OBC,Maharashtra,"Vedantaa Inst of MS, Palghar",RADIO DIAGNOSIS,"₹19,32,000*","₹65,000",0,₹0,-,-,-,-,-,-,-,-,-,1277(1),1277(1),1746(1),-,-,-
MAHA-Govt Quota,EWS,Maharashtra,"Pimpri Chinchwad, Pimpri",ORTHOPAEDICS,"₹1,43,300*","₹92,522",1,"₹50,00,000",750,-,-,-,-,-,-,-,-,618(1),964(1),1747(1),-,-,-
MAHA-Govt Quota,SC,Maharashtra,"Kashibai Navale, Pune",DERMATOLOGY,"₹12,94,000*","₹76,429",0,₹0,1094,-,-,-,-,-,-,-,-,1749(1),1749(1),1749(1),-,-,-
MAHA-Govt Quota,NT1,Maharashtra,"Lokmanya Tilak, Sion, Mumbai",ANAESTHESIOLOGY,"₹1,43,300*","₹92,522",1,"₹50,00,000",1462,-,-,-,-,-,-,-,-,1742(1),1751(1),1751(1),-,-,-
MAHA-Govt Quota,OPEN,Maharashtra,"Vasantrao Pawar, Nasik",TBRD,"₹9,00,000*","₹69,105",0,₹0,1000,-,-,-,-,-,-,-,-,593(1),1419(1),1753(1),-,-,-
MAHA-Govt Quota,OPEN,Maharashtra,"MIMSR, Latur",OBG,"₹7,82,607*","₹76,249",0,₹0,775,1096(1),1095(1),1739(1),1739(1),1739(1),-,-,-,953(1),1124(1),1755(1),-,-,-
MAHA-Govt Quota,OBC,Maharashtra,"KJ Somaiyya, Mumbai",GENERAL SURGERY,"₹12,00,000*","₹64,000",0,₹0,550,-,-,-,-,-,-,-,-,-,1298(1),1758(1),-,-,-
MAHA-Govt Quota,OPEN,Maharashtra,"MIMER, Talegaon, Pune",GENERAL SURGERY,"₹8,00,000*","₹64,551",0,₹0,720,1314(1),1539(1),1832(1),1832(1),1832(1),-,-,-,1124(1),1358(1),1760(1),-,-,-
MAHA-Govt Quota,OPEN,Maharashtra,"Grant Med Coll, Mumbai",ANAESTHESIOLOGY,"₹1,43,300*","₹92,522",1,"₹50,00,000",2844,1169(5),1629(5),2061(5),2061(5),2061(5),-,-,-,-,1476(1),1763(1),-,-,-
MAHA-Govt Quota,OBC,Maharashtra,"NKP Salve IMS, Nagpur",ORTHOPAEDICS,"₹9,00,000*","₹64,551",0,₹0,1272,1463(1),1842(1),1842(1),1842(1),1842(1),-,-,-,1601(1),1601(1),1765(1),-,-,-
MAHA-Govt Quota,ST,Maharashtra,"Seth GS, Mumbai",GENERAL MEDICINE,"₹1,43,300*","₹92,522",1,"₹50,00,000",2250,568(1),568(1),990(1),990(1),990(1),-,-,-,1767(1),1767(1),1767(1),-,-,-
MAHA-Govt Quota,SEBC,Maharashtra,"Govt Med Coll, Nanded",ORTHOPAEDICS,"₹1,43,300*","₹92,522",1,"₹50,00,000",750,-,-,-,-,-,-,-,-,889(1),1135(1),1772(1),-,-,-
MAHA-Govt Quota,OBC,Maharashtra,"Tern Med Coll, Navi Mumbai",OBG,"₹9,54,545*","₹51,000*",0,₹0,700,-,-,-,-,-,-,-,-,1273(1),1543(1),1782(1),-,-,-
MAHA-Govt Quota,SC,Maharashtra,"Govt Med Coll, Aurangabad",OBG,"₹1,43,300*","₹92,522",1,"₹50,00,000",1177,1959(1),2278(1),2459(1),2459(1),2459(1),-,-,-,1411(1),1785(1),1785(1),-,-,-
MAHA-Govt Quota,SEBC,Maharashtra,"Seth GS, Mumbai",ANAESTHESIOLOGY,"₹1,43,300*","₹92,522",1,"₹50,00,000",2250,-,-,-,-,-,-,-,-,1217(1),1792(1),1792(1),-,-,-
MAHA-Govt Quota,NT2,Maharashtra,"VMMC, Solapur",OPHTHALMOLOGY,"₹1,43,300*","₹92,522",1,"₹50,00,000",763,-,-,-,-,-,-,-,-,1093(1),1313(1),1793(1),-,-,-
MAHA-Govt Quota,OPEN,Maharashtra,"Grant Med Coll, Mumbai",GERIATRICS,"₹1,43,300*","₹92,522",1,"₹50,00,000",2844,843(1),1083(1),1083(1),1083(1),1083(1),-,-,-,903(1),1343(1),1805(1),-,-,-
MAHA-Govt Quota,EWS,Maharashtra,"MGIMS, Wardha",GENERAL SURGERY,"₹1,43,300*","₹89,698",1,"₹50,00,000",1000,-,-,-,-,-,-,-,-,892(1),1104(1),1806(1),-,-,-
MAHA-Govt Quota,SEBC,Maharashtra,"Vithalrao Patil, Ahmednagar",OBG,"₹10,00,000*","₹76,629",0,₹0,960,-,-,-,-,-,-,-,-,1812(1),1812(1),1812(1),-,-,-
MAHA-Govt Quota,SEBC-PH,Maharashtra,"Govt Med Coll, Jalgaon",ORTHOPAEDICS,"₹1,43,300*","₹92,522",1,"₹50,00,000",441,-,-,-,-,-,-,-,-,-,-,1822(1),-,-,-
MAHA-Govt Quota,OPEN-PH,Maharashtra,"Tata Memorial, Mumbai",ANAESTHESIOLOGY,"₹1,05,500*","₹1,00,800",1*,"₹25,00,000*",614,-,-,-,-,-,-,-,-,-,-,1827(1),-,-,-
MAHA-Govt Quota,OBC,Maharashtra,"Rajarshee CSM Govt MC,Kolhapur",OPHTHALMOLOGY,"₹1,43,300*","₹92,522",1,"₹50,00,000",665,-,-,-,-,-,-,-,-,821(1),1183(1),1829(1),-,-,-
MAHA-Govt Quota,SEBC,Maharashtra,"Lokmanya Tilak, Sion, Mumbai",ENT,"₹1,43,300*","₹92,522",1,"₹50,00,000",1462,-,-,-,-,-,-,-,-,1292(1),1830(1),1830(1),-,-,-
MAHA-Govt Quota,OBC,Maharashtra,"Govt Med Coll, Akola",OPHTHALMOLOGY,"₹1,43,300*","₹92,522",1,"₹50,00,000",840,-,-,-,-,-,-,-,-,945(1),1244(1),1831(1),-,-,-
MAHA-Govt Quota,NT2,Maharashtra,"Rajarshee CSM Govt MC,Kolhapur",TBRD,"₹1,43,300*","₹92,522",1,"₹50,00,000",665,-,-,-,-,-,-,-,-,865(1),1207(1),1832(1),-,-,-
MAHA-Govt Quota,SC,Maharashtra,"BJMC, Pune",OPHTHALMOLOGY,"₹1,43,300*","₹92,522",1,"₹50,00,000",1296,-,-,-,-,-,-,-,-,1705(1),1705(1),1834(1),-,-,-
MAHA-Govt Quota,SEBC,Maharashtra,"Tata Memorial, Mumbai",ANAESTHESIOLOGY,"₹1,05,500*","₹1,00,800",1*,"₹25,00,000*",614,-,-,-,-,-,-,-,-,1724(1),1841(1),1841(1),-,-,-
MAHA-Govt Quota,OPEN,Maharashtra,"Lokmanya Tilak, Sion, Mumbai",ANAESTHESIOLOGY,"₹1,43,300*","₹92,522",1,"₹50,00,000",1462,1063(6),1440(6),1816(6),1816(6),1816(6),-,-,-,842(4),1444(4),1843(4),-,-,-
MAHA-Govt Quota,OPEN,Maharashtra,"Govt Med Coll, Miraj",OPHTHALMOLOGY,"₹1,43,300*","₹92,522",1,"₹50,00,000",725,640(1),1061(1),2025(1),2025(1),2025(1),-,-,-,538(1),858(1),1844(1),-,-,-
MAHA-Govt Quota,OPEN,Maharashtra,"Govt Med Coll, Aurangabad",ENT,"₹1,43,300*","₹92,522",1,"₹50,00,000",1177,763(1),1029(1),1029(1),1029(1),1029(1),-,-,-,413(1),1092(1),1847(1),2257(1),-,-
MAHA-Govt Quota,OPEN,Maharashtra,"Panjabrao Deshmukh, Amravati",GENERAL SURGERY,"₹11,90,000*","₹76,429",0,₹0,760,1286(2),1203(2),2133(2),2133(2),2133(2),-,-,-,955(1),1299(1),1849(1),-,-,-
MAHA-Govt Quota,OPEN,Maharashtra,"Govt Med Coll, Nanded",OPHTHALMOLOGY,"₹1,43,300*","₹92,522",1,"₹50,00,000",750,664(1),811(1),1978(1),1978(1),1978(1),-,-,-,572(1),947(1),1853(1),-,-,-
MAHA-Govt Quota,OBC,Maharashtra,"Ulhas Patil Med Coll, Jalgaon",OBG,"₹9,00,000*","₹52,769",0,₹0,500,-,-,-,-,-,-,-,-,1456(1),1607(1),1854(1),-,-,-
MAHA-Govt Quota,NT1,Maharashtra,"Indira Gandhi MedColl, Nagpur",TBRD,"₹1,43,300*","₹92,522",1,"₹50,00,000",822,-,-,-,-,-,-,-,-,1465(1),1857(1),1857(1),-,-,-
MAHA-Govt Quota,SEBC,Maharashtra,"Prakash Inst of MS & R, Sangli",GENERAL MEDICINE,"₹16,00,000*",Info not available,Info Not Available,Info not available,-,-,-,-,-,-,-,-,-,1574(1),1639(1),1859(1),-,-,-
MAHA-Govt Quota,VJ,Maharashtra,"Seth GS, Mumbai",ANAESTHESIOLOGY,"₹1,43,300*","₹92,522",1,"₹50,00,000",2250,-,-,-,-,-,-,-,-,1251(1),1677(1),1860(1),-,-,-
MAHA-Govt Quota,VJ,Maharashtra,"PGIMS, Navi Mumbai",GENERAL SURGERY,"₹1,43,300*","₹92,522",1,"₹50,00,000",-,-,-,-,-,-,-,-,-,-,-,1861(1),-,-,-
MAHA-Govt Quota,SEBC,Maharashtra,"Lokmanya Tilak, Sion, Mumbai",DGO,"₹1,43,300*","₹92,522",1,"₹50,00,000",1462,-,-,-,-,-,-,-,-,1707(1),1862(1),1862(1),-,-,-
MAHA Priv-Mgmt Quota,MGT,Maharashtra,"MIMSR, Latur",DERMATOLOGY,"₹31,30,428*","₹76,249",0,₹0,775,2190(1),2573(1),2056(1),3601(1),3601(1),-,-,-,1863(1),1863(1),1863(1),-,-,-
MAHA-Govt Quota,NT2,Maharashtra,"Kashibai Navale, Pune",PAEDIATRICS,"₹12,94,000*","₹76,429",0,₹0,1094,-,-,-,-,-,-,-,-,1382(1),1805(1),1868(1),-,-,-
MAHA-Govt Quota,SEBC,Maharashtra,"KJ Somaiyya, Mumbai",OBG,"₹12,00,000*","₹64,000",0,₹0,550,-,-,-,-,-,-,-,-,1218(1),1218(1),1870(1),-,-,-
MAHA-Govt Quota,NT3,Maharashtra,"Indira Gandhi MedColl, Nagpur",ENT,"₹1,43,300*","₹92,522",1,"₹50,00,000",822,-,-,-,-,-,-,-,-,1429(1),1872(1),1872(1),-,-,-
MAHA-Govt Quota,NT3,Maharashtra,"BKL Walawalkar, Ratnagiri",GENERAL MEDICINE,"₹9,67,000*","₹62,000",0,₹0,520,-,-,-,-,-,-,-,-,815(1),815(1),1881(1),-,-,-
MAHA-Govt Quota,SC,Maharashtra,"Govt Med Coll, Nagpur",OBG,"₹1,43,300*","₹92,522",1,"₹50,00,000",1866,1883(2),2224(2),2494(2),2494(2),2494(2),-,-,-,1255(2),1882(2),1882(2),-,-,-
MAHA-Govt Quota,OPEN,Maharashtra,"Rajarshee CSM Govt MC,Kolhapur",PSYCHIATRY,"₹1,43,300*","₹92,522",1,"₹50,00,000",665,-,-,-,-,-,-,-,-,803(1),968(1),1884(1),2526(1),-,-
MAHA-Govt Quota,OPEN,Maharashtra,"MPGIMER, Nashik",EMERGENCY MEDICINE,"₹1,43,300*","₹92,522",1,"₹50,00,000",-,-,-,-,-,-,-,-,-,1081(1),653(1),1886(1),-,-,-
MAHA-Govt Quota,NT2,Maharashtra,"Vasantrao Pawar, Nasik",ORTHOPAEDICS,"₹9,00,000*","₹69,105",0,₹0,1000,-,-,-,-,-,-,-,-,1805(1),1890(1),1890(1),-,-,-
MAHA-Govt Quota,OBC,Maharashtra,"Lokmanya Tilak, Sion, Mumbai",ANAESTHESIOLOGY,"₹1,43,300*","₹92,522",1,"₹50,00,000",1462,1321(2),1663(2),1961(2),1961(2),1961(2),-,-,-,1136(1),1831(1),1893(1),-,-,-
MAHA-Govt Quota,OPEN,Maharashtra,"Vedantaa Inst of MS, Palghar",GENERAL MEDICINE,"₹19,32,000*","₹65,000",0,₹0,-,683(2),1163(2),1163(2),1163(2),1163(2),-,-,-,674(2),1034(2),1896(2),2156(1),-,-
MAHA-Govt Quota,OPEN,Maharashtra,"Kashibai Navale, Pune",ORTHOPAEDICS,"₹12,94,000*","₹76,429",0,₹0,1094,1258(1),1258(1),1690(1),1690(1),1690(1),-,-,-,1102(1),1102(1),1898(1),-,-,-
MAHA-Govt Quota,SEBC,Maharashtra,"Kashibai Navale, Pune",GENERAL SURGERY,"₹12,94,000*","₹76,429",0,₹0,1094,-,-,-,-,-,-,-,-,1906(1),1906(1),1906(1),-,-,-
MAHA-Govt Quota,OPEN,Maharashtra,"Govt Med Coll, Nagpur",ANAESTHESIOLOGY,"₹1,43,300*","₹92,522",1,"₹50,00,000",1866,1233(2),1584(2),1993(2),1993(2),1993(2),-,-,-,1039(2),1558(2),1914(2),-,-,-
MAHA-Govt Quota,OPEN,Maharashtra,"Sancheti Inst Of Ortho, Pune",ORTHOPAEDICS,"₹9,00,000*","₹77,000",0,₹0,Info Not Available,1293(5),1670(5),1989(5),1989(5),1989(5),-,-,-,1234(3),1488(3),1916(3),-,-,-
MAHA-Govt Quota,OPEN,Maharashtra,"Sri Bhausaheb, Dhule",ENT,"₹1,43,300*","₹92,522",1,"₹50,00,000",545,-,-,-,-,-,-,-,-,749(1),1571(1),1923(1),-,-,-
MAHA-Govt Quota,OPEN,Maharashtra,"Govt Med Coll, Latur",OPHTHALMOLOGY,"₹1,43,300*","₹92,522",1,"₹50,00,000",750,665(1),1154(1),1786(1),1786(1),1786(1),-,-,-,596(1),998(1),1924(1),-,-,-
MAHA-Govt Quota,OBC,Maharashtra,"Pimpri Chinchwad, Pimpri",ENT,"₹1,43,300*","₹92,522",1,"₹50,00,000",750,719(1),1549(1),2185(1),2185(1),2185(1),-,-,-,981(1),1269(1),1928(1),-,-,-
MAHA-Govt Quota,OBC,Maharashtra,"BKL Walawalkar, Ratnagiri",PAEDIATRICS,"₹9,67,000*","₹62,000",0,₹0,520,-,-,-,-,-,-,-,-,1276(1),1551(1),1929(1),-,-,-
MAHA-Govt Quota,SEBC,Maharashtra,"Govt Med Coll, Aurangabad",GERIATRICS,"₹1,43,300*","₹92,522",1,"₹50,00,000",1177,-,-,-,-,-,-,-,-,1738(1),1871(1),1930(1),-,-,-
MAHA-Govt Quota,OBC,Maharashtra,"Vasantrao Pawar, Nasik",GENERAL SURGERY,"₹9,00,000*","₹69,105",0,₹0,1000,1527(1),1472(1),2026(1),2026(1),2026(1),-,-,-,1468(1),1933(1),1933(1),-,-,-
MAHA-Govt Quota,VJ,Maharashtra,"Indira Gandhi MedColl, Nagpur",OPHTHALMOLOGY,"₹1,43,300*","₹92,522",1,"₹50,00,000",822,-,-,-,-,-,-,-,-,1100(1),1271(1),1935(1),-,-,-
MAHA-Govt Quota,OPEN,Maharashtra,"BKL Walawalkar, Ratnagiri",OBG,"₹9,67,000*","₹62,000",0,₹0,520,-,-,-,-,-,-,-,-,881(1),944(1),1938(1),-,-,-
MAHA-Govt Quota,SEBC,Maharashtra,"Govt Med Coll, Nagpur",OPHTHALMOLOGY,"₹1,43,300*","₹92,522",1,"₹50,00,000",1866,-,-,-,-,-,-,-,-,1165(1),1165(1),1939(1),-,-,-
MAHA-Govt Quota,OBC,Maharashtra,"HBT & RN Cooper, Mumbai",ENT,"₹1,43,300*","₹92,522",1,"₹50,00,000",940,-,-,-,-,-,-,-,-,508(1),981(1),1940(1),-,-,-
MAHA Priv-Mgmt Quota,MGT,Maharashtra,"NKP Salve IMS, Nagpur",RADIO DIAGNOSIS,"₹36,00,000*","₹64,551",0,₹0,1272,1777(3),1781(3),2631(3),2631(3),2631(3),-,-,-,1715(4),1943(4),1943(4),-,-,-
MAHA-Govt Quota,VJ,Maharashtra,"ACPM, Dhule",GENERAL MEDICINE,"₹10,74,000*","₹50,000",0,₹0,570,-,-,-,-,-,-,-,-,1950(1),1950(1),1950(1),-,-,-
MAHA-Govt Quota,SEBC,Maharashtra,"Vithalrao Patil, Ahmednagar",ORTHOPAEDICS,"₹10,00,000*","₹76,629",0,₹0,960,-,-,-,-,-,-,-,-,1957(1),1957(1),1957(1),-,-,-
MAHA-Govt Quota,SC,Maharashtra,"PGIMS, Navi Mumbai",GENERAL MEDICINE,"₹1,43,300*","₹92,522",1,"₹50,00,000",-,-,-,-,-,-,-,-,-,1141(1),1180(1),1959(1),-,-,-
MAHA-Govt Quota,SEBC,Maharashtra,"Lokmanya Tilak, Sion, Mumbai",ANAESTHESIOLOGY,"₹1,43,300*","₹92,522",1,"₹50,00,000",1462,-,-,-,-,-,-,-,-,1822(2),1866(2),1964(2),-,-,-
MAHA-Govt Quota,OBC,Maharashtra,"Ashwini Rural, Solapur",OBG,"₹11,81,000*","₹65,000",0,₹0,520,-,-,-,-,-,-,-,-,1543(1),1654(1),1965(1),-,-,-
MAHA-Govt Quota,EWS,Maharashtra,"Govt Med Coll, Jalgaon",GENERAL SURGERY,"₹1,43,300*","₹92,522",1,"₹50,00,000",441,715(1),867(1),1635(1),1635(1),1635(1),-,-,-,1104(1),1377(1),1966(1),-,-,-
MAHA-Govt Quota,EWS,Maharashtra,"Seth GS, Mumbai",ENT,"₹1,43,300*","₹92,522",1,"₹50,00,000",2250,-,-,-,-,-,-,-,-,908(1),908(1),1967(1),-,-,-
MAHA-Govt Quota,SEBC,Maharashtra,"Ashwini Rural, Solapur",OBG,"₹11,81,000*","₹65,000",0,₹0,520,-,-,-,-,-,-,-,-,1845(1),1304(1),1970(1),-,-,-
MAHA-Govt Quota,OBC,Maharashtra,"ACPM, Dhule",OBG,"₹10,74,000*","₹50,000",0,₹0,570,-,-,-,-,-,-,-,-,1641(1),1641(1),1972(1),-,-,-
MAHA-Govt Quota,OPEN,Maharashtra,"MGIMS, Wardha",ENT,"₹1,43,300*","₹89,698",1,"₹50,00,000",1000,-,-,-,-,-,-,-,-,716(1),1399(1),1973(1),-,-,-
MAHA Priv-Min Quota,Minority,Maharashtra,"IIMSR, Jalna",OBG,"₹9,00,000*","₹64,551",0,₹0,Info Not Available,1155(1),1155(1),1794(1),1794(1),1794(1),-,-,-,1332(1),1342(1),1975(1),-,-,-
MAHA-Govt Quota,NT1-PH,Maharashtra,"Govt Med Coll, Akola",OBG,"₹1,43,300*","₹92,522",1,"₹50,00,000",840,-,-,-,-,-,-,-,-,-,-,1980(1),-,-,-
MAHA-Govt Quota,OBC,Maharashtra,"Vithalrao Patil, Ahmednagar",ORTHOPAEDICS,"₹10,00,000*","₹76,629",0,₹0,960,-,-,-,-,-,-,-,-,1496(1),1562(1),1983(1),-,-,-
MAHA-Govt Quota,OBC,Maharashtra,"Govt Med Coll, Nagpur",PSYCHIATRY,"₹1,43,300*","₹92,522",1,"₹50,00,000",1866,-,-,-,-,-,-,-,-,1182(1),1779(1),2007(1),-,-,-
MAHA-Govt Quota,OBC,Maharashtra,"Ulhas Patil Med Coll, Jalgaon",GENERAL SURGERY,"₹9,00,000*","₹52,769",0,₹0,500,-,-,-,-,-,-,-,-,1933(1),2008(1),2008(1),-,-,-
MAHA-Govt Quota,OBC,Maharashtra,"Vasantrao Pawar, Nasik",ORTHOPAEDICS,"₹9,00,000*","₹69,105",0,₹0,1000,1215(1),1380(1),1770(1),1770(1),1770(1),-,-,-,1398(1),1398(1),2012(1),-,-,-
MAHA-Govt Quota,NT3,Maharashtra,"Indira Gandhi MedColl, Nagpur",PSYCHIATRY,"₹1,43,300*","₹92,522",1,"₹50,00,000",822,-,-,-,-,-,-,-,-,1953(1),2013(1),2013(1),-,-,-
MAHA-Govt Quota,OBC,Maharashtra,"Govt Med Coll, Nagpur",ANAESTHESIOLOGY,"₹1,43,300*","₹92,522",1,"₹50,00,000",1866,1540(2),1693(2),1693(2),1693(2),1693(2),-,-,-,1171(2),1755(2),2016(2),-,-,-
MAHA-Govt Quota,EWS,Maharashtra,"Govt Med Coll, Chandrapur",ORTHOPAEDICS,"₹1,43,300*","₹92,522",1,"₹50,00,000",650,-,-,-,-,-,-,-,-,871(1),1484(1),2027(1),-,-,-
MAHA-Govt Quota,OPEN-Orphan,Maharashtra,"MGIMS, Wardha",OPHTHALMOLOGY,"₹1,43,300*","₹89,698",1,"₹50,00,000",1000,-,-,-,-,-,-,-,-,-,-,2034(1),-,-,-
MAHA-Govt Quota,OPEN,Maharashtra,"Vasantrao Pawar, Nasik",PSYCHIATRY,"₹9,00,000*","₹69,105",0,₹0,1000,1796(1),1796(1),2548(1),2548(1),2548(1),-,-,-,1204(1),1204(1),2044(1),-,-,-
MAHA-Govt Quota,SEBC,Maharashtra,"NKP Salve IMS, Nagpur",PAEDIATRICS,"₹9,00,000*","₹64,551",0,₹0,1272,-,-,-,-,-,-,-,-,1287(1),1287(1),2045(1),-,-,-
MAHA-Govt Quota,OPEN,Maharashtra,"BJMC, Pune",ANAESTHESIOLOGY,"₹1,43,300*","₹92,522",1,"₹50,00,000",1296,961(2),1684(2),1930(2),1930(2),1930(2),-,-,-,1007(2),1352(2),2049(2),3032(1),-,-
MAHA-Govt Quota,EWS,Maharashtra,"BJMC, Pune",ENT,"₹1,43,300*","₹92,522",1,"₹50,00,000",1296,-,-,-,-,-,-,-,-,1058(1),1747(1),2051(1),-,-,-
MAHA-Govt Quota,VJ,Maharashtra,"MGIMS, Wardha",GENERAL SURGERY,"₹1,43,300*","₹89,698",1,"₹50,00,000",1000,-,-,-,-,-,-,-,-,1002(1),1002(1),2057(1),-,-,-
MAHA-Govt Quota,OPEN,Maharashtra,"SRTT, Ambajogai",OPHTHALMOLOGY,"₹1,43,300*","₹92,522",1,"₹50,00,000",518,686(1),1058(1),1917(1),1917(1),1917(1),-,-,-,605(1),1145(1),2059(1),-,-,-
MAHA-Govt Quota,OPEN-Orphan,Maharashtra,"Lokmanya Tilak, Sion, Mumbai",ANAESTHESIOLOGY,"₹1,43,300*","₹92,522",1,"₹50,00,000",1462,-,-,-,-,-,-,-,-,-,-,2065(1),-,-,-
MAHA-Govt Quota,SEBC,Maharashtra,"Pimpri Chinchwad, Pimpri",OPHTHALMOLOGY,"₹1,43,300*","₹92,522",1,"₹50,00,000",750,-,-,-,-,-,-,-,-,744(1),744(1),2067(1),-,-,-
MAHA-Govt Quota,OBC,Maharashtra,"Grant Med Coll, Mumbai",EMERGENCY MEDICINE,"₹1,43,300*","₹92,522",1,"₹50,00,000",2844,328(1),328(1),2170(1),2170(1),2170(1),-,-,-,895(1),1170(1),2068(1),-,-,-
MAHA-Govt Quota,OBC,Maharashtra,"Kashibai Navale, Pune",GENERAL SURGERY,"₹12,94,000*","₹76,429",0,₹0,1094,1772(1),1604(1),1998(1),1998(1),1998(1),-,-,-,1700(1),1700(1),2069(1),-,-,-
MAHA-Govt Quota,OPEN,Maharashtra,"Vithalrao Patil, Ahmednagar",GENERAL SURGERY,"₹10,00,000*","₹76,629",0,₹0,960,1087(1),987(1),1343(1),1343(1),1343(1),-,-,-,873(2),1325(2),2080(2),-,-,-
MAHA-Govt Quota,OPEN,Maharashtra,"Panjabrao Deshmukh, Amravati",TBRD,"₹11,90,000*","₹76,429",0,₹0,760,973(1),1369(1),1625(1),1625(1),1625(1),-,-,-,794(1),1664(1),2087(1),-,-,-
MAHA-Govt Quota,OPEN-Orphan,Maharashtra,"Grant Med Coll, Mumbai",ANAESTHESIOLOGY,"₹1,43,300*","₹92,522",1,"₹50,00,000",2844,-,-,-,-,-,-,-,-,-,-,2088(1),-,-,-
MAHA-Govt Quota,OPEN,Maharashtra,"SMBT IMS, Nashik",OPHTHALMOLOGY,"₹15,16,000*","₹60,000",0,₹0,850,-,-,-,-,-,-,-,-,1703(1),2090(1),2090(1),-,-,-
MAHA-Govt Quota,OPEN,Maharashtra,"Govt Med Coll, Jalgaon",OPHTHALMOLOGY,"₹1,43,300*","₹92,522",1,"₹50,00,000",441,-,-,-,-,-,-,-,-,-,1200(1),2099(1),-,-,-
MAHA-Govt Quota,OPEN,Maharashtra,"SMBT IMS, Nashik",OBG,"₹15,16,000*","₹60,000",0,₹0,850,-,-,-,-,-,-,-,-,1044(1),1365(1),2104(1),-,-,-
MAHA-Govt Quota,SC,Maharashtra,"Lokmanya Tilak, Sion, Mumbai",ORTHOPAEDICS,"₹1,43,300*","₹92,522",1,"₹50,00,000",1462,1119(1),1119(1),1119(1),1119(1),1119(1),-,-,-,1228(1),2112(1),2112(1),-,-,-
MAHA-Govt Quota,OPEN,Maharashtra,"Bombay Hospital IMS, Mumbai",OPHTHALMOLOGY,"₹8,92,858*","₹70,000",0,₹0,725,1052(1),1052(1),1761(1),1761(1),1761(1),-,-,-,825(1),1557(1),2113(1),-,-,-
MAHA-Govt Quota,OBC,Maharashtra,"Govt Med Coll, Aurangabad",ENT,"₹1,43,300*","₹92,522",1,"₹50,00,000",1177,-,-,-,-,-,-,-,-,654(1),1335(1),2114(1),-,-,-
MAHA-Govt Quota,SEBC,Maharashtra,"KJ Somaiyya, Mumbai",GENERAL SURGERY,"₹12,00,000*","₹64,000",0,₹0,550,-,-,-,-,-,-,-,-,-,1743(1),2115(1),-,-,-
MAHA-Govt Quota,OPEN,Maharashtra,"Vithalrao Patil, Ahmednagar",OPHTHALMOLOGY,"₹10,00,000*","₹76,629",0,₹0,960,1505(1),1990(1),2397(1),2397(1),2397(1),-,-,-,1195(1),1083(1),2116(1),-,-,-
MAHA-Govt Quota,NT1,Maharashtra,"NKP Salve IMS, Nagpur",DERMATOLOGY,"₹9,00,000*","₹64,551",0,₹0,1272,-,-,-,-,-,-,-,-,2117(1),2117(1),2117(1),-,-,-
MAHA-Govt Quota,OPEN,Maharashtra,"Govt Med Coll, Nanded",ENT,"₹1,43,300*","₹92,522",1,"₹50,00,000",750,908(1),1249(1),2158(1),2158(1),2158(1),-,-,-,832(1),1359(1),2118(1),-,-,-
MAHA-Govt Quota,OPEN,Maharashtra,"NKP Salve IMS, Nagpur",OPHTHALMOLOGY,"₹9,00,000*","₹64,551",0,₹0,1272,1098(1),1726(1),2205(1),2205(1),2205(1),-,-,-,1021(1),1195(1),2128(1),-,-,-
MAHA-Govt Quota,VJ,Maharashtra,"Govt Med Coll, Nanded",OPHTHALMOLOGY,"₹1,43,300*","₹92,522",1,"₹50,00,000",750,-,-,-,-,-,-,-,-,1271(1),2129(1),2129(1),-,-,-
MAHA-Govt Quota,OBC,Maharashtra,"PGI of Swasthiyog, Miraj",ORTHOPAEDICS,"₹9,50,000*","₹64,500",0,₹0,110,-,-,-,-,-,-,-,-,1664(1),1765(1),2136(1),-,-,-
MAHA-Govt Quota,NT2-PH,Maharashtra,"Govt Med Coll, Chandrapur",GENERAL SURGERY,"₹1,43,300*","₹92,522",1,"₹50,00,000",650,-,-,-,-,-,-,-,-,-,-,2140(1),-,-,-
MAHA-Govt Quota,VJ,Maharashtra,"Topiwala, Mumbai",ANAESTHESIOLOGY,"₹1,43,300*","₹92,522",1,"₹50,00,000",1300,-,-,-,-,-,-,-,-,1860(1),2141(1),2141(1),-,-,-
MAHA-Govt Quota,VJ,Maharashtra,"Tata Memorial, Mumbai",RADIATION ONCOLOGY,"₹1,05,500*","₹1,00,800",1*,"₹25,00,000*",614,2353(1),2353(1),3780(1),3780(1),3780(1),-,-,-,2145(1),2145(1),2145(1),-,-,-
MAHA-Govt Quota,OPEN,Maharashtra,"MIMSR, Latur",GENERAL SURGERY,"₹7,82,607*","₹76,249",0,₹0,775,1485(2),1679(2),2179(2),2179(2),2179(2),-,-,-,1302(1),1468(1),2150(1),-,-,-
MAHA-Govt Quota,OPEN-PH,Maharashtra,"Grant Med Coll, Mumbai",ANAESTHESIOLOGY,"₹1,43,300*","₹92,522",1,"₹50,00,000",2844,-,-,-,-,-,-,-,-,-,-,2153(1),-,-,-
MAHA-Govt Quota,SC,Maharashtra,"Seth GS, Mumbai",PAEDIATRICS,"₹1,43,300*","₹92,522",1,"₹50,00,000",2250,1412(1),1432(1),1588(1),1588(1),1588(1),-,-,-,1129(1),1129(1),2154(1),-,-,-
MAHA-Govt Quota,SC,Maharashtra,"Govt Med Coll, Nanded",GENERAL MEDICINE,"₹1,43,300*","₹92,522",1,"₹50,00,000",750,1252(1),1412(1),1782(1),1782(1),1782(1),-,-,-,1016(1),1108(1),2160(1),-,-,-
MAHA-Govt Quota,OPEN,Maharashtra,"Shri VR Naik Govt, Yavatmal",ENT,"₹1,43,300*","₹92,522",1,"₹50,00,000",756,-,-,-,-,-,-,-,-,911(1),1577(1),2173(1),-,-,-
MAHA-Govt Quota,OPEN,Maharashtra,"Topiwala, Mumbai",ANAESTHESIOLOGY,"₹1,43,300*","₹92,522",1,"₹50,00,000",1300,1174(4),1632(4),1877(4),1877(4),1877(4),-,-,-,944(3),1535(3),2174(3),-,-,-
MAHA-Govt Quota,NT3,Maharashtra,"Vithalrao Patil, Ahmednagar",OBG,"₹10,00,000*","₹76,629",0,₹0,960,-,-,-,-,-,-,-,-,1374(1),1886(1),2182(1),-,-,-
MAHA-Govt Quota,OPEN,Maharashtra,"MIMER, Talegaon, Pune",OPHTHALMOLOGY,"₹8,00,000*","₹64,551",0,₹0,720,1129(1),1902(1),2066(1),2066(1),2066(1),-,-,-,1186(1),1590(1),2184(1),-,-,-
MAHA-Govt Quota,NT1,Maharashtra,"Govt Med Coll, Chandrapur",GENERAL SURGERY,"₹1,43,300*","₹92,522",1,"₹50,00,000",650,-,-,-,-,-,-,-,-,970(1),1465(1),2186(1),-,-,-
MAHA-Govt Quota,SC,Maharashtra,"Govt Med Coll, Chandrapur",GENERAL MEDICINE,"₹1,43,300*","₹92,522",1,"₹50,00,000",650,-,-,-,-,-,-,-,-,939(1),1210(1),2193(1),-,-,-
MAHA Priv-Mgmt Quota,MGT,Maharashtra,"Vithalrao Patil, Ahmednagar",DERMATOLOGY,"₹40,00,000*","₹76,629",0,₹0,960,-,-,-,-,-,-,-,-,1789(1),2205(1),2205(1),-,-,-
MAHA-Govt Quota,OBC,Maharashtra,"Vithalrao Patil, Ahmednagar",GENERAL SURGERY,"₹10,00,000*","₹76,629",0,₹0,960,-,-,-,-,-,-,-,-,1345(1),1345(1),2208(1),-,-,-
MAHA-Govt Quota,OPEN,Maharashtra,"Indira Gandhi MedColl, Nagpur",ANAESTHESIOLOGY,"₹1,43,300*","₹92,522",1,"₹50,00,000",822,1350(2),1806(2),2249(2),2846(2),2846(2),-,-,-,1073(1),1661(1),2209(1),-,-,-
MAHA-Govt Quota,SEBC,Maharashtra,"Grant Med Coll, Mumbai",ANAESTHESIOLOGY,"₹1,43,300*","₹92,522",1,"₹50,00,000",2844,-,-,-,-,-,-,-,-,1657(1),1964(1),2214(1),-,-,-
MAHA-Govt Quota,SEBC,Maharashtra,"NKP Salve IMS, Nagpur",OBG,"₹9,00,000*","₹64,551",0,₹0,1272,-,-,-,-,-,-,-,-,1317(1),1317(1),2215(1),-,-,-
MAHA-Govt Quota,OPEN,Maharashtra,"Vasantrao Pawar, Nasik",ENT,"₹9,00,000*","₹69,105",0,₹0,1000,1895(2),2007(2),3007(2),3007(2),3007(2),-,-,-,1422(1),1422(1),2226(1),-,-,-
MAHA-Govt Quota,SC,Maharashtra,"Seth GS, Mumbai",GENERAL SURGERY,"₹1,43,300*","₹92,522",1,"₹50,00,000",2250,-,-,-,-,-,-,-,-,1356(1),2231(1),2231(1),-,-,-
MAHA-Govt Quota,NT2,Maharashtra,"Seth GS, Mumbai",ANAESTHESIOLOGY,"₹1,43,300*","₹92,522",1,"₹50,00,000",2250,-,-,-,-,-,-,-,-,1207(1),2232(1),2232(1),-,-,-
MAHA-Govt Quota,OBC,Maharashtra,"Grant Med Coll, Mumbai",ANAESTHESIOLOGY,"₹1,43,300*","₹92,522",1,"₹50,00,000",2844,1452(3),1833(3),2397(3),2397(3),2397(3),-,-,-,1211(1),1668(2),2236(2),-,-,-
MAHA-Govt Quota,SEBC,Maharashtra,"Vasantrao Pawar, Nasik",ORTHOPAEDICS,"₹9,00,000*","₹69,105",0,₹0,1000,-,-,-,-,-,-,-,-,2238(1),2238(1),2238(1),-,-,-
MAHA-Govt Quota,EWS,Maharashtra,"BJMC, Pune",OPHTHALMOLOGY,"₹1,43,300*","₹92,522",1,"₹50,00,000",1296,737(1),883(1),1484(1),1484(1),1484(1),-,-,-,905(1),1050(1),2239(1),-,-,-
MAHA-Govt Quota,OPEN Service,Maharashtra,"Govt Med Coll, Aurangabad",PAEDIATRICS,"₹1,43,300*","₹92,522",1,"₹50,00,000",1177,-,-,-,-,-,-,-,-,2240(1),2240(1),2240(1),-,-,-
MAHA-NRI Quota,NRI,Maharashtra,"MIMER, Talegaon, Pune",DERMATOLOGY,"₹40,00,000*","₹64,551",0,₹0,720,3303(1),3303(1),3303(1),3303(1),3303(1),-,-,-,2436(1),2479(1),2241(1),4545(1),-,-
MAHA-Govt Quota,SEBC,Maharashtra,"Govt Med Coll, Chandrapur",OPHTHALMOLOGY,"₹1,43,300*","₹92,522",1,"₹50,00,000",650,-,-,-,-,-,-,-,-,1315(1),1402(1),2249(1),-,-,-
MAHA-Govt Quota,SC,Maharashtra,"Vithalrao Patil, Ahmednagar",GENERAL MEDICINE,"₹10,00,000*","₹76,629",0,₹0,960,-,-,-,-,-,-,-,-,2251(1),2251(1),2251(1),-,-,-
MAHA-Govt Quota,SC,Maharashtra,"Seth GS, Mumbai",OBG,"₹1,43,300*","₹92,522",1,"₹50,00,000",2250,1432(1),2022(1),2410(1),2410(1),2410(1),-,-,-,1193(2),1523(2),2256(2),-,-,-
MAHA-Govt Quota,OPEN,Maharashtra,"Ulhas Patil Med Coll, Jalgaon",OPHTHALMOLOGY,"₹9,00,000*","₹52,769",0,₹0,500,-,-,-,-,-,-,-,-,1279(1),2116(1),2260(1),-,-,-
MAHA Priv-Min Quota,Minority,Maharashtra,"IIMSR, Jalna",OPHTHALMOLOGY,"₹9,00,000*","₹64,551",0,₹0,Info Not Available,2362(2),2266(2),3273(2),3273(2),3273(2),-,-,-,2194(2),2267(2),2267(2),-,-,-
MAHA-Govt Quota,OBC,Maharashtra,"Tern Med Coll, Navi Mumbai",GENERAL SURGERY,"₹9,54,545*","₹51,000*",0,₹0,700,-,-,-,-,-,-,-,-,-,-,2272(1),-,-,-
MAHA-Govt Quota,OPEN,Maharashtra,"Seth GS, Mumbai",PHARMACOLOGY,"₹1,43,300*","₹92,522",1,"₹50,00,000",2250,2842(2),2842(2),2842(2),2842(2),2842(2),-,-,-,1968(1),2274(1),2274(1),-,-,-
MAHA-Govt Quota,OPEN,Maharashtra,"Govt Med Coll, Aurangabad",ANAESTHESIOLOGY,"₹1,43,300*","₹92,522",1,"₹50,00,000",1177,1292(3),1831(3),2271(3),2271(3),2271(3),-,-,-,1205(4),1844(4),2278(4),-,-,-
MAHA-Govt Quota,OPEN,Maharashtra,"Bombay Hospital IMS, Mumbai",ANAESTHESIOLOGY,"₹8,92,858*","₹70,000",0,₹0,725,1688(1),2295(1),2647(1),2647(1),2647(1),-,-,-,1322(1),2287(1),2287(1),-,-,-
MAHA-Govt Quota,NT2,Maharashtra,"SMBT IMS, Nashik",GENERAL MEDICINE,"₹15,16,000*","₹60,000",0,₹0,850,-,-,-,-,-,-,-,-,887(1),887(1),2297(1),-,-,-
MAHA-Govt Quota,OPEN,Maharashtra,"Pimpri Chinchwad, Pimpri",ANAESTHESIOLOGY,"₹1,43,300*","₹92,522",1,"₹50,00,000",750,1250(1),1877(1),2306(1),2306(1),2306(1),-,-,-,1083(1),1821(1),2298(1),-,-,-
MAHA-Govt Quota,SC,Maharashtra,"Seth GS, Mumbai",ORTHOPAEDICS,"₹1,43,300*","₹92,522",1,"₹50,00,000",2250,1111(1),1111(1),1111(1),1111(1),1111(1),-,-,-,841(2),2300(2),2300(2),-,-,-
MAHA-Govt Quota,EWS,Maharashtra,"Seth GS, Mumbai",ANAESTHESIOLOGY,"₹1,43,300*","₹92,522",1,"₹50,00,000",2250,1108(1),1363(1),1363(1),1363(1),1363(1),-,-,-,930(2),2087(2),2302(2),-,-,-
MAHA-Govt Quota,OPEN,Maharashtra,"Tata Memorial, Mumbai",PALLIATIVE MEDICINE,"₹1,05,500*","₹1,00,800",1*,"₹25,00,000*",614,-,-,-,-,-,-,-,-,1318(1),2315(1),2315(1),-,-,-
MAHA-Govt Quota,EWS,Maharashtra,"Sri Bhausaheb, Dhule",OPHTHALMOLOGY,"₹1,43,300*","₹92,522",1,"₹50,00,000",545,-,-,-,-,-,-,-,-,1050(1),1835(1),2319(1),-,-,-
MAHA-Govt Quota,SEBC,Maharashtra,"Vasantrao Pawar, Nasik",GENERAL SURGERY,"₹9,00,000*","₹69,105",0,₹0,1000,-,-,-,-,-,-,-,-,2375(1),2328(1),2328(1),-,-,-
MAHA-Govt Quota,OBC,Maharashtra,"Topiwala, Mumbai",ANAESTHESIOLOGY,"₹1,43,300*","₹92,522",1,"₹50,00,000",1300,1444(2),1844(2),2446(2),2446(2),2446(2),-,-,-,1212(3),1854(3),2330(3),2713(1),-,-
MAHA-Govt Quota,OPEN,Maharashtra,"NKP Salve IMS, Nagpur",GENERAL SURGERY,"₹9,00,000*","₹64,551",0,₹0,1272,1376(4),1658(4),2313(4),2313(4),2313(4),-,-,-,1161(3),1534(3),2335(3),2703(1),-,-
MAHA-Govt Quota,VJ,Maharashtra,"Govt Med Coll, Miraj",GENERAL SURGERY,"₹1,43,300*","₹92,522",1,"₹50,00,000",725,-,-,-,-,-,-,-,-,1029(1),1251(1),2341(1),-,-,-
MAHA-Govt Quota,OBC,Maharashtra,"Indira Gandhi MedColl, Nagpur",ANAESTHESIOLOGY,"₹1,43,300*","₹92,522",1,"₹50,00,000",822,1549(1),1979(1),2658(1),2658(1),2658(1),-,-,-,1310(1),1928(1),2351(1),-,-,-
MAHA-Govt Quota,SC,Maharashtra,"BJMC, Pune",ORTHOPAEDICS,"₹1,43,300*","₹92,522",1,"₹50,00,000",1296,1426(1),1458(1),1458(1),1458(1),1458(1),-,-,-,1676(1),2352(1),2352(1),-,-,-
MAHA-Govt Quota,OPEN-PH,Maharashtra,"SRTT, Ambajogai",ENT,"₹1,43,300*","₹92,522",1,"₹50,00,000",518,-,-,-,-,-,-,-,-,-,-,2356(1),-,-,-
MAHA-Govt Quota,OPEN,Maharashtra,"VMMC, Solapur",ANAESTHESIOLOGY,"₹1,43,300*","₹92,522",1,"₹50,00,000",763,1105(1),1946(1),2231(1),2744(1),2744(1),-,-,-,1206(1),1940(1),2357(1),3123(1),-,-
MAHA-Govt Quota,OPEN,Maharashtra,"BKL Walawalkar, Ratnagiri",GENERAL SURGERY,"₹9,67,000*","₹62,000",0,₹0,520,1670(2),1851(2),2326(2),2326(2),2326(2),-,-,-,1325(1),1518(1),2362(1),-,-,-
MAHA-Govt Quota,OBC,Maharashtra,"Govt Med Coll, Latur",ENT,"₹1,43,300*","₹92,522",1,"₹50,00,000",750,-,-,-,-,-,-,-,-,1074(1),1610(1),2363(1),-,-,-
MAHA-Govt Quota,SEBC,Maharashtra,"Panjabrao Deshmukh, Amravati",PAEDIATRICS,"₹11,90,000*","₹76,429",0,₹0,760,-,-,-,-,-,-,-,-,1699(1),1699(1),2371(1),-,-,-
MAHA-Govt Quota,SEBC,Maharashtra,"Vithalrao Patil, Ahmednagar",GENERAL SURGERY,"₹10,00,000*","₹76,629",0,₹0,960,-,-,-,-,-,-,-,-,2115(1),2115(1),2375(1),-,-,-
MAHA Priv-Mgmt Quota,MGT,Maharashtra,"MIMSR, Latur",RADIO DIAGNOSIS,"₹31,30,428*","₹76,249",0,₹0,775,-,-,-,-,-,-,-,-,2417(1),2380(1),2380(1),-,-,-
MAHA-Govt Quota,OBC,Maharashtra,"Govt Med Coll, Aurangabad",ANAESTHESIOLOGY,"₹1,43,300*","₹92,522",1,"₹50,00,000",1177,1584(2),1961(2),2703(2),2957(2),2957(2),-,-,-,1303(2),1904(2),2386(2),3364(1),-,-
MAHA-Govt Quota,SC,Maharashtra,"Kashibai Navale, Pune",GENERAL MEDICINE,"₹12,94,000*","₹76,429",0,₹0,1094,-,-,-,-,-,-,-,-,2387(1),2387(1),2387(1),-,-,-
MAHA-Govt Quota,OPEN,Maharashtra,"Ulhas Patil Med Coll, Jalgaon",EMERGENCY MEDICINE,"₹9,00,000*","₹52,769",0,₹0,500,-,-,-,-,-,-,-,-,2296(1),2388(1),2388(1),-,-,-
MAHA-Govt Quota,SEBC,Maharashtra,"PGI of Swasthiyog, Miraj",ORTHOPAEDICS,"₹9,50,000*","₹64,500",0,₹0,110,-,-,-,-,-,-,-,-,2393(1),2472(1),2391(1),-,-,-
MAHA-Govt Quota,NT2,Maharashtra,"Shri VR Naik Govt, Yavatmal",OPHTHALMOLOGY,"₹1,43,300*","₹92,522",1,"₹50,00,000",756,-,-,-,-,-,-,-,-,1333(1),1793(1),2392(1),-,-,-
MAHA-Govt Quota,SEBC,Maharashtra,"NKP Salve IMS, Nagpur",TBRD,"₹9,00,000*","₹64,551",0,₹0,1272,-,-,-,-,-,-,-,-,2328(1),2393(1),2393(1),-,-,-
MAHA-Govt Quota,NT1,Maharashtra,"Govt Med Coll, Chandrapur",PSYCHIATRY,"₹1,43,300*","₹92,522",1,"₹50,00,000",650,-,-,-,-,-,-,-,-,2394(1),2394(1),2394(1),-,-,-
MAHA-Govt Quota,EWS,Maharashtra,"Govt Med Coll, Akola",OPHTHALMOLOGY,"₹1,43,300*","₹92,522",1,"₹50,00,000",840,-,-,-,-,-,-,-,-,1106(1),1739(1),2397(1),-,-,-
MAHA-Govt Quota,OBC,Maharashtra,"Govt Med Coll, Chandrapur",ENT,"₹1,43,300*","₹92,522",1,"₹50,00,000",650,-,-,-,-,-,-,-,-,1114(1),1619(1),2400(1),-,-,-
MAHA-Govt Quota,OPEN,Maharashtra,"Prakash Inst of MS & R, Sangli",PAEDIATRICS,"₹16,00,000*",Info not available,Info Not Available,Info not available,-,-,-,-,-,-,-,-,-,805(1),1297(1),2413(1),-,-,-
MAHA-Govt Quota,OBC,Maharashtra,"Vedantaa Inst of MS, Palghar",GENERAL MEDICINE,"₹19,32,000*","₹65,000",0,₹0,-,792(1),1457(1),1457(1),1457(1),1457(1),-,-,-,928(1),1080(1),2415(1),-,-,-
MAHA-Govt Quota,SEBC,Maharashtra,"Topiwala, Mumbai",ANAESTHESIOLOGY,"₹1,43,300*","₹92,522",1,"₹50,00,000",1300,-,-,-,-,-,-,-,-,1792(1),1939(1),2426(1),-,-,-
MAHA-Govt Quota,EWS,Maharashtra,"Tata Memorial, Mumbai",ANAESTHESIOLOGY,"₹1,05,500*","₹1,00,800",1*,"₹25,00,000*",614,1232(1),1715(1),1715(1),1715(1),1715(1),-,-,-,1030(1),2431(1),2431(1),-,-,-
MAHA-NRI Quota,NRI,Maharashtra,"Vasantrao Pawar, Nasik",DERMATOLOGY,"₹45,00,000*","₹69,105",0,₹0,1000,3186(1),3186(1),3186(1),3186(1),3186(1),-,-,-,2241(1),2706(1),2436(1),2879(1),7003(1),-
MAHA-Govt Quota,SC,Maharashtra,"Lokmanya Tilak, Sion, Mumbai",PAEDIATRICS,"₹1,43,300*","₹92,522",1,"₹50,00,000",1462,753(1),753(1),753(1),753(1),753(1),-,-,-,1417(1),1417(1),2437(1),-,-,-
MAHA-Govt Quota,OBC,Maharashtra,"SMBT IMS, Nashik",PAEDIATRICS,"₹15,16,000*","₹60,000",0,₹0,850,-,-,-,-,-,-,-,-,1394(1),1394(1),2439(1),-,-,-
MAHA-Govt Quota,SEBC,Maharashtra,"BJMC, Pune",ANAESTHESIOLOGY,"₹1,43,300*","₹92,522",1,"₹50,00,000",1296,-,-,-,-,-,-,-,-,1830(1),2010(1),2448(1),-,-,-
MAHA-Govt Quota,OPEN,Maharashtra,"Govt Med Coll, Miraj",ANAESTHESIOLOGY,"₹1,43,300*","₹92,522",1,"₹50,00,000",725,1374(2),1981(2),2450(2),2450(2),2450(2),-,-,-,1222(1),1981(1),2457(1),-,-,-
MAHA-Govt Quota,OBC,Maharashtra,"Govt Med Coll, Gondia",ENT,"₹1,43,300*","₹92,522",1,"₹50,00,000",500,1529(1),2008(1),2886(1),2886(1),2886(1),-,-,-,1080(1),1972(1),2465(1),-,-,-
MAHA-Govt Quota,OPEN,Maharashtra,"Rajarshee CSM Govt MC,Kolhapur",ANAESTHESIOLOGY,"₹1,43,300*","₹92,522",1,"₹50,00,000",665,-,-,-,-,-,-,-,-,1267(1),2035(1),2471(1),-,-,-
MAHA-Govt Quota,SEBC,Maharashtra,"Bombay Hospital IMS, Mumbai",GENERAL SURGERY,"₹8,92,858*","₹70,000",0,₹0,725,-,-,-,-,-,-,-,-,1188(1),1970(1),2472(1),-,-,-
MAHA-Govt Quota,SC,Maharashtra,"Rajarshee CSM Govt MC,Kolhapur",OBG,"₹1,43,300*","₹92,522",1,"₹50,00,000",665,2006(1),2338(1),2650(1),2650(1),2650(1),-,-,-,1523(1),1911(1),2474(1),-,-,-
MAHA-Govt Quota,EWS,Maharashtra,"Lokmanya Tilak, Sion, Mumbai",ANAESTHESIOLOGY,"₹1,43,300*","₹92,522",1,"₹50,00,000",1462,1201(2),1543(2),1954(2),1954(2),1954(2),-,-,-,964(1),2302(1),2475(1),-,-,-
MAHA-Govt Quota,NT1,Maharashtra,"BJMC, Pune",ANAESTHESIOLOGY,"₹1,43,300*","₹92,522",1,"₹50,00,000",1296,-,-,-,-,-,-,-,-,1751(1),1980(1),2477(1),-,-,-
MAHA-Govt Quota,SC,Maharashtra,"Ashwini Rural, Solapur",RADIO DIAGNOSIS,"₹11,81,000*","₹65,000",0,₹0,520,-,-,-,-,-,-,-,-,2481(1),2481(1),2481(1),-,-,-
MAHA-Govt Quota,NT3,Maharashtra,"SRTT, Ambajogai",ANAESTHESIOLOGY,"₹1,43,300*","₹92,522",1,"₹50,00,000",518,-,-,-,-,-,-,-,-,2183(1),2486(1),2486(1),-,-,-
MAHA-Govt Quota,SEBC,Maharashtra,"Govt Med Coll, Aurangabad",ANAESTHESIOLOGY,"₹1,43,300*","₹92,522",1,"₹50,00,000",1177,-,-,-,-,-,-,-,-,1818(1),1818(1),2487(1),-,-,-
MAHA-Govt Quota,OPEN,Maharashtra,"Govt Med Coll, Nanded",ANAESTHESIOLOGY,"₹1,43,300*","₹92,522",1,"₹50,00,000",750,-,-,-,-,-,-,-,-,1316(1),1995(1),2489(1),-,-,-
MAHA-Govt Quota,OPEN Service,Maharashtra,"Govt Med Coll, Aurangabad",RADIO DIAGNOSIS,"₹1,43,300*","₹92,522",1,"₹50,00,000",1177,-,-,-,-,-,-,-,-,2490(1),2490(1),2490(1),-,-,-
MAHA-Govt Quota,OPEN,Maharashtra,"Ashwini Rural, Solapur",GENERAL SURGERY,"₹11,81,000*","₹65,000",0,₹0,520,1666(2),1943(2),2449(2),2449(2),2449(2),-,-,-,1357(1),1708(1),2496(1),-,-,-
MAHA-Govt Quota,SEBC,Maharashtra,"Vithalrao Patil, Ahmednagar",PAEDIATRICS,"₹10,00,000*","₹76,629",0,₹0,960,-,-,-,-,-,-,-,-,1820(1),1820(1),2498(1),-,-,-
MAHA-Govt Quota,SEBC,Maharashtra,"Vedantaa Inst of MS, Palghar",GENERAL MEDICINE,"₹19,32,000*","₹65,000",0,₹0,-,-,-,-,-,-,-,-,-,1639(1),1738(1),2499(1),-,-,-
MAHA-Govt Quota,SEBC,Maharashtra,"Prakash Inst of MS & R, Sangli",OBG,"₹16,00,000*",Info not available,Info Not Available,Info not available,-,-,-,-,-,-,-,-,-,1870(1),1870(1),2501(1),-,-,-
MAHA-Govt Quota,ST,Maharashtra,"Govt Med Coll, Aurangabad",RADIO DIAGNOSIS,"₹1,43,300*","₹92,522",1,"₹50,00,000",1177,-,-,-,-,-,-,-,-,2017(1),2503(1),2503(1),-,-,-
MAHA-Govt Quota,SC,Maharashtra,"Grant Med Coll, Mumbai",PAEDIATRICS,"₹1,43,300*","₹92,522",1,"₹50,00,000",2844,1269(1),1588(1),2293(1),2293(1),2293(1),-,-,-,1327(1),1327(1),2504(1),-,-,-
MAHA-Govt Quota,OPEN,Maharashtra,"MIMSR, Latur",ORTHOPAEDICS,"₹7,82,607*","₹76,249",0,₹0,775,-,-,-,-,-,-,-,-,1346(1),1346(1),2505(1),-,-,-
MAHA-Govt Quota,OBC,Maharashtra,"Kashibai Navale, Pune",TBRD,"₹12,94,000*","₹76,429",0,₹0,1094,-,-,-,-,-,-,-,-,1531(1),1842(1),2506(1),-,-,-
MAHA-Govt Quota,EWS,Maharashtra,"Topiwala, Mumbai",ANAESTHESIOLOGY,"₹1,43,300*","₹92,522",1,"₹50,00,000",1300,1262(1),1811(1),2118(1),2118(1),2118(1),-,-,-,983(1),2397(1),2507(1),-,-,-
MAHA-Govt Quota,OBC,Maharashtra,"Sancheti Inst Of Ortho, Pune",ORTHOPAEDICS,"₹9,00,000*","₹77,000",0,₹0,Info Not Available,1792(2),1792(2),2283(2),2283(2),2283(2),-,-,-,1559(2),1723(2),2510(2),-,-,-
MAHA-Govt Quota,OPEN,Maharashtra,"SMBT IMS, Nashik",GENERAL SURGERY,"₹15,16,000*","₹60,000",0,₹0,850,1368(2),1533(2),2253(2),2253(2),2253(2),-,-,-,1198(1),1198(1),2514(1),-,-,-
MAHA-Govt Quota,ST,Maharashtra,"Govt Med Coll, Latur",RADIO DIAGNOSIS,"₹1,43,300*","₹92,522",1,"₹50,00,000",750,-,-,-,-,-,-,-,-,2503(1),2516(1),2516(1),-,-,-
MAHA-Govt Quota,ST,Maharashtra,"Lokmanya Tilak, Sion, Mumbai",ORTHOPAEDICS,"₹1,43,300*","₹92,522",1,"₹50,00,000",1462,2553(1),3182(1),3182(1),3182(1),3182(1),-,-,-,2517(1),2517(1),2517(1),-,-,-
MAHA-Govt Quota,SC,Maharashtra,"HBT & RN Cooper, Mumbai",GENERAL SURGERY,"₹1,43,300*","₹92,522",1,"₹50,00,000",940,1769(1),1782(1),2537(1),2537(1),2537(1),-,-,-,2231(1),2504(1),2519(1),-,-,-
MAHA-Govt Quota,SEBC,Maharashtra,"Vedantaa Inst of MS, Palghar",DERMATOLOGY,"₹19,32,000*","₹65,000",0,₹0,-,-,-,-,-,-,-,-,-,2523(1),2523(1),2523(1),-,-,-
MAHA-Govt Quota,NT2,Maharashtra,"Prakash Inst of MS & R, Sangli",GENERAL MEDICINE,"₹16,00,000*",Info not available,Info Not Available,Info not available,-,-,-,-,-,-,-,-,-,1197(1),1197(1),2525(1),-,-,-
MAHA-Govt Quota,SC,Maharashtra,"Indira Gandhi MedColl, Nagpur",GENERAL SURGERY,"₹1,43,300*","₹92,522",1,"₹50,00,000",822,1785(1),1785(1),1785(1),1785(1),1785(1),-,-,-,2300(1),2528(1),2528(1),-,-,-
MAHA-Govt Quota,OBC,Maharashtra,"Vithalrao Patil, Ahmednagar",OPHTHALMOLOGY,"₹10,00,000*","₹76,629",0,₹0,960,-,-,-,-,-,-,-,-,1782(1),1782(1),2530(1),-,-,-
MAHA-Govt Quota,OBC,Maharashtra,"Lokmanya Tilak, Sion, Mumbai",PSYCHIATRY,"₹1,43,300*","₹92,522",1,"₹50,00,000",1462,-,-,-,-,-,-,-,-,1045(1),1485(1),2536(1),-,-,-
MAHA-Govt Quota,OPEN,Maharashtra,"Tata Memorial, Mumbai",PATHOLOGY,"₹1,05,500*","₹1,00,800",1*,"₹25,00,000*",614,710(1),554(1),2391(1),2391(1),2391(1),-,-,-,1490(2),1490(2),2542(2),-,-,-
MAHA-Govt Quota,SC-PH,Maharashtra,"Seth GS, Mumbai",PAEDIATRICS,"₹1,43,300*","₹92,522",1,"₹50,00,000",2250,-,-,-,-,-,-,-,-,-,-,2547(1),-,-,-
MAHA-Govt Quota,OPEN,Maharashtra,"MPGIMER, Nashik",ANAESTHESIOLOGY,"₹1,43,300*","₹92,522",1,"₹50,00,000",-,1381(1),2010(1),2349(1),2349(1),2349(1),-,-,-,1326(2),2056(2),2552(2),-,-,-
MAHA-Govt Quota,OPEN,Maharashtra,"Kashibai Navale, Pune",ENT,"₹12,94,000*","₹76,429",0,₹0,1094,2009(1),2009(1),2373(1),2373(1),2373(1),-,-,-,1534(1),2211(1),2555(1),2720(1),-,-
MAHA-Govt Quota,OPEN,Maharashtra,"Sri Bhausaheb, Dhule",ANAESTHESIOLOGY,"₹1,43,300*","₹92,522",1,"₹50,00,000",545,1378(1),2061(1),2511(1),2511(1),2511(1),-,-,-,1339(1),2088(1),2556(1),-,-,-
MAHA-Govt Quota,ST,Maharashtra,"Lokmanya Tilak, Sion, Mumbai",DERMATOLOGY,"₹1,43,300*","₹92,522",1,"₹50,00,000",1462,-,-,-,-,-,-,-,-,1001(1),2559(1),2559(1),-,-,-
MAHA-Govt Quota,SEBC,Maharashtra,"Tata Memorial, Mumbai",RADIATION ONCOLOGY,"₹1,05,500*","₹1,00,800",1*,"₹25,00,000*",614,-,-,-,-,-,-,-,-,2560(1),2560(1),2560(1),-,-,-
MAHA-Govt Quota,ST,Maharashtra,"Govt Med Coll, Akola",RADIO DIAGNOSIS,"₹1,43,300*","₹92,522",1,"₹50,00,000",840,-,-,-,-,-,-,-,-,2559(1),2564(1),2564(1),-,-,-
MAHA-Govt Quota,OBC,Maharashtra,"BKL Walawalkar, Ratnagiri",GENERAL SURGERY,"₹9,67,000*","₹62,000",0,₹0,520,-,-,-,-,-,-,-,-,1979(1),2069(1),2566(1),-,-,-
MAHA-Govt Quota,EWS,Maharashtra,"BJMC, Pune",ANAESTHESIOLOGY,"₹1,43,300*","₹92,522",1,"₹50,00,000",1296,1310(1),1816(1),2302(1),2302(1),2302(1),-,-,-,1049(1),2319(1),2568(1),-,-,-
MAHA-Govt Quota,OPEN,Maharashtra,"Topiwala, Mumbai",PATHOLOGY,"₹1,43,300*","₹92,522",1,"₹50,00,000",1300,1845(3),2581(3),3106(3),3210(3),3210(3),-,-,-,1500(1),2569(1),2569(1),-,-,-
MAHA-Govt Quota,OPEN,Maharashtra,"Kashibai Navale, Pune",PSYCHIATRY,"₹12,94,000*","₹76,429",0,₹0,1094,938(1),938(1),3093(1),3093(1),3093(1),-,-,-,1475(1),1028(1),2573(1),-,-,-
MAHA-Govt Quota,OBC,Maharashtra,"NKP Salve IMS, Nagpur",GENERAL SURGERY,"₹9,00,000*","₹64,551",0,₹0,1272,1698(2),1698(2),2569(2),2569(2),2569(2),-,-,-,1562(2),1596(2),2577(2),-,-,-
MAHA-Govt Quota,SEBC,Maharashtra,"Topiwala, Mumbai",PSYCHIATRY,"₹1,43,300*","₹92,522",1,"₹50,00,000",1300,-,-,-,-,-,-,-,-,625(1),758(1),2581(1),-,-,-
MAHA Priv-Mgmt Quota,MGT,Maharashtra,"Kashibai Navale, Pune",DERMATOLOGY,"₹51,76,000*","₹76,429",0,₹0,1094,1459(1),2289(1),2289(1),2289(1),2289(1),-,-,-,1477(1),2584(1),2584(1),-,-,-
MAHA Priv-Mgmt Quota,MGT,Maharashtra,"Tern Med Coll, Navi Mumbai",RADIO DIAGNOSIS,"₹38,18,180*","₹51,000*",0,₹0,700,-,-,-,-,-,-,-,-,1846(2),2586(2),2586(2),-,-,-
MAHA-Govt Quota,OBC,Maharashtra,"BJMC, Pune",PSYCHIATRY,"₹1,43,300*","₹92,522",1,"₹50,00,000",1296,-,-,-,-,-,-,-,-,1079(1),1565(1),2590(1),-,-,-
MAHA-Govt Quota,SC,Maharashtra,"Govt Med Coll, Aurangabad",PAEDIATRICS,"₹1,43,300*","₹92,522",1,"₹50,00,000",1177,-,-,-,-,-,-,-,-,1393(1),1393(1),2598(1),-,-,-
MAHA-Govt Quota,SEBC,Maharashtra,"Ashwini Rural, Solapur",PAEDIATRICS,"₹11,81,000*","₹65,000",0,₹0,520,-,-,-,-,-,-,-,-,1859(1),1859(1),2602(1),-,-,-
MAHA-Govt Quota,SEBC,Maharashtra,"NKP Salve IMS, Nagpur",GENERAL SURGERY,"₹9,00,000*","₹64,551",0,₹0,1272,-,-,-,-,-,-,-,-,2603(1),2603(1),2603(1),-,-,-
MAHA-Govt Quota,OPEN,Maharashtra,"Govt Med Coll, Jalgaon",ANAESTHESIOLOGY,"₹1,43,300*","₹92,522",1,"₹50,00,000",441,1482(1),2068(1),2587(1),2587(1),2587(1),-,-,-,1442(1),2190(1),2609(1),3209(1),-,-
MAHA-Govt Quota,EWS,Maharashtra,"VMMC, Solapur",ANAESTHESIOLOGY,"₹1,43,300*","₹92,522",1,"₹50,00,000",763,-,-,-,-,-,-,-,-,1967(1),2568(1),2610(1),-,-,-
MAHA-Govt Quota,OPEN,Maharashtra,"Govt Med Coll, Gondia",ANAESTHESIOLOGY,"₹1,43,300*","₹92,522",1,"₹50,00,000",500,-,-,-,-,-,-,-,-,1424(1),2174(1),2613(1),-,-,-
MAHA-Govt Quota,SEBC,Maharashtra,"Panjabrao Deshmukh, Amravati",ORTHOPAEDICS,"₹11,90,000*","₹76,429",0,₹0,760,-,-,-,-,-,-,-,-,2615(1),2615(1),2615(1),-,-,-
MAHA-Govt Quota,SEBC,Maharashtra,"MPGIMER, Nashik",ENT,"₹1,43,300*","₹92,522",1,"₹50,00,000",-,-,-,-,-,-,-,-,-,-,2426(1),2616(1),-,-,-
MAHA-Govt Quota,NT2,Maharashtra,"Lokmanya Tilak, Sion, Mumbai",ANAESTHESIOLOGY,"₹1,43,300*","₹92,522",1,"₹50,00,000",1462,1439(1),1608(1),1971(1),1971(1),1971(1),-,-,-,1688(1),2297(1),2621(1),-,-,-
MAHA-Govt Quota,OPEN,Maharashtra,"Seth GS, Mumbai",PATHOLOGY,"₹1,43,300*","₹92,522",1,"₹50,00,000",2250,1534(2),2079(2),2594(2),2594(2),2594(2),-,-,-,1448(2),2299(2),2622(2),-,-,-
MAHA-Govt Quota,OBC,Maharashtra,"MGIMS, Wardha",PSYCHIATRY,"₹1,43,300*","₹89,698",1,"₹50,00,000",1000,-,-,-,-,-,-,-,-,1183(1),1808(1),2624(1),-,-,-
MAHA-Govt Quota,OBC,Maharashtra,"MGIMS, Wardha",ANAESTHESIOLOGY,"₹1,43,300*","₹89,698",1,"₹50,00,000",1000,-,-,-,-,-,-,-,-,1314(1),2144(1),2626(1),-,-,-
MAHA-Govt Quota,SC,Maharashtra,"BJMC, Pune",GENERAL SURGERY,"₹1,43,300*","₹92,522",1,"₹50,00,000",1296,1696(1),1696(1),2743(1),2743(1),2743(1),-,-,-,1539(1),1539(1),2631(1),-,-,-
MAHA-Govt Quota,OBC,Maharashtra,"Govt Med Coll, Baramati",ANAESTHESIOLOGY,"₹1,43,300*","₹92,522",1,"₹50,00,000",310,-,-,-,-,-,-,-,-,1529(1),2065(1),2641(1),-,-,-
MAHA-Govt Quota,SEBC,Maharashtra,"Govt Med Coll, Nagpur",ANAESTHESIOLOGY,"₹1,43,300*","₹92,522",1,"₹50,00,000",1866,-,-,-,-,-,-,-,-,1841(1),2045(1),2642(1),-,-,-
MAHA-Govt Quota,OBC,Maharashtra,"Govt Med Coll, Latur",ANAESTHESIOLOGY,"₹1,43,300*","₹92,522",1,"₹50,00,000",750,-,-,-,-,-,-,-,-,1348(1),2016(1),2644(1),-,-,-
MAHA-Govt Quota,OBC,Maharashtra,"MPGIMER, Nashik",ANAESTHESIOLOGY,"₹1,43,300*","₹92,522",1,"₹50,00,000",-,1623(1),2161(1),2882(1),2882(1),2882(1),-,-,-,1445(1),2102(1),2647(1),-,-,-
MAHA-Govt Quota,NT2,Maharashtra,"Govt Med Coll, Nagpur",ENT,"₹1,43,300*","₹92,522",1,"₹50,00,000",1866,-,-,-,-,-,-,-,-,1537(1),2650(1),2650(1),-,-,-
MAHA-Govt Quota,OPEN-PH,Maharashtra,"Lokmanya Tilak, Sion, Mumbai",DA,"₹1,43,300*","₹92,522",1,"₹50,00,000",1462,-,-,-,-,-,-,-,-,-,-,2651(1),-,-,-
MAHA-Govt Quota,SC-PH,Maharashtra,"BJMC, Pune",OBG,"₹1,43,300*","₹92,522",1,"₹50,00,000",1296,-,-,-,-,-,-,-,-,-,-,2653(1),-,-,-
MAHA-Govt Quota,SEBC,Maharashtra,"Sancheti Inst Of Ortho, Pune",ORTHOPAEDICS,"₹9,00,000*","₹77,000",0,₹0,Info Not Available,-,-,-,-,-,-,-,-,2499(2),2783(2),2655(2),-,-,-
MAHA-Govt Quota,OBC,Maharashtra,"Kashibai Navale, Pune",ENT,"₹12,94,000*","₹76,429",0,₹0,1094,-,-,-,-,-,-,-,-,1972(1),2772(1),2660(1),-,-,-
MAHA-Govt Quota,EWS,Maharashtra,"Govt Med Coll, Gondia",ENT,"₹1,43,300*","₹92,522",1,"₹50,00,000",500,-,-,-,-,-,-,-,-,1802(1),1967(1),2664(1),-,-,-
MAHA-Govt Quota,EWS,Maharashtra,"Govt Med Coll, Nagpur",ANAESTHESIOLOGY,"₹1,43,300*","₹92,522",1,"₹50,00,000",1866,1316(1),1954(1),2345(1),2345(1),2345(1),-,-,-,1420(1),2475(1),2672(1),-,-,-
MAHA-Govt Quota,OBC,Maharashtra,"MIMSR, Latur",OPHTHALMOLOGY,"₹7,82,607*","₹76,249",0,₹0,775,-,-,-,-,-,-,-,-,2281(1),2184(1),2676(1),-,-,-
MAHA-Govt Quota,OBC,Maharashtra,"Sri Bhausaheb, Dhule",ANAESTHESIOLOGY,"₹1,43,300*","₹92,522",1,"₹50,00,000",545,-,-,-,-,-,-,-,-,1372(1),2136(1),2678(1),-,-,-
MAHA-Govt Quota,EWS,Maharashtra,"Indira Gandhi MedColl, Nagpur",ANAESTHESIOLOGY,"₹1,43,300*","₹92,522",1,"₹50,00,000",822,-,-,-,-,-,-,-,-,1440(1),2508(1),2680(1),-,-,-
MAHA-Govt Quota,SEBC,Maharashtra,"BKL Walawalkar, Ratnagiri",GENERAL SURGERY,"₹9,67,000*","₹62,000",0,₹0,520,-,-,-,-,-,-,-,-,2685(1),2685(1),2685(1),-,-,-
MAHA-Govt Quota,NT1,Maharashtra,"Rajarshee CSM Govt MC,Kolhapur",ANAESTHESIOLOGY,"₹1,43,300*","₹92,522",1,"₹50,00,000",665,-,-,-,-,-,-,-,-,1980(1),2477(1),2690(1),-,-,-
MAHA-Govt Quota,NT1,Maharashtra,"SMBT IMS, Nashik",PAEDIATRICS,"₹15,16,000*","₹60,000",0,₹0,850,-,-,-,-,-,-,-,-,2694(1),2694(1),2694(1),-,-,-
MAHA-Govt Quota,SC,Maharashtra,"Indira Gandhi MedColl, Nagpur",PAEDIATRICS,"₹1,43,300*","₹92,522",1,"₹50,00,000",822,-,-,-,-,-,-,-,-,1245(1),1425(1),2695(1),-,-,-
MAHA-Govt Quota,OPEN,Maharashtra,"KJ Somaiyya, Mumbai",ANAESTHESIOLOGY,"₹12,00,000*","₹64,000",0,₹0,550,-,-,-,-,-,-,-,-,1602(1),2377(1),2696(1),-,-,-
MAHA-Govt Quota,ST,Maharashtra,"BJMC, Pune",DERMATOLOGY,"₹1,43,300*","₹92,522",1,"₹50,00,000",1296,-,-,-,-,-,-,-,-,1989(1),2697(1),2697(1),-,-,-
MAHA-Govt Quota,SC,Maharashtra,"NKP Salve IMS, Nagpur",GENERAL MEDICINE,"₹9,00,000*","₹64,551",0,₹0,1272,2333(1),2354(1),2354(1),2354(1),2354(1),-,-,-,2484(1),2160(1),2699(1),-,-,-
MAHA-Govt Quota,OBC,Maharashtra,"Tata Memorial, Mumbai",PALLIATIVE MEDICINE,"₹1,05,500*","₹1,00,800",1*,"₹25,00,000*",614,2887(1),2547(1),2547(1),2547(1),2547(1),-,-,-,1762(1),2660(1),2702(1),-,-,-
MAHA-Govt Quota,OPEN,Maharashtra,"Vedantaa Inst of MS, Palghar",PAEDIATRICS,"₹19,32,000*","₹65,000",0,₹0,-,1207(2),1441(2),2255(2),2255(2),2255(2),-,-,-,966(2),1938(2),2704(2),2683(1),3997(1),-
MAHA-Govt Quota,OPEN,Maharashtra,"NKP Salve IMS, Nagpur",ANAESTHESIOLOGY,"₹9,00,000*","₹64,551",0,₹0,1272,2197(3),2647(3),3147(3),3147(3),3147(3),-,-,-,2398(2),2549(2),2707(2),-,-,-
MAHA-Govt Quota,OPEN,Maharashtra,"Panjabrao Deshmukh, Amravati",PSYCHIATRY,"₹11,90,000*","₹76,429",0,₹0,760,1768(1),2058(1),2526(1),2526(1),2526(1),-,-,-,968(1),1627(1),2711(1),-,-,-
MAHA-Govt Quota,OBC,Maharashtra,"Govt Med Coll, Chandrapur",ANAESTHESIOLOGY,"₹1,43,300*","₹92,522",1,"₹50,00,000",650,-,-,-,-,-,-,-,-,1486(1),2150(1),2729(1),-,-,-
MAHA-Govt Quota,SEBC,Maharashtra,"Prakash Inst of MS & R, Sangli",PAEDIATRICS,"₹16,00,000*",Info not available,Info Not Available,Info not available,-,-,-,-,-,-,-,-,-,2371(1),2371(1),2742(1),-,-,-
MAHA-Govt Quota,OPEN,Maharashtra,"Tern Med Coll, Navi Mumbai",ANAESTHESIOLOGY,"₹9,54,545*","₹51,000*",0,₹0,700,-,-,-,-,-,-,-,-,1744(1),2607(1),2749(1),-,-,-
MAHA-Govt Quota,SEBC,Maharashtra,"Sri Bhausaheb, Dhule",ANAESTHESIOLOGY,"₹1,43,300*","₹92,522",1,"₹50,00,000",545,-,-,-,-,-,-,-,-,1939(1),2214(1),2750(1),-,-,-
MAHA-Govt Quota,NT3,Maharashtra,"Vasantrao Pawar, Nasik",GENERAL SURGERY,"₹9,00,000*","₹69,105",0,₹0,1000,-,-,-,-,-,-,-,-,2182(1),2751(1),2751(1),-,-,-
MAHA-Govt Quota,NT2,Maharashtra,"Topiwala, Mumbai",ENT,"₹1,43,300*","₹92,522",1,"₹50,00,000",1300,-,-,-,-,-,-,-,-,1253(1),1576(1),2753(1),-,-,-
MAHA-Govt Quota,ST,Maharashtra,"Govt Med Coll, Nagpur",GENERAL MEDICINE,"₹1,43,300*","₹92,522",1,"₹50,00,000",1866,1305(1),1305(1),1305(1),1305(1),1305(1),-,-,-,2052(1),2754(1),2754(1),-,-,-
MAHA-Govt Quota,SEBC,Maharashtra,"Indira Gandhi MedColl, Nagpur",ANAESTHESIOLOGY,"₹1,43,300*","₹92,522",1,"₹50,00,000",822,-,-,-,-,-,-,-,-,1862(1),2067(1),2756(1),3300(1),-,-
MAHA-Govt Quota,SEBC-PH,Maharashtra,"Govt Med Coll, Latur",ANAESTHESIOLOGY,"₹1,43,300*","₹92,522",1,"₹50,00,000",750,-,-,-,-,-,-,-,-,-,-,2760(1),-,-,-
MAHA-Govt Quota,OBC,Maharashtra,"Vedantaa Inst of MS, Palghar",DERMATOLOGY,"₹19,32,000*","₹65,000",0,₹0,-,-,-,-,-,-,-,-,-,1284(1),1746(1),2770(1),3707(1),-,-
MAHA-Govt Quota,SEBC,Maharashtra,"Govt Med Coll, Nanded",ANAESTHESIOLOGY,"₹1,43,300*","₹92,522",1,"₹50,00,000",750,-,-,-,-,-,-,-,-,1913(1),2153(1),2771(1),-,-,-
MAHA-Govt Quota,OBC,Maharashtra,"Govt Med Coll, Jalgaon",ANAESTHESIOLOGY,"₹1,43,300*","₹92,522",1,"₹50,00,000",441,-,-,-,-,-,-,-,-,1549(1),2203(1),2772(1),-,-,-
MAHA-Govt Quota,OPEN,Maharashtra,"Prakash Inst of MS & R, Sangli",GENERAL SURGERY,"₹16,00,000*",Info not available,Info Not Available,Info not available,-,-,-,-,-,-,-,-,-,1358(1),1849(1),2777(1),-,-,-
MAHA-Govt Quota,SEBC,Maharashtra,"NKP Salve IMS, Nagpur",ORTHOPAEDICS,"₹9,00,000*","₹64,551",0,₹0,1272,-,-,-,-,-,-,-,-,2550(1),2391(1),2783(1),-,-,-
MAHA-Govt Quota,NT1,Maharashtra,"Vithalrao Patil, Ahmednagar",GENERAL SURGERY,"₹10,00,000*","₹76,629",0,₹0,960,-,-,-,-,-,-,-,-,2791(1),2791(1),2791(1),-,-,-
MAHA-Govt Quota,OBC,Maharashtra,"Govt Med Coll, Gondia",ANAESTHESIOLOGY,"₹1,43,300*","₹92,522",1,"₹50,00,000",500,-,-,-,-,-,-,-,-,1554(1),2222(1),2794(1),-,-,-
MAHA-Govt Quota,SC,Maharashtra,"SMBT IMS, Nashik",GENERAL MEDICINE,"₹15,16,000*","₹60,000",0,₹0,850,-,-,-,-,-,-,-,-,2810(1),2810(1),2810(1),-,-,-
MAHA-Govt Quota,SC,Maharashtra,"BKL Walawalkar, Ratnagiri",GENERAL MEDICINE,"₹9,67,000*","₹62,000",0,₹0,520,-,-,-,-,-,-,-,-,2699(1),2699(1),2814(1),-,-,-
MAHA-Govt Quota,EWS,Maharashtra,"SRTT, Ambajogai",ENT,"₹1,43,300*","₹92,522",1,"₹50,00,000",518,-,-,-,-,-,-,-,-,1747(1),1966(1),2815(1),-,-,-
MAHA-Govt Quota,OPEN,Maharashtra,"BKL Walawalkar, Ratnagiri",ORTHOPAEDICS,"₹9,67,000*","₹62,000",0,₹0,520,1658(1),1766(1),2342(1),2342(1),2342(1),-,-,-,1473(1),1788(1),2825(1),2686(1),-,-
MAHA-Govt Quota,SC,Maharashtra,"SRTT, Ambajogai",OBG,"₹1,43,300*","₹92,522",1,"₹50,00,000",518,2073(1),2351(1),2351(1),2351(1),2351(1),-,-,-,1801(1),2576(1),2828(1),-,-,-
MAHA-Govt Quota,VJ,Maharashtra,"Seth GS, Mumbai",OBG,"₹1,43,300*","₹92,522",1,"₹50,00,000",2250,332(1),332(1),332(1),332(1),332(1),-,-,-,1013(1),1100(1),2839(1),-,-,-
MAHA-Govt Quota,SEBC,Maharashtra,"MIMER, Talegaon, Pune",ORTHOPAEDICS,"₹8,00,000*","₹64,551",0,₹0,720,-,-,-,-,-,-,-,-,2218(1),2847(1),2847(1),-,-,-
MAHA-Govt Quota,ST,Maharashtra,"Seth GS, Mumbai",PAEDIATRICS,"₹1,43,300*","₹92,522",1,"₹50,00,000",2250,2012(1),2470(1),3479(1),3479(1),3479(1),-,-,-,2849(1),2849(1),2849(1),-,-,-
MAHA-Govt Quota,OBC,Maharashtra,"Panjabrao Deshmukh, Amravati",OPHTHALMOLOGY,"₹11,90,000*","₹76,429",0,₹0,760,-,-,-,-,-,-,-,-,2123(1),2286(1),2851(1),-,-,-
MAHA-Govt Quota,ST,Maharashtra,"Lokmanya Tilak, Sion, Mumbai",OBG,"₹1,43,300*","₹92,522",1,"₹50,00,000",1462,-,-,-,-,-,-,-,-,2855(1),2855(1),2855(1),-,-,-
MAHA-Govt Quota,SC,Maharashtra,"ACPM, Dhule",DERMATOLOGY,"₹10,74,000*","₹50,000",0,₹0,570,-,-,-,-,-,-,-,-,2858(1),2858(1),2858(1),-,-,-
MAHA-Govt Quota,OPEN,Maharashtra,"Ashwini Rural, Solapur",ORTHOPAEDICS,"₹11,81,000*","₹65,000",0,₹0,520,1522(2),1847(2),2308(2),2308(2),2308(2),-,-,-,1435(1),1919(1),2859(1),-,-,-
MAHA-Govt Quota,NT2,Maharashtra,"MIMER, Talegaon, Pune",OPHTHALMOLOGY,"₹8,00,000*","₹64,551",0,₹0,720,-,-,-,-,-,-,-,-,2142(1),2862(1),2862(1),-,-,-
MAHA-Govt Quota,NT1,Maharashtra,"Tata Memorial, Mumbai",RADIATION ONCOLOGY,"₹1,05,500*","₹1,00,800",1*,"₹25,00,000*",614,-,-,-,-,-,-,-,-,2186(1),2186(1),2863(1),-,-,-
MAHA-Govt Quota,SC,Maharashtra,"MGIMS, Wardha",OBG,"₹1,43,300*","₹89,698",1,"₹50,00,000",1000,-,-,-,-,-,-,-,-,1431(1),2292(1),2866(1),-,-,-
MAHA-Govt Quota,ST,Maharashtra,"Grant Med Coll, Mumbai",GENERAL MEDICINE,"₹1,43,300*","₹92,522",1,"₹50,00,000",2844,990(1),990(1),439(1),3105(1),3105(1),-,-,-,122(1),122(1),2869(1),-,-,-
MAHA-Govt Quota,OBC,Maharashtra,"Ulhas Patil Med Coll, Jalgaon",ORTHOPAEDICS,"₹9,00,000*","₹52,769",0,₹0,500,-,-,-,-,-,-,-,-,1720(1),1720(1),2880(1),-,-,-
MAHA-Govt Quota,OPEN,Maharashtra,"Ashwini Rural, Solapur",OPHTHALMOLOGY,"₹11,81,000*","₹65,000",0,₹0,520,1435(1),2035(1),2493(1),2493(1),2493(1),-,-,-,1283(1),1853(1),2881(1),-,-,-
MAHA-Govt Quota,SEBC,Maharashtra,"Grant Med Coll, Mumbai",PSYCHIATRY,"₹1,43,300*","₹92,522",1,"₹50,00,000",2844,-,-,-,-,-,-,-,-,758(1),2092(1),2885(1),-,-,-
MAHA-Govt Quota,NT2,Maharashtra,"NKP Salve IMS, Nagpur",GENERAL SURGERY,"₹9,00,000*","₹64,551",0,₹0,1272,-,-,-,-,-,-,-,-,2392(1),2392(1),2904(1),-,3535(1),-
MAHA-Govt Quota,VJ,Maharashtra,"NKP Salve IMS, Nagpur",ORTHOPAEDICS,"₹9,00,000*","₹64,551",0,₹0,1272,-,-,-,-,-,-,-,-,2905(1),2905(1),2905(1),-,-,-
MAHA-Govt Quota,NT1,Maharashtra,"Sancheti Inst Of Ortho, Pune",ORTHOPAEDICS,"₹9,00,000*","₹77,000",0,₹0,Info Not Available,-,-,-,-,-,-,-,-,2907(1),2907(1),2907(1),-,-,-
MAHA-Govt Quota,SEBC,Maharashtra,"VMMC, Solapur",ENT,"₹1,43,300*","₹92,522",1,"₹50,00,000",763,-,-,-,-,-,-,-,-,1498(1),1903(1),2911(1),-,-,-
MAHA-Govt Quota,OBC,Maharashtra,"Topiwala, Mumbai",SPM,"₹1,43,300*","₹92,522",1,"₹50,00,000",1300,3502(1),4207(1),4207(1),4207(1),4207(1),-,-,-,2913(1),2913(1),2913(1),-,-,-
MAHA-Govt Quota,OBC,Maharashtra,"Grant Med Coll, Mumbai",PATHOLOGY,"₹1,43,300*","₹92,522",1,"₹50,00,000",2844,2034(2),2844(2),3421(2),3421(2),3421(2),-,-,-,1807(2),2918(2),2918(2),-,-,-
MAHA-Govt Quota,NT2,Maharashtra,"Bombay Hospital IMS, Mumbai",ORTHOPAEDICS,"₹8,92,858*","₹70,000",0,₹0,725,-,-,-,-,-,-,-,-,1832(1),1832(1),2921(1),-,-,-
MAHA-Govt Quota,SC,Maharashtra,"Govt Med Coll, Miraj",OBG,"₹1,43,300*","₹92,522",1,"₹50,00,000",725,-,-,-,-,-,-,-,-,1727(1),2221(1),2923(1),-,-,-
MAHA-Govt Quota,ST,Maharashtra,"Indira Gandhi MedColl, Nagpur",GENERAL MEDICINE,"₹1,43,300*","₹92,522",1,"₹50,00,000",822,-,-,-,-,-,-,-,-,2697(1),2869(1),2924(1),-,-,-
MAHA-Govt Quota,EWS,Maharashtra,"Shri VR Naik Govt, Yavatmal",ANAESTHESIOLOGY,"₹1,43,300*","₹92,522",1,"₹50,00,000",756,-,-,-,-,-,-,-,-,2015(1),2807(1),2929(1),-,-,-
MAHA-Govt Quota,VJ,Maharashtra,"Lokmanya Tilak, Sion, Mumbai",ANAESTHESIOLOGY,"₹1,43,300*","₹92,522",1,"₹50,00,000",1462,1547(1),2039(1),2039(1),2039(1),2039(1),-,-,-,1677(1),1860(1),2931(1),-,-,-
MAHA-Govt Quota,NT2,Maharashtra,"Lokmanya Tilak, Sion, Mumbai",DCH,"₹1,43,300*","₹92,522",1,"₹50,00,000",1462,-,-,-,-,-,-,-,-,1618(1),1618(1),2935(1),-,-,-
MAHA-Govt Quota,SC,Maharashtra,"Govt Med Coll, Akola",OBG,"₹1,43,300*","₹92,522",1,"₹50,00,000",840,2022(1),2293(1),2736(1),2736(1),2736(1),-,-,-,1785(1),2384(1),2938(1),-,-,-
MAHA-Govt Quota,SEBC,Maharashtra,"Ulhas Patil Med Coll, Jalgaon",ORTHOPAEDICS,"₹9,00,000*","₹52,769",0,₹0,500,-,-,-,-,-,-,-,-,2783(1),2499(1),2948(1),-,-,-
MAHA-Govt Quota,VJ,Maharashtra,"Govt Med Coll, Aurangabad",ANAESTHESIOLOGY,"₹1,43,300*","₹92,522",1,"₹50,00,000",1177,2039(1),2134(1),2507(1),2507(1),2507(1),-,-,-,1861(1),2483(1),2950(1),-,-,-
MAHA-Govt Quota,OPEN,Maharashtra,"Vasantrao Pawar, Nasik",ANAESTHESIOLOGY,"₹9,00,000*","₹69,105",0,₹0,1000,1967(2),2405(2),3145(2),3145(2),3145(2),-,-,-,1716(1),2613(1),2953(1),-,-,-
MAHA-Govt Quota,SC,Maharashtra,"Govt Med Coll, Gondia",OBG,"₹1,43,300*","₹92,522",1,"₹50,00,000",500,-,-,-,-,-,-,-,-,1911(1),2608(1),2954(1),-,-,-
MAHA-Govt Quota,NT2,Maharashtra,"Tata Memorial, Mumbai",RADIATION ONCOLOGY,"₹1,05,500*","₹1,00,800",1*,"₹25,00,000*",614,-,-,-,-,-,-,-,-,1319(1),1560(1),2958(1),-,-,-
MAHA-Govt Quota,OPEN,Maharashtra,"ACPM, Dhule",OPHTHALMOLOGY,"₹10,74,000*","₹50,000",0,₹0,570,1652(1),2066(1),2689(1),2689(1),2689(1),-,-,-,1557(1),2128(1),2962(1),-,-,-
MAHA-Govt Quota,SC,Maharashtra,"Govt Med Coll, Chandrapur",OBG,"₹1,43,300*","₹92,522",1,"₹50,00,000",650,-,-,-,-,-,-,-,-,1907(1),2598(1),2969(1),-,-,-
MAHA-Govt Quota,SC,Maharashtra,"BJMC, Pune",PSYCHIATRY,"₹1,43,300*","₹92,522",1,"₹50,00,000",1296,-,-,-,-,-,-,-,-,2576(1),2972(1),2972(1),-,-,-
MAHA-Govt Quota,SEBC,Maharashtra,"NKP Salve IMS, Nagpur",OPHTHALMOLOGY,"₹9,00,000*","₹64,551",0,₹0,1272,-,-,-,-,-,-,-,-,2948(1),3109(1),2973(1),-,-,-
MAHA-Govt Quota,SEBC,Maharashtra,"Panjabrao Deshmukh, Amravati",GENERAL SURGERY,"₹11,90,000*","₹76,429",0,₹0,760,-,-,-,-,-,-,-,-,2978(1),2978(1),2978(1),-,-,-
MAHA-Govt Quota,OPEN,Maharashtra,"Prakash Inst of MS & R, Sangli",ORTHOPAEDICS,"₹16,00,000*",Info not available,Info Not Available,Info not available,-,-,-,-,-,-,-,-,-,1488(1),2123(1),2979(1),-,-,-
MAHA-Govt Quota,SC,Maharashtra,"Pimpri Chinchwad, Pimpri",PAEDIATRICS,"₹1,43,300*","₹92,522",1,"₹50,00,000",750,-,-,-,-,-,-,-,-,1425(1),2154(1),2983(1),-,-,-
MAHA-Govt Quota,OPEN,Maharashtra,"Lokmanya Tilak, Sion, Mumbai",PATHOLOGY,"₹1,43,300*","₹92,522",1,"₹50,00,000",1462,1574(1),2391(1),3021(1),3021(1),3021(1),-,-,-,1726(1),2217(1),2984(1),-,-,-
MAHA-Govt Quota,SC,Maharashtra,"Sri Bhausaheb, Dhule",OBG,"₹1,43,300*","₹92,522",1,"₹50,00,000",545,-,-,-,-,-,-,-,-,1882(1),2474(1),2995(1),-,-,-
MAHA-Govt Quota,ST,Maharashtra,"MPGIMER, Nashik",GENERAL MEDICINE,"₹1,43,300*","₹92,522",1,"₹50,00,000",-,-,-,-,-,-,-,-,-,2754(1),2900(1),2996(1),-,-,-
MAHA-Govt Quota,EWS,Maharashtra,"Govt Med Coll, Miraj",ANAESTHESIOLOGY,"₹1,43,300*","₹92,522",1,"₹50,00,000",725,-,-,-,-,-,-,-,-,1739(1),2680(1),3001(1),-,-,-
MAHA-Govt Quota,OPEN,Maharashtra,"Ulhas Patil Med Coll, Jalgaon",ANAESTHESIOLOGY,"₹9,00,000*","₹52,769",0,₹0,500,2401(1),2343(1),3361(1),3361(1),3361(1),-,-,-,1837(1),2962(1),3008(1),-,-,-
MAHA-Govt Quota,ST,Maharashtra,"Grant Med Coll, Mumbai",OBG,"₹1,43,300*","₹92,522",1,"₹50,00,000",2844,-,-,-,-,-,-,-,-,2869(1),3013(1),3013(1),-,-,-
MAHA-Govt Quota,OPEN,Maharashtra,"Vithalrao Patil, Ahmednagar",ANAESTHESIOLOGY,"₹10,00,000*","₹76,629",0,₹0,960,1877(1),2313(1),2933(1),2933(1),2933(1),-,-,-,2176(1),2632(1),3018(1),-,-,-
MAHA-Govt Quota,SEBC,Maharashtra,"Govt Med Coll, Akola",ENT,"₹1,43,300*","₹92,522",1,"₹50,00,000",840,-,-,-,-,-,-,-,-,1467(1),2616(1),3019(1),-,-,-
MAHA Priv-Mgmt Quota,MGT,Maharashtra,"NKP Salve IMS, Nagpur",GENERAL MEDICINE,"₹36,00,000*","₹64,551",0,₹0,1272,2320(6),2326(6),2326(6),2326(6),2326(6),-,-,-,2104(6),2992(6),3020(6),-,-,-
MAHA-Govt Quota,OBC,Maharashtra,"Govt Med Coll, Nagpur",PATHOLOGY,"₹1,43,300*","₹92,522",1,"₹50,00,000",1866,-,-,-,-,-,-,-,-,2050(1),3023(1),3023(1),-,-,-
MAHA-Govt Quota,NT3,Maharashtra,"Vedantaa Inst of MS, Palghar",PAEDIATRICS,"₹19,32,000*","₹65,000",0,₹0,-,-,-,-,-,-,-,-,-,1881(1),1881(1),3035(1),3745(1),-,-
MAHA Priv-Mgmt Quota,MGT,Maharashtra,"BKL Walawalkar, Ratnagiri",RADIO DIAGNOSIS,"₹38,68,000*","₹62,000",0,₹0,520,2248(1),2659(1),2659(1),2659(1),2659(1),-,-,-,1943(1),2709(1),3038(1),-,-,-
MAHA-Govt Quota,OPEN,Maharashtra,"Panjabrao Deshmukh, Amravati",ANAESTHESIOLOGY,"₹11,90,000*","₹76,429",0,₹0,760,-,-,-,-,-,-,-,-,2377(1),2950(1),3045(1),-,-,-
MAHA-Govt Quota,SEBC,Maharashtra,"ACPM, Dhule",ORTHOPAEDICS,"₹10,74,000*","₹50,000",0,₹0,570,-,-,-,-,-,-,-,-,2658(1),2948(1),3046(1),-,-,-
MAHA-Govt Quota,SC,Maharashtra,"VMMC, Solapur",PAEDIATRICS,"₹1,43,300*","₹92,522",1,"₹50,00,000",763,-,-,-,-,-,-,-,-,1446(1),2193(1),3050(1),-,-,-
MAHA-Govt Quota,OBC,Maharashtra,"Tata Memorial, Mumbai",PATHOLOGY,"₹1,05,500*","₹1,00,800",1*,"₹25,00,000*",614,1354(1),1528(1),1528(1),1528(1),1528(1),-,-,-,1654(1),2157(1),3062(1),-,-,-
MAHA-Govt Quota,SC,Maharashtra,"Govt Med Coll, Nagpur",GENERAL SURGERY,"₹1,43,300*","₹92,522",1,"₹50,00,000",1866,1779(1),1779(1),2355(1),2355(1),2355(1),-,-,-,2112(2),2519(2),3076(2),-,-,-
MAHA-Govt Quota,OBC,Maharashtra,"MIMER, Talegaon, Pune",ANAESTHESIOLOGY,"₹8,00,000*","₹64,551",0,₹0,720,-,-,-,-,-,-,-,-,2676(1),3111(1),3077(1),-,-,-
MAHA Priv-Mgmt Quota,MGT,Maharashtra,"Vasantrao Pawar, Nasik",GENERAL MEDICINE,"₹36,00,000*","₹69,105",0,₹0,1000,1561(2),1561(2),1561(2),1561(2),1561(2),-,-,-,1295(2),1400(2),3080(2),-,-,-
MAHA-Govt Quota,NT3,Maharashtra,"MGIMS, Wardha",OPHTHALMOLOGY,"₹1,43,300*","₹89,698",1,"₹50,00,000",1000,-,-,-,-,-,-,-,-,921(1),1605(1),3084(1),-,-,-
MAHA-NRI Quota,NRI,Maharashtra,"Vasantrao Pawar, Nasik",RADIO DIAGNOSIS,"₹45,00,000*","₹69,105",0,₹0,1000,3239(1),3239(1),3239(1),3239(1),3239(1),-,-,-,3085(1),3085(1),3085(1),-,-,-
MAHA-Govt Quota,OPEN,Maharashtra,"Kashibai Navale, Pune",ANAESTHESIOLOGY,"₹12,94,000*","₹76,429",0,₹0,1094,2487(6),2799(5),3280(5),3280(5),3280(5),-,-,-,2344(3),2775(3),3087(3),-,-,-
MAHA-Govt Quota,OBC,Maharashtra,"ACPM, Dhule",OPHTHALMOLOGY,"₹10,74,000*","₹50,000",0,₹0,570,-,-,-,-,-,-,-,-,2294(1),2530(1),3088(1),-,-,-
MAHA-Govt Quota,NT3,Maharashtra,"Sancheti Inst Of Ortho, Pune",ORTHOPAEDICS,"₹9,00,000*","₹77,000",0,₹0,Info Not Available,-,-,-,-,-,-,-,-,1898(1),1898(1),3096(1),-,-,-
MAHA-Govt Quota,OPEN,Maharashtra,"Govt Med Coll, Nagpur",PATHOLOGY,"₹1,43,300*","₹92,522",1,"₹50,00,000",1866,1971(2),2939(2),3488(2),3488(2),3488(2),-,-,-,994(1),2729(1),3101(1),-,-,-
MAHA-Govt Quota,NT3,Maharashtra,"Govt Med Coll, Miraj",ANAESTHESIOLOGY,"₹1,43,300*","₹92,522",1,"₹50,00,000",725,-,-,-,-,-,-,-,-,1978(1),2345(1),3103(1),-,-,-
MAHA-Govt Quota,ST,Maharashtra,"Seth GS, Mumbai",OBG,"₹1,43,300*","₹92,522",1,"₹50,00,000",2250,2050(1),2825(1),3264(1),3264(1),3264(1),-,-,-,2564(1),2924(1),3105(1),-,-,-
MAHA-Govt Quota,SEBC,Maharashtra,"Vedantaa Inst of MS, Palghar",PAEDIATRICS,"₹19,32,000*","₹65,000",0,₹0,-,-,-,-,-,-,-,-,-,2602(1),2602(1),3109(1),-,-,-
MAHA-Govt Quota,NT2,Maharashtra,"Vedantaa Inst of MS, Palghar",OBG,"₹19,32,000*","₹65,000",0,₹0,-,-,-,-,-,-,-,-,-,1890(1),2525(1),3114(1),-,-,-
MAHA-Govt Quota,OBC,Maharashtra,"Seth GS, Mumbai",PHARMACOLOGY,"₹1,43,300*","₹92,522",1,"₹50,00,000",2250,3454(1),3399(1),3399(1),3399(1),3399(1),-,-,-,2729(1),3120(1),3120(1),-,-,-
MAHA-Govt Quota,OBC,Maharashtra,"Vithalrao Patil, Ahmednagar",ANAESTHESIOLOGY,"₹10,00,000*","₹76,629",0,₹0,960,-,-,-,-,-,-,-,-,2415(1),2676(1),3124(1),-,-,-
MAHA-Govt Quota,NT3,Maharashtra,"Ulhas Patil Med Coll, Jalgaon",OPHTHALMOLOGY,"₹9,00,000*","₹52,769",0,₹0,500,-,-,-,-,-,-,-,-,2359(1),3132(1),3132(1),-,-,-
MAHA-Govt Quota,OPEN,Maharashtra,"BJMC, Pune",PATHOLOGY,"₹1,43,300*","₹92,522",1,"₹50,00,000",1296,1943(2),2765(2),2939(2),2939(2),2939(2),-,-,-,1894(2),2835(2),3133(2),-,-,-
MAHA-Govt Quota,OBC,Maharashtra,"Prakash Inst of MS & R, Sangli",ORTHOPAEDICS,"₹16,00,000*",Info not available,Info Not Available,Info not available,-,-,-,-,-,-,-,-,-,1723(1),2413(1),3135(1),-,-,-
MAHA-Govt Quota,NT2,Maharashtra,"HBT & RN Cooper, Mumbai",ANAESTHESIOLOGY,"₹1,43,300*","₹92,522",1,"₹50,00,000",940,-,-,-,-,-,-,-,-,2232(1),2449(1),3135(1),-,-,-
MAHA-Govt Quota,OPEN,Maharashtra,"Ulhas Patil Med Coll, Jalgaon",ENT,"₹9,00,000*","₹52,769",0,₹0,500,2258(1),2886(1),3180(1),3180(1),3180(1),-,-,-,1627(1),2226(1),3140(1),-,-,-
MAHA-Govt Quota,OPEN,Maharashtra,"HBT & RN Cooper, Mumbai",PATHOLOGY,"₹1,43,300*","₹92,522",1,"₹50,00,000",940,-,-,-,-,-,-,-,-,1884(1),2712(1),3141(1),-,-,-
MAHA-Govt Quota,NT1,Maharashtra,"NKP Salve IMS, Nagpur",ANAESTHESIOLOGY,"₹9,00,000*","₹64,551",0,₹0,1272,-,-,-,-,-,-,-,-,3143(1),3143(1),3143(1),-,-,-
MAHA-Govt Quota,SEBC,Maharashtra,"Ulhas Patil Med Coll, Jalgaon",GENERAL SURGERY,"₹9,00,000*","₹52,769",0,₹0,500,-,-,-,-,-,-,-,-,2847(1),2375(1),3148(1),-,-,-
MAHA-Govt Quota,SEBC,Maharashtra,"Tern Med Coll, Navi Mumbai",GENERAL SURGERY,"₹9,54,545*","₹51,000*",0,₹0,700,-,-,-,-,-,-,-,-,-,-,3152(1),-,-,-
MAHA-Govt Quota,OPEN,Maharashtra,"Vedantaa Inst of MS, Palghar",ORTHOPAEDICS,"₹19,32,000*","₹65,000",0,₹0,-,1783(2),2303(2),2737(2),2737(2),2737(2),-,-,-,1630(1),2859(1),3153(1),-,-,-
MAHA Priv-Mgmt Quota,MGT,Maharashtra,"MIMER, Talegaon, Pune",GENERAL MEDICINE,"₹32,00,000*","₹64,551",0,₹0,720,2125(1),2190(1),2339(1),2339(1),2339(1),-,-,-,2039(1),2994(1),3156(1),-,-,-
MAHA-Govt Quota,OPEN,Maharashtra,"Ashwini Rural, Solapur",ANAESTHESIOLOGY,"₹11,81,000*","₹65,000",0,₹0,520,2411(1),2935(1),3362(1),3362(1),3362(1),-,-,-,2412(1),3045(1),3172(1),-,-,-
MAHA-Govt Quota,SEBC,Maharashtra,"VMMC, Solapur",PSYCHIATRY,"₹1,43,300*","₹92,522",1,"₹50,00,000",763,-,-,-,-,-,-,-,-,-,2581(1),3182(1),-,-,-
MAHA-Govt Quota,OBC,Maharashtra,"NKP Salve IMS, Nagpur",ANAESTHESIOLOGY,"₹9,00,000*","₹64,551",0,₹0,1272,2295(1),2882(1),3420(1),3420(1),3420(1),-,-,-,2629(1),2678(1),3196(1),-,-,-
MAHA-Govt Quota,NT1,Maharashtra,"Seth GS, Mumbai",SPM,"₹1,43,300*","₹92,522",1,"₹50,00,000",2250,-,-,-,-,-,-,-,-,3200(1),3200(1),3200(1),-,-,-
MAHA-Govt Quota,SC,Maharashtra,"Shri VR Naik Govt, Yavatmal",PAEDIATRICS,"₹1,43,300*","₹92,522",1,"₹50,00,000",756,-,-,-,-,-,-,-,-,1647(1),2437(1),3212(1),-,-,-
MAHA-Govt Quota,SEBC,Maharashtra,"Kashibai Navale, Pune",OPHTHALMOLOGY,"₹12,94,000*","₹76,429",0,₹0,1094,-,-,-,-,-,-,-,-,1964(1),3217(1),3217(1),-,-,-
MAHA-Govt Quota,OBC,Maharashtra,"Seth GS, Mumbai",PATHOLOGY,"₹1,43,300*","₹92,522",1,"₹50,00,000",2250,1717(1),2241(1),3001(1),3001(1),3001(1),-,-,-,1593(1),2482(1),3219(1),-,-,-
MAHA-Govt Quota,OBC,Maharashtra,"MIMSR, Latur",ANAESTHESIOLOGY,"₹7,82,607*","₹76,249",0,₹0,775,-,-,-,-,-,-,-,-,2851(1),2851(1),3223(1),-,-,-
MAHA Priv-Mgmt Quota,MGT,Maharashtra,"Ulhas Patil Med Coll, Jalgaon",DERMATOLOGY,"₹36,00,000*","₹52,769",0,₹0,500,-,-,-,-,-,-,-,-,1514(1),2042(1),3228(1),-,-,-
MAHA-Govt Quota,SEBC,Maharashtra,"MIMER, Talegaon, Pune",OPHTHALMOLOGY,"₹8,00,000*","₹64,551",0,₹0,720,-,-,-,-,-,-,-,-,2973(1),2973(1),3233(1),-,-,-
MAHA-Govt Quota,OPEN,Maharashtra,"Prakash Inst of MS & R, Sangli",OPHTHALMOLOGY,"₹16,00,000*",Info not available,Info Not Available,Info not available,-,-,-,-,-,-,-,-,-,1853(1),2514(1),3238(1),-,-,-
MAHA-Govt Quota,EWS,Maharashtra,"Govt Med Coll, Nanded",ANAESTHESIOLOGY,"₹1,43,300*","₹92,522",1,"₹50,00,000",750,1362(1),2118(1),2463(1),2463(1),2463(1),-,-,-,1927(1),2610(1),3245(1),-,-,-
MAHA-Govt Quota,OBC,Maharashtra,"Kashibai Navale, Pune",ANAESTHESIOLOGY,"₹12,94,000*","₹76,429",0,₹0,1094,2711(2),3032(2),3032(2),3032(2),3032(2),-,-,-,2702(2),2844(2),3252(2),-,-,-
MAHA-Govt Quota,VJ,Maharashtra,"Panjabrao Deshmukh, Amravati",ORTHOPAEDICS,"₹11,90,000*","₹76,429",0,₹0,760,-,-,-,-,-,-,-,-,3257(1),3257(1),3257(1),-,-,-
MAHA-Govt Quota,SEBC,Maharashtra,"Vasantrao Pawar, Nasik",OPHTHALMOLOGY,"₹9,00,000*","₹69,105",0,₹0,1000,-,-,-,-,-,-,-,-,2067(1),3233(1),3260(1),-,-,-
MAHA-Govt Quota,OBC,Maharashtra,"Panjabrao Deshmukh, Amravati",PSYCHIATRY,"₹11,90,000*","₹76,429",0,₹0,760,-,-,-,-,-,-,-,-,2131(1),2131(1),3261(1),-,-,-
MAHA-Govt Quota,VJ,Maharashtra,"Vedantaa Inst of MS, Palghar",PAEDIATRICS,"₹19,32,000*","₹65,000",0,₹0,-,-,-,-,-,-,-,-,-,3263(1),3263(1),3263(1),-,-,-
MAHA Priv-Mgmt Quota,MGT,Maharashtra,"Vithalrao Patil, Ahmednagar",GENERAL MEDICINE,"₹40,00,000*","₹76,629",0,₹0,960,1190(1),1721(1),1721(1),1721(1),1721(1),-,-,-,2082(3),3009(3),3265(3),-,-,-
MAHA-Govt Quota,OPEN,Maharashtra,"Lokmanya Tilak, Sion, Mumbai",DPM (Psychiatry),"₹1,43,300*","₹92,522",1,"₹50,00,000",1462,-,-,-,-,-,-,-,-,1825(1),2702(1),3266(1),-,-,-
MAHA-Govt Quota,SC,Maharashtra,"Lokmanya Tilak, Sion, Mumbai",TBRD,"₹1,43,300*","₹92,522",1,"₹50,00,000",1462,-,-,-,-,-,-,-,-,1659(1),1659(1),3269(1),-,-,-
MAHA-Govt Quota,VJ,Maharashtra,"Vasantrao Pawar, Nasik",GENERAL SURGERY,"₹9,00,000*","₹69,105",0,₹0,1000,-,-,-,-,-,-,-,-,2341(1),2341(1),3276(1),-,-,-
MAHA-Govt Quota,OBC,Maharashtra,"Lokmanya Tilak, Sion, Mumbai",PATHOLOGY,"₹1,43,300*","₹92,522",1,"₹50,00,000",1462,1821(1),2695(1),3247(1),3247(1),3247(1),-,-,-,1831(1),2612(1),3278(1),-,-,-
MAHA-Govt Quota,EWS,Maharashtra,"Govt Med Coll, Akola",ANAESTHESIOLOGY,"₹1,43,300*","₹92,522",1,"₹50,00,000",840,-,-,-,-,-,-,-,-,1661(1),2672(1),3280(1),-,-,-
MAHA-Govt Quota,SC,Maharashtra,"Topiwala, Mumbai",ANAESTHESIOLOGY,"₹1,43,300*","₹92,522",1,"₹50,00,000",1300,2216(1),2802(1),3216(1),3216(1),3216(1),-,-,-,2639(1),3284(1),3284(1),-,-,-
MAHA-Govt Quota,EWS,Maharashtra,"Tata Memorial, Mumbai",PALLIATIVE MEDICINE,"₹1,05,500*","₹1,00,800",1*,"₹25,00,000*",614,-,-,-,-,-,-,-,-,-,3294(1),3294(1),-,-,-
MAHA-Govt Quota,OBC,Maharashtra,"Vedantaa Inst of MS, Palghar",ORTHOPAEDICS,"₹19,32,000*","₹65,000",0,₹0,-,-,-,-,-,-,-,-,-,2012(1),2012(1),3309(1),-,-,-
MAHA-Govt Quota,OBC,Maharashtra,"Ashwini Rural, Solapur",ENT,"₹11,81,000*","₹65,000",0,₹0,520,-,-,-,-,-,-,-,-,2605(1),2577(1),3311(1),-,-,-
MAHA-Govt Quota,SC,Maharashtra,"Panjabrao Deshmukh, Amravati",OBG,"₹11,90,000*","₹76,429",0,₹0,760,-,-,-,-,-,-,-,-,3318(1),3318(1),3318(1),-,-,-
MAHA-Govt Quota,OPEN,Maharashtra,"Grant Med Coll, Mumbai",PATHOLOGY,"₹1,43,300*","₹92,522",1,"₹50,00,000",2844,1836(3),2511(3),3359(3),3359(3),3359(3),-,-,-,1669(3),2614(3),3321(3),-,-,-
MAHA-Govt Quota,SEBC,Maharashtra,"Lokmanya Tilak, Sion, Mumbai",DA,"₹1,43,300*","₹92,522",1,"₹50,00,000",1462,-,-,-,-,-,-,-,-,3182(1),3182(1),3323(1),-,-,-
MAHA-Govt Quota,OPEN,Maharashtra,"BKL Walawalkar, Ratnagiri",ANAESTHESIOLOGY,"₹9,67,000*","₹62,000",0,₹0,520,2478(1),2970(1),3391(1),3391(1),3391(1),-,-,-,2397(1),3018(1),3326(1),-,-,-
MAHA-Govt Quota,OPEN,Maharashtra,"Govt Med Coll, Jalgaon",PATHOLOGY,"₹1,43,300*","₹92,522",1,"₹50,00,000",441,-,-,-,-,-,-,-,-,2307(1),3332(1),3332(1),3845(1),-,-
MAHA-Govt Quota,OBC,Maharashtra,"Ashwini Rural, Solapur",ANAESTHESIOLOGY,"₹11,81,000*","₹65,000",0,₹0,520,-,-,-,-,-,-,-,-,2844(1),3124(1),3336(1),-,-,-
MAHA-Govt Quota,OPEN,Maharashtra,"Rajiv Gandhi MC & CSMH, Thane",PATHOLOGY,"₹1,43,300*","₹92,522",1,"₹50,00,000",500,2173(1),2836(1),3426(1),3426(1),3426(1),-,-,-,1960(1),2876(1),3344(1),-,-,-
MAHA-Govt Quota,SC,Maharashtra,"NKP Salve IMS, Nagpur",GENERAL SURGERY,"₹9,00,000*","₹64,551",0,₹0,1272,-,-,-,-,-,-,-,-,3347(1),3347(1),3347(1),-,-,-
MAHA-Govt Quota,VJ,Maharashtra,"Bombay Hospital IMS, Mumbai",OBG,"₹8,92,858*","₹70,000",0,₹0,725,-,-,-,-,-,-,-,-,2931(1),2931(1),3352(1),-,-,-
MAHA-Govt Quota,SC,Maharashtra,"Shri VR Naik Govt, Yavatmal",TBRD,"₹1,43,300*","₹92,522",1,"₹50,00,000",756,-,-,-,-,-,-,-,-,2437(1),2687(1),3360(1),-,-,-
MAHA-Govt Quota,OPEN-Orphan,Maharashtra,"Govt Med Coll, Aurangabad",PATHOLOGY,"₹1,43,300*","₹92,522",1,"₹50,00,000",1177,-,-,-,-,-,-,-,-,-,-,3362(1),-,-,-
MAHA-Govt Quota,SC,Maharashtra,"Lokmanya Tilak, Sion, Mumbai",OPHTHALMOLOGY,"₹1,43,300*","₹92,522",1,"₹50,00,000",1462,-,-,-,-,-,-,-,-,1606(1),1606(1),3363(1),-,-,-
MAHA-Govt Quota,NT1,Maharashtra,"Lokmanya Tilak, Sion, Mumbai",DLO,"₹1,43,300*","₹92,522",1,"₹50,00,000",1462,-,-,-,-,-,-,-,-,3371(1),3371(1),3371(1),-,-,-
MAHA-Govt Quota,SEBC,Maharashtra,"Seth GS, Mumbai",PATHOLOGY,"₹1,43,300*","₹92,522",1,"₹50,00,000",2250,-,-,-,-,-,-,-,-,2250(1),2250(1),3374(1),-,-,-
MAHA-Govt Quota,SEBC,Maharashtra,"Panjabrao Deshmukh, Amravati",OPHTHALMOLOGY,"₹11,90,000*","₹76,429",0,₹0,760,-,-,-,-,-,-,-,-,3109(1),3379(1),3379(1),-,-,-
MAHA-Govt Quota,OPEN,Maharashtra,"Vedantaa Inst of MS, Palghar",OPHTHALMOLOGY,"₹19,32,000*","₹65,000",0,₹0,-,-,-,-,-,-,-,-,-,1938(1),3088(1),3380(1),-,-,-
MAHA-Govt Quota,OPEN,Maharashtra,"Vedantaa Inst of MS, Palghar",GENERAL SURGERY,"₹19,32,000*","₹65,000",0,₹0,-,1851(3),2389(3),2763(3),2978(3),2978(3),-,-,-,1849(2),2311(2),3384(2),-,-,-
MAHA-Govt Quota,NT3,Maharashtra,"KJ Somaiyya, Mumbai",ANAESTHESIOLOGY,"₹12,00,000*","₹64,000",0,₹0,550,-,-,-,-,-,-,-,-,2854(1),3394(1),3394(1),-,-,-
MAHA-NRI Quota,NRI,Maharashtra,"Vithalrao Patil, Ahmednagar",RADIO DIAGNOSIS,"₹50,00,000*","₹76,629",0,₹0,960,3941(1),4003(1),4003(1),4003(1),4003(1),-,-,-,3325(1),3403(1),3403(1),-,-,-
MAHA-Govt Quota,OPEN,Maharashtra,"MGIMS, Wardha",PATHOLOGY,"₹1,43,300*","₹89,698",1,"₹50,00,000",1000,2188(1),3041(1),3681(1),3681(1),3681(1),-,-,-,1969(1),3133(1),3414(1),-,-,-
MAHA-Govt Quota,SEBC,Maharashtra,"Tata Memorial, Mumbai",PATHOLOGY,"₹1,05,500*","₹1,00,800",1*,"₹25,00,000*",614,-,-,-,-,-,-,-,-,1866(1),2760(1),3420(1),4272(1),6453(1),6598(1)
MAHA-Govt Quota,SC,Maharashtra,"KJ Somaiyya, Mumbai",PAEDIATRICS,"₹12,00,000*","₹64,000",0,₹0,550,-,-,-,-,-,-,-,-,2982(1),2982(1),3431(1),-,-,-
MAHA-Govt Quota,ST,Maharashtra,"Govt Med Coll, Aurangabad",OPHTHALMOLOGY,"₹1,43,300*","₹92,522",1,"₹50,00,000",1177,-,-,-,-,-,-,-,-,3434(1),3434(1),3434(1),-,-,-
MAHA-Govt Quota,OPEN,Maharashtra,"Rajarshee CSM Govt MC,Kolhapur",PATHOLOGY,"₹1,43,300*","₹92,522",1,"₹50,00,000",665,-,-,-,-,-,-,-,-,2198(1),2984(1),3435(1),-,-,-
MAHA-Govt Quota,SEBC,Maharashtra,"Grant Med Coll, Mumbai",PATHOLOGY,"₹1,43,300*","₹92,522",1,"₹50,00,000",2844,-,-,-,-,-,-,-,-,2489(1),2761(1),3436(1),-,-,-
MAHA-Govt Quota,OBC,Maharashtra,"AIIPMR, Mumbai",PMR,"₹1,43,300*","₹1,08,799*",0,₹0,Info Not Available,-,-,-,-,-,-,-,-,2794(1),2894(1),3437(1),-,-,-
MAHA-Govt Quota,SC,Maharashtra,"Grant Med Coll, Mumbai",ORTHOPAEDICS,"₹1,43,300*","₹92,522",1,"₹50,00,000",2844,-,-,-,-,-,-,-,-,1568(1),1937(1),3438(1),-,-,-
MAHA-Govt Quota,SC,Maharashtra,"Grant Med Coll, Mumbai",PSYCHIATRY,"₹1,43,300*","₹92,522",1,"₹50,00,000",2844,2645(1),2645(1),2645(1),2645(1),2645(1),-,-,-,2547(1),2695(1),3449(1),-,-,-
MAHA-Govt Quota,NT2-PH,Maharashtra,"Govt Med Coll, Nagpur",ANAESTHESIOLOGY,"₹1,43,300*","₹92,522",1,"₹50,00,000",1866,-,-,-,-,-,-,-,-,-,-,3466(1),-,-,-
MAHA-Govt Quota,SEBC,Maharashtra,"Govt Med Coll, Nagpur",PATHOLOGY,"₹1,43,300*","₹92,522",1,"₹50,00,000",1866,-,-,-,-,-,-,-,-,2575(1),3323(1),3470(1),-,-,-
MAHA-Govt Quota,SC,Maharashtra,"Govt Med Coll, Aurangabad",ORTHOPAEDICS,"₹1,43,300*","₹92,522",1,"₹50,00,000",1177,-,-,-,-,-,-,-,-,1824(1),2547(1),3472(1),-,-,-
MAHA-Govt Quota,NT2,Maharashtra,"Vedantaa Inst of MS, Palghar",GENERAL SURGERY,"₹19,32,000*","₹65,000",0,₹0,-,-,-,-,-,-,-,-,-,3478(1),3478(1),3478(1),-,-,-
MAHA-Govt Quota,SEBC,Maharashtra,"Vasantrao Pawar, Nasik",ANAESTHESIOLOGY,"₹9,00,000*","₹69,105",0,₹0,1000,-,-,-,-,-,-,-,-,3479(1),3479(1),3479(1),-,-,-
MAHA-Govt Quota,OPEN,Maharashtra,"SMBT IMS, Nashik",ANAESTHESIOLOGY,"₹15,16,000*","₹60,000",0,₹0,850,2609(2),2973(2),3412(2),3412(2),3822(2),-,-,-,2475(1),2953(1),3480(1),-,-,-
MAHA-Govt Quota,SC,Maharashtra,"NKP Salve IMS, Nagpur",TBRD,"₹9,00,000*","₹64,551",0,₹0,1272,-,-,-,-,-,-,-,-,3481(1),3481(1),3481(1),-,-,-
MAHA-Govt Quota,SEBC,Maharashtra,"Vithalrao Patil, Ahmednagar",ANAESTHESIOLOGY,"₹10,00,000*","₹76,629",0,₹0,960,-,-,-,-,-,-,-,-,3326(1),2771(1),3482(1),-,-,-
MAHA-Govt Quota,SEBC,Maharashtra,"Seth GS, Mumbai",SPM,"₹1,43,300*","₹92,522",1,"₹50,00,000",2250,-,-,-,-,-,-,-,-,3267(1),3486(1),3486(1),-,-,-
MAHA-Govt Quota,OPEN,Maharashtra,"Govt Med Coll, Baramati",SPM,"₹1,43,300*","₹92,522",1,"₹50,00,000",310,-,-,-,-,-,-,-,-,3487(1),3487(1),3487(1),-,-,-
MAHA-Govt Quota,VJ,Maharashtra,"Topiwala, Mumbai",PSYCHIATRY,"₹1,43,300*","₹92,522",1,"₹50,00,000",1300,2036(1),2157(1),2157(1),2157(1),2157(1),-,-,-,1935(1),1935(1),3489(1),3557(1),-,-
MAHA Priv-Mgmt Quota,MGT,Maharashtra,"Ulhas Patil Med Coll, Jalgaon",RADIO DIAGNOSIS,"₹36,00,000*","₹52,769",0,₹0,500,2040(1),2595(1),2595(1),2595(1),2595(1),-,-,-,2206(1),2971(1),3498(1),-,-,-
MAHA Priv-Mgmt Quota,MGT,Maharashtra,"MIMSR, Latur",GENERAL MEDICINE,"₹31,30,428*","₹76,249",0,₹0,775,2376(1),2532(1),2532(1),2532(1),2532(1),-,-,-,2500(1),3020(1),3505(1),4776(1),-,-
MAHA-Govt Quota,EWS,Maharashtra,"Govt Med Coll, Aurangabad",PSYCHIATRY,"₹1,43,300*","₹92,522",1,"₹50,00,000",1177,-,-,-,-,-,-,-,-,1324(1),1750(1),3510(1),-,-,-
MAHA-Govt Quota,OPEN,Maharashtra,"Grant Med Coll, Mumbai",IHBT,"₹1,43,300*","₹92,522",1,"₹50,00,000",2844,-,-,-,-,-,-,-,-,1995(1),2928(1),3514(1),-,-,-
MAHA-Govt Quota,SC,Maharashtra,"Vasantrao Pawar, Nasik",PAEDIATRICS,"₹9,00,000*","₹69,105",0,₹0,1000,-,-,-,-,-,-,-,-,2292(1),3431(1),3543(1),-,-,-
MAHA-Govt Quota,OPEN-Orphan,Maharashtra,"Govt Med Coll, Nanded",GENERAL SURGERY,"₹1,43,300*","₹92,522",1,"₹50,00,000",750,-,-,-,-,-,-,-,-,-,-,3549(1),-,-,-
MAHA-Govt Quota,EWS,Maharashtra,"Seth GS, Mumbai",PATHOLOGY,"₹1,43,300*","₹92,522",1,"₹50,00,000",2250,1687(1),3014(1),3014(1),3014(1),3014(1),-,-,-,1585(1),2408(1),3551(1),-,-,-
MAHA-Govt Quota,OPEN,Maharashtra,"Prakash Inst of MS & R, Sangli",ANAESTHESIOLOGY,"₹16,00,000*",Info not available,Info Not Available,Info not available,-,-,-,-,-,-,-,-,-,2388(1),3348(1),3553(1),-,-,-
MAHA-Govt Quota,VJ,Maharashtra,"Topiwala, Mumbai",PATHOLOGY,"₹1,43,300*","₹92,522",1,"₹50,00,000",1300,-,-,-,-,-,-,-,-,2347(1),3570(1),3570(1),-,-,-
MAHA-Govt Quota,SC,Maharashtra,"Kashibai Navale, Pune",OBG,"₹12,94,000*","₹76,429",0,₹0,1094,-,-,-,-,-,-,-,-,2923(1),2923(1),3574(1),-,-,-
MAHA-Govt Quota,SC,Maharashtra,"Indira Gandhi MedColl, Nagpur",PSYCHIATRY,"₹1,43,300*","₹92,522",1,"₹50,00,000",822,-,-,-,-,-,-,-,-,2695(1),3580(1),3580(1),-,-,-
MAHA Priv-Mgmt Quota,MGT,Maharashtra,"Kashibai Navale, Pune",GENERAL MEDICINE,"₹51,76,000*","₹76,429",0,₹0,1094,2324(3),3256(3),3256(3),3256(3),3256(3),-,-,-,2133(3),3517(3),3606(3),-,-,-
MAHA-Govt Quota,EWS,Maharashtra,"Pimpri Chinchwad, Pimpri",PSYCHIATRY,"₹1,43,300*","₹92,522",1,"₹50,00,000",750,-,-,-,-,-,-,-,-,976(1),1401(1),3608(1),-,-,-
MAHA-Govt Quota,OBC,Maharashtra,"Vedantaa Inst of MS, Palghar",EMERGENCY MEDICINE,"₹19,32,000*","₹65,000",0,₹0,-,-,-,-,-,-,-,-,-,2488(1),3136(1),3624(1),-,-,-
MAHA-Govt Quota,OPEN,Maharashtra,"Seth GS, Mumbai",SPM,"₹1,43,300*","₹92,522",1,"₹50,00,000",2250,3104(3),3502(3),3502(3),3502(3),3502(3),-,-,-,1530(2),3456(2),3625(2),-,-,-
MAHA-Govt Quota,ST-PH,Maharashtra,"MGIMS, Wardha",GENERAL MEDICINE,"₹1,43,300*","₹89,698",1,"₹50,00,000",1000,-,-,-,-,-,-,-,-,-,-,3626(1),-,-,-
MAHA-Govt Quota,SC,Maharashtra,"MPGIMER, Nashik",GENERAL SURGERY,"₹1,43,300*","₹92,522",1,"₹50,00,000",-,1933(1),2564(1),3144(1),3144(1),3144(1),-,-,-,2383(1),2593(1),3629(1),-,-,-
MAHA-Govt Quota,OBC,Maharashtra,"Vedantaa Inst of MS, Palghar",GENERAL SURGERY,"₹19,32,000*","₹65,000",0,₹0,-,2029(1),2527(1),2989(1),2989(1),2989(1),-,-,-,2064(1),2566(1),3630(1),-,-,-
MAHA-Govt Quota,OPEN,Maharashtra,"Govt Med Coll, Nanded",PATHOLOGY,"₹1,43,300*","₹92,522",1,"₹50,00,000",750,2398(1),3089(1),3482(1),3482(1),3482(1),-,-,-,2111(1),3008(1),3631(1),-,-,-
MAHA-Govt Quota,OPEN,Maharashtra,"BJMC, Pune",SPM,"₹1,43,300*","₹92,522",1,"₹50,00,000",1296,2153(1),3090(1),3090(1),3090(1),3090(1),-,-,-,3045(2),3641(2),3641(2),-,-,-
MAHA-Govt Quota,VJ,Maharashtra,"Kashibai Navale, Pune",ANAESTHESIOLOGY,"₹12,94,000*","₹76,429",0,₹0,1094,-,-,-,-,-,-,-,-,3880(1),3644(1),3644(1),-,-,-
MAHA-Govt Quota,SC,Maharashtra,"Govt Med Coll, Miraj",GENERAL SURGERY,"₹1,43,300*","₹92,522",1,"₹50,00,000",725,1972(1),2537(1),3081(1),3081(1),3081(1),-,-,-,2414(1),2631(1),3649(1),-,-,-
MAHA-Govt Quota,SC,Maharashtra,"MIMSR, Latur",ORTHOPAEDICS,"₹7,82,607*","₹76,249",0,₹0,775,-,-,-,-,-,-,-,-,2970(1),3657(1),3657(1),-,-,-
MAHA-Govt Quota,EWS,Maharashtra,"BJMC, Pune",PATHOLOGY,"₹1,43,300*","₹92,522",1,"₹50,00,000",1296,2088(1),2807(1),3052(1),3052(1),3052(1),-,-,-,2322(1),3664(1),3664(1),-,-,-
MAHA Priv-Mgmt Quota,MGT,Maharashtra,"Vithalrao Patil, Ahmednagar",RADIO DIAGNOSIS,"₹40,00,000*","₹76,629",0,₹0,960,1869(1),1869(1),1869(1),1869(1),1869(1),-,-,-,2342(3),2932(3),3670(3),-,-,-
MAHA Priv-Mgmt Quota,MGT,Maharashtra,"ACPM, Dhule",DERMATOLOGY,"₹42,96,000*","₹50,000",0,₹0,570,-,2606(1),2666(1),2666(1),2666(1),-,-,-,2458(1),3228(1),3672(1),-,-,-
MAHA-NRI Quota,NRI,Maharashtra,"Vithalrao Patil, Ahmednagar",OBG,"₹50,00,000*","₹76,629",0,₹0,960,-,-,-,-,-,-,-,-,5592(1),-,3676(1),3216(1),6708(1),-
MAHA-Govt Quota,SC,Maharashtra,"VMMC, Solapur",GENERAL SURGERY,"₹1,43,300*","₹92,522",1,"₹50,00,000",763,2111(1),2355(1),2850(1),2850(1),2850(1),-,-,-,2316(1),2579(1),3682(1),-,-,-
MAHA-Govt Quota,OBC,Maharashtra,"Prakash Inst of MS & R, Sangli",GENERAL SURGERY,"₹16,00,000*",Info not available,Info Not Available,Info not available,-,-,-,-,-,-,-,-,-,2150(2),2272(2),3690(2),4284(2),-,-
MAHA-Govt Quota,OBC,Maharashtra,"BJMC, Pune",PATHOLOGY,"₹1,43,300*","₹92,522",1,"₹50,00,000",1296,-,-,-,-,-,-,-,-,2029(2),3219(2),3695(2),-,-,-
MAHA-Govt Quota,SEBC,Maharashtra,"SMBT IMS, Nashik",GENERAL SURGERY,"₹15,16,000*","₹60,000",0,₹0,850,-,-,-,-,-,-,-,-,3148(1),3148(1),3701(1),-,-,-
MAHA-Govt Quota,OBC,Maharashtra,"Seth GS, Mumbai",SPM,"₹1,43,300*","₹92,522",1,"₹50,00,000",2250,3131(1),3131(1),3131(1),3131(1),3131(1),-,-,-,2705(2),3710(2),3710(2),-,-,-
MAHA-Govt Quota,ST,Maharashtra,"Indira Gandhi MedColl, Nagpur",OBG,"₹1,43,300*","₹92,522",1,"₹50,00,000",822,2444(1),3264(1),3378(1),3378(1),3378(1),-,-,-,2516(1),3105(1),3713(1),-,-,-
MAHA-Govt Quota,SEBC,Maharashtra,"Kashibai Navale, Pune",ANAESTHESIOLOGY,"₹12,94,000*","₹76,429",0,₹0,1094,-,-,-,-,-,-,-,-,3129(2),3714(2),3714(2),-,-,-
MAHA-Govt Quota,OPEN,Maharashtra,"SRTT, Ambajogai",PATHOLOGY,"₹1,43,300*","₹92,522",1,"₹50,00,000",518,2450(1),3169(1),3766(1),3766(1),3766(1),-,-,-,2269(2),3306(2),3715(2),-,-,-
MAHA-Govt Quota,SC,Maharashtra,"Grant Med Coll, Mumbai",OPHTHALMOLOGY,"₹1,43,300*","₹92,522",1,"₹50,00,000",2844,1748(1),1748(1),3079(1),3079(1),3079(1),-,-,-,1834(1),1834(1),3727(1),4311(1),-,-
MAHA-Govt Quota,OBC,Maharashtra,"MGIMS, Wardha",SPM,"₹1,43,300*","₹89,698",1,"₹50,00,000",1000,-,-,-,-,-,-,-,-,3585(1),3728(1),3728(1),-,-,-
MAHA-Govt Quota,ST,Maharashtra,"Grant Med Coll, Mumbai",GENERAL SURGERY,"₹1,43,300*","₹92,522",1,"₹50,00,000",2844,-,-,-,-,-,-,-,-,1194(1),3731(1),3731(1),-,-,-
MAHA-Govt Quota,SC,Maharashtra,"Seth GS, Mumbai",ENT,"₹1,43,300*","₹92,522",1,"₹50,00,000",2250,2162(1),2162(1),2162(1),2162(1),2162(1),-,-,-,1947(1),2967(1),3738(1),-,-,-
MAHA-Govt Quota,SC,Maharashtra,"Lokmanya Tilak, Sion, Mumbai",ANAESTHESIOLOGY,"₹1,43,300*","₹92,522",1,"₹50,00,000",1462,2625(1),2625(1),3368(1),3368(1),3368(1),-,-,-,2532(1),2981(1),3751(1),-,-,-
MAHA-Govt Quota,SC,Maharashtra,"SRTT, Ambajogai",ORTHOPAEDICS,"₹1,43,300*","₹92,522",1,"₹50,00,000",518,-,-,-,-,-,-,-,-,1937(1),2877(1),3752(1),-,-,-
MAHA-Govt Quota,SC,Maharashtra,"Shri VR Naik Govt, Yavatmal",GENERAL SURGERY,"₹1,43,300*","₹92,522",1,"₹50,00,000",756,-,-,-,-,-,-,-,-,2528(1),2532(1),3756(1),-,-,-
MAHA-Govt Quota,SC,Maharashtra,"Sri Bhausaheb, Dhule",GENERAL SURGERY,"₹1,43,300*","₹92,522",1,"₹50,00,000",545,-,-,-,-,-,-,-,-,2504(1),2639(1),3757(1),-,-,-
MAHA-NRI Quota,NRI,Maharashtra,"Vasantrao Pawar, Nasik",ENT,"₹45,00,000*","₹69,105",0,₹0,1000,-,-,5199(1),5199(1),5199(1),-,-,-,6250(1),-,3776(1),3624(1),7016(1),7478(1)
MAHA-Govt Quota,OPEN,Maharashtra,"Govt Med Coll, Nagpur",SPM,"₹1,43,300*","₹92,522",1,"₹50,00,000",1866,3629(3),3868(3),4532(3),4532(3),4532(3),-,-,-,3471(2),3783(2),3783(2),-,-,-
MAHA-Govt Quota,SC,Maharashtra,"Prakash Inst of MS & R, Sangli",GENERAL MEDICINE,"₹16,00,000*",Info not available,Info Not Available,Info not available,-,-,-,-,-,-,-,-,-,2618(1),2814(1),3792(1),-,-,-
MAHA-Govt Quota,NT1,Maharashtra,"Grant Med Coll, Mumbai",PATHOLOGY,"₹1,43,300*","₹92,522",1,"₹50,00,000",2844,-,-,-,-,-,-,-,-,2477(1),2690(1),3796(1),-,-,-
MAHA-Govt Quota,SEBC,Maharashtra,"NKP Salve IMS, Nagpur",ANAESTHESIOLOGY,"₹9,00,000*","₹64,551",0,₹0,1272,-,-,-,-,-,-,-,-,2884(1),3797(1),3797(1),-,-,-
MAHA-Govt Quota,ST,Maharashtra,"NKP Salve IMS, Nagpur",RADIO DIAGNOSIS,"₹9,00,000*","₹64,551",0,₹0,1272,-,-,-,-,-,-,-,-,3801(1),3801(1),3801(1),-,-,-
MAHA-Govt Quota,OPEN Service,Maharashtra,"Seth GS, Mumbai",PHARMACOLOGY,"₹1,43,300*","₹92,522",1,"₹50,00,000",2250,-,-,-,-,-,-,-,-,-,-,3809(1),-,-,-
MAHA-NRI Quota,NRI,Maharashtra,"NKP Salve IMS, Nagpur",DERMATOLOGY,"₹45,00,000*","₹64,551",0,₹0,1272,3993(1),4193(1),4193(1),4193(1),4193(1),-,-,-,2879(1),3810(1),3810(1),-,-,-
MAHA-Govt Quota,SC,Maharashtra,"Kashibai Navale, Pune",ORTHOPAEDICS,"₹12,94,000*","₹76,429",0,₹0,1094,-,-,-,-,-,-,-,-,3549(1),3549(1),3814(1),-,-,-
MAHA-Govt Quota,ST,Maharashtra,"Grant Med Coll, Mumbai",PAEDIATRICS,"₹1,43,300*","₹92,522",1,"₹50,00,000",2844,-,-,-,-,-,-,-,-,2900(1),2997(1),3827(1),-,-,-
MAHA-Govt Quota,SC,Maharashtra,"Grant Med Coll, Mumbai",GERIATRICS,"₹1,43,300*","₹92,522",1,"₹50,00,000",2844,-,-,-,-,-,-,-,-,2352(1),2925(1),3831(1),-,-,-
MAHA-Govt Quota,NT2,Maharashtra,"NKP Salve IMS, Nagpur",ANAESTHESIOLOGY,"₹9,00,000*","₹64,551",0,₹0,1272,-,-,-,-,-,-,-,-,3234(1),3234(1),3836(1),-,-,-
MAHA-Govt Quota,OPEN,Maharashtra,"Lokmanya Tilak, Sion, Mumbai",PHARMACOLOGY,"₹1,43,300*","₹92,522",1,"₹50,00,000",1462,3085(1),3454(1),3454(1),3454(1),3454(1),-,-,-,2274(1),3809(1),3839(1),-,-,-
MAHA-Govt Quota,NT3,Maharashtra,"Govt Med Coll, Aurangabad",PATHOLOGY,"₹1,43,300*","₹92,522",1,"₹50,00,000",1177,-,-,-,-,-,-,-,-,2161(1),3369(1),3843(1),-,-,-
MAHA-Govt Quota,SC,Maharashtra,"Govt Med Coll, Chandrapur",OPHTHALMOLOGY,"₹1,43,300*","₹92,522",1,"₹50,00,000",650,2293(1),2870(1),3016(1),3016(1),3016(1),-,-,-,2384(1),2769(1),3848(1),4940(1),-,-
MAHA-Govt Quota,SEBC,Maharashtra,"MIMSR, Latur",ANAESTHESIOLOGY,"₹7,82,607*","₹76,249",0,₹0,775,-,-,-,-,-,-,-,-,3482(1),3852(1),3852(1),-,-,-
MAHA-Govt Quota,SC,Maharashtra,"Tata Memorial, Mumbai",PATHOLOGY,"₹1,05,500*","₹1,00,800",1*,"₹25,00,000*",614,2817(1),2817(1),3867(1),3867(1),3867(1),-,-,-,3212(1),3855(1),3855(1),-,-,-
MAHA-Govt Quota,OPEN,Maharashtra,"Vedantaa Inst of MS, Palghar",PSYCHIATRY,"₹19,32,000*","₹65,000",0,₹0,-,2263(1),3095(1),1667(1),3272(1),3272(1),-,-,-,2044(1),2044(1),3860(1),5158(1),-,-
MAHA-Govt Quota,SEBC,Maharashtra,"Vasantrao Pawar, Nasik",ENT,"₹9,00,000*","₹69,105",0,₹0,1000,-,-,-,-,-,-,-,-,2616(1),3701(1),3861(1),-,-,-
MAHA-Govt Quota,SEBC,Maharashtra,"Pimpri Chinchwad, Pimpri",PATHOLOGY,"₹1,43,300*","₹92,522",1,"₹50,00,000",750,-,-,-,-,-,-,-,-,2642(1),3019(1),3864(1),-,-,-
MAHA Priv-Mgmt Quota,MGT,Maharashtra,"Panjabrao Deshmukh, Amravati",OBG,"₹47,60,000*","₹76,429",0,₹0,760,3736(1),3736(1),3736(1),3736(1),3736(1),-,-,-,3610(1),3865(1),3865(1),-,-,-
MAHA-NRI Quota,NRI,Maharashtra,"Vedantaa Inst of MS, Palghar",RADIO DIAGNOSIS,"₹96,60,000*","₹65,000",0,₹0,-,-,-,5493(1),5185(1),5693(1),-,-,-,4698(1),-,3872(1),6893(1),6905(1),-
MAHA Priv-Mgmt Quota,MGT,Maharashtra,"MIMSR, Latur",PAEDIATRICS,"₹31,30,428*","₹76,249",0,₹0,775,3436(1),3625(1),3741(1),3741(1),3741(1),-,-,-,2739(1),3877(1),3877(1),-,-,-
MAHA Priv-Mgmt Quota,MGT,Maharashtra,"NKP Salve IMS, Nagpur",OPHTHALMOLOGY,"₹36,00,000*","₹64,551",0,₹0,1272,2998(2),4087(2),4087(2),4087(2),4087(2),-,-,-,2821(1),3880(1),3880(1),-,-,-
MAHA-Govt Quota,OPEN,Maharashtra,"Grant Med Coll, Mumbai",PHARMACOLOGY,"₹1,43,300*","₹92,522",1,"₹50,00,000",2844,-,-,-,-,-,-,-,-,2959(1),3887(1),3887(1),-,-,-
MAHA-Govt Quota,EWS,Maharashtra,"Govt Med Coll, Chandrapur",PATHOLOGY,"₹1,43,300*","₹92,522",1,"₹50,00,000",650,-,-,-,-,-,-,-,-,2622(1),3889(1),3889(1),-,-,-
MAHA-Govt Quota,OBC-PH,Maharashtra,"Govt Med Coll, Aurangabad",PATHOLOGY,"₹1,43,300*","₹92,522",1,"₹50,00,000",1177,-,-,-,-,-,-,-,-,-,-,3891(1),-,-,-
MAHA-Govt Quota,SC,Maharashtra,"Lokmanya Tilak, Sion, Mumbai",ENT,"₹1,43,300*","₹92,522",1,"₹50,00,000",1462,-,-,-,-,-,-,-,-,2221(1),3212(1),3896(1),-,-,-
MAHA-Govt Quota,OPEN,Maharashtra,"Lokmanya Tilak, Sion, Mumbai",SPM,"₹1,43,300*","₹92,522",1,"₹50,00,000",1462,3171(2),3552(2),3949(2),3949(2),3949(2),-,-,-,2083(1),3625(1),3899(1),-,-,-
MAHA-Govt Quota,OPEN,Maharashtra,"Topiwala, Mumbai",PHARMACOLOGY,"₹1,43,300*","₹92,522",1,"₹50,00,000",1300,3602(1),3765(1),3765(1),3765(1),3765(1),-,-,-,2332(1),3506(1),3900(1),-,-,-
MAHA-Govt Quota,OPEN,Maharashtra,"Govt Med Coll, Nagpur",PHARMACOLOGY,"₹1,43,300*","₹92,522",1,"₹50,00,000",1866,3842(3),4706(3),5290(3),5290(3),5290(3),-,-,-,3120(1),3902(1),3902(1),-,-,-
MAHA-Govt Quota,OBC,Maharashtra,"Lokmanya Tilak, Sion, Mumbai",PHARMACOLOGY,"₹1,43,300*","₹92,522",1,"₹50,00,000",1462,3719(1),3719(1),3719(1),3719(1),3719(1),-,-,-,2947(1),3907(1),3907(1),-,-,-
MAHA-Govt Quota,EWS,Maharashtra,"Lokmanya Tilak, Sion, Mumbai",PATHOLOGY,"₹1,43,300*","₹92,522",1,"₹50,00,000",1462,-,-,-,-,-,-,-,-,2087(1),2622(1),3908(1),-,-,-
MAHA-NRI Quota,NRI,Maharashtra,"Prakash Inst of MS & R, Sangli",RADIO DIAGNOSIS,"₹80,00,000*",Info not available,Info Not Available,Info not available,-,-,-,-,-,-,-,-,-,4227(1),4867(1),3912(1),3134(1),6984(1),7292(1)
MAHA Priv-Mgmt Quota,MGT,Maharashtra,"Panjabrao Deshmukh, Amravati",RADIO DIAGNOSIS,"₹47,60,000*","₹76,429",0,₹0,760,2063(1),2826(1),2826(1),2826(1),2826(1),-,-,-,2586(1),2957(1),3917(1),-,-,-
MAHA-Govt Quota,NT2,Maharashtra,"Grant Med Coll, Mumbai",PATHOLOGY,"₹1,43,300*","₹92,522",1,"₹50,00,000",2844,-,-,-,-,-,-,-,-,-,3106(1),3919(1),-,-,-
MAHA-Govt Quota,SEBC,Maharashtra,"NKP Salve IMS, Nagpur",PSYCHIATRY,"₹9,00,000*","₹64,551",0,₹0,1272,-,-,-,-,-,-,-,-,3928(1),3928(1),3928(1),-,-,-
MAHA-Govt Quota,OBC,Maharashtra,"MGIMS, Wardha",PATHOLOGY,"₹1,43,300*","₹89,698",1,"₹50,00,000",1000,-,-,-,-,-,-,-,-,2191(1),3298(1),3932(1),-,-,-
MAHA-Govt Quota,SC,Maharashtra,"VMMC, Solapur",PSYCHIATRY,"₹1,43,300*","₹92,522",1,"₹50,00,000",763,-,-,-,-,-,-,-,-,-,3937(1),3937(1),-,-,-
MAHA-Govt Quota,NT3 Service,Maharashtra,"Seth GS, Mumbai",PATHOLOGY,"₹1,43,300*","₹92,522",1,"₹50,00,000",2250,-,-,-,-,-,-,-,-,-,-,3944(1),-,-,-
MAHA-Govt Quota,ST,Maharashtra,"Seth GS, Mumbai",GENERAL SURGERY,"₹1,43,300*","₹92,522",1,"₹50,00,000",2250,-,-,-,-,-,-,-,-,3945(1),3945(1),3945(1),-,-,-
MAHA Priv-Mgmt Quota,MGT,Maharashtra,"ACPM, Dhule",OBG,"₹42,96,000*","₹50,000",0,₹0,570,3371(1),3371(1),3371(1),3371(1),3371(1),-,-,-,3660(1),3947(1),3946(1),-,-,-
MAHA-Govt Quota,ST,Maharashtra,"Govt Med Coll, Nagpur",PAEDIATRICS,"₹1,43,300*","₹92,522",1,"₹50,00,000",1866,-,-,-,-,-,-,-,-,2924(1),3827(1),3948(1),-,-,-
MAHA-Govt Quota,VJ,Maharashtra,"Ashwini Rural, Solapur",GENERAL SURGERY,"₹11,81,000*","₹65,000",0,₹0,520,-,-,-,-,-,-,-,-,3276(1),3276(1),3956(1),-,-,-
MAHA-NRI Quota,NRI,Maharashtra,"NKP Salve IMS, Nagpur",RADIO DIAGNOSIS,"₹45,00,000*","₹64,551",0,₹0,1272,3954(2),3954(2),3954(2),3954(2),3954(2),-,-,-,3281(2),3969(2),3969(2),-,-,-
MAHA-Govt Quota,OPEN,Maharashtra,"Bombay Hospital IMS, Mumbai",PATHOLOGY,"₹8,92,858*","₹70,000",0,₹0,725,2548(1),3293(1),3762(1),3853(1),3853(1),-,-,-,2962(2),3769(2),3974(2),-,-,-
MAHA-Govt Quota,SC,Maharashtra,"Seth GS, Mumbai",ANAESTHESIOLOGY,"₹1,43,300*","₹92,522",1,"₹50,00,000",2250,2672(2),2792(2),3034(2),3034(2),3034(2),-,-,-,2358(2),2866(2),3978(2),-,-,-
MAHA-Govt Quota,ST,Maharashtra,"BJMC, Pune",PAEDIATRICS,"₹1,43,300*","₹92,522",1,"₹50,00,000",1296,-,-,-,-,-,-,-,-,2997(1),3626(1),3982(1),-,-,-
MAHA Priv-Mgmt Quota,MGT,Maharashtra,"Vasantrao Pawar, Nasik",OBG,"₹36,00,000*","₹69,105",0,₹0,1000,2600(2),2949(2),2949(2),2949(2),2949(2),-,-,-,2071(2),3102(2),3984(2),-,-,-
MAHA-Govt Quota,SC,Maharashtra,"Vithalrao Patil, Ahmednagar",PAEDIATRICS,"₹10,00,000*","₹76,629",0,₹0,960,-,-,-,-,-,-,-,-,3431(1),3543(1),3989(1),-,-,-
MAHA-Govt Quota,NT1,Maharashtra,"MIMER, Talegaon, Pune",ENT,"₹8,00,000*","₹64,551",0,₹0,720,-,-,-,-,-,-,-,-,3991(1),3991(1),3991(1),-,-,-
MAHA-Govt Quota,EWS,Maharashtra,"Govt Med Coll, Aurangabad",PATHOLOGY,"₹1,43,300*","₹92,522",1,"₹50,00,000",1177,-,-,-,-,-,-,-,-,2408(1),3908(1),3994(1),-,-,-
MAHA-Govt Quota,SC,Maharashtra,"Govt Med Coll, Nagpur",ENT,"₹1,43,300*","₹92,522",1,"₹50,00,000",1866,-,-,-,-,-,-,-,-,2579(1),3476(1),3999(1),-,-,-
MAHA-Govt Quota,ST,Maharashtra,"Govt Med Coll, Aurangabad",PAEDIATRICS,"₹1,43,300*","₹92,522",1,"₹50,00,000",1177,-,-,-,-,-,-,-,-,3105(1),3948(1),4011(1),-,-,-
MAHA-Govt Quota,SEBC,Maharashtra,"Prakash Inst of MS & R, Sangli",GENERAL SURGERY,"₹16,00,000*",Info not available,Info Not Available,Info not available,-,-,-,-,-,-,-,-,-,3152(1),3152(1),4014(1),-,-,-
MAHA-Govt Quota,ST,Maharashtra,"PGIMS, Navi Mumbai",OBG,"₹1,43,300*","₹92,522",1,"₹50,00,000",-,-,-,-,-,-,-,-,-,3452(1),4017(1),4017(1),-,-,-
MAHA Priv-Mgmt Quota,MGT,Maharashtra,"Ashwini Rural, Solapur",RADIO DIAGNOSIS,"₹47,24,000*","₹65,000",0,₹0,520,2595(1),2880(1),2880(1),2880(1),2880(1),-,-,-,2663(1),3038(1),4017(1),4608(1),-,-
MAHA-Govt Quota,ST,Maharashtra,"Tern Med Coll, Navi Mumbai",RADIO DIAGNOSIS,"₹9,54,545*","₹51,000*",0,₹0,700,-,-,-,-,-,-,-,-,4047(1),4047(1),4047(1),-,-,-
MAHA-Govt Quota,SC,Maharashtra,"NKP Salve IMS, Nagpur",ORTHOPAEDICS,"₹9,00,000*","₹64,551",0,₹0,1272,-,-,-,-,-,-,-,-,2942(1),3814(1),4048(1),-,-,-
MAHA-Govt Quota,SEBC,Maharashtra,"Indira Gandhi MedColl, Nagpur",PATHOLOGY,"₹1,43,300*","₹92,522",1,"₹50,00,000",822,-,-,-,-,-,-,-,-,2908(1),3374(1),4050(1),-,-,-
MAHA-Govt Quota,SEBC,Maharashtra,"Tern Med Coll, Navi Mumbai",ANAESTHESIOLOGY,"₹9,54,545*","₹51,000*",0,₹0,700,-,-,-,-,-,-,-,-,3002(1),4054(1),4054(1),-,-,-
MAHA-Govt Quota,NT2,Maharashtra,"Govt Med Coll, Nanded",PATHOLOGY,"₹1,43,300*","₹92,522",1,"₹50,00,000",750,-,-,-,-,-,-,-,-,2525(1),3919(1),4059(1),-,-,-
MAHA-Govt Quota,OPEN,Maharashtra,"Vasantrao Pawar, Nasik",PATHOLOGY,"₹9,00,000*","₹69,105",0,₹0,1000,3420(2),3614(2),4895(2),4980(2),4980(2),-,-,-,3584(1),3963(1),4064(1),-,-,-
MAHA-Govt Quota,SEBC,Maharashtra,"Vedantaa Inst of MS, Palghar",GENERAL SURGERY,"₹19,32,000*","₹65,000",0,₹0,-,-,-,-,-,-,-,-,-,3637(1),4014(1),4067(1),-,-,-
MAHA Priv-Mgmt Quota,MGT,Maharashtra,"Ashwini Rural, Solapur",GENERAL MEDICINE,"₹47,24,000*","₹65,000",0,₹0,520,2912(3),3491(3),3491(3),3491(3),3491(3),-,-,-,2893(2),3754(2),4070(2),-,-,-
MAHA-Govt Quota,SEBC,Maharashtra,"NKP Salve IMS, Nagpur",ENT,"₹9,00,000*","₹64,551",0,₹0,1272,-,-,-,-,-,-,-,-,3217(1),3861(1),4077(1),-,-,-
MAHA-Govt Quota,SEBC,Maharashtra,"SMBT IMS, Nashik",ANAESTHESIOLOGY,"₹15,16,000*","₹60,000",0,₹0,850,-,-,-,-,-,-,-,-,3714(1),4083(1),4083(1),-,-,-
MAHA Priv-Mgmt Quota,MGT,Maharashtra,"Panjabrao Deshmukh, Amravati",GENERAL MEDICINE,"₹47,60,000*","₹76,429",0,₹0,760,2894(2),3158(2),3158(2),3158(2),3158(2),-,-,-,1371(1),2369(1),4091(1),-,-,-
MAHA-Govt Quota,ST,Maharashtra,"Ashwini Rural, Solapur",PAEDIATRICS,"₹11,81,000*","₹65,000",0,₹0,520,-,-,-,-,-,-,-,-,5125(1),4666(1),4093(1),-,-,-
MAHA-Govt Quota,EWS,Maharashtra,"Grant Med Coll, Mumbai",PATHOLOGY,"₹1,43,300*","₹92,522",1,"₹50,00,000",2844,1849(1),2852(1),2852(1),2852(1),2852(1),-,-,-,2257(1),3812(1),4096(1),-,-,-
MAHA-Govt Quota,ST,Maharashtra,"Ashwini Rural, Solapur",GENERAL MEDICINE,"₹11,81,000*","₹65,000",0,₹0,520,-,-,-,-,-,-,-,-,4098(1),4098(1),4098(1),-,-,-
MAHA-Govt Quota,ST,Maharashtra,"Topiwala, Mumbai",GENERAL SURGERY,"₹1,43,300*","₹92,522",1,"₹50,00,000",1300,-,-,-,-,-,-,-,-,3731(1),4105(1),4105(1),-,-,-
MAHA-Govt Quota,SC,Maharashtra,"Sancheti Inst Of Ortho, Pune",ORTHOPAEDICS,"₹9,00,000*","₹77,000",0,₹0,Info Not Available,3163(1),3163(1),3529(1),3529(1),3529(1),-,-,-,3438(1),3438(1),4113(1),-,-,-
MAHA-NRI Quota,NRI,Maharashtra,"Vasantrao Pawar, Nasik",GENERAL MEDICINE,"₹45,00,000*","₹69,105",0,₹0,1000,3928(1),3928(1),3928(1),3928(1),3928(1),-,-,-,4115(1),4115(1),4115(1),-,-,-
MAHA Priv-Mgmt Quota,MGT,Maharashtra,"Ulhas Patil Med Coll, Jalgaon",GENERAL MEDICINE,"₹36,00,000*","₹52,769",0,₹0,500,2339(1),2339(1),1874(1),1874(1),1874(1),-,-,-,2541(2),3162(2),4118(2),5289(2),-,-
MAHA-Govt Quota,OBC,Maharashtra,"Govt Med Coll, Miraj",PATHOLOGY,"₹1,43,300*","₹92,522",1,"₹50,00,000",725,2654(1),3104(1),3757(1),3757(1),3757(1),-,-,-,2068(1),3305(1),4126(1),-,-,-
MAHA-Govt Quota,OBC,Maharashtra,"VMMC, Solapur",PATHOLOGY,"₹1,43,300*","₹92,522",1,"₹50,00,000",763,2375(1),3021(1),3820(1),3820(1),3820(1),-,-,-,2085(1),3278(1),4136(1),-,-,-
MAHA-Govt Quota,SC,Maharashtra,"BKL Walawalkar, Ratnagiri",ORTHOPAEDICS,"₹9,67,000*","₹62,000",0,₹0,520,-,-,-,-,-,-,-,-,3657(1),4048(1),4143(1),-,-,-
MAHA-Govt Quota,EWS,Maharashtra,"Topiwala, Mumbai",PATHOLOGY,"₹1,43,300*","₹92,522",1,"₹50,00,000",1300,-,-,-,-,-,-,-,-,1896(1),3608(1),4144(1),-,-,-
MAHA-Govt Quota,SC,Maharashtra,"Govt Med Coll, Jalgaon",OPHTHALMOLOGY,"₹1,43,300*","₹92,522",1,"₹50,00,000",441,-,-,-,-,-,-,-,-,-,2654(1),4145(1),-,-,-
MAHA-Govt Quota,OPEN-PH,Maharashtra,"BJMC, Pune",PHARMACOLOGY,"₹1,43,300*","₹92,522",1,"₹50,00,000",1296,-,-,-,-,-,-,-,-,-,-,4150(1),-,-,-
MAHA-Govt Quota,SEBC,Maharashtra,"Vedantaa Inst of MS, Palghar",ORTHOPAEDICS,"₹19,32,000*","₹65,000",0,₹0,-,-,-,-,-,-,-,-,-,2990(1),3046(1),4151(1),-,-,-
MAHA-NRI Quota,NRI,Maharashtra,"Tern Med Coll, Navi Mumbai",RADIO DIAGNOSIS,"₹47,72,725*","₹51,000*",0,₹0,700,-,-,-,-,-,-,-,-,3969(1),4255(1),4151(1),5576(1),6743(1),-
MAHA Priv-Mgmt Quota,MGT,Maharashtra,"Kashibai Navale, Pune",RADIO DIAGNOSIS,"₹51,76,000*","₹76,429",0,₹0,1094,2054(2),2713(2),2911(2),2911(2),2911(2),-,-,-,2416(1),2903(1),4154(1),-,-,-
MAHA-Govt Quota,SC,Maharashtra,"MIMER, Talegaon, Pune",GENERAL SURGERY,"₹8,00,000*","₹64,551",0,₹0,720,-,-,-,-,-,-,-,-,3633(1),3757(1),4160(1),-,-,-
MAHA-Govt Quota,SEBC,Maharashtra,"Vedantaa Inst of MS, Palghar",OBG,"₹19,32,000*","₹65,000",0,₹0,-,-,-,-,-,-,-,-,-,2501(1),2501(1),4166(1),-,-,-
MAHA-Govt Quota,OPEN,Maharashtra,"Kashibai Navale, Pune",PATHOLOGY,"₹12,94,000*","₹76,429",0,₹0,1094,3169(2),3859(2),3859(2),3859(2),3859(2),-,-,-,2984(1),3781(1),4171(1),-,-,-
MAHA-Govt Quota,ST,Maharashtra,"Govt Med Coll, Nagpur",TBRD,"₹1,43,300*","₹92,522",1,"₹50,00,000",1866,-,-,-,-,-,-,-,-,3862(1),4244(1),4189(1),-,-,-
MAHA-Govt Quota,OPEN,Maharashtra,"Govt Med Coll, Aurangabad",SPM,"₹1,43,300*","₹92,522",1,"₹50,00,000",1177,3578(1),3578(1),3578(1),3578(1),3578(1),-,-,-,3625(2),3843(2),4191(2),-,-,-
MAHA-Govt Quota,ST,Maharashtra,"Seth GS, Mumbai",ANAESTHESIOLOGY,"₹1,43,300*","₹92,522",1,"₹50,00,000",2250,-,-,-,-,-,-,-,-,4194(1),4194(1),4194(1),-,-,-
MAHA-Govt Quota,SC,Maharashtra,"Govt Med Coll, Miraj",ENT,"₹1,43,300*","₹92,522",1,"₹50,00,000",725,-,-,-,-,-,-,-,-,2597(1),3242(1),4199(1),5262(1),-,-
MAHA-NRI Quota,NRI,Maharashtra,"Ulhas Patil Med Coll, Jalgaon",RADIO DIAGNOSIS,"₹45,00,000*","₹52,769",0,₹0,500,4097(1),4097(1),4097(1),4097(1),4097(1),-,-,-,3403(1),4200(1),4200(1),-,-,-
MAHA Priv-Mgmt Quota,MGT,Maharashtra,"BKL Walawalkar, Ratnagiri",GENERAL MEDICINE,"₹38,68,000*","₹62,000",0,₹0,520,2804(3),3415(3),3415(3),3415(3),3786(3),-,-,-,2447(3),3090(3),4201(3),5300(1),-,-
MAHA-Govt Quota,OBC,Maharashtra,"Grant Med Coll, Mumbai",SPM,"₹1,43,300*","₹92,522",1,"₹50,00,000",2844,3379(2),4333(2),4333(2),4333(2),4333(2),-,-,-,3154(1),4203(1),4203(1),-,-,-
MAHA-Govt Quota,ST,Maharashtra,"Ulhas Patil Med Coll, Jalgaon",GENERAL MEDICINE,"₹9,00,000*","₹52,769",0,₹0,500,-,-,-,-,-,-,-,-,3671(1),4212(1),4212(1),-,-,-
MAHA-Govt Quota,OPEN,Maharashtra,"HBT & RN Cooper, Mumbai",SPM,"₹1,43,300*","₹92,522",1,"₹50,00,000",940,3336(1),3634(1),4463(1),4463(1),4463(1),-,-,-,3029(1),4219(1),4219(1),-,-,-
MAHA-Govt Quota,OBC,Maharashtra,"SMBT IMS, Nashik",ANAESTHESIOLOGY,"₹15,16,000*","₹60,000",0,₹0,850,-,-,-,-,-,-,-,-,2772(1),3252(1),4220(1),-,-,-
MAHA-Govt Quota,NT2,Maharashtra,"Ulhas Patil Med Coll, Jalgaon",ANAESTHESIOLOGY,"₹9,00,000*","₹52,769",0,₹0,500,-,-,-,-,-,-,-,-,3442(1),3442(1),4222(1),-,-,-
MAHA-Govt Quota,OPEN Service,Maharashtra,"Grant Med Coll, Mumbai",RADIO DIAGNOSIS,"₹1,43,300*","₹92,522",1,"₹50,00,000",2844,-,-,-,-,-,-,-,-,4229(1),4229(1),4229(1),-,-,-
MAHA-Govt Quota,OBC,Maharashtra,"Govt Med Coll, Akola",PATHOLOGY,"₹1,43,300*","₹92,522",1,"₹50,00,000",840,-,-,-,-,-,-,-,-,2174(1),3101(1),4238(1),-,-,-
MAHA Priv-Mgmt Quota,MGT,Maharashtra,"SMBT IMS, Nashik",RADIO DIAGNOSIS,"₹60,64,000*","₹60,000",0,₹0,850,2713(1),3132(1),2785(1),3115(1),3115(1),-,-,-,2688(1),3497(1),4239(1),-,-,-
MAHA-Govt Quota,ST,Maharashtra,"Govt Med Coll, Miraj",PAEDIATRICS,"₹1,43,300*","₹92,522",1,"₹50,00,000",725,-,-,-,-,-,-,-,-,3271(1),3982(1),4244(1),-,-,-
MAHA-Govt Quota,SEBC,Maharashtra,"Prakash Inst of MS & R, Sangli",ANAESTHESIOLOGY,"₹16,00,000*",Info not available,Info Not Available,Info not available,-,-,-,-,-,-,-,-,-,3701(1),4151(1),4247(1),-,-,-
MAHA-Govt Quota,VJ,Maharashtra,"SMBT IMS, Nashik",ENT,"₹15,16,000*","₹60,000",0,₹0,850,-,-,-,-,-,-,-,-,3644(1),4248(1),4248(1),-,-,-
MAHA-Govt Quota,SC,Maharashtra,"Prakash Inst of MS & R, Sangli",PAEDIATRICS,"₹16,00,000*",Info not available,Info Not Available,Info not available,-,-,-,-,-,-,-,-,-,3044(1),3762(1),4251(1),-,-,-
MAHA Priv-Mgmt Quota,MGT,Maharashtra,"ACPM, Dhule",GENERAL MEDICINE,"₹42,96,000*","₹50,000",0,₹0,570,2880(1),3320(3),3320(3),3320(3),3320(3),-,-,-,2963(3),3988(3),4256(3),-,-,-
MAHA-Govt Quota,OPEN,Maharashtra,"Grant Med Coll, Mumbai",SPM,"₹1,43,300*","₹92,522",1,"₹50,00,000",2844,2867(2),3853(2),3945(2),3945(2),3945(2),-,-,-,2425(2),3899(2),4258(2),4044(1),-,-
MAHA Priv-Mgmt Quota,MGT,Maharashtra,"Tern Med Coll, Navi Mumbai",OBG,"₹38,18,180*","₹51,000*",0,₹0,700,-,-,-,-,-,-,-,-,2709(1),3802(1),4259(1),-,-,-
MAHA-Govt Quota,OBC,Maharashtra,"Lokmanya Tilak, Sion, Mumbai",SPM,"₹1,43,300*","₹92,522",1,"₹50,00,000",1462,3248(1),3899(1),4142(1),4142(1),4142(1),-,-,-,3086(1),4269(1),4269(1),-,-,-
MAHA-Govt Quota,OPEN,Maharashtra,"BJMC, Pune",MICROBIOLOGY,"₹1,43,300*","₹92,522",1,"₹50,00,000",1296,3541(1),4480(1),4512(1),4512(1),4512(1),-,-,-,4043(2),4574(2),4270(2),-,-,-
MAHA-NRI Quota,NRI,Maharashtra,"Kashibai Navale, Pune",RADIO DIAGNOSIS,"₹64,70,000*","₹76,429",0,₹0,1094,4042(1),3941(1),4902(1),4997(1),4997(1),-,-,-,3054(1),4271(1),4271(1),-,-,-
MAHA-Govt Quota,SC,Maharashtra,"Govt Med Coll, Nagpur",ANAESTHESIOLOGY,"₹1,43,300*","₹92,522",1,"₹50,00,000",1866,-,-,-,-,-,-,-,-,2710(1),3076(1),4276(1),-,-,-
MAHA-NRI Quota,NRI,Maharashtra,"Kashibai Navale, Pune",GENERAL SURGERY,"₹64,70,000*","₹76,429",0,₹0,1094,4722(1),-,5686(2),6370(2),6370(2),-,-,-,5659(1),-,4278(1),3515(1),7171(1),7287(1)
MAHA-Govt Quota,OBC,Maharashtra,"Prakash Inst of MS & R, Sangli",ANAESTHESIOLOGY,"₹16,00,000*",Info not available,Info Not Available,Info not available,-,-,-,-,-,-,-,-,-,3124(1),3400(1),4282(1),-,-,-
MAHA-NRI Quota,NRI,Maharashtra,"Vithalrao Patil, Ahmednagar",DERMATOLOGY,"₹50,00,000*","₹76,629",0,₹0,960,4298(1),4298(1),4664(1),4664(1),4664(1),-,-,-,2479(1),4291(1),4291(1),-,-,-
MAHA-NRI Quota,NRI,Maharashtra,"NKP Salve IMS, Nagpur",GENERAL MEDICINE,"₹45,00,000*","₹64,551",0,₹0,1272,4061(3),4061(3),4061(3),4061(3),4061(3),-,-,-,4294(3),4294(3),4294(3),-,-,-
MAHA Priv-Mgmt Quota,MGT,Maharashtra,"Sancheti Inst Of Ortho, Pune",ORTHOPAEDICS,"₹27,00,000*","₹77,000",0,₹0,Info Not Available,2920(7),2920(7),2920(7),2920(7),2920(7),-,-,-,2927(7),3605(7),4296(7),-,-,-
MAHA-Govt Quota,OPEN,Maharashtra,"Rajiv Gandhi MC & CSMH, Thane",SPM,"₹1,43,300*","₹92,522",1,"₹50,00,000",500,3338(1),3949(1),4128(1),4128(1),4128(1),-,-,-,3075(1),4301(1),4301(1),-,-,-
MAHA-Govt Quota,OBC,Maharashtra,"Sri Bhausaheb, Dhule",PATHOLOGY,"₹1,43,300*","₹92,522",1,"₹50,00,000",545,-,-,-,-,-,-,-,-,2406(1),3321(1),4308(1),-,-,-
MAHA-Govt Quota,SC,Maharashtra,"NKP Salve IMS, Nagpur",OPHTHALMOLOGY,"₹9,00,000*","₹64,551",0,₹0,1272,-,-,-,-,-,-,-,-,3917(1),3917(1),4314(1),-,-,-
MAHA-Govt Quota,ST,Maharashtra,"Govt Med Coll, Latur",OBG,"₹1,43,300*","₹92,522",1,"₹50,00,000",750,-,-,-,-,-,-,-,-,3713(1),3713(1),4316(1),-,-,-
MAHA Priv-Mgmt Quota,MGT,Maharashtra,"IIMSR, Jalna",OBG,"₹36,00,000*","₹64,551",0,₹0,Info Not Available,3645(2),3302(2),2724(1),2724(1),2724(1),-,-,-,4327(2),4327(2),4327(2),-,-,-
MAHA-Govt Quota,OBC,Maharashtra,"Govt Med Coll, Nagpur",SPM,"₹1,43,300*","₹92,522",1,"₹50,00,000",1866,3899(1),4199(1),4199(1),4199(1),4199(1),-,-,-,3484(2),4335(2),4335(2),-,-,-
MAHA-Govt Quota,SEBC,Maharashtra,"SRTT, Ambajogai",PATHOLOGY,"₹1,43,300*","₹92,522",1,"₹50,00,000",518,-,-,-,-,-,-,-,-,2760(1),3826(1),4337(1),-,-,-
MAHA Priv-Mgmt Quota,MGT,Maharashtra,"Sajeevan Medical(ENT), Miraj",ENT,"₹28,72,500*","₹52,569",0,₹0,Info Not Available,3849(1),3153(1),4257(1),4257(1),4257(1),-,-,-,2601(1),4351(1),4351(1),-,-,-
MAHA-Govt Quota,SC,Maharashtra,"Ashwini Rural, Solapur",ORTHOPAEDICS,"₹11,81,000*","₹65,000",0,₹0,520,-,-,-,-,-,-,-,-,3792(1),4143(1),4352(1),-,-,-
MAHA-Govt Quota,SEBC,Maharashtra,"MIMER, Talegaon, Pune",PSYCHIATRY,"₹8,00,000*","₹64,551",0,₹0,720,-,-,-,-,-,-,-,-,4054(1),4353(1),4353(1),4716(1),-,-
MAHA-NRI Quota,NRI,Maharashtra,"SMBT IMS, Nashik",RADIO DIAGNOSIS,"₹75,80,000*","₹60,000",0,₹0,850,3151(1),3151(1),3208(1),3324(1),5045(1),-,-,-,4571(1),4729(1),4354(1),3199(1),4368(1),5927(1)
MAHA Priv-Mgmt Quota,MGT,Maharashtra,"PGI of Swasthiyog, Miraj",ORTHOPAEDICS,"₹28,50,000*","₹64,500",0,₹0,110,3020(1),3064(1),3064(1),3064(1),3064(1),-,-,-,1946(1),2759(1),4355(1),-,-,-
MAHA-Govt Quota,OPEN-PH,Maharashtra,"Seth GS, Mumbai",SPM,"₹1,43,300*","₹92,522",1,"₹50,00,000",2250,-,-,-,-,-,-,-,-,4357(1),4357(1),4357(1),-,-,-
MAHA-Govt Quota,OPEN-PH,Maharashtra,"Pimpri Chinchwad, Pimpri",DERMATOLOGY,"₹1,43,300*","₹92,522",1,"₹50,00,000",750,-,-,-,-,-,-,-,-,4366(1),4366(1),4366(1),-,-,-
MAHA-Govt Quota,NT1,Maharashtra,"VMMC, Solapur",PATHOLOGY,"₹1,43,300*","₹92,522",1,"₹50,00,000",763,-,-,-,-,-,-,-,-,3064(1),3052(1),4367(1),-,-,-
MAHA-Govt Quota,OPEN,Maharashtra,"Tern Med Coll, Navi Mumbai",PATHOLOGY,"₹9,54,545*","₹51,000*",0,₹0,700,-,-,-,-,-,-,-,-,3139(1),3796(1),4369(1),-,-,-
MAHA-Govt Quota,VJ,Maharashtra,"Indira Gandhi MedColl, Nagpur",PATHOLOGY,"₹1,43,300*","₹92,522",1,"₹50,00,000",822,-,-,-,-,-,-,-,-,3320(1),4372(1),4372(1),-,-,-
MAHA-Govt Quota,OBC,Maharashtra,"Seth GS, Mumbai",IHBT,"₹1,43,300*","₹92,522",1,"₹50,00,000",2250,1637(1),1637(1),3898(1),4348(1),4348(1),-,-,-,3223(1),4373(1),4373(1),-,-,-
MAHA-NRI Quota,NRI,Maharashtra,"MIMER, Talegaon, Pune",OBG,"₹40,00,000*","₹64,551",0,₹0,720,4271(1),4271(1),4271(1),4271(1),4271(1),-,-,-,4378(1),4378(1),4378(1),-,-,-
MAHA-Govt Quota,OPEN Service,Maharashtra,"Seth GS, Mumbai",MICROBIOLOGY,"₹1,43,300*","₹92,522",1,"₹50,00,000",2250,-,-,-,-,-,-,-,-,-,-,4380(1),-,-,-
MAHA-Govt Quota,ST,Maharashtra,"HBT & RN Cooper, Mumbai",ORTHOPAEDICS,"₹1,43,300*","₹92,522",1,"₹50,00,000",940,-,-,-,-,-,-,-,-,3389(1),3389(1),4383(1),5717(1),-,-
MAHA-Govt Quota,VJ,Maharashtra,"Govt Med Coll, Akola",PATHOLOGY,"₹1,43,300*","₹92,522",1,"₹50,00,000",840,-,-,-,-,-,-,-,-,3570(1),4384(1),4384(1),-,-,-
MAHA Priv-Mgmt Quota,MGT,Maharashtra,"NKP Salve IMS, Nagpur",OBG,"₹36,00,000*","₹64,551",0,₹0,1272,3093(3),3345(3),3345(3),3345(3),3345(3),-,-,-,2823(4),3268(4),4387(4),-,-,-
MAHA-Govt Quota,EWS,Maharashtra,"Seth GS, Mumbai",PHARMACOLOGY,"₹1,43,300*","₹92,522",1,"₹50,00,000",2250,4070(1),4070(1),4070(1),4070(1),4070(1),-,-,-,2986(1),4392(1),4392(1),-,-,-
MAHA-Govt Quota,SC,Maharashtra,"ACPM, Dhule",ORTHOPAEDICS,"₹10,74,000*","₹50,000",0,₹0,570,-,-,-,-,-,-,-,-,3814(1),4352(1),4398(1),-,-,-
MAHA-Govt Quota,SC,Maharashtra,"Vithalrao Patil, Ahmednagar",OBG,"₹10,00,000*","₹76,629",0,₹0,960,-,-,-,-,-,-,-,-,3297(1),3574(1),4403(1),-,-,-
MAHA-Govt Quota,SC,Maharashtra,"Govt Med Coll, Nanded",ANAESTHESIOLOGY,"₹1,43,300*","₹92,522",1,"₹50,00,000",750,-,-,-,-,-,-,-,-,2719(1),3694(1),4414(1),-,-,-
MAHA-Govt Quota,SC,Maharashtra,"NKP Salve IMS, Nagpur",OBG,"₹9,00,000*","₹64,551",0,₹0,1272,2534(1),2800(1),2986(1),2986(1),2986(1),-,-,-,2627(1),2627(1),4416(1),-,-,-
MAHA-Govt Quota,SC,Maharashtra,"Grant Med Coll, Mumbai",ANAESTHESIOLOGY,"₹1,43,300*","₹92,522",1,"₹50,00,000",2844,2783(2),2917(2),3109(2),3109(2),3109(2),-,-,-,2654(1),3251(2),4417(2),-,-,-
MAHA-Govt Quota,SC,Maharashtra,"MIMSR, Latur",GENERAL SURGERY,"₹7,82,607*","₹76,249",0,₹0,775,-,-,-,-,-,-,-,-,3756(1),3792(1),4419(1),-,-,-
MAHA-Govt Quota,ST,Maharashtra,"VMMC, Solapur",OBG,"₹1,43,300*","₹92,522",1,"₹50,00,000",763,-,-,-,-,-,-,-,-,3013(1),3383(1),4425(1),-,-,-
MAHA Priv-Mgmt Quota,MGT,Maharashtra,"Vasantrao Pawar, Nasik",GENERAL SURGERY,"₹36,00,000*","₹69,105",0,₹0,1000,3882(4),3882(4),3882(4),3882(4),3882(4),-,-,-,4590(4),4428(4),4428(4),-,-,-
MAHA-Govt Quota,ST,Maharashtra,"Indira Gandhi MedColl, Nagpur",GENERAL SURGERY,"₹1,43,300*","₹92,522",1,"₹50,00,000",822,-,-,-,-,-,-,-,-,4317(1),4539(1),4439(1),-,-,-
MAHA-Govt Quota,NT1,Maharashtra,"Vedantaa Inst of MS, Palghar",GENERAL SURGERY,"₹19,32,000*","₹65,000",0,₹0,-,-,-,-,-,-,-,-,-,3153(1),3153(1),4442(1),-,-,-
MAHA-Govt Quota,SC,Maharashtra,"Govt Med Coll, Latur",ANAESTHESIOLOGY,"₹1,43,300*","₹92,522",1,"₹50,00,000",750,-,-,-,-,-,-,-,-,2925(1),3775(1),4443(1),-,-,-
MAHA Priv-Mgmt Quota,MGT,Maharashtra,"Vasantrao Pawar, Nasik",PAEDIATRICS,"₹36,00,000*","₹69,105",0,₹0,1000,3136(1),3250(1),3250(1),3250(1),3250(1),-,-,-,3091(1),4230(1),4444(1),-,-,-
MAHA Priv-Mgmt Quota,MGT,Maharashtra,"Vasantrao Pawar, Nasik",OPHTHALMOLOGY,"₹36,00,000*","₹69,105",0,₹0,1000,2631(1),2631(1),4462(1),4462(1),4462(1),-,-,-,3634(1),3925(1),4451(1),-,-,-
MAHA-Govt Quota,VJ,Maharashtra,"Prakash Inst of MS & R, Sangli",OPHTHALMOLOGY,"₹16,00,000*",Info not available,Info Not Available,Info not available,-,-,-,-,-,-,-,-,-,3319(1),4452(1),4452(1),-,-,-
MAHA Priv-Mgmt Quota,MGT,Maharashtra,"IIMSR, Jalna",GENERAL MEDICINE,"₹36,00,000*","₹64,551",0,₹0,Info Not Available,3220(1),2686(1),-,-,-,-,-,-,4292(2),4454(2),4454(2),-,-,-
MAHA-Govt Quota,OPEN Service,Maharashtra,"BJMC, Pune",PHARMACOLOGY,"₹1,43,300*","₹92,522",1,"₹50,00,000",1296,-,-,-,-,-,-,-,-,-,-,4458(1),-,-,-
MAHA-Govt Quota,ST,Maharashtra,"Vithalrao Patil, Ahmednagar",GENERAL SURGERY,"₹10,00,000*","₹76,629",0,₹0,960,-,-,-,-,-,-,-,-,6117(1),6543(1),4464(1),-,-,-
MAHA-Govt Quota,SEBC,Maharashtra,"MPGIMER, Nashik",PATHOLOGY,"₹1,43,300*","₹92,522",1,"₹50,00,000",-,-,-,-,-,-,-,-,-,2914(1),3470(1),4465(1),-,-,-
MAHA Priv-Mgmt Quota,MGT,Maharashtra,"Kashibai Navale, Pune",OBG,"₹51,76,000*","₹76,429",0,₹0,1094,3208(3),3468(3),3468(3),3468(3),3468(3),-,-,-,3011(2),4387(2),4468(2),-,-,-
MAHA-Govt Quota,OPEN,Maharashtra,"Govt Med Coll, Nanded",PHARMACOLOGY,"₹1,43,300*","₹92,522",1,"₹50,00,000",750,-,-,-,-,-,-,-,-,4568(1),4471(1),4471(1),4512(1),-,-
MAHA-Govt Quota,OPEN,Maharashtra,"Govt Med Coll, Akola",SPM,"₹1,43,300*","₹92,522",1,"₹50,00,000",840,4455(3),4893(3),4888(3),4888(3),4888(3),-,-,-,3672(1),4474(1),4474(1),-,-,-
MAHA-Govt Quota,SC,Maharashtra,"Panjabrao Deshmukh, Amravati",GENERAL SURGERY,"₹11,90,000*","₹76,429",0,₹0,760,-,-,-,-,-,-,-,-,3526(1),3756(1),4493(1),4892(1),-,-
MAHA-Govt Quota,OBC,Maharashtra,"BJMC, Pune",SPM,"₹1,43,300*","₹92,522",1,"₹50,00,000",1296,2741(1),4189(1),4189(1),4189(1),4189(1),-,-,-,3423(1),3798(1),4494(1),-,-,-
MAHA-Govt Quota,ST,Maharashtra,"SRTT, Ambajogai",OPHTHALMOLOGY,"₹1,43,300*","₹92,522",1,"₹50,00,000",518,-,-,-,-,-,-,-,-,4410(1),4497(1),4497(1),-,-,-
MAHA-Govt Quota,OPEN,Maharashtra,"NKP Salve IMS, Nagpur",PATHOLOGY,"₹9,00,000*","₹64,551",0,₹0,1272,3681(3),3764(3),4494(3),5033(3),5033(3),-,-,-,3336(2),3702(2),4513(2),-,-,-
MAHA-Govt Quota,EWS,Maharashtra,"Topiwala, Mumbai",SPM,"₹1,43,300*","₹92,522",1,"₹50,00,000",1300,3771(1),4449(1),4449(1),4449(1),4449(1),-,-,-,3704(1),4517(1),4517(1),-,-,-
MAHA-Govt Quota,ST,Maharashtra,"Prakash Inst of MS & R, Sangli",ORTHOPAEDICS,"₹16,00,000*",Info not available,Info Not Available,Info not available,-,-,-,-,-,-,-,-,-,6336(1),-,4554(1),-,-,-
MAHA-Govt Quota,ST,Maharashtra,"Topiwala, Mumbai",PATHOLOGY,"₹1,43,300*","₹92,522",1,"₹50,00,000",1300,-,-,-,-,-,-,-,-,4556(1),4556(1),4556(1),-,-,-
MAHA Priv-Mgmt Quota,MGT,Maharashtra,"Vithalrao Patil, Ahmednagar",OBG,"₹40,00,000*","₹76,629",0,₹0,960,2949(1),3208(1),3208(1),3208(1),3208(1),-,-,-,3439(3),3913(3),4558(3),-,-,-
MAHA-NRI Quota,NRI,Maharashtra,"BKL Walawalkar, Ratnagiri",RADIO DIAGNOSIS,"₹48,35,000*","₹62,000",0,₹0,520,-,4112(1),4112(1),4112(1),4112(1),-,-,-,4003(1),4559(1),4559(1),-,-,-
MAHA-Govt Quota,OPEN,Maharashtra,"Indira Gandhi MedColl, Nagpur",PHARMACOLOGY,"₹1,43,300*","₹92,522",1,"₹50,00,000",822,-,-,-,-,-,-,-,-,3741(1),3839(1),4561(1),-,-,-
MAHA-Govt Quota,NT2,Maharashtra,"Grant Med Coll, Mumbai",SPM,"₹1,43,300*","₹92,522",1,"₹50,00,000",2844,-,-,-,-,-,-,-,-,3514(1),4567(1),4567(1),-,-,-
MAHA-Govt Quota,ST,Maharashtra,"Govt Med Coll, Miraj",OBG,"₹1,43,300*","₹92,522",1,"₹50,00,000",725,-,-,-,-,-,-,-,-,3383(1),3678(1),4570(1),4970(1),-,-
MAHA-Govt Quota,OPEN,Maharashtra,"Indira Gandhi MedColl, Nagpur",SPM,"₹1,43,300*","₹92,522",1,"₹50,00,000",822,3853(2),4241(2),4721(2),4721(2),4721(2),-,-,-,3594(2),4270(2),4577(2),-,-,-
MAHA-Govt Quota,OBC,Maharashtra,"Vedantaa Inst of MS, Palghar",ANAESTHESIOLOGY,"₹19,32,000*","₹65,000",0,₹0,-,3008(1),3236(1),4714(1),4932(1),4932(1),-,-,-,3364(1),3480(1),4580(1),-,-,-
MAHA-Govt Quota,OPEN,Maharashtra,"Govt Med Coll, Latur",SPM,"₹1,43,300*","₹92,522",1,"₹50,00,000",750,3974(1),4128(1),4640(1),4640(1),4640(1),-,-,-,3658(1),4594(1),4594(1),-,-,-
MAHA-Govt Quota,SEBC Service,Maharashtra,"Govt Med Coll, Aurangabad",GENERAL MEDICINE,"₹1,43,300*","₹92,522",1,"₹50,00,000",1177,-,-,-,-,-,-,-,-,4601(1),4601(1),4601(1),-,-,-
MAHA-Govt Quota,ST,Maharashtra,"Govt Med Coll, Jalgaon",GENERAL SURGERY,"₹1,43,300*","₹92,522",1,"₹50,00,000",441,-,-,-,-,-,-,-,-,4488(1),4607(1),4607(1),5661(1),-,-
MAHA-Govt Quota,OPEN,Maharashtra,"Lokmanya Tilak, Sion, Mumbai",MICROBIOLOGY,"₹1,43,300*","₹92,522",1,"₹50,00,000",1462,4517(2),4713(2),5797(2),5797(2),5797(2),-,-,-,3512(1),4380(1),4612(1),-,-,-
MAHA Priv-Mgmt Quota,MGT,Maharashtra,"Vithalrao Patil, Ahmednagar",ORTHOPAEDICS,"₹40,00,000*","₹76,629",0,₹0,960,-,-,-,-,-,-,-,-,4180(4),4609(4),4614(4),-,-,-
MAHA-Govt Quota,SC,Maharashtra,"MPGIMER, Nashik",ENT,"₹1,43,300*","₹92,522",1,"₹50,00,000",-,-,-,-,-,-,-,-,-,-,3601(1),4617(1),-,-,-
MAHA-Govt Quota,SC,Maharashtra,"Govt Med Coll, Jalgaon",ENT,"₹1,43,300*","₹92,522",1,"₹50,00,000",441,-,-,-,-,-,-,-,-,2598(1),3603(1),4622(1),-,-,-
MAHA-Govt Quota,SC,Maharashtra,"Tata Memorial, Mumbai",ANAESTHESIOLOGY,"₹1,05,500*","₹1,00,800",1*,"₹25,00,000*",614,2792(2),2841(2),2985(2),2985(2),2985(2),-,-,-,2852(2),3472(2),4623(2),-,-,-
MAHA-Govt Quota,NT3,Maharashtra,"Grant Med Coll, Mumbai",PHARMACOLOGY,"₹1,43,300*","₹92,522",1,"₹50,00,000",2844,-,-,-,-,-,-,-,-,4088(1),4625(1),4625(1),-,-,-
MAHA Priv-Mgmt Quota,MGT,Maharashtra,"Vasantrao Pawar, Nasik",ORTHOPAEDICS,"₹36,00,000*","₹69,105",0,₹0,1000,3367(2),3410(2),3410(2),3410(2),3410(2),-,-,-,3065(3),4631(3),4631(3),-,-,-
MAHA-Govt Quota,OBC,Maharashtra,"Grant Med Coll, Mumbai",IHBT,"₹1,43,300*","₹92,522",1,"₹50,00,000",2844,-,-,-,-,-,-,-,-,2960(1),4634(1),4634(1),-,-,-
MAHA-NRI Quota,NRI,Maharashtra,"Panjabrao Deshmukh, Amravati",RADIO DIAGNOSIS,"₹59,50,000*","₹76,429",0,₹0,760,-,-,-,-,-,-,-,-,3950(1),4641(1),4641(1),-,-,-
MAHA-Govt Quota,SC,Maharashtra,"Pimpri Chinchwad, Pimpri",ANAESTHESIOLOGY,"₹1,43,300*","₹92,522",1,"₹50,00,000",750,-,-,-,-,-,-,-,-,2861(1),3577(1),4646(1),-,-,-
MAHA-Govt Quota,VJ Service,Maharashtra,"Govt Med Coll, Aurangabad",GENERAL MEDICINE,"₹1,43,300*","₹92,522",1,"₹50,00,000",1177,-,-,-,-,-,-,-,-,4649(1),4649(1),4649(1),-,-,-
MAHA-Govt Quota,OBC,Maharashtra,"NKP Salve IMS, Nagpur",PATHOLOGY,"₹9,00,000*","₹64,551",0,₹0,1272,4246(1),4348(1),4348(1),4348(1),4348(1),-,-,-,3702(1),4126(1),4653(1),-,-,-
MAHA-Govt Quota,OPEN Service,Maharashtra,"Govt Med Coll, Nagpur",RADIO DIAGNOSIS,"₹1,43,300*","₹92,522",1,"₹50,00,000",1866,3874(1),3874(1),3874(1),3874(1),3874(1),-,-,-,4657(1),4657(1),4657(1),-,-,-
MAHA-Govt Quota,ST-PH,Maharashtra,"BJMC, Pune",GENERAL SURGERY,"₹1,43,300*","₹92,522",1,"₹50,00,000",1296,-,-,-,-,-,-,-,-,-,-,4669(1),-,-,-
MAHA-Govt Quota,OPEN-Orphan,Maharashtra,"Seth GS, Mumbai",ORTHOPAEDICS,"₹1,43,300*","₹92,522",1,"₹50,00,000",2250,-,-,-,-,-,-,-,-,-,-,4675(1),-,-,-
MAHA-Govt Quota,NT3,Maharashtra,"BJMC, Pune",MICROBIOLOGY,"₹1,43,300*","₹92,522",1,"₹50,00,000",1296,-,-,-,-,-,-,-,-,4687(1),4687(1),4687(1),-,-,-
MAHA Priv-Mgmt Quota,MGT,Maharashtra,"MIMSR, Latur",OBG,"₹31,30,428*","₹76,249",0,₹0,775,3152(1),3149(1),3149(1),3149(1),3149(1),-,-,-,1365(1),3384(1),4704(1),-,-,-
MAHA-Govt Quota,OPEN,Maharashtra,"Govt Med Coll, Nanded",SPM,"₹1,43,300*","₹92,522",1,"₹50,00,000",750,4128(2),4495(2),4495(2),4495(2),4495(2),-,-,-,3674(1),4337(1),4707(1),-,-,-
MAHA-Govt Quota,SC,Maharashtra,"Seth GS, Mumbai",PATHOLOGY,"₹1,43,300*","₹92,522",1,"₹50,00,000",2250,3079(1),3225(1),3973(1),3655(1),3655(1),-,-,-,2866(1),4104(1),4723(1),-,-,-
MAHA-Govt Quota,ST,Maharashtra,"Topiwala, Mumbai",ENT,"₹1,43,300*","₹92,522",1,"₹50,00,000",1300,-,-,-,-,-,-,-,-,4463(1),4728(1),4728(1),-,-,-
MAHA-Govt Quota,OPEN,Maharashtra,"Panjabrao Deshmukh, Amravati",PATHOLOGY,"₹11,90,000*","₹76,429",0,₹0,760,3148(1),3821(1),4489(1),4489(1),4489(1),-,-,-,3400(1),4064(1),4735(1),-,-,-
MAHA-Govt Quota,SC Service,Maharashtra,"Lokmanya Tilak, Sion, Mumbai",PATHOLOGY,"₹1,43,300*","₹92,522",1,"₹50,00,000",1462,-,-,-,-,-,-,-,-,-,-,4743(1),-,-,-
MAHA-NRI Quota,NRI,Maharashtra,"Vasantrao Pawar, Nasik",OBG,"₹45,00,000*","₹69,105",0,₹0,1000,3907(1),3907(1),3907(1),3907(1),3907(1),-,-,-,4758(1),4758(1),4758(1),-,-,-
MAHA-Govt Quota,ST,Maharashtra,"Lokmanya Tilak, Sion, Mumbai",ANAESTHESIOLOGY,"₹1,43,300*","₹92,522",1,"₹50,00,000",1462,3378(1),4093(1),4093(1),4093(1),4093(1),-,-,-,4611(1),4759(1),4759(1),-,-,-
MAHA-Govt Quota,OPEN,Maharashtra,"Ulhas Patil Med Coll, Jalgaon",PATHOLOGY,"₹9,00,000*","₹52,769",0,₹0,500,-,-,-,-,-,-,-,-,3597(1),4101(1),4761(1),-,-,-
MAHA-Govt Quota,SEBC Service,Maharashtra,"Topiwala, Mumbai",PHARMACOLOGY,"₹1,43,300*","₹92,522",1,"₹50,00,000",1300,-,-,-,-,-,-,-,-,-,-,4765(1),-,-,-
MAHA-Govt Quota,SC-PH,Maharashtra,"Govt Med Coll, Aurangabad",ANAESTHESIOLOGY,"₹1,43,300*","₹92,522",1,"₹50,00,000",1177,-,-,-,-,-,-,-,-,-,-,4768(1),-,-,-
MAHA-Govt Quota,SEBC,Maharashtra,"Tern Med Coll, Navi Mumbai",PATHOLOGY,"₹9,54,545*","₹51,000*",0,₹0,700,-,-,-,-,-,-,-,-,4337(1),4769(1),4769(1),-,-,-
MAHA Priv-Mgmt Quota,MGT,Maharashtra,"Vasantrao Pawar, Nasik",TBRD,"₹36,00,000*","₹69,105",0,₹0,1000,2914(1),2914(1),2914(1),2914(1),2914(1),-,-,-,4783(1),4783(1),4783(1),-,-,-
MAHA-Govt Quota,SC,Maharashtra,"BJMC, Pune",ANAESTHESIOLOGY,"₹1,43,300*","₹92,522",1,"₹50,00,000",1296,-,-,-,-,-,-,-,-,2666(1),3297(1),4797(1),-,-,-
MAHA-Govt Quota,NT1,Maharashtra,"KJ Somaiyya, Mumbai",OPHTHALMOLOGY,"₹12,00,000*","₹64,000",0,₹0,550,-,-,-,-,-,-,-,-,-,-,4807(1),-,-,-
MAHA-Govt Quota,SEBC,Maharashtra,"Grant Med Coll, Mumbai",SPM,"₹1,43,300*","₹92,522",1,"₹50,00,000",2844,-,-,-,-,-,-,-,-,3641(1),4124(1),4811(1),-,-,-
MAHA Priv-Mgmt Quota,MGT,Maharashtra,"Ulhas Patil Med Coll, Jalgaon",OBG,"₹36,00,000*","₹52,769",0,₹0,500,3228(1),2618(1),3271(1),3271(1),3271(1),-,-,-,3102(1),3984(1),4825(1),-,-,-
MAHA-Govt Quota,OBC,Maharashtra,"Indira Gandhi MedColl, Nagpur",SPM,"₹1,43,300*","₹92,522",1,"₹50,00,000",822,-,-,-,-,-,-,-,-,3635(1),4415(1),4829(1),5361(1),-,-
MAHA-Govt Quota,OPEN,Maharashtra,"ACPM, Dhule",PATHOLOGY,"₹10,74,000*","₹50,000",0,₹0,570,-,-,-,-,-,-,-,-,3612(1),4831(1),4831(1),-,-,-
MAHA-Govt Quota,EWS Service,Maharashtra,"Seth GS, Mumbai",RADIO DIAGNOSIS,"₹1,43,300*","₹92,522",1,"₹50,00,000",2250,-,-,-,-,-,-,-,-,-,-,4835(1),-,-,-
MAHA Priv-Mgmt Quota,MGT,Maharashtra,"Kashibai Navale, Pune",PAEDIATRICS,"₹51,76,000*","₹76,429",0,₹0,1094,3953(2),3979(2),3979(2),3979(2),3979(2),-,-,-,3985(2),4841(2),4841(2),-,-,-
MAHA-Govt Quota,SC,Maharashtra,"Prakash Inst of MS & R, Sangli",OBG,"₹16,00,000*",Info not available,Info Not Available,Info not available,-,-,-,-,-,-,-,-,-,3574(1),3779(1),4848(1),-,-,-
MAHA-Govt Quota,OBC,Maharashtra,"BJMC, Pune",PHARMACOLOGY,"₹1,43,300*","₹92,522",1,"₹50,00,000",1296,3571(1),3998(1),3998(1),3998(1),3998(1),-,-,-,3101(1),4851(1),4851(1),-,-,-
MAHA-Govt Quota,OPEN-Orphan,Maharashtra,"Govt Med Coll, Nagpur",PHARMACOLOGY,"₹1,43,300*","₹92,522",1,"₹50,00,000",1866,-,-,-,-,-,-,-,-,-,-,4854(1),-,-,-
MAHA-NRI Quota,NRI,Maharashtra,"MIMSR, Latur",DERMATOLOGY,"₹39,31,035*","₹76,249",0,₹0,775,4224(1),4224(1),4224(1),4224(1),4224(1),-,-,-,2706(1),4856(1),4856(1),-,-,-
MAHA Priv-Mgmt Quota,MGT,Maharashtra,"KJ Somaiyya, Mumbai",PAEDIATRICS,"₹40,00,000*","₹64,000",0,₹0,550,2309(1),3642(1),3642(1),3642(1),3642(1),-,-,-,1988(1),4152(1),4858(1),-,-,-
MAHA Priv-Mgmt Quota,MGT,Maharashtra,"Vithalrao Patil, Ahmednagar",PAEDIATRICS,"₹40,00,000*","₹76,629",0,₹0,960,3341(2),3492(2),3492(2),3492(2),3492(2),-,-,-,3904(3),4706(3),4863(3),-,-,-
MAHA-Govt Quota,OPEN,Maharashtra,"Ashwini Rural, Solapur",PATHOLOGY,"₹11,81,000*",Info not available,0,₹0,520,3757(1),4285(1),4568(1),4568(1),4568(1),-,-,-,3813(1),4866(1),4866(1),-,-,-
MAHA-Govt Quota,VJ,Maharashtra,"BJMC, Pune",SPM,"₹1,43,300*","₹92,522",1,"₹50,00,000",1296,-,-,-,-,-,-,-,-,4883(1),4883(1),4883(1),-,-,-
MAHA-Govt Quota,OBC,Maharashtra,"BKL Walawalkar, Ratnagiri",PATHOLOGY,"₹9,67,000*","₹62,000",0,₹0,520,-,-,-,-,-,-,-,-,4373(1),4893(1),4893(1),-,-,-
MAHA-NRI Quota,NRI,Maharashtra,"MIMSR, Latur",GENERAL MEDICINE,"₹39,31,035*","₹76,249",0,₹0,775,4157(1),4667(1),3663(1),3663(1),3663(1),-,-,-,4593(1),4895(1),4895(1),-,-,-
MAHA-Govt Quota,OPEN Service,Maharashtra,"Seth GS, Mumbai",OBG,"₹1,43,300*","₹92,522",1,"₹50,00,000",2250,3777(1),3777(1),3777(1),3777(1),3777(1),-,-,-,4898(1),4898(1),4898(1),-,-,-
MAHA-Govt Quota,OPEN Service,Maharashtra,"Govt Med Coll, Nanded",GENERAL MEDICINE,"₹1,43,300*","₹92,522",1,"₹50,00,000",750,-,-,-,-,-,-,-,-,4900(1),4900(1),4900(1),-,-,-
MAHA-Govt Quota,ST,Maharashtra,"Grant Med Coll, Mumbai",ANAESTHESIOLOGY,"₹1,43,300*","₹92,522",1,"₹50,00,000",2844,3520(1),4229(1),4229(1),4229(1),4229(1),-,-,-,-,4901(1),4901(1),-,-,-
MAHA-Govt Quota,OPEN,Maharashtra,"BKL Walawalkar, Ratnagiri",PATHOLOGY,"₹9,67,000*","₹62,000",0,₹0,520,4221(3),4625(3),4915(3),5575(3),5575(3),-,-,-,3922(2),4735(2),4902(2),-,-,-
MAHA-Govt Quota,OBC,Maharashtra,"KJ Somaiyya, Mumbai",PATHOLOGY,"₹12,00,000*","₹64,000",0,₹0,550,-,-,-,-,-,-,-,-,4344(1),4682(1),4908(1),-,-,-
MAHA Priv-Mgmt Quota,MGT,Maharashtra,"Kashibai Navale, Pune",PATHOLOGY,"₹12,94,000*","₹76,429",0,₹0,1094,4858(2),4841(1),5007(2),5007(2),5007(2),-,-,-,4963(3),4910(3),4910(3),-,-,-
MAHA-NRI Quota,NRI,Maharashtra,"Kashibai Navale, Pune",OBG,"₹64,70,000*","₹76,429",0,₹0,1094,4222(1),-,4923(1),4923(1),4923(1),-,-,-,4917(1),4917(1),4917(1),-,-,-
MAHA-Govt Quota,SEBC,Maharashtra,"NKP Salve IMS, Nagpur",PATHOLOGY,"₹9,00,000*","₹64,551",0,₹0,1272,-,-,-,-,-,-,-,-,3864(1),4922(1),4922(1),-,-,-
MAHA-Govt Quota,SC,Maharashtra,"MGIMS, Wardha",ANAESTHESIOLOGY,"₹1,43,300*","₹89,698",1,"₹50,00,000",1000,-,-,-,-,-,-,-,-,2769(1),3751(1),4931(1),-,-,-
MAHA-Govt Quota,SC,Maharashtra,"Vasantrao Pawar, Nasik",PSYCHIATRY,"₹9,00,000*","₹69,105",0,₹0,1000,-,-,-,-,-,-,-,-,3954(1),3954(1),4937(1),-,-,-
MAHA-Govt Quota,SC,Maharashtra,"MPGIMER, Nashik",ANAESTHESIOLOGY,"₹1,43,300*","₹92,522",1,"₹50,00,000",-,2943(1),3094(1),3639(1),3639(1),3639(1),-,-,-,2916(1),3688(1),4938(1),-,-,-
MAHA Priv-Mgmt Quota,MGT,Maharashtra,"NKP Salve IMS, Nagpur",GENERAL SURGERY,"₹36,00,000*","₹64,551",0,₹0,1272,4078(6),4294(6),4294(6),4294(6),4294(6),-,-,-,4863(6),5213(6),4943(6),-,-,-
MAHA-Govt Quota,NT2,Maharashtra,"Ashwini Rural, Solapur",PATHOLOGY,"₹11,81,000*",Info not available,0,₹0,520,-,-,-,-,-,-,-,-,4059(1),4946(1),4946(1),-,-,-
MAHA Priv-Mgmt Quota,MGT,Maharashtra,"SMBT IMS, Nashik",GENERAL MEDICINE,"₹60,64,000*","₹60,000",0,₹0,850,3313(3),3627(3),3694(3),3694(3),3694(3),-,-,-,3587(3),4070(3),4949(3),-,-,-
MAHA-Govt Quota,SC,Maharashtra,"Govt Med Coll, Baramati",ANAESTHESIOLOGY,"₹1,43,300*","₹92,522",1,"₹50,00,000",310,-,-,-,-,-,-,-,-,2938(1),3739(1),4954(1),5198(1),-,-
MAHA Priv-Mgmt Quota,MGT,Maharashtra,"NKP Salve IMS, Nagpur",PAEDIATRICS,"₹36,00,000*","₹64,551",0,₹0,1272,3345(3),3436(3),3436(3),3436(3),3436(3),-,-,-,3333(3),3522(3),4956(3),-,-,-
MAHA-Govt Quota,OBC,Maharashtra,"Panjabrao Deshmukh, Amravati",PATHOLOGY,"₹11,90,000*","₹76,429",0,₹0,760,4348(1),4384(1),5134(1),5134(1),5134(1),-,-,-,4126(1),4344(1),4960(1),-,-,-
MAHA-Govt Quota,SC,Maharashtra,"SMBT IMS, Nashik",GENERAL SURGERY,"₹15,16,000*","₹60,000",0,₹0,850,-,-,-,-,-,-,-,-,3757(1),4160(1),4961(1),-,-,-
MAHA-Govt Quota,NT1,Maharashtra,"Vasantrao Pawar, Nasik",PATHOLOGY,"₹9,00,000*","₹69,105",0,₹0,1000,-,-,-,-,-,-,-,-,4807(1),4807(1),4969(1),7031(1),-,-
MAHA-Govt Quota,ST,Maharashtra,"Rajarshee CSM Govt MC,Kolhapur",ORTHOPAEDICS,"₹1,43,300*","₹92,522",1,"₹50,00,000",665,-,-,-,-,-,-,-,-,3770(1),4420(1),4972(1),-,-,-
MAHA Priv-Mgmt Quota,MGT,Maharashtra,"Prakash Inst of MS & R, Sangli",PAEDIATRICS,"₹64,00,000*",Info not available,Info Not Available,Info not available,-,-,-,-,-,-,-,-,-,4230(1),5563(1),4974(1),6438(1),6619(1),-
MAHA-Govt Quota,SC,Maharashtra,"Kashibai Navale, Pune",ANAESTHESIOLOGY,"₹12,94,000*","₹76,429",0,₹0,1094,3312(1),3802(1),3802(1),4427(1),4427(1),-,-,-,4419(1),4464(1),4976(1),-,-,-
MAHA-Govt Quota,VJ,Maharashtra,"Tern Med Coll, Navi Mumbai",ANAESTHESIOLOGY,"₹9,54,545*","₹51,000*",0,₹0,700,-,-,-,-,-,-,-,-,2950(1),4981(1),4981(1),-,-,-
MAHA-Govt Quota,ST,Maharashtra,"Govt Med Coll, Nagpur",GENERAL SURGERY,"₹1,43,300*","₹92,522",1,"₹50,00,000",1866,2413(1),2413(1),4042(1),4042(1),4042(1),-,-,-,4105(1),4488(1),4986(1),-,-,-
MAHA-Govt Quota,SEBC-PH,Maharashtra,"Topiwala, Mumbai",SPM,"₹1,43,300*","₹92,522",1,"₹50,00,000",1300,-,-,-,-,-,-,-,-,-,-,4992(1),-,-,-
MAHA-Govt Quota,NT3,Maharashtra,"NKP Salve IMS, Nagpur",PATHOLOGY,"₹9,00,000*","₹64,551",0,₹0,1272,-,-,-,-,-,-,-,-,3974(1),3974(1),5018(1),-,-,-
MAHA Priv-Mgmt Quota,MGT,Maharashtra,"BKL Walawalkar, Ratnagiri",PAEDIATRICS,"₹38,68,000*","₹62,000",0,₹0,520,-,-,-,-,-,-,-,-,3913(1),4605(1),5020(1),-,-,-
MAHA-Govt Quota,OPEN,Maharashtra,"Govt Med Coll, Nagpur",BIOCHEMISTRY,"₹1,43,300*","₹92,522",1,"₹50,00,000",1866,-,-,-,-,-,-,-,-,5023(1),5023(1),5023(1),-,-,-
MAHA-Govt Quota,SC,Maharashtra,"Lokmanya Tilak, Sion, Mumbai",DA,"₹1,43,300*","₹92,522",1,"₹50,00,000",1462,-,-,-,-,-,-,-,-,3775(1),4646(1),5025(1),-,-,-
MAHA-Govt Quota,OBC,Maharashtra,"Govt Med Coll, Miraj",SPM,"₹1,43,300*","₹92,522",1,"₹50,00,000",725,-,-,-,-,-,-,-,-,3728(1),4273(1),5027(1),-,-,-
MAHA-Govt Quota,OPEN Service,Maharashtra,"BJMC, Pune",GENERAL MEDICINE,"₹1,43,300*","₹92,522",1,"₹50,00,000",1296,-,-,-,-,-,-,-,-,5031(1),5031(1),5031(1),-,-,-
MAHA-Govt Quota,SEBC,Maharashtra,"Vedantaa Inst of MS, Palghar",TBRD,"₹19,32,000*","₹65,000",0,₹0,-,-,-,-,-,-,-,-,-,2742(1),2742(1),5033(1),-,-,-
MAHA Priv-Mgmt Quota,MGT,Maharashtra,"MIMER, Talegaon, Pune",ORTHOPAEDICS,"₹32,00,000*","₹64,551",0,₹0,720,3965(2),3965(2),3965(2),3965(2),3965(2),-,-,-,3578(2),5034(2),5034(2),-,-,-
MAHA-Govt Quota,EWS,Maharashtra,"Rajiv Gandhi MC & CSMH, Thane",SPM,"₹1,43,300*","₹92,522",1,"₹50,00,000",500,4196(1),-,4480(1),4480(1),4480(1),-,-,-,5524(1),-,5034(1),-,-,-
MAHA-Govt Quota,EWS,Maharashtra,"Govt Med Coll, Nanded",SPM,"₹1,43,300*","₹92,522",1,"₹50,00,000",750,-,-,-,-,-,-,-,-,4454(1),-,5035(1),-,-,-
MAHA-Govt Quota,SC,Maharashtra,"Vasantrao Pawar, Nasik",ENT,"₹9,00,000*","₹69,105",0,₹0,1000,-,-,-,-,-,-,-,-,4398(1),4398(1),5047(1),6638(1),6677(1),-
MAHA Priv-Mgmt Quota,MGT,Maharashtra,"NKP Salve IMS, Nagpur",TBRD,"₹36,00,000*","₹64,551",0,₹0,1272,3550(1),3600(1),3525(1),3903(1),3903(1),-,-,-,3806(2),4918(2),5049(2),-,-,-
MAHA Priv-Mgmt Quota,MGT,Maharashtra,"Ulhas Patil Med Coll, Jalgaon",PAEDIATRICS,"₹36,00,000*","₹52,769",0,₹0,500,-,-,-,-,-,-,-,-,3632(1),4704(1),5056(1),-,-,-
MAHA-Govt Quota,ST,Maharashtra,"Govt Med Coll, Nanded",TBRD,"₹1,43,300*","₹92,522",1,"₹50,00,000",750,-,-,-,-,-,-,-,-,4011(1),4317(1),5057(1),-,-,-
MAHA-Govt Quota,OPEN,Maharashtra,"Shri VR Naik Govt, Yavatmal",SPM,"₹1,43,300*","₹92,522",1,"₹50,00,000",756,-,-,-,-,-,-,-,-,4026(1),5026(1),5059(1),-,-,-
MAHA-Govt Quota,ST,Maharashtra,"BJMC, Pune",EMERGENCY MEDICINE,"₹1,43,300*","₹92,522",1,"₹50,00,000",1296,-,-,-,-,-,-,-,-,4189(1),4189(1),5060(1),-,-,-
MAHA-Govt Quota,ST,Maharashtra,"Govt Med Coll, Aurangabad",GENERAL SURGERY,"₹1,43,300*","₹92,522",1,"₹50,00,000",1177,-,-,-,-,-,-,-,-,4420(1),4425(1),5063(1),5639(1),-,-
MAHA-Govt Quota,OBC Service,Maharashtra,"Govt Med Coll, Aurangabad",RADIO DIAGNOSIS,"₹1,43,300*","₹92,522",1,"₹50,00,000",1177,-,-,-,-,-,-,-,-,5064(1),5064(1),5064(1),-,-,-
MAHA-Govt Quota,OBC,Maharashtra,"Tern Med Coll, Navi Mumbai",PATHOLOGY,"₹9,54,545*","₹51,000*",0,₹0,700,-,-,-,-,-,-,-,-,4310(1),4733(1),5065(1),-,-,-
MAHA-Govt Quota,SEBC,Maharashtra,"Vithalrao Patil, Ahmednagar",PATHOLOGY,"₹10,00,000*","₹76,629",0,₹0,960,-,-,-,-,-,-,-,-,4511(1),4465(1),5068(1),-,-,-
MAHA-Govt Quota,ST,Maharashtra,"Topiwala, Mumbai",ANAESTHESIOLOGY,"₹1,43,300*","₹92,522",1,"₹50,00,000",1300,-,-,-,-,-,-,-,-,4439(1),4439(1),5075(1),-,-,-
MAHA-Govt Quota,SC,Maharashtra,"Ashwini Rural, Solapur",GENERAL SURGERY,"₹11,81,000*","₹65,000",0,₹0,520,-,-,-,-,-,-,-,-,3575(1),3575(1),5079(1),-,-,-
MAHA-NRI Quota,NRI,Maharashtra,"Tern Med Coll, Navi Mumbai",GENERAL SURGERY,"₹47,72,725*","₹51,000*",0,₹0,700,-,-,-,-,-,-,-,-,-,-,5081(1),-,-,-
MAHA-NRI Quota,NRI,Maharashtra,"Ashwini Rural, Solapur",RADIO DIAGNOSIS,"₹59,05,000*","₹65,000",0,₹0,520,4807(1),4807(1),4807(1),4807(1),4807(1),-,-,-,4485(1),5083(1),5083(1),-,-,-
MAHA-Govt Quota,OPEN Service,Maharashtra,"MPGIMER, Nashik",GENERAL MEDICINE,"₹1,43,300*","₹92,522",1,"₹50,00,000",-,-,-,-,-,-,-,-,-,5084(1),5084(1),5084(1),-,-,-
MAHA-NRI Quota,NRI,Maharashtra,"Vasantrao Pawar, Nasik",ORTHOPAEDICS,"₹45,00,000*","₹69,105",0,₹0,1000,5049(1),5049(1),5170(2),5170(2),5170(2),-,-,-,5102(1),5102(1),5102(1),-,-,-
MAHA-Govt Quota,OPEN-Orphan,Maharashtra,"Topiwala, Mumbai",RADIO DIAGNOSIS,"₹1,43,300*","₹92,522",1,"₹50,00,000",1300,-,-,-,-,-,-,-,-,-,-,5106(1),-,-,-
MAHA Priv-Mgmt Quota,MGT,Maharashtra,"Kashibai Navale, Pune",TBRD,"₹51,76,000*","₹76,429",0,₹0,1094,4420(1),4356(1),4356(1),4356(1),4356(1),-,-,-,4476(1),5108(1),5108(1),-,-,-
MAHA Priv-Mgmt Quota,MGT,Maharashtra,"MIMER, Talegaon, Pune",GENERAL SURGERY,"₹32,00,000*","₹64,551",0,₹0,720,4170(2),3885(2),3885(2),4441(2),4441(2),-,-,-,3878(2),4243(2),5110(2),-,-,-
MAHA-Govt Quota,SC,Maharashtra,"Sajeevan Medical(ENT), Miraj",ENT,"₹9,57,500*","₹52,569",0,₹0,Info Not Available,-,-,-,-,-,-,-,-,4143(1),4617(1),5113(1),-,-,-
MAHA-Govt Quota,SC,Maharashtra,"Vithalrao Patil, Ahmednagar",OPHTHALMOLOGY,"₹10,00,000*","₹76,629",0,₹0,960,-,-,-,-,-,-,-,-,3989(1),3989(1),5135(1),-,-,-
MAHA-Govt Quota,SC,Maharashtra,"Govt Med Coll, Nagpur",SPM,"₹1,43,300*","₹92,522",1,"₹50,00,000",1866,4354(2),4383(2),4821(2),4821(2),4821(2),-,-,-,4417(1),5142(1),5142(1),-,-,-
MAHA-NRI Quota,NRI,Maharashtra,"Kashibai Navale, Pune",GENERAL MEDICINE,"₹64,70,000*","₹76,429",0,₹0,1094,4251(2),4251(2),4251(2),4251(2),4251(2),-,-,-,2762(1),2762(1),5144(1),-,-,-
MAHA Priv-Mgmt Quota,MGT,Maharashtra,"Tern Med Coll, Navi Mumbai",PAEDIATRICS,"₹38,18,180*","₹51,000*",0,₹0,700,-,-,-,-,-,-,-,-,-,-,5150(1),5298(1),-,-
MAHA-Govt Quota,VJ,Maharashtra,"Pimpri Chinchwad, Pimpri",MICROBIOLOGY,"₹1,43,300*","₹92,522",1,"₹50,00,000",750,-,-,-,-,-,-,-,-,4868(1),-,5151(1),-,-,-
MAHA-Govt Quota,SC,Maharashtra,"Tern Med Coll, Navi Mumbai",ANAESTHESIOLOGY,"₹9,54,545*","₹51,000*",0,₹0,700,-,-,-,-,-,-,-,-,4031(1),4419(1),5152(1),-,-,-
MAHA Priv-Mgmt Quota,MGT,Maharashtra,"NKP Salve IMS, Nagpur",ENT,"₹27,00,000*","₹64,551",0,₹0,1272,4671(2),4840(2),4840(2),4840(2),4840(2),-,-,-,4662(3),5153(3),5153(3),-,-,-
MAHA-Govt Quota,ST,Maharashtra,"Govt Med Coll, Aurangabad",ANAESTHESIOLOGY,"₹1,43,300*","₹92,522",1,"₹50,00,000",1177,-,-,-,-,-,-,-,-,4822(1),4936(1),5159(1),-,-,-
MAHA-Govt Quota,SC,Maharashtra,"BKL Walawalkar, Ratnagiri",ANAESTHESIOLOGY,"₹9,67,000*","₹62,000",0,₹0,520,-,-,-,-,-,-,-,-,4316(1),4797(1),5161(1),-,-,-
MAHA-Govt Quota,SEBC,Maharashtra,"Rajiv Gandhi MC & CSMH, Thane",PHARMACOLOGY,"₹1,43,300*","₹92,522",1,"₹50,00,000",500,-,-,-,-,-,-,-,-,4324(1),4765(1),5163(1),-,-,-
MAHA-Govt Quota,SC,Maharashtra,"BJMC, Pune",PATHOLOGY,"₹1,43,300*","₹92,522",1,"₹50,00,000",1296,3071(1),3071(1),4629(1),4629(1),4629(1),-,-,-,2972(1),4275(1),5168(1),-,-,-
MAHA-Govt Quota,OBC,Maharashtra,"Govt Med Coll, Nagpur",PHARMACOLOGY,"₹1,43,300*","₹92,522",1,"₹50,00,000",1866,4207(2),4880(2),5941(2),5941(2),5941(2),-,-,-,3965(2),5169(2),5169(2),-,-,-
MAHA-Govt Quota,EWS,Maharashtra,"Govt Med Coll, Aurangabad",SPM,"₹1,43,300*","₹92,522",1,"₹50,00,000",1177,4449(1),4313(1),4313(1),4313(1),4313(1),-,-,-,5000(1),5174(1),5174(1),-,-,-
MAHA-Govt Quota,SC,Maharashtra,"Ulhas Patil Med Coll, Jalgaon",EMERGENCY MEDICINE,"₹9,00,000*","₹52,769",0,₹0,500,-,-,-,-,-,-,-,-,3831(1),3831(1),5178(1),-,-,-
MAHA-Govt Quota,SC,Maharashtra,"Govt Med Coll, Aurangabad",PATHOLOGY,"₹1,43,300*","₹92,522",1,"₹50,00,000",1177,3370(1),3650(1),4578(1),4578(1),4578(1),-,-,-,3025(1),4414(1),5183(1),-,-,-
MAHA-Govt Quota,SC,Maharashtra,"Govt Med Coll, Nagpur",PATHOLOGY,"₹1,43,300*","₹92,522",1,"₹50,00,000",1866,3161(1),3370(1),4116(1),4116(1),4116(1),-,-,-,2668(1),3949(1),5185(1),-,-,-
MAHA Priv-Mgmt Quota,MGT,Maharashtra,"NKP Salve IMS, Nagpur",ORTHOPAEDICS,"₹36,00,000*","₹64,551",0,₹0,1272,3839(3),3816(3),3816(3),3816(3),3816(3),-,-,-,3861(3),5016(3),5186(3),-,-,-
MAHA Priv-Mgmt Quota,MGT,Maharashtra,"Kashibai Navale, Pune",ENT,"₹38,82,000*","₹76,429",0,₹0,1094,4744(1),4790(1),4790(1),4790(1),4790(1),-,-,-,5146(1),5189(1),5189(1),-,-,-
MAHA-Govt Quota,SEBC,Maharashtra,"Rajarshee CSM Govt MC,Kolhapur",SPM,"₹1,43,300*","₹92,522",1,"₹50,00,000",665,-,-,-,-,-,-,-,-,4301(1),4811(1),5193(1),-,-,-
MAHA Priv-Mgmt Quota,MGT,Maharashtra,"MIMSR, Latur",ORTHOPAEDICS,"₹31,30,428*","₹76,249",0,₹0,775,4006(1),4006(1),4006(1),4006(1),4006(1),-,-,-,3661(1),5203(1),5203(1),-,-,-
MAHA-Govt Quota,OBC,Maharashtra,"Govt Med Coll, Nanded",SPM,"₹1,43,300*","₹92,522",1,"₹50,00,000",750,4166(1),4656(1),5016(1),5016(1),5016(1),-,-,-,4263(1),4523(1),5207(1),-,-,-
MAHA-Govt Quota,SC Service,Maharashtra,"Govt Med Coll, Nagpur",RADIO DIAGNOSIS,"₹1,43,300*","₹92,522",1,"₹50,00,000",1866,-,-,-,-,-,-,-,-,5209(1),5209(1),5209(1),-,-,-
MAHA-Govt Quota,SC-PH,Maharashtra,"Topiwala, Mumbai",PATHOLOGY,"₹1,43,300*","₹92,522",1,"₹50,00,000",1300,-,-,-,-,-,-,-,-,-,-,5225(1),-,-,-
MAHA-Govt Quota,OBC,Maharashtra,"Indira Gandhi MedColl, Nagpur",MICROBIOLOGY,"₹1,43,300*","₹92,522",1,"₹50,00,000",822,-,-,-,-,-,-,-,-,5227(1),5227(1),5227(1),-,-,-
MAHA-Govt Quota,SC,Maharashtra,"Grant Med Coll, Mumbai",PATHOLOGY,"₹1,43,300*","₹92,522",1,"₹50,00,000",2844,3185(2),3559(2),4148(2),4148(2),4148(2),-,-,-,2983(1),4145(1),5237(1),5180(1),6422(1),-
MAHA-Govt Quota,OPEN,Maharashtra,"Topiwala, Mumbai",MICROBIOLOGY,"₹1,43,300*","₹92,522",1,"₹50,00,000",1300,3743(1),3743(1),5524(1),5524(1),5524(1),-,-,-,3695(1),4541(1),5244(1),-,-,-
MAHA Priv-Mgmt Quota,MGT,Maharashtra,"Vasantrao Pawar, Nasik",PSYCHIATRY,"₹36,00,000*","₹69,105",0,₹0,1000,4242(1),4842(1),4842(1),4842(1),4842(1),-,-,-,4578(1),5260(1),5249(1),6404(1),-,-
MAHA-Govt Quota,SC,Maharashtra,"Vedantaa Inst of MS, Palghar",GENERAL SURGERY,"₹19,32,000*","₹65,000",0,₹0,-,3589(1),3793(1),3996(1),3996(1),3996(1),-,-,-,3762(1),4416(1),5251(1),5685(1),5540(1),-
MAHA-Govt Quota,OBC Service,Maharashtra,"Tata Memorial, Mumbai",RADIO DIAGNOSIS,"₹1,05,500*","₹1,00,800",1*,"₹25,00,000*",614,-,-,-,-,-,-,-,-,5256(1),5256(1),5256(1),-,-,-
MAHA Priv-Mgmt Quota,MGT,Maharashtra,"BKL Walawalkar, Ratnagiri",OBG,"₹38,68,000*","₹62,000",0,₹0,520,3626(1),3626(1),3626(1),3626(1),3626(1),-,-,-,3058(1),4008(1),5257(1),-,-,-
MAHA-Govt Quota,OBC,Maharashtra,"Govt Med Coll, Akola",SPM,"₹1,43,300*","₹92,522",1,"₹50,00,000",840,-,-,-,-,-,-,-,-,3793(1),4494(1),5259(1),-,-,-
MAHA Priv-Mgmt Quota,MGT,Maharashtra,"Kashibai Navale, Pune",PSYCHIATRY,"₹38,82,000*","₹76,429",0,₹0,1094,3351(1),4792(1),4792(1),4792(1),4792(1),-,-,-,2786(1),4309(1),5260(1),-,-,-
MAHA-NRI Quota,NRI,Maharashtra,"MIMER, Talegaon, Pune",GENERAL MEDICINE,"₹40,00,000*","₹64,551",0,₹0,720,4161(1),4367(1),3205(1),3205(1),3205(1),-,-,-,3964(1),4836(1),5270(1),-,-,-
MAHA-Govt Quota,ST,Maharashtra,"VMMC, Solapur",ANAESTHESIOLOGY,"₹1,43,300*","₹92,522",1,"₹50,00,000",763,-,-,-,-,-,-,-,-,4901(1),5039(1),5274(1),6045(1),-,-
MAHA Priv-Mgmt Quota,MGT,Maharashtra,"Ulhas Patil Med Coll, Jalgaon",GENERAL SURGERY,"₹36,00,000*","₹52,769",0,₹0,500,4191(1),4302(1),4302(1),4302(1),4302(1),-,-,-,4872(2),5669(2),5277(2),-,-,-
MAHA-Govt Quota,OBC Service-PH,Maharashtra,"Govt Med Coll, Latur",RADIO DIAGNOSIS,"₹1,43,300*","₹92,522",1,"₹50,00,000",750,-,-,-,-,-,-,-,-,-,-,5278(1),-,-,-
MAHA-Govt Quota,OBC,Maharashtra,"Vedantaa Inst of MS, Palghar",PSYCHIATRY,"₹19,32,000*","₹65,000",0,₹0,-,-,-,-,-,-,-,-,-,3136(1),3261(1),5295(1),-,-,-
MAHA-Govt Quota,OBC,Maharashtra,"MIMSR, Latur",PATHOLOGY,"₹7,82,607*","₹76,249",0,₹0,775,-,-,-,-,-,-,-,-,3261(1),4513(1),5304(1),-,-,-
MAHA-NRI Quota,NRI,Maharashtra,"Panjabrao Deshmukh, Amravati",DERMATOLOGY,"₹59,50,000*","₹76,429",0,₹0,760,-,-,-,-,-,-,-,-,2939(1),5306(1),5306(1),-,-,-
MAHA Priv-Mgmt Quota,MGT,Maharashtra,"IIMSR, Jalna",ORTHOPAEDICS,"₹36,00,000*","₹64,551",0,₹0,Info Not Available,4234(2),4212(2),3804(1),3804(1),3804(1),-,-,-,5587(2),5651(2),5307(1),-,-,-
MAHA-Govt Quota,OPEN Service,Maharashtra,"VMMC, Solapur",DERMATOLOGY,"₹1,43,300*","₹92,522",1,"₹50,00,000",763,-,-,-,-,-,-,-,-,-,5309(1),5309(1),-,-,-
MAHA-Govt Quota,SC,Maharashtra,"Vithalrao Patil, Ahmednagar",ANAESTHESIOLOGY,"₹10,00,000*","₹76,629",0,₹0,960,-,-,-,-,-,-,-,-,4411(1),4288(1),5312(1),-,-,-
MAHA Priv-Mgmt Quota,MGT,Maharashtra,"MIMER, Talegaon, Pune",OPHTHALMOLOGY,"₹32,00,000*","₹64,551",0,₹0,720,4217(2),4418(2),4418(2),4418(2),4418(2),-,-,-,3283(1),5126(1),5313(1),-,-,-
MAHA Priv-Mgmt Quota,MGT,Maharashtra,"Vedantaa Inst of MS, Palghar",RADIO DIAGNOSIS,"₹77,28,000*","₹65,000",0,₹0,-,2911(1),4905(1),2349(1),4859(1),4859(1),-,-,-,3009(1),5314(1),5314(1),-,-,-
MAHA-Govt Quota,ST,Maharashtra,"Govt Med Coll, Aurangabad",SPM,"₹1,43,300*","₹92,522",1,"₹50,00,000",1177,4516(1),-,5098(1),5761(1),5761(1),-,-,-,5322(1),5322(1),5322(1),-,-,-
MAHA Priv-Min Quota,Minority,Maharashtra,"IIMSR, Jalna",DERMATOLOGY,"₹9,00,000*","₹64,551",0,₹0,Info Not Available,597(1),965(1),965(1),965(1),965(1),-,-,-,802(1),802(1),5331(2),-,-,-
MAHA-Govt Quota,OPEN,Maharashtra,"SRTT, Ambajogai",SPM,"₹1,43,300*","₹92,522",1,"₹50,00,000",518,4286(2),4708(2),4713(2),4713(2),4713(2),-,-,-,3486(1),4771(1),5334(1),5438(1),-,-
MAHA-Govt Quota,SEBC,Maharashtra,"Govt Med Coll, Baramati",SPM,"₹1,43,300*","₹92,522",1,"₹50,00,000",310,-,-,-,-,-,-,-,-,4823(1),5340(1),5340(1),-,-,-
MAHA-Govt Quota,NT2,Maharashtra,"NKP Salve IMS, Nagpur",PSYCHIATRY,"₹9,00,000*","₹64,551",0,₹0,1272,-,-,-,-,-,-,-,-,2856(1),2958(1),5341(1),-,-,-
MAHA-Govt Quota,ST,Maharashtra,"SRTT, Ambajogai",ANAESTHESIOLOGY,"₹1,43,300*","₹92,522",1,"₹50,00,000",518,-,-,-,-,-,-,-,-,4882(1),5075(1),5348(1),6090(1),-,-
MAHA-Govt Quota,EWS,Maharashtra,"Govt Med Coll, Nagpur",SPM,"₹1,43,300*","₹92,522",1,"₹50,00,000",1866,-,-,-,-,-,-,-,-,4517(1),-,5349(1),-,-,-
MAHA-Govt Quota,EWS Service,Maharashtra,"Govt Med Coll, Nanded",MICROBIOLOGY,"₹1,43,300*","₹92,522",1,"₹50,00,000",750,-,-,-,-,-,-,-,-,-,-,5351(1),-,-,-
MAHA-Govt Quota,OPEN,Maharashtra,"VMMC, Solapur",PHARMACOLOGY,"₹1,43,300*","₹92,522",1,"₹50,00,000",763,-,-,-,-,-,-,-,-,3915(1),3915(1),5354(1),-,-,-
MAHA-Govt Quota,ST,Maharashtra,"Vedantaa Inst of MS, Palghar",DERMATOLOGY,"₹19,32,000*","₹65,000",0,₹0,-,-,-,-,-,-,-,-,-,5356(1),5356(1),5356(1),-,-,-
MAHA-Govt Quota,NT1,Maharashtra,"BJMC, Pune",FORENSIC MEDICINE,"₹1,43,300*","₹92,522",1,"₹50,00,000",1296,-,-,-,-,-,-,-,-,5138(1),-,5359(1),-,-,-
MAHA-Govt Quota,OPEN,Maharashtra,"Govt Med Coll, Miraj",PHARMACOLOGY,"₹1,43,300*","₹92,522",1,"₹50,00,000",725,-,-,-,-,-,-,-,-,4305(1),4168(1),5362(1),-,-,-
MAHA-NRI Quota,NRI,Maharashtra,"NKP Salve IMS, Nagpur",OBG,"₹45,00,000*","₹64,551",0,₹0,1272,4169(2),4330(2),4330(2),4330(2),4330(2),-,-,-,4923(2),5363(2),5363(2),-,-,-
MAHA-Govt Quota,ST,Maharashtra,"Tata Memorial, Mumbai",ANAESTHESIOLOGY,"₹1,05,500*","₹1,00,800",1*,"₹25,00,000*",614,3326(1),4056(1),4266(1),4266(1),4266(1),-,-,-,4666(1),4011(1),5364(1),-,-,-
MAHA-Govt Quota,ST-PH,Maharashtra,"MPGIMER, Nashik",ANAESTHESIOLOGY,"₹1,43,300*","₹92,522",1,"₹50,00,000",-,-,-,-,-,-,-,-,-,-,-,5367(1),-,-,-
MAHA-NRI Quota,NRI,Maharashtra,"MIMSR, Latur",OBG,"₹39,31,035*","₹76,249",0,₹0,775,4637(1),4637(1),4637(1),4637(1),4637(1),-,-,-,5368(1),5368(1),5368(1),-,-,-
MAHA-Govt Quota,EWS,Maharashtra,"HBT & RN Cooper, Mumbai",PHARMACOLOGY,"₹1,43,300*","₹92,522",1,"₹50,00,000",940,-,-,-,-,-,-,-,-,4392(1),5369(1),5369(1),-,-,-
MAHA-NRI Quota,NRI,Maharashtra,"Vasantrao Pawar, Nasik",PAEDIATRICS,"₹45,00,000*","₹69,105",0,₹0,1000,-,-,4898(1),4898(1),4898(1),-,-,-,5037(1),5372(1),5372(1),-,-,-
MAHA Priv-Mgmt Quota,MGT,Maharashtra,"Ashwini Rural, Solapur",OBG,"₹47,24,000*","₹65,000",0,₹0,520,3682(2),3768(2),3478(2),3478(2),3478(2),-,-,-,3732(2),4480(2),5374(2),-,-,-
MAHA-Govt Quota,OPEN,Maharashtra,"Govt Med Coll, Chandrapur",SPM,"₹1,43,300*","₹92,522",1,"₹50,00,000",650,-,-,-,-,-,-,-,-,3897(1),5059(1),5376(1),-,-,-
MAHA Priv-Mgmt Quota,MGT,Maharashtra,"Ulhas Patil Med Coll, Jalgaon",TBRD,"₹36,00,000*","₹52,769",0,₹0,500,3779(1),3779(1),3779(1),3779(1),3779(1),-,-,-,4833(1),5049(1),5384(1),6092(1),6522(1),-
MAHA-NRI Quota,NRI,Maharashtra,"MIMER, Talegaon, Pune",GENERAL SURGERY,"₹40,00,000*","₹64,551",0,₹0,720,-,-,6008(1),6008(1),6008(1),-,-,-,5389(1),5389(1),5389(1),-,-,-
MAHA-Govt Quota,SEBC,Maharashtra,"Govt Med Coll, Nagpur",SPM,"₹1,43,300*","₹92,522",1,"₹50,00,000",1866,-,-,-,-,-,-,-,-,4124(1),4992(1),5394(1),-,-,-
MAHA Priv-Mgmt Quota,MGT,Maharashtra,"Ashwini Rural, Solapur",OPHTHALMOLOGY,"₹47,24,000*","₹65,000",0,₹0,520,-,-,-,-,-,-,-,-,5126(1),5406(1),5406(1),-,-,-
MAHA-Govt Quota,OPEN Service,Maharashtra,"Lokmanya Tilak, Sion, Mumbai",DERMATOLOGY,"₹1,43,300*","₹92,522",1,"₹50,00,000",1462,-,-,-,-,-,-,-,-,5414(1),5414(1),5414(1),-,-,-
MAHA-Govt Quota,OPEN Service-PH,Maharashtra,"Shri VR Naik Govt, Yavatmal",MICROBIOLOGY,"₹1,43,300*","₹92,522",1,"₹50,00,000",756,-,-,-,-,-,-,-,-,-,-,5415(1),-,-,-
MAHA-NRI Quota,NRI,Maharashtra,"Vithalrao Patil, Ahmednagar",GENERAL MEDICINE,"₹50,00,000*","₹76,629",0,₹0,960,-,-,-,-,-,-,-,-,2565(1),2565(1),5417(1),-,-,-
MAHA-Govt Quota,ST,Maharashtra,"Ulhas Patil Med Coll, Jalgaon",PSYCHIATRY,"₹9,00,000*","₹52,769",0,₹0,500,-,-,-,-,-,-,-,-,6620(1),-,5418(1),-,-,-
MAHA-NRI Quota,NRI,Maharashtra,"Vithalrao Patil, Ahmednagar",ORTHOPAEDICS,"₹50,00,000*","₹76,629",0,₹0,960,-,-,4973(1),4973(1),4973(1),-,-,-,5423(1),5423(1),5423(1),-,-,-
MAHA Priv-Min Quota,Minority,Maharashtra,"IIMSR, Jalna",GENERAL SURGERY,"₹9,00,000*","₹64,551",0,₹0,Info Not Available,1719(2),2026(2),3457(2),3457(2),3457(2),-,-,-,1708(2),1612(2),5424(3),-,-,-
MAHA-Govt Quota,NT2,Maharashtra,"Topiwala, Mumbai",PHARMACOLOGY,"₹1,43,300*","₹92,522",1,"₹50,00,000",1300,-,-,-,-,-,-,-,-,5437(1),5437(1),5437(1),-,-,-
MAHA-Govt Quota,SEBC,Maharashtra,"Vedantaa Inst of MS, Palghar",ENT,"₹19,32,000*","₹65,000",0,₹0,-,-,-,-,-,-,-,-,-,3312(1),4166(1),5441(1),-,-,-
MAHA-Govt Quota,SC,Maharashtra,"Govt Med Coll, Latur",PATHOLOGY,"₹1,43,300*","₹92,522",1,"₹50,00,000",750,-,-,-,-,-,-,-,-,3654(1),4432(1),5443(1),5767(1),6438(1),-
MAHA Priv-Mgmt Quota,MGT,Maharashtra,"KJ Somaiyya, Mumbai",PATHOLOGY,"₹24,00,000*","₹64,000",0,₹0,550,-,-,5182(1),5182(1),5182(1),-,-,-,6319(1),3844(1),5444(1),-,-,-
MAHA-Govt Quota,OPEN,Maharashtra,"Govt Med Coll, Gondia",SPM,"₹1,43,300*","₹92,522",1,"₹50,00,000",500,4567(1),5017(1),4941(1),4941(1),4941(1),-,-,-,3929(1),5035(1),5448(1),-,-,-
MAHA-Govt Quota,SEBC,Maharashtra,"Ulhas Patil Med Coll, Jalgaon",PATHOLOGY,"₹9,00,000*","₹52,769",0,₹0,500,-,-,-,-,-,-,-,-,4922(1),5451(1),5451(1),-,-,-
MAHA Priv-Mgmt Quota,MGT,Maharashtra,"BKL Walawalkar, Ratnagiri",ORTHOPAEDICS,"₹38,68,000*","₹62,000",0,₹0,520,4434(1),4434(1),4434(1),4434(1),4434(1),-,-,-,4377(1),5460(1),5460(1),-,-,-
MAHA-Govt Quota,ST,Maharashtra,"Vithalrao Patil, Ahmednagar",ORTHOPAEDICS,"₹10,00,000*","₹76,629",0,₹0,960,-,-,-,-,-,-,-,-,5472(1),5472(1),5472(1),-,-,-
MAHA-Govt Quota,ST,Maharashtra,"BJMC, Pune",ENT,"₹1,43,300*","₹92,522",1,"₹50,00,000",1296,3197(1),4079(1),4079(1),4079(1),4079(1),-,-,-,4497(1),4810(1),5473(1),-,-,-
MAHA-NRI Quota,NRI,Maharashtra,"Ulhas Patil Med Coll, Jalgaon",GENERAL MEDICINE,"₹45,00,000*","₹52,769",0,₹0,500,4803(1),4803(1),4803(1),4803(1),4803(1),-,-,-,4641(1),5243(1),5477(1),-,-,-
MAHA-Govt Quota,NT2,Maharashtra,"Govt Med Coll, Akola",SPM,"₹1,43,300*","₹92,522",1,"₹50,00,000",840,-,-,-,-,-,-,-,-,4120(1),5341(1),5478(1),-,-,-
MAHA-Govt Quota,ST,Maharashtra,"MIMER, Talegaon, Pune",ORTHOPAEDICS,"₹8,00,000*","₹64,551",0,₹0,720,-,-,-,-,-,-,-,-,5487(1),5487(1),5487(1),-,-,-
MAHA-Govt Quota,OPEN,Maharashtra,"Grant Med Coll, Mumbai",MICROBIOLOGY,"₹1,43,300*","₹92,522",1,"₹50,00,000",2844,3594(2),4310(2),5353(2),5353(2),5353(2),-,-,-,3084(1),3695(1),5490(1),-,-,-
MAHA-Govt Quota,ST,Maharashtra,"NKP Salve IMS, Nagpur",OBG,"₹9,00,000*","₹64,551",0,₹0,1272,-,-,-,-,-,-,-,-,5492(1),5492(1),5492(1),-,-,-
MAHA Priv-Mgmt Quota,MGT,Maharashtra,"Panjabrao Deshmukh, Amravati",PAEDIATRICS,"₹47,60,000*","₹76,429",0,₹0,760,-,-,-,-,-,-,-,-,3988(1),4858(1),5498(1),-,-,-
MAHA-Govt Quota,EWS,Maharashtra,"MPGIMER, Nashik",MICROBIOLOGY,"₹1,43,300*","₹92,522",1,"₹50,00,000",-,-,-,-,-,-,-,-,-,5508(1),5508(1),5508(1),-,-,-
MAHA-Govt Quota,ST,Maharashtra,"Govt Med Coll, Nagpur",ENT,"₹1,43,300*","₹92,522",1,"₹50,00,000",1866,-,-,-,-,-,-,-,-,4728(1),4972(1),5514(1),-,-,-
MAHA-Govt Quota,EWS,Maharashtra,"Grant Med Coll, Mumbai",SPM,"₹1,43,300*","₹92,522",1,"₹50,00,000",2844,4188(1),4196(1),6503(1),6503(1),6503(1),-,-,-,3986(1),5524(1),5524(1),-,-,-
MAHA Priv-Mgmt Quota,MGT,Maharashtra,"SMBT IMS, Nashik",OBG,"₹60,64,000*","₹60,000",0,₹0,850,3869(1),3682(1),3682(1),3682(1),3682(1),-,-,-,3947(1),4825(1),5526(1),-,-,-
MAHA Priv-Mgmt Quota,MGT,Maharashtra,"Vasantrao Pawar, Nasik",ENT,"₹36,00,000*","₹69,105",0,₹0,1000,3350(1),4753(1),4753(1),4753(1),4753(1),-,-,-,5056(1),5529(1),5529(1),-,-,-
MAHA-Govt Quota,SEBC,Maharashtra,"SRTT, Ambajogai",SPM,"₹1,43,300*","₹92,522",1,"₹50,00,000",518,-,-,-,-,-,-,-,-,5078(1),5532(1),5532(1),-,-,-
MAHA-Govt Quota,OBC Service,Maharashtra,"BJMC, Pune",ANAESTHESIOLOGY,"₹1,43,300*","₹92,522",1,"₹50,00,000",1296,-,-,-,-,-,-,-,-,5536(1),5536(1),5536(1),-,-,-
MAHA-Govt Quota,OPEN,Maharashtra,"BJMC, Pune",PHYSIOLOGY,"₹1,43,300*","₹92,522",1,"₹50,00,000",1296,4239(1),5043(1),5465(1),-,-,-,-,-,5544(1),5544(1),5544(1),-,-,-
MAHA Priv-Mgmt Quota,MGT,Maharashtra,"Kashibai Navale, Pune",ANAESTHESIOLOGY,"₹25,88,000*","₹76,429",0,₹0,1094,5046(3),5008(6),5008(7),5008(7),5008(7),-,-,-,5247(7),5546(7),5546(7),-,-,-
MAHA-Govt Quota,OPEN,Maharashtra,"Govt Med Coll, Aurangabad",MICROBIOLOGY,"₹1,43,300*","₹92,522",1,"₹50,00,000",1177,3984(1),4288(1),4288(1),4288(1),4288(1),-,-,-,4541(2),5021(2),5547(2),-,-,-
MAHA-NRI Quota,NRI,Maharashtra,"Vithalrao Patil, Ahmednagar",OPHTHALMOLOGY,"₹50,00,000*","₹76,629",0,₹0,960,-,-,-,-,-,-,-,-,5550(1),5550(1),5550(1),-,-,-
MAHA-Govt Quota,OPEN Service,Maharashtra,"Grant Med Coll, Mumbai",MICROBIOLOGY,"₹1,43,300*","₹92,522",1,"₹50,00,000",2844,-,-,5854(1),5854(1),5854(1),-,-,-,-,-,5551(1),-,-,-
MAHA-Govt Quota,OBC-PH,Maharashtra,"HBT & RN Cooper, Mumbai",PHARMACOLOGY,"₹1,43,300*","₹92,522",1,"₹50,00,000",940,-,-,-,-,-,-,-,-,-,-,5558(1),-,-,-
MAHA Priv-Min Quota,Minority,Maharashtra,"IIMSR, Jalna",PAEDIATRICS,"₹9,00,000*","₹64,551",0,₹0,Info Not Available,1006(1),1427(1),2064(1),2517(1),2517(1),-,-,-,997(1),1452(1),5559(2),-,-,-
MAHA-Govt Quota,EWS,Maharashtra,"Govt Med Coll, Miraj",SPM,"₹1,43,300*","₹92,522",1,"₹50,00,000",725,-,-,-,-,-,-,-,-,5174(1),-,5568(1),5356(1),-,-
MAHA-Govt Quota,SC,Maharashtra,"Indira Gandhi MedColl, Nagpur",PHARMACOLOGY,"₹1,43,300*","₹92,522",1,"₹50,00,000",822,4966(1),-,5582(1),6540(1),-,-,-,4518(1),5225(1),5571(1),5571(1),-,-,-
MAHA-NRI Quota,NRI,Maharashtra,"BKL Walawalkar, Ratnagiri",GENERAL MEDICINE,"₹48,35,000*","₹62,000",0,₹0,520,-,-,4950(1),4950(1),4950(1),-,-,-,4648(1),5271(1),5577(1),-,-,-
MAHA-Govt Quota,ST,Maharashtra,"Govt Med Coll, Jalgaon",ANAESTHESIOLOGY,"₹1,43,300*","₹92,522",1,"₹50,00,000",441,-,-,-,-,-,-,-,-,-,5095(1),5580(1),5810(1),-,-
MAHA Priv-Mgmt Quota,MGT,Maharashtra,"Ulhas Patil Med Coll, Jalgaon",EMERGENCY MEDICINE,"₹36,00,000*","₹52,769",0,₹0,500,-,-,-,-,-,-,-,-,4706(1),5591(1),5591(1),-,-,-
MAHA-Govt Quota,ST,Maharashtra,"Govt Med Coll, Nagpur",SPM,"₹1,43,300*","₹92,522",1,"₹50,00,000",1866,4361(1),4361(1),4361(1),4361(1),4361(1),-,-,-,5060(1),5593(1),5593(1),-,-,-
MAHA-NRI Quota,NRI,Maharashtra,"Sancheti Inst Of Ortho, Pune",ORTHOPAEDICS,"₹45,00,000*","₹77,000",0,₹0,Info Not Available,4834(3),4834(3),4834(3),4834(3),4834(3),-,-,-,5523(3),5597(3),5597(3),-,-,-
MAHA Priv-Mgmt Quota,MGT,Maharashtra,"KJ Somaiyya, Mumbai",ANAESTHESIOLOGY,"₹24,00,000*","₹64,000",0,₹0,550,-,-,-,-,-,-,-,-,5637(3),5475(3),5601(3),-,-,-
MAHA-Govt Quota,OBC,Maharashtra,"Govt Med Coll, Nagpur",MICROBIOLOGY,"₹1,43,300*","₹92,522",1,"₹50,00,000",1866,-,-,-,-,-,-,-,-,5431(2),5605(2),5605(2),-,6150(1),-
MAHA-NRI Quota,NRI,Maharashtra,"Kashibai Navale, Pune",PSYCHIATRY,"₹38,82,000*","₹76,429",0,₹0,1094,-,-,-,-,-,-,-,-,5611(1),5611(1),5611(1),-,-,-
MAHA-Govt Quota,SC,Maharashtra,"Panjabrao Deshmukh, Amravati",ANAESTHESIOLOGY,"₹11,90,000*","₹76,429",0,₹0,760,-,-,-,-,-,-,-,-,4581(1),4031(1),5618(1),-,-,-
MAHA-Govt Quota,OBC,Maharashtra,"Lokmanya Tilak, Sion, Mumbai",MICROBIOLOGY,"₹1,43,300*","₹92,522",1,"₹50,00,000",1462,-,5058(1),6273(1),6273(1),6273(1),-,-,-,4329(1),5627(1),5627(1),-,-,-
MAHA-Govt Quota,EWS,Maharashtra,"Lokmanya Tilak, Sion, Mumbai",BIOCHEMISTRY,"₹1,43,300*","₹92,522",1,"₹50,00,000",1462,-,-,-,-,-,-,-,-,-,-,5629(1),-,-,-
MAHA Priv-Mgmt Quota,MGT,Maharashtra,"KJ Somaiyya, Mumbai",GENERAL SURGERY,"₹48,00,000*","₹64,000",0,₹0,550,-,-,-,-,-,-,-,-,-,5525(2),5637(2),-,-,-
MAHA Priv-Mgmt Quota,MGT,Maharashtra,"SMBT IMS, Nashik",OPHTHALMOLOGY,"₹60,64,000*","₹60,000",0,₹0,850,4633(1),4633(1),4633(1),4633(1),4633(1),-,-,-,5308(1),5640(1),5640(1),-,-,-
MAHA Priv-Mgmt Quota,MGT,Maharashtra,"Kashibai Navale, Pune",GENERAL SURGERY,"₹51,76,000*","₹76,429",0,₹0,1094,3468(3),4627(3),4461(3),4461(3),4461(3),-,-,-,4803(3),5637(3),5644(3),-,-,-
MAHA-NRI Quota,NRI,Maharashtra,"Tern Med Coll, Navi Mumbai",OBG,"₹47,72,725*","₹51,000*",0,₹0,700,-,-,-,-,-,-,-,-,3515(1),5646(1),5645(1),-,-,-
MAHA-Govt Quota,EWS,Maharashtra,"HBT & RN Cooper, Mumbai",SPM,"₹1,43,300*","₹92,522",1,"₹50,00,000",940,-,-,-,-,-,-,-,-,5369(1),5650(1),5650(1),-,-,-
MAHA Priv-Mgmt Quota,MGT,Maharashtra,"BKL Walawalkar, Ratnagiri",GENERAL SURGERY,"₹38,68,000*","₹62,000",0,₹0,520,4788(3),4788(1),4788(3),4788(3),4788(3),-,-,-,5061(3),5652(3),5652(3),-,-,-
MAHA-Govt Quota,OPEN,Maharashtra,"Govt Med Coll, Nagpur",FORENSIC MEDICINE,"₹1,43,300*","₹92,522",1,"₹50,00,000",1866,-,-,-,-,-,-,-,-,4754(1),5656(1),5656(1),-,-,-
MAHA-Govt Quota,SC,Maharashtra,"Govt Med Coll, Aurangabad",MICROBIOLOGY,"₹1,43,300*","₹92,522",1,"₹50,00,000",1177,4926(1),-,6275(1),6275(1),6275(1),-,-,-,5660(1),5660(1),5660(1),-,-,-
MAHA-Govt Quota,ST,Maharashtra,"Shri VR Naik Govt, Yavatmal",ANAESTHESIOLOGY,"₹1,43,300*","₹92,522",1,"₹50,00,000",756,-,-,-,-,-,-,-,-,4936(1),5060(1),5670(1),-,-,-
MAHA-Govt Quota,NT1 Service,Maharashtra,"Lokmanya Tilak, Sion, Mumbai",MICROBIOLOGY,"₹1,43,300*","₹92,522",1,"₹50,00,000",1462,-,-,-,-,-,-,-,-,-,-,5675(1),-,-,-
MAHA-Govt Quota,SC,Maharashtra,"Rajarshee CSM Govt MC,Kolhapur",PATHOLOGY,"₹1,43,300*","₹92,522",1,"₹50,00,000",665,-,-,-,-,-,-,-,-,3242(1),4938(1),5680(1),-,-,-
MAHA-Govt Quota,NT2 Service,Maharashtra,"Lokmanya Tilak, Sion, Mumbai",PHARMACOLOGY,"₹1,43,300*","₹92,522",1,"₹50,00,000",1462,-,-,-,-,-,-,-,-,-,-,5687(1),-,-,-
MAHA-Govt Quota,OBC,Maharashtra,"MGIMS, Wardha",MICROBIOLOGY,"₹1,43,300*","₹89,698",1,"₹50,00,000",1000,-,-,-,-,-,-,-,-,5450(1),6588(1),5692(1),-,-,-
MAHA-Govt Quota,OPEN,Maharashtra,"Shri VR Naik Govt, Yavatmal",PHARMACOLOGY,"₹1,43,300*","₹92,522",1,"₹50,00,000",756,4016(1),-,5631(1),5631(1),5631(1),-,-,-,4854(1),5694(1),5694(1),-,-,-
MAHA-Govt Quota,ST Service,Maharashtra,"Govt Med Coll, Miraj",RADIO DIAGNOSIS,"₹1,43,300*","₹92,522",1,"₹50,00,000",725,-,-,-,-,-,-,-,-,5700(1),5700(1),5700(1),-,-,-
MAHA-NRI Quota,NRI,Maharashtra,"Panjabrao Deshmukh, Amravati",GENERAL MEDICINE,"₹59,50,000*","₹76,429",0,₹0,760,-,-,-,-,-,-,-,-,4334(1),5144(1),5705(1),-,-,-
MAHA-Govt Quota,SC,Maharashtra,"BJMC, Pune",PHARMACOLOGY,"₹1,43,300*","₹92,522",1,"₹50,00,000",1296,4109(1),4966(1),4966(1),4966(1),4966(1),-,-,-,5015(1),5711(1),5711(1),-,-,-
MAHA-Govt Quota,OBC Service,Maharashtra,"Govt Med Coll, Nagpur",GENERAL MEDICINE,"₹1,43,300*","₹92,522",1,"₹50,00,000",1866,-,-,-,-,-,-,-,-,5713(1),5713(1),5713(1),-,-,-
MAHA-Govt Quota,OPEN Service,Maharashtra,"Govt Med Coll, Nanded",PAEDIATRICS,"₹1,43,300*","₹92,522",1,"₹50,00,000",750,-,-,-,-,-,-,-,-,5715(1),5715(1),5715(1),-,-,-
MAHA-Govt Quota,OPEN Service,Maharashtra,"Govt Med Coll, Aurangabad",OBG,"₹1,43,300*","₹92,522",1,"₹50,00,000",1177,4505(1),4505(1),4505(1),4505(1),4505(1),-,-,-,5725(1),5725(1),5725(1),-,-,-
MAHA-Govt Quota,EWS,Maharashtra,"SRTT, Ambajogai",PHARMACOLOGY,"₹1,43,300*","₹92,522",1,"₹50,00,000",518,-,-,-,-,-,-,-,-,5728(1),5728(1),5728(1),-,-,-
MAHA-Govt Quota,SEBC,Maharashtra,"Panjabrao Deshmukh, Amravati",PATHOLOGY,"₹11,90,000*","₹76,429",0,₹0,760,-,-,-,-,-,-,-,-,5729(1),5729(1),5729(1),-,-,-
MAHA-Govt Quota,OPEN Service,Maharashtra,"Lokmanya Tilak, Sion, Mumbai",OPHTHALMOLOGY,"₹1,43,300*","₹92,522",1,"₹50,00,000",1462,-,-,-,-,-,-,-,-,-,5735(1),5735(1),-,-,-
MAHA-Govt Quota,OPEN Service,Maharashtra,"Govt Med Coll, Miraj",GENERAL SURGERY,"₹1,43,300*","₹92,522",1,"₹50,00,000",725,-,-,-,-,-,-,-,-,5740(1),5740(1),5740(1),-,-,-
MAHA-NRI Quota,NRI,Maharashtra,"Ashwini Rural, Solapur",DERMATOLOGY,"₹59,05,000*","₹65,000",0,₹0,520,4562(1),4664(1),4899(1),4979(1),4979(1),-,-,-,4271(1),5742(1),5742(1),-,-,-
MAHA-Govt Quota,OPEN,Maharashtra,"Govt Med Coll, Nagpur",MICROBIOLOGY,"₹1,43,300*","₹92,522",1,"₹50,00,000",1866,4947(4),4768(1),6055(4),6055(4),6055(4),-,-,-,4764(4),5259(4),5753(4),5654(1),-,-
MAHA-Govt Quota,SEBC,Maharashtra,"BJMC, Pune",MICROBIOLOGY,"₹1,43,300*","₹92,522",1,"₹50,00,000",1296,-,-,-,-,-,-,-,-,5182(1),5756(1),5756(1),-,-,-
MAHA-Govt Quota,OPEN,Maharashtra,"BJMC, Pune",BIOCHEMISTRY,"₹1,43,300*","₹92,522",1,"₹50,00,000",1296,4778(2),-,5212(2),5212(2),5212(2),-,-,-,5044(1),5758(1),5758(1),-,-,-
MAHA-Govt Quota,NT1,Maharashtra,"Rajiv Gandhi MC & CSMH, Thane",SPM,"₹1,43,300*","₹92,522",1,"₹50,00,000",500,-,-,-,-,-,-,-,-,4367(1),4367(1),5769(1),-,-,-
MAHA-NRI Quota,NRI,Maharashtra,"Ulhas Patil Med Coll, Jalgaon",OBG,"₹45,00,000*","₹52,769",0,₹0,500,4615(1),4615(1),4615(1),4615(1),4615(1),-,-,-,5363(1),5771(1),5771(1),-,-,-
MAHA-Govt Quota,OPEN Service,Maharashtra,"BJMC, Pune",RADIO DIAGNOSIS,"₹1,43,300*","₹92,522",1,"₹50,00,000",1296,2679(1),2679(1),2679(1),2679(1),2679(1),-,-,-,5775(1),5775(1),5775(1),-,-,-
MAHA-Govt Quota,SEBC,Maharashtra,"Seth GS, Mumbai",MICROBIOLOGY,"₹1,43,300*","₹92,522",1,"₹50,00,000",2250,-,-,-,-,-,-,-,-,5754(1),5777(1),5777(1),-,-,-
MAHA-Govt Quota,OPEN-PH,Maharashtra,"Govt Med Coll, Aurangabad",RADIO DIAGNOSIS,"₹1,43,300*","₹92,522",1,"₹50,00,000",1177,-,-,-,-,-,-,-,-,5778(1),5778(1),5778(1),-,-,-
MAHA-Govt Quota,SC,Maharashtra,"SRTT, Ambajogai",PATHOLOGY,"₹1,43,300*","₹92,522",1,"₹50,00,000",518,-,-,-,-,-,-,-,-,3680(1),5079(1),5779(1),-,-,-
MAHA-Govt Quota,EWS Service,Maharashtra,"SRTT, Ambajogai",GENERAL MEDICINE,"₹1,43,300*","₹92,522",1,"₹50,00,000",518,-,-,-,-,-,-,-,-,-,-,5782(1),-,-,-
MAHA-Govt Quota,OPEN-PH,Maharashtra,"Seth GS, Mumbai",GENERAL MEDICINE,"₹1,43,300*","₹92,522",1,"₹50,00,000",2250,-,-,-,-,-,-,-,-,5788(1),5788(1),5788(1),-,-,-
MAHA-Govt Quota,SEBC,Maharashtra,"Vedantaa Inst of MS, Palghar",ANAESTHESIOLOGY,"₹19,32,000*","₹65,000",0,₹0,-,-,-,-,-,-,-,-,-,4014(1),5789(1),5789(1),-,-,-
MAHA-Govt Quota,OBC Service,Maharashtra,"Indira Gandhi MedColl, Nagpur",OPHTHALMOLOGY,"₹1,43,300*","₹92,522",1,"₹50,00,000",822,-,-,-,-,-,-,-,-,5790(1),5790(1),5790(1),-,-,-
MAHA-Govt Quota,SC,Maharashtra,"HBT & RN Cooper, Mumbai",PHYSIOLOGY,"₹1,43,300*","₹92,522",1,"₹50,00,000",940,-,-,-,-,-,-,-,-,-,-,5795(1),-,-,-
MAHA-Govt Quota,SC Service,Maharashtra,"Seth GS, Mumbai",GENERAL MEDICINE,"₹1,43,300*","₹92,522",1,"₹50,00,000",2250,-,-,-,-,-,-,-,-,5925(1),5804(1),5804(1),-,-,-
MAHA-Govt Quota,OBC,Maharashtra,"Grant Med Coll, Mumbai",MICROBIOLOGY,"₹1,43,300*","₹92,522",1,"₹50,00,000",2844,4721(1),4721(1),5967(1),6542(1),-,-,-,5109(1),3305(1),5807(1),5807(1),-,-,-
MAHA-Govt Quota,EWS-PH,Maharashtra,"Govt Med Coll, Nagpur",MICROBIOLOGY,"₹1,43,300*","₹92,522",1,"₹50,00,000",1866,-,-,-,-,-,-,-,-,-,-,5809(1),-,-,-
MAHA-Govt Quota,OBC,Maharashtra,"Indira Gandhi MedColl, Nagpur",PHARMACOLOGY,"₹1,43,300*","₹92,522",1,"₹50,00,000",822,-,-,-,-,-,-,-,-,4250(1),5304(1),5816(1),-,-,-
MAHA-Govt Quota,OPEN Service,Maharashtra,"MGIMS, Wardha",GENERAL MEDICINE,"₹1,43,300*","₹89,698",1,"₹50,00,000",1000,4098(1),4098(1),4098(1),4098(1),4098(1),-,-,-,5820(1),5820(1),5820(1),-,-,-
MAHA Priv-Mgmt Quota,MGT,Maharashtra,"Kashibai Navale, Pune",OPHTHALMOLOGY,"₹51,76,000*","₹76,429",0,₹0,1094,4538(1),4538(1),4538(1),4538(1),4538(1),-,-,-,2883(1),2883(1),5822(1),-,-,-
MAHA Priv-Mgmt Quota,MGT,Maharashtra,"KJ Somaiyya, Mumbai",OPHTHALMOLOGY,"₹48,00,000*","₹64,000",0,₹0,550,-,-,-,-,-,-,-,-,-,-,5826(1),-,-,-
MAHA-NRI Quota,NRI,Maharashtra,"Panjabrao Deshmukh, Amravati",OBG,"₹59,50,000*","₹76,429",0,₹0,760,4830(1),4830(1),4830(1),4830(1),4830(1),-,-,-,5843(1),5843(1),5843(1),-,-,-
MAHA-Govt Quota,SEBC Service,Maharashtra,"Topiwala, Mumbai",GENERAL MEDICINE,"₹1,43,300*","₹92,522",1,"₹50,00,000",1300,-,-,-,-,-,-,-,-,5845(1),5845(1),5845(1),-,-,-
MAHA Priv-Mgmt Quota,MGT,Maharashtra,"Panjabrao Deshmukh, Amravati",ORTHOPAEDICS,"₹47,60,000*","₹76,429",0,₹0,760,3858(1),3858(1),3858(1),3858(1),3858(1),-,-,-,5034(2),5442(2),5846(2),-,-,-
MAHA Priv-Mgmt Quota,MGT,Maharashtra,"MIMSR, Latur",GENERAL SURGERY,"₹31,30,428*","₹76,249",0,₹0,775,4292(1),2247(1),2247(1),2247(1),2247(1),-,-,-,3962(2),5061(2),5852(2),5949(1),-,-
MAHA-Govt Quota,SEBC,Maharashtra,"Govt Med Coll, Jalgaon",SPM,"₹1,43,300*","₹92,522",1,"₹50,00,000",441,-,-,-,-,-,-,-,-,5394(1),5394(1),5853(1),-,-,-
MAHA-Govt Quota,SC Service,Maharashtra,"MGIMS, Wardha",RADIO DIAGNOSIS,"₹1,43,300*","₹89,698",1,"₹50,00,000",1000,-,-,-,-,-,-,-,-,5860(1),5860(1),5860(1),-,-,-
MAHA-Govt Quota,OPEN-Orphan,Maharashtra,"VMMC, Solapur",MICROBIOLOGY,"₹1,43,300*","₹92,522",1,"₹50,00,000",763,-,-,-,-,-,-,-,-,-,-,5872(1),-,-,-
MAHA-Govt Quota,ST,Maharashtra,"MIMSR, Latur",OBG,"₹7,82,607*","₹76,249",0,₹0,775,-,-,-,-,-,-,-,-,5874(1),5874(1),5874(1),-,-,-
MAHA Priv-Mgmt Quota,MGT,Maharashtra,"NKP Salve IMS, Nagpur",ANAESTHESIOLOGY,"₹27,00,000*","₹64,551",0,₹0,1272,5015(4),4766(4),4900(5),4900(5),4900(5),-,-,-,5388(5),5875(5),5883(5),-,-,-
MAHA-Govt Quota,ST,Maharashtra,"ACPM, Dhule",ORTHOPAEDICS,"₹10,74,000*","₹50,000",0,₹0,570,-,-,-,-,-,-,-,-,5887(1),5887(1),5887(1),-,-,-
MAHA-Govt Quota,VJ,Maharashtra,"Govt Med Coll, Jalgaon",SPM,"₹1,43,300*","₹92,522",1,"₹50,00,000",441,-,-,-,-,-,-,-,-,5888(1),5888(1),5888(1),-,-,-
MAHA Priv-Mgmt Quota,MGT,Maharashtra,"Ashwini Rural, Solapur",PAEDIATRICS,"₹47,24,000*","₹65,000",0,₹0,520,4322(2),4827(2),4628(2),4628(2),4628(2),-,-,-,4234(2),5056(2),5890(2),-,-,-
MAHA Priv-Mgmt Quota,MGT,Maharashtra,"Kashibai Navale, Pune",ORTHOPAEDICS,"₹51,76,000*","₹76,429",0,₹0,1094,4181(2),4235(2),4235(2),4235(2),4235(2),-,-,-,3621(1),5893(1),5893(1),-,-,-
MAHA-Govt Quota,EWS,Maharashtra,"Lokmanya Tilak, Sion, Mumbai",DPH,"₹1,43,300*","₹92,522",1,"₹50,00,000",1462,-,-,-,-,-,-,-,-,-,-,5893(1),-,-,-
MAHA-NRI Quota,NRI,Maharashtra,"NKP Salve IMS, Nagpur",GENERAL SURGERY,"₹45,00,000*","₹64,551",0,₹0,1272,-,-,5455(2),5747(2),5747(2),-,-,-,5873(2),5903(2),5903(2),-,-,-
MAHA-NRI Quota,NRI,Maharashtra,"MIMER, Talegaon, Pune",ORTHOPAEDICS,"₹40,00,000*","₹64,551",0,₹0,720,-,-,5224(1),5224(1),5224(1),-,-,-,5597(1),5906(1),5906(1),-,-,-
MAHA Priv-Mgmt Quota,MGT,Maharashtra,"Prakash Inst of MS & R, Sangli",GENERAL MEDICINE,"₹64,00,000*",Info not available,Info Not Available,Info not available,-,-,-,-,-,-,-,-,-,3477(4),4949(4),5908(4),6602(4),5579(1),6580(1)
MAHA-Govt Quota,OPEN,Maharashtra,"Rajarshee CSM Govt MC,Kolhapur",MICROBIOLOGY,"₹1,43,300*","₹92,522",1,"₹50,00,000",665,4514(1),-,5766(1),5766(1),5766(1),-,-,-,4602(1),5357(1),5914(1),-,-,-
MAHA Priv-Mgmt Quota,MGT,Maharashtra,"MIMER, Talegaon, Pune",PSYCHIATRY,"₹32,00,000*","₹64,551",0,₹0,720,3782(1),4143(1),4143(1),4143(1),4143(1),-,-,-,4118(1),5915(1),5915(1),-,-,-
MAHA-Govt Quota,ST,Maharashtra,"SMBT IMS, Nashik",ANAESTHESIOLOGY,"₹15,16,000*","₹60,000",0,₹0,850,-,-,-,-,-,-,-,-,6508(1),-,5915(1),6762(1),-,-
MAHA-Govt Quota,OPEN Service,Maharashtra,"Govt Med Coll, Nagpur",GENERAL MEDICINE,"₹1,43,300*","₹92,522",1,"₹50,00,000",1866,3458(1),3458(1),3458(1),3458(1),3458(1),-,-,-,5917(1),5917(1),5917(1),-,-,-
MAHA Priv-Mgmt Quota,MGT,Maharashtra,"SMBT IMS, Nashik",ENT,"₹60,64,000*","₹60,000",0,₹0,850,4753(1),4952(1),4951(1),4951(1),4951(1),-,-,-,5818(1),5918(1),5918(1),-,-,-
MAHA-Govt Quota,EWS,Maharashtra,"AIIPMR, Mumbai",PMR,"₹1,43,300*","₹1,08,799*",0,₹0,Info Not Available,-,-,-,-,-,-,-,-,3681(1),5919(1),5919(1),-,-,-
MAHA-NRI Quota,NRI,Maharashtra,"NKP Salve IMS, Nagpur",ORTHOPAEDICS,"₹45,00,000*","₹64,551",0,₹0,1272,-,-,5209(2),5209(2),5209(2),-,-,-,5705(2),5920(2),5920(2),-,-,-
MAHA-Govt Quota,OPEN,Maharashtra,"Rajiv Gandhi MC & CSMH, Thane",BIOCHEMISTRY,"₹1,43,300*","₹92,522",1,"₹50,00,000",500,-,-,-,-,-,-,-,-,4865(1),6193(1),5924(1),6534(1),7607(1),-
MAHA-Govt Quota,OPEN Service,Maharashtra,"Pimpri Chinchwad, Pimpri",DERMATOLOGY,"₹1,43,300*","₹92,522",1,"₹50,00,000",750,-,-,-,-,-,-,-,-,5278(1),5278(1),5925(1),-,-,-
MAHA-Govt Quota,ST-PH,Maharashtra,"Grant Med Coll, Mumbai",PATHOLOGY,"₹1,43,300*","₹92,522",1,"₹50,00,000",2844,-,-,-,-,-,-,-,-,-,-,5929(1),-,-,-
MAHA-Govt Quota,OPEN,Maharashtra,"Grant Med Coll, Mumbai",BIOCHEMISTRY,"₹1,43,300*","₹92,522",1,"₹50,00,000",2844,-,-,-,-,-,-,-,-,4637(1),5490(1),5931(1),-,-,-
MAHA Priv-Mgmt Quota,MGT,Maharashtra,"ACPM, Dhule",ORTHOPAEDICS,"₹42,96,000*","₹50,000",0,₹0,570,4054(1),4165(2),4176(2),4425(2),4425(2),-,-,-,5006(2),5614(2),5937(2),-,-,-
MAHA-Govt Quota,SC,Maharashtra,"Seth GS, Mumbai",SPM,"₹1,43,300*","₹92,522",1,"₹50,00,000",2250,3128(1),3990(1),4354(1),4354(1),4354(1),-,-,-,4206(1),4443(1),5945(1),-,-,-
MAHA-Govt Quota,OPEN,Maharashtra,"Govt Med Coll, Akola",MICROBIOLOGY,"₹1,43,300*","₹92,522",1,"₹50,00,000",840,-,-,-,-,-,-,-,-,5119(1),5951(1),5951(1),-,-,-
MAHA Priv-Mgmt Quota,MGT,Maharashtra,"Panjabrao Deshmukh, Amravati",TBRD,"₹47,60,000*","₹76,429",0,₹0,760,3342(1),3342(1),3342(1),3342(1),3342(1),-,-,-,4605(1),4813(1),5955(1),6415(1),-,-
MAHA-NRI Quota,NRI,Maharashtra,"Vasantrao Pawar, Nasik",OPHTHALMOLOGY,"₹45,00,000*","₹69,105",0,₹0,1000,-,-,4925(1),5776(1),5776(1),-,-,-,5956(1),5956(1),5956(1),-,-,-
MAHA-Govt Quota,ST,Maharashtra,"Prakash Inst of MS & R, Sangli",GENERAL MEDICINE,"₹16,00,000*",Info not available,Info Not Available,Info not available,-,-,-,-,-,-,-,-,-,4212(1),4246(1),5957(1),-,-,-
MAHA-NRI Quota,NRI,Maharashtra,"Ashwini Rural, Solapur",GENERAL MEDICINE,"₹59,05,000*","₹65,000",0,₹0,520,4847(1),-,5233(1),5233(1),5233(1),-,-,-,4671(1),5578(1),5958(1),-,-,-
MAHA-Govt Quota,SEBC Service,Maharashtra,"Govt Med Coll, Nagpur",MICROBIOLOGY,"₹1,43,300*","₹92,522",1,"₹50,00,000",1866,-,-,-,-,-,-,-,-,-,-,5962(1),-,-,-
MAHA-Govt Quota,EWS Service,Maharashtra,"Govt Med Coll, Aurangabad",DERMATOLOGY,"₹1,43,300*","₹92,522",1,"₹50,00,000",1177,-,-,-,-,-,-,-,-,-,-,5970(1),7183(1),-,-
MAHA-Govt Quota,SEBC,Maharashtra,"Govt Med Coll, Gondia",PHARMACOLOGY,"₹1,43,300*","₹92,522",1,"₹50,00,000",500,-,-,-,-,-,-,-,-,-,-,5972(1),-,-,-
MAHA-Govt Quota,OPEN Service,Maharashtra,"Seth GS, Mumbai",GENERAL MEDICINE,"₹1,43,300*","₹92,522",1,"₹50,00,000",2250,-,-,-,-,-,-,-,-,5782(1),5782(1),5974(1),-,-,-
MAHA Priv-Mgmt Quota,MGT,Maharashtra,"Ulhas Patil Med Coll, Jalgaon",OPHTHALMOLOGY,"₹36,00,000*","₹52,769",0,₹0,500,4339(2),4700(2),4534(2),4534(2),4534(2),-,-,-,4041(1),5313(1),5975(1),-,-,-
MAHA Priv-Mgmt Quota,MGT,Maharashtra,"Tern Med Coll, Navi Mumbai",GENERAL SURGERY,"₹38,18,180*","₹51,000*",0,₹0,700,-,-,-,-,-,-,-,-,-,-,5980(2),-,-,-
MAHA Priv-Mgmt Quota,MGT,Maharashtra,"MIMER, Talegaon, Pune",ENT,"₹32,00,000*","₹64,551",0,₹0,720,4675(1),4903(1),4903(1),4903(1),4903(1),-,-,-,5189(2),5924(2),5983(2),-,-,-
MAHA-Govt Quota,OBC,Maharashtra,"Govt Med Coll, Chandrapur",SPM,"₹1,43,300*","₹92,522",1,"₹50,00,000",650,-,-,-,-,-,-,-,-,4335(1),5122(1),5985(1),-,-,-
MAHA-NRI Quota,NRI,Maharashtra,"ACPM, Dhule",DERMATOLOGY,"₹53,70,000*","₹50,000",0,₹0,570,-,-,-,-,-,-,-,-,4549(1),4593(1),5987(1),3557(1),7179(1),7302(1)
MAHA-Govt Quota,SC,Maharashtra,"Grant Med Coll, Mumbai",MICROBIOLOGY,"₹1,43,300*","₹92,522",1,"₹50,00,000",2844,4629(1),4629(1),5605(1),5605(1),5605(1),-,-,-,4518(1),5995(1),5995(1),-,-,-
MAHA-Govt Quota,OPEN Service,Maharashtra,"Grant Med Coll, Mumbai",GENERAL MEDICINE,"₹1,43,300*","₹92,522",1,"₹50,00,000",2844,3069(1),3069(1),3069(1),3069(1),3069(1),-,-,-,6000(1),6000(1),6000(1),-,-,-
MAHA-Govt Quota,SC-PH,Maharashtra,"Govt Med Coll, Nagpur",SPM,"₹1,43,300*","₹92,522",1,"₹50,00,000",1866,-,-,-,-,-,-,-,-,-,-,6004(1),-,-,-
MAHA Priv-Mgmt Quota,MGT,Maharashtra,"Vithalrao Patil, Ahmednagar",GENERAL SURGERY,"₹40,00,000*","₹76,629",0,₹0,960,2218(1),3271(1),3605(1),3605(1),3605(1),-,-,-,4584(4),5110(4),6008(4),-,-,-
MAHA-Govt Quota,OBC Service,Maharashtra,"Lokmanya Tilak, Sion, Mumbai",GENERAL MEDICINE,"₹1,43,300*","₹92,522",1,"₹50,00,000",1462,-,-,-,-,-,-,-,-,6020(1),6020(1),6020(1),-,-,-
MAHA-Govt Quota,OPEN Service,Maharashtra,"Govt Med Coll, Latur",ANAESTHESIOLOGY,"₹1,43,300*","₹92,522",1,"₹50,00,000",750,-,-,-,-,-,-,-,-,6026(1),6026(1),6026(1),-,-,-
MAHA-Govt Quota,OBC Service,Maharashtra,"BJMC, Pune",GENERAL MEDICINE,"₹1,43,300*","₹92,522",1,"₹50,00,000",1296,-,-,-,-,-,-,-,-,6030(1),6030(1),6030(1),-,-,-
MAHA-Govt Quota,EWS Service,Maharashtra,"Govt Med Coll, Jalgaon",PHARMACOLOGY,"₹1,43,300*","₹92,522",1,"₹50,00,000",441,-,-,-,-,-,-,-,-,-,-,6041(1),-,-,-
MAHA Priv-Mgmt Quota,MGT,Maharashtra,"Panjabrao Deshmukh, Amravati",PATHOLOGY,"₹15,90,000*","₹76,429",0,₹0,760,5004(3),5004(3),5136(3),5136(3),5136(3),-,-,-,6044(3),6044(3),6044(3),-,-,-
MAHA-NRI Quota,NRI,Maharashtra,"SMBT IMS, Nashik",GENERAL MEDICINE,"₹75,80,000*","₹60,000",0,₹0,850,4501(1),-,4664(2),4664(2),6184(2),-,-,-,5243(2),5589(1),6062(2),6476(1),-,-
MAHA-Govt Quota,SC Service-PH,Maharashtra,"Grant Med Coll, Mumbai",GENERAL MEDICINE,"₹1,43,300*","₹92,522",1,"₹50,00,000",2844,-,-,-,-,-,-,-,-,-,-,6063(1),-,-,-
MAHA-Govt Quota,ST,Maharashtra,"Govt Med Coll, Akola",PATHOLOGY,"₹1,43,300*","₹92,522",1,"₹50,00,000",840,4446(1),4787(1),4787(1),4787(1),4787(1),-,-,-,5318(1),6066(1),6066(1),-,-,-
MAHA-Govt Quota,OPEN Service,Maharashtra,"Indira Gandhi MedColl, Nagpur",MICROBIOLOGY,"₹1,43,300*","₹92,522",1,"₹50,00,000",822,-,-,-,-,-,-,-,-,-,-,6073(1),-,-,-
MAHA-Govt Quota,OPEN,Maharashtra,"Govt Med Coll, Chandrapur",FORENSIC MEDICINE,"₹1,43,300*","₹92,522",1,"₹50,00,000",650,-,-,-,-,-,-,-,-,3132(1),6078(1),6078(1),-,-,-
MAHA Priv-Mgmt Quota,MGT,Maharashtra,"Vithalrao Patil, Ahmednagar",ANAESTHESIOLOGY,"₹30,00,000*","₹76,629",0,₹0,960,4238(1),5046(2),5046(2),5046(2),5046(2),-,-,-,5620(3),6071(3),6082(3),6002(1),-,-
MAHA-Govt Quota,SC,Maharashtra,"Govt Med Coll, Akola",SPM,"₹1,43,300*","₹92,522",1,"₹50,00,000",840,-,-,-,-,-,-,-,-,5413(1),5413(1),6088(1),-,-,-
MAHA Priv-Mgmt Quota,MGT,Maharashtra,"MIMSR, Latur",ENT,"₹31,30,428*","₹76,249",0,₹0,775,-,-,-,-,-,-,-,-,4351(1),5441(1),6091(1),6531(1),-,-
MAHA Priv-Mgmt Quota,MGT,Maharashtra,"MIMER, Talegaon, Pune",ANAESTHESIOLOGY,"₹32,00,000*","₹64,551",0,₹0,720,3289(1),-,4914(1),4551(1),5143(1),-,-,-,5609(1),5971(1),6092(1),-,-,-
MAHA Priv-Mgmt Quota,MGT,Maharashtra,"SMBT IMS, Nashik",ORTHOPAEDICS,"₹60,64,000*","₹60,000",0,₹0,850,3761(1),3761(1),3761(1),3761(1),3761(1),-,-,-,4361(1),6094(1),6094(1),-,-,-
MAHA-NRI Quota,NRI,Maharashtra,"NKP Salve IMS, Nagpur",PAEDIATRICS,"₹45,00,000*","₹64,551",0,₹0,1272,4017(1),4017(1),4982(2),4982(2),4982(2),-,-,-,5372(2),5797(2),6100(2),-,-,-
MAHA-Govt Quota,ST,Maharashtra,"MIMER, Talegaon, Pune",GENERAL SURGERY,"₹8,00,000*","₹64,551",0,₹0,720,-,-,-,-,-,-,-,-,5585(1),6117(1),6117(1),-,-,-
MAHA-Govt Quota,SC,Maharashtra,"Vedantaa Inst of MS, Palghar",ANAESTHESIOLOGY,"₹19,32,000*","₹65,000",0,₹0,-,-,-,-,-,-,-,-,-,5152(1),5152(1),6118(1),-,-,-
MAHA-Govt Quota,VJ,Maharashtra,"VMMC, Solapur",SPM,"₹1,43,300*","₹92,522",1,"₹50,00,000",763,-,-,-,-,-,-,-,-,5355(1),6124(1),6124(1),-,-,-
MAHA-Govt Quota,OPEN,Maharashtra,"Lokmanya Tilak, Sion, Mumbai",FORENSIC MEDICINE,"₹1,43,300*","₹92,522",1,"₹50,00,000",1462,-,-,-,-,-,-,-,-,3006(1),6317(1),6126(1),-,-,-
MAHA-Govt Quota,OPEN Service,Maharashtra,"Indira Gandhi MedColl, Nagpur",PAEDIATRICS,"₹1,43,300*","₹92,522",1,"₹50,00,000",822,-,-,-,-,-,-,-,-,6127(1),6127(1),6127(1),-,-,-
MAHA-Govt Quota,SC,Maharashtra,"Topiwala, Mumbai",SPM,"₹1,43,300*","₹92,522",1,"₹50,00,000",1300,-,-,-,-,-,-,-,-,3577(1),5596(1),6132(1),-,-,-
MAHA-NRI Quota,NRI,Maharashtra,"Vithalrao Patil, Ahmednagar",PAEDIATRICS,"₹50,00,000*","₹76,629",0,₹0,960,-,-,-,-,-,-,-,-,5732(1),6101(1),6135(1),-,-,-
MAHA-Govt Quota,SC,Maharashtra,"VMMC, Solapur",SPM,"₹1,43,300*","₹92,522",1,"₹50,00,000",763,-,-,-,-,-,-,-,-,5183(1),6004(1),6136(1),6403(1),7131(1),-
MAHA Priv-Mgmt Quota,MGT,Maharashtra,"MIMSR, Latur",OPHTHALMOLOGY,"₹31,30,428*","₹76,249",0,₹0,775,4265(1),4534(1),4067(1),4067(1),4067(1),-,-,-,3890(1),4914(1),6138(1),-,-,-
MAHA-Govt Quota,ST,Maharashtra,"MGIMS, Wardha",RADIATION ONCOLOGY,"₹1,43,300*","₹89,698",1,"₹50,00,000",1000,-,-,-,-,-,-,-,-,4959(1),5671(1),6139(1),-,-,-
MAHA Priv-Mgmt Quota,MGT,Maharashtra,"Ashwini Rural, Solapur",ORTHOPAEDICS,"₹47,24,000*","₹65,000",0,₹0,520,4405(1),4240(1),4240(1),4240(1),4240(1),-,-,-,5103(2),5890(2),6141(2),-,-,-
MAHA-NRI Quota,NRI,Maharashtra,"BKL Walawalkar, Ratnagiri",OBG,"₹48,35,000*","₹62,000",0,₹0,520,4855(1),4855(1),4855(1),4855(1),4855(1),-,-,-,5452(1),6143(1),6143(1),-,-,-
MAHA-Govt Quota,ST Service,Maharashtra,"Govt Med Coll, Nanded",DERMATOLOGY,"₹1,43,300*","₹92,522",1,"₹50,00,000",750,-,-,-,-,-,-,-,-,6148(1),6148(1),6148(1),-,-,-
MAHA-Govt Quota,EWS Service,Maharashtra,"Lokmanya Tilak, Sion, Mumbai",GENERAL MEDICINE,"₹1,43,300*","₹92,522",1,"₹50,00,000",1462,-,-,-,-,-,-,-,-,-,-,6155(1),-,-,-
MAHA-Govt Quota,EWS Service,Maharashtra,"VMMC, Solapur",OBG,"₹1,43,300*","₹92,522",1,"₹50,00,000",763,-,-,-,-,-,-,-,-,-,-,6156(1),-,-,-
MAHA-Govt Quota,OPEN Service,Maharashtra,"HBT & RN Cooper, Mumbai",GENERAL MEDICINE,"₹1,43,300*","₹92,522",1,"₹50,00,000",940,-,-,-,-,-,-,-,-,6155(1),6155(1),6157(1),-,-,-
MAHA-Govt Quota,SC,Maharashtra,"Vedantaa Inst of MS, Palghar",OPHTHALMOLOGY,"₹19,32,000*","₹65,000",0,₹0,-,-,-,-,-,-,-,-,-,4048(1),4314(1),6165(1),-,-,-
MAHA-Govt Quota,OBC,Maharashtra,"BJMC, Pune",BIOCHEMISTRY,"₹1,43,300*","₹92,522",1,"₹50,00,000",1296,-,-,-,-,-,-,-,-,6170(1),6170(1),6170(1),-,-,-
MAHA-Govt Quota,OPEN Service,Maharashtra,"Seth GS, Mumbai",PHYSIOLOGY,"₹1,43,300*","₹92,522",1,"₹50,00,000",2250,-,-,-,-,-,-,-,-,-,-,6171(1),-,-,-
MAHA-Govt Quota,OBC,Maharashtra,"Seth GS, Mumbai",BIOCHEMISTRY,"₹1,43,300*","₹92,522",1,"₹50,00,000",2250,-,-,-,-,-,-,-,-,4893(1),6171(1),6171(1),-,-,-
MAHA-Govt Quota,SEBC Service,Maharashtra,"MGIMS, Wardha",MICROBIOLOGY,"₹1,43,300*","₹89,698",1,"₹50,00,000",1000,-,-,-,-,-,-,-,-,-,-,6175(1),-,-,-
MAHA-Govt Quota,OPEN Service,Maharashtra,"Govt Med Coll, Aurangabad",ORTHOPAEDICS,"₹1,43,300*","₹92,522",1,"₹50,00,000",1177,4777(1),4777(1),4777(1),4777(1),4777(1),-,-,-,6178(1),6178(1),6178(1),-,-,-
MAHA-Govt Quota,ST,Maharashtra,"Vasantrao Pawar, Nasik",ANAESTHESIOLOGY,"₹9,00,000*","₹69,105",0,₹0,1000,-,-,-,-,-,-,-,-,6238(1),-,6183(1),-,-,-
MAHA-Govt Quota,SC,Maharashtra,"Vasantrao Pawar, Nasik",ANAESTHESIOLOGY,"₹9,00,000*","₹69,105",0,₹0,1000,-,-,-,-,-,-,-,-,4768(1),4581(1),6201(1),-,-,-
MAHA-NRI Quota,NRI,Maharashtra,"SMBT IMS, Nashik",DERMATOLOGY,"₹75,80,000*","₹60,000",0,₹0,850,4347(1),4562(1),4562(1),4562(1),4562(1),-,-,-,4515(1),5659(1),6206(1),-,-,-
MAHA-Govt Quota,OPEN,Maharashtra,"BJMC, Pune",ANATOMY,"₹1,43,300*","₹92,522",1,"₹50,00,000",1296,-,-,6048(1),6048(1),6048(1),-,-,-,4270(1),5762(1),6207(1),-,-,-
MAHA-Govt Quota,OPEN,Maharashtra,"VMMC, Solapur",ANATOMY,"₹1,43,300*","₹92,522",1,"₹50,00,000",763,-,-,-,-,-,-,-,-,6210(1),6210(1),6210(1),-,-,-
MAHA Priv-Mgmt Quota,MGT,Maharashtra,"Tern Med Coll, Navi Mumbai",ANAESTHESIOLOGY,"₹38,18,180*","₹51,000*",0,₹0,700,-,-,-,-,-,-,-,-,5684(3),6215(3),6215(3),-,-,-
MAHA Priv-Mgmt Quota,MGT,Maharashtra,"Vithalrao Patil, Ahmednagar",OPHTHALMOLOGY,"₹40,00,000*","₹76,629",0,₹0,960,3943(1),3943(1),3943(1),3943(1),3943(1),-,-,-,4402(2),5215(2),6222(2),-,-,-
MAHA-Govt Quota,EWS,Maharashtra,"Grant Med Coll, Mumbai",MICROBIOLOGY,"₹1,43,300*","₹92,522",1,"₹50,00,000",2844,-,-,5834(1),5834(1),5834(1),-,-,-,6224(1),6224(1),6224(1),-,-,-
MAHA-Govt Quota,SC,Maharashtra,"Rajiv Gandhi MC & CSMH, Thane",MICROBIOLOGY,"₹1,43,300*","₹92,522",1,"₹50,00,000",500,-,-,-,-,-,-,-,-,5731(1),6231(1),6231(1),-,-,-
MAHA-Govt Quota,NT2,Maharashtra,"Topiwala, Mumbai",MICROBIOLOGY,"₹1,43,300*","₹92,522",1,"₹50,00,000",1300,-,-,-,-,-,-,-,-,3846(1),6232(1),6232(1),-,-,-
MAHA Priv-Mgmt Quota,MGT,Maharashtra,"Vedantaa Inst of MS, Palghar",TBRD,"₹77,28,000*","₹65,000",0,₹0,-,-,-,-,-,-,-,-,-,5396(1),6234(1),6234(1),-,-,-
MAHA-Govt Quota,ST,Maharashtra,"Vasantrao Pawar, Nasik",OPHTHALMOLOGY,"₹9,00,000*","₹69,105",0,₹0,1000,-,-,-,-,-,-,-,-,5697(1),6238(1),6238(1),-,-,-
MAHA-Govt Quota,OPEN Service,Maharashtra,"BJMC, Pune",PAEDIATRICS,"₹1,43,300*","₹92,522",1,"₹50,00,000",1296,-,-,-,-,-,-,-,-,6241(1),6241(1),6241(1),-,-,-
MAHA-Govt Quota,SEBC Service,Maharashtra,"Govt Med Coll, Nagpur",OBG,"₹1,43,300*","₹92,522",1,"₹50,00,000",1866,-,-,-,-,-,-,-,-,6242(1),6242(1),6242(1),-,-,-
MAHA-NRI Quota,NRI,Maharashtra,"Vithalrao Patil, Ahmednagar",GENERAL SURGERY,"₹50,00,000*","₹76,629",0,₹0,960,-,-,5751(1),5751(1),5751(1),-,-,-,6246(2),6246(2),6246(2),-,-,-
MAHA-NRI Quota,NRI,Maharashtra,"BKL Walawalkar, Ratnagiri",ORTHOPAEDICS,"₹48,35,000*","₹62,000",0,₹0,520,-,-,5494(1),5472(1),5472(1),-,-,-,6248(1),6248(1),6248(1),-,-,-
MAHA Priv-Mgmt Quota,MGT,Maharashtra,"Ashwini Rural, Solapur",GENERAL SURGERY,"₹47,24,000*","₹65,000",0,₹0,520,4511(2),4736(1),4736(2),4736(2),4736(2),-,-,-,5203(2),5834(2),6257(2),-,-,-
MAHA-Govt Quota,OBC,Maharashtra,"Govt Med Coll, Nanded",BIOCHEMISTRY,"₹1,43,300*","₹92,522",1,"₹50,00,000",750,-,-,-,-,-,-,-,-,6562(1),6258(1),6258(1),-,-,-
MAHA-NRI Quota,NRI,Maharashtra,"ACPM, Dhule",GENERAL MEDICINE,"₹53,70,000*","₹50,000",0,₹0,570,4829(1),4829(1),5024(2),5451(2),5603(2),-,-,-,4932(2),5705(2),6265(2),6376(1),7039(1),7072(1)
MAHA-Govt Quota,OPEN Service,Maharashtra,"BJMC, Pune",TBRD,"₹1,43,300*","₹92,522",1,"₹50,00,000",1296,-,-,-,-,-,-,-,-,6327(1),6275(1),6275(1),-,-,-
MAHA-Govt Quota,OPEN,Maharashtra,"Tern Med Coll, Navi Mumbai",SPM,"₹8,14,480*","₹51,000*",0,₹0,700,4175(1),4941(1),5463(1),-,-,-,-,-,5741(1),6281(1),6281(1),-,-,-
MAHA Priv-Mgmt Quota,MGT,Maharashtra,"SMBT IMS, Nashik",PAEDIATRICS,"₹60,64,000*","₹60,000",0,₹0,850,4359(2),4237(2),3988(2),4180(2),4180(2),-,-,-,4239(2),5283(2),6281(2),6107(1),6539(1),-
MAHA Priv-Mgmt Quota,MGT,Maharashtra,"Ashwini Rural, Solapur",ANAESTHESIOLOGY,"₹35,43,000*","₹65,000",0,₹0,520,4865(1),-,5092(2),5176(2),5176(2),-,-,-,6202(2),6207(2),6284(2),6461(1),-,-
MAHA-Govt Quota,OPEN,Maharashtra,"Govt Med Coll, Akola",PHARMACOLOGY,"₹1,43,300*","₹92,522",1,"₹50,00,000",840,4550(1),-,5402(1),5830(1),5830(1),-,-,-,4561(1),4561(1),6288(1),-,-,-
MAHA-Govt Quota,VJ Service,Maharashtra,"VMMC, Solapur",RADIO DIAGNOSIS,"₹1,43,300*","₹92,522",1,"₹50,00,000",763,-,-,-,-,-,-,-,-,6292(1),6292(1),6292(1),-,-,-
MAHA-Govt Quota,OPEN,Maharashtra,"SRTT, Ambajogai",MICROBIOLOGY,"₹1,43,300*","₹92,522",1,"₹50,00,000",518,-,-,-,-,-,-,-,-,4873(1),4873(1),6293(1),6889(1),-,-
MAHA-Govt Quota,ST,Maharashtra,"Govt Med Coll, Nanded",SPM,"₹1,43,300*","₹92,522",1,"₹50,00,000",750,-,-,-,-,-,-,-,-,5812(1),6454(1),6297(1),7038(1),-,-
MAHA-Govt Quota,SEBC Service,Maharashtra,"Lokmanya Tilak, Sion, Mumbai",RADIO DIAGNOSIS,"₹1,43,300*","₹92,522",1,"₹50,00,000",1462,-,-,-,-,-,-,-,-,6299(1),6299(1),6299(1),-,-,-
MAHA Priv-Mgmt Quota,MGT,Maharashtra,"Panjabrao Deshmukh, Amravati",GENERAL SURGERY,"₹47,60,000*","₹76,429",0,₹0,760,4493(2),4490(2),4490(2),4490(2),4490(2),-,-,-,4074(1),5644(1),6302(1),6359(1),6597(1),-
MAHA Priv-Mgmt Quota,MGT,Maharashtra,"Prakash Inst of MS & R, Sangli",OBG,"₹64,00,000*",Info not available,Info Not Available,Info not available,-,-,-,-,-,-,-,-,-,3838(2),5370(2),6309(2),6551(1),6593(1),-
MAHA-Govt Quota,OPEN,Maharashtra,"Grant Med Coll, Mumbai",FORENSIC MEDICINE,"₹1,43,300*","₹92,522",1,"₹50,00,000",2844,3610(2),3610(2),4856(2),4856(2),4856(2),-,-,-,3951(2),5628(2),6316(2),-,-,-
MAHA-NRI Quota,NRI,Maharashtra,"KJ Somaiyya, Mumbai",GENERAL SURGERY,"₹60,00,000*","₹64,000",0,₹0,550,-,-,-,-,-,-,-,-,-,6322(1),6322(1),-,-,-
MAHA-Govt Quota,OBC Service,Maharashtra,"VMMC, Solapur",GENERAL MEDICINE,"₹1,43,300*","₹92,522",1,"₹50,00,000",763,-,-,-,-,-,-,-,-,6402(1),6327(1),6327(1),-,-,-
MAHA-Govt Quota,OPEN Service,Maharashtra,"Seth GS, Mumbai",ANAESTHESIOLOGY,"₹1,43,300*","₹92,522",1,"₹50,00,000",2250,-,4849(1),4849(1),4849(1),4849(1),-,-,-,6333(1),6333(1),6333(1),-,-,-
MAHA-Govt Quota,SC,Maharashtra,"Govt Med Coll, Aurangabad",SPM,"₹1,43,300*","₹92,522",1,"₹50,00,000",1177,3970(1),4109(1),4979(1),4979(1),4979(1),-,-,-,5142(1),5183(1),6334(1),-,-,-
MAHA-Govt Quota,SC,Maharashtra,"SRTT, Ambajogai",SPM,"₹1,43,300*","₹92,522",1,"₹50,00,000",518,4640(1),4640(1),5482(1),5781(1),5781(1),-,-,-,6004(1),6088(1),6343(1),-,-,-
MAHA-Govt Quota,ST,Maharashtra,"Pimpri Chinchwad, Pimpri",SPM,"₹1,43,300*","₹92,522",1,"₹50,00,000",750,-,-,-,-,-,-,-,-,5593(1),6244(1),6345(1),6713(1),7474(1),-
MAHA-Govt Quota,SC Service,Maharashtra,"Govt Med Coll, Latur",GENERAL MEDICINE,"₹1,43,300*","₹92,522",1,"₹50,00,000",750,-,-,-,-,-,-,-,-,6346(1),6346(1),6346(1),-,-,-
MAHA Priv-Mgmt Quota,MGT,Maharashtra,"NKP Salve IMS, Nagpur",PSYCHIATRY,"₹36,00,000*","₹64,551",0,₹0,1272,3843(1),4291(1),4291(1),4291(1),4291(1),-,-,-,4309(2),5645(2),6349(2),-,-,-
MAHA-Govt Quota,SC Service,Maharashtra,"Grant Med Coll, Mumbai",TBRD,"₹1,43,300*","₹92,522",1,"₹50,00,000",2844,-,-,-,-,-,-,-,-,6351(1),6351(1),6351(1),-,-,-
MAHA Priv-Mgmt Quota,MGT,Maharashtra,"SMBT IMS, Nashik",GENERAL SURGERY,"₹60,64,000*","₹60,000",0,₹0,850,4461(2),4681(2),4681(2),4681(2),4681(2),-,-,-,4670(2),6279(2),6357(2),-,-,-
MAHA-Govt Quota,OBC Service,Maharashtra,"SRTT, Ambajogai",SPM,"₹1,43,300*","₹92,522",1,"₹50,00,000",518,-,-,-,-,-,-,-,-,6362(1),6362(1),6362(1),-,-,-
MAHA-Govt Quota,EWS,Maharashtra,"Govt Med Coll, Nagpur",FORENSIC MEDICINE,"₹1,43,300*","₹92,522",1,"₹50,00,000",1866,-,-,-,-,-,-,-,-,4990(1),-,6363(1),-,-,-
MAHA-Govt Quota,OPEN,Maharashtra,"Govt Med Coll, Latur",MICROBIOLOGY,"₹1,43,300*","₹92,522",1,"₹50,00,000",750,-,-,-,-,-,-,-,-,5149(1),6368(1),6368(1),-,-,-
MAHA-Govt Quota,NT1,Maharashtra,"BJMC, Pune",PHYSIOLOGY,"₹1,43,300*","₹92,522",1,"₹50,00,000",1296,-,-,-,-,-,-,-,-,6408(1),-,6377(1),-,-,-
MAHA-NRI Quota,NRI,Maharashtra,"MIMER, Talegaon, Pune",OPHTHALMOLOGY,"₹40,00,000*","₹64,551",0,₹0,720,-,-,5071(1),5071(1),5071(1),-,-,-,4545(1),6379(1),6379(1),-,-,-
MAHA-Govt Quota,OPEN-PH,Maharashtra,"Govt Med Coll, Nanded",BIOCHEMISTRY,"₹1,43,300*","₹92,522",1,"₹50,00,000",750,-,-,-,-,-,-,-,-,-,-,6381(1),-,-,-
MAHA-NRI Quota,NRI,Maharashtra,"NKP Salve IMS, Nagpur",PSYCHIATRY,"₹45,00,000*","₹64,551",0,₹0,1272,-,-,5130(1),5130(1),5130(1),-,-,-,5638(1),6383(1),6383(1),-,-,-
MAHA-Govt Quota,SC Service,Maharashtra,"Govt Med Coll, Nagpur",PHARMACOLOGY,"₹1,43,300*","₹92,522",1,"₹50,00,000",1866,-,-,-,-,-,-,-,-,-,-,6384(1),6409(1),7761(1),7698(1)
MAHA Priv-Mgmt Quota,MGT,Maharashtra,"Vasantrao Pawar, Nasik",ANAESTHESIOLOGY,"₹36,00,000*","₹69,105",0,₹0,1000,5005(2),4813(1),5035(4),5035(4),5694(4),-,-,-,5814(3),6138(3),6393(3),-,-,-
MAHA Priv-Mgmt Quota,MGT,Maharashtra,"ACPM, Dhule",OPHTHALMOLOGY,"₹42,96,000*","₹50,000",0,₹0,570,-,4881(1),4728(2),4728(2),4928(2),5271(1),-,-,5319(1),5823(1),6394(1),-,-,-
MAHA-Govt Quota,OBC,Maharashtra,"Seth GS, Mumbai",PHYSIOLOGY,"₹1,43,300*","₹92,522",1,"₹50,00,000",2250,-,-,-,-,-,-,-,-,4967(1),6399(1),6399(1),-,-,-
MAHA Priv-Mgmt Quota,MGT,Maharashtra,"Ashwini Rural, Solapur",ENT,"₹35,43,000*","₹65,000",0,₹0,520,4790(1),3557(1),3557(1),3557(1),3557(1),-,-,-,5171(1),5940(1),6400(1),6340(1),-,-
MAHA-Govt Quota,OBC Service,Maharashtra,"Grant Med Coll, Mumbai",DERMATOLOGY,"₹1,43,300*","₹92,522",1,"₹50,00,000",2844,-,-,-,-,-,-,-,-,5970(1),5970(1),6402(1),-,-,-
MAHA Priv-Mgmt Quota,MGT,Maharashtra,"Kashibai Navale, Pune",SPM,"₹12,94,000*","₹76,429",0,₹0,1094,-,-,6563(1),6563(1),6563(1),-,-,-,-,-,6403(1),-,-,-
MAHA-NRI Quota,NRI,Maharashtra,"Tern Med Coll, Navi Mumbai",PAEDIATRICS,"₹47,72,725*","₹51,000*",0,₹0,700,-,-,-,-,-,-,-,-,-,-,6404(1),6526(1),-,-
MAHA-NRI Quota,NRI,Maharashtra,"Kashibai Navale, Pune",ORTHOPAEDICS,"₹64,70,000*","₹76,429",0,₹0,1094,-,-,5129(1),5129(1),5129(1),-,-,-,5568(1),-,6405(1),-,-,-
MAHA-NRI Quota,NRI,Maharashtra,"SMBT IMS, Nashik",OBG,"₹75,80,000*","₹60,000",0,₹0,850,3938(1),3938(1),3859(1),3956(1),4999(1),-,-,-,5347(1),-,6407(1),-,-,-
MAHA-Govt Quota,OBC,Maharashtra,"Grant Med Coll, Mumbai",FORENSIC MEDICINE,"₹1,43,300*","₹92,522",1,"₹50,00,000",2844,4897(1),4897(1),4897(1),4897(1),4897(1),-,-,-,4563(1),-,6410(1),-,-,-
MAHA-Govt Quota,ST,Maharashtra,"Rajiv Gandhi MC & CSMH, Thane",PATHOLOGY,"₹1,43,300*","₹92,522",1,"₹50,00,000",500,-,-,-,-,-,-,-,-,5364(1),5929(1),6412(1),-,-,-
MAHA-Govt Quota,ST,Maharashtra,"Sri Bhausaheb, Dhule",PSYCHIATRY,"₹1,43,300*","₹92,522",1,"₹50,00,000",545,-,-,-,-,-,-,-,-,4781(1),5473(1),6416(1),-,-,-
MAHA-Govt Quota,OBC,Maharashtra,"Govt Med Coll, Nagpur",PHYSIOLOGY,"₹1,43,300*","₹92,522",1,"₹50,00,000",1866,-,-,-,-,-,-,-,-,6010(1),6417(1),6417(1),-,-,-
MAHA Priv-Mgmt Quota,MGT,Maharashtra,"Prakash Inst of MS & R, Sangli",RADIO DIAGNOSIS,"₹64,00,000*",Info not available,Info Not Available,Info not available,-,-,-,-,-,-,-,-,-,2957(1),3161(1),6421(1),-,-,-
MAHA-Govt Quota,OPEN,Maharashtra,"Ulhas Patil Med Coll, Jalgaon",SPM,"₹3,00,000*","₹52,769",0,₹0,500,-,-,6379(1),6379(1),6379(1),-,-,-,5840(1),6427(1),6427(1),-,-,-
MAHA Priv-Mgmt Quota,MGT,Maharashtra,"Panjabrao Deshmukh, Amravati",OPHTHALMOLOGY,"₹47,60,000*","₹76,429",0,₹0,760,4795(1),4344(1),4344(1),4344(1),4344(1),-,-,-,4853(1),5826(1),6428(1),-,-,-
MAHA-Govt Quota,SC,Maharashtra,"Grant Med Coll, Mumbai",FORENSIC MEDICINE,"₹1,43,300*","₹92,522",1,"₹50,00,000",2844,-,-,-,-,-,-,-,-,5682(1),6183(1),6428(1),-,-,-
MAHA-Govt Quota,SC,Maharashtra,"Govt Med Coll, Aurangabad",PHARMACOLOGY,"₹1,43,300*","₹92,522",1,"₹50,00,000",1177,-,-,-,-,-,-,-,-,5168(1),6132(1),6428(1),-,-,-
MAHA Priv-Mgmt Quota,MGT,Maharashtra,"MIMSR, Latur",ANAESTHESIOLOGY,"₹31,30,428*","₹76,249",0,₹0,775,-,-,5516(2),5516(2),5516(2),-,-,-,6082(2),6184(2),6430(2),-,-,-
MAHA-Govt Quota,OBC,Maharashtra,"Govt Med Coll, Aurangabad",MICROBIOLOGY,"₹1,43,300*","₹92,522",1,"₹50,00,000",1177,-,-,5760(1),5760(1),5760(1),-,-,-,4904(1),5816(1),6430(1),-,-,-
MAHA-Govt Quota,ST Service,Maharashtra,"BJMC, Pune",BIOCHEMISTRY,"₹1,43,300*","₹92,522",1,"₹50,00,000",1296,-,-,-,-,-,-,-,-,-,-,6430(1),-,-,-
MAHA-NRI Quota,NRI,Maharashtra,"Vasantrao Pawar, Nasik",GENERAL SURGERY,"₹45,00,000*","₹69,105",0,₹0,1000,-,-,5490(2),5490(2),5490(2),-,-,-,6015(2),6142(2),6432(2),-,-,-
MAHA-Govt Quota,OPEN,Maharashtra,"BJMC, Pune",FORENSIC MEDICINE,"₹1,43,300*","₹92,522",1,"₹50,00,000",1296,4610(2),4856(2),5250(2),5250(2),5250(2),-,-,-,3461(1),6433(1),6433(1),-,-,-
MAHA-Govt Quota,ST,Maharashtra,"Tern Med Coll, Navi Mumbai",PAEDIATRICS,"₹9,54,545*","₹51,000*",0,₹0,700,-,-,-,-,-,-,-,-,-,-,6437(1),-,-,-
MAHA-NRI Quota,NRI,Maharashtra,"ACPM, Dhule",OBG,"₹53,70,000*","₹50,000",0,₹0,570,4804(1),4804(1),4804(1),4804(1),4804(1),-,-,-,5771(1),-,6439(1),-,-,-
MAHA-Govt Quota,SEBC,Maharashtra,"Shri VR Naik Govt, Yavatmal",ANATOMY,"₹1,43,300*","₹92,522",1,"₹50,00,000",756,-,-,-,-,-,-,-,-,-,-,6439(1),-,-,-
MAHA Priv-Mgmt Quota,MGT,Maharashtra,"Prakash Inst of MS & R, Sangli",OPHTHALMOLOGY,"₹64,00,000*",Info not available,Info Not Available,Info not available,-,-,-,-,-,-,-,-,-,4710(1),5632(1),6439(1),6810(1),6819(1),-
MAHA-NRI Quota,NRI,Maharashtra,"Ashwini Rural, Solapur",OBG,"₹59,05,000*","₹65,000",0,₹0,520,4874(1),4874(1),4874(1),4874(1),4874(1),-,-,-,5819(1),-,6439(1),3054(1),6308(1),6953(1)
MAHA-Govt Quota,OBC Service,Maharashtra,"Seth GS, Mumbai",ORTHOPAEDICS,"₹1,43,300*","₹92,522",1,"₹50,00,000",2250,-,-,-,-,-,-,-,-,6440(1),6440(1),6440(1),-,-,-
MAHA-Govt Quota,ST,Maharashtra,"Lokmanya Tilak, Sion, Mumbai",DA,"₹1,43,300*","₹92,522",1,"₹50,00,000",1462,-,-,-,-,-,-,-,-,5159(1),5159(1),6444(1),-,-,-
MAHA-Govt Quota,OPEN,Maharashtra,"Vedantaa Inst of MS, Palghar",PATHOLOGY,"₹19,32,000*","₹45,000",0,₹0,-,-,-,-,-,-,-,-,-,4369(1),5615(1),6445(1),6355(1),6998(1),-
MAHA-Govt Quota,OPEN-PH,Maharashtra,"Govt Med Coll, Nagpur",GENERAL SURGERY,"₹1,43,300*","₹92,522",1,"₹50,00,000",1866,-,-,-,-,-,-,-,-,-,-,6446(1),7575(1),2147(1),-
MAHA-NRI Quota,NRI,Maharashtra,"NKP Salve IMS, Nagpur",OPHTHALMOLOGY,"₹45,00,000*","₹64,551",0,₹0,1272,-,-,4915(1),4915(1),4915(1),-,-,-,4598(1),5638(1),6447(1),6989(1),-,-
MAHA-Govt Quota,NT2 Service,Maharashtra,"Govt Med Coll, Nagpur",GENERAL MEDICINE,"₹1,43,300*","₹92,522",1,"₹50,00,000",1866,-,-,-,-,-,-,-,-,6449(1),6449(1),6449(1),-,-,-
MAHA-Govt Quota,OBC Service,Maharashtra,"Topiwala, Mumbai",PSYCHIATRY,"₹1,43,300*","₹92,522",1,"₹50,00,000",1300,-,-,-,-,-,-,-,-,6450(1),6450(1),6450(1),-,-,-
MAHA-Govt Quota,OPEN Service,Maharashtra,"Govt Med Coll, Miraj",PAEDIATRICS,"₹1,43,300*","₹92,522",1,"₹50,00,000",725,-,-,-,-,-,-,-,-,6157(1),6157(1),6450(1),-,-,-
MAHA-Govt Quota,OBC,Maharashtra,"Seth GS, Mumbai",FORENSIC MEDICINE,"₹1,43,300*","₹92,522",1,"₹50,00,000",2250,-,-,-,-,-,-,-,-,4508(1),6410(1),6452(1),-,-,-
MAHA Priv-Mgmt Quota,MGT,Maharashtra,"Panjabrao Deshmukh, Amravati",ANAESTHESIOLOGY,"₹47,60,000*","₹76,429",0,₹0,760,-,4861(1),5013(2),5378(2),5378(2),-,-,-,5516(1),-,6453(1),-,-,-
MAHA-NRI Quota,NRI,Maharashtra,"IIMSR, Jalna",GENERAL SURGERY,"₹45,00,000*","₹64,551",0,₹0,Info Not Available,-,-,6116(1),6546(1),4980(1),-,-,-,-,-,6453(1),-,-,-
MAHA-Govt Quota,ST,Maharashtra,"Grant Med Coll, Mumbai",MICROBIOLOGY,"₹1,43,300*","₹92,522",1,"₹50,00,000",2844,-,-,-,-,-,-,-,-,6244(1),-,6453(1),-,-,-
MAHA-Govt Quota,OPEN,Maharashtra,"Govt Med Coll, Miraj",MICROBIOLOGY,"₹1,43,300*","₹92,522",1,"₹50,00,000",725,4580(1),4580(1),4580(1),4580(1),4580(1),-,-,-,5130(1),5547(1),6455(1),-,-,-
MAHA-Govt Quota,OBC Service,Maharashtra,"Govt Med Coll, Miraj",GENERAL MEDICINE,"₹1,43,300*","₹92,522",1,"₹50,00,000",725,-,-,-,-,-,-,-,-,6456(1),6456(1),6456(1),-,-,-
MAHA-NRI Quota,NRI,Maharashtra,"PGI of Swasthiyog, Miraj",ORTHOPAEDICS,"₹47,50,000*","₹64,500",0,₹0,110,-,-,5328(1),5328(1),5328(1),-,-,-,5920(1),-,6458(1),-,-,-
MAHA Priv-Mgmt Quota,MGT,Maharashtra,"Panjabrao Deshmukh, Amravati",PSYCHIATRY,"₹47,60,000*","₹76,429",0,₹0,760,2941(1),4556(1),4556(1),4556(1),4556(1),-,-,-,4941(2),6259(2),6458(2),6510(1),-,-
MAHA-Govt Quota,ST,Maharashtra,"NKP Salve IMS, Nagpur",PAEDIATRICS,"₹9,00,000*","₹64,551",0,₹0,1272,-,-,-,-,-,-,-,-,4437(1),4437(1),6461(1),-,-,-
MAHA-Govt Quota,OBC Service,Maharashtra,"Pimpri Chinchwad, Pimpri",PATHOLOGY,"₹1,43,300*","₹92,522",1,"₹50,00,000",750,-,-,-,-,-,-,-,-,-,-,6463(1),-,-,-
MAHA-NRI Quota,NRI,Maharashtra,"Kashibai Navale, Pune",ANAESTHESIOLOGY,"₹25,88,000*","₹76,429",0,₹0,1094,-,-,5908(3),6254(3),6462(3),-,-,-,6383(1),-,6464(3),-,-,-
MAHA-Govt Quota,SEBC,Maharashtra,"BJMC, Pune",BIOCHEMISTRY,"₹1,43,300*","₹92,522",1,"₹50,00,000",1296,-,-,-,-,-,-,-,-,-,-,6466(1),-,-,-
MAHA Priv-Mgmt Quota,MGT,Maharashtra,"IIMSR, Jalna",ANAESTHESIOLOGY,"₹36,00,000*","₹64,551",0,₹0,Info Not Available,-,-,-,-,-,-,-,-,5559(1),-,6470(1),-,-,-
MAHA-NRI Quota,NRI,Maharashtra,"MIMSR, Latur",PAEDIATRICS,"₹39,31,035*","₹76,249",0,₹0,775,-,-,5087(1),5087(1),5087(1),-,-,-,5616(1),6135(1),6471(1),-,-,-
MAHA-Govt Quota,SEBC,Maharashtra,"Indira Gandhi MedColl, Nagpur",MICROBIOLOGY,"₹1,43,300*","₹92,522",1,"₹50,00,000",822,-,-,-,-,-,-,-,-,5853(1),5853(1),6472(1),-,-,-
MAHA-Govt Quota,SC,Maharashtra,"Govt Med Coll, Latur",SPM,"₹1,43,300*","₹92,522",1,"₹50,00,000",750,-,-,-,-,-,-,-,-,4953(1),5916(1),6475(1),6896(1),7670(1),7744(1)
MAHA-Govt Quota,OPEN Service,Maharashtra,"Seth GS, Mumbai",PAEDIATRICS,"₹1,43,300*","₹92,522",1,"₹50,00,000",2250,4560(1),4560(1),2194(1),2194(1),2194(1),-,-,-,6477(1),6477(1),6477(1),-,-,-
MAHA-Govt Quota,NT3 Service,Maharashtra,"Govt Med Coll, Jalgaon",GENERAL MEDICINE,"₹1,43,300*","₹92,522",1,"₹50,00,000",441,-,-,-,-,-,-,-,-,6479(1),6479(1),6479(1),-,-,-
MAHA-Govt Quota,SC,Maharashtra,"Ulhas Patil Med Coll, Jalgaon",PATHOLOGY,"₹9,00,000*","₹52,769",0,₹0,500,-,-,-,-,-,-,-,-,5703(1),6480(1),6480(1),-,-,-
MAHA-Govt Quota,SC,Maharashtra,"Govt Med Coll, Gondia",SPM,"₹1,43,300*","₹92,522",1,"₹50,00,000",500,4648(1),-,5535(1),5556(1),5556(1),-,-,-,5945(1),5945(1),6482(1),-,-,-
MAHA-NRI Quota,NRI,Maharashtra,"MIMSR, Latur",OPHTHALMOLOGY,"₹39,31,035*","₹76,249",0,₹0,775,-,-,-,-,-,-,-,-,6379(1),-,6482(1),7200(1),-,-
MAHA-Govt Quota,SC,Maharashtra,"Panjabrao Deshmukh, Amravati",PATHOLOGY,"₹11,90,000*","₹76,429",0,₹0,760,-,-,-,-,-,-,-,-,5680(1),6483(1),6483(1),-,-,-
MAHA-Govt Quota,ST Service,Maharashtra,"Govt Med Coll, Nagpur",OBG,"₹1,43,300*","₹92,522",1,"₹50,00,000",1866,-,-,-,-,-,-,-,-,6484(1),6484(1),6484(1),-,-,-
MAHA-Govt Quota,OBC,Maharashtra,"BJMC, Pune",ANATOMY,"₹1,43,300*","₹92,522",1,"₹50,00,000",1296,-,-,-,-,-,-,-,-,6504(1),6488(1),6488(1),-,-,-
MAHA Priv-Mgmt Quota,MGT,Maharashtra,"Vedantaa Inst of MS, Palghar",GENERAL MEDICINE,"₹77,28,000*","₹65,000",0,₹0,-,4100(3),4718(3),4545(3),4545(3),4614(3),4930(1),4995(1),3558(1),4181(3),6190(3),6495(3),6843(2),-,-
MAHA-NRI Quota,NRI,Maharashtra,"Ulhas Patil Med Coll, Jalgaon",ORTHOPAEDICS,"₹45,00,000*","₹52,769",0,₹0,500,-,-,5571(1),5650(1),5650(1),-,-,-,5906(1),-,6496(1),-,-,-
MAHA-Govt Quota,SC Service,Maharashtra,"Govt Med Coll, Akola",DERMATOLOGY,"₹1,43,300*","₹92,522",1,"₹50,00,000",840,-,-,-,-,-,-,-,-,5309(1),5925(1),6499(1),7228(1),-,-
MAHA-Govt Quota,OBC Service,Maharashtra,"Seth GS, Mumbai",DERMATOLOGY,"₹1,43,300*","₹92,522",1,"₹50,00,000",2250,-,-,-,-,-,-,-,-,6263(1),6402(1),6500(1),-,-,-
MAHA-Govt Quota,SEBC Service,Maharashtra,"Seth GS, Mumbai",OBG,"₹1,43,300*","₹92,522",1,"₹50,00,000",2250,-,-,-,-,-,-,-,-,-,-,6500(1),-,-,-
MAHA-Govt Quota,OBC,Maharashtra,"Govt Med Coll, Miraj",MICROBIOLOGY,"₹1,43,300*","₹92,522",1,"₹50,00,000",725,-,-,5802(1),6399(1),-,-,-,-,5693(1),6599(1),6502(1),-,-,-
MAHA-Govt Quota,ST,Maharashtra,"Panjabrao Deshmukh, Amravati",TBRD,"₹11,90,000*","₹76,429",0,₹0,760,-,-,-,-,-,-,-,-,6505(1),6505(1),6505(1),-,-,-
MAHA-Govt Quota,EWS Service,Maharashtra,"BJMC, Pune",OBG,"₹1,43,300*","₹92,522",1,"₹50,00,000",1296,-,-,-,-,-,-,-,-,-,-,6505(1),6773(1),-,-
MAHA-Govt Quota,ST,Maharashtra,"Govt Med Coll, Nagpur",PATHOLOGY,"₹1,43,300*","₹92,522",1,"₹50,00,000",1866,3698(1),3698(1),3698(1),3698(1),3698(1),-,-,-,5057(1),5364(1),6511(1),-,-,-
MAHA-Govt Quota,SC Service,Maharashtra,"Govt Med Coll, Aurangabad",GENERAL SURGERY,"₹1,43,300*","₹92,522",1,"₹50,00,000",1177,-,-,-,-,-,-,-,-,6511(1),6511(1),6511(1),-,-,-
MAHA-NRI Quota,NRI,Maharashtra,"Ulhas Patil Med Coll, Jalgaon",PSYCHIATRY,"₹45,00,000*","₹52,769",0,₹0,500,-,-,-,-,-,-,-,-,-,-,6513(1),-,-,-
MAHA-Govt Quota,SC,Maharashtra,"Govt Med Coll, Akola",ANATOMY,"₹1,43,300*","₹92,522",1,"₹50,00,000",840,-,-,-,-,-,-,-,-,-,-,6513(1),-,-,-
MAHA-NRI Quota,NRI,Maharashtra,"Sajeevan Medical(ENT), Miraj",ENT,"₹38,30,000*","₹52,569",0,₹0,Info Not Available,-,-,-,-,-,-,-,-,5999(1),-,6514(1),7447(1),-,-
MAHA Priv-Mgmt Quota,MGT,Maharashtra,"Ulhas Patil Med Coll, Jalgaon",ANAESTHESIOLOGY,"₹36,00,000*","₹52,769",0,₹0,500,-,-,5236(2),5236(2),5236(2),-,-,-,6145(2),6516(2),6516(2),6550(1),-,-
MAHA-Govt Quota,OBC-PH,Maharashtra,"Lokmanya Tilak, Sion, Mumbai",OBG,"₹1,43,300*","₹92,522",1,"₹50,00,000",1462,-,-,-,-,-,-,-,-,6519(1),6519(1),6519(1),-,-,-
MAHA-Govt Quota,OPEN Service,Maharashtra,"Govt Med Coll, Nagpur",PSYCHIATRY,"₹1,43,300*","₹92,522",1,"₹50,00,000",1866,-,-,-,-,-,-,-,-,6520(1),6520(1),6520(1),-,-,-
MAHA-Govt Quota,OBC,Maharashtra,"Govt Med Coll, Nanded",MICROBIOLOGY,"₹1,43,300*","₹92,522",1,"₹50,00,000",750,-,-,-,-,-,-,-,-,5627(1),6524(1),6524(1),-,-,-
MAHA-Govt Quota,OPEN-Orphan,Maharashtra,"Indira Gandhi MedColl, Nagpur",SPM,"₹1,43,300*","₹92,522",1,"₹50,00,000",822,-,-,-,-,-,-,-,-,-,-,6525(1),-,-,-
MAHA-Govt Quota,OPEN,Maharashtra,"Shri VR Naik Govt, Yavatmal",MICROBIOLOGY,"₹1,43,300*","₹92,522",1,"₹50,00,000",756,-,-,-,-,-,-,-,-,5357(1),5985(1),6526(1),6758(1),-,-
MAHA Priv-Mgmt Quota,MGT,Maharashtra,"BKL Walawalkar, Ratnagiri",ANAESTHESIOLOGY,"₹38,68,000*","₹62,000",0,₹0,520,-,-,5030(3),5030(3),5925(3),-,-,-,5875(2),6385(2),6530(2),-,-,-
MAHA-Govt Quota,OPEN,Maharashtra,"VMMC, Solapur",FORENSIC MEDICINE,"₹1,43,300*","₹92,522",1,"₹50,00,000",763,-,-,-,-,-,-,-,-,4942(1),-,6532(1),7468(1),-,-
MAHA-Govt Quota,EWS Service,Maharashtra,"Grant Med Coll, Mumbai",EMERGENCY MEDICINE,"₹1,43,300*","₹92,522",1,"₹50,00,000",2844,-,-,-,-,-,-,-,-,-,-,6533(1),-,-,-
MAHA-NRI Quota,NRI,Maharashtra,"Prakash Inst of MS & R, Sangli",OBG,"₹80,00,000*",Info not available,Info Not Available,Info not available,-,-,-,-,-,-,-,-,-,5646(1),-,6534(1),6441(1),-,-
MAHA Priv-Mgmt Quota,MGT,Maharashtra,"Ulhas Patil Med Coll, Jalgaon",ENT,"₹36,00,000*","₹52,769",0,₹0,500,4864(1),-,4426(1),4668(1),4668(1),-,-,-,5336(1),5983(1),6535(1),-,-,-
MAHA-Govt Quota,OPEN Service,Maharashtra,"PGIMS, Navi Mumbai",OBG,"₹1,43,300*","₹92,522",1,"₹50,00,000",-,-,-,-,-,-,-,-,-,6536(1),6536(1),6536(1),-,-,-
MAHA-Govt Quota,OPEN,Maharashtra,"MGIMS, Wardha",PHARMACOLOGY,"₹1,43,300*","₹89,698",1,"₹50,00,000",1000,-,-,-,-,-,-,-,-,4765(1),4854(1),6537(1),-,-,-
MAHA Priv-Mgmt Quota,MGT,Maharashtra,"Tern Med Coll, Navi Mumbai",PATHOLOGY,"₹38,18,180*","₹51,000*",0,₹0,700,-,-,-,-,-,-,-,-,6578(1),-,6537(1),6618(1),7603(1),7647(1)
MAHA-Govt Quota,OPEN Service,Maharashtra,"Grant Med Coll, Mumbai",OBG,"₹1,43,300*","₹92,522",1,"₹50,00,000",2844,4742(1),4908(1),4908(1),4908(1),4908(1),-,-,-,6538(1),6538(1),6538(1),-,-,-
MAHA-Govt Quota,SC,Maharashtra,"Tata Memorial, Mumbai",IHBT,"₹1,05,500*","₹1,00,800",1*,"₹25,00,000*",614,-,-,-,-,-,-,-,-,3556(1),5225(1),6542(1),5575(1),6260(1),6785(1)
MAHA-Govt Quota,ST,Maharashtra,"Kashibai Navale, Pune",GENERAL SURGERY,"₹12,94,000*","₹76,429",0,₹0,1094,-,-,-,-,-,-,-,-,4669(1),4669(1),6543(1),-,-,-
MAHA-Govt Quota,SC,Maharashtra,"Govt Med Coll, Nagpur",MICROBIOLOGY,"₹1,43,300*","₹92,522",1,"₹50,00,000",1866,-,-,6182(2),6182(2),6182(2),-,-,-,6050(2),6467(2),6544(2),-,-,-
MAHA-Govt Quota,OPEN,Maharashtra,"Topiwala, Mumbai",FORENSIC MEDICINE,"₹1,43,300*","₹92,522",1,"₹50,00,000",1300,-,-,-,-,-,-,-,-,3907(1),6548(1),6548(1),-,-,-
MAHA-Govt Quota,SEBC Service,Maharashtra,"BJMC, Pune",DERMATOLOGY,"₹1,43,300*","₹92,522",1,"₹50,00,000",1296,-,-,-,-,-,-,-,-,6549(1),6549(1),6549(1),-,-,-
MAHA-Govt Quota,SEBC Service,Maharashtra,"Indira Gandhi MedColl, Nagpur",GENERAL MEDICINE,"₹1,43,300*","₹92,522",1,"₹50,00,000",822,-,-,-,-,-,-,-,-,6553(1),6553(1),6553(1),-,-,-
MAHA-Govt Quota,ST Service,Maharashtra,"Govt Med Coll, Aurangabad",MICROBIOLOGY,"₹1,43,300*","₹92,522",1,"₹50,00,000",1177,-,-,-,-,-,-,-,-,-,-,6559(1),-,-,-
MAHA-Govt Quota,OBC,Maharashtra,"Grant Med Coll, Mumbai",BIOCHEMISTRY,"₹1,43,300*","₹92,522",1,"₹50,00,000",2844,2937(1),5053(1),-,-,-,-,-,-,6338(1),6562(1),6562(1),-,-,-
MAHA-Govt Quota,ST,Maharashtra,"Lokmanya Tilak, Sion, Mumbai",SPM,"₹1,43,300*","₹92,522",1,"₹50,00,000",1462,-,-,-,-,-,-,-,-,5039(1),6412(1),6564(1),6788(1),-,-
MAHA-Govt Quota,OPEN,Maharashtra,"Sri Bhausaheb, Dhule",MICROBIOLOGY,"₹1,43,300*","₹92,522",1,"₹50,00,000",545,4713(1),-,5648(1),5648(1),5648(1),-,-,-,5244(1),5551(1),6568(1),-,-,-
MAHA-NRI Quota,NRI,Maharashtra,"Panjabrao Deshmukh, Amravati",GENERAL SURGERY,"₹59,50,000*","₹76,429",0,₹0,760,-,-,6172(1),6172(1),6172(1),-,-,-,6256(1),-,6569(1),-,-,-
MAHA-Govt Quota,OBC Service,Maharashtra,"Govt Med Coll, Aurangabad",OBG,"₹1,43,300*","₹92,522",1,"₹50,00,000",1177,-,-,-,-,-,-,-,-,-,-,6572(1),-,-,-
MAHA-Govt Quota,OPEN-Orphan,Maharashtra,"Seth GS, Mumbai",GENERAL MEDICINE,"₹1,43,300*","₹92,522",1,"₹50,00,000",2250,-,-,-,-,-,-,-,-,-,-,6577(1),-,-,-
MAHA-NRI Quota,NRI,Maharashtra,"MIMSR, Latur",GENERAL SURGERY,"₹39,31,035*","₹76,249",0,₹0,775,-,-,6131(1),6131(1),6131(1),-,-,-,6382(1),-,6577(1),7079(1),7129(1),7222(1)
MAHA-Govt Quota,SEBC Service,Maharashtra,"Govt Med Coll, Nagpur",TBRD,"₹1,43,300*","₹92,522",1,"₹50,00,000",1866,-,-,-,-,-,-,-,-,6579(1),6579(1),6579(1),7652(1),-,-
MAHA-Govt Quota,OPEN Service,Maharashtra,"Govt Med Coll, Akola",TBRD,"₹1,43,300*","₹92,522",1,"₹50,00,000",840,-,-,-,-,-,-,-,-,-,6612(1),6582(1),-,-,-
MAHA-Govt Quota,OPEN Service-PH,Maharashtra,"Indira Gandhi MedColl, Nagpur",PSYCHIATRY,"₹1,43,300*","₹92,522",1,"₹50,00,000",822,-,-,-,-,-,-,-,-,-,-,6583(1),2946(1),-,-
MAHA-Govt Quota,NT1 Service,Maharashtra,"Topiwala, Mumbai",RADIO DIAGNOSIS,"₹1,43,300*","₹92,522",1,"₹50,00,000",1300,-,-,-,-,-,-,-,-,4835(1),4835(1),6583(1),-,-,-
MAHA-Govt Quota,OPEN Service,Maharashtra,"Lokmanya Tilak, Sion, Mumbai",OBG,"₹1,43,300*","₹92,522",1,"₹50,00,000",1462,3936(1),3936(1),3936(1),3936(1),3936(1),-,-,-,6503(1),6503(1),6586(1),-,-,-
MAHA-Govt Quota,OBC Service,Maharashtra,"Govt Med Coll, Nagpur",MICROBIOLOGY,"₹1,43,300*","₹92,522",1,"₹50,00,000",1866,-,-,6368(1),6368(1),6368(1),-,-,-,-,-,6588(1),-,-,-
MAHA-Govt Quota,SEBC-PH,Maharashtra,"MGIMS, Wardha",PHARMACOLOGY,"₹1,43,300*","₹89,698",1,"₹50,00,000",1000,-,-,-,-,-,-,-,-,-,-,6590(1),5553(1),-,-
MAHA-Govt Quota,OBC-PH,Maharashtra,"Grant Med Coll, Mumbai",DERMATOLOGY,"₹1,43,300*","₹92,522",1,"₹50,00,000",2844,-,-,-,-,-,-,-,-,6593(1),6593(1),6593(1),-,-,-
MAHA-Govt Quota,ST,Maharashtra,"Govt Med Coll, Gondia",PATHOLOGY,"₹1,43,300*","₹92,522",1,"₹50,00,000",500,-,-,-,-,-,-,-,-,5365(1),6139(1),6594(1),7399(1),-,-
MAHA-Govt Quota,OBC Service,Maharashtra,"Govt Med Coll, Akola",PHARMACOLOGY,"₹1,43,300*","₹92,522",1,"₹50,00,000",840,-,-,-,-,-,-,-,-,-,-,6595(1),-,-,-
MAHA-Govt Quota,OPEN Service,Maharashtra,"Tata Memorial, Mumbai",NUCLEAR MEDICINE,"₹1,05,500*","₹1,00,800",1*,"₹25,00,000*",614,-,-,-,-,-,-,-,-,6596(1),6596(1),6596(1),-,-,-
MAHA-Govt Quota,OPEN,Maharashtra,"Indira Gandhi MedColl, Nagpur",PHYSIOLOGY,"₹1,43,300*","₹92,522",1,"₹50,00,000",822,-,-,-,-,-,-,-,-,4037(1),6597(1),6597(1),-,-,-
MAHA-Govt Quota,SEBC,Maharashtra,"Govt Med Coll, Aurangabad",PHYSIOLOGY,"₹1,43,300*","₹92,522",1,"₹50,00,000",1177,-,-,-,-,-,-,-,-,-,-,6597(1),-,-,-
MAHA-Govt Quota,SEBC Service,Maharashtra,"VMMC, Solapur",ANATOMY,"₹1,43,300*","₹92,522",1,"₹50,00,000",763,-,-,-,-,-,-,-,-,-,-,6599(1),-,-,-
MAHA-Govt Quota,SC Service,Maharashtra,"BJMC, Pune",OBG,"₹1,43,300*","₹92,522",1,"₹50,00,000",1296,-,-,-,-,-,-,-,-,6601(1),6601(1),6601(1),-,-,-
MAHA-Govt Quota,ST,Maharashtra,"BKL Walawalkar, Ratnagiri",GENERAL SURGERY,"₹9,67,000*","₹62,000",0,₹0,520,-,-,-,-,-,-,-,-,6543(1),6602(1),6602(1),-,-,-
MAHA-Govt Quota,EWS Service,Maharashtra,"Grant Med Coll, Mumbai",FORENSIC MEDICINE,"₹1,43,300*","₹92,522",1,"₹50,00,000",2844,-,-,-,-,-,-,-,-,-,-,6603(1),-,-,-
MAHA Priv-Mgmt Quota,MGT,Maharashtra,"Ulhas Patil Med Coll, Jalgaon",PATHOLOGY,"₹12,00,000*","₹52,769",0,₹0,500,-,-,5626(1),5610(1),5752(1),-,-,-,6031(2),6515(2),6603(2),6727(1),6867(1),-
MAHA Priv-Mgmt Quota,MGT,Maharashtra,"Vedantaa Inst of MS, Palghar",OBG,"₹77,28,000*","₹65,000",0,₹0,-,4585(2),-,4680(2),4680(1),4680(1),-,-,-,4528(3),5814(3),6607(3),6775(2),-,-
MAHA-NRI Quota,NRI,Maharashtra,"Ulhas Patil Med Coll, Jalgaon",GENERAL SURGERY,"₹45,00,000*","₹52,769",0,₹0,500,-,-,5697(1),6397(1),6397(1),-,-,-,6608(1),6608(1),6608(1),-,-,-
MAHA-Govt Quota,ST,Maharashtra,"Govt Med Coll, Miraj",PSYCHIATRY,"₹1,43,300*","₹92,522",1,"₹50,00,000",725,-,-,-,-,-,-,-,-,4935(1),5057(1),6609(1),-,-,-
MAHA-Govt Quota,OBC Service,Maharashtra,"Seth GS, Mumbai",PAEDIATRICS,"₹1,43,300*","₹92,522",1,"₹50,00,000",2250,-,-,-,-,-,-,-,-,6611(1),6611(1),6611(1),-,-,-
MAHA-Govt Quota,NT3 Service,Maharashtra,"Topiwala, Mumbai",OBG,"₹1,43,300*","₹92,522",1,"₹50,00,000",1300,-,-,-,-,-,-,-,-,6506(1),6506(1),6612(1),-,-,-
MAHA-NRI Quota,NRI,Maharashtra,"Vedantaa Inst of MS, Palghar",DERMATOLOGY,"₹96,60,000*","₹65,000",0,₹0,-,4667(1),-,5360(2),5369(2),6538(2),6597(1),-,-,6179(2),6613(2),6613(2),6963(1),-,-
MAHA-Govt Quota,EWS Service,Maharashtra,"Tata Memorial, Mumbai",IHBT,"₹1,05,500*","₹1,00,800",1*,"₹25,00,000*",614,-,-,-,-,-,-,-,-,-,-,6614(1),-,-,-
MAHA-NRI Quota,NRI,Maharashtra,"BKL Walawalkar, Ratnagiri",GENERAL SURGERY,"₹48,35,000*","₹62,000",0,₹0,520,-,-,6032(1),6032(1),6032(1),-,-,-,6322(1),-,6615(1),-,-,-
MAHA Priv-Min Quota,Minority,Maharashtra,"IIMSR, Jalna",PATHOLOGY,"₹9,00,000*","₹64,551",0,₹0,Info Not Available,4430(2),4430(2),4430(2),4430(2),4430(2),-,-,-,4906(2),5000(2),6616(3),-,-,-
MAHA-NRI Quota,NRI,Maharashtra,"KJ Somaiyya, Mumbai",OPHTHALMOLOGY,"₹60,00,000*","₹64,000",0,₹0,550,-,-,-,-,-,-,-,-,-,-,6617(1),-,-,-
MAHA Priv-Min Quota,Minority,Maharashtra,"IIMSR, Jalna",PSYCHIATRY,"₹9,00,000*","₹64,551",0,₹0,Info Not Available,2775(1),2158(1),3525(1),3525(1),3525(1),-,-,-,2920(1),4613(1),6619(2),-,-,-
MAHA-Govt Quota,OPEN Service,Maharashtra,"Govt Med Coll, Gondia",OBG,"₹1,43,300*","₹92,522",1,"₹50,00,000",500,-,-,-,-,-,-,-,-,6642(2),6586(1),6619(1),6820(1),-,-
MAHA-Govt Quota,OPEN Service,Maharashtra,"Indira Gandhi MedColl, Nagpur",OBG,"₹1,43,300*","₹92,522",1,"₹50,00,000",822,-,-,-,-,-,-,-,-,5974(1),5974(1),6621(1),-,-,-
MAHA-Govt Quota,SC,Maharashtra,"Vasantrao Pawar, Nasik",PATHOLOGY,"₹9,00,000*","₹69,105",0,₹0,1000,-,-,-,-,-,-,-,-,5418(1),6172(1),6622(1),-,-,-
MAHA Priv-Min Quota,Minority,Maharashtra,"IIMSR, Jalna",ORTHOPAEDICS,"₹9,00,000*","₹64,551",0,₹0,Info Not Available,1427(1),1481(1),2890(1),2890(1),2890(1),-,-,-,1484(1),1916(1),6623(2),-,-,-
MAHA-NRI Quota,NRI,Maharashtra,"ACPM, Dhule",ORTHOPAEDICS,"₹53,70,000*","₹50,000",0,₹0,570,-,-,5742(1),5707(1),5893(1),-,-,-,-,5928(1),6627(1),-,-,-
MAHA Priv-Mgmt Quota,MGT,Maharashtra,"Vedantaa Inst of MS, Palghar",PAEDIATRICS,"₹77,28,000*","₹65,000",0,₹0,-,4723(4),-,5036(4),5779(4),6216(4),6520(3),6588(2),-,5474(3),6282(2),6627(3),6641(2),7283(2),7289(1)
MAHA-Govt Quota,SEBC Service,Maharashtra,"Govt Med Coll, Miraj",OBG,"₹1,43,300*","₹92,522",1,"₹50,00,000",725,-,-,-,-,-,-,-,-,6630(1),6630(1),6630(1),-,-,-
MAHA-Govt Quota,SC Service,Maharashtra,"Topiwala, Mumbai",GENERAL MEDICINE,"₹1,43,300*","₹92,522",1,"₹50,00,000",1300,-,-,-,-,-,-,-,-,6063(1),6063(1),6631(1),-,-,-
MAHA-Govt Quota,NT2,Maharashtra,"BJMC, Pune",BIOCHEMISTRY,"₹1,43,300*","₹92,522",1,"₹50,00,000",1296,-,-,-,-,-,-,-,-,6342(1),6634(1),6634(1),-,-,-
MAHA-Govt Quota,OPEN Service,Maharashtra,"Govt Med Coll, Nagpur",PATHOLOGY,"₹1,43,300*","₹92,522",1,"₹50,00,000",1866,-,-,-,-,-,-,-,-,6635(1),6635(1),6635(1),-,-,-
MAHA-Govt Quota,SC,Maharashtra,"Seth GS, Mumbai",PHYSIOLOGY,"₹1,43,300*","₹92,522",1,"₹50,00,000",2250,5021(1),5021(1),5021(1),5021(1),5021(1),-,-,-,6637(1),6637(1),6637(1),-,-,-
MAHA-Govt Quota,ST,Maharashtra,"Govt Med Coll, Nagpur",PHARMACOLOGY,"₹1,43,300*","₹92,522",1,"₹50,00,000",1866,-,-,-,-,-,-,-,-,6412(1),6641(1),6641(1),-,-,-
MAHA-Govt Quota,OPEN Service,Maharashtra,"Sri Bhausaheb, Dhule",OBG,"₹1,43,300*","₹92,522",1,"₹50,00,000",545,4850(1),4850(1),4850(1),4850(1),4850(1),-,-,-,6156(1),6156(1),6642(1),-,-,-
MAHA-Govt Quota,OBC Service,Maharashtra,"MGIMS, Wardha",OBG,"₹1,43,300*","₹89,698",1,"₹50,00,000",1000,-,-,-,-,-,-,-,-,6645(1),6645(1),6645(1),-,-,-
MAHA Priv-Mgmt Quota,MGT,Maharashtra,"SMBT IMS, Nashik",ANAESTHESIOLOGY,"₹60,64,000*","₹60,000",0,₹0,850,4523(1),-,5453(4),5453(4),5453(4),-,-,-,6279(4),6648(3),6648(4),6510(1),6496(1),6827(1)
MAHA-Govt Quota,ST,Maharashtra,"Kashibai Navale, Pune",PATHOLOGY,"₹12,94,000*","₹76,429",0,₹0,1094,-,-,-,-,-,-,-,-,6650(1),6650(1),6650(1),-,-,-
MAHA Priv-Mgmt Quota,MGT,Maharashtra,"Vedantaa Inst of MS, Palghar",DERMATOLOGY,"₹77,28,000*","₹65,000",0,₹0,-,4015(3),4812(2),4924(3),4928(3),4928(3),-,-,-,4655(3),6651(1),6651(3),-,-,-
MAHA-Govt Quota,NT2 Service,Maharashtra,"Indira Gandhi MedColl, Nagpur",RADIO DIAGNOSIS,"₹1,43,300*","₹92,522",1,"₹50,00,000",822,-,-,-,-,-,-,-,-,6652(1),6652(1),6652(1),-,-,-
MAHA-Govt Quota,OBC Service,Maharashtra,"Topiwala, Mumbai",PAEDIATRICS,"₹1,43,300*","₹92,522",1,"₹50,00,000",1300,-,-,-,-,-,-,-,-,6653(1),6653(1),6653(1),-,-,-
MAHA-NRI Quota,NRI,Maharashtra,"Kashibai Navale, Pune",PAEDIATRICS,"₹64,70,000*","₹76,429",0,₹0,1094,4815(1),-,5003(1),4999(1),4999(1),-,-,-,5156(1),6206(1),6654(1),-,-,-
MAHA-Govt Quota,OBC Service,Maharashtra,"Grant Med Coll, Mumbai",PAEDIATRICS,"₹1,43,300*","₹92,522",1,"₹50,00,000",2844,-,-,-,-,-,-,-,-,6654(1),6654(1),6654(1),-,-,-
MAHA-NRI Quota,NRI,Maharashtra,"Prakash Inst of MS & R, Sangli",PAEDIATRICS,"₹80,00,000*",Info not available,Info Not Available,Info not available,-,-,-,-,-,-,-,-,-,5928(1),-,6658(1),6885(1),7134(1),7189(1)
MAHA-Govt Quota,SEBC,Maharashtra,"BKL Walawalkar, Ratnagiri",PATHOLOGY,"₹9,67,000*","₹62,000",0,₹0,520,-,-,-,-,-,-,-,-,4769(1),5839(1),6663(1),-,-,-
MAHA-Govt Quota,OPEN Service,Maharashtra,"MPGIMER, Nashik",OPHTHALMOLOGY,"₹1,43,300*","₹92,522",1,"₹50,00,000",-,-,-,-,-,-,-,-,-,6612(1),-,6667(1),-,-,-
MAHA-NRI Quota,NRI,Maharashtra,"Panjabrao Deshmukh, Amravati",ORTHOPAEDICS,"₹59,50,000*","₹76,429",0,₹0,760,-,-,5339(1),5226(1),5226(1),-,-,-,-,-,6668(1),6961(1),-,-
MAHA-Govt Quota,OPEN Service-PH,Maharashtra,"Grant Med Coll, Mumbai",PHYSIOLOGY,"₹1,43,300*","₹92,522",1,"₹50,00,000",2844,-,-,-,-,-,-,-,-,-,-,6669(1),-,-,-
MAHA Priv-Mgmt Quota,MGT,Maharashtra,"Prakash Inst of MS & R, Sangli",GENERAL SURGERY,"₹64,00,000*",Info not available,Info Not Available,Info not available,-,-,-,-,-,-,-,-,-,5092(3),5968(3),6671(3),6647(1),-,-
MAHA-Govt Quota,OPEN,Maharashtra,"Govt Med Coll, Aurangabad",ANATOMY,"₹1,43,300*","₹92,522",1,"₹50,00,000",1177,-,-,-,-,-,-,-,-,2551(1),4348(1),6672(1),-,-,-
MAHA-Govt Quota,SEBC,Maharashtra,"Vedantaa Inst of MS, Palghar",PATHOLOGY,"₹19,32,000*","₹45,000",0,₹0,-,-,-,-,-,-,-,-,-,6288(1),-,6681(1),6776(1),7033(1),-
MAHA-Govt Quota,ST Service,Maharashtra,"BJMC, Pune",OPHTHALMOLOGY,"₹1,43,300*","₹92,522",1,"₹50,00,000",1296,-,-,-,-,-,-,-,-,-,-,6683(1),-,-,-
MAHA-Govt Quota,OPEN,Maharashtra,"Seth GS, Mumbai",BIOCHEMISTRY,"₹1,43,300*","₹92,522",1,"₹50,00,000",2250,-,-,-,-,-,-,-,-,4100(1),5629(1),6685(1),-,-,-
MAHA-Govt Quota,OPEN Service,Maharashtra,"SRTT, Ambajogai",ORTHOPAEDICS,"₹1,43,300*","₹92,522",1,"₹50,00,000",518,-,-,-,-,-,-,-,-,6582(1),-,6686(1),-,-,-
MAHA-NRI Quota,NRI,Maharashtra,"NKP Salve IMS, Nagpur",TBRD,"₹45,00,000*","₹64,551",0,₹0,1272,-,-,4915(1),4915(1),4915(1),-,-,-,5306(1),-,6691(1),6711(1),-,-
MAHA-Govt Quota,SC Service,Maharashtra,"Rajarshee CSM Govt MC,Kolhapur",PAEDIATRICS,"₹1,43,300*","₹92,522",1,"₹50,00,000",665,-,-,-,-,-,-,-,-,-,-,6694(1),-,-,-
MAHA-Govt Quota,SC,Maharashtra,"Govt Med Coll, Aurangabad",FORENSIC MEDICINE,"₹1,43,300*","₹92,522",1,"₹50,00,000",1177,-,-,-,-,-,-,-,-,6078(1),-,6695(1),-,-,-
MAHA-NRI Quota,NRI,Maharashtra,"Ashwini Rural, Solapur",GENERAL SURGERY,"₹59,05,000*","₹65,000",0,₹0,520,-,-,6339(1),6494(1),5197(1),-,-,-,6142(1),-,6700(1),6526(1),7280(1),7364(1)
MAHA-NRI Quota,NRI,Maharashtra,"Vedantaa Inst of MS, Palghar",OBG,"₹96,60,000*","₹65,000",0,₹0,-,-,-,6148(1),5476(1),6408(1),-,-,-,6613(1),-,6707(1),-,-,-
MAHA-Govt Quota,OPEN Service,Maharashtra,"Rajiv Gandhi MC & CSMH, Thane",FORENSIC MEDICINE,"₹1,43,300*","₹92,522",1,"₹50,00,000",500,-,-,-,-,-,-,-,-,-,-,6710(1),-,-,-
MAHA-Govt Quota,EWS Service,Maharashtra,"Govt Med Coll, Nagpur",ORTHOPAEDICS,"₹1,43,300*","₹92,522",1,"₹50,00,000",1866,-,-,-,-,-,-,-,-,-,-,6712(1),-,-,-
MAHA-Govt Quota,NT1 Service,Maharashtra,"Seth GS, Mumbai",PAEDIATRICS,"₹1,43,300*","₹92,522",1,"₹50,00,000",2250,-,-,-,-,-,-,-,-,-,-,6714(1),-,-,-
MAHA-Govt Quota,OBC,Maharashtra,"Govt Med Coll, Jalgaon",PHARMACOLOGY,"₹1,43,300*","₹92,522",1,"₹50,00,000",441,-,-,-,-,-,-,-,-,5207(1),5558(1),6715(1),6338(1),-,-
MAHA-Govt Quota,ST Service,Maharashtra,"Tata Memorial, Mumbai",PATHOLOGY,"₹1,05,500*","₹1,00,800",1*,"₹25,00,000*",614,-,-,-,-,-,-,-,-,-,-,6717(1),-,-,-
MAHA-Govt Quota,EWS Service,Maharashtra,"BJMC, Pune",PSYCHIATRY,"₹1,43,300*","₹92,522",1,"₹50,00,000",1296,-,-,-,-,-,-,-,-,-,-,6720(1),-,-,-
MAHA Priv-Mgmt Quota,MGT,Maharashtra,"Vedantaa Inst of MS, Palghar",OPHTHALMOLOGY,"₹77,28,000*","₹65,000",0,₹0,-,-,4915(1),4915(1),4915(1),4915(1),-,-,-,5429(1),-,6721(1),6796(1),-,-
MAHA-NRI Quota,NRI,Maharashtra,"Ashwini Rural, Solapur",OPHTHALMOLOGY,"₹59,05,000*","₹65,000",0,₹0,520,-,-,5449(1),5967(1),5967(1),-,-,-,6411(1),6565(1),6723(1),-,-,-
MAHA-Govt Quota,OPEN,Maharashtra,"BKL Walawalkar, Ratnagiri",SPM,"₹5,00,000*","₹62,000",0,₹0,520,4513(1),-,6402(3),6402(2),6402(2),-,-,-,6537(2),6537(2),6725(2),-,-,-
MAHA-Govt Quota,SEBC Service,Maharashtra,"SRTT, Ambajogai",PAEDIATRICS,"₹1,43,300*","₹92,522",1,"₹50,00,000",518,-,-,-,-,-,-,-,-,-,-,6728(1),-,-,-
MAHA-NRI Quota,NRI,Maharashtra,"Prakash Inst of MS & R, Sangli",GENERAL MEDICINE,"₹80,00,000*",Info not available,Info Not Available,Info not available,-,-,-,-,-,-,-,-,-,4888(2),6236(2),6730(2),6763(1),-,-
MAHA-Govt Quota,OBC Service,Maharashtra,"Indira Gandhi MedColl, Nagpur",TBRD,"₹1,43,300*","₹92,522",1,"₹50,00,000",822,-,-,-,-,-,-,-,-,-,-,6739(1),-,-,-
MAHA-NRI Quota,NRI,Maharashtra,"NKP Salve IMS, Nagpur",ANAESTHESIOLOGY,"₹36,00,000*","₹64,551",0,₹0,1272,4193(1),-,5634(1),5278(1),5278(1),-,-,-,5797(1),-,6741(1),7315(1),6947(1),7516(1)
MAHA-Govt Quota,ST,Maharashtra,"Govt Med Coll, Gondia",SPM,"₹1,43,300*","₹92,522",1,"₹50,00,000",500,-,-,-,-,-,-,-,-,5581(1),6461(1),6745(1),-,-,-
MAHA Priv-Mgmt Quota,MGT,Maharashtra,"Ulhas Patil Med Coll, Jalgaon",SPM,"₹3,00,000*","₹52,769",0,₹0,500,-,-,6506(1),6506(1),6506(1),-,-,-,-,-,6754(1),-,-,-
MAHA-Govt Quota,OBC Service,Maharashtra,"Rajarshee CSM Govt MC,Kolhapur",MICROBIOLOGY,"₹1,43,300*","₹92,522",1,"₹50,00,000",665,-,-,-,-,-,-,-,-,-,-,6766(1),-,-,-
MAHA-Govt Quota,SC-PH,Maharashtra,"Indira Gandhi MedColl, Nagpur",MICROBIOLOGY,"₹1,43,300*","₹92,522",1,"₹50,00,000",822,-,-,-,-,-,-,-,-,-,-,6768(1),-,-,-
MAHA-Govt Quota,ST Service,Maharashtra,"Rajarshee CSM Govt MC,Kolhapur",GENERAL MEDICINE,"₹1,43,300*","₹92,522",1,"₹50,00,000",665,-,-,-,-,-,-,-,-,-,6468(1),6771(1),-,-,-
MAHA-NRI Quota,NRI,Maharashtra,"Ashwini Rural, Solapur",ORTHOPAEDICS,"₹59,05,000*","₹65,000",0,₹0,520,-,-,5594(1),5594(1),5594(1),-,-,-,5936(1),-,6778(1),-,-,-
MAHA-Govt Quota,NT2 Service,Maharashtra,"MPGIMER, Nashik",MICROBIOLOGY,"₹1,43,300*","₹92,522",1,"₹50,00,000",-,-,-,-,-,-,-,-,-,-,-,6786(1),6290(1),-,-
MAHA-Govt Quota,NT1 Service,Maharashtra,"HBT & RN Cooper, Mumbai",PHARMACOLOGY,"₹1,43,300*","₹92,522",1,"₹50,00,000",940,-,-,-,-,-,-,-,-,-,-,6787(1),-,-,-
MAHA-Govt Quota,SC Service,Maharashtra,"Govt Med Coll, Jalgaon",OBG,"₹1,43,300*","₹92,522",1,"₹50,00,000",441,-,-,-,-,-,-,-,-,-,-,6790(1),-,-,-
MAHA-Govt Quota,OPEN-PH,Maharashtra,"VMMC, Solapur",GENERAL MEDICINE,"₹1,43,300*","₹92,522",1,"₹50,00,000",763,-,-,-,-,-,-,-,-,-,-,6792(1),7598(1),-,-
MAHA-Govt Quota,EWS Service,Maharashtra,"Govt Med Coll, Akola",OBG,"₹1,43,300*","₹92,522",1,"₹50,00,000",840,-,-,-,-,-,-,-,-,-,-,6793(1),-,-,-
MAHA Priv-Mgmt Quota,MGT,Maharashtra,"Prakash Inst of MS & R, Sangli",ANAESTHESIOLOGY,"₹64,00,000*",Info not available,Info Not Available,Info not available,-,-,-,-,-,-,-,-,-,6247(2),-,6794(2),-,-,-
MAHA-Govt Quota,OPEN,Maharashtra,"Govt Med Coll, Chandrapur",PHARMACOLOGY,"₹1,43,300*","₹92,522",1,"₹50,00,000",650,-,-,-,-,-,-,-,-,5160(1),5362(1),6795(1),-,-,-
MAHA-Govt Quota,OPEN Service,Maharashtra,"Rajarshee CSM Govt MC,Kolhapur",FORENSIC MEDICINE,"₹1,43,300*","₹92,522",1,"₹50,00,000",665,-,-,-,-,-,-,-,-,-,-,6802(1),-,-,-
MAHA-NRI Quota,NRI,Maharashtra,"IIMSR, Jalna",OPHTHALMOLOGY,"₹45,00,000*","₹64,551",0,₹0,Info Not Available,-,-,-,-,-,-,-,-,-,-,6803(1),-,-,-
MAHA Priv-Mgmt Quota,MGT,Maharashtra,"NKP Salve IMS, Nagpur",PATHOLOGY,"₹18,00,000*","₹64,551",0,₹0,1272,-,-,5483(5),5584(5),5584(5),-,-,-,6627(3),6395(1),6805(5),-,7592(1),-
MAHA-Govt Quota,OBC,Maharashtra,"Govt Med Coll, Aurangabad",PHYSIOLOGY,"₹1,43,300*","₹92,522",1,"₹50,00,000",1177,-,-,-,-,-,-,-,-,5636(1),6606(1),6806(1),-,-,-
MAHA-Govt Quota,SEBC,Maharashtra,"Govt Med Coll, Aurangabad",MICROBIOLOGY,"₹1,43,300*","₹92,522",1,"₹50,00,000",1177,-,-,-,-,-,-,-,-,5556(1),-,6807(1),-,-,-
MAHA-Govt Quota,EWS Service,Maharashtra,"Govt Med Coll, Nagpur",PAEDIATRICS,"₹1,43,300*","₹92,522",1,"₹50,00,000",1866,-,-,-,-,-,-,-,-,-,-,6808(1),-,-,-
MAHA-Govt Quota,OPEN,Maharashtra,"Seth GS, Mumbai",ANATOMY,"₹1,43,300*","₹92,522",1,"₹50,00,000",2250,-,-,-,-,-,-,-,-,245(1),-,6809(1),-,-,-
MAHA-Govt Quota,EWS Service,Maharashtra,"Govt Med Coll, Latur",PAEDIATRICS,"₹1,43,300*","₹92,522",1,"₹50,00,000",750,-,-,-,-,-,-,-,-,-,-,6811(1),-,-,-
MAHA-Govt Quota,SEBC,Maharashtra,"Kashibai Navale, Pune",SPM,"₹12,94,000*","₹76,429",0,₹0,1094,-,-,-,-,-,-,-,-,-,-,6815(1),7635(1),-,-
MAHA-NRI Quota,NRI,Maharashtra,"SMBT IMS, Nashik",ORTHOPAEDICS,"₹75,80,000*","₹60,000",0,₹0,850,-,-,5518(1),5518(1),5518(1),-,-,-,-,-,6823(1),7149(1),-,-
MAHA-NRI Quota,NRI,Maharashtra,"Vithalrao Patil, Ahmednagar",ANAESTHESIOLOGY,"₹40,00,000*","₹76,629",0,₹0,960,-,-,-,-,-,-,-,-,-,-,6824(1),-,-,-
MAHA-Govt Quota,OBC,Maharashtra,"Vedantaa Inst of MS, Palghar",PATHOLOGY,"₹19,32,000*","₹45,000",0,₹0,-,-,-,-,-,-,-,-,-,5535(1),5693(1),6829(1),6421(1),7418(1),-
MAHA-Govt Quota,VJ,Maharashtra,"Vedantaa Inst of MS, Palghar",PATHOLOGY,"₹19,32,000*","₹45,000",0,₹0,-,-,-,-,-,-,-,-,-,4452(1),-,6831(1),-,-,-
MAHA-Govt Quota,SEBC,Maharashtra,"Govt Med Coll, Nanded",ANATOMY,"₹1,43,300*","₹92,522",1,"₹50,00,000",750,-,-,-,-,-,-,-,-,-,-,6839(1),-,-,-
MAHA-Govt Quota,OPEN Service,Maharashtra,"Grant Med Coll, Mumbai",ANAESTHESIOLOGY,"₹1,43,300*","₹92,522",1,"₹50,00,000",2844,4362(1),4362(1),4362(1),4362(1),4362(1),-,-,-,-,-,6844(1),-,-,-
MAHA-Govt Quota,OPEN Service,Maharashtra,"Rajarshee CSM Govt MC,Kolhapur",BIOCHEMISTRY,"₹1,43,300*","₹92,522",1,"₹50,00,000",665,-,-,-,-,-,-,-,-,-,-,6845(1),-,-,-
MAHA Priv-Mgmt Quota,MGT,Maharashtra,"Vithalrao Patil, Ahmednagar",PATHOLOGY,"₹20,00,000*","₹76,629",0,₹0,960,-,-,5096(1),5096(1),5096(1),-,-,-,6134(1),-,6846(1),-,-,-
MAHA-Govt Quota,OPEN Service,Maharashtra,"Govt Med Coll, Nagpur",SPM,"₹1,43,300*","₹92,522",1,"₹50,00,000",1866,-,-,-,-,-,-,-,-,-,-,6848(1),-,-,-
MAHA-Govt Quota,VJ Service,Maharashtra,"Shri VR Naik Govt, Yavatmal",OBG,"₹1,43,300*","₹92,522",1,"₹50,00,000",756,-,-,-,-,-,-,-,-,-,-,6849(1),-,-,-
MAHA-Govt Quota,ST,Maharashtra,"Govt Med Coll, Chandrapur",FORENSIC MEDICINE,"₹1,43,300*","₹92,522",1,"₹50,00,000",650,-,-,-,-,-,-,-,-,-,-,6852(1),-,-,-
MAHA-NRI Quota,NRI,Maharashtra,"Vasantrao Pawar, Nasik",ANAESTHESIOLOGY,"₹45,00,000*","₹69,105",0,₹0,1000,-,-,-,-,-,-,-,-,-,-,6853(1),-,-,-
MAHA-NRI Quota,NRI,Maharashtra,"Prakash Inst of MS & R, Sangli",GENERAL SURGERY,"₹80,00,000*",Info not available,Info Not Available,Info not available,-,-,-,-,-,-,-,-,-,6314(1),-,6855(1),-,-,-
MAHA Priv-Mgmt Quota,MGT,Maharashtra,"Prakash Inst of MS & R, Sangli",ORTHOPAEDICS,"₹64,00,000*",Info not available,Info Not Available,Info not available,-,-,-,-,-,-,-,-,-,4927(2),6141(2),6856(2),6923(1),-,-
MAHA-Govt Quota,NT2 Service,Maharashtra,"Govt Med Coll, Nanded",OBG,"₹1,43,300*","₹92,522",1,"₹50,00,000",750,-,-,-,-,-,-,-,-,-,-,6865(1),-,-,-
MAHA-Govt Quota,EWS,Maharashtra,"Govt Med Coll, Aurangabad",BIOCHEMISTRY,"₹1,43,300*","₹92,522",1,"₹50,00,000",1177,-,-,-,-,-,-,-,-,-,-,6866(1),-,-,-
MAHA Priv-Mgmt Quota,MGT,Maharashtra,"Vedantaa Inst of MS, Palghar",EMERGENCY MEDICINE,"₹77,28,000*","₹65,000",0,₹0,-,-,-,-,-,-,-,-,-,5289(1),-,6874(1),7544(1),-,-
MAHA-Govt Quota,OPEN,Maharashtra,"MIMER, Talegaon, Pune",SPM,"₹8,00,000*","₹64,551",0,₹0,720,-,-,-,-,-,-,-,-,-,-,6875(1),7162(1),-,-
MAHA-Govt Quota,SC,Maharashtra,"Govt Med Coll, Nanded",FORENSIC MEDICINE,"₹1,43,300*","₹92,522",1,"₹50,00,000",750,-,-,-,-,-,-,-,-,6334(1),6639(1),6877(1),-,-,-
MAHA-NRI Quota,NRI,Maharashtra,"Vedantaa Inst of MS, Palghar",PAEDIATRICS,"₹96,60,000*","₹65,000",0,₹0,-,-,-,5317(1),6105(1),6105(1),-,-,-,-,-,6883(1),7116(1),-,-
MAHA-Govt Quota,ST,Maharashtra,"Vedantaa Inst of MS, Palghar",GENERAL MEDICINE,"₹19,32,000*","₹65,000",0,₹0,-,-,-,-,-,-,-,-,-,4246(1),5957(1),6886(1),-,-,-
MAHA-Govt Quota,EWS,Maharashtra,"Rajiv Gandhi MC & CSMH, Thane",MICROBIOLOGY,"₹1,43,300*","₹92,522",1,"₹50,00,000",500,-,-,-,-,-,-,-,-,-,-,6888(1),-,-,-
MAHA Priv-Mgmt Quota,MGT,Maharashtra,"Ashwini Rural, Solapur",PATHOLOGY,"₹23,62,000*",Info not available,0,₹0,520,-,-,5430(2),6092(2),6092(2),-,-,-,-,-,6894(2),6585(1),7453(1),-
MAHA-Govt Quota,EWS Service,Maharashtra,"Govt Med Coll, Aurangabad",TBRD,"₹1,43,300*","₹92,522",1,"₹50,00,000",1177,-,-,-,-,-,-,-,-,-,-,6897(1),-,-,-
MAHA-Govt Quota,SC Service,Maharashtra,"Indira Gandhi MedColl, Nagpur",OBG,"₹1,43,300*","₹92,522",1,"₹50,00,000",822,-,-,-,-,-,-,-,-,-,-,6898(1),-,-,-
MAHA-Govt Quota,SEBC Service,Maharashtra,"Govt Med Coll, Latur",ORTHOPAEDICS,"₹1,43,300*","₹92,522",1,"₹50,00,000",750,-,-,-,-,-,-,-,-,-,-,6899(1),-,-,-
MAHA-Govt Quota,OBC Service,Maharashtra,"BJMC, Pune",ORTHOPAEDICS,"₹1,43,300*","₹92,522",1,"₹50,00,000",1296,-,-,-,-,-,-,-,-,-,-,6900(1),-,-,-
MAHA-Govt Quota,OPEN,Maharashtra,"NKP Salve IMS, Nagpur",PHARMACOLOGY,"₹4,50,000*","₹64,551",0,₹0,1272,-,-,5956(1),6161(1),6161(1),-,-,-,6421(1),-,6907(1),-,-,-
MAHA-NRI Quota,NRI,Maharashtra,"Prakash Inst of MS & R, Sangli",ORTHOPAEDICS,"₹80,00,000*",Info not available,Info Not Available,Info not available,-,-,-,-,-,-,-,-,-,-,-,6909(1),-,-,-
MAHA-Govt Quota,SC,Maharashtra,"Kashibai Navale, Pune",PATHOLOGY,"₹12,94,000*","₹76,429",0,₹0,1094,-,-,-,-,-,-,-,-,5443(1),5625(1),6910(1),-,-,-
MAHA-Govt Quota,OPEN Service,Maharashtra,"BJMC, Pune",GENERAL SURGERY,"₹1,43,300*","₹92,522",1,"₹50,00,000",1296,-,-,5150(1),5150(1),5150(1),-,-,-,-,-,6913(1),-,-,-
MAHA-Govt Quota,NT3,Maharashtra,"HBT & RN Cooper, Mumbai",FORENSIC MEDICINE,"₹1,43,300*","₹92,522",1,"₹50,00,000",940,-,-,-,-,-,-,-,-,4625(1),-,6916(1),-,-,-
MAHA-Govt Quota,SC Service,Maharashtra,"Lokmanya Tilak, Sion, Mumbai",OBG,"₹1,43,300*","₹92,522",1,"₹50,00,000",1462,-,-,-,-,-,-,-,-,6631(1),6631(1),6928(1),-,-,-
MAHA-Govt Quota,ST Service,Maharashtra,"Pimpri Chinchwad, Pimpri",GENERAL MEDICINE,"₹1,43,300*","₹92,522",1,"₹50,00,000",750,-,-,-,-,-,-,-,-,6468(1),-,6929(1),-,-,-
MAHA-NRI Quota,NRI,Maharashtra,"Vithalrao Patil, Ahmednagar",PATHOLOGY,"₹20,00,000*","₹76,629",0,₹0,960,-,-,-,-,-,-,-,-,-,-,6930(1),-,-,-
MAHA-Govt Quota,EWS,Maharashtra,"Govt Med Coll, Jalgaon",MICROBIOLOGY,"₹1,43,300*","₹92,522",1,"₹50,00,000",441,-,-,-,-,-,-,-,-,-,-,6933(1),7107(1),-,-
MAHA-Govt Quota,NT3 Service,Maharashtra,"BJMC, Pune",GENERAL SURGERY,"₹1,43,300*","₹92,522",1,"₹50,00,000",1296,-,-,-,-,-,-,-,-,-,-,6936(1),-,-,-
MAHA-Govt Quota,EWS,Maharashtra,"SRTT, Ambajogai",MICROBIOLOGY,"₹1,43,300*","₹92,522",1,"₹50,00,000",518,-,-,-,-,-,-,-,-,-,5351(1),6943(1),-,-,-
MAHA-Govt Quota,OPEN Service,Maharashtra,"Grant Med Coll, Mumbai",PATHOLOGY,"₹1,43,300*","₹92,522",1,"₹50,00,000",2844,-,-,5528(1),5528(1),5528(1),-,-,-,-,-,6944(1),3698(1),-,-
MAHA-Govt Quota,ST,Maharashtra,"Seth GS, Mumbai",MICROBIOLOGY,"₹1,43,300*","₹92,522",1,"₹50,00,000",2250,-,-,-,-,-,-,-,-,5719(1),6453(1),6949(1),-,-,-
MAHA-Govt Quota,VJ,Maharashtra,"Rajarshee CSM Govt MC,Kolhapur",PHARMACOLOGY,"₹1,43,300*","₹92,522",1,"₹50,00,000",665,-,-,-,-,-,-,-,-,4981(1),-,6951(1),-,-,-
MAHA-Govt Quota,SEBC Service,Maharashtra,"Govt Med Coll, Aurangabad",OPHTHALMOLOGY,"₹1,43,300*","₹92,522",1,"₹50,00,000",1177,-,-,-,-,-,-,-,-,-,-,6954(1),-,-,-
MAHA-Govt Quota,EWS Service,Maharashtra,"Grant Med Coll, Mumbai",BIOCHEMISTRY,"₹1,43,300*","₹92,522",1,"₹50,00,000",2844,-,-,-,-,-,-,-,-,-,-,6956(1),6466(1),-,-
MAHA-Govt Quota,OBC Service,Maharashtra,"PGIMS, Navi Mumbai",PAEDIATRICS,"₹1,43,300*","₹92,522",1,"₹50,00,000",-,-,-,-,-,-,-,-,-,-,-,6958(1),-,-,-
MAHA-Govt Quota,NT2 Service,Maharashtra,"Seth GS, Mumbai",ORTHOPAEDICS,"₹1,43,300*","₹92,522",1,"₹50,00,000",2250,-,-,-,-,-,-,-,-,-,-,6973(1),-,-,-
MAHA-Govt Quota,EWS,Maharashtra,"Govt Med Coll, Nagpur",PHARMACOLOGY,"₹1,43,300*","₹92,522",1,"₹50,00,000",1866,-,-,4912(1),4912(1),4912(1),-,-,-,-,-,6974(1),-,-,-
MAHA-Govt Quota,VJ,Maharashtra,"Govt Med Coll, Latur",PHARMACOLOGY,"₹1,43,300*","₹92,522",1,"₹50,00,000",750,-,-,-,-,-,-,-,-,-,-,6977(1),-,-,-
MAHA-Govt Quota,SEBC Service,Maharashtra,"MPGIMER, Nashik",ANAESTHESIOLOGY,"₹1,43,300*","₹92,522",1,"₹50,00,000",-,-,-,-,-,-,-,-,-,-,-,6979(1),-,-,-
MAHA-Govt Quota,SC Service,Maharashtra,"MPGIMER, Nashik",PAEDIATRICS,"₹1,43,300*","₹92,522",1,"₹50,00,000",-,-,-,-,-,-,-,-,-,-,-,6985(1),-,-,-
MAHA Priv-Min Quota,Minority,Maharashtra,"IIMSR, Jalna",ANAESTHESIOLOGY,"₹9,00,000*","₹64,551",0,₹0,Info Not Available,2717(2),2968(2),3565(2),3565(2),3565(2),-,-,-,3422(2),3422(2),6987(3),-,-,-
MAHA-Govt Quota,SC,Maharashtra,"Govt Med Coll, Akola",PHARMACOLOGY,"₹1,43,300*","₹92,522",1,"₹50,00,000",840,-,-,-,-,-,-,-,-,5571(1),6428(1),6988(1),-,-,-
MAHA-Govt Quota,ST,Maharashtra,"Grant Med Coll, Mumbai",BIOCHEMISTRY,"₹1,43,300*","₹92,522",1,"₹50,00,000",2844,-,-,-,-,-,-,-,-,6584(1),-,6990(1),-,-,-
MAHA-Govt Quota,SEBC Service,Maharashtra,"Lokmanya Tilak, Sion, Mumbai",PAEDIATRICS,"₹1,43,300*","₹92,522",1,"₹50,00,000",1462,-,-,-,-,-,-,-,-,-,-,6992(1),-,-,-
MAHA-Govt Quota,OPEN Service,Maharashtra,"Lokmanya Tilak, Sion, Mumbai",ORTHOPAEDICS,"₹1,43,300*","₹92,522",1,"₹50,00,000",1462,-,-,-,-,-,-,-,-,-,6582(1),6994(1),-,-,-
MAHA-Govt Quota,SC Service,Maharashtra,"Indira Gandhi MedColl, Nagpur",ORTHOPAEDICS,"₹1,43,300*","₹92,522",1,"₹50,00,000",822,-,-,-,-,-,-,-,-,-,-,6995(1),-,-,-
MAHA-Govt Quota,NT2,Maharashtra,"Rajiv Gandhi MC & CSMH, Thane",FORENSIC MEDICINE,"₹1,43,300*","₹92,522",1,"₹50,00,000",500,-,-,-,-,-,-,-,-,5561(1),-,7000(1),-,-,-
MAHA-Govt Quota,OPEN Service,Maharashtra,"Pimpri Chinchwad, Pimpri",SPM,"₹1,43,300*","₹92,522",1,"₹50,00,000",750,-,-,-,-,-,-,-,-,6500(1),6500(1),7001(1),-,-,-
MAHA-Govt Quota,SC,Maharashtra,"Grant Med Coll, Mumbai",PHYSIOLOGY,"₹1,43,300*","₹92,522",1,"₹50,00,000",2844,-,-,-,-,-,-,-,-,6465(1),-,7007(1),-,-,-
MAHA-Govt Quota,OPEN Service,Maharashtra,"VMMC, Solapur",GENERAL SURGERY,"₹1,43,300*","₹92,522",1,"₹50,00,000",763,-,-,-,-,-,-,-,-,-,-,7009(1),-,-,-
MAHA-Govt Quota,EWS Service,Maharashtra,"Govt Med Coll, Nagpur",GENERAL SURGERY,"₹1,43,300*","₹92,522",1,"₹50,00,000",1866,-,-,-,-,-,-,-,-,-,-,7013(1),-,-,-
MAHA-Govt Quota,NT2,Maharashtra,"Govt Med Coll, Nagpur",MICROBIOLOGY,"₹1,43,300*","₹92,522",1,"₹50,00,000",1866,-,-,6195(1),6195(1),6195(1),-,-,-,5897(1),-,7015(1),-,-,-
MAHA-Govt Quota,OPEN Service-PH,Maharashtra,"Topiwala, Mumbai",OPHTHALMOLOGY,"₹1,43,300*","₹92,522",1,"₹50,00,000",1300,-,-,-,-,-,-,-,-,-,-,7019(1),-,-,-
MAHA-Govt Quota,OPEN Service,Maharashtra,"Govt Med Coll, Nanded",BIOCHEMISTRY,"₹1,43,300*","₹92,522",1,"₹50,00,000",750,-,-,-,-,-,-,-,-,-,-,7020(1),-,-,-
MAHA-Govt Quota,EWS Service,Maharashtra,"Shri VR Naik Govt, Yavatmal",OPHTHALMOLOGY,"₹1,43,300*","₹92,522",1,"₹50,00,000",756,-,-,-,-,-,-,-,-,-,-,7025(1),-,-,-
MAHA-Govt Quota,ST Service,Maharashtra,"MGIMS, Wardha",PAEDIATRICS,"₹1,43,300*","₹89,698",1,"₹50,00,000",1000,-,-,-,-,-,-,-,-,-,-,7026(1),7180(1),-,-
MAHA-Govt Quota,EWS,Maharashtra,"Lokmanya Tilak, Sion, Mumbai",PHYSIOLOGY,"₹1,43,300*","₹92,522",1,"₹50,00,000",1462,-,-,-,-,-,-,-,-,-,-,7027(1),-,-,-
MAHA-Govt Quota,EWS,Maharashtra,"Govt Med Coll, Gondia",MICROBIOLOGY,"₹1,43,300*","₹92,522",1,"₹50,00,000",500,-,-,5738(1),-,-,-,-,-,-,-,7028(1),-,-,-
MAHA-Govt Quota,OPEN Service,Maharashtra,"SRTT, Ambajogai",ANAESTHESIOLOGY,"₹1,43,300*","₹92,522",1,"₹50,00,000",518,-,-,-,-,-,-,-,-,-,-,7029(1),-,-,-
MAHA-Govt Quota,SEBC Service,Maharashtra,"Grant Med Coll, Mumbai",ENT,"₹1,43,300*","₹92,522",1,"₹50,00,000",2844,-,-,-,-,-,-,-,-,-,-,7030(1),5854(1),-,-
MAHA-NRI Quota,NRI,Maharashtra,"BKL Walawalkar, Ratnagiri",ANAESTHESIOLOGY,"₹48,35,000*","₹62,000",0,₹0,520,-,-,-,-,-,-,-,-,-,-,7034(1),-,-,-
MAHA-Govt Quota,OPEN,Maharashtra,"NKP Salve IMS, Nagpur",MICROBIOLOGY,"₹4,50,000*","₹64,551",0,₹0,1272,-,-,-,6009(1),6009(1),-,-,-,5809(1),-,7035(1),-,-,-
MAHA-Govt Quota,EWS Service-PH,Maharashtra,"Lokmanya Tilak, Sion, Mumbai",ANAESTHESIOLOGY,"₹1,43,300*","₹92,522",1,"₹50,00,000",1462,-,-,-,-,-,-,-,-,-,-,7037(1),-,-,-
MAHA-Govt Quota,OPEN Service,Maharashtra,"Govt Med Coll, Aurangabad",GERIATRICS,"₹1,43,300*","₹92,522",1,"₹50,00,000",1177,-,-,-,-,-,-,-,-,-,-,7040(1),-,-,-
MAHA-Govt Quota,VJ Service,Maharashtra,"Grant Med Coll, Mumbai",ORTHOPAEDICS,"₹1,43,300*","₹92,522",1,"₹50,00,000",2844,-,-,-,-,-,-,-,-,-,-,7041(1),-,-,-
MAHA-Govt Quota,OPEN Service,Maharashtra,"VMMC, Solapur",SPM,"₹1,43,300*","₹92,522",1,"₹50,00,000",763,4894(1),4894(1),4894(1),4894(1),4894(1),-,-,-,-,-,7042(1),-,-,-
MAHA-Govt Quota,SC,Maharashtra,"Rajarshee CSM Govt MC,Kolhapur",BIOCHEMISTRY,"₹1,43,300*","₹92,522",1,"₹50,00,000",665,-,-,-,-,-,-,-,-,6428(1),-,7051(1),-,-,-
MAHA-Govt Quota,ST,Maharashtra,"MGIMS, Wardha",BIOCHEMISTRY,"₹1,43,300*","₹89,698",1,"₹50,00,000",1000,-,-,-,-,-,-,-,-,-,-,7052(1),-,-,-
MAHA-Govt Quota,NT3-PH,Maharashtra,"Govt Med Coll, Nanded",MICROBIOLOGY,"₹1,43,300*","₹92,522",1,"₹50,00,000",750,-,-,-,-,-,-,-,-,-,-,7055(1),7023(1),-,-
MAHA-Govt Quota,OBC Service,Maharashtra,"Grant Med Coll, Mumbai",OBG,"₹1,43,300*","₹92,522",1,"₹50,00,000",2844,-,-,-,-,-,-,-,-,-,-,7059(1),7296(1),-,-
MAHA-NRI Quota,NRI,Maharashtra,"Tern Med Coll, Navi Mumbai",ANAESTHESIOLOGY,"₹47,72,725*","₹51,000*",0,₹0,700,-,-,-,-,-,-,-,-,-,-,7060(1),7285(1),-,-
MAHA-Govt Quota,SEBC,Maharashtra,"Lokmanya Tilak, Sion, Mumbai",MICROBIOLOGY,"₹1,43,300*","₹92,522",1,"₹50,00,000",1462,-,-,-,-,-,-,-,-,5777(1),6472(1),7061(1),-,-,-
MAHA-Govt Quota,NT3 Service,Maharashtra,"Govt Med Coll, Nagpur",SPM,"₹1,43,300*","₹92,522",1,"₹50,00,000",1866,-,-,-,-,-,-,-,-,-,-,7062(1),-,-,-
MAHA-Govt Quota,OBC Service-PH,Maharashtra,"Seth GS, Mumbai",ANAESTHESIOLOGY,"₹1,43,300*","₹92,522",1,"₹50,00,000",2250,-,-,-,-,-,-,-,-,-,-,7063(1),-,-,-
MAHA Priv-Mgmt Quota,MGT,Maharashtra,"Vedantaa Inst of MS, Palghar",ANAESTHESIOLOGY,"₹77,28,000*","₹65,000",0,₹0,-,-,-,5820(4),6144(4),6313(4),6411(2),6479(1),5422(1),6457(2),-,7065(3),7178(1),-,-
MAHA-Govt Quota,OBC Service,Maharashtra,"Govt Med Coll, Nagpur",RADIATION ONCOLOGY,"₹1,43,300*","₹92,522",1,"₹50,00,000",1866,-,-,-,-,-,-,-,-,-,-,7067(1),-,-,-
MAHA-Govt Quota,OBC Service,Maharashtra,"Govt Med Coll, Chandrapur",OBG,"₹1,43,300*","₹92,522",1,"₹50,00,000",650,-,-,-,-,-,-,-,-,-,-,7068(1),-,-,-
MAHA-NRI Quota,NRI,Maharashtra,"Tern Med Coll, Navi Mumbai",PATHOLOGY,"₹47,72,725*","₹51,000*",0,₹0,700,-,-,-,-,-,-,-,-,-,-,7070(1),-,-,-
MAHA-Govt Quota,OPEN Service,Maharashtra,"Govt Med Coll, Aurangabad",PATHOLOGY,"₹1,43,300*","₹92,522",1,"₹50,00,000",1177,-,-,-,-,-,-,-,-,-,-,7074(1),-,-,-
MAHA-Govt Quota,SEBC,Maharashtra,"BKL Walawalkar, Ratnagiri",SPM,"₹5,00,000*","₹62,000",0,₹0,520,-,-,-,-,-,-,-,-,-,-,7076(1),-,-,-
MAHA Priv-Mgmt Quota,MGT,Maharashtra,"Vedantaa Inst of MS, Palghar",ORTHOPAEDICS,"₹77,28,000*","₹65,000",0,₹0,-,4889(2),-,5332(3),5596(3),5877(3),-,-,-,5736(3),-,7077(3),7354(1),-,-
MAHA Priv-Mgmt Quota,MGT,Maharashtra,"Vedantaa Inst of MS, Palghar",ENT,"₹77,28,000*","₹65,000",0,₹0,-,-,-,-,-,-,-,-,-,-,-,7082(1),6731(1),7216(1),7347(1)
MAHA Priv-Mgmt Quota,MGT,Maharashtra,"Tern Med Coll, Navi Mumbai",SPM,"₹8,14,480*","₹51,000*",0,₹0,700,-,-,6348(1),-,-,-,-,-,6344(1),-,7083(1),-,-,-
MAHA-Govt Quota,ST,Maharashtra,"NKP Salve IMS, Nagpur",PATHOLOGY,"₹9,00,000*","₹64,551",0,₹0,1272,-,-,5927(1),5927(1),5927(1),-,-,-,-,6512(1),7087(1),-,-,-
MAHA-Govt Quota,SC Service,Maharashtra,"Seth GS, Mumbai",PSYCHIATRY,"₹1,43,300*","₹92,522",1,"₹50,00,000",2250,-,-,-,-,-,-,-,-,-,-,7093(1),-,-,-
MAHA-Govt Quota,OPEN Service,Maharashtra,"Govt Med Coll, Nagpur",ANAESTHESIOLOGY,"₹1,43,300*","₹92,522",1,"₹50,00,000",1866,-,-,5256(1),5256(1),5256(1),-,-,-,-,-,7094(1),-,-,-
MAHA-Govt Quota,OPEN Service,Maharashtra,"Rajarshee CSM Govt MC,Kolhapur",SPM,"₹1,43,300*","₹92,522",1,"₹50,00,000",665,-,-,5309(1),5309(1),5309(1),-,-,-,-,-,7097(1),-,-,-
MAHA Priv-Mgmt Quota,MGT,Maharashtra,"Vedantaa Inst of MS, Palghar",GENERAL SURGERY,"₹77,28,000*","₹65,000",0,₹0,-,4724(1),-,5268(6),5552(6),5714(6),5905(2),5937(1),-,6619(6),6624(2),7100(6),7379(5),7337(3),7423(2)
MAHA-Govt Quota,ST Service-PH,Maharashtra,"Seth GS, Mumbai",OBG,"₹1,43,300*","₹92,522",1,"₹50,00,000",2250,-,-,-,-,-,-,-,-,-,-,7101(1),-,-,-
MAHA-Govt Quota,OBC Service,Maharashtra,"Seth GS, Mumbai",OBG,"₹1,43,300*","₹92,522",1,"₹50,00,000",2250,-,-,-,-,-,-,-,-,6572(1),6572(1),7102(1),-,-,-
MAHA-Govt Quota,OPEN Service,Maharashtra,"Grant Med Coll, Mumbai",ORTHOPAEDICS,"₹1,43,300*","₹92,522",1,"₹50,00,000",2844,4186(1),4186(1),4186(1),4186(1),4186(1),-,-,-,-,-,7103(1),-,-,-
MAHA-Govt Quota,NT1 Service,Maharashtra,"Govt Med Coll, Latur",OPHTHALMOLOGY,"₹1,43,300*","₹92,522",1,"₹50,00,000",750,-,-,-,-,-,-,-,-,-,-,7108(1),-,-,-
MAHA-Govt Quota,OPEN-PH,Maharashtra,"PGIMS, Navi Mumbai",OBG,"₹1,43,300*","₹92,522",1,"₹50,00,000",-,-,-,-,-,-,-,-,-,5832(1),-,7113(1),7593(1),1592(1),-
MAHA-Govt Quota,NT1,Maharashtra,"Sri Bhausaheb, Dhule",MICROBIOLOGY,"₹1,43,300*","₹92,522",1,"₹50,00,000",545,-,-,-,-,-,-,-,-,5675(1),5675(1),7114(1),-,-,-
MAHA-Govt Quota,OBC Service,Maharashtra,"Grant Med Coll, Mumbai",OPHTHALMOLOGY,"₹1,43,300*","₹92,522",1,"₹50,00,000",2844,-,-,5069(1),5069(1),5069(1),-,-,-,-,-,7115(1),7054(1),-,-
MAHA-Govt Quota,OPEN Service,Maharashtra,"Topiwala, Mumbai",GENERAL SURGERY,"₹1,43,300*","₹92,522",1,"₹50,00,000",1300,-,-,-,-,-,-,-,-,-,-,7120(1),-,-,-
MAHA-Govt Quota,SEBC Service,Maharashtra,"Seth GS, Mumbai",ANAESTHESIOLOGY,"₹1,43,300*","₹92,522",1,"₹50,00,000",2250,-,-,-,-,-,-,-,-,-,-,7127(1),-,-,-
MAHA-NRI Quota,NRI,Maharashtra,"Vedantaa Inst of MS, Palghar",ORTHOPAEDICS,"₹96,60,000*","₹65,000",0,₹0,-,-,-,5866(1),6202(1),6202(1),-,-,-,-,-,7128(1),6825(1),-,-
MAHA-Govt Quota,OBC,Maharashtra,"SRTT, Ambajogai",MICROBIOLOGY,"₹1,43,300*","₹92,522",1,"₹50,00,000",518,-,-,-,-,-,-,-,-,5872(1),5872(1),7132(1),-,-,-
MAHA-Govt Quota,OPEN Service,Maharashtra,"Topiwala, Mumbai",ANAESTHESIOLOGY,"₹1,43,300*","₹92,522",1,"₹50,00,000",1300,-,-,5479(1),5479(1),5479(1),-,-,-,6275(1),-,7134(1),-,-,-
MAHA-Govt Quota,EWS Service,Maharashtra,"Govt Med Coll, Aurangabad",ANAESTHESIOLOGY,"₹1,43,300*","₹92,522",1,"₹50,00,000",1177,-,-,-,-,-,-,-,-,-,-,7135(1),-,-,-
MAHA-Govt Quota,VJ,Maharashtra,"Govt Med Coll, Nagpur",MICROBIOLOGY,"₹1,43,300*","₹92,522",1,"₹50,00,000",1866,-,-,-,-,-,-,-,-,5415(1),5415(1),7137(1),6610(1),-,-
MAHA-NRI Quota,NRI,Maharashtra,"Vedantaa Inst of MS, Palghar",GENERAL MEDICINE,"₹96,60,000*","₹65,000",0,₹0,-,-,-,5934(2),5972(2),5448(2),-,-,-,6236(2),-,7139(2),6931(1),7043(1),7217(1)
MAHA-Govt Quota,OBC,Maharashtra,"Govt Med Coll, Chandrapur",MICROBIOLOGY,"₹1,43,300*","₹92,522",1,"₹50,00,000",650,-,-,-,-,-,-,-,-,5816(1),6073(1),7143(1),7603(1),-,-
MAHA-NRI Quota,NRI,Maharashtra,"Vedantaa Inst of MS, Palghar",GENERAL SURGERY,"₹96,60,000*","₹65,000",0,₹0,-,-,-,6096(2),6118(2),6118(2),-,-,-,-,-,7147(2),7261(1),-,-
MAHA-Govt Quota,OPEN Service,Maharashtra,"Indira Gandhi MedColl, Nagpur",GENERAL SURGERY,"₹1,43,300*","₹92,522",1,"₹50,00,000",822,-,-,-,-,-,-,-,-,-,-,7151(1),-,-,-
MAHA-Govt Quota,OPEN Service,Maharashtra,"VMMC, Solapur",PATHOLOGY,"₹1,43,300*","₹92,522",1,"₹50,00,000",763,-,-,-,-,-,-,-,-,-,-,7154(1),-,-,-
MAHA-Govt Quota,OPEN Service,Maharashtra,"Lokmanya Tilak, Sion, Mumbai",DCH,"₹1,43,300*","₹92,522",1,"₹50,00,000",1462,-,-,-,-,-,-,-,-,-,-,7159(1),-,-,-
MAHA-Govt Quota,OBC Service,Maharashtra,"Lokmanya Tilak, Sion, Mumbai",ORTHOPAEDICS,"₹1,43,300*","₹92,522",1,"₹50,00,000",1462,-,-,-,-,-,-,-,-,-,-,7160(1),7490(1),-,-
MAHA-Govt Quota,OBC,Maharashtra,"Govt Med Coll, Akola",FORENSIC MEDICINE,"₹1,43,300*","₹92,522",1,"₹50,00,000",840,-,-,-,-,-,-,-,-,5985(1),-,7161(1),-,-,-
MAHA-Govt Quota,OPEN,Maharashtra,"Govt Med Coll, Nagpur",PHYSIOLOGY,"₹1,43,300*","₹92,522",1,"₹50,00,000",1866,-,-,-,-,-,-,-,-,5962(1),5962(1),7164(1),-,-,-
MAHA-NRI Quota,NRI,Maharashtra,"IIMSR, Jalna",PATHOLOGY,"₹45,00,000*","₹64,551",0,₹0,Info Not Available,-,-,-,-,-,-,-,-,-,-,7167(1),-,-,-
MAHA-Govt Quota,SC Service,Maharashtra,"SRTT, Ambajogai",MICROBIOLOGY,"₹1,43,300*","₹92,522",1,"₹50,00,000",518,-,-,-,-,-,-,-,-,-,-,7174(1),-,-,-
MAHA-Govt Quota,VJ Service,Maharashtra,"Seth GS, Mumbai",GENERAL SURGERY,"₹1,43,300*","₹92,522",1,"₹50,00,000",2250,-,-,-,-,-,-,-,-,-,-,7182(1),-,-,-
MAHA-Govt Quota,OPEN Service,Maharashtra,"Tata Memorial, Mumbai",ANAESTHESIOLOGY,"₹1,05,500*","₹1,00,800",1*,"₹25,00,000*",614,-,-,5397(1),5397(1),5397(1),-,-,-,-,-,7186(1),-,-,-
MAHA-Govt Quota,NT3 Service-PH,Maharashtra,"Govt Med Coll, Aurangabad",SPM,"₹1,43,300*","₹92,522",1,"₹50,00,000",1177,-,-,-,-,-,-,-,-,-,-,7190(1),-,-,-
MAHA Priv-Mgmt Quota,MGT,Maharashtra,"Vasantrao Pawar, Nasik",PATHOLOGY,"₹36,00,000*","₹69,105",0,₹0,1000,-,-,5765(2),6121(2),6121(2),-,-,-,-,-,7191(2),7387(1),-,-
MAHA-Govt Quota,SC Service,Maharashtra,"Grant Med Coll, Mumbai",SPM,"₹1,43,300*","₹92,522",1,"₹50,00,000",2844,-,-,-,-,-,-,-,-,-,-,7193(1),-,-,-
MAHA-Govt Quota,NT2 Service,Maharashtra,"Grant Med Coll, Mumbai",PSYCHIATRY,"₹1,43,300*","₹92,522",1,"₹50,00,000",2844,-,-,-,-,-,-,-,-,-,-,7195(1),-,-,-
MAHA-Govt Quota,OPEN-Orphan,Maharashtra,"Govt Med Coll, Miraj",BIOCHEMISTRY,"₹1,43,300*","₹92,522",1,"₹50,00,000",725,-,-,-,-,-,-,-,-,-,-,7197(1),-,-,-
MAHA-Govt Quota,OPEN Service,Maharashtra,"Govt Med Coll, Chandrapur",ANAESTHESIOLOGY,"₹1,43,300*","₹92,522",1,"₹50,00,000",650,-,-,-,-,-,-,-,-,-,-,7198(1),-,-,-
MAHA-Govt Quota,ST Service,Maharashtra,"Grant Med Coll, Mumbai",ANAESTHESIOLOGY,"₹1,43,300*","₹92,522",1,"₹50,00,000",2844,-,-,-,-,-,-,-,-,-,-,7219(1),-,-,-
MAHA-Govt Quota,SEBC,Maharashtra,"Seth GS, Mumbai",PHYSIOLOGY,"₹1,43,300*","₹92,522",1,"₹50,00,000",2250,-,-,-,-,-,-,-,-,-,-,7220(1),-,7517(1),-
MAHA-Govt Quota,OBC Service,Maharashtra,"Grant Med Coll, Mumbai",ANAESTHESIOLOGY,"₹1,43,300*","₹92,522",1,"₹50,00,000",2844,-,-,-,-,-,-,-,-,-,-,7226(1),-,-,-
MAHA-Govt Quota,SC,Maharashtra,"MIMER, Talegaon, Pune",PATHOLOGY,"₹8,00,000*","₹64,551",0,₹0,720,-,-,-,-,-,-,-,-,4931(1),5680(1),7232(1),-,-,-
MAHA-Govt Quota,VJ Service,Maharashtra,"Indira Gandhi MedColl, Nagpur",ANAESTHESIOLOGY,"₹1,43,300*","₹92,522",1,"₹50,00,000",822,-,-,-,-,-,-,-,-,-,-,7234(1),-,-,-
MAHA-Govt Quota,SC,Maharashtra,"MGIMS, Wardha",MICROBIOLOGY,"₹1,43,300*","₹89,698",1,"₹50,00,000",1000,-,-,-,-,-,-,-,-,6233(1),6555(1),7238(1),-,-,-
MAHA-Govt Quota,SEBC Service-PH,Maharashtra,"BJMC, Pune",PATHOLOGY,"₹1,43,300*","₹92,522",1,"₹50,00,000",1296,-,-,-,-,-,-,-,-,-,-,7240(1),5293(1),7705(1),-
MAHA-Govt Quota,SEBC,Maharashtra,"Govt Med Coll, Miraj",FORENSIC MEDICINE,"₹1,43,300*","₹92,522",1,"₹50,00,000",725,-,-,-,-,-,-,-,-,-,-,7249(1),-,-,-
MAHA-Govt Quota,SC,Maharashtra,"MPGIMER, Nashik",MICROBIOLOGY,"₹1,43,300*","₹92,522",1,"₹50,00,000",-,-,-,-,-,-,-,-,-,6120(1),6559(1),7252(1),-,-,-
MAHA-Govt Quota,ST,Maharashtra,"SRTT, Ambajogai",PHYSIOLOGY,"₹1,43,300*","₹92,522",1,"₹50,00,000",518,-,-,-,-,-,-,-,-,-,-,7258(1),-,-,-
MAHA-Govt Quota,NT2 Service,Maharashtra,"BJMC, Pune",PATHOLOGY,"₹1,43,300*","₹92,522",1,"₹50,00,000",1296,-,-,-,-,-,-,-,-,-,-,7260(1),6365(1),-,-
MAHA-Govt Quota,OBC Service,Maharashtra,"Govt Med Coll, Gondia",PHARMACOLOGY,"₹1,43,300*","₹92,522",1,"₹50,00,000",500,-,-,-,-,-,-,-,-,-,-,7266(1),-,-,-
MAHA-Govt Quota,NT1 Service,Maharashtra,"Govt Med Coll, Aurangabad",ANAESTHESIOLOGY,"₹1,43,300*","₹92,522",1,"₹50,00,000",1177,-,-,-,-,-,-,-,-,-,-,7272(1),-,-,-
MAHA-Govt Quota,OPEN,Maharashtra,"Vedantaa Inst of MS, Palghar",PHARMACOLOGY,"₹1,75,000*","₹45,000",0,₹0,-,-,-,5404(1),-,-,-,-,-,-,-,7273(1),7202(1),-,-
MAHA-Govt Quota,SC,Maharashtra,"NKP Salve IMS, Nagpur",PHARMACOLOGY,"₹4,50,000*","₹64,551",0,₹0,1272,-,-,-,-,-,-,-,-,-,-,7274(1),-,-,-
MAHA-Govt Quota,SC,Maharashtra,"Tern Med Coll, Navi Mumbai",SPM,"₹8,14,480*","₹51,000*",0,₹0,700,-,-,-,-,-,-,-,-,6527(1),-,7275(1),-,-,-
MAHA-Govt Quota,SC Service,Maharashtra,"BJMC, Pune",SPM,"₹1,43,300*","₹92,522",1,"₹50,00,000",1296,-,-,-,-,-,-,-,-,-,-,7281(1),-,-,-
MAHA-Govt Quota,OPEN Service,Maharashtra,"Govt Med Coll, Latur",GENERAL SURGERY,"₹1,43,300*","₹92,522",1,"₹50,00,000",750,-,-,-,-,-,-,-,-,-,-,7284(1),-,-,-
MAHA-Govt Quota,SC Service,Maharashtra,"Tata Memorial, Mumbai",RADIATION ONCOLOGY,"₹1,05,500*","₹1,00,800",1*,"₹25,00,000*",614,-,-,-,-,-,-,-,-,-,-,7295(1),-,-,-
MAHA-Govt Quota,OBC Service,Maharashtra,"Lokmanya Tilak, Sion, Mumbai",ANAESTHESIOLOGY,"₹1,43,300*","₹92,522",1,"₹50,00,000",1462,-,-,-,-,-,-,-,-,-,-,7299(1),-,-,-
MAHA-Govt Quota,OBC Service,Maharashtra,"Govt Med Coll, Nanded",GENERAL SURGERY,"₹1,43,300*","₹92,522",1,"₹50,00,000",750,-,-,-,-,-,-,-,-,-,-,7303(1),6628(1),-,-
MAHA-Govt Quota,OBC Service,Maharashtra,"Topiwala, Mumbai",GENERAL SURGERY,"₹1,43,300*","₹92,522",1,"₹50,00,000",1300,-,-,5762(1),5762(1),5762(1),-,-,-,-,-,7305(1),-,-,-
MAHA-Govt Quota,OPEN-PH,Maharashtra,"Sri Bhausaheb, Dhule",FORENSIC MEDICINE,"₹1,43,300*","₹92,522",1,"₹50,00,000",545,-,-,-,-,-,-,-,-,-,-,7310(1),-,-,-
MAHA-Govt Quota,OPEN,Maharashtra,"Topiwala, Mumbai",PHYSIOLOGY,"₹1,43,300*","₹92,522",1,"₹50,00,000",1300,-,-,5965(1),-,-,-,-,-,6193(1),6504(1),7317(1),7124(1),-,-
MAHA-Govt Quota,OPEN Service,Maharashtra,"Govt Med Coll, Nagpur",ENT,"₹1,43,300*","₹92,522",1,"₹50,00,000",1866,-,-,-,-,-,-,-,-,-,-,7319(1),-,-,-
MAHA-Govt Quota,OPEN,Maharashtra,"Govt Med Coll, Gondia",FORENSIC MEDICINE,"₹1,43,300*","₹92,522",1,"₹50,00,000",500,-,-,-,-,-,-,-,-,6071(1),-,7322(1),7188(1),-,-
MAHA-Govt Quota,SC Service-PH,Maharashtra,"Govt Med Coll, Nanded",ORTHOPAEDICS,"₹1,43,300*","₹92,522",1,"₹50,00,000",750,-,-,-,-,-,-,-,-,-,-,7325(1),-,-,-
MAHA-Govt Quota,EWS,Maharashtra,"Indira Gandhi MedColl, Nagpur",FORENSIC MEDICINE,"₹1,43,300*","₹92,522",1,"₹50,00,000",822,-,-,-,-,-,-,-,-,6029(1),-,7326(1),-,-,-
MAHA-Govt Quota,SC Service,Maharashtra,"Lokmanya Tilak, Sion, Mumbai",ANAESTHESIOLOGY,"₹1,43,300*","₹92,522",1,"₹50,00,000",1462,-,-,5969(1),5969(1),5969(1),-,-,-,-,-,7328(1),7323(1),7679(1),-
MAHA-Govt Quota,OPEN Service-PH,Maharashtra,"Lokmanya Tilak, Sion, Mumbai",GENERAL SURGERY,"₹1,43,300*","₹92,522",1,"₹50,00,000",1462,-,-,-,-,-,-,-,-,-,-,7331(1),-,-,-
MAHA-Govt Quota,ST Service,Maharashtra,"MPGIMER, Nashik",ORTHOPAEDICS,"₹1,43,300*","₹92,522",1,"₹50,00,000",-,-,-,-,-,-,-,-,-,-,-,7332(1),-,-,-
MAHA-Govt Quota,OPEN,Maharashtra,"Govt Med Coll, Akola",PHYSIOLOGY,"₹1,43,300*","₹92,522",1,"₹50,00,000",840,-,-,-,-,-,-,-,-,5747(1),-,7333(1),-,-,-
MAHA-Govt Quota,OBC-PH,Maharashtra,"Rajiv Gandhi MC & CSMH, Thane",PHYSIOLOGY,"₹1,43,300*","₹92,522",1,"₹50,00,000",500,-,-,-,-,-,-,-,-,-,-,7346(1),-,-,-
MAHA-NRI Quota,NRI,Maharashtra,"Vedantaa Inst of MS, Palghar",PSYCHIATRY,"₹96,60,000*","₹65,000",0,₹0,-,-,-,-,-,-,-,-,-,-,-,7352(1),-,-,-
MAHA-Govt Quota,OPEN Service,Maharashtra,"Topiwala, Mumbai",SPM,"₹1,43,300*","₹92,522",1,"₹50,00,000",1300,-,-,-,-,-,-,-,-,-,-,7353(1),-,-,-
MAHA-Govt Quota,OBC Service,Maharashtra,"HBT & RN Cooper, Mumbai",PHYSIOLOGY,"₹1,43,300*","₹92,522",1,"₹50,00,000",940,-,-,-,-,-,-,-,-,-,-,7355(1),-,-,-
MAHA-Govt Quota,SC,Maharashtra,"Govt Med Coll, Jalgaon",PHARMACOLOGY,"₹1,43,300*","₹92,522",1,"₹50,00,000",441,-,-,-,-,-,-,-,-,5726(1),6149(1),7357(1),5934(1),-,-
MAHA-Govt Quota,OPEN Service,Maharashtra,"Govt Med Coll, Jalgaon",ENT,"₹1,43,300*","₹92,522",1,"₹50,00,000",441,-,-,-,-,-,-,-,-,-,-,7358(1),-,-,-
MAHA-Govt Quota,OPEN Service,Maharashtra,"Govt Med Coll, Nagpur",PHARMACOLOGY,"₹1,43,300*","₹92,522",1,"₹50,00,000",1866,-,-,-,-,-,-,-,-,-,-,7359(1),-,-,-
MAHA-NRI Quota,NRI,Maharashtra,"NKP Salve IMS, Nagpur",PATHOLOGY,"₹27,00,000*","₹64,551",0,₹0,1272,-,-,6166(1),6166(1),6166(1),-,-,-,-,-,7360(1),-,7593(1),-
MAHA-Govt Quota,OPEN Service,Maharashtra,"Tata Memorial, Mumbai",RADIATION ONCOLOGY,"₹1,05,500*","₹1,00,800",1*,"₹25,00,000*",614,-,-,-,-,-,-,-,-,-,-,7361(1),-,-,-
MAHA-Govt Quota,OPEN,Maharashtra,"MGIMS, Wardha",PHYSIOLOGY,"₹1,43,300*","₹89,698",1,"₹50,00,000",1000,-,-,-,-,-,-,-,-,6597(1),-,7363(1),-,-,-
MAHA Priv-Mgmt Quota,MGT,Maharashtra,"Panjabrao Deshmukh, Amravati",PHYSIOLOGY,"₹6,00,000*","₹76,429",0,₹0,760,-,-,-,-,-,-,-,-,-,-,7365(1),-,-,-
MAHA-Govt Quota,SEBC Service,Maharashtra,"Govt Med Coll, Akola",SPM,"₹1,43,300*","₹92,522",1,"₹50,00,000",840,-,-,-,-,-,-,-,-,-,-,7367(1),-,-,-
MAHA-Govt Quota,ST,Maharashtra,"NKP Salve IMS, Nagpur",ENT,"₹9,00,000*","₹64,551",0,₹0,1272,-,-,-,-,-,-,-,-,6453(1),6620(1),7371(1),7595(1),-,-
MAHA-Govt Quota,ST,Maharashtra,"Seth GS, Mumbai",PHARMACOLOGY,"₹1,43,300*","₹92,522",1,"₹50,00,000",2250,-,-,-,-,-,-,-,-,6226(1),6558(1),7376(1),-,-,-
MAHA-Govt Quota,NT2 Service,Maharashtra,"Govt Med Coll, Miraj",ANAESTHESIOLOGY,"₹1,43,300*","₹92,522",1,"₹50,00,000",725,-,-,-,-,-,-,-,-,-,-,7380(1),-,-,-
MAHA-Govt Quota,OPEN Service,Maharashtra,"Grant Med Coll, Mumbai",GENERAL SURGERY,"₹1,43,300*","₹92,522",1,"₹50,00,000",2844,5060(1),5060(1),5060(1),5060(1),5060(1),-,-,-,-,-,7385(1),-,-,-
MAHA-Govt Quota,OPEN,Maharashtra,"NKP Salve IMS, Nagpur",SPM,"₹9,00,000*","₹64,551",0,₹0,1272,4986(1),-,6106(3),6526(3),6526(3),-,-,-,6330(1),6527(2),7389(3),-,-,-
MAHA-Govt Quota,VJ Service,Maharashtra,"Govt Med Coll, Nanded",ENT,"₹1,43,300*","₹92,522",1,"₹50,00,000",750,-,-,-,-,-,-,-,-,-,-,7390(1),-,-,-
MAHA-Govt Quota,ST,Maharashtra,"Vedantaa Inst of MS, Palghar",OBG,"₹19,32,000*","₹65,000",0,₹0,-,-,-,-,-,-,-,-,-,5957(1),6508(1),7391(1),-,-,-
MAHA-Govt Quota,SC Service,Maharashtra,"Govt Med Coll, Nagpur",OPHTHALMOLOGY,"₹1,43,300*","₹92,522",1,"₹50,00,000",1866,-,-,-,-,-,-,-,-,-,-,7393(1),-,-,-
MAHA Priv-Mgmt Quota,MGT,Maharashtra,"MIMER, Talegaon, Pune",PATHOLOGY,"₹32,00,000*","₹64,551",0,₹0,720,-,-,5214(1),5214(1),5214(1),-,-,-,6548(1),-,7398(1),6841(1),7609(1),-
MAHA-NRI Quota,NRI,Maharashtra,"Ulhas Patil Med Coll, Jalgaon",PATHOLOGY,"₹12,00,000*","₹52,769",0,₹0,500,-,-,-,-,-,-,-,-,-,-,7400(1),6975(1),-,-
MAHA-Govt Quota,ST Service,Maharashtra,"Govt Med Coll, Chandrapur",GENERAL SURGERY,"₹1,43,300*","₹92,522",1,"₹50,00,000",650,-,-,-,-,-,-,-,-,-,-,7405(1),-,-,-
MAHA-Govt Quota,SC Service,Maharashtra,"Seth GS, Mumbai",ANAESTHESIOLOGY,"₹1,43,300*","₹92,522",1,"₹50,00,000",2250,-,-,-,-,-,-,-,-,-,-,7406(1),-,-,-
MAHA-Govt Quota,EWS Service,Maharashtra,"MGIMS, Wardha",ANAESTHESIOLOGY,"₹1,43,300*","₹89,698",1,"₹50,00,000",1000,-,-,-,-,-,-,-,-,-,-,7407(1),-,-,-
MAHA-Govt Quota,NT1,Maharashtra,"BKL Walawalkar, Ratnagiri",SPM,"₹5,00,000*","₹62,000",0,₹0,520,-,-,-,-,-,-,-,-,-,6518(1),7409(1),-,7749(1),-
MAHA-Govt Quota,EWS Service,Maharashtra,"Sri Bhausaheb, Dhule",GENERAL SURGERY,"₹1,43,300*","₹92,522",1,"₹50,00,000",545,-,-,-,-,-,-,-,-,-,-,7412(1),-,-,-
MAHA-Govt Quota,OBC,Maharashtra,"Govt Med Coll, Akola",BIOCHEMISTRY,"₹1,43,300*","₹92,522",1,"₹50,00,000",840,-,-,-,-,-,-,-,6196(1),6599(1),-,7414(1),-,-,-
MAHA Priv-Mgmt Quota,MGT,Maharashtra,"MIMSR, Latur",PATHOLOGY,"₹31,30,428*","₹76,249",0,₹0,775,-,-,5432(1),5616(1),6191(1),-,-,-,-,-,7415(1),7455(1),-,-
MAHA-NRI Quota,NRI,Maharashtra,"Kashibai Navale, Pune",SPM,"₹12,94,000*","₹76,429",0,₹0,1094,-,-,-,-,-,-,-,6587(1),-,-,7417(1),-,-,-
MAHA-Govt Quota,ST,Maharashtra,"VMMC, Solapur",PHARMACOLOGY,"₹1,43,300*","₹92,522",1,"₹50,00,000",763,-,-,-,-,-,-,-,-,6563(1),6563(1),7421(1),5761(1),-,-
MAHA-Govt Quota,EWS Service,Maharashtra,"Topiwala, Mumbai",ENT,"₹1,43,300*","₹92,522",1,"₹50,00,000",1300,-,-,-,-,-,-,-,-,-,-,7426(1),-,-,-
MAHA-Govt Quota,OPEN Service,Maharashtra,"MGIMS, Wardha",SPM,"₹1,43,300*","₹89,698",1,"₹50,00,000",1000,-,-,-,-,-,-,-,-,-,-,7431(1),-,-,-
MAHA-NRI Quota,NRI,Maharashtra,"Vedantaa Inst of MS, Palghar",ANAESTHESIOLOGY,"₹96,60,000*","₹65,000",0,₹0,-,-,-,-,-,-,-,-,-,-,-,7434(1),-,-,-
MAHA-Govt Quota,ST Service,Maharashtra,"Seth GS, Mumbai",SPM,"₹1,43,300*","₹92,522",1,"₹50,00,000",2250,-,-,-,-,-,-,-,-,-,-,7435(1),-,-,-
MAHA-Govt Quota,OBC Service,Maharashtra,"SRTT, Ambajogai",PATHOLOGY,"₹1,43,300*","₹92,522",1,"₹50,00,000",518,-,-,-,-,-,-,-,-,-,-,7436(1),-,-,-
MAHA-Govt Quota,VJ Service-PH,Maharashtra,"Govt Med Coll, Nagpur",PAEDIATRICS,"₹1,43,300*","₹92,522",1,"₹50,00,000",1866,-,-,-,-,-,-,-,-,-,-,7442(1),-,-,-
MAHA-Govt Quota,ST,Maharashtra,"Kashibai Navale, Pune",ANAESTHESIOLOGY,"₹12,94,000*","₹76,429",0,₹0,1094,-,-,4213(1),4213(1),4213(1),-,-,-,-,-,7449(1),-,-,-
MAHA-Govt Quota,EWS Service,Maharashtra,"MPGIMER, Nashik",PATHOLOGY,"₹1,43,300*","₹92,522",1,"₹50,00,000",-,-,-,-,-,-,-,-,-,-,-,7450(1),-,-,-
MAHA-Govt Quota,NT1 Service,Maharashtra,"SRTT, Ambajogai",ENT,"₹1,43,300*","₹92,522",1,"₹50,00,000",518,-,-,-,-,-,-,-,-,-,-,7451(1),-,-,-
MAHA-Govt Quota,OPEN,Maharashtra,"Govt Med Coll, Chandrapur",PHYSIOLOGY,"₹1,43,300*","₹92,522",1,"₹50,00,000",650,-,-,-,-,-,-,-,-,6434(1),-,7456(1),7601(1),-,-
MAHA-Govt Quota,VJ,Maharashtra,"MPGIMER, Nashik",FORENSIC MEDICINE,"₹1,43,300*","₹92,522",1,"₹50,00,000",-,-,-,-,-,-,-,-,-,5595(1),-,7457(1),-,-,-
MAHA-Govt Quota,EWS Service,Maharashtra,"Indira Gandhi MedColl, Nagpur",SPM,"₹1,43,300*","₹92,522",1,"₹50,00,000",822,-,-,-,-,-,-,-,-,-,-,7459(1),-,-,-
MAHA-Govt Quota,OBC Service,Maharashtra,"Grant Med Coll, Mumbai",GENERAL SURGERY,"₹1,43,300*","₹92,522",1,"₹50,00,000",2844,-,-,6183(1),6183(1),6183(1),-,-,-,-,-,7460(1),-,-,-
MAHA-Govt Quota,SC Service,Maharashtra,"Seth GS, Mumbai",BIOCHEMISTRY,"₹1,43,300*","₹92,522",1,"₹50,00,000",2250,-,-,-,-,-,-,-,-,-,-,7461(1),-,-,-
MAHA-Govt Quota,OPEN-PH,Maharashtra,"MPGIMER, Nashik",PATHOLOGY,"₹1,43,300*","₹92,522",1,"₹50,00,000",-,-,-,-,-,-,-,-,-,-,-,7467(1),3815(1),3743(1),4142(1)
MAHA-Govt Quota,OPEN Service,Maharashtra,"Govt Med Coll, Akola",PATHOLOGY,"₹1,43,300*","₹92,522",1,"₹50,00,000",840,-,-,-,-,-,-,-,-,-,-,7470(1),-,-,-
MAHA-Govt Quota,OPEN Service,Maharashtra,"Govt Med Coll, Baramati",ANAESTHESIOLOGY,"₹1,43,300*","₹92,522",1,"₹50,00,000",310,-,-,-,-,-,-,-,-,-,-,7471(1),7440(1),-,-
MAHA-Govt Quota,OBC Service,Maharashtra,"BJMC, Pune",MICROBIOLOGY,"₹1,43,300*","₹92,522",1,"₹50,00,000",1296,-,-,-,-,-,-,-,-,-,-,7475(1),-,-,-
MAHA-Govt Quota,EWS Service,Maharashtra,"Seth GS, Mumbai",SPM,"₹1,43,300*","₹92,522",1,"₹50,00,000",2250,-,-,-,-,-,-,-,-,-,-,7477(1),-,-,-
MAHA-Govt Quota,OPEN Service,Maharashtra,"HBT & RN Cooper, Mumbai",ANAESTHESIOLOGY,"₹1,43,300*","₹92,522",1,"₹50,00,000",940,-,-,-,-,-,-,-,-,-,-,7479(1),-,-,-
MAHA-Govt Quota,ST Service,Maharashtra,"Govt Med Coll, Nagpur",ANAESTHESIOLOGY,"₹1,43,300*","₹92,522",1,"₹50,00,000",1866,-,-,-,-,-,-,-,-,-,-,7484(1),-,-,-
MAHA-Govt Quota,SEBC,Maharashtra,"NKP Salve IMS, Nagpur",SPM,"₹9,00,000*","₹64,551",0,₹0,1272,-,-,-,-,-,-,-,-,-,-,7486(1),-,6907(1),-
MAHA-Govt Quota,SC Service,Maharashtra,"Sri Bhausaheb, Dhule",ANAESTHESIOLOGY,"₹1,43,300*","₹92,522",1,"₹50,00,000",545,-,-,5698(1),5698(1),5698(1),-,-,-,-,-,7492(1),-,-,-
MAHA-Govt Quota,ST Service,Maharashtra,"Lokmanya Tilak, Sion, Mumbai",GENERAL SURGERY,"₹1,43,300*","₹92,522",1,"₹50,00,000",1462,-,-,-,-,-,-,-,-,-,-,7493(1),-,-,-
MAHA-Govt Quota,OPEN,Maharashtra,"Sri Bhausaheb, Dhule",BIOCHEMISTRY,"₹1,43,300*","₹92,522",1,"₹50,00,000",545,-,-,6250(1),6250(1),6250(1),-,-,-,5696(1),-,7495(1),-,-,-
MAHA-Govt Quota,SC Service,Maharashtra,"BJMC, Pune",ENT,"₹1,43,300*","₹92,522",1,"₹50,00,000",1296,-,-,-,-,-,-,-,-,-,-,7496(1),-,-,-
MAHA-Govt Quota,OBC Service,Maharashtra,"Govt Med Coll, Nanded",ANAESTHESIOLOGY,"₹1,43,300*","₹92,522",1,"₹50,00,000",750,-,-,-,-,-,-,-,-,-,-,7498(1),-,-,-
MAHA-Govt Quota,SEBC Service,Maharashtra,"Shri VR Naik Govt, Yavatmal",GENERAL SURGERY,"₹1,43,300*","₹92,522",1,"₹50,00,000",756,-,-,-,-,-,-,-,-,-,-,7501(1),-,-,-
MAHA-Govt Quota,OBC Service,Maharashtra,"HBT & RN Cooper, Mumbai",SPM,"₹1,43,300*","₹92,522",1,"₹50,00,000",940,-,-,-,-,-,-,-,-,-,-,7505(1),-,-,-
MAHA-Govt Quota,EWS,Maharashtra,"Govt Med Coll, Latur",PHYSIOLOGY,"₹1,43,300*","₹92,522",1,"₹50,00,000",750,-,-,-,-,-,-,-,-,-,-,7506(1),-,-,-
MAHA-Govt Quota,OBC Service,Maharashtra,"Govt Med Coll, Aurangabad",PATHOLOGY,"₹1,43,300*","₹92,522",1,"₹50,00,000",1177,-,-,-,-,-,-,-,-,-,-,7508(1),-,-,-
MAHA-Govt Quota,OPEN,Maharashtra,"Vedantaa Inst of MS, Palghar",SPM,"₹1,75,000*","₹45,000",0,₹0,-,-,-,6080(1),6080(1),6080(1),-,-,-,6656(2),6656(1),7510(3),-,-,-
MAHA-Govt Quota,NT1 Service,Maharashtra,"Govt Med Coll, Nagpur",GENERAL SURGERY,"₹1,43,300*","₹92,522",1,"₹50,00,000",1866,-,-,-,-,-,-,-,-,-,-,7515(1),-,-,-
MAHA-Govt Quota,EWS-PH,Maharashtra,"Indira Gandhi MedColl, Nagpur",GENERAL MEDICINE,"₹1,43,300*","₹92,522",1,"₹50,00,000",822,-,-,-,-,-,-,-,-,-,-,7519(1),-,-,-
MAHA-Govt Quota,OPEN Service,Maharashtra,"Topiwala, Mumbai",PATHOLOGY,"₹1,43,300*","₹92,522",1,"₹50,00,000",1300,-,-,-,-,-,-,-,-,5735(1),-,7521(1),3793(1),-,-
MAHA-Govt Quota,EWS Service,Maharashtra,"Govt Med Coll, Miraj",PATHOLOGY,"₹1,43,300*","₹92,522",1,"₹50,00,000",725,-,-,-,-,-,-,-,-,-,-,7523(1),-,-,-
MAHA-Govt Quota,SEBC,Maharashtra,"VMMC, Solapur",MICROBIOLOGY,"₹1,43,300*","₹92,522",1,"₹50,00,000",763,-,-,-,-,-,-,-,-,5756(1),-,7524(1),-,-,-
MAHA-Govt Quota,SEBC Service,Maharashtra,"Grant Med Coll, Mumbai",PATHOLOGY,"₹1,43,300*","₹92,522",1,"₹50,00,000",2844,-,-,-,-,-,-,-,-,-,-,7528(1),-,-,-
MAHA-Govt Quota,SC Service,Maharashtra,"Govt Med Coll, Miraj",MICROBIOLOGY,"₹1,43,300*","₹92,522",1,"₹50,00,000",725,-,-,-,-,-,-,-,-,-,-,7529(1),-,-,-
MAHA-Govt Quota,SC,Maharashtra,"Govt Med Coll, Nanded",PHARMACOLOGY,"₹1,43,300*","₹92,522",1,"₹50,00,000",750,-,-,-,-,-,-,-,-,6149(1),6334(1),7531(1),-,-,-
MAHA-Govt Quota,SEBC Service,Maharashtra,"Tata Memorial, Mumbai",ANAESTHESIOLOGY,"₹1,05,500*","₹1,00,800",1*,"₹25,00,000*",614,-,-,-,-,-,-,-,-,-,-,7532(1),7549(1),-,-
MAHA-Govt Quota,VJ,Maharashtra,"Grant Med Coll, Mumbai",ANATOMY,"₹1,43,300*","₹92,522",1,"₹50,00,000",2844,-,-,-,-,-,-,-,-,-,-,7533(1),-,-,-
MAHA-Govt Quota,SEBC Service,Maharashtra,"Govt Med Coll, Gondia",SPM,"₹1,43,300*","₹92,522",1,"₹50,00,000",500,-,-,-,-,-,-,-,-,-,-,7535(1),-,-,-
MAHA-Govt Quota,SC Service,Maharashtra,"Rajiv Gandhi MC & CSMH, Thane",SPM,"₹1,43,300*","₹92,522",1,"₹50,00,000",500,-,-,-,-,-,-,-,-,-,-,7538(1),-,-,-
MAHA-Govt Quota,SC Service,Maharashtra,"Grant Med Coll, Mumbai",GENERAL SURGERY,"₹1,43,300*","₹92,522",1,"₹50,00,000",2844,-,-,-,-,-,-,-,-,-,-,7540(1),-,-,-
MAHA-Govt Quota,SEBC,Maharashtra,"MPGIMER, Nashik",FORENSIC MEDICINE,"₹1,43,300*","₹92,522",1,"₹50,00,000",-,-,-,-,-,-,-,-,-,-,-,7542(1),-,-,-
MAHA-Govt Quota,OBC,Maharashtra,"Shri VR Naik Govt, Yavatmal",FORENSIC MEDICINE,"₹1,43,300*","₹92,522",1,"₹50,00,000",756,-,-,-,-,-,-,-,-,5052(1),-,7543(1),-,-,-
MAHA-NRI Quota,NRI,Maharashtra,"Vedantaa Inst of MS, Palghar",EMERGENCY MEDICINE,"₹96,60,000*","₹65,000",0,₹0,-,-,-,-,-,-,-,-,-,-,-,7546(1),7403(1),-,-
MAHA Priv-Mgmt Quota,MGT,Maharashtra,"Vedantaa Inst of MS, Palghar",PATHOLOGY,"₹77,28,000*","₹65,000",0,₹0,-,-,-,-,-,-,-,-,-,-,-,7547(1),7140(2),7527(1),-
MAHA-Govt Quota,OBC Service,Maharashtra,"Tata Memorial, Mumbai",ANAESTHESIOLOGY,"₹1,05,500*","₹1,00,800",1*,"₹25,00,000*",614,-,-,-,-,-,-,-,-,-,-,7548(1),-,-,-
MAHA-Govt Quota,NT3,Maharashtra,"VMMC, Solapur",BIOCHEMISTRY,"₹1,43,300*","₹92,522",1,"₹50,00,000",763,-,-,-,-,-,-,-,-,6407(1),-,7550(1),-,-,-
MAHA-Govt Quota,OBC-PH,Maharashtra,"SRTT, Ambajogai",FORENSIC MEDICINE,"₹1,43,300*","₹92,522",1,"₹50,00,000",518,-,-,-,-,-,-,-,-,-,-,7551(1),-,-,-
MAHA-Govt Quota,OPEN Service,Maharashtra,"Lokmanya Tilak, Sion, Mumbai",ANAESTHESIOLOGY,"₹1,43,300*","₹92,522",1,"₹50,00,000",1462,-,-,5064(1),5064(1),5064(1),-,-,-,6583(1),6583(1),7553(1),-,-,-
MAHA-Govt Quota,OBC Service,Maharashtra,"Shri VR Naik Govt, Yavatmal",SPM,"₹1,43,300*","₹92,522",1,"₹50,00,000",756,-,-,-,-,-,-,-,-,-,-,7560(1),-,-,-
MAHA-Govt Quota,OBC,Maharashtra,"MGIMS, Wardha",FORENSIC MEDICINE,"₹1,43,300*","₹89,698",1,"₹50,00,000",1000,-,-,5428(1),5428(1),5428(1),-,-,-,6398(1),-,7562(1),-,-,-
MAHA-Govt Quota,NT3 Service,Maharashtra,"Govt Med Coll, Akola",ANAESTHESIOLOGY,"₹1,43,300*","₹92,522",1,"₹50,00,000",840,-,-,-,-,-,-,-,-,-,-,7570(1),-,-,-
MAHA-Govt Quota,NT2,Maharashtra,"SRTT, Ambajogai",ANATOMY,"₹1,43,300*","₹92,522",1,"₹50,00,000",518,-,-,-,-,-,-,-,-,-,-,7572(1),-,-,-
MAHA-Govt Quota,SC,Maharashtra,"Rajarshee CSM Govt MC,Kolhapur",FORENSIC MEDICINE,"₹1,43,300*","₹92,522",1,"₹50,00,000",665,-,-,-,-,-,-,-,-,6183(1),6604(1),7577(1),-,7401(1),7642(1)
MAHA-Govt Quota,SC-PH,Maharashtra,"Tata Memorial, Mumbai",RADIO DIAGNOSIS,"₹1,05,500*","₹1,00,800",1*,"₹25,00,000*",614,-,-,-,-,-,-,-,-,-,-,7579(1),-,-,-
MAHA-Govt Quota,SC Service,Maharashtra,"Pimpri Chinchwad, Pimpri",GENERAL SURGERY,"₹1,43,300*","₹92,522",1,"₹50,00,000",750,-,-,-,-,-,-,-,-,-,-,7580(1),-,-,-
MAHA-Govt Quota,OBC,Maharashtra,"Panjabrao Deshmukh, Amravati",SPM,"₹7,00,000*","₹76,429",0,₹0,760,-,-,-,-,-,-,-,-,-,-,7583(1),-,7752(1),-
MAHA-Govt Quota,OBC Service,Maharashtra,"Govt Med Coll, Nagpur",FORENSIC MEDICINE,"₹1,43,300*","₹92,522",1,"₹50,00,000",1866,-,-,-,-,-,-,-,-,-,-,7587(1),-,-,-
MAHA-Govt Quota,OPEN-PH,Maharashtra,"Govt Med Coll, Jalgaon",OBG,"₹1,43,300*","₹92,522",1,"₹50,00,000",441,-,-,-,-,-,-,-,-,6310(1),-,7590(1),1550(1),-,-
MAHA-Govt Quota,SEBC Service,Maharashtra,"HBT & RN Cooper, Mumbai",GENERAL SURGERY,"₹1,43,300*","₹92,522",1,"₹50,00,000",940,-,-,-,-,-,-,-,-,-,-,7597(1),-,-,-
MAHA-Govt Quota,SC Service,Maharashtra,"Topiwala, Mumbai",ANAESTHESIOLOGY,"₹1,43,300*","₹92,522",1,"₹50,00,000",1300,-,-,-,-,-,-,-,-,-,-,7600(1),-,-,-
MAHA-Govt Quota,OPEN Service,Maharashtra,"Govt Med Coll, Chandrapur",MICROBIOLOGY,"₹1,43,300*","₹92,522",1,"₹50,00,000",650,-,-,-,-,-,-,-,-,-,-,7602(1),7044(1),7708(1),-
MAHA-Govt Quota,ST,Maharashtra,"Govt Med Coll, Jalgaon",MICROBIOLOGY,"₹1,43,300*","₹92,522",1,"₹50,00,000",441,-,-,-,-,-,-,-,-,-,-,7604(1),-,-,-
MAHA-Govt Quota,OBC Service,Maharashtra,"Lokmanya Tilak, Sion, Mumbai",DA,"₹1,43,300*","₹92,522",1,"₹50,00,000",1462,-,-,-,-,-,-,-,-,-,-,7605(1),3662(1),-,-
MAHA-Govt Quota,SEBC Service,Maharashtra,"Seth GS, Mumbai",GENERAL SURGERY,"₹1,43,300*","₹92,522",1,"₹50,00,000",2250,-,-,-,-,-,-,-,-,-,-,7607(1),-,-,-
MAHA-Govt Quota,OBC Service-PH,Maharashtra,"VMMC, Solapur",ENT,"₹1,43,300*","₹92,522",1,"₹50,00,000",763,-,-,-,-,-,-,-,-,-,-,7610(1),7667(1),-,-
MAHA-Govt Quota,NT2,Maharashtra,"MIMSR, Latur",SPM,"₹7,82,607*","₹76,249",0,₹0,775,-,-,-,-,-,-,-,-,-,-,7611(1),-,-,-
MAHA-Govt Quota,OBC,Maharashtra,"Govt Med Coll, Nanded",PHYSIOLOGY,"₹1,43,300*","₹92,522",1,"₹50,00,000",750,-,-,-,-,-,-,-,-,6606(1),-,7612(1),-,-,-
MAHA-Govt Quota,SC Service,Maharashtra,"Lokmanya Tilak, Sion, Mumbai",DGO,"₹1,43,300*","₹92,522",1,"₹50,00,000",1462,-,-,-,-,-,-,-,-,-,-,7613(1),-,-,-
MAHA-Govt Quota,OBC Service,Maharashtra,"Rajiv Gandhi MC & CSMH, Thane",PATHOLOGY,"₹1,43,300*","₹92,522",1,"₹50,00,000",500,-,-,-,-,-,-,-,-,-,-,7614(1),-,-,-
MAHA-Govt Quota,OBC Service,Maharashtra,"MPGIMER, Nashik",GENERAL SURGERY,"₹1,43,300*","₹92,522",1,"₹50,00,000",-,-,-,6033(1),6033(1),6033(1),-,-,-,-,-,7618(1),-,-,-
MAHA-Govt Quota,SC Service,Maharashtra,"VMMC, Solapur",FORENSIC MEDICINE,"₹1,43,300*","₹92,522",1,"₹50,00,000",763,-,-,-,-,-,-,-,-,-,-,7619(1),-,-,-
MAHA-Govt Quota,SEBC,Maharashtra,"Govt Med Coll, Latur",FORENSIC MEDICINE,"₹1,43,300*","₹92,522",1,"₹50,00,000",750,-,-,-,-,-,-,-,-,-,-,7621(1),7312(1),-,-
MAHA-Govt Quota,ST,Maharashtra,"Vithalrao Patil, Ahmednagar",PATHOLOGY,"₹10,00,000*","₹76,629",0,₹0,960,-,-,-,-,-,-,-,-,-,-,7622(1),-,-,-
MAHA-Govt Quota,NT1-PH,Maharashtra,"Govt Med Coll, Gondia",BIOCHEMISTRY,"₹1,43,300*","₹92,522",1,"₹50,00,000",500,-,-,-,-,-,-,-,-,-,-,7623(1),-,-,-
MAHA-Govt Quota,ST,Maharashtra,"KJ Somaiyya, Mumbai",ANAESTHESIOLOGY,"₹12,00,000*","₹64,000",0,₹0,550,-,-,-,-,-,-,-,-,-,-,7625(1),-,-,-
MAHA Priv-Mgmt Quota,MGT,Maharashtra,"ACPM, Dhule",PATHOLOGY,"₹42,96,000*","₹50,000",0,₹0,570,-,-,5999(1),6270(1),6440(1),-,-,-,-,-,7626(1),-,-,-
MAHA-Govt Quota,ST,Maharashtra,"Shri VR Naik Govt, Yavatmal",MICROBIOLOGY,"₹1,43,300*","₹92,522",1,"₹50,00,000",756,-,-,-,-,-,-,-,-,-,-,7627(1),7512(1),-,-
MAHA-Govt Quota,SC,Maharashtra,"Topiwala, Mumbai",PHYSIOLOGY,"₹1,43,300*","₹92,522",1,"₹50,00,000",1300,-,-,-,-,-,-,-,-,-,-,7629(1),-,-,-
MAHA-Govt Quota,NT2 Service,Maharashtra,"MGIMS, Wardha",GENERAL SURGERY,"₹1,43,300*","₹89,698",1,"₹50,00,000",1000,-,-,-,-,-,-,-,-,-,-,7631(1),-,-,-
MAHA-NRI Quota,NRI,Maharashtra,"Kashibai Navale, Pune",PATHOLOGY,"₹12,94,000*","₹76,429",0,₹0,1094,-,-,6264(1),6264(1),6264(1),-,-,-,-,-,7639(1),-,-,-
MAHA Priv-Mgmt Quota,MGT,Maharashtra,"Panjabrao Deshmukh, Amravati",SPM,"₹7,00,000*","₹76,429",0,₹0,760,-,-,6486(1),6486(1),6486(1),-,-,-,-,-,7641(1),7225(1),7758(1),-
MAHA-Govt Quota,OPEN,Maharashtra,"Govt Med Coll, Chandrapur",ANATOMY,"₹1,43,300*","₹92,522",1,"₹50,00,000",650,-,-,-,-,-,-,-,-,-,-,7642(1),-,-,-
MAHA-Govt Quota,OBC Service,Maharashtra,"Govt Med Coll, Jalgaon",GENERAL SURGERY,"₹1,43,300*","₹92,522",1,"₹50,00,000",441,-,-,-,-,-,-,-,-,-,-,7643(1),-,-,-
MAHA-Govt Quota,OPEN,Maharashtra,"MIMER, Talegaon, Pune",PHARMACOLOGY,"₹8,00,000*","₹64,551",0,₹0,720,-,-,5191(1),5191(1),5191(1),-,-,-,5849(1),-,7644(1),-,-,-
MAHA-Govt Quota,VJ,Maharashtra,"Govt Med Coll, Nagpur",BIOCHEMISTRY,"₹1,43,300*","₹92,522",1,"₹50,00,000",1866,-,-,-,-,-,-,-,-,-,-,7645(1),-,7681(1),-
MAHA-Govt Quota,OBC Service,Maharashtra,"Govt Med Coll, Baramati",SPM,"₹1,43,300*","₹92,522",1,"₹50,00,000",310,-,-,-,-,-,-,-,-,-,-,7646(1),-,-,-
MAHA-Govt Quota,OBC-PH,Maharashtra,"Rajarshee CSM Govt MC,Kolhapur",SPM,"₹1,43,300*","₹92,522",1,"₹50,00,000",665,-,-,-,-,-,-,-,-,-,-,7651(1),6029(1),-,-
MAHA-Govt Quota,ST Service,Maharashtra,"Grant Med Coll, Mumbai",PHARMACOLOGY,"₹1,43,300*","₹92,522",1,"₹50,00,000",2844,-,-,-,-,-,-,-,-,-,-,7655(1),-,-,-
MAHA-Govt Quota,SC Service,Maharashtra,"Govt Med Coll, Aurangabad",ANATOMY,"₹1,43,300*","₹92,522",1,"₹50,00,000",1177,-,-,-,-,-,-,-,-,-,-,7657(1),-,-,-
MAHA-Govt Quota,SC Service,Maharashtra,"Grant Med Coll, Mumbai",PATHOLOGY,"₹1,43,300*","₹92,522",1,"₹50,00,000",2844,-,-,-,-,-,-,-,-,-,-,7660(1),5731(1),-,-
MAHA-Govt Quota,OBC,Maharashtra,"Kashibai Navale, Pune",SPM,"₹12,94,000*","₹76,429",0,₹0,1094,-,-,-,-,-,-,-,-,-,-,7666(1),-,-,-
MAHA-Govt Quota,OBC Service,Maharashtra,"Sri Bhausaheb, Dhule",ENT,"₹1,43,300*","₹92,522",1,"₹50,00,000",545,-,-,-,-,-,-,-,-,-,-,7668(1),-,-,-
MAHA-Govt Quota,OBC,Maharashtra,"BJMC, Pune",ANAESTHESIOLOGY,"₹1,43,300*","₹92,522",1,"₹50,00,000",1296,1514(2),1901(2),2428(2),2956(2),2956(2),-,-,-,-,-,-,3205(1),-,-
MAHA Priv-Mgmt Quota,MGT,Maharashtra,"IIMSR, Jalna",DERMATOLOGY,"₹36,00,000*","₹64,551",0,₹0,Info Not Available,-,-,-,-,-,-,-,-,3498(1),3498(1),-,-,-,-
MAHA Priv-Mgmt Quota,MGT,Maharashtra,"IIMSR, Jalna",PAEDIATRICS,"₹36,00,000*","₹64,551",0,₹0,Info Not Available,4036(1),4036(1),4036(1),4036(1),4036(1),-,-,-,4444(1),4444(1),-,-,-,-
MAHA Priv-Mgmt Quota,MGT,Maharashtra,"IIMSR, Jalna",PSYCHIATRY,"₹36,00,000*","₹64,551",0,₹0,Info Not Available,4584(1),-,-,-,-,-,-,-,5211(1),-,-,-,-,-
MAHA Priv-Mgmt Quota,MGT,Maharashtra,"IIMSR, Jalna",GENERAL SURGERY,"₹36,00,000*","₹64,551",0,₹0,Info Not Available,3947(1),3947(1),3947(1),3947(1),3947(1),-,-,-,5331(1),5331(1),-,-,-,-
MAHA-Govt Quota,EWS Service,Maharashtra,"Seth GS, Mumbai",ANATOMY,"₹1,43,300*","₹92,522",1,"₹50,00,000",2250,-,-,-,-,-,-,-,-,-,-,-,6098(1),-,-
MAHA Priv-Mgmt Quota,MGT,Maharashtra,"IIMSR, Jalna",PATHOLOGY,"₹36,00,000*","₹64,551",0,₹0,Info Not Available,4581(1),4581(1),4581(1),4581(1),4581(1),-,-,-,-,6147(1),-,-,-,-
MAHA-Govt Quota,NT2,Maharashtra,"Govt Med Coll, Baramati",PHYSIOLOGY,"₹1,43,300*","₹92,522",1,"₹50,00,000",310,-,-,-,-,-,-,-,-,6232(1),-,-,-,-,-
MAHA-Govt Quota,OPEN,Maharashtra,"Govt Med Coll, Nagpur",ANATOMY,"₹1,43,300*","₹92,522",1,"₹50,00,000",1866,-,-,6412(1),6412(1),6412(1),-,-,-,6253(1),6253(1),-,-,-,-
MAHA-Govt Quota,OBC,Maharashtra,"Govt Med Coll, Miraj",PHYSIOLOGY,"₹1,43,300*","₹92,522",1,"₹50,00,000",725,-,-,-,-,-,-,-,-,6433(1),-,-,-,-,-
MAHA-Govt Quota,NT1,Maharashtra,"Govt Med Coll, Nagpur",ANATOMY,"₹1,43,300*","₹92,522",1,"₹50,00,000",1866,-,-,-,-,-,-,-,-,6518(1),-,-,-,-,-
MAHA Priv-Mgmt Quota,MGT,Maharashtra,"MIMER, Talegaon, Pune",PHARMACOLOGY,"₹32,00,000*","₹64,551",0,₹0,720,-,-,6279(1),6279(1),6279(1),-,-,-,-,-,-,6621(1),-,-
MAHA-Govt Quota,SEBC,Maharashtra,"BJMC, Pune",FORENSIC MEDICINE,"₹1,43,300*","₹92,522",1,"₹50,00,000",1296,-,-,-,-,-,-,-,-,-,-,-,6650(1),-,-
MAHA-Govt Quota,OPEN,Maharashtra,"Panjabrao Deshmukh, Amravati",PHARMACOLOGY,"₹6,00,000*","₹76,429",0,₹0,760,-,-,-,-,-,-,-,-,-,-,-,6679(1),-,-
MAHA-Govt Quota,SEBC,Maharashtra,"HBT & RN Cooper, Mumbai",PHYSIOLOGY,"₹1,43,300*","₹92,522",1,"₹50,00,000",940,-,-,-,-,-,-,-,-,-,-,-,-,6950(1),-
MAHA-Govt Quota,OPEN,Maharashtra,"Panjabrao Deshmukh, Amravati",MICROBIOLOGY,"₹6,00,000*","₹76,429",0,₹0,760,-,-,-,-,-,-,-,-,-,-,-,7005(1),-,-
MAHA-Govt Quota,SEBC,Maharashtra,"Indira Gandhi MedColl, Nagpur",BIOCHEMISTRY,"₹1,43,300*","₹92,522",1,"₹50,00,000",822,-,-,-,-,-,-,-,-,-,-,-,-,7098(1),-
MAHA-Govt Quota,EWS,Maharashtra,"Govt Med Coll, Latur",ANATOMY,"₹1,43,300*","₹92,522",1,"₹50,00,000",750,-,-,-,-,-,-,-,-,-,-,-,-,7157(1),-
MAHA-Govt Quota,OPEN,Maharashtra,"MIMER, Talegaon, Pune",MICROBIOLOGY,"₹8,00,000*","₹64,551",0,₹0,720,-,-,-,-,-,-,-,-,6493(1),-,-,7344(1),-,-
MAHA-Govt Quota,OPEN,Maharashtra,"Govt Med Coll, Jalgaon",FORENSIC MEDICINE,"₹1,43,300*","₹92,522",1,"₹50,00,000",441,-,-,-,-,-,-,-,-,-,-,-,7366(1),-,-
MAHA-Govt Quota,OBC,Maharashtra,"Kashibai Navale, Pune",MICROBIOLOGY,"₹12,94,000*","₹76,429",0,₹0,1094,-,-,-,-,-,-,-,-,-,-,-,7422(1),-,-
MAHA-Govt Quota,VJ Service,Maharashtra,"Govt Med Coll, Chandrapur",PHYSIOLOGY,"₹1,43,300*","₹92,522",1,"₹50,00,000",650,-,-,-,-,-,-,-,-,-,-,-,7438(1),-,-
MAHA-Govt Quota,OBC,Maharashtra,"Seth GS, Mumbai",ANATOMY,"₹1,43,300*","₹92,522",1,"₹50,00,000",2250,-,-,-,-,-,-,-,-,6047(1),-,-,7446(1),-,-
MAHA-Govt Quota,SC,Maharashtra,"HBT & RN Cooper, Mumbai",ANATOMY,"₹1,43,300*","₹92,522",1,"₹50,00,000",940,-,-,-,-,-,-,-,-,-,-,-,7504(1),-,-
MAHA-Govt Quota,OBC Service,Maharashtra,"Govt Med Coll, Jalgaon",FORENSIC MEDICINE,"₹1,43,300*","₹92,522",1,"₹50,00,000",441,-,-,-,-,-,-,-,-,-,-,-,-,7597(1),-
MAHA-NRI Quota,NRI,Maharashtra,"Vedantaa Inst of MS, Palghar",PATHOLOGY,"₹96,60,000*","₹65,000",0,₹0,-,-,-,-,-,-,-,-,-,-,-,-,-,7608(1),-
MAHA-Govt Quota,OPEN,Maharashtra,"Govt Med Coll, Baramati",PHYSIOLOGY,"₹1,43,300*","₹92,522",1,"₹50,00,000",310,4661(1),4661(1),4661(1),4661(1),4661(1),-,-,-,6208(1),6208(1),-,6405(1),7612(1),-
MAHA-Govt Quota,OPEN,Maharashtra,"Topiwala, Mumbai",ANATOMY,"₹1,43,300*","₹92,522",1,"₹50,00,000",1300,5044(1),5044(1),-,-,-,-,-,-,3931(1),-,-,-,7621(1),-
MAHA-Govt Quota,OPEN,Maharashtra,"VMMC, Solapur",PHYSIOLOGY,"₹1,43,300*","₹92,522",1,"₹50,00,000",763,-,-,5671(1),5671(1),5671(1),-,-,-,6442(1),-,-,7650(1),-,-
MAHA-Govt Quota,SC,Maharashtra,"Vedantaa Inst of MS, Palghar",SPM,"₹1,75,000*","₹45,000",0,₹0,-,-,-,-,-,-,-,-,-,-,-,-,7661(1),-,-
MAHA-Govt Quota,SEBC,Maharashtra,"Kashibai Navale, Pune",PHARMACOLOGY,"₹12,94,000*","₹76,429",0,₹0,1094,-,-,-,-,-,-,-,-,-,-,-,-,7673(1),-
MAHA Priv-Mgmt Quota,MGT,Maharashtra,"MIMER, Talegaon, Pune",SPM,"₹32,00,000*","₹64,551",0,₹0,720,-,-,5609(1),5609(1),5609(1),-,-,-,-,-,-,-,7676(1),-
MAHA-Govt Quota,SEBC Service,Maharashtra,"Govt Med Coll, Nanded",FORENSIC MEDICINE,"₹1,43,300*","₹92,522",1,"₹50,00,000",750,-,-,-,-,-,-,-,-,-,-,-,-,7685(1),-
MAHA-Govt Quota,OPEN,Maharashtra,"Govt Med Coll, Chandrapur",BIOCHEMISTRY,"₹1,43,300*","₹92,522",1,"₹50,00,000",650,-,-,-,-,-,-,-,-,-,-,-,-,7692(1),-
MAHA-Govt Quota,OBC Service,Maharashtra,"Indira Gandhi MedColl, Nagpur",BIOCHEMISTRY,"₹1,43,300*","₹92,522",1,"₹50,00,000",822,-,-,-,-,-,-,-,-,-,-,-,-,7695(1),-
MAHA-Govt Quota,SC,Maharashtra,"Indira Gandhi MedColl, Nagpur",BIOCHEMISTRY,"₹1,43,300*","₹92,522",1,"₹50,00,000",822,-,-,-,-,-,-,-,-,6559(1),-,-,-,7701(1),-
MAHA-Govt Quota,EWS Service,Maharashtra,"Rajarshee CSM Govt MC,Kolhapur",PHYSIOLOGY,"₹1,43,300*","₹92,522",1,"₹50,00,000",665,-,-,-,-,-,-,-,-,-,-,-,-,7712(1),-
MAHA-Govt Quota,EWS,Maharashtra,"Shri VR Naik Govt, Yavatmal",BIOCHEMISTRY,"₹1,43,300*","₹92,522",1,"₹50,00,000",756,-,-,-,-,-,-,-,-,-,-,-,-,7738(1),-
MAHA Priv-Mgmt Quota,MGT,Maharashtra,"MIMSR, Latur",SPM,"₹31,30,428*","₹76,249",0,₹0,775,-,-,5963(1),5963(1),5963(1),-,-,-,-,-,-,-,7753(1),-
MAHA-Govt Quota,ST Service,Maharashtra,"Sri Bhausaheb, Dhule",FORENSIC MEDICINE,"₹1,43,300*","₹92,522",1,"₹50,00,000",545,-,-,-,-,-,-,-,-,-,-,-,-,7755(1),-
MAHA Priv-Mgmt Quota,MGT,Maharashtra,"Kashibai Navale, Pune",PHARMACOLOGY,"₹12,94,000*","₹76,429",0,₹0,1094,-,-,-,-,-,-,-,-,-,-,-,-,7766(1),-
MAHA-Govt Quota,OPEN Service,Maharashtra,"Govt Med Coll, Miraj",ANATOMY,"₹1,43,300*","₹92,522",1,"₹50,00,000",725,-,-,-,-,-,-,-,-,6272(1),-,-,-,7768(1),-
MAHA-Govt Quota,ST Service,Maharashtra,"Indira Gandhi MedColl, Nagpur",PHYSIOLOGY,"₹1,43,300*","₹92,522",1,"₹50,00,000",822,-,-,-,-,-,-,-,-,-,-,-,-,7780(1),-
MAHA-Govt Quota,OPEN-PH,Maharashtra,"HBT & RN Cooper, Mumbai",ANATOMY,"₹1,43,300*","₹92,522",1,"₹50,00,000",940,-,-,-,-,-,-,-,-,-,-,-,-,7789(1),-
MAHA-Govt Quota,SC Service,Maharashtra,"Govt Med Coll, Gondia",PHYSIOLOGY,"₹1,43,300*","₹92,522",1,"₹50,00,000",500,-,-,-,-,-,-,-,-,-,-,-,-,7791(1),-
MAHA-Govt Quota,ST,Maharashtra,"Rajarshee CSM Govt MC,Kolhapur",PHYSIOLOGY,"₹1,43,300*","₹92,522",1,"₹50,00,000",665,-,-,-,-,-,-,-,-,6541(1),-,-,-,7796(1),-
MAHA-Govt Quota,OPEN Service,Maharashtra,"Govt Med Coll, Gondia",ANATOMY,"₹1,43,300*","₹92,522",1,"₹50,00,000",500,-,-,-,-,-,-,-,-,-,-,-,-,7814(1),-
MAHA-Govt Quota,OPEN,Maharashtra,"Lokmanya Tilak, Sion, Mumbai",DERMATOLOGY,"₹1,43,300*","₹92,522",1,"₹50,00,000",1462,1(1),1(1),1(1),1(1),1(1),-,-,-,-,-,-,-,-,-
MAHA-Govt Quota,EWS,Maharashtra,"Seth GS, Mumbai",RADIO DIAGNOSIS,"₹1,43,300*","₹92,522",1,"₹50,00,000",2250,18(1),18(1),18(1),18(1),18(1),-,-,-,-,-,-,-,-,-
MAHA-Govt Quota,OPEN,Maharashtra,"Govt Med Coll, Aurangabad",RADIO DIAGNOSIS,"₹1,43,300*","₹92,522",1,"₹50,00,000",1177,64(2),81(2),81(2),81(2),81(2),-,-,-,-,-,-,-,-,-
MAHA-Govt Quota,EWS,Maharashtra,"Lokmanya Tilak, Sion, Mumbai",GENERAL MEDICINE,"₹1,43,300*","₹92,522",1,"₹50,00,000",1462,53(1),88(1),88(1),88(1),88(1),-,-,-,-,-,-,-,-,-
MAHA-Govt Quota,OPEN,Maharashtra,"Seth GS, Mumbai",ENT,"₹1,43,300*","₹92,522",1,"₹50,00,000",2250,118(1),118(1),118(1),118(1),118(1),-,-,-,-,-,-,-,-,-
MAHA-Govt Quota,NT2-PH,Maharashtra,"Govt Med Coll, Nagpur",RADIO DIAGNOSIS,"₹1,43,300*","₹92,522",1,"₹50,00,000",1866,-,-,122(1),122(1),122(1),-,-,-,-,-,-,-,-,-
MAHA-Govt Quota,OPEN,Maharashtra,"Govt Med Coll, Nagpur",DERMATOLOGY,"₹1,43,300*","₹92,522",1,"₹50,00,000",1866,48(1),140(1),140(1),140(1),140(1),-,-,-,-,-,-,-,-,-
MAHA-Govt Quota,OPEN-Orphan,Maharashtra,"Lokmanya Tilak, Sion, Mumbai",GENERAL SURGERY,"₹1,43,300*","₹92,522",1,"₹50,00,000",1462,-,-,155(1),155(1),155(1),-,-,-,-,-,-,-,-,-
MAHA-Govt Quota,NT1,Maharashtra,"BJMC, Pune",RADIO DIAGNOSIS,"₹1,43,300*","₹92,522",1,"₹50,00,000",1296,174(1),174(1),174(1),174(1),174(1),-,-,-,-,-,-,-,-,-
MAHA-Govt Quota,VJ,Maharashtra,"Seth GS, Mumbai",GENERAL MEDICINE,"₹1,43,300*","₹92,522",1,"₹50,00,000",2250,180(1),180(1),180(1),180(1),180(1),-,-,-,-,-,-,-,-,-
MAHA-Govt Quota,OBC,Maharashtra,"Govt Med Coll, Aurangabad",RADIO DIAGNOSIS,"₹1,43,300*","₹92,522",1,"₹50,00,000",1177,144(1),181(1),121(1),121(1),121(1),-,-,-,-,-,-,-,-,-
MAHA-Govt Quota,OPEN,Maharashtra,"Kashibai Navale, Pune",RADIO DIAGNOSIS,"₹12,94,000*","₹76,429",0,₹0,1094,191(1),192(1),192(1),192(1),192(1),-,-,-,-,-,-,-,-,-
MAHA-Govt Quota,OPEN,Maharashtra,"Pimpri Chinchwad, Pimpri",DERMATOLOGY,"₹1,43,300*","₹92,522",1,"₹50,00,000",750,41(1),206(1),206(1),206(1),206(1),-,-,-,-,-,-,-,-,-
MAHA-Govt Quota,OBC,Maharashtra,"MGIMS, Wardha",RADIO DIAGNOSIS,"₹1,43,300*","₹89,698",1,"₹50,00,000",1000,183(1),207(1),207(1),207(1),207(1),-,-,-,-,-,-,-,-,-
MAHA-Govt Quota,EWS,Maharashtra,"Indira Gandhi MedColl, Nagpur",GENERAL MEDICINE,"₹1,43,300*","₹92,522",1,"₹50,00,000",822,133(1),237(1),237(1),237(1),237(1),-,-,-,-,-,-,-,-,-
MAHA-Govt Quota,OBC,Maharashtra,"Seth GS, Mumbai",DERMATOLOGY,"₹1,43,300*","₹92,522",1,"₹50,00,000",2250,73(1),164(1),238(1),238(1),238(1),-,-,-,-,-,-,-,-,-
MAHA-Govt Quota,OBC,Maharashtra,"Topiwala, Mumbai",DERMATOLOGY,"₹1,43,300*","₹92,522",1,"₹50,00,000",1300,238(1),240(1),240(1),240(1),240(1),-,-,-,-,-,-,-,-,-
MAHA-Govt Quota,NT2,Maharashtra,"BJMC, Pune",GENERAL MEDICINE,"₹1,43,300*","₹92,522",1,"₹50,00,000",1296,252(1),252(1),252(1),252(1),252(1),-,-,-,-,-,-,-,-,-
MAHA-Govt Quota,OPEN-PH,Maharashtra,"BJMC, Pune",GENERAL SURGERY,"₹1,43,300*","₹92,522",1,"₹50,00,000",1296,-,-,267(1),267(1),267(1),-,-,-,-,-,-,-,-,-
MAHA-Govt Quota,NT1,Maharashtra,"Govt Med Coll, Latur",RADIO DIAGNOSIS,"₹1,43,300*","₹92,522",1,"₹50,00,000",750,270(1),270(1),270(1),270(1),270(1),-,-,-,-,-,-,-,-,-
MAHA-Govt Quota,VJ,Maharashtra,"Grant Med Coll, Mumbai",GENERAL MEDICINE,"₹1,43,300*","₹92,522",1,"₹50,00,000",2844,276(1),276(1),276(1),276(1),276(1),-,-,-,-,-,-,-,-,-
MAHA-Govt Quota,OBC,Maharashtra,"Rajarshee CSM Govt MC,Kolhapur",RADIO DIAGNOSIS,"₹1,43,300*","₹92,522",1,"₹50,00,000",665,207(1),292(1),292(1),292(1),292(1),-,-,-,-,-,-,-,-,-
MAHA-Govt Quota,EWS,Maharashtra,"Pimpri Chinchwad, Pimpri",GENERAL MEDICINE,"₹1,43,300*","₹92,522",1,"₹50,00,000",750,158(1),231(1),295(1),295(1),295(1),-,-,-,-,-,-,-,-,-
MAHA-Govt Quota,NT3,Maharashtra,"Govt Med Coll, Aurangabad",RADIO DIAGNOSIS,"₹1,43,300*","₹92,522",1,"₹50,00,000",1177,149(1),296(1),296(1),296(1),296(1),-,-,-,-,-,-,-,-,-
MAHA-Govt Quota,OPEN-PH,Maharashtra,"Seth GS, Mumbai",PAEDIATRICS,"₹1,43,300*","₹92,522",1,"₹50,00,000",2250,-,-,300(1),300(1),300(1),-,-,-,-,-,-,-,-,-
MAHA-Govt Quota,OPEN,Maharashtra,"Vasantrao Pawar, Nasik",RADIO DIAGNOSIS,"₹9,00,000*","₹69,105",0,₹0,1000,188(1),329(1),329(1),329(1),329(1),-,-,-,-,-,-,-,-,-
MAHA-Govt Quota,NT2,Maharashtra,"Topiwala, Mumbai",GENERAL MEDICINE,"₹1,43,300*","₹92,522",1,"₹50,00,000",1300,208(1),193(1),343(1),343(1),343(1),-,-,-,-,-,-,-,-,-
MAHA-Govt Quota,OPEN-PH,Maharashtra,"Topiwala, Mumbai",PAEDIATRICS,"₹1,43,300*","₹92,522",1,"₹50,00,000",1300,-,-,346(1),346(1),346(1),-,-,-,-,-,-,-,-,-
MAHA-Govt Quota,EWS,Maharashtra,"MGIMS, Wardha",GENERAL MEDICINE,"₹1,43,300*","₹89,698",1,"₹50,00,000",1000,178(1),264(1),350(1),350(1),350(1),-,-,-,-,-,-,-,-,-
MAHA-Govt Quota,NT1,Maharashtra,"VMMC, Solapur",GENERAL MEDICINE,"₹1,43,300*","₹92,522",1,"₹50,00,000",763,291(1),291(1),351(1),351(1),351(1),-,-,-,-,-,-,-,-,-
MAHA-Govt Quota,OBC,Maharashtra,"VMMC, Solapur",GENERAL MEDICINE,"₹1,43,300*","₹92,522",1,"₹50,00,000",763,233(1),273(1),359(1),359(1),359(1),-,-,-,-,-,-,-,-,-
MAHA-Govt Quota,OPEN-PH,Maharashtra,"Topiwala, Mumbai",GENERAL MEDICINE,"₹1,43,300*","₹92,522",1,"₹50,00,000",1300,373(1),373(1),373(1),373(1),373(1),-,-,-,-,-,-,-,-,-
MAHA-Govt Quota,OBC,Maharashtra,"Govt Med Coll, Miraj",GENERAL MEDICINE,"₹1,43,300*","₹92,522",1,"₹50,00,000",725,255(1),301(1),393(1),393(1),393(1),-,-,-,-,-,-,-,-,-
MAHA-Govt Quota,OPEN,Maharashtra,"Topiwala, Mumbai",ORTHOPAEDICS,"₹1,43,300*","₹92,522",1,"₹50,00,000",1300,285(1),394(1),394(1),394(1),394(1),-,-,-,-,-,-,-,-,-
MAHA-Govt Quota,OPEN,Maharashtra,"Govt Med Coll, Nanded",GENERAL MEDICINE,"₹1,43,300*","₹92,522",1,"₹50,00,000",750,137(3),176(3),400(3),400(3),400(3),-,-,-,-,-,-,-,-,-
MAHA-Govt Quota,OBC,Maharashtra,"Grant Med Coll, Mumbai",DERMATOLOGY,"₹1,43,300*","₹92,522",1,"₹50,00,000",2844,-,-,404(1),404(1),404(1),-,-,-,-,-,-,-,-,-
MAHA-Govt Quota,EWS-PH,Maharashtra,"Rajarshee CSM Govt MC,Kolhapur",GENERAL MEDICINE,"₹1,43,300*","₹92,522",1,"₹50,00,000",665,-,-,429(1),429(1),429(1),-,-,-,-,-,-,-,-,-
MAHA-Govt Quota,OPEN,Maharashtra,"Govt Med Coll, Miraj",DERMATOLOGY,"₹1,43,300*","₹92,522",1,"₹50,00,000",725,163(1),225(1),434(1),434(1),434(1),-,-,-,-,-,-,-,-,-
MAHA-Govt Quota,NT2,Maharashtra,"MGIMS, Wardha",GENERAL MEDICINE,"₹1,43,300*","₹89,698",1,"₹50,00,000",1000,343(1),343(1),437(1),437(1),437(1),-,-,-,-,-,-,-,-,-
MAHA-Govt Quota,OPEN,Maharashtra,"SRTT, Ambajogai",GENERAL MEDICINE,"₹1,43,300*","₹92,522",1,"₹50,00,000",518,159(1),182(1),442(1),442(1),442(1),-,-,-,-,-,-,-,-,-
MAHA-Govt Quota,NT3,Maharashtra,"Indira Gandhi MedColl, Nagpur",GENERAL MEDICINE,"₹1,43,300*","₹92,522",1,"₹50,00,000",822,219(1),450(1),450(1),450(1),450(1),-,-,-,-,-,-,-,-,-
MAHA-Govt Quota,OPEN,Maharashtra,"BKL Walawalkar, Ratnagiri",RADIO DIAGNOSIS,"₹9,67,000*","₹62,000",0,₹0,520,366(1),454(1),458(1),458(1),458(1),-,-,-,-,-,-,-,-,-
MAHA-Govt Quota,SC,Maharashtra,"Seth GS, Mumbai",DERMATOLOGY,"₹1,43,300*","₹92,522",1,"₹50,00,000",2250,347(1),462(1),462(1),462(1),462(1),-,-,-,-,-,-,-,-,-
MAHA-Govt Quota,EWS,Maharashtra,"Govt Med Coll, Jalgaon",GENERAL MEDICINE,"₹1,43,300*","₹92,522",1,"₹50,00,000",441,214(1),282(1),463(1),463(1),463(1),-,-,-,-,-,-,-,-,-
MAHA-Govt Quota,SC,Maharashtra,"BJMC, Pune",DERMATOLOGY,"₹1,43,300*","₹92,522",1,"₹50,00,000",1296,465(1),465(1),465(1),465(1),465(1),-,-,-,-,-,-,-,-,-
MAHA-Govt Quota,NT3,Maharashtra,"SRTT, Ambajogai",GENERAL MEDICINE,"₹1,43,300*","₹92,522",1,"₹50,00,000",518,253(1),468(1),468(1),468(1),468(1),-,-,-,-,-,-,-,-,-
MAHA-Govt Quota,NT3,Maharashtra,"Govt Med Coll, Nagpur",DERMATOLOGY,"₹1,43,300*","₹92,522",1,"₹50,00,000",1866,296(1),477(1),477(1),477(1),477(1),-,-,-,-,-,-,-,-,-
MAHA-Govt Quota,OPEN,Maharashtra,"SRTT, Ambajogai",DERMATOLOGY,"₹1,43,300*","₹92,522",1,"₹50,00,000",518,176(1),245(1),499(1),499(1),499(1),-,-,-,-,-,-,-,-,-
MAHA-Govt Quota,OPEN,Maharashtra,"BJMC, Pune",TBRD,"₹1,43,300*","₹92,522",1,"₹50,00,000",1296,512(1),512(1),512(1),512(1),512(1),-,-,-,-,-,-,-,-,-
MAHA-Govt Quota,OPEN-Orphan,Maharashtra,"Govt Med Coll, Nagpur",GENERAL MEDICINE,"₹1,43,300*","₹92,522",1,"₹50,00,000",1866,513(1),513(1),513(1),513(1),513(1),-,-,-,-,-,-,-,-,-
MAHA-Govt Quota,OPEN-Orphan,Maharashtra,"BJMC, Pune",ORTHOPAEDICS,"₹1,43,300*","₹92,522",1,"₹50,00,000",1296,-,-,528(1),528(1),528(1),-,-,-,-,-,-,-,-,-
MAHA-Govt Quota,OPEN,Maharashtra,"BARC, Mumbai",NUCLEAR MEDICINE,"₹75,500","₹72,000*",1*,"₹25,00,000*",390,530(2),530(2),530(2),530(2),530(2),-,-,-,-,-,-,-,-,-
MAHA-Govt Quota,NT2,Maharashtra,"Seth GS, Mumbai",PAEDIATRICS,"₹1,43,300*","₹92,522",1,"₹50,00,000",2250,534(1),534(1),534(1),534(1),534(1),-,-,-,-,-,-,-,-,-
MAHA-Govt Quota,EWS,Maharashtra,"Govt Med Coll, Aurangabad",DERMATOLOGY,"₹1,43,300*","₹92,522",1,"₹50,00,000",1177,206(1),542(1),542(1),542(1),542(1),-,-,-,-,-,-,-,-,-
MAHA-Govt Quota,OBC,Maharashtra,"Govt Med Coll, Jalgaon",GENERAL MEDICINE,"₹1,43,300*","₹92,522",1,"₹50,00,000",441,259(1),325(1),552(1),552(1),552(1),-,-,-,-,-,-,-,-,-
MAHA-Govt Quota,ST,Maharashtra,"Seth GS, Mumbai",RADIO DIAGNOSIS,"₹1,43,300*","₹92,522",1,"₹50,00,000",2250,439(1),553(1),553(1),553(1),553(1),-,-,-,-,-,-,-,-,-
MAHA-Govt Quota,ST-PH,Maharashtra,"Lokmanya Tilak, Sion, Mumbai",GENERAL MEDICINE,"₹1,43,300*","₹92,522",1,"₹50,00,000",1462,-,-,568(1),568(1),568(1),-,-,-,-,-,-,-,-,-
MAHA-Govt Quota,NT2,Maharashtra,"Govt Med Coll, Akola",DERMATOLOGY,"₹1,43,300*","₹92,522",1,"₹50,00,000",840,578(1),578(1),578(1),578(1),578(1),-,-,-,-,-,-,-,-,-
MAHA-Govt Quota,OPEN-PH,Maharashtra,"Lokmanya Tilak, Sion, Mumbai",RADIO DIAGNOSIS,"₹1,43,300*","₹92,522",1,"₹50,00,000",1462,588(1),588(1),588(1),588(1),588(1),-,-,-,-,-,-,-,-,-
MAHA-Govt Quota,OBC-PH,Maharashtra,"Seth GS, Mumbai",GENERAL SURGERY,"₹1,43,300*","₹92,522",1,"₹50,00,000",2250,-,-,591(1),591(1),591(1),-,-,-,-,-,-,-,-,-
MAHA-Govt Quota,EWS,Maharashtra,"Topiwala, Mumbai",OBG,"₹1,43,300*","₹92,522",1,"₹50,00,000",1300,563(1),496(1),592(1),592(1),592(1),-,-,-,-,-,-,-,-,-
MAHA-Govt Quota,EWS,Maharashtra,"Topiwala, Mumbai",GENERAL SURGERY,"₹1,43,300*","₹92,522",1,"₹50,00,000",1300,338(1),598(1),598(1),598(1),598(1),-,-,-,-,-,-,-,-,-
MAHA-Govt Quota,OPEN-Orphan,Maharashtra,"Indira Gandhi MedColl, Nagpur",PAEDIATRICS,"₹1,43,300*","₹92,522",1,"₹50,00,000",822,-,-,605(1),605(1),605(1),-,-,-,-,-,-,-,-,-
MAHA-Govt Quota,OBC,Maharashtra,"BJMC, Pune",ORTHOPAEDICS,"₹1,43,300*","₹92,522",1,"₹50,00,000",1296,522(1),613(1),613(1),613(1),613(1),-,-,-,-,-,-,-,-,-
MAHA-Govt Quota,OPEN,Maharashtra,"MIMSR, Latur",GENERAL MEDICINE,"₹7,82,607*","₹76,249",0,₹0,775,511(1),617(1),617(1),617(1),617(1),-,-,-,-,-,-,-,-,-
MAHA-Govt Quota,OPEN,Maharashtra,"MIMER, Talegaon, Pune",DERMATOLOGY,"₹8,00,000*","₹64,551",0,₹0,720,458(1),510(1),621(1),621(1),621(1),-,-,-,-,-,-,-,-,-
MAHA-Govt Quota,OPEN,Maharashtra,"Ashwini Rural, Solapur",RADIO DIAGNOSIS,"₹11,81,000*","₹65,000",0,₹0,520,544(1),626(1),626(1),626(1),626(1),-,-,-,-,-,-,-,-,-
MAHA-Govt Quota,NT2,Maharashtra,"Tata Memorial, Mumbai",RADIO DIAGNOSIS,"₹1,05,500*","₹1,00,800",1*,"₹25,00,000*",614,123(1),123(1),630(1),630(1),630(1),-,-,-,-,-,-,-,-,-
MAHA-Govt Quota,EWS-PH,Maharashtra,"Lokmanya Tilak, Sion, Mumbai",ORTHOPAEDICS,"₹1,43,300*","₹92,522",1,"₹50,00,000",1462,-,-,636(1),636(1),636(1),-,-,-,-,-,-,-,-,-
MAHA-Govt Quota,VJ,Maharashtra,"Govt Med Coll, Nagpur",RADIO DIAGNOSIS,"₹1,43,300*","₹92,522",1,"₹50,00,000",1866,399(1),638(1),638(1),638(1),638(1),-,-,-,-,-,-,-,-,-
MAHA-Govt Quota,OPEN,Maharashtra,"HBT & RN Cooper, Mumbai",PAEDIATRICS,"₹1,43,300*","₹92,522",1,"₹50,00,000",940,234(1),346(1),644(1),644(1),644(1),-,-,-,-,-,-,-,-,-
MAHA-Govt Quota,NT3,Maharashtra,"NKP Salve IMS, Nagpur",RADIO DIAGNOSIS,"₹9,00,000*","₹64,551",0,₹0,1272,674(1),674(1),674(1),674(1),674(1),-,-,-,-,-,-,-,-,-
MAHA-Govt Quota,OPEN,Maharashtra,"MIMER, Talegaon, Pune",GENERAL MEDICINE,"₹8,00,000*","₹64,551",0,₹0,720,503(1),576(1),683(1),683(1),683(1),-,-,-,-,-,-,-,-,-
MAHA-Govt Quota,SC,Maharashtra,"Tata Memorial, Mumbai",RADIO DIAGNOSIS,"₹1,05,500*","₹1,00,800",1*,"₹25,00,000*",614,692(1),692(1),692(1),692(1),692(1),-,-,-,-,-,-,-,-,-
MAHA-Govt Quota,NT3,Maharashtra,"Seth GS, Mumbai",GENERAL SURGERY,"₹1,43,300*","₹92,522",1,"₹50,00,000",2250,694(1),694(1),694(1),694(1),694(1),-,-,-,-,-,-,-,-,-
MAHA-Govt Quota,VJ,Maharashtra,"Govt Med Coll, Nanded",DERMATOLOGY,"₹1,43,300*","₹92,522",1,"₹50,00,000",750,638(1),706(1),706(1),706(1),706(1),-,-,-,-,-,-,-,-,-
MAHA-Govt Quota,OPEN,Maharashtra,"Lokmanya Tilak, Sion, Mumbai",ENT,"₹1,43,300*","₹92,522",1,"₹50,00,000",1462,572(1),709(1),709(1),709(1),709(1),-,-,-,-,-,-,-,-,-
MAHA-Govt Quota,EWS,Maharashtra,"BJMC, Pune",OBG,"₹1,43,300*","₹92,522",1,"₹50,00,000",1296,310(1),727(1),727(1),727(1),727(1),-,-,-,-,-,-,-,-,-
MAHA-Govt Quota,VJ,Maharashtra,"Lokmanya Tilak, Sion, Mumbai",GENERAL SURGERY,"₹1,43,300*","₹92,522",1,"₹50,00,000",1462,728(1),728(1),728(1),728(1),728(1),-,-,-,-,-,-,-,-,-
MAHA-Govt Quota,NT2,Maharashtra,"Panjabrao Deshmukh, Amravati",RADIO DIAGNOSIS,"₹11,90,000*","₹76,429",0,₹0,760,437(1),630(1),734(1),734(1),734(1),-,-,-,-,-,-,-,-,-
MAHA-Govt Quota,EWS-PH,Maharashtra,"Govt Med Coll, Nagpur",GENERAL SURGERY,"₹1,43,300*","₹92,522",1,"₹50,00,000",1866,-,-,737(1),737(1),737(1),-,-,-,-,-,-,-,-,-
MAHA-Govt Quota,NT1,Maharashtra,"Grant Med Coll, Mumbai",DERMATOLOGY,"₹1,43,300*","₹92,522",1,"₹50,00,000",2844,746(1),746(1),746(1),746(1),746(1),-,-,-,-,-,-,-,-,-
MAHA-Govt Quota,EWS,Maharashtra,"Seth GS, Mumbai",ORTHOPAEDICS,"₹1,43,300*","₹92,522",1,"₹50,00,000",2250,282(1),464(1),747(1),747(1),747(1),-,-,-,-,-,-,-,-,-
MAHA-Govt Quota,OPEN,Maharashtra,"VMMC, Solapur",GENERAL SURGERY,"₹1,43,300*","₹92,522",1,"₹50,00,000",763,281(1),460(1),748(1),748(1),748(1),-,-,-,-,-,-,-,-,-
MAHA-Govt Quota,OPEN-PH,Maharashtra,"Indira Gandhi MedColl, Nagpur",ORTHOPAEDICS,"₹1,43,300*","₹92,522",1,"₹50,00,000",822,-,-,764(1),764(1),764(1),-,-,-,-,-,-,-,-,-
MAHA-Govt Quota,OBC,Maharashtra,"Kashibai Navale, Pune",DERMATOLOGY,"₹12,94,000*","₹76,429",0,₹0,1094,426(1),426(1),771(1),771(1),771(1),-,-,-,-,-,-,-,-,-
MAHA-Govt Quota,NT1,Maharashtra,"Bombay Hospital IMS, Mumbai",RADIO DIAGNOSIS,"₹8,92,858*","₹70,000",0,₹0,725,772(1),772(1),772(1),772(1),772(1),-,-,-,-,-,-,-,-,-
MAHA-Govt Quota,OBC,Maharashtra,"BKL Walawalkar, Ratnagiri",GENERAL MEDICINE,"₹9,67,000*","₹62,000",0,₹0,520,783(1),784(1),784(1),784(1),784(1),-,-,-,-,-,-,-,-,-
MAHA-Govt Quota,NT3,Maharashtra,"Seth GS, Mumbai",RADIO DIAGNOSIS,"₹1,43,300*","₹92,522",1,"₹50,00,000",2250,112(1),149(1),149(1),786(1),786(1),-,-,-,-,-,-,-,-,-
MAHA-Govt Quota,EWS,Maharashtra,"MGIMS, Wardha",DERMATOLOGY,"₹1,43,300*","₹89,698",1,"₹50,00,000",1000,218(1),597(1),795(1),795(1),795(1),-,-,-,-,-,-,-,-,-
MAHA-Govt Quota,OPEN,Maharashtra,"KJ Somaiyya, Mumbai",OBG,"₹12,00,000*","₹64,000",0,₹0,550,799(1),799(1),799(1),799(1),799(1),-,-,-,-,-,-,-,-,-
MAHA-Govt Quota,OBC,Maharashtra,"Lokmanya Tilak, Sion, Mumbai",ORTHOPAEDICS,"₹1,43,300*","₹92,522",1,"₹50,00,000",1462,330(1),742(1),804(1),804(1),804(1),-,-,-,-,-,-,-,-,-
MAHA-Govt Quota,NT3,Maharashtra,"BJMC, Pune",OBG,"₹1,43,300*","₹92,522",1,"₹50,00,000",1296,807(1),807(1),807(1),807(1),807(1),-,-,-,-,-,-,-,-,-
MAHA-Govt Quota,NT2,Maharashtra,"Indira Gandhi MedColl, Nagpur",OBG,"₹1,43,300*","₹92,522",1,"₹50,00,000",822,507(1),809(1),809(1),809(1),809(1),-,-,-,-,-,-,-,-,-
MAHA-Govt Quota,OBC-PH,Maharashtra,"Grant Med Coll, Mumbai",OBG,"₹1,43,300*","₹92,522",1,"₹50,00,000",2844,-,-,814(1),814(1),814(1),-,-,-,-,-,-,-,-,-
MAHA-Govt Quota,NT1,Maharashtra,"Govt Med Coll, Chandrapur",GENERAL MEDICINE,"₹1,43,300*","₹92,522",1,"₹50,00,000",650,351(1),351(1),818(1),818(1),818(1),-,-,-,-,-,-,-,-,-
MAHA-Govt Quota,NT1,Maharashtra,"Seth GS, Mumbai",ORTHOPAEDICS,"₹1,43,300*","₹92,522",1,"₹50,00,000",2250,821(1),821(1),821(1),821(1),821(1),-,-,-,-,-,-,-,-,-
MAHA-Govt Quota,SC,Maharashtra,"VMMC, Solapur",RADIO DIAGNOSIS,"₹1,43,300*","₹92,522",1,"₹50,00,000",763,823(1),823(1),823(1),823(1),823(1),-,-,-,-,-,-,-,-,-
MAHA-Govt Quota,SC,Maharashtra,"Indira Gandhi MedColl, Nagpur",RADIO DIAGNOSIS,"₹1,43,300*","₹92,522",1,"₹50,00,000",822,688(1),830(1),830(1),830(1),830(1),-,-,-,-,-,-,-,-,-
MAHA-Govt Quota,OBC,Maharashtra,"Indira Gandhi MedColl, Nagpur",TBRD,"₹1,43,300*","₹92,522",1,"₹50,00,000",822,585(1),834(1),834(1),834(1),834(1),-,-,-,-,-,-,-,-,-
MAHA-Govt Quota,SC,Maharashtra,"Govt Med Coll, Akola",RADIO DIAGNOSIS,"₹1,43,300*","₹92,522",1,"₹50,00,000",840,800(1),838(1),838(1),838(1),838(1),-,-,-,-,-,-,-,-,-
MAHA-Govt Quota,OBC,Maharashtra,"Ulhas Patil Med Coll, Jalgaon",RADIO DIAGNOSIS,"₹9,00,000*","₹52,769",0,₹0,500,846(1),846(1),846(1),846(1),846(1),-,-,-,-,-,-,-,-,-
MAHA-Govt Quota,OPEN,Maharashtra,"Pimpri Chinchwad, Pimpri",ORTHOPAEDICS,"₹1,43,300*","₹92,522",1,"₹50,00,000",750,308(1),528(1),850(1),850(1),850(1),-,-,-,-,-,-,-,-,-
MAHA-Govt Quota,OPEN,Maharashtra,"Lokmanya Tilak, Sion, Mumbai",DDVL,"₹1,43,300*","₹92,522",1,"₹50,00,000",1462,614(1),859(1),859(1),859(1),859(1),-,-,-,-,-,-,-,-,-
MAHA-Govt Quota,EWS,Maharashtra,"VMMC, Solapur",GENERAL SURGERY,"₹1,43,300*","₹92,522",1,"₹50,00,000",763,598(1),730(1),867(1),867(1),867(1),-,-,-,-,-,-,-,-,-
MAHA-Govt Quota,NT3,Maharashtra,"Govt Med Coll, Aurangabad",PAEDIATRICS,"₹1,43,300*","₹92,522",1,"₹50,00,000",1177,468(1),579(1),875(1),875(1),875(1),-,-,-,-,-,-,-,-,-
MAHA-Govt Quota,OPEN-Orphan,Maharashtra,"Govt Med Coll, Miraj",OBG,"₹1,43,300*","₹92,522",1,"₹50,00,000",725,-,-,883(1),883(1),883(1),-,-,-,-,-,-,-,-,-
MAHA-Govt Quota,OBC,Maharashtra,"Ashwini Rural, Solapur",RADIO DIAGNOSIS,"₹11,81,000*","₹65,000",0,₹0,520,657(1),891(1),891(1),891(1),891(1),-,-,-,-,-,-,-,-,-
MAHA-Govt Quota,NT1,Maharashtra,"SMBT IMS, Nashik",GENERAL MEDICINE,"₹15,16,000*","₹60,000",0,₹0,850,892(1),892(1),892(1),892(1),892(1),-,-,-,-,-,-,-,-,-
MAHA-Govt Quota,OBC,Maharashtra,"Grant Med Coll, Mumbai",PAEDIATRICS,"₹1,43,300*","₹92,522",1,"₹50,00,000",2844,392(1),467(1),906(1),906(1),906(1),-,-,-,-,-,-,-,-,-
MAHA-Govt Quota,NT2-PH,Maharashtra,"Seth GS, Mumbai",OBG,"₹1,43,300*","₹92,522",1,"₹50,00,000",2250,-,-,912(1),912(1),912(1),-,-,-,-,-,-,-,-,-
MAHA-Govt Quota,VJ,Maharashtra,"Govt Med Coll, Miraj",OBG,"₹1,43,300*","₹92,522",1,"₹50,00,000",725,721(1),917(1),917(1),917(1),917(1),-,-,-,-,-,-,-,-,-
MAHA-Govt Quota,OPEN-Orphan,Maharashtra,"Seth GS, Mumbai",ANAESTHESIOLOGY,"₹1,43,300*","₹92,522",1,"₹50,00,000",2250,-,-,918(1),918(1),918(1),-,-,-,-,-,-,-,-,-
MAHA-Govt Quota,OBC,Maharashtra,"Ulhas Patil Med Coll, Jalgaon",GENERAL MEDICINE,"₹9,00,000*","₹52,769",0,₹0,500,576(1),669(1),926(1),926(1),926(1),-,-,-,-,-,-,-,-,-
MAHA-Govt Quota,OBC,Maharashtra,"Topiwala, Mumbai",PAEDIATRICS,"₹1,43,300*","₹92,522",1,"₹50,00,000",1300,382(1),427(1),928(1),928(1),928(1),-,-,-,-,-,-,-,-,-
MAHA-Govt Quota,OPEN,Maharashtra,"BJMC, Pune",ENT,"₹1,43,300*","₹92,522",1,"₹50,00,000",1296,606(1),930(1),930(1),930(1),930(1),-,-,-,-,-,-,-,-,-
MAHA-Govt Quota,OPEN,Maharashtra,"ACPM, Dhule",DERMATOLOGY,"₹10,74,000*","₹50,000",0,₹0,570,-,936(1),936(1),936(1),936(1),-,-,-,-,-,-,-,-,-
MAHA-Govt Quota,OPEN,Maharashtra,"BJMC, Pune",PSYCHIATRY,"₹1,43,300*","₹92,522",1,"₹50,00,000",1296,795(1),875(1),938(1),938(1),938(1),-,-,-,-,-,-,-,-,-
MAHA-Govt Quota,OPEN,Maharashtra,"Rajarshee CSM Govt MC,Kolhapur",PAEDIATRICS,"₹1,43,300*","₹92,522",1,"₹50,00,000",665,288(1),500(1),956(1),956(1),956(1),-,-,-,-,-,-,-,-,-
MAHA-Govt Quota,EWS,Maharashtra,"Tata Memorial, Mumbai",NUCLEAR MEDICINE,"₹1,05,500*","₹1,00,800",1*,"₹25,00,000*",614,542(1),703(1),960(1),960(1),960(1),-,-,-,-,-,-,-,-,-
MAHA-Govt Quota,EWS,Maharashtra,"Lokmanya Tilak, Sion, Mumbai",PAEDIATRICS,"₹1,43,300*","₹92,522",1,"₹50,00,000",1462,231(1),295(1),961(1),961(1),961(1),-,-,-,-,-,-,-,-,-
MAHA-Govt Quota,OPEN,Maharashtra,"Govt Med Coll, Aurangabad",GERIATRICS,"₹1,43,300*","₹92,522",1,"₹50,00,000",1177,978(1),978(1),978(1),978(1),978(1),-,-,-,-,-,-,-,-,-
MAHA-Govt Quota,OPEN,Maharashtra,"MGIMS, Wardha",ORTHOPAEDICS,"₹1,43,300*","₹89,698",1,"₹50,00,000",1000,320(1),764(1),986(1),986(1),986(1),-,-,-,-,-,-,-,-,-
MAHA-Govt Quota,NT1,Maharashtra,"Topiwala, Mumbai",PSYCHIATRY,"₹1,43,300*","₹92,522",1,"₹50,00,000",1300,1002(1),1002(1),1002(1),1002(1),1002(1),-,-,-,-,-,-,-,-,-
MAHA-Govt Quota,OPEN,Maharashtra,"Govt Med Coll, Miraj",PAEDIATRICS,"₹1,43,300*","₹92,522",1,"₹50,00,000",725,312(2),590(2),1006(2),1006(2),1006(2),-,-,-,-,-,-,-,-,-
MAHA-Govt Quota,NT3,Maharashtra,"Grant Med Coll, Mumbai",OBG,"₹1,43,300*","₹92,522",1,"₹50,00,000",2844,700(1),1024(1),1024(1),1024(1),1024(1),-,-,-,-,-,-,-,-,-
MAHA-Govt Quota,OBC,Maharashtra,"Pimpri Chinchwad, Pimpri",PAEDIATRICS,"₹1,43,300*","₹92,522",1,"₹50,00,000",750,396(1),527(1),1026(1),1026(1),1026(1),-,-,-,-,-,-,-,-,-
MAHA-Govt Quota,SC,Maharashtra,"Govt Med Coll, Jalgaon",RADIO DIAGNOSIS,"₹1,43,300*","₹92,522",1,"₹50,00,000",441,830(1),1034(1),1034(1),1034(1),1034(1),-,-,-,-,-,-,-,-,-
MAHA-Govt Quota,NT3,Maharashtra,"Grant Med Coll, Mumbai",GENERAL SURGERY,"₹1,43,300*","₹92,522",1,"₹50,00,000",2844,477(1),1035(1),1035(1),1035(1),1035(1),-,-,-,-,-,-,-,-,-
MAHA-Govt Quota,OPEN,Maharashtra,"Govt Med Coll, Nanded",TBRD,"₹1,43,300*","₹92,522",1,"₹50,00,000",750,-,1038(1),1038(1),1038(1),1038(1),-,-,-,-,-,-,-,-,-
MAHA-Govt Quota,OPEN,Maharashtra,"SMBT IMS, Nashik",RADIO DIAGNOSIS,"₹15,16,000*","₹60,000",0,₹0,850,454(1),616(1),645(1),1040(1),1040(1),-,-,-,-,-,-,-,-,-
MAHA-Govt Quota,OPEN,Maharashtra,"MIMSR, Latur",DERMATOLOGY,"₹7,82,607*","₹76,249",0,₹0,775,510(1),646(1),1041(1),1041(1),1041(1),-,-,-,-,-,-,-,-,-
MAHA-Govt Quota,OPEN-PH,Maharashtra,"MPGIMER, Nashik",GENERAL SURGERY,"₹1,43,300*","₹92,522",1,"₹50,00,000",-,-,-,1042(1),1042(1),1042(1),-,-,-,-,-,-,-,-,-
MAHA-Govt Quota,OBC-PH,Maharashtra,"VMMC, Solapur",PAEDIATRICS,"₹1,43,300*","₹92,522",1,"₹50,00,000",763,-,-,1050(1),1050(1),1050(1),-,-,-,-,-,-,-,-,-
MAHA-Govt Quota,NT1,Maharashtra,"Seth GS, Mumbai",GENERAL SURGERY,"₹1,43,300*","₹92,522",1,"₹50,00,000",2250,1074(1),1074(1),1074(1),1074(1),1074(1),-,-,-,-,-,-,-,-,-
MAHA-Govt Quota,NT3,Maharashtra,"Govt Med Coll, Miraj",PAEDIATRICS,"₹1,43,300*","₹92,522",1,"₹50,00,000",725,579(1),675(1),1080(1),1080(1),1080(1),-,-,-,-,-,-,-,-,-
MAHA-Govt Quota,OPEN,Maharashtra,"Govt Med Coll, Nanded",PAEDIATRICS,"₹1,43,300*","₹92,522",1,"₹50,00,000",750,369(1),585(1),1093(1),1093(1),1093(1),-,-,-,-,-,-,-,-,-
MAHA-Govt Quota,OPEN,Maharashtra,"Govt Med Coll, Chandrapur",OBG,"₹1,43,300*","₹92,522",1,"₹50,00,000",650,594(1),787(1),1096(1),1096(1),1096(1),-,-,-,-,-,-,-,-,-
MAHA-Govt Quota,NT1,Maharashtra,"MGIMS, Wardha",PAEDIATRICS,"₹1,43,300*","₹89,698",1,"₹50,00,000",1000,903(1),903(1),1101(1),1101(1),1101(1),-,-,-,-,-,-,-,-,-
MAHA-Govt Quota,OBC,Maharashtra,"MGIMS, Wardha",OBG,"₹1,43,300*","₹89,698",1,"₹50,00,000",1000,643(1),792(1),1106(1),1106(1),1106(1),-,-,-,-,-,-,-,-,-
MAHA-Govt Quota,EWS,Maharashtra,"Seth GS, Mumbai",PSYCHIATRY,"₹1,43,300*","₹92,522",1,"₹50,00,000",2250,303(1),1112(1),1112(1),1112(1),1112(1),-,-,-,-,-,-,-,-,-
MAHA-Govt Quota,VJ,Maharashtra,"MPGIMER, Nashik",GENERAL MEDICINE,"₹1,43,300*","₹92,522",1,"₹50,00,000",-,322(1),322(1),1120(1),1120(1),1120(1),-,-,-,-,-,-,-,-,-
MAHA-Govt Quota,OPEN,Maharashtra,"Govt Med Coll, Nanded",ORTHOPAEDICS,"₹1,43,300*","₹92,522",1,"₹50,00,000",750,424(1),756(1),1127(1),1127(1),1127(1),-,-,-,-,-,-,-,-,-
MAHA-Govt Quota,OPEN,Maharashtra,"Grant Med Coll, Mumbai",TBRD,"₹1,43,300*","₹92,522",1,"₹50,00,000",2844,533(1),132(1),1138(1),1138(1),1138(1),-,-,-,-,-,-,-,-,-
MAHA-Govt Quota,NT3,Maharashtra,"Govt Med Coll, Nanded",TBRD,"₹1,43,300*","₹92,522",1,"₹50,00,000",750,-,1167(1),1167(1),1167(1),1167(1),-,-,-,-,-,-,-,-,-
MAHA-Govt Quota,OPEN,Maharashtra,"Pimpri Chinchwad, Pimpri",ENT,"₹1,43,300*","₹92,522",1,"₹50,00,000",750,618(1),900(1),1176(1),1176(1),1176(1),-,-,-,-,-,-,-,-,-
MAHA-Govt Quota,OPEN,Maharashtra,"Sri Bhausaheb, Dhule",PAEDIATRICS,"₹1,43,300*","₹92,522",1,"₹50,00,000",545,463(1),668(1),1179(1),1179(1),1179(1),-,-,-,-,-,-,-,-,-
MAHA-Govt Quota,NT2,Maharashtra,"Govt Med Coll, Aurangabad",GENERAL SURGERY,"₹1,43,300*","₹92,522",1,"₹50,00,000",1177,967(1),1183(1),1183(1),1183(1),1183(1),-,-,-,-,-,-,-,-,-
MAHA-Govt Quota,OPEN,Maharashtra,"Govt Med Coll, Nagpur",PSYCHIATRY,"₹1,43,300*","₹92,522",1,"₹50,00,000",1866,916(1),916(1),1186(1),1186(1),1186(1),-,-,-,-,-,-,-,-,-
MAHA-Govt Quota,NT1-PH,Maharashtra,"Govt Med Coll, Aurangabad",OBG,"₹1,43,300*","₹92,522",1,"₹50,00,000",1177,-,-,1188(1),1188(1),1188(1),-,-,-,-,-,-,-,-,-
MAHA-Govt Quota,NT2,Maharashtra,"ACPM, Dhule",GENERAL MEDICINE,"₹10,74,000*","₹50,000",0,₹0,570,1192(1),1192(1),1192(1),1192(1),1192(1),-,-,-,-,-,-,-,-,-
MAHA-Govt Quota,OPEN,Maharashtra,"Govt Med Coll, Jalgaon",OBG,"₹1,43,300*","₹92,522",1,"₹50,00,000",441,577(1),791(1),1211(1),1211(1),1211(1),-,-,-,-,-,-,-,-,-
MAHA-Govt Quota,EWS,Maharashtra,"Govt Med Coll, Latur",OBG,"₹1,43,300*","₹92,522",1,"₹50,00,000",750,730(1),802(1),1213(1),1213(1),1213(1),-,-,-,-,-,-,-,-,-
MAHA-Govt Quota,OPEN,Maharashtra,"Pimpri Chinchwad, Pimpri",OPHTHALMOLOGY,"₹1,43,300*","₹92,522",1,"₹50,00,000",750,538(1),719(1),1229(1),1229(1),1229(1),-,-,-,-,-,-,-,-,-
MAHA-Govt Quota,SC,Maharashtra,"Topiwala, Mumbai",ORTHOPAEDICS,"₹1,43,300*","₹92,522",1,"₹50,00,000",1300,1230(1),1230(1),1230(1),1230(1),1230(1),-,-,-,-,-,-,-,-,-
MAHA-Govt Quota,OPEN,Maharashtra,"Govt Med Coll, Gondia",OBG,"₹1,43,300*","₹92,522",1,"₹50,00,000",500,566(1),765(1),1230(1),1230(1),1230(1),-,-,-,-,-,-,-,-,-
MAHA-Govt Quota,NT2,Maharashtra,"Grant Med Coll, Mumbai",TBRD,"₹1,43,300*","₹92,522",1,"₹50,00,000",2844,630(1),1234(1),1234(1),1234(1),1234(1),-,-,-,-,-,-,-,-,-
MAHA-Govt Quota,NT1-PH,Maharashtra,"Lokmanya Tilak, Sion, Mumbai",GENERAL SURGERY,"₹1,43,300*","₹92,522",1,"₹50,00,000",1462,-,-,1239(1),1239(1),1239(1),-,-,-,-,-,-,-,-,-
MAHA-Govt Quota,NT2,Maharashtra,"Govt Med Coll, Nagpur",ORTHOPAEDICS,"₹1,43,300*","₹92,522",1,"₹50,00,000",1866,631(1),631(1),1244(1),1244(1),1244(1),-,-,-,-,-,-,-,-,-
MAHA-Govt Quota,EWS,Maharashtra,"Grant Med Coll, Mumbai",ORTHOPAEDICS,"₹1,43,300*","₹92,522",1,"₹50,00,000",2844,464(1),556(1),1253(1),1253(1),1253(1),-,-,-,-,-,-,-,-,-
MAHA-Govt Quota,OPEN,Maharashtra,"SMBT IMS, Nashik",DERMATOLOGY,"₹15,16,000*","₹60,000",0,₹0,850,608(1),621(1),1257(1),1257(1),1257(1),-,-,-,-,-,-,-,-,-
MAHA-Govt Quota,EWS,Maharashtra,"Indira Gandhi MedColl, Nagpur",PAEDIATRICS,"₹1,43,300*","₹92,522",1,"₹50,00,000",822,491(1),659(1),1267(1),1267(1),1267(1),-,-,-,-,-,-,-,-,-
MAHA-Govt Quota,OPEN,Maharashtra,"Rajarshee CSM Govt MC,Kolhapur",TBRD,"₹1,43,300*","₹92,522",1,"₹50,00,000",665,619(1),931(1),1271(1),1271(1),1271(1),-,-,-,-,-,-,-,-,-
MAHA-Govt Quota,OBC,Maharashtra,"MPGIMER, Nashik",OBG,"₹1,43,300*","₹92,522",1,"₹50,00,000",-,623(1),837(1),1273(1),1273(1),1273(1),-,-,-,-,-,-,-,-,-
MAHA-Govt Quota,OBC,Maharashtra,"Govt Med Coll, Akola",PAEDIATRICS,"₹1,43,300*","₹92,522",1,"₹50,00,000",840,508(1),661(1),1276(1),1276(1),1276(1),-,-,-,-,-,-,-,-,-
MAHA-Govt Quota,OPEN,Maharashtra,"Govt Med Coll, Latur",ORTHOPAEDICS,"₹1,43,300*","₹92,522",1,"₹50,00,000",750,482(1),850(1),1282(1),1282(1),1282(1),-,-,-,-,-,-,-,-,-
MAHA-Govt Quota,OPEN,Maharashtra,"BJMC, Pune",EMERGENCY MEDICINE,"₹1,43,300*","₹92,522",1,"₹50,00,000",1296,859(1),963(1),1286(1),1286(1),1286(1),-,-,-,-,-,-,-,-,-
MAHA-Govt Quota,OPEN,Maharashtra,"PGI of Swasthiyog, Miraj",ORTHOPAEDICS,"₹9,50,000*","₹64,500",0,₹0,110,1291(1),1293(1),1293(1),1293(1),1293(1),-,-,-,-,-,-,-,-,-
MAHA-Govt Quota,SC,Maharashtra,"Lokmanya Tilak, Sion, Mumbai",DMRD,"₹1,43,300*","₹92,522",1,"₹50,00,000",1462,838(1),1053(1),1298(1),1298(1),1298(1),-,-,-,-,-,-,-,-,-
MAHA-Govt Quota,NT3,Maharashtra,"BJMC, Pune",ORTHOPAEDICS,"₹1,43,300*","₹92,522",1,"₹50,00,000",1296,450(1),876(1),1304(1),1304(1),1304(1),-,-,-,-,-,-,-,-,-
MAHA-Govt Quota,EWS,Maharashtra,"Govt Med Coll, Miraj",PAEDIATRICS,"₹1,43,300*","₹92,522",1,"₹50,00,000",725,395(1),683(1),1310(1),1310(1),1310(1),-,-,-,-,-,-,-,-,-
MAHA-Govt Quota,EWS-PH,Maharashtra,"VMMC, Solapur",OBG,"₹1,43,300*","₹92,522",1,"₹50,00,000",763,-,-,1320(1),1320(1),1320(1),-,-,-,-,-,-,-,-,-
MAHA-Govt Quota,NT2,Maharashtra,"Govt Med Coll, Miraj",OBG,"₹1,43,300*","₹92,522",1,"₹50,00,000",725,656(1),912(1),1330(1),1330(1),1330(1),-,-,-,-,-,-,-,-,-
MAHA-Govt Quota,OBC,Maharashtra,"Topiwala, Mumbai",GENERAL SURGERY,"₹1,43,300*","₹92,522",1,"₹50,00,000",1300,425(1),425(1),1332(1),1332(1),1332(1),-,-,-,-,-,-,-,-,-
MAHA-Govt Quota,SC,Maharashtra,"Pimpri Chinchwad, Pimpri",GENERAL MEDICINE,"₹1,43,300*","₹92,522",1,"₹50,00,000",750,1336(1),1336(1),1336(1),1336(1),1336(1),-,-,-,-,-,-,-,-,-
MAHA-Govt Quota,OPEN,Maharashtra,"Govt Med Coll, Aurangabad",PSYCHIATRY,"₹1,43,300*","₹92,522",1,"₹50,00,000",1177,988(1),988(1),1338(1),1338(1),1338(1),-,-,-,-,-,-,-,-,-
MAHA-Govt Quota,OBC,Maharashtra,"NKP Salve IMS, Nagpur",DERMATOLOGY,"₹9,00,000*","₹64,551",0,₹0,1272,726(1),771(1),1341(1),1341(1),1341(1),-,-,-,-,-,-,-,-,-
MAHA-Govt Quota,EWS,Maharashtra,"MPGIMER, Nashik",EMERGENCY MEDICINE,"₹1,43,300*","₹92,522",1,"₹50,00,000",-,984(1),1356(1),1356(1),1356(1),1356(1),-,-,-,-,-,-,-,-,-
MAHA-Govt Quota,EWS,Maharashtra,"Govt Med Coll, Aurangabad",OBG,"₹1,43,300*","₹92,522",1,"₹50,00,000",1177,548(1),592(1),1359(1),1359(1),1359(1),-,-,-,-,-,-,-,-,-
MAHA-Govt Quota,OPEN,Maharashtra,"Shri VR Naik Govt, Yavatmal",TBRD,"₹1,43,300*","₹92,522",1,"₹50,00,000",756,731(1),1041(1),1369(1),1369(1),1369(1),-,-,-,-,-,-,-,-,-
MAHA-Govt Quota,ST,Maharashtra,"Govt Med Coll, Aurangabad",OBG,"₹1,43,300*","₹92,522",1,"₹50,00,000",1177,1370(1),1370(1),1370(1),1370(1),1370(1),-,-,-,-,-,-,-,-,-
MAHA-Govt Quota,OBC,Maharashtra,"MIMSR, Latur",DERMATOLOGY,"₹7,82,607*","₹76,249",0,₹0,775,889(1),1021(1),1380(1),1380(1),1380(1),-,-,-,-,-,-,-,-,-
MAHA-Govt Quota,NT2,Maharashtra,"Shri VR Naik Govt, Yavatmal",PAEDIATRICS,"₹1,43,300*","₹92,522",1,"₹50,00,000",756,912(1),1244(1),1382(1),1382(1),1382(1),-,-,-,-,-,-,-,-,-
MAHA-Govt Quota,SC,Maharashtra,"Sri Bhausaheb, Dhule",GENERAL MEDICINE,"₹1,43,300*","₹92,522",1,"₹50,00,000",545,1385(1),1385(1),1385(1),1385(1),1385(1),-,-,-,-,-,-,-,-,-
MAHA-Govt Quota,VJ,Maharashtra,"Rajarshee CSM Govt MC,Kolhapur",PAEDIATRICS,"₹1,43,300*","₹92,522",1,"₹50,00,000",665,717(1),717(1),1387(1),1387(1),1387(1),-,-,-,-,-,-,-,-,-
MAHA-Govt Quota,NT2,Maharashtra,"SRTT, Ambajogai",ORTHOPAEDICS,"₹1,43,300*","₹92,522",1,"₹50,00,000",518,924(1),924(1),1389(1),1389(1),1389(1),-,-,-,-,-,-,-,-,-
MAHA-Govt Quota,VJ,Maharashtra,"Kashibai Navale, Pune",GENERAL MEDICINE,"₹12,94,000*","₹76,429",0,₹0,1094,1393(1),1393(1),1393(1),1393(1),1393(1),-,-,-,-,-,-,-,-,-
MAHA-Govt Quota,OPEN,Maharashtra,"Vasantrao Pawar, Nasik",OBG,"₹9,00,000*","₹69,105",0,₹0,1000,904(1),1069(1),1395(1),1395(1),1395(1),-,-,-,-,-,-,-,-,-
MAHA-Govt Quota,SC,Maharashtra,"Rajarshee CSM Govt MC,Kolhapur",GENERAL MEDICINE,"₹1,43,300*","₹92,522",1,"₹50,00,000",665,1160(1),1401(1),1401(1),1401(1),1401(1),-,-,-,-,-,-,-,-,-
MAHA-Govt Quota,OBC,Maharashtra,"KJ Somaiyya, Mumbai",PAEDIATRICS,"₹12,00,000*","₹64,000",0,₹0,550,1341(1),1342(1),1406(1),1406(1),1406(1),-,-,-,-,-,-,-,-,-
MAHA-Govt Quota,VJ,Maharashtra,"Lokmanya Tilak, Sion, Mumbai",TBRD,"₹1,43,300*","₹92,522",1,"₹50,00,000",1462,1407(1),1407(1),1407(1),1407(1),1407(1),-,-,-,-,-,-,-,-,-
MAHA-Govt Quota,OBC,Maharashtra,"Rajarshee CSM Govt MC,Kolhapur",ENT,"₹1,43,300*","₹92,522",1,"₹50,00,000",665,1413(1),1413(1),1413(1),1413(1),1413(1),-,-,-,-,-,-,-,-,-
MAHA-Govt Quota,OBC,Maharashtra,"Govt Med Coll, Jalgaon",OBG,"₹1,43,300*","₹92,522",1,"₹50,00,000",441,666(1),866(1),1421(1),1421(1),1421(1),-,-,-,-,-,-,-,-,-
MAHA-Govt Quota,OBC,Maharashtra,"Govt Med Coll, Akola",TBRD,"₹1,43,300*","₹92,522",1,"₹50,00,000",840,602(1),1060(1),1423(1),1423(1),1423(1),-,-,-,-,-,-,-,-,-
MAHA-Govt Quota,OPEN,Maharashtra,"MIMER, Talegaon, Pune",OBG,"₹8,00,000*","₹64,551",0,₹0,720,1065(1),1065(1),1435(1),1435(1),1435(1),-,-,-,-,-,-,-,-,-
MAHA-Govt Quota,EWS,Maharashtra,"Govt Med Coll, Jalgaon",PAEDIATRICS,"₹1,43,300*","₹92,522",1,"₹50,00,000",441,690(1),690(1),1440(1),1440(1),1440(1),-,-,-,-,-,-,-,-,-
MAHA-Govt Quota,OPEN,Maharashtra,"NKP Salve IMS, Nagpur",TBRD,"₹9,00,000*","₹64,551",0,₹0,1272,954(2),1138(2),1443(2),1443(2),1443(2),-,-,-,-,-,-,-,-,-
MAHA-Govt Quota,OPEN,Maharashtra,"Govt Med Coll, Chandrapur",ORTHOPAEDICS,"₹1,43,300*","₹92,522",1,"₹50,00,000",650,581(1),928(1),1450(1),1450(1),1450(1),-,-,-,-,-,-,-,-,-
MAHA-Govt Quota,VJ,Maharashtra,"Vedantaa Inst of MS, Palghar",RADIO DIAGNOSIS,"₹19,32,000*","₹65,000",0,₹0,-,1467(1),1467(1),1467(1),1467(1),1467(1),-,-,-,-,-,-,-,-,-
MAHA-Govt Quota,OBC,Maharashtra,"HBT & RN Cooper, Mumbai",GENERAL SURGERY,"₹1,43,300*","₹92,522",1,"₹50,00,000",940,591(1),981(1),1472(1),1472(1),1472(1),-,-,-,-,-,-,-,-,-
MAHA-Govt Quota,SC,Maharashtra,"Govt Med Coll, Latur",DERMATOLOGY,"₹1,43,300*","₹92,522",1,"₹50,00,000",750,554(1),1478(1),1478(1),1478(1),1478(1),-,-,-,-,-,-,-,-,-
MAHA-Govt Quota,SC,Maharashtra,"Vasantrao Pawar, Nasik",RADIO DIAGNOSIS,"₹9,00,000*","₹69,105",0,₹0,1000,1034(1),1492(1),1492(1),1492(1),1492(1),-,-,-,-,-,-,-,-,-
MAHA-Govt Quota,EWS,Maharashtra,"Indira Gandhi MedColl, Nagpur",ORTHOPAEDICS,"₹1,43,300*","₹92,522",1,"₹50,00,000",822,509(1),747(1),1495(1),1495(1),1495(1),-,-,-,-,-,-,-,-,-
MAHA-Govt Quota,SC,Maharashtra,"Kashibai Navale, Pune",RADIO DIAGNOSIS,"₹12,94,000*","₹76,429",0,₹0,1094,1492(1),1498(1),1498(1),1498(1),1498(1),-,-,-,-,-,-,-,-,-
MAHA-Govt Quota,EWS,Maharashtra,"Govt Med Coll, Nagpur",PAEDIATRICS,"₹1,43,300*","₹92,522",1,"₹50,00,000",1866,448(1),569(1),1245(1),1503(1),1503(1),-,-,-,-,-,-,-,-,-
MAHA-Govt Quota,NT1,Maharashtra,"Sri Bhausaheb, Dhule",OBG,"₹1,43,300*","₹92,522",1,"₹50,00,000",545,818(1),818(1),1504(1),1504(1),1504(1),-,-,-,-,-,-,-,-,-
MAHA-Govt Quota,VJ,Maharashtra,"HBT & RN Cooper, Mumbai",ORTHOPAEDICS,"₹1,43,300*","₹92,522",1,"₹50,00,000",940,706(1),778(1),1544(1),1544(1),1544(1),-,-,-,-,-,-,-,-,-
MAHA-Govt Quota,VJ,Maharashtra,"Panjabrao Deshmukh, Amravati",DERMATOLOGY,"₹11,90,000*","₹76,429",0,₹0,760,1544(1),1547(1),1547(1),1547(1),1547(1),-,-,-,-,-,-,-,-,-
MAHA-Govt Quota,OPEN,Maharashtra,"Ashwini Rural, Solapur",PAEDIATRICS,"₹11,81,000*","₹65,000",0,₹0,520,937(1),1093(1),1553(1),1553(1),1553(1),-,-,-,-,-,-,-,-,-
MAHA-Govt Quota,EWS,Maharashtra,"Govt Med Coll, Miraj",OBG,"₹1,43,300*","₹92,522",1,"₹50,00,000",725,592(1),789(1),1564(1),1564(1),1564(1),-,-,-,-,-,-,-,-,-
MAHA-Govt Quota,NT2,Maharashtra,"Govt Med Coll, Latur",OBG,"₹1,43,300*","₹92,522",1,"₹50,00,000",750,809(1),1330(1),1573(1),1573(1),1573(1),-,-,-,-,-,-,-,-,-
MAHA-Govt Quota,OBC,Maharashtra,"Vasantrao Pawar, Nasik",PAEDIATRICS,"₹9,00,000*","₹69,105",0,₹0,1000,926(1),1146(1),1578(1),1578(1),1578(1),-,-,-,-,-,-,-,-,-
MAHA-Govt Quota,ST,Maharashtra,"Grant Med Coll, Mumbai",RADIO DIAGNOSIS,"₹1,43,300*","₹92,522",1,"₹50,00,000",2844,553(1),1414(1),1579(1),1579(1),1579(1),-,-,-,-,-,-,-,-,-
MAHA-Govt Quota,OBC,Maharashtra,"Bombay Hospital IMS, Mumbai",OBG,"₹8,92,858*","₹70,000",0,₹0,725,865(1),865(1),1589(1),1589(1),1589(1),-,-,-,-,-,-,-,-,-
MAHA-Govt Quota,NT3,Maharashtra,"Lokmanya Tilak, Sion, Mumbai",OPHTHALMOLOGY,"₹1,43,300*","₹92,522",1,"₹50,00,000",1462,1024(1),1080(1),1601(1),1601(1),1601(1),-,-,-,-,-,-,-,-,-
MAHA-Govt Quota,OBC,Maharashtra,"Indira Gandhi MedColl, Nagpur",GENERAL SURGERY,"₹1,43,300*","₹92,522",1,"₹50,00,000",822,461(1),785(1),1604(1),1604(1),1604(1),-,-,-,-,-,-,-,-,-
MAHA-Govt Quota,VJ-PH,Maharashtra,"Grant Med Coll, Mumbai",ORTHOPAEDICS,"₹1,43,300*","₹92,522",1,"₹50,00,000",2844,-,-,1607(1),1607(1),1607(1),-,-,-,-,-,-,-,-,-
MAHA-Govt Quota,NT2,Maharashtra,"Pimpri Chinchwad, Pimpri",GENERAL SURGERY,"₹1,43,300*","₹92,522",1,"₹50,00,000",750,1144(1),1077(1),1608(1),1608(1),1608(1),-,-,-,-,-,-,-,-,-
MAHA-Govt Quota,NT2,Maharashtra,"HBT & RN Cooper, Mumbai",ENT,"₹1,43,300*","₹92,522",1,"₹50,00,000",940,1610(1),1610(1),1610(1),1610(1),1610(1),-,-,-,-,-,-,-,-,-
MAHA-Govt Quota,VJ,Maharashtra,"Govt Med Coll, Nagpur",GENERAL SURGERY,"₹1,43,300*","₹92,522",1,"₹50,00,000",1866,917(1),1544(1),1617(1),1617(1),1617(1),-,-,-,-,-,-,-,-,-
MAHA-Govt Quota,OPEN-Orphan,Maharashtra,"Tata Memorial, Mumbai",ANAESTHESIOLOGY,"₹1,05,500*","₹1,00,800",1*,"₹25,00,000*",614,-,-,1624(1),1624(1),1624(1),-,-,-,-,-,-,-,-,-
MAHA-Govt Quota,VJ,Maharashtra,"Govt Med Coll, Gondia",PAEDIATRICS,"₹1,43,300*","₹92,522",1,"₹50,00,000",500,1120(1),1120(1),1631(1),1631(1),1631(1),-,-,-,-,-,-,-,-,-
MAHA-Govt Quota,OBC,Maharashtra,"Pimpri Chinchwad, Pimpri",ORTHOPAEDICS,"₹1,43,300*","₹92,522",1,"₹50,00,000",750,661(1),864(1),1636(1),1636(1),1636(1),-,-,-,-,-,-,-,-,-
MAHA-Govt Quota,OBC,Maharashtra,"BJMC, Pune",OPHTHALMOLOGY,"₹1,43,300*","₹92,522",1,"₹50,00,000",1296,677(1),677(1),1640(1),1640(1),1640(1),-,-,-,-,-,-,-,-,-
MAHA-Govt Quota,SC,Maharashtra,"Tata Memorial, Mumbai",NUCLEAR MEDICINE,"₹1,05,500*","₹1,00,800",1*,"₹25,00,000*",614,1651(1),1651(1),1651(1),1651(1),1651(1),-,-,-,-,-,-,-,-,-
MAHA-Govt Quota,NT1,Maharashtra,"MPGIMER, Nashik",ORTHOPAEDICS,"₹1,43,300*","₹92,522",1,"₹50,00,000",-,1206(1),1206(1),1656(1),1656(1),1656(1),-,-,-,-,-,-,-,-,-
MAHA-Govt Quota,OPEN,Maharashtra,"Panjabrao Deshmukh, Amravati",PAEDIATRICS,"₹11,90,000*","₹76,429",0,₹0,760,856(1),794(1),1669(1),1669(1),1669(1),-,-,-,-,-,-,-,-,-
MAHA-Govt Quota,EWS,Maharashtra,"HBT & RN Cooper, Mumbai",OPHTHALMOLOGY,"₹1,43,300*","₹92,522",1,"₹50,00,000",940,1075(1),1075(1),1673(1),1673(1),1673(1),-,-,-,-,-,-,-,-,-
MAHA-Govt Quota,OPEN,Maharashtra,"Govt Med Coll, Jalgaon",ORTHOPAEDICS,"₹1,43,300*","₹92,522",1,"₹50,00,000",441,574(1),920(1),1548(1),1683(1),1683(1),-,-,-,-,-,-,-,-,-
MAHA-Govt Quota,OPEN,Maharashtra,"VMMC, Solapur",OPHTHALMOLOGY,"₹1,43,300*","₹92,522",1,"₹50,00,000",763,604(1),752(1),1693(1),1693(1),1693(1),-,-,-,-,-,-,-,-,-
MAHA-Govt Quota,NT2,Maharashtra,"Topiwala, Mumbai",OPHTHALMOLOGY,"₹1,43,300*","₹92,522",1,"₹50,00,000",1300,1234(1),1390(1),1700(1),1700(1),1700(1),-,-,-,-,-,-,-,-,-
MAHA-Govt Quota,NT2,Maharashtra,"NKP Salve IMS, Nagpur",OBG,"₹9,00,000*","₹64,551",0,₹0,1272,1703(1),1703(1),1703(1),1703(1),1703(1),-,-,-,-,-,-,-,-,-
MAHA-Govt Quota,SC,Maharashtra,"Vasantrao Pawar, Nasik",DERMATOLOGY,"₹9,00,000*","₹69,105",0,₹0,1000,1478(1),1706(1),1706(1),1706(1),1706(1),-,-,-,-,-,-,-,-,-
MAHA-Govt Quota,NT2,Maharashtra,"Govt Med Coll, Nanded",GENERAL SURGERY,"₹1,43,300*","₹92,522",1,"₹50,00,000",750,1077(1),1248(1),1708(1),1708(1),1708(1),-,-,-,-,-,-,-,-,-
MAHA-Govt Quota,NT3,Maharashtra,"Vasantrao Pawar, Nasik",OBG,"₹9,00,000*","₹69,105",0,₹0,1000,1158(1),1709(1),1709(1),1709(1),1709(1),-,-,-,-,-,-,-,-,-
MAHA-Govt Quota,OBC,Maharashtra,"ACPM, Dhule",DERMATOLOGY,"₹10,74,000*","₹50,000",0,₹0,570,-,1311(1),1722(1),1722(1),1722(1),-,-,-,-,-,-,-,-,-
MAHA-Govt Quota,NT3,Maharashtra,"MIMSR, Latur",GENERAL MEDICINE,"₹7,82,607*","₹76,249",0,₹0,775,582(1),582(1),1725(1),1725(1),1725(1),-,-,-,-,-,-,-,-,-
MAHA-Govt Quota,OBC,Maharashtra,"Grant Med Coll, Mumbai",PSYCHIATRY,"₹1,43,300*","₹92,522",1,"₹50,00,000",2844,962(1),1306(1),1727(1),1727(1),1727(1),-,-,-,-,-,-,-,-,-
MAHA-Govt Quota,OPEN,Maharashtra,"Panjabrao Deshmukh, Amravati",OBG,"₹11,90,000*","₹76,429",0,₹0,760,1048(1),894(1),1734(1),1734(1),1734(1),-,-,-,-,-,-,-,-,-
MAHA-Govt Quota,VJ,Maharashtra,"Topiwala, Mumbai",OPHTHALMOLOGY,"₹1,43,300*","₹92,522",1,"₹50,00,000",1300,751(1),1607(1),1740(1),1740(1),1740(1),-,-,-,-,-,-,-,-,-
MAHA-Govt Quota,OPEN,Maharashtra,"Lokmanya Tilak, Sion, Mumbai",DCH,"₹1,43,300*","₹92,522",1,"₹50,00,000",1462,1306(1),1428(1),1745(1),1745(1),1745(1),-,-,-,-,-,-,-,-,-
MAHA-Govt Quota,OPEN,Maharashtra,"ACPM, Dhule",OBG,"₹10,74,000*","₹50,000",0,₹0,570,1069(1),1173(1),1753(1),1753(1),1753(1),-,-,-,-,-,-,-,-,-
MAHA-Govt Quota,OPEN,Maharashtra,"Ulhas Patil Med Coll, Jalgaon",TBRD,"₹9,00,000*","₹52,769",0,₹0,500,1040(1),1443(1),1765(1),1765(1),1765(1),-,-,-,-,-,-,-,-,-
MAHA-Govt Quota,OPEN,Maharashtra,"MGIMS, Wardha",PSYCHIATRY,"₹1,43,300*","₹89,698",1,"₹50,00,000",1000,905(1),1186(1),1768(1),1768(1),1768(1),-,-,-,-,-,-,-,-,-
MAHA-Govt Quota,EWS,Maharashtra,"Govt Med Coll, Akola",OBG,"₹1,43,300*","₹92,522",1,"₹50,00,000",840,627(1),627(1),1585(1),1778(1),1778(1),-,-,-,-,-,-,-,-,-
MAHA-Govt Quota,OBC,Maharashtra,"Kashibai Navale, Pune",ORTHOPAEDICS,"₹12,94,000*","₹76,429",0,₹0,1094,1311(1),1671(1),1783(1),1783(1),1783(1),-,-,-,-,-,-,-,-,-
MAHA-Govt Quota,NT1,Maharashtra,"Ashwini Rural, Solapur",OBG,"₹11,81,000*","₹65,000",0,₹0,520,1793(1),1793(1),1793(1),1793(1),1793(1),-,-,-,-,-,-,-,-,-
MAHA-Govt Quota,OPEN,Maharashtra,"Govt Med Coll, Chandrapur",PSYCHIATRY,"₹1,43,300*","₹92,522",1,"₹50,00,000",650,1186(1),1434(1),1796(1),1796(1),1796(1),-,-,-,-,-,-,-,-,-
MAHA-Govt Quota,OPEN,Maharashtra,"Govt Med Coll, Nagpur",RADIATION ONCOLOGY,"₹1,43,300*","₹92,522",1,"₹50,00,000",1866,1032(1),1804(1),1804(1),1804(1),1804(1),-,-,-,-,-,-,-,-,-
MAHA-Govt Quota,EWS,Maharashtra,"Govt Med Coll, Nagpur",TBRD,"₹1,43,300*","₹92,522",1,"₹50,00,000",1866,611(1),961(1),1157(1),1809(1),1809(1),-,-,-,-,-,-,-,-,-
MAHA-Govt Quota,NT1,Maharashtra,"Govt Med Coll, Miraj",EMERGENCY MEDICINE,"₹1,43,300*","₹92,522",1,"₹50,00,000",725,-,1819(1),1819(1),1819(1),1819(1),-,-,-,-,-,-,-,-,-
MAHA-Govt Quota,SC,Maharashtra,"Govt Med Coll, Latur",GENERAL MEDICINE,"₹1,43,300*","₹92,522",1,"₹50,00,000",750,1280(1),1426(1),1824(1),1824(1),1824(1),-,-,-,-,-,-,-,-,-
MAHA-Govt Quota,OPEN,Maharashtra,"Sri Bhausaheb, Dhule",OPHTHALMOLOGY,"₹1,43,300*","₹92,522",1,"₹50,00,000",545,723(1),1214(1),1828(1),1828(1),1828(1),-,-,-,-,-,-,-,-,-
MAHA-Govt Quota,SC,Maharashtra,"Seth GS, Mumbai",TBRD,"₹1,43,300*","₹92,522",1,"₹50,00,000",2250,1837(1),1837(1),1837(1),1837(1),1837(1),-,-,-,-,-,-,-,-,-
MAHA-Govt Quota,SC,Maharashtra,"Lokmanya Tilak, Sion, Mumbai",OBG,"₹1,43,300*","₹92,522",1,"₹50,00,000",1462,1841(2),1841(2),1841(2),1841(2),1841(2),-,-,-,-,-,-,-,-,-
MAHA-Govt Quota,OBC,Maharashtra,"VMMC, Solapur",OPHTHALMOLOGY,"₹1,43,300*","₹92,522",1,"₹50,00,000",763,884(1),1036(1),1844(1),1844(1),1844(1),-,-,-,-,-,-,-,-,-
MAHA-Govt Quota,NT3,Maharashtra,"Tata Memorial, Mumbai",PATHOLOGY,"₹1,05,500*","₹1,00,800",1*,"₹25,00,000*",614,1853(1),1853(1),1853(1),1853(1),1853(1),-,-,-,-,-,-,-,-,-
MAHA-Govt Quota,EWS,Maharashtra,"MPGIMER, Nashik",ORTHOPAEDICS,"₹1,43,300*","₹92,522",1,"₹50,00,000",-,716(1),960(1),1510(1),1855(1),1855(1),-,-,-,-,-,-,-,-,-
MAHA-Govt Quota,OBC,Maharashtra,"Govt Med Coll, Chandrapur",GENERAL SURGERY,"₹1,43,300*","₹92,522",1,"₹50,00,000",650,754(1),1054(1),1862(1),1862(1),1862(1),-,-,-,-,-,-,-,-,-
MAHA-Govt Quota,VJ,Maharashtra,"Shri VR Naik Govt, Yavatmal",GENERAL SURGERY,"₹1,43,300*","₹92,522",1,"₹50,00,000",756,778(1),1617(1),1864(1),1864(1),1864(1),-,-,-,-,-,-,-,-,-
MAHA-Govt Quota,OPEN,Maharashtra,"Rajarshee CSM Govt MC,Kolhapur",OPHTHALMOLOGY,"₹1,43,300*","₹92,522",1,"₹50,00,000",665,605(1),1323(1),1894(1),1894(1),1894(1),-,-,-,-,-,-,-,-,-
MAHA-Govt Quota,VJ,Maharashtra,"Sri Bhausaheb, Dhule",OBG,"₹1,43,300*","₹92,522",1,"₹50,00,000",545,732(1),1387(1),1914(1),1914(1),1914(1),-,-,-,-,-,-,-,-,-
MAHA-Govt Quota,OBC,Maharashtra,"MIMER, Talegaon, Pune",ORTHOPAEDICS,"₹8,00,000*","₹64,551",0,₹0,720,1513(1),1915(1),1915(1),1915(1),1915(1),-,-,-,-,-,-,-,-,-
MAHA-Govt Quota,EWS,Maharashtra,"Govt Med Coll, Nagpur",OPHTHALMOLOGY,"₹1,43,300*","₹92,522",1,"₹50,00,000",1866,848(1),1310(1),1918(1),1918(1),1918(1),-,-,-,-,-,-,-,-,-
MAHA-Govt Quota,OPEN,Maharashtra,"SMBT IMS, Nashik",PAEDIATRICS,"₹15,16,000*","₹60,000",0,₹0,850,936(1),1286(1),1921(1),1921(1),1921(1),-,-,-,-,-,-,-,-,-
MAHA-Govt Quota,OPEN,Maharashtra,"MGIMS, Wardha",OPHTHALMOLOGY,"₹1,43,300*","₹89,698",1,"₹50,00,000",1000,684(1),1276(1),1926(1),1926(1),1926(1),-,-,-,-,-,-,-,-,-
MAHA-Govt Quota,NT3,Maharashtra,"Seth GS, Mumbai",ANAESTHESIOLOGY,"₹1,43,300*","₹92,522",1,"₹50,00,000",2250,1123(1),1231(1),1932(1),1932(1),1932(1),-,-,-,-,-,-,-,-,-
MAHA-Govt Quota,NT1,Maharashtra,"NKP Salve IMS, Nagpur",ORTHOPAEDICS,"₹9,00,000*","₹64,551",0,₹0,1272,1937(1),1937(1),1937(1),1937(1),1937(1),-,-,-,-,-,-,-,-,-
MAHA-Govt Quota,OPEN,Maharashtra,"MIMSR, Latur",OPHTHALMOLOGY,"₹7,82,607*","₹76,249",0,₹0,775,1436(1),1952(1),1952(1),1952(1),1952(1),-,-,-,-,-,-,-,-,-
MAHA-Govt Quota,SC,Maharashtra,"Grant Med Coll, Mumbai",OBG,"₹1,43,300*","₹92,522",1,"₹50,00,000",2844,1802(1),1959(1),1959(1),1959(1),1959(1),-,-,-,-,-,-,-,-,-
MAHA-Govt Quota,OPEN-PH,Maharashtra,"Govt Med Coll, Nagpur",ANAESTHESIOLOGY,"₹1,43,300*","₹92,522",1,"₹50,00,000",1866,-,-,1975(1),1975(1),1975(1),-,-,-,-,-,-,-,-,-
MAHA-Govt Quota,OBC,Maharashtra,"Govt Med Coll, Jalgaon",GENERAL SURGERY,"₹1,43,300*","₹92,522",1,"₹50,00,000",441,866(1),1091(1),1976(1),1976(1),1976(1),-,-,-,-,-,-,-,-,-
MAHA-Govt Quota,OPEN,Maharashtra,"Vedantaa Inst of MS, Palghar",OBG,"₹19,32,000*","₹65,000",0,₹0,-,1147(2),1589(2),1977(2),1977(2),1977(2),-,-,-,-,-,-,-,-,-
MAHA-Govt Quota,OBC,Maharashtra,"Govt Med Coll, Gondia",GENERAL SURGERY,"₹1,43,300*","₹92,522",1,"₹50,00,000",500,863(1),1124(1),1978(1),1978(1),1978(1),-,-,-,-,-,-,-,-,-
MAHA-Govt Quota,ST,Maharashtra,"Topiwala, Mumbai",RADIO DIAGNOSIS,"₹1,43,300*","₹92,522",1,"₹50,00,000",1300,851(1),1579(1),1987(1),1987(1),1987(1),-,-,-,-,-,-,-,-,-
MAHA-Govt Quota,OPEN,Maharashtra,"Shri VR Naik Govt, Yavatmal",OPHTHALMOLOGY,"₹1,43,300*","₹92,522",1,"₹50,00,000",756,654(1),1386(1),1990(1),1990(1),1990(1),-,-,-,-,-,-,-,-,-
MAHA-Govt Quota,NT2,Maharashtra,"Ashwini Rural, Solapur",PAEDIATRICS,"₹11,81,000*","₹65,000",0,₹0,520,1330(1),1602(1),2000(1),2000(1),2000(1),-,-,-,-,-,-,-,-,-
MAHA-Govt Quota,OPEN,Maharashtra,"Govt Med Coll, Latur",ENT,"₹1,43,300*","₹92,522",1,"₹50,00,000",750,901(1),1479(1),2009(1),2009(1),2009(1),-,-,-,-,-,-,-,-,-
MAHA-Govt Quota,ST,Maharashtra,"Govt Med Coll, Miraj",RADIO DIAGNOSIS,"₹1,43,300*","₹92,522",1,"₹50,00,000",725,914(1),1736(1),2012(1),2012(1),2012(1),-,-,-,-,-,-,-,-,-
MAHA-Govt Quota,EWS,Maharashtra,"Indira Gandhi MedColl, Nagpur",OPHTHALMOLOGY,"₹1,43,300*","₹92,522",1,"₹50,00,000",822,1107(1),1334(1),2030(1),2030(1),2030(1),-,-,-,-,-,-,-,-,-
MAHA-Govt Quota,OPEN,Maharashtra,"Panjabrao Deshmukh, Amravati",ORTHOPAEDICS,"₹11,90,000*","₹76,429",0,₹0,760,1237(2),1463(2),2033(2),2033(2),2033(2),-,-,-,-,-,-,-,-,-
MAHA-Govt Quota,OPEN,Maharashtra,"AIIPMR, Mumbai",PMR,"₹1,43,300*","₹1,08,799*",0,₹0,Info Not Available,2001(1),2041(1),2041(1),2041(1),2041(1),-,-,-,-,-,-,-,-,-
MAHA-Govt Quota,OPEN-PH,Maharashtra,"Govt Med Coll, Aurangabad",ANAESTHESIOLOGY,"₹1,43,300*","₹92,522",1,"₹50,00,000",1177,-,-,2042(1),2042(1),2042(1),-,-,-,-,-,-,-,-,-
MAHA-Govt Quota,OPEN,Maharashtra,"NKP Salve IMS, Nagpur",PSYCHIATRY,"₹9,00,000*","₹64,551",0,₹0,1272,1395(2),1996(2),2069(2),2069(2),2069(2),-,-,-,-,-,-,-,-,-
MAHA-Govt Quota,NT3,Maharashtra,"Topiwala, Mumbai",ANAESTHESIOLOGY,"₹1,43,300*","₹92,522",1,"₹50,00,000",1300,1210(1),1725(1),2075(1),2075(1),2075(1),-,-,-,-,-,-,-,-,-
MAHA-Govt Quota,OPEN,Maharashtra,"Govt Med Coll, Chandrapur",ANAESTHESIOLOGY,"₹1,43,300*","₹92,522",1,"₹50,00,000",650,1447(1),2082(1),1788(1),1788(1),1788(1),-,-,-,-,-,-,-,-,-
MAHA-Govt Quota,OPEN,Maharashtra,"MIMER, Talegaon, Pune",ENT,"₹8,00,000*","₹64,551",0,₹0,720,1629(1),2083(1),2083(1),2083(1),2083(1),-,-,-,-,-,-,-,-,-
MAHA-Govt Quota,SC,Maharashtra,"Govt Med Coll, Jalgaon",GENERAL MEDICINE,"₹1,43,300*","₹92,522",1,"₹50,00,000",441,1371(1),1480(1),2111(1),2111(1),2111(1),-,-,-,-,-,-,-,-,-
MAHA-Govt Quota,EWS,Maharashtra,"Govt Med Coll, Nagpur",ENT,"₹1,43,300*","₹92,522",1,"₹50,00,000",1866,1029(1),2113(1),2113(1),2113(1),2113(1),-,-,-,-,-,-,-,-,-
MAHA-Govt Quota,EWS,Maharashtra,"Tata Memorial, Mumbai",PATHOLOGY,"₹1,05,500*","₹1,00,800",1*,"₹25,00,000*",614,1543(1),2117(1),2117(1),2117(1),2117(1),-,-,-,-,-,-,-,-,-
MAHA-Govt Quota,NT2,Maharashtra,"Ulhas Patil Med Coll, Jalgaon",ORTHOPAEDICS,"₹9,00,000*","₹52,769",0,₹0,500,2123(1),2123(1),2123(1),2123(1),2123(1),-,-,-,-,-,-,-,-,-
MAHA-Govt Quota,NT1,Maharashtra,"Ulhas Patil Med Coll, Jalgaon",DERMATOLOGY,"₹9,00,000*","₹52,769",0,₹0,500,1466(1),2129(1),2129(1),2129(1),2129(1),-,-,-,-,-,-,-,-,-
MAHA-Govt Quota,OPEN,Maharashtra,"Govt Med Coll, Gondia",OPHTHALMOLOGY,"₹1,43,300*","₹92,522",1,"₹50,00,000",500,765(1),1422(1),2134(1),2134(1),2134(1),-,-,-,-,-,-,-,-,-
MAHA-Govt Quota,OBC,Maharashtra,"MGIMS, Wardha",GENERAL SURGERY,"₹1,43,300*","₹89,698",1,"₹50,00,000",1000,-,-,-,2138(1),2138(1),-,-,-,-,-,-,-,-,-
MAHA-Govt Quota,VJ,Maharashtra,"MIMSR, Latur",ORTHOPAEDICS,"₹7,82,607*","₹76,249",0,₹0,775,2144(1),2144(1),2144(1),2144(1),2144(1),-,-,-,-,-,-,-,-,-
MAHA-Govt Quota,VJ,Maharashtra,"Kashibai Navale, Pune",OBG,"₹12,94,000*","₹76,429",0,₹0,1094,2151(1),2151(1),2151(1),2151(1),2151(1),-,-,-,-,-,-,-,-,-
MAHA-Govt Quota,OBC,Maharashtra,"Panjabrao Deshmukh, Amravati",ORTHOPAEDICS,"₹11,90,000*","₹76,429",0,₹0,760,1438(1),1770(1),2161(1),2161(1),2161(1),-,-,-,-,-,-,-,-,-
MAHA-Govt Quota,NT3,Maharashtra,"MIMER, Talegaon, Pune",ORTHOPAEDICS,"₹8,00,000*","₹64,551",0,₹0,720,2033(1),2033(1),2177(1),2177(1),2177(1),-,-,-,-,-,-,-,-,-
MAHA-Govt Quota,OBC,Maharashtra,"BKL Walawalkar, Ratnagiri",OBG,"₹9,67,000*","₹62,000",0,₹0,520,1342(1),1514(1),2199(1),2199(1),2199(1),-,-,-,-,-,-,-,-,-
MAHA-Govt Quota,OPEN,Maharashtra,"ACPM, Dhule",ORTHOPAEDICS,"₹10,74,000*","₹50,000",0,₹0,570,1550(1),1745(2),2206(2),2206(2),2206(2),-,-,-,-,-,-,-,-,-
MAHA-Govt Quota,OPEN-Orphan,Maharashtra,"MGIMS, Wardha",ENT,"₹1,43,300*","₹89,698",1,"₹50,00,000",1000,-,-,2221(1),2221(1),2221(1),-,-,-,-,-,-,-,-,-
MAHA-Govt Quota,SC,Maharashtra,"BJMC, Pune",OBG,"₹1,43,300*","₹92,522",1,"₹50,00,000",1296,2004(1),2112(1),2224(1),2224(1),2224(1),-,-,-,-,-,-,-,-,-
MAHA-Govt Quota,OPEN,Maharashtra,"SRTT, Ambajogai",ENT,"₹1,43,300*","₹92,522",1,"₹50,00,000",518,777(1),1494(1),2230(1),2230(1),2230(1),-,-,-,-,-,-,-,-,-
MAHA-Govt Quota,EWS,Maharashtra,"Rajarshee CSM Govt MC,Kolhapur",ENT,"₹1,43,300*","₹92,522",1,"₹50,00,000",665,1245(1),1673(1),2242(1),2242(1),2242(1),-,-,-,-,-,-,-,-,-
MAHA-Govt Quota,SC,Maharashtra,"Vedantaa Inst of MS, Palghar",DERMATOLOGY,"₹19,32,000*","₹65,000",0,₹0,-,2254(1),2254(1),2254(1),2254(1),2254(1),-,-,-,-,-,-,-,-,-
MAHA-Govt Quota,EWS-PH,Maharashtra,"Grant Med Coll, Mumbai",ANAESTHESIOLOGY,"₹1,43,300*","₹92,522",1,"₹50,00,000",2844,-,-,2256(1),2256(1),2256(1),-,-,-,-,-,-,-,-,-
MAHA-Govt Quota,OBC,Maharashtra,"Panjabrao Deshmukh, Amravati",OBG,"₹11,90,000*","₹76,429",0,₹0,760,1273(1),1273(1),2262(1),2262(1),2262(1),-,-,-,-,-,-,-,-,-
MAHA-Govt Quota,VJ,Maharashtra,"NKP Salve IMS, Nagpur",PAEDIATRICS,"₹9,00,000*","₹64,551",0,₹0,1272,1607(1),1631(1),2267(1),2267(1),2267(1),-,-,-,-,-,-,-,-,-
MAHA-Govt Quota,OBC,Maharashtra,"Indira Gandhi MedColl, Nagpur",PSYCHIATRY,"₹1,43,300*","₹92,522",1,"₹50,00,000",822,1091(1),1405(1),2282(1),2282(1),2282(1),-,-,-,-,-,-,-,-,-
MAHA-Govt Quota,OBC,Maharashtra,"Kashibai Navale, Pune",PAEDIATRICS,"₹12,94,000*","₹76,429",0,₹0,1094,1146(1),1406(1),1646(1),2284(1),2284(1),-,-,-,-,-,-,-,-,-
MAHA-Govt Quota,OPEN,Maharashtra,"HBT & RN Cooper, Mumbai",ANAESTHESIOLOGY,"₹1,43,300*","₹92,522",1,"₹50,00,000",940,1185(1),1799(1),2294(1),2294(1),2294(1),-,-,-,-,-,-,-,-,-
MAHA-Govt Quota,NT2,Maharashtra,"Govt Med Coll, Aurangabad",ANAESTHESIOLOGY,"₹1,43,300*","₹92,522",1,"₹50,00,000",1177,1596(1),1971(1),2301(1),2301(1),2301(1),-,-,-,-,-,-,-,-,-
MAHA-Govt Quota,OBC,Maharashtra,"SRTT, Ambajogai",OPHTHALMOLOGY,"₹1,43,300*","₹92,522",1,"₹50,00,000",518,932(1),1354(1),2311(1),2311(1),2311(1),-,-,-,-,-,-,-,-,-
MAHA-Govt Quota,EWS,Maharashtra,"Govt Med Coll, Aurangabad",ANAESTHESIOLOGY,"₹1,43,300*","₹92,522",1,"₹50,00,000",1177,1356(1),2030(1),2315(1),2315(1),2315(1),-,-,-,-,-,-,-,-,-
MAHA-Govt Quota,OPEN,Maharashtra,"Ulhas Patil Med Coll, Jalgaon",GENERAL SURGERY,"₹9,00,000*","₹52,769",0,₹0,500,1559(2),1728(2),2340(2),2340(2),2340(2),-,-,-,-,-,-,-,-,-
MAHA-Govt Quota,OBC,Maharashtra,"NKP Salve IMS, Nagpur",TBRD,"₹9,00,000*","₹64,551",0,₹0,1272,1457(1),1655(1),2345(1),2345(1),2345(1),-,-,-,-,-,-,-,-,-
MAHA-Govt Quota,SC,Maharashtra,"BJMC, Pune",PAEDIATRICS,"₹1,43,300*","₹92,522",1,"₹50,00,000",1296,1217(1),1685(1),2352(1),2352(1),2352(1),-,-,-,-,-,-,-,-,-
MAHA-Govt Quota,VJ,Maharashtra,"VMMC, Solapur",ENT,"₹1,43,300*","₹92,522",1,"₹50,00,000",763,1864(1),2347(1),2353(1),2353(1),2353(1),-,-,-,-,-,-,-,-,-
MAHA-Govt Quota,ST,Maharashtra,"Pimpri Chinchwad, Pimpri",DERMATOLOGY,"₹1,43,300*","₹92,522",1,"₹50,00,000",750,1414(1),2357(1),2357(1),2357(1),2357(1),-,-,-,-,-,-,-,-,-
MAHA-Govt Quota,OPEN,Maharashtra,"Vasantrao Pawar, Nasik",OPHTHALMOLOGY,"₹9,00,000*","₹69,105",0,₹0,1000,1011(1),1800(1),2359(1),2359(1),2359(1),-,-,-,-,-,-,-,-,-
MAHA-Govt Quota,OBC,Maharashtra,"Govt Med Coll, Miraj",ENT,"₹1,43,300*","₹92,522",1,"₹50,00,000",725,1424(1),1722(1),2365(1),2365(1),2365(1),-,-,-,-,-,-,-,-,-
MAHA-Govt Quota,SC,Maharashtra,"Govt Med Coll, Nagpur",ORTHOPAEDICS,"₹1,43,300*","₹92,522",1,"₹50,00,000",1866,1348(1),1509(1),2370(1),2370(1),2370(1),-,-,-,-,-,-,-,-,-
MAHA-Govt Quota,SC,Maharashtra,"Vasantrao Pawar, Nasik",GENERAL MEDICINE,"₹9,00,000*","₹69,105",0,₹0,1000,1431(1),2371(1),2371(1),2371(1),2371(1),-,-,-,-,-,-,-,-,-
MAHA-Govt Quota,OBC,Maharashtra,"Govt Med Coll, Latur",OPHTHALMOLOGY,"₹1,43,300*","₹92,522",1,"₹50,00,000",750,928(1),1209(1),2377(1),2377(1),2377(1),-,-,-,-,-,-,-,-,-
MAHA-Govt Quota,OBC-PH,Maharashtra,"Govt Med Coll, Nanded",OPHTHALMOLOGY,"₹1,43,300*","₹92,522",1,"₹50,00,000",750,-,-,2388(1),2388(1),2388(1),-,-,-,-,-,-,-,-,-
MAHA-Govt Quota,OBC,Maharashtra,"Vithalrao Patil, Ahmednagar",OBG,"₹10,00,000*","₹76,629",0,₹0,960,1173(1),1106(1),2389(1),2389(1),2389(1),-,-,-,-,-,-,-,-,-
MAHA-Govt Quota,ST,Maharashtra,"BJMC, Pune",OBG,"₹1,43,300*","₹92,522",1,"₹50,00,000",1296,2390(1),2390(1),2390(1),2390(1),2390(1),-,-,-,-,-,-,-,-,-
MAHA-Govt Quota,OBC,Maharashtra,"MIMSR, Latur",OBG,"₹7,82,607*","₹76,249",0,₹0,775,1211(1),1211(1),2401(1),2401(1),2401(1),-,-,-,-,-,-,-,-,-
MAHA-Govt Quota,ST-PH,Maharashtra,"Grant Med Coll, Mumbai",GENERAL SURGERY,"₹1,43,300*","₹92,522",1,"₹50,00,000",2844,-,-,2413(1),2413(1),2413(1),-,-,-,-,-,-,-,-,-
MAHA-Govt Quota,OPEN,Maharashtra,"Govt Med Coll, Akola",ANAESTHESIOLOGY,"₹1,43,300*","₹92,522",1,"₹50,00,000",840,1126(1),1993(1),2419(1),2419(1),2419(1),-,-,-,-,-,-,-,-,-
MAHA-Govt Quota,ST,Maharashtra,"Ashwini Rural, Solapur",DERMATOLOGY,"₹11,81,000*","₹65,000",0,₹0,520,2421(1),2421(1),2421(1),2421(1),2421(1),-,-,-,-,-,-,-,-,-
MAHA-Govt Quota,OBC,Maharashtra,"BKL Walawalkar, Ratnagiri",ORTHOPAEDICS,"₹9,67,000*","₹62,000",0,₹0,520,1674(1),2283(1),2425(1),2425(1),2425(1),-,-,-,-,-,-,-,-,-
MAHA-Govt Quota,NT1,Maharashtra,"NKP Salve IMS, Nagpur",GENERAL SURGERY,"₹9,00,000*","₹64,551",0,₹0,1272,1888(1),2436(1),2436(1),2436(1),2436(1),-,-,-,-,-,-,-,-,-
MAHA-Govt Quota,EWS,Maharashtra,"Lokmanya Tilak, Sion, Mumbai",DGO,"₹1,43,300*","₹92,522",1,"₹50,00,000",1462,1506(1),1564(1),2438(1),2438(1),2438(1),-,-,-,-,-,-,-,-,-
MAHA-Govt Quota,OPEN,Maharashtra,"Kashibai Navale, Pune",OPHTHALMOLOGY,"₹12,94,000*","₹76,429",0,₹0,1094,1135(1),1978(1),2440(1),2440(1),2440(1),-,-,-,-,-,-,-,-,-
MAHA-Govt Quota,ST,Maharashtra,"Govt Med Coll, Nagpur",OBG,"₹1,43,300*","₹92,522",1,"₹50,00,000",1866,2077(1),2444(1),2444(1),2444(1),2444(1),-,-,-,-,-,-,-,-,-
MAHA-Govt Quota,ST,Maharashtra,"Topiwala, Mumbai",GENERAL MEDICINE,"₹1,43,300*","₹92,522",1,"₹50,00,000",1300,890(1),439(1),2447(1),2447(1),2447(1),-,-,-,-,-,-,-,-,-
MAHA-Govt Quota,SC,Maharashtra,"Govt Med Coll, Aurangabad",GERIATRICS,"₹1,43,300*","₹92,522",1,"₹50,00,000",1177,2453(1),2453(1),2453(1),2453(1),2453(1),-,-,-,-,-,-,-,-,-
MAHA-Govt Quota,OPEN-PH,Maharashtra,"Govt Med Coll, Nanded",ANAESTHESIOLOGY,"₹1,43,300*","₹92,522",1,"₹50,00,000",750,-,-,2456(1),2456(1),2456(1),-,-,-,-,-,-,-,-,-
MAHA-Govt Quota,SC,Maharashtra,"Lokmanya Tilak, Sion, Mumbai",PSYCHIATRY,"₹1,43,300*","₹92,522",1,"₹50,00,000",1462,2462(1),2462(1),2462(1),2462(1),2462(1),-,-,-,-,-,-,-,-,-
MAHA-Govt Quota,EWS,Maharashtra,"Sri Bhausaheb, Dhule",ENT,"₹1,43,300*","₹92,522",1,"₹50,00,000",545,1346(1),2304(1),2466(1),2466(1),2466(1),-,-,-,-,-,-,-,-,-
MAHA-Govt Quota,NT1,Maharashtra,"Grant Med Coll, Mumbai",OPHTHALMOLOGY,"₹1,43,300*","₹92,522",1,"₹50,00,000",2844,1022(1),1188(1),2475(1),2475(1),2475(1),-,-,-,-,-,-,-,-,-
MAHA-Govt Quota,OPEN,Maharashtra,"Vedantaa Inst of MS, Palghar",TBRD,"₹19,32,000*","₹65,000",0,₹0,-,1825(1),1825(1),2479(1),2479(1),2479(1),-,-,-,-,-,-,-,-,-
MAHA-Govt Quota,OBC,Maharashtra,"Panjabrao Deshmukh, Amravati",TBRD,"₹11,90,000*","₹76,429",0,₹0,760,1646(1),1668(1),2484(1),2484(1),2484(1),-,-,-,-,-,-,-,-,-
MAHA-Govt Quota,SC,Maharashtra,"MIMER, Talegaon, Pune",GENERAL MEDICINE,"₹8,00,000*","₹64,551",0,₹0,720,2354(1),2111(1),2496(1),2496(1),2496(1),-,-,-,-,-,-,-,-,-
MAHA-Govt Quota,OBC,Maharashtra,"Govt Med Coll, Gondia",OPHTHALMOLOGY,"₹1,43,300*","₹92,522",1,"₹50,00,000",500,989(1),1499(1),2503(1),2503(1),2503(1),-,-,-,-,-,-,-,-,-
MAHA-Govt Quota,SC,Maharashtra,"Panjabrao Deshmukh, Amravati",GENERAL MEDICINE,"₹11,90,000*","₹76,429",0,₹0,760,1583(1),2496(1),2508(1),2508(1),2508(1),-,-,-,-,-,-,-,-,-
MAHA-Govt Quota,SC,Maharashtra,"Indira Gandhi MedColl, Nagpur",ORTHOPAEDICS,"₹1,43,300*","₹92,522",1,"₹50,00,000",822,1458(1),2038(1),2511(1),2511(1),2511(1),-,-,-,-,-,-,-,-,-
MAHA-Govt Quota,EWS,Maharashtra,"MPGIMER, Nashik",ANAESTHESIOLOGY,"₹1,43,300*","₹92,522",1,"₹50,00,000",-,1521(1),2173(1),2518(1),2518(1),2518(1),-,-,-,-,-,-,-,-,-
MAHA-Govt Quota,SC,Maharashtra,"MPGIMER, Nashik",PAEDIATRICS,"₹1,43,300*","₹92,522",1,"₹50,00,000",-,1685(1),1743(1),2524(1),2524(1),2524(1),-,-,-,-,-,-,-,-,-
MAHA-Govt Quota,OBC,Maharashtra,"SMBT IMS, Nashik",GENERAL SURGERY,"₹15,16,000*","₹60,000",0,₹0,850,1763(1),1892(1),2527(1),2527(1),2527(1),-,-,-,-,-,-,-,-,-
MAHA-Govt Quota,OPEN,Maharashtra,"SRTT, Ambajogai",ANAESTHESIOLOGY,"₹1,43,300*","₹92,522",1,"₹50,00,000",518,1389(1),2042(1),2549(1),2549(1),2549(1),-,-,-,-,-,-,-,-,-
MAHA-Govt Quota,NT2,Maharashtra,"Vedantaa Inst of MS, Palghar",GENERAL MEDICINE,"₹19,32,000*","₹65,000",0,₹0,-,2555(1),2555(1),2555(1),2555(1),2555(1),-,-,-,-,-,-,-,-,-
MAHA-Govt Quota,OBC,Maharashtra,"MIMER, Talegaon, Pune",GENERAL SURGERY,"₹8,00,000*","₹64,551",0,₹0,720,1668(1),1976(1),2563(1),2563(1),2563(1),-,-,-,-,-,-,-,-,-
MAHA-Govt Quota,OPEN,Maharashtra,"Shri VR Naik Govt, Yavatmal",ANAESTHESIOLOGY,"₹1,43,300*","₹92,522",1,"₹50,00,000",756,1448(1),2067(1),2568(1),2568(1),2568(1),-,-,-,-,-,-,-,-,-
MAHA-Govt Quota,NT3,Maharashtra,"SMBT IMS, Nashik",PAEDIATRICS,"₹15,16,000*","₹60,000",0,₹0,850,1977(1),1977(1),2571(1),2571(1),2571(1),-,-,-,-,-,-,-,-,-
MAHA-Govt Quota,OPEN,Maharashtra,"Govt Med Coll, Latur",ANAESTHESIOLOGY,"₹1,43,300*","₹92,522",1,"₹50,00,000",750,1437(2),2025(2),2585(2),2585(2),2585(2),-,-,-,-,-,-,-,-,-
MAHA-Govt Quota,ST,Maharashtra,"HBT & RN Cooper, Mumbai",GENERAL MEDICINE,"₹1,43,300*","₹92,522",1,"₹50,00,000",940,1474(1),1987(1),2586(1),2586(1),2586(1),-,-,-,-,-,-,-,-,-
MAHA-Govt Quota,NT2,Maharashtra,"Vasantrao Pawar, Nasik",ENT,"₹9,00,000*","₹69,105",0,₹0,1000,2590(1),2590(1),2590(1),2590(1),2590(1),-,-,-,-,-,-,-,-,-
MAHA-Govt Quota,OBC,Maharashtra,"Govt Med Coll, Nanded",PSYCHIATRY,"₹1,43,300*","₹92,522",1,"₹50,00,000",750,1276(1),1727(1),2593(1),2593(1),2593(1),-,-,-,-,-,-,-,-,-
MAHA-Govt Quota,SC,Maharashtra,"NKP Salve IMS, Nagpur",PAEDIATRICS,"₹9,00,000*","₹64,551",0,₹0,1272,2598(1),2598(1),2598(1),2598(1),2598(1),-,-,-,-,-,-,-,-,-
MAHA-Govt Quota,OBC,Maharashtra,"HBT & RN Cooper, Mumbai",ANAESTHESIOLOGY,"₹1,43,300*","₹92,522",1,"₹50,00,000",940,1497(1),1896(1),2599(1),2599(1),2599(1),-,-,-,-,-,-,-,-,-
MAHA-Govt Quota,NT3,Maharashtra,"Topiwala, Mumbai",ENT,"₹1,43,300*","₹92,522",1,"₹50,00,000",1300,1409(1),2330(1),2599(1),2599(1),2599(1),-,-,-,-,-,-,-,-,-
MAHA-Govt Quota,SC-PH,Maharashtra,"Indira Gandhi MedColl, Nagpur",OBG,"₹1,43,300*","₹92,522",1,"₹50,00,000",822,-,-,2603(1),2603(1),2603(1),-,-,-,-,-,-,-,-,-
MAHA-Govt Quota,SC,Maharashtra,"Topiwala, Mumbai",ENT,"₹1,43,300*","₹92,522",1,"₹50,00,000",1300,2608(1),2608(1),2608(1),2608(1),2608(1),-,-,-,-,-,-,-,-,-
MAHA Priv-Mgmt Quota,MGT,Maharashtra,"Panjabrao Deshmukh, Amravati",DERMATOLOGY,-,-,-,-,760,1701(1),2628(1),2628(1),2628(1),2628(1),-,-,-,-,-,-,-,-,-
MAHA-Govt Quota,SC,Maharashtra,"Govt Med Coll, Chandrapur",PAEDIATRICS,"₹1,43,300*","₹92,522",1,"₹50,00,000",650,1743(1),1883(1),2633(1),2633(1),2633(1),-,-,-,-,-,-,-,-,-
MAHA-Govt Quota,OBC,Maharashtra,"Vedantaa Inst of MS, Palghar",PAEDIATRICS,"₹19,32,000*","₹65,000",0,₹0,-,1406(1),1538(1),2638(1),2638(1),2638(1),-,-,-,-,-,-,-,-,-
MAHA-Govt Quota,SC,Maharashtra,"BJMC, Pune",EMERGENCY MEDICINE,"₹1,43,300*","₹92,522",1,"₹50,00,000",1296,2643(1),2578(1),2578(1),2578(1),2578(1),-,-,-,-,-,-,-,-,-
MAHA-Govt Quota,VJ,Maharashtra,"Pimpri Chinchwad, Pimpri",ANAESTHESIOLOGY,"₹1,43,300*","₹92,522",1,"₹50,00,000",750,1631(1),2327(1),2653(1),2653(1),2653(1),-,-,-,-,-,-,-,-,-
MAHA-Govt Quota,OBC,Maharashtra,"Govt Med Coll, Akola",ENT,"₹1,43,300*","₹92,522",1,"₹50,00,000",840,1019(1),1555(1),2660(1),2660(1),2660(1),-,-,-,-,-,-,-,-,-
MAHA-Govt Quota,NT1,Maharashtra,"Grant Med Coll, Mumbai",TBRD,"₹1,43,300*","₹92,522",1,"₹50,00,000",2844,881(1),1454(1),2676(1),2676(1),2676(1),-,-,-,-,-,-,-,-,-
MAHA-Govt Quota,OPEN,Maharashtra,"MGIMS, Wardha",ANAESTHESIOLOGY,"₹1,43,300*","₹89,698",1,"₹50,00,000",1000,1363(1),1874(1),2385(1),2680(1),2680(1),-,-,-,-,-,-,-,-,-
MAHA-Govt Quota,NT3,Maharashtra,"Kashibai Navale, Pune",GENERAL SURGERY,"₹12,94,000*","₹76,429",0,₹0,1094,2334(1),2688(1),2688(1),2688(1),2688(1),-,-,-,-,-,-,-,-,-
MAHA-Govt Quota,ST,Maharashtra,"Seth GS, Mumbai",ORTHOPAEDICS,"₹1,43,300*","₹92,522",1,"₹50,00,000",2250,2691(1),2691(1),2691(1),2691(1),2691(1),-,-,-,-,-,-,-,-,-
MAHA-Govt Quota,OBC,Maharashtra,"Shri VR Naik Govt, Yavatmal",ENT,"₹1,43,300*","₹92,522",1,"₹50,00,000",756,1472(1),1920(1),2695(1),2695(1),2695(1),-,-,-,-,-,-,-,-,-
MAHA-Govt Quota,EWS,Maharashtra,"Govt Med Coll, Chandrapur",ENT,"₹1,43,300*","₹92,522",1,"₹50,00,000",650,1564(1),2466(1),2701(1),2701(1),2701(1),-,-,-,-,-,-,-,-,-
MAHA-Govt Quota,EWS,Maharashtra,"Govt Med Coll, Latur",ANAESTHESIOLOGY,"₹1,43,300*","₹92,522",1,"₹50,00,000",750,1517(1),2130(1),2716(1),2716(1),2716(1),-,-,-,-,-,-,-,-,-
MAHA-Govt Quota,NT1,Maharashtra,"Seth GS, Mumbai",ANAESTHESIOLOGY,"₹1,43,300*","₹92,522",1,"₹50,00,000",2250,1326(1),1504(1),2721(1),2721(1),2721(1),-,-,-,-,-,-,-,-,-
MAHA-Govt Quota,OPEN,Maharashtra,"MIMSR, Latur",ENT,"₹7,82,607*","₹76,249",0,₹0,775,2303(1),2726(1),2726(1),2726(1),2726(1),-,-,-,-,-,-,-,-,-
MAHA-Govt Quota,OBC,Maharashtra,"Govt Med Coll, Nanded",ANAESTHESIOLOGY,"₹1,43,300*","₹92,522",1,"₹50,00,000",750,1589(1),1997(1),2732(1),2732(1),2732(1),-,-,-,-,-,-,-,-,-
MAHA-Govt Quota,ST,Maharashtra,"Topiwala, Mumbai",PAEDIATRICS,"₹1,43,300*","₹92,522",1,"₹50,00,000",1300,2447(1),2738(1),2738(1),2738(1),2738(1),-,-,-,-,-,-,-,-,-
MAHA-Govt Quota,OBC,Maharashtra,"SRTT, Ambajogai",ENT,"₹1,43,300*","₹92,522",1,"₹50,00,000",518,1009(1),1817(1),2739(1),2740(1),2740(1),-,-,-,-,-,-,-,-,-
MAHA-Govt Quota,SC,Maharashtra,"Govt Med Coll, Nanded",PAEDIATRICS,"₹1,43,300*","₹92,522",1,"₹50,00,000",750,1588(1),1802(1),2545(1),2746(1),2746(1),-,-,-,-,-,-,-,-,-
MAHA-Govt Quota,OPEN Service,Maharashtra,"Seth GS, Mumbai",ORTHOPAEDICS,"₹1,43,300*","₹92,522",1,"₹50,00,000",2250,2747(1),2747(1),2747(1),2747(1),2747(1),-,-,-,-,-,-,-,-,-
MAHA-Govt Quota,ST,Maharashtra,"Govt Med Coll, Aurangabad",GENERAL MEDICINE,"₹1,43,300*","₹92,522",1,"₹50,00,000",1177,1579(1),2012(1),2749(1),2749(1),2749(1),-,-,-,-,-,-,-,-,-
MAHA-Govt Quota,NT1,Maharashtra,"Govt Med Coll, Nagpur",ANAESTHESIOLOGY,"₹1,43,300*","₹92,522",1,"₹50,00,000",1866,1504(1),2169(1),2764(1),2764(1),2764(1),-,-,-,-,-,-,-,-,-
MAHA-Govt Quota,OBC,Maharashtra,"Govt Med Coll, Miraj",ANAESTHESIOLOGY,"₹1,43,300*","₹92,522",1,"₹50,00,000",725,1640(1),2034(1),2771(1),2771(1),2771(1),-,-,-,-,-,-,-,-,-
MAHA-Govt Quota,EWS,Maharashtra,"Govt Med Coll, Gondia",ANAESTHESIOLOGY,"₹1,43,300*","₹92,522",1,"₹50,00,000",500,1575(1),2256(1),2773(1),2773(1),2773(1),-,-,-,-,-,-,-,-,-
MAHA-Govt Quota,NT1,Maharashtra,"Govt Med Coll, Jalgaon",ANAESTHESIOLOGY,"₹1,43,300*","₹92,522",1,"₹50,00,000",441,1519(1),2227(1),2779(1),2779(1),2779(1),-,-,-,-,-,-,-,-,-
MAHA-Govt Quota,NT2,Maharashtra,"Govt Med Coll, Gondia",ANAESTHESIOLOGY,"₹1,43,300*","₹92,522",1,"₹50,00,000",500,1738(1),2301(1),2791(1),2791(1),2791(1),-,-,-,-,-,-,-,-,-
MAHA-Govt Quota,SC,Maharashtra,"Govt Med Coll, Akola",OPHTHALMOLOGY,"₹1,43,300*","₹92,522",1,"₹50,00,000",840,2239(1),2795(1),2795(1),2795(1),2795(1),-,-,-,-,-,-,-,-,-
MAHA-Govt Quota,EWS,Maharashtra,"Indira Gandhi MedColl, Nagpur",PSYCHIATRY,"₹1,43,300*","₹92,522",1,"₹50,00,000",822,1117(1),1338(1),2797(1),2797(1),2797(1),-,-,-,-,-,-,-,-,-
MAHA-Govt Quota,SC,Maharashtra,"Shri VR Naik Govt, Yavatmal",OBG,"₹1,43,300*","₹92,522",1,"₹50,00,000",756,2076(1),2459(1),2800(1),2800(1),2800(1),-,-,-,-,-,-,-,-,-
MAHA-Govt Quota,SC,Maharashtra,"Ashwini Rural, Solapur",GENERAL MEDICINE,"₹11,81,000*","₹65,000",0,₹0,520,2371(1),2805(1),2805(1),2805(1),2805(1),-,-,-,-,-,-,-,-,-
MAHA-Govt Quota,NT2,Maharashtra,"MIMER, Talegaon, Pune",GENERAL SURGERY,"₹8,00,000*","₹64,551",0,₹0,720,2000(1),2818(1),2818(1),2818(1),2818(1),-,-,-,-,-,-,-,-,-
MAHA-Govt Quota,OBC Service,Maharashtra,"Seth GS, Mumbai",RADIO DIAGNOSIS,"₹1,43,300*","₹92,522",1,"₹50,00,000",2250,2820(1),2820(1),2820(1),2820(1),2820(1),-,-,-,-,-,-,-,-,-
MAHA-Govt Quota,SC,Maharashtra,"Ashwini Rural, Solapur",OBG,"₹11,81,000*","₹65,000",0,₹0,520,2823(1),2823(1),2823(1),2823(1),2823(1),-,-,-,-,-,-,-,-,-
MAHA-Govt Quota,NT2,Maharashtra,"Vedantaa Inst of MS, Palghar",DERMATOLOGY,"₹19,32,000*","₹65,000",0,₹0,-,1366(1),2824(1),2824(1),2824(1),2824(1),-,-,-,-,-,-,-,-,-
MAHA-Govt Quota,ST,Maharashtra,"Govt Med Coll, Latur",GENERAL MEDICINE,"₹1,43,300*","₹92,522",1,"₹50,00,000",750,1736(1),2447(1),2825(1),2825(1),2825(1),-,-,-,-,-,-,-,-,-
MAHA-Govt Quota,OPEN-Orphan,Maharashtra,"Grant Med Coll, Mumbai",PATHOLOGY,"₹1,43,300*","₹92,522",1,"₹50,00,000",2844,-,-,2836(1),2836(1),2836(1),-,-,-,-,-,-,-,-,-
MAHA-Govt Quota,SC-PH,Maharashtra,"Seth GS, Mumbai",ANAESTHESIOLOGY,"₹1,43,300*","₹92,522",1,"₹50,00,000",2250,-,-,2837(1),2837(1),2837(1),-,-,-,-,-,-,-,-,-
MAHA-Govt Quota,SC,Maharashtra,"Topiwala, Mumbai",TBRD,"₹1,43,300*","₹92,522",1,"₹50,00,000",1300,1840(1),2358(1),2841(1),2841(1),2841(1),-,-,-,-,-,-,-,-,-
MAHA-Govt Quota,SC,Maharashtra,"ACPM, Dhule",GENERAL MEDICINE,"₹10,74,000*","₹50,000",0,₹0,570,-,2850(1),2817(1),2817(1),2817(1),-,-,-,-,-,-,-,-,-
MAHA-Govt Quota,SC,Maharashtra,"SMBT IMS, Nashik",OBG,"₹15,16,000*","₹60,000",0,₹0,850,2800(1),2857(1),2857(1),2857(1),2857(1),-,-,-,-,-,-,-,-,-
MAHA-Govt Quota,OBC,Maharashtra,"Ashwini Rural, Solapur",GENERAL SURGERY,"₹11,81,000*","₹65,000",0,₹0,520,1935(1),1998(1),2860(1),2860(1),2860(1),-,-,-,-,-,-,-,-,-
MAHA-Govt Quota,SC,Maharashtra,"Vedantaa Inst of MS, Palghar",GENERAL MEDICINE,"₹19,32,000*","₹65,000",0,₹0,-,2496(1),2874(1),2874(1),2874(1),2874(1),-,-,-,-,-,-,-,-,-
MAHA-Govt Quota,OBC,Maharashtra,"Lokmanya Tilak, Sion, Mumbai",DPM (Psychiatry),"₹1,43,300*","₹92,522",1,"₹50,00,000",1462,2878(1),2878(1),2878(1),2878(1),2878(1),-,-,-,-,-,-,-,-,-
MAHA-Govt Quota,OPEN,Maharashtra,"Sajeevan Medical(ENT), Miraj",ENT,"₹9,57,500*","₹52,569",0,₹0,Info Not Available,1808(1),2115(1),2886(1),2886(1),2886(1),-,-,-,-,-,-,-,-,-
MAHA-Govt Quota,OPEN,Maharashtra,"Govt Med Coll, Aurangabad",PATHOLOGY,"₹1,43,300*","₹92,522",1,"₹50,00,000",1177,2182(3),2887(3),2839(3),2839(3),2839(3),-,-,-,-,-,-,-,-,-
MAHA-Govt Quota,EWS,Maharashtra,"Govt Med Coll, Miraj",PSYCHIATRY,"₹1,43,300*","₹92,522",1,"₹50,00,000",725,1816(1),1900(1),2889(1),2883(1),2883(1),-,-,-,-,-,-,-,-,-
MAHA-Govt Quota,NT1,Maharashtra,"Govt Med Coll, Nagpur",ENT,"₹1,43,300*","₹92,522",1,"₹50,00,000",1866,1188(1),2475(1),2790(1),2898(1),2898(1),-,-,-,-,-,-,-,-,-
MAHA-Govt Quota,NT1,Maharashtra,"Vithalrao Patil, Ahmednagar",ANAESTHESIOLOGY,"₹10,00,000*","₹76,629",0,₹0,960,2901(1),2901(1),2901(1),2901(1),2901(1),-,-,-,-,-,-,-,-,-
MAHA-Govt Quota,SC,Maharashtra,"Indira Gandhi MedColl, Nagpur",OPHTHALMOLOGY,"₹1,43,300*","₹92,522",1,"₹50,00,000",822,1216(1),2352(1),2917(1),2917(1),2917(1),-,-,-,-,-,-,-,-,-
MAHA-Govt Quota,NT2,Maharashtra,"Sancheti Inst Of Ortho, Pune",ORTHOPAEDICS,"₹9,00,000*","₹77,000",0,₹0,Info Not Available,1757(1),1757(1),2937(1),2937(1),2937(1),-,-,-,-,-,-,-,-,-
MAHA-Govt Quota,SC,Maharashtra,"Govt Med Coll, Jalgaon",OBG,"₹1,43,300*","₹92,522",1,"₹50,00,000",441,2112(1),2410(1),2943(1),2943(1),2943(1),-,-,-,-,-,-,-,-,-
MAHA-Govt Quota,OBC,Maharashtra,"SMBT IMS, Nashik",OPHTHALMOLOGY,"₹15,16,000*","₹60,000",0,₹0,850,2124(1),2388(1),2944(1),2944(1),2944(1),-,-,-,-,-,-,-,-,-
MAHA-Govt Quota,SC,Maharashtra,"Govt Med Coll, Miraj",ORTHOPAEDICS,"₹1,43,300*","₹92,522",1,"₹50,00,000",725,1764(1),2370(1),2958(1),2958(1),2958(1),-,-,-,-,-,-,-,-,-
MAHA-Govt Quota,SC,Maharashtra,"Rajarshee CSM Govt MC,Kolhapur",ORTHOPAEDICS,"₹1,43,300*","₹92,522",1,"₹50,00,000",665,1509(1),2468(1),2962(1),2962(1),2962(1),-,-,-,-,-,-,-,-,-
MAHA-Govt Quota,OBC,Maharashtra,"Sri Bhausaheb, Dhule",PSYCHIATRY,"₹1,43,300*","₹92,522",1,"₹50,00,000",545,1565(1),2043(1),2964(1),2964(1),2964(1),-,-,-,-,-,-,-,-,-
MAHA-Govt Quota,OPEN-PH,Maharashtra,"Grant Med Coll, Mumbai",PATHOLOGY,"₹1,43,300*","₹92,522",1,"₹50,00,000",2844,-,-,2969(1),2969(1),2969(1),-,-,-,-,-,-,-,-,-
MAHA-Govt Quota,OBC,Maharashtra,"MIMSR, Latur",GENERAL SURGERY,"₹7,82,607*","₹76,249",0,₹0,775,1775(1),1984(1),2670(1),2983(1),2983(1),-,-,-,-,-,-,-,-,-
MAHA-Govt Quota,NT2,Maharashtra,"Sri Bhausaheb, Dhule",ANAESTHESIOLOGY,"₹1,43,300*","₹92,522",1,"₹50,00,000",545,1608(1),2243(1),2995(1),2995(1),2995(1),-,-,-,-,-,-,-,-,-
MAHA-Govt Quota,NT2,Maharashtra,"BKL Walawalkar, Ratnagiri",GENERAL SURGERY,"₹9,67,000*","₹62,000",0,₹0,520,2818(1),2937(1),2997(1),2997(1),2997(1),-,-,-,-,-,-,-,-,-
MAHA-Govt Quota,SC,Maharashtra,"Vedantaa Inst of MS, Palghar",OBG,"₹19,32,000*","₹65,000",0,₹0,-,2986(1),2986(1),3012(1),3012(1),3012(1),-,-,-,-,-,-,-,-,-
MAHA-Govt Quota,EWS,Maharashtra,"Govt Med Coll, Nagpur",PATHOLOGY,"₹1,43,300*","₹92,522",1,"₹50,00,000",1866,2178(1),3018(1),3018(1),3018(1),3018(1),-,-,-,-,-,-,-,-,-
MAHA-Govt Quota,OPEN,Maharashtra,"MIMSR, Latur",ANAESTHESIOLOGY,"₹7,82,607*","₹76,249",0,₹0,775,2587(1),2477(1),3024(1),3024(1),3024(1),-,-,-,-,-,-,-,-,-
MAHA-Govt Quota,VJ,Maharashtra,"SRTT, Ambajogai",ANAESTHESIOLOGY,"₹1,43,300*","₹92,522",1,"₹50,00,000",518,2134(1),2507(1),3031(1),3031(1),3031(1),-,-,-,-,-,-,-,-,-
MAHA-Govt Quota,SC,Maharashtra,"Bombay Hospital IMS, Mumbai",GENERAL SURGERY,"₹8,92,858*","₹70,000",0,₹0,725,3053(1),3053(1),3053(1),3053(1),3053(1),-,-,-,-,-,-,-,-,-
MAHA-Govt Quota,SC,Maharashtra,"MIMSR, Latur",PAEDIATRICS,"₹7,82,607*","₹76,249",0,₹0,775,2874(1),3062(1),2877(1),2877(1),2877(1),-,-,-,-,-,-,-,-,-
MAHA-Govt Quota,SC,Maharashtra,"Pimpri Chinchwad, Pimpri",PSYCHIATRY,"₹1,43,300*","₹92,522",1,"₹50,00,000",750,2706(1),3000(1),3071(1),3071(1),3071(1),-,-,-,-,-,-,-,-,-
MAHA-Govt Quota,SC,Maharashtra,"MGIMS, Wardha",GENERAL SURGERY,"₹1,43,300*","₹89,698",1,"₹50,00,000",1000,1782(1),2544(1),3077(1),3077(1),3077(1),-,-,-,-,-,-,-,-,-
MAHA-Govt Quota,OPEN,Maharashtra,"Lokmanya Tilak, Sion, Mumbai",DA,"₹1,43,300*","₹92,522",1,"₹50,00,000",1462,2174(1),2305(1),3083(1),3083(1),3083(1),-,-,-,-,-,-,-,-,-
MAHA-Govt Quota,OPEN-Orphan,Maharashtra,"Govt Med Coll, Aurangabad",RADIO DIAGNOSIS,"₹1,43,300*","₹92,522",1,"₹50,00,000",1177,-,3110(1),3110(1),3110(1),3110(1),-,-,-,-,-,-,-,-,-
MAHA-Govt Quota,OPEN-Orphan,Maharashtra,"Grant Med Coll, Mumbai",OPHTHALMOLOGY,"₹1,43,300*","₹92,522",1,"₹50,00,000",2844,3110(1),-,1050(1),1050(1),1050(1),-,-,-,-,-,-,-,-,-
MAHA-Govt Quota,OBC,Maharashtra,"Ulhas Patil Med Coll, Jalgaon",ANAESTHESIOLOGY,"₹9,00,000*","₹52,769",0,₹0,500,2895(1),3112(1),3112(1),3112(1),3112(1),-,-,-,-,-,-,-,-,-
MAHA-Govt Quota,OPEN,Maharashtra,"MGIMS, Wardha",SPM,"₹1,43,300*","₹89,698",1,"₹50,00,000",1000,3116(1),3116(1),3116(1),3116(1),3116(1),-,-,-,-,-,-,-,-,-
MAHA-Govt Quota,NT1,Maharashtra,"Topiwala, Mumbai",PATHOLOGY,"₹1,43,300*","₹92,522",1,"₹50,00,000",1300,2475(1),3126(1),3126(1),3126(1),3126(1),-,-,-,-,-,-,-,-,-
MAHA-Govt Quota,OBC,Maharashtra,"ACPM, Dhule",ORTHOPAEDICS,"₹10,74,000*","₹50,000",0,₹0,570,1915(1),2029(1),2393(1),3059(1),3134(1),-,-,-,-,-,-,-,-,-
MAHA-Govt Quota,OPEN,Maharashtra,"Ashwini Rural, Solapur",ENT,"₹11,81,000*","₹65,000",0,₹0,520,2066(1),2548(1),3153(1),3153(1),3153(1),-,-,-,-,-,-,-,-,-
MAHA-Govt Quota,NT1,Maharashtra,"MIMSR, Latur",OPHTHALMOLOGY,"₹7,82,607*","₹76,249",0,₹0,775,2436(1),3155(1),3155(1),3155(1),3155(1),-,-,-,-,-,-,-,-,-
MAHA-Govt Quota,SC,Maharashtra,"Vithalrao Patil, Ahmednagar",ORTHOPAEDICS,"₹10,00,000*","₹76,629",0,₹0,960,2468(1),2958(1),3163(1),3163(1),3163(1),-,-,-,-,-,-,-,-,-
MAHA-Govt Quota,SC,Maharashtra,"Govt Med Coll, Nanded",ENT,"₹1,43,300*","₹92,522",1,"₹50,00,000",750,2743(1),3167(1),3167(1),3167(1),3167(1),-,-,-,-,-,-,-,-,-
MAHA-Govt Quota,SC,Maharashtra,"Vasantrao Pawar, Nasik",ORTHOPAEDICS,"₹9,00,000*","₹69,105",0,₹0,1000,2805(1),3168(1),3168(1),3168(1),3168(1),-,-,-,-,-,-,-,-,-
MAHA-Govt Quota,SC,Maharashtra,"Govt Med Coll, Nanded",GENERAL SURGERY,"₹1,43,300*","₹92,522",1,"₹50,00,000",750,2165(1),2512(1),3185(1),3160(1),3160(1),-,-,-,-,-,-,-,-,-
MAHA-Govt Quota,OPEN,Maharashtra,"Seth GS, Mumbai",DDIAB,"₹1,43,300*","₹92,522",1,"₹50,00,000",2250,817(1),1289(1),1691(1),3192(1),3192(1),-,-,-,-,-,-,-,-,-
MAHA-Govt Quota,OBC,Maharashtra,"Vasantrao Pawar, Nasik",OPHTHALMOLOGY,"₹9,00,000*","₹69,105",0,₹0,1000,1386(1),1830(1),3203(1),3203(1),3203(1),-,-,-,-,-,-,-,-,-
MAHA-Govt Quota,SC,Maharashtra,"Indira Gandhi MedColl, Nagpur",ANAESTHESIOLOGY,"₹1,43,300*","₹92,522",1,"₹50,00,000",822,2837(1),2736(1),3204(1),3204(1),3204(1),-,-,-,-,-,-,-,-,-
MAHA-Govt Quota,OBC,Maharashtra,"Vasantrao Pawar, Nasik",ANAESTHESIOLOGY,"₹9,00,000*","₹69,105",0,₹0,1000,2161(1),2737(1),3206(1),3206(1),3206(1),-,-,-,-,-,-,-,-,-
MAHA-Govt Quota,OBC-PH,Maharashtra,"Lokmanya Tilak, Sion, Mumbai",DA,"₹1,43,300*","₹92,522",1,"₹50,00,000",1462,-,-,3227(1),3227(1),3227(1),-,-,-,-,-,-,-,-,-
MAHA-Govt Quota,OBC,Maharashtra,"Govt Med Coll, Latur",PATHOLOGY,"₹1,43,300*","₹92,522",1,"₹50,00,000",750,2695(1),3229(1),3229(1),3229(1),3229(1),-,-,-,-,-,-,-,-,-
MAHA-Govt Quota,VJ,Maharashtra,"Lokmanya Tilak, Sion, Mumbai",DA,"₹1,43,300*","₹92,522",1,"₹50,00,000",1462,2507(1),2653(1),3231(1),3231(1),3231(1),-,-,-,-,-,-,-,-,-
MAHA-Govt Quota,OPEN,Maharashtra,"NKP Salve IMS, Nagpur",ENT,"₹9,00,000*","₹64,551",0,₹0,1272,2055(2),2493(2),3232(2),3232(2),3232(2),-,-,-,-,-,-,-,-,-
MAHA-Govt Quota,SC,Maharashtra,"BKL Walawalkar, Ratnagiri",PAEDIATRICS,"₹9,67,000*","₹62,000",0,₹0,520,2524(1),3246(1),3246(1),3246(1),3246(1),-,-,-,-,-,-,-,-,-
MAHA-Govt Quota,ST,Maharashtra,"MIMSR, Latur",RADIO DIAGNOSIS,"₹7,82,607*","₹76,249",0,₹0,775,3278(1),3278(1),3278(1),3278(1),3278(1),-,-,-,-,-,-,-,-,-
MAHA-Govt Quota,ST,Maharashtra,"HBT & RN Cooper, Mumbai",GENERAL SURGERY,"₹1,43,300*","₹92,522",1,"₹50,00,000",940,2778(1),3285(1),3285(1),3285(1),3285(1),-,-,-,-,-,-,-,-,-
MAHA-Govt Quota,SC,Maharashtra,"Vithalrao Patil, Ahmednagar",GENERAL SURGERY,"₹10,00,000*","₹76,629",0,₹0,960,3287(1),3287(1),3287(1),3287(1),3287(1),-,-,-,-,-,-,-,-,-
MAHA-Govt Quota,SC,Maharashtra,"Kashibai Navale, Pune",GENERAL SURGERY,"₹12,94,000*","₹76,429",0,₹0,1094,3109(1),3297(1),3297(1),3297(1),3297(1),-,-,-,-,-,-,-,-,-
MAHA-Govt Quota,SC,Maharashtra,"Ulhas Patil Med Coll, Jalgaon",GENERAL SURGERY,"₹9,00,000*","₹52,769",0,₹0,500,3297(1),3281(1),3281(1),3281(1),3281(1),-,-,-,-,-,-,-,-,-
MAHA Priv-Mgmt Quota,MGT-Minority,Maharashtra,"IIMSR, Jalna",GENERAL MEDICINE,"₹36,00,000*","₹64,551",0,₹0,Info Not Available,-,-,3302(1),3302(1),3302(1),-,-,-,-,-,-,-,-,-
MAHA-Govt Quota,OBC Service,Maharashtra,"Seth GS, Mumbai",GENERAL MEDICINE,"₹1,43,300*","₹92,522",1,"₹50,00,000",2250,3306(1),3306(1),3306(1),3306(1),3306(1),-,-,-,-,-,-,-,-,-
MAHA-Govt Quota,OBC,Maharashtra,"Panjabrao Deshmukh, Amravati",ANAESTHESIOLOGY,"₹11,90,000*","₹76,429",0,₹0,760,2737(1),3007(1),3309(1),3309(1),3309(1),-,-,-,-,-,-,-,-,-
MAHA-Govt Quota,SC,Maharashtra,"PGI of Swasthiyog, Miraj",ORTHOPAEDICS,"₹9,50,000*","₹64,500",0,₹0,110,3168(1),3312(1),3312(1),3312(1),3312(1),-,-,-,-,-,-,-,-,-
MAHA-Govt Quota,SC,Maharashtra,"SMBT IMS, Nashik",ORTHOPAEDICS,"₹15,16,000*","₹60,000",0,₹0,850,3314(1),3314(1),3314(1),3314(1),3314(1),-,-,-,-,-,-,-,-,-
MAHA-Govt Quota,SC-PH,Maharashtra,"Sri Bhausaheb, Dhule",PAEDIATRICS,"₹1,43,300*","₹92,522",1,"₹50,00,000",545,-,-,2643(1),3322(1),3322(1),-,-,-,-,-,-,-,-,-
MAHA-Govt Quota,SC-PH,Maharashtra,"Govt Med Coll, Miraj",OPHTHALMOLOGY,"₹1,43,300*","₹92,522",1,"₹50,00,000",725,-,-,3323(1),3323(1),3323(1),-,-,-,-,-,-,-,-,-
MAHA-Govt Quota,ST,Maharashtra,"NKP Salve IMS, Nagpur",GENERAL MEDICINE,"₹9,00,000*","₹64,551",0,₹0,1272,3332(1),3332(1),3332(1),3332(1),3332(1),-,-,-,-,-,-,-,-,-
MAHA-Govt Quota,EWS,Maharashtra,"Lokmanya Tilak, Sion, Mumbai",DA,"₹1,43,300*","₹92,522",1,"₹50,00,000",1462,2256(1),2463(1),3344(1),3344(1),3344(1),-,-,-,-,-,-,-,-,-
MAHA-Govt Quota,SC,Maharashtra,"MGIMS, Wardha",ENT,"₹1,43,300*","₹89,698",1,"₹50,00,000",1000,2751(1),3081(1),3352(1),3352(1),3352(1),-,-,-,-,-,-,-,-,-
MAHA-Govt Quota,SC,Maharashtra,"Panjabrao Deshmukh, Amravati",OPHTHALMOLOGY,"₹11,90,000*","₹76,429",0,₹0,760,3062(1),3353(1),3353(1),3353(1),3353(1),-,-,-,-,-,-,-,-,-
MAHA-Govt Quota,SC,Maharashtra,"Kashibai Navale, Pune",ENT,"₹12,94,000*","₹76,429",0,₹0,1094,3358(1),3358(1),3358(1),3358(1),3358(1),-,-,-,-,-,-,-,-,-
MAHA-Govt Quota,SC,Maharashtra,"NKP Salve IMS, Nagpur",PSYCHIATRY,"₹9,00,000*","₹64,551",0,₹0,1272,3122(1),3122(1),3364(1),3364(1),3364(1),-,-,-,-,-,-,-,-,-
MAHA-Govt Quota,SC,Maharashtra,"MGIMS, Wardha",OPHTHALMOLOGY,"₹1,43,300*","₹89,698",1,"₹50,00,000",1000,2352(1),2943(1),3343(1),3369(1),3369(1),-,-,-,-,-,-,-,-,-
MAHA-Govt Quota,ST,Maharashtra,"SMBT IMS, Nashik",GENERAL MEDICINE,"₹15,16,000*","₹60,000",0,₹0,850,3384(1),3384(1),3384(1),3384(1),3384(1),-,-,-,-,-,-,-,-,-
MAHA-Govt Quota,OBC,Maharashtra,"Vedantaa Inst of MS, Palghar",OBG,"₹19,32,000*","₹65,000",0,₹0,-,1358(1),1772(1),2953(1),3389(1),3389(1),-,-,-,-,-,-,-,-,-
MAHA-Govt Quota,OPEN,Maharashtra,"Seth GS, Mumbai",MICROBIOLOGY,"₹1,43,300*","₹92,522",1,"₹50,00,000",2250,3397(1),3397(1),3397(1),3397(1),3397(1),-,-,-,-,-,-,-,-,-
MAHA-Govt Quota,EWS,Maharashtra,"Pimpri Chinchwad, Pimpri",PATHOLOGY,"₹1,43,300*","₹92,522",1,"₹50,00,000",750,2117(1),3052(1),3402(1),3402(1),3402(1),-,-,-,-,-,-,-,-,-
MAHA-Govt Quota,SC,Maharashtra,"Kashibai Navale, Pune",TBRD,"₹12,94,000*","₹76,429",0,₹0,1094,3003(1),3003(1),3404(1),3404(1),3404(1),-,-,-,-,-,-,-,-,-
MAHA-Govt Quota,VJ,Maharashtra,"MIMER, Talegaon, Pune",OPHTHALMOLOGY,"₹8,00,000*","₹64,551",0,₹0,720,2267(1),2267(1),3406(1),3406(1),3406(1),-,-,-,-,-,-,-,-,-
MAHA-Govt Quota,OBC Service,Maharashtra,"Govt Med Coll, Nagpur",RADIO DIAGNOSIS,"₹1,43,300*","₹92,522",1,"₹50,00,000",1866,3434(1),3434(1),3434(1),3434(1),3434(1),-,-,-,-,-,-,-,-,-
MAHA-Govt Quota,VJ,Maharashtra,"Govt Med Coll, Aurangabad",OPHTHALMOLOGY,"₹1,43,300*","₹92,522",1,"₹50,00,000",1177,1387(1),1740(1),1919(1),3211(1),3441(1),-,-,-,-,-,-,-,-,-
MAHA-Govt Quota,ST,Maharashtra,"Govt Med Coll, Aurangabad",ORTHOPAEDICS,"₹1,43,300*","₹92,522",1,"₹50,00,000",1177,2869(1),2869(1),3448(1),3448(1),3448(1),-,-,-,-,-,-,-,-,-
MAHA-Govt Quota,OBC,Maharashtra,"Kashibai Navale, Pune",PSYCHIATRY,"₹12,94,000*","₹76,429",0,₹0,1094,2389(1),3460(1),3460(1),3460(1),3460(1),-,-,-,-,-,-,-,-,-
MAHA-Govt Quota,SC,Maharashtra,"Ulhas Patil Med Coll, Jalgaon",OPHTHALMOLOGY,"₹9,00,000*","₹52,769",0,₹0,500,2856(1),3467(1),3467(1),3467(1),3467(1),-,-,-,-,-,-,-,-,-
MAHA-Govt Quota,ST,Maharashtra,"Lokmanya Tilak, Sion, Mumbai",PAEDIATRICS,"₹1,43,300*","₹92,522",1,"₹50,00,000",1462,2260(1),2685(1),3493(1),3493(1),3493(1),-,-,-,-,-,-,-,-,-
MAHA-Govt Quota,SC-PH,Maharashtra,"Govt Med Coll, Latur",ENT,"₹1,43,300*","₹92,522",1,"₹50,00,000",750,-,-,3502(1),3502(1),3502(1),-,-,-,-,-,-,-,-,-
MAHA-Govt Quota,OBC,Maharashtra,"Sajeevan Medical(ENT), Miraj",ENT,"₹9,57,500*","₹52,569",0,₹0,Info Not Available,2406(1),3516(1),3347(1),3347(1),3347(1),-,-,-,-,-,-,-,-,-
MAHA-Govt Quota,OBC,Maharashtra,"Ashwini Rural, Solapur",OPHTHALMOLOGY,"₹11,81,000*","₹65,000",0,₹0,520,1830(1),2185(1),3516(1),3516(1),3516(1),-,-,-,-,-,-,-,-,-
MAHA-Govt Quota,ST,Maharashtra,"Grant Med Coll, Mumbai",ENT,"₹1,43,300*","₹92,522",1,"₹50,00,000",2844,2738(1),3523(1),3523(1),3523(1),3523(1),-,-,-,-,-,-,-,-,-
MAHA-Govt Quota,SC,Maharashtra,"Shri VR Naik Govt, Yavatmal",ANAESTHESIOLOGY,"₹1,43,300*","₹92,522",1,"₹50,00,000",756,3013(1),3162(1),3534(1),3534(1),3534(1),-,-,-,-,-,-,-,-,-
MAHA-Govt Quota,SC,Maharashtra,"Govt Med Coll, Aurangabad",ANAESTHESIOLOGY,"₹1,43,300*","₹92,522",1,"₹50,00,000",1177,2841(2),3034(2),3535(2),3535(2),3535(2),-,-,-,-,-,-,-,-,-
MAHA-Govt Quota,OBC,Maharashtra,"MIMER, Talegaon, Pune",ENT,"₹8,00,000*","₹64,551",0,₹0,720,2115(1),3347(1),3536(1),3536(1),3536(1),-,-,-,-,-,-,-,-,-
MAHA-Govt Quota,ST,Maharashtra,"Govt Med Coll, Akola",OBG,"₹1,43,300*","₹92,522",1,"₹50,00,000",840,2825(1),3378(1),3543(1),3543(1),3543(1),-,-,-,-,-,-,-,-,-
MAHA-Govt Quota,NT2,Maharashtra,"Lokmanya Tilak, Sion, Mumbai",DA,"₹1,43,300*","₹92,522",1,"₹50,00,000",1462,2693(1),2995(1),3546(1),3546(1),3546(1),-,-,-,-,-,-,-,-,-
MAHA-Govt Quota,NT2,Maharashtra,"NKP Salve IMS, Nagpur",OPHTHALMOLOGY,"₹9,00,000*","₹64,551",0,₹0,1272,2397(1),2397(1),3576(1),3576(1),3576(1),-,-,-,-,-,-,-,-,-
MAHA-Govt Quota,SC,Maharashtra,"NKP Salve IMS, Nagpur",ENT,"₹9,00,000*","₹64,551",0,₹0,1272,3581(1),3581(1),3581(1),3581(1),3581(1),-,-,-,-,-,-,-,-,-
MAHA-Govt Quota,SC,Maharashtra,"Vedantaa Inst of MS, Palghar",ORTHOPAEDICS,"₹19,32,000*","₹65,000",0,₹0,-,3586(1),3586(1),3586(1),3586(1),3586(1),-,-,-,-,-,-,-,-,-
MAHA-Govt Quota,SC,Maharashtra,"Vasantrao Pawar, Nasik",GENERAL SURGERY,"₹9,00,000*","₹69,105",0,₹0,1000,3246(1),3589(1),3589(1),3589(1),3589(1),-,-,-,-,-,-,-,-,-
MAHA-Govt Quota,OPEN,Maharashtra,"Vedantaa Inst of MS, Palghar",ANAESTHESIOLOGY,"₹19,32,000*","₹65,000",0,₹0,-,2642(1),3117(1),3591(1),3477(1),3477(1),-,-,-,-,-,-,-,-,-
MAHA-Govt Quota,VJ,Maharashtra,"Grant Med Coll, Mumbai",PATHOLOGY,"₹1,43,300*","₹92,522",1,"₹50,00,000",2844,2509(1),3594(1),3594(1),3594(1),3594(1),-,-,-,-,-,-,-,-,-
MAHA-Govt Quota,OPEN,Maharashtra,"Tata Memorial, Mumbai",IHBT,"₹1,05,500*","₹1,00,800",1*,"₹25,00,000*",614,1502(1),3602(1),3602(1),3602(1),3602(1),-,-,-,-,-,-,-,-,-
MAHA-Govt Quota,OPEN,Maharashtra,"Indira Gandhi MedColl, Nagpur",PATHOLOGY,"₹1,43,300*","₹92,522",1,"₹50,00,000",822,2084(1),2988(1),3614(1),3614(1),3614(1),-,-,-,-,-,-,-,-,-
MAHA-NRI Quota,NRI,Maharashtra,"Kashibai Navale, Pune",DERMATOLOGY,"₹64,70,000*","₹76,429",0,₹0,1094,3615(1),3615(1),3615(1),3615(1),3615(1),-,-,-,-,-,-,-,-,-
MAHA Priv-Mgmt Quota,MGT-Minority,Maharashtra,"IIMSR, Jalna",OBG,"₹36,00,000*","₹64,551",0,₹0,Info Not Available,-,-,3645(1),3645(1),3645(1),-,-,-,-,-,-,-,-,-
MAHA-Govt Quota,OBC,Maharashtra,"Govt Med Coll, Aurangabad",PATHOLOGY,"₹1,43,300*","₹92,522",1,"₹50,00,000",1177,2185(1),2994(1),3649(1),3649(1),3649(1),-,-,-,-,-,-,-,-,-
MAHA-Govt Quota,OPEN,Maharashtra,"Govt Med Coll, Miraj",SPM,"₹1,43,300*","₹92,522",1,"₹50,00,000",725,3656(1),3656(1),3656(1),3656(1),3656(1),-,-,-,-,-,-,-,-,-
MAHA-Govt Quota,OPEN Service,Maharashtra,"Lokmanya Tilak, Sion, Mumbai",GENERAL MEDICINE,"₹1,43,300*","₹92,522",1,"₹50,00,000",1462,3688(1),3688(1),3688(1),3688(1),3688(1),-,-,-,-,-,-,-,-,-
MAHA-Govt Quota,OPEN Service,Maharashtra,"VMMC, Solapur",PAEDIATRICS,"₹1,43,300*","₹92,522",1,"₹50,00,000",763,3689(1),3689(1),3689(1),3689(1),3689(1),-,-,-,-,-,-,-,-,-
MAHA-Govt Quota,OPEN,Maharashtra,"Govt Med Coll, Miraj",PATHOLOGY,"₹1,43,300*","₹92,522",1,"₹50,00,000",725,2424(1),2847(1),3701(1),3701(1),3701(1),-,-,-,-,-,-,-,-,-
MAHA-Govt Quota,SC,Maharashtra,"Govt Med Coll, Nagpur",RADIATION ONCOLOGY,"₹1,43,300*","₹92,522",1,"₹50,00,000",1866,2850(1),3511(1),3709(1),3709(1),3709(1),-,-,-,-,-,-,-,-,-
MAHA-Govt Quota,NT2,Maharashtra,"Kashibai Navale, Pune",ANAESTHESIOLOGY,"₹12,94,000*","₹76,429",0,₹0,1094,3546(1),3546(1),3715(1),3715(1),3715(1),-,-,-,-,-,-,-,-,-
MAHA-Govt Quota,SC,Maharashtra,"Govt Med Coll, Akola",ANAESTHESIOLOGY,"₹1,43,300*","₹92,522",1,"₹50,00,000",840,2985(1),3109(1),3716(1),3716(1),3716(1),-,-,-,-,-,-,-,-,-
MAHA-Govt Quota,SC,Maharashtra,"NKP Salve IMS, Nagpur",ANAESTHESIOLOGY,"₹9,00,000*","₹64,551",0,₹0,1272,3225(1),3726(1),3726(1),3726(1),3726(1),-,-,-,-,-,-,-,-,-
MAHA-Govt Quota,OPEN Service,Maharashtra,"Indira Gandhi MedColl, Nagpur",GENERAL MEDICINE,"₹1,43,300*","₹92,522",1,"₹50,00,000",822,3727(1),3727(1),3727(1),3727(1),3727(1),-,-,-,-,-,-,-,-,-
MAHA-Govt Quota,NT2,Maharashtra,"BJMC, Pune",PATHOLOGY,"₹1,43,300*","₹92,522",1,"₹50,00,000",1296,3715(1),3029(1),3749(1),3749(1),3749(1),-,-,-,-,-,-,-,-,-
MAHA-Govt Quota,OPEN,Maharashtra,"VMMC, Solapur",PATHOLOGY,"₹1,43,300*","₹92,522",1,"₹50,00,000",763,2314(1),2969(1),3752(1),3752(1),3752(1),-,-,-,-,-,-,-,-,-
MAHA-Govt Quota,OBC-PH,Maharashtra,"Rajiv Gandhi MC & CSMH, Thane",PATHOLOGY,"₹1,43,300*","₹92,522",1,"₹50,00,000",500,-,-,3755(1),3755(1),3755(1),-,-,-,-,-,-,-,-,-
MAHA-Govt Quota,SC,Maharashtra,"BKL Walawalkar, Ratnagiri",GENERAL SURGERY,"₹9,67,000*","₹62,000",0,₹0,520,3281(1),3529(1),3793(1),3793(1),3793(1),-,-,-,-,-,-,-,-,-
MAHA-Govt Quota,NT3,Maharashtra,"Vedantaa Inst of MS, Palghar",ANAESTHESIOLOGY,"₹19,32,000*","₹65,000",0,₹0,-,2688(1),3796(1),3796(1),3796(1),3796(1),-,-,-,-,-,-,-,-,-
MAHA-Govt Quota,OBC Service,Maharashtra,"Lokmanya Tilak, Sion, Mumbai",PHARMACOLOGY,"₹1,43,300*","₹92,522",1,"₹50,00,000",1462,-,-,3798(1),3798(1),3798(1),-,-,-,-,-,-,-,-,-
MAHA-Govt Quota,NT2,Maharashtra,"BJMC, Pune",SPM,"₹1,43,300*","₹92,522",1,"₹50,00,000",1296,3808(1),3808(1),3808(1),3808(1),3808(1),-,-,-,-,-,-,-,-,-
MAHA-Govt Quota,OPEN,Maharashtra,"MIMSR, Latur",PATHOLOGY,"₹7,82,607*","₹76,249",0,₹0,775,3817(1),3817(1),3817(1),3817(1),3817(1),-,-,-,-,-,-,-,-,-
MAHA-Govt Quota,OPEN,Maharashtra,"Sri Bhausaheb, Dhule",PATHOLOGY,"₹1,43,300*","₹92,522",1,"₹50,00,000",545,2315(1),3299(1),3821(1),3821(1),3821(1),-,-,-,-,-,-,-,-,-
MAHA-Govt Quota,SC,Maharashtra,"Tata Memorial, Mumbai",RADIATION ONCOLOGY,"₹1,05,500*","₹1,00,800",1*,"₹25,00,000*",614,2358(1),3216(1),3828(1),3828(1),3828(1),-,-,-,-,-,-,-,-,-
MAHA-Govt Quota,OBC,Maharashtra,"Vasantrao Pawar, Nasik",PSYCHIATRY,"₹9,00,000*","₹69,105",0,₹0,1000,2504(1),3831(1),3831(1),3831(1),3831(1),-,-,-,-,-,-,-,-,-
MAHA-Govt Quota,EWS,Maharashtra,"VMMC, Solapur",PATHOLOGY,"₹1,43,300*","₹92,522",1,"₹50,00,000",763,2419(1),3106(1),3837(1),3837(1),3837(1),-,-,-,-,-,-,-,-,-
MAHA-Govt Quota,ST,Maharashtra,"Indira Gandhi MedColl, Nagpur",PAEDIATRICS,"₹1,43,300*","₹92,522",1,"₹50,00,000",822,2490(1),2749(1),3840(1),3840(1),3840(1),-,-,-,-,-,-,-,-,-
MAHA-Govt Quota,NT2,Maharashtra,"Grant Med Coll, Mumbai",PHARMACOLOGY,"₹1,43,300*","₹92,522",1,"₹50,00,000",2844,-,-,3842(1),3842(1),3842(1),-,-,-,-,-,-,-,-,-
MAHA-Govt Quota,SC,Maharashtra,"MIMER, Talegaon, Pune",ANAESTHESIOLOGY,"₹8,00,000*","₹64,551",0,₹0,720,3716(1),3716(1),3851(1),3851(1),3851(1),-,-,-,-,-,-,-,-,-
MAHA-Govt Quota,OPEN Service,Maharashtra,"Govt Med Coll, Aurangabad",GENERAL MEDICINE,"₹1,43,300*","₹92,522",1,"₹50,00,000",1177,3866(1),3866(1),3866(1),3866(1),3866(1),-,-,-,-,-,-,-,-,-
MAHA Priv-Mgmt Quota,MGT,Maharashtra,"Ashwini Rural, Solapur",DERMATOLOGY,"₹47,24,000*","₹65,000",0,₹0,520,2289(1),2667(1),3161(1),3867(1),3867(1),-,-,-,-,-,-,-,-,-
MAHA-Govt Quota,OBC,Maharashtra,"SMBT IMS, Nashik",ENT,"₹15,16,000*","₹60,000",0,₹0,850,2940(1),3536(1),3564(1),3873(1),3873(1),-,-,-,-,-,-,-,-,-
MAHA-Govt Quota,SC,Maharashtra,"Govt Med Coll, Miraj",ANAESTHESIOLOGY,"₹1,43,300*","₹92,522",1,"₹50,00,000",725,3000(1),3013(1),3486(1),3889(1),3889(1),-,-,-,-,-,-,-,-,-
MAHA-Govt Quota,OBC,Maharashtra,"SRTT, Ambajogai",PATHOLOGY,"₹1,43,300*","₹92,522",1,"₹50,00,000",518,2703(1),3248(1),3891(1),3891(1),3891(1),-,-,-,-,-,-,-,-,-
MAHA-Govt Quota,ST,Maharashtra,"SRTT, Ambajogai",TBRD,"₹1,43,300*","₹92,522",1,"₹50,00,000",518,2749(1),3892(1),3892(1),3892(1),3892(1),-,-,-,-,-,-,-,-,-
MAHA-Govt Quota,OBC,Maharashtra,"Govt Med Coll, Jalgaon",PATHOLOGY,"₹1,43,300*","₹92,522",1,"₹50,00,000",441,2727(1),3374(1),3897(1),3897(1),3897(1),-,-,-,-,-,-,-,-,-
MAHA-Govt Quota,OPEN Service,Maharashtra,"Topiwala, Mumbai",GENERAL MEDICINE,"₹1,43,300*","₹92,522",1,"₹50,00,000",1300,3911(1),3911(1),3911(1),3911(1),3911(1),-,-,-,-,-,-,-,-,-
MAHA-Govt Quota,OPEN,Maharashtra,"Govt Med Coll, Gondia",PATHOLOGY,"₹1,43,300*","₹92,522",1,"₹50,00,000",500,2757(1),3245(1),3915(1),3915(1),3915(1),-,-,-,-,-,-,-,-,-
MAHA Priv-Mgmt Quota,MGT,Maharashtra,"Ulhas Patil Med Coll, Jalgaon",ORTHOPAEDICS,-,-,-,-,500,3924(1),3673(1),3673(1),3673(1),3673(1),-,-,-,-,-,-,-,-,-
MAHA-Govt Quota,ST,Maharashtra,"MGIMS, Wardha",OBG,"₹1,43,300*","₹89,698",1,"₹50,00,000",1000,2591(1),3326(1),3925(1),3925(1),3925(1),-,-,-,-,-,-,-,-,-
MAHA-Govt Quota,SC,Maharashtra,"VMMC, Solapur",ANAESTHESIOLOGY,"₹1,43,300*","₹92,522",1,"₹50,00,000",763,2788(1),3050(1),3569(1),3925(1),3925(1),-,-,-,-,-,-,-,-,-
MAHA-Govt Quota,SC Service,Maharashtra,"Grant Med Coll, Mumbai",RADIO DIAGNOSIS,"₹1,43,300*","₹92,522",1,"₹50,00,000",2844,3929(1),3929(1),3929(1),3929(1),3929(1),-,-,-,-,-,-,-,-,-
MAHA-Govt Quota,OPEN,Maharashtra,"Rajiv Gandhi MC & CSMH, Thane",PHARMACOLOGY,"₹1,43,300*","₹92,522",1,"₹50,00,000",500,3692(1),3930(1),3930(1),3930(1),3930(1),-,-,-,-,-,-,-,-,-
MAHA-Govt Quota,VJ,Maharashtra,"Govt Med Coll, Aurangabad",PATHOLOGY,"₹1,43,300*","₹92,522",1,"₹50,00,000",1177,2855(1),3530(1),3931(1),3931(1),3931(1),-,-,-,-,-,-,-,-,-
MAHA-Govt Quota,OBC,Maharashtra,"Shri VR Naik Govt, Yavatmal",PATHOLOGY,"₹1,43,300*","₹92,522",1,"₹50,00,000",756,2771(1),3266(1),3933(1),3933(1),3933(1),-,-,-,-,-,-,-,-,-
MAHA-Govt Quota,NT2,Maharashtra,"SMBT IMS, Nashik",ANAESTHESIOLOGY,"₹15,16,000*","₹60,000",0,₹0,850,3576(1),3576(1),3934(1),3934(1),3934(1),-,-,-,-,-,-,-,-,-
MAHA-Govt Quota,ST,Maharashtra,"BKL Walawalkar, Ratnagiri",GENERAL MEDICINE,"₹9,67,000*","₹62,000",0,₹0,520,3937(1),3937(1),3937(1),3937(1),3937(1),-,-,-,-,-,-,-,-,-
MAHA-Govt Quota,ST,Maharashtra,"Govt Med Coll, Nagpur",OPHTHALMOLOGY,"₹1,43,300*","₹92,522",1,"₹50,00,000",1866,3490(1),3548(1),3940(1),3940(1),3940(1),-,-,-,-,-,-,-,-,-
MAHA-Govt Quota,OPEN,Maharashtra,"Govt Med Coll, Akola",PATHOLOGY,"₹1,43,300*","₹92,522",1,"₹50,00,000",840,2526(1),3137(1),3789(1),3948(1),3948(1),-,-,-,-,-,-,-,-,-
MAHA-Govt Quota,ST,Maharashtra,"VMMC, Solapur",PAEDIATRICS,"₹1,43,300*","₹92,522",1,"₹50,00,000",763,2546(1),2828(1),3962(1),3962(1),3962(1),-,-,-,-,-,-,-,-,-
MAHA-Govt Quota,SC Service,Maharashtra,"Govt Med Coll, Aurangabad",RADIO DIAGNOSIS,"₹1,43,300*","₹92,522",1,"₹50,00,000",1177,3972(1),3972(1),3972(1),3972(1),3972(1),-,-,-,-,-,-,-,-,-
MAHA-Govt Quota,OPEN,Maharashtra,"Rajarshee CSM Govt MC,Kolhapur",SPM,"₹1,43,300*","₹92,522",1,"₹50,00,000",665,3090(1),3974(1),3974(1),3974(1),3974(1),-,-,-,-,-,-,-,-,-
MAHA-Govt Quota,ST,Maharashtra,"Govt Med Coll, Nanded",ORTHOPAEDICS,"₹1,43,300*","₹92,522",1,"₹50,00,000",750,3182(1),3448(1),3980(1),3980(1),3980(1),-,-,-,-,-,-,-,-,-
MAHA-Govt Quota,OBC,Maharashtra,"Govt Med Coll, Nanded",PATHOLOGY,"₹1,43,300*","₹92,522",1,"₹50,00,000",750,2486(1),3247(1),3932(1),3981(1),3981(1),-,-,-,-,-,-,-,-,-
MAHA-Govt Quota,OPEN Service,Maharashtra,"Indira Gandhi MedColl, Nagpur",RADIO DIAGNOSIS,"₹1,43,300*","₹92,522",1,"₹50,00,000",822,3995(1),3995(1),3995(1),3995(1),3995(1),-,-,-,-,-,-,-,-,-
MAHA-Govt Quota,OPEN-Orphan,Maharashtra,"Topiwala, Mumbai",SPM,"₹1,43,300*","₹92,522",1,"₹50,00,000",1300,-,-,4009(1),4009(1),4009(1),-,-,-,-,-,-,-,-,-
MAHA-Govt Quota,VJ,Maharashtra,"Govt Med Coll, Chandrapur",PATHOLOGY,"₹1,43,300*","₹92,522",1,"₹50,00,000",650,3530(1),3780(1),4040(1),4040(1),4040(1),-,-,-,-,-,-,-,-,-
MAHA-Govt Quota,EWS,Maharashtra,"Govt Med Coll, Akola",PATHOLOGY,"₹1,43,300*","₹92,522",1,"₹50,00,000",840,2640(1),3391(1),3887(1),4051(1),4051(1),-,-,-,-,-,-,-,-,-
MAHA-Govt Quota,OPEN,Maharashtra,"VMMC, Solapur",MICROBIOLOGY,"₹1,43,300*","₹92,522",1,"₹50,00,000",763,4053(1),4053(1),4053(1),4053(1),4053(1),-,-,-,-,-,-,-,-,-
MAHA-Govt Quota,VJ,Maharashtra,"Vedantaa Inst of MS, Palghar",GENERAL SURGERY,"₹19,32,000*","₹65,000",0,₹0,-,3509(1),3212(1),4060(1),4060(1),4060(1),-,-,-,-,-,-,-,-,-
MAHA-Govt Quota,OPEN Service,Maharashtra,"Govt Med Coll, Nanded",DERMATOLOGY,"₹1,43,300*","₹92,522",1,"₹50,00,000",750,4062(1),4062(1),4062(1),4062(1),4062(1),-,-,-,-,-,-,-,-,-
MAHA-Govt Quota,ST,Maharashtra,"Vasantrao Pawar, Nasik",GENERAL SURGERY,"₹9,00,000*","₹69,105",0,₹0,1000,4065(1),4065(1),4065(1),4065(1),4065(1),-,-,-,-,-,-,-,-,-
MAHA-Govt Quota,ST,Maharashtra,"Rajarshee CSM Govt MC,Kolhapur",GENERAL SURGERY,"₹1,43,300*","₹92,522",1,"₹50,00,000",665,3176(1),3659(1),4096(1),4096(1),4096(1),-,-,-,-,-,-,-,-,-
MAHA-Govt Quota,ST,Maharashtra,"Sri Bhausaheb, Dhule",GENERAL SURGERY,"₹1,43,300*","₹92,522",1,"₹50,00,000",545,3121(1),4096(1),3879(1),3879(1),3879(1),-,-,-,-,-,-,-,-,-
MAHA-Govt Quota,ST,Maharashtra,"Kashibai Navale, Pune",OBG,"₹12,94,000*","₹76,429",0,₹0,1094,4102(1),4102(1),4102(1),4102(1),4102(1),-,-,-,-,-,-,-,-,-
MAHA-Govt Quota,OPEN Service,Maharashtra,"VMMC, Solapur",GENERAL MEDICINE,"₹1,43,300*","₹92,522",1,"₹50,00,000",763,4110(1),4110(1),4110(1),4110(1),4110(1),-,-,-,-,-,-,-,-,-
MAHA-Govt Quota,NT1,Maharashtra,"Indira Gandhi MedColl, Nagpur",PATHOLOGY,"₹1,43,300*","₹92,522",1,"₹50,00,000",822,2813(1),3989(1),4113(1),4113(1),4113(1),-,-,-,-,-,-,-,-,-
MAHA-Govt Quota,OPEN,Maharashtra,"Topiwala, Mumbai",SPM,"₹1,43,300*","₹92,522",1,"₹50,00,000",1300,3142(1),3730(1),4114(1),3538(1),3538(1),-,-,-,-,-,-,-,-,-
MAHA-Govt Quota,ST,Maharashtra,"Govt Med Coll, Miraj",GENERAL SURGERY,"₹1,43,300*","₹92,522",1,"₹50,00,000",725,2828(1),3926(1),4122(1),4122(1),4122(1),-,-,-,-,-,-,-,-,-
MAHA-Govt Quota,OBC,Maharashtra,"BKL Walawalkar, Ratnagiri",ANAESTHESIOLOGY,"₹9,67,000*","₹62,000",0,₹0,520,3007(1),3206(1),3451(1),3009(1),4124(1),-,-,-,-,-,-,-,-,-
MAHA-Govt Quota,OPEN Service,Maharashtra,"Pimpri Chinchwad, Pimpri",PAEDIATRICS,"₹1,43,300*","₹92,522",1,"₹50,00,000",750,4127(1),4127(1),4127(1),4127(1),4127(1),-,-,-,-,-,-,-,-,-
MAHA-Govt Quota,SC,Maharashtra,"Panjabrao Deshmukh, Amravati",PSYCHIATRY,"₹11,90,000*","₹76,429",0,₹0,760,3364(1),3364(1),4134(1),4134(1),4134(1),-,-,-,-,-,-,-,-,-
MAHA-Govt Quota,NT1,Maharashtra,"BJMC, Pune",SPM,"₹1,43,300*","₹92,522",1,"₹50,00,000",1296,4147(1),4147(1),4147(1),4147(1),4147(1),-,-,-,-,-,-,-,-,-
MAHA-Govt Quota,ST,Maharashtra,"Seth GS, Mumbai",OPHTHALMOLOGY,"₹1,43,300*","₹92,522",1,"₹50,00,000",2250,2922(1),2922(1),4150(1),4150(1),4150(1),-,-,-,-,-,-,-,-,-
MAHA-Govt Quota,NT3,Maharashtra,"Lokmanya Tilak, Sion, Mumbai",PATHOLOGY,"₹1,43,300*","₹92,522",1,"₹50,00,000",1462,2460(1),3056(1),4151(1),4151(1),4151(1),-,-,-,-,-,-,-,-,-
MAHA-Govt Quota,SC Service,Maharashtra,"Grant Med Coll, Mumbai",DERMATOLOGY,"₹1,43,300*","₹92,522",1,"₹50,00,000",2844,4158(1),4158(1),4158(1),4158(1),4158(1),-,-,-,-,-,-,-,-,-
MAHA-Govt Quota,OPEN Service,Maharashtra,"Govt Med Coll, Latur",RADIO DIAGNOSIS,"₹1,43,300*","₹92,522",1,"₹50,00,000",750,4173(1),4173(1),4173(1),4173(1),4173(1),-,-,-,-,-,-,-,-,-
MAHA-Govt Quota,ST Service,Maharashtra,"MPGIMER, Nashik",GENERAL MEDICINE,"₹1,43,300*","₹92,522",1,"₹50,00,000",-,4187(1),4187(1),4187(1),4187(1),4187(1),-,-,-,-,-,-,-,-,-
MAHA-Govt Quota,OPEN Service,Maharashtra,"Govt Med Coll, Nagpur",ORTHOPAEDICS,"₹1,43,300*","₹92,522",1,"₹50,00,000",1866,4204(1),4204(1),4204(1),4204(1),4204(1),-,-,-,-,-,-,-,-,-
MAHA-Govt Quota,SC-PH,Maharashtra,"BJMC, Pune",PATHOLOGY,"₹1,43,300*","₹92,522",1,"₹50,00,000",1296,-,-,4205(1),4205(1),4205(1),-,-,-,-,-,-,-,-,-
MAHA-Govt Quota,EWS,Maharashtra,"Lokmanya Tilak, Sion, Mumbai",PHARMACOLOGY,"₹1,43,300*","₹92,522",1,"₹50,00,000",1462,4209(1),4209(1),4209(1),4209(1),4209(1),-,-,-,-,-,-,-,-,-
MAHA-Govt Quota,ST,Maharashtra,"BJMC, Pune",OPHTHALMOLOGY,"₹1,43,300*","₹92,522",1,"₹50,00,000",1296,3480(1),3480(1),4216(1),4216(1),4216(1),-,-,-,-,-,-,-,-,-
MAHA-Govt Quota,OPEN,Maharashtra,"Pimpri Chinchwad, Pimpri",SPM,"₹1,43,300*","₹92,522",1,"₹50,00,000",750,3552(1),3864(1),4217(1),4217(1),4217(1),-,-,-,-,-,-,-,-,-
MAHA-Govt Quota,OPEN Service,Maharashtra,"Topiwala, Mumbai",PSYCHIATRY,"₹1,43,300*","₹92,522",1,"₹50,00,000",1300,4219(1),4219(1),4219(1),4219(1),4219(1),-,-,-,-,-,-,-,-,-
MAHA-Govt Quota,ST,Maharashtra,"Vithalrao Patil, Ahmednagar",PAEDIATRICS,"₹10,00,000*","₹76,629",0,₹0,960,4226(1),4226(1),4226(1),4226(1),4226(1),-,-,-,-,-,-,-,-,-
MAHA-Govt Quota,NT2,Maharashtra,"Rajarshee CSM Govt MC,Kolhapur",PATHOLOGY,"₹1,43,300*","₹92,522",1,"₹50,00,000",665,3749(1),3749(1),4227(1),4227(1),4227(1),-,-,-,-,-,-,-,-,-
MAHA-Govt Quota,OPEN Service,Maharashtra,"Govt Med Coll, Latur",GENERAL MEDICINE,"₹1,43,300*","₹92,522",1,"₹50,00,000",750,4227(1),4227(1),4227(1),4227(1),4227(1),-,-,-,-,-,-,-,-,-
MAHA-Govt Quota,ST,Maharashtra,"Grant Med Coll, Mumbai",EMERGENCY MEDICINE,"₹1,43,300*","₹92,522",1,"₹50,00,000",2844,2772(1),3612(1),4232(1),4232(1),4232(1),-,-,-,-,-,-,-,-,-
MAHA-Govt Quota,OBC-PH,Maharashtra,"Tata Memorial, Mumbai",RADIATION ONCOLOGY,"₹1,05,500*","₹1,00,800",1*,"₹25,00,000*",614,-,-,2277(1),4236(1),4236(1),-,-,-,-,-,-,-,-,-
MAHA-Govt Quota,SC,Maharashtra,"Grant Med Coll, Mumbai",SPM,"₹1,43,300*","₹92,522",1,"₹50,00,000",2844,3569(1),4244(1),4244(1),4244(1),4244(1),-,-,-,-,-,-,-,-,-
MAHA-Govt Quota,OBC,Maharashtra,"Vasantrao Pawar, Nasik",PATHOLOGY,"₹9,00,000*","₹69,105",0,₹0,1000,3754(1),4246(1),4246(1),4246(1),4246(1),-,-,-,-,-,-,-,-,-
MAHA-Govt Quota,OPEN Service,Maharashtra,"Seth GS, Mumbai",DERMATOLOGY,"₹1,43,300*","₹92,522",1,"₹50,00,000",2250,4247(1),4247(1),4247(1),4247(1),4247(1),-,-,-,-,-,-,-,-,-
MAHA-Govt Quota,OPEN,Maharashtra,"Seth GS, Mumbai",PHYSIOLOGY,"₹1,43,300*","₹92,522",1,"₹50,00,000",2250,4258(1),4258(1),4258(1),4258(1),4258(1),-,-,-,-,-,-,-,-,-
MAHA-Govt Quota,OPEN Service,Maharashtra,"Govt Med Coll, Nanded",PSYCHIATRY,"₹1,43,300*","₹92,522",1,"₹50,00,000",750,4263(1),4263(1),4263(1),4263(1),4263(1),-,-,-,-,-,-,-,-,-
MAHA-Govt Quota,SC,Maharashtra,"Ashwini Rural, Solapur",ANAESTHESIOLOGY,"₹11,81,000*","₹65,000",0,₹0,520,3726(1),3851(1),4268(1),4268(1),4268(1),-,-,-,-,-,-,-,-,-
MAHA-Govt Quota,NT1 Service,Maharashtra,"Govt Med Coll, Aurangabad",GENERAL MEDICINE,"₹1,43,300*","₹92,522",1,"₹50,00,000",1177,4289(1),4289(1),4289(1),4289(1),4289(1),-,-,-,-,-,-,-,-,-
MAHA-Govt Quota,ST,Maharashtra,"Govt Med Coll, Nanded",ANAESTHESIOLOGY,"₹1,43,300*","₹92,522",1,"₹50,00,000",750,4056(1),4314(1),4314(1),4314(1),4314(1),-,-,-,-,-,-,-,-,-
MAHA-Govt Quota,ST,Maharashtra,"BJMC, Pune",TBRD,"₹1,43,300*","₹92,522",1,"₹50,00,000",1296,2586(1),3493(1),3893(1),4325(1),4325(1),-,-,-,-,-,-,-,-,-
MAHA-Govt Quota,SC,Maharashtra,"HBT & RN Cooper, Mumbai",PATHOLOGY,"₹1,43,300*","₹92,522",1,"₹50,00,000",940,3164(1),3569(1),4327(1),4327(1),4327(1),-,-,-,-,-,-,-,-,-
MAHA-Govt Quota,NT1,Maharashtra,"Govt Med Coll, Miraj",SPM,"₹1,43,300*","₹92,522",1,"₹50,00,000",725,4340(1),4340(1),4340(1),4340(1),4340(1),-,-,-,-,-,-,-,-,-
MAHA-Govt Quota,OPEN,Maharashtra,"BJMC, Pune",PHARMACOLOGY,"₹1,43,300*","₹92,522",1,"₹50,00,000",1296,2052(1),3692(1),4341(1),4341(1),4341(1),-,-,-,-,-,-,-,-,-
MAHA-Govt Quota,ST,Maharashtra,"Govt Med Coll, Chandrapur",GENERAL SURGERY,"₹1,43,300*","₹92,522",1,"₹50,00,000",650,3285(1),4043(1),4342(1),4342(1),4342(1),-,-,-,-,-,-,-,-,-
MAHA-NRI Quota,NRI,Maharashtra,"Ulhas Patil Med Coll, Jalgaon",DERMATOLOGY,-,-,-,-,500,3439(1),4347(1),4347(1),4347(1),4347(1),-,-,-,-,-,-,-,-,-
MAHA-Govt Quota,SC,Maharashtra,"SMBT IMS, Nashik",ANAESTHESIOLOGY,"₹15,16,000*","₹60,000",0,₹0,850,3851(1),3630(1),4357(1),4357(1),4357(1),-,-,-,-,-,-,-,-,-
MAHA-Govt Quota,SC Service,Maharashtra,"Govt Med Coll, Nanded",OBG,"₹1,43,300*","₹92,522",1,"₹50,00,000",750,-,4380(1),4380(1),4380(1),4380(1),-,-,-,-,-,-,-,-,-
MAHA-Govt Quota,OBC Service,Maharashtra,"Rajarshee CSM Govt MC,Kolhapur",GENERAL MEDICINE,"₹1,43,300*","₹92,522",1,"₹50,00,000",665,4200(1),4391(1),4391(1),4391(1),4391(1),-,-,-,-,-,-,-,-,-
MAHA-Govt Quota,OPEN,Maharashtra,"HBT & RN Cooper, Mumbai",PHARMACOLOGY,"₹1,43,300*","₹92,522",1,"₹50,00,000",940,3765(1),3798(1),4399(1),4399(1),4399(1),-,-,-,-,-,-,-,-,-
MAHA-Govt Quota,SC Service,Maharashtra,"Seth GS, Mumbai",PAEDIATRICS,"₹1,43,300*","₹92,522",1,"₹50,00,000",2250,4380(1),4400(1),4400(1),4400(1),4400(1),-,-,-,-,-,-,-,-,-
MAHA-Govt Quota,OPEN Service,Maharashtra,"Govt Med Coll, Nagpur",FORENSIC MEDICINE,"₹1,43,300*","₹92,522",1,"₹50,00,000",1866,-,-,4402(1),4402(1),4402(1),-,-,-,-,-,-,-,-,-
MAHA-Govt Quota,SC Service,Maharashtra,"Rajiv Gandhi MC & CSMH, Thane",PATHOLOGY,"₹1,43,300*","₹92,522",1,"₹50,00,000",500,-,-,4408(1),4408(1),4408(1),-,-,-,-,-,-,-,-,-
MAHA-Govt Quota,OPEN Service,Maharashtra,"MPGIMER, Nashik",OBG,"₹1,43,300*","₹92,522",1,"₹50,00,000",-,4414(1),4414(1),4414(1),4414(1),4414(1),-,-,-,-,-,-,-,-,-
MAHA-Govt Quota,ST-PH,Maharashtra,"Topiwala, Mumbai",ANAESTHESIOLOGY,"₹1,43,300*","₹92,522",1,"₹50,00,000",1300,-,-,4415(1),4415(1),4415(1),-,-,-,-,-,-,-,-,-
MAHA Priv-Mgmt Quota,MGT,Maharashtra,"IIMSR, Jalna",OPHTHALMOLOGY,"₹36,00,000*","₹64,551",0,₹0,Info Not Available,4418(1),-,-,-,-,-,-,-,-,-,-,-,-,-
MAHA-Govt Quota,OPEN Service,Maharashtra,"VMMC, Solapur",RADIO DIAGNOSIS,"₹1,43,300*","₹92,522",1,"₹50,00,000",763,4435(1),4435(1),4435(1),4435(1),4435(1),-,-,-,-,-,-,-,-,-
MAHA-Govt Quota,OPEN Service,Maharashtra,"Seth GS, Mumbai",PSYCHIATRY,"₹1,43,300*","₹92,522",1,"₹50,00,000",2250,4438(1),4438(1),4438(1),4438(1),4438(1),-,-,-,-,-,-,-,-,-
MAHA-Govt Quota,ST,Maharashtra,"Rajarshee CSM Govt MC,Kolhapur",PSYCHIATRY,"₹1,43,300*","₹92,522",1,"₹50,00,000",665,3508(1),4446(1),4446(1),4446(1),4446(1),-,-,-,-,-,-,-,-,-
MAHA-Govt Quota,ST,Maharashtra,"BJMC, Pune",ANAESTHESIOLOGY,"₹1,43,300*","₹92,522",1,"₹50,00,000",1296,3648(1),4266(1),4446(1),4446(1),4446(1),-,-,-,-,-,-,-,-,-
MAHA-Govt Quota,NT2,Maharashtra,"VMMC, Solapur",SPM,"₹1,43,300*","₹92,522",1,"₹50,00,000",763,3934(1),3934(1),4462(1),4462(1),4462(1),-,-,-,-,-,-,-,-,-
MAHA-Govt Quota,OPEN Service,Maharashtra,"Govt Med Coll, Nanded",ANAESTHESIOLOGY,"₹1,43,300*","₹92,522",1,"₹50,00,000",750,4476(1),4476(1),4476(1),4476(1),4476(1),-,-,-,-,-,-,-,-,-
MAHA-Govt Quota,OBC,Maharashtra,"Topiwala, Mumbai",FORENSIC MEDICINE,"₹1,43,300*","₹92,522",1,"₹50,00,000",1300,4481(1),4481(1),4481(1),4481(1),4481(1),-,-,-,-,-,-,-,-,-
MAHA-Govt Quota,OBC,Maharashtra,"HBT & RN Cooper, Mumbai",SPM,"₹1,43,300*","₹92,522",1,"₹50,00,000",940,3522(1),4465(1),4482(1),4482(1),4482(1),-,-,-,-,-,-,-,-,-
MAHA-Govt Quota,ST,Maharashtra,"Govt Med Coll, Nagpur",ANAESTHESIOLOGY,"₹1,43,300*","₹92,522",1,"₹50,00,000",1866,3659(1),4416(1),4491(1),4491(1),4491(1),-,-,-,-,-,-,-,-,-
MAHA-Govt Quota,ST,Maharashtra,"Grant Med Coll, Mumbai",SPM,"₹1,43,300*","₹92,522",1,"₹50,00,000",2844,4496(1),4496(1),4496(1),4496(1),4496(1),-,-,-,-,-,-,-,-,-
MAHA-Govt Quota,OBC,Maharashtra,"Govt Med Coll, Aurangabad",SPM,"₹1,43,300*","₹92,522",1,"₹50,00,000",1177,4101(1),4521(1),4521(1),4521(1),4521(1),-,-,-,-,-,-,-,-,-
MAHA-Govt Quota,EWS Service,Maharashtra,"Lokmanya Tilak, Sion, Mumbai",RADIO DIAGNOSIS,"₹1,43,300*","₹92,522",1,"₹50,00,000",1462,4531(1),4531(1),4531(1),4531(1),4531(1),-,-,-,-,-,-,-,-,-
MAHA-Govt Quota,NT2,Maharashtra,"Kashibai Navale, Pune",PATHOLOGY,"₹12,94,000*","₹76,429",0,₹0,1094,4534(1),4539(1),4539(1),4539(1),4539(1),-,-,-,-,-,-,-,-,-
MAHA-Govt Quota,VJ,Maharashtra,"Ulhas Patil Med Coll, Jalgaon",PSYCHIATRY,"₹9,00,000*","₹52,769",0,₹0,500,3406(1),3406(1),4557(1),4557(1),4557(1),-,-,-,-,-,-,-,-,-
MAHA-Govt Quota,ST,Maharashtra,"Indira Gandhi MedColl, Nagpur",ANAESTHESIOLOGY,"₹1,43,300*","₹92,522",1,"₹50,00,000",822,3624(1),4491(1),4558(1),4558(1),4558(1),-,-,-,-,-,-,-,-,-
MAHA-Govt Quota,OBC Service,Maharashtra,"Seth GS, Mumbai",MICROBIOLOGY,"₹1,43,300*","₹92,522",1,"₹50,00,000",2250,-,-,4559(1),4559(1),4559(1),-,-,-,-,-,-,-,-,-
MAHA-Govt Quota,OPEN-Orphan,Maharashtra,"SRTT, Ambajogai",MICROBIOLOGY,"₹1,43,300*","₹92,522",1,"₹50,00,000",518,-,-,4561(1),4561(1),4561(1),-,-,-,-,-,-,-,-,-
MAHA-Govt Quota,OBC Service,Maharashtra,"Topiwala, Mumbai",GENERAL MEDICINE,"₹1,43,300*","₹92,522",1,"₹50,00,000",1300,4563(1),4563(1),4563(1),4563(1),4563(1),-,-,-,-,-,-,-,-,-
MAHA-Govt Quota,SC,Maharashtra,"Grant Med Coll, Mumbai",IHBT,"₹1,43,300*","₹92,522",1,"₹50,00,000",2844,3889(1),4373(1),4572(1),4572(1),4572(1),-,-,-,-,-,-,-,-,-
MAHA-Govt Quota,SC Service,Maharashtra,"Grant Med Coll, Mumbai",ORTHOPAEDICS,"₹1,43,300*","₹92,522",1,"₹50,00,000",2844,4400(1),4589(1),4589(1),4589(1),4589(1),-,-,-,-,-,-,-,-,-
MAHA-Govt Quota,OPEN Service,Maharashtra,"Govt Med Coll, Aurangabad",ANAESTHESIOLOGY,"₹1,43,300*","₹92,522",1,"₹50,00,000",1177,4590(1),4590(1),4590(1),4590(1),4590(1),-,-,-,-,-,-,-,-,-
MAHA-Govt Quota,EWS Service,Maharashtra,"BJMC, Pune",DERMATOLOGY,"₹1,43,300*","₹92,522",1,"₹50,00,000",1296,4592(1),4592(1),4592(1),4592(1),4592(1),-,-,-,-,-,-,-,-,-
MAHA-Govt Quota,OPEN,Maharashtra,"MIMER, Talegaon, Pune",PATHOLOGY,"₹8,00,000*","₹64,551",0,₹0,720,3293(1),3754(1),4602(1),4602(1),4602(1),-,-,-,-,-,-,-,-,-
MAHA-Govt Quota,NT2,Maharashtra,"Govt Med Coll, Nagpur",PSYCHIATRY,"₹1,43,300*","₹92,522",1,"₹50,00,000",1866,1382(1),1999(1),2219(1),4605(1),4605(1),-,-,-,-,-,-,-,-,-
MAHA-Govt Quota,EWS,Maharashtra,"BJMC, Pune",MICROBIOLOGY,"₹1,43,300*","₹92,522",1,"₹50,00,000",1296,-,-,4608(1),4608(1),4608(1),-,-,-,-,-,-,-,-,-
MAHA-Govt Quota,OPEN Service,Maharashtra,"Govt Med Coll, Latur",OBG,"₹1,43,300*","₹92,522",1,"₹50,00,000",750,4619(1),4619(1),4619(1),4619(1),4619(1),-,-,-,-,-,-,-,-,-
MAHA-Govt Quota,ST,Maharashtra,"NKP Salve IMS, Nagpur",GENERAL SURGERY,"₹9,00,000*","₹64,551",0,₹0,1272,4620(1),4620(1),4620(1),4620(1),4620(1),-,-,-,-,-,-,-,-,-
MAHA-Govt Quota,ST Service,Maharashtra,"Govt Med Coll, Nagpur",DERMATOLOGY,"₹1,43,300*","₹92,522",1,"₹50,00,000",1866,4623(1),4623(1),4623(1),4623(1),4623(1),-,-,-,-,-,-,-,-,-
MAHA-Govt Quota,OPEN Service,Maharashtra,"Govt Med Coll, Jalgaon",GENERAL MEDICINE,"₹1,43,300*","₹92,522",1,"₹50,00,000",441,4639(1),4639(1),4639(1),4639(1),4639(1),-,-,-,-,-,-,-,-,-
MAHA-Govt Quota,SC Service,Maharashtra,"BJMC, Pune",GENERAL MEDICINE,"₹1,43,300*","₹92,522",1,"₹50,00,000",1296,4651(1),4651(1),4651(1),4651(1),4651(1),-,-,-,-,-,-,-,-,-
MAHA-Govt Quota,OBC Service,Maharashtra,"Indira Gandhi MedColl, Nagpur",DERMATOLOGY,"₹1,43,300*","₹92,522",1,"₹50,00,000",822,4653(1),4200(1),4200(1),4200(1),4200(1),-,-,-,-,-,-,-,-,-
MAHA-Govt Quota,OPEN Service,Maharashtra,"Topiwala, Mumbai",PAEDIATRICS,"₹1,43,300*","₹92,522",1,"₹50,00,000",1300,4655(1),4655(1),4655(1),4655(1),4655(1),-,-,-,-,-,-,-,-,-
MAHA-Govt Quota,NT3 Service,Maharashtra,"Govt Med Coll, Nagpur",GENERAL MEDICINE,"₹1,43,300*","₹92,522",1,"₹50,00,000",1866,4665(1),4665(1),4665(1),4665(1),4665(1),-,-,-,-,-,-,-,-,-
MAHA-Govt Quota,OPEN Service,Maharashtra,"Grant Med Coll, Mumbai",TBRD,"₹1,43,300*","₹92,522",1,"₹50,00,000",2844,4677(1),4677(1),4677(1),4677(1),4677(1),-,-,-,-,-,-,-,-,-
MAHA-Govt Quota,NT3 Service,Maharashtra,"VMMC, Solapur",OBG,"₹1,43,300*","₹92,522",1,"₹50,00,000",763,4679(1),-,4679(1),4679(1),4679(1),-,-,-,-,-,-,-,-,-
MAHA-Govt Quota,ST,Maharashtra,"Vasantrao Pawar, Nasik",ORTHOPAEDICS,"₹9,00,000*","₹69,105",0,₹0,1000,4688(1),4688(1),4688(1),4688(1),4688(1),-,-,-,-,-,-,-,-,-
MAHA-Govt Quota,SC Service,Maharashtra,"Lokmanya Tilak, Sion, Mumbai",GENERAL MEDICINE,"₹1,43,300*","₹92,522",1,"₹50,00,000",1462,4690(1),4690(1),4690(1),4690(1),4690(1),-,-,-,-,-,-,-,-,-
MAHA-Govt Quota,OPEN,Maharashtra,"Vithalrao Patil, Ahmednagar",PATHOLOGY,"₹10,00,000*","₹76,629",0,₹0,960,3393(1),3755(1),4692(1),4692(1),4692(1),-,-,-,-,-,-,-,-,-
MAHA-Govt Quota,VJ Service,Maharashtra,"Govt Med Coll, Miraj",RADIO DIAGNOSIS,"₹1,43,300*","₹92,522",1,"₹50,00,000",725,4697(1),4697(1),4697(1),4697(1),4697(1),-,-,-,-,-,-,-,-,-
MAHA-Govt Quota,OBC Service-PH,Maharashtra,"Topiwala, Mumbai",RADIO DIAGNOSIS,"₹1,43,300*","₹92,522",1,"₹50,00,000",1300,-,-,4699(1),4699(1),4699(1),-,-,-,-,-,-,-,-,-
MAHA-Govt Quota,ST,Maharashtra,"Rajarshee CSM Govt MC,Kolhapur",ANAESTHESIOLOGY,"₹1,43,300*","₹92,522",1,"₹50,00,000",665,4093(1),4304(1),4702(1),4702(1),4702(1),-,-,-,-,-,-,-,-,-
MAHA-Govt Quota,OPEN Service,Maharashtra,"Govt Med Coll, Nagpur",PAEDIATRICS,"₹1,43,300*","₹92,522",1,"₹50,00,000",1866,4711(1),4711(1),4711(1),4711(1),4711(1),-,-,-,-,-,-,-,-,-
MAHA-Govt Quota,EWS,Maharashtra,"Indira Gandhi MedColl, Nagpur",SPM,"₹1,43,300*","₹92,522",1,"₹50,00,000",822,-,-,4734(1),4734(1),4734(1),-,-,-,-,-,-,-,-,-
MAHA-Govt Quota,NT1,Maharashtra,"Govt Med Coll, Akola",PATHOLOGY,"₹1,43,300*","₹92,522",1,"₹50,00,000",840,2699(1),4739(1),4739(1),4739(1),4739(1),-,-,-,-,-,-,-,-,-
MAHA-Govt Quota,OPEN,Maharashtra,"Rajiv Gandhi MC & CSMH, Thane",MICROBIOLOGY,"₹1,43,300*","₹92,522",1,"₹50,00,000",500,4480(1),4741(1),4741(1),4741(1),4741(1),-,-,-,-,-,-,-,-,-
MAHA-Govt Quota,OBC Service,Maharashtra,"BJMC, Pune",OBG,"₹1,43,300*","₹92,522",1,"₹50,00,000",1296,-,4742(1),4742(1),4742(1),4742(1),-,-,-,-,-,-,-,-,-
MAHA-Govt Quota,EWS Service,Maharashtra,"Govt Med Coll, Latur",SPM,"₹1,43,300*","₹92,522",1,"₹50,00,000",750,-,-,4750(1),4750(1),4750(1),-,-,-,-,-,-,-,-,-
MAHA-Govt Quota,OBC,Maharashtra,"Rajarshee CSM Govt MC,Kolhapur",SPM,"₹1,43,300*","₹92,522",1,"₹50,00,000",665,4521(1),4567(1),4762(1),4762(1),4762(1),-,-,-,-,-,-,-,-,-
MAHA Priv-Mgmt Quota,MGT-Minority,Maharashtra,"IIMSR, Jalna",ORTHOPAEDICS,"₹36,00,000*","₹64,551",0,₹0,Info Not Available,-,-,4763(1),4763(1),4763(1),-,-,-,-,-,-,-,-,-
MAHA-NRI Quota,NRI,Maharashtra,"MIMSR, Latur",RADIO DIAGNOSIS,"₹39,31,035*","₹76,249",0,₹0,775,4112(1),4765(1),4765(1),4765(1),4765(1),-,-,-,-,-,-,-,-,-
MAHA-Govt Quota,SC Service,Maharashtra,"HBT & RN Cooper, Mumbai",GENERAL MEDICINE,"₹1,43,300*","₹92,522",1,"₹50,00,000",940,4770(1),4770(1),4770(1),4770(1),4770(1),-,-,-,-,-,-,-,-,-
MAHA-Govt Quota,OBC Service,Maharashtra,"Pimpri Chinchwad, Pimpri",GENERAL MEDICINE,"₹1,43,300*","₹92,522",1,"₹50,00,000",750,4774(1),4774(1),4774(1),4774(1),4774(1),-,-,-,-,-,-,-,-,-
MAHA-Govt Quota,OPEN,Maharashtra,"Lokmanya Tilak, Sion, Mumbai",BIOCHEMISTRY,"₹1,43,300*","₹92,522",1,"₹50,00,000",1462,2776(1),4778(1),4778(1),4778(1),4778(1),-,-,-,-,-,-,-,-,-
MAHA-Govt Quota,SC,Maharashtra,"Govt Med Coll, Nagpur",PHARMACOLOGY,"₹1,43,300*","₹92,522",1,"₹50,00,000",1866,4785(1),4785(1),4785(1),4785(1),4785(1),-,-,-,-,-,-,-,-,-
MAHA-Govt Quota,OPEN,Maharashtra,"Seth GS, Mumbai",FORENSIC MEDICINE,"₹1,43,300*","₹92,522",1,"₹50,00,000",2250,4012(1),4684(1),4801(1),4801(1),4801(1),-,-,-,-,-,-,-,-,-
MAHA-Govt Quota,ST,Maharashtra,"Lokmanya Tilak, Sion, Mumbai",DGO,"₹1,43,300*","₹92,522",1,"₹50,00,000",1462,3551(1),4365(1),4808(1),4808(1),4808(1),-,-,-,-,-,-,-,-,-
MAHA-Govt Quota,OPEN Service,Maharashtra,"MPGIMER, Nashik",PAEDIATRICS,"₹1,43,300*","₹92,522",1,"₹50,00,000",-,4814(1),4814(1),4814(1),4814(1),4814(1),-,-,-,-,-,-,-,-,-
MAHA-Govt Quota,EWS Service,Maharashtra,"Govt Med Coll, Akola",RADIO DIAGNOSIS,"₹1,43,300*","₹92,522",1,"₹50,00,000",840,4818(1),4818(1),4818(1),4818(1),4818(1),-,-,-,-,-,-,-,-,-
MAHA-Govt Quota,OPEN Service,Maharashtra,"Govt Med Coll, Aurangabad",OPHTHALMOLOGY,"₹1,43,300*","₹92,522",1,"₹50,00,000",1177,4822(1),4822(1),4822(1),4822(1),4822(1),-,-,-,-,-,-,-,-,-
MAHA-NRI Quota,NRI,Maharashtra,"IIMSR, Jalna",GENERAL MEDICINE,-,-,-,-,Info Not Available,-,-,4829(1),4829(1),4829(1),-,-,-,-,-,-,-,-,-
MAHA-Govt Quota,NT2 Service,Maharashtra,"Grant Med Coll, Mumbai",GENERAL MEDICINE,"₹1,43,300*","₹92,522",1,"₹50,00,000",2844,4833(1),4833(1),4833(1),4833(1),4833(1),-,-,-,-,-,-,-,-,-
MAHA-Govt Quota,OPEN Service,Maharashtra,"Lokmanya Tilak, Sion, Mumbai",PAEDIATRICS,"₹1,43,300*","₹92,522",1,"₹50,00,000",1462,4848(1),4848(1),4848(1),4848(1),4848(1),-,-,-,-,-,-,-,-,-
MAHA-Govt Quota,NT2,Maharashtra,"Indira Gandhi MedColl, Nagpur",SPM,"₹1,43,300*","₹92,522",1,"₹50,00,000",822,4462(1),4462(1),4853(1),4853(1),4853(1),-,-,-,-,-,-,-,-,-
MAHA-Govt Quota,ST,Maharashtra,"Ulhas Patil Med Coll, Jalgaon",OBG,"₹9,00,000*","₹52,769",0,₹0,500,4857(1),4857(1),4857(1),4857(1),4857(1),-,-,-,-,-,-,-,-,-
MAHA Priv-Mgmt Quota,MGT,Maharashtra,"Ulhas Patil Med Coll, Jalgaon",PSYCHIATRY,-,-,-,-,500,4506(1),4858(1),4858(1),4858(1),4858(1),-,-,-,-,-,-,-,-,-
MAHA-Govt Quota,VJ Service,Maharashtra,"BJMC, Pune",PAEDIATRICS,"₹1,43,300*","₹92,522",1,"₹50,00,000",1296,-,4877(1),4877(1),4877(1),4877(1),-,-,-,-,-,-,-,-,-
MAHA-Govt Quota,OPEN Service,Maharashtra,"BJMC, Pune",ORTHOPAEDICS,"₹1,43,300*","₹92,522",1,"₹50,00,000",1296,4884(1),4705(1),4705(1),4705(1),4705(1),-,-,-,-,-,-,-,-,-
MAHA-Govt Quota,OBC Service,Maharashtra,"Govt Med Coll, Miraj",PAEDIATRICS,"₹1,43,300*","₹92,522",1,"₹50,00,000",725,4886(1),4886(1),4886(1),4886(1),4886(1),-,-,-,-,-,-,-,-,-
MAHA-Govt Quota,ST Service,Maharashtra,"Tata Memorial, Mumbai",RADIO DIAGNOSIS,"₹1,05,500*","₹1,00,800",1*,"₹25,00,000*",614,4887(1),4887(1),4887(1),4887(1),4887(1),-,-,-,-,-,-,-,-,-
MAHA-Govt Quota,NT3,Maharashtra,"Govt Med Coll, Akola",SPM,"₹1,43,300*","₹92,522",1,"₹50,00,000",840,-,-,4892(1),4892(1),4892(1),-,-,-,-,-,-,-,-,-
MAHA-Govt Quota,EWS Service,Maharashtra,"Shri VR Naik Govt, Yavatmal",PAEDIATRICS,"₹1,43,300*","₹92,522",1,"₹50,00,000",756,-,-,4895(1),4895(1),4895(1),-,-,-,-,-,-,-,-,-
MAHA-Govt Quota,OPEN-PH,Maharashtra,"Govt Med Coll, Latur",DERMATOLOGY,"₹1,43,300*","₹92,522",1,"₹50,00,000",750,4898(1),4898(1),4898(1),4898(1),4898(1),-,-,-,-,-,-,-,-,-
MAHA-Govt Quota,OBC,Maharashtra,"Ashwini Rural, Solapur",PATHOLOGY,"₹11,81,000*",Info not available,0,₹0,520,4494(1),4899(1),4899(1),4899(1),4899(1),-,-,-,-,-,-,-,-,-
MAHA-Govt Quota,VJ Service,Maharashtra,"Govt Med Coll, Nagpur",GENERAL MEDICINE,"₹1,43,300*","₹92,522",1,"₹50,00,000",1866,4906(1),4906(1),4906(1),4906(1),4906(1),-,-,-,-,-,-,-,-,-
MAHA-Govt Quota,VJ,Maharashtra,"Govt Med Coll, Nagpur",SPM,"₹1,43,300*","₹92,522",1,"₹50,00,000",1866,3945(1),3945(1),4910(1),4910(1),4910(1),-,-,-,-,-,-,-,-,-
MAHA Priv-Mgmt Quota,MGT-Minority,Maharashtra,"IIMSR, Jalna",PATHOLOGY,"₹36,00,000*","₹64,551",0,₹0,Info Not Available,-,-,4911(1),4911(1),4911(1),-,-,-,-,-,-,-,-,-
MAHA-Govt Quota,OPEN Service,Maharashtra,"MGIMS, Wardha",OBG,"₹1,43,300*","₹89,698",1,"₹50,00,000",1000,4908(1),-,4915(1),4915(1),4915(1),-,-,-,-,-,-,-,-,-
MAHA-Govt Quota,OPEN Service,Maharashtra,"Lokmanya Tilak, Sion, Mumbai",GENERAL SURGERY,"₹1,43,300*","₹92,522",1,"₹50,00,000",1462,-,-,4915(1),4915(1),4915(1),-,-,-,-,-,-,-,-,-
MAHA-Govt Quota,OPEN Service,Maharashtra,"Govt Med Coll, Miraj",SPM,"₹1,43,300*","₹92,522",1,"₹50,00,000",725,4917(1),4917(1),4917(1),4917(1),4917(1),-,-,-,-,-,-,-,-,-
MAHA-Govt Quota,OPEN-PH,Maharashtra,"Govt Med Coll, Nagpur",OBG,"₹1,43,300*","₹92,522",1,"₹50,00,000",1866,4922(1),-,594(1),594(1),594(1),-,-,-,-,-,-,-,-,-
MAHA-Govt Quota,OBC,Maharashtra,"Kashibai Navale, Pune",PATHOLOGY,"₹12,94,000*","₹76,429",0,₹0,1094,3635(1),4923(1),4923(1),4923(1),4923(1),-,-,-,-,-,-,-,-,-
MAHA-Govt Quota,ST Service,Maharashtra,"SRTT, Ambajogai",GENERAL MEDICINE,"₹1,43,300*","₹92,522",1,"₹50,00,000",518,4928(1),4928(1),4928(1),4928(1),4928(1),-,-,-,-,-,-,-,-,-
MAHA-Govt Quota,SC Service,Maharashtra,"Seth GS, Mumbai",OBG,"₹1,43,300*","₹92,522",1,"₹50,00,000",2250,4929(1),4929(1),4929(1),4929(1),4929(1),-,-,-,-,-,-,-,-,-
MAHA-Govt Quota,SC,Maharashtra,"Seth GS, Mumbai",MICROBIOLOGY,"₹1,43,300*","₹92,522",1,"₹50,00,000",2250,4811(1),4933(1),3743(1),3743(1),3743(1),-,-,-,-,-,-,-,-,-
MAHA-Govt Quota,EWS-PH,Maharashtra,"BJMC, Pune",RADIO DIAGNOSIS,"₹1,43,300*","₹92,522",1,"₹50,00,000",1296,4301(1),4934(1),4934(1),4934(1),4934(1),-,-,-,-,-,-,-,-,-
MAHA-Govt Quota,SC Service,Maharashtra,"SRTT, Ambajogai",PAEDIATRICS,"₹1,43,300*","₹92,522",1,"₹50,00,000",518,4705(1),-,4939(1),4939(1),4939(1),-,-,-,-,-,-,-,-,-
MAHA-Govt Quota,VJ,Maharashtra,"BKL Walawalkar, Ratnagiri",PATHOLOGY,"₹9,67,000*","₹62,000",0,₹0,520,-,-,4942(1),4942(1),4942(1),-,-,-,-,-,-,-,-,-
MAHA-Govt Quota,SC,Maharashtra,"Topiwala, Mumbai",PHARMACOLOGY,"₹1,43,300*","₹92,522",1,"₹50,00,000",1300,3655(1),4943(1),4943(1),4943(1),4943(1),-,-,-,-,-,-,-,-,-
MAHA-Govt Quota,OBC Service,Maharashtra,"Govt Med Coll, Nanded",GENERAL MEDICINE,"₹1,43,300*","₹92,522",1,"₹50,00,000",750,4946(1),4946(1),4946(1),4946(1),4946(1),-,-,-,-,-,-,-,-,-
MAHA-Govt Quota,ST Service,Maharashtra,"Govt Med Coll, Aurangabad",PHARMACOLOGY,"₹1,43,300*","₹92,522",1,"₹50,00,000",1177,-,-,4948(1),4948(1),4948(1),-,-,-,-,-,-,-,-,-
MAHA-Govt Quota,OBC Service,Maharashtra,"Govt Med Coll, Aurangabad",PAEDIATRICS,"₹1,43,300*","₹92,522",1,"₹50,00,000",1177,4951(1),4951(1),4951(1),4951(1),4951(1),-,-,-,-,-,-,-,-,-
MAHA-Govt Quota,OBC Service,Maharashtra,"Indira Gandhi MedColl, Nagpur",OBG,"₹1,43,300*","₹92,522",1,"₹50,00,000",822,4954(1),4954(1),4954(1),4954(1),4954(1),-,-,-,-,-,-,-,-,-
MAHA-Govt Quota,OPEN Service,Maharashtra,"Indira Gandhi MedColl, Nagpur",ORTHOPAEDICS,"₹1,43,300*","₹92,522",1,"₹50,00,000",822,4956(1),4956(1),4956(1),4956(1),4956(1),-,-,-,-,-,-,-,-,-
MAHA-Govt Quota,SC Service,Maharashtra,"BJMC, Pune",PSYCHIATRY,"₹1,43,300*","₹92,522",1,"₹50,00,000",1296,4957(1),4957(1),4957(1),4957(1),4957(1),-,-,-,-,-,-,-,-,-
MAHA-Govt Quota,ST,Maharashtra,"Govt Med Coll, Akola",SPM,"₹1,43,300*","₹92,522",1,"₹50,00,000",840,-,-,4958(1),4958(1),4958(1),-,-,-,-,-,-,-,-,-
MAHA-Govt Quota,ST,Maharashtra,"Govt Med Coll, Latur",ANAESTHESIOLOGY,"₹1,43,300*","₹92,522",1,"₹50,00,000",750,4216(1),4216(1),4716(1),4931(1),4960(1),-,-,-,-,-,-,-,-,-
MAHA-Govt Quota,EWS,Maharashtra,"Govt Med Coll, Aurangabad",PHARMACOLOGY,"₹1,43,300*","₹92,522",1,"₹50,00,000",1177,-,-,4963(1),4963(1),4963(1),-,-,-,-,-,-,-,-,-
MAHA-Govt Quota,ST,Maharashtra,"Vasantrao Pawar, Nasik",TBRD,"₹9,00,000*","₹69,105",0,₹0,1000,4964(1),4964(1),4964(1),4964(1),4964(1),-,-,-,-,-,-,-,-,-
MAHA-Govt Quota,OBC Service,Maharashtra,"Rajarshee CSM Govt MC,Kolhapur",PAEDIATRICS,"₹1,43,300*","₹92,522",1,"₹50,00,000",665,4967(1),4967(1),4967(1),4967(1),4967(1),-,-,-,-,-,-,-,-,-
MAHA-Govt Quota,EWS Service,Maharashtra,"Govt Med Coll, Nagpur",GENERAL MEDICINE,"₹1,43,300*","₹92,522",1,"₹50,00,000",1866,-,-,4970(1),4970(1),4970(1),-,-,-,-,-,-,-,-,-
MAHA-Govt Quota,OPEN Service,Maharashtra,"MPGIMER, Nashik",ANAESTHESIOLOGY,"₹1,43,300*","₹92,522",1,"₹50,00,000",-,4971(1),4971(1),4971(1),4971(1),4971(1),-,-,-,-,-,-,-,-,-
MAHA-Govt Quota,OPEN Service,Maharashtra,"Govt Med Coll, Nagpur",GENERAL SURGERY,"₹1,43,300*","₹92,522",1,"₹50,00,000",1866,4975(1),4975(1),4975(1),4975(1),4975(1),-,-,-,-,-,-,-,-,-
MAHA-Govt Quota,SC-PH,Maharashtra,"Grant Med Coll, Mumbai",GENERAL MEDICINE,"₹1,43,300*","₹92,522",1,"₹50,00,000",2844,4976(1),4976(1),4976(1),4976(1),4976(1),-,-,-,-,-,-,-,-,-
MAHA-Govt Quota,ST,Maharashtra,"Seth GS, Mumbai",SPM,"₹1,43,300*","₹92,522",1,"₹50,00,000",2250,4365(1),4979(1),4979(1),4979(1),4979(1),-,-,-,-,-,-,-,-,-
MAHA-Govt Quota,OPEN Service,Maharashtra,"Seth GS, Mumbai",GENERAL SURGERY,"₹1,43,300*","₹92,522",1,"₹50,00,000",2250,-,-,4982(1),4982(1),4982(1),-,-,-,-,-,-,-,-,-
MAHA-Govt Quota,OPEN Service,Maharashtra,"BJMC, Pune",OPHTHALMOLOGY,"₹1,43,300*","₹92,522",1,"₹50,00,000",1296,-,-,4983(1),4983(1),4983(1),-,-,-,-,-,-,-,-,-
MAHA-Govt Quota,EWS Service,Maharashtra,"Govt Med Coll, Miraj",GENERAL MEDICINE,"₹1,43,300*","₹92,522",1,"₹50,00,000",725,-,-,4986(1),4986(1),4986(1),-,-,-,-,-,-,-,-,-
MAHA-Govt Quota,NT3,Maharashtra,"Shri VR Naik Govt, Yavatmal",SPM,"₹1,43,300*","₹92,522",1,"₹50,00,000",756,4987(1),-,4947(1),4947(1),4947(1),-,-,-,-,-,-,-,-,-
MAHA-Govt Quota,EWS Service,Maharashtra,"Seth GS, Mumbai",PAEDIATRICS,"₹1,43,300*","₹92,522",1,"₹50,00,000",2250,-,-,4988(1),4988(1),4988(1),-,-,-,-,-,-,-,-,-
MAHA-Govt Quota,NT2 Service-PH,Maharashtra,"Indira Gandhi MedColl, Nagpur",PAEDIATRICS,"₹1,43,300*","₹92,522",1,"₹50,00,000",822,-,-,4993(1),4993(1),4993(1),-,-,-,-,-,-,-,-,-
MAHA-Govt Quota,SC Service,Maharashtra,"Indira Gandhi MedColl, Nagpur",TBRD,"₹1,43,300*","₹92,522",1,"₹50,00,000",822,4995(1),4995(1),4995(1),4995(1),4995(1),-,-,-,-,-,-,-,-,-
MAHA-Govt Quota,SC,Maharashtra,"SRTT, Ambajogai",MICROBIOLOGY,"₹1,43,300*","₹92,522",1,"₹50,00,000",518,-,4998(1),4998(1),4998(1),4998(1),-,-,-,-,-,-,-,-,-
MAHA-Govt Quota,OPEN Service,Maharashtra,"Lokmanya Tilak, Sion, Mumbai",TBRD,"₹1,43,300*","₹92,522",1,"₹50,00,000",1462,5000(1),5000(1),5000(1),5000(1),5000(1),-,-,-,-,-,-,-,-,-
MAHA-Govt Quota,NT2 Service,Maharashtra,"Seth GS, Mumbai",OBG,"₹1,43,300*","₹92,522",1,"₹50,00,000",2250,5010(1),5010(1),5010(1),5010(1),5010(1),-,-,-,-,-,-,-,-,-
MAHA-Govt Quota,OBC Service,Maharashtra,"Govt Med Coll, Nanded",ORTHOPAEDICS,"₹1,43,300*","₹92,522",1,"₹50,00,000",750,5011(1),5011(1),5011(1),5011(1),5011(1),-,-,-,-,-,-,-,-,-
MAHA-Govt Quota,EWS Service,Maharashtra,"Topiwala, Mumbai",TBRD,"₹1,43,300*","₹92,522",1,"₹50,00,000",1300,-,-,5011(1),5011(1),5011(1),-,-,-,-,-,-,-,-,-
MAHA-Govt Quota,ST,Maharashtra,"Grant Med Coll, Mumbai",PATHOLOGY,"₹1,43,300*","₹92,522",1,"₹50,00,000",2844,3991(1),4150(1),5014(1),5014(1),5014(1),-,-,-,-,-,-,-,-,-
MAHA-Govt Quota,ST Service,Maharashtra,"Govt Med Coll, Chandrapur",OBG,"₹1,43,300*","₹92,522",1,"₹50,00,000",650,5023(1),5023(1),5023(1),5023(1),5023(1),-,-,-,-,-,-,-,-,-
MAHA-Govt Quota,ST,Maharashtra,"Ashwini Rural, Solapur",ORTHOPAEDICS,"₹11,81,000*","₹65,000",0,₹0,520,5029(1),5029(1),5029(1),5029(1),5029(1),-,-,-,-,-,-,-,-,-
MAHA-Govt Quota,OPEN Service,Maharashtra,"Govt Med Coll, Jalgaon",OBG,"₹1,43,300*","₹92,522",1,"₹50,00,000",441,5031(1),5031(1),5031(1),5031(1),5031(1),-,-,-,-,-,-,-,-,-
MAHA-Govt Quota,SC,Maharashtra,"Govt Med Coll, Aurangabad",PHYSIOLOGY,"₹1,43,300*","₹92,522",1,"₹50,00,000",1177,-,-,5031(1),4934(1),4934(1),-,-,-,-,-,-,-,-,-
MAHA-Govt Quota,OPEN Service,Maharashtra,"BJMC, Pune",OBG,"₹1,43,300*","₹92,522",1,"₹50,00,000",1296,5033(1),5033(1),5033(1),5033(1),5033(1),-,-,-,-,-,-,-,-,-
MAHA-Govt Quota,SC Service,Maharashtra,"Govt Med Coll, Aurangabad",OBG,"₹1,43,300*","₹92,522",1,"₹50,00,000",1177,5034(1),5034(1),5034(1),5034(1),5034(1),-,-,-,-,-,-,-,-,-
MAHA-Govt Quota,VJ Service,Maharashtra,"Grant Med Coll, Mumbai",OBG,"₹1,43,300*","₹92,522",1,"₹50,00,000",2844,5035(1),5035(1),5035(1),5035(1),5035(1),-,-,-,-,-,-,-,-,-
MAHA-Govt Quota,OBC Service,Maharashtra,"Govt Med Coll, Aurangabad",ANAESTHESIOLOGY,"₹1,43,300*","₹92,522",1,"₹50,00,000",1177,5037(1),5037(1),5037(1),5037(1),5037(1),-,-,-,-,-,-,-,-,-
MAHA-Govt Quota,SC Service,Maharashtra,"Topiwala, Mumbai",OBG,"₹1,43,300*","₹92,522",1,"₹50,00,000",1300,5039(1),5039(1),5039(1),5039(1),5039(1),-,-,-,-,-,-,-,-,-
MAHA-Govt Quota,OPEN Service,Maharashtra,"Grant Med Coll, Mumbai",EMERGENCY MEDICINE,"₹1,43,300*","₹92,522",1,"₹50,00,000",2844,5042(1),5042(1),5042(1),5042(1),5042(1),-,-,-,-,-,-,-,-,-
MAHA-Govt Quota,EWS Service,Maharashtra,"Seth GS, Mumbai",PHYSIOLOGY,"₹1,43,300*","₹92,522",1,"₹50,00,000",2250,-,-,5043(1),5043(1),5043(1),-,-,-,-,-,-,-,-,-
MAHA-Govt Quota,SC,Maharashtra,"HBT & RN Cooper, Mumbai",PHARMACOLOGY,"₹1,43,300*","₹92,522",1,"₹50,00,000",940,4943(1),-,5043(1),4989(1),4989(1),-,-,-,-,-,-,-,-,-
MAHA-Govt Quota,OPEN Service,Maharashtra,"Seth GS, Mumbai",ANATOMY,"₹1,43,300*","₹92,522",1,"₹50,00,000",2250,-,-,5044(1),5044(1),5044(1),-,-,-,-,-,-,-,-,-
MAHA-Govt Quota,ST,Maharashtra,"MIMSR, Latur",ANAESTHESIOLOGY,"₹7,82,607*","₹76,249",0,₹0,775,4962(1),-,5048(1),5048(1),5048(1),-,-,-,-,-,-,-,-,-
MAHA-Govt Quota,NT1 Service,Maharashtra,"Govt Med Coll, Nagpur",OBG,"₹1,43,300*","₹92,522",1,"₹50,00,000",1866,5050(1),5050(1),5050(1),5050(1),5050(1),-,-,-,-,-,-,-,-,-
MAHA-Govt Quota,NT1,Maharashtra,"Lokmanya Tilak, Sion, Mumbai",BIOCHEMISTRY,"₹1,43,300*","₹92,522",1,"₹50,00,000",1462,-,-,5053(1),5053(1),5053(1),-,-,-,-,-,-,-,-,-
MAHA-Govt Quota,ST,Maharashtra,"Sancheti Inst Of Ortho, Pune",ORTHOPAEDICS,"₹9,00,000*","₹77,000",0,₹0,Info Not Available,3980(1),3980(1),5055(1),5055(1),5055(1),-,-,-,-,-,-,-,-,-
MAHA-Govt Quota,OBC Service,Maharashtra,"SRTT, Ambajogai",ORTHOPAEDICS,"₹1,43,300*","₹92,522",1,"₹50,00,000",518,5057(1),5057(1),5057(1),5057(1),5057(1),-,-,-,-,-,-,-,-,-
MAHA-Govt Quota,OPEN Service,Maharashtra,"Topiwala, Mumbai",OPHTHALMOLOGY,"₹1,43,300*","₹92,522",1,"₹50,00,000",1300,-,5059(1),5059(1),5059(1),5059(1),-,-,-,-,-,-,-,-,-
MAHA-Govt Quota,OBC Service,Maharashtra,"Tata Memorial, Mumbai",NUCLEAR MEDICINE,"₹1,05,500*","₹1,00,800",1*,"₹25,00,000*",614,-,-,5065(1),5065(1),5065(1),-,-,-,-,-,-,-,-,-
MAHA-Govt Quota,SC,Maharashtra,"Rajiv Gandhi MC & CSMH, Thane",SPM,"₹1,43,300*","₹92,522",1,"₹50,00,000",500,3990(1),4821(1),5067(1),5067(1),5067(1),-,-,-,-,-,-,-,-,-
MAHA-Govt Quota,EWS,Maharashtra,"Shri VR Naik Govt, Yavatmal",SPM,"₹1,43,300*","₹92,522",1,"₹50,00,000",756,-,-,5070(1),5070(1),5070(1),-,-,-,-,-,-,-,-,-
MAHA-Govt Quota,ST,Maharashtra,"Panjabrao Deshmukh, Amravati",GENERAL SURGERY,"₹11,90,000*","₹76,429",0,₹0,760,-,-,5076(1),5076(1),5076(1),-,-,-,-,-,-,-,-,-
MAHA-Govt Quota,OBC,Maharashtra,"SRTT, Ambajogai",SPM,"₹1,43,300*","₹92,522",1,"₹50,00,000",518,4333(1),4750(1),5078(1),5078(1),5078(1),-,-,-,-,-,-,-,-,-
MAHA Priv-Mgmt Quota,MGT-Minority,Maharashtra,"IIMSR, Jalna",PSYCHIATRY,"₹36,00,000*","₹64,551",0,₹0,Info Not Available,-,-,4962(1),5083(1),5083(1),-,-,-,-,-,-,-,-,-
MAHA-Govt Quota,EWS Service,Maharashtra,"Govt Med Coll, Nagpur",SPM,"₹1,43,300*","₹92,522",1,"₹50,00,000",1866,-,-,5084(1),5084(1),5084(1),-,-,-,-,-,-,-,-,-
MAHA-Govt Quota,OBC-PH,Maharashtra,"MGIMS, Wardha",SPM,"₹1,43,300*","₹89,698",1,"₹50,00,000",1000,-,-,4655(1),5086(1),5086(1),-,-,-,-,-,-,-,-,-
MAHA-Govt Quota,EWS,Maharashtra,"Rajiv Gandhi MC & CSMH, Thane",FORENSIC MEDICINE,"₹1,43,300*","₹92,522",1,"₹50,00,000",500,-,-,5093(1),5093(1),5093(1),-,-,-,-,-,-,-,-,-
MAHA-Govt Quota,ST Service,Maharashtra,"Lokmanya Tilak, Sion, Mumbai",OBG,"₹1,43,300*","₹92,522",1,"₹50,00,000",1462,-,-,5097(1),5097(1),5097(1),-,-,-,-,-,-,-,-,-
MAHA-Govt Quota,OPEN,Maharashtra,"Govt Med Coll, Aurangabad",FORENSIC MEDICINE,"₹1,43,300*","₹92,522",1,"₹50,00,000",1177,4684(1),4996(1),5100(1),5100(1),5100(1),-,-,-,-,-,-,-,-,-
MAHA Priv-Mgmt Quota,MGT-Minority,Maharashtra,"IIMSR, Jalna",OPHTHALMOLOGY,"₹36,00,000*","₹64,551",0,₹0,Info Not Available,-,-,5107(1),5107(1),5107(1),-,-,-,-,-,-,-,-,-
MAHA-Govt Quota,ST Service,Maharashtra,"Govt Med Coll, Nagpur",PAEDIATRICS,"₹1,43,300*","₹92,522",1,"₹50,00,000",1866,-,-,5110(1),5110(1),5110(1),-,-,-,-,-,-,-,-,-
MAHA-Govt Quota,EWS Service,Maharashtra,"Indira Gandhi MedColl, Nagpur",OBG,"₹1,43,300*","₹92,522",1,"₹50,00,000",822,-,-,5112(1),5112(1),5112(1),-,-,-,-,-,-,-,-,-
MAHA-Govt Quota,OPEN,Maharashtra,"Lokmanya Tilak, Sion, Mumbai",DPH,"₹1,43,300*","₹92,522",1,"₹50,00,000",1462,4941(1),-,5114(1),5114(1),5114(1),-,-,-,-,-,-,-,-,-
MAHA-Govt Quota,EWS Service,Maharashtra,"BJMC, Pune",PHARMACOLOGY,"₹1,43,300*","₹92,522",1,"₹50,00,000",1296,-,-,5116(1),5116(1),5116(1),-,-,-,-,-,-,-,-,-
MAHA-Govt Quota,OPEN Service,Maharashtra,"SRTT, Ambajogai",PATHOLOGY,"₹1,43,300*","₹92,522",1,"₹50,00,000",518,-,-,5117(1),5117(1),5117(1),-,-,-,-,-,-,-,-,-
MAHA-Govt Quota,OBC Service,Maharashtra,"Govt Med Coll, Aurangabad",PSYCHIATRY,"₹1,43,300*","₹92,522",1,"₹50,00,000",1177,4965(1),-,5118(1),5118(1),5118(1),-,-,-,-,-,-,-,-,-
MAHA-Govt Quota,ST,Maharashtra,"BJMC, Pune",PSYCHIATRY,"₹1,43,300*","₹92,522",1,"₹50,00,000",1296,2104(1),3991(1),4474(1),5120(1),5120(1),-,-,-,-,-,-,-,-,-
MAHA-Govt Quota,ST,Maharashtra,"Govt Med Coll, Aurangabad",RADIATION ONCOLOGY,"₹1,43,300*","₹92,522",1,"₹50,00,000",1177,4266(1),-,4674(1),5152(1),5152(1),-,-,-,-,-,-,-,-,-
MAHA-Govt Quota,OPEN Service,Maharashtra,"Govt Med Coll, Aurangabad",SPM,"₹1,43,300*","₹92,522",1,"₹50,00,000",1177,-,-,5154(1),5154(1),5154(1),-,-,-,-,-,-,-,-,-
MAHA-Govt Quota,NT2 Service,Maharashtra,"Topiwala, Mumbai",ANAESTHESIOLOGY,"₹1,43,300*","₹92,522",1,"₹50,00,000",1300,-,-,5158(1),5158(1),5158(1),-,-,-,-,-,-,-,-,-
MAHA-Govt Quota,OBC Service,Maharashtra,"Sri Bhausaheb, Dhule",ORTHOPAEDICS,"₹1,43,300*","₹92,522",1,"₹50,00,000",545,-,-,5162(1),5162(1),5162(1),-,-,-,-,-,-,-,-,-
MAHA-Govt Quota,OBC,Maharashtra,"BJMC, Pune",MICROBIOLOGY,"₹1,43,300*","₹92,522",1,"₹50,00,000",1296,3755(1),-,5164(1),5164(1),5164(1),-,-,-,-,-,-,-,-,-
MAHA-Govt Quota,NT2 Service,Maharashtra,"Lokmanya Tilak, Sion, Mumbai",ORTHOPAEDICS,"₹1,43,300*","₹92,522",1,"₹50,00,000",1462,-,-,5166(1),5166(1),5166(1),-,-,-,-,-,-,-,-,-
MAHA-Govt Quota,NT3,Maharashtra,"Panjabrao Deshmukh, Amravati",PATHOLOGY,"₹11,90,000*","₹76,429",0,₹0,760,3796(1),3999(1),5025(1),5171(1),5171(1),-,-,-,-,-,-,-,-,-
MAHA-NRI Quota,NRI,Maharashtra,"Ulhas Patil Med Coll, Jalgaon",PAEDIATRICS,-,-,-,-,500,-,-,5172(1),5172(1),5172(1),-,-,-,-,-,-,-,-,-
MAHA-Govt Quota,ST,Maharashtra,"BARC, Mumbai",NUCLEAR MEDICINE,"₹75,500","₹72,000*",1*,"₹25,00,000*",390,2426(1),2586(1),5174(1),5174(1),5174(1),-,-,-,-,-,-,-,-,-
MAHA-Govt Quota,OBC,Maharashtra,"Govt Med Coll, Aurangabad",ANATOMY,"₹1,43,300*","₹92,522",1,"₹50,00,000",1177,-,-,5181(1),5181(1),5181(1),-,-,-,-,-,-,-,-,-
MAHA-Govt Quota,ST,Maharashtra,"Kashibai Navale, Pune",OPHTHALMOLOGY,"₹12,94,000*","₹76,429",0,₹0,1094,5055(1),5055(1),5187(1),5187(1),5187(1),-,-,-,-,-,-,-,-,-
MAHA-Govt Quota,OPEN Service,Maharashtra,"Govt Med Coll, Nanded",GENERAL SURGERY,"₹1,43,300*","₹92,522",1,"₹50,00,000",750,-,-,5192(1),5192(1),5192(1),-,-,-,-,-,-,-,-,-
MAHA-Govt Quota,ST Service,Maharashtra,"Grant Med Coll, Mumbai",PSYCHIATRY,"₹1,43,300*","₹92,522",1,"₹50,00,000",2844,-,-,5193(1),5193(1),5193(1),-,-,-,-,-,-,-,-,-
MAHA-Govt Quota,VJ,Maharashtra,"Govt Med Coll, Baramati",SPM,"₹1,43,300*","₹92,522",1,"₹50,00,000",310,4935(1),-,5052(1),5202(1),5202(1),-,-,-,-,-,-,-,-,-
MAHA-Govt Quota,NT3 Service,Maharashtra,"Govt Med Coll, Latur",GENERAL SURGERY,"₹1,43,300*","₹92,522",1,"₹50,00,000",750,-,-,5205(1),5205(1),5205(1),-,-,-,-,-,-,-,-,-
MAHA-Govt Quota,OPEN Service,Maharashtra,"Rajarshee CSM Govt MC,Kolhapur",PATHOLOGY,"₹1,43,300*","₹92,522",1,"₹50,00,000",665,-,-,5216(1),5216(1),5216(1),-,-,-,-,-,-,-,-,-
MAHA-Govt Quota,OBC Service,Maharashtra,"Shri VR Naik Govt, Yavatmal",OBG,"₹1,43,300*","₹92,522",1,"₹50,00,000",756,-,-,5217(1),5217(1),5217(1),-,-,-,-,-,-,-,-,-
MAHA-Govt Quota,OBC Service,Maharashtra,"Govt Med Coll, Latur",ANAESTHESIOLOGY,"₹1,43,300*","₹92,522",1,"₹50,00,000",750,-,-,5221(1),5221(1),5221(1),-,-,-,-,-,-,-,-,-
MAHA-Govt Quota,OPEN Service,Maharashtra,"BJMC, Pune",ENT,"₹1,43,300*","₹92,522",1,"₹50,00,000",1296,-,-,5222(1),5222(1),5222(1),-,-,-,-,-,-,-,-,-
MAHA-Govt Quota,VJ Service,Maharashtra,"Seth GS, Mumbai",ANAESTHESIOLOGY,"₹1,43,300*","₹92,522",1,"₹50,00,000",2250,-,-,5241(1),5241(1),5241(1),-,-,-,-,-,-,-,-,-
MAHA-Govt Quota,OBC,Maharashtra,"Govt Med Coll, Jalgaon",SPM,"₹1,43,300*","₹92,522",1,"₹50,00,000",441,4656(1),4762(1),5245(1),5245(1),5245(1),-,-,-,-,-,-,-,-,-
MAHA-Govt Quota,OPEN Service,Maharashtra,"Govt Med Coll, Nagpur",OPHTHALMOLOGY,"₹1,43,300*","₹92,522",1,"₹50,00,000",1866,-,-,5246(1),5246(1),5246(1),-,-,-,-,-,-,-,-,-
MAHA-Govt Quota,ST Service-PH,Maharashtra,"Seth GS, Mumbai",ORTHOPAEDICS,"₹1,43,300*","₹92,522",1,"₹50,00,000",2250,-,-,5247(1),5247(1),5247(1),-,-,-,-,-,-,-,-,-
MAHA-Govt Quota,OPEN Service,Maharashtra,"Govt Med Coll, Aurangabad",GENERAL SURGERY,"₹1,43,300*","₹92,522",1,"₹50,00,000",1177,-,-,5261(1),5261(1),5261(1),-,-,-,-,-,-,-,-,-
MAHA-Govt Quota,OBC,Maharashtra,"Vedantaa Inst of MS, Palghar",OPHTHALMOLOGY,"₹19,32,000*","₹65,000",0,₹0,-,2388(1),2638(1),3754(1),3939(1),5263(1),-,-,-,-,-,-,-,-,-
MAHA-Govt Quota,ST,Maharashtra,"Vedantaa Inst of MS, Palghar",ENT,"₹19,32,000*","₹65,000",0,₹0,-,-,-,5267(1),5267(1),5267(1),-,-,-,-,-,-,-,-,-
MAHA-Govt Quota,OPEN Service,Maharashtra,"Govt Med Coll, Akola",ENT,"₹1,43,300*","₹92,522",1,"₹50,00,000",840,-,-,5273(1),5273(1),5273(1),-,-,-,-,-,-,-,-,-
MAHA-Govt Quota,NT2 Service,Maharashtra,"Govt Med Coll, Jalgaon",RADIO DIAGNOSIS,"₹1,43,300*","₹92,522",1,"₹50,00,000",441,-,-,5276(1),5276(1),5276(1),-,-,-,-,-,-,-,-,-
MAHA-Govt Quota,OBC Service,Maharashtra,"VMMC, Solapur",ANAESTHESIOLOGY,"₹1,43,300*","₹92,522",1,"₹50,00,000",763,-,-,5288(1),5288(1),5288(1),-,-,-,-,-,-,-,-,-
MAHA-Govt Quota,OPEN-Orphan,Maharashtra,"VMMC, Solapur",FORENSIC MEDICINE,"₹1,43,300*","₹92,522",1,"₹50,00,000",763,-,-,5289(1),5289(1),5289(1),-,-,-,-,-,-,-,-,-
MAHA-Govt Quota,OPEN,Maharashtra,"Govt Med Coll, Latur",PHARMACOLOGY,"₹1,43,300*","₹92,522",1,"₹50,00,000",750,4706(1),4913(1),5295(1),5295(1),5295(1),-,-,-,-,-,-,-,-,-
MAHA-NRI Quota,NRI,Maharashtra,"Panjabrao Deshmukh, Amravati",PAEDIATRICS,-,-,-,-,760,-,-,5313(1),5313(1),5313(1),-,-,-,-,-,-,-,-,-
MAHA-Govt Quota,EWS Service,Maharashtra,"Indira Gandhi MedColl, Nagpur",ANAESTHESIOLOGY,"₹1,43,300*","₹92,522",1,"₹50,00,000",822,-,-,5314(1),5314(1),5314(1),-,-,-,-,-,-,-,-,-
MAHA-NRI Quota,NRI,Maharashtra,"BKL Walawalkar, Ratnagiri",PAEDIATRICS,"₹48,35,000*","₹62,000",0,₹0,520,-,-,5316(1),5316(1),5316(1),-,-,-,-,-,-,-,-,-
MAHA-Govt Quota,EWS Service,Maharashtra,"Govt Med Coll, Aurangabad",PATHOLOGY,"₹1,43,300*","₹92,522",1,"₹50,00,000",1177,-,-,5318(1),5318(1),5318(1),-,-,-,-,-,-,-,-,-
MAHA-Govt Quota,OPEN-PH,Maharashtra,"Pimpri Chinchwad, Pimpri",PSYCHIATRY,"₹1,43,300*","₹92,522",1,"₹50,00,000",750,-,-,5320(1),5320(1),5320(1),-,-,-,-,-,-,-,-,-
MAHA-Govt Quota,SC,Maharashtra,"Govt Med Coll, Nanded",SPM,"₹1,43,300*","₹92,522",1,"₹50,00,000",750,4460(1),4811(1),5323(1),5323(1),5323(1),-,-,-,-,-,-,-,-,-
MAHA-Govt Quota,SC Service,Maharashtra,"Govt Med Coll, Akola",SPM,"₹1,43,300*","₹92,522",1,"₹50,00,000",840,-,-,5337(1),5337(1),5337(1),-,-,-,-,-,-,-,-,-
MAHA-Govt Quota,ST Service,Maharashtra,"Shri VR Naik Govt, Yavatmal",OPHTHALMOLOGY,"₹1,43,300*","₹92,522",1,"₹50,00,000",756,-,-,5345(1),5345(1),5345(1),-,-,-,-,-,-,-,-,-
MAHA-Govt Quota,OBC Service,Maharashtra,"Grant Med Coll, Mumbai",PATHOLOGY,"₹1,43,300*","₹92,522",1,"₹50,00,000",2844,-,-,5347(1),5347(1),5347(1),-,-,-,-,-,-,-,-,-
MAHA-NRI Quota,NRI,Maharashtra,"MIMSR, Latur",ORTHOPAEDICS,"₹39,31,035*","₹76,249",0,₹0,775,-,-,5364(1),5364(1),5364(1),-,-,-,-,-,-,-,-,-
MAHA-Govt Quota,OPEN Service-PH,Maharashtra,"Seth GS, Mumbai",GENERAL MEDICINE,"₹1,43,300*","₹92,522",1,"₹50,00,000",2250,-,-,5374(1),5374(1),5374(1),-,-,-,-,-,-,-,-,-
MAHA-Govt Quota,OPEN Service,Maharashtra,"BJMC, Pune",ANAESTHESIOLOGY,"₹1,43,300*","₹92,522",1,"₹50,00,000",1296,-,-,5376(1),5376(1),5376(1),-,-,-,-,-,-,-,-,-
MAHA-Govt Quota,OBC Service,Maharashtra,"Grant Med Coll, Mumbai",GERIATRICS,"₹1,43,300*","₹92,522",1,"₹50,00,000",2844,-,-,5384(1),5384(1),5384(1),-,-,-,-,-,-,-,-,-
MAHA-Govt Quota,ST,Maharashtra,"NKP Salve IMS, Nagpur",ANAESTHESIOLOGY,"₹9,00,000*","₹64,551",0,₹0,1272,-,-,5386(1),5386(1),5386(1),-,-,-,-,-,-,-,-,-
MAHA-Govt Quota,ST,Maharashtra,"MGIMS, Wardha",PHARMACOLOGY,"₹1,43,300*","₹89,698",1,"₹50,00,000",1000,-,-,5387(1),5387(1),5387(1),-,-,-,-,-,-,-,-,-
MAHA-Govt Quota,ST-PH,Maharashtra,"SRTT, Ambajogai",PATHOLOGY,"₹1,43,300*","₹92,522",1,"₹50,00,000",518,-,-,5390(1),5390(1),5390(1),-,-,-,-,-,-,-,-,-
MAHA-Govt Quota,OPEN,Maharashtra,"Rajarshee CSM Govt MC,Kolhapur",PHARMACOLOGY,"₹1,43,300*","₹92,522",1,"₹50,00,000",665,3885(1),4876(1),5393(1),5393(1),5393(1),-,-,-,-,-,-,-,-,-
MAHA-Govt Quota,SC Service-PH,Maharashtra,"Govt Med Coll, Aurangabad",GENERAL SURGERY,"₹1,43,300*","₹92,522",1,"₹50,00,000",1177,-,-,5395(1),5395(1),5395(1),-,-,-,-,-,-,-,-,-
MAHA-Govt Quota,OPEN Service,Maharashtra,"Govt Med Coll, Miraj",ANAESTHESIOLOGY,"₹1,43,300*","₹92,522",1,"₹50,00,000",725,-,-,5407(1),5407(1),5407(1),-,-,-,-,-,-,-,-,-
MAHA-Govt Quota,EWS Service,Maharashtra,"Govt Med Coll, Aurangabad",ENT,"₹1,43,300*","₹92,522",1,"₹50,00,000",1177,-,-,5408(1),5408(1),5408(1),-,-,-,-,-,-,-,-,-
MAHA-Govt Quota,OBC Service-PH,Maharashtra,"Lokmanya Tilak, Sion, Mumbai",ANAESTHESIOLOGY,"₹1,43,300*","₹92,522",1,"₹50,00,000",1462,-,-,5410(1),5410(1),5410(1),-,-,-,-,-,-,-,-,-
MAHA-Govt Quota,OPEN,Maharashtra,"Rajarshee CSM Govt MC,Kolhapur",PHYSIOLOGY,"₹1,43,300*","₹92,522",1,"₹50,00,000",665,-,-,-,5413(1),5413(1),-,-,-,-,-,-,-,-,-
MAHA-Govt Quota,EWS Service-PH,Maharashtra,"MGIMS, Wardha",OPHTHALMOLOGY,"₹1,43,300*","₹89,698",1,"₹50,00,000",1000,-,-,5420(1),5420(1),5420(1),-,-,-,-,-,-,-,-,-
MAHA-Govt Quota,EWS Service,Maharashtra,"Govt Med Coll, Nagpur",OBG,"₹1,43,300*","₹92,522",1,"₹50,00,000",1866,-,-,5429(1),5429(1),5429(1),-,-,-,-,-,-,-,-,-
MAHA-Govt Quota,ST,Maharashtra,"VMMC, Solapur",SPM,"₹1,43,300*","₹92,522",1,"₹50,00,000",763,5026(1),-,5433(1),5433(1),5433(1),-,-,-,-,-,-,-,-,-
MAHA-Govt Quota,ST Service,Maharashtra,"VMMC, Solapur",GENERAL SURGERY,"₹1,43,300*","₹92,522",1,"₹50,00,000",763,-,-,5444(1),5444(1),5444(1),-,-,-,-,-,-,-,-,-
MAHA-NRI Quota,NRI,Maharashtra,"Panjabrao Deshmukh, Amravati",PSYCHIATRY,-,-,-,-,760,-,-,5457(1),5457(1),5457(1),-,-,-,-,-,-,-,-,-
MAHA-Govt Quota,NT3 Service,Maharashtra,"Indira Gandhi MedColl, Nagpur",PSYCHIATRY,"₹1,43,300*","₹92,522",1,"₹50,00,000",822,-,-,5458(1),5458(1),5458(1),-,-,-,-,-,-,-,-,-
MAHA-Govt Quota,SC Service,Maharashtra,"MGIMS, Wardha",ORTHOPAEDICS,"₹1,43,300*","₹89,698",1,"₹50,00,000",1000,4589(1),-,5459(1),5459(1),5459(1),-,-,-,-,-,-,-,-,-
MAHA-Govt Quota,OBC Service,Maharashtra,"Lokmanya Tilak, Sion, Mumbai",DORTHO,"₹1,43,300*","₹92,522",1,"₹50,00,000",1462,-,-,5460(1),-,-,-,-,-,-,-,-,-,-,-
MAHA-Govt Quota,OPEN Service,Maharashtra,"Rajarshee CSM Govt MC,Kolhapur",ANAESTHESIOLOGY,"₹1,43,300*","₹92,522",1,"₹50,00,000",665,-,-,5461(1),5461(1),5461(1),-,-,-,-,-,-,-,-,-
MAHA-Govt Quota,EWS,Maharashtra,"SRTT, Ambajogai",SPM,"₹1,43,300*","₹92,522",1,"₹50,00,000",518,-,-,5466(1),5466(1),5466(1),-,-,-,-,-,-,-,-,-
MAHA-Govt Quota,OPEN Service,Maharashtra,"Topiwala, Mumbai",ENT,"₹1,43,300*","₹92,522",1,"₹50,00,000",1300,-,-,5477(1),5477(1),5477(1),-,-,-,-,-,-,-,-,-
MAHA-Govt Quota,VJ,Maharashtra,"BJMC, Pune",MICROBIOLOGY,"₹1,43,300*","₹92,522",1,"₹50,00,000",1296,-,-,5481(1),5481(1),5481(1),-,-,-,-,-,-,-,-,-
MAHA-Govt Quota,SC,Maharashtra,"NKP Salve IMS, Nagpur",PATHOLOGY,"₹9,00,000*","₹64,551",0,₹0,1272,4357(1),4357(1),5485(1),5485(1),5485(1),-,-,-,-,-,-,-,-,-
MAHA-Govt Quota,OPEN Service,Maharashtra,"HBT & RN Cooper, Mumbai",GENERAL SURGERY,"₹1,43,300*","₹92,522",1,"₹50,00,000",940,-,-,5486(1),5486(1),5486(1),-,-,-,-,-,-,-,-,-
MAHA-Govt Quota,EWS Service,Maharashtra,"SRTT, Ambajogai",GENERAL SURGERY,"₹1,43,300*","₹92,522",1,"₹50,00,000",518,-,-,5498(1),5498(1),5498(1),-,-,-,-,-,-,-,-,-
MAHA-Govt Quota,OBC,Maharashtra,"BJMC, Pune",PHYSIOLOGY,"₹1,43,300*","₹92,522",1,"₹50,00,000",1296,-,-,5507(1),5507(1),5507(1),-,-,-,-,-,-,-,-,-
MAHA-Govt Quota,SC Service,Maharashtra,"BJMC, Pune",ANAESTHESIOLOGY,"₹1,43,300*","₹92,522",1,"₹50,00,000",1296,-,-,5511(1),5511(1),5511(1),-,-,-,-,-,-,-,-,-
MAHA-Govt Quota,EWS,Maharashtra,"SRTT, Ambajogai",FORENSIC MEDICINE,"₹1,43,300*","₹92,522",1,"₹50,00,000",518,-,-,5522(1),5522(1),5522(1),-,-,-,-,-,-,-,-,-
MAHA-Govt Quota,OBC Service,Maharashtra,"Tata Memorial, Mumbai",RADIATION ONCOLOGY,"₹1,05,500*","₹1,00,800",1*,"₹25,00,000*",614,-,-,5527(1),5527(1),5527(1),-,-,-,-,-,-,-,-,-
MAHA-Govt Quota,SC Service,Maharashtra,"Govt Med Coll, Nagpur",ENT,"₹1,43,300*","₹92,522",1,"₹50,00,000",1866,-,-,5529(1),5529(1),5529(1),-,-,-,-,-,-,-,-,-
MAHA-Govt Quota,OPEN Service-PH,Maharashtra,"Tata Memorial, Mumbai",ANAESTHESIOLOGY,"₹1,05,500*","₹1,00,800",1*,"₹25,00,000*",614,-,-,5543(1),5543(1),5543(1),-,-,-,-,-,-,-,-,-
MAHA-Govt Quota,OPEN Service,Maharashtra,"Govt Med Coll, Nagpur",MICROBIOLOGY,"₹1,43,300*","₹92,522",1,"₹50,00,000",1866,-,-,5544(1),5544(1),5544(1),-,-,-,-,-,-,-,-,-
MAHA-Govt Quota,ST Service,Maharashtra,"Govt Med Coll, Gondia",SPM,"₹1,43,300*","₹92,522",1,"₹50,00,000",500,-,-,5549(1),5549(1),5549(1),-,-,-,-,-,-,-,-,-
MAHA-Govt Quota,SC Service,Maharashtra,"Pimpri Chinchwad, Pimpri",OPHTHALMOLOGY,"₹1,43,300*","₹92,522",1,"₹50,00,000",750,5059(1),-,5553(1),5553(1),5553(1),-,-,-,-,-,-,-,-,-
MAHA-Govt Quota,OPEN Service,Maharashtra,"Govt Med Coll, Jalgaon",SPM,"₹1,43,300*","₹92,522",1,"₹50,00,000",441,-,-,5562(1),5562(1),5562(1),-,-,-,-,-,-,-,-,-
MAHA-Govt Quota,ST,Maharashtra,"Vedantaa Inst of MS, Palghar",GENERAL SURGERY,"₹19,32,000*","₹65,000",0,₹0,-,-,-,5563(1),5563(1),5563(1),-,-,-,-,-,-,-,-,-
MAHA-Govt Quota,OBC Service,Maharashtra,"Govt Med Coll, Akola",OBG,"₹1,43,300*","₹92,522",1,"₹50,00,000",840,-,-,5568(1),5568(1),5568(1),-,-,-,-,-,-,-,-,-
MAHA-Govt Quota,OPEN Service,Maharashtra,"Lokmanya Tilak, Sion, Mumbai",PATHOLOGY,"₹1,43,300*","₹92,522",1,"₹50,00,000",1462,-,-,5569(1),5569(1),5569(1),-,-,-,-,-,-,-,-,-
MAHA-Govt Quota,OPEN Service,Maharashtra,"Govt Med Coll, Gondia",ENT,"₹1,43,300*","₹92,522",1,"₹50,00,000",500,-,-,5580(1),5580(1),5580(1),-,-,-,-,-,-,-,-,-
MAHA-NRI Quota,NRI,Maharashtra,"IIMSR, Jalna",DERMATOLOGY,-,-,-,-,Info Not Available,-,-,4966(1),5583(1),5583(1),-,-,-,-,-,-,-,-,-
MAHA-Govt Quota,OPEN Service,Maharashtra,"Grant Med Coll, Mumbai",IHBT,"₹1,43,300*","₹92,522",1,"₹50,00,000",2844,-,-,5593(1),5593(1),5593(1),-,-,-,-,-,-,-,-,-
MAHA-Govt Quota,ST,Maharashtra,"Tern Med Coll, Navi Mumbai",SPM,"₹8,14,480*","₹51,000*",0,₹0,700,-,-,5597(1),-,-,-,-,-,-,-,-,-,-,-
MAHA-Govt Quota,NT3 Service,Maharashtra,"Grant Med Coll, Mumbai",ANAESTHESIOLOGY,"₹1,43,300*","₹92,522",1,"₹50,00,000",2844,-,-,5284(1),5598(1),5598(1),-,-,-,-,-,-,-,-,-
MAHA-Govt Quota,OPEN Service,Maharashtra,"Govt Med Coll, Akola",OPHTHALMOLOGY,"₹1,43,300*","₹92,522",1,"₹50,00,000",840,-,-,5602(1),5602(1),5602(1),-,-,-,-,-,-,-,-,-
MAHA-Govt Quota,OPEN,Maharashtra,"Kashibai Navale, Pune",SPM,"₹12,94,000*","₹76,429",0,₹0,1094,4442(1),4513(1),5606(1),-,-,-,-,-,-,-,-,-,-,-
MAHA-Govt Quota,VJ Service,Maharashtra,"Govt Med Coll, Akola",PHARMACOLOGY,"₹1,43,300*","₹92,522",1,"₹50,00,000",840,-,-,5607(1),5607(1),5607(1),-,-,-,-,-,-,-,-,-
MAHA-Govt Quota,OPEN Service,Maharashtra,"Govt Med Coll, Nagpur",RADIATION ONCOLOGY,"₹1,43,300*","₹92,522",1,"₹50,00,000",1866,-,-,5612(1),5612(1),5612(1),-,-,-,-,-,-,-,-,-
MAHA-Govt Quota,OPEN Service,Maharashtra,"Govt Med Coll, Baramati",SPM,"₹1,43,300*","₹92,522",1,"₹50,00,000",310,-,-,5542(1),5615(1),5615(1),-,-,-,-,-,-,-,-,-
MAHA-Govt Quota,EWS Service,Maharashtra,"Rajarshee CSM Govt MC,Kolhapur",ORTHOPAEDICS,"₹1,43,300*","₹92,522",1,"₹50,00,000",665,-,-,5620(1),5620(1),5620(1),-,-,-,-,-,-,-,-,-
MAHA-Govt Quota,ST Service,Maharashtra,"Topiwala, Mumbai",ANAESTHESIOLOGY,"₹1,43,300*","₹92,522",1,"₹50,00,000",1300,-,-,5630(1),5630(1),5630(1),-,-,-,-,-,-,-,-,-
MAHA-Govt Quota,ST Service,Maharashtra,"BJMC, Pune",FORENSIC MEDICINE,"₹1,43,300*","₹92,522",1,"₹50,00,000",1296,-,-,5644(1),5644(1),5644(1),-,-,-,-,-,-,-,-,-
MAHA-Govt Quota,OBC Service,Maharashtra,"Seth GS, Mumbai",OPHTHALMOLOGY,"₹1,43,300*","₹92,522",1,"₹50,00,000",2250,-,-,5646(1),5646(1),5646(1),-,-,-,-,-,-,-,-,-
MAHA-Govt Quota,VJ Service,Maharashtra,"Indira Gandhi MedColl, Nagpur",GENERAL SURGERY,"₹1,43,300*","₹92,522",1,"₹50,00,000",822,-,-,5647(1),5647(1),5647(1),-,-,-,-,-,-,-,-,-
MAHA-Govt Quota,SC Service,Maharashtra,"Govt Med Coll, Latur",PATHOLOGY,"₹1,43,300*","₹92,522",1,"₹50,00,000",750,-,-,5651(1),5651(1),5651(1),-,-,-,-,-,-,-,-,-
MAHA-Govt Quota,VJ Service,Maharashtra,"MGIMS, Wardha",SPM,"₹1,43,300*","₹89,698",1,"₹50,00,000",1000,-,-,5652(1),5652(1),5652(1),-,-,-,-,-,-,-,-,-
MAHA-Govt Quota,ST Service,Maharashtra,"Indira Gandhi MedColl, Nagpur",ENT,"₹1,43,300*","₹92,522",1,"₹50,00,000",822,-,-,5655(1),5655(1),5655(1),-,-,-,-,-,-,-,-,-
MAHA-Govt Quota,OPEN Service,Maharashtra,"Seth GS, Mumbai",SPM,"₹1,43,300*","₹92,522",1,"₹50,00,000",2250,-,-,5656(1),5656(1),5656(1),-,-,-,-,-,-,-,-,-
MAHA-Govt Quota,SC Service,Maharashtra,"Govt Med Coll, Nagpur",ANAESTHESIOLOGY,"₹1,43,300*","₹92,522",1,"₹50,00,000",1866,-,-,5663(1),5663(1),5663(1),-,-,-,-,-,-,-,-,-
MAHA-Govt Quota,EWS Service,Maharashtra,"Grant Med Coll, Mumbai",GENERAL SURGERY,"₹1,43,300*","₹92,522",1,"₹50,00,000",2844,-,-,5664(1),5664(1),5664(1),-,-,-,-,-,-,-,-,-
MAHA-Govt Quota,OPEN,Maharashtra,"MIMSR, Latur",MICROBIOLOGY,"₹7,82,607*","₹76,249",0,₹0,775,-,-,5669(1),5669(1),5669(1),-,-,-,-,-,-,-,-,-
MAHA-Govt Quota,SC Service,Maharashtra,"Shri VR Naik Govt, Yavatmal",GENERAL SURGERY,"₹1,43,300*","₹92,522",1,"₹50,00,000",756,-,-,5677(1),5677(1),5677(1),-,-,-,-,-,-,-,-,-
MAHA-Govt Quota,OPEN Service,Maharashtra,"HBT & RN Cooper, Mumbai",PHARMACOLOGY,"₹1,43,300*","₹92,522",1,"₹50,00,000",940,-,-,5678(1),5678(1),5678(1),-,-,-,-,-,-,-,-,-
MAHA-Govt Quota,EWS Service,Maharashtra,"Govt Med Coll, Chandrapur",GENERAL SURGERY,"₹1,43,300*","₹92,522",1,"₹50,00,000",650,-,-,5683(1),5683(1),5683(1),-,-,-,-,-,-,-,-,-
MAHA-Govt Quota,NT2,Maharashtra,"Grant Med Coll, Mumbai",MICROBIOLOGY,"₹1,43,300*","₹92,522",1,"₹50,00,000",2844,-,-,5684(1),5684(1),5684(1),-,-,-,-,-,-,-,-,-
MAHA-Govt Quota,EWS Service,Maharashtra,"Grant Med Coll, Mumbai",PATHOLOGY,"₹1,43,300*","₹92,522",1,"₹50,00,000",2844,-,-,5699(1),5699(1),5699(1),-,-,-,-,-,-,-,-,-
MAHA-Govt Quota,OPEN Service,Maharashtra,"Seth GS, Mumbai",PATHOLOGY,"₹1,43,300*","₹92,522",1,"₹50,00,000",2250,-,-,5702(1),5702(1),5702(1),-,-,-,-,-,-,-,-,-
MAHA-Govt Quota,OBC Service,Maharashtra,"SRTT, Ambajogai",ANAESTHESIOLOGY,"₹1,43,300*","₹92,522",1,"₹50,00,000",518,-,-,5704(1),5704(1),5704(1),-,-,-,-,-,-,-,-,-
MAHA-Govt Quota,OPEN Service,Maharashtra,"Sri Bhausaheb, Dhule",GENERAL SURGERY,"₹1,43,300*","₹92,522",1,"₹50,00,000",545,-,-,5710(1),5710(1),5710(1),-,-,-,-,-,-,-,-,-
MAHA-Govt Quota,OPEN Service,Maharashtra,"Govt Med Coll, Aurangabad",MICROBIOLOGY,"₹1,43,300*","₹92,522",1,"₹50,00,000",1177,-,-,5712(1),5712(1),5712(1),-,-,-,-,-,-,-,-,-
MAHA-Govt Quota,SC Service,Maharashtra,"Lokmanya Tilak, Sion, Mumbai",SPM,"₹1,43,300*","₹92,522",1,"₹50,00,000",1462,-,-,5718(1),5718(1),5718(1),-,-,-,-,-,-,-,-,-
MAHA-Govt Quota,NT2 Service,Maharashtra,"SRTT, Ambajogai",OPHTHALMOLOGY,"₹1,43,300*","₹92,522",1,"₹50,00,000",518,-,-,5720(1),5720(1),5720(1),-,-,-,-,-,-,-,-,-
MAHA-Govt Quota,EWS,Maharashtra,"Govt Med Coll, Baramati",SPM,"₹1,43,300*","₹92,522",1,"₹50,00,000",310,-,-,5725(1),5099(1),5540(1),-,-,-,-,-,-,-,-,-
MAHA-Govt Quota,OPEN-PH,Maharashtra,"Govt Med Coll, Aurangabad",MICROBIOLOGY,"₹1,43,300*","₹92,522",1,"₹50,00,000",1177,-,-,5732(1),5732(1),5732(1),-,-,-,-,-,-,-,-,-
MAHA-Govt Quota,NT2,Maharashtra,"Govt Med Coll, Nanded",PHARMACOLOGY,"₹1,43,300*","₹92,522",1,"₹50,00,000",750,-,-,5737(1),5737(1),5737(1),-,-,-,-,-,-,-,-,-
MAHA-Govt Quota,OBC-PH,Maharashtra,"Govt Med Coll, Chandrapur",PHARMACOLOGY,"₹1,43,300*","₹92,522",1,"₹50,00,000",650,-,-,5739(1),5739(1),5739(1),-,-,-,-,-,-,-,-,-
MAHA-Govt Quota,EWS Service,Maharashtra,"HBT & RN Cooper, Mumbai",ORTHOPAEDICS,"₹1,43,300*","₹92,522",1,"₹50,00,000",940,-,-,5741(1),5741(1),5741(1),-,-,-,-,-,-,-,-,-
MAHA-Govt Quota,OPEN Service,Maharashtra,"Tata Memorial, Mumbai",PATHOLOGY,"₹1,05,500*","₹1,00,800",1*,"₹25,00,000*",614,-,-,5743(1),5743(1),5743(1),-,-,-,-,-,-,-,-,-
MAHA-Govt Quota,SC Service,Maharashtra,"Grant Med Coll, Mumbai",FORENSIC MEDICINE,"₹1,43,300*","₹92,522",1,"₹50,00,000",2844,-,-,5749(1),5749(1),5749(1),-,-,-,-,-,-,-,-,-
MAHA-Govt Quota,OPEN,Maharashtra,"Govt Med Coll, Nanded",FORENSIC MEDICINE,"₹1,43,300*","₹92,522",1,"₹50,00,000",750,4856(1),-,5757(1),5757(1),5757(1),-,-,-,-,-,-,-,-,-
MAHA-Govt Quota,OBC Service,Maharashtra,"Govt Med Coll, Chandrapur",ANAESTHESIOLOGY,"₹1,43,300*","₹92,522",1,"₹50,00,000",650,-,-,5759(1),5759(1),5759(1),-,-,-,-,-,-,-,-,-
MAHA-Govt Quota,ST Service,Maharashtra,"Seth GS, Mumbai",ANAESTHESIOLOGY,"₹1,43,300*","₹92,522",1,"₹50,00,000",2250,-,-,5375(1),5763(1),5763(1),-,-,-,-,-,-,-,-,-
MAHA-Govt Quota,OPEN,Maharashtra,"Indira Gandhi MedColl, Nagpur",MICROBIOLOGY,"₹1,43,300*","₹92,522",1,"₹50,00,000",822,4568(1),4568(1),5771(1),5771(1),5771(1),-,-,-,-,-,-,-,-,-
MAHA-Govt Quota,EWS,Maharashtra,"Govt Med Coll, Aurangabad",MICROBIOLOGY,"₹1,43,300*","₹92,522",1,"₹50,00,000",1177,4254(1),-,5772(1),5772(1),5772(1),-,-,-,-,-,-,-,-,-
MAHA-NRI Quota,NRI,Maharashtra,"Panjabrao Deshmukh, Amravati",OPHTHALMOLOGY,-,-,-,-,760,-,-,5513(1),5774(1),5774(1),-,-,-,-,-,-,-,-,-
MAHA-Govt Quota,OPEN Service,Maharashtra,"MGIMS, Wardha",PHARMACOLOGY,"₹1,43,300*","₹89,698",1,"₹50,00,000",1000,-,-,5777(1),5777(1),5777(1),-,-,-,-,-,-,-,-,-
MAHA-Govt Quota,EWS,Maharashtra,"Govt Med Coll, Chandrapur",BIOCHEMISTRY,"₹1,43,300*","₹92,522",1,"₹50,00,000",650,-,-,5784(1),-,-,-,-,-,-,-,-,-,-,-
MAHA-Govt Quota,OPEN,Maharashtra,"Rajarshee CSM Govt MC,Kolhapur",FORENSIC MEDICINE,"₹1,43,300*","₹92,522",1,"₹50,00,000",665,4801(1),-,5785(1),5785(1),5785(1),-,-,-,-,-,-,-,-,-
MAHA-Govt Quota,SC,Maharashtra,"Lokmanya Tilak, Sion, Mumbai",FORENSIC MEDICINE,"₹1,43,300*","₹92,522",1,"₹50,00,000",1462,4821(1),-,5786(1),5786(1),5786(1),-,-,-,-,-,-,-,-,-
MAHA-Govt Quota,OPEN Service-PH,Maharashtra,"Grant Med Coll, Mumbai",SPM,"₹1,43,300*","₹92,522",1,"₹50,00,000",2844,-,-,5793(1),5793(1),5793(1),-,-,-,-,-,-,-,-,-
MAHA-Govt Quota,SC Service,Maharashtra,"Seth GS, Mumbai",GENERAL SURGERY,"₹1,43,300*","₹92,522",1,"₹50,00,000",2250,-,-,5794(1),5794(1),5794(1),-,-,-,-,-,-,-,-,-
MAHA-Govt Quota,OBC,Maharashtra,"Govt Med Coll, Latur",MICROBIOLOGY,"₹1,43,300*","₹92,522",1,"₹50,00,000",750,3229(1),-,5795(1),5795(1),5795(1),-,-,-,-,-,-,-,-,-
MAHA-Govt Quota,ST Service,Maharashtra,"Govt Med Coll, Jalgaon",GENERAL SURGERY,"₹1,43,300*","₹92,522",1,"₹50,00,000",441,-,-,5810(1),5810(1),5810(1),-,-,-,-,-,-,-,-,-
MAHA-Govt Quota,ST,Maharashtra,"Tata Memorial, Mumbai",IHBT,"₹1,05,500*","₹1,00,800",1*,"₹25,00,000*",614,4342(1),4516(1),5379(1),5816(1),5816(1),-,-,-,-,-,-,-,-,-
MAHA-Govt Quota,VJ,Maharashtra,"Grant Med Coll, Mumbai",PHARMACOLOGY,"₹1,43,300*","₹92,522",1,"₹50,00,000",2844,4532(1),4557(1),5818(1),5818(1),5818(1),-,-,-,-,-,-,-,-,-
MAHA-Govt Quota,ST,Maharashtra,"MIMER, Talegaon, Pune",PSYCHIATRY,"₹8,00,000*","₹64,551",0,₹0,720,5048(1),5048(1),5829(1),4601(1),4601(1),-,-,-,-,-,-,-,-,-
MAHA-Govt Quota,SC Service,Maharashtra,"Topiwala, Mumbai",SPM,"₹1,43,300*","₹92,522",1,"₹50,00,000",1300,-,-,5836(1),5836(1),5836(1),-,-,-,-,-,-,-,-,-
MAHA-Govt Quota,OBC Service,Maharashtra,"BJMC, Pune",SPM,"₹1,43,300*","₹92,522",1,"₹50,00,000",1296,4750(1),-,5838(1),5838(1),5838(1),-,-,-,-,-,-,-,-,-
MAHA-Govt Quota,EWS Service,Maharashtra,"Seth GS, Mumbai",ANAESTHESIOLOGY,"₹1,43,300*","₹92,522",1,"₹50,00,000",2250,-,-,5181(1),5839(1),5839(1),-,-,-,-,-,-,-,-,-
MAHA-Govt Quota,EWS,Maharashtra,"SRTT, Ambajogai",BIOCHEMISTRY,"₹1,43,300*","₹92,522",1,"₹50,00,000",518,4390(1),-,5843(1),5843(1),5843(1),-,-,-,-,-,-,-,-,-
MAHA-Govt Quota,OBC,Maharashtra,"Govt Med Coll, Latur",ANATOMY,"₹1,43,300*","₹92,522",1,"₹50,00,000",750,-,-,5852(1),5852(1),5852(1),-,-,-,-,-,-,-,-,-
MAHA-Govt Quota,OBC Service,Maharashtra,"Seth GS, Mumbai",SPM,"₹1,43,300*","₹92,522",1,"₹50,00,000",2250,-,-,5853(1),5853(1),5853(1),-,-,-,-,-,-,-,-,-
MAHA-Govt Quota,OBC Service,Maharashtra,"MGIMS, Wardha",ANAESTHESIOLOGY,"₹1,43,300*","₹89,698",1,"₹50,00,000",1000,-,-,5867(1),5867(1),5867(1),-,-,-,-,-,-,-,-,-
MAHA-Govt Quota,OBC Service,Maharashtra,"Govt Med Coll, Nagpur",SPM,"₹1,43,300*","₹92,522",1,"₹50,00,000",1866,-,-,5872(1),5872(1),5872(1),-,-,-,-,-,-,-,-,-
MAHA-Govt Quota,OBC-PH,Maharashtra,"Govt Med Coll, Nagpur",MICROBIOLOGY,"₹1,43,300*","₹92,522",1,"₹50,00,000",1866,-,-,-,5882(1),-,-,-,-,-,-,-,-,-,-
MAHA-Govt Quota,NT1 Service,Maharashtra,"BJMC, Pune",GENERAL SURGERY,"₹1,43,300*","₹92,522",1,"₹50,00,000",1296,-,-,5884(1),5884(1),5884(1),-,-,-,-,-,-,-,-,-
MAHA-Govt Quota,OBC Service,Maharashtra,"Seth GS, Mumbai",ENT,"₹1,43,300*","₹92,522",1,"₹50,00,000",2250,-,-,5880(1),5895(1),5895(1),-,-,-,-,-,-,-,-,-
MAHA-Govt Quota,ST,Maharashtra,"Govt Med Coll, Aurangabad",FORENSIC MEDICINE,"₹1,43,300*","₹92,522",1,"₹50,00,000",1177,4716(1),-,5902(1),5902(1),5902(1),-,-,-,-,-,-,-,-,-
MAHA-Govt Quota,VJ,Maharashtra,"Vasantrao Pawar, Nasik",ANAESTHESIOLOGY,"₹9,00,000*","₹69,105",0,₹0,1000,4027(1),3031(1),5907(1),5907(1),5907(1),-,-,-,-,-,-,-,-,-
MAHA-Govt Quota,OBC,Maharashtra,"VMMC, Solapur",PHARMACOLOGY,"₹1,43,300*","₹92,522",1,"₹50,00,000",763,4868(1),-,5914(1),5914(1),5914(1),-,-,-,-,-,-,-,-,-
MAHA-Govt Quota,ST,Maharashtra,"Lokmanya Tilak, Sion, Mumbai",MICROBIOLOGY,"₹1,43,300*","₹92,522",1,"₹50,00,000",1462,-,-,5918(1),5918(1),5918(1),-,-,-,-,-,-,-,-,-
MAHA-Govt Quota,VJ Service-PH,Maharashtra,"Govt Med Coll, Nanded",FORENSIC MEDICINE,"₹1,43,300*","₹92,522",1,"₹50,00,000",750,-,-,5920(1),5920(1),5920(1),-,-,-,-,-,-,-,-,-
MAHA-Govt Quota,EWS Service,Maharashtra,"Lokmanya Tilak, Sion, Mumbai",MICROBIOLOGY,"₹1,43,300*","₹92,522",1,"₹50,00,000",1462,-,-,5924(1),-,-,-,-,-,-,-,-,-,-,-
MAHA-Govt Quota,OBC Service,Maharashtra,"BJMC, Pune",PATHOLOGY,"₹1,43,300*","₹92,522",1,"₹50,00,000",1296,-,-,5940(1),5940(1),5940(1),-,-,-,-,-,-,-,-,-
MAHA-Govt Quota,OPEN,Maharashtra,"Lokmanya Tilak, Sion, Mumbai",ANATOMY,"₹1,43,300*","₹92,522",1,"₹50,00,000",1462,-,-,5945(1),5945(1),5945(1),-,-,-,-,-,-,-,-,-
MAHA-Govt Quota,NT2 Service,Maharashtra,"Govt Med Coll, Miraj",PATHOLOGY,"₹1,43,300*","₹92,522",1,"₹50,00,000",725,-,-,5632(1),5953(1),5953(1),-,-,-,-,-,-,-,-,-
MAHA-Govt Quota,OPEN-PH,Maharashtra,"Govt Med Coll, Jalgaon",PHARMACOLOGY,"₹1,43,300*","₹92,522",1,"₹50,00,000",441,-,-,5961(1),5961(1),5961(1),-,-,-,-,-,-,-,-,-
MAHA-Govt Quota,SC Service-PH,Maharashtra,"Govt Med Coll, Nagpur",PHARMACOLOGY,"₹1,43,300*","₹92,522",1,"₹50,00,000",1866,-,-,5970(1),5970(1),5970(1),-,-,-,-,-,-,-,-,-
MAHA-Govt Quota,OPEN Service,Maharashtra,"Govt Med Coll, Chandrapur",FORENSIC MEDICINE,"₹1,43,300*","₹92,522",1,"₹50,00,000",650,-,-,5984(1),5984(1),5984(1),-,-,-,-,-,-,-,-,-
MAHA-Govt Quota,OPEN,Maharashtra,"Ulhas Patil Med Coll, Jalgaon",PHYSIOLOGY,"₹1,00,000*","₹52,769",0,₹0,500,-,-,5988(1),5988(1),5988(1),-,-,-,-,-,-,-,-,-
MAHA-Govt Quota,NT1 Service,Maharashtra,"Tata Memorial, Mumbai",ANAESTHESIOLOGY,"₹1,05,500*","₹1,00,800",1*,"₹25,00,000*",614,-,-,5997(1),5997(1),5997(1),-,-,-,-,-,-,-,-,-
MAHA-Govt Quota,OPEN Service,Maharashtra,"Pimpri Chinchwad, Pimpri",GENERAL SURGERY,"₹1,43,300*","₹92,522",1,"₹50,00,000",750,-,-,5478(1),5998(1),5998(1),-,-,-,-,-,-,-,-,-
MAHA-Govt Quota,OPEN Service,Maharashtra,"BJMC, Pune",MICROBIOLOGY,"₹1,43,300*","₹92,522",1,"₹50,00,000",1296,-,-,6003(1),6003(1),6003(1),-,-,-,-,-,-,-,-,-
MAHA-Govt Quota,OPEN,Maharashtra,"Vasantrao Pawar, Nasik",PHARMACOLOGY,"₹9,00,000*","₹69,105",0,₹0,1000,-,-,6005(1),6005(1),6005(1),-,-,-,-,-,-,-,-,-
MAHA-Govt Quota,NT3,Maharashtra,"Govt Med Coll, Gondia",PHARMACOLOGY,"₹1,43,300*","₹92,522",1,"₹50,00,000",500,-,-,6011(1),6011(1),6011(1),-,-,-,-,-,-,-,-,-
MAHA-Govt Quota,NT2 Service,Maharashtra,"Govt Med Coll, Nagpur",GENERAL SURGERY,"₹1,43,300*","₹92,522",1,"₹50,00,000",1866,-,-,6019(1),6019(1),6019(1),-,-,-,-,-,-,-,-,-
MAHA-Govt Quota,ST Service,Maharashtra,"MGIMS, Wardha",PATHOLOGY,"₹1,43,300*","₹89,698",1,"₹50,00,000",1000,-,-,6029(1),6029(1),6029(1),-,-,-,-,-,-,-,-,-
MAHA-Govt Quota,ST,Maharashtra,"Seth GS, Mumbai",PATHOLOGY,"₹1,43,300*","₹92,522",1,"₹50,00,000",2250,3940(1),3940(1),4940(1),6034(1),6034(1),-,-,-,-,-,-,-,-,-
MAHA-Govt Quota,OBC,Maharashtra,"Rajarshee CSM Govt MC,Kolhapur",PHARMACOLOGY,"₹1,43,300*","₹92,522",1,"₹50,00,000",665,4959(1),-,6035(1),6035(1),6035(1),-,-,-,-,-,-,-,-,-
MAHA-Govt Quota,ST,Maharashtra,"Govt Med Coll, Jalgaon",PHARMACOLOGY,"₹1,43,300*","₹92,522",1,"₹50,00,000",441,-,-,6047(1),6047(1),6047(1),-,-,-,-,-,-,-,-,-
MAHA-Govt Quota,OPEN Service,Maharashtra,"Indira Gandhi MedColl, Nagpur",PHARMACOLOGY,"₹1,43,300*","₹92,522",1,"₹50,00,000",822,-,-,6049(1),6049(1),6049(1),-,-,-,-,-,-,-,-,-
MAHA-Govt Quota,OBC,Maharashtra,"Govt Med Coll, Nanded",FORENSIC MEDICINE,"₹1,43,300*","₹92,522",1,"₹50,00,000",750,-,-,6050(1),6050(1),6050(1),-,-,-,-,-,-,-,-,-
MAHA-Govt Quota,OPEN Service,Maharashtra,"BJMC, Pune",PATHOLOGY,"₹1,43,300*","₹92,522",1,"₹50,00,000",1296,-,-,5101(1),6059(1),6059(1),-,-,-,-,-,-,-,-,-
MAHA-NRI Quota,NRI,Maharashtra,"Vedantaa Inst of MS, Palghar",OPHTHALMOLOGY,"₹96,60,000*","₹65,000",0,₹0,-,-,-,6060(1),6060(1),6060(1),-,-,-,-,-,-,-,-,-
MAHA-Govt Quota,OPEN-Orphan,Maharashtra,"Govt Med Coll, Nanded",PHARMACOLOGY,"₹1,43,300*","₹92,522",1,"₹50,00,000",750,-,-,3692(1),6067(1),6067(1),-,-,-,-,-,-,-,-,-
MAHA-Govt Quota,SC,Maharashtra,"KJ Somaiyya, Mumbai",PATHOLOGY,"₹12,00,000*","₹64,000",0,₹0,550,4148(1),4148(1),6069(1),6069(1),6069(1),-,-,-,-,-,-,-,-,-
MAHA-Govt Quota,SC Service,Maharashtra,"Lokmanya Tilak, Sion, Mumbai",DPH,"₹1,43,300*","₹92,522",1,"₹50,00,000",1462,-,-,6071(1),6071(1),6071(1),-,-,-,-,-,-,-,-,-
MAHA-Govt Quota,NT1 Service,Maharashtra,"Pimpri Chinchwad, Pimpri",SPM,"₹1,43,300*","₹92,522",1,"₹50,00,000",750,-,-,6075(1),6075(1),6075(1),-,-,-,-,-,-,-,-,-
MAHA-Govt Quota,NT1,Maharashtra,"SRTT, Ambajogai",MICROBIOLOGY,"₹1,43,300*","₹92,522",1,"₹50,00,000",518,-,-,6076(1),6076(1),6076(1),-,-,-,-,-,-,-,-,-
MAHA-Govt Quota,EWS Service,Maharashtra,"Tata Memorial, Mumbai",RADIATION ONCOLOGY,"₹1,05,500*","₹1,00,800",1*,"₹25,00,000*",614,-,-,6078(1),5756(1),5756(1),-,-,-,-,-,-,-,-,-
MAHA-Govt Quota,OBC Service,Maharashtra,"Govt Med Coll, Nagpur",TBRD,"₹1,43,300*","₹92,522",1,"₹50,00,000",1866,-,-,5296(1),6086(1),6086(1),-,-,-,-,-,-,-,-,-
MAHA-Govt Quota,OPEN Service,Maharashtra,"Tata Memorial, Mumbai",PALLIATIVE MEDICINE,"₹1,05,500*","₹1,00,800",1*,"₹25,00,000*",614,-,-,5814(1),6093(1),6093(1),-,-,-,-,-,-,-,-,-
MAHA-Govt Quota,EWS Service,Maharashtra,"Grant Med Coll, Mumbai",ANAESTHESIOLOGY,"₹1,43,300*","₹92,522",1,"₹50,00,000",2844,-,-,6044(1),6095(1),6095(1),-,-,-,-,-,-,-,-,-
MAHA-Govt Quota,EWS,Maharashtra,"Grant Med Coll, Mumbai",FORENSIC MEDICINE,"₹1,43,300*","₹92,522",1,"₹50,00,000",2844,4154(1),4154(1),4962(1),6102(1),6102(1),-,-,-,-,-,-,-,-,-
MAHA-Govt Quota,OPEN,Maharashtra,"Grant Med Coll, Mumbai",PHYSIOLOGY,"₹1,43,300*","₹92,522",1,"₹50,00,000",2844,5043(1),-,6103(1),6103(1),6103(1),-,-,-,-,-,-,-,-,-
MAHA-Govt Quota,OPEN Service,Maharashtra,"Govt Med Coll, Gondia",PHYSIOLOGY,"₹1,43,300*","₹92,522",1,"₹50,00,000",500,-,-,-,6119(1),-,-,-,-,-,-,-,-,-,-
MAHA-Govt Quota,SC Service,Maharashtra,"Seth GS, Mumbai",PHARMACOLOGY,"₹1,43,300*","₹92,522",1,"₹50,00,000",2250,-,-,6133(1),6133(1),6133(1),-,-,-,-,-,-,-,-,-
MAHA-Govt Quota,ST,Maharashtra,"Govt Med Coll, Nagpur",MICROBIOLOGY,"₹1,43,300*","₹92,522",1,"₹50,00,000",1866,-,-,6147(1),6147(1),6147(1),-,-,-,-,-,-,-,-,-
MAHA-Govt Quota,SC Service,Maharashtra,"VMMC, Solapur",PATHOLOGY,"₹1,43,300*","₹92,522",1,"₹50,00,000",763,-,-,6152(1),6152(1),6152(1),-,-,-,-,-,-,-,-,-
MAHA-Govt Quota,OPEN Service,Maharashtra,"Grant Med Coll, Mumbai",PHARMACOLOGY,"₹1,43,300*","₹92,522",1,"₹50,00,000",2844,-,-,6160(1),6160(1),6160(1),-,-,-,-,-,-,-,-,-
MAHA-Govt Quota,SC,Maharashtra,"Govt Med Coll, Chandrapur",FORENSIC MEDICINE,"₹1,43,300*","₹92,522",1,"₹50,00,000",650,-,-,6168(1),6168(1),6168(1),-,-,-,-,-,-,-,-,-
MAHA-Govt Quota,SC,Maharashtra,"SRTT, Ambajogai",BIOCHEMISTRY,"₹1,43,300*","₹92,522",1,"₹50,00,000",518,-,-,6169(1),6169(1),6169(1),-,-,-,-,-,-,-,-,-
MAHA-Govt Quota,EWS-PH,Maharashtra,"Seth GS, Mumbai",SPM,"₹1,43,300*","₹92,522",1,"₹50,00,000",2250,-,-,6174(1),6174(1),6174(1),-,-,-,-,-,-,-,-,-
MAHA-Govt Quota,OPEN Service-PH,Maharashtra,"Govt Med Coll, Miraj",OBG,"₹1,43,300*","₹92,522",1,"₹50,00,000",725,-,-,6176(1),4953(1),4953(1),-,-,-,-,-,-,-,-,-
MAHA-Govt Quota,OBC Service,Maharashtra,"Govt Med Coll, Nagpur",PATHOLOGY,"₹1,43,300*","₹92,522",1,"₹50,00,000",1866,-,-,6179(1),6179(1),6179(1),-,-,-,-,-,-,-,-,-
MAHA-Govt Quota,SC,Maharashtra,"ACPM, Dhule",PATHOLOGY,"₹10,74,000*","₹50,000",0,₹0,570,4572(1),4572(1),6181(1),6181(1),6181(1),-,-,-,-,-,-,-,-,-
MAHA-NRI Quota,NRI,Maharashtra,"Vedantaa Inst of MS, Palghar",TBRD,"₹96,60,000*","₹65,000",0,₹0,-,-,-,6187(1),5240(1),5240(1),-,-,-,-,-,-,-,-,-
MAHA-Govt Quota,OBC,Maharashtra,"Shri VR Naik Govt, Yavatmal",MICROBIOLOGY,"₹1,43,300*","₹92,522",1,"₹50,00,000",756,-,-,-,-,-,-,-,6203(1),-,-,-,-,-,-
MAHA-Govt Quota,OPEN Service,Maharashtra,"Lokmanya Tilak, Sion, Mumbai",PHYSIOLOGY,"₹1,43,300*","₹92,522",1,"₹50,00,000",1462,-,-,6208(1),6208(1),6208(1),-,-,-,-,-,-,-,-,-
MAHA-Govt Quota,OPEN Service,Maharashtra,"Lokmanya Tilak, Sion, Mumbai",DA,"₹1,43,300*","₹92,522",1,"₹50,00,000",1462,-,-,6209(1),6209(1),6209(1),-,-,-,-,-,-,-,-,-
MAHA-Govt Quota,OPEN Service,Maharashtra,"SRTT, Ambajogai",BIOCHEMISTRY,"₹1,43,300*","₹92,522",1,"₹50,00,000",518,-,-,6146(1),6213(1),6213(1),-,-,-,-,-,-,-,-,-
MAHA-Govt Quota,OBC Service,Maharashtra,"Lokmanya Tilak, Sion, Mumbai",GENERAL SURGERY,"₹1,43,300*","₹92,522",1,"₹50,00,000",1462,-,-,6214(1),6214(1),6214(1),-,-,-,-,-,-,-,-,-
MAHA-Govt Quota,OBC Service,Maharashtra,"Govt Med Coll, Miraj",GENERAL SURGERY,"₹1,43,300*","₹92,522",1,"₹50,00,000",725,-,-,6215(1),6215(1),6215(1),-,-,-,-,-,-,-,-,-
MAHA-Govt Quota,OPEN,Maharashtra,"Rajarshee CSM Govt MC,Kolhapur",ANATOMY,"₹1,43,300*","₹92,522",1,"₹50,00,000",665,-,-,-,6220(1),-,-,-,-,-,-,-,-,-,-
MAHA-Govt Quota,OBC Service,Maharashtra,"Topiwala, Mumbai",PATHOLOGY,"₹1,43,300*","₹92,522",1,"₹50,00,000",1300,-,-,6227(1),6227(1),6227(1),-,-,-,-,-,-,-,-,-
MAHA-Govt Quota,OPEN Service-PH,Maharashtra,"SRTT, Ambajogai",MICROBIOLOGY,"₹1,43,300*","₹92,522",1,"₹50,00,000",518,-,-,6229(1),6229(1),6229(1),-,-,-,-,-,-,-,-,-
MAHA Priv-Mgmt Quota,MGT,Maharashtra,"MIMSR, Latur",MICROBIOLOGY,"₹31,30,428*","₹76,249",0,₹0,775,-,-,-,-,-,-,-,6230(1),-,-,-,-,-,-
MAHA-Govt Quota,OPEN,Maharashtra,"VMMC, Solapur",BIOCHEMISTRY,"₹1,43,300*","₹92,522",1,"₹50,00,000",763,-,-,6231(1),6231(1),6231(1),-,-,-,-,-,-,-,-,-
MAHA-Govt Quota,OPEN Service,Maharashtra,"Shri VR Naik Govt, Yavatmal",MICROBIOLOGY,"₹1,43,300*","₹92,522",1,"₹50,00,000",756,-,-,-,6241(1),-,-,-,-,-,-,-,-,-,-
MAHA-Govt Quota,OPEN,Maharashtra,"Grant Med Coll, Mumbai",ANATOMY,"₹1,43,300*","₹92,522",1,"₹50,00,000",2844,-,-,6244(1),6244(1),6244(1),-,-,-,-,-,-,-,-,-
MAHA-Govt Quota,OPEN,Maharashtra,"Govt Med Coll, Nanded",PHYSIOLOGY,"₹1,43,300*","₹92,522",1,"₹50,00,000",750,-,-,6248(1),6248(1),6248(1),-,-,-,-,-,-,-,-,-
MAHA-Govt Quota,NT2,Maharashtra,"Govt Med Coll, Chandrapur",SPM,"₹1,43,300*","₹92,522",1,"₹50,00,000",650,4647(1),-,6249(1),6249(1),6249(1),-,-,-,-,-,-,-,-,-
MAHA-Govt Quota,OPEN,Maharashtra,"Govt Med Coll, Gondia",PHARMACOLOGY,"₹1,43,300*","₹92,522",1,"₹50,00,000",500,-,-,6257(1),6257(1),6257(1),-,-,-,-,-,-,-,-,-
MAHA-Govt Quota,EWS,Maharashtra,"Govt Med Coll, Nanded",MICROBIOLOGY,"₹1,43,300*","₹92,522",1,"₹50,00,000",750,-,-,6265(1),6265(1),6265(1),-,-,-,-,-,-,-,-,-
MAHA-Govt Quota,OPEN-PH,Maharashtra,"Shri VR Naik Govt, Yavatmal",ENT,"₹1,43,300*","₹92,522",1,"₹50,00,000",756,-,-,6269(1),2669(1),2669(1),-,-,-,-,-,-,-,-,-
MAHA-Govt Quota,SC Service,Maharashtra,"Indira Gandhi MedColl, Nagpur",MICROBIOLOGY,"₹1,43,300*","₹92,522",1,"₹50,00,000",822,-,-,6272(1),6272(1),6272(1),-,-,-,-,-,-,-,-,-
MAHA-Govt Quota,VJ,Maharashtra,"NKP Salve IMS, Nagpur",SPM,"₹9,00,000*","₹64,551",0,₹0,1272,-,-,6278(1),-,-,-,-,5923(1),-,-,-,-,-,-
MAHA-Govt Quota,OPEN Service,Maharashtra,"Indira Gandhi MedColl, Nagpur",FORENSIC MEDICINE,"₹1,43,300*","₹92,522",1,"₹50,00,000",822,-,-,5929(1),6285(1),-,-,-,-,-,-,-,-,-,-
MAHA-Govt Quota,OBC Service,Maharashtra,"Lokmanya Tilak, Sion, Mumbai",ENT,"₹1,43,300*","₹92,522",1,"₹50,00,000",1462,-,-,6287(1),6287(1),6287(1),-,-,-,-,-,-,-,-,-
MAHA-Govt Quota,ST Service,Maharashtra,"Grant Med Coll, Mumbai",MICROBIOLOGY,"₹1,43,300*","₹92,522",1,"₹50,00,000",2844,-,-,6282(1),6288(1),6288(1),-,-,-,-,-,-,-,-,-
MAHA-Govt Quota,OPEN,Maharashtra,"Govt Med Coll, Jalgaon",MICROBIOLOGY,"₹1,43,300*","₹92,522",1,"₹50,00,000",441,-,-,-,6300(1),-,-,-,-,-,-,-,-,-,-
MAHA-Govt Quota,NT2 Service,Maharashtra,"Govt Med Coll, Aurangabad",MICROBIOLOGY,"₹1,43,300*","₹92,522",1,"₹50,00,000",1177,-,-,6302(1),5954(1),5954(1),-,-,-,-,-,-,-,-,-
MAHA-Govt Quota,OBC Service,Maharashtra,"HBT & RN Cooper, Mumbai",FORENSIC MEDICINE,"₹1,43,300*","₹92,522",1,"₹50,00,000",940,-,-,6303(1),5991(1),5991(1),-,-,-,-,-,-,-,-,-
MAHA-Govt Quota,SC,Maharashtra,"Govt Med Coll, Latur",FORENSIC MEDICINE,"₹1,43,300*","₹92,522",1,"₹50,00,000",750,-,-,6308(1),6308(1),6308(1),-,-,-,-,-,-,-,-,-
MAHA-Govt Quota,SC Service,Maharashtra,"Govt Med Coll, Miraj",PHYSIOLOGY,"₹1,43,300*","₹92,522",1,"₹50,00,000",725,-,-,6311(1),6311(1),6311(1),-,-,-,-,-,-,-,-,-
MAHA-Govt Quota,OBC,Maharashtra,"SRTT, Ambajogai",PHARMACOLOGY,"₹1,43,300*","₹92,522",1,"₹50,00,000",518,-,-,6312(1),-,-,-,-,-,-,-,-,-,-,-
MAHA-Govt Quota,VJ,Maharashtra,"BJMC, Pune",BIOCHEMISTRY,"₹1,43,300*","₹92,522",1,"₹50,00,000",1296,-,-,6323(1),6323(1),6323(1),-,-,-,-,-,-,-,-,-
MAHA Priv-Mgmt Quota,MGT,Maharashtra,"Vedantaa Inst of MS, Palghar",FORENSIC MEDICINE,"₹1,75,000*","₹45,000",0,₹0,-,-,-,6327(1),-,-,-,-,-,-,-,-,-,-,-
MAHA Priv-Mgmt Quota,MGT-Minority,Maharashtra,"IIMSR, Jalna",ANAESTHESIOLOGY,"₹36,00,000*","₹64,551",0,₹0,Info Not Available,-,-,5557(2),6341(2),6341(2),-,-,-,-,-,-,-,-,-
MAHA-Govt Quota,NT1 Service,Maharashtra,"Grant Med Coll, Mumbai",PAEDIATRICS,"₹1,43,300*","₹92,522",1,"₹50,00,000",2844,-,-,5566(1),6345(1),6345(1),-,-,-,-,-,-,-,-,-
MAHA-Govt Quota,OBC Service,Maharashtra,"Rajiv Gandhi MC & CSMH, Thane",MICROBIOLOGY,"₹1,43,300*","₹92,522",1,"₹50,00,000",500,-,-,6352(1),6352(1),6352(1),-,-,-,-,-,-,-,-,-
MAHA-Govt Quota,OBC,Maharashtra,"Govt Med Coll, Miraj",FORENSIC MEDICINE,"₹1,43,300*","₹92,522",1,"₹50,00,000",725,-,-,6354(1),6354(1),6354(1),-,-,-,-,-,-,-,-,-
MAHA-Govt Quota,VJ,Maharashtra,"Govt Med Coll, Latur",PHYSIOLOGY,"₹1,43,300*","₹92,522",1,"₹50,00,000",750,-,-,6355(1),6355(1),6355(1),-,-,-,-,-,-,-,-,-
MAHA-Govt Quota,NT2,Maharashtra,"VMMC, Solapur",FORENSIC MEDICINE,"₹1,43,300*","₹92,522",1,"₹50,00,000",763,-,-,6362(1),6362(1),6362(1),-,-,-,-,-,-,-,-,-
MAHA-NRI Quota,NRI,Maharashtra,"Vedantaa Inst of MS, Palghar",ENT,"₹96,60,000*","₹65,000",0,₹0,-,-,-,6372(1),6256(1),6256(1),-,-,-,-,-,-,-,-,-
MAHA-Govt Quota,OPEN-PH,Maharashtra,"Indira Gandhi MedColl, Nagpur",TBRD,"₹1,43,300*","₹92,522",1,"₹50,00,000",822,-,-,6373(1),6373(1),6373(1),-,-,-,-,-,-,-,-,-
MAHA-Govt Quota,OPEN,Maharashtra,"Indira Gandhi MedColl, Nagpur",ANATOMY,"₹1,43,300*","₹92,522",1,"₹50,00,000",822,-,-,-,6374(1),-,-,-,-,-,-,-,-,-,-
MAHA-Govt Quota,OBC,Maharashtra,"Govt Med Coll, Chandrapur",PHYSIOLOGY,"₹1,43,300*","₹92,522",1,"₹50,00,000",650,-,-,-,6376(1),-,-,-,-,-,-,-,-,-,-
MAHA Priv-Mgmt Quota,MGT,Maharashtra,"Vedantaa Inst of MS, Palghar",PSYCHIATRY,"₹77,28,000*","₹65,000",0,₹0,-,4643(2),3446(1),5348(2),5362(2),5951(2),6298(1),6377(1),-,-,-,-,-,-,-
MAHA-Govt Quota,ST,Maharashtra,"Govt Med Coll, Miraj",PHARMACOLOGY,"₹1,43,300*","₹92,522",1,"₹50,00,000",725,4570(1),-,6141(1),6381(1),6381(1),-,-,-,-,-,-,-,-,-
MAHA-Govt Quota,OBC,Maharashtra,"MIMER, Talegaon, Pune",SPM,"₹8,00,000*","₹64,551",0,₹0,720,-,-,6384(1),6384(1),6384(1),-,-,-,-,-,-,-,-,-
MAHA-Govt Quota,OBC Service,Maharashtra,"Grant Med Coll, Mumbai",PHYSIOLOGY,"₹1,43,300*","₹92,522",1,"₹50,00,000",2844,-,-,6385(1),6385(1),6385(1),-,-,-,-,-,-,-,-,-
MAHA-Govt Quota,VJ,Maharashtra,"Indira Gandhi MedColl, Nagpur",MICROBIOLOGY,"₹1,43,300*","₹92,522",1,"₹50,00,000",822,-,-,6388(1),-,-,-,-,-,-,-,-,-,-,-
MAHA-Govt Quota,ST,Maharashtra,"Topiwala, Mumbai",PHYSIOLOGY,"₹1,43,300*","₹92,522",1,"₹50,00,000",1300,-,-,6390(1),6390(1),6390(1),-,-,-,-,-,-,-,-,-
MAHA-Govt Quota,SC,Maharashtra,"BJMC, Pune",ANATOMY,"₹1,43,300*","₹92,522",1,"₹50,00,000",1296,-,-,6391(1),6391(1),6391(1),-,-,-,-,-,-,-,-,-
MAHA-Govt Quota,EWS,Maharashtra,"Sri Bhausaheb, Dhule",BIOCHEMISTRY,"₹1,43,300*","₹92,522",1,"₹50,00,000",545,-,-,6392(1),6392(1),6392(1),-,-,-,-,-,-,-,-,-
MAHA-Govt Quota,OPEN,Maharashtra,"Govt Med Coll, Chandrapur",MICROBIOLOGY,"₹1,43,300*","₹92,522",1,"₹50,00,000",650,-,-,6401(1),6401(1),6401(1),-,-,-,-,-,-,-,-,-
MAHA-Govt Quota,OPEN-PH,Maharashtra,"Govt Med Coll, Nagpur",SPM,"₹1,43,300*","₹92,522",1,"₹50,00,000",1866,-,-,6405(1),4638(1),5138(1),5496(1),-,-,-,-,-,-,-,-
MAHA-Govt Quota,NT1 Service,Maharashtra,"Govt Med Coll, Nanded",PHARMACOLOGY,"₹1,43,300*","₹92,522",1,"₹50,00,000",750,-,-,6416(1),6306(1),-,-,-,6054(1),-,-,-,-,-,-
MAHA-Govt Quota,OPEN Service-PH,Maharashtra,"Govt Med Coll, Akola",PATHOLOGY,"₹1,43,300*","₹92,522",1,"₹50,00,000",840,-,-,6417(1),6417(1),6417(1),-,-,-,-,-,-,-,-,-
MAHA Priv-Mgmt Quota,MGT,Maharashtra,"MIMER, Talegaon, Pune",MICROBIOLOGY,"₹32,00,000*","₹64,551",0,₹0,720,-,-,-,6421(1),-,-,-,-,-,-,-,-,-,-
MAHA-Govt Quota,OBC,Maharashtra,"SRTT, Ambajogai",BIOCHEMISTRY,"₹1,43,300*","₹92,522",1,"₹50,00,000",518,-,-,6422(1),6422(1),6422(1),-,-,-,-,-,-,-,-,-
MAHA-Govt Quota,OPEN-PH,Maharashtra,"HBT & RN Cooper, Mumbai",FORENSIC MEDICINE,"₹1,43,300*","₹92,522",1,"₹50,00,000",940,-,-,4987(1),6423(1),6423(1),-,-,-,-,-,-,-,-,-
MAHA-Govt Quota,NT1,Maharashtra,"Indira Gandhi MedColl, Nagpur",FORENSIC MEDICINE,"₹1,43,300*","₹92,522",1,"₹50,00,000",822,-,-,6424(1),6424(1),6424(1),-,-,-,-,-,-,-,-,-
MAHA-NRI Quota,NRI,Maharashtra,"Panjabrao Deshmukh, Amravati",PATHOLOGY,-,-,-,-,760,-,-,6437(1),6437(1),6437(1),-,-,-,-,-,-,-,-,-
MAHA-Govt Quota,SC,Maharashtra,"MIMSR, Latur",SPM,"₹7,82,607*","₹76,249",0,₹0,775,-,-,6205(1),6439(1),6439(1),-,-,-,-,-,-,-,-,-
MAHA-Govt Quota,SC,Maharashtra,"Govt Med Coll, Aurangabad",BIOCHEMISTRY,"₹1,43,300*","₹92,522",1,"₹50,00,000",1177,-,-,6443(1),6443(1),6443(1),-,-,-,-,-,-,-,-,-
MAHA-Govt Quota,SC Service,Maharashtra,"Rajarshee CSM Govt MC,Kolhapur",ANATOMY,"₹1,43,300*","₹92,522",1,"₹50,00,000",665,-,-,-,6453(1),6453(1),-,-,-,-,-,-,-,-,-
MAHA-Govt Quota,OBC Service,Maharashtra,"Indira Gandhi MedColl, Nagpur",SPM,"₹1,43,300*","₹92,522",1,"₹50,00,000",822,-,-,6456(1),6456(1),6456(1),-,-,-,-,-,-,-,-,-
MAHA-Govt Quota,OBC,Maharashtra,"Topiwala, Mumbai",MICROBIOLOGY,"₹1,43,300*","₹92,522",1,"₹50,00,000",1300,-,-,6458(1),-,-,-,-,-,-,-,-,-,-,-
MAHA-Govt Quota,OBC Service-PH,Maharashtra,"BJMC, Pune",BIOCHEMISTRY,"₹1,43,300*","₹92,522",1,"₹50,00,000",1296,-,-,6459(1),6459(1),6459(1),-,-,-,-,-,-,-,-,-
MAHA-Govt Quota,OPEN,Maharashtra,"MGIMS, Wardha",MICROBIOLOGY,"₹1,43,300*","₹89,698",1,"₹50,00,000",1000,-,-,-,6463(1),6463(1),-,-,-,-,-,-,-,-,-
MAHA-Govt Quota,OBC,Maharashtra,"Govt Med Coll, Akola",MICROBIOLOGY,"₹1,43,300*","₹92,522",1,"₹50,00,000",840,-,-,6465(1),6465(1),6465(1),-,-,-,-,-,-,-,-,-
MAHA-Govt Quota,VJ,Maharashtra,"Seth GS, Mumbai",ANATOMY,"₹1,43,300*","₹92,522",1,"₹50,00,000",2250,-,-,-,6468(1),6468(1),-,-,-,-,-,-,-,-,-
MAHA-Govt Quota,NT3,Maharashtra,"Govt Med Coll, Nanded",MICROBIOLOGY,"₹1,43,300*","₹92,522",1,"₹50,00,000",750,-,-,6469(1),6469(1),6469(1),-,-,-,-,-,-,-,-,-
MAHA-Govt Quota,OBC,Maharashtra,"Rajiv Gandhi MC & CSMH, Thane",BIOCHEMISTRY,"₹1,43,300*","₹92,522",1,"₹50,00,000",500,-,-,6480(1),6480(1),6480(1),-,-,-,-,-,-,-,-,-
MAHA-Govt Quota,OPEN-PH,Maharashtra,"BJMC, Pune",GENERAL MEDICINE,"₹1,43,300*","₹92,522",1,"₹50,00,000",1296,4934(1),-,6490(1),6490(1),6490(1),-,-,-,-,-,-,-,-,-
MAHA-Govt Quota,OPEN Service,Maharashtra,"Govt Med Coll, Nagpur",PHYSIOLOGY,"₹1,43,300*","₹92,522",1,"₹50,00,000",1866,-,-,6493(1),6493(1),6493(1),-,-,-,-,-,-,-,-,-
MAHA-Govt Quota,OBC,Maharashtra,"Vedantaa Inst of MS, Palghar",SPM,"₹1,75,000*","₹45,000",0,₹0,-,-,-,6499(1),5572(1),5572(1),-,-,-,-,-,-,-,-,-
MAHA-Govt Quota,EWS,Maharashtra,"Govt Med Coll, Gondia",FORENSIC MEDICINE,"₹1,43,300*","₹92,522",1,"₹50,00,000",500,-,-,6502(1),6502(1),6502(1),-,-,-,-,-,-,-,-,-
MAHA-Govt Quota,SC,Maharashtra,"SRTT, Ambajogai",FORENSIC MEDICINE,"₹1,43,300*","₹92,522",1,"₹50,00,000",518,-,-,6504(1),6504(1),6504(1),-,-,-,-,-,-,-,-,-
MAHA-Govt Quota,OPEN,Maharashtra,"Govt Med Coll, Akola",FORENSIC MEDICINE,"₹1,43,300*","₹92,522",1,"₹50,00,000",840,-,-,5447(1),6428(1),-,-,-,6507(1),-,-,-,-,-,-
MAHA-Govt Quota,OPEN,Maharashtra,"Panjabrao Deshmukh, Amravati",SPM,"₹7,00,000*","₹76,429",0,₹0,760,-,-,6452(1),6508(1),6508(1),-,-,-,-,-,-,-,-,-
MAHA-Govt Quota,SC,Maharashtra,"Govt Med Coll, Miraj",ANATOMY,"₹1,43,300*","₹92,522",1,"₹50,00,000",725,-,-,6509(1),6509(1),6509(1),-,-,-,-,-,-,-,-,-
MAHA-Govt Quota,OPEN-PH,Maharashtra,"Grant Med Coll, Mumbai",BIOCHEMISTRY,"₹1,43,300*","₹92,522",1,"₹50,00,000",2844,-,-,-,-,-,-,-,6521(1),-,-,-,-,-,-
MAHA-Govt Quota,EWS,Maharashtra,"Grant Med Coll, Mumbai",IHBT,"₹1,43,300*","₹92,522",1,"₹50,00,000",2844,3971(1),-,4156(1),6525(1),4719(1),5203(1),-,-,-,-,-,-,-,-
MAHA-Govt Quota,OBC,Maharashtra,"Govt Med Coll, Nagpur",FORENSIC MEDICINE,"₹1,43,300*","₹92,522",1,"₹50,00,000",1866,-,-,5645(1),5873(1),6505(1),5033(1),-,6527(1),-,-,-,-,-,-
MAHA-Govt Quota,SC-PH,Maharashtra,"Rajarshee CSM Govt MC,Kolhapur",SPM,"₹1,43,300*","₹92,522",1,"₹50,00,000",665,-,-,6533(1),6533(1),6533(1),-,-,-,-,-,-,-,-,-
MAHA-Govt Quota,SC,Maharashtra,"Vedantaa Inst of MS, Palghar",FORENSIC MEDICINE,"₹1,75,000*","₹45,000",0,₹0,-,-,-,6534(1),6534(1),6534(1),-,-,-,-,-,-,-,-,-
MAHA-Govt Quota,OBC-PH,Maharashtra,"Govt Med Coll, Aurangabad",GENERAL MEDICINE,"₹1,43,300*","₹92,522",1,"₹50,00,000",1177,-,-,6552(1),571(1),571(1),-,-,-,-,-,-,-,-,-
MAHA-Govt Quota,SC,Maharashtra,"BKL Walawalkar, Ratnagiri",SPM,"₹5,00,000*","₹62,000",0,₹0,520,-,-,6553(1),6553(1),6553(1),-,-,-,-,-,-,-,-,-
MAHA-Govt Quota,OBC Service,Maharashtra,"Lokmanya Tilak, Sion, Mumbai",DO,"₹1,43,300*","₹92,522",1,"₹50,00,000",1462,-,-,-,6556(1),6556(1),-,-,-,-,-,-,-,-,-
MAHA-Govt Quota,NT1,Maharashtra,"Shri VR Naik Govt, Yavatmal",MICROBIOLOGY,"₹1,43,300*","₹92,522",1,"₹50,00,000",756,-,-,6557(1),6557(1),6557(1),-,-,-,-,-,-,-,-,-
MAHA-Govt Quota,NT1,Maharashtra,"Kashibai Navale, Pune",SPM,"₹12,94,000*","₹76,429",0,₹0,1094,-,-,6558(1),-,-,-,-,-,-,-,-,-,-,-
MAHA-Govt Quota,ST,Maharashtra,"Govt Med Coll, Gondia",FORENSIC MEDICINE,"₹1,43,300*","₹92,522",1,"₹50,00,000",500,-,-,6567(1),6164(1),5883(1),-,-,-,-,-,-,-,-,-
MAHA-Govt Quota,ST,Maharashtra,"Bombay Hospital IMS, Mumbai",PATHOLOGY,"₹8,92,858*","₹70,000",0,₹0,725,-,-,6568(1),6568(1),6568(1),-,-,-,-,-,-,-,-,-
MAHA-Govt Quota,ST,Maharashtra,"Rajiv Gandhi MC & CSMH, Thane",MICROBIOLOGY,"₹1,43,300*","₹92,522",1,"₹50,00,000",500,-,-,6545(1),6579(1),-,-,-,-,-,-,-,-,-,-
MAHA-Govt Quota,ST,Maharashtra,"Vedantaa Inst of MS, Palghar",PAEDIATRICS,"₹19,32,000*","₹65,000",0,₹0,-,-,-,5038(1),6581(1),6581(1),-,-,-,-,-,-,-,-,-
MAHA-Govt Quota,OPEN Service,Maharashtra,"Rajiv Gandhi MC & CSMH, Thane",BIOCHEMISTRY,"₹1,43,300*","₹92,522",1,"₹50,00,000",500,-,-,6585(1),6585(1),6585(1),-,-,-,-,-,-,-,-,-