Counselling,Quota,Category,State,Institute,Course,Fee,Stipend Year 1,Bond Years,Bond Penalty,Beds,Fee Session,CR 2023 0,CR 2023 1,CR 2023 2,CR 2023 3,CR 2023 4,CR 2023 5,CR 2023 6,CR 2023 7,CR 2024 0,CR 2024 1,CR 2024 2,CR 2024 3,CR 2024 3.5,CR 2024 4,CR 2024 5,CR 2024 6
UK PG,UK Priv-AllIndia/Mgmt,UR-MNG,Uttarakhand,"HIMS, Dehradun",RADIO DIAGNOSIS,"₹30,00,000*","₹40,000",1,"₹2,50,00,000",1200,2024,-,85(3),89(3),4(1),-,-,-,-,-,48(3),90(2),5(1),-,-,-,-
TEL Mgmt PG,TELMgmt-MQ1-CatB-All,MQ1,Telangana,"SVS Med Coll, Mehboobnagar",DERMATOLOGY,"₹24,00,000*",Info not available*,1*,"₹20,00,000*",760,2024,-,54(1),55(1),55(1),55(1),55(1),55(1),-,-,142(1),129(1),10(1),-,-,-,-
Haryana PG,HAR Priv-Mgmt,MNG,Haryana,"Adesh Med Coll, Shahabad",RADIO DIAGNOSIS,"₹14,02,000*","₹44,000",0,₹0,775,2024,-,-,-,-,-,-,-,-,-,121(1),107(1),14(1),-,-,-,-
TEL Mgmt PG,TELMgmt-MQ1-CatB-All,MQ1,Telangana,"Apollo IMSR, Hyderabad",RADIO DIAGNOSIS,"₹23,00,000*",Info not available*,1*,"₹20,00,000*",570,2024,-,2(1),11(1),12(1),12(1),12(1),12(1),-,-,10(1),12(1),23(1),-,-,-,-
Haryana PG,HAR Priv-Mgmt,MNG,Haryana,"World College of MS&RC, Jhajjar",RADIO DIAGNOSIS,"₹14,02,000*","₹56,100",0,₹0,-,2024,-,203(2),271(2),149(2),-,-,-,-,-,312(2),224(2),32(2),-,-,-,-
AP Mgmt PG,APMgmt-S1-All-CatB,S1A,Andhra Pradesh,"Alluri Sitaram Raju, Eluru",RADIO DIAGNOSIS,"₹9,93,600*","₹30,000*",1*,Info not available*,1200,2024,-,3(1),9(1),-,-,-,-,-,-,11(1),26(1),33(1),-,-,-,-
TEL Mgmt PG,TELMgmt-MQ1-CatB-All,MQ1,Telangana,"Kamineni (KAMSRC), Hyderabad",RADIO DIAGNOSIS,"₹23,00,000*",Info not available*,1*,"₹20,00,000*",650,2024,-,17(2),45(2),56(2),56(2),56(2),56(2),-,-,24(2),24(2),50(2),-,-,-,-
TEL Mgmt PG,TELMgmt-MQ1-CatB-All,MQ1,Telangana,"Apollo IMSR, Hyderabad",GENERAL MEDICINE,"₹23,00,000*",Info not available*,1*,"₹20,00,000*",570,2024,-,35(2),41(2),57(2),57(2),57(2),57(2),-,-,26(2),58(2),58(2),-,-,-,-
Haryana PG,HAR Priv-Mgmt,MNG,Haryana,"World College of MS&RC, Jhajjar",DERMATOLOGY,"₹14,02,000*","₹56,100",0,₹0,-,2024,-,249(1),286(1),159(1),-,-,-,-,-,366(1),311(1),59(1),-,-,-,-
PNDCHRY PG,PY Mgmt-Open,AGE,Pondicherry,"SMVMCH, Pondicherry",RADIO DIAGNOSIS,"₹23,90,000*",₹0*,0,₹0,900,2024,-,11(4),160(4),160(4),-,-,-,-,-,10(4),61(4),61(4),-,-,-,-
PNDCHRY PG,PY Mgmt-Open,AGE,Pondicherry,"SMVMCH, Pondicherry",DERMATOLOGY,"₹23,90,000*",₹0*,0,₹0,900,2024,-,15(2),194(2),194(2),-,-,-,-,-,19(2),68(2),68(2),-,-,-,-
TEL Mgmt PG,TELMgmt-MQ1-CatB-All,MQ1,Telangana,"Mamata AcadofMedSci,Bachupally",RADIO DIAGNOSIS,"₹23,00,000*",Info not available*,1*,"₹20,00,000*",-,2024,-,-,-,-,-,-,-,-,-,71(2),71(2),73(2),-,-,-,-
Haryana PG,HAR Priv-Mgmt,MNG,Haryana,"NC Med Coll, Panipat",OBG,"₹14,02,000*","₹40,000",0,₹0,680,2024,-,417(1),319(1),181(1),-,-,-,-,-,670(1),355(1),73(1),-,-,-,-
TEL Mgmt PG,TELMgmt-MQ1-CatB-All,MQ1,Telangana,"SVS Med Coll, Mehboobnagar",RADIO DIAGNOSIS,"₹24,00,000*",Info not available*,1*,"₹20,00,000*",760,2024,-,24(2),24(2),24(2),24(2),24(2),24(2),-,-,27(1),41(1),78(1),-,-,-,-
TEL Mgmt PG,TELMgmt-MQ1-CatB-All,MQ1,Telangana,"Mamata AcadofMedSci,Bachupally",GENERAL MEDICINE,"₹23,00,000*",Info not available*,1*,"₹20,00,000*",-,2024,-,-,-,-,-,-,-,-,-,89(4),89(4),93(4),-,-,-,-
TEL Mgmt PG,TELMgmt-MQ1-CatB-All,MQ1,Telangana,"RVM IMSRC, Siddipet",GENERAL MEDICINE,"₹23,00,000*",Info not available*,1*,"₹20,00,000*",1110,2024,-,136(1),146(1),146(1),146(1),146(1),146(1),-,-,121(1),147(1),94(1),-,-,-,-
Haryana PG,HAR Priv-Mgmt,MNG,Haryana,"Adesh Med Coll, Shahabad",GENERAL SURGERY,"₹14,02,000*","₹44,000",0,₹0,775,2024,-,556(2),337(1),198(1),87(1),-,-,-,-,908(2),487(1),97(1),-,39(1),-,-
Haryana PG,HAR Priv-Mgmt,MNG,Haryana,"Adesh Med Coll, Shahabad",PAEDIATRICS,"₹14,02,000*","₹44,000",0,₹0,775,2024,-,360(1),248(1),132(1),-,-,-,-,-,444(2),411(2),102(1),-,67(1),-,-
TEL Mgmt PG,TELMgmt-MQ1-CatB-All,MQ1,Telangana,"Apollo IMSR, Hyderabad",DERMATOLOGY,"₹23,00,000*",Info not available*,1*,"₹20,00,000*",570,2024,-,-,-,-,-,-,-,-,-,29(1),10(1),104(1),-,-,-,-
Punjab PG,PB Priv-DMC Mgmt,GEN,Punjab,"DMC, Ludhiana",OBG,"₹6,50,000*","₹50,000",0,₹0,1326,2024,-,110(1),-,-,-,-,-,-,-,173(2),122(1),111(2),-,-,-,-
PNDCHRY PG,PY Mgmt-Open,AGE,Pondicherry,"PIMS, Pondicherry",GENERAL MEDICINE,"₹23,90,000","₹43,000",0,₹0,740,2024,-,-,-,-,-,-,-,-,-,-,-,115(2),-,-,-,-
Haryana PG,HAR Priv-Mgmt,MNG,Haryana,"World College of MS&RC, Jhajjar",GENERAL MEDICINE,"₹14,02,000*","₹56,100",0,₹0,-,2024,-,384(1),231(1),125(1),-,-,-,-,-,538(2),445(1),115(1),-,57(1),-,-
TEL Mgmt PG,TELMgmt-MQ1-CatB-All,MQ1,Telangana,"Prathima IMS, Karimnagar",RADIO DIAGNOSIS,"₹23,00,000*",Info not available*,1*,"₹20,00,000*",1060,2024,-,37(2),62(2),72(2),72(2),72(2),72(2),-,-,60(2),119(2),131(2),-,-,-,-
Haryana PG,HAR Priv-Mgmt,MNG,Haryana,"World College of MS&RC, Jhajjar",ORTHOPAEDICS,"₹14,02,000*","₹56,100",0,₹0,-,2024,-,524(2),539(2),-,236(1),-,-,-,-,955(1),477(1),131(1),-,-,-,-
TEL Mgmt PG,TELMgmt-MQ1-CatB-All,MQ1,Telangana,"SVS Med Coll, Mehboobnagar",GENERAL MEDICINE,"₹24,00,000*",Info not available*,1*,"₹20,00,000*",760,2024,-,105(4),188(4),188(4),188(4),188(4),188(4),-,-,97(4),115(4),133(4),-,-,-,-
AP Mgmt PG,APMgmt-S1-All-CatB,S1A,Andhra Pradesh,"NRI Med Coll, Guntur",GENERAL MEDICINE,"₹9,93,600*","₹27,000*",1*,Info not available*,1050,2024,-,8(1),29(1),-,-,-,-,-,-,4(1),11(1),134(1),-,-,-,-
UK PG,UK Priv-AllIndia/Mgmt,UR-MNG,Uttarakhand,"SGRRI, Dehradun",DERMATOLOGY,"₹28,50,000*","₹59,065",1,"₹10,00,000",750,2024,-,119(2),83(1),-,-,-,-,-,-,162(2),209(1),134(1),-,-,-,-
TEL Mgmt PG,TELMgmt-MQ1-CatB-All,MQ1,Telangana,"Mamata AcadofMedSci,Bachupally",DERMATOLOGY,"₹23,00,000*",Info not available*,1*,"₹20,00,000*",-,2024,-,-,-,-,-,-,-,-,-,137(1),137(1),137(1),-,-,-,-
Haryana PG,HAR Priv-Mgmt,MNG,Haryana,"SGGST Med Coll, Gurgaon",RADIO DIAGNOSIS,"₹45,00,000*","₹56,100",Info Not Available,Info not available,720,2024,-,457(4),293(3),127(1),93(3),233(3),-,-,-,358(4),503(4),137(1),-,-,-,-
Haryana PG,HAR Priv-Mgmt,MNG,Haryana,"NC Med Coll, Panipat",PAEDIATRICS,"₹14,02,000*","₹40,000",0,₹0,680,2024,-,460(2),372(2),-,-,-,-,-,-,790(3),485(3),140(1),-,76(1),-,-
Punjab PG,PB Priv-DMC Mgmt,GEN,Punjab,"DMC, Ludhiana",GENERAL SURGERY,"₹6,50,000*","₹50,000",0,₹0,1326,2024,-,-,-,126(1),-,-,-,-,-,253(2),-,142(1),-,-,-,-
Haryana PG,HAR Priv-Mgmt,MNG,Haryana,"World College of MS&RC, Jhajjar",PAEDIATRICS,"₹14,02,000*","₹56,100",0,₹0,-,2024,-,496(2),497(2),303(2),139(1),384(1),-,-,-,747(2),464(2),145(2),-,68(1),-,-
Haryana PG,HAR Priv-Mgmt,MNG,Haryana,"NC Med Coll, Panipat",GENERAL SURGERY,"₹14,02,000*","₹40,000",0,₹0,680,2024,-,596(2),402(2),379(1),-,-,-,-,-,1014(3),558(3),148(1),-,-,-,-
Punjab PG,PB Priv-DMC Mgmt,GEN,Punjab,"DMC, Ludhiana",ORTHOPAEDICS,"₹6,50,000*","₹50,000",0,₹0,1326,2024,-,108(1),126(1),123(1),-,-,-,-,-,106(1),184(1),149(1),-,-,-,-
Haryana PG,HAR Priv-Mgmt,MNG,Haryana,"Al Falah SchooloffMS,Faridabad",GENERAL MEDICINE,"₹29,90,000*","₹55,000",0,₹0,-,2024,-,459(3),542(5),346(5),143(2),234(1),-,-,-,837(4),685(4),151(1),-,-,-,-
TEL Mgmt PG,TELMgmt-MQ1-CatB-All,MQ1,Telangana,"Bhaskar Med Coll, Yenkapally",GENERAL MEDICINE,"₹23,00,000*",Info not available*,1*,"₹20,00,000*",850,2024,-,188(2),223(2),227(2),227(2),227(2),227(2),-,-,115(2),152(2),152(2),-,-,-,-
Haryana PG,HAR Priv-Mgmt,MNG,Haryana,"Adesh Med Coll, Shahabad",PSYCHIATRY,"₹14,02,000*","₹44,000",0,₹0,775,2024,-,643(2),413(1),-,-,-,-,-,-,881(1),519(1),152(1),-,-,-,-
AP Mgmt PG,APMgmt-S1-All-CatB,S1A,Andhra Pradesh,"PES IMS, Kuppam",GENERAL MEDICINE,"₹9,93,600*","₹30,000*",1*,Info not available*,975,2024,-,20(1),88(1),-,-,-,-,-,-,23(1),78(1),153(1),-,-,-,-
TEL Mgmt PG,TELMgmt-MQ1-CatB-All,MQ1,Telangana,"Bhaskar Med Coll, Yenkapally",RADIO DIAGNOSIS,"₹23,00,000*",Info not available*,1*,"₹20,00,000*",850,2024,-,93(2),96(2),96(2),96(2),96(2),96(2),-,-,77(2),92(2),153(2),-,-,-,-
Haryana PG,HAR Priv-Mgmt,MNG,Haryana,"SGGST Med Coll, Gurgaon",PAEDIATRICS,"₹32,00,000*","₹56,100",Info Not Available,Info not available,720,2024,-,647(2),493(2),260(1),-,-,-,-,-,1042(2),521(2),154(1),-,-,-,-
Haryana PG,HAR Priv-Mgmt,MNG,Haryana,"Adesh Med Coll, Shahabad",TBRD,"₹14,02,000*","₹44,000",0,₹0,775,2024,-,-,-,-,-,-,-,-,-,840(1),522(1),155(1),-,-,-,-
TEL Mgmt PG,TELMgmt-MQ1-CatB-All,MQ1,Telangana,"Apollo IMSR, Hyderabad",PAEDIATRICS,"₹23,00,000*",Info not available*,1*,"₹20,00,000*",570,2024,-,144(1),155(1),155(1),155(1),155(1),155(1),-,-,42(1),159(1),159(1),-,-,-,-
Haryana PG,HAR Priv-Mgmt,MNG,Haryana,"NC Med Coll, Panipat",OPHTHALMOLOGY,"₹14,02,000*","₹40,000",0,₹0,680,2024,-,-,-,-,-,-,-,-,-,871(1),540(1),164(1),-,-,-,-
Haryana PG,HAR Priv-Mgmt,MNG,Haryana,"Al Falah SchooloffMS,Faridabad",DERMATOLOGY,"₹32,90,000*","₹55,000",0,₹0,-,2024,-,493(2),454(2),-,-,-,-,-,-,687(2),609(2),178(1),-,-,-,-
AP Mgmt PG,APMgmt-S1-All-CatB,S1A,Andhra Pradesh,"Narayana Med Coll, Nellore",GENERAL MEDICINE,"₹9,93,600*","₹40,000*",1*,Info not available*,1430,2024,-,10(1),70(1),-,-,-,-,-,-,22(1),22(1),182(1),-,-,-,-
TEL Mgmt PG,TELMgmt-MQ1-CatB-All,MQ1,Telangana,"Mamata Med Coll, Khammam",RADIO DIAGNOSIS,"₹23,00,000*",Info not available*,1*,"₹20,00,000*",1080,2024,-,78(2),129(2),129(2),129(2),129(2),129(2),-,-,78(3),112(3),182(3),-,-,-,-
Haryana PG,HAR Priv-Mgmt,MNG,Haryana,"World College of MS&RC, Jhajjar",OBG,"₹14,02,000*","₹56,100",0,₹0,-,2024,-,653(3),570(3),357(3),145(1),-,-,-,-,828(4),467(4),182(2),-,-,-,-
TEL Mgmt PG,TELMgmt-MQ1-CatB-All,MQ1,Telangana,"Kamineni IMS, Narketpally",GENERAL MEDICINE,"₹23,00,000*",Info not available*,1*,"₹20,00,000*",1060,2024,-,145(2),190(2),233(2),233(2),233(2),233(2),-,-,180(2),184(2),184(2),-,-,-,-
AP Mgmt PG,APMgmt-S1-All-CatB,S1A,Andhra Pradesh,"Alluri Sitaram Raju, Eluru",GENERAL MEDICINE,"₹9,93,600*","₹30,000*",1*,Info not available*,1200,2024,-,15(1),141(1),-,-,-,-,-,-,8(1),29(1),188(1),-,-,-,-
TEL Mgmt PG,TELMgmt-MQ1-CatB-All,MQ1,Telangana,"Bhaskar Med Coll, Yenkapally",DERMATOLOGY,"₹23,00,000*",Info not available*,1*,"₹20,00,000*",850,2024,-,123(1),131(1),139(1),139(1),139(1),139(1),-,-,193(1),193(1),193(1),-,-,-,-
TEL Mgmt PG,TELMgmt-MQ1-CatB-All,MQ1,Telangana,"Prathima IMS, Karimnagar",GENERAL MEDICINE,"₹23,00,000*",Info not available*,1*,"₹20,00,000*",1060,2024,-,157(6),181(6),193(6),193(6),193(6),193(6),-,-,110(5),109(5),194(5),-,-,-,-
Haryana PG,HAR Priv-Mgmt,MNG,Haryana,"Adesh Med Coll, Shahabad",ENT,"₹14,02,000*","₹44,000",0,₹0,775,2024,-,871(1),721(1),-,153(1),-,-,-,-,800(1),600(1),197(1),-,-,-,-
AP Mgmt PG,APMgmt-S1-All-CatB,S1A,Andhra Pradesh,"Dr PSI Med Coll, Chinoutpalli",GENERAL MEDICINE,"₹9,93,600*","₹27,000*",1*,Info not available*,790,2024,-,23(1),152(1),-,-,-,-,-,-,25(1),47(1),200(1),-,-,-,-
Haryana PG,HAR Priv-Mgmt,MNG,Haryana,"SGGST Med Coll, Gurgaon",GENERAL MEDICINE,"₹35,00,000*","₹56,100",Info Not Available,Info not available,720,2024,-,613(5),406(4),-,-,-,-,-,-,945(5),610(5),202(2),-,-,-,-
TEL Mgmt PG,TELMgmt-MQ1-CatB-All,MQ1,Telangana,"Kamineni (KAMSRC), Hyderabad",DERMATOLOGY,"₹23,00,000*",Info not available*,1*,"₹20,00,000*",650,2024,-,44(1),117(1),117(1),117(1),117(1),117(1),-,-,111(1),104(1),206(1),-,-,-,-
UK PG,UK Priv-AllIndia/Mgmt,UR-MNG,Uttarakhand,"SGRRI, Dehradun",RADIO DIAGNOSIS,"₹32,00,000*","₹59,065",1,"₹10,00,000",750,2024,-,124(3),98(2),22(2),-,-,-,-,-,107(6),200(4),207(4),-,-,-,-
TEL Mgmt PG,TELMgmt-MQ1-CatB-All,MQ1,Telangana,"Dr Patnam MRInstofMS,Chevella",GENERAL MEDICINE,"₹23,00,000*",Info not available*,1*,"₹20,00,000*",-,2024,-,208(2),299(2),384(2),647(2),647(2),647(2),-,-,187(2),208(2),208(2),-,-,-,-
Haryana PG,HAR Priv-Mgmt,MNG,Haryana,"Al Falah SchooloffMS,Faridabad",PAEDIATRICS,"₹29,90,000*","₹55,000",0,₹0,-,2024,-,502(1),577(1),373(1),-,-,-,-,-,948(1),688(1),209(1),-,94(1),45(1),-
TEL Mgmt PG,TELMgmt-MQ1-CatB-All,MQ1,Telangana,"Mamata Med Coll, Khammam",DERMATOLOGY,"₹23,00,000*",Info not available*,1*,"₹20,00,000*",1080,2024,-,73(1),94(1),94(1),94(1),94(1),94(1),-,-,212(1),212(1),212(1),-,-,-,-
TEL Mgmt PG,TELMgmt-MQ1-CatB-All,MQ1,Telangana,"Kamineni (KAMSRC), Hyderabad",PAEDIATRICS,"₹23,00,000*",Info not available*,1*,"₹20,00,000*",650,2024,-,187(1),204(1),274(1),274(1),274(1),274(1),-,-,44(1),215(1),215(1),-,-,-,-
TEL Mgmt PG,TELMgmt-MQ1-CatB-All,MQ1,Telangana,"Mamata Med Coll, Khammam",GENERAL MEDICINE,"₹23,00,000*",Info not available*,1*,"₹20,00,000*",1080,2024,-,106(3),177(3),190(3),190(3),190(3),190(3),-,-,163(6),150(6),216(6),-,-,-,-
Haryana PG,HAR Priv-Mgmt,MNG,Haryana,"Adesh Med Coll, Shahabad",ANAESTHESIOLOGY,"₹14,02,000*","₹44,000",0,₹0,775,2024,-,818(2),511(2),368(2),-,-,-,-,-,1181(2),726(2),224(1),-,95(1),58(1),-
TEL Mgmt PG,TELMgmt-MQ1-CatB-All,MQ1,Telangana,"Mediciti IMS, Ghanpur",GENERAL MEDICINE,"₹23,00,000*",Info not available*,1*,"₹20,00,000*",720,2024,-,172(2),233(2),353(2),590(2),590(2),590(2),-,-,135(2),166(2),225(2),-,-,-,-
TEL Mgmt PG,TELMgmt-MQ1-CatB-All,MQ1,Telangana,"CAIMS, Karimnagar",RADIO DIAGNOSIS,"₹24,00,000*",Info not available*,1*,"₹20,00,000*",1000,2024,-,70(3),109(3),114(3),114(3),114(3),114(3),-,-,92(2),128(2),226(2),-,-,-,-
TEL Mgmt PG,TELMgmt-MQ1-CatB-All,MQ1,Telangana,"Mamata AcadofMedSci,Bachupally",OBG,"₹23,00,000*",Info not available*,1*,"₹20,00,000*",-,2024,-,-,-,-,-,-,-,-,-,228(2),228(2),228(2),-,-,-,-
TEL Mgmt PG,TELMgmt-MQ1-CatB-All,MQ1,Telangana,"CAIMS, Karimnagar",DERMATOLOGY,"₹24,00,000*",Info not available*,1*,"₹20,00,000*",1000,2024,-,107(1),175(1),175(1),175(1),175(1),175(1),-,-,230(1),230(1),230(1),-,-,-,-
Haryana PG,HAR Priv-Mgmt,MNG,Haryana,"World College of MS&RC, Jhajjar",GENERAL SURGERY,"₹14,02,000*","₹56,100",0,₹0,-,2024,-,706(2),603(5),477(4),276(4),-,-,-,-,1111(4),622(3),236(2),-,85(1),25(1),-
Haryana PG,HAR Priv-Mgmt,MNG,Haryana,"World College of MS&RC, Jhajjar",PSYCHIATRY,"₹14,02,000*","₹56,100",0,₹0,-,2024,-,781(1),606(1),396(1),271(2),590(2),-,-,-,1110(1),514(1),242(1),-,-,-,-
Haryana PG,HAR Priv-Mgmt,MNG,Haryana,"NC Med Coll, Panipat",ENT,"₹14,02,000*","₹40,000",0,₹0,680,2024,-,888(1),741(1),522(1),331(1),902(1),-,-,-,960(1),687(1),243(1),-,134(1),-,-
PNDCHRY PG,PY Mgmt-Open,AGE,Pondicherry,"SMVMCH, Pondicherry",GENERAL MEDICINE,"₹23,90,000*",₹0*,0,₹0,900,2024,-,48(9),454(9),508(9),-,-,-,-,-,32(9),218(9),245(9),-,-,-,-
Haryana PG,HAR Priv-Mgmt,MNG,Haryana,"Al Falah SchooloffMS,Faridabad",OBG,"₹29,90,000*","₹55,000",0,₹0,-,2024,-,752(2),585(2),-,-,-,-,-,-,985(2),679(2),245(2),-,-,-,-
TEL Mgmt PG,TELMgmt-MQ1-CatB-All,MQ1,Telangana,"Mamata AcadofMedSci,Bachupally",PAEDIATRICS,"₹23,00,000*",Info not available*,1*,"₹20,00,000*",-,2024,-,-,-,-,-,-,-,-,-,185(2),247(2),247(2),-,-,-,-
TEL Mgmt PG,TELMgmt-MQ1-CatB-All,MQ1,Telangana,"Mediciti IMS, Ghanpur",DERMATOLOGY,"₹23,00,000*",Info not available*,1*,"₹20,00,000*",720,2024,-,112(1),136(1),136(1),136(1),136(1),136(1),-,-,56(1),250(1),250(1),-,-,-,-
WB PG,WB Mgmt Quota,MQ,West Bengal,"KPC Med Coll, Jadavpur",RADIO DIAGNOSIS,"₹27,00,000*","₹43,758",0,₹0,750,2024,-,399(2),830(2),830(2),830(2),-,-,-,-,89(1),254(1),254(1),-,-,-,-
TEL Mgmt PG,TELMgmt-MQ1-CatB-All,MQ1,Telangana,"Kamineni (KAMSRC), Hyderabad",OBG,"₹23,00,000*",Info not available*,1*,"₹20,00,000*",650,2024,-,118(2),125(2),125(2),125(2),125(2),125(2),-,-,256(2),256(2),256(2),-,-,-,-
TEL Mgmt PG,TELMgmt-MQ1-CatB-All,MQ1,Telangana,"Apollo IMSR, Hyderabad",EMERGENCY MEDICINE,"₹23,00,000*",Info not available*,1*,"₹20,00,000*",570,2024,-,387(1),589(1),589(1),589(1),589(1),589(1),-,-,263(1),263(1),263(1),-,-,-,-
TEL Mgmt PG,TELMgmt-MQ1-CatB-All,MQ1,Telangana,"Kamineni (KAMSRC), Hyderabad",TBRD,"₹23,00,000*",Info not available*,1*,"₹20,00,000*",650,2024,-,385(1),429(1),429(1),429(1),429(1),429(1),-,-,278(1),278(1),278(1),-,-,-,-
Haryana PG,HAR Priv-Mgmt,MNG,Haryana,"SGGST Med Coll, Gurgaon",TBRD,"₹29,00,000*","₹56,100",Info Not Available,Info not available,720,2024,-,767(1),605(1),371(1),-,-,-,-,-,1138(1),727(1),278(1),-,-,-,-
TEL Mgmt PG,TELMgmt-MQ1-CatB-All,MQ1,Telangana,"Dr Patnam MRInstofMS,Chevella",DERMATOLOGY,"₹23,00,000*",Info not available*,1*,"₹20,00,000*",-,2024,-,130(1),139(1),221(1),221(1),221(1),221(1),-,-,246(1),254(1),283(1),-,-,-,-
TN Mgmt PG,TN Mgmt Quota,GEN,Tamil Nadu,"PSG IMS, Coimbatore",OBG,"₹15,50,000*","₹25,000*",0,₹0,1130,2024,-,128(1),184(1),184(1),-,-,-,-,-,220(1),179(1),285(1),-,-,-,-
TEL Mgmt PG,TELMgmt-MQ1-CatB-All,MQ1,Telangana,"CAIMS, Karimnagar",GENERAL MEDICINE,"₹24,00,000*",Info not available*,1*,"₹20,00,000*",1000,2024,-,116(4),189(4),304(4),304(4),304(4),304(4),-,-,174(4),187(4),291(4),-,-,-,-
PNDCHRY PG,PY Mgmt-Open,AGE,Pondicherry,"PIMS, Pondicherry",ORTHOPAEDICS,"₹23,90,000","₹43,000",0,₹0,740,2024,-,-,-,-,-,-,-,-,-,-,-,291(1),-,-,-,-
TEL Mgmt PG,TELMgmt-MQ1-CatB-All,MQ1,Telangana,"Apollo IMSR, Hyderabad",OBG,"₹23,00,000*",Info not available*,1*,"₹20,00,000*",570,2024,-,40(1),211(1),126(1),126(1),126(1),126(1),-,-,62(1),242(1),296(1),-,-,-,-
TEL Mgmt PG,TELMgmt-MQ1-CatB-All,MQ1,Telangana,"Dr Patnam MRInstofMS,Chevella",RADIO DIAGNOSIS,"₹23,00,000*",Info not available*,1*,"₹20,00,000*",-,2024,-,-,144(1),144(1),144(1),144(1),144(1),-,-,-,-,307(1),-,-,-,-
TEL Mgmt PG,TELMgmt-MQ1-CatB-All,MQ1,Telangana,"Mediciti IMS, Ghanpur",OBG,"₹23,00,000*",Info not available*,1*,"₹20,00,000*",720,2024,-,310(1),347(1),347(1),347(1),347(1),347(1),-,-,310(1),310(1),310(1),-,-,-,-
Haryana PG,HAR Priv-Mgmt,MNG,Haryana,"SGGST Med Coll, Gurgaon",ENT,"₹22,00,000*","₹56,100",Info Not Available,Info not available,720,2024,-,890(1),-,-,-,-,-,-,-,1203(2),775(2),312(1),-,145(1),-,-
TEL Mgmt PG,TELMgmt-MQ1-CatB-All,MQ1,Telangana,"RVM IMSRC, Siddipet",GENERAL SURGERY,"₹23,00,000*",Info not available*,1*,"₹20,00,000*",1110,2024,-,88(1),91(1),91(1),91(1),91(1),91(1),-,-,315(1),315(1),315(1),-,-,-,-
Haryana PG,HAR Priv-Mgmt,MNG,Haryana,"SGGST Med Coll, Gurgaon",OPHTHALMOLOGY,"₹29,00,000*","₹56,100",Info Not Available,Info not available,720,2024,-,864(2),736(2),453(2),231(1),-,-,-,-,997(1),778(1),316(1),-,-,-,-
Punjab PG,PB Priv-DMC Mgmt,GEN,Punjab,"DMC, Ludhiana",ANAESTHESIOLOGY,"₹6,50,000*","₹50,000",0,₹0,1326,2024,-,328(2),291(2),289(3),-,-,-,-,-,355(2),307(2),320(3),-,-,-,-
AP Mgmt PG,APMgmt-S1-All-CatB,S1A,Andhra Pradesh,"GSL Med Coll, Rajahmundry",GENERAL MEDICINE,"₹9,93,600*","₹30,000*",1*,Info not available*,1140,2024,-,25(1),242(1),-,-,-,-,-,-,18(1),18(1),331(1),-,-,-,-
PNDCHRY PG,PY Mgmt-Open,AGE,Pondicherry,"SMVMCH, Pondicherry",PAEDIATRICS,"₹23,90,000*",₹0*,0,₹0,900,2024,-,84(6),577(6),679(6),-,-,-,-,-,61(6),306(6),334(6),-,-,-,-
Punjab PG,PB Priv-AdeshAllIndia,GEN,Punjab,"Adesh IMS, Bhatinda",PSYCHIATRY,"₹14,90,000*","₹56,100*",1*,"₹25,00,000*",750,2024,-,-,-,-,-,-,-,-,-,338(1),196(1),340(1),-,-,-,-
TEL Mgmt PG,TELMgmt-MQ1-CatB-All,MQ1,Telangana,"Kamineni IMS, Narketpally",RADIO DIAGNOSIS,"₹23,00,000*",Info not available*,1*,"₹20,00,000*",1060,2024,-,81(1),142(1),138(1),138(1),138(1),138(1),-,-,61(1),61(1),343(1),-,-,-,-
Punjab PG,PB Priv-AdeshAllIndia,GEN,Punjab,"Adesh IMS, Bhatinda",GENERAL SURGERY,"₹14,90,000*","₹56,100*",1*,"₹25,00,000*",750,2024,-,330(2),300(2),307(1),-,-,-,-,-,311(1),435(1),355(2),-,-,-,-
PNDCHRY PG,PY Mgmt-Open,AGE,Pondicherry,"SMVMCH, Pondicherry",OBG,"₹23,90,000*",₹0*,0,₹0,900,2024,-,36(3),372(3),449(3),-,-,-,-,-,88(3),357(3),357(3),-,-,-,-
Haryana PG,HAR Priv-Mgmt,MNG,Haryana,"NC Med Coll, Panipat",ANAESTHESIOLOGY,"₹14,02,000*","₹40,000",0,₹0,680,2024,-,-,-,-,-,-,-,-,-,1201(1),835(1),364(1),-,-,-,-
TEL Mgmt PG,TELMgmt-MQ1-CatB-All,MQ1,Telangana,"SVS Med Coll, Mehboobnagar",OBG,"₹24,00,000*",Info not available*,1*,"₹20,00,000*",760,2024,-,211(2),231(2),231(2),231(2),231(2),231(2),-,-,261(2),261(2),366(2),-,-,-,-
TEL Mgmt PG,TELMgmt-MQ1-CatB-All,MQ1,Telangana,"Surabhi InstituteofMS,Siddipet",GENERAL MEDICINE,"₹24,00,000*",Info not available*,1*,"₹20,00,000*",-,2024,-,212(2),272(2),402(2),402(2),402(2),402(2),-,-,216(2),245(2),367(2),-,-,-,-
Haryana PG,HAR Priv-Mgmt,MNG,Haryana,"SGGST Med Coll, Gurgaon",ANAESTHESIOLOGY,"₹20,00,000*","₹56,100",Info Not Available,Info not available,720,2024,-,1018(3),800(3),342(1),308(2),-,-,-,-,1397(4),842(4),368(4),-,-,-,-
AP Mgmt PG,APMgmt-S1-All-CatB,S1A,Andhra Pradesh,"Konaseema IMS, Amalapuram",GENERAL MEDICINE,"₹9,93,600*","₹30,000*",1*,Info not available*,840,2024,-,42(1),303(1),-,-,-,-,-,-,26(1),59(1),373(1),-,81(1),-,-
TEL Mgmt PG,TELMgmt-MQ1-CatB-All,MQ1,Telangana,"Mamata AcadofMedSci,Bachupally",TBRD,"₹23,00,000*",Info not available*,1*,"₹20,00,000*",-,2024,-,-,-,-,-,-,-,-,-,247(1),375(1),375(1),-,-,-,-
Haryana PG,HAR Priv-Mgmt,MNG,Haryana,"SGGST Med Coll, Gurgaon",ORTHOPAEDICS,"₹32,00,000*","₹56,100",Info Not Available,Info not available,720,2024,-,863(3),642(3),457(2),187(1),-,-,-,-,1117(2),890(2),376(2),-,-,-,-
UK PG,UK Priv-AllIndia/Mgmt,UR-MNG,Uttarakhand,"SGRRI, Dehradun",GENERAL MEDICINE,"₹28,00,000*","₹59,065",1,"₹10,00,000",750,2024,-,138(6),123(5),62(5),-,-,-,-,-,228(8),377(8),378(7),-,-,-,-
AP Mgmt PG,APMgmt-S1-All-CatB,S1A,Andhra Pradesh,"Maharajah IMS, Vizianagaram",GENERAL MEDICINE,"₹9,93,600*",Info not available*,1*,Info not available*,850,2024,-,71(1),348(1),812(1),539(1),1166(1),-,-,-,31(1),98(1),383(1),-,-,-,-
TEL Mgmt PG,TELMgmt-MQ1-CatB-All,MQ1,Telangana,"RVM IMSRC, Siddipet",DERMATOLOGY,"₹23,00,000*",Info not available*,1*,"₹20,00,000*",1110,2024,-,-,-,-,-,-,-,-,-,173(1),283(1),383(1),-,-,-,-
AP Mgmt PG,APMgmt-S1-All-CatB,S1A,Andhra Pradesh,"Fathima IMS,Kadapa",RADIO DIAGNOSIS,"₹9,93,600*","₹25,000*",1*,Info not available*,750,2024,-,274(1),293(1),-,-,-,-,-,-,298(1),388(1),391(1),-,-,-,-
Punjab PG,PB Priv-AdeshAllIndia,GEN,Punjab,"Adesh IMS, Bhatinda",ORTHOPAEDICS,"₹14,90,000*","₹56,100*",1*,"₹25,00,000*",750,2024,-,-,-,-,-,-,-,-,-,312(1),299(1),397(1),-,-,-,-
AP Mgmt PG,APMgmt-S1-All-CatB,S1A,Andhra Pradesh,"NRI Med Coll, Guntur",GENERAL SURGERY,"₹9,93,600*","₹27,000*",1*,Info not available*,1050,2024,-,158(1),565(1),-,-,-,-,-,-,108(1),248(1),402(1),-,-,-,-
TEL Mgmt PG,TELMgmt-MQ1-CatB-All,MQ1,Telangana,"RVM IMSRC, Siddipet",RADIO DIAGNOSIS,"₹23,00,000*",Info not available*,1*,"₹20,00,000*",1110,2024,-,45(1),128(1),128(1),128(1),128(1),128(1),-,-,112(1),131(1),409(1),-,-,-,-
Punjab PG,PB Priv-AdeshAllIndia,GEN,Punjab,"Adesh IMS, Bhatinda",ENT,"₹14,90,000*","₹56,100*",1*,"₹25,00,000*",750,2024,-,-,-,-,-,-,-,-,-,405(1),309(1),413(1),-,-,-,-
TEL Mgmt PG,TELMgmt-MQ1-CatB-All,MQ1,Telangana,"Mediciti IMS, Ghanpur",RADIO DIAGNOSIS,"₹23,00,000*",Info not available*,1*,"₹20,00,000*",720,2024,-,90(3),93(3),131(3),131(3),131(3),131(3),-,-,131(3),182(3),419(3),-,-,-,-
TEL Mgmt PG,TELMgmt-MQ1-CatB-All,MQ1,Telangana,"Prathima IMS, Karimnagar",DERMATOLOGY,"₹23,00,000*",Info not available*,1*,"₹20,00,000*",1060,2024,-,91(1),171(1),184(1),184(1),184(1),184(1),-,-,226(1),226(1),421(1),-,-,-,-
TN Mgmt PG,TN Mgmt Quota,GEN,Tamil Nadu,"PSG IMS, Coimbatore",GENERAL MEDICINE,"₹15,50,000*","₹25,000*",0,₹0,1130,2024,-,29(1),84(1),84(1),-,-,-,-,-,78(1),101(1),423(1),-,-,-,-
TEL Mgmt PG,TELMgmt-MQ1-CatB-All,MQ1,Telangana,"MNR Med Coll, Sangareddy",GENERAL MEDICINE,"₹23,00,000*",Info not available*,1*,"₹20,00,000*",760,2024,-,189(3),256(3),326(3),326(3),326(3),326(3),-,-,203(6),225(6),425(6),-,-,-,-
TN Mgmt PG,TN Mgmt Quota,GEN,Tamil Nadu,"Sankara Netralaya, Chennai",OPHTHALMOLOGY,"₹15,50,000*","₹48,000*",0,₹0,244,2024,-,246(2),246(2),246(2),-,-,-,-,-,367(2),427(2),427(2),-,-,-,-
TEL Mgmt PG,TELMgmt-MQ1-CatB-All,MQ1,Telangana,"MNR Med Coll, Sangareddy",RADIO DIAGNOSIS,"₹23,00,000*",Info not available*,1*,"₹20,00,000*",760,2024,-,115(2),174(2),174(2),174(2),174(2),174(2),-,-,139(2),195(2),428(2),-,-,-,-
Haryana PG,HAR Priv-Mgmt,MNG,Haryana,"Adesh Med Coll, Shahabad",PATHOLOGY,"₹5,52,000*","₹44,000",0,₹0,775,2024,-,1376(3),809(1),748(3),417(4),1033(1),-,-,-,2029(2),1105(2),430(1),-,233(2),-,-
HP PG,HP Priv All,GEN,Himachal Pradesh,"MMU, Solan",GENERAL MEDICINE,"₹28,99,600*","₹40,000",1,"₹10,00,000",720,2024,-,6(1),432(4),-,-,-,-,-,-,97(5),470(5),432(1),-,-,-,-
TEL Mgmt PG,TELMgmt-MQ1-CatB-All,MQ1,Telangana,"Maheshwara Med Coll, Medak",GENERAL MEDICINE,"₹23,00,000*",Info not available*,1*,"₹20,00,000*",745,2024,-,-,-,-,-,-,-,-,-,209(1),238(1),434(1),-,-,-,-
TEL Mgmt PG,TELMgmt-MQ1-CatB-All,MQ1,Telangana,"MNR Med Coll, Sangareddy",DERMATOLOGY,"₹23,00,000*",Info not available*,1*,"₹20,00,000*",760,2024,-,131(1),141(1),141(1),141(1),141(1),141(1),-,-,206(1),206(1),435(1),-,-,-,-
TEL Mgmt PG,TELMgmt-MQ1-CatB-All,MQ1,Telangana,"Surabhi InstituteofMS,Siddipet",OBG,"₹24,00,000*",Info not available*,1*,"₹20,00,000*",-,2024,-,354(1),419(1),614(1),614(1),614(1),614(1),-,-,366(1),366(1),440(1),-,-,-,-
TN Mgmt PG,TN Mgmt Quota,GEN,Tamil Nadu,"Dhanalakshmi Srin, Perambalur",RADIO DIAGNOSIS,"₹15,50,000*","₹35,000*",0,₹0,800,2024,-,-,-,-,-,-,-,-,-,-,-,441(1),-,-,-,-
TEL Mgmt PG,TELMgmt-MQ1-CatB-All,MQ1,Telangana,"Apollo IMSR, Hyderabad",PSYCHIATRY,"₹23,00,000*",Info not available*,1*,"₹20,00,000*",570,2024,-,-,-,-,-,-,-,-,-,444(1),444(1),444(1),-,-,-,-
Haryana PG,HAR Priv-Mgmt,MNG,Haryana,"SGGST Med Coll, Gurgaon",GENERAL SURGERY,"₹30,00,000*","₹56,100",Info Not Available,Info not available,720,2024,-,878(5),837(4),386(1),226(1),-,-,-,-,1153(4),953(4),452(4),-,-,-,-
PNDCHRY PG,PY Mgmt-Open,AGE,Pondicherry,"SMVMCH, Pondicherry",TBRD,"₹23,90,000*",₹0*,0,₹0,900,2024,-,58(1),427(1),733(1),-,-,-,-,-,82(2),315(2),453(2),-,-,-,-
TEL Mgmt PG,TELMgmt-MQ1-CatB-All,MQ1,Telangana,"Kamineni IMS, Narketpally",OBG,"₹23,00,000*",Info not available*,1*,"₹20,00,000*",1060,2024,-,275(1),389(1),389(1),389(1),389(1),389(1),-,-,287(1),252(1),454(1),-,-,-,-
TEL Mgmt PG,TELMgmt-MQ1-CatB-All,MQ1,Telangana,"Mahavir Inst of MS, Vikarabad",RADIO DIAGNOSIS,"₹23,00,000*",Info not available*,1*,"₹20,00,000*",700,2024,-,121(1),182(1),182(1),182(1),182(1),182(1),-,-,153(1),211(1),456(1),-,-,-,-
TEL Mgmt PG,TELMgmt-MQ1-CatB-All,MQ1,Telangana,"Apollo IMSR, Hyderabad",ENT,"₹23,00,000*",Info not available*,1*,"₹20,00,000*",570,2024,-,-,-,-,-,-,-,-,-,457(1),457(1),457(1),-,-,-,-
TEL Mgmt PG,TELMgmt-MQ1-CatB-All,MQ1,Telangana,"Mahavir Inst of MS, Vikarabad",GENERAL MEDICINE,"₹23,00,000*",Info not available*,1*,"₹20,00,000*",700,2024,-,193(1),297(1),378(1),378(1),378(1),378(1),-,-,208(1),234(1),459(1),-,-,-,-
TEL Mgmt PG,TELMgmt-MQ1-CatB-All,MQ1,Telangana,"Surabhi InstituteofMS,Siddipet",RADIO DIAGNOSIS,"₹24,00,000*",Info not available*,1*,"₹20,00,000*",-,2024,-,-,-,-,-,-,-,-,-,164(1),219(1),460(1),-,-,-,-
TEL Mgmt PG,TELMgmt-MQ1-CatB-All,MQ1,Telangana,"Mamata Med Coll, Khammam",OBG,"₹23,00,000*",Info not available*,1*,"₹20,00,000*",1080,2024,-,297(2),334(2),334(2),334(2),334(2),334(2),-,-,285(2),262(2),481(2),-,-,-,-
TEL Mgmt PG,TELMgmt-MQ1-CatB-All,MQ1,Telangana,"SVS Med Coll, Mehboobnagar",PAEDIATRICS,"₹24,00,000*",Info not available*,1*,"₹20,00,000*",760,2024,-,176(2),265(2),265(2),265(2),265(2),265(2),-,-,86(1),86(1),482(1),-,692(1),-,-
UK PG,UK Priv-AllIndia/Mgmt,UR-MNG,Uttarakhand,"HIMS, Dehradun",PAEDIATRICS,"₹26,00,000*","₹40,000",1,"₹2,50,00,000",1200,2024,-,256(7),302(6),88(4),-,-,-,-,-,318(6),449(6),494(3),-,647(1),-,-
TN Mgmt PG,TN Mgmt Quota,GEN,Tamil Nadu,"KarpagaVinayaga,Maduranthagam",RADIO DIAGNOSIS,"₹15,50,000*","₹10,000*",0,₹0,550,2024,-,-,-,-,-,-,-,-,-,101(1),496(1),496(1),-,-,-,-
Haryana PG,HAR Priv-Mgmt,MNG,Haryana,"World College of MS&RC, Jhajjar",ANAESTHESIOLOGY,"₹14,02,000*","₹56,100",0,₹0,-,2024,-,951(4),909(4),688(2),361(2),906(2),-,-,-,1503(5),1019(5),499(4),-,-,-,-
TEL Mgmt PG,TELMgmt-MQ1-CatB-All,MQ1,Telangana,"Kamineni IMS, Narketpally",PAEDIATRICS,"₹23,00,000*",Info not available*,1*,"₹20,00,000*",1060,2024,-,204(1),274(1),345(1),345(1),345(1),345(1),-,-,243(1),293(1),501(1),-,-,-,-
TEL Mgmt PG,TELMgmt-MQ1-CatB-All,MQ1,Telangana,"Kamineni (KAMSRC), Hyderabad",ORTHOPAEDICS,"₹23,00,000*",Info not available*,1*,"₹20,00,000*",650,2024,-,432(1),500(1),500(1),500(1),500(1),500(1),-,-,510(1),510(1),510(1),-,-,-,-
Punjab PG,PB Priv-AdeshAllIndia,GEN,Punjab,"Adesh IMS, Bhatinda",ANAESTHESIOLOGY,"₹14,90,000*","₹56,100*",1*,"₹25,00,000*",750,2024,-,468(1),412(1),445(1),-,-,-,-,-,624(2),382(2),511(3),-,68(2),-,-
UK PG,UK Priv-AllIndia/Mgmt,UR-MNG,Uttarakhand,"SGRRI, Dehradun",OBG,"₹31,50,000*","₹59,065",1,"₹10,00,000",750,2024,-,232(3),222(2),111(1),-,-,-,-,-,287(2),501(2),518(2),-,-,-,-
AP Mgmt PG,APMgmt-S1-All-CatB,S1A,Andhra Pradesh,"Alluri Sitaram Raju, Eluru",OBG,"₹9,93,600*","₹30,000*",1*,Info not available*,1200,2024,-,35(1),356(1),-,-,-,-,-,-,147(1),149(1),520(1),-,-,-,-
TEL Mgmt PG,TELMgmt-MQ1-CatB-All,MQ1,Telangana,"Prathima IMS, Karimnagar",OBG,"₹23,00,000*",Info not available*,1*,"₹20,00,000*",1060,2024,-,290(3),326(3),331(3),331(3),331(3),331(3),-,-,297(3),341(3),526(3),-,-,-,-
WB PG,WB Mgmt Quota,MQ,West Bengal,"ICARE IMS & R, Haldia",PAEDIATRICS,"₹40,00,000*","₹40,000",0,₹0,Info Not Available,2024,-,698(1),597(1),540(1),213(1),-,-,-,-,194(2),497(2),532(2),-,194(2),459(2),-
Haryana PG,HAR Priv-Mgmt,MNG,Haryana,"Al Falah SchooloffMS,Faridabad",ANAESTHESIOLOGY,"₹17,90,000*","₹55,000",0,₹0,-,2024,-,1060(3),936(2),796(6),-,-,-,-,-,1823(6),1052(6),534(6),-,170(2),74(1),-
TEL Mgmt PG,TELMgmt-MQ1-CatB-All,MQ1,Telangana,"Prathima IMS, Karimnagar",PAEDIATRICS,"₹23,00,000*",Info not available*,1*,"₹20,00,000*",1060,2024,-,241(3),286(3),419(3),419(3),419(3),419(3),-,-,191(2),277(2),548(2),-,-,-,-
TEL Mgmt PG,TELMgmt-MQ1-CatB-All,MQ1,Telangana,"Mamata Med Coll, Khammam",PAEDIATRICS,"₹23,00,000*",Info not available*,1*,"₹20,00,000*",1080,2024,-,222(2),253(2),253(2),253(2),253(2),253(2),-,-,232(3),279(3),558(3),-,-,-,-
UK PG,UK Priv-AllIndia/Mgmt,UR-MNG,Uttarakhand,"HIMS, Dehradun",ORTHOPAEDICS,"₹30,00,000*","₹40,000",1,"₹2,50,00,000",1200,2024,-,343(3),460(2),-,-,-,-,-,-,463(3),547(2),565(1),-,-,-,-
PNDCHRY PG,PY Mgmt-Open,AGE,Pondicherry,"PIMS, Pondicherry",GENERAL SURGERY,"₹23,90,000","₹43,000",0,₹0,740,2024,-,-,575(3),558(2),-,-,-,-,-,-,-,569(3),-,1278(1),-,-
TEL Mgmt PG,TELMgmt-MQ1-CatB-All,MQ1,Telangana,"SVS Med Coll, Mehboobnagar",GENERAL SURGERY,"₹24,00,000*",Info not available*,1*,"₹20,00,000*",760,2024,-,394(4),437(4),543(4),543(4),543(4),543(4),-,-,416(4),428(4),572(4),-,-,-,-
TEL Mgmt PG,TELMgmt-MQ1-CatB-All,MQ1,Telangana,"CAIMS, Karimnagar",PAEDIATRICS,"₹24,00,000*",Info not available*,1*,"₹20,00,000*",1000,2024,-,247(2),289(2),289(2),289(2),289(2),289(2),-,-,235(2),301(2),573(2),-,-,-,-
Punjab PG,PB Priv-DMC Mgmt,GEN,Punjab,"DMC, Ludhiana",PATHOLOGY,"₹6,50,000*","₹50,000",0,₹0,1326,2024,-,469(1),530(1),416(1),-,-,-,-,-,690(1),-,573(3),-,-,-,-
WB PG,WB Mgmt Quota,MQ,West Bengal,"ICARE IMS & R, Haldia",ORTHOPAEDICS,"₹40,00,000*","₹40,000",0,₹0,Info Not Available,2024,-,608(1),293(1),528(1),209(1),-,-,-,-,237(1),485(1),588(1),-,85(1),458(1),-
UK PG,UK Priv-AllIndia/Mgmt,UR-MNG,Uttarakhand,"SGRRI, Dehradun",PAEDIATRICS,"₹28,00,000*","₹59,065",1,"₹10,00,000",750,2024,-,280(3),376(3),108(2),-,-,-,-,-,324(2),496(1),594(2),-,-,-,-
TN Mgmt PG,TN Mgmt Quota,GEN,Tamil Nadu,"PSG IMS, Coimbatore",PAEDIATRICS,"₹15,50,000*","₹25,000*",0,₹0,1130,2024,-,79(1),122(1),237(1),459(1),-,-,-,-,194(1),194(1),597(1),-,-,-,-
UK PG,UK Priv-AllIndia/Mgmt,UR-MNG,Uttarakhand,"HIMS, Dehradun",OBG,"₹30,00,000*","₹40,000",1,"₹2,50,00,000",1200,2024,-,188(3),178(1),58(1),-,-,-,-,-,374(3),492(3),600(2),-,-,-,-
TN Mgmt PG,TN Mgmt Quota,GEN,Tamil Nadu,"PSG IMS, Coimbatore",GENERAL SURGERY,"₹15,50,000*","₹25,000*",0,₹0,1130,2024,-,171(1),310(1),310(1),-,-,-,-,-,385(1),342(1),600(1),-,-,-,-
TEL Mgmt PG,TELMgmt-MQ1-CatB-All,MQ1,Telangana,"RVM IMSRC, Siddipet",OBG,"₹23,00,000*",Info not available*,1*,"₹20,00,000*",1110,2024,-,334(1),162(1),400(1),400(1),400(1),400(1),-,-,277(1),359(1),605(1),-,-,-,-
UK PG,UK Priv-AllIndia/Mgmt,UR-MNG,Uttarakhand,"SGRRI, Dehradun",ORTHOPAEDICS,"₹31,00,000*","₹59,065",1,"₹10,00,000",750,2024,-,386(4),471(4),114(3),-,-,-,-,-,511(2),585(2),606(1),-,-,-,-
TEL Mgmt PG,TELMgmt-MQ1-CatB-All,MQ1,Telangana,"Dr Patnam MRInstofMS,Chevella",PAEDIATRICS,"₹23,00,000*",Info not available*,1*,"₹20,00,000*",-,2024,-,276(1),310(1),310(1),310(1),310(1),310(1),-,-,269(1),292(1),613(1),-,-,-,-
PNDCHRY PG,PY Mgmt-Open,AGE,Pondicherry,"PIMS, Pondicherry",OPHTHALMOLOGY,"₹23,90,000","₹43,000",0,₹0,740,2024,-,-,1401(2),1021(2),-,-,-,-,-,-,-,614(1),-,878(1),-,-
TEL Mgmt PG,TELMgmt-MQ1-CatB-All,MQ1,Telangana,"Mediciti IMS, Ghanpur",PAEDIATRICS,"₹23,00,000*",Info not available*,1*,"₹20,00,000*",720,2024,-,224(1),298(1),298(1),298(1),298(1),298(1),-,-,-,-,629(1),-,-,-,-
TEL Mgmt PG,TELMgmt-MQ1-CatB-All,MQ1,Telangana,"MNR Med Coll, Sangareddy",PAEDIATRICS,"₹23,00,000*",Info not available*,1*,"₹20,00,000*",760,2024,-,240(1),309(1),463(1),463(1),463(1),463(1),-,-,254(2),329(2),631(2),-,-,-,-
AP Mgmt PG,APMgmt-S1-All-CatB,S1A,Andhra Pradesh,"GSL Med Coll, Rajahmundry",PAEDIATRICS,"₹9,93,600*","₹30,000*",1*,Info not available*,1140,2024,-,107(1),826(1),-,-,-,-,-,-,71(1),207(1),643(1),-,-,-,-
WB PG,WB Mgmt Quota,MQ,West Bengal,"KPC Med Coll, Jadavpur",DERMATOLOGY,"₹27,00,000*","₹43,758",0,₹0,750,2024,-,351(1),771(1),914(1),914(1),-,-,-,-,627(1),627(1),644(2),-,-,-,-
HP PG,HP Priv All,GEN,Himachal Pradesh,"MMU, Solan",OBG,"₹29,35,800*","₹40,000",1,"₹10,00,000",720,2024,-,7(1),562(4),-,-,-,-,-,-,170(3),531(3),646(2),-,-,-,-
UK PG,UK Priv-AllIndia/Mgmt,UR-MNG,Uttarakhand,"HIMS, Dehradun",ENT,"₹17,00,000*","₹40,000",1,"₹10,00,000",1200,2024,-,247(2),397(2),127(2),-,-,-,-,-,505(2),627(1),649(1),-,-,-,-
AP Mgmt PG,APMgmt-S1-All-CatB,S1A,Andhra Pradesh,"GSL Med Coll, Rajahmundry",OBG,"₹9,93,600*","₹30,000*",1*,Info not available*,1140,2024,-,161(1),589(1),-,-,-,-,-,-,130(1),221(1),652(1),-,-,-,-
UK PG,UK Priv-AllIndia/Mgmt,UR-MNG,Uttarakhand,"HIMS, Dehradun",GENERAL SURGERY,"₹25,00,000*","₹40,000",1,"₹2,50,00,000",1200,2024,-,375(7),372(5),135(3),-,-,-,-,-,578(8),631(5),664(3),-,-,-,-
Haryana PG,HAR Priv-Mgmt,MNG,Haryana,"SGGST Med Coll, Gurgaon",PATHOLOGY,"₹17,00,000*","₹56,100",Info Not Available,Info not available,720,2024,-,1454(3),945(1),868(4),506(4),1107(2),-,-,-,2260(3),1176(1),664(3),-,325(1),-,-
TEL Mgmt PG,TELMgmt-MQ1-CatB-All,MQ1,Telangana,"CAIMS, Karimnagar",OBG,"₹24,00,000*",Info not available*,1*,"₹20,00,000*",1000,2024,-,324(2),362(2),395(2),395(2),395(2),395(2),-,-,304(2),352(2),666(2),-,-,-,-
TEL Mgmt PG,TELMgmt-MQ1-CatB-All,MQ1,Telangana,"Surabhi InstituteofMS,Siddipet",PAEDIATRICS,"₹24,00,000*",Info not available*,1*,"₹20,00,000*",-,2024,-,265(1),314(1),498(1),498(1),498(1),498(1),-,-,279(1),332(1),670(1),-,-,-,-
PNDCHRY PG,PY Mgmt-Open,AGE,Pondicherry,"PIMS, Pondicherry",ANAESTHESIOLOGY,"₹23,90,000","₹43,000",0,₹0,740,2024,-,-,1555(3),1565(3),-,-,-,-,-,-,-,679(3),-,1170(1),-,-
TEL Mgmt PG,TELMgmt-MQ1-CatB-All,MQ1,Telangana,"Apollo IMSR, Hyderabad",ORTHOPAEDICS,"₹23,00,000*",Info not available*,1*,"₹20,00,000*",570,2024,-,-,-,-,-,-,-,-,-,544(1),683(1),683(1),-,-,-,-
PNDCHRY PG,PY Mgmt-Open,AGE,Pondicherry,"PIMS, Pondicherry",ENT,"₹23,90,000","₹43,000",0,₹0,740,2024,-,-,878(1),878(1),-,-,-,-,-,-,-,689(2),-,-,-,-
TEL Mgmt PG,TELMgmt-MQ1-CatB-All,MQ1,Telangana,"Mamata Med Coll, Khammam",EMERGENCY MEDICINE,"₹23,00,000*",Info not available*,1*,"₹20,00,000*",1080,2024,-,-,-,-,-,-,-,-,-,690(1),690(1),690(1),-,-,-,-
TEL Mgmt PG,TELMgmt-MQ1-CatB-All,MQ1,Telangana,"Mamata Med Coll, Khammam",TBRD,"₹23,00,000*",Info not available*,1*,"₹20,00,000*",1080,2024,-,321(1),281(1),281(1),281(1),281(1),281(1),-,-,373(1),397(1),694(1),-,-,-,-
TEL Mgmt PG,TELMgmt-MQ1-CatB-All,MQ1,Telangana,"Bhaskar Med Coll, Yenkapally",OBG,"₹23,00,000*",Info not available*,1*,"₹20,00,000*",850,2024,-,309(1),346(1),346(1),346(1),346(1),346(1),-,-,275(1),275(1),695(1),-,-,-,-
TEL Mgmt PG,TELMgmt-MQ1-CatB-All,MQ1,Telangana,"Bhaskar Med Coll, Yenkapally",ENT,"₹23,00,000*",Info not available*,1*,"₹20,00,000*",850,2024,-,666(1),798(1),989(1),989(1),989(1),989(1),-,-,696(1),696(1),696(1),-,-,-,-
TEL Mgmt PG,TELMgmt-MQ1-CatB-All,MQ1,Telangana,"Kamineni (KAMSRC), Hyderabad",GENERAL SURGERY,"₹23,00,000*",Info not available*,1*,"₹20,00,000*",650,2024,-,474(2),529(2),553(2),553(2),553(2),553(2),-,-,447(2),447(2),698(2),-,-,-,-
TEL Mgmt PG,TELMgmt-MQ1-CatB-All,MQ1,Telangana,"Apollo IMSR, Hyderabad",GENERAL SURGERY,"₹23,00,000*",Info not available*,1*,"₹20,00,000*",570,2024,-,336(1),376(1),376(1),376(1),376(1),376(1),-,-,130(1),404(1),700(1),-,-,-,-
Punjab PG,PB Priv-AdeshAllIndia,GEN,Punjab,"Adesh IMS, Bhatinda",PATHOLOGY,"₹14,90,000*","₹56,100*",1*,"₹25,00,000*",750,2024,-,688(1),765(1),-,-,-,-,-,-,-,-,703(1),-,-,-,-
TEL Mgmt PG,TELMgmt-MQ1-CatB-All,MQ1,Telangana,"Dr Patnam MRInstofMS,Chevella",TBRD,"₹23,00,000*",Info not available*,1*,"₹20,00,000*",-,2024,-,478(1),538(1),766(1),699(1),712(1),712(1),-,-,374(1),402(1),706(1),-,-,-,-
TEL Mgmt PG,TELMgmt-MQ1-CatB-All,MQ1,Telangana,"MNR Med Coll, Sangareddy",OBG,"₹23,00,000*",Info not available*,1*,"₹20,00,000*",760,2024,-,318(2),413(2),510(2),532(2),532(2),532(2),-,-,339(2),374(2),711(2),-,-,-,-
PNDCHRY PG,PY Mgmt-Open,AGE,Pondicherry,"SriVenkateswaraa, Pondicherry",GENERAL MEDICINE,"₹39,00,000*","₹7,000*",2*,Info not available*,1120,2024,-,-,943(9),943(8),-,-,-,-,-,-,-,714(8),-,928(2),-,-
TEL Mgmt PG,TELMgmt-MQ1-CatB-All,MQ1,Telangana,"Maheshwara Med Coll, Medak",OBG,"₹23,00,000*",Info not available*,1*,"₹20,00,000*",745,2024,-,-,-,-,-,-,-,-,-,345(1),360(1),720(1),-,-,-,-
WB PG,WB Mgmt Quota,MQ,West Bengal,"ICARE IMS & R, Haldia",GENERAL SURGERY,"₹40,00,000*","₹40,000",0,₹0,Info Not Available,2024,-,-,685(2),683(2),270(2),-,-,-,-,548(2),599(2),724(2),-,234(2),479(2),-
TN Mgmt PG,TN Mgmt Quota,GEN,Tamil Nadu,"PSG IMS, Coimbatore",OPHTHALMOLOGY,"₹15,50,000*","₹25,000*",0,₹0,1130,2024,-,347(1),593(1),593(1),-,-,-,-,-,686(1),725(1),725(1),-,-,-,-
TEL Mgmt PG,TELMgmt-MQ1-CatB-All,MQ1,Telangana,"Apollo IMSR, Hyderabad",ANAESTHESIOLOGY,"₹23,00,000*",Info not available*,1*,"₹20,00,000*",570,2024,-,514(1),564(1),628(1),628(1),628(1),628(1),-,-,618(1),618(1),742(1),-,-,-,-
TEL Mgmt PG,TELMgmt-MQ1-CatB-All,MQ1,Telangana,"Dr Patnam MRInstofMS,Chevella",OBG,"₹23,00,000*",Info not available*,1*,"₹20,00,000*",-,2024,-,341(1),400(1),478(1),478(1),478(1),478(1),-,-,343(1),380(1),755(1),-,-,-,-
TEL Mgmt PG,TELMgmt-MQ1-CatB-All,MQ1,Telangana,"Mahavir Inst of MS, Vikarabad",OBG,"₹23,00,000*",Info not available*,1*,"₹20,00,000*",700,2024,-,335(1),395(1),412(1),412(1),412(1),412(1),-,-,360(1),367(1),758(1),-,-,-,-
TN Mgmt PG,TN Mgmt Quota,GEN,Tamil Nadu,"Madha Medical College, Chennai",DERMATOLOGY,"₹15,50,000*",Info not available,0,₹0,-,2024,-,-,-,-,-,-,-,-,-,337(1),637(1),758(1),-,-,-,-
TEL Mgmt PG,TELMgmt-MQ1-CatB-All,MQ1,Telangana,"Mamata AcadofMedSci,Bachupally",GENERAL SURGERY,"₹23,00,000*",Info not available*,1*,"₹20,00,000*",-,2024,-,-,-,-,-,-,-,-,-,676(4),676(4),761(4),-,-,-,-
TEL Mgmt PG,TELMgmt-MQ1-CatB-All,MQ1,Telangana,"Prathima IMS, Karimnagar",OPHTHALMOLOGY,"₹23,00,000*",Info not available*,1*,"₹20,00,000*",1060,2024,-,446(1),596(1),596(1),596(1),596(1),596(1),-,-,409(1),409(1),771(1),-,-,-,-
TN Mgmt PG,TN Mgmt Quota,GEN,Tamil Nadu,"Tagore Med Coll, Chennai",GENERAL MEDICINE,"₹15,50,000*","₹35,000*",0,₹0,818,2024,-,395(2),395(2),395(2),-,-,-,-,-,381(2),381(2),779(2),-,-,-,-
TEL Mgmt PG,TELMgmt-MQ1-CatB-All,MQ1,Telangana,"Dr Patnam MRInstofMS,Chevella",GENERAL SURGERY,"₹23,00,000*",Info not available*,1*,"₹20,00,000*",-,2024,-,529(1),637(1),1008(1),1008(1),1008(1),1008(1),-,-,783(1),783(1),783(1),-,-,-,-
Haryana PG,HAR Priv-Mgmt,MNG,Haryana,"SGGST Med Coll, Gurgaon",PHYSIOLOGY,"₹10,00,000*","₹56,100",Info Not Available,Info not available,720,2024,-,-,-,1346(2),969(1),-,-,-,-,-,-,784(1),-,-,-,-
PNDCHRY PG,PY Mgmt-Open,AGE,Pondicherry,"SMVMCH, Pondicherry",ORTHOPAEDICS,"₹23,90,000*",₹0*,0,₹0,900,2024,-,79(3),1242(3),910(3),-,-,-,-,-,185(3),611(3),786(3),-,-,-,-
TN Mgmt PG,TN Mgmt Quota,GEN,Tamil Nadu,"PSG IMS, Coimbatore",TBRD,"₹15,50,000*","₹25,000*",0,₹0,1130,2024,-,84(1),188(1),188(1),-,-,-,-,-,277(1),423(1),787(1),-,-,-,-
TEL Mgmt PG,TELMgmt-MQ1-CatB-All,MQ1,Telangana,"MNR Med Coll, Sangareddy",TBRD,"₹23,00,000*",Info not available*,1*,"₹20,00,000*",760,2024,-,433(1),528(1),681(1),681(1),681(1),681(1),-,-,333(1),333(1),787(1),-,-,-,-
TN Mgmt PG,TN Mgmt Quota,GEN,Tamil Nadu,"Tagore Med Coll, Chennai",OBG,"₹15,50,000*","₹35,000*",0,₹0,818,2024,-,-,-,-,-,-,-,-,-,579(1),579(1),788(1),-,-,-,-
TEL Mgmt PG,TELMgmt-MQ1-CatB-All,MQ1,Telangana,"Mediciti IMS, Ghanpur",TBRD,"₹23,00,000*",Info not available*,1*,"₹20,00,000*",720,2024,-,454(1),505(1),695(1),695(1),695(1),695(1),-,-,289(1),289(1),793(1),-,-,-,-
TEL Mgmt PG,TELMgmt-MQ1-CatB-All,MQ1,Telangana,"Mediciti IMS, Ghanpur",GENERAL SURGERY,"₹23,00,000*",Info not available*,1*,"₹20,00,000*",720,2024,-,496(1),553(1),844(1),844(1),844(1),844(1),-,-,739(1),739(1),795(1),-,-,-,-
TEL Mgmt PG,TELMgmt-MQ1-CatB-All,MQ1,Telangana,"SVS Med Coll, Mehboobnagar",ORTHOPAEDICS,"₹24,00,000*",Info not available*,1*,"₹20,00,000*",760,2024,-,560(2),716(2),931(2),931(2),931(2),931(2),-,-,583(2),583(2),796(2),-,-,-,-
Haryana PG,HAR Priv-Mgmt,MNG,Haryana,"Al Falah SchooloffMS,Faridabad",SPM,"₹9,12,000*","₹55,000",0,₹0,-,2024,-,-,-,1277(5),692(1),1543(1),-,-,-,-,-,804(1),-,324(1),270(3),-
TN Mgmt PG,TN Mgmt Quota,GEN,Tamil Nadu,"Velammal Med Col, Madurai",GENERAL SURGERY,"₹15,50,000*","₹37,000*",0,₹0,1024,2024,-,310(1),730(1),581(1),-,-,-,-,-,409(1),409(1),813(1),-,-,-,-
TEL Mgmt PG,TELMgmt-MQ1-CatB-All,MQ1,Telangana,"Apollo IMSR, Hyderabad",OPHTHALMOLOGY,"₹23,00,000*",Info not available*,1*,"₹20,00,000*",570,2024,-,-,-,-,-,-,-,-,-,250(1),321(1),814(1),-,-,-,-
UK PG,UK Priv-AllIndia/Mgmt,UR-MNG,Uttarakhand,"HIMS, Dehradun",OPHTHALMOLOGY,"₹26,00,000*","₹40,000",1,"₹2,50,00,000",1200,2024,-,208(2),422(2),97(1),-,-,-,-,-,428(3),791(3),816(2),-,1075(1),-,-
UP PG,UP Priv-Open Quota,UR,Uttar Pradesh,"SMSR, Greater Noida",RADIO DIAGNOSIS,"₹25,40,649*","₹32,000",0,₹0,1200,2024,-,859(10),891(10),-,-,-,-,-,-,605(10),802(10),817(10),-,-,-,-
TEL Mgmt PG,TELMgmt-MQ1-CatB-All,MQ1,Telangana,"Kamineni (KAMSRC), Hyderabad",ANAESTHESIOLOGY,"₹23,00,000*",Info not available*,1*,"₹20,00,000*",650,2024,-,677(2),758(2),758(2),758(2),758(2),758(2),-,-,622(2),533(2),823(2),-,-,-,-
TEL Mgmt PG,TELMgmt-MQ1-CatB-All,MQ1,Telangana,"Mamata AcadofMedSci,Bachupally",ORTHOPAEDICS,"₹23,00,000*",Info not available*,1*,"₹20,00,000*",-,2024,-,-,-,-,-,-,-,-,-,827(2),827(2),827(2),-,-,-,-
TEL Mgmt PG,TELMgmt-MQ1-CatB-All,MQ1,Telangana,"Bhaskar Med Coll, Yenkapally",ANAESTHESIOLOGY,"₹23,00,000*",Info not available*,1*,"₹20,00,000*",850,2024,-,678(1),960(1),960(1),960(1),960(1),960(1),-,-,829(1),829(1),829(1),-,-,-,-
UK PG,UK Priv-AllIndia/Mgmt,UR-MNG,Uttarakhand,"SGRRI, Dehradun",TBRD,"₹25,75,000*","₹59,065",1,"₹10,00,000",750,2024,-,288(1),268(1),85(1),-,-,-,-,-,449(2),603(2),833(2),-,-,-,-
WB PG,WB Mgmt Quota,MQ,West Bengal,"ICARE IMS & R, Haldia",TBRD,"₹40,00,000*","₹40,000",0,₹0,Info Not Available,2024,-,653(1),610(1),696(1),335(1),-,-,-,-,512(2),595(2),833(2),-,261(2),482(2),-
WB PG,WB Mgmt Quota,MQ,West Bengal,"ICARE IMS & R, Haldia",PSYCHIATRY,"₹40,00,000*","₹40,000",0,₹0,Info Not Available,2024,-,1532(1),-,881(2),696(2),-,-,-,-,670(1),654(1),834(1),-,498(1),-,-
WB PG,WB Mgmt Quota,MQ,West Bengal,"ICARE IMS & R, Haldia",OPHTHALMOLOGY,"₹40,00,000*","₹40,000",0,₹0,Info Not Available,2024,-,-,780(1),702(1),312(1),515(1),487(1),-,-,610(1),628(1),836(1),-,283(1),576(1),-
PNDCHRY PG,PY Mgmt-Open,AGE,Pondicherry,"SriVenkateswaraa, Pondicherry",PAEDIATRICS,"₹39,00,000*","₹7,000*",2*,Info not available*,1120,2024,-,-,815(4),815(3),-,-,-,-,-,-,-,837(4),-,1206(2),-,-
UK PG,UK Priv-AllIndia/Mgmt,UR-MNG,Uttarakhand,"SGRRI, Dehradun",GENERAL SURGERY,"₹25,75,000*","₹59,065",1,"₹10,00,000",750,2024,-,377(5),357(4),102(4),-,-,-,-,-,615(8),669(7),840(3),-,694(1),-,-
WB PG,WB Mgmt Quota,MQ,West Bengal,"ICARE IMS & R, Haldia",ENT,"₹40,00,000*","₹40,000",0,₹0,Info Not Available,2024,-,1329(1),-,895(1),623(1),-,-,-,-,644(1),694(1),840(1),-,582(1),-,-
TEL Mgmt PG,TELMgmt-MQ1-CatB-All,MQ1,Telangana,"Kamineni IMS, Narketpally",GENERAL SURGERY,"₹23,00,000*",Info not available*,1*,"₹20,00,000*",1060,2024,-,489(2),546(2),808(2),808(2),808(2),808(2),-,-,700(2),700(2),846(2),-,-,-,-
Haryana PG,HAR Priv-Mgmt,MNG,Haryana,"Al Falah SchooloffMS,Faridabad",PATHOLOGY,"₹14,55,000*","₹55,000",0,₹0,-,2024,-,1337(2),-,1105(7),670(5),-,-,-,-,2381(4),-,847(7),-,368(2),188(2),-
HP PG,HP Priv All,GEN,Himachal Pradesh,"MMU, Solan",GENERAL SURGERY,"₹26,35,600*","₹40,000",1,"₹10,00,000",720,2024,-,24(1),714(1),578(4),765(1),-,-,-,-,243(3),631(3),860(2),-,-,-,-
TEL Mgmt PG,TELMgmt-MQ1-CatB-All,MQ1,Telangana,"Dr Patnam MRInstofMS,Chevella",ORTHOPAEDICS,"₹23,00,000*",Info not available*,1*,"₹20,00,000*",-,2024,-,630(1),956(1),1053(1),1053(1),1053(1),1053(1),-,-,868(1),868(1),868(1),-,-,-,-
UK PG,UK Priv-AllIndia/Mgmt,UR-MNG,Uttarakhand,"SGRRI, Dehradun",OPHTHALMOLOGY,"₹26,75,000*","₹59,065",1,"₹10,00,000",750,2024,-,300(2),466(2),194(1),-,-,-,-,-,403(2),843(2),870(2),-,959(1),-,-
WB PG,WB Mgmt Quota,MQ,West Bengal,"Gouri Devi Inst of MS,Durgapur",DERMATOLOGY,"₹40,00,000*","₹44,000",0,₹0,-,2024,-,-,-,-,-,-,-,-,-,732(1),1165(1),871(1),-,525(1),-,-
TEL Mgmt PG,TELMgmt-MQ1-CatB-All,MQ1,Telangana,"Mamata AcadofMedSci,Bachupally",OPHTHALMOLOGY,"₹23,00,000*",Info not available*,1*,"₹20,00,000*",-,2024,-,-,-,-,-,-,-,-,-,485(1),485(1),874(1),-,-,-,-
UK PG,UK Priv-AllIndia/Mgmt,UR-MNG,Uttarakhand,"SGRRI, Dehradun",PSYCHIATRY,"₹26,75,000*","₹59,065",1,"₹10,00,000",750,2024,-,408(1),588(1),153(1),-,-,-,-,-,452(3),751(3),884(1),-,1098(1),-,-
TEL Mgmt PG,TELMgmt-MQ1-CatB-All,MQ1,Telangana,"RVM IMSRC, Siddipet",TBRD,"₹23,00,000*",Info not available*,1*,"₹20,00,000*",1110,2024,-,-,-,-,-,-,-,-,-,309(1),309(1),885(1),-,-,-,-
TEL Mgmt PG,TELMgmt-MQ1-CatB-All,MQ1,Telangana,"Mamata Med Coll, Khammam",ORTHOPAEDICS,"₹23,00,000*",Info not available*,1*,"₹20,00,000*",1080,2024,-,561(2),629(2),929(2),929(2),929(2),929(2),-,-,708(2),718(2),893(2),-,-,-,-
TEL Mgmt PG,TELMgmt-MQ1-CatB-All,MQ1,Telangana,"Bhaskar Med Coll, Yenkapally",GENERAL SURGERY,"₹23,00,000*",Info not available*,1*,"₹20,00,000*",850,2024,-,507(2),566(2),881(2),1045(2),1045(2),1045(2),-,-,716(2),726(2),897(2),-,-,-,-
TEL Mgmt PG,TELMgmt-MQ1-CatB-All,MQ1,Telangana,"CAIMS, Karimnagar",OPHTHALMOLOGY,"₹24,00,000*",Info not available*,1*,"₹20,00,000*",1000,2024,-,245(1),458(1),560(1),560(1),560(1),560(1),-,-,523(1),523(1),900(1),-,-,-,-
AP Mgmt PG,APMgmt-S1-All-CatB,S1A,Andhra Pradesh,"GSL Med Coll, Rajahmundry",ORTHOPAEDICS,"₹9,93,600*","₹30,000*",1*,Info not available*,1140,2024,-,458(1),1385(1),-,-,-,-,-,-,483(1),618(1),903(1),-,-,-,-
TEL Mgmt PG,TELMgmt-MQ1-CatB-All,MQ1,Telangana,"Mamata Med Coll, Khammam",GENERAL SURGERY,"₹23,00,000*",Info not available*,1*,"₹20,00,000*",1080,2024,-,473(2),527(2),527(2),527(2),527(2),527(2),-,-,541(4),541(4),905(4),-,-,-,-
TN Mgmt PG,TN Mgmt Quota,GEN,Tamil Nadu,"KarpagaVinayaga,Maduranthagam",TBRD,"₹15,50,000*","₹10,000*",0,₹0,550,2024,-,-,-,-,-,-,-,-,-,758(1),922(1),922(1),-,-,-,-
TEL Mgmt PG,TELMgmt-MQ1-CatB-All,MQ1,Telangana,"Mamata Med Coll, Khammam",OPHTHALMOLOGY,"₹23,00,000*",Info not available*,1*,"₹20,00,000*",1080,2024,-,468(1),560(1),857(1),911(1),911(1),911(1),-,-,535(1),415(1),927(1),-,-,-,-
AP Mgmt PG,APMgmt-S1-All-CatB,S1A,Andhra Pradesh,"Fathima IMS,Kadapa",GENERAL MEDICINE,"₹9,93,600*","₹25,000*",1*,Info not available*,750,2024,-,597(2),1410(2),-,-,-,-,-,-,396(2),396(2),931(2),-,-,-,-
UK PG,UK Priv-AllIndia/Mgmt,UR-MNG,Uttarakhand,"HIMS, Dehradun",EMERGENCY MEDICINE,"₹17,00,000*","₹40,000",1,"₹10,00,000",1200,2024,-,373(1),550(1),143(1),-,-,-,-,-,481(1),893(1),933(1),-,-,-,-
Punjab PG,PB Priv-AdeshAllIndia,GEN,Punjab,"Adesh IMS, Bhatinda",IHBT,"₹14,90,000*","₹56,100*",1*,"₹25,00,000*",750,2024,-,502(1),781(1),848(1),-,-,-,-,-,-,-,933(1),-,-,-,-
UK PG,UK Priv-AllIndia/Mgmt,UR-MNG,Uttarakhand,"SGRRI, Dehradun",ENT,"₹22,50,000*","₹59,065",1,"₹10,00,000",750,2024,-,196(1),627(1),216(1),-,-,-,-,-,532(2),887(2),938(2),-,-,-,-
TEL Mgmt PG,TELMgmt-MQ1-CatB-All,MQ1,Telangana,"CAIMS, Karimnagar",GENERAL SURGERY,"₹24,00,000*",Info not available*,1*,"₹20,00,000*",1000,2024,-,487(3),543(3),795(3),1012(3),1012(3),1012(3),-,-,655(3),687(3),947(3),-,-,-,-
Haryana PG,HAR Priv-Mgmt,MNG,Haryana,"SGGST Med Coll, Gurgaon",SPM,"₹10,00,000*","₹56,100",Info Not Available,Info not available,720,2024,-,-,-,1097(3),767(1),-,-,-,-,-,-,950(3),-,-,-,-
Haryana PG,HAR Priv-Mgmt,MNG,Haryana,"SGGST Med Coll, Gurgaon",FORENSIC MEDICINE,"₹10,00,000*","₹56,100",Info Not Available,Info not available,720,2024,-,-,-,1296(2),-,-,-,-,-,2774(1),-,952(2),-,-,-,-
TEL Mgmt PG,TELMgmt-MQ1-CatB-All,MQ1,Telangana,"Prathima IMS, Karimnagar",GENERAL SURGERY,"₹23,00,000*",Info not available*,1*,"₹20,00,000*",1060,2024,-,519(5),579(5),946(5),999(5),999(5),999(5),-,-,669(5),666(5),953(5),-,-,-,-
TEL Mgmt PG,TELMgmt-MQ1-CatB-All,MQ1,Telangana,"Maheshwara Med Coll, Medak",GENERAL SURGERY,"₹23,00,000*",Info not available*,1*,"₹20,00,000*",745,2024,-,-,-,-,-,-,-,-,-,761(1),761(1),971(1),-,-,-,-
Punjab PG,PB - Govt Quota,GEN-All India,Punjab,"Guru Govind Singh, Faridkot",PHARMACOLOGY,"₹1,00,000*","₹67,968*",1*,"₹10,00,000*",1000,2024,-,-,-,852(1),198(1),-,-,-,-,-,-,972(1),-,-,-,-
TEL Mgmt PG,TELMgmt-MQ1-CatB-All,MQ1,Telangana,"Bhaskar Med Coll, Yenkapally",ORTHOPAEDICS,"₹23,00,000*",Info not available*,1*,"₹20,00,000*",850,2024,-,549(2),840(2),1079(2),1079(2),1079(2),1079(2),-,-,883(2),893(2),979(2),-,-,-,-
Punjab PG,PB Priv-SGRDGener.,GEN-All India,Punjab,"SDRD, Amritsar",MICROBIOLOGY,"₹25,000*",Info not available,0,₹0,800,2024,-,-,-,-,-,-,-,-,-,-,-,981(2),-,-,-,-
TEL Mgmt PG,TELMgmt-MQ1-CatB-All,MQ1,Telangana,"Mamata AcadofMedSci,Bachupally",ANAESTHESIOLOGY,"₹23,00,000*",Info not available*,1*,"₹20,00,000*",-,2024,-,-,-,-,-,-,-,-,-,634(2),634(2),984(2),-,-,-,-
TEL Mgmt PG,TELMgmt-MQ1-CatB-All,MQ1,Telangana,"Prathima IMS, Karimnagar",ENT,"₹23,00,000*",Info not available*,1*,"₹20,00,000*",1060,2024,-,-,-,-,-,-,-,-,-,667(1),563(1),988(1),-,-,-,-
Punjab PG,PB Priv-DMC Mgmt,GEN,Punjab,"DMC, Ludhiana",SPM,"₹2,60,000*","₹50,000",0,₹0,1326,2024,-,776(1),-,767(2),-,-,-,-,-,1060(1),-,988(1),-,-,-,-
TN Mgmt PG,TN Mgmt Quota,GEN,Tamil Nadu,"Dhanalakshmi Srin, Perambalur",GENERAL MEDICINE,"₹15,50,000*","₹35,000*",0,₹0,800,2024,-,144(1),679(1),514(1),-,-,-,-,-,259(1),441(1),990(1),-,-,-,-
AP Mgmt PG,APMgmt-S1-All-CatB,S1A,Andhra Pradesh,"Narayana Med Coll, Nellore",ORTHOPAEDICS,"₹9,93,600*","₹40,000*",1*,Info not available*,1430,2024,-,316(1),1432(1),-,-,-,-,-,-,406(1),443(1),994(1),-,-,-,-
Punjab PG,PB - Govt Quota,GEN-All India,Punjab,"Govt Med Coll, Amritsar",MICROBIOLOGY,"₹1,00,000*","₹67,968*",1*,"₹10,00,000*",951,2024,-,-,-,-,-,-,-,-,-,-,-,994(1),-,-,-,-
PNDCHRY PG,PY Mgmt-Open,AGE,Pondicherry,"SriVenkateswaraa, Pondicherry",OBG,"₹39,00,000*","₹7,000*",2*,Info not available*,1120,2024,-,-,777(5),777(5),-,-,-,-,-,-,-,998(5),-,-,-,-
AP Mgmt PG,APMgmt-S1-All-CatB,S1A,Andhra Pradesh,"Narayana Med Coll, Nellore",GENERAL SURGERY,"₹9,93,600*","₹40,000*",1*,Info not available*,1430,2024,-,171(1),1248(1),-,-,-,-,-,-,282(1),349(1),998(1),-,-,-,-
PNDCHRY PG,PY Mgmt-Open,AGE,Pondicherry,"SMVMCH, Pondicherry",OPHTHALMOLOGY,"₹23,90,000*",₹0*,0,₹0,900,2024,-,131(3),1539(3),1541(3),-,-,-,-,-,228(2),1002(2),1002(2),-,-,-,-
UK PG,UK Priv-AllIndia/Mgmt,UR-MNG,Uttarakhand,"HIMS, Dehradun",ANAESTHESIOLOGY,"₹17,00,000*","₹40,000",1,"₹10,00,000",1200,2024,-,422(4),429(2),-,-,-,-,-,-,672(6),1013(6),1007(4),-,1104(2),-,-
UP PG,UP Priv-Open Quota,UR,Uttar Pradesh,"KD Med Coll, Mathura",RADIO DIAGNOSIS,"₹21,63,946*","₹32,000",0,₹0,720,2024,-,1232(2),1302(2),-,-,-,-,-,-,995(2),995(2),1008(2),-,-,-,-
Punjab PG,PB - Govt Quota,GEN-All India,Punjab,"Govt Med Coll, Amritsar",ANATOMY,"₹1,00,000*","₹67,968*",1*,"₹10,00,000*",951,2024,-,-,-,872(1),-,-,-,-,-,-,-,1012(1),-,-,-,-
TN Mgmt PG,TN Mgmt Quota,GEN,Tamil Nadu,"Tagore Med Coll, Chennai",PAEDIATRICS,"₹15,50,000*","₹35,000*",0,₹0,818,2024,-,-,-,-,-,-,-,-,-,561(1),561(1),1013(1),-,-,-,-
TEL Mgmt PG,TELMgmt-MQ1-CatB-All,MQ1,Telangana,"SVS Med Coll, Mehboobnagar",ANAESTHESIOLOGY,"₹24,00,000*",Info not available*,1*,"₹20,00,000*",760,2024,-,716(4),959(4),1213(4),1147(4),1147(4),1147(4),-,-,777(4),777(4),1015(4),-,-,-,-
TEL Mgmt PG,TELMgmt-MQ1-CatB-All,MQ1,Telangana,"SVS Med Coll, Mehboobnagar",OPHTHALMOLOGY,"₹24,00,000*",Info not available*,1*,"₹20,00,000*",760,2024,-,306(1),487(1),1040(1),1040(1),1040(1),1040(1),-,-,371(1),440(1),1018(1),-,-,-,-
Punjab PG,PB Priv-AdeshAllIndia,GEN,Punjab,"Adesh IMS, Bhatinda",SPM,"₹5,00,000*","₹56,100*",1*,"₹25,00,000*",750,2024,-,1147(1),-,791(1),-,-,-,-,-,-,-,1018(1),-,-,-,-
PNDCHRY PG,PY Mgmt-Open,AGE,Pondicherry,"SMVMCH, Pondicherry",GENERAL SURGERY,"₹23,90,000*",₹0*,0,₹0,900,2024,-,91(5),856(5),856(5),-,-,-,-,-,121(4),626(4),1024(4),-,-,-,-
TEL Mgmt PG,TELMgmt-MQ1-CatB-All,MQ1,Telangana,"Kamineni IMS, Narketpally",ENT,"₹23,00,000*",Info not available*,1*,"₹20,00,000*",1060,2024,-,626(1),941(1),1064(1),1064(1),1064(1),1064(1),-,-,540(1),540(1),1031(1),-,-,-,-
TN Mgmt PG,TN Mgmt Quota,GEN,Tamil Nadu,"PSG IMS, Coimbatore",ENT,"₹15,50,000*","₹25,000*",0,₹0,1130,2024,-,338(1),567(1),567(1),-,-,-,-,-,518(1),702(1),1041(1),-,2354(1),-,-
Punjab PG,PB - Govt Quota,GEN-All India,Punjab,"Guru Govind Singh, Faridkot",MICROBIOLOGY,"₹1,00,000*","₹67,968*",1*,"₹10,00,000*",1000,2024,-,-,-,-,217(1),-,-,-,-,-,-,1050(1),-,-,-,-
AP Mgmt PG,APMgmt-S1-All-CatB,S1A,Andhra Pradesh,"Alluri Sitaram Raju, Eluru",GENERAL SURGERY,"₹9,93,600*","₹30,000*",1*,Info not available*,1200,2024,-,262(1),1069(1),-,-,-,-,-,-,142(1),398(1),1055(1),-,-,-,-
TEL Mgmt PG,TELMgmt-MQ1-CatB-All,MQ1,Telangana,"MNR Med Coll, Sangareddy",GENERAL SURGERY,"₹23,00,000*",Info not available*,1*,"₹20,00,000*",760,2024,-,535(3),558(3),976(3),976(3),976(3),976(3),-,-,846(6),846(6),1057(6),-,-,-,-
TEL Mgmt PG,TELMgmt-MQ1-CatB-All,MQ1,Telangana,"Dr Patnam MRInstofMS,Chevella",OPHTHALMOLOGY,"₹23,00,000*",Info not available*,1*,"₹20,00,000*",-,2024,-,-,811(1),1116(1),1068(1),1068(1),1068(1),-,-,-,-,1058(1),-,-,-,-
TEL Mgmt PG,TELMgmt-MQ1-CatB-All,MQ1,Telangana,"Surabhi InstituteofMS,Siddipet",GENERAL SURGERY,"₹24,00,000*",Info not available*,1*,"₹20,00,000*",-,2024,-,-,-,-,1048(1),1074(1),1074(1),-,-,847(1),847(1),1062(1),-,-,-,-
AP Mgmt PG,APMgmt-S1-All-CatB,S1A,Andhra Pradesh,"GSL Med Coll, Rajahmundry",GENERAL SURGERY,"₹9,93,600*","₹30,000*",1*,Info not available*,1140,2024,-,311(1),1167(1),-,-,-,-,-,-,276(1),428(1),1066(1),-,-,-,-
WB PG,WB Mgmt Quota,MQ,West Bengal,"ICARE IMS & R, Haldia",ANAESTHESIOLOGY,"₹40,00,000*","₹40,000",0,₹0,Info Not Available,2024,-,-,-,729(2),667(2),-,-,-,-,1194(2),841(2),1066(2),-,602(2),554(1),-
Punjab PG,PB - Govt Quota,GEN-All India,Punjab,"Govt Med Coll, Patiala",BIOCHEMISTRY,"₹1,00,000*","₹67,968*",1*,"₹10,00,000*",1130,2024,-,-,-,-,-,-,-,-,-,-,-,1068(1),-,-,-,-
TEL Mgmt PG,TELMgmt-MQ1-CatB-All,MQ1,Telangana,"RVM IMSRC, Siddipet",ANAESTHESIOLOGY,"₹23,00,000*",Info not available*,1*,"₹20,00,000*",1110,2024,-,914(1),1058(1),1058(1),1058(1),1058(1),1058(1),-,-,972(1),972(1),1069(1),-,-,-,-
TEL Mgmt PG,TELMgmt-MQ1-CatB-All,MQ1,Telangana,"Kamineni IMS, Narketpally",ORTHOPAEDICS,"₹23,00,000*",Info not available*,1*,"₹20,00,000*",1060,2024,-,547(2),685(2),685(2),685(2),685(2),685(2),-,-,697(1),731(1),1071(1),-,-,-,-
WB PG,WB Mgmt Quota,MQ,West Bengal,"KPC Med Coll, Jadavpur",GENERAL MEDICINE,"₹27,00,000*","₹43,758",0,₹0,750,2024,-,821(3),816(3),746(3),746(3),-,-,-,-,764(7),749(7),1077(7),-,-,-,-
AP Mgmt PG,APMgmt-S1-All-CatB,S1A,Andhra Pradesh,"Fathima IMS,Kadapa",DERMATOLOGY,"₹9,93,600*","₹25,000*",1*,Info not available*,750,2024,-,102(1),1538(1),-,-,-,-,-,-,388(1),298(1),1095(1),-,-,-,-
TEL Mgmt PG,TELMgmt-MQ1-CatB-All,MQ1,Telangana,"Bhaskar Med Coll, Yenkapally",OPHTHALMOLOGY,"₹23,00,000*",Info not available*,1*,"₹20,00,000*",850,2024,-,392(1),608(1),938(1),938(1),938(1),938(1),-,-,321(1),559(1),1105(1),-,-,-,-
AP Mgmt PG,APMgmt-S1-All-CatB,S1A,Andhra Pradesh,"Nimra Inst of Med Sci, Krishna",GENERAL MEDICINE,"₹9,93,600*",Info not available*,1*,Info not available*,-,2024,-,615(1),642(1),-,-,-,-,-,-,329(1),329(1),1106(1),-,-,-,-
TN Mgmt PG,TN Mgmt Quota,GEN,Tamil Nadu,"Aravind Eye Hosp, Madurai",OPHTHALMOLOGY,"₹15,50,000*","₹48,000",2*,"₹40,00,000*",1090,2024,-,397(10),511(10),511(10),-,-,-,-,-,644(10),719(10),1113(10),-,-,-,-
AP Mgmt PG,APMgmt-S1-All-CatB,S1A,Andhra Pradesh,"NRI Med Coll, Guntur",ANAESTHESIOLOGY,"₹9,93,600*","₹27,000*",1*,Info not available*,1050,2024,-,448(1),1328(1),1707(1),-,-,-,-,-,509(1),868(1),1128(1),-,-,-,-
UK PG,UK Priv-AllIndia/Mgmt,UR-MNG,Uttarakhand,"SGRRI, Dehradun",ANAESTHESIOLOGY,"₹17,00,000*","₹59,065",1,"₹10,00,000",750,2024,-,502(4),666(4),237(2),-,-,-,-,-,767(10),1091(9),1130(1),-,1040(1),-,-
WB PG,WB Mgmt Quota,MQ,West Bengal,"Shri Ramkrishna IMS, Durgapur",GENERAL MEDICINE,"₹40,00,000*","₹60,000",0,₹0,-,2024,-,1033(2),584(2),593(2),206(2),-,-,-,-,968(4),963(4),1131(4),-,489(4),292(1),-
WB PG,WB Mgmt Quota,MQ,West Bengal,"IQ-City Med Coll, Burdwan",PAEDIATRICS,"₹27,00,000*","₹40,000",0*,₹0*,800,2024,-,1156(3),1234(3),1234(3),1234(3),-,-,-,-,1142(2),1277(2),1135(2),-,494(2),-,-
TEL Mgmt PG,TELMgmt-MQ1-CatB-All,MQ1,Telangana,"Prathima IMS, Karimnagar",ORTHOPAEDICS,"₹23,00,000*",Info not available*,1*,"₹20,00,000*",1060,2024,-,574(3),826(3),880(3),880(3),880(3),880(3),-,-,848(3),848(3),1140(3),-,-,-,-
TEL Mgmt PG,TELMgmt-MQ1-CatB-All,MQ1,Telangana,"MNR Med Coll, Sangareddy",OPHTHALMOLOGY,"₹23,00,000*",Info not available*,1*,"₹20,00,000*",760,2024,-,486(1),729(1),729(1),729(1),729(1),729(1),-,-,578(1),582(1),1142(1),-,-,-,-
WB PG,WB Mgmt Quota,MQ,West Bengal,"IQ-City Med Coll, Burdwan",GENERAL MEDICINE,"₹27,00,000*","₹40,000",0*,₹0*,800,2024,-,1069(3),1174(3),1159(3),1159(3),-,-,-,-,815(1),1262(1),1146(1),-,310(1),243(1),-
TEL Mgmt PG,TELMgmt-MQ1-CatB-All,MQ1,Telangana,"CAIMS, Karimnagar",ORTHOPAEDICS,"₹24,00,000*",Info not available*,1*,"₹20,00,000*",1000,2024,-,557(2),830(2),1214(2),1214(2),1214(2),1214(2),-,-,789(2),789(2),1156(2),-,-,-,-
TEL Mgmt PG,TELMgmt-MQ1-CatB-All,MQ1,Telangana,"Kamineni IMS, Narketpally",ANAESTHESIOLOGY,"₹23,00,000*",Info not available*,1*,"₹20,00,000*",1060,2024,-,799(2),1021(2),1267(2),1204(2),1204(2),1204(2),-,-,977(2),977(2),1158(2),-,-,-,-
TEL Mgmt PG,TELMgmt-MQ1-CatB-All,MQ1,Telangana,"Mediciti IMS, Ghanpur",ORTHOPAEDICS,"₹23,00,000*",Info not available*,1*,"₹20,00,000*",720,2024,-,594(2),905(2),1303(2),1303(2),1303(2),1303(2),-,-,889(2),938(2),1169(2),-,-,-,-
TN Mgmt PG,TN Mgmt Quota,GEN,Tamil Nadu,Melmaruvathur Adiparasakthi,GENERAL SURGERY,"₹15,50,000*","₹35,000*",0,₹0,700,2024,-,676(2),831(2),831(2),-,-,-,-,-,813(1),813(1),1175(1),-,-,-,-
HP PG,HP Priv All,GEN,Himachal Pradesh,"MMU, Solan",ANAESTHESIOLOGY,"₹19,31,600*","₹40,000",1,"₹10,00,000",720,2024,-,45(1),-,916(5),734(1),-,-,-,-,525(4),1137(4),1179(2),-,-,-,-
UP PG,UP Priv-Open Quota,UR,Uttar Pradesh,Muzaffarnagar Medical College,RADIO DIAGNOSIS,"₹23,23,197*","₹56,100*",1*,₹0*,857,2024,-,957(6),1000(6),112(2),75(1),39(1),-,-,-,1092(6),1164(6),1179(6),-,-,-,-
PNDCHRY PG,PY Mgmt-Open,AGE,Pondicherry,"PIMS, Pondicherry",PSYCHIATRY,"₹23,90,000","₹43,000",0,₹0,740,2024,-,-,1130(1),1130(1),-,-,-,-,-,-,-,1179(2),-,-,-,-
TN Mgmt PG,TN Mgmt Quota,GEN,Tamil Nadu,"PSG IMS, Coimbatore",DORTHO,"₹4,35,000*","₹25,000*",0,₹0,1130,2024,-,686(1),968(1),968(1),-,-,-,-,-,1033(1),1154(1),1186(1),-,-,-,-
UP PG,UP Priv-Open Quota,UR,Uttar Pradesh,"SMSR, Greater Noida",DERMATOLOGY,"₹25,40,649*","₹32,000",0,₹0,1200,2024,-,1051(4),1104(4),-,-,-,-,-,-,969(4),1181(4),1197(4),-,-,-,-
TEL Mgmt PG,TELMgmt-MQ1-CatB-All,MQ1,Telangana,"Maheshwara Med Coll, Medak",OPHTHALMOLOGY,"₹23,00,000*",Info not available*,1*,"₹20,00,000*",745,2024,-,-,-,-,-,-,-,-,-,582(1),591(1),1199(1),-,-,-,-
TEL Mgmt PG,TELMgmt-MQ1-CatB-All,MQ1,Telangana,"CAIMS, Karimnagar",PATHOLOGY,"₹5,30,000*",Info not available*,1*,"₹20,00,000*",1000,2024,-,1229(2),1294(2),1294(2),1294(2),1294(2),1294(2),-,-,1202(1),1202(1),1202(1),-,-,-,-
TEL Mgmt PG,TELMgmt-MQ1-CatB-All,MQ1,Telangana,"Surabhi InstituteofMS,Siddipet",OPHTHALMOLOGY,"₹24,00,000*",Info not available*,1*,"₹20,00,000*",-,2024,-,615(1),784(1),827(1),827(1),827(1),827(1),-,-,591(1),603(1),1204(1),-,-,-,-
UP PG,UP Priv-Open Quota,UR,Uttar Pradesh,"Subharti Med Coll, Meerut",RADIO DIAGNOSIS,"₹14,43,744*","₹30,000*",2*,₹0*,938,2024,-,846(5),878(5),-,-,-,-,-,-,767(6),1191(6),1207(6),-,-,2806(1),-
TEL Mgmt PG,TELMgmt-MQ1-CatB-All,MQ1,Telangana,"MNR Med Coll, Sangareddy",ORTHOPAEDICS,"₹23,00,000*",Info not available*,1*,"₹20,00,000*",760,2024,-,450(1),650(1),1290(1),1290(1),1290(1),1290(1),-,-,954(1),986(1),1209(1),-,-,-,-
UK PG,UK Priv-AllIndia/Mgmt,UR-MNG,Uttarakhand,"SGRRI, Dehradun",PATHOLOGY,"₹12,50,000*","₹59,065",1,"₹10,00,000",750,2024,-,730(1),-,453(4),-,-,-,-,-,972(3),1082(1),1212(1),-,1154(1),-,-
TEL Mgmt PG,TELMgmt-MQ1-CatB-All,MQ1,Telangana,"MNR Med Coll, Sangareddy",EMERGENCY MEDICINE,"₹23,00,000*",Info not available*,1*,"₹20,00,000*",760,2024,-,-,-,-,-,-,-,-,-,502(1),653(1),1214(1),-,-,-,-
WB PG,WB Mgmt Quota,MQ,West Bengal,"IQ-City Med Coll, Burdwan",OPHTHALMOLOGY,"₹27,00,000*","₹40,000",0*,₹0*,800,2024,-,1451(2),1557(2),1421(2),1421(2),-,-,-,-,1368(2),1292(2),1220(2),-,535(2),-,-
TEL Mgmt PG,TELMgmt-MQ1-CatB-All,MQ1,Telangana,"Mamata Med Coll, Khammam",ENT,"₹23,00,000*",Info not available*,1*,"₹20,00,000*",1080,2024,-,523(1),672(1),798(1),798(1),798(1),798(1),-,-,524(1),524(1),1225(1),-,-,-,-
PNDCHRY PG,PY Mgmt-Open,AGE,Pondicherry,"SMVMCH, Pondicherry",ANAESTHESIOLOGY,"₹23,90,000*",₹0*,0,₹0,900,2024,-,99(6),-,1832(6),-,-,-,-,-,236(6),1226(6),1226(6),-,1372(1),-,-
WB PG,WB Mgmt Quota,MQ,West Bengal,"Shri Ramkrishna IMS, Durgapur",OBG,"₹40,00,000*","₹60,000",0,₹0,-,2024,-,1199(3),1170(3),1088(3),1088(3),-,-,-,-,1147(1),996(1),1229(1),-,415(1),-,-
TEL Mgmt PG,TELMgmt-MQ1-CatB-All,MQ1,Telangana,"Mamata AcadofMedSci,Bachupally",ENT,"₹23,00,000*",Info not available*,1*,"₹20,00,000*",-,2024,-,-,-,-,-,-,-,-,-,814(1),605(1),1231(1),-,-,-,-
AP Mgmt PG,APMgmt-S1-All-CatB,S1A,Andhra Pradesh,"Alluri Sitaram Raju, Eluru",ANAESTHESIOLOGY,"₹9,93,600*","₹30,000*",1*,Info not available*,1200,2024,-,562(1),1129(1),1783(1),-,-,-,-,-,442(1),597(1),1237(1),-,-,-,-
TEL Mgmt PG,TELMgmt-MQ1-CatB-All,MQ1,Telangana,"Mahavir Inst of MS, Vikarabad",ORTHOPAEDICS,"₹23,00,000*",Info not available*,1*,"₹20,00,000*",700,2024,-,613(1),931(1),1376(1),1381(1),1381(1),1381(1),-,-,897(1),897(1),1243(1),-,-,-,-
TEL Mgmt PG,TELMgmt-MQ1-CatB-All,MQ1,Telangana,"Kamineni IMS, Narketpally",EMERGENCY MEDICINE,"₹23,00,000*",Info not available*,1*,"₹20,00,000*",1060,2024,-,-,-,-,-,-,-,-,-,689(1),502(1),1244(1),-,-,-,-
UK PG,UK Priv-AllIndia/Mgmt,UR-MNG,Uttarakhand,"HIMS, Dehradun",BIOCHEMISTRY,₹0*,"₹40,000",0,₹0,1200,2024,-,-,-,393(1),-,-,-,-,-,964(1),-,1247(1),-,-,-,-
TN Mgmt PG,TN Mgmt Quota,GEN,Tamil Nadu,"Tagore Med Coll, Chennai",GENERAL SURGERY,"₹15,50,000*","₹35,000*",0,₹0,818,2024,-,685(2),1245(3),1245(2),-,-,-,-,-,833(2),888(2),1252(2),-,3038(1),-,-
UP PG,UP Priv-Open Quota,UR,Uttar Pradesh,"SRMS IMS, Bareilly",RADIO DIAGNOSIS,"₹25,09,957*","₹32,000*",1*,₹0*,950,2024,-,888(5),1001(5),-,-,-,-,-,-,907(8),1231(8),1256(8),-,-,-,-
WB PG,WB Mgmt Quota,MQ,West Bengal,"KPC Med Coll, Jadavpur",ORTHOPAEDICS,"₹27,00,000*","₹43,758",0,₹0,750,2024,-,991(4),1262(4),1255(4),1255(4),-,-,-,-,1259(2),1351(2),1257(3),-,-,-,-
TEL Mgmt PG,TELMgmt-MQ1-CatB-All,MQ1,Telangana,"CAIMS, Karimnagar",ENT,"₹24,00,000*",Info not available*,1*,"₹20,00,000*",1000,2024,-,675(1),756(1),756(1),756(1),756(1),756(1),-,-,609(1),609(1),1267(1),-,-,-,-
TEL Mgmt PG,TELMgmt-MQ1-CatB-All,MQ1,Telangana,"Maheshwara Med Coll, Medak",ORTHOPAEDICS,"₹23,00,000*",Info not available*,1*,"₹20,00,000*",745,2024,-,-,-,-,-,-,-,-,-,893(1),995(1),1271(1),-,-,-,-
TN Mgmt PG,TN Mgmt Quota,GEN,Tamil Nadu,"PSG IMS, Coimbatore",PSYCHIATRY,"₹15,50,000*","₹25,000*",0,₹0,1130,2024,-,556(2),811(2),1078(2),-,-,-,-,-,448(2),722(2),1274(2),-,-,-,-
TN Mgmt PG,TN Mgmt Quota,GEN,Tamil Nadu,"Tagore Med Coll, Chennai",ANAESTHESIOLOGY,"₹15,50,000*","₹35,000*",0,₹0,818,2024,-,778(1),1198(1),1198(1),-,-,-,-,-,1273(1),1275(1),1275(1),-,-,-,-
TN Mgmt PG,TN Mgmt Quota,GEN,Tamil Nadu,"PSG IMS, Coimbatore",ANAESTHESIOLOGY,"₹15,50,000*","₹25,000*",0,₹0,1130,2024,-,444(2),534(2),534(2),-,-,-,-,-,600(2),756(2),1277(2),-,-,-,-
TEL Mgmt PG,TELMgmt-MQ1-CatB-All,MQ1,Telangana,"Surabhi InstituteofMS,Siddipet",ORTHOPAEDICS,"₹24,00,000*",Info not available*,1*,"₹20,00,000*",-,2024,-,-,-,-,1391(1),1391(1),1391(1),-,-,986(1),1026(1),1287(1),-,-,-,-
PNDCHRY PG,PY Mgmt-Open,AGE,Pondicherry,"SriVenkateswaraa, Pondicherry",EMERGENCY MEDICINE,"₹33,00,000*","₹7,000*",2*,Info not available*,1120,2024,-,-,1604(1),1737(1),-,-,-,-,-,-,-,1288(2),-,1572(1),-,-
TEL Mgmt PG,TELMgmt-MQ1-CatB-All,MQ1,Telangana,"Mamata Med Coll, Khammam",ANAESTHESIOLOGY,"₹23,00,000*",Info not available*,1*,"₹20,00,000*",1080,2024,-,502(2),790(2),790(2),790(2),790(2),790(2),-,-,945(2),814(2),1299(2),-,-,-,-
UP PG,UP Priv-Open Quota,UR,Uttar Pradesh,"GS Med Coll Hosp,Hapur",RADIO DIAGNOSIS,"₹21,63,946*","₹32,000",0,₹0,Info Not Available,2024,-,1155(3),1215(3),-,-,-,-,-,-,1126(3),1307(3),1326(3),-,-,-,-
TEL Mgmt PG,TELMgmt-MQ1-CatB-All,MQ1,Telangana,"CAIMS, Karimnagar",ANAESTHESIOLOGY,"₹24,00,000*",Info not available*,1*,"₹20,00,000*",1000,2024,-,846(4),1054(4),1343(4),1440(4),1440(4),1440(4),-,-,1015(4),1078(4),1329(4),-,-,-,-
TN Mgmt PG,TN Mgmt Quota,GEN,Tamil Nadu,"Velammal Med Col, Madurai",PHARMACOLOGY,"₹4,35,000*","₹37,000*",0,₹0,1024,2024,-,2630(1),2630(1),2630(1),-,-,-,-,-,1338(1),1338(1),1338(1),-,-,-,-
UK PG,UK Priv-AllIndia/Mgmt,UR-MNG,Uttarakhand,"HIMS, Dehradun",PATHOLOGY,"₹12,50,000*","₹40,000",0,₹0,1200,2024,-,664(4),-,370(4),-,-,-,-,-,887(4),1107(2),1339(4),-,1205(1),-,-
RJSTHN PG,RAJ Priv-All India,GEN,Rajasthan,"MGMC&H, Sitapur, Jaipur",ENT,"₹25,00,000*","₹55,000",0,₹0,1400,2024,-,2042(2),2135(2),2184(2),-,-,-,-,-,1331(1),1341(1),1343(1),-,-,-,-
TN Mgmt PG,TN Mgmt Quota,GEN,Tamil Nadu,"Velammal Med Col, Madurai",ORTHOPAEDICS,"₹15,50,000*","₹37,000*",0,₹0,1024,2024,-,325(1),664(1),664(1),-,-,-,-,-,572(1),701(1),1344(1),-,1986(1),-,-
PNDCHRY PG,PY Mgmt-Open,AGE,Pondicherry,"SMVMCH, Pondicherry",ENT,"₹23,90,000*",₹0*,0,₹0,900,2024,-,147(3),1621(1),1654(3),1816(1),-,-,-,-,229(3),850(3),1346(3),-,-,-,-
PNDCHRY PG,PY Mgmt-Open,AGE,Pondicherry,"SriVenkateswaraa, Pondicherry",OPHTHALMOLOGY,"₹33,00,000*","₹7,000*",2*,Info not available*,1120,2024,-,-,1543(2),1548(2),-,-,-,1936(1),-,-,-,1356(3),-,-,-,-
UP PG,UP Priv-Open Quota,UR,Uttar Pradesh,"KD Med Coll, Mathura",DERMATOLOGY,"₹21,63,946*","₹32,000",0,₹0,720,2024,-,1603(2),1281(2),-,-,-,-,-,-,1336(2),1336(2),1357(2),-,-,-,-
UK PG,UK Priv-AllIndia/Mgmt,UR-MNG,Uttarakhand,"HIMS, Dehradun",MICROBIOLOGY,₹0*,"₹40,000",0,₹0,1200,2024,-,-,-,401(1),-,-,-,-,-,-,-,1358(1),-,-,-,-
UK PG,UK Priv-AllIndia/Mgmt,UR-MNG,Uttarakhand,"SGRRI, Dehradun",SPM,₹0*,"₹30,000*",1,"₹10,00,000",750,2024,-,-,-,373(3),-,-,-,-,-,1121(3),-,1361(3),-,1232(1),-,-
PNDCHRY PG,PY Mgmt-Open,AGE,Pondicherry,"SriVenkateswaraa, Pondicherry",ORTHOPAEDICS,"₹39,00,000*","₹7,000*",2*,Info not available*,1120,2024,-,-,1569(4),1588(4),-,-,-,1586(1),-,-,-,1370(4),-,-,-,-
UP PG,UP Priv-Open Quota,UR,Uttar Pradesh,"National Captl Reg IMS, Meerut",RADIO DIAGNOSIS,"₹22,35,387*","₹56,100",0,₹0,680,2024,-,-,-,-,-,-,-,-,-,1352(5),1352(5),1373(5),-,-,-,-
TEL Mgmt PG,TELMgmt-MQ1-CatB-All,MQ1,Telangana,"Prathima IMS, Karimnagar",ANAESTHESIOLOGY,"₹23,00,000*",Info not available*,1*,"₹20,00,000*",1060,2024,-,878(5),1006(5),1363(5),1585(5),1629(5),1629(5),-,-,976(4),1015(4),1374(4),-,-,-,-
UK PG,UK Priv-AllIndia/Mgmt,UR-MNG,Uttarakhand,"HIMS, Dehradun",PHARMACOLOGY,₹0*,"₹40,000",0,₹0,1200,2024,-,-,-,512(2),-,-,-,-,-,-,-,1394(1),-,-,-,-
UP PG,UP Priv-Open Quota,UR,Uttar Pradesh,"Saraswati IMS, Hapur",RADIO DIAGNOSIS,"₹20,22,143*","₹32,000*",0,₹0,851,2024,-,1114(6),1172(6),-,-,-,-,-,-,1275(6),1239(6),1394(6),-,-,-,-
TEL Mgmt PG,TELMgmt-MQ1-CatB-All,MQ1,Telangana,"Dr Patnam MRInstofMS,Chevella",ANAESTHESIOLOGY,"₹23,00,000*",Info not available*,1*,"₹20,00,000*",-,2024,-,920(2),1117(2),1428(2),1572(2),1572(2),1572(2),-,-,1058(2),1058(2),1397(2),-,-,-,-
UP PG,UP Priv-Open Quota,UR,Uttar Pradesh,"Hind IMS, Barabanki",RADIO DIAGNOSIS,"₹25,24,901*","₹35,000",1*,₹0*,580,2024,-,1187(4),1249(4),-,-,-,-,-,-,1231(4),1234(4),1398(4),-,-,-,-
TEL Mgmt PG,TELMgmt-MQ1-CatB-All,MQ1,Telangana,"Mediciti IMS, Ghanpur",ANAESTHESIOLOGY,"₹23,00,000*",Info not available*,1*,"₹20,00,000*",720,2024,-,868(4),1120(4),1347(4),1450(4),1450(4),1450(4),-,-,1031(4),1031(4),1408(4),-,-,-,-
AP Mgmt PG,APMgmt-S1-All-CatB,S1A,Andhra Pradesh,"Nimra Inst of Med Sci, Krishna",OBG,"₹9,93,600*",Info not available*,1*,Info not available*,-,2024,-,728(1),1657(1),-,-,-,-,-,-,361(1),547(1),1408(1),-,-,-,-
UK PG,UK Priv-AllIndia/Mgmt,UR-MNG,Uttarakhand,"HIMS, Dehradun",IHBT,"₹15,00,000*","₹40,000",0,₹0,1200,2024,-,470(1),-,231(1),-,-,-,-,-,922(2),922(1),1413(1),-,1204(2),-,-
TEL Mgmt PG,TELMgmt-MQ1-CatB-All,MQ1,Telangana,"Prathima IMS, Karimnagar",PSYCHIATRY,"₹23,00,000*",Info not available*,1*,"₹20,00,000*",1060,2024,-,-,-,-,-,-,-,-,-,1117(1),1126(1),1423(1),-,-,-,-
PNDCHRY PG,PY Mgmt-Open,AGE,Pondicherry,"SriVenkateswaraa, Pondicherry",ENT,"₹33,00,000*","₹7,000*",2*,Info not available*,1120,2024,-,-,-,1682(2),-,-,-,-,-,-,-,1433(1),-,-,-,-
AP Mgmt PG,APMgmt-S1-All-CatB,S1A,Andhra Pradesh,"Fathima IMS,Kadapa",OBG,"₹9,93,600*","₹25,000*",1*,Info not available*,750,2024,-,320(1),1923(1),-,-,-,-,-,-,823(1),1076(1),1433(1),-,-,-,-
UP PG,UP Priv-Open Quota,UR,Uttar Pradesh,"Rama Med Coll, Hapur",RADIO DIAGNOSIS,"₹24,75,612*","₹30,000*",Info Not Available,Info not available,1259,2024,-,1160(2),1220(2),-,-,-,-,-,-,1190(2),1414(2),1435(2),-,-,-,-
HP PG,HP Priv All,GEN,Himachal Pradesh,"MMU, Solan",PATHOLOGY,"₹15,95,000*","₹40,000",1,"₹10,00,000",720,2024,-,143(1),-,1144(3),-,-,-,-,-,852(3),-,1443(4),-,-,-,-
TEL Mgmt PG,TELMgmt-MQ1-CatB-All,MQ1,Telangana,"Maheshwara Med Coll, Medak",ANAESTHESIOLOGY,"₹23,00,000*",Info not available*,1*,"₹20,00,000*",745,2024,-,-,-,-,-,-,-,-,-,1114(1),1114(1),1446(1),-,-,-,-
TEL Mgmt PG,TELMgmt-MQ1-CatB-All,MQ1,Telangana,"Prathima IMS, Karimnagar",PATHOLOGY,"₹5,62,250*",Info not available*,1*,"₹20,00,000*",1060,2024,-,1095(1),1396(1),1396(1),1396(1),1396(1),1396(1),-,-,1584(1),1584(1),1448(1),-,-,-,-
WB PG,WB Mgmt Quota,MQ,West Bengal,"Jagannath Gupta IMS, Kolkata",GENERAL MEDICINE,"₹27,00,000*","₹43,600",0,₹0,-,2024,-,823(1),861(1),861(1),861(1),-,-,-,-,1116(2),799(2),1451(2),-,-,-,-
TN Mgmt PG,TN Mgmt Quota,GEN,Tamil Nadu,"Madha Medical College, Chennai",OPHTHALMOLOGY,"₹15,50,000*",Info not available,0,₹0,-,2024,-,-,2335(1),2335(1),-,-,-,-,-,1292(1),1463(1),1463(1),-,-,-,-
UP PG,UP Priv-Open Quota,UR,Uttar Pradesh,"Hind IMS, Sitapur",RADIO DIAGNOSIS,"₹20,40,950*","₹30,000",1*,₹0*,700,2024,-,1265(2),1337(2),-,-,-,-,-,-,1343(2),1447(2),1468(2),-,-,-,-
TEL Mgmt PG,TELMgmt-MQ1-CatB-All,MQ1,Telangana,"MNR Med Coll, Sangareddy",ANAESTHESIOLOGY,"₹23,00,000*",Info not available*,1*,"₹20,00,000*",760,2024,-,909(3),1102(3),1421(3),1545(3),1545(3),1545(3),-,-,1077(3),1132(3),1474(3),-,1345(1),-,-
TEL Mgmt PG,TELMgmt-MQ1-CatB-All,MQ1,Telangana,"Mahavir Inst of MS, Vikarabad",ANAESTHESIOLOGY,"₹23,00,000*",Info not available*,1*,"₹20,00,000*",700,2024,-,-,-,-,-,-,-,-,-,1078(1),1142(1),1475(1),-,-,-,-
TEL Mgmt PG,TELMgmt-MQ1-CatB-All,MQ1,Telangana,"Surabhi InstituteofMS,Siddipet",ANAESTHESIOLOGY,"₹24,00,000*",Info not available*,1*,"₹20,00,000*",-,2024,-,769(1),1141(1),1431(1),1231(1),1231(1),1231(1),-,-,1116(1),1133(1),1480(1),-,1472(1),-,-
TEL Mgmt PG,TELMgmt-MQ1-CatB-All,MQ1,Telangana,"Dr Patnam MRInstofMS,Chevella",ENT,"₹23,00,000*",Info not available*,1*,"₹20,00,000*",-,2024,-,730(1),827(1),1436(1),1436(1),1436(1),1436(1),-,-,888(1),628(1),1486(1),-,-,-,-
PNDCHRY PG,PY Mgmt-Open,AGE,Pondicherry,"PIMS, Pondicherry",PATHOLOGY,"₹6,55,000","₹43,000",0,₹0,740,2024,-,-,1549(2),1554(2),-,-,-,-,-,-,-,1501(2),-,-,-,-
TEL Mgmt PG,TELMgmt-MQ1-CatB-All,MQ1,Telangana,"Mediciti IMS, Ghanpur",ENT,"₹23,00,000*",Info not available*,1*,"₹20,00,000*",720,2024,-,712(1),989(1),1252(1),1412(1),1723(1),1723(1),-,-,913(1),727(1),1510(1),-,1206(1),-,-
PNDCHRY PG,PY Mgmt-Open,AGE,Pondicherry,"SriVenkateswaraa, Pondicherry",GENERAL SURGERY,"₹39,00,000*","₹7,000*",2*,Info not available*,1120,2024,-,-,1359(9),1359(9),-,-,-,-,-,-,-,1515(10),-,1564(4),-,-
WB PG,WB Mgmt Quota,MQ,West Bengal,"Jagannath Gupta IMS, Kolkata",OBG,"₹27,00,000*","₹43,600",0,₹0,-,2024,-,-,-,-,-,-,-,-,-,1326(1),1417(1),1520(1),-,-,-,-
UP PG,UP Priv-Open Quota,UR,Uttar Pradesh,"Venkateshwara IMS, Gajraula",RADIO DIAGNOSIS,"₹21,63,946*","₹36,000",0,₹0,750,2024,-,1388(2),1468(2),-,-,-,-,-,-,1410(2),1497(2),1522(2),-,-,-,-
TEL Mgmt PG,TELMgmt-MQ1-CatB-All,MQ1,Telangana,"Kamineni (KAMSRC), Hyderabad",SPM,"₹5,45,000*",Info not available*,1*,"₹20,00,000*",650,2024,-,-,1353(1),1353(1),1353(1),1353(1),1353(1),-,-,-,1523(1),1523(1),-,-,-,-
AP Mgmt PG,APMgmt-S1-All-CatB,S1A,Andhra Pradesh,"Santhiram Med Coll, Nandyal",ANAESTHESIOLOGY,"₹9,93,600*","₹30,000*",1*,Info not available*,930,2024,-,-,-,-,-,-,-,-,-,594(1),894(1),1523(1),-,-,-,-
WB PG,WB Mgmt Quota,MQ,West Bengal,"Shri Ramkrishna IMS, Durgapur",PAEDIATRICS,"₹40,00,000*","₹60,000",0,₹0,-,2024,-,1216(2),719(2),813(2),395(2),-,-,-,-,1152(1),891(1),1525(1),-,-,-,-
WB PG,WB Mgmt Quota,MQ,West Bengal,"Gouri Devi Inst of MS,Durgapur",OBG,"₹40,00,000*","₹44,000",0,₹0,-,2024,-,-,-,-,-,-,-,-,-,1247(3),1685(3),1532(3),-,431(1),-,-
PNDCHRY PG,PY Mgmt-Open,AGE,Pondicherry,"SMVMCH, Pondicherry",PSYCHIATRY,"₹23,90,000*",₹0*,0,₹0,900,2024,-,159(3),1638(2),1684(3),-,-,-,-,-,241(3),1472(3),1535(3),-,-,-,-
UP PG,UP Priv-Open Quota,UR,Uttar Pradesh,"Rama Med Coll, Kanpur",RADIO DIAGNOSIS,"₹25,62,430*","₹30,000",0,₹0,730,2024,-,1191(4),1253(4),-,-,-,-,-,-,1280(4),1511(4),1536(4),-,-,-,-
UP PG,UP Priv-Open Quota,UR,Uttar Pradesh,"Heritage IMS, Varanasi",RADIO DIAGNOSIS,"₹21,12,517*","₹21,000",0,₹0,735,2024,-,1278(4),1351(4),-,-,-,-,-,-,1254(4),1477(4),1537(4),-,-,-,-
TEL Mgmt PG,TELMgmt-MQ1-CatB-All,MQ1,Telangana,"MNR Med Coll, Sangareddy",ENT,"₹23,00,000*",Info not available*,1*,"₹20,00,000*",760,2024,-,714(1),828(1),1050(1),1050(1),1050(1),1050(1),-,-,916(1),916(1),1538(1),-,-,-,-
UP PG,UP Priv-Open Quota,UR,Uttar Pradesh,"TS Misra Med Coll, Lucknow",RADIO DIAGNOSIS,"₹21,63,946*","₹30,000",0,₹0,735,2024,-,1330(4),1404(4),-,-,-,-,-,-,1441(4),1521(4),1546(4),-,-,-,-
PNDCHRY PG,PY Mgmt-Open,AGE,Pondicherry,"SriVenkateswaraa, Pondicherry",ANAESTHESIOLOGY,"₹33,00,000*","₹7,000*",2*,Info not available*,1120,2024,-,-,-,1964(7),-,-,-,1839(1),-,-,-,1560(6),-,1556(2),-,-
UP PG,UP Priv-Open Quota,UR,Uttar Pradesh,"KD Med Coll, Mathura",GENERAL MEDICINE,"₹21,63,946*","₹32,000",0,₹0,720,2024,-,1899(3),2028(3),-,-,-,-,-,-,1539(3),1539(3),1564(3),-,-,-,-
PNDCHRY PG,PY Mgmt-Open,AGE,Pondicherry,"SriVenkateswaraa, Pondicherry",PSYCHIATRY,"₹33,00,000*","₹7,000*",2*,Info not available*,1120,2024,-,-,-,1853(2),-,-,-,-,-,-,-,1567(1),-,1531(1),-,-
TEL Mgmt PG,TELMgmt-MQ1-CatB-All,MQ1,Telangana,"Mamata AcadofMedSci,Bachupally",PSYCHIATRY,"₹23,00,000*",Info not available*,1*,"₹20,00,000*",-,2024,-,-,-,-,-,-,-,-,-,1054(1),661(1),1568(1),-,-,-,-
TEL Mgmt PG,TELMgmt-MQ1-CatB-All,MQ1,Telangana,"Mamata Med Coll, Khammam",PSYCHIATRY,"₹23,00,000*",Info not available*,1*,"₹20,00,000*",1080,2024,-,842(1),933(1),1020(1),1020(1),1020(1),1020(1),-,-,1111(1),1170(1),1575(1),-,-,-,-
TN Mgmt PG,TN Mgmt Quota,GEN,Tamil Nadu,"Velammal Med Col, Madurai",OPHTHALMOLOGY,"₹15,50,000*","₹37,000*",0,₹0,1024,2024,-,663(1),1343(1),711(1),1356(1),-,-,-,-,868(1),846(1),1576(1),-,1830(1),-,-
UP PG,UP Priv-Open Quota,UR,Uttar Pradesh,Muzaffarnagar Medical College,DERMATOLOGY,"₹23,23,197*","₹56,100*",1*,₹0*,857,2024,-,1072(5),1074(5),146(2),176(2),69(2),-,-,-,1097(5),1440(5),1581(5),-,-,-,-
TN Mgmt PG,TN Mgmt Quota,GEN,Tamil Nadu,"Reg CancerCenter,Adyar,Chennai",RADIATION ONCOLOGY,"₹15,50,000*","₹48,000*",0,₹0,535,2024,-,584(4),869(4),869(4),932(1),-,-,-,-,762(3),963(3),1586(3),-,1789(1),-,-
TEL Mgmt PG,TELMgmt-MQ1-CatB-All,MQ1,Telangana,"Kamineni IMS, Narketpally",PSYCHIATRY,"₹23,00,000*",Info not available*,1*,"₹20,00,000*",1060,2024,-,871(1),1020(1),1305(1),1305(1),1305(1),1305(1),-,-,1126(1),1199(1),1591(1),-,-,-,-
TN Mgmt PG,TN Mgmt Quota,GEN,Tamil Nadu,"Madha Medical College, Chennai",GENERAL MEDICINE,"₹15,50,000*",Info not available,0,₹0,-,2024,-,-,-,-,-,-,-,-,-,595(2),842(2),1597(2),-,1929(1),2302(1),-
TN Mgmt PG,TN Mgmt Quota,GEN,Tamil Nadu,"Tagore Med Coll, Chennai",ORTHOPAEDICS,"₹15,50,000*","₹35,000*",0,₹0,818,2024,-,529(1),1074(2),1074(2),-,-,-,-,-,921(1),921(1),1604(1),-,3062(1),-,-
TEL Mgmt PG,TELMgmt-MQ1-CatB-All,MQ1,Telangana,"Dr Patnam MRInstofMS,Chevella",PSYCHIATRY,"₹23,00,000*",Info not available*,1*,"₹20,00,000*",-,2024,-,-,1090(1),1365(1),1601(1),1601(1),1601(1),-,-,-,-,1606(1),-,-,-,-
WB PG,WB Mgmt Quota,MQ,West Bengal,"Jagannath Gupta IMS, Kolkata",ORTHOPAEDICS,"₹27,00,000*","₹43,600",0,₹0,-,2024,-,1142(2),1384(2),1384(2),1384(2),-,-,-,-,1437(1),1418(1),1616(1),-,-,-,-
TN Mgmt PG,TN Mgmt Quota,GEN,Tamil Nadu,"Madha Medical College, Chennai",ORTHOPAEDICS,"₹15,50,000*",Info not available,0,₹0,-,2024,-,-,1320(1),1320(1),-,-,-,-,-,1339(1),1623(1),1623(1),-,-,-,-
WB PG,WB Mgmt Quota,MQ,West Bengal,"IQ-City Med Coll, Burdwan",TBRD,"₹27,00,000*","₹40,000",0*,₹0*,800,2024,-,1229(2),1264(2),1180(2),1180(2),-,-,-,-,1526(2),1680(2),1623(2),-,472(1),-,-
TN Mgmt PG,TN Mgmt Quota,GEN,Tamil Nadu,"Madha Medical College, Chennai",OBG,"₹15,50,000*",Info not available,0,₹0,-,2024,-,-,706(1),706(1),-,-,-,-,-,601(1),305(1),1624(1),-,1674(1),1669(1),-
RJSTHN PG,RAJ Priv-All India,GEN,Rajasthan,"Ananta IMS & RC, Rajsamand",DERMATOLOGY,"₹32,55,000*","₹25,000",0,₹0,775,2024,-,1510(1),1573(1),-,2197(1),-,-,-,-,1241(1),1621(1),1625(1),-,-,-,-
PNDCHRY PG,PY Mgmt-Open,AGE,Pondicherry,"SMVMCH, Pondicherry",PHARMACOLOGY,"₹1,00,000*",₹0*,0,₹0,900,2024,-,361(2),-,-,-,-,-,-,-,661(2),-,1628(1),-,-,2035(1),-
TN Mgmt PG,TN Mgmt Quota,GEN,Tamil Nadu,"KarpagaVinayaga,Maduranthagam",GENERAL SURGERY,"₹15,50,000*","₹10,000*",0,₹0,550,2024,-,777(2),1289(2),1666(2),-,-,-,-,-,699(1),699(1),1628(1),-,2871(1),2901(1),-
WB PG,WB Mgmt Quota,MQ,West Bengal,"Jagannath Gupta IMS, Kolkata",TBRD,"₹27,00,000*","₹43,600",0,₹0,-,2024,-,-,-,-,-,-,-,-,-,-,1722(1),1632(1),-,-,-,-
TEL Mgmt PG,TELMgmt-MQ1-CatB-All,MQ1,Telangana,"Kamineni (KAMSRC), Hyderabad",PATHOLOGY,"₹5,45,000*",Info not available*,1*,"₹20,00,000*",650,2024,-,723(1),1192(1),1192(1),1192(1),1192(1),1192(1),-,-,1066(1),1066(1),1635(1),-,1471(1),-,-
TEL Mgmt PG,TELMgmt-MQ1-CatB-All,MQ1,Telangana,"Mediciti IMS, Ghanpur",PATHOLOGY,"₹5,30,000*",Info not available*,1*,"₹20,00,000*",720,2024,-,-,-,-,-,-,-,-,-,1654(1),1654(1),1654(1),-,-,-,-
WB PG,WB Mgmt Quota,MQ,West Bengal,"KPC Med Coll, Jadavpur",ANAESTHESIOLOGY,"₹27,00,000*","₹43,758",0,₹0,750,2024,-,-,-,-,-,-,-,-,-,1759(2),1743(2),1677(2),-,-,-,-
TN Mgmt PG,TN Mgmt Quota,GEN,Tamil Nadu,"Madha Medical College, Chennai",PAEDIATRICS,"₹15,50,000*",Info not available,0,₹0,-,2024,-,-,-,-,-,-,-,-,-,642(1),930(1),1681(1),-,-,-,-
WB PG,WB Mgmt Quota,MQ,West Bengal,"KPC Med Coll, Jadavpur",GENERAL SURGERY,"₹27,00,000*","₹43,758",0,₹0,750,2024,-,1197(4),1092(4),1174(4),1174(4),-,-,-,-,1478(6),1478(6),1683(6),-,-,-,-
TN Mgmt PG,TN Mgmt Quota,GEN,Tamil Nadu,"Dhanalakshmi Srin, Perambalur",PAEDIATRICS,"₹15,50,000*","₹35,000*",0,₹0,800,2024,-,335(1),688(1),1020(1),-,-,-,-,-,542(1),767(1),1687(2),-,1975(1),2521(1),-
TN Mgmt PG,TN Mgmt Quota,GEN,Tamil Nadu,"Tagore Med Coll, Chennai",TBRD,"₹15,50,000*","₹35,000*",0,₹0,818,2024,-,417(1),1151(1),1151(1),-,-,-,-,-,787(1),787(1),1700(1),-,-,-,-
WB PG,WB Mgmt Quota,MQ,West Bengal,"Shri Ramkrishna IMS, Durgapur",ORTHOPAEDICS,"₹40,00,000*","₹60,000",0,₹0,-,2024,-,945(2),728(2),844(2),513(2),-,-,-,-,501(1),866(1),1706(1),-,506(1),437(1),-
RJSTHN PG,RAJ Priv-All India,GEN,Rajasthan,"MGMC&H, Sitapur, Jaipur",PSYCHIATRY,"₹40,00,000*","₹55,000",0,₹0,1400,2024,-,1910(1),2144(1),2193(1),-,-,-,-,-,1694(1),1709(1),1713(1),-,-,-,-
PNDCHRY PG,PY Mgmt-Open,AGE,Pondicherry,"PIMS, Pondicherry",SPM,"₹6,55,000","₹43,000",0,₹0,740,2024,-,-,1353(2),1569(2),-,-,-,-,-,-,-,1727(2),-,1770(1),-,-
WB PG,WB Mgmt Quota,MQ,West Bengal,"Gouri Devi Inst of MS,Durgapur",OPHTHALMOLOGY,"₹40,00,000*","₹44,000",0,₹0,-,2024,-,-,-,-,-,-,-,-,-,1574(1),1841(1),1734(1),-,-,-,-
PNDCHRY PG,PY Mgmt-Open,AGE,Pondicherry,"SriVenkateswaraa, Pondicherry",PHARMACOLOGY,"₹1,00,000*","₹7,000*",0,₹0,1120,2024,-,-,-,-,-,-,2220(1),-,-,-,-,1735(1),-,-,2215(1),-
WB PG,WB Mgmt Quota,MQ,West Bengal,"KPC Med Coll, Jadavpur",ENT,"₹27,00,000*","₹43,758",0,₹0,750,2024,-,1274(2),1525(2),985(2),935(2),-,-,-,-,1764(2),1339(2),1745(2),-,-,-,-
PNDCHRY PG,PY Mgmt-Open,AGE,Pondicherry,"SMVMCH, Pondicherry",PATHOLOGY,"₹5,00,000*",₹0*,0,₹0,900,2024,-,253(3),1576(1),2135(2),1937(1),-,-,-,-,629(3),-,1753(3),-,-,-,-
WB PG,WB Mgmt Quota,MQ,West Bengal,"Gouri Devi Inst of MS,Durgapur",PAEDIATRICS,"₹40,00,000*","₹44,000",0,₹0,-,2024,-,-,-,-,-,-,-,-,-,1613(3),1621(3),1756(3),-,-,-,-
WB PG,WB Mgmt Quota,MQ,West Bengal,"IQ-City Med Coll, Burdwan",ENT,"₹27,00,000*","₹40,000",0*,₹0*,800,2024,-,1285(1),1315(1),1235(1),1235(1),-,-,-,-,1833(1),1920(1),1763(1),-,612(1),-,-
WB PG,WB Mgmt Quota,MQ,West Bengal,"Gouri Devi Inst of MS,Durgapur",ENT,"₹40,00,000*","₹44,000",0,₹0,-,2024,-,-,-,-,-,-,-,-,-,1805(1),1925(1),1764(1),-,591(1),558(1),-
UP PG,UP Priv-Open Quota,UR,Uttar Pradesh,Muzaffarnagar Medical College,GENERAL MEDICINE,"₹23,23,197*","₹56,100*",1*,₹0*,857,2024,-,1551(8),1646(8),181(1),172(1),75(1),-,-,-,1457(8),1847(8),1765(8),-,-,-,-
TN Mgmt PG,TN Mgmt Quota,GEN,Tamil Nadu,"KarpagaVinayaga,Maduranthagam",GENERAL MEDICINE,"₹15,50,000*","₹10,000*",0,₹0,550,2024,-,-,-,-,-,-,-,-,-,610(3),761(3),1769(3),-,2467(1),2489(1),-
AP Mgmt PG,APMgmt-S1-All-CatB,S1A,Andhra Pradesh,"Fathima IMS,Kadapa",PAEDIATRICS,"₹9,93,600*","₹25,000*",1*,Info not available*,750,2024,-,660(1),1492(1),-,-,-,-,-,-,558(1),978(1),1783(1),-,-,-,-
UP PG,UP Priv-Open Quota,UR,Uttar Pradesh,"Prasad Inst of Med Sci,Lucknow",RADIO DIAGNOSIS,"₹21,63,946*","₹18,000",0,₹0,410,2024,-,-,-,-,-,-,-,-,-,1682(6),1758(6),1789(6),-,-,-,-
UP PG,UP Priv-Open Quota,UR,Uttar Pradesh,"Rajshree MRI, Bareilly",RADIO DIAGNOSIS,"₹24,89,880*","₹32,000",1*,₹0*,740,2024,-,1348(3),1424(3),-,-,-,-,-,-,1644(3),1699(3),1790(3),-,-,-,-
UP PG,UP Priv-Open Quota,UR,Uttar Pradesh,"Rohilkhand Med Coll, Bareilly",RADIO DIAGNOSIS,"₹29,09,009*","₹24,000*",1,"₹15,00,000",720,2024,-,1545(16),1640(16),151(1),93(1),45(1),-,-,-,1703(16),1762(16),1792(16),-,1969(1),-,-
TN Mgmt PG,TN Mgmt Quota,GEN,Tamil Nadu,"Mookambika IMS, Kanyakumari",GENERAL SURGERY,"₹15,50,000*","₹15,000*",0,₹0,600,2024,-,-,1788(4),1761(3),1880(1),-,-,-,-,-,-,1813(2),-,3078(1),-,-
WB PG,WB Mgmt Quota,MQ,West Bengal,"IQ-City Med Coll, Burdwan",PSYCHIATRY,"₹27,00,000*","₹40,000",0*,₹0*,800,2024,-,-,1210(1),1127(1),1127(1),-,-,-,-,1736(1),1705(1),1815(1),-,-,-,-
PNDCHRY PG,PY Mgmt-Open,AGE,Pondicherry,"PIMS, Pondicherry",PHARMACOLOGY,"₹6,55,000","₹43,000",0,₹0,740,2024,-,-,1556(1),-,1882(1),-,-,-,-,-,-,1818(1),-,-,-,-
TEL Mgmt PG,TELMgmt-MQ1-CatB-All,MQ1,Telangana,"SVS Med Coll, Mehboobnagar",PATHOLOGY,"₹7,50,000*",Info not available*,1*,"₹20,00,000*",760,2024,-,1283(4),1454(4),1940(4),1940(4),1940(4),1940(4),-,-,1563(3),1563(3),1826(3),-,-,-,-
WB PG,WB Mgmt Quota,MQ,West Bengal,"IQ-City Med Coll, Burdwan",ANAESTHESIOLOGY,"₹27,00,000*","₹40,000",0*,₹0*,800,2024,-,-,1630(2),1304(2),680(2),-,-,-,-,1861(2),1944(2),1844(2),-,542(2),468(1),-
UP PG,UP Priv-Open Quota,UR,Uttar Pradesh,"Mayo IMS, Barabanki",RADIO DIAGNOSIS,"₹20,30,961*","₹14,000*",1*,₹0*,736,2024,-,1422(3),1536(3),-,-,-,-,-,-,1512(3),1544(3),1847(3),-,-,-,-
WB PG,WB Mgmt Quota,MQ,West Bengal,"Gouri Devi Inst of MS,Durgapur",TBRD,"₹40,00,000*","₹44,000",0,₹0,-,2024,-,-,-,-,-,-,-,-,-,1547(2),1847(2),1847(2),-,-,-,-
TEL Mgmt PG,TELMgmt-MQ1-CatB-All,MQ1,Telangana,"Maheshwara Med Coll, Medak",PATHOLOGY,"₹5,30,000*",Info not available*,1*,"₹20,00,000*",745,2024,-,-,-,-,-,-,-,-,-,1778(1),1778(1),1851(1),-,2054(1),2326(1),-
UP PG,UP Priv-Open Quota,UR,Uttar Pradesh,"SRMS IMS, Bareilly",DERMATOLOGY,"₹25,09,957*","₹32,000*",1*,₹0*,950,2024,-,1126(4),1700(4),-,-,-,-,-,-,1236(4),1824(4),1855(4),-,-,-,-
PNDCHRY PG,PY Mgmt-Open,AGE,Pondicherry,"SriVenkateswaraa, Pondicherry",PATHOLOGY,"₹13,05,000*","₹7,000*",2*,Info not available*,1120,2024,-,-,-,2168(1),-,-,2181(1),-,-,-,-,1859(2),-,-,-,-
AP Mgmt PG,APMgmt-S1-All-CatB,S1A,Andhra Pradesh,"Nimra Inst of Med Sci, Krishna",ORTHOPAEDICS,"₹9,93,600*",Info not available*,1*,Info not available*,-,2024,-,1350(2),2386(2),3326(1),-,-,-,-,-,1490(2),1764(2),1861(2),-,-,-,-
TN Mgmt PG,TN Mgmt Quota,GEN,Tamil Nadu,"Dhanalakshmi Srin, Perambalur",TBRD,"₹15,50,000*","₹35,000*",0,₹0,800,2024,-,599(1),599(1),599(1),-,-,-,-,-,611(1),1003(1),1866(1),-,-,-,-
WB PG,WB Mgmt Quota,MQ,West Bengal,"Gouri Devi Inst of MS,Durgapur",ANAESTHESIOLOGY,"₹40,00,000*","₹44,000",0,₹0,-,2024,-,-,-,1425(2),633(2),-,-,-,-,1708(1),1990(1),1877(1),-,-,-,-
TEL Mgmt PG,TELMgmt-MQ1-CatB-All,MQ1,Telangana,"Mamata AcadofMedSci,Bachupally",PATHOLOGY,"₹7,50,000*",Info not available*,1*,"₹20,00,000*",-,2024,-,1041(2),1260(2),1590(2),1590(2),1590(2),1590(2),-,-,1508(2),1508(2),1882(2),-,-,-,-
UP PG,UP Priv-Open Quota,UR,Uttar Pradesh,"Subharti Med Coll, Meerut",DERMATOLOGY,"₹14,43,744*","₹30,000*",2*,₹0*,938,2024,-,1154(3),1214(3),-,-,-,-,-,-,1094(2),1852(2),1885(2),-,-,-,-
TN Mgmt PG,TN Mgmt Quota,GEN,Tamil Nadu,"Tagore Med Coll, Chennai",ENT,"₹15,50,000*","₹35,000*",0,₹0,818,2024,-,-,-,-,-,-,-,-,-,828(1),1249(1),1888(1),-,-,-,-
UP PG,UP Priv-Open Quota,UR,Uttar Pradesh,"Varun Arjun, Shahjahanpur",RADIO DIAGNOSIS,"₹23,38,116*","₹24,000*",1,"₹10,00,000",770,2024,-,1560(4),1655(4),-,-,-,-,-,-,1685(5),1759(5),1890(5),-,-,-,-
TN Mgmt PG,TN Mgmt Quota,GEN,Tamil Nadu,"Velammal Med Col, Madurai",PSYCHIATRY,"₹15,50,000*","₹37,000*",0,₹0,1024,2024,-,795(1),1193(1),954(1),-,-,-,-,-,825(1),1027(1),1893(1),-,-,-,-
TEL Mgmt PG,TELMgmt-MQ1-CatB-All,MQ1,Telangana,"Mamata Med Coll, Khammam",PATHOLOGY,"₹6,60,000*",Info not available*,1*,"₹20,00,000*",1080,2024,-,1047(1),1382(1),1941(1),1941(1),1941(1),1941(1),-,-,1575(1),1575(1),1896(1),-,-,-,-
WB PG,WB Mgmt Quota,MQ,West Bengal,"Jagannath Gupta IMS, Kolkata",PAEDIATRICS,"₹27,00,000*","₹43,600",0,₹0,-,2024,-,-,-,-,-,-,-,-,-,1569(4),1642(4),1899(4),-,-,-,-
WB PG,WB Mgmt Quota,MQ,West Bengal,"Gouri Devi Inst of MS,Durgapur",ORTHOPAEDICS,"₹40,00,000*","₹44,000",0,₹0,-,2024,-,-,-,-,-,-,-,-,-,1799(2),1800(2),1900(2),-,485(1),310(1),-
WB PG,WB Mgmt Quota,MQ,West Bengal,"Jagannath Gupta IMS, Kolkata",ENT,"₹27,00,000*","₹43,600",0,₹0,-,2024,-,1430(1),-,1266(1),514(1),-,-,-,-,1350(1),1790(1),1901(1),-,538(1),487(1),-
WB PG,WB Mgmt Quota,MQ,West Bengal,"Jagannath Gupta IMS, Kolkata",GENERAL SURGERY,"₹27,00,000*","₹43,600",0,₹0,-,2024,-,1297(2),1297(2),1297(2),1297(2),-,-,-,-,1789(4),1878(4),1909(4),-,-,-,-
UP PG,UP Priv-Open Quota,UR,Uttar Pradesh,"Hind IMS, Barabanki",DERMATOLOGY,"₹25,24,901*","₹35,000",1*,₹0*,580,2024,-,1063(2),1118(2),-,-,-,-,-,-,1440(2),1885(2),1920(2),-,-,-,-
TN Mgmt PG,TN Mgmt Quota,GEN,Tamil Nadu,"Velammal Med Col, Madurai",ANAESTHESIOLOGY,"₹15,50,000*","₹37,000*",0,₹0,1024,2024,-,635(2),954(2),730(2),-,-,-,-,-,791(2),791(2),1927(2),-,-,-,-
UP PG,UP Priv-Open Quota,UR,Uttar Pradesh,"SRMS IMS, Bareilly",GENERAL MEDICINE,"₹25,09,957*","₹32,000*",1*,₹0*,950,2024,-,1614(12),1713(12),-,-,-,-,-,-,1377(12),1872(12),1927(12),-,-,-,-
WB PG,WB Mgmt Quota,MQ,West Bengal,"Gouri Devi Inst of MS,Durgapur",GENERAL SURGERY,"₹40,00,000*","₹44,000",0,₹0,-,2024,-,-,1430(3),1367(3),1367(3),-,-,-,-,1824(2),1882(2),1932(2),-,479(1),480(1),-
TEL Mgmt PG,TELMgmt-MQ1-CatB-All,MQ1,Telangana,"Kamineni IMS, Narketpally",HOSPITAL ADMINISTRATION,"₹2,16,000*",Info not available*,1*,"₹20,00,000*",1060,2024,-,-,-,-,-,-,-,-,-,1811(1),2358(1),1936(1),-,1935(1),2188(1),-
WB PG,WB Mgmt Quota,MQ,West Bengal,"Jagannath Gupta IMS, Kolkata",ANAESTHESIOLOGY,"₹27,00,000*","₹43,600",0,₹0,-,2024,-,-,-,-,-,-,-,-,-,1906(2),1980(2),1938(2),-,-,-,-
AP Mgmt PG,APMgmt-S1-All-CatB,S1A,Andhra Pradesh,"Fathima IMS,Kadapa",GENERAL SURGERY,"₹9,93,600*","₹25,000*",1*,Info not available*,750,2024,-,1092(1),1868(1),-,2297(1),-,-,-,-,1415(1),1106(1),1943(1),-,-,-,-
WB PG,WB Mgmt Quota,MQ,West Bengal,"IQ-City Med Coll, Burdwan",PATHOLOGY,"₹6,40,000*","₹40,000",0*,₹0*,800,2024,-,-,-,-,-,-,-,-,-,1744(1),1677(1),1950(1),-,-,-,-
WB PG,WB Mgmt Quota,MQ,West Bengal,"ICARE IMS & R, Haldia",PATHOLOGY,"₹15,50,000*","₹25,000",0,₹0,Info Not Available,2024,-,-,-,896(1),858(1),-,-,-,-,1959(1),1985(1),1951(1),-,-,-,-
UP PG,UP Priv-Open Quota,UR,Uttar Pradesh,"Krishna Mohan Med Coll,Mathura",RADIO DIAGNOSIS,"₹21,63,946*","₹15,000*",0,₹0,700,2024,-,-,-,-,-,-,-,-,-,-,-,1953(4),-,-,-,-
PNDCHRY PG,PY Mgmt-Open,AGE,Pondicherry,"SMVMCH, Pondicherry",SPM,"₹5,00,000*",₹0*,0,₹0,900,2024,-,171(1),-,2090(1),-,-,-,-,-,508(2),-,1962(2),-,2079(1),-,-
WB PG,WB Mgmt Quota,MQ,West Bengal,"KPC Med Coll, Jadavpur",PSYCHIATRY,"₹27,00,000*","₹43,758",0,₹0,750,2024,-,-,-,-,-,-,-,-,-,-,-,1968(1),-,-,-,-
WB PG,WB Mgmt Quota,MQ,West Bengal,"IQ-City Med Coll, Burdwan",GENERAL SURGERY,"₹27,00,000*","₹40,000",0*,₹0*,800,2024,-,1544(3),1317(4),1320(4),1212(4),-,-,-,-,1666(5),1880(5),1972(5),-,512(2),-,-
WB PG,WB Mgmt Quota,MQ,West Bengal,"Shri Ramkrishna IMS, Durgapur",PSYCHIATRY,"₹40,00,000*","₹60,000",0,₹0,-,2024,-,-,-,-,-,-,-,-,-,-,1739(1),1984(1),-,619(1),182(1),-
TN Mgmt PG,TN Mgmt Quota,GEN,Tamil Nadu,"KarpagaVinayaga,Maduranthagam",ORTHOPAEDICS,"₹15,50,000*","₹10,000*",0,₹0,550,2024,-,-,-,-,-,-,-,-,-,1134(2),1837(2),1997(2),-,3367(1),-,-
TN Mgmt PG,TN Mgmt Quota,GEN,Tamil Nadu,"Joseph Eye Hosp, Trichy",OPHTHALMOLOGY,"₹15,50,000*","₹48,000*",2*,"₹40,00,000*",450,2024,-,524(4),1013(4),1013(4),-,-,-,-,-,1089(4),966(4),2005(4),-,-,-,-
WB PG,WB Mgmt Quota,MQ,West Bengal,"Shri Ramkrishna IMS, Durgapur",GENERAL SURGERY,"₹40,00,000*","₹60,000",0,₹0,-,2024,-,1484(1),766(1),793(1),566(1),-,-,-,-,1374(3),1235(3),2022(3),-,529(2),476(1),-
TEL Mgmt PG,TELMgmt-MQ1-CatB-All,MQ1,Telangana,"RVM IMSRC, Siddipet",PHARMACOLOGY,"₹5,30,000*",Info not available*,1*,"₹20,00,000*",1110,2024,-,-,2223(1),-,-,-,-,-,-,-,2032(1),2032(1),-,-,-,-
TEL Mgmt PG,TELMgmt-MQ1-CatB-All,MQ1,Telangana,"Kamineni IMS, Narketpally",PATHOLOGY,"₹5,45,000*",Info not available*,1*,"₹20,00,000*",1060,2024,-,1123(1),1466(1),1606(1),2174(1),-,-,-,-,1635(1),1635(1),2042(1),-,-,-,-
AP Mgmt PG,APMgmt-S1-All-CatB,S1A,Andhra Pradesh,"Nimra Inst of Med Sci, Krishna",GENERAL SURGERY,"₹9,93,600*",Info not available*,1*,Info not available*,-,2024,-,1136(2),2205(2),2393(1),-,-,-,-,-,1390(2),1575(2),2044(2),-,-,-,-
TEL Mgmt PG,TELMgmt-MQ1-CatB-All,MQ1,Telangana,"Dr Patnam MRInstofMS,Chevella",PATHOLOGY,"₹5,30,000*",Info not available*,1*,"₹20,00,000*",-,2024,-,1223(1),1459(1),1484(1),1484(1),1484(1),1484(1),-,-,1716(1),1474(1),2046(1),-,-,-,-
UP PG,UP Priv-Open Quota,UR,Uttar Pradesh,"Teerthanker Med Coll,Moradabad",RADIO DIAGNOSIS,"₹39,90,000*","₹69,600",0,₹0,1000,2024,-,1727(6),1841(6),-,-,-,-,-,-,1917(8),2033(8),2075(8),-,-,-,-
TEL Mgmt PG,TELMgmt-MQ1-CatB-All,MQ1,Telangana,"Surabhi InstituteofMS,Siddipet",PATHOLOGY,"₹7,50,000*",Info not available*,1*,"₹20,00,000*",-,2024,-,-,-,-,-,2027(1),2458(1),-,-,1739(1),1665(1),2091(1),-,2331(1),-,-
WB PG,WB Mgmt Quota,MQ,West Bengal,"IQ-City Med Coll, Burdwan",MICROBIOLOGY,"₹6,40,000*","₹40,000",0*,₹0*,800,2024,-,-,-,-,-,-,-,-,-,-,-,2109(1),-,897(1),851(1),-
UP PG,UP Priv-Open Quota,UR,Uttar Pradesh,"Rama Med Coll, Kanpur",DERMATOLOGY,"₹25,62,430*","₹30,000",0,₹0,730,2024,-,1711(2),1838(2),-,-,-,-,-,-,1752(2),2075(2),2118(2),-,-,-,-
WB PG,WB Mgmt Quota,MQ,West Bengal,"Gouri Devi Inst of MS,Durgapur",PATHOLOGY,"₹27,00,000*","₹44,000",0,₹0,-,2024,-,1492(1),1562(1),1633(1),789(1),-,-,-,-,1625(1),1948(1),2121(1),-,757(1),688(1),-
PNDCHRY PG,PY Mgmt-Open,AGE,Pondicherry,"SriVenkateswaraa, Pondicherry",SPM,"₹13,05,000*","₹7,000*",2*,Info not available*,1120,2024,-,-,-,2048(1),2033(1),-,-,-,-,-,-,2124(2),-,-,2217(1),-
UP PG,UP Priv-Open Quota,UR,Uttar Pradesh,"SMSR, Greater Noida",GENERAL MEDICINE,"₹25,40,649*","₹32,000",0,₹0,1200,2024,-,1698(16),1808(16),-,-,-,-,-,-,1772(16),2088(16),2131(16),-,-,-,-
RJSTHN PG,RAJ Priv-All India,GEN,Rajasthan,"Ananta IMS & RC, Rajsamand",GENERAL MEDICINE,"₹32,55,000*","₹25,000",0,₹0,775,2024,-,1936(5),1999(5),2042(4),-,-,-,-,-,2030(4),2138(3),2145(3),-,-,-,-
UP PG,UP Priv-Open Quota,UR,Uttar Pradesh,"Saraswati IMS, Hapur",DERMATOLOGY,"₹20,22,143*","₹32,000*",0,₹0,851,2024,-,1284(5),1357(5),-,-,-,-,-,-,1614(5),2116(5),2160(5),-,-,-,-
PNDCHRY PG,PY Mgmt-Open,AGE,Pondicherry,"SriVenkateswaraa, Pondicherry",MICROBIOLOGY,"₹1,00,000*","₹7,000*",0,₹0,1120,2024,-,-,-,-,-,-,-,-,-,-,-,2172(1),-,-,2216(1),-
TN Mgmt PG,TN Mgmt Quota,GEN,Tamil Nadu,"Dhanalakshmi Srin, Perambalur",GENERAL SURGERY,"₹15,50,000*","₹35,000*",0,₹0,800,2024,-,452(1),1434(2),1407(1),-,-,-,-,-,912(2),833(2),2175(2),-,-,-,-
RJSTHN PG,RAJ Priv-Mgmt Quota,GEN,Rajasthan,"MGMC&H, Sitapur, Jaipur",RADIO DIAGNOSIS,"₹72,50,000*","₹55,000",0,₹0,1400,2024,-,1245(4),1691(4),1720(4),-,-,-,-,-,1983(2),2256(4),2178(4),-,-,-,-
UP PG,UP Priv-Open Quota,UR,Uttar Pradesh,"GS Med Coll Hosp,Hapur",DERMATOLOGY,"₹21,63,946*","₹32,000",0,₹0,Info Not Available,2024,-,1602(3),1647(3),-,-,-,-,-,-,1915(3),2136(3),2181(3),-,2582(1),2276(1),-
TEL Mgmt PG,TELMgmt-MQ1-CatB-All,MQ1,Telangana,"RVM IMSRC, Siddipet",PATHOLOGY,"₹5,30,000*",Info not available*,1*,"₹20,00,000*",1110,2024,-,1302(1),1535(1),1535(1),1535(1),1535(1),1535(1),-,-,1558(1),1448(1),2184(1),-,-,-,-
RJSTHN PG,RAJ Priv-Mgmt Quota,GEN,Rajasthan,"MGMC&H, Sitapur, Jaipur",DERMATOLOGY,"₹75,00,000*","₹55,000",0,₹0,1400,2024,-,1301(1),1562(1),-,1865(1),-,-,-,-,2165(2),2184(2),2192(2),-,-,-,-
TN Mgmt PG,TN Mgmt Quota,GEN,Tamil Nadu,"KarpagaVinayaga,Maduranthagam",EMERGENCY MEDICINE,"₹15,50,000*","₹10,000*",0,₹0,550,2024,-,989(2),1222(2),1222(2),-,-,-,-,-,661(1),1378(1),2201(1),-,-,-,-
UP PG,UP Priv-Open Quota,UR,Uttar Pradesh,"GS Med Coll Hosp,Hapur",GENERAL MEDICINE,"₹21,63,946*","₹32,000",0,₹0,Info Not Available,2024,-,1926(4),1995(4),277(1),-,-,-,-,-,1872(4),2165(4),2210(4),-,-,-,-
TN Mgmt PG,TN Mgmt Quota,GEN,Tamil Nadu,"St. Peters Medical Coll, Hosur",ORTHOPAEDICS,"₹15,50,000*",Info not available,Info Not Available,Info not available,-,2024,-,-,-,-,-,-,-,-,-,-,-,2226(1),-,-,-,-
WB PG,WB Mgmt Quota,MQ,West Bengal,"KPC Med Coll, Jadavpur",MICROBIOLOGY,"₹8,50,000*","₹43,758",0,₹0,750,2024,-,-,-,-,-,-,-,-,-,-,-,2227(1),-,819(1),-,-
UP PG,UP Priv-Open Quota,UR,Uttar Pradesh,"Era Lucknow Med Coll, Lucknow",RADIO DIAGNOSIS,"₹39,95,000*","₹62,000",0,₹0,850,2024,-,1808(8),1928(8),-,-,-,-,-,-,1873(7),2103(7),2251(7),-,2856(1),-,-
RJSTHN PG,RAJ Priv-All India,GEN,Rajasthan,"MGMC&H, Sitapur, Jaipur",GENERAL MEDICINE,"₹48,50,000*","₹55,000",0,₹0,1400,2024,-,1619(5),1611(5),1639(5),-,-,-,-,-,2029(4),2251(4),2259(4),-,-,-,-
TEL Mgmt PG,TELMgmt-MQ1-CatB-All,MQ1,Telangana,"Apollo IMSR, Hyderabad",SPM,"₹5,30,000*",Info not available*,1*,"₹20,00,000*",570,2024,-,-,-,-,-,-,-,-,-,1531(1),2259(1),2259(1),-,-,-,-
RJSTHN PG,RAJ Priv-All India,GEN,Rajasthan,"American Intl IMS, Bedwas",PAEDIATRICS,"₹32,55,000*","₹20,000",0,₹0,700,2024,-,2133(1),-,-,-,-,-,-,-,2247(1),2267(1),2275(1),-,-,-,-
RJSTHN PG,RAJ Priv-All India,GEN,Rajasthan,Jaipur National Univ IMS,RADIO DIAGNOSIS,"₹75,00,000*",Info not available*,0,₹0,810,2024,-,1714(1),2643(1),2768(1),-,-,-,-,-,2250(1),2270(1),2278(1),-,-,-,-
TEL Mgmt PG,TELMgmt-MQ1-CatB-All,MQ1,Telangana,"Mahavir Inst of MS, Vikarabad",ANATOMY,"₹1,70,000*",Info not available*,1*,"₹20,00,000*",700,2024,-,-,-,-,-,-,-,-,-,-,2300(1),2300(1),-,-,-,-
UP PG,UP Priv-Open Quota,UR,Uttar Pradesh,"Heritage IMS, Varanasi",GENERAL MEDICINE,"₹21,12,517*","₹21,000",0,₹0,735,2024,-,1952(3),2085(3),-,-,-,-,-,-,1957(3),2260(3),2307(3),-,-,-,-
TN Mgmt PG,TN Mgmt Quota,GEN,Tamil Nadu,"Dhanalakshmi Srin, Perambalur",PSYCHIATRY,"₹15,50,000*","₹35,000*",0,₹0,800,2024,-,1244(1),1621(1),2285(1),-,-,-,-,-,1104(1),1852(1),2308(1),-,3214(1),-,-
UP PG,UP Priv-Open Quota,UR,Uttar Pradesh,"Hind IMS, Sitapur",DERMATOLOGY,"₹20,40,950*","₹30,000",1*,₹0*,700,2024,-,1731(2),1845(2),-,-,-,-,-,-,2075(2),2263(2),2310(2),-,-,-,-
UP PG,UP Priv-Open Quota,UR,Uttar Pradesh,"Career Instt of MS, Lucknow",RADIO DIAGNOSIS,"₹42,20,000*","₹40,000",0,₹0,600,2024,-,1801(1),1921(1),-,-,-,-,-,-,1984(1),2279(1),2326(1),-,-,-,-
UP PG,UP Priv-Open Quota,UR,Uttar Pradesh,"IIMSR, Lucknow",RADIO DIAGNOSIS,"₹41,95,000*","₹40,800",0,₹0,540,2024,-,1854(1),1636(1),-,-,-,-,-,-,2087(1),2285(1),2332(1),-,-,-,-
TEL Mgmt PG,TELMgmt-MQ1-CatB-All,MQ1,Telangana,"Kamineni (KAMSRC), Hyderabad",PHARMACOLOGY,"₹5,45,000*",Info not available*,1*,"₹20,00,000*",650,2024,-,-,1872(1),2017(1),-,-,-,-,-,-,2541(1),2332(1),-,-,-,-
TN Mgmt PG,TN Mgmt Quota,GEN,Tamil Nadu,"Dhanalakshmi Srin, Perambalur",ENT,"₹15,50,000*","₹35,000*",0,₹0,800,2024,-,1184(1),1413(1),2116(1),2222(1),2785(1),-,-,-,1121(1),1285(1),2335(1),-,-,-,-
TEL Mgmt PG,TELMgmt-MQ1-CatB-All,MQ1,Telangana,"CAIMS, Karimnagar",ANATOMY,"₹2,00,000*",Info not available*,1*,"₹20,00,000*",1000,2024,-,1182(1),2355(1),-,-,-,-,-,-,-,2339(1),2339(1),-,-,-,-
UP PG,UP Priv-Open Quota,UR,Uttar Pradesh,"Rama Med Coll, Hapur",DERMATOLOGY,"₹24,75,612*","₹30,000*",Info Not Available,Info not available,1259,2024,-,1596(3),1693(3),-,-,-,-,-,-,1955(3),2302(3),2349(3),-,-,-,-
RJSTHN PG,RAJ Priv-All India,GEN,Rajasthan,"Ananta IMS & RC, Rajsamand",PAEDIATRICS,"₹32,55,000*","₹25,000",0,₹0,775,2024,-,2270(3),2602(2),2723(2),-,-,-,-,-,2343(3),2364(3),2372(3),-,-,-,-
TN Mgmt PG,TN Mgmt Quota,GEN,Tamil Nadu,Melmaruvathur Adiparasakthi,ENT,"₹15,50,000*","₹35,000*",0,₹0,700,2024,-,956(1),1787(1),1787(1),-,-,-,-,-,1140(1),1140(1),2378(1),-,-,-,-
TN Mgmt PG,TN Mgmt Quota,GEN,Tamil Nadu,"Trichy SRM Med Coll, Trichy",MICROBIOLOGY,"₹4,35,000*","₹35,000*",0,₹0,1575,2024,-,-,-,3412(1),3758(1),-,-,-,-,2392(1),2392(1),2392(1),-,-,-,-
RJSTHN PG,RAJ Priv-Mgmt Quota,GEN,Rajasthan,"MGMC&H, Sitapur, Jaipur",OBG,"₹68,50,000*","₹55,000",0,₹0,1400,2024,-,2077(3),2297(3),2375(3),-,-,-,-,-,2366(1),2388(1),2397(1),-,-,-,-
TN Mgmt PG,TN Mgmt Quota,GEN,Tamil Nadu,"Velammal Med Col, Madurai",PATHOLOGY,"₹4,35,000*","₹37,000*",0,₹0,1024,2024,-,1331(2),1623(2),2213(2),-,-,-,-,-,1256(2),1256(2),2401(2),-,-,-,-
UP PG,UP Priv-Open Quota,UR,Uttar Pradesh,"Subharti Med Coll, Meerut",OBG,"₹14,43,744*","₹30,000*",2*,₹0*,938,2024,-,1628(4),1728(4),150(1),-,-,-,-,-,1716(3),2355(3),2403(3),-,3583(1),-,-
TN Mgmt PG,TN Mgmt Quota,GEN,Tamil Nadu,Melmaruvathur Adiparasakthi,ANAESTHESIOLOGY,"₹15,50,000*","₹35,000*",0,₹0,700,2024,-,688(1),1204(1),1204(1),-,-,-,-,-,1097(2),984(2),2405(2),-,-,-,-
WB PG,WB Mgmt Quota,MQ,West Bengal,"ICARE IMS & R, Haldia",PHARMACOLOGY,"₹15,50,000*","₹25,000",0,₹0,Info Not Available,2024,-,-,-,1772(1),778(1),-,511(1),-,-,-,-,2405(1),-,-,-,-
UP PG,UP Priv-Open Quota,UR,Uttar Pradesh,"TS Misra Med Coll, Lucknow",DERMATOLOGY,"₹21,63,946*","₹30,000",0,₹0,735,2024,-,1754(2),1869(2),-,-,-,-,-,-,1953(2),2357(2),2405(2),-,-,-,-
UP PG,UP Priv-Open Quota,UR,Uttar Pradesh,"Rohilkhand Med Coll, Bareilly",DERMATOLOGY,"₹29,09,009*","₹24,000*",1,"₹15,00,000",720,2024,-,1575(3),1609(3),152(1),153(1),-,-,-,-,2123(5),2369(5),2417(5),-,-,-,-
TN Mgmt PG,TN Mgmt Quota,GEN,Tamil Nadu,"St. Peters Medical Coll, Hosur",ENT,"₹15,50,000*",Info not available,Info Not Available,Info not available,-,2024,-,-,-,-,-,-,-,-,-,-,-,2425(1),-,-,-,-
TEL Mgmt PG,TELMgmt-MQ1-CatB-All,MQ1,Telangana,"Mediciti IMS, Ghanpur",MICROBIOLOGY,"₹5,30,000*",Info not available*,1*,"₹20,00,000*",720,2024,-,-,-,-,-,-,-,-,-,-,2435(1),2435(1),-,-,-,-
UP PG,UP Priv-Open Quota,UR,Uttar Pradesh,"Rama Med Coll, Kanpur",GENERAL MEDICINE,"₹25,62,430*","₹30,000",0,₹0,730,2024,-,1742(4),1857(4),-,-,-,-,-,-,2072(4),2399(4),2447(4),-,-,-,-
TEL Mgmt PG,TELMgmt-MQ1-CatB-All,MQ1,Telangana,"CAIMS, Karimnagar",SPM,"₹5,30,000*",Info not available*,1*,"₹20,00,000*",1000,2024,-,-,2075(1),2366(1),-,2256(1),-,-,-,-,2448(1),2448(1),-,-,-,-
UP PG,UP Priv-Open Quota,UR,Uttar Pradesh,"Saraswati IMS, Hapur",GENERAL MEDICINE,"₹20,22,143*","₹32,000*",0,₹0,851,2024,-,1714(14),1826(14),-,-,-,-,-,-,2062(14),2408(14),2456(14),-,-,-,-
UP PG,UP Priv-Open Quota,UR,Uttar Pradesh,"National Captl Reg IMS, Meerut",GENERAL MEDICINE,"₹22,35,387*","₹56,100",0,₹0,680,2024,-,-,-,-,-,-,-,-,-,2482(10),2415(10),2463(10),-,-,-,-
TN Mgmt PG,TN Mgmt Quota,GEN,Tamil Nadu,"Dhanalakshmi Srin, Perambalur",ANAESTHESIOLOGY,"₹15,50,000*","₹35,000*",0,₹0,800,2024,-,1074(1),2466(3),2368(2),-,-,-,-,-,1130(2),1485(3),2464(3),-,3044(1),-,-
TN Mgmt PG,TN Mgmt Quota,GEN,Tamil Nadu,"Madha Medical College, Chennai",ANAESTHESIOLOGY,"₹15,50,000*",Info not available,0,₹0,-,2024,-,-,-,-,-,-,-,-,-,1275(1),1516(1),2500(1),-,3024(1),3216(1),-
TEL Mgmt PG,TELMgmt-MQ1-CatB-All,MQ1,Telangana,"Kamineni (KAMSRC), Hyderabad",MICROBIOLOGY,"₹5,45,000*",Info not available*,1*,"₹20,00,000*",650,2024,-,-,1751(1),1751(1),1751(1),1751(1),1751(1),-,-,1807(1),1263(1),2518(1),-,-,-,-
TN Mgmt PG,TN Mgmt Quota,GEN,Tamil Nadu,"KarpagaVinayaga,Maduranthagam",ANAESTHESIOLOGY,"₹15,50,000*","₹10,000*",0,₹0,550,2024,-,1049(2),1923(2),1923(2),-,-,-,-,-,1031(1),1041(1),2523(1),-,-,-,-
UP PG,UP Priv-Open Quota,UR,Uttar Pradesh,"National Captl Reg IMS, Meerut",DERMATOLOGY,"₹22,35,387*","₹56,100",0,₹0,680,2024,-,-,-,-,-,-,-,-,-,2391(3),2473(3),2524(3),-,-,-,-
AP Mgmt PG,APMgmt-S1-All-CatB,S1A,Andhra Pradesh,"Nimra Inst of Med Sci, Krishna",ANAESTHESIOLOGY,"₹9,93,600*",Info not available*,1*,Info not available*,-,2024,-,1233(2),2200(2),-,-,-,-,-,-,1689(2),1777(2),2531(2),-,1233(1),-,-
TN Mgmt PG,TN Mgmt Quota,GEN,Tamil Nadu,"Madha Medical College, Chennai",ENT,"₹15,50,000*",Info not available,0,₹0,-,2024,-,-,-,-,-,-,-,-,-,1244(1),1254(1),2536(1),-,3219(1),3263(1),-
UP PG,UP Priv-Open Quota,UR,Uttar Pradesh,"FH Med Coll, Agra",RADIO DIAGNOSIS,"₹42,50,000*","₹45,000",0,₹0,932,2024,-,1865(1),1992(1),-,-,-,-,-,-,1925(1),2488(1),2537(1),-,-,-,-
TN Mgmt PG,TN Mgmt Quota,GEN,Tamil Nadu,"St. Peters Medical Coll, Hosur",ANAESTHESIOLOGY,"₹15,50,000*",Info not available,Info Not Available,Info not available,-,2024,-,-,-,-,-,-,-,-,-,-,-,2540(1),-,3115(1),-,-
UP PG,UP Priv-Open Quota,UR,Uttar Pradesh,"Rama Med Coll, Hapur",GENERAL MEDICINE,"₹24,75,612*","₹30,000*",Info Not Available,Info not available,1259,2024,-,2051(10),2192(10),409(2),145(1),104(1),-,-,-,2261(10),2500(10),2552(10),-,-,-,-
TN Mgmt PG,TN Mgmt Quota,GEN,Tamil Nadu,"Tagore Med Coll, Chennai",OPHTHALMOLOGY,"₹15,50,000*","₹35,000*",0,₹0,818,2024,-,-,2274(1),2274(1),-,-,-,-,-,1113(1),1113(1),2557(1),-,2342(1),-,-
TN Mgmt PG,TN Mgmt Quota,GEN,Tamil Nadu,"St. Peters Medical Coll, Hosur",GENERAL SURGERY,"₹15,50,000*",Info not available,Info Not Available,Info not available,-,2024,-,-,-,-,-,-,-,-,-,-,-,2563(2),-,-,-,-
TN Mgmt PG,TN Mgmt Quota,GEN,Tamil Nadu,"Madha Medical College, Chennai",GENERAL SURGERY,"₹15,50,000*",Info not available,0,₹0,-,2024,-,-,-,-,-,-,-,-,-,930(3),1134(3),2574(3),-,3016(1),-,-
TN Mgmt PG,TN Mgmt Quota,GEN,Tamil Nadu,"Velammal Med Col, Madurai",SPM,"₹4,35,000*","₹37,000*",0,₹0,1024,2024,-,1576(1),-,715(1),-,-,-,-,-,2594(1),2594(1),2594(1),-,-,-,-
UP PG,UP Priv-Open Quota,UR,Uttar Pradesh,"Hind IMS, Barabanki",GENERAL MEDICINE,"₹25,24,901*","₹35,000",1*,₹0*,580,2024,-,1917(8),2047(8),-,-,-,-,-,-,2150(10),2413(10),2598(10),-,-,-,-
MP PG,MP Priv-NonDomicile,UR (Non Domicile),Madhya Pradesh,"LNMC & RC, Bhopal",PATHOLOGY,"₹10,00,000*","₹69,115*",1,"₹10,00,000",750,2024,-,-,-,-,-,-,-,-,-,-,-,2607(1),-,-,-,-
UP PG,UP Priv-Open Quota,UR,Uttar Pradesh,"Hind IMS, Sitapur",GENERAL MEDICINE,"₹20,40,950*","₹30,000",1*,₹0*,700,2024,-,2020(5),2159(5),-,-,-,-,-,-,2356(5),2576(5),2631(5),-,-,-,-
TEL Mgmt PG,TELMgmt-MQ1-CatB-All,MQ1,Telangana,"Kamineni IMS, Narketpally",MICROBIOLOGY,"₹5,45,000*",Info not available*,1*,"₹20,00,000*",1060,2024,-,-,-,-,-,-,-,-,-,-,2801(1),2631(1),-,-,-,-
UP PG,UP Priv-Open Quota,UR,Uttar Pradesh,"SMSR, Greater Noida",OBG,"₹25,40,649*","₹32,000",0,₹0,1200,2024,-,1556(3),1697(3),254(1),264(1),-,-,-,-,2178(8),2580(8),2635(8),-,-,-,-
TN Mgmt PG,TN Mgmt Quota,GEN,Tamil Nadu,Melmaruvathur Adiparasakthi,OPHTHALMOLOGY,"₹15,50,000*","₹35,000*",0,₹0,700,2024,-,702(1),1734(1),1734(1),-,-,-,-,-,1054(2),1155(2),2642(2),-,-,-,-
UP PG,UP Priv-Open Quota,UR,Uttar Pradesh,"TS Misra Med Coll, Lucknow",GENERAL MEDICINE,"₹21,63,946*","₹30,000",0,₹0,735,2024,-,2064(6),2208(6),-,-,-,-,-,-,2512(6),2596(6),2651(6),-,-,-,-
TEL Mgmt PG,TELMgmt-MQ1-CatB-All,MQ1,Telangana,"Kamineni IMS, Narketpally",SPM,"₹5,45,000*",Info not available*,1*,"₹20,00,000*",1060,2024,-,-,1738(1),2153(1),2153(1),2153(1),2153(1),-,-,1996(1),2743(1),2652(1),-,-,-,-
UP PG,UP Priv-Open Quota,UR,Uttar Pradesh,"Subharti Med Coll, Meerut",GENERAL MEDICINE,"₹14,43,744*","₹30,000*",2*,₹0*,938,2024,-,1495(12),1601(12),-,-,-,-,-,-,1870(12),2176(12),2657(21),-,3896(1),4026(2),-
UP PG,UP Priv-Open Quota,UR,Uttar Pradesh,"GS Med Coll Hosp,Hapur",OBG,"₹21,63,946*","₹32,000",0,₹0,Info Not Available,2024,-,2305(3),2475(3),-,-,-,-,-,-,2592(3),2592(3),2665(3),-,-,-,-
TEL Mgmt PG,TELMgmt-MQ1-CatB-All,MQ1,Telangana,"RVM IMSRC, Siddipet",MICROBIOLOGY,"₹5,30,000*",Info not available*,1*,"₹20,00,000*",1110,2024,-,-,-,-,-,-,-,-,-,-,2679(1),2679(1),-,-,-,-
MP PG,MP Priv-NonDomicile,UR (Non Domicile),Madhya Pradesh,"Amaltas IMS, Dewas",PATHOLOGY,"₹9,50,000*","₹69,115*",1,"₹10,00,000",720,2024,-,-,-,-,-,-,-,-,-,-,-,2692(1),-,-,-,-
RJSTHN PG,RAJ Priv-All India,GEN,Rajasthan,"Ananta IMS & RC, Rajsamand",OBG,"₹32,55,000*","₹25,000",0,₹0,775,2024,-,1856(3),1968(2),2009(2),-,-,-,-,-,2651(2),2681(2),2693(2),-,-,-,-
TN Mgmt PG,TN Mgmt Quota,GEN,Tamil Nadu,"KarpagaVinayaga,Maduranthagam",ENT,"₹15,50,000*","₹10,000*",0,₹0,550,2024,-,1140(1),1583(1),1583(1),-,-,-,-,-,922(1),1292(1),2697(1),-,-,-,-
UP PG,UP Priv-Open Quota,UR,Uttar Pradesh,"Venkateshwara IMS, Gajraula",DERMATOLOGY,"₹21,63,946*","₹36,000",0,₹0,750,2024,-,1953(3),2086(3),-,-,-,-,-,-,2499(3),2644(3),2702(3),-,-,-,-
TEL Mgmt PG,TELMgmt-MQ1-CatB-All,MQ1,Telangana,"Dr Patnam MRInstofMS,Chevella",BIOCHEMISTRY,"₹1,70,000*",Info not available*,1*,"₹20,00,000*",-,2024,-,-,-,-,-,-,-,-,-,-,-,2738(1),-,-,-,-
TN Mgmt PG,TN Mgmt Quota,GEN,Tamil Nadu,"PSG IMS, Coimbatore",PATHOLOGY,"₹4,35,000*","₹25,000*",0,₹0,1130,2024,-,1232(4),1358(4),1358(4),1642(1),2793(1),-,-,-,1274(4),1274(4),2753(4),-,-,-,-
RJSTHN PG,RAJ Priv-All India,GEN,Rajasthan,Jaipur National Univ IMS,GENERAL MEDICINE,"₹55,00,000*",Info not available*,0,₹0,810,2024,-,2206(1),2308(1),2387(1),-,-,-,-,-,2329(1),2519(1),2758(1),-,-,-,-
TN Mgmt PG,TN Mgmt Quota,GEN,Tamil Nadu,"PSG IMS, Coimbatore",SPM,"₹4,35,000*","₹25,000*",0,₹0,1130,2024,-,1724(3),2911(3),2911(3),-,-,-,-,-,1835(3),1668(3),2768(3),-,-,-,-
UP PG,UP Priv-Open Quota,UR,Uttar Pradesh,"Rajshree MRI, Bareilly",DERMATOLOGY,"₹24,89,880*","₹32,000",1*,₹0*,740,2024,-,1884(2),2012(2),-,-,-,-,-,-,2533(2),2719(2),2778(2),-,-,-,-
RJSTHN PG,RAJ Priv-All India,GEN,Rajasthan,"MGMC&H, Sitapur, Jaipur",PAEDIATRICS,"₹48,50,000*","₹55,000",0,₹0,1400,2024,-,1589(1),1697(1),1727(1),-,-,-,-,-,2267(1),2768(1),2781(1),-,-,-,-
RJSTHN PG,RAJ Priv-Mgmt Quota,GEN,Rajasthan,"MGMC&H, Sitapur, Jaipur",NUCLEAR MEDICINE,"₹56,00,000*","₹55,000",0,₹0,1400,2024,-,-,-,-,-,-,-,-,-,1828(1),2773(1),2786(1),-,-,-,-
UP PG,UP Priv-Open Quota,UR,Uttar Pradesh,"SRMS IMS, Bareilly",OBG,"₹25,09,957*","₹32,000*",1*,₹0*,950,2024,-,1672(6),1779(6),-,-,-,-,-,-,2118(9),2599(9),2791(9),-,-,-,-
TEL Mgmt PG,TELMgmt-MQ1-CatB-All,MQ1,Telangana,"Prathima IMS, Karimnagar",BIOCHEMISTRY,"₹1,87,000*",Info not available*,1*,"₹20,00,000*",1060,2024,-,-,-,-,-,-,-,-,-,-,2791(1),2791(1),-,-,-,-
TEL Mgmt PG,TELMgmt-MQ1-CatB-All,MQ1,Telangana,"Mamata Med Coll, Khammam",SPM,"₹6,60,000*",Info not available*,1*,"₹20,00,000*",1080,2024,-,-,-,-,-,-,-,-,-,1523(1),2403(1),2808(1),-,-,-,-
TEL Mgmt PG,TELMgmt-MQ1-CatB-All,MQ1,Telangana,"Mamata AcadofMedSci,Bachupally",SPM,"₹7,50,000*",Info not available*,1*,"₹20,00,000*",-,2024,-,-,-,-,-,-,-,-,-,-,2374(1),2820(1),-,-,-,-
UP PG,UP Priv-Open Quota,UR,Uttar Pradesh,"Heritage IMS, Varanasi",OBG,"₹21,12,517*","₹21,000",0,₹0,735,2024,-,2128(3),2277(3),-,-,-,-,-,-,2768(3),2768(3),2828(3),-,-,-,-
TEL Mgmt PG,TELMgmt-MQ1-CatB-All,MQ1,Telangana,"Mahavir Inst of MS, Vikarabad",PHARMACOLOGY,"₹5,30,000*",Info not available*,1*,"₹20,00,000*",700,2024,-,-,-,-,-,-,-,-,-,-,-,2832(1),-,-,-,-
TEL Mgmt PG,TELMgmt-MQ1-CatB-All,MQ1,Telangana,"Prathima IMS, Karimnagar",ANATOMY,"₹1,87,000*",Info not available*,1*,"₹20,00,000*",1060,2024,-,-,-,-,-,-,-,-,-,-,2853(1),2853(1),-,-,-,-
UP PG,UP Priv-Open Quota,UR,Uttar Pradesh,Muzaffarnagar Medical College,OBG,"₹23,23,197*","₹56,100*",1*,₹0*,857,2024,-,1961(10),2094(10),-,-,-,-,-,-,2559(10),2810(10),2870(10),-,-,-,-
UP PG,UP Priv-Open Quota,UR,Uttar Pradesh,"Teerthanker Med Coll,Moradabad",DERMATOLOGY,"₹39,90,000*","₹69,600",0,₹0,1000,2024,-,1673(2),1781(2),-,-,-,-,-,-,2390(2),2814(2),2875(2),-,-,-,-
TEL Mgmt PG,TELMgmt-MQ1-CatB-All,MQ1,Telangana,"Mediciti IMS, Ghanpur",SPM,"₹5,30,000*",Info not available*,1*,"₹20,00,000*",720,2024,-,-,-,-,-,-,-,-,-,-,2631(1),2896(1),-,-,3073(1),-
TN Mgmt PG,TN Mgmt Quota,GEN,Tamil Nadu,"KarpagaVinayaga,Maduranthagam",OPHTHALMOLOGY,"₹15,50,000*","₹10,000*",0,₹0,550,2024,-,879(1),2123(1),2031(1),-,-,-,-,-,1155(1),1273(1),2898(1),-,-,-,-
UP PG,UP Priv-Open Quota,UR,Uttar Pradesh,"Mayo IMS, Barabanki",DERMATOLOGY,"₹20,30,961*","₹14,000*",1*,₹0*,736,2024,-,1888(3),2016(3),-,-,-,-,-,-,2421(4),2860(4),2950(4),-,-,-,-
TN Mgmt PG,TN Mgmt Quota,GEN,Tamil Nadu,"Madha Medical College, Chennai",PSYCHIATRY,"₹15,50,000*",Info not available,0,₹0,-,2024,-,-,-,-,-,-,-,-,-,1569(1),1569(1),2982(1),-,-,-,-
RJSTHN PG,RAJ Priv-Mgmt Quota,GEN,Rajasthan,"MGMC&H, Sitapur, Jaipur",GENERAL MEDICINE,"₹65,00,000*","₹55,000",0,₹0,1400,2024,-,1892(5),1966(5),2007(3),-,-,-,-,-,2389(5),2967(5),2985(5),-,-,-,-
UP PG,UP Priv-Open Quota,UR,Uttar Pradesh,"Hind IMS, Barabanki",OBG,"₹25,24,901*","₹35,000",1*,₹0*,580,2024,-,2168(4),2287(4),-,-,-,-,-,-,2810(4),2808(4),3007(4),-,4068(1),-,-
UP PG,UP Priv-Open Quota,UR,Uttar Pradesh,"National Captl Reg IMS, Meerut",OBG,"₹22,35,387*","₹56,100",0,₹0,680,2024,-,-,-,-,-,-,-,-,-,2960(5),2960(5),3023(5),-,-,-,-
TN Mgmt PG,TN Mgmt Quota,GEN,Tamil Nadu,"KarpagaVinayaga,Maduranthagam",PSYCHIATRY,"₹15,50,000*","₹10,000*",0,₹0,550,2024,-,1033(1),1678(1),1678(1),-,-,-,-,-,1268(1),1637(1),3028(1),-,-,-,-
UP PG,UP Priv-Open Quota,UR,Uttar Pradesh,"GS Med Coll Hosp,Hapur",PAEDIATRICS,"₹21,63,946*","₹32,000",0,₹0,Info Not Available,2024,-,2593(3),2790(3),-,-,-,-,-,-,2966(3),2966(3),3029(3),-,-,-,-
TN Mgmt PG,TN Mgmt Quota,GEN,Tamil Nadu,"Tagore Med Coll, Chennai",MICROBIOLOGY,"₹4,35,000*","₹35,000*",0,₹0,818,2024,-,-,-,3314(1),-,-,-,-,-,3035(1),3035(1),3035(1),-,-,-,-
UP PG,UP Priv-Open Quota,UR,Uttar Pradesh,"Rama Med Coll, Hapur",OBG,"₹24,75,612*","₹30,000*",Info Not Available,Info not available,1259,2024,-,2283(4),2450(4),-,-,-,-,-,-,2979(4),2979(4),3042(4),-,-,-,-
UP PG,UP Priv-Open Quota,UR,Uttar Pradesh,"Era Lucknow Med Coll, Lucknow",DERMATOLOGY,"₹39,90,000*","₹62,000",0,₹0,850,2024,-,1636(3),1738(3),-,-,-,-,-,-,1671(2),2563(2),3046(2),-,-,-,-
UP PG,UP Priv-Open Quota,UR,Uttar Pradesh,"Prasad Inst of Med Sci,Lucknow",DERMATOLOGY,"₹21,63,946*","₹18,000",0,₹0,410,2024,-,1968(4),2101(4),-,-,-,-,-,-,2423(4),2988(4),3051(4),-,-,-,-
RJSTHN PG,RAJ Priv-All India,GEN,Rajasthan,"MGMC&H, Sitapur, Jaipur",ANAESTHESIOLOGY,"₹20,00,000*","₹55,000",0,₹0,1400,2024,-,2465(5),2585(4),2705(4),-,-,-,-,-,3003(12),3041(14),3060(14),-,-,-,-
UP PG,UP Priv-Open Quota,UR,Uttar Pradesh,"Varun Arjun, Shahjahanpur",DERMATOLOGY,"₹23,38,116*","₹24,000*",1*,"₹10,00,000*",770,2024,-,1974(2),2107(2),-,-,-,-,-,-,2566(3),3010(3),3073(3),-,-,-,-
UP PG,UP Priv-Open Quota,UR,Uttar Pradesh,"Subharti Med Coll, Meerut",ORTHOPAEDICS,"₹14,43,744*","₹30,000*",2*,₹0*,938,2024,-,2389(5),2570(5),-,-,-,-,-,-,3014(4),3354(4),3077(4),-,5752(1),-,-
TN Mgmt PG,TN Mgmt Quota,GEN,Tamil Nadu,"PSG IMS, Coimbatore",BIOCHEMISTRY,"₹4,35,000*","₹25,000*",0,₹0,1130,2024,-,-,-,-,-,-,-,-,-,2698(1),3091(1),3091(1),-,-,-,-
UP PG,UP Priv-Open Quota,UR,Uttar Pradesh,Noida International Inst of MS,GENERAL MEDICINE,"₹22,35,387*","₹30,000",0,₹0,-,2024,-,-,-,-,-,-,-,-,-,-,3053(15),3094(15),-,3320(1),-,-
UP PG,UP Priv-Open Quota,UR,Uttar Pradesh,"Prasad Inst of Med Sci,Lucknow",GENERAL MEDICINE,"₹21,63,946*","₹18,000",0,₹0,410,2024,-,2352(5),2507(5),418(1),-,-,-,-,-,2682(5),2889(5),3099(5),-,-,-,-
UP PG,UP Priv-Open Quota,UR,Uttar Pradesh,"GS Med Coll Hosp,Hapur",ORTHOPAEDICS,"₹21,63,946*","₹32,000",0,₹0,Info Not Available,2024,-,3346(2),3626(2),-,-,-,-,-,-,2385(2),3044(2),3107(2),-,-,-,-
UP PG,UP Priv-Open Quota,UR,Uttar Pradesh,"Krishna Mohan Med Coll,Mathura",DERMATOLOGY,"₹21,63,946*","₹15,000*",0,₹0,700,2024,-,2129(6),2278(6),-,-,-,-,-,-,2703(6),3058(6),3121(6),-,-,-,-
UP PG,UP Priv-Open Quota,UR,Uttar Pradesh,"Venkateshwara IMS, Gajraula",GENERAL MEDICINE,"₹21,63,946*","₹36,000",0,₹0,750,2024,-,2500(10),2691(10),-,-,-,-,-,-,2783(10),3063(10),3126(10),-,-,-,-
UP PG,UP Priv-Open Quota,UR,Uttar Pradesh,"KD Med Coll, Mathura",OBG,"₹21,63,946*","₹32,000",0,₹0,720,2024,-,2239(3),2398(3),-,-,-,-,-,-,2762(3),3084(3),3147(3),-,-,-,-
UP PG,UP Priv-Open Quota,UR,Uttar Pradesh,"IIMSR, Lucknow",DERMATOLOGY,"₹41,95,000*","₹45,000",0,₹0,540,2024,-,2373(2),2553(2),-,-,-,-,-,-,2948(2),3056(2),3160(2),-,5131(1),4939(1),-
RJSTHN PG,RAJ Priv-All India,GEN,Rajasthan,"National IMS&R, Jaipur",DERMATOLOGY,"₹85,00,000*","₹55,200*",0,₹0,1130,2024,-,2209(3),2324(2),2406(1),2273(1),-,-,-,-,3057(2),3147(2),3172(2),-,-,-,-
RJSTHN PG,RAJ Priv-All India,GEN,Rajasthan,"MGMC&H, Sitapur, Jaipur",TBRD,"₹40,00,000*","₹55,000",0,₹0,1400,2024,-,2220(2),2327(2),2410(2),-,-,-,-,-,2656(2),3151(2),3176(2),-,-,-,-
UP PG,UP Priv-Open Quota,UR,Uttar Pradesh,"Mayo IMS, Barabanki",GENERAL MEDICINE,"₹20,30,961*","₹14,000*",1*,₹0*,736,2024,-,2296(4),2464(4),-,-,-,-,-,-,2759(8),3146(8),3211(8),-,3738(1),-,-
UP PG,UP Priv-Open Quota,UR,Uttar Pradesh,"Krishna Mohan Med Coll,Mathura",GENERAL MEDICINE,"₹21,63,946*","₹15,000*",0,₹0,700,2024,-,2466(4),2652(4),-,-,-,-,-,-,2749(4),2997(4),3213(4),-,-,-,-
RJSTHN PG,RAJ Priv-All India,GEN,Rajasthan,"MGMC&H, Sitapur, Jaipur",EMERGENCY MEDICINE,"₹30,00,000*","₹55,000",0,₹0,1400,2024,-,2090(1),2184(1),2242(1),-,-,-,-,-,3151(1),3194(1),3224(1),-,-,-,-
UP PG,UP Priv-Open Quota,UR,Uttar Pradesh,"Prasad Inst of Med Sci,Lucknow",OBG,"₹21,63,946*","₹18,000",0,₹0,410,2024,-,2773(3),2991(3),-,-,-,-,-,-,3167(3),3167(3),3233(3),-,-,-,-
TN Mgmt PG,TN Mgmt Quota,GEN,Tamil Nadu,"Tagore Med Coll, Chennai",PATHOLOGY,"₹4,35,000*","₹35,000*",0,₹0,818,2024,-,1981(2),-,2998(2),3144(1),3541(1),-,-,-,2385(2),2385(2),3246(2),-,-,-,-
RJSTHN PG,RAJ Priv-All India,GEN,Rajasthan,"MGMC&H, Sitapur, Jaipur",PMR,"₹12,00,000*","₹55,000",0,₹0,1400,2024,-,3079(1),-,4244(1),-,-,-,-,-,3178(1),3221(1),3251(1),-,-,-,-
UP PG,UP Priv-Open Quota,UR,Uttar Pradesh,"Hind IMS, Sitapur",OBG,"₹20,40,950*","₹30,000",1*,₹0*,700,2024,-,2435(3),2618(3),-,-,-,-,-,-,2992(3),3187(3),3253(3),-,-,-,-
UP PG,UP Priv-Open Quota,UR,Uttar Pradesh,Muzaffarnagar Medical College,PAEDIATRICS,"₹23,23,197*","₹56,100*",1*,₹0*,857,2024,-,2188(4),2343(4),211(1),242(1),116(1),-,-,-,2361(4),3216(4),3283(4),-,-,-,-
UP PG,UP Priv-Open Quota,UR,Uttar Pradesh,"Rama Med Coll, Kanpur",OBG,"₹25,62,430*","₹30,000",0,₹0,730,2024,-,2410(4),2593(4),-,-,-,-,-,-,3029(4),3219(4),3286(4),-,-,-,-
RJSTHN PG,RAJ Priv-All India,GEN,Rajasthan,"National IMS&R, Jaipur",GENERAL MEDICINE,"₹56,00,000*","₹55,200*",0,₹0,1130,2024,-,2328(12),2494(12),2606(9),-,4246(1),-,-,-,3216(8),3288(7),3325(7),-,-,-,-
MP PG,MP Priv-NonDomicile,UR (Non Domicile),Madhya Pradesh,"Index Med Coll, Indore",ANAESTHESIOLOGY,"₹19,12,000*","₹69,115*",1,"₹10,00,000",1299,2024,-,-,-,-,-,-,-,-,-,-,-,3334(7),-,-,-,-
RJSTHN PG,RAJ Priv-All India,GEN,Rajasthan,"Geetanjali, Udaipur",GENERAL MEDICINE,"₹65,00,000*",Info not available*,0,₹0,1310,2024,-,2511(4),2848(4),3033(4),-,-,-,-,-,3128(3),3299(3),3336(3),-,-,-,-
UP PG,UP Priv-Open Quota,UR,Uttar Pradesh,"Career Instt of MS, Lucknow",DERMATOLOGY,"₹39,90,000*","₹40,000",0,₹0,600,2024,-,2213(1),2370(1),-,-,-,-,-,-,2563(1),3391(1),3336(1),-,-,-,-
RJSTHN PG,RAJ Priv-All India,GEN,Rajasthan,"MGMC&H, Sitapur, Jaipur",ORTHOPAEDICS,"₹48,50,000*","₹55,000",0,₹0,1400,2024,-,1783(2),2027(2),2072(2),-,-,-,-,-,2695(2),3305(2),3342(2),-,-,-,-
UP PG,UP Priv-Open Quota,UR,Uttar Pradesh,"FH Med Coll, Agra",DERMATOLOGY,"₹42,50,000*","₹45,000",0,₹0,932,2024,-,1928(1),2371(1),-,-,-,-,-,-,2930(1),3276(1),3347(1),-,-,-,-
UP PG,UP Priv-Open Quota,UR,Uttar Pradesh,"Saraswati IMS, Hapur",OBG,"₹20,22,143*","₹32,000*",0,₹0,851,2024,-,2112(6),2260(6),-,-,-,-,-,-,2763(6),3072(6),3356(6),-,-,-,-
UP PG,UP Priv-Open Quota,UR,Uttar Pradesh,"Teerthanker Med Coll,Moradabad",OBG,"₹35,10,000*","₹69,600",0,₹0,1000,2024,-,2409(5),2592(5),-,-,-,-,-,-,2924(4),3272(4),3371(5),-,-,-,-
MP PG,MP Priv-NonDomicile,UR (Non Domicile),Madhya Pradesh,"RKDF Medical College, Jatkhedi",ANAESTHESIOLOGY,"₹18,40,000*","₹69,115*",1*,"₹10,00,000*",-,2024,-,-,-,-,-,-,-,-,-,-,-,3374(6),-,-,-,-
UP PG,UP Priv-Open Quota,UR,Uttar Pradesh,"SRMS IMS, Bareilly",PAEDIATRICS,"₹25,09,957*","₹32,000*",1*,₹0*,950,2024,-,2217(6),2374(6),-,-,-,-,-,-,2807(9),3309(9),3380(9),-,4870(1),-,-
UP PG,UP Priv-Open Quota,UR,Uttar Pradesh,"SMSR, Greater Noida",PAEDIATRICS,"₹25,40,649*","₹32,000",0,₹0,1200,2024,-,2151(12),2304(12),-,-,-,-,-,-,2980(12),3317(12),3388(12),-,4588(1),-,-
RJSTHN PG,RAJ Priv-All India,GEN,Rajasthan,Jaipur National Univ IMS,DERMATOLOGY,"₹75,00,000*",Info not available*,0,₹0,810,2024,-,2428(1),2546(1),-,-,-,-,-,-,3306(1),3349(1),3389(1),-,-,-,-
RJSTHN PG,RAJ Priv-All India,GEN,Rajasthan,"National IMS&R, Jaipur",OBG,"₹55,00,000*","₹55,200*",0,₹0,1130,2024,-,2232(5),2346(4),2430(4),-,-,-,-,-,3008(4),3362(4),3403(4),-,-,-,-
UP PG,UP Priv-Open Quota,UR,Uttar Pradesh,Noida International Inst of MS,OBG,"₹22,35,387*","₹30,000",0,₹0,-,2024,-,-,-,-,-,-,-,-,-,-,3339(3),3410(3),-,4087(1),-,-
RJSTHN PG,RAJ Priv-All India,GEN,Rajasthan,Jaipur National Univ IMS,PAEDIATRICS,"₹48,00,000*",Info not available*,0,₹0,810,2024,-,2725(1),2864(1),3054(1),-,-,-,-,-,3007(1),3377(1),3419(1),-,-,-,-
RJSTHN PG,RAJ Priv-Mgmt Quota,GEN,Rajasthan,"MGMC&H, Sitapur, Jaipur",TBRD,"₹56,00,000*","₹55,000",0,₹0,1400,2024,-,2224(1),2396(1),2490(1),-,-,-,-,-,3337(1),3384(1),3426(1),-,-,-,-
UP PG,UP Priv-Open Quota,UR,Uttar Pradesh,"Teerthanker Med Coll,Moradabad",GENERAL MEDICINE,"₹39,90,000*","₹69,600",0,₹0,1000,2024,-,2382(8),2711(8),214(1),322(1),-,-,-,-,2902(12),3357(12),3429(12),-,4839(1),-,-
UP PG,UP Priv-Open Quota,UR,Uttar Pradesh,"Subharti Med Coll, Meerut",PSYCHIATRY,"₹14,43,744*","₹30,000*",2*,₹0*,938,2024,-,3551(3),3850(3),-,-,-,-,-,-,2133(2),3363(2),3437(2),-,7222(2),-,-
RJSTHN PG,RAJ Priv-All India,GEN,Rajasthan,"National IMS&R, Jaipur",RADIO DIAGNOSIS,"₹85,00,000*","₹55,200*",0,₹0,1130,2024,-,2418(5),2535(5),2651(5),-,-,-,-,-,3268(7),3401(7),3444(7),-,-,-,-
UP PG,UP Priv-Open Quota,UR,Uttar Pradesh,"Mayo IMS, Barabanki",OBG,"₹20,30,961*","₹14,000*",1*,₹0*,736,2024,-,2490(2),2680(2),-,-,-,-,-,-,3257(6),3531(6),3497(6),-,4161(1),-,-
UP PG,UP Priv-Open Quota,UR,Uttar Pradesh,"Hind IMS, Barabanki",PAEDIATRICS,"₹25,24,901*","₹35,000",1*,₹0*,580,2024,-,2589(3),2698(3),-,-,-,-,-,-,3071(3),3420(3),3502(3),-,-,-,-
UP PG,UP Priv-Open Quota,UR,Uttar Pradesh,"Varun Arjun, Shahjahanpur",GENERAL MEDICINE,"₹23,38,116*","₹24,000*",1,"₹7,50,000",770,2024,-,2429(5),2612(5),-,-,-,-,-,-,2706(5),3169(5),3506(10),-,-,-,-
UP PG,UP Priv-Open Quota,UR,Uttar Pradesh,"Rajshree MRI, Bareilly",GENERAL MEDICINE,"₹24,89,880*","₹32,000",1*,₹0*,740,2024,-,2260(6),2423(6),-,-,-,-,-,-,2691(9),3038(9),3510(9),-,4348(2),-,-
RJSTHN PG,RAJ Priv-All India,GEN,Rajasthan,"Geetanjali, Udaipur",FORENSIC MEDICINE,"₹6,00,000*",Info not available*,0,₹0,1310,2024,-,-,-,6013(1),-,-,-,-,-,-,-,3515(1),-,-,-,-
RJSTHN PG,RAJ Priv-All India,GEN,Rajasthan,"National IMS&R, Jaipur",TBRD,"₹45,00,000*","₹55,200*",0,₹0,1130,2024,-,2375(1),2765(1),2923(1),-,-,-,-,-,3273(3),3479(3),3525(3),-,-,-,-
UP PG,UP Priv-Open Quota,UR,Uttar Pradesh,"TS Misra Med Coll, Lucknow",OBG,"₹21,63,946*","₹30,000",0,₹0,735,2024,-,2702(6),2916(6),-,-,-,-,-,-,3161(6),3450(6),3530(6),-,-,-,-
UP PG,UP Priv-Open Quota,UR,Uttar Pradesh,"KD Med Coll, Mathura",PAEDIATRICS,"₹21,63,946*","₹32,000",0,₹0,720,2024,-,2420(2),2603(2),-,-,-,-,-,-,2886(2),3422(2),3537(2),-,-,-,-
RJSTHN PG,RAJ Priv-All India,GEN,Rajasthan,"MGMC&H, Sitapur, Jaipur",PALLIATIVE MEDICINE,"₹15,00,000*","₹55,000",0,₹0,1400,2024,-,-,-,-,-,-,-,-,-,3455(2),3510(2),3556(2),-,-,-,-
UP PG,UP Priv-Open Quota,UR,Uttar Pradesh,"Subharti Med Coll, Meerut",PAEDIATRICS,"₹14,43,744*","₹30,000*",2*,₹0*,938,2024,-,1905(3),2034(3),-,-,-,-,-,-,2346(3),2346(3),3563(4),-,4223(1),-,-
TN Mgmt PG,TN Mgmt Quota,GEN,Tamil Nadu,"Karpagam Faculty, Coimbatore",PATHOLOGY,"₹4,35,000*","₹38,000*",0,₹0,675,2024,-,-,2920(1),2920(1),-,-,-,-,-,-,-,3565(1),-,-,-,-
TN Mgmt PG,TN Mgmt Quota,GEN,Tamil Nadu,"KarpagaVinayaga,Maduranthagam",PATHOLOGY,"₹4,35,000*","₹10,000*",0,₹0,550,2024,-,2182(1),-,3027(1),-,-,-,-,-,2092(1),2728(1),3614(1),-,-,-,-
UP PG,UP Priv-Open Quota,UR,Uttar Pradesh,"Saraswati IMS, Hapur",PAEDIATRICS,"₹20,22,143*","₹32,000*",0,₹0,851,2024,-,2295(8),2463(8),-,-,-,-,-,-,3156(8),3438(8),3615(8),-,-,-,-
UP PG,UP Priv-Open Quota,UR,Uttar Pradesh,"Rohilkhand Med Coll, Bareilly",GENERAL MEDICINE,"₹29,09,009*","₹24,000*",1,"₹7,50,000",720,2024,-,2351(17),2528(17),484(6),316(4),111(1),-,-,-,2517(17),2955(17),3616(17),-,4699(3),-,-
RJSTHN PG,RAJ Priv-Mgmt Quota,GEN,Rajasthan,"MGMC&H, Sitapur, Jaipur",PSYCHIATRY,"₹59,00,000*","₹55,000",0,₹0,1400,2024,-,2795(1),-,2411(1),-,-,-,-,-,3434(1),3570(1),3622(1),-,-,-,-
RJSTHN PG,RAJ Priv-Mgmt Quota,GEN,Rajasthan,"MGMC&H, Sitapur, Jaipur",PAEDIATRICS,"₹60,00,000*","₹55,000",0,₹0,1400,2024,-,2318(2),2565(1),2684(2),-,-,-,-,-,3512(2),3571(2),3623(2),-,-,-,-
TN Mgmt PG,TN Mgmt Quota,GEN,Tamil Nadu,"St. Peters Medical Coll, Hosur",PATHOLOGY,"₹4,35,000*",Info not available,Info Not Available,Info not available,-,2024,-,-,-,-,-,-,-,-,-,-,-,3637(1),-,-,-,-
MP PG,MP Priv-NonDomicile,UR (Non Domicile),Madhya Pradesh,"RKDF Medical College, Jatkhedi",SPM,"₹11,00,000*","₹69,115*",1*,"₹10,00,000*",-,2024,-,-,-,-,-,-,-,-,-,-,-,3639(1),-,-,-,-
UP PG,UP Priv-Open Quota,UR,Uttar Pradesh,Muzaffarnagar Medical College,TBRD,"₹23,23,197*","₹56,100*",1*,₹0*,857,2024,-,2493(2),2683(2),-,-,-,-,-,-,2889(2),3555(2),3642(2),-,-,-,-
RJSTHN PG,RAJ Priv-All India,GEN,Rajasthan,"American Intl IMS, Bedwas",OPHTHALMOLOGY,"₹32,55,000*","₹20,000",0,₹0,700,2024,-,2900(1),3042(1),3292(1),-,-,-,-,-,2541(1),3591(1),3644(1),-,-,-,-
UP PG,UP Priv-Open Quota,UR,Uttar Pradesh,"Heritage IMS, Varanasi",PAEDIATRICS,"₹21,12,517*","₹21,000",0,₹0,735,2024,-,2450(3),2633(3),-,-,-,-,-,-,2988(3),3563(3),3650(3),-,-,-,-
TN Mgmt PG,TN Mgmt Quota,GEN,Tamil Nadu,Melmaruvathur Adiparasakthi,SPM,"₹4,35,000*","₹35,000*",0,₹0,700,2024,-,2884(1),2884(1),2884(1),-,-,-,-,-,3005(1),2559(1),3666(1),-,-,-,-
UP PG,UP Priv-Open Quota,UR,Uttar Pradesh,"SRMS IMS, Bareilly",ORTHOPAEDICS,"₹25,09,957*","₹32,000*",1*,₹0*,950,2024,-,2815(6),3036(6),-,-,-,-,-,-,3179(6),3584(6),3671(6),-,-,-,-
UP PG,UP Priv-Open Quota,UR,Uttar Pradesh,"Venkateshwara IMS, Gajraula",OBG,"₹21,63,946*","₹36,000",0,₹0,750,2024,-,2852(6),3078(6),-,-,-,-,-,-,3502(6),3585(6),3672(6),-,-,-,-
UP PG,UP Priv-Open Quota,UR,Uttar Pradesh,"SRMS IMS, Bareilly",TBRD,"₹25,09,957*","₹32,000*",1*,₹0*,950,2024,-,2569(3),2075(3),672(2),-,-,-,-,-,3172(5),3501(5),3678(5),-,-,-,-
RJSTHN PG,RAJ Priv-All India,GEN,Rajasthan,"MGMC&H, Sitapur, Jaipur",OPHTHALMOLOGY,"₹47,50,000*","₹55,000",0,₹0,1400,2024,-,2149(1),1676(1),1705(1),-,-,-,-,-,3485(2),3630(2),3686(2),-,-,-,-
TN Mgmt PG,TN Mgmt Quota,GEN,Tamil Nadu,"Dhanalakshmi Srin, Perambalur",BIOCHEMISTRY,"₹4,35,000*","₹35,000*",0,₹0,800,2024,-,-,-,3985(1),-,-,-,-,-,3688(1),3688(1),3688(1),-,-,-,-
UP PG,UP Priv-Open Quota,UR,Uttar Pradesh,"Rama Med Coll, Kanpur",PAEDIATRICS,"₹25,62,430*","₹30,000",0,₹0,730,2024,-,2353(2),2530(2),-,-,-,-,-,-,3150(2),3602(2),3690(2),-,-,-,-
RJSTHN PG,RAJ Priv-All India,GEN,Rajasthan,"MGMC&H, Sitapur, Jaipur",GENERAL SURGERY,"₹45,00,000*","₹55,000",0,₹0,1400,2024,-,2387(1),2594(2),2714(2),-,-,-,-,-,3679(5),3651(5),3707(4),-,-,-,-
RJSTHN PG,RAJ Priv-All India,GEN,Rajasthan,"Geetanjali, Udaipur",OBG,"₹65,00,000*",Info not available*,0,₹0,1310,2024,-,2409(2),2677(2),2813(2),-,-,-,-,-,3587(2),3665(2),3721(2),-,-,-,-
TN Mgmt PG,TN Mgmt Quota,GEN,Tamil Nadu,"PSG IMS, Coimbatore",PHARMACOLOGY,"₹4,35,000*","₹25,000*",0,₹0,1130,2024,-,1915(1),2903(1),2903(1),-,-,-,-,-,2605(1),1902(1),3722(1),-,-,-,-
RJSTHN PG,RAJ Priv-All India,GEN,Rajasthan,"National IMS&R, Jaipur",PAEDIATRICS,"₹40,00,000*","₹55,200*",0,₹0,1130,2024,-,2515(6),2782(6),2946(6),-,-,-,-,-,3120(9),3669(9),3727(9),-,-,-,-
TN Mgmt PG,TN Mgmt Quota,GEN,Tamil Nadu,"Dhanalakshmi Srin, Perambalur",PATHOLOGY,"₹4,35,000*","₹35,000*",0,₹0,800,2024,-,2533(1),2558(2),2558(2),-,-,-,-,-,1668(1),1565(1),3740(1),-,-,-,-
UP PG,UP Priv-Open Quota,UR,Uttar Pradesh,"Hind IMS, Sitapur",PAEDIATRICS,"₹20,40,950*","₹30,000",1*,₹0*,700,2024,-,2781(5),3000(5),-,-,-,-,-,-,2938(1),3660(1),3746(1),-,-,-,-
TN Mgmt PG,TN Mgmt Quota,GEN,Tamil Nadu,Melmaruvathur Adiparasakthi,MICROBIOLOGY,"₹4,35,000*","₹35,000*",0,₹0,700,2024,-,-,-,3331(1),-,-,-,-,-,3759(1),3759(1),3759(1),-,-,-,-
MP PG,MP Priv-NonDomicile,UR (Non Domicile),Madhya Pradesh,"RKDF Medical College, Jatkhedi",BIOCHEMISTRY,"₹11,00,000*","₹69,115*",1*,"₹10,00,000*",-,2024,-,-,-,4627(1),-,-,-,-,-,-,-,3770(2),-,-,-,-
MP PG,MP Priv-NonDomicile,UR (Non Domicile),Madhya Pradesh,"Index Med Coll, Indore",PATHOLOGY,"₹9,44,300*","₹69,115*",1,"₹10,00,000",1299,2024,-,-,-,-,-,-,-,-,-,-,-,3772(1),-,-,-,-
RJSTHN PG,RAJ Priv-All India,GEN,Rajasthan,Jaipur National Univ IMS,PSYCHIATRY,"₹34,00,000*",Info not available*,0,₹0,810,2024,-,2879(1),-,3482(1),-,-,-,-,-,3400(1),3730(1),3792(1),-,-,-,-
RJSTHN PG,RAJ Priv-All India,GEN,Rajasthan,"Ananta IMS & RC, Rajsamand",PSYCHIATRY,"₹32,55,000*","₹25,000",0,₹0,775,2024,-,2939(1),-,3613(1),-,-,-,-,-,3677(1),3745(1),3810(1),-,-,-,-
UP PG,UP Priv-Open Quota,UR,Uttar Pradesh,"Subharti Med Coll, Meerut",TBRD,"₹14,43,744*","₹30,000*",2*,₹0*,938,2024,-,2609(3),2811(3),-,-,-,-,-,-,2900(2),3612(2),3815(3),-,-,-,-
RJSTHN PG,RAJ Priv-All India,GEN,Rajasthan,"National IMS&R, Jaipur",ENT,"₹22,00,000*","₹55,200*",0,₹0,1130,2024,-,2454(2),2574(1),2693(1),-,-,-,-,-,3685(4),3754(4),3820(4),-,-,-,-
TN Mgmt PG,TN Mgmt Quota,GEN,Tamil Nadu,"PSG IMS, Coimbatore",MICROBIOLOGY,"₹4,35,000*","₹25,000*",0,₹0,1130,2024,-,2792(2),2792(2),2792(2),-,-,-,-,-,2731(2),2434(2),3829(2),-,-,-,-
TN Mgmt PG,TN Mgmt Quota,GEN,Tamil Nadu,Melmaruvathur Adiparasakthi,PATHOLOGY,"₹4,35,000*","₹35,000*",0,₹0,700,2024,-,2682(1),1835(1),1835(1),-,-,-,-,-,2147(2),2147(2),3838(2),-,-,-,-
RJSTHN PG,RAJ Priv-Mgmt Quota,GEN,Rajasthan,"MGMC&H, Sitapur, Jaipur",OPHTHALMOLOGY,"₹56,00,000*","₹55,000",0,₹0,1400,2024,-,2807(1),2973(1),3199(1),-,-,-,-,-,-,3774(1),3841(1),-,-,-,-
RJSTHN PG,RAJ Priv-Mgmt Quota,GEN,Rajasthan,Jaipur National Univ IMS,GENERAL MEDICINE,"₹70,00,000*",Info not available*,0,₹0,810,2024,-,2569(2),2703(2),2846(2),-,-,-,-,-,3936(2),3793(2),3861(2),-,-,-,-
TN Mgmt PG,TN Mgmt Quota,GEN,Tamil Nadu,"Dhanalakshmi Srin, Perambalur",PHARMACOLOGY,"₹4,35,000*","₹35,000*",0,₹0,800,2024,-,-,-,3542(1),-,-,-,-,-,3863(1),3863(1),3863(1),-,-,-,-
TN Mgmt PG,TN Mgmt Quota,GEN,Tamil Nadu,"Velammal Med Col, Madurai",MICROBIOLOGY,"₹4,35,000*","₹37,000*",0,₹0,1024,2024,-,2814(2),2816(1),2816(2),-,-,-,-,-,3872(2),3872(2),3872(2),-,-,-,-
RJSTHN PG,RAJ Priv-Mgmt Quota,GEN,Rajasthan,"National IMS&R, Jaipur",OBG,"₹65,00,000*","₹55,200*",0,₹0,1130,2024,-,-,-,-,-,-,-,-,-,3609(3),3807(3),3876(3),-,-,-,-
UP PG,UP Priv-Open Quota,UR,Uttar Pradesh,"SMSR, Greater Noida",PSYCHIATRY,"₹25,40,649*","₹32,000",0,₹0,1200,2024,-,2637(3),2845(3),-,-,-,-,-,-,3413(3),3783(3),3878(3),-,-,-,-
RJSTHN PG,RAJ Priv-Mgmt Quota,GEN,Rajasthan,Jaipur National Univ IMS,PAEDIATRICS,"₹59,00,000*",Info not available*,0,₹0,810,2024,-,2934(2),3061(2),3333(2),-,-,-,-,-,3742(2),4290(2),3882(2),-,-,-,-
UP PG,UP Priv-Open Quota,UR,Uttar Pradesh,"IIMSR, Lucknow",PSYCHIATRY,"₹25,00,000*","₹40,800",0,₹0,540,2024,-,-,-,-,-,-,-,-,-,5239(1),3789(1),3884(1),-,-,-,-
UP PG,UP Priv-Open Quota,UR,Uttar Pradesh,"Era Lucknow Med Coll, Lucknow",PSYCHIATRY,"₹25,10,000*","₹62,000",0,₹0,850,2024,-,2884(2),3116(2),-,-,-,-,-,-,3363(1),3959(1),3885(1),-,-,-,-
TN Mgmt PG,TN Mgmt Quota,GEN,Tamil Nadu,"St. Peters Medical Coll, Hosur",MICROBIOLOGY,"₹4,35,000*",Info not available,Info Not Available,Info not available,-,2024,-,-,-,-,-,-,-,-,-,-,-,3893(1),-,4587(1),-,-
UP PG,UP Priv-Open Quota,UR,Uttar Pradesh,"Era Lucknow Med Coll, Lucknow",OBG,"₹39,80,000*","₹62,000",0,₹0,850,2024,-,2987(5),3158(5),-,-,-,-,-,-,3183(5),3627(5),3895(5),-,-,-,-
UP PG,UP Priv-Open Quota,UR,Uttar Pradesh,"Krishna Mohan Med Coll,Mathura",OBG,"₹21,63,946*","₹15,000*",0,₹0,700,2024,-,2785(4),3004(4),-,-,-,-,-,-,3381(4),3816(4),3912(4),-,-,-,-
UP PG,UP Priv-Open Quota,UR,Uttar Pradesh,"Venkateshwara IMS, Gajraula",PAEDIATRICS,"₹21,63,946*","₹36,000",0,₹0,750,2024,-,3244(6),3514(6),-,-,-,-,-,-,3660(6),3821(6),3917(6),-,-,-,-
RJSTHN PG,RAJ Priv-Mgmt Quota,GEN,Rajasthan,"American Intl IMS, Bedwas",OBG,"₹70,00,000*","₹20,000",0,₹0,700,2024,-,-,-,2141(1),-,-,-,-,-,3774(1),3853(1),3925(1),-,-,-,-
TN Mgmt PG,TN Mgmt Quota,GEN,Tamil Nadu,"St. Peters Medical Coll, Hosur",SPM,"₹4,35,000*",Info not available,Info Not Available,Info not available,-,2024,-,-,-,-,-,-,-,-,-,-,-,3926(1),-,4336(1),4461(1),-
RJSTHN PG,RAJ Priv-All India,GEN,Rajasthan,Jaipur National Univ IMS,ORTHOPAEDICS,"₹51,00,000*",Info not available*,0,₹0,810,2024,-,2926(1),-,-,-,-,-,-,-,3775(1),3858(1),3931(1),-,-,-,-
UP PG,UP Priv-Open Quota,UR,Uttar Pradesh,"SMSR, Greater Noida",ORTHOPAEDICS,"₹25,40,649*","₹32,000",0,₹0,1200,2024,-,2876(6),3107(6),-,-,-,-,-,-,2918(5),3861(5),3957(5),-,-,-,-
TN Mgmt PG,TN Mgmt Quota,GEN,Tamil Nadu,"Dhanalakshmi Srin, Perambalur",ANATOMY,"₹4,35,000*","₹35,000*",0,₹0,800,2024,-,-,-,3864(1),-,-,-,-,-,-,-,3970(1),-,-,-,-
UP PG,UP Priv-Open Quota,UR,Uttar Pradesh,"TS Misra Med Coll, Lucknow",PAEDIATRICS,"₹21,63,946*","₹30,000",0,₹0,735,2024,-,2871(6),3102(6),485(1),-,-,-,-,-,3343(6),3874(6),3972(6),-,-,-,-
RJSTHN PG,RAJ Priv-Mgmt Quota,GEN,Rajasthan,Jaipur National Univ IMS,OBG,"₹65,00,000*",Info not available*,0,₹0,810,2024,-,2869(2),3040(2),3290(2),-,-,-,-,-,3782(2),3900(2),3979(2),-,-,-,-
RJSTHN PG,RAJ Priv-All India,GEN,Rajasthan,"Geetanjali, Udaipur",PAEDIATRICS,"₹55,00,000*",Info not available*,0,₹0,1310,2024,-,2874(3),2983(3),3212(3),-,-,-,-,-,3451(2),3904(3),3983(3),-,-,-,-
UP PG,UP Priv-Open Quota,UR,Uttar Pradesh,"Varun Arjun, Shahjahanpur",OBG,"₹23,38,116*","₹24,000*",1,"₹10,00,000",770,2024,-,2797(6),3018(6),-,-,-,-,-,-,3611(6),3888(6),3988(6),-,-,-,-
RJSTHN PG,RAJ Priv-All India,GEN,Rajasthan,"MGMC&H, Sitapur, Jaipur",IHBT,"₹9,50,000*","₹55,000",0,₹0,1400,2024,-,-,-,4236(1),-,-,-,-,-,-,-,3992(1),-,-,-,-
UP PG,UP Priv-Open Quota,UR,Uttar Pradesh,"SMSR, Greater Noida",TBRD,"₹25,40,649*","₹32,000",0,₹0,1200,2024,-,2690(3),2902(3),-,-,-,-,-,-,2665(3),2846(3),3994(3),-,5264(1),-,-
TN Mgmt PG,TN Mgmt Quota,GEN,Tamil Nadu,"KarpagaVinayaga,Maduranthagam",SPM,"₹4,35,000*","₹10,000*",0,₹0,550,2024,-,1783(1),-,3411(1),-,-,-,-,-,3109(1),2731(1),4006(1),-,-,-,-
UP PG,UP Priv-Open Quota,UR,Uttar Pradesh,"Rohilkhand Med Coll, Bareilly",OBG,"₹29,09,009*","₹24,000*",1,"₹15,00,000",720,2024,-,2612(16),2815(16),337(2),293(3),-,-,-,-,3339(16),3838(16),4012(16),-,4622(2),-,-
UP PG,UP Priv-Open Quota,UR,Uttar Pradesh,"Rajshree MRI, Bareilly",OBG,"₹24,89,880*","₹32,000",1*,₹0*,740,2024,-,2518(3),2712(3),-,-,-,-,-,-,3488(7),3920(7),4020(7),-,-,-,-
RJSTHN PG,RAJ Priv-All India,GEN,Rajasthan,"Geetanjali, Udaipur",PSYCHIATRY,"₹45,00,000*",Info not available*,0,₹0,1310,2024,-,2182(1),2284(1),2361(1),-,-,-,-,-,2645(1),3935(1),4024(1),-,-,-,-
TN Mgmt PG,TN Mgmt Quota,GEN,Tamil Nadu,"Dhanalakshmi Srin, Perambalur",MICROBIOLOGY,"₹4,35,000*","₹35,000*",0,₹0,800,2024,-,2607(1),-,3586(1),-,-,-,-,-,3091(1),2898(1),4035(1),-,-,-,-
RJSTHN PG,RAJ Priv-All India,GEN,Rajasthan,"American Intl IMS, Bedwas",GENERAL SURGERY,"₹32,55,000*","₹20,000",0,₹0,700,2024,-,2918(3),3099(3),3396(3),-,-,-,-,-,3678(3),3950(3),4043(3),-,-,-,-
RJSTHN PG,RAJ Priv-All India,GEN,Rajasthan,"National IMS&R, Jaipur",ORTHOPAEDICS,"₹45,00,000*","₹55,200*",0,₹0,1130,2024,-,2716(4),3008(4),3326(4),-,-,-,-,-,3833(6),3954(6),4047(6),-,-,-,-
UP PG,UP Priv-Open Quota,UR,Uttar Pradesh,"Career Instt of MS, Lucknow",OBG,"₹39,90,000*","₹40,000",0,₹0,600,2024,-,3697(1),2515(1),-,-,-,-,-,-,3919(1),3950(1),4050(1),-,-,-,-
UP PG,UP Priv-Open Quota,UR,Uttar Pradesh,"Teerthanker Med Coll,Moradabad",PSYCHIATRY,"₹23,40,000*","₹69,600",0,₹0,1000,2024,-,2658(2),2868(2),-,-,-,-,-,-,3273(2),3685(2),4059(2),-,-,-,-
UP PG,UP Priv-Open Quota,UR,Uttar Pradesh,"Prasad Inst of Med Sci,Lucknow",PAEDIATRICS,"₹21,63,946*","₹18,000",0,₹0,410,2024,-,2928(3),3164(3),603(1),-,-,-,-,-,3527(3),3964(3),4063(3),-,-,-,-
RJSTHN PG,RAJ Priv-All India,GEN,Rajasthan,"National IMS&R, Jaipur",OPHTHALMOLOGY,"₹40,00,000*","₹55,200*",0,₹0,1130,2024,-,2622(4),3078(2),3335(4),-,-,-,-,-,3899(4),3972(4),4067(3),-,-,-,-
UP PG,UP Priv-Open Quota,UR,Uttar Pradesh,"Era Lucknow Med Coll, Lucknow",GENERAL MEDICINE,"₹39,60,000*","₹62,000",0,₹0,850,2024,-,2462(7),2648(7),515(1),290(1),-,-,-,-,2694(7),3572(7),4082(7),-,-,-,-
UP PG,UP Priv-Open Quota,UR,Uttar Pradesh,"Rama Med Coll, Hapur",PAEDIATRICS,"₹24,75,612*","₹30,000*",Info Not Available,Info not available,1259,2024,-,2524(3),2718(3),-,-,-,-,-,-,3216(3),3618(3),4086(3),-,-,-,-
TN Mgmt PG,TN Mgmt Quota,GEN,Tamil Nadu,"KarpagaVinayaga,Maduranthagam",MICROBIOLOGY,"₹4,35,000*","₹10,000*",0,₹0,550,2024,-,3019(1),-,3445(1),3763(1),-,-,-,-,3370(1),3001(1),4091(1),-,-,-,-
MP PG,MP Priv-NonDomicile,UR (Non Domicile),Madhya Pradesh,"Aurobindo Med Coll, Indore",FORENSIC MEDICINE,"₹97,800*","₹69,115*",1,"₹10,00,000",1230,2024,-,-,-,-,-,-,-,-,-,-,-,4092(1),-,-,-,-
UP PG,UP Priv-Open Quota,UR,Uttar Pradesh,"Teerthanker Med Coll,Moradabad",TBRD,"₹27,00,000*","₹69,600",0,₹0,1000,2024,-,2915(2),3151(2),-,-,-,-,-,-,3061(2),3591(2),4094(2),-,-,-,-
UP PG,UP Priv-Open Quota,UR,Uttar Pradesh,"KD Med Coll, Mathura",TBRD,"₹21,63,946*","₹32,000",0,₹0,720,2024,-,2926(2),3162(2),-,-,-,-,-,-,3825(2),4010(2),4111(2),-,-,-,-
TN Mgmt PG,TN Mgmt Quota,GEN,Tamil Nadu,"Tagore Med Coll, Chennai",SPM,"₹4,35,000*","₹35,000*",0,₹0,818,2024,-,2558(2),-,3337(2),2378(1),-,-,-,-,3283(2),3283(2),4116(2),-,-,-,-
UP PG,UP Priv-Open Quota,UR,Uttar Pradesh,"KD Med Coll, Mathura",ORTHOPAEDICS,"₹21,63,946*","₹32,000",0,₹0,720,2024,-,3406(5),3690(5),-,-,-,-,-,-,3865(5),4015(5),4116(5),-,-,-,-
RJSTHN PG,RAJ Priv-All India,GEN,Rajasthan,"Geetanjali, Udaipur",DERMATOLOGY,"₹84,00,000*",Info not available*,0,₹0,1310,2024,-,-,1664(1),2351(1),-,-,-,-,-,1785(1),-,4116(1),-,4312(1),-,-
MP PG,MP Priv-NonDomicile,UR (Non Domicile),Madhya Pradesh,"Aurobindo Med Coll, Indore",PATHOLOGY,"₹10,00,000*","₹69,115*",1,"₹10,00,000",1230,2024,-,-,-,-,-,-,-,-,-,-,-,4129(4),-,-,-,-
RJSTHN PG,RAJ Priv-All India,GEN,Rajasthan,"PMCH(Pacific), Udaipur",OPHTHALMOLOGY,"₹50,00,000*",₹0*,0,₹0,Info Not Available,2024,-,-,-,4776(2),-,-,-,-,-,3950(1),4027(1),4132(1),-,-,-,-
TN Mgmt PG,TN Mgmt Quota,GEN,Tamil Nadu,"Trichy SRM Med Coll, Trichy",SPM,"₹4,35,000*","₹35,000*",0,₹0,1575,2024,-,-,-,2988(1),3245(2),3126(1),-,-,-,2550(1),2579(1),4135(1),-,-,-,-
RJSTHN PG,RAJ Priv-Mgmt Quota,GEN,Rajasthan,"American Intl IMS, Bedwas",PAEDIATRICS,"₹65,00,000*","₹20,000",0,₹0,700,2024,-,-,-,3946(1),-,-,-,-,-,-,4042(1),4150(1),-,-,-,-
UP PG,UP Priv-Open Quota,UR,Uttar Pradesh,"SRMS IMS, Bareilly",RADIATION ONCOLOGY,"₹16,00,000*","₹32,000*",1*,₹0*,950,2024,-,4338(4),4869(4),975(1),627(1),-,-,-,-,4053(4),4053(4),4156(4),-,-,-,-
RJSTHN PG,RAJ Priv-Mgmt Quota,GEN,Rajasthan,"Geetanjali, Udaipur",GENERAL MEDICINE,"₹81,25,000*",Info not available*,0,₹0,1310,2024,-,2843(1),3013(1),3253(3),3360(1),-,-,-,-,3518(1),4065(3),4182(4),-,5127(1),-,-
MP PG,MP Priv-NonDomicile,UR (Non Domicile),Madhya Pradesh,"Aurobindo Med Coll, Indore",SPM,"₹97,800*","₹69,115*",1,"₹10,00,000",1230,2024,-,-,-,-,-,-,-,-,-,-,-,4185(2),-,-,-,-
TN Mgmt PG,TN Mgmt Quota,GEN,Tamil Nadu,"Dhanalakshmi Srin, Perambalur",SPM,"₹4,35,000*","₹35,000*",0,₹0,800,2024,-,2593(2),-,3478(2),3268(1),-,-,-,-,2900(2),3354(2),4212(2),-,4290(1),-,-
RJSTHN PG,RAJ Priv-All India,GEN,Rajasthan,"American Intl IMS, Bedwas",PSYCHIATRY,"₹32,55,000*","₹20,000",0,₹0,700,2024,-,3101(2),-,3620(2),-,-,-,-,-,3952(2),4090(2),4214(2),-,-,-,-
MP PG,MP Priv-NonDomicile,UR (Non Domicile),Madhya Pradesh,"RKDF Medical College, Jatkhedi",PATHOLOGY,"₹8,50,000*","₹69,115*",1*,"₹10,00,000*",-,2024,-,-,-,-,-,-,-,-,-,-,-,4225(1),-,-,-,-
RJSTHN PG,RAJ Priv-All India,GEN,Rajasthan,"National IMS&R, Jaipur",SPM,"₹20,000*","₹50,000",0,₹0,1130,2024,-,-,-,-,-,-,-,-,-,-,4101(1),4227(1),-,-,-,-
TN Mgmt PG,TN Mgmt Quota,GEN,Tamil Nadu,"Karpagam Faculty, Coimbatore",MICROBIOLOGY,"₹4,35,000*","₹38,000*",0,₹0,675,2024,-,-,-,3240(1),3931(1),-,-,-,-,-,-,4235(1),-,-,-,-
RJSTHN PG,RAJ Priv-All India,GEN,Rajasthan,"National IMS&R, Jaipur",EMERGENCY MEDICINE,"₹30,00,000*","₹55,200*",0,₹0,1130,2024,-,2176(1),2278(1),2353(1),-,-,-,-,-,4027(2),4109(2),4236(2),-,-,-,-
UP PG,UP Priv-Open Quota,UR,Uttar Pradesh,"GS Med Coll Hosp,Hapur",TBRD,"₹21,63,946*","₹32,000",0,₹0,Info Not Available,2024,-,3297(2),3572(2),909(1),-,-,-,-,-,3903(2),4142(2),4246(2),-,-,-,-
TN Mgmt PG,TN Mgmt Quota,GEN,Tamil Nadu,"Arunai Med Coll,Thiruvannamalai",SPM,"₹4,35,000*",Info not available,0,₹0,-,2024,-,-,-,-,-,-,-,-,-,3453(1),-,4247(1),-,-,-,-
RJSTHN PG,RAJ Priv-All India,GEN,Rajasthan,"MGMC&H, Sitapur, Jaipur",PATHOLOGY,"₹15,00,000*","₹55,000",0,₹0,1400,2024,-,2989(3),3177(3),3465(4),-,-,-,-,-,4038(5),4120(5),4250(4),-,-,-,-
RJSTHN PG,RAJ Priv-All India,GEN,Rajasthan,"Ananta IMS & RC, Rajsamand",GENERAL SURGERY,"₹32,55,000*","₹25,000",0,₹0,775,2024,-,2993(5),3275(3),3755(5),-,-,-,-,-,4047(5),4129(5),4259(5),-,-,-,-
RJSTHN PG,RAJ Priv-All India,GEN,Rajasthan,Jaipur National Univ IMS,TBRD,"₹43,00,000*",Info not available*,0,₹0,810,2024,-,2723(1),2876(1),3073(1),-,-,-,-,-,3426(1),4130(1),4260(1),-,-,-,-
UP PG,UP Priv-Open Quota,UR,Uttar Pradesh,Muzaffarnagar Medical College,OPHTHALMOLOGY,"₹23,23,197*","₹56,100*",1*,₹0*,857,2024,-,3352(4),3848(4),-,-,-,-,-,-,4042(4),4163(4),4268(4),-,-,-,-
UP PG,UP Priv-Open Quota,UR,Uttar Pradesh,"IIMSR, Lucknow",OBG,"₹39,95,000*","₹40,800",0,₹0,540,2024,-,2885(1),3117(1),-,-,-,-,-,-,3828(3),4136(3),4269(3),-,-,-,-
RJSTHN PG,RAJ Priv-All India,GEN,Rajasthan,"National IMS&R, Jaipur",PSYCHIATRY,"₹35,00,000*","₹55,200*",0,₹0,1130,2024,-,2546(2),3053(2),3307(2),-,-,-,-,-,4057(4),4141(4),4283(4),-,-,-,-
UP PG,UP Priv-Open Quota,UR,Uttar Pradesh,"Heritage IMS, Varanasi",TBRD,"₹21,12,517*","₹21,000",0,₹0,735,2024,-,3411(3),3696(3),-,-,-,-,-,-,3372(3),4181(3),4287(3),-,-,-,-
UP PG,UP Priv-Open Quota,UR,Uttar Pradesh,Noida International Inst of MS,PAEDIATRICS,"₹22,35,387*","₹30,000",0,₹0,-,2024,-,-,-,-,-,-,-,-,-,-,4186(9),4292(9),-,-,-,-
RJSTHN PG,RAJ Priv-Mgmt Quota,GEN,Rajasthan,"National IMS&R, Jaipur",GENERAL MEDICINE,"₹75,00,000*","₹55,200*",0,₹0,1130,2024,-,-,-,-,-,-,-,-,-,3977(4),4161(4),4298(4),-,-,-,-
UP PG,UP Priv-Open Quota,UR,Uttar Pradesh,"IIMSR, Lucknow",GENERAL MEDICINE,"₹39,95,000*","₹40,800",0,₹0,540,2024,-,2543(2),2737(2),693(1),330(1),-,-,-,-,2952(2),3907(2),4310(2),-,-,-,-
UP PG,UP Priv-Open Quota,UR,Uttar Pradesh,"Hind IMS, Sitapur",TBRD,"₹20,40,950*","₹30,000",1*,₹0*,700,2024,-,3330(2),3609(2),865(1),-,-,-,-,-,3630(2),3630(2),4327(2),-,5205(1),-,-
UP PG,UP Priv-Open Quota,UR,Uttar Pradesh,Muzaffarnagar Medical College,ORTHOPAEDICS,"₹23,23,197*","₹56,100*",1*,₹0*,857,2024,-,2726(6),2940(6),-,-,-,-,-,-,3803(10),4223(10),4331(10),-,-,-,-
UP PG,UP Priv-Open Quota,UR,Uttar Pradesh,"FH Med Coll, Agra",OBG,"₹42,00,000*","₹45,000",0,₹0,932,2024,-,3580(3),3490(3),767(2),320(2),88(1),-,-,-,3818(3),4228(3),4336(3),-,-,-,-
RJSTHN PG,RAJ Priv-All India,GEN,Rajasthan,Jaipur National Univ IMS,EMERGENCY MEDICINE,"₹30,00,000*",Info not available*,0,₹0,810,2024,-,2715(1),2285(1),3418(1),-,-,-,-,-,3481(1),4197(1),4343(1),-,-,-,-
RJSTHN PG,RAJ Priv-Mgmt Quota,GEN,Rajasthan,"American Intl IMS, Bedwas",GENERAL MEDICINE,"₹75,00,000*","₹20,000",0,₹0,700,2024,-,2935(1),3117(1),3372(2),-,-,-,-,-,4076(2),4128(1),4348(2),-,3489(1),-,-
RJSTHN PG,RAJ Priv-All India,GEN,Rajasthan,"National IMS&R, Jaipur",RADIATION ONCOLOGY,"₹25,00,000*","₹55,200*",0,₹0,1130,2024,-,-,-,-,-,-,-,-,-,-,4215(1),4363(1),-,-,-,-
RJSTHN PG,RAJ Priv-All India,GEN,Rajasthan,"National IMS&R, Jaipur",ANAESTHESIOLOGY,"₹20,00,000*","₹55,200*",0,₹0,1130,2024,-,3033(5),3233(7),3629(10),-,-,-,-,-,4108(10),4227(10),4377(9),-,-,-,-
UP PG,UP Priv-Open Quota,UR,Uttar Pradesh,"Mayo IMS, Barabanki",PAEDIATRICS,"₹20,30,961*","₹14,000*",1*,₹0*,736,2024,-,2875(2),3106(2),-,-,-,-,-,-,3634(7),4264(7),4381(7),-,5122(1),-,-
UP PG,UP Priv-Open Quota,UR,Uttar Pradesh,"Saraswati IMS, Hapur",ORTHOPAEDICS,"₹20,22,143*","₹32,000*",0,₹0,851,2024,-,2917(2),3153(2),-,-,-,-,-,-,3815(2),4295(2),4409(2),-,-,-,-
MP PG,MP Priv-NonDomicile,UR (Non Domicile),Madhya Pradesh,"Peoples College, Bhopal",PATHOLOGY,"₹8,20,000*","₹75,444",1,"₹10,00,000",1150,2024,-,-,-,-,-,-,-,-,-,-,-,4414(1),-,-,-,-
UP PG,UP Priv-Open Quota,UR,Uttar Pradesh,"Saraswati IMS, Hapur",TBRD,"₹20,22,143*","₹32,000*",0,₹0,851,2024,-,2623(2),2828(2),-,-,-,-,-,-,3287(2),4302(2),4416(2),-,-,-,-
UP PG,UP Priv-Open Quota,UR,Uttar Pradesh,"Teerthanker Med Coll,Moradabad",PAEDIATRICS,"₹36,00,000*","₹69,600",0,₹0,1000,2024,-,3036(5),3284(5),-,-,-,-,-,-,3670(5),4304(5),4418(5),-,-,-,-
RJSTHN PG,RAJ Priv-All India,GEN,Rajasthan,"Geetanjali, Udaipur",RADIATION ONCOLOGY,"₹35,00,000*",Info not available*,0,₹0,1310,2024,-,2517(2),3172(2),3455(2),-,-,-,-,-,4160(2),4259(2),4422(1),-,5168(1),-,-
TN Mgmt PG,TN Mgmt Quota,GEN,Tamil Nadu,"Annapoorna Medical Coll, Salem",MICROBIOLOGY,"₹4,35,000*","₹35,000*",0,₹0,-,2024,-,-,-,-,-,-,-,-,-,-,-,4424(1),-,-,-,-
UP PG,UP Priv-Open Quota,UR,Uttar Pradesh,"Career Instt of MS, Lucknow",GENERAL MEDICINE,"₹39,90,000*","₹40,000",0,₹0,600,2024,-,2818(2),3190(2),814(1),-,-,-,-,-,3063(3),3862(3),4425(3),-,5183(2),-,-
RJSTHN PG,RAJ Priv-All India,GEN,Rajasthan,"PMCH(Pacific), Udaipur",TBRD,"₹60,00,000*",₹0*,0,₹0,Info Not Available,2024,-,-,-,-,3680(1),-,-,-,-,4166(1),4265(1),4431(1),-,-,-,-
UP PG,UP Priv-Open Quota,UR,Uttar Pradesh,"Heritage IMS, Varanasi",ORTHOPAEDICS,"₹21,12,517*","₹21,000",0,₹0,735,2024,-,3000(3),3245(3),-,-,-,-,-,-,4013(3),4318(3),4432(3),-,-,-,-
UP PG,UP Priv-Open Quota,UR,Uttar Pradesh,Muzaffarnagar Medical College,PSYCHIATRY,"₹23,23,197*","₹56,100*",1*,₹0*,857,2024,-,3706(3),4017(3),-,-,-,-,-,-,3770(3),4325(3),4440(3),-,-,-,-
RJSTHN PG,RAJ Priv-All India,GEN,Rajasthan,"Ananta IMS & RC, Rajsamand",ENT,"₹32,55,000*","₹25,000",0,₹0,775,2024,-,-,-,4050(1),-,-,-,-,-,3941(1),4280(1),4448(1),-,-,-,-
MP PG,MP Priv-NonDomicile,UR (Non Domicile),Madhya Pradesh,"Chirayu Med Coll, Bhopal",PATHOLOGY,"₹9,10,000*","₹72,633",1,"₹10,00,000",912,2024,-,-,-,-,-,-,-,-,-,-,-,4454(2),-,-,-,-
MP PG,MP Govt-NonDomicile,UR (Non Domicile),Madhya Pradesh,"Gaja Raja Med Coll, Gwalior",FORENSIC MEDICINE,"₹1,01,500*","₹75,444",1,"₹10,00,000",1100,2024,-,-,-,-,-,-,-,-,-,-,-,4456(1),-,-,-,-
UP PG,UP Priv-Open Quota,UR,Uttar Pradesh,"Rajshree MRI, Bareilly",PAEDIATRICS,"₹24,89,880*","₹32,000",1*,₹0*,740,2024,-,2861(6),3091(6),784(2),-,-,-,-,-,3671(7),4349(7),4466(7),-,-,-,-
UP PG,UP Priv-Open Quota,UR,Uttar Pradesh,"FH Med Coll, Agra",GENERAL MEDICINE,"₹42,00,000*","₹45,000",0,₹0,932,2024,-,2575(2),2783(2),768(1),-,-,-,-,-,3169(2),3831(2),4467(2),-,5572(1),-,-
RJSTHN PG,RAJ Priv-All India,GEN,Rajasthan,"Geetanjali, Udaipur",TBRD,"₹48,00,000*",Info not available*,0,₹0,1310,2024,-,2899(2),2916(1),3126(1),-,-,-,-,-,4156(3),4317(3),4490(3),-,-,-,-
TN Mgmt PG,TN Mgmt Quota,GEN,Tamil Nadu,"Velammal Med Col, Madurai",BIOCHEMISTRY,"₹4,35,000*","₹37,000*",0,₹0,1024,2024,-,-,-,3391(2),-,-,-,-,-,-,3862(1),4490(2),-,-,-,-
RJSTHN PG,RAJ Priv-Mgmt Quota,GEN,Rajasthan,"Ananta IMS & RC, Rajsamand",OBG,"₹80,00,000*","₹25,000",0,₹0,775,2024,-,-,-,2792(1),2793(1),-,-,-,-,4217(2),4318(2),4491(2),-,-,-,-
RJSTHN PG,RAJ Priv-All India,GEN,Rajasthan,"PMCH(Pacific), Udaipur",PSYCHIATRY,"₹50,00,000*",₹0*,0,₹0,Info Not Available,2024,-,-,-,4095(1),-,-,-,-,-,-,-,4492(1),-,-,-,-
UP PG,UP Priv-Open Quota,UR,Uttar Pradesh,"Krishna Mohan Med Coll,Mathura",PAEDIATRICS,"₹21,63,946*","₹15,000*",0,₹0,700,2024,-,3283(8),3556(8),852(3),381(2),-,-,-,-,3793(8),4385(8),4497(8),-,4805(2),-,-
UP PG,UP Priv-Open Quota,UR,Uttar Pradesh,"Varun Arjun, Shahjahanpur",PAEDIATRICS,"₹23,38,116*","₹24,000*",1,"₹7,50,000",770,2024,-,2943(3),3179(3),-,-,-,-,-,-,3730(3),4389(3),4506(3),-,-,-,-
RJSTHN PG,RAJ Priv-All India,GEN,Rajasthan,Jaipur National Univ IMS,GENERAL SURGERY,"₹40,00,000*",Info not available*,0,₹0,810,2024,-,2994(1),3183(1),3473(1),-,-,-,-,-,4236(1),4337(1),4514(1),-,-,-,-
TN Mgmt PG,TN Mgmt Quota,GEN,Tamil Nadu,"Tagore Med Coll, Chennai",PHARMACOLOGY,"₹4,35,000*","₹35,000*",0,₹0,818,2024,-,-,-,3718(1),-,-,-,-,-,3655(1),-,4515(1),-,-,-,-
RJSTHN PG,RAJ Priv-All India,GEN,Rajasthan,"Geetanjali, Udaipur",RADIO DIAGNOSIS,"₹84,00,000*",Info not available*,0,₹0,1310,2024,-,2531(4),2696(4),2836(3),2516(1),-,-,-,-,3055(2),4339(2),4516(2),-,-,-,-
UP PG,UP Priv-Open Quota,UR,Uttar Pradesh,"SMSR, Greater Noida",OPHTHALMOLOGY,"₹25,40,649*","₹32,000",0,₹0,1200,2024,-,3221(4),3525(4),-,-,-,-,-,-,3721(4),4202(4),4525(4),-,5438(1),-,-
UP PG,UP Priv-Open Quota,UR,Uttar Pradesh,"Rohilkhand Med Coll, Bareilly",PAEDIATRICS,"₹29,09,009*","₹24,000*",1,"₹7,50,000",720,2024,-,2853(9),3079(9),-,-,-,-,-,-,3712(13),4192(13),4527(13),-,5224(1),-,-
RJSTHN PG,RAJ Priv-Mgmt Quota,GEN,Rajasthan,"MGMC&H, Sitapur, Jaipur",ORTHOPAEDICS,"₹62,50,000*","₹55,000",0,₹0,1400,2024,-,2897(3),3074(3),3331(2),-,-,-,-,-,3887(3),4367(3),4548(3),-,-,-,-
RJSTHN PG,RAJ Priv-All India,GEN,Rajasthan,"Geetanjali, Udaipur",OPHTHALMOLOGY,"₹48,00,000*",Info not available*,0,₹0,1310,2024,-,2922(2),3104(1),3472(2),-,-,-,-,-,4182(2),4371(1),4552(1),-,-,-,-
RJSTHN PG,RAJ Priv-Mgmt Quota,GEN,Rajasthan,Jaipur National Univ IMS,DERMATOLOGY,"₹90,00,000*",Info not available*,0,₹0,810,2024,-,2850(1),3020(1),3260(1),-,-,-,-,-,3632(1),4379(1),4562(1),-,-,-,-
RJSTHN PG,RAJ Priv-Mgmt Quota,GEN,Rajasthan,"MGMC&H, Sitapur, Jaipur",ANAESTHESIOLOGY,"₹56,00,000*","₹55,000",0,₹0,1400,2024,-,-,-,-,-,-,-,-,-,3892(1),-,4586(1),-,5570(1),-,-
TN Mgmt PG,TN Mgmt Quota,GEN,Tamil Nadu,Melmaruvathur Adiparasakthi,PHARMACOLOGY,"₹4,35,000*","₹35,000*",0,₹0,700,2024,-,2971(1),2971(1),3813(2),3309(1),-,-,-,-,-,-,4591(1),-,-,4683(1),-
UP PG,UP Priv-Open Quota,UR,Uttar Pradesh,"TS Misra Med Coll, Lucknow",ORTHOPAEDICS,"₹21,63,946*","₹30,000",0,₹0,735,2024,-,3493(2),3786(2),-,-,-,-,-,-,4064(2),4478(2),4598(2),-,-,-,-
RJSTHN PG,RAJ Priv-All India,GEN,Rajasthan,"Geetanjali, Udaipur",EMERGENCY MEDICINE,"₹40,00,000*",Info not available*,0,₹0,1310,2024,-,-,-,-,-,-,-,-,-,3636(1),4411(1),4599(1),-,-,-,-
UP PG,UP Priv-Open Quota,UR,Uttar Pradesh,"Rama Med Coll, Kanpur",ORTHOPAEDICS,"₹25,62,430*","₹30,000",0,₹0,730,2024,-,2792(3),3013(3),-,-,-,-,-,-,3936(3),4483(3),4603(3),-,6113(1),-,-
UP PG,UP Priv-Open Quota,UR,Uttar Pradesh,"Rohilkhand Med Coll, Bareilly",TBRD,"₹23,09,009*","₹24,000*",1,"₹5,00,000",720,2024,-,3100(5),3352(5),-,-,-,-,-,-,4012(5),4486(5),4606(5),-,-,-,-
UP PG,UP Priv-Open Quota,UR,Uttar Pradesh,"TS Misra Med Coll, Lucknow",TBRD,"₹21,63,946*","₹30,000",0,₹0,735,2024,-,3410(2),3694(2),-,-,-,-,-,-,3892(2),4219(2),4608(2),-,-,-,-
UP PG,UP Priv-Open Quota,UR,Uttar Pradesh,"SRMS IMS, Bareilly",PSYCHIATRY,"₹23,00,000*","₹32,000*",1*,₹0*,950,2024,-,3430(3),3719(3),-,-,-,-,-,-,3783(5),4490(5),4610(5),-,-,-,-
RJSTHN PG,RAJ Priv-Mgmt Quota,GEN,Rajasthan,"Ananta IMS & RC, Rajsamand",ANAESTHESIOLOGY,"₹25,00,000*","₹25,000",0,₹0,775,2024,-,-,-,3681(2),-,-,-,-,-,-,-,4611(1),-,-,-,-
RJSTHN PG,RAJ Priv-Mgmt Quota,GEN,Rajasthan,"Geetanjali, Udaipur",PSYCHIATRY,"₹56,25,000*",Info not available*,0,₹0,1310,2024,-,2369(1),-,3376(1),-,-,-,-,-,3863(1),4427(1),4616(1),-,-,-,-
UP PG,UP Priv-Open Quota,UR,Uttar Pradesh,"Rama Med Coll, Hapur",TBRD,"₹24,75,612*","₹30,000*",Info Not Available,Info not available,1259,2024,-,3238(3),3507(3),873(1),-,-,-,-,-,4106(3),4496(3),4616(3),-,-,-,-
UP PG,UP Priv-Open Quota,UR,Uttar Pradesh,"FH Med Coll, Agra",PSYCHIATRY,"₹24,00,000*","₹45,000",0,₹0,932,2024,-,4099(1),4455(1),-,-,-,-,-,-,4504(1),4504(1),4624(1),-,-,-,-
RJSTHN PG,RAJ Priv-Mgmt Quota,GEN,Rajasthan,"Geetanjali, Udaipur",OPHTHALMOLOGY,"₹60,00,000*",Info not available*,0,₹0,1310,2024,-,-,-,4014(1),-,-,-,-,-,4267(1),4436(1),4628(1),-,-,-,-
RJSTHN PG,RAJ Priv-All India,GEN,Rajasthan,"National IMS&R, Jaipur",GENERAL SURGERY,"₹45,00,000*","₹55,200*",0,₹0,1130,2024,-,2791(8),2980(7),3207(7),-,-,-,-,-,4333(10),4444(12),4638(12),-,-,-,-
UP PG,UP Priv-Open Quota,UR,Uttar Pradesh,"Era Lucknow Med Coll, Lucknow",PAEDIATRICS,"₹36,10,000*","₹62,000",0,₹0,850,2024,-,2826(5),3049(5),-,-,-,-,-,-,3738(5),4380(5),4643(5),-,5121(1),-,-
UP PG,UP Priv-Open Quota,UR,Uttar Pradesh,"Hind IMS, Barabanki",TBRD,"₹25,24,901*","₹35,000",1*,₹0*,580,2024,-,3264(2),3535(2),-,-,-,-,-,-,3612(2),4484(2),4650(2),-,-,-,-
UP PG,UP Priv-Open Quota,UR,Uttar Pradesh,"Rama Med Coll, Kanpur",TBRD,"₹25,62,430*","₹30,000",0,₹0,730,2024,-,3179(2),3441(2),-,-,-,-,-,-,3525(2),4376(2),4652(2),-,-,-,-
RJSTHN PG,RAJ Priv-All India,GEN,Rajasthan,"PIMS(Pacific), Umarda, Udaipur",OBG,"₹90,00,000*",Info not available*,0,₹0,750,2024,-,2687(1),-,-,-,-,-,-,-,-,-,4652(1),-,5680(1),-,-
UP PG,UP Priv-Open Quota,UR,Uttar Pradesh,Muzaffarnagar Medical College,GENERAL SURGERY,"₹23,23,197*","₹56,100*",1*,₹0*,857,2024,-,3227(8),3496(8),630(2),209(1),158(1),-,-,-,3897(8),4533(8),4654(8),-,5634(1),-,-
UP PG,UP Priv-Open Quota,UR,Uttar Pradesh,"KD Med Coll, Mathura",PSYCHIATRY,"₹21,63,946*","₹32,000",0,₹0,720,2024,-,3870(2),4198(2),-,-,-,-,-,-,4015(2),4546(2),4668(2),-,-,-,-
UP PG,UP Priv-Open Quota,UR,Uttar Pradesh,"IIMSR, Lucknow",PAEDIATRICS,"₹38,95,000*","₹40,800",0,₹0,540,2024,-,2937(1),3066(1),-,-,-,-,-,-,3904(1),4440(1),4673(1),-,-,-,-
UP PG,UP Priv-Open Quota,UR,Uttar Pradesh,"Varun Arjun, Shahjahanpur",TBRD,"₹23,38,116*","₹24,000*",1,"₹5,00,000",770,2024,-,3633(2),3944(2),-,-,-,-,-,-,4149(2),4734(2),4675(2),-,-,-,-
RJSTHN PG,RAJ Priv-Mgmt Quota,GEN,Rajasthan,Jaipur National Univ IMS,GENERAL SURGERY,"₹50,00,000*",Info not available*,0,₹0,810,2024,-,3076(1),1432(1),3748(2),-,-,-,-,-,-,4254(1),4676(2),-,-,-,-
UP PG,UP Priv-Open Quota,UR,Uttar Pradesh,"Subharti Med Coll, Meerut",OPHTHALMOLOGY,"₹14,43,744*","₹30,000*",2*,₹0*,938,2024,-,2897(6),3217(6),782(1),-,-,-,-,-,3740(3),4303(3),4697(5),-,-,-,-
RJSTHN PG,RAJ Priv-Mgmt Quota,GEN,Rajasthan,"Ananta IMS & RC, Rajsamand",RADIO DIAGNOSIS,"₹1,00,00,000*","₹25,000",0,₹0,775,2024,-,2988(1),3176(1),3464(1),-,-,-,-,-,4358(1),4469(1),4705(1),-,-,-,-
UP PG,UP Priv-Open Quota,UR,Uttar Pradesh,"SMSR, Greater Noida",GENERAL SURGERY,"₹25,40,649*","₹32,000",0,₹0,1200,2024,-,3484(11),3777(11),592(1),-,-,-,-,-,3511(9),4590(9),4715(9),-,-,-,-
UP PG,UP Priv-Open Quota,UR,Uttar Pradesh,"SRMS IMS, Bareilly",GENERAL SURGERY,"₹25,09,957*","₹32,000*",1*,₹0*,950,2024,-,2825(8),3048(8),-,-,-,-,-,-,3309(12),4387(12),4717(12),-,-,-,-
UP PG,UP Priv-Open Quota,UR,Uttar Pradesh,"Hind IMS, Barabanki",PSYCHIATRY,"₹25,24,901*","₹35,000",1*,₹0*,580,2024,-,4307(2),4240(2),-,-,-,-,-,-,3959(2),4603(2),4730(2),-,-,-,-
UP PG,UP Priv-Open Quota,UR,Uttar Pradesh,"FH Med Coll, Agra",PAEDIATRICS,"₹38,50,000*","₹45,000",0,₹0,932,2024,-,3388(2),3672(2),-,-,-,-,-,-,3868(2),4613(2),4741(2),-,-,-,-
UP PG,UP Priv-Open Quota,UR,Uttar Pradesh,"SRMS IMS, Bareilly",OPHTHALMOLOGY,"₹25,09,957*","₹32,000*",1*,₹0*,950,2024,-,2794(3),3015(3),-,-,-,-,-,-,3570(5),4622(5),4750(5),-,-,-,-
RJSTHN PG,RAJ Priv-Mgmt Quota,GEN,Rajasthan,Jaipur National Univ IMS,ORTHOPAEDICS,"₹61,00,000*",Info not available*,0,₹0,810,2024,-,-,-,4104(2),-,-,-,-,-,-,4488(1),4752(2),-,-,-,-
RJSTHN PG,RAJ Priv-Mgmt Quota,GEN,Rajasthan,"Geetanjali, Udaipur",OBG,"₹81,25,000*",Info not available*,0,₹0,1310,2024,-,2892(2),3285(2),3803(3),-,-,-,-,-,3857(3),4319(3),4780(3),-,2755(1),-,-
UP PG,UP Priv-Open Quota,UR,Uttar Pradesh,"Rajshree MRI, Bareilly",TBRD,"₹24,89,880*","₹32,000",1*,₹0*,740,2024,-,3359(2),3641(2),-,-,-,-,-,-,4307(2),4531(2),4785(2),-,-,-,-
UP PG,UP Priv-Open Quota,UR,Uttar Pradesh,"Era Lucknow Med Coll, Lucknow",TBRD,"₹29,50,000*","₹62,000",0,₹0,850,2024,-,3038(2),3286(2),-,-,-,-,-,-,3858(2),4310(2),4803(2),-,-,-,-
UP PG,UP Priv-Open Quota,UR,Uttar Pradesh,"Subharti Med Coll, Meerut",GENERAL SURGERY,"₹14,43,744*","₹30,000*",2*,₹0*,938,2024,-,3002(15),3247(15),-,-,-,-,-,-,3314(7),4597(7),4877(11),-,5037(1),4692(1),-
UP PG,UP Priv-Open Quota,UR,Uttar Pradesh,"Hind IMS, Barabanki",OPHTHALMOLOGY,"₹25,24,901*","₹35,000",1*,₹0*,580,2024,-,3873(2),4070(2),1065(1),-,-,-,-,-,4349(2),4749(2),4881(2),-,-,-,-
RJSTHN PG,RAJ Priv-Mgmt Quota,GEN,Rajasthan,"MGMC&H, Sitapur, Jaipur",GENERAL SURGERY,"₹59,00,000*","₹55,000",0,₹0,1400,2024,-,2947(2),3131(2),3163(2),-,-,-,-,-,4419(5),4533(5),4896(4),-,-,-,-
UP PG,UP Priv-Open Quota,UR,Uttar Pradesh,"National Captl Reg IMS, Meerut",ORTHOPAEDICS,"₹22,35,387*","₹56,100",0,₹0,680,2024,-,-,-,-,-,-,-,-,-,4771(8),4771(8),4903(8),-,-,-,-
RJSTHN PG,RAJ Priv-Mgmt Quota,GEN,Rajasthan,"Ananta IMS & RC, Rajsamand",PAEDIATRICS,"₹65,00,000*","₹25,000",0,₹0,775,2024,-,-,-,3148(1),-,-,-,-,-,4259(2),-,4912(2),-,-,-,-
RJSTHN PG,RAJ Priv-Mgmt Quota,GEN,Rajasthan,"National IMS&R, Jaipur",RADIO DIAGNOSIS,"₹1,00,00,000*","₹55,200*",0,₹0,1130,2024,-,-,-,-,-,-,-,-,-,4223(5),4475(5),4921(5),-,-,-,-
UP PG,UP Priv-Open Quota,UR,Uttar Pradesh,"GS Med Coll Hosp,Hapur",OPHTHALMOLOGY,"₹21,63,946*","₹32,000",0,₹0,Info Not Available,2024,-,4304(3),4682(3),-,-,-,-,-,-,4287(3),4798(3),4930(3),-,-,-,-
RJSTHN PG,RAJ Priv-Mgmt Quota,GEN,Rajasthan,"American Intl IMS, Bedwas",RADIO DIAGNOSIS,"₹1,00,00,000*","₹20,000",0,₹0,700,2024,-,-,3143(1),3415(1),-,-,-,-,-,4051(1),-,4931(1),-,-,-,-
UP PG,UP Priv-Open Quota,UR,Uttar Pradesh,"Career Instt of MS, Lucknow",PAEDIATRICS,"₹35,90,000*","₹40,000",0,₹0,600,2024,-,3064(1),3314(1),-,-,-,-,-,-,3895(2),4722(2),4940(2),-,-,-,-
RJSTHN PG,RAJ Priv-All India,GEN,Rajasthan,"Ananta IMS & RC, Rajsamand",ANAESTHESIOLOGY,"₹20,00,000*","₹25,000",0,₹0,775,2024,-,3089(4),3302(3),3881(6),-,-,-,-,-,4454(4),4557(5),4952(6),-,-,-,-
UP PG,UP Priv-Open Quota,UR,Uttar Pradesh,"Rama Med Coll, Hapur",ORTHOPAEDICS,"₹24,75,612*","₹30,000*",Info Not Available,Info not available,1259,2024,-,3308(4),3583(4),-,-,-,-,-,-,4146(4),4829(4),4954(4),-,-,-,-
UP PG,UP Priv-Open Quota,UR,Uttar Pradesh,"Hind IMS, Barabanki",ORTHOPAEDICS,"₹25,24,901*","₹35,000",1*,₹0*,580,2024,-,3247(4),3517(4),-,-,-,-,-,-,3789(4),4571(4),4961(4),-,-,-,-
RJSTHN PG,RAJ Priv-All India,GEN,Rajasthan,"Geetanjali, Udaipur",ENT,"₹40,00,000*",Info not available*,0,₹0,1310,2024,-,-,-,3722(2),-,-,-,-,-,4216(1),-,4965(2),-,-,-,-
UP PG,UP Priv-Open Quota,UR,Uttar Pradesh,"Prasad Inst of Med Sci,Lucknow",TBRD,"₹21,63,946*","₹18,000",0,₹0,410,2024,-,3711(3),3824(3),920(1),387(1),-,-,-,-,4310(3),4672(3),4976(3),-,5350(1),-,-
RJSTHN PG,RAJ Priv-Mgmt Quota,GEN,Rajasthan,"Ananta IMS & RC, Rajsamand",GENERAL SURGERY,"₹50,00,000*","₹25,000",0,₹0,775,2024,-,-,-,4003(3),-,-,-,-,-,-,-,4978(2),-,5281(1),-,-
UP PG,UP Priv-Open Quota,UR,Uttar Pradesh,"Saraswati IMS, Hapur",OPHTHALMOLOGY,"₹20,22,143*","₹32,000*",0,₹0,851,2024,-,3707(4),4018(4),1064(1),-,-,-,-,-,4445(4),4854(4),4987(4),-,-,-,-
UP PG,UP Priv-Open Quota,UR,Uttar Pradesh,"Rama Med Coll, Hapur",OPHTHALMOLOGY,"₹24,75,612*","₹30,000*",Info Not Available,Info not available,1259,2024,-,4135(3),4491(3),-,-,-,-,-,-,4621(3),4621(3),4990(3),-,-,-,-
UP PG,UP Priv-Open Quota,UR,Uttar Pradesh,"Mayo IMS, Barabanki",TBRD,"₹20,30,961*","₹14,000*",1*,₹0*,736,2024,-,3439(2),3729(2),-,-,-,-,-,-,4181(2),4654(2),4994(2),-,6267(1),-,-
UP PG,UP Priv-Open Quota,UR,Uttar Pradesh,"Career Instt of MS, Lucknow",TBRD,"₹34,90,000*","₹40,000",0,₹0,600,2024,-,3559(1),3860(1),-,-,-,-,-,-,4376(1),3994(1),4995(1),-,-,-,-
RJSTHN PG,RAJ Priv-All India,GEN,Rajasthan,"Geetanjali, Udaipur",ANAESTHESIOLOGY,"₹22,00,000*",Info not available*,0,₹0,1310,2024,-,3053(5),3257(4),3950(6),-,-,-,-,-,4465(5),4580(5),4998(5),-,-,-,-
UP PG,UP Priv-Open Quota,UR,Uttar Pradesh,"KD Med Coll, Mathura",OPHTHALMOLOGY,"₹21,63,946*","₹32,000",0,₹0,720,2024,-,4351(2),4735(2),1289(1),-,-,-,-,-,4657(2),4657(2),5018(2),-,-,-,-
RJSTHN PG,RAJ Priv-All India,GEN,Rajasthan,Jaipur National Univ IMS,ANAESTHESIOLOGY,"₹25,00,000*",Info not available*,0,₹0,810,2024,-,-,-,4158(3),-,-,-,-,-,4399(3),4590(2),5025(3),-,4874(1),-,-
UP PG,UP Priv-Open Quota,UR,Uttar Pradesh,"Saraswati IMS, Hapur",PSYCHIATRY,"₹20,22,143*","₹32,000*",0,₹0,851,2024,-,3758(4),4074(4),1155(1),-,-,-,-,-,4548(4),5016(4),5035(4),-,-,-,-
RJSTHN PG,RAJ Priv-All India,GEN,Rajasthan,"Geetanjali, Udaipur",GENERAL SURGERY,"₹48,00,000*",Info not available*,0,₹0,1310,2024,-,3003(6),3194(5),3944(6),-,-,-,-,-,4481(1),4598(2),5056(7),-,-,-,-
RJSTHN PG,RAJ Priv-All India,GEN,Rajasthan,"PMCH(Pacific), Udaipur",OBG,"₹80,00,000*",₹0*,0,₹0,Info Not Available,2024,-,2992(1),3181(1),4167(2),-,4477(1),-,-,-,4337(3),4614(2),5084(3),-,4920(1),-,-
UP PG,UP Priv-Open Quota,UR,Uttar Pradesh,"GS Med Coll Hosp,Hapur",PSYCHIATRY,"₹21,63,946*","₹32,000",0,₹0,Info Not Available,2024,-,4246(2),4506(2),-,-,-,-,-,-,4429(2),4952(2),5089(2),-,-,-,-
UP PG,UP Priv-Open Quota,UR,Uttar Pradesh,"Krishna Mohan Med Coll,Mathura",TBRD,"₹21,63,946*","₹15,000*",0,₹0,700,2024,-,3659(4),3869(4),887(1),411(1),-,-,-,-,4344(4),4703(4),5097(4),-,5871(1),-,-
RJSTHN PG,RAJ Priv-All India,GEN,Rajasthan,"PMCH(Pacific), Udaipur",ANAESTHESIOLOGY,"₹30,00,000*",₹0*,0,₹0,Info Not Available,2024,-,-,-,4335(2),4382(1),-,-,-,-,-,4378(1),5145(10),-,5336(1),-,-
RJSTHN PG,RAJ Priv-All India,GEN,Rajasthan,"Geetanjali, Udaipur",ORTHOPAEDICS,"₹60,00,000*",Info not available*,0,₹0,1310,2024,-,3069(3),3278(1),3908(3),4312(2),-,-,-,-,4263(4),-,5159(4),-,5421(1),-,-
RJSTHN PG,RAJ Priv-Mgmt Quota,GEN,Rajasthan,Jaipur National Univ IMS,RADIO DIAGNOSIS,"₹90,00,000*",Info not available*,0,₹0,810,2024,-,2665(2),2832(2),3015(2),-,-,-,-,-,3335(2),4638(1),5161(2),-,-,-,-
RJSTHN PG,RAJ Priv-Mgmt Quota,GEN,Rajasthan,"Geetanjali, Udaipur",GENERAL SURGERY,"₹60,00,000*",Info not available*,0,₹0,1310,2024,-,-,-,4172(2),-,-,-,-,-,-,-,5163(1),-,-,-,-
RJSTHN PG,RAJ Priv-Mgmt Quota,GEN,Rajasthan,"Ananta IMS & RC, Rajsamand",GENERAL MEDICINE,"₹85,00,000*","₹25,000",0,₹0,775,2024,-,2940(1),3124(2),3393(2),-,-,-,-,-,3792(1),3863(1),5170(3),-,-,-,-
UP PG,UP Priv-Open Quota,UR,Uttar Pradesh,"Teerthanker Med Coll,Moradabad",GENERAL SURGERY,"₹27,00,000*","₹69,600",0,₹0,1000,2024,-,3434(8),3724(8),257(1),470(1),164(1),-,-,-,4351(8),4958(8),5180(8),-,-,-,-
UP PG,UP Priv-Open Quota,UR,Uttar Pradesh,"Hind IMS, Sitapur",ORTHOPAEDICS,"₹20,40,950*","₹30,000",1*,₹0*,700,2024,-,3328(2),3605(2),-,-,-,-,-,-,4483(5),5058(5),5203(5),-,-,-,-
RJSTHN PG,RAJ Priv-All India,GEN,Rajasthan,"PIMS(Pacific), Umarda, Udaipur",PSYCHIATRY,"₹45,00,000*",Info not available*,0,₹0,750,2024,-,-,-,3641(1),-,-,-,-,-,-,-,5223(1),-,5190(1),-,-
RJSTHN PG,RAJ Priv-Mgmt Quota,GEN,Rajasthan,"Geetanjali, Udaipur",PAEDIATRICS,"₹68,75,000*",Info not available*,0,₹0,1310,2024,-,-,-,3829(3),-,-,-,-,-,3832(2),4661(1),5232(3),-,-,-,-
RJSTHN PG,RAJ Priv-All India,GEN,Rajasthan,"MGMC&H, Sitapur, Jaipur",ANATOMY,₹0,"₹55,000",0,₹0,1400,2024,-,-,-,5690(1),-,-,-,-,-,-,-,5242(1),-,-,-,-
RJSTHN PG,RAJ Priv-All India,GEN,Rajasthan,Jaipur National Univ IMS,OPHTHALMOLOGY,"₹43,00,000*",Info not available*,0,₹0,810,2024,-,2616(1),2753(1),2908(1),-,-,-,-,-,3569(1),4674(1),5278(1),-,-,-,-
UP PG,UP Priv-Open Quota,UR,Uttar Pradesh,"National Captl Reg IMS, Meerut",GENERAL SURGERY,"₹22,35,387*","₹56,100",0,₹0,680,2024,-,-,-,-,-,-,-,-,-,5485(10),5149(10),5297(10),-,-,-,-
UP PG,UP Priv-Open Quota,UR,Uttar Pradesh,"Heritage IMS, Varanasi",GENERAL SURGERY,"₹21,12,517*","₹21,000",0,₹0,735,2024,-,3684(3),3995(3),-,-,-,-,-,-,4467(6),4677(6),5312(6),-,6460(1),-,-
RJSTHN PG,RAJ Priv-All India,GEN,Rajasthan,"National IMS&R, Jaipur",IHBT,"₹5,00,000*","₹55,200*",0,₹0,1130,2024,-,2642(1),2729(1),2874(1),-,-,-,-,-,-,-,5324(1),-,-,-,-
RJSTHN PG,RAJ Priv-All India,GEN,Rajasthan,"National IMS&R, Jaipur",FORENSIC MEDICINE,"₹20,000*","₹50,000",0,₹0,1130,2024,-,-,-,-,-,-,-,-,-,-,-,5361(1),-,5390(1),-,-
UP PG,UP Priv-Open Quota,UR,Uttar Pradesh,Noida International Inst of MS,ORTHOPAEDICS,"₹22,35,387*","₹30,000",0,₹0,-,2024,-,-,-,-,-,-,-,-,-,-,5232(9),5382(9),-,-,-,-
RJSTHN PG,RAJ Priv-All India,GEN,Rajasthan,"PMCH(Pacific), Udaipur",PAEDIATRICS,"₹65,00,000*",₹0*,0,₹0,Info Not Available,2024,-,-,-,3867(3),-,-,-,-,-,4512(1),4631(2),5403(4),-,5837(1),-,-
UP PG,UP Priv-Open Quota,UR,Uttar Pradesh,"Venkateshwara IMS, Gajraula",ORTHOPAEDICS,"₹21,63,946*","₹36,000",0,₹0,750,2024,-,3739(3),4053(3),-,-,-,-,-,-,4506(3),5256(3),5407(3),-,-,-,-
RJSTHN PG,RAJ Priv-All India,GEN,Rajasthan,"PMCH(Pacific), Udaipur",ENT,"₹45,00,000*",₹0*,0,₹0,Info Not Available,2024,-,-,-,4388(2),-,-,-,-,-,-,-,5443(1),-,-,-,-
RJSTHN PG,RAJ Priv-All India,GEN,Rajasthan,"American Intl IMS, Bedwas",PATHOLOGY,"₹12,00,000*","₹20,000",0,₹0,700,2024,-,-,-,3463(1),-,5621(1),-,-,-,-,-,5471(2),-,-,-,-
RJSTHN PG,RAJ Priv-Mgmt Quota,GEN,Rajasthan,"Ananta IMS & RC, Rajsamand",ORTHOPAEDICS,"₹65,00,000*","₹25,000",0,₹0,775,2024,-,-,3300(1),3878(1),-,-,-,-,-,-,4652(1),5476(2),-,4866(1),-,-
UP PG,UP Priv-Open Quota,UR,Uttar Pradesh,"Subharti Med Coll, Meerut",ENT,"₹14,43,744*","₹30,000*",2*,₹0*,938,2024,-,3880(2),3796(2),-,-,-,-,-,-,3973(2),4745(2),5477(3),-,-,-,-
UP PG,UP Priv-Open Quota,UR,Uttar Pradesh,"FH Med Coll, Agra",TBRD,"₹32,50,000*","₹45,000",0,₹0,932,2024,-,3811(1),4131(1),-,-,-,-,-,-,4140(1),5344(1),5499(1),-,-,-,-
RJSTHN PG,RAJ Priv-Mgmt Quota,GEN,Rajasthan,"National IMS&R, Jaipur",DERMATOLOGY,"₹1,00,00,000*","₹55,200*",0,₹0,1130,2024,-,-,-,-,-,-,-,-,-,4069(3),3962(1),5514(3),-,-,-,-
UP PG,UP Priv-Open Quota,UR,Uttar Pradesh,"Subharti Med Coll, Meerut",RADIATION ONCOLOGY,"₹14,43,744*","₹30,000*",2*,₹0*,938,2024,-,-,-,-,-,-,-,-,-,3588(2),5111(2),5514(3),-,7763(2),-,-
UP PG,UP Priv-Open Quota,UR,Uttar Pradesh,"National Captl Reg IMS, Meerut",PSYCHIATRY,"₹22,35,387*","₹56,100",0,₹0,680,2024,-,-,-,-,-,-,-,-,-,5372(3),5372(3),5527(3),-,-,-,-
RJSTHN PG,RAJ Priv-Mgmt Quota,GEN,Rajasthan,"Geetanjali, Udaipur",RADIO DIAGNOSIS,"₹1,00,00,000*",Info not available*,0,₹0,1310,2024,-,2902(4),3080(4),3337(4),-,-,-,-,-,-,-,5541(5),-,-,-,-
RJSTHN PG,RAJ Priv-All India,GEN,Rajasthan,"PIMS(Pacific), Umarda, Udaipur",OPHTHALMOLOGY,"₹55,00,000*",Info not available*,0,₹0,750,2024,-,-,-,4221(1),-,-,-,-,-,4559(1),4682(1),5548(5),-,6326(1),-,-
UP PG,UP Priv-Open Quota,UR,Uttar Pradesh,"Hind IMS, Sitapur",PSYCHIATRY,"₹20,40,950*","₹30,000",1*,₹0*,700,2024,-,4522(2),4931(2),-,409(1),311(1),-,-,-,5223(2),5395(2),5553(2),-,-,-,-
UP PG,UP Priv-Open Quota,UR,Uttar Pradesh,"Saraswati IMS, Hapur",GENERAL SURGERY,"₹20,22,143*","₹32,000*",0,₹0,851,2024,-,3721(10),4033(10),703(1),-,-,-,-,-,4458(10),5397(10),5555(10),-,-,-,-
UP PG,UP Priv-Open Quota,UR,Uttar Pradesh,"SRMS IMS, Bareilly",EMERGENCY MEDICINE,"₹22,00,000*","₹32,000*",1*,₹0*,950,2024,-,3407(2),3691(2),-,-,-,-,-,-,3878(2),5398(2),5556(2),-,6880(1),-,-
UP PG,UP Priv-Open Quota,UR,Uttar Pradesh,"TS Misra Med Coll, Lucknow",OPHTHALMOLOGY,"₹21,63,946*","₹30,000",0,₹0,735,2024,-,4267(2),4640(2),-,-,-,-,-,-,5072(2),5403(2),5561(2),-,-,-,-
RJSTHN PG,RAJ Priv-All India,GEN,Rajasthan,Jaipur National Univ IMS,PATHOLOGY,"₹14,00,000*",Info not available*,0,₹0,810,2024,-,-,-,4742(1),-,-,-,-,-,-,-,5561(3),-,5820(1),-,-
UP PG,UP Priv-Open Quota,UR,Uttar Pradesh,"Rama Med Coll, Hapur",PSYCHIATRY,"₹24,75,612*","₹30,000*",Info Not Available,Info not available,1259,2024,-,4227(3),4591(3),-,-,-,-,-,-,4819(3),5409(3),5568(3),-,-,-,-
UP PG,UP Priv-Open Quota,UR,Uttar Pradesh,"SMSR, Greater Noida",ENT,"₹25,40,649*","₹32,000",0,₹0,1200,2024,-,4137(3),4494(3),-,-,-,-,-,-,4859(3),5431(3),5591(3),-,-,-,-
UP PG,UP Priv-Open Quota,UR,Uttar Pradesh,"KD Med Coll, Mathura",GENERAL SURGERY,"₹21,63,946*","₹32,000",0,₹0,720,2024,-,4023(12),4367(12),717(1),477(1),-,-,-,-,5149(12),5581(12),5603(12),-,-,-,-
UP PG,UP Priv-Open Quota,UR,Uttar Pradesh,"Hind IMS, Barabanki",GENERAL SURGERY,"₹25,24,901*","₹35,000",1*,₹0*,580,2024,-,3408(4),3692(4),-,-,-,-,-,-,4814(7),5187(7),5607(7),-,-,-,-
RJSTHN PG,RAJ Priv-All India,GEN,Rajasthan,"PIMS(Pacific), Umarda, Udaipur",ANAESTHESIOLOGY,"₹30,00,000*",Info not available*,0,₹0,750,2024,-,-,-,4490(4),4220(2),-,-,-,-,-,-,5608(7),-,-,-,-
UP PG,UP Priv-Open Quota,UR,Uttar Pradesh,"Subharti Med Coll, Meerut",EMERGENCY MEDICINE,"₹14,43,744*","₹30,000*",2*,₹0*,938,2024,-,3103(2),3355(2),-,-,-,-,-,-,3143(1),5464(1),5626(2),-,5331(1),-,-
UP PG,UP Priv-Open Quota,UR,Uttar Pradesh,"Teerthanker Med Coll,Moradabad",OPHTHALMOLOGY,"₹30,60,000*","₹69,600",0,₹0,1000,2024,-,3404(2),3688(2),-,-,-,-,-,-,4714(2),4912(2),5635(2),-,-,-,-
UP PG,UP Priv-Open Quota,UR,Uttar Pradesh,"Career Instt of MS, Lucknow",ENT,"₹19,00,000*","₹40,000",0,₹0,600,2024,-,-,4914(1),-,-,-,-,-,-,5802(2),6865(2),5643(2),-,-,-,-
UP PG,UP Priv-Open Quota,UR,Uttar Pradesh,"Rohilkhand Med Coll, Bareilly",ORTHOPAEDICS,"₹29,09,009*","₹24,000*",1,"₹15,00,000",720,2024,-,3502(10),3704(10),1060(4),324(1),171(1),-,-,-,4624(10),5291(10),5645(10),-,5888(1),-,-
RJSTHN PG,RAJ Priv-All India,GEN,Rajasthan,"PIMS(Pacific), Umarda, Udaipur",PAEDIATRICS,"₹65,00,000*",Info not available*,0,₹0,750,2024,-,-,-,3919(1),-,-,-,-,-,-,4157(1),5649(5),-,6459(2),-,-
RJSTHN PG,RAJ Priv-Mgmt Quota,GEN,Rajasthan,"American Intl IMS, Bedwas",ORTHOPAEDICS,"₹65,00,000*","₹20,000",0,₹0,700,2024,-,-,-,4196(1),-,-,-,-,-,3787(1),-,5651(1),-,-,-,-
RJSTHN PG,RAJ Priv-All India,GEN,Rajasthan,"PMCH(Pacific), Udaipur",ORTHOPAEDICS,"₹60,00,000*",₹0*,0,₹0,Info Not Available,2024,-,-,-,4677(1),-,-,-,-,-,-,-,5655(3),-,-,-,-
UP PG,UP Priv-Open Quota,UR,Uttar Pradesh,"GS Med Coll Hosp,Hapur",GENERAL SURGERY,"₹21,63,946*","₹32,000",0,₹0,Info Not Available,2024,-,3949(4),4289(4),-,-,-,-,-,-,4538(4),5503(4),5669(4),-,6467(2),-,-
UP PG,UP Priv-Open Quota,UR,Uttar Pradesh,Muzaffarnagar Medical College,EMERGENCY MEDICINE,"₹23,23,197*","₹56,100*",1*,₹0*,857,2024,-,3847(3),4170(3),976(1),-,-,-,-,-,4393(3),5504(3),5670(3),-,-,-,-
UP PG,UP Priv-Open Quota,UR,Uttar Pradesh,"Heritage IMS, Varanasi",OPHTHALMOLOGY,"₹21,12,517*","₹21,000",0,₹0,735,2024,-,3821(2),4142(2),-,-,-,-,-,-,4586(2),5127(2),5673(4),-,-,-,-
RJSTHN PG,RAJ Priv-All India,GEN,Rajasthan,"PMCH(Pacific), Udaipur",GENERAL SURGERY,"₹50,00,000*",₹0*,0,₹0,Info Not Available,2024,-,-,3152(1),4343(7),3484(1),-,-,-,-,-,-,5703(9),-,5818(1),-,-
RJSTHN PG,RAJ Priv-All India,GEN,Rajasthan,"PIMS(Pacific), Umarda, Udaipur",GENERAL SURGERY,"₹50,00,000*",Info not available*,0,₹0,750,2024,-,2787(1),2953(1),4008(4),3381(1),-,-,-,-,4241(1),4344(1),5711(7),-,-,-,-
RJSTHN PG,RAJ Priv-All India,GEN,Rajasthan,"MGMC&H, Sitapur, Jaipur",HOSPITAL ADMINISTRATION,₹0,"₹55,000",0,₹0,1400,2024,-,-,-,-,5418(1),-,-,-,-,-,-,5717(1),-,-,-,-
RJSTHN PG,RAJ Priv-All India,GEN,Rajasthan,"PMCH(Pacific), Udaipur",GENERAL MEDICINE,"₹80,00,000*",₹0*,0,₹0,Info Not Available,2024,-,2977(3),3327(4),3962(5),-,-,-,-,-,4485(1),4608(1),5728(10),-,5733(1),-,-
UP PG,UP Priv-Open Quota,UR,Uttar Pradesh,"Prasad Inst of Med Sci,Lucknow",ORTHOPAEDICS,"₹21,63,946*","₹18,000",0,₹0,410,2024,-,3690(3),3930(3),-,-,-,-,-,-,4673(3),5533(3),5745(3),-,-,-,-
RJSTHN PG,RAJ Priv-All India,GEN,Rajasthan,"PMCH(Pacific), Udaipur",RADIO DIAGNOSIS,"₹1,10,00,000*",₹0*,0,₹0,Info Not Available,2024,-,-,3202(1),4225(2),-,-,-,-,-,-,-,5751(4),-,-,-,-
UP PG,UP Priv-Open Quota,UR,Uttar Pradesh,"KD Med Coll, Mathura",EMERGENCY MEDICINE,"₹21,63,946*","₹32,000",0,₹0,720,2024,-,4415(6),4813(6),-,-,-,-,-,-,5241(6),5839(6),5765(6),-,5579(1),7117(1),-
RJSTHN PG,RAJ Priv-All India,GEN,Rajasthan,"PIMS(Pacific), Umarda, Udaipur",ENT,"₹40,00,000*",Info not available*,0,₹0,750,2024,-,-,-,4515(1),-,-,-,-,-,3914(1),-,5771(3),-,5275(1),-,-
UP PG,UP Priv-Open Quota,UR,Uttar Pradesh,"Rajshree MRI, Bareilly",ORTHOPAEDICS,"₹24,89,880*","₹32,000",1*,₹0*,740,2024,-,3529(3),3826(3),-,-,-,-,-,-,4878(7),5598(7),5772(7),-,-,-,-
UP PG,UP Priv-Open Quota,UR,Uttar Pradesh,"Rama Med Coll, Kanpur",GENERAL SURGERY,"₹25,62,430*","₹30,000",0,₹0,730,2024,-,3769(4),4087(4),-,-,-,-,-,-,4686(4),5601(4),5775(4),-,-,-,-
RJSTHN PG,RAJ Priv-All India,GEN,Rajasthan,"PIMS(Pacific), Umarda, Udaipur",TBRD,"₹65,00,000*",Info not available*,0,₹0,750,2024,-,-,-,-,-,-,-,-,-,-,-,5777(4),-,5895(1),5561(1),-
RJSTHN PG,RAJ Priv-Mgmt Quota,GEN,Rajasthan,"Geetanjali, Udaipur",EMERGENCY MEDICINE,"₹50,00,000*",Info not available*,0,₹0,1310,2024,-,2562(1),-,2996(1),-,-,-,-,-,-,-,5784(1),-,5609(1),-,-
RJSTHN PG,RAJ Priv-All India,GEN,Rajasthan,"PIMS(Pacific), Umarda, Udaipur",GENERAL MEDICINE,"₹80,00,000*",Info not available*,0,₹0,750,2024,-,2854(2),3025(1),3267(1),3858(1),-,-,-,-,4227(3),4328(3),5816(8),-,-,-,-
UP PG,UP Priv-Open Quota,UR,Uttar Pradesh,"Saraswati IMS, Hapur",ENT,"₹20,22,143*","₹32,000*",0,₹0,851,2024,-,4460(2),4863(2),-,-,-,-,-,-,5355(2),6050(2),5818(2),-,-,-,-
UP PG,UP Priv-Open Quota,UR,Uttar Pradesh,"Hind IMS, Sitapur",OPHTHALMOLOGY,"₹20,40,950*","₹30,000",1*,₹0*,700,2024,-,4169(2),4402(2),-,-,-,-,-,-,4749(2),5648(2),5824(2),-,-,-,-
RJSTHN PG,RAJ Priv-All India,GEN,Rajasthan,"Geetanjali, Udaipur",PATHOLOGY,"₹12,00,000*",Info not available*,0,₹0,1310,2024,-,-,-,4832(3),-,-,-,-,-,3808(1),-,5831(2),-,6010(1),-,-
UP PG,UP Priv-Open Quota,UR,Uttar Pradesh,"Teerthanker Med Coll,Moradabad",ANAESTHESIOLOGY,"₹19,80,000*","₹69,600",0,₹0,1000,2024,-,4108(6),4464(6),-,544(2),-,-,-,-,5262(6),5666(6),5842(6),-,-,-,-
UP PG,UP Priv-Open Quota,UR,Uttar Pradesh,"Teerthanker Med Coll,Moradabad",ENT,"₹23,40,000*","₹69,600",0,₹0,1000,2024,-,3955(2),4295(2),1130(1),506(1),-,-,-,-,5428(2),5675(2),5853(2),-,-,-,-
RJSTHN PG,RAJ Priv-All India,GEN,Rajasthan,"MGMC&H, Sitapur, Jaipur",PHARMACOLOGY,₹0,"₹55,000",0,₹0,1400,2024,-,-,-,4168(1),-,-,-,-,-,3652(1),3718(1),5863(2),-,-,4917(1),-
RJSTHN PG,RAJ Priv-Mgmt Quota,GEN,Rajasthan,"PIMS(Pacific), Umarda, Udaipur",ANAESTHESIOLOGY,"₹50,00,000*",Info not available*,0,₹0,750,2024,-,-,-,-,-,-,-,-,-,-,-,5868(2),-,6507(2),6078(1),-
UP PG,UP Priv-Open Quota,UR,Uttar Pradesh,"Rohilkhand Med Coll, Bareilly",OPHTHALMOLOGY,"₹23,09,009*","₹24,000*",1,"₹5,00,000",720,2024,-,3702(5),3962(5),-,-,-,-,-,-,4731(5),5695(5),5875(5),-,-,-,-
UP PG,UP Priv-Open Quota,UR,Uttar Pradesh,"Krishna Mohan Med Coll,Mathura",ORTHOPAEDICS,"₹21,63,946*","₹15,000*",0,₹0,700,2024,-,3720(4),4032(4),-,-,-,-,-,-,5055(4),5718(4),5899(4),-,-,-,-
UP PG,UP Priv-Open Quota,UR,Uttar Pradesh,"SMSR, Greater Noida",EMERGENCY MEDICINE,"₹25,40,649*","₹32,000",0,₹0,1200,2024,-,3312(2),3299(2),919(1),-,-,-,-,-,4186(2),5721(2),5902(2),-,-,-,-
UP PG,UP Priv-Open Quota,UR,Uttar Pradesh,"Rama Med Coll, Kanpur",OPHTHALMOLOGY,"₹25,62,430*","₹30,000",0,₹0,730,2024,-,3550(1),3849(1),-,-,-,-,-,-,4389(1),5404(1),5905(1),-,-,-,-
RJSTHN PG,RAJ Priv-Mgmt Quota,GEN,Rajasthan,"Ananta IMS & RC, Rajsamand",DERMATOLOGY,"₹1,00,00,000*","₹25,000",0,₹0,775,2024,-,1541(1),-,3280(1),-,-,-,-,-,-,-,5909(1),-,-,-,-
UP PG,UP Priv-Open Quota,UR,Uttar Pradesh,"Rama Med Coll, Hapur",GENERAL SURGERY,"₹24,75,612*","₹30,000*",Info Not Available,Info not available,1259,2024,-,3825(5),4147(5),-,-,-,-,-,-,4644(5),5624(5),5924(5),-,-,-,-
RJSTHN PG,RAJ Priv-All India,GEN,Rajasthan,"Ananta IMS & RC, Rajsamand",PATHOLOGY,"₹12,00,000*","₹25,000",0,₹0,775,2024,-,-,-,3912(1),-,-,-,-,-,-,-,5930(2),-,-,-,-
UP PG,UP Priv-Open Quota,UR,Uttar Pradesh,"Rohilkhand Med Coll, Bareilly",PSYCHIATRY,"₹23,09,009*","₹24,000*",1,"₹5,00,000",720,2024,-,3765(2),4083(2),1373(1),-,-,-,-,-,4559(5),5124(5),5943(5),-,-,-,-
RJSTHN PG,RAJ Priv-Mgmt Quota,GEN,Rajasthan,"PIMS(Pacific), Umarda, Udaipur",OPHTHALMOLOGY,"₹85,00,000*",Info not available*,0,₹0,750,2024,-,-,-,-,-,-,-,-,-,-,-,5981(1),-,6690(1),6294(1),-
RJSTHN PG,RAJ Priv-All India,GEN,Rajasthan,"MGMC&H, Sitapur, Jaipur",MICROBIOLOGY,"₹6,00,000*","₹55,000",0,₹0,1400,2024,-,-,-,4710(1),-,-,-,-,-,-,-,5984(1),-,-,6175(1),-
RJSTHN PG,RAJ Priv-Mgmt Quota,GEN,Rajasthan,"PMCH(Pacific), Udaipur",GENERAL SURGERY,"₹70,00,000*",₹0*,0,₹0,Info Not Available,2024,-,-,-,4449(1),4346(1),-,-,-,-,-,-,5987(3),-,6385(1),-,-
RJSTHN PG,RAJ Priv-All India,GEN,Rajasthan,"Geetanjali, Udaipur",SPM,"₹6,00,000*",Info not available*,0,₹0,1310,2024,-,-,-,5242(1),-,-,-,-,-,-,-,6001(1),-,6530(1),-,-
UP PG,UP Priv-Open Quota,UR,Uttar Pradesh,"Varun Arjun, Shahjahanpur",ORTHOPAEDICS,"₹23,38,116*","₹24,000*",1,"₹10,00,000",770,2024,-,3853(9),4178(9),-,-,-,-,-,-,5296(9),5832(9),6018(9),-,-,-,-
RJSTHN PG,RAJ Priv-All India,GEN,Rajasthan,"PIMS(Pacific), Umarda, Udaipur",PATHOLOGY,"₹20,00,000*",Info not available*,0,₹0,750,2024,-,-,-,-,5003(2),-,-,-,-,-,-,6026(2),-,-,6787(1),-
RJSTHN PG,RAJ Priv-Mgmt Quota,GEN,Rajasthan,"PMCH(Pacific), Udaipur",TBRD,"₹80,00,000*",₹0*,0,₹0,Info Not Available,2024,-,-,-,4841(1),-,-,-,-,-,-,-,6034(1),-,6639(1),-,-
RJSTHN PG,RAJ Priv-Mgmt Quota,GEN,Rajasthan,"PIMS(Pacific), Umarda, Udaipur",ORTHOPAEDICS,"₹1,00,00,000*",Info not available*,0,₹0,750,2024,-,-,-,-,-,-,-,-,-,-,-,6048(1),-,-,-,-
RJSTHN PG,RAJ Priv-Mgmt Quota,GEN,Rajasthan,"Geetanjali, Udaipur",DERMATOLOGY,"₹1,00,00,000*",Info not available*,0,₹0,1310,2024,-,2865(1),3196(2),3512(3),-,-,-,-,-,4199(1),-,6057(3),-,5699(1),-,-
UP PG,UP Priv-Open Quota,UR,Uttar Pradesh,"Teerthanker Med Coll,Moradabad",ORTHOPAEDICS,"₹36,00,000*","₹69,600",0,₹0,1000,2024,-,3791(5),4110(5),224(1),447(1),-,-,-,-,4384(5),5871(5),6059(5),-,-,-,-
UP PG,UP Priv-Open Quota,UR,Uttar Pradesh,"Era Lucknow Med Coll, Lucknow",ENT,"₹22,90,000*","₹62,000",0,₹0,850,2024,-,4116(2),4472(2),-,-,-,-,-,-,4587(2),5873(2),6061(2),-,-,-,-
RJSTHN PG,RAJ Priv-All India,GEN,Rajasthan,"PIMS(Pacific), Umarda, Udaipur",ORTHOPAEDICS,"₹65,00,000*",Info not available*,0,₹0,750,2024,-,-,-,4636(2),-,4797(1),-,-,-,4534(1),4656(1),6063(5),-,-,-,-
UP PG,UP Priv-Open Quota,UR,Uttar Pradesh,"Mayo IMS, Barabanki",ORTHOPAEDICS,"₹20,30,961*","₹14,000*",1*,₹0*,736,2024,-,3629(3),3940(3),-,-,-,-,-,-,5058(8),5734(8),6120(8),-,-,-,-
UP PG,UP Priv-Open Quota,UR,Uttar Pradesh,"Era Lucknow Med Coll, Lucknow",OPHTHALMOLOGY,"₹35,80,000*","₹62,000",0,₹0,850,2024,-,4012(2),4355(2),-,-,-,-,-,-,4620(2),5910(2),6122(2),-,-,-,-
RJSTHN PG,RAJ Priv-Mgmt Quota,GEN,Rajasthan,"PMCH(Pacific), Udaipur",ENT,"₹75,00,000*",₹0*,0,₹0,Info Not Available,2024,-,-,-,-,-,-,-,-,-,-,-,6127(1),-,-,6006(1),-
RJSTHN PG,RAJ Priv-Mgmt Quota,GEN,Rajasthan,"PMCH(Pacific), Udaipur",ORTHOPAEDICS,"₹90,00,000*",₹0*,0,₹0,Info Not Available,2024,-,-,-,4719(1),-,-,-,-,-,-,-,6169(2),-,6428(1),6331(1),-
UP PG,UP Priv-Open Quota,UR,Uttar Pradesh,"Rohilkhand Med Coll, Bareilly",GENERAL SURGERY,"₹23,09,009*","₹24,000*",1,"₹5,00,000",720,2024,-,3724(10),3965(10),894(2),410(1),-,-,-,-,5397(22),6015(22),6207(22),-,6242(2),6118(1),-
UP PG,UP Priv-Open Quota,UR,Uttar Pradesh,"Era Lucknow Med Coll, Lucknow",GENERAL SURGERY,"₹32,00,000*","₹62,000",0,₹0,850,2024,-,3846(6),4169(6),-,-,-,-,-,-,4772(6),6018(6),6210(6),-,6717(1),6875(1),-
UP PG,UP Priv-Open Quota,UR,Uttar Pradesh,"Venkateshwara IMS, Gajraula",OPHTHALMOLOGY,"₹21,63,946*","₹36,000",0,₹0,750,2024,-,-,4874(3),1250(1),-,-,-,-,-,5551(3),6027(3),6222(3),-,7282(1),-,-
RJSTHN PG,RAJ Priv-All India,GEN,Rajasthan,"PMCH(Pacific), Udaipur",DERMATOLOGY,"₹1,00,00,000*",₹0*,0,₹0,Info Not Available,2024,-,-,1558(1),1586(1),-,-,-,-,-,2848(1),3572(2),6234(3),-,-,-,-
UP PG,UP Priv-Open Quota,UR,Uttar Pradesh,"Era Lucknow Med Coll, Lucknow",ORTHOPAEDICS,"₹39,80,000*","₹62,000",0,₹0,850,2024,-,3799(6),4117(6),761(1),-,-,-,-,-,4763(5),6040(5),6235(5),-,6291(1),6927(1),-
RJSTHN PG,RAJ Priv-All India,GEN,Rajasthan,"PIMS(Pacific), Umarda, Udaipur",DERMATOLOGY,"₹1,05,00,000*",Info not available*,0,₹0,750,2024,-,-,-,-,-,-,-,-,-,-,-,6241(2),-,6685(1),-,-
UP PG,UP Priv-Open Quota,UR,Uttar Pradesh,"TS Misra Med Coll, Lucknow",GENERAL SURGERY,"₹21,63,946*","₹30,000",0,₹0,735,2024,-,3982(5),4325(5),-,-,-,-,-,-,4703(5),6048(5),6243(5),-,-,-,-
RJSTHN PG,RAJ Priv-All India,GEN,Rajasthan,"Geetanjali, Udaipur",PHARMACOLOGY,"₹6,00,000*",Info not available*,0,₹0,1310,2024,-,-,-,5904(1),-,-,-,-,-,-,-,6244(1),-,-,-,-
UP PG,UP Priv-Open Quota,UR,Uttar Pradesh,"Hind IMS, Sitapur",GENERAL SURGERY,"₹20,40,950*","₹30,000",1*,₹0*,700,2024,-,3866(4),4192(4),-,-,-,-,-,-,5370(12),6058(12),6253(12),-,-,-,-
UP PG,UP Priv-Open Quota,UR,Uttar Pradesh,"Rama Med Coll, Kanpur",PSYCHIATRY,"₹25,62,430*","₹30,000",0,₹0,730,2024,-,4268(3),4641(3),-,-,-,-,-,-,4901(3),6062(3),6257(3),-,-,-,-
UP PG,UP Priv-Open Quota,UR,Uttar Pradesh,"IIMSR, Lucknow",GENERAL SURGERY,"₹34,95,000*","₹40,800",0,₹0,540,2024,-,3961(1),4301(1),-,-,-,-,-,-,5698(1),6587(1),6264(1),-,7058(1),7316(1),-
UP PG,UP Priv-Open Quota,UR,Uttar Pradesh,"Rajshree MRI, Bareilly",OPHTHALMOLOGY,"₹24,89,880*","₹32,000",1*,₹0*,740,2024,-,4397(2),4790(2),-,-,-,-,-,-,5510(3),6057(3),6268(3),-,-,-,-
RJSTHN PG,RAJ Priv-All India,GEN,Rajasthan,"PIMS(Pacific), Umarda, Udaipur",RADIO DIAGNOSIS,"₹1,10,00,000*",Info not available*,0,₹0,750,2024,-,2763(1),-,-,3958(1),-,-,-,-,4363(2),-,6271(5),-,6625(2),-,-
RJSTHN PG,RAJ Priv-All India,GEN,Rajasthan,"Dr SSTantia Med,Sri Ganganagar",PATHOLOGY,"₹13,60,000",Info not available,0,₹0,-,2024,-,-,-,-,-,-,-,-,-,-,-,6274(4),-,6702(2),-,-
UP PG,UP Priv-Open Quota,UR,Uttar Pradesh,"SRMS IMS, Bareilly",ENT,"₹22,00,000*","₹32,000*",1*,₹0*,950,2024,-,3726(3),4038(3),-,-,-,-,-,-,4486(5),6088(5),6284(5),-,-,-,-
UP PG,UP Priv-Open Quota,UR,Uttar Pradesh,"Prasad Inst of Med Sci,Lucknow",OPHTHALMOLOGY,"₹21,63,946*","₹18,000",0,₹0,410,2024,-,4385(1),4775(2),-,-,-,-,-,-,4846(2),6036(2),6289(2),-,-,-,-
UP PG,UP Priv-Open Quota,UR,Uttar Pradesh,"Era Lucknow Med Coll, Lucknow",ANAESTHESIOLOGY,"₹21,50,000*","₹62,000",0,₹0,850,2024,-,4138(6),4496(6),-,-,-,-,-,-,5344(5),6246(5),6292(5),-,-,-,-
UP PG,UP Priv-Open Quota,UR,Uttar Pradesh,"Career Instt of MS, Lucknow",ANAESTHESIOLOGY,"₹16,00,000*","₹40,000",0,₹0,600,2024,-,2977(1),4057(2),-,-,-,-,-,-,5195(2),6112(2),6309(2),-,-,-,-
KAR PG (KEA),KAR Priv Seats-Open,OPN,Karnataka,"St John's, Bangalore",GENERAL MEDICINE,"₹12,40,025*","₹45,000",1*,"₹5,00,000*",1720,2024,898(2),1804(2),2336(2),-,-,-,-,-,59(1),59(1),1187(1),6317(1),-,-,-,-
RJSTHN PG,RAJ Priv-Mgmt Quota,GEN,Rajasthan,"PMCH(Pacific), Udaipur",OBG,"₹1,20,00,000*",₹0*,0,₹0,Info Not Available,2024,-,-,-,4359(2),-,-,-,-,-,-,-,6324(2),-,6018(1),-,-
RJSTHN PG,RAJ Priv-Mgmt Quota,GEN,Rajasthan,"PIMS(Pacific), Umarda, Udaipur",TBRD,"₹85,00,000*",Info not available*,0,₹0,750,2024,-,-,-,4617(1),-,-,-,-,-,-,-,6326(1),-,-,-,-
UP PG,UP Priv-Open Quota,UR,Uttar Pradesh,"Mayo IMS, Barabanki",GENERAL SURGERY,"₹20,30,961*","₹14,000*",1*,₹0*,736,2024,-,4110(5),4466(5),-,-,-,-,-,-,5639(9),6133(9),6331(9),-,6733(1),-,-
RJSTHN PG,RAJ Priv-All India,GEN,Rajasthan,"National IMS&R, Jaipur",PHARMACOLOGY,"₹20,000*","₹50,000",0,₹0,1130,2024,-,-,-,4421(1),-,-,-,-,-,-,-,6335(1),-,-,-,-
UP PG,UP Priv-Open Quota,UR,Uttar Pradesh,"Rohilkhand Med Coll, Bareilly",RADIATION ONCOLOGY,"₹18,00,000*","₹24,000*",0,₹0,720,2024,-,-,-,-,-,-,-,-,-,-,-,6341(4),-,7520(2),8207(1),-
RJSTHN PG,RAJ Priv-Mgmt Quota,GEN,Rajasthan,"PIMS(Pacific), Umarda, Udaipur",OBG,"₹1,20,00,000*",Info not available*,0,₹0,750,2024,-,-,-,-,4193(2),-,-,-,-,-,-,6344(2),-,-,-,-
RJSTHN PG,RAJ Priv-Mgmt Quota,GEN,Rajasthan,"PMCH(Pacific), Udaipur",RADIO DIAGNOSIS,"₹1,45,00,000*",₹0*,0,₹0,Info Not Available,2024,-,-,-,4471(2),-,-,-,-,-,-,-,6346(3),-,-,6824(3),-
UP PG,UP Priv-Open Quota,UR,Uttar Pradesh,"FH Med Coll, Agra",OPHTHALMOLOGY,"₹32,50,000*","₹45,000",0,₹0,932,2024,-,4481(1),4886(1),-,-,-,-,-,-,5657(1),6151(1),6350(1),-,-,-,-
UP PG,UP Priv-Open Quota,UR,Uttar Pradesh,"Rama Med Coll, Kanpur",EMERGENCY MEDICINE,"₹25,62,430*","₹30,000",0,₹0,730,2024,-,4046(3),4393(3),-,-,-,-,-,-,5328(3),6310(3),6368(3),-,7204(2),-,-
RJSTHN PG,RAJ Priv-All India,GEN,Rajasthan,"Ananta IMS & RC, Rajsamand",FORENSIC MEDICINE,"₹3,00,000*","₹25,000",0,₹0,775,2024,-,-,-,5697(1),-,-,-,-,-,-,-,6374(2),-,-,-,-
UP PG,UP Priv-Open Quota,UR,Uttar Pradesh,"IIMSR, Lucknow",OPHTHALMOLOGY,"₹35,95,000*","₹40,800",0,₹0,540,2024,-,4151(1),4510(1),-,-,-,-,-,-,5069(1),6184(1),6385(1),-,-,-,-
UP PG,UP Priv-Open Quota,UR,Uttar Pradesh,"TS Misra Med Coll, Lucknow",ENT,"₹21,63,946*","₹30,000",0,₹0,735,2024,-,-,-,1317(1),508(1),218(1),-,-,-,5908(1),6186(1),6387(1),-,-,-,-
RJSTHN PG,RAJ Priv-Mgmt Quota,GEN,Rajasthan,"PMCH(Pacific), Udaipur",DERMATOLOGY,"₹1,30,00,000*",₹0*,0,₹0,Info Not Available,2024,-,-,-,4200(1),-,-,-,-,-,-,-,6389(3),-,-,6833(2),-
RJSTHN PG,RAJ Priv-Mgmt Quota,GEN,Rajasthan,"PIMS(Pacific), Umarda, Udaipur",GENERAL SURGERY,"₹90,00,000*",Info not available*,0,₹0,750,2024,-,-,-,-,-,-,-,-,-,-,-,6394(3),-,-,7008(3),-
RJSTHN PG,RAJ Priv-Mgmt Quota,GEN,Rajasthan,"PMCH(Pacific), Udaipur",PAEDIATRICS,"₹95,00,000*",₹0*,0,₹0,Info Not Available,2024,-,-,-,4049(1),-,-,-,-,-,-,-,6413(3),-,-,-,-
UP PG,UP Priv-Open Quota,UR,Uttar Pradesh,"Mayo IMS, Barabanki",OPHTHALMOLOGY,"₹20,30,961*","₹14,000*",1*,₹0*,736,2024,-,4434(2),4835(2),-,-,-,-,-,-,5020(4),6213(4),6415(4),-,-,-,-
UP PG,UP Priv-Open Quota,UR,Uttar Pradesh,"Venkateshwara IMS, Gajraula",PSYCHIATRY,"₹21,63,946*","₹36,000",0,₹0,750,2024,-,3562(1),3864(1),1652(2),-,-,-,-,-,5991(3),6228(3),6430(3),-,-,-,-
UP PG,UP Priv-Open Quota,UR,Uttar Pradesh,"Prasad Inst of Med Sci,Lucknow",GENERAL SURGERY,"₹21,63,946*","₹18,000",0,₹0,410,2024,-,4031(5),4375(5),-,-,-,-,-,-,5626(5),6231(5),6433(5),-,-,-,-
UP PG,UP Priv-Open Quota,UR,Uttar Pradesh,"Rajshree MRI, Bareilly",GENERAL SURGERY,"₹24,89,880*","₹32,000",1*,₹0*,740,2024,-,3994(3),4306(3),-,-,-,-,-,-,5581(8),6332(8),6458(8),-,7039(3),6737(1),-
UP PG,UP Priv-Open Quota,UR,Uttar Pradesh,"Venkateshwara IMS, Gajraula",GENERAL SURGERY,"₹21,63,946*","₹36,000",0,₹0,750,2024,-,4315(10),4694(10),-,-,-,-,-,-,5712(10),6274(10),6478(10),-,-,-,-
RJSTHN PG,RAJ Priv-Mgmt Quota,GEN,Rajasthan,"PIMS(Pacific), Umarda, Udaipur",GENERAL MEDICINE,"₹1,10,00,000*",Info not available*,0,₹0,750,2024,-,-,-,4406(2),4085(1),-,-,-,-,-,-,6486(4),-,-,6863(3),-
RJSTHN PG,RAJ Priv-All India,GEN,Rajasthan,Jaipur National Univ IMS,MICROBIOLOGY,"₹8,00,000*",Info not available*,0,₹0,810,2024,-,-,-,6015(1),-,5793(1),-,-,-,-,-,6493(1),-,-,-,-
UP PG,UP Priv-Open Quota,UR,Uttar Pradesh,Noida International Inst of MS,GENERAL SURGERY,"₹22,35,387*","₹30,000",0,₹0,-,2024,-,-,-,-,-,-,-,-,-,-,6348(15),6503(15),-,6760(2),-,-
RJSTHN PG,RAJ Priv-Mgmt Quota,GEN,Rajasthan,"PIMS(Pacific), Umarda, Udaipur",RADIO DIAGNOSIS,"₹1,35,00,000*",Info not available*,0,₹0,750,2024,-,3109(2),-,-,4705(1),-,-,-,-,-,-,6505(4),-,-,-,-
UP PG,UP Priv-Open Quota,UR,Uttar Pradesh,"Subharti Med Coll, Meerut",ANAESTHESIOLOGY,"₹14,43,744*","₹30,000*",2*,₹0*,938,2024,-,4154(10),4514(10),-,-,-,-,-,-,5082(9),5479(9),6509(16),-,7982(4),5333(1),-
RJSTHN PG,RAJ Priv-Mgmt Quota,GEN,Rajasthan,"PIMS(Pacific), Umarda, Udaipur",PAEDIATRICS,"₹1,00,00,000*",Info not available*,0,₹0,750,2024,-,-,-,-,-,4899(1),-,-,-,-,-,6533(2),-,-,-,-
UP PG,UP Priv-Open Quota,UR,Uttar Pradesh,"Rohilkhand Med Coll, Bareilly",EMERGENCY MEDICINE,"₹23,09,009*","₹24,000*",1,"₹7,50,000",720,2024,-,4180(3),4161(3),1051(1),442(1),162(1),-,-,-,5439(3),6043(3),6534(3),-,-,-,-
UP PG,UP Priv-Open Quota,UR,Uttar Pradesh,"FH Med Coll, Agra",ORTHOPAEDICS,"₹39,50,000*","₹45,000",0,₹0,932,2024,-,4128(2),4484(2),-,-,-,-,-,-,5411(2),6333(2),6538(2),-,-,-,-
RJSTHN PG,RAJ Priv-Mgmt Quota,GEN,Rajasthan,"PMCH(Pacific), Udaipur",GENERAL MEDICINE,"₹1,20,00,000*",₹0*,0,₹0,Info Not Available,2024,-,-,3268(1),4084(3),-,-,-,-,-,-,-,6549(4),-,-,6821(3),-
UP PG,UP Priv-Open Quota,UR,Uttar Pradesh,"IIMSR, Lucknow",ORTHOPAEDICS,"₹39,95,000*","₹40,800",0,₹0,540,2024,-,3973(1),3674(1),1070(1),-,-,-,-,-,4709(1),6086(1),6553(1),-,-,-,-
UP PG,UP Priv-Open Quota,UR,Uttar Pradesh,"Krishna Mohan Med Coll,Mathura",GENERAL SURGERY,"₹21,63,946*","₹15,000*",0,₹0,700,2024,-,4157(4),4481(4),1069(2),434(1),169(1),-,-,-,5522(4),6352(4),6557(4),-,7110(2),-,-
RJSTHN PG,RAJ Priv-All India,GEN,Rajasthan,"Dr SSTantia Med,Sri Ganganagar",FORENSIC MEDICINE,"₹3,60,000",Info not available,0,₹0,-,2024,-,-,-,-,-,-,-,-,-,-,-,6580(1),-,-,-,-
RJSTHN PG,RAJ Priv-Mgmt Quota,GEN,Rajasthan,"PIMS(Pacific), Umarda, Udaipur",DERMATOLOGY,"₹1,35,00,000*",Info not available*,0,₹0,750,2024,-,-,-,-,-,5129(1),-,-,-,-,-,6581(3),-,-,-,-
UP PG,UP Priv-Open Quota,UR,Uttar Pradesh,"Varun Arjun, Shahjahanpur",OPHTHALMOLOGY,"₹23,38,116*","₹24,000*",1,"₹5,00,000",770,2024,-,4470(2),4564(2),1297(1),-,-,-,-,-,5507(2),6382(2),6588(2),-,-,-,-
UP PG,UP Priv-Open Quota,UR,Uttar Pradesh,"Saraswati IMS, Hapur",MICROBIOLOGY,"₹50,000*","₹25,000*",0,₹0,851,2024,-,-,-,3905(1),-,-,-,-,-,-,6403(1),6609(1),-,-,-,-
UP PG,UP Priv-Open Quota,UR,Uttar Pradesh,"Rajshree MRI, Bareilly",EMERGENCY MEDICINE,"₹24,89,880*","₹32,000",1*,₹0*,740,2024,-,4152(2),4511(2),-,-,-,-,-,-,5423(2),6732(2),6618(2),-,7176(2),-,-
UP PG,UP Priv-Open Quota,UR,Uttar Pradesh,"Varun Arjun, Shahjahanpur",GENERAL SURGERY,"₹23,38,116*","₹24,000*",1,"₹5,00,000",770,2024,-,4122(4),4478(4),-,-,-,-,-,-,5710(7),6419(7),6625(7),-,6919(1),-,-
UP PG,UP Priv-Open Quota,UR,Uttar Pradesh,Muzaffarnagar Medical College,ENT,"₹23,23,197*","₹56,100*",1*,₹0*,857,2024,-,4585(4),4999(4),-,-,-,-,-,-,5150(4),6429(4),6635(4),-,-,-,-
UP PG,UP Priv-Open Quota,UR,Uttar Pradesh,"Career Instt of MS, Lucknow",OPHTHALMOLOGY,"₹30,00,000*","₹40,000",0,₹0,600,2024,-,4580(1),4994(1),-,-,-,-,-,-,4826(2),6446(2),6655(2),-,-,-,-
UP PG,UP Priv-Open Quota,UR,Uttar Pradesh,"Career Instt of MS, Lucknow",ORTHOPAEDICS,"₹39,90,000*","₹40,000",0,₹0,600,2024,-,4082(2),4434(2),-,-,-,-,-,-,5094(2),6520(2),6734(2),-,-,-,-
UP PG,UP Priv-Open Quota,UR,Uttar Pradesh,"Krishna Mohan Med Coll,Mathura",OPHTHALMOLOGY,"₹21,63,946*","₹15,000*",0,₹0,700,2024,-,4517(3),5013(3),1476(4),553(3),296(2),-,-,-,5720(6),6360(6),6737(6),-,7525(2),-,-
UP PG,UP Priv-Open Quota,UR,Uttar Pradesh,"FH Med Coll, Agra",ENT,"₹22,50,000*","₹45,000",0,₹0,932,2024,-,-,-,1775(1),805(1),332(1),-,-,-,5882(1),7005(1),6787(1),-,-,-,-
UP PG,UP Priv-Open Quota,UR,Uttar Pradesh,"FH Med Coll, Agra",GENERAL SURGERY,"₹33,00,000*","₹45,000",0,₹0,932,2024,-,4107(2),4463(2),-,-,-,-,-,-,5840(2),6573(2),6789(2),-,-,-,-
UP PG,UP Priv-Open Quota,UR,Uttar Pradesh,"Career Instt of MS, Lucknow",PSYCHIATRY,"₹26,90,000*","₹40,000",0,₹0,600,2024,-,-,-,1059(2),-,-,-,-,-,5395(2),5869(2),6809(2),-,-,-,-
UP PG,UP Priv-Open Quota,UR,Uttar Pradesh,"Hind IMS, Sitapur",ENT,"₹20,40,950*","₹30,000",1*,₹0*,700,2024,-,-,-,1506(2),-,-,-,-,-,5808(2),6571(2),6877(2),-,-,-,-
UP PG,UP Priv-Open Quota,UR,Uttar Pradesh,"Heritage IMS, Varanasi",ENT,"₹21,12,517*","₹21,000",0,₹0,735,2024,-,3564(1),5011(2),-,-,-,-,-,-,5753(2),6509(2),6882(4),-,-,-,-
UP PG,UP Priv-Open Quota,UR,Uttar Pradesh,"Career Instt of MS, Lucknow",GENERAL SURGERY,"₹36,90,000*","₹40,000",0,₹0,600,2024,-,4312(2),4337(2),958(1),484(1),-,-,-,-,5645(2),6747(5),6898(5),-,-,-,-
UP PG,UP Priv-Open Quota,UR,Uttar Pradesh,"Rama Med Coll, Hapur",ENT,"₹24,75,612*","₹30,000*",Info Not Available,Info not available,1259,2024,-,-,-,1567(1),-,-,-,-,-,5857(1),5968(1),6937(1),-,-,-,-
UP PG,UP Priv-Open Quota,UR,Uttar Pradesh,"IIMSR, Lucknow",ANAESTHESIOLOGY,"₹19,00,000*","₹40,800",0,₹0,540,2024,-,-,4503(2),-,-,-,-,-,-,5595(3),6740(3),6966(3),-,-,-,-
UP PG,UP Priv-Open Quota,UR,Uttar Pradesh,"GS Med Coll Hosp,Hapur",ENT,"₹21,63,946*","₹32,000",0,₹0,Info Not Available,2024,-,-,-,1752(2),717(1),381(1),-,-,-,5859(2),6742(2),6981(2),-,7085(1),-,-
UP PG,UP Priv-Open Quota,UR,Uttar Pradesh,"Rajshree MRI, Bareilly",PSYCHIATRY,"₹24,89,880*","₹32,000",1*,₹0*,740,2024,-,4595(1),4474(3),-,-,-,-,-,-,5273(3),6397(3),7002(3),-,-,-,-
UP PG,UP Priv-Open Quota,UR,Uttar Pradesh,"Rohilkhand Med Coll, Bareilly",ENT,"₹23,09,009*","₹24,000*",1,"₹2,50,000",720,2024,-,4149(3),4667(3),1259(1),-,-,-,-,-,5846(3),6546(3),7012(3),-,-,7506(1),-
UP PG,UP Priv-Open Quota,UR,Uttar Pradesh,"KD Med Coll, Mathura",ANAESTHESIOLOGY,"₹21,63,946*","₹32,000",0,₹0,720,2024,-,-,4621(1),1841(3),835(1),-,-,-,-,6478(4),6785(4),7014(4),-,-,-,-
UP PG,UP Priv-Open Quota,UR,Uttar Pradesh,"Hind IMS, Barabanki",ENT,"₹25,24,901*","₹35,000",1*,₹0*,580,2024,-,4546(1),4992(2),-,-,-,-,-,-,5464(2),6613(2),7015(2),-,-,-,-
UP PG,UP Priv-Open Quota,UR,Uttar Pradesh,"SMSR, Greater Noida",ANAESTHESIOLOGY,"₹25,40,649*","₹32,000",0,₹0,1200,2024,-,4433(7),5020(12),1465(4),610(1),-,-,-,-,5900(15),6844(15),7021(15),-,7527(1),-,-
UP PG,UP Priv-Open Quota,UR,Uttar Pradesh,"Prasad Inst of Med Sci,Lucknow",PSYCHIATRY,"₹21,63,946*","₹18,000",0,₹0,410,2024,-,4423(3),4821(2),1542(1),580(1),285(1),-,-,-,5870(3),6794(3),7024(3),-,-,-,-
UP PG,UP Priv-Open Quota,UR,Uttar Pradesh,Muzaffarnagar Medical College,ANAESTHESIOLOGY,"₹23,23,197*","₹56,100*",1*,₹0*,857,2024,-,4428(2),4828(5),1470(2),473(1),-,-,-,-,6036(6),6861(6),7081(6),-,7537(1),-,-
UP PG,UP Priv-Open Quota,UR,Uttar Pradesh,"KD Med Coll, Mathura",ENT,"₹21,63,946*","₹32,000",0,₹0,720,2024,-,-,-,1837(6),705(3),378(2),-,-,-,5982(6),6766(6),7091(6),-,7476(1),-,-
UP PG,UP Priv-Open Quota,UR,Uttar Pradesh,"Mayo IMS, Barabanki",ENT,"₹20,30,961*","₹14,000*",1*,₹0*,736,2024,-,-,-,1755(3),778(2),345(1),-,-,-,6088(3),6725(3),7095(3),-,7523(1),-,-
UP PG,UP Priv-Open Quota,UR,Uttar Pradesh,"Krishna Mohan Med Coll,Mathura",PSYCHIATRY,"₹21,63,946*","₹15,000*",0,₹0,700,2024,-,-,4557(1),1600(6),676(2),334(1),-,-,-,5980(6),6867(6),7139(6),-,7719(2),7933(1),-
UP PG,UP Priv-Open Quota,UR,Uttar Pradesh,"SRMS IMS, Bareilly",ANAESTHESIOLOGY,"₹22,00,000*","₹32,000*",1*,₹0*,950,2024,-,4566(11),4981(12),1571(3),-,-,-,-,-,5987(14),6924(14),7163(14),-,7964(1),-,-
UP PG,UP Priv-Open Quota,UR,Uttar Pradesh,"SRMS IMS, Bareilly",IHBT,"₹50,000*","₹32,000*",1*,₹0*,950,2024,-,3914(1),4248(1),-,-,-,-,-,-,4258(1),6928(1),7167(1),-,-,-,-
UP PG,UP Priv-Open Quota,UR,Uttar Pradesh,"Heritage IMS, Varanasi",ANAESTHESIOLOGY,"₹21,12,517*","₹21,000",0,₹0,735,2024,-,4574(2),4989(4),1845(1),619(1),335(1),-,-,-,6539(5),6711(5),7200(8),-,-,-,-
UP PG,UP Priv-Open Quota,UR,Uttar Pradesh,"Rama Med Coll, Kanpur",ENT,"₹25,62,430*","₹30,000",0,₹0,730,2024,-,-,4833(1),1281(1),-,-,-,-,-,5944(2),6690(2),7316(2),-,7461(1),7947(1),-
UP PG,UP Priv-Open Quota,UR,Uttar Pradesh,"Rajshree MRI, Bareilly",ENT,"₹24,89,880*","₹32,000",1*,₹0*,740,2024,-,-,-,1531(2),-,-,-,-,-,6182(2),7027(2),7332(2),-,-,-,-
UP PG,UP Priv-Open Quota,UR,Uttar Pradesh,"Saraswati IMS, Hapur",ANAESTHESIOLOGY,"₹20,22,143*","₹32,000*",0,₹0,851,2024,-,4597(3),5015(7),1653(3),-,-,-,-,-,6571(9),7086(9),7337(9),-,8011(1),-,-
UP PG,UP Priv-Open Quota,UR,Uttar Pradesh,"Venkateshwara IMS, Gajraula",ENT,"₹21,63,946*","₹36,000",0,₹0,750,2024,-,-,-,1990(4),886(1),-,-,-,-,6175(4),7094(4),7346(4),-,-,-,-
UP PG,UP Priv-Open Quota,UR,Uttar Pradesh,"Varun Arjun, Shahjahanpur",ENT,"₹23,38,116*","₹24,000*",1,"₹2,50,000",770,2024,-,-,-,1703(2),-,-,-,-,-,6218(2),7015(2),7394(2),-,-,-,-
UP PG,UP Priv-Open Quota,UR,Uttar Pradesh,"Varun Arjun, Shahjahanpur",PSYCHIATRY,"₹23,38,116*","₹24,000*",1,"₹5,00,000",770,2024,-,-,4403(1),1649(3),-,-,-,-,-,5759(4),6565(4),7403(4),-,-,-,-
UP PG,UP Priv-Open Quota,UR,Uttar Pradesh,"Prasad Inst of Med Sci,Lucknow",ENT,"₹21,63,946*","₹18,000",0,₹0,410,2024,-,-,-,1969(4),809(2),418(2),-,-,-,6184(4),7049(4),7426(4),-,7549(1),-,-
UP PG,UP Priv-Open Quota,UR,Uttar Pradesh,"Krishna Mohan Med Coll,Mathura",ENT,"₹21,63,946*","₹15,000*",0,₹0,700,2024,-,-,-,2010(6),755(1),359(1),-,-,-,6288(6),7137(6),7482(6),-,-,-,-
UP PG,UP Priv-Open Quota,UR,Uttar Pradesh,"Rama Med Coll, Hapur",ANAESTHESIOLOGY,"₹24,75,612*","₹30,000*",Info Not Available,Info not available,1259,2024,-,-,4594(2),1767(3),772(1),-,-,-,-,6786(4),7215(4),7490(4),-,-,-,-
UP PG,UP Priv-Open Quota,UR,Uttar Pradesh,"TS Misra Med Coll, Lucknow",ANAESTHESIOLOGY,"₹21,63,946*","₹30,000",0,₹0,735,2024,-,2341(1),-,2022(3),-,-,-,-,-,6781(3),7237(3),7497(3),-,8031(1),-,-
UP PG,UP Priv-Open Quota,UR,Uttar Pradesh,"FH Med Coll, Agra",ANAESTHESIOLOGY,"₹22,50,000*","₹45,000",0,₹0,932,2024,-,-,-,2064(2),-,-,-,-,-,6298(2),7257(2),7517(2),-,-,-,-
UP PG,UP Priv-Open Quota,UR,Uttar Pradesh,"Mayo IMS, Barabanki",ANAESTHESIOLOGY,"₹20,30,961*","₹14,000*",1*,₹0*,736,2024,-,-,-,2095(3),852(1),439(1),-,-,-,6733(3),7339(3),7605(3),-,8027(1),8145(1),-
UP PG,UP Priv-Open Quota,UR,Uttar Pradesh,"GS Med Coll Hosp,Hapur",ANAESTHESIOLOGY,"₹21,63,946*","₹32,000",0,₹0,Info Not Available,2024,-,-,-,2009(6),822(3),401(1),-,-,-,6785(6),7375(6),7643(6),-,-,-,-
UP PG,UP Priv-Open Quota,UR,Uttar Pradesh,"Hind IMS, Barabanki",ANAESTHESIOLOGY,"₹25,24,901*","₹35,000",1*,₹0*,580,2024,-,-,4133(1),2011(7),711(1),-,-,-,-,6732(7),7428(7),7706(7),-,-,-,-
UP PG,UP Priv-Open Quota,UR,Uttar Pradesh,"Rama Med Coll, Kanpur",ANAESTHESIOLOGY,"₹25,62,430*","₹30,000",0,₹0,730,2024,-,4571(1),4986(1),1808(3),786(2),-,-,-,-,6816(4),7478(4),7772(4),-,-,-,-
UP PG,UP Priv-Open Quota,UR,Uttar Pradesh,"Teerthanker Med Coll,Moradabad",PATHOLOGY,"₹11,70,000*","₹69,600",0,₹0,1000,2024,-,-,-,2284(5),1262(3),-,-,-,-,7826(4),7513(2),7798(4),-,8356(2),-,-
UP PG,UP Priv-Open Quota,UR,Uttar Pradesh,"Rohilkhand Med Coll, Bareilly",ANAESTHESIOLOGY,"₹23,09,009*","₹24,000*",1,"₹2,50,000",720,2024,-,-,4036(1),1788(13),700(5),357(1),-,-,-,6865(14),7539(14),7826(14),-,8014(1),-,-
UP PG,UP Priv-Open Quota,UR,Uttar Pradesh,"Hind IMS, Sitapur",ANAESTHESIOLOGY,"₹20,40,950*","₹30,000",1*,₹0*,700,2024,-,4537(2),4946(2),1914(3),824(1),437(1),-,-,-,6738(5),7575(5),7865(5),-,-,-,-
UP PG,UP Priv-Open Quota,UR,Uttar Pradesh,"Era Lucknow Med Coll, Lucknow",PATHOLOGY,"₹10,90,000*","₹62,000",0,₹0,850,2024,-,4120(4),4476(4),-,-,-,-,-,-,7032(3),7631(3),7925(3),-,-,-,-
UP PG,UP Priv-Open Quota,UR,Uttar Pradesh,"National Captl Reg IMS, Meerut",ANAESTHESIOLOGY,"₹22,35,387*","₹56,100",0,₹0,680,2024,-,-,-,-,-,-,-,-,-,7107(12),7661(12),7961(12),-,-,-,-
UP PG,UP Priv-Open Quota,UR,Uttar Pradesh,"SRMS IMS, Bareilly",PATHOLOGY,"₹9,00,000*","₹32,000*",1*,₹0*,950,2024,-,-,-,2196(6),1033(2),515(1),-,-,-,7466(6),7700(5),8002(6),-,-,-,-
UP PG,UP Priv-Open Quota,UR,Uttar Pradesh,Noida International Inst of MS,ANAESTHESIOLOGY,"₹22,35,387*","₹30,000",0,₹0,-,2024,-,-,-,-,-,-,-,-,-,-,7708(15),8012(15),-,6793(1),-,-
UP PG,UP Priv-Open Quota,UR,Uttar Pradesh,"Krishna Mohan Med Coll,Mathura",ANAESTHESIOLOGY,"₹21,63,946*","₹15,000*",0,₹0,700,2024,-,-,-,2139(4),881(2),-,-,-,-,7036(4),7740(4),8015(4),-,-,-,-
UP PG,UP Priv-Open Quota,UR,Uttar Pradesh,"Venkateshwara IMS, Gajraula",ANAESTHESIOLOGY,"₹21,63,946*","₹36,000",0,₹0,750,2024,-,-,-,2154(4),918(2),443(1),-,-,-,7086(4),7768(4),8076(4),-,-,-,-
UP PG,UP Priv-Open Quota,UR,Uttar Pradesh,"SMSR, Greater Noida",PATHOLOGY,"₹13,68,025*","₹32,000",0,₹0,1200,2024,-,4408(2),4804(3),706(1),-,-,-,-,-,7774(4),7774(4),8082(4),-,-,-,-
UP PG,UP Priv-Open Quota,UR,Uttar Pradesh,"Prasad Inst of Med Sci,Lucknow",ANAESTHESIOLOGY,"₹21,63,946*","₹18,000",0,₹0,410,2024,-,-,-,2109(5),934(3),441(1),-,-,-,7049(5),7783(5),8091(5),-,-,-,-
UP PG,UP Priv-Open Quota,UR,Uttar Pradesh,"Rajshree MRI, Bareilly",ANAESTHESIOLOGY,"₹24,89,880*","₹32,000",1*,₹0*,740,2024,-,-,-,2066(4),-,-,-,-,-,7084(5),7784(5),8092(5),-,7405(1),7579(1),-
UP PG,UP Priv-Open Quota,UR,Uttar Pradesh,Noida International Inst of MS,PATHOLOGY,"₹12,18,877*","₹30,000",0,₹0,-,2024,-,-,-,-,-,-,-,-,-,-,-,8216(2),-,8793(1),9095(1),-
UP PG,UP Priv-Open Quota,UR,Uttar Pradesh,"Varun Arjun, Shahjahanpur",ANAESTHESIOLOGY,"₹23,38,116*","₹24,000*",1,"₹2,50,000",770,2024,-,-,5005(1),2189(12),860(1),-,-,-,-,7220(13),7886(13),8222(13),-,-,-,-
UP PG,UP Priv-Open Quota,UR,Uttar Pradesh,"Hind IMS, Barabanki",PATHOLOGY,"₹6,00,000*","₹35,000",1*,₹0*,580,2024,-,-,-,2761(4),891(1),-,-,-,-,7877(2),7877(1),8261(4),-,3855(1),-,-
UP PG,UP Priv-Open Quota,UR,Uttar Pradesh,"Hind IMS, Sitapur",PATHOLOGY,"₹5,00,000*","₹30,000",1*,₹0*,700,2024,-,-,4499(1),2229(3),1206(1),-,-,-,-,7790(3),-,8282(4),-,8947(1),-,-
UP PG,UP Priv-Open Quota,UR,Uttar Pradesh,"Era Lucknow Med Coll, Lucknow",BIOCHEMISTRY,"₹6,00,000*",₹0*,0,₹0,850,2024,-,-,-,-,2131(1),-,-,-,-,-,-,8337(1),-,-,-,-
UP PG,UP Priv-Open Quota,UR,Uttar Pradesh,"Saraswati IMS, Hapur",PATHOLOGY,"₹10,88,846*","₹25,000*",0,₹0,851,2024,-,-,-,2602(4),823(1),-,-,-,-,7914(1),7914(2),8391(4),-,8633(1),-,-
UP PG,UP Priv-Open Quota,UR,Uttar Pradesh,"Career Instt of MS, Lucknow",PATHOLOGY,"₹8,00,000*","₹40,000",0,₹0,600,2024,-,-,-,2367(1),-,-,-,-,-,6455(3),6455(1),8428(3),-,-,-,-
UP PG,UP Priv-Open Quota,UR,Uttar Pradesh,"IIMSR, Lucknow",PATHOLOGY,"₹12,00,000*","₹40,800",0,₹0,540,2024,-,-,-,2498(2),-,-,-,-,-,-,5950(1),8459(3),-,9047(1),-,-
UP PG,UP Priv-Open Quota,UR,Uttar Pradesh,"Rama Med Coll, Kanpur",PATHOLOGY,"₹14,32,270*","₹30,000",0,₹0,730,2024,-,3978(1),4321(1),2835(1),-,-,-,-,-,7973(2),7973(2),8618(2),-,-,-,-
UP PG,UP Priv-Open Quota,UR,Uttar Pradesh,"TS Misra Med Coll, Lucknow",PATHOLOGY,"₹2,00,000*","₹30,000",0,₹0,735,2024,-,-,-,2540(3),-,-,-,-,-,7925(2),7975(2),8628(3),-,5065(1),-,-
UP PG,UP Priv-Open Quota,UR,Uttar Pradesh,"KD Med Coll, Mathura",PATHOLOGY,"₹8,00,000*","₹32,000",0,₹0,720,2024,-,-,-,2293(4),1322(3),-,-,-,-,7993(2),7993(4),8696(4),-,-,-,-
UP PG,UP Priv-Open Quota,UR,Uttar Pradesh,"SRMS IMS, Bareilly",SPM,"₹36,000*","₹32,000*",1*,₹0*,950,2024,-,-,2591(1),2583(2),1015(1),-,-,-,-,6508(1),7790(2),8728(3),-,-,9988(1),-
UP PG,UP Priv-Open Quota,UR,Uttar Pradesh,"Rajshree MRI, Bareilly",BIOCHEMISTRY,"₹11,000*","₹32,000",1*,₹0*,740,2024,-,-,-,4082(2),-,-,-,-,-,-,6745(1),8754(3),-,-,-,-
UP PG,UP Priv-Open Quota,UR,Uttar Pradesh,"Subharti Med Coll, Meerut",PATHOLOGY,"₹10,80,000*","₹30,000*",2*,₹0*,938,2024,-,4196(1),4560(1),2149(4),1095(3),460(1),-,-,-,7123(3),8018(3),8800(5),-,8205(1),9046(1),-
UP PG,UP Priv-Open Quota,UR,Uttar Pradesh,"National Captl Reg IMS, Meerut",PATHOLOGY,"₹12,02,199*","₹56,100",0,₹0,680,2024,-,-,-,2905(3),1173(1),-,-,-,-,-,-,8842(3),-,8785(2),9351(2),-
UP PG,UP Priv-Open Quota,UR,Uttar Pradesh,"Saraswati IMS, Hapur",SPM,"₹50,000*","₹25,000*",0,₹0,851,2024,-,-,-,2161(2),-,-,-,-,-,-,-,8851(2),-,-,-,-
UP PG,UP Priv-Open Quota,UR,Uttar Pradesh,"Heritage IMS, Varanasi",PATHOLOGY,"₹11,37,509*","₹21,000",0,₹0,735,2024,-,-,4512(1),2877(5),1345(2),614(1),-,-,-,8045(4),8045(4),8890(6),-,8434(2),8751(1),-
UP PG,UP Priv-Open Quota,UR,Uttar Pradesh,"Hind IMS, Barabanki",ANATOMY,₹0*,"₹35,000",1*,₹0*,580,2024,-,-,-,4633(2),-,1206(1),-,-,-,-,-,9004(1),-,-,-,-
UP PG,UP Priv-Open Quota,UR,Uttar Pradesh,"Varun Arjun, Shahjahanpur",SPM,"₹4,00,000*",₹0,0,₹0,770,2024,-,-,-,3784(3),-,-,-,-,-,-,-,9060(1),-,-,10720(2),-
UP PG,UP Priv-Open Quota,UR,Uttar Pradesh,"Rajshree MRI, Bareilly",PATHOLOGY,"₹8,00,000*","₹32,000",1*,₹0*,740,2024,-,-,-,2857(4),1308(1),-,-,-,-,7410(1),7744(1),9065(4),-,9293(3),-,-
UP PG,UP Priv-Open Quota,UR,Uttar Pradesh,"Rajshree MRI, Bareilly",PHARMACOLOGY,"₹11,000*","₹32,000",1*,₹0*,740,2024,-,-,-,4522(4),1866(1),-,-,-,-,-,-,9095(1),-,-,10485(1),-
UP PG,UP Priv-Open Quota,UR,Uttar Pradesh,"FH Med Coll, Agra",PATHOLOGY,"₹12,50,000*","₹45,000",0,₹0,932,2024,-,-,-,2773(2),-,-,-,-,-,6388(2),-,9128(3),-,9237(1),-,-
UP PG,UP Priv-Open Quota,UR,Uttar Pradesh,"SMSR, Greater Noida",BIOCHEMISTRY,"₹9,77,116*","₹32,000",0,₹0,1200,2024,-,-,-,4206(1),-,-,-,-,-,-,-,9155(1),-,-,-,-
UP PG,UP Priv-Open Quota,UR,Uttar Pradesh,"Rohilkhand Med Coll, Bareilly",PATHOLOGY,"₹11,00,000*","₹24,000*",1,"₹2,50,000",720,2024,-,-,-,2755(9),1280(3),-,-,-,-,7760(5),7485(2),9164(9),-,-,-,-
UP PG,UP Priv-Open Quota,UR,Uttar Pradesh,"Varun Arjun, Shahjahanpur",MICROBIOLOGY,"₹4,00,000*",₹0,0,₹0,770,2024,-,-,-,4396(2),1926(1),-,-,-,-,-,-,9167(1),-,-,-,-
UP PG,UP Priv-Open Quota,UR,Uttar Pradesh,Muzaffarnagar Medical College,PATHOLOGY,"₹12,50,889*","₹56,100*",1*,₹0*,857,2024,-,4554(1),4968(1),2481(9),1382(4),576(1),-,-,-,8018(7),7789(2),9189(10),-,8056(1),-,-
UP PG,UP Priv-Open Quota,UR,Uttar Pradesh,"Mayo IMS, Barabanki",PATHOLOGY,"₹10,93,571*","₹14,000*",0*,₹0*,736,2024,-,-,-,2978(4),1403(2),773(1),-,-,-,-,-,9190(4),-,-,-,-
UP PG,UP Priv-Open Quota,UR,Uttar Pradesh,"United InstofMed Sci,Allahabad",PATHOLOGY,"₹11,96,543*",Info not available,0,₹0,-,2024,-,-,-,2917(4),-,-,-,-,-,-,-,9213(4),-,9375(2),-,-
UP PG,UP Priv-Open Quota,UR,Uttar Pradesh,"Venkateshwara IMS, Gajraula",PATHOLOGY,"₹12,02,199*","₹36,000",0,₹0,750,2024,-,-,-,3165(6),1460(3),-,-,-,-,-,-,9343(6),-,9352(2),-,-
UP PG,UP Priv-Open Quota,UR,Uttar Pradesh,"Subharti Med Coll, Meerut",PHYSIOLOGY,₹0*,"₹30,000*",2*,Info not available*,938,2024,-,-,-,4589(2),2146(1),-,-,-,-,-,-,9386(1),-,-,-,-
UP PG,UP Priv-Open Quota,UR,Uttar Pradesh,"National Captl Reg IMS, Meerut",SPM,"₹8,80,186*","₹56,100",0,₹0,680,2024,-,-,-,3898(4),1611(1),-,-,-,-,-,-,9394(2),-,10244(3),-,-
KAR PG (KEA),KAR Priv Seats-Open,OPN,Karnataka,"Navodaya Med Coll, Raichur",RADIO DIAGNOSIS,"₹13,88,744*","₹10,000*",1*,"₹50,00,000*",1110,2024,-,-,-,-,-,-,-,-,4816(1),4816(1),11258(1),9460(1),-,-,-,-
UP PG,UP Priv-Open Quota,UR,Uttar Pradesh,"SMSR, Greater Noida",SPM,"₹9,77,116*","₹32,000",0,₹0,1200,2024,-,-,-,2775(2),1593(2),-,-,-,-,-,-,9491(1),-,8039(1),-,-
UP PG,UP Priv-Open Quota,UR,Uttar Pradesh,"SMSR, Greater Noida",MICROBIOLOGY,"₹9,77,116*","₹32,000",0,₹0,1200,2024,-,-,-,3861(2),1550(1),-,-,-,-,-,-,9536(2),-,9887(1),-,-
UP PG,UP Priv-Open Quota,UR,Uttar Pradesh,"Krishna Mohan Med Coll,Mathura",PATHOLOGY,"₹11,96,543*","₹15,000*",0,₹0,700,2024,-,-,-,3134(6),1475(4),809(2),-,-,-,7700(1),-,9549(6),-,8857(1),9442(1),-
UP PG,UP Priv-Open Quota,UR,Uttar Pradesh,Muzaffarnagar Medical College,PHARMACOLOGY,"₹8,93,521*","₹56,100*",1*,₹0*,857,2024,-,-,-,4250(3),1784(1),736(1),-,-,-,-,-,9571(1),-,-,-,-
UP PG,UP Priv-Open Quota,UR,Uttar Pradesh,"Rohilkhand Med Coll, Bareilly",SPM,"₹1,00,000*","₹24,000*",0,₹0,720,2024,-,-,-,3641(6),1541(2),-,-,-,-,-,-,9627(3),-,-,10622(4),-
UP PG,UP Priv-Open Quota,UR,Uttar Pradesh,"Hind IMS, Barabanki",FORENSIC MEDICINE,₹0*,"₹35,000",1*,₹0*,580,2024,-,-,-,3633(2),-,-,-,-,-,-,-,9648(2),-,-,-,-
UP PG,UP Priv-Open Quota,UR,Uttar Pradesh,"Subharti Med Coll, Meerut",SPM,₹0*,"₹30,000*",2*,Info not available*,938,2024,-,-,-,3126(3),-,-,-,-,-,-,-,9649(3),-,-,-,-
UP PG,UP Priv-Open Quota,UR,Uttar Pradesh,"Varun Arjun, Shahjahanpur",PATHOLOGY,"₹12,02,199*",₹0,0,₹0,770,2024,-,-,-,3123(10),-,-,-,-,-,-,-,9674(10),-,9716(3),-,-
UP PG,UP Priv-Open Quota,UR,Uttar Pradesh,"Teerthanker Med Coll,Moradabad",FORENSIC MEDICINE,"₹10,000*",Info not available*,0,₹0,1000,2024,-,-,-,3917(2),1664(1),1166(1),-,-,-,-,7577(1),9713(2),-,10128(1),-,-
UP PG,UP Priv-Open Quota,UR,Uttar Pradesh,"Teerthanker Med Coll,Moradabad",SPM,"₹10,000*",Info not available*,0,₹0,1000,2024,-,-,-,2951(2),-,653(1),-,-,-,7351(1),-,9717(3),-,9452(1),10471(1),-
UP PG,UP Priv-Open Quota,UR,Uttar Pradesh,"Rama Med Coll, Kanpur",MICROBIOLOGY,"₹40,000*","₹30,000",0,₹0,730,2024,-,-,-,4300(3),-,-,-,-,-,-,-,9775(2),-,-,10577(1),-
UP PG,UP Priv-Open Quota,UR,Uttar Pradesh,"Career Instt of MS, Lucknow",SPM,"₹1,00,000*",Info not available*,0,₹0,600,2024,-,-,-,3465(2),-,-,-,-,-,-,-,9870(3),-,-,-,-
UP PG,UP Priv-Open Quota,UR,Uttar Pradesh,"Era Lucknow Med Coll, Lucknow",SPM,"₹6,00,000*",₹0*,0,₹0,850,2024,-,-,-,2061(1),-,-,-,-,-,-,-,9882(2),-,9960(1),-,-
UP PG,UP Priv-Open Quota,UR,Uttar Pradesh,"Hind IMS, Barabanki",SPM,"₹6,00,000*","₹35,000",1*,₹0*,580,2024,-,-,-,3634(2),-,-,-,-,-,4460(1),-,9925(2),-,9160(1),-,-
UP PG,UP Priv-Open Quota,UR,Uttar Pradesh,"TS Misra Med Coll, Lucknow",MICROBIOLOGY,₹0*,"₹10,000",0,₹0,735,2024,-,-,-,4280(2),-,-,-,-,-,-,-,9929(2),-,-,-,-
UP PG,UP Priv-Open Quota,UR,Uttar Pradesh,"Subharti Med Coll, Meerut",MICROBIOLOGY,₹0*,"₹30,000*",2*,Info not available*,938,2024,-,-,-,3413(3),-,-,-,-,-,-,-,9944(3),-,9841(1),10737(1),-
UP PG,UP Priv-Open Quota,UR,Uttar Pradesh,"TS Misra Med Coll, Lucknow",PHARMACOLOGY,₹0*,"₹10,000",0,₹0,735,2024,-,-,-,4336(2),-,-,-,-,-,-,-,9962(2),-,-,-,-
UP PG,UP Priv-Open Quota,UR,Uttar Pradesh,"Career Instt of MS, Lucknow",MICROBIOLOGY,"₹1,00,000*",Info not available*,0,₹0,600,2024,-,-,-,4395(2),-,-,-,-,-,-,-,10028(1),-,-,10752(3),-
UP PG,UP Priv-Open Quota,UR,Uttar Pradesh,"FH Med Coll, Agra",SPM,"₹10,000*","₹45,000",0,₹0,932,2024,-,-,-,3812(2),1510(1),-,-,-,-,-,-,10036(3),-,-,9961(1),-
UP PG,UP Priv-Open Quota,UR,Uttar Pradesh,"TS Misra Med Coll, Lucknow",SPM,₹0*,"₹10,000",0,₹0,735,2024,-,-,-,3481(3),1491(1),-,-,-,-,-,-,10061(3),-,-,-,-
UP PG,UP Priv-Open Quota,UR,Uttar Pradesh,"Hind IMS, Barabanki",PHARMACOLOGY,₹0*,"₹35,000",1*,₹0*,580,2024,-,-,-,4261(4),1850(1),-,-,-,-,-,-,10063(1),-,-,10552(3),-
UP PG,UP Priv-Open Quota,UR,Uttar Pradesh,"Rohilkhand Med Coll, Bareilly",MICROBIOLOGY,"₹1,00,000*","₹24,000*",0,₹0,720,2024,-,-,-,3986(2),1804(1),-,-,-,-,-,-,10072(1),-,-,10749(1),-
UP PG,UP Priv-Open Quota,UR,Uttar Pradesh,"Heritage IMS, Varanasi",PHARMACOLOGY,"₹5,00,000*","₹21,000",0,₹0,735,2024,-,-,-,4452(2),1921(1),1172(1),-,-,-,-,-,10091(1),-,-,-,-
UP PG,UP Priv-Open Quota,UR,Uttar Pradesh,"SMSR, Greater Noida",PHARMACOLOGY,"₹9,77,116*","₹32,000",0,₹0,1200,2024,-,-,-,3613(2),-,-,-,-,-,-,-,10109(2),-,-,-,-
UP PG,UP Priv-Open Quota,UR,Uttar Pradesh,"Rajshree MRI, Bareilly",SPM,"₹11,000*","₹32,000",1*,₹0*,740,2024,-,-,-,3654(3),-,-,-,-,-,-,-,10117(2),-,9910(1),-,-
UP PG,UP Priv-Open Quota,UR,Uttar Pradesh,"Rajshree MRI, Bareilly",MICROBIOLOGY,"₹11,000*","₹32,000",1*,₹0*,740,2024,-,-,-,4116(3),-,-,-,-,-,-,-,10129(1),-,-,10795(2),-
UP PG,UP Priv-Open Quota,UR,Uttar Pradesh,"SRMS IMS, Bareilly",MICROBIOLOGY,"₹36,000*","₹32,000*",1*,₹0*,950,2024,-,-,-,4096(3),-,-,-,-,-,7142(1),7142(1),10146(3),-,-,-,-
UP PG,UP Priv-Open Quota,UR,Uttar Pradesh,"Career Instt of MS, Lucknow",ANATOMY,"₹1,00,000*",Info not available*,0,₹0,600,2024,-,-,-,4541(1),-,1196(1),-,-,-,-,-,10194(1),-,-,10596(1),-
UP PG,UP Priv-Open Quota,UR,Uttar Pradesh,"Career Instt of MS, Lucknow",PHARMACOLOGY,"₹1,00,000*",Info not available*,0,₹0,600,2024,-,-,-,3133(1),-,-,-,-,-,-,-,10207(2),-,-,10547(1),-
UP PG,UP Priv-Open Quota,UR,Uttar Pradesh,"Hind IMS, Barabanki",MICROBIOLOGY,"₹6,00,000*","₹35,000",1*,₹0*,580,2024,-,-,-,4462(4),-,-,-,-,-,-,-,10225(3),-,-,10186(1),-
UP PG,UP Priv-Open Quota,UR,Uttar Pradesh,"Hind IMS, Barabanki",PHYSIOLOGY,₹0*,"₹35,000",1*,₹0*,580,2024,-,-,-,4471(2),2075(1),-,-,-,-,-,-,10252(1),-,-,-,-
UP PG,UP Priv-Open Quota,UR,Uttar Pradesh,"SRMS IMS, Bareilly",FORENSIC MEDICINE,"₹36,000*","₹32,000*",1*,₹0*,950,2024,-,-,-,3604(3),927(2),866(2),-,-,-,-,-,10253(3),-,-,-,-
UP PG,UP Priv-Open Quota,UR,Uttar Pradesh,"IIMSR, Lucknow",SPM,"₹6,00,000*",Info not available*,0,₹0,540,2024,-,-,-,3723(2),1488(1),-,-,-,-,-,-,10258(2),-,-,10649(3),-
UP PG,UP Priv-Open Quota,UR,Uttar Pradesh,"Rama Med Coll, Kanpur",SPM,"₹40,000*","₹30,000",0,₹0,730,2024,-,-,-,3580(6),1719(3),-,-,-,-,-,-,10259(4),-,-,10658(4),-
UP PG,UP Priv-Open Quota,UR,Uttar Pradesh,"Career Instt of MS, Lucknow",PHYSIOLOGY,"₹1,00,000*",Info not available*,0,₹0,600,2024,-,-,-,-,2003(1),-,-,-,-,-,-,10262(1),-,-,-,-
KAR PG (KEA),KAR Priv Seats-Open,OPN,Karnataka,"VIMS (Vydehi), Bangalore",GENERAL MEDICINE,"₹13,88,744*","₹29,000*",1*,"₹50,00,000*",1600,2024,5810(2),4593(2),9231(2),-,-,-,-,-,6108(1),2758(1),7210(1),10274(1),-,-,-,-
KAR PG (KEA),KAR Priv Seats-Open,OPN,Karnataka,"AJIMS, Mangalore",GENERAL MEDICINE,"₹13,88,744*","₹30,000",1*,"₹50,00,000*",910,2024,5435(1),4794(1),7617(1),-,-,-,-,-,5554(1),4835(1),6302(1),14097(1),-,18705(1),-,-
KAR PG (KEA),KAR Priv Seats-Open,OPN,Karnataka,"Kempegowda IMS, Bangalore",PAEDIATRICS,"₹13,88,744*","₹35,000*",1*,"₹50,00,000*",1100,2024,7073(2),7073(2),13607(2),-,-,-,-,-,8002(4),7657(4),12310(3),14138(1),-,-,-,-
KAR PG (KEA),KAR Priv Seats-Open,OPN,Karnataka,"Oxford Med Coll, Bangalore",GENERAL MEDICINE,"₹13,88,744*","₹30,000*",1*,"₹50,00,000*",770,2024,9677(1),6546(1),16185(1),17809(1),-,-,-,-,8681(1),6622(1),13883(1),15206(1),-,22744(1),-,-
KAR PG (KEA),KAR Priv Seats-Open,OPN,Karnataka,"SDM College, Dharwad",PAEDIATRICS,"₹28,75,650*","₹45,000*",1*,"₹50,00,000*",670,2024,16052(2),16052(2),30478(2),-,-,-,-,-,14761(1),8693(1),16150(1),18870(1),-,41125(1),-,-
KAR PG (KEA),KAR Priv Seats-Open,OPN,Karnataka,"Navodaya Med Coll, Raichur",PAEDIATRICS,"₹13,88,744*","₹10,000*",1*,"₹50,00,000*",1110,2024,12391(1),11840(1),17072(1),-,-,-,-,-,14149(1),12544(1),18834(1),23289(1),-,23289(1),-,-
KAR PG (KEA),KAR Priv Seats-Open,OPN,Karnataka,"Kempegowda IMS, Bangalore",TBRD,"₹13,88,744*","₹35,000*",1*,"₹50,00,000*",1100,2024,-,-,-,-,-,-,-,-,9990(1),9990(1),-,26655(1),-,31148(1),-,-
KAR PG (KEA),KAR Priv Seats-Open,OPN,Karnataka,"SMC, Shimoga",OBG,"₹13,88,744*",Info not available,1*,"₹50,00,000*",1250,2024,-,-,-,22899(1),-,-,-,-,15130(1),14519(1),20071(1),28575(1),-,28575(1),-,-
KAR PG (KEA),KAR Priv Seats-Open,OPN,Karnataka,"SSIMS & RC, Davangere",TBRD,"₹13,88,744*","₹30,000",1*,"₹50,00,000*",1190,2024,14402(1),10459(1),22382(1),-,-,-,-,-,14727(1),14657(1),22943(1),29174(1),-,-,-,-
KAR PG (KEA),KAR Priv Seats-Open,OPN,Karnataka,"Kempegowda IMS, Bangalore",ORTHOPAEDICS,"₹13,88,744*","₹35,000*",1*,"₹50,00,000*",1100,2024,13174(1),11083(1),17913(1),-,-,-,-,-,17007(3),16553(3),21205(3),29580(1),-,34672(1),-,-
KAR PG (KEA),KAR Priv Seats-Open,OPN,Karnataka,"Father Mullers, Mangalore",PSYCHIATRY,"₹13,88,744*","₹35,000*",1*,"₹50,00,000*",1250,2024,-,-,-,-,-,-,-,-,10763(1),10763(1),10763(1),30299(1),-,-,-,-
KAR PG (KEA),KAR Priv Seats-Open,OPN,Karnataka,"Shridevi IMS, Tumkur",OPHTHALMOLOGY,"₹13,88,744*",Info not available*,1*,"₹50,00,000*",750,2024,28280(1),24693(1),33349(1),79089(1),-,-,-,-,21262(1),21262(1),40115(1),31175(1),-,37192(1),-,-
KAR PG (KEA),KAR Priv Seats-Open,OPN,Karnataka,"Al-Ameen, Bijapur",OBG,"₹13,88,744*","₹9,000*",1*,"₹50,00,000*",1040,2024,15039(1),11512(1),22013(1),20432(1),-,-,-,-,16076(1),15314(1),20896(1),33222(1),-,28111(1),-,-
KAR PG (KEA),KAR Priv Seats-Open,OPN,Karnataka,"MRMC, Gulbarga",PSYCHIATRY,"₹13,88,744*","₹8,000*",1*,"₹50,00,000*",1038,2024,-,-,-,-,-,-,-,-,23084(1),23084(1),23084(1),34239(1),-,34239(1),-,-
KAR PG (KEA),KAR Priv Seats-Open,OPN,Karnataka,"VIMS (Vydehi), Bangalore",ANAESTHESIOLOGY,"₹13,88,744*","₹29,000*",1*,"₹50,00,000*",1600,2024,-,-,-,-,-,-,-,-,26043(1),21258(1),36261(1),34266(1),-,-,-,-
KAR PG (KEA),KAR Priv Seats-Open,OPN,Karnataka,"MVJMC&RH, Bangalore",GENERAL SURGERY,"₹13,88,744*","₹10,000*",1*,"₹50,00,000*",833,2024,14468(1),14468(1),25402(1),-,-,-,-,-,16848(1),16848(1),29289(1),35925(1),-,-,-,-
KAR PG (KEA),KAR Priv Seats-Open,OPN,Karnataka,"Kempegowda IMS, Bangalore",ANAESTHESIOLOGY,"₹13,88,744*","₹35,000*",1*,"₹50,00,000*",1100,2024,23823(1),23114(1),35860(1),-,-,-,-,-,25435(4),24621(4),34702(4),36260(1),-,36932(1),-,-
KAR PG (KEA),KAR Priv Seats-Open,OPN,Karnataka,"MS Ramaiah, Bangalore",PATHOLOGY,"₹4,40,750*","₹45,000",1*,"₹50,00,000*",1331,2024,34341(1),32098(1),50176(1),-,-,-,-,-,36932(2),36040(2),36932(2),36932(1),-,40136(1),-,-
KAR PG (KEA),KAR Priv Seats-Open,OPN,Karnataka,"Al-Ameen, Bijapur",ORTHOPAEDICS,"₹13,88,744*","₹9,000*",1*,"₹50,00,000*",1040,2024,18827(1),18236(1),37463(1),-,-,-,-,-,24615(1),24615(1),36729(1),37782(1),-,39987(1),-,-
KAR PG (KEA),KAR Priv Seats-Open,OPN,Karnataka,"Oxford Med Coll, Bangalore",ANAESTHESIOLOGY,"₹13,88,744*","₹30,000*",1*,"₹50,00,000*",770,2024,33043(1),30858(1),55491(1),-,-,-,-,-,33936(1),29178(1),44958(1),40634(1),-,37782(1),-,-
KAR PG (KEA),KAR Priv Seats-Open,OPN,Karnataka,"East Point College,Bangalore",ANAESTHESIOLOGY,"₹13,88,744*","₹20,000",1*,"₹50,00,000*",-,2024,-,-,-,-,-,-,-,-,33942(2),31358(2),48023(2),40769(1),-,40769(1),-,-
KAR PG (KEA),KAR Priv Seats-Open,OPN,Karnataka,"Akash IMS,Devanhalli,Bangalore",ENT,"₹13,88,744*","₹20,000",1*,"₹50,00,000*",760,2024,-,-,-,-,-,-,-,-,26492(1),26085(1),45182(1),42524(1),-,-,-,-
KAR PG (KEA),KAR Priv Seats-Open,OPN,Karnataka,"Srinivasa IMS, Srinivasanagar",PAEDIATRICS,"₹45,40,750*","₹29,000*",1*,"₹50,00,000*",660,2024,-,-,-,-,-,-,-,-,13124(1),19521(1),40058(1),44878(1),-,103884(1),-,-
KAR PG (KEA),KAR Priv Seats-Open,OPN,Karnataka,"Nijalingappa, Bagalkot",PSYCHIATRY,"₹13,88,744*","₹10,000*",1*,"₹50,00,000*",1140,2024,-,-,-,-,-,-,-,-,30168(1),29995(1),52604(1),45818(1),-,57116(1),-,-
KAR PG (KEA),KAR Priv Seats-Open,OPN,Karnataka,"Sapthagiri IMS&RC, Bangalore",DERMATOLOGY,"₹70,41,500*","₹10,000*",1*,"₹50,00,000*",500,2024,7125(1),15462(1),30628(1),80557(1),-,-,-,-,20195(1),20263(1),35692(1),53674(1),-,62193(1),-,-
KAR PG (KEA),KAR Priv Seats-Open,OPN,Karnataka,"DR BR Ambedkar, Bangalore",PATHOLOGY,"₹3,59,003*","₹10,000*",1*,"₹50,00,000*",570,2024,52743(2),52743(2),86104(3),-,121515(1),-,-,-,40852(1),40852(1),54364(1),54364(1),-,54364(1),-,-
KAR PG (KEA),KAR Priv Seats-Open,OPN,Karnataka,"Srinivasa IMS, Srinivasanagar",OBG,"₹50,40,750*","₹29,000*",1*,"₹50,00,000*",660,2024,14463(1),9938(1),17447(1),-,-,-,-,-,16462(1),19766(1),67360(1),55817(1),-,102712(1),-,-
KAR PG (KEA),KAR Priv Seats-Open,OPN,Karnataka,"Srinivasa IMS, Srinivasanagar",ANAESTHESIOLOGY,"₹35,40,750*","₹29,000*",1*,"₹50,00,000*",660,2024,29837(1),27964(1),46036(1),61995(1),-,-,-,-,38097(1),29220(1),77367(1),57389(1),-,71745(1),-,-
KAR PG (KEA),KAR Priv Seats-Open,OPN,Karnataka,"JJM Med Coll, Davangere",PATHOLOGY,"₹3,59,003*","₹30,000*",1*,"₹50,00,000*",1930,2024,57117(7),50176(7),153808(9),200121(4),129405(2),-,-,-,52307(6),42664(6),56209(5),59075(3),-,59075(2),-,-
KAR PG (KEA),KAR Others (Inst.Q),MNG,Karnataka,"SSIMS & RC, Davangere",ENT,"₹25,15,750*","₹30,000",1*,"₹50,00,000*",1190,2024,-,-,-,-,-,-,-,-,45215(1),39515(1),74525(2),60115(1),-,-,-,-
KAR PG (KEA),KAR Others (Inst.Q),MNG,Karnataka,"Father Mullers, Mangalore",RADIO DIAGNOSIS,"₹75,15,750*","₹35,000*",1*,"₹50,00,000*",1250,2024,-,-,63899(1),-,-,-,-,-,8547(1),17337(1),58255(1),61373(1),-,68540(1),-,-
KAR PG (KEA),KAR Priv Seats-Open,OPN,Karnataka,"SSIMS & RC, Davangere",PATHOLOGY,"₹3,59,003*","₹30,000",1*,"₹50,00,000*",1190,2024,58666(1),48321(1),151673(2),151673(1),170265(2),-,-,-,55822(2),53259(2),63200(2),63200(1),-,72365(1),-,-
KAR PG (KEA),KAR Others (Inst.Q),MNG,Karnataka,"JJM Med Coll, Davangere",EMERGENCY MEDICINE,"₹50,15,750*","₹30,000*",1*,"₹50,00,000*",1930,2024,-,-,-,118515(1),-,-,-,-,-,-,121210(1),64241(1),-,105693(1),-,-
KAR PG (KEA),KAR Priv Seats-Open,OPN,Karnataka,"BGS IMS, Bangalore",PATHOLOGY,"₹3,59,003*","₹25,000*",1*,"₹50,00,000*",766,2024,-,-,-,-,-,-,-,-,47610(1),43514(1),67547(1),67547(1),-,46659(1),-,-
KAR PG (KEA),KAR Others (Inst.Q),MNG,Karnataka,"JJM Med Coll, Davangere",PATHOLOGY,"₹3,59,003*","₹30,000*",1*,"₹50,00,000*",1930,2024,-,-,100430(1),188136(3),100430(1),-,-,-,49000(1),53992(1),78321(3),67720(1),-,105717(1),-,-
KAR PG (KEA),KAR Priv Seats-Open,OPN,Karnataka,"Srinivasa IMS, Srinivasanagar",RADIO DIAGNOSIS,"₹70,40,750*","₹29,000*",1*,"₹50,00,000*",660,2024,-,-,-,-,-,-,-,-,5892(1),14731(1),51832(1),68540(1),-,70117(1),-,-
KAR PG (KEA),KAR Others (Inst.Q),MNG,Karnataka,"SDM College, Dharwad",PATHOLOGY,"₹5,40,750*","₹45,000*",1*,"₹50,00,000*",670,2024,-,-,-,-,141003(1),-,-,-,53190(1),53190(1),88230(2),69025(1),-,117714(1),-,-
KAR PG (KEA),KAR Others (Inst.Q),MNG,Karnataka,"Kempegowda IMS, Bangalore",PATHOLOGY,"₹10,15,750*","₹35,000*",1*,"₹50,00,000*",1100,2024,-,-,-,-,-,-,-,-,57626(1),48819(1),99968(2),71583(1),-,108808(1),-,-
KAR PG (KEA),KAR Priv Seats-Open,OPN,Karnataka,"Sapthagiri IMS&RC, Bangalore",GENERAL SURGERY,"₹32,41,500*","₹10,000*",1*,"₹50,00,000*",500,2024,24931(5),30228(5),80053(5),82306(1),-,-,-,-,28949(4),40813(4),70700(4),74226(2),-,-,-,-
KAR PG (KEA),KAR Others (Inst.Q),MNG,Karnataka,"Basaveswara, Chitradurga",TBRD,"₹65,15,750*","₹5,000*",1*,"₹50,00,000*",500,2024,-,-,-,-,-,-,-,-,-,-,-,76931(1),-,-,-,-
KAR PG (KEA),KAR Priv Seats-Open,OPN,Karnataka,"Sapthagiri IMS&RC, Bangalore",PAEDIATRICS,"₹60,41,500*","₹10,000*",1*,"₹50,00,000*",500,2024,18953(1),18953(1),58324(1),-,-,-,-,-,14558(1),14845(1),50832(1),78115(1),-,121776(1),-,-
KAR PG (KEA),KAR Priv Seats-Open,OPN,Karnataka,"Sapthagiri IMS&RC, Bangalore",OPHTHALMOLOGY,"₹40,41,500*","₹10,000*",1*,"₹50,00,000*",500,2024,31436(2),35571(2),55056(2),-,-,-,-,-,31442(1),32127(1),69451(1),79247(1),-,-,-,-
KAR PG (KEA),KAR Priv Seats-Open,OPN,Karnataka,"East Point College,Bangalore",PATHOLOGY,"₹3,59,003*","₹20,000",1*,"₹50,00,000*",-,2024,-,-,113070(1),199426(1),-,-,-,-,57935(1),47213(1),82954(1),82954(1),-,-,-,-
KAR PG (KEA),KAR Others (Inst.Q),MNG,Karnataka,"JJM Med Coll, Davangere",GENERAL MEDICINE,"₹80,15,750*","₹30,000*",1*,"₹50,00,000*",1930,2024,-,-,129463(2),-,-,-,-,-,24074(4),52533(4),93013(6),82967(2),-,97434(1),-,-
KAR PG (KEA),KAR Others (Inst.Q),MNG,Karnataka,"Father Mullers, Mangalore",GENERAL MEDICINE,"₹65,15,750*","₹35,000*",1*,"₹50,00,000*",1250,2024,-,-,62072(2),-,-,-,-,-,5253(1),5253(1),56747(1),84730(1),-,-,-,-
KAR PG (KEA),KAR Priv Seats-Open,OPN,Karnataka,"MS Ramaiah, Bangalore",PHARMACOLOGY,"₹2,32,777*","₹45,000",1*,"₹50,00,000*",1331,2024,97328(1),45423(1),99034(1),-,-,-,-,-,46223(1),53463(1),84827(1),84827(2),-,66172(1),-,-
KAR PG (KEA),KAR Others (Inst.Q),MNG,Karnataka,"BGS IMS, Bangalore",OPHTHALMOLOGY,"₹45,15,750*","₹25,000*",1*,"₹50,00,000*",766,2024,-,-,47531(1),139677(1),-,-,-,-,-,-,102113(1),87727(1),-,108355(1),-,-
KAR PG (KEA),KAR Priv Seats-Open,OPN,Karnataka,"Srinivasa IMS, Srinivasanagar",GENERAL MEDICINE,"₹55,40,750*","₹29,000*",1*,"₹50,00,000*",660,2024,-,-,-,-,-,-,-,-,10985(3),17058(3),54695(3),90412(3),-,87176(2),-,-
KAR PG (KEA),KAR Priv Seats-Open,OPN,Karnataka,"Nijalingappa, Bagalkot",PATHOLOGY,"₹3,59,003*","₹10,000*",1*,"₹50,00,000*",1140,2024,86067(2),53993(2),175496(5),-,187073(3),-,-,-,62687(3),61100(3),87295(3),90695(2),-,105450(2),-,-
KAR PG (KEA),KAR Priv Seats-Open,OPN,Karnataka,"Sapthagiri IMS&RC, Bangalore",OBG,"₹62,41,500*","₹10,000*",1*,"₹50,00,000*",500,2024,18858(2),19917(2),89401(2),-,-,-,-,-,18723(4),34594(4),83908(4),91400(1),-,91400(1),127138(1),-
KAR PG (KEA),KAR Priv Seats-Open,OPN,Karnataka,"St John's, Bangalore",MICROBIOLOGY,"₹3,09,025*","₹45,000",1*,"₹5,00,000*",1720,2024,44548(1),44548(1),-,-,-,-,-,-,47189(1),47189(1),99930(2),92500(2),-,-,-,-
KAR PG (KEA),KAR Priv Seats-Open,OPN,Karnataka,"St John's, Bangalore",SPM,"₹7,59,025*","₹45,000",1*,"₹5,00,000*",1720,2024,55917(2),62951(2),196672(7),180425(2),178460(1),-,-,-,48724(3),50754(3),66814(4),93629(2),-,-,-,-
KAR PG (KEA),KAR Others (Inst.Q),MNG,Karnataka,"MS Ramaiah, Bangalore",GENERAL MEDICINE,"₹95,40,750*","₹45,000",1*,"₹50,00,000*",1331,2024,-,-,102775(2),-,-,-,-,-,15419(2),55927(2),104179(3),94708(1),-,-,-,-
KAR PG (KEA),KAR Others (Inst.Q),MNG,Karnataka,"Kempegowda IMS, Bangalore",ANAESTHESIOLOGY,"₹40,15,750*","₹35,000*",1*,"₹50,00,000*",1100,2024,-,-,-,-,-,-,-,-,53243(2),66722(2),126926(6),95037(2),-,87028(1),120530(1),-
KAR PG (KEA),KAR Others (Inst.Q),MNG,Karnataka,"AIMS, Adichunchanagiri, Bellur",PAEDIATRICS,"₹70,15,750*","₹23,750",1*,"₹50,00,000*",1120,2024,-,-,-,-,-,-,-,-,62525(1),74808(1),126108(1),96569(1),-,120159(1),-,-
KAR PG (KEA),KAR Others (Inst.Q),MNG,Karnataka,"JJM Med Coll, Davangere",PAEDIATRICS,"₹80,15,750*","₹30,000*",1*,"₹50,00,000*",1930,2024,-,-,131720(1),-,-,-,-,-,17973(2),40067(2),116302(4),97176(2),-,135866(1),-,-
KAR PG (KEA),KAR Others (Inst.Q),MNG,Karnataka,"SSIMS & RC, Davangere",GENERAL MEDICINE,"₹70,15,750*","₹30,000",1*,"₹50,00,000*",1190,2024,-,-,113713(1),131938(1),-,-,-,-,21259(1),24230(1),84083(2),97434(2),-,117415(2),-,-
KAR PG (KEA),KAR Others (Inst.Q),MNG,Karnataka,"Navodaya Med Coll, Raichur",PATHOLOGY,"₹10,15,750*","₹10,000*",1*,"₹50,00,000*",1110,2024,-,-,-,-,158228(1),-,-,-,-,-,-,97584(1),-,97584(1),-,-
KAR PG (KEA),KAR Others (Inst.Q),MNG,Karnataka,"AIMS, Adichunchanagiri, Bellur",ENT,"₹40,15,750*","₹23,750",1*,"₹50,00,000*",1120,2024,-,-,106018(1),-,-,-,-,-,-,-,103292(1),97751(1),-,-,-,-
KAR PG (KEA),KAR Priv Seats-Open,OPN,Karnataka,"Sapthagiri IMS&RC, Bangalore",GENERAL MEDICINE,"₹62,41,500*","₹10,000*",1*,"₹50,00,000*",500,2024,14125(4),18510(4),87138(4),95063(2),-,-,-,-,17244(4),23528(4),59463(4),98343(2),-,89795(1),-,-
KAR PG (KEA),KAR Others (Inst.Q),MNG,Karnataka,"SSIMS & RC, Davangere",OBG,"₹70,15,750*","₹30,000",1*,"₹50,00,000*",1190,2024,-,-,-,-,-,-,-,-,16026(1),48985(1),106107(2),100088(1),-,-,-,-
KAR PG (KEA),KAR Others (Inst.Q),MNG,Karnataka,"SSIMS & RC, Davangere",PATHOLOGY,"₹3,59,003*","₹30,000",1*,"₹50,00,000*",1190,2024,-,-,-,-,153904(1),-,-,-,-,-,100272(1),100272(1),-,-,-,-
KAR PG (KEA),KAR Others (Inst.Q),MNG,Karnataka,"DR BR Ambedkar, Bangalore",ENT,"₹45,15,750*","₹10,000*",1*,"₹50,00,000*",570,2024,-,-,-,-,-,-,-,-,55012(1),86029(1),94140(1),100749(1),-,-,-,-
KAR PG (KEA),KAR Others (Inst.Q),MNG,Karnataka,"MRMC, Gulbarga",GENERAL SURGERY,"₹60,15,750*","₹8,000*",1*,"₹50,00,000*",1038,2024,-,-,134338(1),-,-,-,-,-,38224(1),57201(1),-,102025(1),-,130331(1),-,-
KAR PG (KEA),KAR Others (Inst.Q),MNG,Karnataka,"BGS IMS, Bangalore",PAEDIATRICS,"₹80,15,750*","₹25,000*",1*,"₹50,00,000*",766,2024,-,-,26268(1),162927(1),-,-,-,-,10824(1),44216(1),-,102649(1),-,-,-,-
KAR PG (KEA),KAR Others (Inst.Q),MNG,Karnataka,"SSIMS & RC, Davangere",OPHTHALMOLOGY,"₹40,15,750*","₹30,000",1*,"₹50,00,000*",1190,2024,-,-,-,-,-,-,-,-,-,-,-,102994(1),-,104211(1),-,-
KAR PG (KEA),KAR Priv Seats-Open,OPN,Karnataka,"Sapthagiri IMS&RC, Bangalore",ORTHOPAEDICS,"₹40,41,500*","₹10,000*",1*,"₹50,00,000*",500,2024,22240(2),23263(2),74826(2),-,-,-,-,-,34592(2),36322(2),62822(2),103442(2),-,103442(2),-,-
KAR PG (KEA),KAR Others (Inst.Q),MNG,Karnataka,"Sapthagiri IMS&RC, Bangalore",OPHTHALMOLOGY,"₹40,41,500*","₹10,000*",1*,"₹50,00,000*",500,2024,-,-,106062(1),-,-,-,-,-,-,-,-,103495(1),-,120177(1),-,-
KAR PG (KEA),KAR Others (Inst.Q),MNG,Karnataka,"Father Mullers, Mangalore",ANAESTHESIOLOGY,"₹50,15,750*","₹35,000*",1*,"₹50,00,000*",1250,2024,-,-,127204(1),125206(1),-,-,-,-,42361(1),69865(1),70432(1),105229(2),-,-,-,-
KAR PG (KEA),KAR Priv Seats-Open,OPN,Karnataka,"Nijalingappa, Bagalkot",DCP,"₹3,59,003*","₹10,000*",1*,"₹50,00,000*",1140,2024,-,-,-,-,192650(1),-,-,-,105450(1),67720(1),-,105450(1),-,179633(1),-,-
KAR PG (KEA),KAR Others (Inst.Q),MNG,Karnataka,"SDM College, Dharwad",SPM,"₹1,15,750*","₹45,000*",1*,"₹50,00,000*",670,2024,-,-,-,-,-,-,188063(1),-,86703(1),62804(1),106096(1),106096(1),-,106096(1),-,-
KAR PG (KEA),KAR Others (Inst.Q),MNG,Karnataka,"BGS IMS, Bangalore",GENERAL MEDICINE,"₹85,15,750*","₹25,000*",1*,"₹50,00,000*",766,2024,-,-,-,-,-,-,-,-,17325(1),68136(1),115763(2),106239(1),-,-,-,-
KAR PG (KEA),KAR Others (Inst.Q),MNG,Karnataka,"MS Ramaiah, Bangalore",SPM,"₹2,32,777*","₹45,000",1*,"₹50,00,000*",1331,2024,-,-,146522(1),-,-,-,-,-,-,-,108060(1),108060(1),-,-,-,-
KAR PG (KEA),KAR Others (Inst.Q),MNG,Karnataka,"VIMS (Vydehi), Bangalore",OBG,"₹80,15,750*","₹29,000*",1*,"₹50,00,000*",1600,2024,-,-,29194(1),130316(1),-,-,-,-,35058(2),54175(2),119856(3),108283(3),-,97170(1),-,-
KAR PG (KEA),KAR Others (Inst.Q),MNG,Karnataka,"AJIMS, Mangalore",ENT,"₹50,15,750*","₹30,000",1*,"₹50,00,000*",910,2024,-,-,-,-,-,-,-,-,-,-,102616(1),108554(1),-,102798(1),-,-
KAR PG (KEA),KAR Others (Inst.Q),MNG,Karnataka,"DR BR Ambedkar, Bangalore",OBG,"₹90,15,750*","₹10,000*",1*,"₹50,00,000*",570,2024,-,-,112625(1),-,-,-,-,-,44832(1),63595(1),96332(1),108557(1),-,144132(1),-,-
KAR PG (KEA),KAR Others (Inst.Q),MNG,Karnataka,"SDM College, Dharwad",GENERAL SURGERY,"₹60,15,750*","₹45,000*",1*,"₹50,00,000*",670,2024,-,-,-,-,-,-,-,-,-,-,-,109614(1),-,-,-,-
KAR PG (KEA),KAR Others (Inst.Q),MNG,Karnataka,"VIMS (Vydehi), Bangalore",DERMATOLOGY,"₹1,25,15,750*","₹29,000*",1*,"₹50,00,000*",1600,2024,-,-,142391(1),-,-,-,-,-,17751(1),31175(1),92680(2),109841(3),-,145400(1),-,-
KAR PG (KEA),KAR Others (Inst.Q),MNG,Karnataka,"Al-Ameen, Bijapur",GENERAL MEDICINE,"₹65,15,750*","₹9,000*",1*,"₹50,00,000*",1040,2024,-,-,105223(1),96184(1),-,-,-,-,57102(3),61405(3),107637(6),110103(2),-,114584(2),-,-
KAR PG (KEA),KAR Others (Inst.Q),MNG,Karnataka,"MRMC, Gulbarga",PATHOLOGY,"₹7,15,750*","₹8,000*",1*,"₹50,00,000*",1038,2024,-,-,151636(1),-,189556(3),-,-,-,57799(1),57799(1),-,110218(3),-,98337(2),-,-
KAR PG (KEA),KAR Priv Seats-Open,OPN,Karnataka,"Srinivasa IMS, Srinivasanagar",ORTHOPAEDICS,"₹50,40,750*","₹29,000*",1*,"₹50,00,000*",660,2024,-,-,-,-,-,-,-,-,28241(1),24358(1),56732(1),110546(1),-,110546(1),-,-
KAR PG (KEA),KAR Others (Inst.Q),MNG,Karnataka,"SMC, Shimoga",EMERGENCY MEDICINE,"₹80,15,750*",Info not available,1*,"₹50,00,000*",1250,2024,-,-,-,157888(1),121595(1),-,-,-,29349(1),53576(1),88174(1),111060(1),-,171069(1),-,-
KAR PG (KEA),KAR Others (Inst.Q),MNG,Karnataka,"AIMS, Adichunchanagiri, Bellur",RADIO DIAGNOSIS,"₹90,15,750*","₹23,750",1*,"₹50,00,000*",1120,2024,-,-,110474(1),-,-,-,-,-,-,-,-,111286(1),-,-,-,-
KAR PG (KEA),KAR Others (Inst.Q),MNG,Karnataka,"Oxford Med Coll, Bangalore",OPHTHALMOLOGY,"₹65,15,750*","₹30,000*",1*,"₹50,00,000*",770,2024,-,-,-,-,-,-,-,-,-,-,-,111456(1),-,-,-,-
KAR PG (KEA),KAR Others (Inst.Q),MNG,Karnataka,"JJM Med Coll, Davangere",DERMATOLOGY,"₹1,00,15,750*","₹30,000*",1*,"₹50,00,000*",1930,2024,-,-,127789(1),118640(1),-,-,-,-,15111(1),49526(1),121793(2),112344(1),-,-,-,-
KAR PG (KEA),KAR Others (Inst.Q),MNG,Karnataka,"AIMS, Adichunchanagiri, Bellur",OPHTHALMOLOGY,"₹50,15,750*","₹23,750",1*,"₹50,00,000*",1120,2024,-,-,25561(1),131862(1),-,-,-,-,-,-,-,112427(1),-,112427(1),-,-
KAR PG (KEA),KAR Priv Seats-Open,OPN,Karnataka,"Srinivasa IMS, Srinivasanagar",GENERAL SURGERY,"₹45,40,750*","₹29,000*",1*,"₹50,00,000*",660,2024,-,-,-,-,-,-,-,-,24272(2),27395(2),98509(2),112432(2),-,112432(2),-,-
KAR PG (KEA),KAR Others (Inst.Q),MNG,Karnataka,"Al-Ameen, Bijapur",RADIO DIAGNOSIS,"₹75,15,750*","₹9,000*",1*,"₹50,00,000*",1040,2024,-,-,103806(2),119473(1),-,-,-,-,38239(2),58404(2),76909(2),112553(1),-,-,-,-
KAR PG (KEA),KAR Others (Inst.Q),MNG,Karnataka,"MRMC, Gulbarga",RADIO DIAGNOSIS,"₹90,15,750*","₹8,000*",1*,"₹50,00,000*",1038,2024,-,-,110568(1),-,-,-,-,-,37494(3),70326(3),109178(2),112865(3),-,-,-,-
KAR PG (KEA),KAR Others (Inst.Q),MNG,Karnataka,"BGS IMS, Bangalore",OBG,"₹85,15,750*","₹25,000*",1*,"₹50,00,000*",766,2024,-,-,-,-,-,-,-,-,53726(1),53726(1),73775(1),113020(1),-,130314(1),-,-
KAR PG (KEA),KAR Others (Inst.Q),MNG,Karnataka,"DR BR Ambedkar, Bangalore",OPHTHALMOLOGY,"₹60,15,750*","₹10,000*",1*,"₹50,00,000*",570,2024,-,-,-,-,-,-,-,-,50363(1),79827(1),-,114053(2),-,-,-,-
KAR PG (KEA),KAR Others (Inst.Q),MNG,Karnataka,"Father Mullers, Mangalore",PSYCHIATRY,"₹50,15,750*","₹35,000*",1*,"₹50,00,000*",1250,2024,-,-,-,-,-,-,-,-,18353(1),33708(1),96118(1),114089(1),-,-,-,-
KAR PG (KEA),KAR Others (Inst.Q),MNG,Karnataka,"Kempegowda IMS, Bangalore",SPM,"₹6,15,750*","₹35,000*",1*,"₹50,00,000*",1100,2024,-,-,-,-,183414(2),-,-,-,-,-,-,115055(1),-,-,-,-
KAR PG (KEA),KAR Others (Inst.Q),MNG,Karnataka,"VIMS (Vydehi), Bangalore",ORTHOPAEDICS,"₹60,15,750*","₹29,000*",1*,"₹50,00,000*",1600,2024,-,-,40628(1),146162(1),-,-,-,-,63467(2),87159(2),-,115308(4),-,107378(1),-,-
KAR PG (KEA),KAR Others (Inst.Q),MNG,Karnataka,"Kempegowda IMS, Bangalore",GENERAL MEDICINE,"₹95,15,750*","₹35,000*",1*,"₹50,00,000*",1100,2024,-,-,115801(2),147469(1),-,-,-,-,12165(2),62789(2),78333(1),115391(3),-,112486(1),-,-
KAR PG (KEA),KAR Others (Inst.Q),MNG,Karnataka,"SDM College, Dharwad",GENERAL MEDICINE,"₹90,15,750*","₹45,000*",1*,"₹50,00,000*",670,2024,-,-,-,-,-,-,-,-,31294(1),63453(1),-,115485(3),-,115485(1),-,-
KAR PG (KEA),KAR Others (Inst.Q),MNG,Karnataka,"Sapthagiri IMS&RC, Bangalore",GENERAL SURGERY,"₹50,41,500*","₹10,000*",1*,"₹50,00,000*",500,2024,-,-,103393(1),-,-,-,-,-,61074(3),73139(3),126502(5),115772(3),-,117207(1),-,-
KAR PG (KEA),KAR Others (Inst.Q),MNG,Karnataka,"SDM College, Dharwad",ANAESTHESIOLOGY,"₹45,15,750*","₹45,000*",1*,"₹50,00,000*",670,2024,-,-,131580(1),143568(1),-,-,-,-,38350(1),74107(1),-,116708(3),-,116708(1),-,-
KAR PG (KEA),KAR Priv Seats-Open,OPN,Karnataka,"MS Ramaiah, Bangalore",HOSPITAL ADMINISTRATION,"₹15,40,750*","₹45,000",1*,"₹50,00,000*",1331,2024,-,-,-,-,-,-,-,-,48217(1),49943(1),71082(1),117019(1),-,-,-,-
KAR PG (KEA),KAR Others (Inst.Q),MNG,Karnataka,"Kempegowda IMS, Bangalore",RADIO DIAGNOSIS,"₹1,10,15,750*","₹35,000*",1*,"₹50,00,000*",1100,2024,-,-,111493(1),124335(1),-,-,-,-,19378(2),40340(2),113177(1),117339(3),-,126320(2),-,-
KAR PG (KEA),KAR Others (Inst.Q),MNG,Karnataka,"SDM College, Dharwad",RADIO DIAGNOSIS,"₹1,00,15,750*","₹45,000*",1*,"₹50,00,000*",670,2024,-,-,118629(1),-,-,-,-,-,51182(1),59923(1),95753(1),117358(1),-,-,-,-
KAR PG (KEA),KAR Others (Inst.Q),MNG,Karnataka,"Basaveswara, Chitradurga",OPHTHALMOLOGY,"₹60,15,750*","₹5,000*",1*,"₹50,00,000*",500,2024,-,-,-,-,-,-,-,-,-,-,-,117416(1),-,117416(1),-,-
KAR PG (KEA),KAR Others (Inst.Q),MNG,Karnataka,"DR BR Ambedkar, Bangalore",EMERGENCY MEDICINE,"₹50,15,750*","₹10,000*",1*,"₹50,00,000*",570,2024,-,-,-,-,-,-,-,-,37555(1),44397(1),87644(1),118261(1),-,-,-,-
KAR PG (KEA),KAR Others (Inst.Q),MNG,Karnataka,"BGS IMS, Bangalore",ANAESTHESIOLOGY,"₹45,15,750*","₹25,000*",1*,"₹50,00,000*",766,2024,-,-,-,-,-,-,-,-,-,-,-,118971(1),-,115114(1),-,-
KAR PG (KEA),KAR Others (Inst.Q),MNG,Karnataka,"Shridevi IMS, Tumkur",TBRD,"₹90,15,750*",Info not available*,1*,"₹50,00,000*",750,2024,-,-,-,-,-,-,-,-,-,-,-,119625(1),-,-,-,-
KAR PG (KEA),KAR Others (Inst.Q),MNG,Karnataka,"SSIMS & RC, Davangere",EMERGENCY MEDICINE,"₹50,15,750*","₹30,000",1*,"₹50,00,000*",1190,2024,-,-,-,-,-,-,-,-,-,-,-,119700(1),-,-,-,-
KAR PG (KEA),KAR Others (Inst.Q),MNG,Karnataka,"AIMS, Adichunchanagiri, Bellur",ANAESTHESIOLOGY,"₹42,15,750*","₹23,750",1*,"₹50,00,000*",1120,2024,-,-,123747(1),129252(1),-,-,-,-,-,-,-,119833(2),-,119833(2),-,-
KAR PG (KEA),KAR Others (Inst.Q),MNG,Karnataka,"SSIMS & RC, Davangere",ORTHOPAEDICS,"₹60,15,750*","₹30,000",1*,"₹50,00,000*",1190,2024,-,-,107730(1),137754(1),-,-,-,-,36002(1),36002(1),-,120747(1),-,120747(1),-,-
KAR PG (KEA),KAR Others (Inst.Q),MNG,Karnataka,"SMC, Shimoga",TBRD,"₹80,15,750*",Info not available,1*,"₹50,00,000*",1250,2024,-,-,-,-,-,-,-,-,-,-,-,120811(1),-,150460(1),165843(1),-
KAR PG (KEA),KAR Others (Inst.Q),MNG,Karnataka,"VIMS (Vydehi), Bangalore",PAEDIATRICS,"₹75,15,750*","₹29,000*",1*,"₹50,00,000*",1600,2024,-,-,37171(2),155774(2),109944(1),-,-,-,31175(2),67577(2),-,120820(4),-,111905(1),-,-
KAR PG (KEA),KAR Others (Inst.Q),MNG,Karnataka,"KVG Med Coll, Sullia",PAEDIATRICS,"₹70,15,750*","₹7,500",1*,"₹50,00,000*",682,2024,-,-,-,-,-,-,-,-,-,-,93383(1),120860(1),-,130324(1),-,-
KAR PG (KEA),KAR Others (Inst.Q),MNG,Karnataka,"MS Ramaiah, Bangalore",GENERAL SURGERY,"₹75,40,750*","₹45,000",1*,"₹50,00,000*",1331,2024,-,-,-,-,-,-,-,-,32315(1),36725(1),104319(1),120891(2),-,-,-,-
KAR PG (KEA),KAR Others (Inst.Q),MNG,Karnataka,"DR BR Ambedkar, Bangalore",ANAESTHESIOLOGY,"₹45,15,750*","₹10,000*",1*,"₹50,00,000*",570,2024,-,-,-,-,-,-,-,-,42420(1),37468(1),-,121281(3),-,120160(1),-,-
KAR PG (KEA),KAR Others (Inst.Q),MNG,Karnataka,"Sapthagiri IMS&RC, Bangalore",OBG,"₹80,41,500*","₹10,000*",1*,"₹50,00,000*",500,2024,-,-,101235(3),123802(2),-,-,-,-,61864(4),87296(4),100124(1),121911(8),-,132926(1),-,-
KAR PG (KEA),KAR Others (Inst.Q),MNG,Karnataka,"MRMC, Gulbarga",GENERAL MEDICINE,"₹82,15,750*","₹8,000*",1*,"₹50,00,000*",1038,2024,-,-,132057(2),161117(2),-,-,-,-,30917(2),48548(2),103657(1),122045(4),-,142796(1),-,-
KAR PG (KEA),KAR Others (Inst.Q),MNG,Karnataka,"East Point College,Bangalore",OPHTHALMOLOGY,"₹65,15,750*","₹20,000",1*,"₹50,00,000*",-,2024,-,-,120877(1),-,-,-,-,-,43678(1),46763(1),-,122256(1),-,-,-,-
KAR PG (KEA),KAR Others (Inst.Q),MNG,Karnataka,"DR BR Ambedkar, Bangalore",DERMATOLOGY,"₹1,10,15,750*","₹10,000*",1*,"₹50,00,000*",570,2024,-,-,-,-,-,-,-,-,10641(1),37441(1),122731(1),122326(1),-,-,-,-
KAR PG (KEA),KAR Others (Inst.Q),MNG,Karnataka,"Khaja Bandanawaz, Gulbarga",GENERAL SURGERY,"₹50,30,750*","₹30,000*",1*,"₹50,00,000*",833,2024,-,-,-,-,-,-,-,-,-,-,-,123240(1),-,-,-,-
KAR PG (KEA),KAR Others (Inst.Q),MNG,Karnataka,"Al-Ameen, Bijapur",ORTHOPAEDICS,"₹60,15,750*","₹9,000*",1*,"₹50,00,000*",1040,2024,-,-,129413(1),-,-,-,-,-,55408(1),90808(1),104739(1),123390(2),-,112513(1),-,-
KAR PG (KEA),KAR Others (Inst.Q),MNG,Karnataka,"Nijalingappa, Bagalkot",OPHTHALMOLOGY,"₹60,15,750*","₹10,000*",1*,"₹50,00,000*",1140,2024,-,-,-,-,-,-,-,-,-,-,-,123692(1),-,-,-,-
KAR PG (KEA),KAR Others (Inst.Q),MNG,Karnataka,"JJM Med Coll, Davangere",RADIO DIAGNOSIS,"₹1,00,15,750*","₹30,000*",1*,"₹50,00,000*",1930,2024,-,-,133567(1),139386(1),-,-,-,-,13435(2),20891(2),118481(3),123711(3),-,-,-,-
KAR PG (KEA),KAR Others (Inst.Q),MNG,Karnataka,"MRMC, Gulbarga",DERMATOLOGY,"₹92,15,750*","₹8,000*",1*,"₹50,00,000*",1038,2024,-,-,141727(1),-,-,-,-,-,23474(1),52799(1),-,123860(3),-,130977(1),-,-
KAR PG (KEA),KAR Others (Inst.Q),MNG,Karnataka,"Kempegowda IMS, Bangalore",GENERAL SURGERY,"₹70,15,750*","₹35,000*",1*,"₹50,00,000*",1100,2024,-,-,99807(1),-,-,-,-,-,37004(2),45851(2),127379(1),124429(4),-,-,-,-
KAR PG (KEA),KAR Others (Inst.Q),MNG,Karnataka,"Navodaya Med Coll, Raichur",DERMATOLOGY,"₹90,15,750*","₹10,000*",1*,"₹50,00,000*",1110,2024,-,-,134745(2),123898(1),-,-,-,-,42930(1),62782(1),115714(1),124729(2),-,-,-,-
KAR PG (KEA),KAR Others (Inst.Q),MNG,Karnataka,"SSIMS & RC, Davangere",RADIO DIAGNOSIS,"₹1,00,15,750*","₹30,000",1*,"₹50,00,000*",1190,2024,-,-,126957(1),139618(1),-,-,-,-,13490(1),13490(1),92792(1),125269(2),-,123894(1),-,-
KAR PG (KEA),KAR Others (Inst.Q),MNG,Karnataka,"VIMS (Vydehi), Bangalore",RADIO DIAGNOSIS,"₹1,20,15,750*","₹29,000*",1*,"₹50,00,000*",1600,2024,-,-,111267(2),161081(2),-,-,-,-,38545(2),58649(2),-,125318(4),-,143994(2),-,-
KAR PG (KEA),KAR Others (Inst.Q),MNG,Karnataka,"KVG Med Coll, Sullia",GENERAL SURGERY,"₹60,15,750*","₹7,500",1*,"₹50,00,000*",682,2024,-,-,113391(1),-,-,-,-,-,28939(1),89320(1),-,125516(2),-,143088(1),-,-
KAR PG (KEA),KAR Others (Inst.Q),MNG,Karnataka,"DR BR Ambedkar, Bangalore",RADIO DIAGNOSIS,"₹1,10,15,750*","₹10,000*",1*,"₹50,00,000*",570,2024,-,-,-,-,-,-,-,-,31999(1),34327(1),120237(1),125822(1),-,138846(1),-,-
KAR PG (KEA),KAR Others (Inst.Q),MNG,Karnataka,"Nijalingappa, Bagalkot",DERMATOLOGY,"₹90,15,750*","₹10,000*",1*,"₹50,00,000*",1140,2024,-,-,131037(1),-,-,-,-,-,21419(1),49838(1),-,126003(1),-,-,-,-
KAR PG (KEA),KAR Others (Inst.Q),MNG,Karnataka,"MVJMC&RH, Bangalore",OBG,"₹80,15,750*","₹10,000*",1*,"₹50,00,000*",833,2024,-,-,129348(2),143798(1),-,-,-,-,42649(1),57994(1),-,126255(2),-,124139(1),-,-
KAR PG (KEA),KAR Others (Inst.Q),MNG,Karnataka,"BGS IMS, Bangalore",RADIO DIAGNOSIS,"₹1,30,15,750*","₹25,000*",1*,"₹50,00,000*",766,2024,-,-,-,-,-,-,-,-,14922(1),25781(1),50342(1),126320(1),-,148897(1),-,-
KAR PG (KEA),KAR Priv Seats-Open,OPN,Karnataka,"AIMS, Adichunchanagiri, Bellur",SPM,"₹2,30,750*","₹23,750",1*,"₹50,00,000*",1120,2024,-,-,-,-,-,-,-,-,81193(1),81193(1),-,126514(1),-,-,-,-
KAR PG (KEA),KAR Others (Inst.Q),MNG,Karnataka,"VIMS (Vydehi), Bangalore",OPHTHALMOLOGY,"₹75,15,750*","₹29,000*",1*,"₹50,00,000*",1600,2024,-,-,-,-,-,-,-,-,-,-,-,126750(1),-,-,-,-
KAR PG (KEA),KAR Others (Inst.Q),MNG,Karnataka,"MRMC, Gulbarga",OBG,"₹88,15,750*","₹8,000*",1*,"₹50,00,000*",1038,2024,-,-,125646(1),142706(1),-,-,-,-,45059(1),51824(1),-,126814(2),-,131140(2),-,-
KAR PG (KEA),KAR Others (Inst.Q),MNG,Karnataka,"AJIMS, Mangalore",OBG,"₹1,00,15,750*","₹30,000",1*,"₹50,00,000*",910,2024,-,-,108169(1),-,-,-,-,-,40533(2),76511(2),-,127322(2),-,-,-,-
KAR PG (KEA),KAR Others (Inst.Q),MNG,Karnataka,"Shridevi IMS, Tumkur",DERMATOLOGY,"₹1,20,15,750*",Info not available*,1*,"₹50,00,000*",750,2024,-,-,126788(1),-,-,-,-,-,25315(1),36526(1),-,127580(1),-,-,-,-
KAR PG (KEA),KAR Others (Inst.Q),MNG,Karnataka,"Dr Chandramma DS Inst, Hubli",PATHOLOGY,"₹8,15,750*",Info not available,1*,"₹50,00,000*",-,2024,-,-,-,-,-,-,-,-,81732(1),65301(1),127731(1),127731(2),-,98722(1),-,-
KAR PG (KEA),KAR Others (Inst.Q),MNG,Karnataka,"KVG Med Coll, Sullia",OBG,"₹80,15,750*","₹7,500",1*,"₹50,00,000*",682,2024,-,-,125563(1),-,-,-,-,-,48817(1),77329(1),127657(1),128323(1),-,-,-,-
KAR PG (KEA),KAR Others (Inst.Q),MNG,Karnataka,"SSIMS & RC, Davangere",DERMATOLOGY,"₹1,00,15,750*","₹30,000",1*,"₹50,00,000*",1190,2024,-,-,-,-,-,-,-,-,-,-,-,128377(1),-,-,-,-
KAR PG (KEA),KAR Priv Seats-Open,OPN,Karnataka,"DR BR Ambedkar, Bangalore",SPM,₹0*,"₹10,000*",1*,"₹50,00,000*",570,2024,65710(1),59691(1),178907(1),-,177077(1),-,-,-,-,-,-,128547(1),-,128547(1),-,-
KAR PG (KEA),KAR Others (Inst.Q),MNG,Karnataka,"AJIMS, Mangalore",OPHTHALMOLOGY,"₹75,15,750*","₹30,000",1*,"₹50,00,000*",910,2024,-,-,-,-,-,-,-,-,-,-,-,128971(1),-,112579(1),-,-
KAR PG (KEA),KAR Others (Inst.Q),MNG,Karnataka,"AJIMS, Mangalore",GENERAL MEDICINE,"₹1,00,15,750*","₹30,000",1*,"₹50,00,000*",910,2024,-,-,150142(2),-,-,-,-,-,34510(3),84083(3),115939(1),128980(5),-,124088(2),-,-
KAR PG (KEA),KAR Priv Seats-Open,OPN,Karnataka,"JJM Med Coll, Davangere",SPM,"₹3,59,003*","₹30,000*",1*,"₹50,00,000*",1930,2024,56916(1),52903(1),174892(2),115846(1),-,-,-,-,56455(1),56455(1),-,129870(2),-,124933(1),-,-
KAR PG (KEA),KAR Priv Seats-Open,OPN,Karnataka,"SDM College, Dharwad",FORENSIC MEDICINE,"₹25,750*","₹45,000*",1*,"₹50,00,000*",670,2024,-,-,-,-,-,-,-,-,-,-,-,129973(1),-,-,-,-
KAR PG (KEA),KAR Others (Inst.Q),MNG,Karnataka,"Kempegowda IMS, Bangalore",PAEDIATRICS,"₹80,15,750*","₹35,000*",1*,"₹50,00,000*",1100,2024,-,-,120236(1),-,-,-,-,-,36441(2),58531(2),102478(2),130509(4),-,114213(1),-,-
KAR PG (KEA),KAR Others (Inst.Q),MNG,Karnataka,"Oxford Med Coll, Bangalore",PAEDIATRICS,"₹70,15,750*","₹30,000*",1*,"₹50,00,000*",770,2024,-,-,-,-,-,-,-,-,21105(1),47485(1),54331(1),130607(2),-,-,-,-
KAR PG (KEA),KAR Others (Inst.Q),MNG,Karnataka,"Sapthagiri IMS&RC, Bangalore",ORTHOPAEDICS,"₹60,41,500*","₹10,000*",1*,"₹50,00,000*",500,2024,-,-,103978(1),-,-,-,-,-,66858(3),82292(3),120474(2),130746(4),-,-,-,-
KAR PG (KEA),KAR Others (Inst.Q),MNG,Karnataka,"DR BR Ambedkar, Bangalore",PAEDIATRICS,"₹80,40,750*","₹10,000*",1*,"₹50,00,000*",570,2024,-,-,135150(1),147895(1),-,-,-,-,-,-,53157(1),130998(1),-,-,-,-
KAR PG (KEA),KAR Others (Inst.Q),MNG,Karnataka,"AIMS, Adichunchanagiri, Bellur",GENERAL SURGERY,"₹60,15,750*","₹23,750",1*,"₹50,00,000*",1120,2024,-,-,-,95960(1),-,-,-,-,58236(1),87971(1),104484(1),131162(2),-,133191(2),-,-
KAR PG (KEA),KAR Others (Inst.Q),MNG,Karnataka,"Srinivasa IMS, Srinivasanagar",GENERAL MEDICINE,"₹75,40,750*","₹29,000*",1*,"₹50,00,000*",660,2024,-,-,141438(1),-,-,-,-,-,53803(3),69813(3),-,131186(6),-,131186(3),-,-
KAR PG (KEA),KAR Others (Inst.Q),MNG,Karnataka,"JJM Med Coll, Davangere",SPM,"₹3,59,003*","₹30,000*",1*,"₹50,00,000*",1930,2024,-,-,-,-,-,-,-,-,-,-,-,131316(1),-,164364(1),-,-
KAR PG (KEA),KAR Others (Inst.Q),MNG,Karnataka,"Sapthagiri IMS&RC, Bangalore",PAEDIATRICS,"₹80,41,500*","₹10,000*",1*,"₹50,00,000*",500,2024,-,-,120958(1),-,-,-,-,-,58531(1),41133(1),-,132027(2),-,139828(1),-,-
KAR PG (KEA),KAR Others (Inst.Q),MNG,Karnataka,"Sapthagiri IMS&RC, Bangalore",RADIO DIAGNOSIS,"₹1,00,41,500*","₹10,000*",1*,"₹50,00,000*",500,2024,-,-,113808(3),147953(2),105383(1),-,-,-,58404(4),84578(4),-,132375(8),-,146325(2),-,-
KAR PG (KEA),KAR Others (Inst.Q),MNG,Karnataka,"JJM Med Coll, Davangere",GENERAL SURGERY,"₹80,15,750*","₹30,000*",1*,"₹50,00,000*",1930,2024,-,-,146932(1),-,-,-,-,-,18481(1),26089(1),88105(2),132696(2),-,144198(1),-,-
KAR PG (KEA),KAR Others (Inst.Q),MNG,Karnataka,"KVG Med Coll, Sullia",PATHOLOGY,"₹12,15,750*","₹7,500",1*,"₹50,00,000*",682,2024,-,-,-,-,190638(1),-,-,-,-,-,-,132861(1),-,122481(1),-,-
KAR PG (KEA),KAR Others (Inst.Q),MNG,Karnataka,"DR BR Ambedkar, Bangalore",GENERAL SURGERY,"₹75,15,750*","₹10,000*",1*,"₹50,00,000*",570,2024,-,-,138970(1),-,-,-,-,-,45851(1),58920(1),-,132959(2),-,-,-,-
KAR PG (KEA),KAR Others (Inst.Q),MNG,Karnataka,"AJIMS, Mangalore",DERMATOLOGY,"₹1,25,15,750*","₹30,000",1*,"₹50,00,000*",910,2024,-,-,107065(1),-,-,-,-,-,10722(1),53674(1),-,133161(3),-,148431(1),-,-
KAR PG (KEA),KAR Others (Inst.Q),MNG,Karnataka,"Navodaya Med Coll, Raichur",RADIO DIAGNOSIS,"₹90,15,750*","₹10,000*",1*,"₹50,00,000*",1110,2024,-,-,126095(1),-,-,-,-,-,50270(2),73087(2),-,133273(6),-,136903(4),151172(1),-
KAR PG (KEA),KAR Others (Inst.Q),MNG,Karnataka,"Basaveswara, Chitradurga",ORTHOPAEDICS,"₹90,15,750*","₹5,000*",1*,"₹50,00,000*",500,2024,-,-,104373(1),-,-,-,-,-,-,-,107184(1),133502(1),-,-,-,-
KAR PG (KEA),KAR Others (Inst.Q),MNG,Karnataka,"Navodaya Med Coll, Raichur",OBG,"₹70,15,750*","₹10,000*",1*,"₹50,00,000*",1110,2024,-,-,127798(2),98796(1),-,-,-,-,49805(2),87305(2),113130(1),133886(4),-,140343(2),-,-
KAR PG (KEA),KAR Others (Inst.Q),MNG,Karnataka,"Akash IMS,Devanhalli,Bangalore",OBG,"₹85,15,750*","₹20,000",1*,"₹50,00,000*",760,2024,-,-,133089(2),139177(2),-,-,-,-,43889(3),73703(3),110282(1),133893(4),-,143974(2),155279(2),-
KAR PG (KEA),KAR Others (Inst.Q),MNG,Karnataka,"Navodaya Med Coll, Raichur",GENERAL SURGERY,"₹55,15,750*","₹10,000*",1*,"₹50,00,000*",1110,2024,-,-,122137(1),111544(1),-,-,-,-,67720(1),87809(1),-,134438(3),-,125964(2),-,-
KAR PG (KEA),KAR Others (Inst.Q),MNG,Karnataka,"MRMC, Gulbarga",OPHTHALMOLOGY,"₹82,15,750*","₹8,000*",1*,"₹50,00,000*",1038,2024,-,-,-,-,-,-,-,-,-,-,-,134563(1),-,135655(1),-,-
KAR PG (KEA),KAR Others (Inst.Q),MNG,Karnataka,"East Point College,Bangalore",OBG,"₹90,15,750*","₹20,000",1*,"₹50,00,000*",-,2024,-,-,131218(1),-,-,-,-,-,-,-,-,134678(1),-,145599(1),-,-
KAR PG (KEA),KAR Others (Inst.Q),MNG,Karnataka,"DR BR Ambedkar, Bangalore",ORTHOPAEDICS,"₹75,15,750*","₹10,000*",1*,"₹50,00,000*",570,2024,-,-,153356(2),158329(1),-,-,-,-,44728(1),56855(1),-,134730(1),-,-,-,-
KAR PG (KEA),KAR Others (Inst.Q),MNG,Karnataka,"AIMS, Adichunchanagiri, Bellur",ORTHOPAEDICS,"₹65,15,750*","₹23,750",1*,"₹50,00,000*",1120,2024,-,-,128549(1),-,-,-,-,-,-,-,-,134888(2),-,114911(1),-,-
KAR PG (KEA),KAR Others (Inst.Q),MNG,Karnataka,"Nijalingappa, Bagalkot",OBG,"₹82,15,750*","₹10,000*",1*,"₹50,00,000*",1140,2024,-,-,134378(2),143106(1),-,-,-,-,44671(1),54793(1),-,135698(2),-,-,-,-
KAR PG (KEA),KAR Others (Inst.Q),MNG,Karnataka,"AJIMS, Mangalore",GENERAL SURGERY,"₹75,15,750*","₹30,000",1*,"₹50,00,000*",910,2024,-,-,155723(1),159871(1),-,-,-,-,40289(1),51463(1),104622(1),136010(1),-,-,-,-
KAR PG (KEA),KAR Others (Inst.Q),MNG,Karnataka,"Basaveswara, Chitradurga",DERMATOLOGY,"₹1,05,15,750*","₹5,000*",1*,"₹50,00,000*",500,2024,-,-,-,-,-,-,-,-,-,-,-,136109(2),-,136970(1),-,-
KAR PG (KEA),KAR Others (Inst.Q),MNG,Karnataka,"BGS IMS, Bangalore",GENERAL SURGERY,"₹70,15,750*","₹25,000*",1*,"₹50,00,000*",766,2024,-,-,29214(1),151965(1),-,-,-,-,59938(2),67820(2),-,136398(3),-,137562(1),-,-
KAR PG (KEA),KAR Others (Inst.Q),MNG,Karnataka,"Basaveswara, Chitradurga",RADIO DIAGNOSIS,"₹1,05,15,750*","₹5,000*",1*,"₹50,00,000*",500,2024,-,-,-,-,-,-,-,-,16320(1),62660(1),105090(1),136903(1),-,155255(1),-,-
KAR PG (KEA),KAR Others (Inst.Q),MNG,Karnataka,"KVG Med Coll, Sullia",GENERAL MEDICINE,"₹80,15,750*","₹7,500",1*,"₹50,00,000*",682,2024,-,-,120228(1),145675(1),-,-,-,-,31195(1),67063(1),104700(2),137446(2),-,119107(1),-,-
KAR PG (KEA),KAR Others (Inst.Q),MNG,Karnataka,"KVG Med Coll, Sullia",ANAESTHESIOLOGY,"₹60,15,750*","₹7,500",1*,"₹50,00,000*",682,2024,-,-,-,-,-,-,-,-,60690(1),83097(1),-,137562(1),-,130038(1),-,-
KAR PG (KEA),KAR Others (Inst.Q),MNG,Karnataka,"Basaveswara, Chitradurga",EMERGENCY MEDICINE,"₹60,15,750*","₹5,000*",1*,"₹50,00,000*",500,2024,-,-,103975(1),-,-,-,-,-,38556(1),40842(1),-,137991(1),-,-,-,-
KAR PG (KEA),KAR Others (Inst.Q),MNG,Karnataka,"Sapthagiri IMS&RC, Bangalore",DERMATOLOGY,"₹1,20,41,500*","₹10,000*",1*,"₹50,00,000*",500,2024,-,-,31165(2),129987(2),-,-,-,-,26385(2),59438(2),53770(1),137995(3),-,139811(1),-,-
KAR PG (KEA),KAR Others (Inst.Q),MNG,Karnataka,"Navodaya Med Coll, Raichur",ORTHOPAEDICS,"₹60,15,750*","₹10,000*",1*,"₹50,00,000*",1110,2024,-,-,119177(1),-,-,-,-,-,71691(1),67909(1),-,138005(2),-,134598(1),-,-
KAR PG (KEA),KAR Others (Inst.Q),MNG,Karnataka,"AIMS, Adichunchanagiri, Bellur",PATHOLOGY,"₹14,15,750*","₹23,750",1*,"₹50,00,000*",1120,2024,-,-,166741(1),190286(1),177051(2),-,180691(1),-,101348(1),57497(1),-,138214(2),-,138214(2),-,-
KAR PG (KEA),KAR Others (Inst.Q),MNG,Karnataka,"East Point College,Bangalore",DERMATOLOGY,"₹1,20,15,750*","₹20,000",1*,"₹50,00,000*",-,2024,-,-,-,-,-,-,-,-,-,-,-,138790(3),-,-,-,-
KAR PG (KEA),KAR Others (Inst.Q),MNG,Karnataka,"MVJMC&RH, Bangalore",GENERAL MEDICINE,"₹90,15,750*","₹10,000*",1*,"₹50,00,000*",833,2024,-,-,128650(1),154186(1),-,-,-,-,24152(2),74478(2),-,138993(3),-,135595(1),-,-
KAR PG (KEA),KAR Others (Inst.Q),MNG,Karnataka,"East Point College,Bangalore",ORTHOPAEDICS,"₹70,15,750*","₹20,000",1*,"₹50,00,000*",-,2024,-,-,-,-,-,-,-,-,-,-,-,139093(1),-,-,-,-
KAR PG (KEA),KAR Others (Inst.Q),MNG,Karnataka,"KVG Med Coll, Sullia",DERMATOLOGY,"₹1,02,15,750*","₹7,500",1*,"₹50,00,000*",682,2024,-,-,102536(1),141600(1),-,-,-,-,33556(1),59079(1),-,139205(2),-,-,-,-
KAR PG (KEA),KAR Others (Inst.Q),MNG,Karnataka,"Oxford Med Coll, Bangalore",DERMATOLOGY,"₹1,10,15,750*","₹30,000*",1*,"₹50,00,000*",770,2024,-,-,110005(1),132089(1),131819(1),-,-,-,5266(1),53643(1),-,139261(3),-,148128(2),-,-
KAR PG (KEA),KAR Others (Inst.Q),MNG,Karnataka,"DR BR Ambedkar, Bangalore",GENERAL MEDICINE,"₹1,00,15,750*","₹10,000*",1*,"₹50,00,000*",570,2024,-,-,149230(2),169210(2),-,-,-,-,9330(1),67691(1),-,139574(3),-,147948(1),-,-
KAR PG (KEA),KAR Others (Inst.Q),MNG,Karnataka,"Akash IMS,Devanhalli,Bangalore",GENERAL SURGERY,"₹70,15,750*","₹20,000",1*,"₹50,00,000*",760,2024,-,-,-,-,-,-,-,-,41296(1),82754(1),-,139718(2),-,140512(1),-,-
KAR PG (KEA),KAR Others (Inst.Q),MNG,Karnataka,"Sapthagiri IMS&RC, Bangalore",GENERAL MEDICINE,"₹90,41,500*","₹10,000*",1*,"₹50,00,000*",500,2024,-,-,148178(5),153023(3),86709(1),-,-,-,64375(6),79226(6),105266(1),139811(10),-,140579(2),-,-
KAR PG (KEA),KAR Others (Inst.Q),MNG,Karnataka,"Srinivasa IMS, Srinivasanagar",GENERAL SURGERY,"₹60,40,750*","₹29,000*",1*,"₹50,00,000*",660,2024,-,-,156980(1),158514(2),-,-,-,-,33623(1),89664(1),-,140500(3),-,140500(3),-,-
KAR PG (KEA),KAR Others (Inst.Q),MNG,Karnataka,"East Point College,Bangalore",PAEDIATRICS,"₹70,15,750*","₹20,000",1*,"₹50,00,000*",-,2024,-,-,-,-,-,-,-,-,59562(2),85257(2),-,140553(4),-,143635(2),-,-
KAR PG (KEA),KAR Others (Inst.Q),MNG,Karnataka,"Nijalingappa, Bagalkot",GENERAL SURGERY,"₹60,15,750*","₹10,000*",1*,"₹50,00,000*",1140,2024,-,-,125835(1),-,-,-,-,-,27892(1),76773(1),-,141163(2),-,141163(1),-,-
KAR PG (KEA),KAR Others (Inst.Q),MNG,Karnataka,"Oxford Med Coll, Bangalore",OBG,"₹90,15,750*","₹30,000*",1*,"₹50,00,000*",770,2024,-,-,109700(1),-,-,-,-,-,35953(1),69052(1),-,141258(3),-,148898(1),-,-
KAR PG (KEA),KAR Others (Inst.Q),MNG,Karnataka,"JJM Med Coll, Davangere",ORTHOPAEDICS,"₹70,15,750*","₹30,000*",1*,"₹50,00,000*",1930,2024,-,-,140497(1),-,-,-,-,-,36322(1),51942(1),128852(2),141271(3),-,143100(1),-,-
KAR PG (KEA),KAR Others (Inst.Q),MNG,Karnataka,"MRMC, Gulbarga",PAEDIATRICS,"₹75,15,750*","₹8,000*",1*,"₹50,00,000*",1038,2024,-,-,146117(2),73533(1),-,-,-,-,30943(1),76375(1),-,142454(3),-,146014(1),-,-
KAR PG (KEA),KAR Others (Inst.Q),MNG,Karnataka,"Al-Ameen, Bijapur",GENERAL SURGERY,"₹60,15,750*","₹9,000*",1*,"₹50,00,000*",1040,2024,-,-,62950(1),144116(1),-,-,-,-,44873(1),48001(1),-,142768(3),-,123608(1),-,-
KAR PG (KEA),KAR Others (Inst.Q),MNG,Karnataka,"SDM College, Dharwad",ORTHOPAEDICS,"₹75,15,750*","₹45,000*",1*,"₹50,00,000*",670,2024,-,-,107696(1),119590(1),-,-,-,-,62297(1),44090(1),84338(1),143301(1),-,138082(1),-,-
KAR PG (KEA),KAR Others (Inst.Q),MNG,Karnataka,"MVJMC&RH, Bangalore",GENERAL SURGERY,"₹70,15,750*","₹10,000*",1*,"₹50,00,000*",833,2024,-,-,-,152734(1),-,-,-,-,49717(1),71568(1),-,143843(3),-,117568(1),-,-
KAR PG (KEA),KAR Others (Inst.Q),MNG,Karnataka,"Navodaya Med Coll, Raichur",GENERAL MEDICINE,"₹80,15,750*","₹10,000*",1*,"₹50,00,000*",1110,2024,-,-,144288(2),153216(1),-,-,-,-,56096(2),62728(2),-,143974(4),-,149935(3),-,-
KAR PG (KEA),KAR Others (Inst.Q),MNG,Karnataka,"AJIMS, Mangalore",RADIO DIAGNOSIS,"₹1,25,15,750*","₹30,000",1*,"₹50,00,000*",910,2024,-,-,138711(2),-,-,-,-,-,42941(4),85280(4),-,144066(8),-,-,-,-
KAR PG (KEA),KAR Others (Inst.Q),MNG,Karnataka,"Kempegowda IMS, Bangalore",ORTHOPAEDICS,"₹75,15,750*","₹35,000*",1*,"₹50,00,000*",1100,2024,-,-,133288(1),156886(1),-,-,-,-,48329(2),85670(2),-,144742(4),-,144742(2),-,-
KAR PG (KEA),KAR Others (Inst.Q),MNG,Karnataka,"Basaveswara, Chitradurga",GENERAL SURGERY,"₹70,15,750*","₹5,000*",1*,"₹50,00,000*",500,2024,-,-,-,-,-,-,-,-,57201(1),88105(1),-,144819(1),-,-,-,-
KAR PG (KEA),KAR Others (Inst.Q),MNG,Karnataka,"BGS IMS, Bangalore",PHARMACOLOGY,"₹3,65,750*","₹25,000*",1*,"₹50,00,000*",766,2024,-,-,-,-,-,-,-,-,-,-,-,144875(1),-,-,-,-
KAR PG (KEA),KAR Others (Inst.Q),MNG,Karnataka,"Akash IMS,Devanhalli,Bangalore",GENERAL MEDICINE,"₹90,15,750*","₹20,000",1*,"₹50,00,000*",760,2024,-,-,42683(2),153173(2),-,-,-,-,62256(3),87556(3),123011(1),144961(4),-,154198(2),-,-
KAR PG (KEA),KAR Others (Inst.Q),MNG,Karnataka,"Khaja Bandanawaz, Gulbarga",OBG,"₹85,30,750*","₹30,000*",1*,"₹50,00,000*",833,2024,-,-,134681(1),-,-,-,-,-,50254(1),51819(1),-,145135(2),-,143397(1),-,-
KAR PG (KEA),KAR Others (Inst.Q),MNG,Karnataka,"Navodaya Med Coll, Raichur",PAEDIATRICS,"₹70,15,750*","₹10,000*",1*,"₹50,00,000*",1110,2024,-,-,104266(1),-,-,-,-,-,55548(2),82591(2),-,145222(6),-,146372(4),-,-
KAR PG (KEA),KAR Others (Inst.Q),MNG,Karnataka,"East Point College,Bangalore",GENERAL SURGERY,"₹65,15,750*","₹20,000",1*,"₹50,00,000*",-,2024,-,-,-,-,-,-,-,-,38327(1),54829(1),-,145976(2),-,138747(1),-,-
KAR PG (KEA),KAR Others (Inst.Q),MNG,Karnataka,"Akash IMS,Devanhalli,Bangalore",PAEDIATRICS,"₹75,15,750*","₹20,000",1*,"₹50,00,000*",760,2024,-,-,126925(1),-,-,-,-,-,61970(1),68995(1),-,146014(3),-,148628(3),-,-
KAR PG (KEA),KAR Others (Inst.Q),MNG,Karnataka,"Oxford Med Coll, Bangalore",GENERAL SURGERY,"₹70,15,750*","₹30,000*",1*,"₹50,00,000*",770,2024,-,-,-,157270(1),-,-,-,-,-,-,89023(1),146786(1),-,146786(1),-,-
KAR PG (KEA),KAR Others (Inst.Q),MNG,Karnataka,"Basaveswara, Chitradurga",PAEDIATRICS,"₹1,05,15,750*","₹5,000*",1*,"₹50,00,000*",500,2024,-,-,124321(1),123679(1),-,-,-,-,-,-,-,146910(1),-,-,-,-
KAR PG (KEA),KAR Others (Inst.Q),MNG,Karnataka,"Nijalingappa, Bagalkot",PAEDIATRICS,"₹80,15,750*","₹10,000*",1*,"₹50,00,000*",1140,2024,-,-,135766(2),-,-,-,-,-,34045(1),67328(1),112539(2),147025(2),-,128068(1),-,-
KAR PG (KEA),KAR Others (Inst.Q),MNG,Karnataka,"SMC, Shimoga",GENERAL SURGERY,"₹75,15,750*",Info not available,1*,"₹50,00,000*",1250,2024,-,-,114948(1),-,-,-,-,-,-,-,-,147171(1),-,-,-,-
KAR PG (KEA),KAR Priv Seats-Open,OPN,Karnataka,"Khaja Bandanawaz, Gulbarga",PATHOLOGY,"₹16,46,215*","₹30,000*",1*,"₹50,00,000*",833,2024,-,-,185946(2),-,199764(2),-,-,-,-,-,-,147279(2),-,147279(2),-,-
KAR PG (KEA),KAR Others (Inst.Q),MNG,Karnataka,"Nijalingappa, Bagalkot",RADIO DIAGNOSIS,"₹98,15,750*","₹10,000*",1*,"₹50,00,000*",1140,2024,-,-,137488(1),-,-,-,-,-,14223(1),56169(1),59912(1),147492(2),-,147492(1),-,-
KAR PG (KEA),KAR Priv Seats-Open,OPN,Karnataka,"BGS IMS, Bangalore",SPM,"₹3,59,003*","₹25,000*",1*,"₹50,00,000*",766,2024,-,74986(1),-,-,-,-,-,-,91065(1),73684(1),-,147617(2),-,143373(1),-,-
KAR PG (KEA),KAR Others (Inst.Q),MNG,Karnataka,"Srinivasa IMS, Srinivasanagar",ORTHOPAEDICS,"₹65,40,750*","₹29,000*",1*,"₹50,00,000*",660,2024,-,-,146444(1),-,-,-,-,-,75894(2),93821(2),-,147683(3),-,141096(1),-,-
KAR PG (KEA),KAR Others (Inst.Q),MNG,Karnataka,"Akash IMS,Devanhalli,Bangalore",DERMATOLOGY,"₹1,25,15,750*","₹20,000",1*,"₹50,00,000*",760,2024,-,-,37234(1),156898(1),-,-,-,-,27616(2),65711(2),-,147709(4),-,147935(1),-,-
KAR PG (KEA),KAR Others (Inst.Q),MNG,Karnataka,"Shridevi IMS, Tumkur",ORTHOPAEDICS,"₹90,15,750*",Info not available*,1*,"₹50,00,000*",750,2024,-,-,150810(1),161454(1),127619(1),-,-,-,-,-,-,147929(1),-,160543(1),-,-
KAR PG (KEA),KAR Others (Inst.Q),MNG,Karnataka,"Oxford Med Coll, Bangalore",RADIO DIAGNOSIS,"₹1,10,15,750*","₹30,000*",1*,"₹50,00,000*",770,2024,-,-,129698(1),154064(1),-,-,-,-,12460(1),12460(1),-,148361(2),-,-,-,-
KAR PG (KEA),KAR Others (Inst.Q),MNG,Karnataka,"Oxford Med Coll, Bangalore",GENERAL MEDICINE,"₹90,15,750*","₹30,000*",1*,"₹50,00,000*",770,2024,-,-,138306(1),160508(1),-,-,-,-,53319(2),83491(2),-,148380(3),-,135028(1),-,-
KAR PG (KEA),KAR Others (Inst.Q),MNG,Karnataka,"MS Ramaiah, Bangalore",FORENSIC MEDICINE,"₹2,32,777*","₹45,000",1*,"₹50,00,000*",1331,2024,-,-,-,-,-,-,-,-,-,-,-,148629(1),-,-,-,-
KAR PG (KEA),KAR Others (Inst.Q),MNG,Karnataka,"East Point College,Bangalore",RADIO DIAGNOSIS,"₹1,15,15,750*","₹20,000",1*,"₹50,00,000*",-,2024,-,-,-,-,-,-,-,-,5810(1),76304(1),-,148724(2),-,151222(1),-,-
KAR PG (KEA),KAR Others (Inst.Q),MNG,Karnataka,"Srinivasa IMS, Srinivasanagar",DERMATOLOGY,"₹1,15,40,750*","₹29,000*",1*,"₹50,00,000*",660,2024,-,-,148750(1),163808(1),-,-,-,-,14781(1),59008(1),-,148818(2),-,156623(1),-,-
KAR PG (KEA),KAR Others (Inst.Q),MNG,Karnataka,"MRMC, Gulbarga",ORTHOPAEDICS,"₹70,15,750*","₹8,000*",1*,"₹50,00,000*",1038,2024,-,-,129666(1),-,-,-,-,-,67981(1),92373(1),-,149398(3),-,148520(1),-,-
KAR PG (KEA),KAR Others (Inst.Q),MNG,Karnataka,"Basaveswara, Chitradurga",GENERAL MEDICINE,"₹95,15,750*","₹5,000*",1*,"₹50,00,000*",500,2024,-,-,136526(1),-,-,-,-,-,19967(1),66934(1),-,149409(2),-,145248(1),-,-
KAR PG (KEA),KAR Others (Inst.Q),MNG,Karnataka,"SMC, Shimoga",PAEDIATRICS,"₹80,15,750*",Info not available,1*,"₹50,00,000*",1250,2024,-,-,116216(1),141183(1),-,-,-,-,54504(1),19938(1),-,150107(3),-,150890(3),-,-
KAR PG (KEA),KAR Others (Inst.Q),MNG,Karnataka,"Akash IMS,Devanhalli,Bangalore",RADIO DIAGNOSIS,"₹1,25,15,750*","₹20,000",1*,"₹50,00,000*",760,2024,-,-,36137(2),165690(2),-,-,-,-,48123(2),85349(2),-,150341(4),-,-,-,-
KAR PG (KEA),KAR Others (Inst.Q),MNG,Karnataka,"Nijalingappa, Bagalkot",GENERAL MEDICINE,"₹82,15,750*","₹10,000*",1*,"₹50,00,000*",1140,2024,-,-,122115(2),148270(1),-,-,-,-,38243(2),68746(2),94938(1),150857(3),-,148632(2),-,-
KAR PG (KEA),KAR Others (Inst.Q),MNG,Karnataka,"BGS IMS, Bangalore",SPM,"₹8,15,750*","₹25,000*",1*,"₹50,00,000*",766,2024,-,-,-,-,195884(1),-,-,-,-,-,-,150942(1),-,167792(1),-,-
KAR PG (KEA),KAR Others (Inst.Q),MNG,Karnataka,"Shridevi IMS, Tumkur",OBG,"₹1,08,15,750*",Info not available*,1*,"₹50,00,000*",750,2024,-,-,122198(1),-,-,-,-,-,53231(2),87791(2),127658(1),151214(3),-,153359(2),-,-
KAR PG (KEA),KAR Others (Inst.Q),MNG,Karnataka,"Kanachur IMS, Mangalore",OBG,"₹1,05,15,750*",Info not available,1*,"₹50,00,000*",785,2024,-,-,-,-,-,-,-,-,-,-,-,151809(1),-,153494(1),176467(1),-
KAR PG (KEA),KAR Others (Inst.Q),MNG,Karnataka,"BGS IMS, Bangalore",ORTHOPAEDICS,"₹75,15,750*","₹25,000*",1*,"₹50,00,000*",766,2024,-,-,-,-,-,-,-,-,-,-,-,152085(1),-,-,-,-
KAR PG (KEA),KAR Others (Inst.Q),MNG,Karnataka,"Shridevi IMS, Tumkur",GENERAL SURGERY,"₹90,15,750*",Info not available*,1*,"₹50,00,000*",750,2024,-,-,-,59447(1),119611(1),-,-,-,-,-,-,152395(1),-,-,-,-
KAR PG (KEA),KAR Priv Seats-Open,OPN,Karnataka,"VIMS (Vydehi), Bangalore",PHARMACOLOGY,₹0*,"₹29,000*",0*,₹0*,1600,2024,-,-,197792(1),-,-,-,-,-,-,84827(1),-,152899(3),-,-,-,-
KAR PG (KEA),KAR Others (Inst.Q),MNG,Karnataka,"MVJMC&RH, Bangalore",DERMATOLOGY,"₹1,30,15,750*","₹10,000*",1*,"₹50,00,000*",833,2024,-,-,147629(1),152528(1),138550(1),-,-,-,29001(1),53682(1),-,153119(3),-,155557(3),150525(1),-
KAR PG (KEA),KAR Others (Inst.Q),MNG,Karnataka,"East Point College,Bangalore",GENERAL MEDICINE,"₹90,15,750*","₹20,000",1*,"₹50,00,000*",-,2024,-,-,-,-,-,-,-,-,65816(2),86999(2),-,153600(5),-,153295(2),-,-
KAR PG (KEA),KAR Others (Inst.Q),MNG,Karnataka,"Khaja Bandanawaz, Gulbarga",GENERAL MEDICINE,"₹85,30,750*","₹30,000*",1*,"₹50,00,000*",833,2024,-,-,-,-,-,-,-,-,63250(1),63250(1),-,154198(2),-,158166(2),-,-
KAR PG (KEA),KAR Others (Inst.Q),MNG,Karnataka,"Srinivasa IMS, Srinivasanagar",RADIO DIAGNOSIS,"₹1,00,40,750*","₹29,000*",1*,"₹50,00,000*",660,2024,-,-,137803(1),141060(1),-,-,-,-,31141(2),63963(2),-,154625(5),-,154625(3),-,-
KAR PG (KEA),KAR Others (Inst.Q),MNG,Karnataka,"AJIMS, Mangalore",TBRD,"₹90,15,750*","₹30,000",1*,"₹50,00,000*",910,2024,-,-,112924(1),-,-,-,-,-,-,-,-,154939(1),-,-,-,-
KAR PG (KEA),KAR Others (Inst.Q),MNG,Karnataka,"MVJMC&RH, Bangalore",ORTHOPAEDICS,"₹75,15,750*","₹10,000*",1*,"₹50,00,000*",833,2024,-,-,-,-,-,-,-,-,-,-,-,154977(1),-,-,-,-
KAR PG (KEA),KAR Others (Inst.Q),MNG,Karnataka,"AJIMS, Mangalore",PAEDIATRICS,"₹90,15,750*","₹30,000",1*,"₹50,00,000*",910,2024,-,-,144325(2),-,-,-,-,-,34612(1),87716(1),89217(1),155114(2),-,-,-,-
KAR PG (KEA),KAR Others (Inst.Q),MNG,Karnataka,"MVJMC&RH, Bangalore",PAEDIATRICS,"₹85,15,750*","₹10,000*",1*,"₹50,00,000*",833,2024,-,-,138133(1),158396(1),-,-,-,-,57731(2),91941(2),-,155305(4),-,155305(3),-,-
KAR PG (KEA),KAR Others (Inst.Q),MNG,Karnataka,"SMC, Shimoga",DERMATOLOGY,"₹1,19,15,750*",Info not available,1*,"₹50,00,000*",1250,2024,-,-,146641(1),-,-,-,-,-,-,-,-,155923(1),-,-,-,-
KAR PG (KEA),KAR Others (Inst.Q),MNG,Karnataka,"Nijalingappa, Bagalkot",ORTHOPAEDICS,"₹80,15,750*","₹10,000*",1*,"₹50,00,000*",1140,2024,-,-,144030(1),-,-,-,-,-,70831(1),87005(1),-,156137(2),-,156393(1),-,-
KAR PG (KEA),KAR Others (Inst.Q),MNG,Karnataka,"Akash IMS,Devanhalli,Bangalore",ORTHOPAEDICS,"₹75,15,750*","₹20,000",1*,"₹50,00,000*",760,2024,-,-,143389(1),-,-,-,-,-,67909(1),82458(1),-,156149(3),-,156149(2),-,-
KAR PG (KEA),KAR Others (Inst.Q),MNG,Karnataka,"KVG Med Coll, Sullia",RADIO DIAGNOSIS,"₹1,02,15,750*","₹7,500",1*,"₹50,00,000*",682,2024,-,-,124736(1),147473(1),-,-,-,-,12665(1),73698(1),-,156351(2),-,153723(1),-,-
KAR PG (KEA),KAR Others (Inst.Q),MNG,Karnataka,"Shridevi IMS, Tumkur",PAEDIATRICS,"₹1,08,15,750*",Info not available*,1*,"₹50,00,000*",750,2024,-,-,-,-,-,-,-,-,28428(1),31045(1),-,156874(2),-,156874(1),-,-
KAR PG (KEA),KAR Others (Inst.Q),MNG,Karnataka,"Shridevi IMS, Tumkur",RADIO DIAGNOSIS,"₹1,20,15,750*",Info not available*,1*,"₹50,00,000*",750,2024,-,-,-,-,-,-,-,-,8527(1),74522(1),-,157366(2),-,-,-,-
KAR PG (KEA),KAR Others (Inst.Q),MNG,Karnataka,"Oxford Med Coll, Bangalore",ORTHOPAEDICS,"₹75,15,750*","₹30,000*",1*,"₹50,00,000*",770,2024,-,-,145654(1),168517(1),-,-,-,-,77007(1),55191(1),-,157429(2),-,157429(1),-,-
KAR PG (KEA),KAR Others (Inst.Q),MNG,Karnataka,"Kanachur IMS, Mangalore",PAEDIATRICS,"₹1,10,15,750*",Info not available,1*,"₹50,00,000*",785,2024,-,-,-,-,-,-,-,-,-,-,67256(1),158196(1),-,163645(1),169716(1),-
KAR PG (KEA),KAR Others (Inst.Q),MNG,Karnataka,"SMC, Shimoga",RADIO DIAGNOSIS,"₹1,19,15,750*",Info not available,1*,"₹50,00,000*",1250,2024,-,-,-,-,-,-,-,-,13649(1),34602(1),-,158372(2),-,158372(2),-,-
KAR PG (KEA),KAR Others (Inst.Q),MNG,Karnataka,"Shridevi IMS, Tumkur",GENERAL MEDICINE,"₹1,08,15,750*",Info not available*,1*,"₹50,00,000*",750,2024,-,-,157875(2),-,-,-,-,-,28661(2),35736(2),-,160235(4),-,164006(1),-,-
KAR PG (KEA),KAR Others (Inst.Q),MNG,Karnataka,"MVJMC&RH, Bangalore",RADIO DIAGNOSIS,"₹1,30,15,750*","₹10,000*",1*,"₹50,00,000*",833,2024,-,-,124888(2),166228(1),-,-,-,-,40340(2),80778(2),128560(1),160511(5),-,159170(2),-,-
KAR PG (KEA),KAR Others (Inst.Q),MNG,Karnataka,"SMC, Shimoga",ORTHOPAEDICS,"₹75,15,750*",Info not available,1*,"₹50,00,000*",1250,2024,-,-,-,101112(1),135091(1),-,-,-,82458(1),74044(1),-,160835(2),-,159720(1),-,-
KAR PG (KEA),KAR Others (Inst.Q),MNG,Karnataka,"AJIMS, Mangalore",ORTHOPAEDICS,"₹1,00,15,750*","₹30,000",1*,"₹50,00,000*",910,2024,-,-,161063(2),163797(1),-,-,-,-,25143(1),57500(1),-,161422(3),-,-,-,-
KAR PG (KEA),KAR Others (Inst.Q),MNG,Karnataka,"Kanachur IMS, Mangalore",DERMATOLOGY,"₹1,35,15,750*",Info not available,1*,"₹50,00,000*",785,2024,-,-,150190(2),177099(2),-,-,-,-,39050(1),65816(1),-,161606(3),-,-,-,-
KAR PG (KEA),KAR Others (Inst.Q),MNG,Karnataka,"MS Ramaiah, Bangalore",MICROBIOLOGY,"₹2,32,777*","₹45,000",1*,"₹50,00,000*",1331,2024,-,-,-,-,-,-,-,-,-,-,-,162903(1),-,-,-,-
KAR PG (KEA),KAR Others (Inst.Q),MNG,Karnataka,"KVG Med Coll, Sullia",ORTHOPAEDICS,"₹1,00,15,750*","₹7,500",1*,"₹50,00,000*",682,2024,-,-,123201(1),-,-,-,-,-,29873(1),93640(1),-,164830(1),-,-,-,-
KAR PG (KEA),KAR Others (Inst.Q),MNG,Karnataka,"Kanachur IMS, Mangalore",GENERAL MEDICINE,"₹1,10,15,750*",Info not available,1*,"₹50,00,000*",785,2024,-,-,105221(2),170016(2),-,-,-,-,38140(2),88152(2),-,165781(3),-,165781(2),168809(1),-
KAR PG (KEA),KAR Priv Seats-Open,OPN,Karnataka,"MRMC, Gulbarga",SPM,"₹3,59,003*","₹8,000*",1*,"₹50,00,000*",1038,2024,84382(1),84382(1),186376(1),197577(1),197577(1),-,-,-,-,-,-,165793(1),-,165793(1),-,-
KAR PG (KEA),KAR Others (Inst.Q),MNG,Karnataka,"SMC, Shimoga",GENERAL MEDICINE,"₹99,15,750*",Info not available,1*,"₹50,00,000*",1250,2024,-,-,-,172922(1),-,166463(2),-,-,66405(3),91065(3),-,167028(6),-,167028(5),-,-
KAR PG (KEA),KAR Others (Inst.Q),MNG,Karnataka,"Kanachur IMS, Mangalore",ORTHOPAEDICS,"₹1,00,15,750*",Info not available,1*,"₹50,00,000*",785,2024,-,-,158400(1),-,-,-,-,-,-,-,-,167359(1),-,-,-,-
KAR PG (KEA),KAR Others (Inst.Q),MNG,Karnataka,"Khaja Bandanawaz, Gulbarga",PATHOLOGY,"₹30,30,750*","₹30,000*",1*,"₹50,00,000*",833,2024,-,-,-,-,200377(1),-,-,-,-,-,-,169035(1),-,-,-,-
KAR PG (KEA),KAR Others (Inst.Q),MNG,Karnataka,"Kanachur IMS, Mangalore",TBRD,"₹90,15,750*",Info not available,1*,"₹50,00,000*",785,2024,-,-,-,-,-,-,-,-,-,-,-,169365(1),-,157907(1),-,-
KAR PG (KEA),KAR Priv Seats-Open,OPN,Karnataka,"Navodaya Med Coll, Raichur",SPM,"₹3,59,003*","₹10,000*",1*,"₹50,00,000*",1110,2024,-,-,162334(1),-,-,-,-,-,-,-,-,169506(1),-,169506(1),202375(1),-
KAR PG (KEA),KAR Others (Inst.Q),MNG,Karnataka,"Kanachur IMS, Mangalore",RADIO DIAGNOSIS,"₹1,35,15,750*",Info not available,1*,"₹50,00,000*",785,2024,-,-,-,-,-,-,-,-,12271(1),86703(1),-,170023(2),-,160853(1),-,-
KAR PG (KEA),KAR Priv Seats-Open,OPN,Karnataka,"VIMS (Vydehi), Bangalore",BIOCHEMISTRY,₹0*,"₹29,000*",0*,₹0*,1600,2024,-,-,-,-,-,-,-,-,-,-,-,170251(1),-,-,-,-
KAR PG (KEA),KAR Priv Seats-Open,OPN,Karnataka,"VIMS (Vydehi), Bangalore",MICROBIOLOGY,₹0*,"₹29,000*",0*,₹0*,1600,2024,-,-,183018(2),-,-,-,-,-,-,97859(1),-,171495(2),-,172622(3),-,-
KAR PG (KEA),KAR Priv Seats-Open,OPN,Karnataka,"Kempegowda IMS, Bangalore",MICROBIOLOGY,"₹3,59,003*","₹35,000*",1*,"₹50,00,000*",1100,2024,-,-,187503(1),187503(1),-,-,-,-,81260(1),83008(1),-,171713(1),-,-,-,-
KAR PG (KEA),KAR Priv Seats-Open,OPN,Karnataka,"Kempegowda IMS, Bangalore",PHARMACOLOGY,"₹3,59,003*","₹35,000*",1*,"₹50,00,000*",1100,2024,-,55760(1),167702(1),-,169905(1),-,-,-,49201(1),49201(1),-,171940(2),-,133136(1),-,-
KAR PG (KEA),KAR Priv Seats-Open,OPN,Karnataka,"SSIMS & RC, Davangere",SPM,"₹3,59,003*","₹30,000",1*,"₹50,00,000*",1190,2024,-,-,182346(1),-,-,-,-,-,105586(1),94769(1),-,177659(1),-,-,132641(1),-
KAR PG (KEA),KAR Others (Inst.Q),MNG,Karnataka,"SMC, Shimoga",OBG,"₹99,15,750*",Info not available,1*,"₹50,00,000*",1250,2024,-,-,-,155814(1),148168(1),-,-,-,57994(2),91702(2),-,178337(5),-,154937(2),-,-
KAR PG (KEA),KAR Others (Inst.Q),MNG,Karnataka,"KVG Med Coll, Sullia",SPM,"₹2,15,750*","₹7,500",1*,"₹50,00,000*",682,2024,-,-,-,-,188949(1),-,-,-,107449(1),103169(1),-,178459(1),-,-,-,-
KAR PG (KEA),KAR Priv Seats-Open,OPN,Karnataka,"JJM Med Coll, Davangere",PHARMACOLOGY,"₹3,59,003*","₹30,000*",1*,"₹50,00,000*",1930,2024,-,-,-,-,200217(1),-,-,-,110623(1),88174(1),-,179633(1),-,-,-,-
KAR PG (KEA),KAR Others (Inst.Q),MNG,Karnataka,"DR BR Ambedkar, Bangalore",FORENSIC MEDICINE,₹0*,"₹10,000*",1*,"₹50,00,000*",570,2024,-,-,-,-,-,-,-,-,-,-,-,181769(1),-,-,-,-
KAR PG (KEA),KAR Priv Seats-Open,OPN,Karnataka,"Oxford Med Coll, Bangalore",SPM,"₹3,59,003*","₹30,000*",1*,"₹50,00,000*",770,2024,-,-,-,-,155372(2),-,-,-,-,-,-,182605(1),-,-,201202(2),-
KAR PG (KEA),KAR Priv Seats-Open,OPN,Karnataka,"KVG Med Coll, Sullia",SPM,"₹3,59,003*","₹7,500",1*,"₹50,00,000*",682,2024,-,-,187656(1),-,-,-,-,-,94769(1),69735(1),-,188134(1),-,-,-,-
KAR PG (KEA),KAR Priv Seats-Open,OPN,Karnataka,"Nijalingappa, Bagalkot",SPM,"₹3,59,003*","₹10,000*",1*,"₹50,00,000*",1140,2024,93046(1),88763(1),-,-,189237(1),-,-,-,119309(1),98371(1),-,190424(3),-,190424(1),183588(1),-
KAR PG (KEA),KAR Priv Seats-Open,OPN,Karnataka,"BGS IMS, Bangalore",PHARMACOLOGY,"₹3,59,003*","₹25,000*",1*,"₹50,00,000*",766,2024,-,99623(1),-,-,-,-,-,-,-,-,-,192026(1),-,192026(1),-,-
KAR PG (KEA),KAR Priv Seats-Open,OPN,Karnataka,"Dr Chandramma DS Inst, Hubli",SPM,"₹3,40,750*",Info not available,1*,"₹50,00,000*",-,2024,-,-,-,-,-,-,-,-,88323(1),96413(1),-,192211(2),-,-,202810(2),-
Punjab PG,PB Priv-DMC Mgmt,GEN,Punjab,"DMC, Ludhiana",RADIO DIAGNOSIS,"₹6,50,000*","₹50,000",0,₹0,1326,2024,-,7(2),5(1),-,-,-,-,-,-,6(1),3(1),-,-,-,-,-
Punjab PG,PB Priv-DMC Mgmt,GEN,Punjab,"DMC, Ludhiana",GENERAL MEDICINE,"₹6,50,000*","₹50,000",0,₹0,1326,2024,-,22(1),14(1),-,1(1),-,-,-,-,38(4),32(4),-,-,-,-,-
PNDCHRY PG,PY Mgmt-Open,AGE,Pondicherry,"SMVMCH, Pondicherry",PHYSIOLOGY,"₹1,00,000*",₹0*,0,₹0,900,2024,-,364(2),-,-,-,-,-,-,-,40(1),-,-,-,-,-,-
Punjab PG,PB Priv-DMC Mgmt,GEN,Punjab,"DMC, Ludhiana",PHARMACOLOGY,"₹2,60,000*","₹50,000",0,₹0,1326,2024,-,884(1),-,-,-,-,-,-,-,-,-,-,-,-,53(1),-
Punjab PG,PB Priv-SGRDGener.,GEN-All India,Punjab,"SDRD, Amritsar",SPM,"₹25,000*",Info not available,0,₹0,800,2024,-,-,-,873(2),-,-,-,-,-,-,-,-,-,-,68(1),-
Punjab PG,PB - Govt Quota,GEN-All India,Punjab,"Govt Med Coll, Patiala",PHYSIOLOGY,"₹1,00,000*","₹67,968*",1*,"₹10,00,000*",1130,2024,-,-,-,868(2),-,-,-,-,-,-,-,-,-,-,74(1),-
Punjab PG,PB Priv-AdeshAllIndia,GEN,Punjab,"Adesh IMS, Bhatinda",RADIO DIAGNOSIS,"₹14,90,000*","₹56,100*",1*,"₹25,00,000*",750,2024,-,-,-,-,-,-,-,-,-,117(1),73(1),-,-,-,-,-
AP Mgmt PG,APMgmt-S1-All-CatB,S1A,Andhra Pradesh,"VMC, Kurnool",TBRD,"₹9,93,600*","₹30,000*",1*,Info not available*,650,2024,-,-,-,-,-,-,-,-,-,-,-,-,-,176(1),-,-
Haryana PG,HAR Priv-Mgmt,MNG,Haryana,"NC Med Coll, Panipat",RADIO DIAGNOSIS,"₹14,02,000*","₹40,000",0,₹0,680,2024,-,29(1),228(1),-,-,-,-,-,-,193(1),154(1),-,-,-,-,-
UK PG,UK Priv-AllIndia/Mgmt,UR-MNG,Uttarakhand,"HIMS, Dehradun",PSYCHIATRY,"₹26,00,000*","₹40,000",1,"₹2,50,00,000",1200,2024,-,316(2),567(2),170(1),-,-,-,-,-,196(1),-,-,-,-,-,-
Punjab PG,PB - Govt Quota,GEN-All India,Punjab,"NSNIS, Patiala",DSM,"₹45,450*","₹67,968*",0,₹0,Info Not Available,2024,-,-,-,-,182(1),-,-,-,-,-,-,-,-,203(1),-,-
KAR PG (KEA),KAR Priv Seats-Open,OPN,Karnataka,"St John's, Bangalore",DERMATOLOGY,"₹12,80,025*","₹45,000",1*,"₹5,00,000*",1720,2024,-,-,-,-,-,-,-,-,204(1),204(1),-,-,-,-,-,-
AP Mgmt PG,APMgmt-S1-All-CatB,S1A,Andhra Pradesh,"GSL Med Coll, Rajahmundry",TBRD,"₹9,93,600*","₹30,000*",1*,Info not available*,1140,2024,-,-,-,-,-,-,-,-,-,-,-,-,-,223(1),-,-
UK PG,UK Priv-AllIndia/Mgmt,UR-MNG,Uttarakhand,"HIMS, Dehradun",GENERAL MEDICINE,"₹26,00,000*","₹40,000",1,"₹2,50,00,000",1200,2024,-,103(8),107(6),26(2),-,-,-,-,-,125(7),227(6),-,-,-,-,-
UK PG,UK Priv-AllIndia/Mgmt,UR-MNG,Uttarakhand,"HIMS, Dehradun",DERMATOLOGY,"₹26,00,000*","₹40,000",1,"₹2,50,00,000",1200,2024,-,67(1),-,-,-,-,-,-,-,111(2),256(2),-,-,-,-,-
Haryana PG,HAR Priv-Mgmt,MNG,Haryana,"Al Falah SchooloffMS,Faridabad",ANATOMY,"₹7,20,000*","₹55,000",0,₹0,-,2024,-,-,-,-,-,-,-,-,-,-,-,-,-,273(1),279(1),-
Haryana PG,HAR Priv-Mgmt,MNG,Haryana,"Al Falah SchooloffMS,Faridabad",MICROBIOLOGY,"₹7,20,000*","₹55,000",0,₹0,-,2024,-,-,-,1400(4),-,-,-,-,-,-,-,-,-,-,283(2),-
AP Mgmt PG,APMgmt-S1-All-CatB,S1A,Andhra Pradesh,"Alluri Sitaram Raju, Eluru",ORTHOPAEDICS,"₹9,93,600*","₹30,000*",1*,Info not available*,1200,2024,-,-,-,-,-,-,-,-,-,-,-,-,-,287(1),-,-
HP PG,HP Priv All,GEN,Himachal Pradesh,"MMU, Solan",RADIO DIAGNOSIS,"₹33,39,600*","₹40,000",1,"₹10,00,000",720,2024,-,4(1),317(3),-,-,-,-,-,-,66(3),298(3),-,-,-,-,-
Haryana PG,HAR Priv-Mgmt,MNG,Haryana,"Adesh Med Coll, Shahabad",DERMATOLOGY,"₹14,02,000*","₹44,000",0,₹0,775,2024,-,215(1),273(1),150(1),-,-,-,-,-,214(1),306(1),-,-,-,-,-
Haryana PG,HAR Priv-Mgmt,MNG,Haryana,"Adesh Med Coll, Shahabad",MICROBIOLOGY,"₹5,52,000*","₹44,000",0,₹0,775,2024,-,-,-,1235(2),766(1),1612(1),-,-,-,-,-,-,-,372(1),-,-
HP PG,HP Priv All,GEN,Himachal Pradesh,"MMU, Solan",DERMATOLOGY,"₹31,87,800*","₹40,000",1,"₹10,00,000",720,2024,-,-,435(1),-,-,-,-,-,-,195(1),387(1),-,-,-,-,-
Haryana PG,HAR Priv-Mgmt,MNG,Haryana,"SGGST Med Coll, Gurgaon",MICROBIOLOGY,"₹10,00,000*","₹56,100",Info Not Available,Info not available,720,2024,-,-,-,1268(1),905(1),1694(1),-,-,-,-,-,-,-,452(1),-,-
AP Mgmt PG,APMgmt-S1-All-CatB,S1A,Andhra Pradesh,"GreatEastern MedSch,Srikakulam",ANAESTHESIOLOGY,"₹9,93,600*",Info not available*,1*,Info not available*,780,2024,-,-,-,-,-,-,-,-,-,-,-,-,-,460(1),-,-
UK PG,UK Priv-AllIndia/Mgmt,UR-MNG,Uttarakhand,"HIMS, Dehradun",TBRD,"₹25,00,000*","₹40,000",1,"₹2,50,00,000",1200,2024,-,240(2),179(2),98(2),-,-,-,-,-,362(2),464(1),-,-,-,-,-
PNDCHRY PG,PY Mgmt-Open,AGE,Pondicherry,"SMVMCH, Pondicherry",BIOCHEMISTRY,"₹1,00,000*",₹0*,0,₹0,900,2024,-,241(1),-,-,-,-,-,-,-,486(2),-,-,-,-,-,-
Haryana PG,HAR Priv-Mgmt,MNG,Haryana,"Adesh Med Coll, Shahabad",OBG,"₹14,02,000*","₹44,000",0,₹0,775,2024,-,390(1),225(1),153(1),-,-,-,-,-,532(1),319(1),-,-,-,-,-
HP PG,HP Priv All,GEN,Himachal Pradesh,"MMU, Solan",PAEDIATRICS,"₹27,67,800*","₹40,000",1,"₹10,00,000",720,2024,-,-,546(3),-,-,-,-,-,-,241(2),591(2),-,-,-,-,-
Haryana PG,HAR Priv-Mgmt,MNG,Haryana,"SGGST Med Coll, Gurgaon",DERMATOLOGY,"₹40,00,000*","₹56,100",Info Not Available,Info not available,720,2024,-,542(1),344(1),-,-,-,-,-,-,639(1),479(1),-,-,-,-,-
KAR PG (KEA),KAR Priv Seats-Open,OPN,Karnataka,"St John's, Bangalore",RADIO DIAGNOSIS,"₹12,80,025*","₹45,000",1*,"₹5,00,000*",1720,2024,939(1),939(1),949(1),-,-,-,-,-,521(1),282(1),676(1),-,-,-,-,-
UK PG,UK Priv-AllIndia/Mgmt,UR-MNG,Uttarakhand,"HIMS, Dehradun",RADIATION ONCOLOGY,"₹17,00,000*","₹40,000",1,"₹10,00,000",1200,2024,-,381(1),451(1),-,-,-,-,-,-,512(2),718(2),-,-,-,-,-
Haryana PG,HAR Priv-Mgmt,MNG,Haryana,"Adesh Med Coll, Shahabad",OPHTHALMOLOGY,"₹14,02,000*","₹44,000",0,₹0,775,2024,-,471(1),342(1),204(1),-,-,-,-,-,751(1),-,-,-,-,-,-
HP PG,HP Priv All,GEN,Himachal Pradesh,"MMU, Solan",TBRD,"₹23,47,800*","₹40,000",1,"₹10,00,000",720,2024,-,-,-,-,-,-,-,-,-,326(1),767(1),-,-,-,-,-
Haryana PG,HAR Priv-Mgmt,MNG,Haryana,"Adesh Med Coll, Shahabad",ORTHOPAEDICS,"₹14,02,000*","₹44,000",0,₹0,775,2024,-,510(1),334(1),194(1),-,-,-,-,-,792(1),446(1),-,-,-,-,-
WB PG,WB Mgmt Quota,MQ,West Bengal,"ICARE IMS & R, Haldia",MICROBIOLOGY,"₹15,50,000*","₹25,000",0,₹0,Info Not Available,2024,-,-,-,1669(1),862(1),-,-,-,-,-,-,-,-,-,803(1),-
RJSTHN PG,RAJ Priv-All India,GEN,Rajasthan,"MGMC&H, Sitapur, Jaipur",DERMATOLOGY,"₹60,00,000*","₹55,000",0,₹0,1400,2024,-,670(1),677(1),678(1),-,-,-,-,-,824(1),-,-,-,-,-,-
WB PG,WB Mgmt Quota,MQ,West Bengal,"ICARE IMS & R, Haldia",BIOCHEMISTRY,"₹15,50,000*","₹25,000",0,₹0,Info Not Available,2024,-,-,-,1976(1),817(1),-,-,-,-,-,-,-,-,-,835(1),-
HP PG,HP Priv All,GEN,Himachal Pradesh,"MMU, Solan",ORTHOPAEDICS,"₹27,67,800*","₹40,000",1,"₹10,00,000",720,2024,-,15(1),686(3),-,-,-,-,-,-,298(3),837(3),-,-,-,-,-
WB PG,WB Mgmt Quota,MQ,West Bengal,"Gouri Devi Inst of MS,Durgapur",MICROBIOLOGY,"₹27,00,000*","₹44,000",0,₹0,-,2024,-,-,-,-,-,-,-,-,-,-,-,-,-,842(1),-,-
Haryana PG,HAR Priv-Mgmt,MNG,Haryana,"World College of MS&RC, Jhajjar",OPHTHALMOLOGY,"₹14,02,000*","₹56,100",0,₹0,-,2024,-,-,-,-,234(1),-,-,-,-,940(1),614(1),-,-,-,-,-
Haryana PG,HAR Priv-Mgmt,MNG,Haryana,"World College of MS&RC, Jhajjar",ENT,"₹14,02,000*","₹56,100",0,₹0,-,2024,-,943(1),746(1),383(1),368(1),-,-,-,-,949(1),773(1),-,-,-,-,-
Haryana PG,HAR Priv-Mgmt,MNG,Haryana,"SGGST Med Coll, Gurgaon",OBG,"₹35,00,000*","₹56,100",Info Not Available,Info not available,720,2024,-,709(2),470(2),-,132(1),-,-,-,-,969(3),555(3),-,-,-,-,-
HP PG,HP Priv All,GEN,Himachal Pradesh,"MMU, Solan",FORENSIC MEDICINE,"₹3,50,000*","₹40,000",1,"₹10,00,000",720,2024,-,-,-,1162(1),-,-,-,-,-,981(1),-,-,-,-,-,-
CHHTSGRH PG,Other State,UR,Chhattisgarh,"Shri Balaji Inst of MS, Raipur",MICROBIOLOGY,"₹8,48,200*",Info not available,1,"₹25,00,000",-,2024,-,-,-,-,-,-,-,-,-,-,-,-,-,-,1077(1),-
UK PG,UK Priv-AllIndia/Mgmt,UR-OPEN,Uttarakhand,"HIMS, Dehradun",OPHTHALMOLOGY,"₹26,00,000*","₹40,000",1,"₹2,50,00,000",1200,2024,-,-,-,-,-,-,-,-,-,-,-,-,-,-,1102(1),-
UK PG,UK Priv-AllIndia/Mgmt,UR-MNG,Uttarakhand,"HIMS, Dehradun",SPM,₹0*,"₹40,000",0,₹0,1200,2024,-,606(2),300(1),364(1),-,-,-,-,-,1066(1),1121(1),-,-,-,-,-
Haryana PG,HAR Priv-Mgmt,MNG,Haryana,"SGGST Med Coll, Gurgaon",PSYCHIATRY,"₹29,00,000*","₹56,100",Info Not Available,Info not available,720,2024,-,860(1),742(1),523(1),-,-,-,-,-,1122(2),743(2),-,-,-,-,-
CHHTSGRH PG,Other State,UR,Chhattisgarh,"Raipur IMS, Raipur",MICROBIOLOGY,"₹7,92,600*","₹67,000",1,"₹25,00,000",650,2024,-,-,-,-,-,-,-,-,-,-,-,-,-,-,1140(1),-
CHHTSGRH PG,Other State,UR,Chhattisgarh,"Shri Balaji Inst of MS, Raipur",PHYSIOLOGY,"₹8,48,200*",Info not available,1,"₹25,00,000",-,2024,-,-,-,-,-,-,-,-,-,-,-,-,-,-,1149(1),-
UK PG,UK Priv-AllIndia/Mgmt,UR-OPEN,Uttarakhand,"HIMS, Dehradun",ANAESTHESIOLOGY,"₹17,00,000*","₹40,000",1,"₹10,00,000",1200,2024,-,-,-,-,-,-,-,-,-,-,-,-,-,-,1194(1),-
Punjab PG,PB Priv-DMC Mgmt,GEN,Punjab,"DMC, Ludhiana",MICROBIOLOGY,"₹2,60,000*","₹50,000",0,₹0,1326,2024,-,-,-,748(1),-,-,-,-,-,1206(1),793(1),-,-,-,-,-
UK PG,UK Priv-AllIndia/Mgmt,UR-OPEN,Uttarakhand,"SGRRI, Dehradun",MICROBIOLOGY,₹0*,"₹30,000*",1,"₹10,00,000",750,2024,-,-,-,-,251(1),-,-,-,-,-,-,-,-,-,1303(1),-
UK PG,UK Priv-AllIndia/Mgmt,UR-OPEN,Uttarakhand,"SGRRI, Dehradun",PATHOLOGY,"₹12,50,000*","₹59,065",1,"₹10,00,000",750,2024,-,-,-,-,104(1),37(1),-,-,-,-,-,-,-,-,1355(1),-
UK PG,UK Priv-AllIndia/Mgmt,UR-MNG,Uttarakhand,"HIMS, Dehradun",PHYSIOLOGY,₹0*,"₹40,000",0,₹0,1200,2024,-,-,-,-,-,-,-,-,-,-,-,-,-,1391(1),-,-
Punjab PG,PB Priv-DMC Mgmt,GEN,Punjab,"DMC, Ludhiana",BIOCHEMISTRY,"₹2,60,000*","₹50,000",0,₹0,1326,2024,-,838(1),-,-,-,-,-,-,-,1392(1),-,-,-,-,-,-
UK PG,UK Priv-AllIndia/Mgmt,UR-MNG,Uttarakhand,"SGRRI, Dehradun",MICROBIOLOGY,₹0*,"₹30,000*",1,"₹10,00,000",750,2024,-,-,-,493(3),-,-,-,-,-,979(1),979(1),-,-,1397(1),-,-
UK PG,UK Priv-AllIndia/Mgmt,UR-OPEN,Uttarakhand,"HIMS, Dehradun",PATHOLOGY,"₹12,50,000*","₹40,000",0,₹0,1200,2024,-,-,-,-,-,-,-,-,-,-,-,-,-,-,1402(3),-
UK PG,UK Priv-AllIndia/Mgmt,UR-OPEN,Uttarakhand,"HIMS, Dehradun",BIOCHEMISTRY,₹0*,"₹40,000",0,₹0,1200,2024,-,-,-,-,-,-,-,-,-,-,-,-,-,-,1427(1),-
UK PG,UK Priv-AllIndia/Mgmt,UR-OPEN,Uttarakhand,"HIMS, Dehradun",MICROBIOLOGY,₹0*,"₹40,000",0,₹0,1200,2024,-,-,-,-,135(1),57(1),-,-,-,-,-,-,-,-,1428(1),-
UK PG,UK Priv-AllIndia/Mgmt,UR-OPEN,Uttarakhand,"HIMS, Dehradun",IHBT,"₹15,00,000*","₹40,000",0,₹0,1200,2024,-,-,-,-,145(1),71(1),-,-,-,-,-,-,-,-,1441(1),-
HP PG,HP Priv All,GEN,Himachal Pradesh,"MMU, Solan",SPM,"₹3,50,000*","₹40,000",1,"₹10,00,000",720,2024,-,112(2),-,1147(2),1166(1),-,-,-,-,1100(1),-,-,-,1387(1),1486(2),-
TEL Mgmt PG,TELMgmt-MQ1-CatB-All,MQ1,Telangana,"Dr Patnam MRInstofMS,Chevella",MICROBIOLOGY,"₹5,30,000*",Info not available*,1*,"₹20,00,000*",-,2024,-,-,2213(1),-,-,-,-,-,-,-,1489(1),-,-,-,-,-
RJSTHN PG,RAJ Priv-All India,GEN,Rajasthan,"MGMC&H, Sitapur, Jaipur",OBG,"₹48,50,000*","₹55,000",0,₹0,1400,2024,-,1469(1),1513(1),1540(1),-,-,-,-,-,1799(1),-,-,-,-,-,-
PNDCHRY PG,PY Mgmt-Open,AGE,Pondicherry,"SMVMCH, Pondicherry",ANATOMY,"₹1,00,000*",₹0*,0,₹0,900,2024,-,207(2),-,-,-,-,-,-,-,362(2),-,-,-,1839(1),-,-
KAR PG (KEA),KAR Priv Seats-Open,OPN,Karnataka,"AJIMS, Mangalore",RADIO DIAGNOSIS,"₹13,88,744*","₹30,000",1*,"₹50,00,000*",910,2024,2676(1),2563(1),4503(1),-,-,-,-,-,1856(1),1856(1),1856(1),-,-,-,-,-
RJSTHN PG,RAJ Priv-All India,GEN,Rajasthan,"MGMC&H, Sitapur, Jaipur",RADIATION ONCOLOGY,"₹25,00,000*","₹55,000",0,₹0,1400,2024,-,1917(1),1996(1),2039(1),-,-,-,-,-,1918(1),-,-,-,-,-,-
TEL Mgmt PG,TELMgmt-MQ1-CatB-All,MQ1,Telangana,"Surabhi InstituteofMS,Siddipet",MICROBIOLOGY,"₹7,50,000*",Info not available*,1*,"₹20,00,000*",-,2024,-,-,2492(1),-,-,-,-,-,-,-,1920(1),-,-,-,-,-
PNDCHRY PG,PY Mgmt-Open,AGE,Pondicherry,"PIMS, Pondicherry",MICROBIOLOGY,"₹6,55,000","₹43,000",0,₹0,740,2024,-,-,-,-,-,-,-,-,-,-,-,-,-,1929(2),-,-
AP Mgmt PG,APMgmt-S1-All-CatB,S1A,Andhra Pradesh,"Dr PSI Med Coll, Chinoutpalli",PHARMACOLOGY,"₹3,10,500*","₹27,000*",1*,Info not available*,790,2024,-,-,-,-,-,-,-,-,-,-,-,-,-,1954(1),-,-
AP Mgmt PG,APMgmt-S1-All-CatB,S1A,Andhra Pradesh,"Dr PSI Med Coll, Chinoutpalli",SPM,"₹3,10,500*","₹27,000*",1*,Info not available*,790,2024,-,-,-,-,-,-,-,-,-,-,-,-,-,1994(1),-,-
PNDCHRY PG,PY Mgmt-Open,AGE,Pondicherry,"SriVenkateswaraa, Pondicherry",ANATOMY,"₹1,00,000*","₹7,000*",0,₹0,1120,2024,-,-,-,-,-,-,-,-,-,-,-,-,-,2107(1),-,-
PNDCHRY PG,PY Mgmt-Open,AGE,Pondicherry,"SMVMCH, Pondicherry",MICROBIOLOGY,"₹1,00,000*",₹0*,0,₹0,900,2024,-,302(1),-,-,-,-,-,-,-,526(1),-,-,-,2154(1),-,-
TEL Mgmt PG,TELMgmt-MQ1-CatB-All,MQ1,Telangana,"Mamata Med Coll, Khammam",PHARMACOLOGY,"₹6,60,000*",Info not available*,1*,"₹20,00,000*",1080,2024,-,-,-,-,-,-,-,-,-,-,2349(1),-,-,-,-,-
Haryana PG,HAR Priv-Mgmt,MNG,Haryana,"SGGST Med Coll, Gurgaon",PHARMACOLOGY,"₹10,00,000*","₹56,100",Info Not Available,Info not available,720,2024,-,-,-,1205(2),914(2),-,-,-,-,2390(1),-,-,-,513(1),291(2),-
TEL Mgmt PG,TELMgmt-MQ1-CatB-All,MQ1,Telangana,"CAIMS, Karimnagar",PHARMACOLOGY,"₹5,30,000*",Info not available*,1*,"₹20,00,000*",1000,2024,-,-,1726(1),2487(1),2487(1),2487(1),2487(1),-,-,-,2466(1),-,-,-,-,-
KAR PG (KEA),KAR Priv Seats-Open,OPN,Karnataka,"Kempegowda IMS, Bangalore",RADIO DIAGNOSIS,"₹13,88,744*","₹35,000*",1*,"₹50,00,000*",1100,2024,1167(1),1167(1),4217(1),-,-,-,-,-,913(2),913(2),2504(2),-,-,-,-,-
TEL Mgmt PG,TELMgmt-MQ1-CatB-All,MQ1,Telangana,"Prathima IMS, Karimnagar",MICROBIOLOGY,"₹5,62,250*",Info not available*,1*,"₹20,00,000*",1060,2024,-,-,2182(1),-,-,-,-,-,-,-,2518(1),-,-,-,-,-
Haryana PG,HAR Priv-Mgmt,MNG,Haryana,"NC Med Coll, Panipat",MICROBIOLOGY,"₹5,52,000*","₹40,000",0,₹0,680,2024,-,-,-,1317(2),870(2),1660(1),-,-,-,2586(1),-,-,-,-,-,-
KAR PG (KEA),KAR Priv Seats-Open,OPN,Karnataka,"JJM Med Coll, Davangere",RADIO DIAGNOSIS,"₹13,88,744*","₹30,000*",1*,"₹50,00,000*",1930,2024,1759(1),1759(1),1759(1),-,-,-,-,-,2352(2),2146(2),2639(2),-,-,-,-,-
TEL Mgmt PG,TELMgmt-MQ1-CatB-All,MQ1,Telangana,"MNR Med Coll, Sangareddy",SPM,"₹5,62,250*",Info not available*,1*,"₹20,00,000*",760,2024,-,-,-,-,-,-,-,-,-,-,2671(1),-,-,-,-,-
TEL Mgmt PG,TELMgmt-MQ1-CatB-All,MQ1,Telangana,"Mediciti IMS, Ghanpur",ANATOMY,"₹1,70,000*",Info not available*,1*,"₹20,00,000*",720,2024,-,-,-,-,-,-,-,-,-,-,2702(1),-,-,-,-,-
TEL Mgmt PG,TELMgmt-MQ1-CatB-All,MQ1,Telangana,"Mediciti IMS, Ghanpur",PHYSIOLOGY,"₹1,70,000*",Info not available*,1*,"₹20,00,000*",720,2024,-,-,-,-,-,-,-,-,-,-,2732(1),-,-,-,-,-
TEL Mgmt PG,TELMgmt-MQ1-CatB-All,MQ1,Telangana,"Kamineni IMS, Narketpally",BIOCHEMISTRY,"₹2,16,000*",Info not available*,1*,"₹20,00,000*",1060,2024,-,-,-,-,-,-,-,-,-,-,2738(1),-,-,-,-,-
TEL Mgmt PG,TELMgmt-MQ1-CatB-All,MQ1,Telangana,"Maheshwara Med Coll, Medak",SPM,"₹5,30,000*",Info not available*,1*,"₹20,00,000*",745,2024,-,-,-,-,-,-,-,-,-,-,2750(1),-,-,-,-,2647(1)
TEL Mgmt PG,TELMgmt-MQ1-CatB-All,MQ1,Telangana,"Mamata Med Coll, Khammam",MICROBIOLOGY,"₹6,60,000*",Info not available*,1*,"₹20,00,000*",1080,2024,-,-,-,-,-,-,-,-,-,-,-,-,-,2759(1),-,-
Haryana PG,HAR Priv-Mgmt,MNG,Haryana,"Adesh Med Coll, Shahabad",SPM,"₹5,52,000*","₹44,000",0,₹0,775,2024,-,882(1),-,1165(2),570(1),1195(1),-,-,-,2769(3),-,-,-,522(3),-,-
TEL Mgmt PG,TELMgmt-MQ1-CatB-All,MQ1,Telangana,"MNR Med Coll, Sangareddy",PHARMACOLOGY,"₹5,62,250*",Info not available*,1*,"₹20,00,000*",760,2024,-,-,-,-,-,-,-,-,-,-,2832(1),-,-,-,-,-
TEL Mgmt PG,TELMgmt-MQ1-CatB-All,MQ1,Telangana,"RVM IMSRC, Siddipet",SPM,"₹5,30,000*",Info not available*,1*,"₹20,00,000*",1110,2024,-,-,2127(1),2127(1),2127(1),2127(1),2127(1),-,-,-,2880(1),-,-,-,-,-
TEL Mgmt PG,TELMgmt-MQ1-CatB-All,MQ1,Telangana,"Mediciti IMS, Ghanpur",PHARMACOLOGY,"₹5,30,000*",Info not available*,1*,"₹20,00,000*",720,2024,-,-,-,-,-,-,-,-,-,-,2029(1),-,-,-,-,2900(1)
TEL Mgmt PG,TELMgmt-MQ1-CatB-All,MQ1,Telangana,"Kamineni IMS, Narketpally",PHARMACOLOGY,"₹5,45,000*",Info not available*,1*,"₹20,00,000*",1060,2024,-,-,2289(1),2528(1),2528(1),2528(1),2528(1),-,-,-,2913(1),-,-,-,-,-
TEL Mgmt PG,TELMgmt-MQ1-CatB-All,MQ1,Telangana,"Maheshwara Med Coll, Medak",MICROBIOLOGY,"₹5,30,000*",Info not available*,1*,"₹20,00,000*",745,2024,-,-,-,-,-,-,-,-,-,-,2283(1),-,-,-,2962(1),-
TEL Mgmt PG,TELMgmt-MQ1-CatB-All,MQ1,Telangana,"CAIMS, Karimnagar",MICROBIOLOGY,"₹5,30,000*",Info not available*,1*,"₹20,00,000*",1000,2024,-,-,-,-,-,-,-,-,-,-,-,-,-,-,2996(1),-
TEL Mgmt PG,TELMgmt-MQ1-CatB-All,MQ1,Telangana,"Mediciti IMS, Ghanpur",BIOCHEMISTRY,"₹1,70,000*",Info not available*,1*,"₹20,00,000*",720,2024,-,-,-,-,-,-,-,-,-,-,-,-,-,-,2997(1),-
TEL Mgmt PG,TELMgmt-MQ1-CatB-All,MQ1,Telangana,"MNR Med Coll, Sangareddy",MICROBIOLOGY,"₹5,62,250*",Info not available*,1*,"₹20,00,000*",760,2024,-,-,-,-,-,-,-,-,-,-,2047(1),-,-,-,3000(1),-
TEL Mgmt PG,TELMgmt-MQ1-CatB-All,MQ1,Telangana,"CAIMS, Karimnagar",BIOCHEMISTRY,"₹2,00,000*",Info not available*,1*,"₹20,00,000*",1000,2024,-,-,-,-,-,-,-,-,-,-,-,-,-,-,3007(1),-
TEL Mgmt PG,TELMgmt-MQ1-CatB-All,MQ1,Telangana,"Prathima IMS, Karimnagar",SPM,"₹5,62,250*",Info not available*,1*,"₹20,00,000*",1060,2024,-,-,1875(1),2195(1),2195(1),2195(1),2195(1),-,-,-,2250(1),-,-,-,3045(1),-
TEL Mgmt PG,TELMgmt-MQ1-CatB-All,MQ1,Telangana,"Mahavir Inst of MS, Vikarabad",FORENSIC MEDICINE,"₹5,30,000*",Info not available*,1*,"₹20,00,000*",700,2024,-,-,-,-,-,-,-,-,-,1297(1),1297(1),-,-,-,3012(1),3075(1)
RJSTHN PG,RAJ Priv-All India,GEN,Rajasthan,"Ananta IMS & RC, Rajsamand",TBRD,"₹32,55,000*","₹25,000",0,₹0,775,2024,-,2301(1),-,-,-,4619(1),-,-,-,3111(1),-,-,-,-,-,-
TN Mgmt PG,TN Mgmt Quota,GEN,Tamil Nadu,"KarpagaVinayaga,Maduranthagam",BIOCHEMISTRY,"₹4,35,000*","₹10,000*",0,₹0,550,2024,-,-,-,3901(1),3952(1),-,-,-,-,3130(1),-,-,-,-,-,-
RJSTHN PG,RAJ Priv-All India,GEN,Rajasthan,"Ananta IMS & RC, Rajsamand",OPHTHALMOLOGY,"₹32,55,000*","₹25,000",0,₹0,775,2024,-,2690(1),3009(1),2207(1),-,-,-,-,-,3469(1),-,-,-,-,-,-
KAR PG (KEA),KAR Priv Seats-Open,OPN,Karnataka,"Kempegowda IMS, Bangalore",DERMATOLOGY,"₹13,88,744*","₹35,000*",1*,"₹50,00,000*",1100,2024,2199(1),2199(1),2199(1),-,-,-,-,-,3502(1),3620(1),-,-,-,-,-,-
RJSTHN PG,RAJ Priv-All India,GEN,Rajasthan,"MGMC&H, Sitapur, Jaipur",TRAUMATOLOGY AND SURGERY,"₹45,00,000*","₹55,000",0,₹0,1400,2024,-,2086(1),2524(1),2638(1),-,-,-,-,-,3704(1),-,-,-,-,-,-
TN Mgmt PG,TN Mgmt Quota,GEN,Tamil Nadu,"Trichy SRM Med Coll, Trichy",BIOCHEMISTRY,"₹4,35,000*","₹35,000*",0,₹0,1575,2024,-,-,-,3828(1),4003(1),-,-,-,-,3862(1),3849(1),-,-,-,3523(1),-
TN Mgmt PG,TN Mgmt Quota,GEN,Tamil Nadu,"Velammal Med Col, Madurai",PHYSIOLOGY,"₹4,35,000*","₹37,000*",0,₹0,1024,2024,-,-,-,3803(1),-,-,-,-,-,-,-,-,-,3996(1),-,-
MP PG,MP Govt-NonDomicile,UR (Non Domicile),Madhya Pradesh,"Govt Med Coll, Khandwa",PHYSIOLOGY,"₹1,01,500*","₹75,444",1,"₹10,00,000",-,2024,-,-,-,-,-,-,-,-,-,-,4152(1),-,-,-,-,-
RJSTHN PG,RAJ Priv-All India,GEN,Rajasthan,"National IMS&R, Jaipur",PATHOLOGY,"₹10,00,000*","₹55,200*",0,₹0,1130,2024,-,2696(1),2847(1),3032(1),-,-,-,-,-,4253(1),-,-,-,-,-,-
KAR PG (KEA),KAR Priv Seats-Open,OPN,Karnataka,"JJM Med Coll, Davangere",DERMATOLOGY,"₹13,88,744*","₹30,000*",1*,"₹50,00,000*",1930,2024,5377(2),4763(2),6754(2),-,-,-,-,-,3620(1),1146(1),4312(1),-,-,-,-,-
KAR PG (KEA),KAR Priv Seats-Open,OPN,Karnataka,"Father Mullers, Mangalore",GENERAL MEDICINE,"₹13,88,744*","₹35,000*",1*,"₹50,00,000*",1250,2024,2748(1),2748(1),3848(1),-,-,-,-,-,4026(2),3779(2),4316(2),-,-,-,-,-
TN Mgmt PG,TN Mgmt Quota,GEN,Tamil Nadu,Melmaruvathur Adiparasakthi,PHYSIOLOGY,"₹4,35,000*","₹35,000*",0,₹0,700,2024,-,-,-,3924(1),-,-,-,-,-,-,-,-,-,-,4414(1),-
TN Mgmt PG,TN Mgmt Quota,GEN,Tamil Nadu,"Karpagam Faculty, Coimbatore",BIOCHEMISTRY,"₹4,35,000*","₹38,000*",0,₹0,675,2024,-,-,-,-,-,-,-,-,-,-,-,-,-,-,4482(1),-
TN Mgmt PG,TN Mgmt Quota,GEN,Tamil Nadu,"Srinivasan Med Coll,Samayapuram",SPM,"₹4,35,000*",Info not available,0,₹0,-,2024,-,-,-,-,-,-,-,-,-,-,-,-,3726(1),4527(1),-,-
RJSTHN PG,RAJ Priv-All India,GEN,Rajasthan,"American Intl IMS, Bedwas",ANAESTHESIOLOGY,"₹25,00,000*","₹20,000",0,₹0,700,2024,-,-,-,-,-,-,-,-,-,4544(1),-,-,-,-,-,-
TN Mgmt PG,TN Mgmt Quota,GEN,Tamil Nadu,"KarpagaVinayaga,Maduranthagam",PHARMACOLOGY,"₹4,35,000*","₹10,000*",0,₹0,550,2024,-,2855(1),-,3482(1),-,-,-,-,-,1852(1),-,-,-,-,4671(1),-
TN Mgmt PG,TN Mgmt Quota,GEN,Tamil Nadu,"PSG IMS, Coimbatore",PHYSIOLOGY,"₹4,35,000*","₹25,000*",0,₹0,1130,2024,-,2815(1),-,3906(2),-,-,-,-,-,2768(1),2768(1),-,-,-,4699(1),-
TN Mgmt PG,TN Mgmt Quota,GEN,Tamil Nadu,"Trichy SRM Med Coll, Trichy",PHYSIOLOGY,"₹4,35,000*","₹35,000*",0,₹0,1575,2024,-,-,-,-,-,-,-,-,-,2483(1),2483(1),-,-,-,4702(1),-
TN Mgmt PG,TN Mgmt Quota,GEN,Tamil Nadu,"Annapoorna Medical Coll, Salem",PHARMACOLOGY,"₹4,35,000*","₹35,000*",0,₹0,-,2024,-,-,-,-,-,-,-,-,-,-,-,-,-,-,4705(1),-
TN Mgmt PG,TN Mgmt Quota,GEN,Tamil Nadu,"Karpagam Faculty, Coimbatore",PHARMACOLOGY,"₹4,35,000*","₹38,000*",0,₹0,675,2024,-,-,-,3513(1),-,-,-,-,-,-,-,-,-,-,4715(1),-
TN Mgmt PG,TN Mgmt Quota,GEN,Tamil Nadu,Melmaruvathur Adiparasakthi,FORENSIC MEDICINE,"₹4,35,000*","₹35,000*",0,₹0,700,2024,-,2433(1),-,3212(1),-,-,-,-,-,3406(1),3426(1),-,-,-,4720(1),-
KAR PG (KEA),KAR Priv Seats-Open,OPN,Karnataka,"St John's, Bangalore",PSYCHIATRY,"₹12,05,025*","₹45,000",1*,"₹5,00,000*",1720,2024,-,-,-,-,-,-,-,-,3578(1),4969(1),-,-,-,-,-,-
KAR PG (KEA),KAR Priv Seats-Open,OPN,Karnataka,"JJM Med Coll, Davangere",GENERAL MEDICINE,"₹13,88,744*","₹30,000*",1*,"₹50,00,000*",1930,2024,5083(4),4503(4),7627(4),-,-,-,-,-,4713(4),4316(4),5045(4),-,-,-,-,-
KAR PG (KEA),KAR Priv Seats-Open,OPN,Karnataka,"SSIMS & RC, Davangere",RADIO DIAGNOSIS,"₹13,88,744*","₹30,000",1*,"₹50,00,000*",1190,2024,-,-,-,-,-,-,-,-,2660(1),2660(1),5096(1),-,-,-,-,-
KAR PG (KEA),KAR Priv Seats-Open,OPN,Karnataka,"St John's, Bangalore",PAEDIATRICS,"₹12,40,025*","₹45,000",1*,"₹5,00,000*",1720,2024,-,-,-,-,-,-,-,-,2293(1),4744(1),5569(1),-,-,-,-,-
KAR PG (KEA),KAR Priv Seats-Open,OPN,Karnataka,"Kempegowda IMS, Bangalore",GENERAL MEDICINE,"₹13,88,744*","₹35,000*",1*,"₹50,00,000*",1100,2024,5452(2),5435(2),9014(2),-,-,-,-,-,5504(4),5045(4),6275(3),-,-,-,-,-
RJSTHN PG,RAJ Priv-All India,GEN,Rajasthan,"National IMS&R, Jaipur",MICROBIOLOGY,"₹20,000*","₹50,000",0,₹0,1130,2024,-,-,-,-,5834(1),-,-,-,-,-,-,-,-,-,6366(1),-
RJSTHN PG,RAJ Priv-All India,GEN,Rajasthan,Jaipur National Univ IMS,SPM,"₹6,00,000*",Info not available*,0,₹0,810,2024,-,-,-,5178(1),5117(1),-,-,-,-,-,-,-,-,-,6581(1),-
RJSTHN PG,RAJ Priv-All India,GEN,Rajasthan,"MGMC&H, Sitapur, Jaipur",BIOCHEMISTRY,"₹6,00,000*","₹55,000",0,₹0,1400,2024,-,-,-,5034(1),-,-,-,-,-,-,-,-,-,-,6817(1),-
KAR PG (KEA),KAR Priv Seats-Open,OPN,Karnataka,"Nijalingappa, Bagalkot",GENERAL MEDICINE,"₹13,88,744*","₹10,000*",1*,"₹50,00,000*",1140,2024,9231(1),6988(1),15678(1),-,-,-,-,-,7337(1),7337(1),7657(1),-,-,-,-,-
KAR PG (KEA),KAR Priv Seats-Open,OPN,Karnataka,"MS Ramaiah, Bangalore",RADIO DIAGNOSIS,"₹55,40,750*","₹45,000",1*,"₹50,00,000*",1331,2024,5459(2),4683(2),17178(2),24421(1),-,-,-,-,3720(2),7929(2),-,-,-,-,-,-
KAR PG (KEA),KAR Priv Seats-Open,OPN,Karnataka,"KVG Med Coll, Sullia",RADIO DIAGNOSIS,"₹13,88,744*","₹7,500",1*,"₹50,00,000*",682,2024,5272(1),4316(1),8021(1),-,-,-,-,-,4296(1),4296(1),8269(1),-,-,-,-,-
KAR PG (KEA),KAR Priv Seats-Open,OPN,Karnataka,"DR BR Ambedkar, Bangalore",GENERAL MEDICINE,"₹13,88,744*","₹10,000*",1*,"₹50,00,000*",570,2024,7985(1),5452(1),12615(1),-,-,-,-,-,6622(1),5554(1),8407(1),-,-,-,-,-
KAR PG (KEA),KAR Priv Seats-Open,OPN,Karnataka,"BGS IMS, Bangalore",GENERAL MEDICINE,"₹13,88,744*","₹25,000*",1*,"₹50,00,000*",766,2024,6340(1),5810(1),11264(1),-,-,-,-,-,7210(2),6305(2),8469(2),-,-,-,-,-
UP PG,UP Priv-Open Quota,UR,Uttar Pradesh,"Hind IMS, Sitapur",BIOCHEMISTRY,₹0*,"₹30,000",1*,₹0*,700,2024,-,-,-,4454(3),-,-,-,-,-,-,-,-,-,-,9313(1),-
UP PG,UP Priv-Open Quota,UR,Uttar Pradesh,Muzaffarnagar Medical College,BIOCHEMISTRY,"₹8,93,521*","₹56,100*",1*,₹0*,857,2024,-,-,-,4513(1),-,-,-,-,-,-,-,-,-,9836(1),-,-
UP PG,UP Priv-Open Quota,UR,Uttar Pradesh,"Rohilkhand Med Coll, Bareilly",PHARMACOLOGY,"₹50,000*","₹24,000*",0,₹0,720,2024,-,-,-,4449(4),-,-,-,-,-,-,-,-,-,-,9907(1),-
UP PG,UP Priv-Open Quota,UR,Uttar Pradesh,"Hind IMS, Barabanki",BIOCHEMISTRY,₹0*,"₹35,000",1*,₹0*,580,2024,-,-,-,4320(1),-,-,-,-,-,-,-,-,-,9954(1),-,-
Sikkim PG,Sikkim Mgmt Quota,GEN,Sikkim,"SMIMS, Gangtok",GENERAL MEDICINE,"₹53,00,000*","₹34,000",0*,₹0*,500,2024,-,19692(1),-,-,-,-,-,-,-,10312(1),-,-,-,-,-,-
UP PG,UP Priv-Open Quota,UR,Uttar Pradesh,"Heritage IMS, Varanasi",MICROBIOLOGY,"₹5,00,000*","₹21,000",0,₹0,735,2024,-,-,-,3884(1),1871(1),988(1),-,-,-,-,-,-,-,-,10491(1),-
UP PG,UP Priv-Open Quota,UR,Uttar Pradesh,"Era Lucknow Med Coll, Lucknow",PHARMACOLOGY,"₹6,00,000*",₹0*,0,₹0,850,2024,-,-,-,3232(1),-,-,-,-,-,-,-,-,-,-,10541(2),-
UP PG,UP Priv-Open Quota,UR,Uttar Pradesh,"Mayo IMS, Barabanki",PHARMACOLOGY,"₹5,00,000*","₹14,000*",0*,₹0*,736,2024,-,-,-,4398(3),2007(1),-,-,-,-,-,-,-,-,-,10557(1),-
UP PG,UP Priv-Open Quota,UR,Uttar Pradesh,"Teerthanker Med Coll,Moradabad",MICROBIOLOGY,"₹10,000*",Info not available*,0,₹0,1000,2024,-,-,-,3599(2),1677(1),-,-,-,-,-,-,-,-,10214(1),10571(2),-
UP PG,UP Priv-Open Quota,UR,Uttar Pradesh,"Teerthanker Med Coll,Moradabad",BIOCHEMISTRY,"₹10,000*",Info not available*,0,₹0,1000,2024,-,-,-,4372(1),2099(2),-,-,-,-,-,-,-,-,-,10581(2),-
UP PG,UP Priv-Open Quota,UR,Uttar Pradesh,"SRMS IMS, Bareilly",BIOCHEMISTRY,"₹36,000*","₹32,000*",1*,₹0*,950,2024,-,-,-,4590(1),-,-,-,-,-,-,-,-,-,-,10633(1),-
UP PG,UP Priv-Open Quota,UR,Uttar Pradesh,Muzaffarnagar Medical College,SPM,"₹8,93,521*","₹56,100*",1*,₹0*,857,2024,-,-,-,2780(2),-,-,-,-,-,-,-,-,-,-,10638(2),-
UP PG,UP Priv-Open Quota,UR,Uttar Pradesh,"IIMSR, Lucknow",BIOCHEMISTRY,"₹6,00,000*",Info not available*,0,₹0,540,2024,-,-,-,4717(2),2171(1),-,-,-,-,-,-,-,-,-,10671(1),-
UP PG,UP Priv-Open Quota,UR,Uttar Pradesh,"Heritage IMS, Varanasi",ANATOMY,"₹5,00,000*","₹21,000",0,₹0,735,2024,-,-,-,4640(1),-,-,-,-,-,-,-,-,-,-,10680(1),-
UP PG,UP Priv-Open Quota,UR,Uttar Pradesh,"SMSR, Greater Noida",PHYSIOLOGY,"₹9,77,116*","₹32,000",0,₹0,1200,2024,-,-,-,3738(2),-,-,-,-,-,-,-,-,-,-,10681(2),-
UP PG,UP Priv-Open Quota,UR,Uttar Pradesh,"SRMS IMS, Bareilly",PHARMACOLOGY,"₹36,000*","₹32,000*",1*,₹0*,950,2024,-,-,-,3351(2),-,-,-,-,-,-,-,-,-,9205(1),10686(1),-
UP PG,UP Priv-Open Quota,UR,Uttar Pradesh,"Teerthanker Med Coll,Moradabad",PHARMACOLOGY,"₹10,000*",Info not available*,0,₹0,1000,2024,-,-,-,4321(2),-,-,-,-,-,-,-,-,-,-,10703(1),-
UP PG,UP Priv-Open Quota,UR,Uttar Pradesh,"Mayo IMS, Barabanki",SPM,"₹5,00,000*","₹14,000*",0*,₹0*,736,2024,-,-,-,3902(4),1702(2),-,-,-,-,-,-,-,-,-,10712(4),-
UP PG,UP Priv-Open Quota,UR,Uttar Pradesh,"Subharti Med Coll, Meerut",PHARMACOLOGY,₹0*,"₹30,000*",2*,Info not available*,938,2024,-,-,-,4168(3),1741(2),1066(1),-,-,-,-,-,-,-,-,10717(1),-
UP PG,UP Priv-Open Quota,UR,Uttar Pradesh,"SMSR, Greater Noida",ANATOMY,"₹9,77,116*","₹32,000",0,₹0,1200,2024,-,-,-,4282(2),-,1178(1),-,-,-,-,-,-,-,-,10719(1),-
UP PG,UP Priv-Open Quota,UR,Uttar Pradesh,"Career Instt of MS, Lucknow",BIOCHEMISTRY,"₹1,00,000*",Info not available*,0,₹0,600,2024,-,-,-,4575(2),-,1182(2),-,-,-,-,-,-,-,-,10723(2),-
UP PG,UP Priv-Open Quota,UR,Uttar Pradesh,"Rama Med Coll, Kanpur",PHARMACOLOGY,"₹40,000*","₹30,000",0,₹0,730,2024,-,-,-,3771(3),-,-,-,-,-,-,-,-,-,-,10725(2),-
UP PG,UP Priv-Open Quota,UR,Uttar Pradesh,Muzaffarnagar Medical College,MICROBIOLOGY,"₹8,93,521*","₹56,100*",1*,₹0*,857,2024,-,-,-,3826(4),1616(2),710(1),-,-,-,-,-,-,-,9337(1),10729(1),-
UP PG,UP Priv-Open Quota,UR,Uttar Pradesh,"Era Lucknow Med Coll, Lucknow",MICROBIOLOGY,"₹6,00,000*",₹0*,0,₹0,850,2024,-,-,-,2716(1),1521(1),-,-,-,-,-,-,-,-,-,10734(2),-
UP PG,UP Priv-Open Quota,UR,Uttar Pradesh,"FH Med Coll, Agra",MICROBIOLOGY,"₹10,000*","₹45,000",0,₹0,932,2024,-,-,-,2554(1),1811(1),-,-,-,-,-,-,-,-,-,10738(2),-
UP PG,UP Priv-Open Quota,UR,Uttar Pradesh,"Hind IMS, Sitapur",MICROBIOLOGY,₹0*,"₹30,000",1*,₹0*,700,2024,-,-,-,4732(6),1775(1),981(1),-,-,-,-,-,-,-,-,10757(3),-
UP PG,UP Priv-Open Quota,UR,Uttar Pradesh,"Saraswati IMS, Hapur",PHARMACOLOGY,"₹10,000*","₹25,000*",0,₹0,851,2024,-,-,-,3593(2),-,-,-,-,-,-,-,-,-,-,10761(2),-
UP PG,UP Priv-Open Quota,UR,Uttar Pradesh,"Subharti Med Coll, Meerut",BIOCHEMISTRY,₹0*,"₹30,000*",2*,Info not available*,938,2024,-,-,-,4693(3),-,-,-,-,-,-,-,-,-,-,10768(1),-
KAR PG (KEA),KAR Priv Seats-Open,OPN,Karnataka,"SDM College, Dharwad",GENERAL MEDICINE,"₹28,75,650*","₹45,000*",1*,"₹50,00,000*",670,2024,10459(1),12062(1),17757(1),-,-,-,-,-,6865(1),10786(1),10786(1),-,-,-,-,-
UP PG,UP Priv-Open Quota,UR,Uttar Pradesh,"TS Misra Med Coll, Lucknow",BIOCHEMISTRY,₹0*,"₹10,000",0,₹0,735,2024,-,-,-,-,2088(1),-,-,-,-,-,-,-,-,-,10791(1),-
KAR PG (KEA),KAR Priv Seats-Open,OPN,Karnataka,"East Point College,Bangalore",DERMATOLOGY,"₹13,88,744*","₹20,000",1*,"₹50,00,000*",-,2024,-,-,-,-,-,-,-,-,-,-,10801(1),-,-,-,-,-
UP PG,UP Priv-Open Quota,UR,Uttar Pradesh,"IIMSR, Lucknow",MICROBIOLOGY,"₹6,00,000*",Info not available*,0,₹0,540,2024,-,-,-,4232(2),-,-,-,-,-,-,-,-,-,9802(1),10811(4),-
UP PG,UP Priv-Open Quota,UR,Uttar Pradesh,"Rama Med Coll, Kanpur",BIOCHEMISTRY,"₹40,000*","₹30,000",0,₹0,730,2024,-,-,-,4361(2),-,-,-,-,-,-,-,-,-,-,10814(1),-
KAR PG (KEA),KAR Priv Seats-Open,OPN,Karnataka,"MVJMC&RH, Bangalore",GENERAL MEDICINE,"₹13,88,744*","₹10,000*",1*,"₹50,00,000*",833,2024,-,-,-,-,-,-,-,-,7075(1),7438(1),10822(1),-,-,-,-,-
KAR PG (KEA),KAR Priv Seats-Open,OPN,Karnataka,"SSIMS & RC, Davangere",DERMATOLOGY,"₹13,88,744*","₹30,000",1*,"₹50,00,000*",1190,2024,-,-,-,-,-,-,-,-,7858(1),5266(1),11144(1),-,-,-,-,-
KAR PG (KEA),KAR Priv Seats-Open,OPN,Karnataka,"SDM College, Dharwad",DERMATOLOGY,"₹28,75,650*","₹45,000*",1*,"₹50,00,000*",670,2024,-,-,-,-,-,-,-,-,11268(1),11268(1),11268(1),-,-,-,-,-
KAR PG (KEA),KAR Priv Seats-Open,OPN,Karnataka,"Kempegowda IMS, Bangalore",OBG,"₹13,88,744*","₹35,000*",1*,"₹50,00,000*",1100,2024,-,-,-,-,-,-,-,-,11617(1),11591(1),11727(1),-,-,-,-,-
KAR PG (KEA),KAR Priv Seats-Open,OPN,Karnataka,"KVG Med Coll, Sullia",GENERAL MEDICINE,"₹13,88,744*","₹7,500",1*,"₹50,00,000*",682,2024,-,-,-,-,-,-,-,-,7438(1),8322(1),11905(1),-,-,-,-,-
KAR PG (KEA),KAR Priv Seats-Open,OPN,Karnataka,"VIMS (Vydehi), Bangalore",PAEDIATRICS,"₹13,88,744*","₹29,000*",1*,"₹50,00,000*",1600,2024,5871(1),5871(1),12334(1),18896(1),-,-,-,-,7224(1),8576(1),11984(1),-,-,-,-,-
Sikkim PG,Sikkim Gen Quota,GEN,Sikkim,"SMIMS, Gangtok",OBG,"₹29,60,000*","₹34,000",0*,₹0*,500,2024,-,26481(1),-,-,-,-,-,-,-,12045(1),-,-,-,-,-,-
KAR PG (KEA),KAR Priv Seats-Open,OPN,Karnataka,"Father Mullers, Mangalore",GENERAL SURGERY,"₹13,88,744*","₹35,000*",1*,"₹50,00,000*",1250,2024,10760(1),10760(1),17651(1),-,-,-,-,-,12145(1),12145(1),12145(1),-,-,-,-,-
KAR PG (KEA),KAR Priv Seats-Open,OPN,Karnataka,"SSIMS & RC, Davangere",PAEDIATRICS,"₹13,88,744*","₹30,000",1*,"₹50,00,000*",1190,2024,9742(1),7951(1),14211(1),-,-,-,-,-,9856(1),9856(1),12569(1),-,-,-,-,-
KAR PG (KEA),KAR Priv Seats-Open,OPN,Karnataka,"East Point College,Bangalore",GENERAL MEDICINE,"₹13,88,744*","₹20,000",1*,"₹50,00,000*",-,2024,-,-,-,-,-,-,-,-,9122(1),8186(1),12984(1),-,-,-,-,-
KAR PG (KEA),KAR Priv Seats-Open,OPN,Karnataka,"St John's, Bangalore",ORTHOPAEDICS,"₹12,80,025*","₹45,000",1*,"₹5,00,000*",1720,2024,-,-,-,-,-,-,-,-,6580(1),6580(1),13012(1),-,-,-,-,-
KAR PG (KEA),KAR Priv Seats-Open,OPN,Karnataka,"Navodaya Med Coll, Raichur",DERMATOLOGY,"₹13,88,744*","₹10,000*",1*,"₹50,00,000*",1110,2024,-,-,-,-,-,-,-,-,5613(1),5613(1),13183(1),-,-,-,-,-
KAR PG (KEA),KAR Priv Seats-Open,OPN,Karnataka,"JJM Med Coll, Davangere",OBG,"₹13,88,744*","₹30,000*",1*,"₹50,00,000*",1930,2024,8241(3),8241(3),11579(3),-,-,-,-,-,10299(5),9374(5),13433(4),-,-,-,-,-
KAR PG (KEA),KAR Priv Seats-Open,OPN,Karnataka,"AJIMS, Mangalore",PAEDIATRICS,"₹13,88,744*","₹30,000",1*,"₹50,00,000*",910,2024,-,-,-,-,-,-,-,-,10037(1),9844(1),13741(1),-,-,-,-,-
KAR PG (KEA),KAR Priv Seats-Open,OPN,Karnataka,"Basaveswara, Chitradurga",PAEDIATRICS,"₹13,88,744*","₹5,000*",1*,"₹50,00,000*",500,2024,-,-,-,-,-,-,-,-,9869(1),9330(1),13972(1),-,-,-,-,-
KAR PG (KEA),KAR Priv Seats-Open,OPN,Karnataka,"DR BR Ambedkar, Bangalore",PAEDIATRICS,"₹13,88,744*","₹10,000*",1*,"₹50,00,000*",570,2024,-,-,-,-,-,-,-,-,9724(1),9724(1),14094(1),-,-,-,-,-
KAR PG (KEA),KAR Priv Seats-Open,OPN,Karnataka,"MRMC, Gulbarga",PAEDIATRICS,"₹13,88,744*","₹8,000*",1*,"₹50,00,000*",1038,2024,-,-,-,-,-,-,-,-,11167(1),10986(1),14558(1),-,-,-,-,-
KAR PG (KEA),KAR Priv Seats-Open,OPN,Karnataka,"Nijalingappa, Bagalkot",PAEDIATRICS,"₹13,88,744*","₹10,000*",1*,"₹50,00,000*",1140,2024,-,-,-,-,-,-,-,-,10756(1),10854(1),15314(1),-,-,-,-,-
KAR PG (KEA),KAR Priv Seats-Open,OPN,Karnataka,"JJM Med Coll, Davangere",GENERAL SURGERY,"₹13,88,744*","₹30,000*",1*,"₹50,00,000*",1930,2024,11117(2),11079(2),20053(2),-,-,-,-,-,10436(1),10436(1),16130(1),-,-,-,-,-
KAR PG (KEA),KAR Priv Seats-Open,OPN,Karnataka,"East Point College,Bangalore",PAEDIATRICS,"₹13,88,744*","₹20,000",1*,"₹50,00,000*",-,2024,-,-,-,-,-,-,-,-,10044(1),11167(1),16254(1),-,-,-,-,-
KAR PG (KEA),KAR Priv Seats-Open,OPN,Karnataka,"Father Mullers, Mangalore",ORTHOPAEDICS,"₹13,88,744*","₹35,000*",1*,"₹50,00,000*",1250,2024,11291(1),11291(1),15459(1),-,-,-,-,-,12830(1),12981(1),16298(1),-,-,-,-,-
KAR PG (KEA),KAR Priv Seats-Open,OPN,Karnataka,"MRMC, Gulbarga",OBG,"₹13,88,744*","₹8,000*",1*,"₹50,00,000*",1038,2024,-,-,-,-,-,-,-,-,13433(1),12548(1),16324(1),-,-,-,-,-
KAR PG (KEA),KAR Priv Seats-Open,OPN,Karnataka,"JJM Med Coll, Davangere",TBRD,"₹13,88,744*","₹30,000*",1*,"₹50,00,000*",1930,2024,10010(1),10010(1),18894(1),-,-,-,-,-,12691(1),12626(1),16581(1),-,-,-,-,-
KAR PG (KEA),KAR Priv Seats-Open,OPN,Karnataka,"AJIMS, Mangalore",OBG,"₹13,88,744*","₹30,000",1*,"₹50,00,000*",910,2024,9938(1),9742(1),12043(1),-,-,-,-,-,11832(1),11832(1),16813(1),-,-,-,-,-
KAR PG (KEA),KAR Priv Seats-Open,OPN,Karnataka,"Nijalingappa, Bagalkot",OBG,"₹13,88,744*","₹10,000*",1*,"₹50,00,000*",1140,2024,11798(1),11579(1),16067(1),-,-,-,-,-,14519(1),13433(1),16848(1),-,-,-,-,-
KAR PG (KEA),KAR Priv Seats-Open,OPN,Karnataka,"KVG Med Coll, Sullia",PAEDIATRICS,"₹13,88,744*","₹7,500",1*,"₹50,00,000*",682,2024,12814(1),12391(1),17999(1),-,-,-,-,-,12611(1),10985(1),17118(1),-,-,-,-,-
KAR PG (KEA),KAR Priv Seats-Open,OPN,Karnataka,"DR BR Ambedkar, Bangalore",OBG,"₹13,88,744*","₹10,000*",1*,"₹50,00,000*",570,2024,-,-,-,-,-,-,-,-,11872(1),11872(1),17239(1),-,-,-,-,-
KAR PG (KEA),KAR Priv Seats-Open,OPN,Karnataka,"St John's, Bangalore",OPHTHALMOLOGY,"₹12,05,025*","₹45,000",1*,"₹5,00,000*",1720,2024,-,-,-,-,-,-,-,-,11982(1),11982(1),17498(1),-,-,-,-,-
KAR PG (KEA),KAR Priv Seats-Open,OPN,Karnataka,"VIMS (Vydehi), Bangalore",TBRD,"₹13,88,744*","₹29,000*",1*,"₹50,00,000*",1600,2024,-,-,-,-,-,-,-,-,15301(1),14032(1),17545(1),-,-,-,-,-
KAR PG (KEA),KAR Priv Seats-Open,OPN,Karnataka,"Akash IMS,Devanhalli,Bangalore",OBG,"₹13,88,744*","₹20,000",1*,"₹50,00,000*",760,2024,7394(1),7394(1),14397(1),19974(1),33397(1),-,-,-,12960(1),15045(1),17879(1),-,-,-,-,-
KAR PG (KEA),KAR Priv Seats-Open,OPN,Karnataka,"KVG Med Coll, Sullia",OBG,"₹13,88,744*","₹7,500",1*,"₹50,00,000*",682,2024,-,-,-,-,-,-,-,-,15045(1),11617(1),18231(1),-,-,-,-,-
KAR PG (KEA),KAR Priv Seats-Open,OPN,Karnataka,"JJM Med Coll, Davangere",ORTHOPAEDICS,"₹13,88,744*","₹30,000*",1*,"₹50,00,000*",1930,2024,11936(3),11918(3),18325(3),-,-,-,-,-,16566(3),16114(3),18525(3),-,-,-,-,-
Sikkim PG,Sikkim Gen Quota,GEN,Sikkim,"SMIMS, Gangtok",RADIO DIAGNOSIS,"₹35,00,000*","₹34,000",0*,₹0*,500,2024,-,14621(1),-,-,-,-,-,-,-,19577(2),-,-,-,-,-,-
KAR PG (KEA),KAR Priv Seats-Open,OPN,Karnataka,"Al-Ameen, Bijapur",PAEDIATRICS,"₹13,88,744*","₹9,000*",1*,"₹50,00,000*",1040,2024,13748(1),10191(1),18570(1),-,-,-,-,-,15556(1),13070(1),19685(1),-,-,-,-,-
KAR PG (KEA),KAR Priv Seats-Open,OPN,Karnataka,"SDM College, Dharwad",OBG,"₹28,75,050*","₹45,000*",1*,"₹50,00,000*",670,2024,18265(2),16078(2),23986(2),-,-,-,-,-,19312(2),18169(2),19733(2),-,-,-,-,-
KAR PG (KEA),KAR Priv Seats-Open,OPN,Karnataka,"JJM Med Coll, Davangere",PAEDIATRICS,"₹13,88,744*","₹30,000*",1*,"₹50,00,000*",1930,2024,6907(4),6835(4),12071(4),-,-,-,-,-,8425(4),7075(4),10037(4),-,-,19774(1),-,-
KAR PG (KEA),KAR Priv Seats-Open,OPN,Karnataka,"Kempegowda IMS, Bangalore",GENERAL SURGERY,"₹13,88,744*","₹35,000*",1*,"₹50,00,000*",1100,2024,10539(1),10539(1),18782(1),-,-,-,-,-,16130(4),14149(4),20520(4),-,-,-,-,-
KAR PG (KEA),KAR Priv Seats-Open,OPN,Karnataka,"East Point College,Bangalore",TBRD,"₹13,88,744*","₹20,000",1*,"₹50,00,000*",-,2024,-,-,-,-,-,-,-,-,17337(1),17118(1),20612(1),-,-,-,-,-
KAR PG (KEA),KAR Priv Seats-Open,OPN,Karnataka,"AJIMS, Mangalore",ORTHOPAEDICS,"₹13,88,744*","₹30,000",1*,"₹50,00,000*",910,2024,-,-,-,-,-,-,-,-,16298(1),16298(1),20834(1),-,-,-,-,-
KAR PG (KEA),KAR Priv Seats-Open,OPN,Karnataka,"Kempegowda IMS, Bangalore",PSYCHIATRY,"₹13,88,744*","₹35,000*",1*,"₹50,00,000*",1100,2024,-,-,-,-,-,-,-,-,11116(1),15111(1),22438(1),-,-,-,-,-
KAR PG (KEA),KAR Priv Seats-Open,OPN,Karnataka,"JJM Med Coll, Davangere",OPHTHALMOLOGY,"₹13,88,744*","₹30,000*",1*,"₹50,00,000*",1930,2024,17579(2),16283(2),24222(2),-,61945(1),-,-,-,14420(2),13559(2),22800(2),-,-,-,-,-
KAR PG (KEA),KAR Priv Seats-Open,OPN,Karnataka,"SSIMS & RC, Davangere",ORTHOPAEDICS,"₹13,88,744*","₹30,000",1*,"₹50,00,000*",1190,2024,14374(2),14374(2),26360(2),35905(1),-,-,-,-,18525(1),18525(1),23583(1),-,-,-,-,-
KAR PG (KEA),KAR Priv Seats-Open,OPN,Karnataka,"Kempegowda IMS, Bangalore",ENT,"₹13,88,744*","₹35,000*",1*,"₹50,00,000*",1100,2024,22127(1),20951(1),35236(1),-,-,-,-,-,18530(1),16431(1),23625(1),-,-,-,-,-
KAR PG (KEA),KAR Priv Seats-Open,OPN,Karnataka,"BGS IMS, Bangalore",ORTHOPAEDICS,"₹13,88,744*","₹25,000*",1*,"₹50,00,000*",766,2024,15459(1),15459(1),28184(1),39499(1),-,-,-,-,16056(1),19621(1),24799(1),-,-,-,-,-
KAR PG (KEA),KAR Priv Seats-Open,OPN,Karnataka,"VIMS (Vydehi), Bangalore",GENERAL SURGERY,"₹13,88,744*","₹29,000*",1*,"₹50,00,000*",1600,2024,-,-,-,-,-,-,-,-,16628(2),16543(2),24860(2),-,-,-,-,-
KAR PG (KEA),KAR Priv Seats-Open,OPN,Karnataka,"SDM College, Dharwad",GENERAL SURGERY,"₹23,25,250*","₹45,000*",1*,"₹50,00,000*",670,2024,21355(1),21355(1),29446(1),40826(1),-,-,-,-,14001(1),19772(1),24960(1),-,-,-,-,-
KAR PG (KEA),KAR Priv Seats-Open,OPN,Karnataka,"SSIMS & RC, Davangere",GENERAL SURGERY,"₹13,88,744*","₹30,000",1*,"₹50,00,000*",1190,2024,13640(1),12812(1),23342(1),-,-,-,-,-,17487(1),12368(1),25186(1),-,-,-,-,-
KAR PG (KEA),KAR Priv Seats-Open,OPN,Karnataka,"St John's, Bangalore",ANAESTHESIOLOGY,"₹12,40,025*","₹45,000",1*,"₹5,00,000*",1720,2024,14981(3),16609(3),30280(3),-,-,-,-,-,14595(2),12606(2),25358(2),-,-,-,-,-
KAR PG (KEA),KAR Priv Seats-Open,OPN,Karnataka,"KVG Med Coll, Sullia",TBRD,"₹13,88,744*","₹7,500",1*,"₹50,00,000*",682,2024,14757(1),14402(1),24490(1),-,-,-,-,-,18034(1),14223(1),25449(1),-,-,-,-,-
KAR PG (KEA),KAR Priv Seats-Open,OPN,Karnataka,"DR BR Ambedkar, Bangalore",GENERAL SURGERY,"₹13,88,744*","₹10,000*",1*,"₹50,00,000*",570,2024,12812(1),11117(1),24931(1),-,-,-,-,-,16585(1),18404(1),25588(1),-,-,-,-,-
KAR PG (KEA),KAR Priv Seats-Open,OPN,Karnataka,"SDM College, Dharwad",EMERGENCY MEDICINE,"₹7,66,450*","₹45,000*",1*,"₹50,00,000*",670,2024,-,-,-,-,-,-,-,-,12149(1),12149(1),26056(1),-,-,-,-,-
KAR PG (KEA),KAR Priv Seats-Open,OPN,Karnataka,"Kanachur IMS, Mangalore",ANAESTHESIOLOGY,"₹13,88,744*",Info not available,1*,"₹50,00,000*",785,2024,31300(1),30808(1),66186(1),-,-,-,-,-,26955(1),26955(1),-,-,-,-,-,-
KAR PG (KEA),KAR Priv Seats-Open,OPN,Karnataka,"Father Mullers, Mangalore",OPHTHALMOLOGY,"₹13,88,744*","₹35,000*",1*,"₹50,00,000*",1250,2024,19744(1),16729(1),28201(1),-,-,-,-,-,17041(1),11231(1),27354(1),-,-,-,-,-
KAR PG (KEA),KAR Priv Seats-Open,OPN,Karnataka,"BGS IMS, Bangalore",GENERAL SURGERY,"₹13,88,744*","₹25,000*",1*,"₹50,00,000*",766,2024,15202(1),15202(1),24693(1),-,-,-,-,-,20515(3),17792(3),27582(3),-,-,-,-,-
KAR PG (KEA),KAR Priv Seats-Open,OPN,Karnataka,"Kempegowda IMS, Bangalore",EMERGENCY MEDICINE,"₹13,88,744*","₹35,000*",1*,"₹50,00,000*",1100,2024,16392(1),14188(1),21740(1),-,-,-,-,-,13354(1),13354(1),27669(1),-,-,-,-,-
KAR PG (KEA),KAR Priv Seats-Open,OPN,Karnataka,"Oxford Med Coll, Bangalore",ORTHOPAEDICS,"₹13,88,744*","₹30,000*",1*,"₹50,00,000*",770,2024,-,-,-,-,-,-,-,-,22199(1),22199(1),27670(1),-,-,-,-,-
KAR PG (KEA),KAR Priv Seats-Open,OPN,Karnataka,"SDM College, Dharwad",ORTHOPAEDICS,"₹25,45,150*","₹45,000*",1*,"₹50,00,000*",670,2024,20051(1),25523(1),36883(1),-,-,-,-,-,22994(1),26262(1),27865(1),-,-,-,-,-
KAR PG (KEA),KAR Priv Seats-Open,OPN,Karnataka,"St John's, Bangalore",OBG,"₹12,80,025*","₹45,000",1*,"₹5,00,000*",1720,2024,3993(1),3993(1),8290(1),-,-,-,-,-,6442(1),6442(1),6442(1),-,-,-,28433(1),-
KAR PG (KEA),KAR Priv Seats-Open,OPN,Karnataka,"Oxford Med Coll, Bangalore",GENERAL SURGERY,"₹13,88,744*","₹30,000*",1*,"₹50,00,000*",770,2024,15621(1),15621(1),28968(1),23420(1),32372(1),-,-,-,22557(1),21847(1),29067(1),-,-,-,-,-
KAR PG (KEA),KAR Priv Seats-Open,OPN,Karnataka,"DR BR Ambedkar, Bangalore",ORTHOPAEDICS,"₹13,88,744*","₹10,000*",1*,"₹50,00,000*",570,2024,-,-,-,-,-,-,-,-,19355(1),16566(1),29380(1),-,-,-,-,-
KAR PG (KEA),KAR Priv Seats-Open,OPN,Karnataka,"Nijalingappa, Bagalkot",GENERAL SURGERY,"₹13,88,744*","₹10,000*",1*,"₹50,00,000*",1140,2024,19248(1),17651(1),26942(1),-,-,-,-,-,21235(1),21235(1),29437(1),-,-,-,-,-
KAR PG (KEA),KAR Priv Seats-Open,OPN,Karnataka,"MS Ramaiah, Bangalore",DERMATOLOGY,"₹65,40,750*","₹45,000",1*,"₹50,00,000*",1331,2024,7754(1),10871(1),48550(1),60223(1),-,-,-,-,2614(1),18329(1),30099(1),-,-,-,-,-
KAR PG (KEA),KAR Priv Seats-Open,OPN,Karnataka,"Sapthagiri IMS&RC, Bangalore",RADIO DIAGNOSIS,"₹70,41,500*","₹10,000*",1*,"₹50,00,000*",500,2024,8702(2),9417(2),61957(2),110661(1),-,-,-,-,7653(1),14631(1),30454(1),-,-,-,-,-
KAR PG (KEA),KAR Priv Seats-Open,OPN,Karnataka,"Kempegowda IMS, Bangalore",OPHTHALMOLOGY,"₹13,88,744*","₹35,000*",1*,"₹50,00,000*",1100,2024,-,-,-,-,-,-,-,-,17462(1),13117(1),30668(1),-,-,-,-,-
Sikkim PG,Sikkim Gen Quota,GEN,Sikkim,"SMIMS, Gangtok",GENERAL MEDICINE,"₹29,60,000*","₹34,000",0*,₹0*,500,2024,-,14606(1),-,-,-,-,-,-,-,21157(1),31559(1),-,-,-,-,-
Sikkim PG,Sikkim Mgmt Quota,GEN,Sikkim,"SMIMS, Gangtok",RADIO DIAGNOSIS,"₹66,00,000*","₹34,000",0*,₹0*,500,2024,-,17006(1),17006(1),-,-,-,-,-,-,31559(1),-,-,-,-,-,-
KAR PG (KEA),KAR Priv Seats-Open,OPN,Karnataka,"Kanachur IMS, Mangalore",ORTHOPAEDICS,"₹13,88,744*",Info not available,1*,"₹50,00,000*",785,2024,18707(1),13701(1),20705(1),-,-,-,-,-,21804(1),21804(1),31646(1),-,-,-,-,-
KAR PG (KEA),KAR Priv Seats-Open,OPN,Karnataka,"MS Ramaiah, Bangalore",GENERAL MEDICINE,"₹50,40,750*","₹45,000",1*,"₹50,00,000*",1331,2024,9101(3),12823(3),22551(3),-,-,-,-,-,9307(4),14777(4),31736(4),-,-,-,-,-
KAR PG (KEA),KAR Priv Seats-Open,OPN,Karnataka,"MS Ramaiah, Bangalore",GENERAL SURGERY,"₹45,40,750*","₹45,000",1*,"₹50,00,000*",1331,2024,20916(2),20916(2),52835(2),77818(1),-,-,-,-,22454(2),27332(2),31871(1),-,-,-,-,-
KAR PG (KEA),KAR Priv Seats-Open,OPN,Karnataka,"SMC, Shimoga",ORTHOPAEDICS,"₹13,88,744*",Info not available,1*,"₹50,00,000*",1250,2024,-,-,-,-,-,-,-,-,24131(1),24039(1),32217(1),-,-,-,-,-
KAR PG (KEA),KAR Priv Seats-Open,OPN,Karnataka,"Basaveswara, Chitradurga",GENERAL SURGERY,"₹13,88,744*","₹5,000*",1*,"₹50,00,000*",500,2024,-,-,-,-,-,-,-,-,22100(1),22100(1),32371(1),-,-,-,-,-
KAR PG (KEA),KAR Priv Seats-Open,OPN,Karnataka,"VIMS (Vydehi), Bangalore",RADIATION ONCOLOGY,"₹13,88,744*","₹29,000*",1*,"₹50,00,000*",1600,2024,28836(1),27241(1),56225(1),-,-,-,-,-,25875(1),25875(1),32864(1),-,-,-,-,-
KAR PG (KEA),KAR Priv Seats-Open,OPN,Karnataka,"MVJMC&RH, Bangalore",PSYCHIATRY,"₹13,88,744*","₹10,000*",1*,"₹50,00,000*",833,2024,22804(1),20757(1),39095(1),-,-,-,-,-,27127(1),27127(1),33469(1),-,-,-,-,-
KAR PG (KEA),KAR Priv Seats-Open,OPN,Karnataka,"KVG Med Coll, Sullia",ORTHOPAEDICS,"₹13,88,744*","₹7,500",1*,"₹50,00,000*",682,2024,18942(2),18707(2),27457(2),-,-,-,-,-,21598(2),21598(2),33884(2),-,-,-,-,-
KAR PG (KEA),KAR Priv Seats-Open,OPN,Karnataka,"MS Ramaiah, Bangalore",OBG,"₹50,40,750*","₹45,000",1*,"₹50,00,000*",1331,2024,13334(2),16497(2),35775(2),-,-,-,-,-,21587(3),26385(3),33923(3),-,-,-,-,-
KAR PG (KEA),KAR Priv Seats-Open,OPN,Karnataka,"JJM Med Coll, Davangere",ANAESTHESIOLOGY,"₹13,88,744*","₹30,000*",1*,"₹50,00,000*",1930,2024,25313(5),22208(5),38184(5),-,-,-,-,-,25340(5),22149(5),34043(5),-,-,-,-,-
KAR PG (KEA),KAR Priv Seats-Open,OPN,Karnataka,"MRMC, Gulbarga",OPHTHALMOLOGY,"₹13,88,744*","₹8,000*",1*,"₹50,00,000*",1038,2024,27147(2),23037(2),45941(2),-,-,-,-,-,23845(1),23845(1),34726(1),-,-,-,-,-
KAR PG (KEA),KAR Priv Seats-Open,OPN,Karnataka,"East Point College,Bangalore",ORTHOPAEDICS,"₹13,88,744*","₹20,000",1*,"₹50,00,000*",-,2024,21727(1),19105(1),30284(1),-,-,-,-,-,24358(1),23842(1),34748(1),-,-,-,-,-
KAR PG (KEA),KAR Priv Seats-Open,OPN,Karnataka,"AJIMS, Mangalore",ANAESTHESIOLOGY,"₹13,88,744*","₹30,000",1*,"₹50,00,000*",910,2024,23587(1),24199(1),42475(1),-,-,-,-,-,25356(1),22743(1),35032(1),-,-,-,-,-
KAR PG (KEA),KAR Priv Seats-Open,OPN,Karnataka,"KVG Med Coll, Sullia",GENERAL SURGERY,"₹13,88,744*","₹7,500",1*,"₹50,00,000*",682,2024,20341(2),18990(2),30228(2),-,-,-,-,-,23180(2),23131(2),35110(2),-,-,-,-,-
KAR PG (KEA),KAR Priv Seats-Open,OPN,Karnataka,"MS Ramaiah, Bangalore",ENT,"₹30,40,750*","₹45,000",1*,"₹50,00,000*",1331,2024,23293(1),28153(1),47245(1),-,-,-,-,-,28402(1),35216(1),-,-,-,-,-,-
KAR PG (KEA),KAR Priv Seats-Open,OPN,Karnataka,"Shridevi IMS, Tumkur",ORTHOPAEDICS,"₹13,88,744*",Info not available*,1*,"₹50,00,000*",750,2024,19105(1),18827(1),34527(1),-,-,-,-,-,26415(1),24131(1),35337(1),-,-,-,-,-
KAR PG (KEA),KAR Priv Seats-Open,OPN,Karnataka,"Navodaya Med Coll, Raichur",ORTHOPAEDICS,"₹13,88,744*","₹10,000*",1*,"₹50,00,000*",1110,2024,17913(1),18325(1),31614(1),-,-,-,-,-,19975(1),19975(1),35412(1),-,-,-,-,-
KAR PG (KEA),KAR Priv Seats-Open,OPN,Karnataka,"Navodaya Med Coll, Raichur",GENERAL SURGERY,"₹13,88,744*","₹10,000*",1*,"₹50,00,000*",1110,2024,16086(1),16086(1),16086(1),-,-,-,-,-,22678(2),23786(2),35457(2),-,-,-,-,-
Sikkim PG,Sikkim Gen Quota,GEN,Sikkim,"SMIMS, Gangtok",PAEDIATRICS,"₹29,60,000*","₹34,000",0*,₹0*,500,2024,-,24132(2),-,-,-,-,-,-,-,26428(1),35470(1),-,-,-,-,-
KAR PG (KEA),KAR Priv Seats-Open,OPN,Karnataka,"Shridevi IMS, Tumkur",GENERAL SURGERY,"₹13,88,744*",Info not available*,1*,"₹50,00,000*",750,2024,20951(1),19384(1),31587(1),-,-,-,50453(1),-,22126(1),22126(1),35787(1),-,-,-,-,-
KAR PG (KEA),KAR Priv Seats-Open,OPN,Karnataka,"Al-Ameen, Bijapur",GENERAL SURGERY,"₹13,88,744*","₹9,000*",1*,"₹50,00,000*",1040,2024,-,-,-,-,-,-,-,-,23842(1),22557(1),35947(1),-,-,-,-,-
KAR PG (KEA),KAR Priv Seats-Open,OPN,Karnataka,"SSIMS & RC, Davangere",OPHTHALMOLOGY,"₹13,88,744*","₹30,000",1*,"₹50,00,000*",1190,2024,22131(1),19836(1),36339(1),59569(1),-,-,-,-,19866(1),19866(1),36072(1),-,-,-,-,-
KAR PG (KEA),KAR Priv Seats-Open,OPN,Karnataka,"Akash IMS,Devanhalli,Bangalore",GENERAL SURGERY,"₹13,88,744*","₹20,000",1*,"₹50,00,000*",760,2024,-,-,-,-,-,-,-,-,21748(1),21748(1),28046(1),-,-,36260(1),-,-
KAR PG (KEA),KAR Priv Seats-Open,OPN,Karnataka,"East Point College,Bangalore",GENERAL SURGERY,"₹13,88,744*","₹20,000",1*,"₹50,00,000*",-,2024,-,-,-,-,-,-,-,-,23525(2),22552(2),36409(2),-,-,-,-,-
KAR PG (KEA),KAR Priv Seats-Open,OPN,Karnataka,"JJM Med Coll, Davangere",ENT,"₹13,88,744*","₹30,000*",1*,"₹50,00,000*",1930,2024,21622(3),23235(3),46432(3),-,-,-,-,-,23197(4),21188(4),36420(4),-,-,-,-,-
KAR PG (KEA),KAR Priv Seats-Open,OPN,Karnataka,"DR BR Ambedkar, Bangalore",ENT,"₹13,88,744*","₹10,000*",1*,"₹50,00,000*",570,2024,27216(2),23052(2),47968(2),-,-,-,-,-,23625(1),23702(1),37842(1),-,-,-,-,-
KAR PG (KEA),KAR Priv Seats-Open,OPN,Karnataka,"BGS IMS, Bangalore",OPHTHALMOLOGY,"₹13,88,744*","₹25,000*",1*,"₹50,00,000*",766,2024,-,-,-,-,-,-,-,-,20073(1),20073(1),38224(1),-,-,-,-,-
KAR PG (KEA),KAR Priv Seats-Open,OPN,Karnataka,"SSIMS & RC, Davangere",ENT,"₹13,88,744*","₹30,000",1*,"₹50,00,000*",1190,2024,24916(1),23293(1),39993(1),-,-,-,-,-,23702(1),23151(1),38282(1),-,-,-,-,-
KAR PG (KEA),KAR Priv Seats-Open,OPN,Karnataka,"Nijalingappa, Bagalkot",ENT,"₹13,88,744*","₹10,000*",1*,"₹50,00,000*",1140,2024,28566(1),27216(1),50014(1),51011(1),-,-,-,-,24411(1),23625(1),38327(1),-,-,-,-,-
KAR PG (KEA),KAR Priv Seats-Open,OPN,Karnataka,"KVG Med Coll, Sullia",OPHTHALMOLOGY,"₹13,88,744*","₹7,500",1*,"₹50,00,000*",682,2024,21065(1),21065(1),47974(1),55534(1),-,-,-,-,25696(1),25696(1),38425(1),-,-,-,-,-
KAR PG (KEA),KAR Priv Seats-Open,OPN,Karnataka,"Nijalingappa, Bagalkot",OPHTHALMOLOGY,"₹13,88,744*","₹10,000*",1*,"₹50,00,000*",1140,2024,23037(1),17528(1),43412(1),-,-,-,-,-,26085(1),22800(1),38729(1),-,-,-,-,-
KAR PG (KEA),KAR Priv Seats-Open,OPN,Karnataka,"St John's, Bangalore",PATHOLOGY,"₹7,59,025*","₹45,000",1*,"₹5,00,000*",1720,2024,33205(2),29866(2),49200(6),80768(1),80768(1),-,-,-,33708(2),31012(2),38948(1),-,-,-,-,-
Sikkim PG,Sikkim Gen Quota,GEN,Sikkim,"SMIMS, Gangtok",ORTHOPAEDICS,"₹29,60,000*","₹34,000",0*,₹0*,500,2024,-,40306(2),-,-,-,-,-,-,-,39051(1),-,-,-,-,-,-
Sikkim PG,Sikkim Mgmt Quota,GEN,Sikkim,"SMIMS, Gangtok",ORTHOPAEDICS,"₹53,00,000*","₹34,000",0*,₹0*,500,2024,-,-,-,-,-,-,-,-,-,39051(1),-,-,-,-,-,-
KAR PG (KEA),KAR Priv Seats-Open,OPN,Karnataka,"MVJMC&RH, Bangalore",ANAESTHESIOLOGY,"₹13,88,744*","₹10,000*",1*,"₹50,00,000*",833,2024,30815(1),26707(1),53978(1),-,-,-,-,-,31192(1),28679(1),39291(1),-,-,-,-,-
KAR PG (KEA),KAR Priv Seats-Open,OPN,Karnataka,"DR BR Ambedkar, Bangalore",OPHTHALMOLOGY,"₹13,88,744*","₹10,000*",1*,"₹50,00,000*",570,2024,18608(1),17449(1),33758(1),27112(1),-,-,-,-,23596(1),20698(1),39984(1),-,-,-,-,-
Sikkim PG,Sikkim Mgmt Quota,GEN,Sikkim,"SMIMS, Gangtok",OBG,"₹53,00,000*","₹34,000",0*,₹0*,500,2024,-,38364(2),-,-,-,-,-,-,-,40279(1),-,-,-,-,-,-
KAR PG (KEA),KAR Priv Seats-Open,OPN,Karnataka,"DR BR Ambedkar, Bangalore",ANAESTHESIOLOGY,"₹13,88,744*","₹10,000*",1*,"₹50,00,000*",570,2024,31231(3),26051(3),53342(3),48721(1),-,-,-,-,28182(2),25783(2),41006(2),-,-,-,-,-
KAR PG (KEA),KAR Priv Seats-Open,OPN,Karnataka,"BGS IMS, Bangalore",PSYCHIATRY,"₹13,88,744*","₹25,000*",1*,"₹50,00,000*",766,2024,-,-,-,-,-,-,-,-,15542(1),15542(1),41017(1),-,-,-,-,-
KAR PG (KEA),KAR Priv Seats-Open,OPN,Karnataka,"Basaveswara, Chitradurga",PSYCHIATRY,"₹13,88,744*","₹5,000*",1*,"₹50,00,000*",500,2024,-,-,-,-,-,-,-,-,39193(1),24696(1),41114(1),-,-,-,-,-
KAR PG (KEA),KAR Priv Seats-Open,OPN,Karnataka,"BGS IMS, Bangalore",ANAESTHESIOLOGY,"₹13,88,744*","₹25,000*",1*,"₹50,00,000*",766,2024,25490(2),25490(2),41096(2),58680(1),50174(1),-,-,-,29995(2),26348(2),41312(2),-,-,-,-,-
KAR PG (KEA),KAR Priv Seats-Open,OPN,Karnataka,"East Point College,Bangalore",PSYCHIATRY,"₹13,88,744*","₹20,000",1*,"₹50,00,000*",-,2024,-,-,-,-,-,-,-,-,32370(1),25903(1),41571(1),-,-,-,-,-
KAR PG (KEA),KAR Priv Seats-Open,OPN,Karnataka,"Navodaya Med Coll, Raichur",ENT,"₹13,88,744*","₹10,000*",1*,"₹50,00,000*",1110,2024,-,-,-,-,-,-,-,-,29154(1),25037(1),42128(1),-,-,-,-,-
Sikkim PG,Sikkim Gen Quota,GEN,Sikkim,"SMIMS, Gangtok",PSYCHIATRY,"₹23,00,000*","₹34,000",0*,₹0*,500,2024,-,38364(3),32984(1),-,-,-,-,-,-,42181(2),-,-,-,-,-,-
KAR PG (KEA),KAR Priv Seats-Open,OPN,Karnataka,"Basaveswara, Chitradurga",ANAESTHESIOLOGY,"₹13,88,744*","₹5,000*",1*,"₹50,00,000*",500,2024,31816(1),30214(1),57075(1),-,-,-,-,-,32864(1),31233(1),42831(1),-,-,-,-,-
KAR PG (KEA),KAR Priv Seats-Open,OPN,Karnataka,"MVJMC&RH, Bangalore",ENT,"₹13,88,744*","₹10,000*",1*,"₹50,00,000*",833,2024,29600(1),28566(1),44313(1),-,-,-,-,-,25953(1),24411(1),43042(1),-,-,-,-,-
KAR PG (KEA),KAR Priv Seats-Open,OPN,Karnataka,"MS Ramaiah, Bangalore",RADIATION ONCOLOGY,"₹25,40,750*","₹45,000",1*,"₹50,00,000*",1331,2024,33103(1),33103(1),48412(1),-,-,-,-,-,42708(1),32864(1),43786(1),-,-,-,-,-
KAR PG (KEA),KAR Priv Seats-Open,OPN,Karnataka,"SSIMS & RC, Davangere",ANAESTHESIOLOGY,"₹13,88,744*","₹30,000",1*,"₹50,00,000*",1190,2024,27156(3),26473(3),53414(3),-,-,-,-,-,30323(3),28608(3),44036(3),-,-,-,-,-
KAR PG (KEA),KAR Others (Inst.Q),MNG,Karnataka,"Father Mullers, Mangalore",DERMATOLOGY,"₹75,15,750*","₹35,000*",1*,"₹50,00,000*",1250,2024,-,-,76024(1),-,-,-,-,-,30099(1),36782(1),44180(1),-,-,-,-,-
KAR PG (KEA),KAR Priv Seats-Open,OPN,Karnataka,"Kempegowda IMS, Bangalore",PATHOLOGY,"₹3,59,003*","₹35,000*",1*,"₹50,00,000*",1100,2024,37436(1),33205(1),46542(1),-,-,-,-,-,44251(2),38545(2),43984(2),-,-,-,-,-
KAR PG (KEA),KAR Priv Seats-Open,OPN,Karnataka,"AIMS, Adichunchanagiri, Bellur",OBG,"₹40,15,750*","₹23,750",1*,"₹50,00,000*",1120,2024,-,-,-,-,-,-,-,-,30441(2),20030(2),44293(2),-,-,-,-,-
KAR PG (KEA),KAR Priv Seats-Open,OPN,Karnataka,"AIMS, Adichunchanagiri, Bellur",OPHTHALMOLOGY,"₹30,15,750*","₹23,750",1*,"₹50,00,000*",1120,2024,35571(1),37391(1),94886(1),-,-,-,-,-,37375(1),31858(1),44756(1),-,-,-,-,-
KAR PG (KEA),KAR Priv Seats-Open,OPN,Karnataka,"MRMC, Gulbarga",ANAESTHESIOLOGY,"₹13,88,744*","₹8,000*",1*,"₹50,00,000*",1038,2024,31218(1),28168(1),49150(1),-,-,-,-,-,32554(2),31195(2),44865(2),-,-,-,-,-
KAR PG (KEA),KAR Priv Seats-Open,OPN,Karnataka,"Al-Ameen, Bijapur",OPHTHALMOLOGY,"₹13,88,744*","₹9,000*",1*,"₹50,00,000*",1040,2024,-,-,-,-,-,-,-,-,29289(1),26226(1),44941(1),-,-,-,-,-
KAR PG (KEA),KAR Priv Seats-Open,OPN,Karnataka,"Navodaya Med Coll, Raichur",ANAESTHESIOLOGY,"₹13,88,744*","₹10,000*",1*,"₹50,00,000*",1110,2024,32327(1),26783(1),60877(1),-,-,-,-,-,34043(1),31442(1),45070(1),-,-,-,-,-
KAR PG (KEA),KAR Priv Seats-Open,OPN,Karnataka,"AIMS, Adichunchanagiri, Bellur",PAEDIATRICS,"₹40,15,750*","₹23,750",1*,"₹50,00,000*",1120,2024,22389(1),22389(1),45633(1),-,-,-,-,-,26827(1),34669(1),45254(1),-,-,-,-,-
KAR PG (KEA),KAR Priv Seats-Open,OPN,Karnataka,"AIMS, Adichunchanagiri, Bellur",DERMATOLOGY,"₹50,15,750*","₹23,750",1*,"₹50,00,000*",1120,2024,19792(1),20197(1),48725(1),-,-,-,-,-,22721(1),30099(1),45360(1),-,-,-,-,-
Sikkim PG,Sikkim Gen Quota,GEN,Sikkim,"SMIMS, Gangtok",ENT,"₹27,00,000*","₹34,000",0*,₹0*,500,2024,-,46895(2),35571(1),-,-,-,-,-,-,46403(1),-,-,-,-,-,-
KAR PG (KEA),KAR Priv Seats-Open,OPN,Karnataka,"SMC, Shimoga",PSYCHIATRY,"₹13,88,744*",Info not available,1*,"₹50,00,000*",1250,2024,-,-,-,-,-,-,-,-,36361(1),23086(1),47182(1),-,-,-,-,-
KAR PG (KEA),KAR Priv Seats-Open,OPN,Karnataka,"AIMS, Adichunchanagiri, Bellur",RADIO DIAGNOSIS,"₹50,15,750*","₹23,750",1*,"₹50,00,000*",1120,2024,11813(1),11813(1),32375(1),86569(1),-,-,-,-,17793(2),17793(2),47251(2),-,-,-,-,-
KAR PG (KEA),KAR Priv Seats-Open,OPN,Karnataka,"AIMS, Adichunchanagiri, Bellur",GENERAL MEDICINE,"₹40,15,750*","₹23,750",1*,"₹50,00,000*",1120,2024,15035(1),15035(1),23619(1),-,-,-,-,-,18834(2),20144(2),47262(2),-,-,-,-,-
KAR PG (KEA),KAR Priv Seats-Open,OPN,Karnataka,"Shridevi IMS, Tumkur",ANAESTHESIOLOGY,"₹13,88,744*",Info not available*,1*,"₹50,00,000*",750,2024,33457(1),30815(1),57964(1),-,-,-,-,-,30553(1),31748(1),47830(1),-,-,-,-,-
KAR PG (KEA),KAR Priv Seats-Open,OPN,Karnataka,"Nijalingappa, Bagalkot",ANAESTHESIOLOGY,"₹13,88,744*","₹10,000*",1*,"₹50,00,000*",1140,2024,32925(2),28508(2),54009(2),-,-,-,-,-,31748(2),27927(2),48217(2),-,-,-,-,-
KAR PG (KEA),KAR Priv Seats-Open,OPN,Karnataka,"East Point College,Bangalore",ENT,"₹13,88,744*","₹20,000",1*,"₹50,00,000*",-,2024,-,-,-,-,-,-,-,-,28046(1),26415(1),48681(1),-,-,-,-,-
KAR PG (KEA),KAR Priv Seats-Open,OPN,Karnataka,"AIMS, Adichunchanagiri, Bellur",TBRD,"₹30,15,750*","₹23,750",1*,"₹50,00,000*",1120,2024,22077(1),15390(1),15390(1),-,-,-,-,-,24737(1),21234(1),48724(1),-,-,-,-,-
KAR PG (KEA),KAR Priv Seats-Open,OPN,Karnataka,"MS Ramaiah, Bangalore",ANAESTHESIOLOGY,"₹25,40,750*","₹45,000",1*,"₹50,00,000*",1331,2024,28153(3),34862(3),48165(3),-,-,-,-,-,29953(2),34043(2),49010(2),-,-,-,-,-
KAR PG (KEA),KAR Priv Seats-Open,OPN,Karnataka,"Srinivasa IMS, Srinivasanagar",DERMATOLOGY,"₹70,40,750*","₹29,000*",1*,"₹50,00,000*",660,2024,-,-,-,-,-,-,-,-,4835(1),14833(1),49838(1),-,-,-,-,-
KAR PG (KEA),KAR Priv Seats-Open,OPN,Karnataka,"Shridevi IMS, Tumkur",PSYCHIATRY,"₹13,88,744*",Info not available*,1*,"₹50,00,000*",750,2024,-,-,-,-,-,-,-,-,38819(1),35893(1),50507(1),-,-,-,-,-
KAR PG (KEA),KAR Others (Inst.Q),MNG,Karnataka,"Kempegowda IMS, Bangalore",DERMATOLOGY,"₹1,25,15,750*","₹35,000*",1*,"₹50,00,000*",1100,2024,-,-,42270(1),-,-,-,-,-,14257(1),27616(1),51182(1),-,-,-,-,-
KAR PG (KEA),KAR Priv Seats-Open,OPN,Karnataka,"MS Ramaiah, Bangalore",OPHTHALMOLOGY,"₹40,40,750*","₹45,000",1*,"₹50,00,000*",1331,2024,27172(2),33542(2),45458(2),-,-,-,-,-,27130(2),44293(2),52593(1),-,-,-,-,-
KAR PG (KEA),KAR Priv Seats-Open,OPN,Karnataka,"MS Ramaiah, Bangalore",ORTHOPAEDICS,"₹45,40,750*","₹45,000",1*,"₹50,00,000*",1331,2024,18702(2),23606(2),52580(2),-,-,-,-,-,21205(2),29975(2),53387(1),-,-,-,-,-
Sikkim PG,Sikkim Gen Quota,GEN,Sikkim,"SMIMS, Gangtok",ANAESTHESIOLOGY,"₹25,00,000*","₹34,000",0*,₹0*,500,2024,-,36373(2),38364(1),-,-,-,-,-,-,53521(2),-,-,-,-,-,-
KAR PG (KEA),KAR Priv Seats-Open,OPN,Karnataka,"SDM College, Dharwad",ANAESTHESIOLOGY,"₹22,15,250*","₹45,000*",1*,"₹50,00,000*",670,2024,36883(1),36883(1),68037(1),-,-,-,-,-,30863(1),35225(1),53563(1),-,-,-,-,-
KAR PG (KEA),KAR Priv Seats-Open,OPN,Karnataka,"MS Ramaiah, Bangalore",PAEDIATRICS,"₹50,40,750*","₹45,000",1*,"₹50,00,000*",1331,2024,15109(4),18571(4),28989(4),67197(3),-,-,-,-,17812(4),25320(4),54012(4),-,-,-,-,-
Sikkim PG,Sikkim Mgmt Quota,GEN,Sikkim,"SMIMS, Gangtok",ANAESTHESIOLOGY,"₹44,00,000*","₹34,000",0*,₹0*,500,2024,-,-,-,-,-,-,-,-,-,54120(1),-,-,-,-,-,-
KAR PG (KEA),KAR Priv Seats-Open,OPN,Karnataka,"SDM College, Dharwad",PSYCHIATRY,"₹19,95,350*","₹45,000*",1*,"₹50,00,000*",670,2024,-,-,-,-,-,-,-,-,23086(1),41571(1),54732(1),-,-,-,-,-
KAR PG (KEA),KAR Others (Inst.Q),MNG,Karnataka,"MS Ramaiah, Bangalore",OBG,"₹75,40,750*","₹45,000",1*,"₹50,00,000*",1331,2024,-,-,103015(1),43950(1),-,-,-,-,38731(1),29803(1),55634(1),-,-,-,-,-
KAR PG (KEA),KAR Priv Seats-Open,OPN,Karnataka,"Sapthagiri IMS&RC, Bangalore",PSYCHIATRY,"₹20,41,500*","₹10,000*",1*,"₹50,00,000*",500,2024,30670(1),30598(1),60502(1),-,-,-,-,-,39918(1),38819(1),55803(1),-,-,-,-,-
KAR PG (KEA),KAR Priv Seats-Open,OPN,Karnataka,"SDM College, Dharwad",PATHOLOGY,"₹3,65,390*","₹45,000*",1*,"₹50,00,000*",670,2024,42026(1),48459(1),93046(1),-,-,-,-,-,49809(1),44440(1),57626(1),-,-,-,-,-
KAR PG (KEA),KAR Priv Seats-Open,OPN,Karnataka,"DR BR Ambedkar, Bangalore",MICROBIOLOGY,₹0*,"₹10,000*",1*,"₹50,00,000*",570,2024,-,-,-,-,-,-,-,-,-,57935(1),-,-,-,-,-,-
KAR PG (KEA),KAR Priv Seats-Open,OPN,Karnataka,"AIMS, Adichunchanagiri, Bellur",ENT,"₹26,15,750*","₹23,750",1*,"₹50,00,000*",1120,2024,-,-,-,-,-,-,-,-,45856(1),47024(1),59024(1),-,-,-,-,-
KAR PG (KEA),KAR Priv Seats-Open,OPN,Karnataka,"St John's, Bangalore",PHARMACOLOGY,"₹4,09,025*","₹45,000",1*,"₹5,00,000*",1720,2024,-,-,160678(2),160678(1),197265(1),-,-,-,53463(1),60291(1),-,-,-,-,-,-
KAR PG (KEA),KAR Priv Seats-Open,OPN,Karnataka,"East Point College,Bangalore",MICROBIOLOGY,"₹3,59,003*","₹20,000",1*,"₹50,00,000*",-,2024,-,-,-,-,-,-,-,-,-,61890(1),-,-,-,-,-,-
KAR PG (KEA),KAR Others (Inst.Q),MNG,Karnataka,"Father Mullers, Mangalore",OBG,"₹60,15,750*","₹35,000*",1*,"₹50,00,000*",1250,2024,-,-,73975(1),74348(1),-,-,-,-,20711(1),45552(1),64343(1),-,-,-,-,-
KAR PG (KEA),KAR Others (Inst.Q),MNG,Karnataka,"Father Mullers, Mangalore",PAEDIATRICS,"₹60,15,750*","₹35,000*",1*,"₹50,00,000*",1250,2024,-,-,102154(1),-,-,-,-,-,20277(1),42366(1),64588(1),-,-,-,-,-
KAR PG (KEA),KAR Others (Inst.Q),MNG,Karnataka,"SDM College, Dharwad",OBG,"₹75,15,750*","₹45,000*",1*,"₹50,00,000*",670,2024,-,-,50507(1),-,-,-,-,-,44755(1),65102(1),65102(1),-,-,-,-,-
KAR PG (KEA),KAR Priv Seats-Open,OPN,Karnataka,"Khaja Bandanawaz, Gulbarga",GENERAL MEDICINE,"₹60,30,750*","₹30,000*",1*,"₹50,00,000*",833,2024,-,-,-,-,-,-,-,-,19432(1),31986(1),65752(1),-,-,-,-,-
KAR PG (KEA),KAR Priv Seats-Open,OPN,Karnataka,"Sapthagiri IMS&RC, Bangalore",ANAESTHESIOLOGY,"₹23,41,500*","₹10,000*",1*,"₹50,00,000*",500,2024,38077(3),38471(3),78915(3),-,-,-,-,-,35210(1),36420(1),67619(1),-,-,-,-,-
KAR PG (KEA),KAR Others (Inst.Q),MNG,Karnataka,"Father Mullers, Mangalore",GENERAL SURGERY,"₹60,15,750*","₹35,000*",1*,"₹50,00,000*",1250,2024,-,-,123797(1),146973(1),-,-,-,-,12368(1),36270(1),68443(1),-,-,-,-,-
KAR PG (KEA),KAR Others (Inst.Q),MNG,Karnataka,"SSIMS & RC, Davangere",PAEDIATRICS,"₹65,15,750*","₹30,000",1*,"₹50,00,000*",1190,2024,-,-,104185(1),-,-,-,-,-,30291(1),46741(1),68507(1),-,-,-,-,-
KAR PG (KEA),KAR Priv Seats-Open,OPN,Karnataka,"AIMS, Adichunchanagiri, Bellur",ANAESTHESIOLOGY,"₹26,15,750*","₹23,750",1*,"₹50,00,000*",1120,2024,42555(2),39723(2),93240(2),98572(1),-,-,-,-,40938(2),40938(2),68638(2),-,-,-,-,-
KAR PG (KEA),KAR Priv Seats-Open,OPN,Karnataka,"AIMS, Adichunchanagiri, Bellur",PATHOLOGY,"₹4,15,750*","₹23,750",1*,"₹50,00,000*",1120,2024,73700(2),62722(2),161439(2),159815(1),-,-,-,-,60900(1),54161(1),71910(1),-,-,-,-,-
KAR PG (KEA),KAR Priv Seats-Open,OPN,Karnataka,"SDM College, Dharwad",SPM,"₹1,15,750*","₹45,000*",1*,"₹50,00,000*",670,2024,-,-,-,-,-,-,-,-,71912(1),54045(1),54045(1),-,-,-,-,-
KAR PG (KEA),KAR Priv Seats-Open,OPN,Karnataka,"Dr Chandramma DS Inst, Hubli",PATHOLOGY,"₹4,25,750*",Info not available,1*,"₹50,00,000*",-,2024,-,-,-,-,-,-,-,-,64059(1),63200(1),72556(1),-,-,-,-,-
KAR PG (KEA),KAR Others (Inst.Q),MNG,Karnataka,"VIMS (Vydehi), Bangalore",ANAESTHESIOLOGY,"₹25,15,750*","₹29,000*",1*,"₹50,00,000*",1600,2024,-,-,-,-,-,-,-,-,57551(2),41573(2),72726(2),-,-,-,-,-
KAR PG (KEA),KAR Others (Inst.Q),MNG,Karnataka,"SDM College, Dharwad",PSYCHIATRY,"₹28,15,750*","₹45,000*",1*,"₹50,00,000*",670,2024,-,-,-,-,-,-,-,-,45201(1),55353(1),74484(1),-,-,-,-,-
KAR PG (KEA),KAR Others (Inst.Q),MNG,Karnataka,"JJM Med Coll, Davangere",OBG,"₹80,15,750*","₹30,000*",1*,"₹50,00,000*",1930,2024,-,-,105163(3),138566(1),-,-,-,-,43617(3),48873(3),75006(2),-,-,-,-,-
KAR PG (KEA),KAR Priv Seats-Open,OPN,Karnataka,"AIMS, Adichunchanagiri, Bellur",ORTHOPAEDICS,"₹35,15,750*","₹23,750",1*,"₹50,00,000*",1120,2024,40301(2),31157(2),71714(2),87116(1),-,-,-,-,31233(2),42633(2),75614(2),-,-,-,-,-
KAR PG (KEA),KAR Others (Inst.Q),MNG,Karnataka,"Father Mullers, Mangalore",PATHOLOGY,"₹7,65,750*","₹35,000*",1*,"₹50,00,000*",1250,2024,-,-,-,-,-,-,-,-,-,-,75939(1),-,-,-,-,-
KAR PG (KEA),KAR Priv Seats-Open,OPN,Karnataka,"AIMS, Adichunchanagiri, Bellur",GENERAL SURGERY,"₹35,15,750*","₹23,750",1*,"₹50,00,000*",1120,2024,30228(1),31346(1),61578(1),-,-,-,-,-,38895(3),45319(3),77152(3),-,-,-,-,-
KAR PG (KEA),KAR Others (Inst.Q),MNG,Karnataka,"MS Ramaiah, Bangalore",RADIO DIAGNOSIS,"₹1,10,40,750*","₹45,000",1*,"₹50,00,000*",1331,2024,-,-,33363(1),93413(1),-,-,-,-,31257(2),51182(2),77486(3),-,-,-,-,-
KAR PG (KEA),KAR Priv Seats-Open,OPN,Karnataka,"Oxford Med Coll, Bangalore",PATHOLOGY,"₹3,59,003*","₹30,000*",1*,"₹50,00,000*",770,2024,-,-,148298(1),-,132091(1),-,-,-,47213(1),53722(1),77535(1),-,-,-,-,-
KAR PG (KEA),KAR Priv Seats-Open,OPN,Karnataka,"JJM Med Coll, Davangere",FORENSIC MEDICINE,"₹3,59,003*","₹30,000*",1*,"₹50,00,000*",1930,2024,-,-,161912(1),-,-,-,-,-,78517(1),-,-,-,-,-,-,-
KAR PG (KEA),KAR Priv Seats-Open,OPN,Karnataka,"KVG Med Coll, Sullia",PATHOLOGY,"₹3,59,003*","₹7,500",1*,"₹50,00,000*",682,2024,53644(1),58666(1),142138(2),142138(1),152813(1),-,-,-,57497(1),52650(1),79200(1),-,-,-,-,-
KAR PG (KEA),KAR Priv Seats-Open,OPN,Karnataka,"AIMS, Adichunchanagiri, Bellur",PHARMACOLOGY,"₹2,30,750*","₹23,750",1*,"₹50,00,000*",1120,2024,-,-,-,-,-,-,-,-,-,81133(1),-,-,-,-,-,-
KAR PG (KEA),KAR Others (Inst.Q),MNG,Karnataka,"MS Ramaiah, Bangalore",ORTHOPAEDICS,"₹75,40,750*","₹45,000",1*,"₹50,00,000*",1331,2024,-,-,-,-,-,-,-,-,58430(1),64371(1),83822(1),-,-,-,-,-
KAR PG (KEA),KAR Others (Inst.Q),MNG,Karnataka,"AIMS, Adichunchanagiri, Bellur",OBG,"₹70,15,750*","₹23,750",1*,"₹50,00,000*",1120,2024,-,-,111208(1),-,-,-,-,-,58825(1),83831(1),83831(1),-,-,-,-,-
KAR PG (KEA),KAR Others (Inst.Q),MNG,Karnataka,"JJM Med Coll, Davangere",ANAESTHESIOLOGY,"₹30,15,750*","₹30,000*",1*,"₹50,00,000*",1930,2024,-,-,110466(1),-,-,-,-,-,38627(1),49161(1),83972(3),-,-,-,-,-
KAR PG (KEA),KAR Others (Inst.Q),MNG,Karnataka,"MS Ramaiah, Bangalore",DERMATOLOGY,"₹1,25,40,750*","₹45,000",1*,"₹50,00,000*",1331,2024,-,-,37137(1),81912(1),134430(1),-,-,-,22020(1),22020(1),84554(1),-,-,-,-,-
KAR PG (KEA),KAR Priv Seats-Open,OPN,Karnataka,"Kempegowda IMS, Bangalore",SPM,"₹3,59,003*","₹35,000*",1*,"₹50,00,000*",1100,2024,-,-,126687(1),-,148298(1),-,-,-,66814(1),63026(1),85175(1),-,-,-,-,-
KAR PG (KEA),KAR Priv Seats-Open,OPN,Karnataka,"Shridevi IMS, Tumkur",PATHOLOGY,"₹3,59,003*",Info not available*,1*,"₹50,00,000*",750,2024,58803(1),60877(1),162186(2),-,-,-,-,-,62845(1),59562(1),85357(1),-,-,-,-,-
Sikkim PG,Sikkim Gen Quota,GEN,Sikkim,"SMIMS, Gangtok",SPM,"₹5,00,000*","₹34,000",0*,₹0*,500,2024,-,47606(1),-,-,-,-,-,-,-,86143(2),-,-,-,-,-,-
KAR PG (KEA),KAR Priv Seats-Open,OPN,Karnataka,"Kempegowda IMS, Bangalore",PHYSIOLOGY,"₹1,88,418*","₹35,000*",1*,"₹50,00,000*",1100,2024,-,-,-,-,-,-,-,-,87537(1),-,-,-,-,-,-,-
KAR PG (KEA),KAR Priv Seats-Open,OPN,Karnataka,"Basaveswara, Chitradurga",SPM,"₹3,59,003*","₹5,000*",1*,"₹50,00,000*",500,2024,-,-,200429(1),-,-,-,-,-,84578(1),88323(1),-,-,-,-,-,-
KAR PG (KEA),KAR Priv Seats-Open,OPN,Karnataka,"Basaveswara, Chitradurga",PATHOLOGY,"₹3,59,003*","₹5,000*",1*,"₹50,00,000*",500,2024,52718(1),52718(1),165656(2),-,-,-,-,-,60959(1),49809(1),88366(1),-,-,-,-,-
KAR PG (KEA),KAR Others (Inst.Q),MNG,Karnataka,"AIMS, Adichunchanagiri, Bellur",GENERAL MEDICINE,"₹75,15,750*","₹23,750",1*,"₹50,00,000*",1120,2024,-,-,110849(1),-,-,-,-,-,54684(1),64375(1),90049(2),-,-,-,-,-
KAR PG (KEA),KAR Others (Inst.Q),MNG,Karnataka,"Oxford Med Coll, Bangalore",PATHOLOGY,"₹3,15,750*","₹30,000*",1*,"₹50,00,000*",770,2024,-,-,119361(1),119361(1),-,-,-,-,71082(1),56248(1),90194(1),-,-,-,-,-
KAR PG (KEA),KAR Others (Inst.Q),MNG,Karnataka,"MS Ramaiah, Bangalore",OPHTHALMOLOGY,"₹65,40,750*","₹45,000",1*,"₹50,00,000*",1331,2024,-,-,82652(1),-,-,-,-,-,48873(1),63066(1),90935(1),-,-,-,-,-
KAR PG (KEA),KAR Priv Seats-Open,OPN,Karnataka,"SMC, Shimoga",PATHOLOGY,"₹3,59,003*",Info not available,1*,"₹50,00,000*",1250,2024,57206(1),86067(1),178753(2),170096(1),-,-,-,-,63495(1),58304(1),91329(2),-,-,-,-,-
KAR PG (KEA),KAR Others (Inst.Q),MNG,Karnataka,"JJM Med Coll, Davangere",ENT,"₹30,15,750*","₹30,000*",1*,"₹50,00,000*",1930,2024,-,-,-,-,-,-,-,-,40067(1),49010(1),91907(1),-,-,-,-,-
KAR PG (KEA),KAR Others (Inst.Q),MNG,Karnataka,"SDM College, Dharwad",PAEDIATRICS,"₹75,15,750*","₹45,000*",1*,"₹50,00,000*",670,2024,-,-,106864(1),-,-,-,-,-,47024(2),64588(2),91993(2),-,-,-,-,-
KAR PG (KEA),KAR Priv Seats-Open,OPN,Karnataka,"Kempegowda IMS, Bangalore",FORENSIC MEDICINE,"₹3,59,003*","₹35,000*",1*,"₹50,00,000*",1100,2024,-,-,193210(2),-,-,-,-,-,92833(1),-,-,-,-,-,-,-
KAR PG (KEA),KAR Others (Inst.Q),MNG,Karnataka,"Kempegowda IMS, Bangalore",FORENSIC MEDICINE,"₹3,15,750*","₹35,000*",1*,"₹50,00,000*",1100,2024,-,-,-,-,-,-,-,-,73684(1),92833(1),-,-,-,-,-,-
KAR PG (KEA),KAR Others (Inst.Q),MNG,Karnataka,"VIMS (Vydehi), Bangalore",GENERAL MEDICINE,"₹75,15,750*","₹29,000*",1*,"₹50,00,000*",1600,2024,-,-,26665(2),138240(2),-,-,-,-,31041(4),69744(4),93823(5),-,-,-,-,-
KAR PG (KEA),KAR Others (Inst.Q),MNG,Karnataka,"Kempegowda IMS, Bangalore",OPHTHALMOLOGY,"₹40,15,750*","₹35,000*",1*,"₹50,00,000*",1100,2024,-,-,-,-,-,-,-,-,48826(1),52593(1),94950(1),-,-,-,-,-
KAR PG (KEA),KAR Priv Seats-Open,OPN,Karnataka,"SDM College, Dharwad",PHARMACOLOGY,"₹25,750*","₹45,000*",1*,"₹50,00,000*",670,2024,-,-,-,-,-,-,-,-,64440(1),87191(1),-,-,-,-,95181(1),-
Sikkim PG,Sikkim Gen Quota,GEN,Sikkim,"SMIMS, Gangtok",MICROBIOLOGY,"₹5,00,000*","₹34,000",0*,₹0*,500,2024,-,65695(1),65695(1),112579(1),138727(1),-,-,-,-,96743(1),-,-,-,-,-,-
KAR PG (KEA),KAR Priv Seats-Open,OPN,Karnataka,"Nijalingappa, Bagalkot",FORENSIC MEDICINE,"₹3,59,003*","₹10,000*",1*,"₹50,00,000*",1140,2024,-,-,-,-,-,-,-,-,97345(1),-,-,-,-,-,-,-
KAR PG (KEA),KAR Others (Inst.Q),MNG,Karnataka,"BGS IMS, Bangalore",PATHOLOGY,"₹8,15,750*","₹25,000*",1*,"₹50,00,000*",766,2024,-,-,-,-,-,-,-,-,71568(1),65128(1),97907(1),-,-,-,-,-
KAR PG (KEA),KAR Priv Seats-Open,OPN,Karnataka,"SDM College, Dharwad",HOSPITAL ADMINISTRATION,"₹7,14,030*","₹45,000*",1*,"₹50,00,000*",670,2024,68407(1),68407(1),96217(1),-,-,-,-,-,62535(1),54524(1),98259(1),-,-,-,-,-
Sikkim PG,Sikkim Gen Quota,GEN,Sikkim,"SMIMS, Gangtok",PHYSIOLOGY,"₹5,00,000*","₹34,000",0*,₹0*,500,2024,-,68004(2),66795(2),158559(2),-,-,-,-,-,98964(1),-,-,-,-,-,-
KAR PG (KEA),KAR Priv Seats-Open,OPN,Karnataka,"St John's, Bangalore",PHYSIOLOGY,"₹1,09,025*","₹45,000",1*,"₹5,00,000*",1720,2024,-,-,-,-,-,-,-,-,98964(2),98964(2),-,-,-,-,-,-
KAR PG (KEA),KAR Others (Inst.Q),MNG,Karnataka,"Srinivasa IMS, Srinivasanagar",PAEDIATRICS,"₹60,40,750*","₹29,000*",1*,"₹50,00,000*",660,2024,-,-,-,-,-,-,-,-,62660(1),67187(1),99182(2),-,-,-,-,-
KAR PG (KEA),KAR Priv Seats-Open,OPN,Karnataka,"JJM Med Coll, Davangere",MICROBIOLOGY,"₹3,59,003*","₹30,000*",1*,"₹50,00,000*",1930,2024,-,-,-,-,-,-,-,-,99930(1),99930(1),-,-,-,-,-,-
KAR PG (KEA),KAR Others (Inst.Q),MNG,Karnataka,"AIMS, Adichunchanagiri, Bellur",PSYCHIATRY,"₹42,15,750*","₹23,750",1*,"₹50,00,000*",1120,2024,-,-,-,-,-,-,-,-,60930(1),64125(1),100361(1),-,-,-,-,-
KAR PG (KEA),KAR Others (Inst.Q),MNG,Karnataka,"Srinivasa IMS, Srinivasanagar",OBG,"₹65,40,750*","₹29,000*",1*,"₹50,00,000*",660,2024,-,-,119914(1),138588(1),-,-,-,-,50590(1),58825(1),100529(1),-,-,-,-,-
KAR PG (KEA),KAR Others (Inst.Q),MNG,Karnataka,"DR BR Ambedkar, Bangalore",PATHOLOGY,"₹5,15,750*","₹10,000*",1*,"₹50,00,000*",570,2024,-,-,-,-,-,-,-,-,64084(1),64084(1),100592(1),-,-,-,-,-
KAR PG (KEA),KAR Others (Inst.Q),MNG,Karnataka,"JJM Med Coll, Davangere",MICROBIOLOGY,"₹3,59,003*","₹30,000*",1*,"₹50,00,000*",1930,2024,-,-,-,-,-,-,-,-,-,100592(1),-,-,-,-,-,-
KAR PG (KEA),KAR Others (Inst.Q),MNG,Karnataka,"MS Ramaiah, Bangalore",PATHOLOGY,"₹15,40,750*","₹45,000",1*,"₹50,00,000*",1331,2024,-,-,103186(1),-,-,-,-,-,42638(1),42638(1),100692(2),-,-,-,-,-
KAR PG (KEA),KAR Others (Inst.Q),MNG,Karnataka,"SSIMS & RC, Davangere",GENERAL SURGERY,"₹65,15,750*","₹30,000",1*,"₹50,00,000*",1190,2024,-,-,127848(1),150659(1),-,-,-,-,49836(1),87061(1),101026(1),-,-,-,-,-
KAR PG (KEA),KAR Priv Seats-Open,OPN,Karnataka,"Khaja Bandanawaz, Gulbarga",GENERAL SURGERY,"₹40,30,750*","₹30,000*",1*,"₹50,00,000*",833,2024,-,-,-,-,-,-,-,-,31818(1),36316(1),101838(1),-,-,-,-,-
KAR PG (KEA),KAR Others (Inst.Q),MNG,Karnataka,"SSIMS & RC, Davangere",ANAESTHESIOLOGY,"₹25,15,750*","₹30,000",1*,"₹50,00,000*",1190,2024,-,-,-,-,-,-,-,-,-,-,102246(1),-,-,-,-,-
KAR PG (KEA),KAR Others (Inst.Q),MNG,Karnataka,"Father Mullers, Mangalore",ORTHOPAEDICS,"₹60,15,750*","₹35,000*",1*,"₹50,00,000*",1250,2024,-,-,-,-,-,-,-,-,23786(1),58430(1),102716(1),-,-,-,-,-
KAR PG (KEA),KAR Others (Inst.Q),MNG,Karnataka,"MS Ramaiah, Bangalore",PAEDIATRICS,"₹80,40,750*","₹45,000",1*,"₹50,00,000*",1331,2024,-,-,125934(1),79384(1),-,-,-,-,31086(1),35911(1),104011(2),-,-,-,-,-
KAR PG (KEA),KAR Others (Inst.Q),MNG,Karnataka,"Al-Ameen, Bijapur",OBG,"₹65,15,750*","₹9,000*",1*,"₹50,00,000*",1040,2024,-,-,130902(1),-,-,-,-,-,51824(2),71944(2),104222(3),-,-,-,-,-
KAR PG (KEA),KAR Priv Seats-Open,OPN,Karnataka,"AJIMS, Mangalore",PHARMACOLOGY,"₹3,59,003*","₹30,000",1*,"₹50,00,000*",910,2024,-,-,-,-,-,-,-,-,-,105978(1),-,-,-,-,-,-
KAR PG (KEA),KAR Others (Inst.Q),MNG,Karnataka,"Khaja Bandanawaz, Gulbarga",RADIO DIAGNOSIS,"₹85,30,750*","₹30,000*",1*,"₹50,00,000*",833,2024,-,-,-,-,-,-,-,-,53576(1),73499(1),106708(2),-,-,-,-,-
KAR PG (KEA),KAR Others (Inst.Q),MNG,Karnataka,"Kempegowda IMS, Bangalore",OBG,"₹80,15,750*","₹35,000*",1*,"₹50,00,000*",1100,2024,-,-,114641(1),-,-,-,-,-,39142(1),39905(1),107471(1),-,-,-,-,-
KAR PG (KEA),KAR Priv Seats-Open,OPN,Karnataka,"AJIMS, Mangalore",MICROBIOLOGY,"₹3,59,003*","₹30,000",1*,"₹50,00,000*",910,2024,-,-,-,-,-,-,-,-,112053(1),82536(1),-,-,-,-,-,-
KAR PG (KEA),KAR Priv Seats-Open,OPN,Karnataka,"Kanachur IMS, Mangalore",PATHOLOGY,"₹3,59,003*",Info not available,1*,"₹50,00,000*",785,2024,-,-,180880(1),-,-,-,-,-,-,-,-,-,-,113873(1),-,-
KAR PG (KEA),KAR Others (Inst.Q),MNG,Karnataka,"Father Mullers, Mangalore",EMERGENCY MEDICINE,"₹50,15,750*","₹35,000*",1*,"₹50,00,000*",1250,2024,-,-,-,-,-,-,-,-,26238(1),37555(1),114944(1),-,-,-,-,-
KAR PG (KEA),KAR Others (Inst.Q),MNG,Karnataka,"JJM Med Coll, Davangere",OPHTHALMOLOGY,"₹50,15,750*","₹30,000*",1*,"₹50,00,000*",1930,2024,-,-,125725(1),124588(1),-,-,-,-,46351(1),54967(1),118863(2),-,-,-,-,-
KAR PG (KEA),KAR Others (Inst.Q),MNG,Karnataka,"Nijalingappa, Bagalkot",ANAESTHESIOLOGY,"₹40,15,750*","₹10,000*",1*,"₹50,00,000*",1140,2024,-,-,-,-,-,-,-,-,50281(1),82645(1),118953(1),-,-,-,-,-
KAR PG (KEA),KAR Others (Inst.Q),MNG,Karnataka,"VIMS (Vydehi), Bangalore",GENERAL SURGERY,"₹50,15,750*","₹29,000*",1*,"₹50,00,000*",1600,2024,-,-,97709(1),-,-,-,-,-,54222(2),55842(2),121790(6),-,-,-,-,-
KAR PG (KEA),KAR Others (Inst.Q),MNG,Karnataka,"Al-Ameen, Bijapur",PAEDIATRICS,"₹65,15,750*","₹9,000*",1*,"₹50,00,000*",1040,2024,-,-,-,-,-,-,-,-,50846(1),70470(1),129878(2),-,-,-,-,-
KAR PG (KEA),KAR Priv Seats-Open,OPN,Karnataka,"Shridevi IMS, Tumkur",SPM,"₹3,59,003*",Info not available*,1*,"₹50,00,000*",750,2024,-,-,-,-,-,-,-,-,-,-,-,-,-,-,152496(1),-
KAR PG (KEA),KAR Others (Inst.Q),MNG,Karnataka,"Kempegowda IMS, Bangalore",MICROBIOLOGY,"₹4,15,750*","₹35,000*",1*,"₹50,00,000*",1100,2024,-,-,-,-,-,-,-,-,-,-,-,-,-,-,178423(1),-
KAR PG (KEA),KAR Priv Seats-Open,OPN,Karnataka,"St John's, Bangalore",FORENSIC MEDICINE,"₹1,09,025*","₹45,000",1*,"₹5,00,000*",1720,2024,91755(1),88778(1),91869(1),-,-,-,-,-,-,-,-,-,-,179728(1),-,-
KAR PG (KEA),KAR Others (Inst.Q),MNG,Karnataka,"Kempegowda IMS, Bangalore",PHARMACOLOGY,"₹5,15,750*","₹35,000*",1*,"₹50,00,000*",1100,2024,-,-,-,-,-,-,-,-,92842(1),103875(1),-,-,-,183730(1),118164(1),-
KAR PG (KEA),KAR Priv Seats-Open,OPN,Karnataka,"Akash IMS,Devanhalli,Bangalore",SPM,"₹3,59,003*","₹20,000",1*,"₹50,00,000*",760,2024,-,-,-,-,-,-,-,-,108060(1),67850(1),-,-,-,-,187820(1),-
KAR PG (KEA),KAR Priv Seats-Open,OPN,Karnataka,"MRMC, Gulbarga",MICROBIOLOGY,"₹3,59,003*","₹8,000*",1*,"₹50,00,000*",1038,2024,-,-,-,-,-,-,-,-,-,-,-,-,-,-,196627(1),-
KAR PG (KEA),KAR Priv Seats-Open,OPN,Karnataka,"Father Mullers, Mangalore",MICROBIOLOGY,"₹3,59,003*","₹35,000*",1*,"₹50,00,000*",1250,2024,-,-,-,-,-,-,-,-,82536(1),64280(1),122335(1),-,-,-,198057(1),-
KAR PG (KEA),KAR Priv Seats-Open,OPN,Karnataka,"VIMS (Vydehi), Bangalore",FORENSIC MEDICINE,₹0*,"₹29,000*",0*,₹0*,1600,2024,-,-,-,-,157473(1),-,-,-,-,-,-,-,-,-,199114(1),-
KAR PG (KEA),KAR Priv Seats-Open,OPN,Karnataka,"East Point College,Bangalore",SPM,"₹3,59,003*","₹20,000",1*,"₹50,00,000*",-,2024,-,-,-,-,-,-,-,-,100027(1),85175(1),-,-,-,-,199213(1),-
KAR PG (KEA),KAR Priv Seats-Open,OPN,Karnataka,"St John's, Bangalore",BIOCHEMISTRY,"₹2,09,025*","₹45,000",1*,"₹5,00,000*",1720,2024,-,-,-,-,-,-,186634(1),-,75629(1),74430(1),-,-,-,139141(1),201067(1),-
KAR PG (KEA),KAR Priv Seats-Open,OPN,Karnataka,"Father Mullers, Mangalore",PHARMACOLOGY,"₹3,59,003*","₹35,000*",1*,"₹50,00,000*",1250,2024,-,51807(1),-,-,-,-,-,-,70917(1),70917(1),-,-,-,-,201830(1),-
KAR PG (KEA),KAR Priv Seats-Open,OPN,Karnataka,"East Point College,Bangalore",PHARMACOLOGY,"₹3,59,003*","₹20,000",1*,"₹50,00,000*",-,2024,-,-,-,-,-,-,-,-,-,-,-,-,-,-,203191(1),-
KAR PG (KEA),KAR Priv Seats-Open,OPN,Karnataka,"St John's, Bangalore",ANATOMY,"₹1,09,025*","₹45,000",1*,"₹5,00,000*",1720,2024,-,-,-,-,-,-,-,-,-,-,-,-,-,-,203264(1),-
KAR PG (KEA),KAR Priv Seats-Open,OPN,Karnataka,"SMC, Shimoga",SPM,"₹3,59,003*",Info not available,1*,"₹50,00,000*",1250,2024,-,-,-,-,-,-,-,-,-,-,-,-,-,-,205545(1),-
UK PG,UK Priv-AllIndia/Mgmt,UR-OPEN,Uttarakhand,"SGRRI, Dehradun",RADIO DIAGNOSIS,"₹32,00,000*","₹59,065",1,"₹10,00,000",750,2024,-,-,-,-,15(1),-,-,-,-,-,-,-,-,-,-,-
UK PG,UK Priv-AllIndia/Mgmt,UR-OPEN,Uttarakhand,"HIMS, Dehradun",PAEDIATRICS,"₹26,00,000*","₹40,000",1,"₹2,50,00,000",1200,2024,-,-,-,-,20(1),-,-,-,-,-,-,-,-,-,-,-
UK PG,UK Priv-AllIndia/Mgmt,UR-OPEN,Uttarakhand,"SGRRI, Dehradun",OBG,"₹31,50,000*","₹59,065",1,"₹10,00,000",750,2024,-,-,-,-,21(1),3(1),-,-,-,-,-,-,-,-,-,-
UK PG,UK Priv-AllIndia/Mgmt,UR-OPEN,Uttarakhand,"SGRRI, Dehradun",TBRD,"₹25,75,000*","₹59,065",1,"₹10,00,000",750,2024,-,-,-,-,28(1),6(1),-,-,-,-,-,-,-,-,-,-
TN Mgmt PG,TN Mgmt Quota,GEN,Tamil Nadu,"PSG IMS, Coimbatore",RADIO DIAGNOSIS,"₹15,50,000*","₹25,000*",0,₹0,1130,2024,-,35(1),35(1),35(1),-,-,-,-,-,-,-,-,-,-,-,-
UK PG,UK Priv-AllIndia/Mgmt,UR-OPEN,Uttarakhand,"SGRRI, Dehradun",ORTHOPAEDICS,"₹31,00,000*","₹59,065",1,"₹10,00,000",750,2024,-,-,-,-,48(2),-,-,-,-,-,-,-,-,-,-,-
TEL Mgmt PG,TELMgmt-MQ1-CatB-All,MQ1,Telangana,"Malla Reddy(Women), Hyderabad",RADIO DIAGNOSIS,-,-,-,-,1050,-,-,27(1),50(1),50(1),50(1),50(1),50(1),-,-,-,-,-,-,-,-,-
TEL Mgmt PG,TELMgmt-MQ1-CatB-All,MQ1,Telangana,"Malla Reddy IMS, Hyderabad",RADIO DIAGNOSIS,-,-,-,-,940,-,-,14(4),37(4),52(4),52(4),52(4),52(4),-,-,-,-,-,-,-,-,-
PNDCHRY PG,PY Mgmt-Open,AGE,Pondicherry,"PIMS, Pondicherry",DERMATOLOGY,"₹23,90,000","₹43,000",0,₹0,740,2024,-,-,55(1),55(1),-,-,-,-,-,-,-,-,-,-,-,-
UK PG,UK Priv-AllIndia/Mgmt,UR-OPEN,Uttarakhand,"HIMS, Dehradun",GENERAL SURGERY,"₹25,00,000*","₹40,000",1,"₹2,50,00,000",1200,2024,-,-,-,-,56(2),-,-,-,-,-,-,-,-,-,-,-
UK PG,UK Priv-AllIndia/Mgmt,UR-OPEN,Uttarakhand,"SGRRI, Dehradun",PSYCHIATRY,"₹26,75,000*","₹59,065",1,"₹10,00,000",750,2024,-,-,-,-,58(1),-,-,-,-,-,-,-,-,-,-,-
UK PG,UK Priv-AllIndia/Mgmt,UR-OPEN,Uttarakhand,"HIMS, Dehradun",ENT,"₹17,00,000*","₹40,000",1,"₹10,00,000",1200,2024,-,-,-,-,59(1),-,-,-,-,-,-,-,-,-,-,-
TN Mgmt PG,TN Mgmt Quota,GEN,Tamil Nadu,"PSG IMS, Coimbatore",DERMATOLOGY,"₹15,50,000*","₹25,000*",0,₹0,1130,2024,-,40(1),60(1),60(1),-,-,-,-,-,-,-,-,-,-,-,-
TEL Mgmt PG,TELMgmt-MQ1-CatB-All,MQ1,Telangana,"Malla Reddy IMS, Hyderabad",DERMATOLOGY,-,-,-,-,940,-,-,9(1),75(1),75(1),75(1),75(1),75(1),-,-,-,-,-,-,-,-,-
TEL Mgmt PG,TELMgmt-MQ1-CatB-All,MQ1,Telangana,"Malla Reddy(Women), Hyderabad",DERMATOLOGY,-,-,-,-,1050,-,-,80(1),83(1),83(1),83(1),83(1),83(1),-,-,-,-,-,-,-,-,-
Punjab PG,PB Priv-DMC Mgmt,GEN,Punjab,"DMC, Ludhiana",PAEDIATRICS,"₹6,50,000*","₹50,000",0,₹0,1326,2024,-,83(2),44(2),48(1),-,-,-,-,-,-,-,-,-,-,-,-
Haryana PG,HAR Priv-Mgmt,MNG,Haryana,"Al Falah SchooloffMS,Faridabad",BIOCHEMISTRY,"₹7,20,000*","₹55,000",0,₹0,-,2024,-,-,-,-,-,-,92(1),-,-,-,-,-,-,-,-,-
UK PG,UK Priv-AllIndia/Mgmt,UR-OPEN,Uttarakhand,"SGRRI, Dehradun",SPM,₹0*,"₹30,000*",1,"₹10,00,000",750,2024,-,-,-,-,94(1),-,-,-,-,-,-,-,-,-,-,-
TEL Mgmt PG,TELMgmt-MQ1-CatB-All,MQ1,Telangana,"Malla Reddy IMS, Hyderabad",GENERAL MEDICINE,-,-,-,-,940,-,-,65(6),85(6),106(6),106(6),106(6),106(6),-,-,-,-,-,-,-,-,-
TN Mgmt PG,TN Mgmt Quota,GEN,Tamil Nadu,"Velammal Med Col, Madurai",GENERAL MEDICINE,"₹15,50,000*","₹37,000*",0,₹0,1024,2024,-,109(1),109(1),122(1),-,-,-,-,-,-,-,-,-,-,-,-
PNDCHRY PG,PY Mgmt-Open,AGE,Pondicherry,"PIMS, Pondicherry",PAEDIATRICS,"₹23,90,000","₹43,000",0,₹0,740,2024,-,-,124(2),124(2),-,-,-,-,-,-,-,-,-,-,-,-
Punjab PG,PB Priv-DMC Mgmt,GEN,Punjab,"DMC, Ludhiana",PSYCHIATRY,"₹6,50,000*","₹50,000",0,₹0,1326,2024,-,131(1),103(1),107(1),-,-,-,-,-,-,-,-,-,-,-,-
TEL Mgmt PG,TELMgmt-MQ1-CatB-All,MQ1,Telangana,"Kamineni IMS, Narketpally",DERMATOLOGY,"₹23,00,000*",Info not available*,1*,"₹20,00,000*",1060,2024,-,125(1),133(1),133(1),133(1),133(1),133(1),-,-,-,-,-,-,-,-,-
TEL Mgmt PG,TELMgmt-MQ1-CatB-All,MQ1,Telangana,"Kamineni (KAMSRC), Hyderabad",GENERAL MEDICINE,"₹23,00,000*",Info not available*,1*,"₹20,00,000*",650,2024,-,85(2),119(2),140(2),140(2),140(2),140(2),-,-,-,-,-,-,-,-,-
Punjab PG,PB Priv-AdeshAllIndia,GEN,Punjab,"Adesh IMS, Bhatinda",PAEDIATRICS,"₹14,90,000*","₹56,100*",1*,"₹25,00,000*",750,2024,-,136(1),134(1),169(1),-,-,-,-,-,-,-,-,-,-,-,-
TEL Mgmt PG,TELMgmt-MQ1-CatB-All,MQ1,Telangana,"Mahavir Inst of MS, Vikarabad",DERMATOLOGY,"₹23,00,000*",Info not available*,1*,"₹20,00,000*",700,2024,-,147(1),179(1),179(1),179(1),179(1),179(1),-,-,-,-,-,-,-,-,-
Punjab PG,PB Priv-AdeshAllIndia,GEN,Punjab,"Adesh IMS, Bhatinda",DERMATOLOGY,"₹14,90,000*","₹56,100*",1*,"₹25,00,000*",750,2024,-,93(1),123(1),185(1),-,-,-,-,-,-,-,-,-,-,-,-
TEL Mgmt PG,TELMgmt-MQ1-CatB-All,MQ1,Telangana,"Malla Reddy(Women), Hyderabad",GENERAL MEDICINE,-,-,-,-,1050,-,-,96(2),99(2),187(2),187(2),187(2),187(2),-,-,-,-,-,-,-,-,-
PNDCHRY PG,PY Mgmt-Open,AGE,Pondicherry,"PIMS, Pondicherry",OBG,"₹23,90,000","₹43,000",0,₹0,740,2024,-,-,192(2),192(2),-,-,-,-,-,-,-,-,-,-,-,-
Punjab PG,PB Priv-AdeshGenMerit,GEN-All India,Punjab,"Adesh IMS, Bhatinda",IHBT,"₹14,90,000*","₹56,100*",1*,"₹25,00,000*",750,2024,-,-,-,-,212(1),-,-,-,-,-,-,-,-,-,-,-
PNDCHRY PG,PY Mgmt-Open,AGE,Pondicherry,"SriVenkateswaraa, Pondicherry",RADIO DIAGNOSIS,"₹39,00,000*","₹7,000*",2*,Info not available*,1120,2024,-,-,220(3),220(3),-,-,-,-,-,-,-,-,-,-,-,-
TEL Mgmt PG,TELMgmt-MQ1-CatB-All,MQ1,Telangana,"Malla Reddy IMS, Hyderabad",PAEDIATRICS,-,-,-,-,940,-,-,169(4),185(4),229(4),229(4),229(4),229(4),-,-,-,-,-,-,-,-,-
Haryana PG,HAR Priv-Mgmt,MNG,Haryana,"Adesh Med Coll, Shahabad",GENERAL MEDICINE,"₹14,02,000*","₹44,000",0,₹0,775,2024,-,238(2),168(2),87(2),-,-,-,-,-,-,-,-,-,-,-,-
Punjab PG,PB - Govt Quota,GEN-All India,Punjab,"Govt Med Coll, Amritsar",FORENSIC MEDICINE,"₹1,00,000*","₹67,968*",1*,"₹10,00,000*",951,2024,-,-,-,-,-,246(1),-,-,-,-,-,-,-,-,-,-
Punjab PG,PB Priv-SGRDGener.,GEN-All India,Punjab,"SDRD, Amritsar",BIOCHEMISTRY,"₹25,000*",Info not available,0,₹0,800,2024,-,-,-,-,249(1),-,-,-,-,-,-,-,-,-,-,-
Punjab PG,PB Priv-AdeshAllIndia,GEN,Punjab,"Adesh IMS, Bhatinda",MICROBIOLOGY,"₹5,00,000*","₹56,100*",1*,"₹25,00,000*",750,2024,-,-,-,-,252(1),-,-,-,-,-,-,-,-,-,-,-
Punjab PG,PB - Govt Quota,GEN-All India,Punjab,"Govt Med Coll, Amritsar",BIOCHEMISTRY,"₹1,00,000*","₹67,968*",1*,"₹10,00,000*",951,2024,-,-,-,-,254(1),-,-,-,-,-,-,-,-,-,-,-
TEL Mgmt PG,TELMgmt-MQ1-CatB-All,MQ1,Telangana,"Malla Reddy IMS, Hyderabad",OBG,-,-,-,-,940,-,-,192(5),254(5),254(5),254(5),254(5),254(5),-,-,-,-,-,-,-,-,-
Punjab PG,PB - Govt Quota,GEN-All India,Punjab,"Govt Med Coll, Patiala",FORENSIC MEDICINE,"₹1,00,000*","₹67,968*",1*,"₹10,00,000*",1130,2024,-,-,-,-,257(1),-,-,-,-,-,-,-,-,-,-,-
Punjab PG,PB - Govt Quota,GEN-All India,Punjab,"Guru Govind Singh, Faridkot",FORENSIC MEDICINE,"₹1,00,000*","₹67,968*",1*,"₹10,00,000*",1000,2024,-,-,-,-,259(1),248(1),-,-,-,-,-,-,-,-,-,-
Punjab PG,PB Priv-AdeshAllIndia,GEN,Punjab,"Adesh IMS, Bhatinda",OBG,"₹14,90,000*","₹56,100*",1*,"₹25,00,000*",750,2024,-,219(1),260(1),186(1),-,-,-,-,-,-,-,-,-,-,-,-
TN Mgmt PG,TN Mgmt Quota,GEN,Tamil Nadu,Melmaruvathur Adiparasakthi,GENERAL MEDICINE,"₹15,50,000*","₹35,000*",0,₹0,700,2024,-,286(1),286(1),286(1),-,-,-,-,-,-,-,-,-,-,-,-
TEL Mgmt PG,TELMgmt-MQ1-CatB-All,MQ1,Telangana,"Malla Reddy(Women), Hyderabad",PAEDIATRICS,-,-,-,-,1050,-,-,191(1),264(1),286(1),286(1),286(1),286(1),-,-,-,-,-,-,-,-,-
UK PG,UK Priv-AllIndia/Mgmt,UR-OPEN,Uttarakhand,"HIMS, Dehradun",PHYSIOLOGY,₹0*,"₹40,000",0,₹0,1200,2024,-,-,-,-,296(2),-,-,-,-,-,-,-,-,-,-,-
WB PG,WB Mgmt Quota,MQ,West Bengal,"ICARE IMS & R, Haldia",RADIO DIAGNOSIS,"₹40,00,000*","₹40,000",0,₹0,Info Not Available,2024,-,307(1),143(1),191(1),71(1),-,-,-,-,-,-,-,-,-,-,-
UK PG,UK Priv-AllIndia/Mgmt,UR-OPEN,Uttarakhand,"SGRRI, Dehradun",PHARMACOLOGY,₹0*,"₹30,000*",1,"₹10,00,000",750,2024,-,-,-,-,309(2),-,-,-,-,-,-,-,-,-,-,-
Punjab PG,PB Priv-DMC Mgmt,GEN,Punjab,"DMC, Ludhiana",ENT,"₹6,50,000*","₹50,000",0,₹0,1326,2024,-,206(1),310(1),258(1),-,-,-,-,-,-,-,-,-,-,-,-
Haryana PG,HAR Priv-Mgmt,MNG,Haryana,"NC Med Coll, Panipat",GENERAL MEDICINE,"₹14,02,000*","₹40,000",0,₹0,680,2024,-,321(1),172(1),96(1),-,-,-,-,-,-,-,-,-,-,-,-
UK PG,UK Priv-AllIndia/Mgmt,UR-MNG,Uttarakhand,"SGRRI, Dehradun",PHYSIOLOGY,₹0*,"₹30,000*",1,"₹10,00,000",750,2024,-,-,-,363(1),-,-,-,-,-,-,-,-,-,-,-,-
TN Mgmt PG,TN Mgmt Quota,GEN,Tamil Nadu,Melmaruvathur Adiparasakthi,PAEDIATRICS,"₹15,50,000*","₹35,000*",0,₹0,700,2024,-,356(1),377(1),377(1),-,-,-,-,-,-,-,-,-,-,-,-
Haryana PG,HAR Priv-Mgmt,MNG,Haryana,"World College of MS&RC, Jhajjar",TBRD,"₹14,02,000*","₹56,100",0,₹0,-,2024,-,-,379(1),231(1),127(1),-,-,-,-,-,-,-,-,-,-,-
TEL Mgmt PG,TELMgmt-MQ1-CatB-All,MQ1,Telangana,"Malla Reddy IMS, Hyderabad",ORTHOPAEDICS,-,-,-,-,940,-,-,244(1),387(1),387(1),387(1),387(1),387(1),-,-,-,-,-,-,-,-,-
TN Mgmt PG,TN Mgmt Quota,GEN,Tamil Nadu,Melmaruvathur Adiparasakthi,OBG,"₹15,50,000*","₹35,000*",0,₹0,700,2024,-,340(1),408(1),408(1),-,-,-,-,-,-,-,-,-,-,-,-
AP Mgmt PG,APMgmt-S1-All-CatB,S1A,Andhra Pradesh,"Maharajah IMS, Vizianagaram",RADIO DIAGNOSIS,"₹9,93,600*",Info not available*,1*,Info not available*,850,2024,-,6(1),412(1),-,-,-,-,-,-,-,-,-,-,-,-,-
PNDCHRY PG,PY Mgmt-Open,AGE,Pondicherry,"SriVenkateswaraa, Pondicherry",DERMATOLOGY,"₹39,00,000*","₹7,000*",2*,Info not available*,1120,2024,-,-,432(2),-,-,-,-,-,-,-,-,-,-,-,-,-
TEL Mgmt PG,TELMgmt-MQ1-CatB-All,MQ1,Telangana,"SVS Med Coll, Mehboobnagar",TBRD,"₹24,00,000*",Info not available*,1*,"₹20,00,000*",760,2024,-,358(1),435(1),435(1),435(1),435(1),435(1),-,-,-,-,-,-,-,-,-
TEL Mgmt PG,TELMgmt-MQ1-CatB-All,MQ1,Telangana,"Bhaskar Med Coll, Yenkapally",PAEDIATRICS,"₹23,00,000*",Info not available*,1*,"₹20,00,000*",850,2024,-,249(1),304(1),448(1),425(1),425(1),425(1),-,-,-,-,-,-,-,-,-
UK PG,UK Priv-AllIndia/Mgmt,UR-MNG,Uttarakhand,"SGRRI, Dehradun",BIOCHEMISTRY,₹0*,"₹30,000*",1,"₹10,00,000",750,2024,-,-,-,450(1),-,-,-,-,-,-,-,-,-,-,-,-
AP Mgmt PG,APMgmt-S1-All-CatB,S1A,Andhra Pradesh,"Narayana Med Coll, Nellore",OBG,"₹9,93,600*","₹40,000*",1*,Info not available*,1430,2024,-,134(1),451(1),-,-,-,-,-,-,-,-,-,-,-,-,-
TEL Mgmt PG,TELMgmt-MQ1-CatB-All,MQ1,Telangana,"RVM IMSRC, Siddipet",PAEDIATRICS,"₹23,00,000*",Info not available*,1*,"₹20,00,000*",1110,2024,-,258(1),307(1),454(1),454(1),454(1),454(1),-,-,-,-,-,-,-,-,-
TEL Mgmt PG,TELMgmt-MQ1-CatB-All,MQ1,Telangana,"Malla Reddy IMS, Hyderabad",TBRD,-,-,-,-,940,-,-,363(1),391(1),488(1),488(1),488(1),488(1),-,-,-,-,-,-,-,-,-
Haryana PG,HAR Priv-Mgmt,MNG,Haryana,"NC Med Coll, Panipat",ORTHOPAEDICS,"₹14,02,000*","₹40,000",0,₹0,680,2024,-,500(1),364(1),239(1),154(1),251(1),-,-,-,-,-,-,-,-,-,-
TEL Mgmt PG,TELMgmt-MQ1-CatB-All,MQ1,Telangana,"Apollo IMSR, Hyderabad",TBRD,"₹23,00,000*",Info not available*,1*,"₹20,00,000*",570,2024,-,181(1),360(1),505(1),505(1),505(1),505(1),-,-,-,-,-,-,-,-,-
TN Mgmt PG,TN Mgmt Quota,GEN,Tamil Nadu,"PSG IMS, Coimbatore",ORTHOPAEDICS,"₹15,50,000*","₹25,000*",0,₹0,1130,2024,-,202(1),509(1),509(1),-,-,-,-,-,-,-,-,-,-,-,-
TEL Mgmt PG,TELMgmt-MQ1-CatB-All,MQ1,Telangana,"Malla Reddy(Women), Hyderabad",TBRD,-,-,-,-,1050,-,-,406(1),454(1),517(1),517(1),517(1),517(1),-,-,-,-,-,-,-,-,-
TEL Mgmt PG,TELMgmt-MQ1-CatB-All,MQ1,Telangana,"Malla Reddy IMS, Hyderabad",OPHTHALMOLOGY,-,-,-,-,940,-,-,419(2),519(2),519(2),519(2),519(2),519(2),-,-,-,-,-,-,-,-,-
TEL Mgmt PG,TELMgmt-MQ1-CatB-All,MQ1,Telangana,"CAIMS, Karimnagar",TBRD,"₹24,00,000*",Info not available*,1*,"₹20,00,000*",1000,2024,-,353(1),459(1),528(1),528(1),528(1),528(1),-,-,-,-,-,-,-,-,-
TEL Mgmt PG,TELMgmt-MQ1-CatB-All,MQ1,Telangana,"Prathima IMS, Karimnagar",TBRD,"₹23,00,000*",Info not available*,1*,"₹20,00,000*",1060,2024,-,332(1),405(1),538(1),538(1),538(1),538(1),-,-,-,-,-,-,-,-,-
TEL Mgmt PG,TELMgmt-MQ1-CatB-All,MQ1,Telangana,"Kamineni IMS, Narketpally",OPHTHALMOLOGY,"₹23,00,000*",Info not available*,1*,"₹20,00,000*",1060,2024,-,437(1),562(1),562(1),562(1),562(1),562(1),-,-,-,-,-,-,-,-,-
UK PG,UK Priv-AllIndia/Mgmt,UR-MNG,Uttarakhand,"SGRRI, Dehradun",PHARMACOLOGY,₹0*,"₹30,000*",1,"₹10,00,000",750,2024,-,-,-,564(3),-,-,-,-,-,-,-,-,-,-,-,-
TEL Mgmt PG,TELMgmt-MQ1-CatB-All,MQ1,Telangana,"Mahavir Inst of MS, Vikarabad",PAEDIATRICS,"₹23,00,000*",Info not available*,1*,"₹20,00,000*",700,2024,-,268(1),317(1),406(1),568(1),568(1),568(1),-,-,-,-,-,-,-,-,-
TEL Mgmt PG,TELMgmt-MQ1-CatB-All,MQ1,Telangana,"Malla Reddy IMS, Hyderabad",GENERAL SURGERY,-,-,-,-,940,-,-,386(6),472(6),579(6),579(6),579(6),579(6),-,-,-,-,-,-,-,-,-
TEL Mgmt PG,TELMgmt-MQ1-CatB-All,MQ1,Telangana,"Malla Reddy IMS, Hyderabad",ENT,-,-,-,-,940,-,-,506(2),583(2),583(2),583(2),583(2),583(2),-,-,-,-,-,-,-,-,-
TEL Mgmt PG,TELMgmt-MQ1-CatB-All,MQ1,Telangana,"Malla Reddy(Women), Hyderabad",OPHTHALMOLOGY,-,-,-,-,1050,-,-,410(1),599(1),599(1),599(1),599(1),599(1),-,-,-,-,-,-,-,-,-
TN Mgmt PG,TN Mgmt Quota,GEN,Tamil Nadu,"Dhanalakshmi Srin, Perambalur",OBG,"₹15,50,000*","₹35,000*",0,₹0,800,2024,-,-,602(1),602(1),-,-,-,-,-,-,-,-,-,-,-,-
Haryana PG,HAR Priv-Mgmt,MNG,Haryana,"SGGST Med Coll, Gurgaon",ANATOMY,"₹10,00,000*","₹56,100",Info Not Available,Info not available,720,2024,-,-,-,-,603(1),-,-,-,-,-,-,-,-,-,-,-
WB PG,WB Mgmt Quota,MQ,West Bengal,"ICARE IMS & R, Haldia",DERMATOLOGY,"₹40,00,000*","₹40,000",0,₹0,Info Not Available,2024,-,603(1),235(1),245(1),129(1),-,-,-,-,-,-,-,-,-,-,-
TEL Mgmt PG,TELMgmt-MQ1-CatB-All,MQ1,Telangana,"Bhaskar Med Coll, Yenkapally",TBRD,"₹23,00,000*",Info not available*,1*,"₹20,00,000*",850,2024,-,424(1),488(1),604(1),627(1),627(1),627(1),-,-,-,-,-,-,-,-,-
TEL Mgmt PG,TELMgmt-MQ1-CatB-All,MQ1,Telangana,"Kamineni IMS, Narketpally",TBRD,"₹23,00,000*",Info not available*,1*,"₹20,00,000*",1060,2024,-,391(1),517(1),629(1),629(1),629(1),629(1),-,-,-,-,-,-,-,-,-
TEL Mgmt PG,TELMgmt-MQ1-CatB-All,MQ1,Telangana,"Malla Reddy(Women), Hyderabad",GENERAL SURGERY,-,-,-,-,1050,-,-,448(1),498(1),633(1),633(1),633(1),633(1),-,-,-,-,-,-,-,-,-
Haryana PG,HAR Priv-Mgmt,MNG,Haryana,"World College of MS&RC, Jhajjar",EMERGENCY MEDICINE,"₹14,02,000*","₹56,100",0,₹0,-,2024,-,641(1),621(1),-,211(1),-,-,-,-,-,-,-,-,-,-,-
Punjab PG,PB Priv-DMC Mgmt,GEN,Punjab,"DMC, Ludhiana",IHBT,"₹6,50,000*","₹50,000",0,₹0,1326,2024,-,-,-,648(1),-,-,-,-,-,-,-,-,-,-,-,-
HP PG,HP Priv All,GEN,Himachal Pradesh,"MMU, Solan",OPHTHALMOLOGY,"₹27,67,800*","₹40,000",1,"₹10,00,000",720,2024,-,-,671(1),-,-,-,-,-,-,-,-,-,-,-,-,-
PNDCHRY PG,PY Mgmt-Open,AGE,Pondicherry,"PIMS, Pondicherry",TBRD,"₹23,90,000","₹43,000",0,₹0,740,2024,-,-,477(2),734(2),-,-,-,-,-,-,-,-,-,-,-,-
Punjab PG,PB Priv-AdeshGenMerit,GEN-All India,Punjab,"Adesh IMS, Bhatinda",PATHOLOGY,"₹14,90,000*","₹56,100*",1*,"₹25,00,000*",750,2024,-,-,-,753(2),-,-,-,-,-,-,-,-,-,-,-,-
CHHTSGRH PG,Other State,UR,Chhattisgarh,"Raipur IMS, Raipur",PATHOLOGY,"₹7,92,600*","₹67,000",1,"₹25,00,000",650,2024,-,768(1),-,-,-,-,-,-,-,-,-,-,-,-,-,-
TN Mgmt PG,TN Mgmt Quota,GEN,Tamil Nadu,"Velammal Med Col, Madurai",ENT,"₹15,50,000*","₹37,000*",0,₹0,1024,2024,-,525(1),795(1),795(1),-,-,-,-,-,-,-,-,-,-,-,-
TEL Mgmt PG,TELMgmt-MQ1-CatB-All,MQ1,Telangana,"Kamineni (KAMSRC), Hyderabad",RADIATION ONCOLOGY,"₹23,00,000*",Info not available*,1*,"₹20,00,000*",650,2024,-,722(1),806(1),806(1),806(1),806(1),806(1),-,-,-,-,-,-,-,-,-
TEL Mgmt PG,TELMgmt-MQ1-CatB-All,MQ1,Telangana,"RVM IMSRC, Siddipet",ORTHOPAEDICS,"₹23,00,000*",Info not available*,1*,"₹20,00,000*",1110,2024,-,464(1),822(1),822(1),822(1),822(1),822(1),-,-,-,-,-,-,-,-,-
TEL Mgmt PG,TELMgmt-MQ1-CatB-All,MQ1,Telangana,"Malla Reddy(Women), Hyderabad",ORTHOPAEDICS,-,-,-,-,1050,-,-,347(1),515(1),830(1),830(1),830(1),830(1),-,-,-,-,-,-,-,-,-
Punjab PG,PB Priv-SGRDGener.,GEN-All India,Punjab,"SDRD, Amritsar",PHARMACOLOGY,"₹25,000*",Info not available,0,₹0,800,2024,-,-,-,837(2),-,-,-,-,-,-,-,-,-,-,-,-
PNDCHRY PG,PY Mgmt-Open,AGE,Pondicherry,"SriVenkateswaraa, Pondicherry",TBRD,"₹39,00,000*","₹7,000*",2*,Info not available*,1120,2024,-,-,848(1),848(1),-,-,-,-,-,-,-,-,-,-,-,-
HP PG,HP Priv All,GEN,Himachal Pradesh,"MMU, Solan",ENT,"₹19,31,600*","₹40,000",1,"₹10,00,000",720,2024,-,-,-,-,855(1),-,-,-,-,-,-,-,-,-,-,-
RJSTHN PG,RAJ Priv-All India,GEN,Rajasthan,"MGMC&H, Sitapur, Jaipur",RADIO DIAGNOSIS,"₹60,00,000*","₹55,000",0,₹0,1400,2024,-,841(1),852(1),855(1),-,-,-,-,-,-,-,-,-,-,-,-
WB PG,WB Mgmt Quota,MQ,West Bengal,"Jagannath Gupta IMS, Kolkata",RADIO DIAGNOSIS,"₹27,00,000*","₹43,600",0,₹0,-,2024,-,861(1),859(1),773(1),773(1),-,-,-,-,-,-,-,-,-,-,-
Punjab PG,PB - Govt Quota,GEN-All India,Punjab,"Govt Med Coll, Patiala",ANATOMY,"₹1,00,000*","₹67,968*",1*,"₹10,00,000*",1130,2024,-,-,-,866(1),-,-,-,-,-,-,-,-,-,-,-,-
Punjab PG,PB - Govt Quota,GEN-All India,Punjab,"Govt Med Coll, Amritsar",PHYSIOLOGY,"₹1,00,000*","₹67,968*",1*,"₹10,00,000*",951,2024,-,-,-,897(1),-,-,-,-,-,-,-,-,-,-,-,-
TEL Mgmt PG,TELMgmt-MQ1-CatB-All,MQ1,Telangana,"Bhaskar Med Coll, Yenkapally",PSYCHIATRY,"₹23,00,000*",Info not available*,1*,"₹20,00,000*",850,2024,-,810(1),906(1),906(1),906(1),906(1),906(1),-,-,-,-,-,-,-,-,-
TN Mgmt PG,TN Mgmt Quota,GEN,Tamil Nadu,"Mookambika IMS, Kanyakumari",TBRD,"₹15,50,000*","₹15,000*",0,₹0,600,2024,-,-,937(1),937(1),-,-,-,-,-,-,-,-,-,-,-,-
TEL Mgmt PG,TELMgmt-MQ1-CatB-All,MQ1,Telangana,"SVS Med Coll, Mehboobnagar",ENT,"₹24,00,000*",Info not available*,1*,"₹20,00,000*",760,2024,-,684(1),765(1),941(1),941(1),941(1),941(1),-,-,-,-,-,-,-,-,-
TEL Mgmt PG,TELMgmt-MQ1-CatB-All,MQ1,Telangana,"SVS Med Coll, Mehboobnagar",PSYCHIATRY,"₹24,00,000*",Info not available*,1*,"₹20,00,000*",760,2024,-,771(1),981(1),981(1),981(1),981(1),981(1),-,-,-,-,-,-,-,-,-
TEL Mgmt PG,TELMgmt-MQ1-CatB-All,MQ1,Telangana,"Mahavir Inst of MS, Vikarabad",GENERAL SURGERY,"₹23,00,000*",Info not available*,1*,"₹20,00,000*",700,2024,-,565(1),633(1),982(1),982(1),982(1),982(1),-,-,-,-,-,-,-,-,-
WB PG,WB Mgmt Quota,MQ,West Bengal,"Jagannath Gupta IMS, Kolkata",DERMATOLOGY,"₹27,00,000*","₹43,600",0,₹0,-,2024,-,988(2),996(2),969(2),969(2),-,-,-,-,-,-,-,-,-,-,-
CHHTSGRH PG,Other State,UR,Chhattisgarh,"SSIMS, Bhilai",PHARMACOLOGY,"₹8,48,200*","₹67,000",1,"₹10,00,000",896,2024,-,-,1046(1),-,-,-,-,-,-,-,-,-,-,-,-,-
TEL Mgmt PG,TELMgmt-MQ1-CatB-All,MQ1,Telangana,"Malla Reddy IMS, Hyderabad",PSYCHIATRY,-,-,-,-,940,-,-,840(1),1051(1),933(1),933(1),933(1),933(1),-,-,-,-,-,-,-,-,-
CHHTSGRH PG,Other State,UR,Chhattisgarh,"SSIMS, Bhilai",BIOCHEMISTRY,"₹8,48,200*","₹67,000",1,"₹10,00,000",896,2024,-,-,1064(2),-,-,-,-,-,-,-,-,-,-,-,-,-
CHHTSGRH PG,Other State,UR,Chhattisgarh,"Raipur IMS, Raipur",PHARMACOLOGY,"₹7,92,600*","₹67,000",1,"₹25,00,000",650,2024,-,-,1066(1),-,-,-,-,-,-,-,-,-,-,-,-,-
WB PG,WB Mgmt Quota,MQ,West Bengal,"KPC Med Coll, Jadavpur",OBG,-,-,-,-,750,-,-,929(2),1067(2),929(2),929(2),-,-,-,-,-,-,-,-,-,-,-
WB PG,WB Mgmt Quota,MQ,West Bengal,"IQ-City Med Coll, Burdwan",OBG,"₹27,00,000*","₹40,000",0*,₹0*,800,2024,-,1056(1),1074(1),992(1),992(1),-,-,-,-,-,-,-,-,-,-,-
TEL Mgmt PG,TELMgmt-MQ1-CatB-All,MQ1,Telangana,"Malla Reddy IMS, Hyderabad",ANAESTHESIOLOGY,-,-,-,-,940,-,-,713(6),803(6),1102(6),1102(6),1102(6),1102(6),-,-,-,-,-,-,-,-,-
TEL Mgmt PG,TELMgmt-MQ1-CatB-All,MQ1,Telangana,"RVM IMSRC, Siddipet",OPHTHALMOLOGY,"₹23,00,000*",Info not available*,1*,"₹20,00,000*",1110,2024,-,490(1),735(1),1103(1),1103(1),1103(1),1103(1),-,-,-,-,-,-,-,-,-
TEL Mgmt PG,TELMgmt-MQ1-CatB-All,MQ1,Telangana,"Mediciti IMS, Ghanpur",OPHTHALMOLOGY,"₹23,00,000*",Info not available*,1*,"₹20,00,000*",720,2024,-,481(1),714(1),1110(1),1110(1),1110(1),1110(1),-,-,-,-,-,-,-,-,-
TEL Mgmt PG,TELMgmt-MQ1-CatB-All,MQ1,Telangana,"Malla Reddy(Women), Hyderabad",ANAESTHESIOLOGY,-,-,-,-,1050,-,-,750(2),854(2),1120(2),1120(2),1120(2),1120(2),-,-,-,-,-,-,-,-,-
TEL Mgmt PG,TELMgmt-MQ1-CatB-All,MQ1,Telangana,"Malla Reddy IMS, Hyderabad",EMERGENCY MEDICINE,-,-,-,-,940,-,-,548(1),693(1),1132(1),1132(1),1132(1),1132(1),-,-,-,-,-,-,-,-,-
TEL Mgmt PG,TELMgmt-MQ1-CatB-All,MQ1,Telangana,"Malla Reddy IMS, Hyderabad",PATHOLOGY,-,-,-,-,940,-,-,950(1),1069(1),1137(1),1137(1),1137(1),1137(1),-,-,-,-,-,-,-,-,-
TEL Mgmt PG,TELMgmt-MQ1-CatB-All,MQ1,Telangana,"Kamineni (KAMSRC), Hyderabad",EMERGENCY MEDICINE,"₹23,00,000*",Info not available*,1*,"₹20,00,000*",650,2024,-,521(1),551(1),1148(1),1148(1),1148(1),1148(1),-,-,-,-,-,-,-,-,-
TEL Mgmt PG,TELMgmt-MQ1-CatB-All,MQ1,Telangana,"CAIMS, Karimnagar",PSYCHIATRY,"₹24,00,000*",Info not available*,1*,"₹20,00,000*",1000,2024,-,635(1),1055(1),1158(1),1158(1),1158(1),1158(1),-,-,-,-,-,-,-,-,-
TN Mgmt PG,TN Mgmt Quota,GEN,Tamil Nadu,Melmaruvathur Adiparasakthi,ORTHOPAEDICS,"₹15,50,000*","₹35,000*",0,₹0,700,2024,-,786(1),1168(2),1168(2),-,-,-,-,-,-,-,-,-,-,-,-
TN Mgmt PG,TN Mgmt Quota,GEN,Tamil Nadu,"Sri Muthukumaran, Chennai",GENERAL SURGERY,"₹15,50,000*","₹25,000",0,₹0,720,2024,-,-,1173(1),1173(1),-,-,-,-,-,-,-,-,-,-,-,-
TEL Mgmt PG,TELMgmt-MQ1-CatB-All,MQ1,Telangana,"RVM IMSRC, Siddipet",ENT,"₹23,00,000*",Info not available*,1*,"₹20,00,000*",1110,2024,-,694(1),796(1),1203(1),1203(1),1203(1),1203(1),-,-,-,-,-,-,-,-,-
UP PG,UP Priv-Open Quota,UR,Uttar Pradesh,"Rohilkhand Med Coll, Bareilly",ANATOMY,"₹50,000*","₹24,000*",0,₹0,720,2024,-,-,-,-,-,1204(1),-,-,-,-,-,-,-,-,-,-
HP PG,HP Priv All,GEN,Himachal Pradesh,"MMU, Solan",MICROBIOLOGY,"₹3,00,000*","₹40,000",1,"₹10,00,000",720,2024,-,-,-,-,1215(1),-,-,-,-,-,-,-,-,-,-,-
TEL Mgmt PG,TELMgmt-MQ1-CatB-All,MQ1,Telangana,"Mahavir Inst of MS, Vikarabad",PATHOLOGY,"₹5,30,000*",Info not available*,1*,"₹20,00,000*",700,2024,-,1092(1),1224(1),1224(1),1224(1),1224(1),1224(1),-,-,-,-,-,-,-,-,-
HP PG,HP Priv All,GEN,Himachal Pradesh,"MMU, Solan",BIOCHEMISTRY,"₹3,00,000*","₹40,000",1,"₹10,00,000",720,2024,-,-,-,-,1232(2),-,-,-,-,-,-,-,-,-,-,-
TEL Mgmt PG,TELMgmt-MQ1-CatB-All,MQ1,Telangana,"MNR Med Coll, Sangareddy",PSYCHIATRY,"₹23,00,000*",Info not available*,1*,"₹20,00,000*",760,2024,-,873(1),1166(1),1259(1),1259(1),1259(1),1259(1),-,-,-,-,-,-,-,-,-
RJSTHN PG,RAJ Priv-All India,GEN,Rajasthan,"MGMC&H, Sitapur, Jaipur",NUCLEAR MEDICINE,"₹27,00,000*","₹55,000",0,₹0,1400,2024,-,1230(1),1260(1),1279(1),-,-,-,-,-,-,-,-,-,-,-,-
RJSTHN PG,RAJ Priv-All India,GEN,Rajasthan,"Ananta IMS & RC, Rajsamand",RADIO DIAGNOSIS,"₹32,55,000*","₹25,000",0,₹0,775,2024,-,1315(1),-,-,-,-,-,-,-,-,-,-,-,-,-,-
TEL Mgmt PG,TELMgmt-MQ1-CatB-All,MQ1,Telangana,"RVM IMSRC, Siddipet",PSYCHIATRY,"₹23,00,000*",Info not available*,1*,"₹20,00,000*",1110,2024,-,885(1),1124(1),1341(1),1341(1),1341(1),1341(1),-,-,-,-,-,-,-,-,-
TN Mgmt PG,TN Mgmt Quota,GEN,Tamil Nadu,"Mookambika IMS, Kanyakumari",ORTHOPAEDICS,"₹15,50,000*","₹15,000*",0,₹0,600,2024,-,-,1465(2),1233(1),-,-,-,-,-,-,-,-,-,-,-,-
TEL Mgmt PG,TELMgmt-MQ1-CatB-All,MQ1,Telangana,"Prathima IMS, Karimnagar",PHYSIOLOGY,"₹1,87,000*",Info not available*,1*,"₹20,00,000*",1060,2024,-,-,1533(1),1533(1),1533(1),1533(1),1533(1),-,-,-,-,-,-,-,-,-
MP PG,MP Priv-NonDomicile,UR (Non Domicile),Madhya Pradesh,"RKDF Medical College, Jatkhedi",OPHTHALMOLOGY,"₹18,40,000*","₹69,115*",1*,"₹10,00,000*",-,2024,-,-,1506(1),1547(1),-,-,-,-,-,-,-,-,-,-,-,-
TN Mgmt PG,TN Mgmt Quota,GEN,Tamil Nadu,"Trichy SRM Med Coll, Trichy",ANAESTHESIOLOGY,"₹15,50,000*","₹35,000*",0,₹0,1575,2024,-,-,1557(2),1557(2),-,-,-,-,-,-,-,-,-,-,-,-
RJSTHN PG,RAJ Priv-All India,GEN,Rajasthan,"American Intl IMS, Bedwas",OBG,"₹32,55,000*","₹20,000",0,₹0,700,2024,-,1255(1),1653(1),1681(1),-,-,-,-,-,-,-,-,-,-,-,-
TEL Mgmt PG,TELMgmt-MQ1-CatB-All,MQ1,Telangana,"Malla Reddy IMS, Hyderabad",SPM,-,-,-,-,940,-,-,-,1685(1),1685(1),1685(1),1685(1),1685(1),-,-,-,-,-,-,-,-,-
Haryana PG,HAR Priv-Mgmt,MNG,Haryana,"Al Falah SchooloffMS,Faridabad",PHYSIOLOGY,"₹7,20,000*","₹55,000",0,₹0,-,2024,-,-,-,1360(1),-,1732(1),-,-,-,-,-,-,-,-,-,-
TEL Mgmt PG,TELMgmt-MQ1-CatB-All,MQ1,Telangana,"Malla Reddy(Women), Hyderabad",EMERGENCY MEDICINE,-,-,-,-,1050,-,-,551(1),586(1),1197(1),1378(1),1735(1),1735(1),-,-,-,-,-,-,-,-,-
UP PG,UP Priv-Open Quota,UR,Uttar Pradesh,"Subharti Med Coll, Meerut",ANATOMY,₹0*,"₹30,000*",2*,Info not available*,938,2024,-,-,-,-,1737(1),-,-,-,-,-,-,-,-,-,-,-
Haryana PG,HAR Priv-Mgmt,MNG,Haryana,"SGGST Med Coll, Gurgaon",BIOCHEMISTRY,"₹10,00,000*","₹56,100",Info Not Available,Info not available,720,2024,-,-,-,1397(2),-,1756(1),-,-,-,-,-,-,-,-,-,-
TEL Mgmt PG,TELMgmt-MQ1-CatB-All,MQ1,Telangana,"Mahavir Inst of MS, Vikarabad",BIOCHEMISTRY,"₹1,70,000*",Info not available*,1*,"₹20,00,000*",700,2024,-,-,1844(1),1844(1),1844(1),1844(1),1844(1),-,-,-,-,-,-,-,-,-
TN Mgmt PG,TN Mgmt Quota,GEN,Tamil Nadu,"Mookambika IMS, Kanyakumari",ENT,"₹15,50,000*","₹15,000*",0,₹0,600,2024,-,-,1856(1),1856(1),-,-,-,-,-,-,-,-,-,-,-,-
TEL Mgmt PG,TELMgmt-MQ1-CatB-All,MQ1,Telangana,"SVS Med Coll, Mehboobnagar",BIOCHEMISTRY,"₹1,80,000*",Info not available*,1*,"₹20,00,000*",760,2024,-,-,1858(1),1858(1),1858(1),1858(1),1858(1),-,-,-,-,-,-,-,-,-
MP PG,MP Priv-NonDomicile,UR (Non Domicile),Madhya Pradesh,"Amaltas IMS, Dewas",ANAESTHESIOLOGY,"₹18,10,000*","₹69,115*",1,"₹10,00,000",720,2024,-,-,1872(1),-,-,-,-,-,-,-,-,-,-,-,-,-
TEL Mgmt PG,TELMgmt-MQ1-CatB-All,MQ1,Telangana,"Kamineni (KAMSRC), Hyderabad",IHBT,"₹23,00,000*",Info not available*,1*,"₹20,00,000*",650,2024,-,957(1),1516(1),1872(1),1872(1),1872(1),1872(1),-,-,-,-,-,-,-,-,-
TEL Mgmt PG,TELMgmt-MQ1-CatB-All,MQ1,Telangana,"Malla Reddy(Women), Hyderabad",RADIATION ONCOLOGY,-,-,-,-,1050,-,-,776(1),990(1),1175(1),1359(1),1887(1),1887(1),-,-,-,-,-,-,-,-,-
RJSTHN PG,RAJ Priv-All India,GEN,Rajasthan,"American Intl IMS, Bedwas",GENERAL MEDICINE,"₹32,55,000*","₹20,000",0,₹0,700,2024,-,1795(1),1861(1),1895(1),-,-,-,-,-,-,-,-,-,-,-,-
UP PG,UP Priv-Open Quota,UR,Uttar Pradesh,Muzaffarnagar Medical College,ANATOMY,"₹8,93,521*","₹56,100*",1*,₹0*,857,2024,-,-,-,-,1901(1),-,-,-,-,-,-,-,-,-,-,-
TN Mgmt PG,TN Mgmt Quota,GEN,Tamil Nadu,"Mookambika IMS, Kanyakumari",EMERGENCY MEDICINE,"₹15,50,000*","₹15,000*",0,₹0,600,2024,-,-,1913(2),1913(1),-,-,-,-,-,-,-,-,-,-,-,-
TN Mgmt PG,TN Mgmt Quota,GEN,Tamil Nadu,"Sri Muthukumaran, Chennai",ENT,"₹15,50,000*","₹25,000",0,₹0,720,2024,-,-,1977(1),-,-,-,-,-,-,-,-,-,-,-,-,-
TN Mgmt PG,TN Mgmt Quota,GEN,Tamil Nadu,"Karpagam Faculty, Coimbatore",ANAESTHESIOLOGY,"₹15,50,000*","₹38,000*",0,₹0,675,2024,-,-,2010(1),-,-,-,-,-,-,-,-,-,-,-,-,-
TN Mgmt PG,TN Mgmt Quota,GEN,Tamil Nadu,"Mookambika IMS, Kanyakumari",PATHOLOGY,"₹4,35,000*","₹15,000*",0,₹0,600,2024,-,2024(1),-,-,-,-,-,-,-,-,-,-,-,-,-,-
TN Mgmt PG,TN Mgmt Quota,GEN,Tamil Nadu,"Mookambika IMS, Kanyakumari",OPHTHALMOLOGY,"₹15,50,000*","₹15,000*",0,₹0,600,2024,-,-,2031(2),-,-,-,-,-,-,-,-,-,-,-,-,-
TEL Mgmt PG,TELMgmt-MQ1-CatB-All,MQ1,Telangana,"Malla Reddy IMS, Hyderabad",MICROBIOLOGY,-,-,-,-,940,-,-,-,2040(1),2040(1),2040(1),2040(1),2040(1),-,-,-,-,-,-,-,-,-
TEL Mgmt PG,TELMgmt-MQ1-CatB-All,MQ1,Telangana,"Kamineni IMS, Narketpally",IHBT,"₹23,00,000*",Info not available*,1*,"₹20,00,000*",1060,2024,-,1331(1),1561(1),1799(1),2080(1),2080(1),2080(1),-,-,-,-,-,-,-,-,-
TEL Mgmt PG,TELMgmt-MQ1-CatB-All,MQ1,Telangana,"MNR Med Coll, Sangareddy",PHYSIOLOGY,"₹1,89,000*",Info not available*,1*,"₹20,00,000*",760,2024,-,-,2086(1),-,-,-,-,-,-,-,-,-,-,-,-,-
TEL Mgmt PG,TELMgmt-MQ1-CatB-All,MQ1,Telangana,"Apollo IMSR, Hyderabad",MICROBIOLOGY,"₹5,30,000*",Info not available*,1*,"₹20,00,000*",570,2024,-,1311(1),1977(1),2128(1),2128(1),2128(1),2128(1),-,-,-,-,-,-,-,-,-
TEL Mgmt PG,TELMgmt-MQ1-CatB-All,MQ1,Telangana,"Mahavir Inst of MS, Vikarabad",MICROBIOLOGY,"₹5,30,000*",Info not available*,1*,"₹20,00,000*",700,2024,-,-,2131(1),-,-,-,-,-,-,-,-,-,-,-,-,-
TN Mgmt PG,TN Mgmt Quota,GEN,Tamil Nadu,"Mookambika IMS, Kanyakumari",SPM,"₹4,35,000*","₹15,000*",0,₹0,600,2024,-,2131(1),-,-,-,-,-,-,-,-,-,-,-,-,-,-
PNDCHRY PG,PY Mgmt-Open,AGE,Pondicherry,"PIMS, Pondicherry",ANATOMY,"₹6,55,000","₹43,000",0,₹0,740,2024,-,-,-,2157(1),-,-,-,-,-,-,-,-,-,-,-,-
UP PG,UP Priv-Open Quota,UR,Uttar Pradesh,"Mayo IMS, Barabanki",BIOCHEMISTRY,"₹5,00,000*","₹14,000*",0*,₹0*,736,2024,-,-,-,-,2175(1),-,-,-,-,-,-,-,-,-,-,-
TEL Mgmt PG,TELMgmt-MQ1-CatB-All,MQ1,Telangana,"Malla Reddy(Women), Hyderabad",ANATOMY,-,-,-,-,1050,-,-,-,2178(1),-,-,-,-,-,-,-,-,-,-,-,-,-
TN Mgmt PG,TN Mgmt Quota,GEN,Tamil Nadu,"Karpagam Faculty, Coimbatore",OPHTHALMOLOGY,"₹15,50,000*","₹38,000*",0,₹0,675,2024,-,-,2180(1),2180(1),-,-,-,-,-,-,-,-,-,-,-,-
TN Mgmt PG,TN Mgmt Quota,GEN,Tamil Nadu,"Dhanalakshmi Srin, Perambalur",ORTHOPAEDICS,"₹15,50,000*","₹35,000*",0,₹0,800,2024,-,933(1),1287(1),2190(1),-,-,-,-,-,-,-,-,-,-,-,-
TEL Mgmt PG,TELMgmt-MQ1-CatB-All,MQ1,Telangana,"Kamineni (KAMSRC), Hyderabad",PHYSIOLOGY,"₹2,16,000*",Info not available*,1*,"₹20,00,000*",650,2024,-,-,2207(1),-,-,-,-,-,-,-,-,-,-,-,-,-
MP PG,MP Priv-NonDomicile,UR (Non Domicile),Madhya Pradesh,"Chirayu Med Coll, Bhopal",ANAESTHESIOLOGY,"₹18,30,000*","₹72,633",1,"₹10,00,000",912,2024,-,-,2100(3),2227(2),-,-,-,-,-,-,-,-,-,-,-,-
KAR PG (KEA),KAR Priv Seats-Open,OPN,Karnataka,"Father Mullers, Mangalore",RADIO DIAGNOSIS,"₹13,88,744*","₹35,000*",1*,"₹50,00,000*",1250,2024,2239(1),2239(1),2239(1),-,-,-,-,-,-,-,-,-,-,-,-,-
TEL Mgmt PG,TELMgmt-MQ1-CatB-All,MQ1,Telangana,"Kamineni (KAMSRC), Hyderabad",BIOCHEMISTRY,"₹2,16,000*",Info not available*,1*,"₹20,00,000*",650,2024,-,-,1940(1),2266(1),-,-,-,-,-,-,-,-,-,-,-,-
TEL Mgmt PG,TELMgmt-MQ1-CatB-All,MQ1,Telangana,"Kamineni IMS, Narketpally",ANATOMY,"₹2,16,000*",Info not available*,1*,"₹20,00,000*",1060,2024,-,-,-,2268(1),-,-,-,-,-,-,-,-,-,-,-,-
TN Mgmt PG,TN Mgmt Quota,GEN,Tamil Nadu,"Dhanalakshmi Srin, Perambalur",OPHTHALMOLOGY,"₹15,50,000*","₹35,000*",0,₹0,800,2024,-,1112(1),2201(1),2024(1),2288(1),-,-,-,-,-,-,-,-,-,-,-
TEL Mgmt PG,TELMgmt-MQ1-CatB-All,MQ1,Telangana,"SVS Med Coll, Mehboobnagar",MICROBIOLOGY,"₹7,50,000*",Info not available*,1*,"₹20,00,000*",760,2024,-,-,2051(1),-,2335(1),2335(1),2335(1),-,-,-,-,-,-,-,-,-
TEL Mgmt PG,TELMgmt-MQ1-CatB-All,MQ1,Telangana,"Kamineni IMS, Narketpally",PHYSIOLOGY,"₹2,16,000*",Info not available*,1*,"₹20,00,000*",1060,2024,-,-,2338(1),-,-,-,-,-,-,-,-,-,-,-,-,-
TEL Mgmt PG,TELMgmt-MQ1-CatB-All,MQ1,Telangana,"Malla Reddy(Women), Hyderabad",PHARMACOLOGY,-,-,-,-,1050,-,-,-,2006(2),2371(2),2371(2),2371(2),2371(2),-,-,-,-,-,-,-,-,-
MP PG,MP Priv-NonDomicile,UR (Non Domicile),Madhya Pradesh,"Index Med Coll, Indore",OPHTHALMOLOGY,"₹19,12,000*","₹69,115*",1,"₹10,00,000",1299,2024,-,-,2228(3),2383(2),-,-,-,-,-,-,-,-,-,-,-,-
TEL Mgmt PG,TELMgmt-MQ1-CatB-All,MQ1,Telangana,"Prathima IMS, Karimnagar",PHARMACOLOGY,"₹5,62,250*",Info not available*,1*,"₹20,00,000*",1060,2024,-,-,1996(1),-,2391(1),-,-,-,-,-,-,-,-,-,-,-
TEL Mgmt PG,TELMgmt-MQ1-CatB-All,MQ1,Telangana,"Mamata Med Coll, Khammam",FORENSIC MEDICINE,"₹6,60,000*",Info not available*,1*,"₹20,00,000*",1080,2024,-,-,1926(1),2263(1),2428(1),2304(1),2304(1),-,-,-,-,-,-,-,-,-
TEL Mgmt PG,TELMgmt-MQ1-CatB-All,MQ1,Telangana,"Mahavir Inst of MS, Vikarabad",SPM,"₹5,30,000*",Info not available*,1*,"₹20,00,000*",700,2024,-,-,2128(1),2470(1),2470(1),2470(1),2470(1),-,-,-,-,-,-,-,-,-
TEL Mgmt PG,TELMgmt-MQ1-CatB-All,MQ1,Telangana,"CAIMS, Karimnagar",PHYSIOLOGY,"₹2,00,000*",Info not available*,1*,"₹20,00,000*",1000,2024,-,-,2413(1),2485(1),2485(1),2485(1),2485(1),-,-,-,-,-,-,-,-,-
TEL Mgmt PG,TELMgmt-MQ1-CatB-All,MQ1,Telangana,"Surabhi InstituteofMS,Siddipet",BIOCHEMISTRY,"₹2,16,000*",Info not available*,1*,"₹20,00,000*",-,2024,-,-,2487(1),-,-,-,-,-,-,-,-,-,-,-,-,-
MP PG,MP Priv-NonDomicile,UR (Non Domicile),Madhya Pradesh,"Amaltas IMS, Dewas",OPHTHALMOLOGY,"₹18,10,000*","₹69,115*",1,"₹10,00,000",720,2024,-,-,2332(1),2513(1),-,-,-,-,-,-,-,-,-,-,-,-
TEL Mgmt PG,TELMgmt-MQ1-CatB-All,MQ1,Telangana,"Kamineni (KAMSRC), Hyderabad",ANATOMY,"₹2,16,000*",Info not available*,1*,"₹20,00,000*",650,2024,-,-,2521(1),2221(1),-,-,-,-,-,-,-,-,-,-,-,-
RJSTHN PG,RAJ Priv-All India,GEN,Rajasthan,Jaipur National Univ IMS,OBG,"₹59,00,000*",Info not available*,0,₹0,810,2024,-,2195(1),2437(1),2539(1),-,-,-,-,-,-,-,-,-,-,-,-
RJSTHN PG,RAJ Priv-All India,GEN,Rajasthan,Jaipur National Univ IMS,ENT,"₹28,00,000*",Info not available*,0,₹0,810,2024,-,2347(1),2462(1),2570(1),-,-,-,-,-,-,-,-,-,-,-,-
TN Mgmt PG,TN Mgmt Quota,GEN,Tamil Nadu,"Mookambika IMS, Kanyakumari",ANAESTHESIOLOGY,"₹15,50,000*","₹15,000*",0,₹0,600,2024,-,-,2607(2),2607(1),-,-,-,-,-,-,-,-,-,-,-,-
MP PG,MP Priv-NonDomicile,UR (Non Domicile),Madhya Pradesh,"Amaltas IMS, Dewas",ENT,"₹18,10,000*","₹69,115*",1,"₹10,00,000",720,2024,-,-,2431(3),2650(2),-,-,-,-,-,-,-,-,-,-,-,-
TN Mgmt PG,TN Mgmt Quota,GEN,Tamil Nadu,"Sri Muthukumaran, Chennai",SPM,"₹4,35,000*","₹25,000",0,₹0,720,2024,-,-,2993(1),2993(1),-,-,-,-,-,-,-,-,-,-,-,-
TN Mgmt PG,TN Mgmt Quota,GEN,Tamil Nadu,"Karpagam Faculty, Coimbatore",SPM,"₹4,35,000*","₹38,000*",0,₹0,675,2024,-,-,-,3097(1),3098(1),-,-,-,-,-,-,-,-,-,-,-
AP Mgmt PG,APMgmt-S1-All-CatB,S1A,Andhra Pradesh,"Santhiram Med Coll, Nandyal",PATHOLOGY,"₹3,10,500*","₹30,000*",1*,Info not available*,930,2024,-,-,-,-,-,-,3123(1),-,-,-,-,-,-,-,-,-
MP PG,MP Govt-NonDomicile,UR (Non Domicile),Madhya Pradesh,"Govt Med Coll, Datia",BIOCHEMISTRY,"₹1,01,500*","₹75,444",1,"₹10,00,000",540,2024,-,-,-,3156(1),-,-,-,-,-,-,-,-,-,-,-,-
AP Mgmt PG,APMgmt-S1-All-CatB,S1A,Andhra Pradesh,"VMC, Kurnool",PATHOLOGY,"₹3,10,500*","₹30,000*",1*,Info not available*,650,2024,-,-,-,-,-,-,3188(1),-,-,-,-,-,-,-,-,-
MP PG,MP Priv-NonDomicile,UR (Non Domicile),Madhya Pradesh,"Aurobindo Med Coll, Indore",PHYSIOLOGY,"₹97,800*","₹69,115*",1,"₹10,00,000",1230,2024,-,-,-,3238(1),-,-,-,-,-,-,-,-,-,-,-,-
AP Mgmt PG,APMgmt-S1-All-CatB,S1A,Andhra Pradesh,"Apollo IMS&R, Chittoor",SPM,"₹3,10,500*","₹30,000*",1*,Info not available*,850,2024,-,-,-,-,-,-,3350(1),-,-,-,-,-,-,-,-,-
AP Mgmt PG,APMgmt-S1-All-CatB,S1A,Andhra Pradesh,"NRI Inst of Med Sci, Vizag",SPM,"₹3,10,500*","₹40,000*",1*,Info not available*,980,2024,-,-,-,-,-,-,3408(1),-,-,-,-,-,-,-,-,-
MP PG,MP Govt-NonDomicile,UR (Non Domicile),Madhya Pradesh,"Govt Med Coll, Ratlam",BIOCHEMISTRY,"₹1,01,500*","₹75,444",1,"₹10,00,000",300,2024,-,-,-,3470(2),-,-,-,-,-,-,-,-,-,-,-,-
RJSTHN PG,RAJ Priv-Mgmt Quota,GEN,Rajasthan,"Geetanjali, Udaipur",TBRD,"₹60,00,000*",Info not available*,0,₹0,1310,2024,-,3071(1),-,3497(1),-,-,-,-,-,-,-,-,-,-,-,-
RJSTHN PG,RAJ Priv-All India,GEN,Rajasthan,"MGMC&H, Sitapur, Jaipur",PHYSIOLOGY,₹0,"₹55,000",0,₹0,1400,2024,-,-,-,3511(1),-,-,-,-,-,-,-,-,-,-,-,-
RJSTHN PG,RAJ Priv-Mgmt Quota,GEN,Rajasthan,"Ananta IMS & RC, Rajsamand",OPHTHALMOLOGY,-,-,-,-,775,-,-,-,-,3527(1),-,-,-,-,-,-,-,-,-,-,-,-
UP PG,UP Priv-Open Quota,UR,Uttar Pradesh,"Saraswati IMS, Hapur",PHYSIOLOGY,"₹10,000*","₹25,000*",0,₹0,851,2024,-,-,-,3537(1),-,-,-,-,-,-,-,-,-,-,-,-
UP PG,UP Priv-Open Quota,UR,Uttar Pradesh,"Era Lucknow Med Coll, Lucknow",PHYSIOLOGY,"₹6,00,000*",₹0*,0,₹0,850,2024,-,-,-,3614(1),-,-,-,-,-,-,-,-,-,-,-,-
TN Mgmt PG,TN Mgmt Quota,GEN,Tamil Nadu,"KarpagaVinayaga,Maduranthagam",PHYSIOLOGY,"₹4,35,000*","₹10,000*",0,₹0,550,2024,-,-,-,3666(1),-,-,-,-,-,-,-,-,-,-,-,-
TN Mgmt PG,TN Mgmt Quota,GEN,Tamil Nadu,"Velammal Med Col, Madurai",ANATOMY,"₹4,35,000*","₹37,000*",0,₹0,1024,2024,-,-,-,3683(1),-,-,-,-,-,-,-,-,-,-,-,-
TN Mgmt PG,TN Mgmt Quota,GEN,Tamil Nadu,"PSG IMS, Coimbatore",ANATOMY,"₹4,35,000*","₹25,000*",0,₹0,1130,2024,-,-,-,3709(1),-,-,-,-,-,-,-,-,-,-,-,-
KAR PG (KEA),KAR Priv Seats-Open,OPN,Karnataka,"Khaja Bandanawaz, Gulbarga",ANATOMY,"₹8,38,732*","₹30,000*",1*,"₹50,00,000*",833,2024,3761(1),3761(1),-,-,-,-,-,-,-,-,-,-,-,-,-,-
TN Mgmt PG,TN Mgmt Quota,GEN,Tamil Nadu,"Trichy SRM Med Coll, Trichy",PHARMACOLOGY,"₹4,35,000*","₹35,000*",0,₹0,1575,2024,-,-,-,3773(1),-,-,-,-,-,-,-,-,-,-,-,-
RJSTHN PG,RAJ Priv-Mgmt Quota,GEN,Rajasthan,"Ananta IMS & RC, Rajsamand",TBRD,-,-,-,-,775,-,-,-,3280(1),3785(1),-,-,-,-,-,-,-,-,-,-,-,-
RJSTHN PG,RAJ Priv-All India,GEN,Rajasthan,"Ananta IMS & RC, Rajsamand",ORTHOPAEDICS,"₹32,55,000*","₹25,000",0,₹0,775,2024,-,2938(3),3291(3),3834(3),-,-,-,-,-,-,-,-,-,-,-,-
TN Mgmt PG,TN Mgmt Quota,GEN,Tamil Nadu,Melmaruvathur Adiparasakthi,BIOCHEMISTRY,"₹4,35,000*","₹35,000*",0,₹0,700,2024,-,-,-,3848(1),-,-,-,-,-,-,-,-,-,-,-,-
TN Mgmt PG,TN Mgmt Quota,GEN,Tamil Nadu,"KarpagaVinayaga,Maduranthagam",ANATOMY,"₹4,35,000*","₹10,000*",0,₹0,550,2024,-,-,-,3898(1),3736(1),-,-,-,-,-,-,-,-,-,-,-
UP PG,UP Priv-Open Quota,UR,Uttar Pradesh,"Teerthanker Med Coll,Moradabad",ANATOMY,"₹10,000*",Info not available*,0,₹0,1000,2024,-,-,-,3925(1),-,-,-,-,-,-,-,-,-,-,-,-
TN Mgmt PG,TN Mgmt Quota,GEN,Tamil Nadu,"Dhanalakshmi Srin, Perambalur",PHYSIOLOGY,"₹4,35,000*","₹35,000*",0,₹0,800,2024,-,-,-,3981(1),-,-,-,-,-,-,-,-,-,-,-,-
TN Mgmt PG,TN Mgmt Quota,GEN,Tamil Nadu,"Trichy SRM Med Coll, Trichy",ANATOMY,"₹4,35,000*","₹35,000*",0,₹0,1575,2024,-,-,-,3362(1),-,3997(1),-,-,-,-,-,-,-,-,-,-
UP PG,UP Priv-Open Quota,UR,Uttar Pradesh,"Saraswati IMS, Hapur",ANATOMY,"₹10,000*","₹25,000*",0,₹0,851,2024,-,-,-,4051(1),-,-,-,-,-,-,-,-,-,-,-,-
MP PG,MP Priv-NonDomicile,UR (Non Domicile),Madhya Pradesh,"Peoples College, Bhopal",PHYSIOLOGY,"₹4,51,000*","₹75,444",1,"₹10,00,000",1150,2024,-,-,-,4094(1),-,-,-,-,-,-,-,-,-,-,-,-
MP PG,MP Priv-NonDomicile,UR (Non Domicile),Madhya Pradesh,"Chirayu Med Coll, Bhopal",PHARMACOLOGY,"₹9,10,000*","₹72,633",1,"₹10,00,000",912,2024,-,-,-,4142(1),-,-,-,-,-,-,-,-,-,-,-,-
RJSTHN PG,RAJ Priv-All India,GEN,Rajasthan,"MGMC&H, Sitapur, Jaipur",SPM,"₹6,00,000*","₹55,000",0,₹0,1400,2024,-,-,-,4154(1),-,-,-,-,-,-,-,-,-,-,-,-
UP PG,UP Priv-Open Quota,UR,Uttar Pradesh,"Era Lucknow Med Coll, Lucknow",ANATOMY,"₹6,00,000*",₹0*,0,₹0,850,2024,-,-,-,4278(2),1805(1),-,-,-,-,-,-,-,-,-,-,-
MP PG,MP Priv-NonDomicile,UR (Non Domicile),Madhya Pradesh,"Aurobindo Med Coll, Indore",BIOCHEMISTRY,"₹97,800*","₹69,115*",1,"₹10,00,000",1230,2024,-,-,-,4315(1),-,-,-,-,-,-,-,-,-,-,-,-
MP PG,MP Priv-NonDomicile,UR (Non Domicile),Madhya Pradesh,"LNMC & RC, Bhopal",PHYSIOLOGY,"₹1,00,000*","₹69,115*",1,"₹10,00,000",750,2024,-,-,-,4385(1),-,-,-,-,-,-,-,-,-,-,-,-
MP PG,MP Govt-NonDomicile,UR (Non Domicile),Madhya Pradesh,"NSC Bose Med Coll, Jabalpur",ANATOMY,"₹1,01,500*","₹75,444",1,"₹10,00,000",1150,2024,-,-,-,4472(1),-,-,-,-,-,-,-,-,-,-,-,-
MP PG,MP Priv-NonDomicile,UR (Non Domicile),Madhya Pradesh,"Index Med Coll, Indore",ANATOMY,"₹99,800*","₹69,115*",1,"₹10,00,000",1299,2024,-,-,-,4476(1),-,-,-,-,-,-,-,-,-,-,-,-
MP PG,MP Govt-NonDomicile,UR (Non Domicile),Madhya Pradesh,"Gaja Raja Med Coll, Gwalior",ANATOMY,"₹1,01,500*","₹75,444",1,"₹10,00,000",1100,2024,-,-,-,4507(2),-,-,-,-,-,-,-,-,-,-,-,-
MP PG,MP Govt-NonDomicile,UR (Non Domicile),Madhya Pradesh,"Gandhi Med Coll, Bhopal",ANATOMY,"₹1,01,500*","₹75,444",1,"₹10,00,000",1135,2024,-,-,-,4541(1),-,-,-,-,-,-,-,-,-,-,-,-
MP PG,MP Govt-NonDomicile,UR (Non Domicile),Madhya Pradesh,"NSC Bose Med Coll, Jabalpur",PHYSIOLOGY,"₹1,01,500*","₹75,444",1,"₹10,00,000",1150,2024,-,-,-,4565(1),-,-,-,-,-,-,-,-,-,-,-,-
UP PG,UP Priv-Open Quota,UR,Uttar Pradesh,"Teerthanker Med Coll,Moradabad",PHYSIOLOGY,"₹10,000*",Info not available*,0,₹0,1000,2024,-,-,-,4568(2),-,-,-,-,-,-,-,-,-,-,-,-
UP PG,UP Priv-Open Quota,UR,Uttar Pradesh,Muzaffarnagar Medical College,PHYSIOLOGY,"₹8,93,521*","₹56,100*",1*,₹0*,857,2024,-,-,-,4573(2),2118(1),-,-,-,-,-,-,-,-,-,-,-
MP PG,MP Govt-NonDomicile,UR (Non Domicile),Madhya Pradesh,"MGM Med Coll, Indore",PHYSIOLOGY,"₹1,01,500*","₹75,444",1,"₹10,00,000",1300,2024,-,-,-,4581(4),-,-,-,-,-,-,-,-,-,-,-,-
UP PG,UP Priv-Open Quota,UR,Uttar Pradesh,"Rohilkhand Med Coll, Bareilly",PHYSIOLOGY,"₹50,000*","₹24,000*",0,₹0,720,2024,-,-,-,4585(2),2145(1),-,-,-,-,-,-,-,-,-,-,-
UP PG,UP Priv-Open Quota,UR,Uttar Pradesh,"Mayo IMS, Barabanki",PHYSIOLOGY,"₹5,00,000*","₹14,000*",0*,₹0*,736,2024,-,4133(1),-,4593(3),2048(1),-,-,-,-,-,-,-,-,-,-,-
UP PG,UP Priv-Open Quota,UR,Uttar Pradesh,"SRMS IMS, Bareilly",PHYSIOLOGY,"₹36,000*","₹32,000*",1*,₹0*,950,2024,-,-,-,4598(3),2183(1),-,-,-,-,-,-,-,-,-,-,-
MP PG,MP Priv-NonDomicile,UR (Non Domicile),Madhya Pradesh,"Peoples College, Bhopal",BIOCHEMISTRY,"₹4,51,000*","₹75,444",1,"₹10,00,000",1150,2024,-,-,-,4610(2),-,-,-,-,-,-,-,-,-,-,-,-
MP PG,MP Govt-NonDomicile,UR (Non Domicile),Madhya Pradesh,"Govt Med Coll, Ratlam",PHYSIOLOGY,"₹1,01,500*","₹75,444",1,"₹10,00,000",300,2024,-,-,-,4613(2),-,-,-,-,-,-,-,-,-,-,-,-
MP PG,MP Govt-NonDomicile,UR (Non Domicile),Madhya Pradesh,"Govt Med Coll, Ratlam",ANATOMY,"₹1,01,500*","₹75,444",1,"₹10,00,000",300,2024,-,-,-,4615(1),-,-,-,-,-,-,-,-,-,-,-,-
UP PG,UP Priv-Open Quota,UR,Uttar Pradesh,"United InstofMed Sci,Allahabad",PHYSIOLOGY,"₹8,74,840*",Info not available,0,₹0,-,2024,-,-,-,4622(2),-,-,-,-,-,-,-,-,-,-,-,-
UP PG,UP Priv-Open Quota,UR,Uttar Pradesh,"SRMS IMS, Bareilly",ANATOMY,"₹36,000*","₹32,000*",1*,₹0*,950,2024,-,4292(1),4670(1),4237(1),2155(1),-,-,-,-,-,-,-,-,-,-,-
UP PG,UP Priv-Open Quota,UR,Uttar Pradesh,"Rohilkhand Med Coll, Bareilly",BIOCHEMISTRY,"₹50,000*","₹24,000*",0,₹0,720,2024,-,-,-,4702(2),-,-,-,-,-,-,-,-,-,-,-,-
UP PG,UP Priv-Open Quota,UR,Uttar Pradesh,"IIMSR, Lucknow",ENT,"₹22,00,000*","₹40,800",0,₹0,540,2024,-,4323(1),4704(1),-,-,-,-,-,-,-,-,-,-,-,-,-
UP PG,UP Priv-Open Quota,UR,Uttar Pradesh,"Mayo IMS, Barabanki",MICROBIOLOGY,"₹5,00,000*","₹14,000*",0*,₹0*,736,2024,-,-,-,4733(3),-,-,-,-,-,-,-,-,-,-,-,-
RJSTHN PG,RAJ Priv-All India,GEN,Rajasthan,"Ananta IMS & RC, Rajsamand",SPM,"₹3,00,000*","₹25,000",0,₹0,775,2024,-,-,-,4771(1),-,-,-,-,-,-,-,-,-,-,-,-
RJSTHN PG,RAJ Priv-All India,GEN,Rajasthan,"American Intl IMS, Bedwas",SPM,"₹6,00,000*","₹20,000",0,₹0,700,2024,-,-,-,5389(1),-,-,-,-,-,-,-,-,-,-,-,-
RJSTHN PG,RAJ Priv-All India,GEN,Rajasthan,"National IMS&R, Jaipur",PHYSIOLOGY,"₹20,000*","₹50,000",0,₹0,1130,2024,-,-,-,-,5394(1),-,-,-,-,-,-,-,-,-,-,-
KAR PG (KEA),KAR Priv Seats-Open,OPN,Karnataka,"Father Mullers, Mangalore",DERMATOLOGY,"₹13,88,744*","₹35,000*",1*,"₹50,00,000*",1250,2024,4410(1),3108(1),5594(1),-,-,-,-,-,-,-,-,-,-,-,-,-
RJSTHN PG,RAJ Priv-All India,GEN,Rajasthan,"Geetanjali, Udaipur",BIOCHEMISTRY,"₹6,00,000*",Info not available*,0,₹0,1310,2024,-,-,-,-,-,-,5888(1),-,-,-,-,-,-,-,-,-
RJSTHN PG,RAJ Priv-All India,GEN,Rajasthan,Jaipur National Univ IMS,PHARMACOLOGY,"₹6,00,000*",Info not available*,0,₹0,810,2024,-,-,-,-,5928(1),-,-,-,-,-,-,-,-,-,-,-
RJSTHN PG,RAJ Priv-All India,GEN,Rajasthan,"MGMC&H, Sitapur, Jaipur",LAB MEDICINE,"₹10,00,000*","₹55,000",0,₹0,1400,2024,-,-,-,5986(2),-,-,-,-,-,-,-,-,-,-,-,-
RJSTHN PG,RAJ Priv-All India,GEN,Rajasthan,Jaipur National Univ IMS,FORENSIC MEDICINE,"₹6,00,000*",Info not available*,0,₹0,810,2024,-,-,-,6007(1),-,-,-,-,-,-,-,-,-,-,-,-
RJSTHN PG,RAJ Priv-All India,GEN,Rajasthan,"Geetanjali, Udaipur",MICROBIOLOGY,"₹6,00,000*",Info not available*,0,₹0,1310,2024,-,-,-,-,6051(2),-,-,-,-,-,-,-,-,-,-,-
KAR PG (KEA),KAR Priv Seats-Open,OPN,Karnataka,"East Point College,Bangalore",RADIO DIAGNOSIS,"₹13,88,744*","₹20,000",1*,"₹50,00,000*",-,2024,4316(1),6134(1),6841(1),-,-,-,-,-,-,-,-,-,-,-,-,-
KAR PG (KEA),KAR Priv Seats-Open,OPN,Karnataka,"Nijalingappa, Bagalkot",DERMATOLOGY,"₹13,88,744*","₹10,000*",1*,"₹50,00,000*",1140,2024,5594(1),5377(1),7427(1),-,-,-,-,-,-,-,-,-,-,-,-,-
KAR PG (KEA),KAR Priv Seats-Open,OPN,Karnataka,"Kanachur IMS, Mangalore",RADIO DIAGNOSIS,"₹13,88,744*",Info not available,1*,"₹50,00,000*",785,2024,7137(1),6841(1),7834(1),-,-,-,-,-,-,-,-,-,-,-,-,-
KAR PG (KEA),KAR Priv Seats-Open,OPN,Karnataka,"DR BR Ambedkar, Bangalore",DERMATOLOGY,"₹13,88,744*","₹10,000*",1*,"₹50,00,000*",570,2024,5506(1),5506(1),7949(1),-,-,-,-,-,-,-,-,-,-,-,-,-
KAR PG (KEA),KAR Priv Seats-Open,OPN,Karnataka,"Basaveswara, Chitradurga",DERMATOLOGY,"₹13,88,744*","₹5,000*",1*,"₹50,00,000*",500,2024,7264(1),7125(1),9308(1),-,-,-,-,-,-,-,-,-,-,-,-,-
KAR PG (KEA),KAR Priv Seats-Open,OPN,Karnataka,"KVG Med Coll, Sullia",DERMATOLOGY,"₹13,88,744*","₹7,500",1*,"₹50,00,000*",682,2024,7427(1),5594(1),11569(1),-,-,-,-,-,-,-,-,-,-,-,-,-
KAR PG (KEA),KAR Priv Seats-Open,OPN,Karnataka,"SSIMS & RC, Davangere",GENERAL MEDICINE,"₹13,88,744*","₹30,000",1*,"₹50,00,000*",1190,2024,6546(1),6340(1),12062(1),-,-,-,-,-,-,-,-,-,-,-,-,-
KAR PG (KEA),KAR Priv Seats-Open,OPN,Karnataka,"SMC, Shimoga",GENERAL MEDICINE,-,-,-,-,1250,-,-,-,-,12682(1),-,-,-,-,-,-,-,-,-,-,-,-
KAR PG (KEA),KAR Priv Seats-Open,OPN,Karnataka,"SDM College, Dharwad",RADIO DIAGNOSIS,"₹33,69,950*","₹45,000*",1*,"₹50,00,000*",670,2024,11838(1),11838(1),12711(1),-,-,-,-,-,-,-,-,-,-,-,-,-
KAR PG (KEA),KAR Priv Seats-Open,OPN,Karnataka,"MRMC, Gulbarga",GENERAL MEDICINE,"₹13,88,744*","₹8,000*",1*,"₹50,00,000*",1038,2024,8856(1),7627(1),13043(1),-,-,-,-,-,-,-,-,-,-,-,-,-
KAR PG (KEA),KAR Priv Seats-Open,OPN,Karnataka,"Basaveswara, Chitradurga",GENERAL MEDICINE,"₹13,88,744*","₹5,000*",1*,"₹50,00,000*",500,2024,8696(1),8525(1),16381(1),-,-,-,-,-,-,-,-,-,-,-,-,-
KAR PG (KEA),KAR Priv Seats-Open,OPN,Karnataka,"Shridevi IMS, Tumkur",GENERAL MEDICINE,"₹13,88,744*",Info not available*,1*,"₹50,00,000*",750,2024,10191(1),8856(1),16533(1),-,-,-,-,-,-,-,-,-,-,-,-,-
KAR PG (KEA),KAR Priv Seats-Open,OPN,Karnataka,"VIMS (Vydehi), Bangalore",OPHTHALMOLOGY,"₹13,88,744*","₹29,000*",1*,"₹50,00,000*",1600,2024,16345(1),16345(1),16762(1),-,-,-,-,-,-,-,-,-,-,-,-,-
KAR PG (KEA),KAR Priv Seats-Open,OPN,Karnataka,"Navodaya Med Coll, Raichur",GENERAL MEDICINE,"₹13,88,744*","₹10,000*",1*,"₹50,00,000*",1110,2024,10387(1),8696(1),17031(1),-,-,-,-,-,-,-,-,-,-,-,-,-
KAR PG (KEA),KAR Priv Seats-Open,OPN,Karnataka,"St John's, Bangalore",ENT,"₹12,05,025*","₹45,000",1*,"₹5,00,000*",1720,2024,7036(1),17123(1),17187(1),-,-,-,-,-,-,-,-,-,-,-,-,-
KAR PG (KEA),KAR Priv Seats-Open,OPN,Karnataka,"Al-Ameen, Bijapur",RADIO DIAGNOSIS,"₹13,88,744*","₹9,000*",1*,"₹50,00,000*",1040,2024,7719(1),5272(1),10807(1),18351(1),-,-,-,-,-,-,-,-,-,-,-,-
KAR PG (KEA),KAR Priv Seats-Open,OPN,Karnataka,"Navodaya Med Coll, Raichur",OBG,"₹13,88,744*","₹10,000*",1*,"₹50,00,000*",1110,2024,12043(1),12043(1),20500(1),-,-,-,-,-,-,-,-,-,-,-,-,-
KAR PG (KEA),KAR Priv Seats-Open,OPN,Karnataka,"SDM College, Dharwad",TBRD,"₹11,15,750*","₹45,000*",1*,"₹50,00,000*",670,2024,13770(1),13770(1),22077(1),-,-,-,-,-,-,-,-,-,-,-,-,-
KAR PG (KEA),KAR Priv Seats-Open,OPN,Karnataka,"Kanachur IMS, Mangalore",PAEDIATRICS,"₹13,88,744*",Info not available,1*,"₹50,00,000*",785,2024,12174(1),12174(1),15850(1),22813(1),-,-,-,-,-,-,-,-,-,-,-,-
KAR PG (KEA),KAR Priv Seats-Open,OPN,Karnataka,"St John's, Bangalore",EMERGENCY MEDICINE,"₹12,40,025*","₹45,000",1*,"₹5,00,000*",1720,2024,6068(1),6068(1),24568(1),-,-,-,-,-,-,-,-,-,-,-,-,-
KAR PG (KEA),KAR Priv Seats-Open,OPN,Karnataka,"Shridevi IMS, Tumkur",TBRD,"₹13,88,744*",Info not available*,1*,"₹50,00,000*",750,2024,15390(1),14757(1),25313(1),-,-,-,-,-,-,-,-,-,-,-,-,-
KAR PG (KEA),KAR Priv Seats-Open,OPN,Karnataka,"St John's, Bangalore",RADIATION ONCOLOGY,"₹12,05,025*","₹45,000",1*,"₹5,00,000*",1720,2024,27983(1),22412(1),27983(1),-,-,-,-,-,-,-,-,-,-,-,-,-
KAR PG (KEA),KAR Priv Seats-Open,OPN,Karnataka,"VIMS (Vydehi), Bangalore",OBG,"₹13,88,744*","₹29,000*",1*,"₹50,00,000*",1600,2024,6091(1),6091(1),10071(1),16345(1),28678(1),-,-,-,-,-,-,-,-,-,-,-
KAR PG (KEA),KAR Priv Seats-Open,OPN,Karnataka,"Nijalingappa, Bagalkot",ORTHOPAEDICS,"₹13,88,744*","₹10,000*",1*,"₹50,00,000*",1140,2024,18236(1),17913(1),29904(1),-,-,-,-,-,-,-,-,-,-,-,-,-
KAR PG (KEA),KAR Priv Seats-Open,OPN,Karnataka,"Father Mullers, Mangalore",ANAESTHESIOLOGY,"₹13,88,744*","₹35,000*",1*,"₹50,00,000*",1250,2024,20982(1),20982(1),31213(1),-,-,-,-,-,-,-,-,-,-,-,-,-
KAR PG (KEA),KAR Priv Seats-Open,OPN,Karnataka,"East Point College,Bangalore",OPHTHALMOLOGY,"₹13,88,744*","₹20,000",1*,"₹50,00,000*",-,2024,27241(1),26879(1),32222(1),-,-,-,-,-,-,-,-,-,-,-,-,-
KAR PG (KEA),KAR Priv Seats-Open,OPN,Karnataka,"AJIMS, Mangalore",OPHTHALMOLOGY,"₹13,88,744*","₹30,000",1*,"₹50,00,000*",910,2024,19838(1),18218(1),35776(1),-,-,-,-,-,-,-,-,-,-,-,-,-
KAR PG (KEA),KAR Priv Seats-Open,OPN,Karnataka,"KVG Med Coll, Sullia",PHARMACOLOGY,"₹3,59,003*","₹7,500",1*,"₹50,00,000*",682,2024,35924(1),35924(1),-,-,-,-,-,-,-,-,-,-,-,-,-,-
KAR PG (KEA),KAR Priv Seats-Open,OPN,Karnataka,"JJM Med Coll, Davangere",PSYCHIATRY,"₹13,88,744*","₹30,000*",1*,"₹50,00,000*",1930,2024,18803(2),19966(2),38035(2),-,-,-,-,-,-,-,-,-,-,-,-,-
KAR PG (KEA),KAR Priv Seats-Open,OPN,Karnataka,"St John's, Bangalore",FAMILY MEDICINE,"₹12,05,025*","₹45,000",1*,"₹5,00,000*",1720,2024,14492(1),14492(1),38685(1),-,-,-,-,-,-,-,-,-,-,-,-,-
KAR PG (KEA),KAR Priv Seats-Open,OPN,Karnataka,"Navodaya Med Coll, Raichur",OPHTHALMOLOGY,"₹13,88,744*","₹10,000*",1*,"₹50,00,000*",1110,2024,25472(1),24994(1),39181(1),-,-,-,-,-,-,-,-,-,-,-,-,-
KAR PG (KEA),KAR Priv Seats-Open,OPN,Karnataka,"Srinivasa IMS, Srinivasanagar",TBRD,"₹40,40,750*","₹29,000*",1*,"₹50,00,000*",660,2024,11787(1),11787(1),22486(1),40616(1),-,-,-,-,-,-,-,-,-,-,-,-
KAR PG (KEA),KAR Priv Seats-Open,OPN,Karnataka,"SMC, Shimoga",OPHTHALMOLOGY,"₹13,88,744*",Info not available,1*,"₹50,00,000*",1250,2024,28508(1),25472(1),33029(1),45283(1),-,-,-,-,-,-,-,-,-,-,-,-
KAR PG (KEA),KAR Priv Seats-Open,OPN,Karnataka,"SDM College, Dharwad",OPHTHALMOLOGY,"₹21,05,250*","₹45,000*",1*,"₹50,00,000*",670,2024,32746(1),25819(1),51307(1),-,-,-,-,-,-,-,-,-,-,-,-,-
KAR PG (KEA),KAR Priv Seats-Open,OPN,Karnataka,"SMC, Shimoga",TBRD,-,-,-,-,1250,-,-,-,-,52566(1),-,-,-,-,-,-,-,-,-,-,-,-
KAR PG (KEA),KAR Priv Seats-Open,OPN,Karnataka,"Akash IMS,Devanhalli,Bangalore",EMERGENCY MEDICINE,"₹13,88,744*","₹20,000",1*,"₹50,00,000*",760,2024,19662(1),19662(1),24061(1),53938(1),-,-,-,-,-,-,-,-,-,-,-,-
KAR PG (KEA),KAR Priv Seats-Open,OPN,Karnataka,"Sapthagiri IMS&RC, Bangalore",ENT,"₹20,41,500*","₹10,000*",1*,"₹50,00,000*",500,2024,30808(1),27147(1),54342(1),-,-,-,-,-,-,-,-,-,-,-,-,-
KAR PG (KEA),KAR Priv Seats-Open,OPN,Karnataka,"MS Ramaiah, Bangalore",TBRD,"₹40,40,750*","₹45,000",1*,"₹50,00,000*",1331,2024,16796(1),16796(1),59278(1),-,-,-,-,-,-,-,-,-,-,-,-,-
KAR PG (KEA),KAR Priv Seats-Open,OPN,Karnataka,"St John's, Bangalore",PMR,"₹12,05,025*","₹45,000",1*,"₹5,00,000*",1720,2024,-,-,62844(1),44887(1),-,-,-,-,-,-,-,-,-,-,-,-
KAR PG (KEA),KAR Priv Seats-Open,OPN,Karnataka,"KVG Med Coll, Sullia",ANAESTHESIOLOGY,"₹13,88,744*","₹7,500",1*,"₹50,00,000*",682,2024,31828(1),31218(1),49865(1),65230(1),-,-,-,-,-,-,-,-,-,-,-,-
KAR PG (KEA),KAR Priv Seats-Open,OPN,Karnataka,"Al-Ameen, Bijapur",ANAESTHESIOLOGY,"₹13,88,744*","₹9,000*",1*,"₹50,00,000*",1040,2024,31870(1),30082(1),67653(1),67684(1),-,-,-,-,-,-,-,-,-,-,-,-
KAR PG (KEA),KAR Priv Seats-Open,OPN,Karnataka,"Akash IMS,Devanhalli,Bangalore",ANAESTHESIOLOGY,"₹13,88,744*","₹20,000",1*,"₹50,00,000*",760,2024,32984(1),22804(1),51185(1),72244(1),-,-,-,-,-,-,-,-,-,-,-,-
KAR PG (KEA),KAR Priv Seats-Open,OPN,Karnataka,"MRMC, Gulbarga",PATHOLOGY,"₹3,59,003*","₹8,000*",1*,"₹50,00,000*",1038,2024,-,-,72508(1),72508(1),-,-,-,-,-,-,-,-,-,-,-,-
KAR PG (KEA),KAR Priv Seats-Open,OPN,Karnataka,"Basaveswara, Chitradurga",OPHTHALMOLOGY,"₹13,88,744*","₹5,000*",1*,"₹50,00,000*",500,2024,27210(1),25773(1),46069(1),75322(1),-,-,-,-,-,-,-,-,-,-,-,-
KAR PG (KEA),KAR Priv Seats-Open,OPN,Karnataka,"MS Ramaiah, Bangalore",MICROBIOLOGY,"₹2,32,777*","₹45,000",1*,"₹50,00,000*",1331,2024,81270(1),81270(1),81270(1),-,-,-,-,-,-,-,-,-,-,-,-,-
KAR PG (KEA),KAR Priv Seats-Open,OPN,Karnataka,"SDM College, Dharwad",MICROBIOLOGY,"₹25,750*","₹45,000*",1*,"₹50,00,000*",670,2024,-,85856(1),-,-,-,-,-,-,-,-,-,-,-,-,-,-
KAR PG (KEA),KAR Priv Seats-Open,OPN,Karnataka,"MS Ramaiah, Bangalore",BIOCHEMISTRY,"₹1,36,765*","₹45,000",1*,"₹50,00,000*",1331,2024,87954(1),87954(1),-,-,-,-,-,-,-,-,-,-,-,-,-,-
KAR PG (KEA),KAR Priv Seats-Open,OPN,Karnataka,"Akash IMS,Devanhalli,Bangalore",PATHOLOGY,"₹3,59,003*","₹20,000",1*,"₹50,00,000*",760,2024,55760(1),58803(1),107351(1),87954(1),85102(1),-,-,-,-,-,-,-,-,-,-,-
KAR PG (KEA),KAR Others (Inst.Q),MNG,Karnataka,"JJM Med Coll, Davangere",TBRD,"₹60,15,750*","₹30,000*",1*,"₹50,00,000*",1930,2024,-,-,113999(1),107007(1),-,-,-,-,-,-,-,-,-,-,-,-
KAR PG (KEA),KAR Priv Seats-Open,OPN,Karnataka,"Khaja Bandanawaz, Gulbarga",OPHTHALMOLOGY,"₹35,30,750*","₹30,000*",1*,"₹50,00,000*",833,2024,47991(1),47619(1),108665(1),114624(1),91470(1),-,-,-,-,-,-,-,-,-,-,-
KAR PG (KEA),KAR Priv Seats-Open,OPN,Karnataka,"Al-Ameen, Bijapur",PATHOLOGY,"₹3,59,003*","₹9,000*",1*,"₹50,00,000*",1040,2024,-,-,122592(1),-,-,-,-,-,-,-,-,-,-,-,-,-
KAR PG (KEA),KAR Others (Inst.Q),MNG,Karnataka,"East Point College,Bangalore",ENT,-,-,-,-,-,-,-,-,122910(1),110264(1),115847(1),-,-,-,-,-,-,-,-,-,-,-
Sikkim PG,Sikkim Gen Quota,GEN,Sikkim,"SMIMS, Gangtok",BIOCHEMISTRY,"₹5,00,000*","₹34,000",0*,₹0*,500,2024,-,-,-,125083(1),-,-,-,-,-,-,-,-,-,-,-,-
Sikkim PG,Sikkim Gen Quota,GEN,Sikkim,"SMIMS, Gangtok",PHARMACOLOGY,"₹5,00,000*","₹34,000",0*,₹0*,500,2024,-,-,-,125721(2),-,-,-,-,-,-,-,-,-,-,-,-
KAR PG (KEA),KAR Priv Seats-Open,OPN,Karnataka,"MVJMC&RH, Bangalore",PATHOLOGY,"₹3,59,003*","₹10,000*",1*,"₹50,00,000*",833,2024,-,-,133400(2),133400(1),-,-,-,-,-,-,-,-,-,-,-,-
KAR PG (KEA),KAR Others (Inst.Q),MNG,Karnataka,"AIMS, Adichunchanagiri, Bellur",DERMATOLOGY,"₹90,15,750*","₹23,750",1*,"₹50,00,000*",1120,2024,-,-,133638(1),-,-,-,-,-,-,-,-,-,-,-,-,-
KAR PG (KEA),KAR Others (Inst.Q),MNG,Karnataka,"VIMS (Vydehi), Bangalore",TBRD,-,-,-,-,1600,-,-,-,138363(1),-,-,-,-,-,-,-,-,-,-,-,-,-
KAR PG (KEA),KAR Priv Seats-Open,OPN,Karnataka,"AJIMS, Mangalore",FORENSIC MEDICINE,"₹3,59,003*","₹30,000",1*,"₹50,00,000*",910,2024,-,-,-,141627(1),-,-,-,-,-,-,-,-,-,-,-,-
KAR PG (KEA),KAR Others (Inst.Q),MNG,Karnataka,"Basaveswara, Chitradurga",OBG,"₹90,15,750*","₹5,000*",1*,"₹50,00,000*",500,2024,-,-,118842(1),144061(1),-,-,-,-,-,-,-,-,-,-,-,-
KAR PG (KEA),KAR Priv Seats-Open,OPN,Karnataka,"VIMS (Vydehi), Bangalore",SPM,"₹3,59,003*","₹29,000*",1*,"₹50,00,000*",1600,2024,96899(1),56916(1),144425(1),-,-,-,-,-,-,-,-,-,-,-,-,-
KAR PG (KEA),KAR Others (Inst.Q),MNG,Karnataka,"Khaja Bandanawaz, Gulbarga",PAEDIATRICS,-,-,-,-,833,-,-,-,156901(1),-,-,-,-,-,-,-,-,-,-,-,-,-
KAR PG (KEA),KAR Priv Seats-Open,OPN,Karnataka,"Navodaya Med Coll, Raichur",PATHOLOGY,"₹3,59,003*","₹10,000*",1*,"₹50,00,000*",1110,2024,-,-,159402(1),159402(1),-,-,-,-,-,-,-,-,-,-,-,-
KAR PG (KEA),KAR Priv Seats-Open,OPN,Karnataka,"Father Mullers, Mangalore",PATHOLOGY,"₹3,59,003*","₹35,000*",1*,"₹50,00,000*",1250,2024,-,-,160041(6),96850(2),-,-,-,-,-,-,-,-,-,-,-,-
KAR PG (KEA),KAR Priv Seats-Open,OPN,Karnataka,"Navodaya Med Coll, Raichur",MICROBIOLOGY,"₹3,59,003*","₹10,000*",1*,"₹50,00,000*",1110,2024,-,-,166362(1),-,-,-,-,-,-,-,-,-,-,-,-,-
KAR PG (KEA),KAR Priv Seats-Open,OPN,Karnataka,"Srinivasa IMS, Srinivasanagar",PATHOLOGY,"₹3,40,750*","₹29,000*",1*,"₹50,00,000*",660,2024,-,-,172681(2),172681(1),-,-,-,-,-,-,-,-,-,-,-,-
KAR PG (KEA),KAR Priv Seats-Open,OPN,Karnataka,"AJIMS, Mangalore",PATHOLOGY,"₹3,59,003*","₹30,000",1*,"₹50,00,000*",910,2024,49200(1),45594(1),176409(4),-,-,-,-,-,-,-,-,-,-,-,-,-
KAR PG (KEA),KAR Priv Seats-Open,OPN,Karnataka,"Srinivasa IMS, Srinivasanagar",SPM,"₹3,40,750*","₹29,000*",1*,"₹50,00,000*",660,2024,-,-,-,-,177318(1),-,-,-,-,-,-,-,-,-,-,-
KAR PG (KEA),KAR Priv Seats-Open,OPN,Karnataka,"VIMS (Vydehi), Bangalore",PATHOLOGY,"₹3,59,003*","₹29,000*",1*,"₹50,00,000*",1600,2024,41538(1),42026(1),87954(1),191859(1),-,-,-,-,-,-,-,-,-,-,-,-
KAR PG (KEA),KAR Priv Seats-Open,OPN,Karnataka,"KVG Med Coll, Sullia",ANATOMY,"₹1,88,418*","₹7,500",1*,"₹50,00,000*",682,2024,-,-,192501(1),-,-,-,-,-,-,-,-,-,-,-,-,-
KAR PG (KEA),KAR Others (Inst.Q),MNG,Karnataka,"Oxford Med Coll, Bangalore",SPM,-,-,-,-,770,-,-,-,197351(1),-,-,-,-,-,-,-,-,-,-,-,-,-
KAR PG (KEA),KAR Priv Seats-Open,OPN,Karnataka,"MS Ramaiah, Bangalore",FORENSIC MEDICINE,"₹2,32,777*","₹45,000",1*,"₹50,00,000*",1331,2024,-,-,198443(1),-,-,-,-,-,-,-,-,-,-,-,-,-
KAR PG (KEA),KAR Priv Seats-Open,OPN,Karnataka,"JJM Med Coll, Davangere",BIOCHEMISTRY,"₹1,88,418*","₹30,000*",1*,"₹50,00,000*",1930,2024,-,-,198930(1),198930(1),198930(1),-,-,-,-,-,-,-,-,-,-,-
KAR PG (KEA),KAR Priv Seats-Open,OPN,Karnataka,"Al-Ameen, Bijapur",FORENSIC MEDICINE,"₹3,59,003*","₹9,000*",1*,"₹50,00,000*",1040,2024,-,-,199035(1),-,-,-,-,-,-,-,-,-,-,-,-,-
KAR PG (KEA),KAR Priv Seats-Open,OPN,Karnataka,"AJIMS, Mangalore",SPM,"₹3,59,003*","₹30,000",1*,"₹50,00,000*",910,2024,-,-,-,-,-,-,199137(1),-,-,-,-,-,-,-,-,-
KAR PG (KEA),KAR Priv Seats-Open,OPN,Karnataka,"AIMS, Adichunchanagiri, Bellur",ANATOMY,"₹1,40,750*","₹23,750",1*,"₹50,00,000*",1120,2024,-,-,199754(1),-,-,-,-,-,-,-,-,-,-,-,-,-
KAR PG (KEA),KAR Priv Seats-Open,OPN,Karnataka,"BGS IMS, Bangalore",BIOCHEMISTRY,"₹1,88,418*","₹25,000*",1*,"₹50,00,000*",766,2024,-,-,-,-,-,-,199994(1),-,-,-,-,-,-,-,-,-