Quota,Category,State,Institute,Course,Fee,Stipend Year 1,Bond Years,Bond Penalty,Beds,CR 2023 1,CR 2023 2,CR 2023 3,CR 2023 4,CR 2023 5,CR 2023 6,CR 2024 1,CR 2024 2,CR 2024 3,CR 2024 4,CR 2024 5,CR 2024 6,CR 2024 7
Tel Govt-NS LOC,OPEN-FEM,Telangana,"NIMS, Hyderabad",RADIO DIAGNOSIS,"₹72,000*","₹1,11,780",1,"₹50,00,000",1498,5(1),5(1),5(1),5(1),5(1),5(1),4(1),4(1),4(1),4(1),-,-,-
Tel Govt-NS LOC,OPEN-FEM,Telangana,"Osmania Med Coll, Hyderabad",GENERAL MEDICINE,"₹25,000*","₹58,289",1,"₹20,00,000",4800,45(1),45(1),45(1),45(1),45(1),45(1),5(1),5(1),5(1),5(1),-,-,-
Tel Govt-NS LOC,OPEN-GEN,Telangana,"NIMS, Hyderabad",RADIO DIAGNOSIS,"₹72,000*","₹1,11,780",1,"₹50,00,000",1498,11(1),11(1),11(1),11(1),11(1),11(1),6(1),6(1),6(1),6(1),-,-,-
Tel Govt-NS LOC,OPEN-FEM,Telangana,"NIMS, Hyderabad",GENERAL MEDICINE,"₹72,000*","₹1,11,780",1,"₹50,00,000",1498,26(1),26(1),26(1),26(1),26(1),26(1),8(1),8(1),8(1),8(1),-,-,-
Tel Govt-NS LOC,OPEN-GEN,Telangana,"NIMS, Hyderabad",GENERAL MEDICINE,"₹72,000*","₹1,11,780",1,"₹50,00,000",1498,30(2),34(2),34(2),34(2),34(2),34(2),11(2),11(2),11(2),11(2),-,-,-
Tel Govt-NS LOC,OPEN-FEM,Telangana,"Gandhi Med Coll, Secunderabad",GENERAL MEDICINE,"₹25,000*","₹58,289",1,"₹20,00,000",1200,38(1),38(1),38(1),38(1),38(1),38(1),13(1),13(1),13(1),13(1),-,-,-
Tel Govt-NS LOC,BCB-GEN,Telangana,"NIMS, Hyderabad",RADIO DIAGNOSIS,"₹72,000*","₹1,11,780",1,"₹50,00,000",1498,14(1),14(1),14(1),14(1),14(1),14(1),25(1),25(1),25(1),25(1),-,-,-
Tel Govt-NS LOC,OPEN-GEN,Telangana,"Osmania Med Coll, Hyderabad",GENERAL MEDICINE,"₹25,000*","₹58,289",1,"₹20,00,000",4800,52(2),52(2),76(2),76(2),76(2),76(2),29(3),29(3),29(3),29(3),-,-,-
Tel Govt-NS LOC,OPEN-GEN,Telangana,"Gandhi Med Coll, Secunderabad",RADIO DIAGNOSIS,"₹25,000*","₹58,289",1,"₹20,00,000",1200,44(1),44(1),44(1),44(1),44(1),44(1),32(1),33(1),33(1),33(1),-,-,-
Tel Govt-NS LOC,BCB-GEN,Telangana,"NIMS, Hyderabad",GENERAL MEDICINE,"₹72,000*","₹1,11,780",1,"₹50,00,000",1498,-,-,-,-,-,-,34(1),34(1),34(1),34(1),-,-,-
Tel Govt-NS LOC,OPEN-GEN,Telangana,"Gandhi Med Coll, Secunderabad",GENERAL MEDICINE,"₹25,000*","₹58,289",1,"₹20,00,000",1200,41(2),41(2),41(2),41(2),41(2),41(2),35(3),35(3),35(3),35(3),-,-,-
Tel Govt-NS LOC,OPEN-FEM,Telangana,"Kakatiya Med Coll, Warangal",GENERAL MEDICINE,"₹25,000*","₹58,289",1,"₹20,00,000",1150,64(1),181(1),181(1),181(1),181(1),181(1),37(1),37(1),37(1),37(1),-,-,-
Tel Govt-NS LOC,BCD-FEM,Telangana,"Osmania Med Coll, Hyderabad",RADIO DIAGNOSIS,"₹25,000*","₹58,289",1,"₹20,00,000",4800,-,-,-,-,-,-,41(1),41(1),41(1),41(1),-,-,-
Tel Govt-NS LOC,BCB-GEN,Telangana,"Gandhi Med Coll, Secunderabad",GENERAL MEDICINE,"₹25,000*","₹58,289",1,"₹20,00,000",1200,-,-,-,-,-,-,42(1),42(1),42(1),42(1),-,-,-
Tel Govt-NS LOC,OPEN-GEN,Telangana,"Osmania Med Coll, Hyderabad",RADIO DIAGNOSIS,"₹25,000*","₹58,289",1,"₹20,00,000",4800,29(1),29(1),29(1),29(1),29(1),29(1),27(2),44(2),44(2),44(2),-,-,-
Tel Govt-NS LOC,OPEN-FEM,Telangana,"Gandhi Med Coll, Secunderabad",GENERAL SURGERY,"₹25,000*","₹58,289",1,"₹20,00,000",1200,108(1),108(1),108(1),108(1),108(1),108(1),47(1),47(1),47(1),47(1),-,-,-
Tel Govt-NS LOC,OPEN-FEM,Telangana,"Osmania Med Coll, Hyderabad",RADIO DIAGNOSIS,"₹25,000*","₹58,289",1,"₹20,00,000",4800,35(1),35(1),35(1),35(1),35(1),35(1),7(1),7(1),49(1),49(1),-,-,-
Tel Govt-NS LOC,OPEN-GEN,Telangana,"ESIC Med Coll,Sanath Nagar",RADIO DIAGNOSIS,"₹2,50,000*","₹1,26,927*",2*,"₹10,00,000*",690,-,-,-,-,-,-,33(1),49(1),51(1),51(1),-,-,-
Tel Govt-NS LOC,BCA-GEN,Telangana,"NIMS, Hyderabad",GENERAL MEDICINE,"₹72,000*","₹1,11,780",1,"₹50,00,000",1498,-,-,-,-,-,-,18(1),18(1),52(1),52(1),-,-,-
Tel Govt-NS LOC,OPEN-GEN,Telangana,"ESIC Med Coll,Sanath Nagar",GENERAL MEDICINE,"₹2,50,000*","₹1,26,927*",2*,"₹10,00,000*",690,-,-,-,-,-,-,43(1),53(1),53(1),53(1),-,-,-
Tel Govt-NS LOC,BCD-GEN,Telangana,"Osmania Med Coll, Hyderabad",GENERAL MEDICINE,"₹25,000*","₹58,289",1,"₹20,00,000",4800,-,-,-,-,-,-,57(1),57(1),57(1),57(1),-,-,-
Tel Govt-NS LOC,OPEN-GEN,Telangana,"Kakatiya Med Coll, Warangal",GENERAL MEDICINE,"₹25,000*","₹58,289",1,"₹20,00,000",1150,76(1),175(2),177(2),177(2),177(2),177(2),52(1),58(1),58(1),58(1),-,-,-
Tel Govt-NS LOC,BCE-GEN,Telangana,"ESIC Med Coll,Sanath Nagar",GENERAL MEDICINE,"₹2,50,000*","₹1,26,927*",2*,"₹10,00,000*",690,-,-,-,-,-,-,59(1),59(1),59(1),59(1),-,-,-
Tel Govt-NS LOC,BCD-GEN,Telangana,"Kakatiya Med Coll, Warangal",RADIO DIAGNOSIS,"₹25,000*","₹58,289",1,"₹20,00,000",1150,117(1),199(1),199(1),199(1),199(1),199(1),-,63(2),63(2),63(2),-,-,-
Tel Govt-NS LOC,BCD-FEM,Telangana,"Gandhi Med Coll, Secunderabad",GENERAL MEDICINE,"₹25,000*","₹58,289",1,"₹20,00,000",1200,-,-,-,-,-,-,63(1),74(1),74(1),74(1),-,-,-
Tel Govt-NS LOC,OPEN-FEM,Telangana,"Osmania Med Coll, Hyderabad",DERMATOLOGY,"₹25,000*","₹58,289",1,"₹20,00,000",4800,196(1),196(1),465(1),465(1),465(1),465(1),19(1),19(1),82(1),82(1),-,-,-
Tel Govt-NS LOC,OPEN-GEN,Telangana,"Osmania Med Coll, Hyderabad",DERMATOLOGY,"₹25,000*","₹58,289",1,"₹20,00,000",4800,86(1),86(1),86(1),86(1),86(1),86(1),49(2),46(2),93(2),93(2),-,-,-
Tel Govt-NS LOC,OPEN-FEM,Telangana,"Gandhi Med Coll, Secunderabad",DERMATOLOGY,"₹25,000*","₹58,289",1,"₹20,00,000",1200,123(1),123(1),123(1),123(1),123(1),123(1),51(1),51(1),94(1),94(1),-,-,-
Tel Govt-NS LOC,BCD-GEN,Telangana,"Kakatiya Med Coll, Warangal",GENERAL MEDICINE,"₹25,000*","₹58,289",1,"₹20,00,000",1150,121(1),121(1),121(1),121(1),121(1),121(1),74(1),98(2),98(2),98(2),-,-,-
Tel Govt-NS LOC,OPEN-GEN,Telangana,"Gandhi Med Coll, Secunderabad",DERMATOLOGY,"₹25,000*","₹58,289",1,"₹20,00,000",1200,199(1),267(1),372(1),372(1),372(1),372(1),82(1),82(1),102(1),102(1),-,-,-
Tel Govt-NS LOC,BCB-FEM,Telangana,"Gandhi Med Coll, Secunderabad",RADIO DIAGNOSIS,"₹25,000*","₹58,289",1,"₹20,00,000",1200,-,-,-,-,-,-,-,106(1),106(1),106(1),-,-,-
Tel Govt-NS LOC,BCB-FEM,Telangana,"Kakatiya Med Coll, Warangal",GENERAL MEDICINE,"₹25,000*","₹58,289",1,"₹20,00,000",1150,-,-,-,-,-,-,106(1),109(1),109(1),109(1),-,-,-
Tel Govt-NS LOC,OPEN-FEM,Telangana,"ESIC Med Coll,Sanath Nagar",DERMATOLOGY,"₹2,50,000*","₹1,26,927*",2*,"₹10,00,000*",690,-,-,-,-,-,-,102(1),102(1),110(1),110(1),-,-,-
Tel Govt-NS LOC,OPEN-FEM,Telangana,"Apollo IMSR, Hyderabad",RADIO DIAGNOSIS,"₹7,50,000*",Info not available*,1*,"₹20,00,000*",570,-,-,-,-,-,-,113(1),113(1),113(1),113(1),-,-,-
Tel Govt-NS LOC,OPEN-GEN,Telangana,"Govt Med Coll, Nizamabad",GENERAL MEDICINE,"₹25,000*","₹58,289",1,"₹20,00,000",500,181(1),209(1),209(1),209(1),209(1),209(1),61(1),61(1),115(1),115(1),-,-,-
Tel Govt-NS LOC,SC-GEN,Telangana,"NIMS, Hyderabad",GENERAL MEDICINE,"₹72,000*","₹1,11,780",1,"₹50,00,000",1498,134(1),134(1),555(1),555(1),555(1),555(1),128(1),128(1),128(1),128(1),-,-,-
Tel Govt-NS LOC,OPEN-GEN,Telangana,"Apollo IMSR, Hyderabad",GENERAL MEDICINE,"₹7,50,000*",Info not available*,1*,"₹20,00,000*",570,326(1),326(1),326(1),326(1),326(1),326(1),132(1),132(1),132(1),132(1),-,-,-
Tel Govt-NS LOC,OPEN-GEN,Telangana,"Govt Med Coll, Nizamabad",RADIO DIAGNOSIS,"₹25,000*","₹58,289",1,"₹20,00,000",500,-,-,-,-,-,-,44(1),84(1),133(1),133(1),-,-,-
Tel Govt-NS LOC,BCB-FEM,Telangana,"Osmania Med Coll, Hyderabad",RADIO DIAGNOSIS,"₹25,000*","₹58,289",1,"₹20,00,000",4800,67(1),67(1),67(1),67(1),67(1),67(1),66(1),135(1),135(1),135(1),-,-,-
Tel Govt-NS LOC,BCB-GEN,Telangana,"Osmania Med Coll, Hyderabad",PAEDIATRICS,"₹25,000*","₹58,289",1,"₹20,00,000",4800,286(1),286(1),286(1),286(1),286(1),286(1),139(1),139(1),139(1),139(1),-,-,-
Tel Govt-NS LOC,BCB-GEN,Telangana,"Osmania Med Coll, Hyderabad",DERMATOLOGY,"₹25,000*","₹58,289",1,"₹20,00,000",4800,285(1),377(1),872(1),872(1),872(1),872(1),140(1),140(1),140(1),140(1),-,-,-
Tel Govt-NS LOC,OPEN-GEN,Telangana,"Rajiv Gandhi IMS, Adilabad",DERMATOLOGY,"₹25,000*","₹58,289",1,"₹20,00,000",Info Not Available,372(1),472(1),623(1),623(1),623(1),623(1),141(1),141(1),141(1),141(1),-,-,-
Tel Govt-NS LOC,OPEN-GEN,Telangana,"Govt Med Coll, Siddipet",DERMATOLOGY,"₹25,000*","₹58,289",1,"₹20,00,000",780,-,-,-,-,-,-,131(1),142(1),142(1),142(1),-,-,-
Tel Govt-NS LOC,OPEN-FEM,Telangana,"Osmania Med Coll, Hyderabad",PAEDIATRICS,"₹25,000*","₹58,289",1,"₹20,00,000",4800,153(2),153(2),336(2),336(2),336(2),336(2),98(4),150(4),150(4),150(4),-,-,-
Tel Govt-NS LOC,OPEN-GEN,Telangana,"Gandhi Med Coll, Secunderabad",GENERAL SURGERY,"₹25,000*","₹58,289",1,"₹20,00,000",1200,168(3),168(3),226(3),226(3),226(3),226(3),151(3),151(3),151(3),151(3),-,-,-
Tel Govt-NS LOC,OPEN-GEN,Telangana,"Kamineni (KAMSRC), Hyderabad",RADIO DIAGNOSIS,"₹7,00,000*",Info not available*,1*,"₹20,00,000*",650,-,-,-,-,-,-,152(1),152(1),152(1),152(1),-,-,-
Tel Govt-NS LOC,OPEN-GEN,Telangana,"NIMS, Hyderabad",EMERGENCY MEDICINE,"₹72,000*","₹1,11,780",1,"₹50,00,000",1498,578(1),716(1),717(1),717(1),717(1),717(1),158(1),158(1),158(1),158(1),-,-,-
Tel Govt-NS LOC,OPEN-FEM,Telangana,"Kamineni (KAMSRC), Hyderabad",GENERAL MEDICINE,"₹7,00,000*",Info not available*,1*,"₹20,00,000*",650,-,-,-,-,-,-,164(1),164(1),164(1),164(1),-,-,-
Tel Govt-NS LOC,BCD-GEN,Telangana,"Apollo IMSR, Hyderabad",GENERAL MEDICINE,"₹7,50,000*",Info not available*,1*,"₹20,00,000*",570,-,-,-,-,-,-,165(1),165(1),165(1),165(1),-,-,-
Tel Govt-NS LOC,BCD-FEM,Telangana,"Govt Med Coll, Nizamabad",GENERAL MEDICINE,"₹25,000*","₹58,289",1,"₹20,00,000",500,-,-,-,-,-,-,-,169(1),169(1),169(1),-,-,-
Tel Govt-NS LOC,OPEN-GEN,Telangana,"Osmania Med Coll, Hyderabad",PAEDIATRICS,"₹25,000*","₹58,289",1,"₹20,00,000",4800,223(6),289(7),289(7),289(7),289(7),289(7),124(7),124(7),170(7),170(7),-,-,-
Tel Govt-NS LOC,OPEN-FEM,Telangana,"Gandhi Med Coll, Secunderabad",OBG,"₹25,000*","₹58,289",1,"₹20,00,000",1200,258(2),258(2),423(2),423(2),423(2),423(2),100(1),166(2),171(2),171(2),-,-,-
Tel Govt-NS LOC,BCD-GEN,Telangana,"Osmania Med Coll, Hyderabad",PAEDIATRICS,"₹25,000*","₹58,289",1,"₹20,00,000",4800,307(1),307(1),307(1),307(1),307(1),307(1),173(1),173(1),173(1),173(1),-,-,-
Tel Govt-NS LOC,OPEN-GEN,Telangana,"Kamineni (KAMSRC), Hyderabad",GENERAL MEDICINE,"₹7,00,000*",Info not available*,1*,"₹20,00,000*",650,376(1),376(1),376(1),376(1),376(1),376(1),180(1),180(1),180(1),180(1),-,-,-
Tel Govt-NS LOC,OPEN-GEN,Telangana,"Osmania Med Coll, Hyderabad",GENERAL SURGERY,"₹25,000*","₹58,289",1,"₹20,00,000",4800,381(4),381(4),680(4),680(4),680(4),680(4),181(4),182(5),182(5),182(5),-,-,-
Tel Govt-NS LOC,BCD-GEN,Telangana,"Gandhi Med Coll, Secunderabad",OBG,"₹25,000*","₹58,289",1,"₹20,00,000",1200,-,-,-,-,-,-,185(1),185(1),185(1),185(1),-,-,-
Tel Govt-NS LOC,BCB-FEM,Telangana,"Osmania Med Coll, Hyderabad",PAEDIATRICS,"₹25,000*","₹58,289",1,"₹20,00,000",4800,272(1),272(1),272(1),272(1),272(1),272(1),186(1),186(1),186(1),186(1),-,-,-
Tel Govt-NS LOC,BCD-FEM,Telangana,"Osmania Med Coll, Hyderabad",PAEDIATRICS,"₹25,000*","₹58,289",1,"₹20,00,000",4800,236(1),358(1),358(1),358(1),358(1),358(1),169(1),188(1),188(1),188(1),-,-,-
Tel Govt-NS LOC,OPEN-GEN,Telangana,"ESIC Med Coll,Sanath Nagar",GENERAL SURGERY,"₹2,50,000*","₹1,26,927*",2*,"₹10,00,000*",690,423(1),571(1),633(1),633(1),633(1),633(1),179(1),179(1),189(1),189(1),-,-,-
Tel Govt-NS LOC,BCC-GEN,Telangana,"Govt Med Coll, Nizamabad",GENERAL MEDICINE,"₹25,000*","₹58,289",1,"₹20,00,000",500,-,-,-,-,-,-,191(1),191(1),191(1),191(1),-,-,-
Tel Govt-NS LOC,BCD-GEN,Telangana,"ESIC Med Coll,Sanath Nagar",GENERAL SURGERY,"₹2,50,000*","₹1,26,927*",2*,"₹10,00,000*",690,-,-,-,-,-,-,192(1),192(1),192(1),192(1),-,-,-
Tel Govt-NS LOC,OPEN-FEM,Telangana,"Osmania Med Coll, Hyderabad",GENERAL SURGERY,"₹25,000*","₹58,289",1,"₹20,00,000",4800,369(2),385(2),385(2),385(2),385(2),385(2),193(1),193(1),193(1),193(1),-,-,-
Tel Govt-NS LOC,OPEN-FEM,Telangana,"Kakatiya Med Coll, Warangal",GENERAL SURGERY,"₹25,000*","₹58,289",1,"₹20,00,000",1150,-,-,-,-,-,-,197(1),197(1),197(1),197(1),-,-,-
Tel Govt-NS LOC,ST-FEM,Telangana,"NIMS, Hyderabad",RADIO DIAGNOSIS,"₹72,000*","₹1,11,780",1,"₹50,00,000",1498,-,-,-,-,-,-,198(1),198(1),198(1),198(1),-,-,-
Tel Govt-NS LOC,BCB-GEN,Telangana,"Apollo IMSR, Hyderabad",RADIO DIAGNOSIS,"₹7,50,000*",Info not available*,1*,"₹20,00,000*",570,-,-,-,-,-,-,200(1),200(1),200(1),200(1),-,-,-
Tel Govt-NS LOC,OPEN-GEN,Telangana,"Gandhi Med Coll, Secunderabad",OBG,"₹25,000*","₹58,289",1,"₹20,00,000",1200,300(2),300(2),300(2),300(2),300(2),300(2),145(3),145(3),204(3),204(3),-,-,-
Tel Govt-NS LOC,OPEN-GEN,Telangana,"Mamata AcadofMedSci,Bachupally",GENERAL MEDICINE,"₹7,50,000*",Info not available*,1*,"₹20,00,000*",-,-,-,-,-,-,-,-,-,206(1),206(1),-,-,-
Tel Govt-NS LOC,OPEN-GEN,Telangana,"ESIC Med Coll,Sanath Nagar",OBG,"₹2,50,000*","₹1,26,927*",2*,"₹10,00,000*",690,347(1),423(1),721(1),721(1),721(1),721(1),208(1),208(1),208(1),208(1),-,-,-
Tel Govt-NS LOC,BCB-GEN,Telangana,"Kakatiya Med Coll, Warangal",PAEDIATRICS,"₹25,000*","₹58,289",1,"₹20,00,000",1150,-,451(1),552(1),552(1),552(1),552(1),148(1),212(1),212(1),212(1),-,-,-
Tel Govt-NS LOC,BCE-GEN,Telangana,"Osmania Med Coll, Hyderabad",GENERAL SURGERY,"₹25,000*","₹58,289",1,"₹20,00,000",4800,465(1),465(1),1184(1),1184(1),1184(1),1184(1),217(1),217(1),217(1),217(1),-,-,-
Tel Govt-NS LOC,OPEN-GEN,Telangana,"Apollo IMSR, Hyderabad",DERMATOLOGY,"₹7,50,000*",Info not available*,1*,"₹20,00,000*",570,766(1),916(1),919(1),919(1),919(1),919(1),219(1),219(1),219(1),219(1),-,-,-
Tel Govt-NS LOC,BCB-GEN,Telangana,"Gandhi Med Coll, Secunderabad",PAEDIATRICS,"₹25,000*","₹58,289",1,"₹20,00,000",1200,379(1),379(1),379(1),379(1),379(1),379(1),203(1),220(2),220(2),220(2),-,-,-
Tel Govt-NS LOC,BCA-GEN,Telangana,"Gandhi Med Coll, Secunderabad",OBG,"₹25,000*","₹58,289",1,"₹20,00,000",1200,-,-,-,-,-,-,221(1),221(1),221(1),221(1),-,-,-
Tel Govt-NS LOC,BCB-GEN,Telangana,"Gandhi Med Coll, Secunderabad",GENERAL SURGERY,"₹25,000*","₹58,289",1,"₹20,00,000",1200,406(1),406(1),406(1),406(1),406(1),406(1),194(1),194(1),222(2),222(2),-,-,-
Tel Govt-NS LOC,BCB-FEM-PHO,Telangana,"Osmania Med Coll, Hyderabad",GENERAL MEDICINE,"₹25,000*","₹58,289",1,"₹20,00,000",4800,-,-,-,-,-,-,224(1),224(1),224(1),224(1),-,-,-
Tel Govt-NS LOC,OPEN-FEM,Telangana,"Kakatiya Med Coll, Warangal",PAEDIATRICS,"₹25,000*","₹58,289",1,"₹20,00,000",1150,-,348(1),348(1),348(1),348(1),348(1),156(1),156(1),225(1),225(1),-,-,-
Tel Govt-NS LOC,OPEN-GEN,Telangana,"Gandhi Med Coll, Secunderabad",PAEDIATRICS,"₹25,000*","₹58,289",1,"₹20,00,000",1200,238(1),425(1),425(1),425(1),425(1),425(1),127(1),127(1),229(1),229(1),-,-,-
Tel Govt-NS LOC,OPEN-FEM,Telangana,"Prathima IMS, Karimnagar",GENERAL MEDICINE,"₹7,50,000*",Info not available*,1*,"₹20,00,000*",1060,-,-,-,-,-,-,231(1),231(1),231(1),231(1),-,-,-
Tel Govt-NS LOC,BCD-GEN,Telangana,"Kakatiya Med Coll, Warangal",PAEDIATRICS,"₹25,000*","₹58,289",1,"₹20,00,000",1150,358(1),558(1),604(1),604(1),604(1),604(1),188(1),232(1),232(1),232(1),-,-,-
Tel Govt-NS LOC,OPEN-GEN,Telangana,"Kamineni IMS, Narketpally",RADIO DIAGNOSIS,"₹7,50,000*",Info not available*,1*,"₹20,00,000*",1060,-,-,-,-,-,-,266(1),266(1),241(1),241(1),-,-,-
Tel Govt-NS LOC,OPEN-FEM,Telangana,"Mamata Med Coll, Khammam",GENERAL MEDICINE,"₹7,50,000*",Info not available*,1*,"₹20,00,000*",1080,641(1),708(1),709(1),709(1),709(1),709(1),243(1),243(1),243(1),243(1),-,-,-
Tel Govt-NS LOC,BCD-FEM,Telangana,"Gandhi Med Coll, Secunderabad",OBG,"₹25,000*","₹58,289",1,"₹20,00,000",1200,-,374(1),374(1),374(1),374(1),374(1),-,-,245(1),245(1),-,-,-
Tel Govt-NS LOC,BCE-GEN,Telangana,"Govt Med Coll, Nizamabad",RADIO DIAGNOSIS,"₹25,000*","₹58,289",1,"₹20,00,000",500,-,-,-,-,-,-,246(1),246(1),246(1),246(1),-,-,-
Tel Govt-NS LOC,OPEN-FEM,Telangana,"Gandhi Med Coll, Secunderabad",PAEDIATRICS,"₹25,000*","₹58,289",1,"₹20,00,000",1200,229(1),380(1),380(1),380(1),380(1),380(1),153(1),153(1),247(1),247(1),-,-,-
Tel Govt-NS LOC,OPEN-FEM,Telangana,"Mediciti IMS, Ghanpur",RADIO DIAGNOSIS,"₹7,00,000*",Info not available*,1*,"₹20,00,000*",720,587(1),601(1),601(1),601(1),601(1),601(1),249(1),249(1),249(1),249(1),-,-,-
Tel Govt-NS LOC,BCB-FEM,Telangana,"Osmania Med Coll, Hyderabad",OBG,"₹25,000*","₹58,289",1,"₹20,00,000",4800,512(1),512(1),736(1),736(1),736(1),736(1),250(1),250(1),250(1),250(1),-,-,-
Tel Govt-NS LOC,OPEN-GEN,Telangana,"Prathima IMS, Karimnagar",RADIO DIAGNOSIS,"₹7,50,000*",Info not available*,1*,"₹20,00,000*",1060,469(1),469(1),469(1),469(1),469(1),469(1),252(1),252(1),252(1),252(1),-,-,-
Tel Govt-NS LOC,MIN-FEM-MSM,Telangana,"DCMS, Hyderabad",RADIO DIAGNOSIS,"₹7,75,000*",Info not available*,1*,"₹20,00,000*",1400,808(1),808(1),830(1),830(1),830(1),830(1),253(1),253(1),253(1),253(1),-,-,-
Tel Govt-NS LOC,BCD-GEN,Telangana,"Gandhi Med Coll, Secunderabad",DERMATOLOGY,"₹25,000*","₹58,289",1,"₹20,00,000",1200,454(1),637(1),637(1),637(1),637(1),637(1),94(1),94(1),254(1),304(1),-,-,-
Tel Govt-NS LOC,BCB-FEM,Telangana,"Gandhi Med Coll, Secunderabad",OBG,"₹25,000*","₹58,289",1,"₹20,00,000",1200,-,-,-,-,-,-,257(1),257(1),257(1),257(1),-,-,-
Tel Govt-NS LOC,OPEN-GEN,Telangana,"SVS Med Coll, Mehboobnagar",RADIO DIAGNOSIS,"₹7,50,000*",Info not available*,1*,"₹20,00,000*",760,-,-,-,-,-,-,258(1),258(1),258(1),258(1),-,-,-
Tel Govt-NS LOC,OPEN-GEN,Telangana,"Kakatiya Med Coll, Warangal",PAEDIATRICS,"₹25,000*","₹58,289",1,"₹20,00,000",1150,252(1),389(1),389(1),389(1),389(1),389(1),144(1),144(1),259(1),259(1),-,-,-
Tel Govt-NS LOC,OPEN-GEN,Telangana,"Govt Med Coll, Nizamabad",PAEDIATRICS,"₹25,000*","₹58,289",1,"₹20,00,000",500,-,-,-,-,-,-,147(1),147(1),260(1),260(1),-,-,-
Tel Govt-NS LOC,OPEN-FEM,Telangana,"Osmania Med Coll, Hyderabad",OBG,"₹25,000*","₹58,289",1,"₹20,00,000",4800,371(3),588(3),588(3),588(3),588(3),588(3),204(4),204(4),263(4),263(4),-,-,-
Tel Govt-NS LOC,OPEN-GEN,Telangana,"Bhaskar Med Coll, Yenkapally",RADIO DIAGNOSIS,"₹7,50,000*",Info not available*,1*,"₹20,00,000*",850,471(1),471(1),471(1),471(1),471(1),471(1),326(1),344(1),266(1),266(1),-,-,-
Tel Govt-NS LOC,BCD-GEN,Telangana,"Kamineni (KAMSRC), Hyderabad",RADIO DIAGNOSIS,"₹7,00,000*",Info not available*,1*,"₹20,00,000*",650,-,-,-,-,-,-,254(1),268(1),268(1),268(1),-,-,-
Tel Govt-NS LOC,BCA-GEN,Telangana,"Gandhi Med Coll, Secunderabad",RADIO DIAGNOSIS,"₹25,000*","₹58,289",1,"₹20,00,000",1200,-,-,-,-,-,-,271(1),271(1),271(1),271(1),-,-,-
Tel Govt-NS LOC,OPEN-GEN,Telangana,"Apollo IMSR, Hyderabad",PAEDIATRICS,"₹7,50,000*",Info not available*,1*,"₹20,00,000*",570,-,-,-,-,-,-,272(1),272(1),272(1),272(1),-,-,-
Tel Govt-NS LOC,OPEN-GEN,Telangana,"Mediciti IMS, Ghanpur",DERMATOLOGY,"₹7,00,000*",Info not available*,1*,"₹20,00,000*",720,-,-,-,-,-,-,273(1),273(1),273(1),273(1),-,-,-
Tel Govt-NS LOC,OPEN-FEM,Telangana,"Govt Med Coll, Mahabubnagar",PAEDIATRICS,"₹25,000*","₹58,289",1,"₹20,00,000",900,-,-,-,-,-,-,218(1),218(1),276(1),301(1),-,-,-
Tel Govt-NS LOC,OPEN-FEM,Telangana,"Prathima IMS, Karimnagar",RADIO DIAGNOSIS,"₹7,50,000*",Info not available*,1*,"₹20,00,000*",1060,-,-,-,-,-,-,279(1),279(1),279(1),279(1),-,-,-
Tel Govt-NS LOC,BCB-GEN,Telangana,"Prathima IMS, Karimnagar",GENERAL MEDICINE,"₹7,50,000*",Info not available*,1*,"₹20,00,000*",1060,534(1),610(2),611(2),611(2),611(2),611(2),280(1),280(1),280(1),280(1),-,-,-
Tel Govt-NS LOC,BCD-GEN,Telangana,"Govt Med Coll, Siddipet",PAEDIATRICS,"₹25,000*","₹58,289",1,"₹20,00,000",780,-,-,-,-,-,-,-,277(1),282(1),282(1),-,-,-
Tel Govt-NS LOC,OPEN-GEN,Telangana,"Kakatiya Med Coll, Warangal",DMRD,"₹25,000*","₹58,289",1,"₹10,00,000",1150,-,-,-,-,-,-,283(1),283(1),283(1),283(1),-,-,-
Tel Govt-NS LOC,BCA-GEN,Telangana,"Osmania Med Coll, Hyderabad",DERMATOLOGY,"₹25,000*","₹58,289",1,"₹20,00,000",4800,-,-,-,-,-,-,289(1),289(1),289(1),289(1),-,-,-
Tel Govt-NS LOC,OPEN-GEN,Telangana,"NIMS, Hyderabad",RADIATION ONCOLOGY,"₹72,000*","₹1,11,780",1,"₹50,00,000",1498,1055(1),1055(1),1057(1),1057(1),1057(1),1057(1),290(1),290(1),290(1),290(1),-,-,-
Tel Govt-NS LOC,BCE-GEN,Telangana,"Osmania Med Coll, Hyderabad",PAEDIATRICS,"₹25,000*","₹58,289",1,"₹20,00,000",4800,289(1),352(1),352(1),352(1),352(1),352(1),170(1),170(1),292(1),292(1),-,-,-
Tel Govt-NS LOC,OPEN-FEM,Telangana,"Osmania Med Coll, Hyderabad",TBRD,"₹25,000*","₹58,289",1,"₹20,00,000",4800,475(1),475(1),475(1),475(1),475(1),475(1),293(1),293(1),293(1),293(1),-,-,-
Tel Govt-NS LOC,BCB-GEN,Telangana,"Mediciti IMS, Ghanpur",DERMATOLOGY,"₹7,00,000*",Info not available*,1*,"₹20,00,000*",720,-,-,-,-,-,-,295(1),295(1),295(1),295(1),-,-,-
Tel Govt-NS LOC,BCD-GEN,Telangana,"Osmania Med Coll, Hyderabad",GENERAL SURGERY,"₹25,000*","₹58,289",1,"₹20,00,000",4800,395(1),395(1),395(1),395(1),395(1),395(1),297(1),297(1),297(1),297(1),-,-,-
Tel Govt-NS LOC,MIN-GEN-MSM,Telangana,"Shadan IMSRC, Peerancheru",RADIO DIAGNOSIS,"₹7,50,000*",Info not available*,1*,"₹20,00,000*",800,1238(1),1460(1),1465(1),1465(1),1465(1),1465(1),299(1),299(1),299(1),299(1),-,-,-
Tel Govt-NS LOC,BCB-FEM,Telangana,"Osmania Med Coll, Hyderabad",GENERAL SURGERY,"₹25,000*","₹58,289",1,"₹20,00,000",4800,-,-,-,-,-,-,300(1),300(1),300(1),300(1),-,-,-
Tel Govt-NS LOC,BCD-GEN,Telangana,"Prathima IMS, Karimnagar",RADIO DIAGNOSIS,"₹7,50,000*",Info not available*,1*,"₹20,00,000*",1060,-,-,-,-,-,-,301(1),301(1),301(1),254(1),-,-,-
Tel Govt-NS LOC,BCD-GEN,Telangana,"Kakatiya Med Coll, Warangal",DERMATOLOGY,"₹25,000*","₹58,289",1,"₹20,00,000",1150,-,-,-,-,-,-,-,254(1),304(1),313(1),-,-,-
Tel Govt-NS LOC,OPEN-GEN,Telangana,"Osmania Med Coll, Hyderabad",OBG,"₹25,000*","₹58,289",1,"₹20,00,000",4800,452(6),662(7),670(7),670(7),670(7),670(7),228(6),228(6),311(7),311(7),-,-,-
Tel Govt-NS LOC,OPEN-FEM,Telangana,"SVS Med Coll, Mehboobnagar",GENERAL MEDICINE,"₹7,50,000*",Info not available*,1*,"₹20,00,000*",760,567(1),567(1),567(1),567(1),567(1),567(1),175(1),175(1),312(1),312(1),-,-,-
Tel Govt-NS LOC,BCD-GEN,Telangana,"Govt Med Coll, Nizamabad",OBG,"₹25,000*","₹58,289",1,"₹20,00,000",500,-,-,-,-,-,-,-,313(1),313(1),518(1),-,-,-
Tel Govt-NS LOC,SC-GEN,Telangana,"NIMS, Hyderabad",RADIO DIAGNOSIS,"₹72,000*","₹1,11,780",1,"₹50,00,000",1498,-,-,-,-,-,-,315(1),315(1),315(1),315(1),-,-,-
Tel Govt-NS LOC,BCB-GEN,Telangana,"SVS Med Coll, Mehboobnagar",GENERAL MEDICINE,"₹7,50,000*",Info not available*,1*,"₹20,00,000*",760,610(1),611(1),907(1),907(1),907(1),907(1),316(1),316(1),316(1),316(1),-,-,-
Tel Govt-NS LOC,SC-GEN,Telangana,"Osmania Med Coll, Hyderabad",RADIO DIAGNOSIS,"₹25,000*","₹58,289",1,"₹20,00,000",4800,-,-,-,-,-,-,317(1),317(1),317(1),317(1),-,-,-
Tel Govt-NS LOC,BCD-GEN,Telangana,"SVS Med Coll, Mehboobnagar",DERMATOLOGY,"₹7,50,000*",Info not available*,1*,"₹20,00,000*",760,-,-,-,-,-,-,318(1),318(1),318(1),318(1),-,-,-
Tel Govt-NS LOC,OPEN-GEN,Telangana,"ESIC Med Coll,Sanath Nagar",TBRD,"₹2,50,000*","₹1,26,927*",2*,"₹10,00,000*",690,616(1),616(1),616(1),616(1),616(1),616(1),281(1),321(1),321(1),321(1),-,-,-
Tel Govt-NS LOC,OPEN-GEN,Telangana,"Mamata AcadofMedSci,Bachupally",RADIO DIAGNOSIS,"₹7,50,000*",Info not available*,1*,"₹20,00,000*",-,-,-,-,-,-,-,-,326(1),326(1),326(1),-,-,-
Tel Govt-NS LOC,OPEN-FEM,Telangana,"Osmania Med Coll, Hyderabad",ENT,"₹25,000*","₹58,289",1,"₹20,00,000",4800,791(1),791(1),793(1),793(1),793(1),793(1),327(1),327(1),327(1),327(1),-,-,-
Tel Govt-NS LOC,OPEN-GEN,Telangana,"Osmania Med Coll, Hyderabad",TBRD,"₹25,000*","₹58,289",1,"₹20,00,000",4800,530(1),623(1),803(1),803(1),803(1),803(1),330(1),330(1),330(1),330(1),-,-,-
Tel Govt-NS LOC,OPEN-GEN,Telangana,"SVS Med Coll, Mehboobnagar",GENERAL MEDICINE,"₹7,50,000*",Info not available*,1*,"₹20,00,000*",760,601(1),604(1),681(1),1079(1),1079(1),1079(1),264(2),264(2),331(2),331(2),-,-,-
Tel Govt-NS LOC,OPEN-GEN,Telangana,"Mamata Med Coll, Khammam",RADIO DIAGNOSIS,"₹7,50,000*",Info not available*,1*,"₹20,00,000*",1080,410(1),410(1),410(1),410(1),410(1),410(1),241(1),241(1),336(1),336(1),-,-,-
Tel Govt-NS LOC,OPEN-GEN,Telangana,"Prathima IMS, Karimnagar",GENERAL MEDICINE,"₹7,50,000*",Info not available*,1*,"₹20,00,000*",1060,445(1),445(1),445(1),445(1),445(1),445(1),235(3),235(3),340(3),340(3),-,-,-
Tel Govt-NS LOC,OPEN-GEN,Telangana,"CAIMS, Karimnagar",RADIO DIAGNOSIS,"₹7,75,000*",Info not available*,1*,"₹20,00,000*",1000,409(1),409(1),478(1),478(1),478(1),478(1),268(1),341(1),341(1),341(1),-,-,-
Tel Govt-NS LOC,MIN-GEN-MSM,Telangana,"DCMS, Hyderabad",GENERAL MEDICINE,"₹7,75,000*",Info not available*,1*,"₹20,00,000*",1400,1045(1),1045(1),1047(1),1047(1),1047(1),1047(1),343(2),343(2),343(2),343(2),-,-,-
Tel Govt-NS LOC,BCA-GEN,Telangana,"Osmania Med Coll, Hyderabad",GENERAL MEDICINE,"₹25,000*","₹58,289",1,"₹20,00,000",4800,-,-,-,-,-,-,50(1),52(2),345(2),345(2),-,-,-
Tel Govt-NS LOC,BCB-GEN,Telangana,"Mamata Med Coll, Khammam",GENERAL MEDICINE,"₹7,50,000*",Info not available*,1*,"₹20,00,000*",1080,778(1),778(1),779(1),779(1),779(1),779(1),-,347(1),347(1),347(1),-,-,-
Tel Govt-NS LOC,OPEN-FEM,Telangana,"Kakatiya Med Coll, Warangal",OBG,"₹25,000*","₹58,289",1,"₹20,00,000",1150,453(1),345(1),345(1),345(1),345(1),345(1),233(1),233(1),348(1),348(1),-,-,-
Tel Govt-NS LOC,OPEN-GEN,Telangana,"Bhaskar Med Coll, Yenkapally",GENERAL MEDICINE,"₹7,50,000*",Info not available*,1*,"₹20,00,000*",850,606(1),606(1),1015(1),1015(1),1015(1),1015(1),350(1),350(1),350(1),350(1),-,-,-
Tel Govt-NS LOC,BCE-GEN,Telangana,"Osmania Med Coll, Hyderabad",OBG,"₹25,000*","₹58,289",1,"₹20,00,000",4800,501(1),501(1),501(1),501(1),501(1),501(1),351(1),351(1),351(1),351(1),-,-,-
Tel Govt-NS LOC,ST-GEN,Telangana,"NIMS, Hyderabad",GENERAL MEDICINE,"₹72,000*","₹1,11,780",1,"₹50,00,000",1498,-,-,-,-,-,-,353(1),353(1),353(1),353(1),-,-,-
Tel Govt-NS LOC,OPEN-GEN,Telangana,"Mediciti IMS, Ghanpur",RADIO DIAGNOSIS,"₹7,00,000*",Info not available*,1*,"₹20,00,000*",720,598(1),598(1),598(1),598(1),598(1),598(1),286(1),286(1),355(1),355(1),-,-,-
Tel Govt-NS LOC,MIN-FEM-MSM,Telangana,"DCMS, Hyderabad",GENERAL MEDICINE,"₹7,75,000*",Info not available*,1*,"₹20,00,000*",1400,592(1),592(1),592(1),592(1),592(1),592(1),357(1),357(1),357(1),357(1),-,-,-
Tel Govt-NS LOC,OPEN-GEN,Telangana,"Mamata Med Coll, Khammam",GENERAL MEDICINE,"₹7,50,000*",Info not available*,1*,"₹20,00,000*",1080,665(1),665(1),877(1),877(1),877(1),877(1),288(2),288(2),360(3),360(3),-,-,-
Tel Govt-NS LOC,BCD-FEM,Telangana,"Osmania Med Coll, Hyderabad",OBG,"₹25,000*","₹58,289",1,"₹20,00,000",4800,523(1),523(1),523(1),523(1),523(1),523(1),245(1),245(1),361(1),361(1),-,-,-
Tel Govt-NS LOC,OPEN-FEM,Telangana,"SVS Med Coll, Mehboobnagar",DERMATOLOGY,"₹7,50,000*",Info not available*,1*,"₹20,00,000*",760,-,-,-,-,-,-,363(1),363(1),363(1),363(1),-,-,-
Tel Govt-NS LOC,SC-FEM,Telangana,"Osmania Med Coll, Hyderabad",GENERAL MEDICINE,"₹25,000*","₹58,289",1,"₹20,00,000",4800,-,-,-,-,-,-,365(1),365(1),365(1),365(1),-,-,-
Tel Govt-NS LOC,OPEN-FEM,Telangana,"Mamata AcadofMedSci,Bachupally",GENERAL MEDICINE,"₹7,50,000*",Info not available*,1*,"₹20,00,000*",-,-,-,-,-,-,-,196(1),196(1),368(1),368(1),-,-,-
Tel Govt-NS LOC,BCA-GEN,Telangana,"Gandhi Med Coll, Secunderabad",GENERAL MEDICINE,"₹25,000*","₹58,289",1,"₹20,00,000",1200,-,-,-,-,-,-,-,-,370(1),370(1),-,-,-
Tel Govt-NS LOC,OPEN-FEM,Telangana,"MNR Med Coll, Sangareddy",RADIO DIAGNOSIS,"₹7,00,000*",Info not available*,1*,"₹20,00,000*",760,-,-,-,-,-,-,378(1),378(1),378(1),378(1),-,-,-
Tel Govt-NS LOC,SC-GEN,Telangana,"Osmania Med Coll, Hyderabad",GENERAL MEDICINE,"₹25,000*","₹58,289",1,"₹20,00,000",4800,555(1),555(1),735(1),735(1),735(1),735(1),381(1),381(1),381(1),381(1),-,-,-
Tel Govt-NS LOC,BCB-GEN,Telangana,"Osmania Med Coll, Hyderabad",OBG,"₹25,000*","₹58,289",1,"₹20,00,000",4800,531(1),531(1),531(1),531(1),531(1),531(1),262(1),274(1),383(3),383(3),-,-,-
Tel Govt-NS LOC,SC-FEM,Telangana,"Gandhi Med Coll, Secunderabad",RADIO DIAGNOSIS,"₹25,000*","₹58,289",1,"₹20,00,000",1200,-,-,-,-,-,-,386(1),386(1),386(1),386(1),-,-,-
Tel Govt-NS LOC,OPEN-GEN,Telangana,"Kamineni IMS, Narketpally",GENERAL MEDICINE,"₹7,50,000*",Info not available*,1*,"₹20,00,000*",1060,709(1),806(1),808(1),808(1),808(1),808(1),360(1),360(1),387(1),387(1),-,-,-
Tel Govt-NS LOC,BCE-GEN,Telangana,"Rajiv Gandhi IMS, Adilabad",GENERAL MEDICINE,"₹25,000*","₹58,289",1,"₹20,00,000",Info Not Available,-,-,-,-,-,-,115(1),115(1),389(1),389(1),-,-,-
Tel Govt-NS LOC,OPEN-FEM,Telangana,"ESIC Med Coll,Sanath Nagar",EMERGENCY MEDICINE,"₹2,50,000*","₹1,26,927*",2*,"₹10,00,000*",690,-,-,-,-,-,-,513(1),671(1),390(1),390(1),-,-,-
Tel Govt-NS LOC,OPEN-GEN,Telangana,"Kakatiya Med Coll, Warangal",GENERAL SURGERY,"₹25,000*","₹58,289",1,"₹20,00,000",1150,521(1),682(1),683(1),683(1),683(1),683(1),209(3),229(3),397(3),397(3),-,-,-
Tel Govt-NS LOC,BCD-GEN,Telangana,"Mamata AcadofMedSci,Bachupally",GENERAL MEDICINE,"₹7,50,000*",Info not available*,1*,"₹20,00,000*",-,-,-,-,-,-,-,-,398(1),398(1),398(1),-,-,-
Tel Govt-NS LOC,MIN-GEN-MSM,Telangana,"DCMS, Hyderabad",RADIO DIAGNOSIS,"₹7,75,000*",Info not available*,1*,"₹20,00,000*",1400,903(1),903(1),905(1),905(1),905(1),905(1),402(2),402(2),402(2),402(2),-,-,-
Tel Govt-NS LOC,OPEN-GEN,Telangana,"CAIMS, Karimnagar",DERMATOLOGY,"₹7,75,000*",Info not available*,1*,"₹20,00,000*",1000,-,-,-,-,-,-,355(1),355(1),406(1),406(1),-,-,-
Tel Govt-NS LOC,BCB-FEM,Telangana,"Mamata Med Coll, Khammam",RADIO DIAGNOSIS,"₹7,50,000*",Info not available*,1*,"₹20,00,000*",1080,-,-,-,-,-,-,-,408(1),408(1),408(1),-,-,-
Tel Govt-NS LOC,SC-GEN,Telangana,"ESIC Med Coll,Sanath Nagar",GENERAL MEDICINE,"₹2,50,000*","₹1,26,927*",2*,"₹10,00,000*",690,706(1),706(1),707(1),707(1),707(1),707(1),411(1),411(1),411(1),411(1),-,-,-
Tel Govt-NS LOC,BCA-GEN,Telangana,"Osmania Med Coll, Hyderabad",PAEDIATRICS,"₹25,000*","₹58,289",1,"₹20,00,000",4800,259(1),259(1),259(1),259(1),259(1),259(1),370(1),412(1),412(1),412(1),-,-,-
Tel Govt-NS LOC,BCB-GEN,Telangana,"Mamata Med Coll, Khammam",RADIO DIAGNOSIS,"₹7,50,000*",Info not available*,1*,"₹20,00,000*",1080,-,-,-,-,-,-,347(1),416(1),416(1),416(1),-,-,-
Tel Govt-NS LOC,OPEN-FEM,Telangana,"Kamineni (KAMSRC), Hyderabad",PAEDIATRICS,"₹7,00,000*",Info not available*,1*,"₹20,00,000*",650,-,-,-,-,-,-,421(1),421(1),421(1),421(1),-,-,-
Tel Govt-NS LOC,OPEN-FEM,Telangana,"Kamineni (KAMSRC), Hyderabad",DERMATOLOGY,"₹7,00,000*",Info not available*,1*,"₹20,00,000*",650,-,-,-,-,-,-,424(1),424(1),424(1),424(1),-,-,-
Tel Govt-NS LOC,OPEN-GEN,Telangana,"Kakatiya Med Coll, Warangal",OBG,"₹25,000*","₹58,289",1,"₹20,00,000",1150,462(1),629(1),679(1),679(1),679(1),679(1),274(3),284(3),425(3),425(3),-,-,-
Tel Govt-NS LOC,OPEN-FEM,Telangana,"Govt Med Coll, Siddipet",OBG,"₹25,000*","₹58,289",1,"₹20,00,000",780,559(1),670(1),791(1),791(1),791(1),791(1),-,-,427(1),427(1),-,-,-
Tel Govt-NS LOC,OPEN-GEN,Telangana,"Osmania Med Coll, Hyderabad",ENT,"₹25,000*","₹58,289",1,"₹20,00,000",4800,-,1279(1),1281(1),2164(2),2164(2),2164(2),367(1),367(1),430(2),430(2),-,-,-
Tel Govt-NS LOC,BCB-GEN,Telangana,"Osmania Med Coll, Hyderabad",GENERAL SURGERY,"₹25,000*","₹58,289",1,"₹20,00,000",4800,502(1),521(1),521(1),521(1),521(1),521(1),222(1),222(1),434(1),434(1),-,-,-
Tel Govt-NS LOC,OPEN-FEM,Telangana,"Osmania Med Coll, Hyderabad",OPHTHALMOLOGY,"₹25,000*","₹58,289",1,"₹20,00,000",4800,873(3),1083(3),1380(3),1380(3),1380(3),1380(3),435(2),435(2),435(2),435(2),-,-,-
Tel Govt-NS LOC,BCA-GEN,Telangana,"CAIMS, Karimnagar",RADIO DIAGNOSIS,"₹7,75,000*",Info not available*,1*,"₹20,00,000*",1000,-,-,-,-,-,-,436(1),436(1),436(1),436(1),-,-,-
Tel Govt-NS LOC,BCE-GEN,Telangana,"Govt Med Coll, Mahabubnagar",PAEDIATRICS,"₹25,000*","₹58,289",1,"₹20,00,000",900,-,-,-,-,-,-,-,-,437(1),437(1),-,-,-
Tel Govt-NS LOC,BCA-GEN,Telangana,"Osmania Med Coll, Hyderabad",GENERAL SURGERY,"₹25,000*","₹58,289",1,"₹20,00,000",4800,679(1),679(1),1412(1),1412(1),1412(1),1412(1),324(1),324(1),438(2),438(2),-,-,-
Tel Govt-NS LOC,OPEN-GEN,Telangana,"Gandhi Med Coll, Secunderabad",TBRD,"₹25,000*","₹58,289",1,"₹20,00,000",1200,-,-,-,-,-,-,359(1),359(1),439(1),439(1),-,-,-
Tel Govt-NS LOC,BCB-GEN,Telangana,"Kakatiya Med Coll, Warangal",GENERAL SURGERY,"₹25,000*","₹58,289",1,"₹20,00,000",1150,-,-,928(1),928(1),928(1),928(1),394(1),394(1),441(1),441(1),-,-,-
Tel Govt-NS LOC,MIN-GEN-MSM,Telangana,"DCMS, Hyderabad",DERMATOLOGY,"₹7,75,000*",Info not available*,1*,"₹20,00,000*",1400,-,-,-,-,-,-,445(1),445(1),445(1),445(1),-,-,-
Tel Govt-NS LOC,OPEN-GEN,Telangana,"Rajiv Gandhi IMS, Adilabad",GENERAL SURGERY,"₹25,000*","₹58,289",1,"₹20,00,000",Info Not Available,673(1),956(1),958(1),958(1),958(1),958(1),302(1),302(1),447(1),447(1),-,-,-
Tel Govt-NS LOC,MIN-FEM-MSM,Telangana,"Shadan IMSRC, Peerancheru",DERMATOLOGY,"₹7,50,000*",Info not available*,1*,"₹20,00,000*",800,-,-,-,-,-,-,449(1),449(1),449(1),449(1),-,-,-
Tel Govt-NS LOC,OPEN-GEN,Telangana,"ESIC Med Coll,Sanath Nagar",ANAESTHESIOLOGY,"₹2,50,000*","₹1,26,927*",2*,"₹10,00,000*",690,670(1),811(1),813(1),813(1),813(1),813(1),451(1),451(1),451(1),451(1),-,-,-
Tel Govt-NS LOC,SC-GEN,Telangana,"Gandhi Med Coll, Secunderabad",DERMATOLOGY,"₹25,000*","₹58,289",1,"₹20,00,000",1200,-,-,-,-,-,-,452(1),452(1),452(1),452(1),-,-,-
Tel Govt-NS LOC,BCB-FEM,Telangana,"SVS Med Coll, Mehboobnagar",GENERAL MEDICINE,"₹7,50,000*",Info not available*,1*,"₹20,00,000*",760,-,-,-,-,-,-,-,-,456(1),456(1),-,-,-
Tel Govt-NS LOC,OPEN-GEN,Telangana,"NIMS, Hyderabad",ANAESTHESIOLOGY,"₹72,000*","₹1,11,780",1,"₹50,00,000",1498,662(3),676(3),858(3),858(3),858(3),858(3),323(3),457(4),457(4),457(4),-,-,-
Tel Govt-NS LOC,BCE-FEM,Telangana,"Kakatiya Med Coll, Warangal",OBG,"₹25,000*","₹58,289",1,"₹20,00,000",1150,-,-,-,-,-,-,-,-,458(1),458(1),-,-,-
Tel Govt-NS LOC,BCD-FEM,Telangana,"Osmania Med Coll, Hyderabad",GENERAL SURGERY,"₹25,000*","₹58,289",1,"₹20,00,000",4800,-,-,-,-,-,-,-,461(1),461(1),461(1),-,-,-
Tel Govt-NS LOC,OPEN-FEM,Telangana,"Mamata AcadofMedSci,Bachupally",DERMATOLOGY,"₹7,50,000*",Info not available*,1*,"₹20,00,000*",-,-,-,-,-,-,-,462(1),462(1),462(1),462(1),-,-,-
Tel Govt-NS LOC,OPEN-GEN,Telangana,"Govt Med Coll, Mahabubnagar",OBG,"₹25,000*","₹58,289",1,"₹20,00,000",900,535(1),701(1),1117(1),1117(1),1117(1),1117(1),296(1),323(1),463(1),463(1),-,-,-
Tel Govt-NS LOC,OPEN-GEN,Telangana,"Govt Med Coll, Nizamabad",GENERAL SURGERY,"₹25,000*","₹58,289",1,"₹20,00,000",500,-,-,-,-,-,-,314(1),314(1),469(1),469(1),-,-,-
Tel Govt-NS LOC,BCD-GEN,Telangana,"Osmania Med Coll, Hyderabad",OBG,"₹25,000*","₹58,289",1,"₹20,00,000",4800,544(1),544(1),544(1),544(1),544(1),544(1),259(1),304(2),470(2),470(2),-,-,-
Tel Govt-NS LOC,ST-GEN,Telangana,"Osmania Med Coll, Hyderabad",RADIO DIAGNOSIS,"₹25,000*","₹58,289",1,"₹20,00,000",4800,1285(1),1285(1),1287(1),1287(1),1287(1),1287(1),472(1),472(1),472(1),472(1),-,-,-
Tel Govt-NS LOC,BCA-FEM,Telangana,"ESIC Med Coll,Sanath Nagar",RADIO DIAGNOSIS,"₹2,50,000*","₹1,26,927*",2*,"₹10,00,000*",690,-,-,-,-,-,-,476(1),476(1),476(1),476(1),-,-,-
Tel Govt-NS LOC,BCD-GEN,Telangana,"Kamineni (KAMSRC), Hyderabad",PAEDIATRICS,"₹7,00,000*",Info not available*,1*,"₹20,00,000*",650,-,-,-,-,-,-,479(1),479(1),479(1),479(1),-,-,-
Tel Govt-NS LOC,SC-FEM,Telangana,"Osmania Med Coll, Hyderabad",PAEDIATRICS,"₹25,000*","₹58,289",1,"₹20,00,000",4800,1526(1),1526(1),1532(1),1532(1),1532(1),1532(1),480(1),480(1),480(1),480(1),-,-,-
Tel Govt-NS LOC,BCA-GEN,Telangana,"Gandhi Med Coll, Secunderabad",PAEDIATRICS,"₹25,000*","₹58,289",1,"₹20,00,000",1200,-,-,-,-,-,-,412(1),481(1),481(1),481(1),-,-,-
Tel Govt-NS LOC,BCC-GEN,Telangana,"Osmania Med Coll, Hyderabad",PAEDIATRICS,"₹25,000*","₹58,289",1,"₹20,00,000",4800,495(1),495(1),495(1),495(1),495(1),495(1),483(1),483(1),483(1),483(1),-,-,-
Tel Govt-NS LOC,BCD-GEN,Telangana,"Prathima IMS, Karimnagar",GENERAL MEDICINE,"₹7,50,000*",Info not available*,1*,"₹20,00,000*",1060,-,-,-,-,-,-,484(1),484(1),484(1),484(1),-,-,-
Tel Govt-NS LOC,OPEN-GEN,Telangana,"Govt Med Coll, Siddipet",OBG,"₹25,000*","₹58,289",1,"₹20,00,000",780,568(1),678(1),835(1),835(1),835(1),835(1),284(1),296(1),485(1),485(1),-,-,-
Tel Govt-NS LOC,ST-GEN,Telangana,"Osmania Med Coll, Hyderabad",GENERAL MEDICINE,"₹25,000*","₹58,289",1,"₹20,00,000",4800,-,-,-,-,-,-,487(1),487(1),487(1),487(1),-,-,-
Tel Govt-NS LOC,BCD-GEN,Telangana,"Kakatiya Med Coll, Warangal",OBG,"₹25,000*","₹58,289",1,"₹20,00,000",1150,637(1),688(1),727(1),727(1),727(1),727(1),277(1),311(1),489(1),489(1),-,-,-
Tel Govt-NS LOC,OPEN-GEN,Telangana,"ESIC Med Coll,Sanath Nagar",EMERGENCY MEDICINE,"₹2,50,000*","₹1,26,927*",2*,"₹10,00,000*",690,-,-,-,-,-,-,-,-,490(1),490(1),-,-,-
Tel Govt-NS LOC,OPEN-GEN,Telangana,"Mamata AcadofMedSci,Bachupally",PAEDIATRICS,"₹7,50,000*",Info not available*,1*,"₹20,00,000*",-,-,-,-,-,-,-,491(1),491(1),491(1),491(1),-,-,-
Tel Govt-NS LOC,OPEN-GEN,Telangana,"CAIMS, Karimnagar",GENERAL MEDICINE,"₹7,75,000*",Info not available*,1*,"₹20,00,000*",1000,696(1),696(1),697(1),697(1),697(1),697(1),340(1),340(1),495(1),495(1),-,-,-
Tel Govt-NS LOC,BCB-GEN,Telangana,"Mediciti IMS, Ghanpur",RADIO DIAGNOSIS,"₹7,00,000*",Info not available*,1*,"₹20,00,000*",720,-,-,-,-,-,-,497(1),497(1),497(1),497(1),-,-,-
Tel Govt-NS LOC,BCA-GEN,Telangana,"RVM IMSRC, Siddipet",RADIO DIAGNOSIS,"₹7,00,000*",Info not available*,1*,"₹20,00,000*",1110,-,-,-,-,-,-,503(1),503(1),503(1),503(1),-,-,-
Tel Govt-NS LOC,OPEN-FEM,Telangana,"CAIMS, Karimnagar",RADIO DIAGNOSIS,"₹7,75,000*",Info not available*,1*,"₹20,00,000*",1000,-,-,-,-,-,-,336(1),336(1),505(1),505(1),-,-,-
Tel Govt-NS LOC,SC-GEN,Telangana,"Gandhi Med Coll, Secunderabad",GENERAL MEDICINE,"₹25,000*","₹58,289",1,"₹20,00,000",1200,412(1),412(1),412(1),412(1),412(1),412(1),275(1),507(1),507(1),507(1),-,-,-
Tel Govt-NS LOC,OPEN-GEN,Telangana,"Govt Med Coll, Siddipet",GENERAL SURGERY,"₹25,000*","₹58,289",1,"₹20,00,000",780,633(1),789(1),956(1),956(1),956(1),956(1),319(1),319(1),509(2),509(2),-,-,-
Tel Govt-NS LOC,BCE-FEM,Telangana,"Govt Med Coll, Suryapet",OBG,"₹25,000*","₹58,289",1,"₹20,00,000",580,-,-,-,-,-,-,-,389(1),513(1),513(1),-,-,-
Tel Govt-NS LOC,OPEN-GEN,Telangana,"Surabhi InstituteofMS,Siddipet",RADIO DIAGNOSIS,"₹7,75,000*",Info not available*,1*,"₹20,00,000*",-,-,-,-,-,-,-,417(1),417(1),517(1),601(1),-,-,-
Tel Govt-NS LOC,OPEN-FEM,Telangana,"Prathima IMS, Karimnagar",OBG,"₹7,50,000*",Info not available*,1*,"₹20,00,000*",1060,1001(1),1001(1),1003(1),1003(1),1003(1),1003(1),361(1),361(1),518(1),765(1),-,-,-
Tel Govt-NS LOC,OPEN-GEN,Telangana,"SVS Med Coll, Mehboobnagar",PAEDIATRICS,"₹7,50,000*",Info not available*,1*,"₹20,00,000*",760,728(1),781(1),782(1),782(1),782(1),782(1),408(1),248(1),527(1),527(1),-,-,-
Tel Govt-NS LOC,OPEN-GEN,Telangana,"RVM IMSRC, Siddipet",GENERAL MEDICINE,"₹7,00,000*",Info not available*,1*,"₹20,00,000*",1110,599(1),599(1),665(1),665(1),665(1),665(1),310(1),310(1),535(1),535(1),-,-,-
Tel Govt-NS LOC,SC-FEM,Telangana,"Osmania Med Coll, Hyderabad",GENERAL SURGERY,"₹25,000*","₹58,289",1,"₹20,00,000",4800,1690(1),1700(1),2351(1),2351(1),2351(1),2351(1),536(1),819(1),536(1),536(1),-,-,-
Tel Govt-NS LOC,BCB-GEN,Telangana,"Osmania Med Coll, Hyderabad",TBRD,"₹25,000*","₹58,289",1,"₹20,00,000",4800,-,-,-,-,-,-,520(1),540(1),540(1),540(1),-,-,-
Tel Govt-NS LOC,OPEN-GEN,Telangana,"Kakatiya Med Coll, Warangal",TBRD,"₹25,000*","₹58,289",1,"₹20,00,000",1150,-,-,-,-,-,-,-,439(1),542(1),542(1),-,-,-
Tel Govt-NS LOC,OPEN-FEM,Telangana,"CAIMS, Karimnagar",GENERAL MEDICINE,"₹7,75,000*",Info not available*,1*,"₹20,00,000*",1000,692(1),614(1),978(1),978(1),978(1),978(1),312(1),312(1),544(2),544(2),-,-,-
Tel Govt-NS LOC,OPEN-FEM,Telangana,"Mamata AcadofMedSci,Bachupally",OBG,"₹7,50,000*",Info not available*,1*,"₹20,00,000*",-,-,-,-,-,-,-,-,-,549(1),549(1),-,-,-
Tel Govt-NS LOC,OPEN-FEM,Telangana,"Bhaskar Med Coll, Yenkapally",GENERAL MEDICINE,"₹7,50,000*",Info not available*,1*,"₹20,00,000*",850,-,-,-,-,-,-,292(1),292(1),554(1),554(1),-,-,-
Tel Govt-NS LOC,BCB-GEN,Telangana,"MNR Med Coll, Sangareddy",GENERAL MEDICINE,"₹7,00,000*",Info not available*,1*,"₹20,00,000*",760,-,1030(1),1032(1),1032(1),1032(1),1032(1),558(1),558(1),558(1),558(1),-,-,-
Tel Govt-NS LOC,BCE-FEM,Telangana,"Mamata AcadofMedSci,Bachupally",RADIO DIAGNOSIS,"₹7,50,000*",Info not available*,1*,"₹20,00,000*",-,-,-,-,-,-,-,561(1),561(1),561(1),561(1),-,-,-
Tel Govt-NS LOC,BCA-FEM,Telangana,"Gandhi Med Coll, Secunderabad",GENERAL SURGERY,"₹25,000*","₹58,289",1,"₹20,00,000",1200,963(1),963(1),965(1),965(1),965(1),965(1),562(1),562(1),562(1),562(1),-,-,-
Tel Govt-NS LOC,BCB-GEN,Telangana,"NIMS, Hyderabad",ORTHOPAEDICS,"₹72,000*","₹1,11,780",1,"₹50,00,000",1498,631(1),1032(1),1099(1),1099(1),1099(1),1099(1),563(1),563(1),563(1),563(1),-,-,-
Tel Govt-NS LOC,BCD-GEN,Telangana,"Govt Med Coll, Nizamabad",GENERAL SURGERY,"₹25,000*","₹58,289",1,"₹20,00,000",500,-,-,-,-,-,-,-,-,565(1),565(1),-,-,-
Tel Govt-NS LOC,BCD-FEM,Telangana,"Kakatiya Med Coll, Warangal",GENERAL SURGERY,"₹25,000*","₹58,289",1,"₹20,00,000",1150,726(1),726(1),1301(1),1301(1),1301(1),1301(1),461(1),566(1),566(1),566(1),-,-,-
Tel Govt-NS LOC,BCB-FEM,Telangana,"Bhaskar Med Coll, Yenkapally",RADIO DIAGNOSIS,"₹7,50,000*",Info not available*,1*,"₹20,00,000*",850,-,-,-,-,-,-,383(1),572(1),572(1),572(1),-,-,-
Tel Govt-NS LOC,SC-GEN,Telangana,"Govt Med Coll, Nizamabad",GENERAL MEDICINE,"₹25,000*","₹58,289",1,"₹20,00,000",500,-,-,-,-,-,-,526(1),576(1),576(1),576(1),-,-,-
Tel Govt-NS LOC,BCD-GEN,Telangana,"Mamata Med Coll, Khammam",GENERAL MEDICINE,"₹7,50,000*",Info not available*,1*,"₹20,00,000*",1080,-,-,-,-,-,-,398(1),387(1),578(1),578(1),-,-,-
Tel Govt-NS LOC,BCB-FEM,Telangana,"Mamata AcadofMedSci,Bachupally",GENERAL MEDICINE,"₹7,50,000*",Info not available*,1*,"₹20,00,000*",-,-,-,-,-,-,-,342(1),580(1),580(1),580(1),-,-,-
Tel Govt-NS LOC,BCB-GEN,Telangana,"CAIMS, Karimnagar",GENERAL MEDICINE,"₹7,75,000*",Info not available*,1*,"₹20,00,000*",1000,-,902(1),974(1),974(1),974(1),974(1),392(1),467(2),581(2),581(2),-,-,-
Tel Govt-NS LOC,OPEN-GEN,Telangana,"Kakatiya Med Coll, Warangal",ENT,"₹25,000*","₹58,289",1,"₹20,00,000",1150,1288(1),1452(1),1457(1),1457(1),1457(1),1457(1),584(1),584(1),584(1),584(1),-,-,-
Tel Govt-NS LOC,OPEN-GEN,Telangana,"MNR Med Coll, Sangareddy",DERMATOLOGY,"₹7,00,000*",Info not available*,1*,"₹20,00,000*",760,-,-,-,-,-,-,585(1),585(1),585(1),585(1),-,-,-
Tel Govt-NS LOC,OPEN-GEN,Telangana,"Osmania Med Coll, Hyderabad",OPHTHALMOLOGY,"₹25,000*","₹58,289",1,"₹20,00,000",4800,964(3),964(3),1454(3),1454(3),1454(3),1454(3),587(5),587(5),587(5),587(5),-,-,-
Tel Govt-NS LOC,OPEN-GEN,Telangana,"SVS Med Coll, Mehboobnagar",GENERAL SURGERY,"₹7,50,000*",Info not available*,1*,"₹20,00,000*",760,1471(1),1471(1),1605(1),1605(1),1605(1),1605(1),500(2),502(2),588(2),588(2),-,-,-
Tel Govt-NS LOC,OPEN-FEM,Telangana,"MNR Med Coll, Sangareddy",PAEDIATRICS,"₹7,00,000*",Info not available*,1*,"₹20,00,000*",760,-,-,-,-,-,-,589(1),589(1),589(1),616(1),-,-,-
Tel Govt-NS LOC,SC-FEM,Telangana,"Kakatiya Med Coll, Warangal",GENERAL MEDICINE,"₹25,000*","₹58,289",1,"₹20,00,000",1150,-,-,-,-,-,-,592(1),592(1),592(1),592(1),-,-,-
Tel Govt-NS LOC,OPEN-FEM,Telangana,"NIMS, Hyderabad",ANAESTHESIOLOGY,"₹72,000*","₹1,11,780",1,"₹50,00,000",1498,552(2),552(2),742(2),742(2),742(2),742(2),150(1),237(1),593(1),671(1),-,-,-
Tel Govt-NS LOC,OPEN-GEN,Telangana,"MNR Med Coll, Sangareddy",GENERAL MEDICINE,"₹7,00,000*",Info not available*,1*,"₹20,00,000*",760,806(1),894(1),1016(1),1016(1),1016(1),1016(1),414(2),414(2),597(2),597(2),-,-,-
Tel Govt-NS LOC,OPEN-GEN,Telangana,"ESIC Med Coll,Sanath Nagar",ORTHOPAEDICS,"₹2,50,000*","₹1,26,927*",2*,"₹10,00,000*",690,-,-,-,-,-,-,600(1),600(1),600(1),600(1),-,-,-
Tel Govt-NS LOC,OPEN-GEN,Telangana,"NIMS, Hyderabad",ORTHOPAEDICS,"₹72,000*","₹1,11,780",1,"₹50,00,000",1498,467(1),984(2),1010(2),1010(2),1010(2),1010(2),229(1),396(1),601(1),824(1),-,-,-
Tel Govt-NS LOC,OPEN-GEN,Telangana,"Mahavir Inst of MS, Vikarabad",RADIO DIAGNOSIS,"₹7,00,000*",Info not available*,1*,"₹20,00,000*",700,746(1),746(1),747(1),747(1),747(1),747(1),406(1),406(1),603(1),603(1),-,-,-
Tel Govt-NS LOC,BCA-GEN,Telangana,"Osmania Med Coll, Hyderabad",ANAESTHESIOLOGY,"₹25,000*","₹58,289",1,"₹20,00,000",4800,1103(1),1103(1),1105(1),1105(1),1105(1),1105(1),604(1),604(1),604(1),604(1),-,-,-
Tel Govt-NS LOC,BCA-GEN,Telangana,"ESIC Med Coll,Sanath Nagar",DERMATOLOGY,"₹2,50,000*","₹1,26,927*",2*,"₹10,00,000*",690,-,-,-,-,-,-,571(1),605(1),605(1),605(1),-,-,-
Tel Govt-NS LOC,OPEN-FEM,Telangana,"Kamineni IMS, Narketpally",GENERAL MEDICINE,"₹7,50,000*",Info not available*,1*,"₹20,00,000*",1060,-,-,-,-,-,-,291(1),291(1),606(2),606(2),-,-,-
Tel Govt-NS LOC,OPEN-GEN,Telangana,"Mahavir Inst of MS, Vikarabad",GENERAL MEDICINE,"₹7,00,000*",Info not available*,1*,"₹20,00,000*",700,817(1),968(1),1204(1),1820(1),1820(1),1820(1),439(1),495(1),609(1),609(1),-,-,-
Tel Govt-NS LOC,BCE-GEN,Telangana,"Mediciti IMS, Ghanpur",DERMATOLOGY,"₹7,00,000*",Info not available*,1*,"₹20,00,000*",720,-,-,-,-,-,-,610(1),610(1),610(1),610(1),-,-,-
Tel Govt-NS LOC,OPEN-FEM,Telangana,"Dr Patnam MRInstofMS,Chevella",GENERAL MEDICINE,"₹7,00,000*",Info not available*,1*,"₹20,00,000*",-,938(1),938(1),940(1),940(1),940(1),940(1),-,368(1),612(1),612(1),-,-,-
Tel Govt-NS LOC,OPEN-GEN,Telangana,"Gandhi Med Coll, Secunderabad",ORTHOPAEDICS,"₹25,000*","₹58,289",1,"₹20,00,000",1200,635(1),467(1),467(1),467(1),467(1),467(1),564(1),614(2),614(2),614(2),-,-,-
Tel Govt-NS LOC,SC-GEN,Telangana,"Apollo IMSR, Hyderabad",GENERAL MEDICINE,"₹7,50,000*",Info not available*,1*,"₹20,00,000*",570,-,-,-,-,-,-,615(1),615(1),615(1),615(1),-,-,-
Tel Govt-NS LOC,OPEN-GEN,Telangana,"RVM IMSRC, Siddipet",PAEDIATRICS,"₹7,00,000*",Info not available*,1*,"₹20,00,000*",1110,-,-,-,-,-,-,544(1),544(1),616(1),798(1),-,-,-
Tel Govt-NS LOC,OPEN-FEM,Telangana,"Maheshwara Med Coll, Medak",GENERAL MEDICINE,"₹7,00,000*",Info not available*,1*,"₹20,00,000*",745,-,-,-,-,-,-,521(1),521(1),618(1),618(1),-,-,-
Tel Govt-NS LOC,BCA-GEN,Telangana,"Kakatiya Med Coll, Warangal",GENERAL MEDICINE,"₹25,000*","₹58,289",1,"₹20,00,000",1150,-,-,-,-,-,-,345(1),370(2),619(2),619(2),-,-,-
Tel Govt-NS LOC,BCD-GEN,Telangana,"MNR Med Coll, Sangareddy",RADIO DIAGNOSIS,"₹7,00,000*",Info not available*,1*,"₹20,00,000*",760,-,-,-,-,-,-,-,714(1),621(1),621(1),-,-,-
Tel Govt-NS LOC,SC-GEN,Telangana,"Kakatiya Med Coll, Warangal",GENERAL SURGERY,"₹25,000*","₹58,289",1,"₹20,00,000",1150,1517(1),1962(1),2011(1),2011(1),2011(1),2011(1),623(1),623(1),623(1),623(1),-,-,-
Tel Govt-NS LOC,BCB-GEN,Telangana,"Bhaskar Med Coll, Yenkapally",GENERAL MEDICINE,"₹7,50,000*",Info not available*,1*,"₹20,00,000*",850,-,-,-,-,-,-,456(1),456(1),625(1),625(1),-,-,-
Tel Govt-NS LOC,OPEN-GEN,Telangana,"Gandhi Med Coll, Secunderabad",OPHTHALMOLOGY,"₹25,000*","₹58,289",1,"₹20,00,000",1200,-,-,-,-,-,-,628(1),628(1),628(1),628(1),-,-,-
Tel Govt-NS LOC,BCA-GEN,Telangana,"Osmania Med Coll, Hyderabad",OBG,"₹25,000*","₹58,289",1,"₹20,00,000",4800,787(1),787(1),789(1),789(1),789(1),789(1),481(1),629(1),629(1),629(1),-,-,-
Tel Govt-NS LOC,OPEN-FEM,Telangana,"MNR Med Coll, Sangareddy",GENERAL MEDICINE,"₹7,00,000*",Info not available*,1*,"₹20,00,000*",760,875(1),875(1),1313(2),1577(2),1577(2),1577(2),-,-,632(1),589(1),-,-,-
Tel Govt-NS LOC,BCB-GEN,Telangana,"Mamata AcadofMedSci,Bachupally",PAEDIATRICS,"₹7,50,000*",Info not available*,1*,"₹20,00,000*",-,-,-,-,-,-,-,597(1),597(1),635(1),635(1),-,-,-
Tel Govt-NS LOC,OPEN-FEM,Telangana,"Kakatiya Med Coll, Warangal",OPHTHALMOLOGY,"₹25,000*","₹58,289",1,"₹20,00,000",1150,1194(1),1194(1),1695(1),1695(1),1695(1),1695(1),636(1),636(1),636(1),636(1),-,-,-
Tel Govt-NS LOC,BCB-GEN,Telangana,"Osmania Med Coll, Hyderabad",ORTHOPAEDICS,"₹25,000*","₹58,289",1,"₹20,00,000",4800,1032(1),1180(1),1187(2),1187(2),1187(2),1187(2),637(1),637(1),637(1),637(1),-,-,-
Tel Govt-NS LOC,OPEN-GEN,Telangana,"Surabhi InstituteofMS,Siddipet",DERMATOLOGY,"₹7,75,000*",Info not available*,1*,"₹20,00,000*",-,-,-,-,-,-,-,-,603(1),641(1),893(1),-,-,-
Tel Govt-NS LOC,OPEN-FEM,Telangana,"Mediciti IMS, Ghanpur",OBG,"₹7,00,000*",Info not available*,1*,"₹20,00,000*",720,-,-,-,-,-,-,463(1),463(1),644(1),1168(1),-,-,-
Tel Govt-NS LOC,OPEN-FEM,Telangana,"Kakatiya Med Coll, Warangal",TBRD,"₹25,000*","₹58,289",1,"₹20,00,000",1150,591(1),720(1),854(1),854(1),854(1),854(1),534(1),534(1),648(1),648(1),-,-,-
Tel Govt-NS LOC,OPEN-GEN,Telangana,"Osmania Med Coll, Hyderabad",RADIATION ONCOLOGY,"₹25,000*","₹58,289",1,"₹20,00,000",4800,1600(2),2075(2),2503(2),2503(2),2503(2),2503(2),781(1),781(1),652(1),911(1),-,-,-
Tel Govt-NS LOC,BCB-FEM,Telangana,"Govt Med Coll, Siddipet",OBG,"₹25,000*","₹58,289",1,"₹20,00,000",780,589(1),703(1),1338(1),1338(1),1338(1),1338(1),335(1),342(2),655(2),655(2),-,-,-
Tel Govt-NS LOC,ST-FEM,Telangana,"Gandhi Med Coll, Secunderabad",GENERAL MEDICINE,"₹25,000*","₹58,289",1,"₹20,00,000",1200,-,-,-,-,-,-,656(1),656(1),656(1),656(1),-,-,-
Tel Govt-NS LOC,BCB-FEM,Telangana,"NIMS, Hyderabad",ANAESTHESIOLOGY,"₹72,000*","₹1,11,780",1,"₹50,00,000",1498,-,-,-,-,-,-,468(1),468(1),657(1),657(1),-,-,-
Tel Govt-NS LOC,BCD-FEM,Telangana,"Gandhi Med Coll, Secunderabad",ANAESTHESIOLOGY,"₹25,000*","₹58,289",1,"₹20,00,000",1200,-,-,-,-,-,-,659(1),659(1),659(1),659(1),-,-,-
Tel Govt-NS LOC,BCD-GEN,Telangana,"NIMS, Hyderabad",ANAESTHESIOLOGY,"₹72,000*","₹1,11,780",1,"₹50,00,000",1498,663(1),663(1),663(1),663(1),663(1),663(1),432(1),432(1),660(1),660(1),-,-,-
Tel Govt-NS LOC,SC-FEM,Telangana,"Gandhi Med Coll, Secunderabad",OBG,"₹25,000*","₹58,289",1,"₹20,00,000",1200,-,-,-,-,-,-,661(1),661(1),661(1),661(1),-,-,-
Tel Govt-NS LOC,BCD-GEN,Telangana,"MNR Med Coll, Sangareddy",GENERAL MEDICINE,"₹7,00,000*",Info not available*,1*,"₹20,00,000*",760,-,-,-,-,-,-,-,535(1),662(1),662(1),-,-,-
Tel Govt-NS LOC,OPEN-FEM,Telangana,"Mahavir Inst of MS, Vikarabad",GENERAL MEDICINE,"₹7,00,000*",Info not available*,1*,"₹20,00,000*",700,-,-,-,-,-,-,554(1),554(1),663(1),663(1),-,-,-
Tel Govt-NS LOC,OPEN-FEM,Telangana,"Prathima IMS, Karimnagar",PAEDIATRICS,"₹7,50,000*",Info not available*,1*,"₹20,00,000*",1060,705(1),705(1),706(1),706(1),706(1),706(1),282(1),282(1),664(1),664(1),-,-,-
Tel Govt-NS LOC,OPEN-GEN,Telangana,"Mamata Med Coll, Khammam",PAEDIATRICS,"₹7,50,000*",Info not available*,1*,"₹20,00,000*",1080,793(1),793(1),1030(1),1030(1),1030(1),1030(1),495(1),505(1),666(1),666(1),-,-,-
Tel Govt-NS LOC,SC-GEN,Telangana,"Osmania Med Coll, Hyderabad",PAEDIATRICS,"₹25,000*","₹58,289",1,"₹20,00,000",4800,715(1),715(1),716(1),716(1),716(1),716(1),613(3),613(3),667(3),667(3),-,-,-
Tel Govt-NS LOC,SC-GEN,Telangana,"Gandhi Med Coll, Secunderabad",PAEDIATRICS,"₹25,000*","₹58,289",1,"₹20,00,000",1200,1190(1),1328(1),1597(1),1597(1),1597(1),1597(1),667(1),667(1),668(1),668(1),-,-,-
Tel Govt-NS LOC,OPEN-GEN,Telangana,"Bhaskar Med Coll, Yenkapally",PAEDIATRICS,"₹7,50,000*",Info not available*,1*,"₹20,00,000*",850,-,-,-,-,-,-,618(1),618(1),669(1),669(1),-,-,-
Tel Govt-NS LOC,BCD-GEN,Telangana,"Kamineni IMS, Narketpally",RADIO DIAGNOSIS,"₹7,50,000*",Info not available*,1*,"₹20,00,000*",1060,-,1093(1),1312(1),1312(1),1312(1),1312(1),341(1),670(1),670(1),670(1),-,-,-
Tel Govt-NS LOC,OPEN-FEM,Telangana,"Gandhi Med Coll, Secunderabad",OPHTHALMOLOGY,"₹25,000*","₹58,289",1,"₹20,00,000",1200,1186(1),849(1),1635(1),1635(1),1635(1),1635(1),-,-,673(1),673(1),-,-,-
Tel Govt-NS LOC,BCB-GEN,Telangana,"Kakatiya Med Coll, Warangal",TBRD,"₹25,000*","₹58,289",1,"₹20,00,000",1150,-,-,-,-,-,-,-,-,674(1),674(1),-,-,-
Tel Govt-NS LOC,OPEN-FEM,Telangana,"Apollo IMSR, Hyderabad",OBG,"₹7,50,000*",Info not available*,1*,"₹20,00,000*",570,-,-,-,-,-,-,263(1),263(1),675(1),675(1),-,-,-
Tel Govt-NS LOC,BCB-GEN,Telangana,"Gandhi Med Coll, Secunderabad",ORTHOPAEDICS,"₹25,000*","₹58,289",1,"₹20,00,000",1200,-,-,-,-,-,-,676(1),676(1),676(1),676(1),-,-,-
Tel Govt-NS LOC,BCB-GEN,Telangana,"SVS Med Coll, Mehboobnagar",GENERAL SURGERY,"₹7,50,000*",Info not available*,1*,"₹20,00,000*",760,1498(1),1498(1),1765(1),1765(1),1765(1),1765(1),677(1),677(1),677(1),677(1),-,-,-
Tel Govt-NS LOC,BCB-GEN,Telangana,"Dr Patnam MRInstofMS,Chevella",GENERAL MEDICINE,"₹7,00,000*",Info not available*,1*,"₹20,00,000*",-,-,-,-,-,-,-,508(1),508(1),679(1),679(1),-,-,-
Tel Govt-NS LOC,OPEN-GEN,Telangana,"Prathima IMS, Karimnagar",PAEDIATRICS,"₹7,50,000*",Info not available*,1*,"₹20,00,000*",1060,781(1),797(1),799(1),799(1),799(1),799(1),460(1),460(1),682(1),682(1),-,-,-
Tel Govt-NS LOC,MIN-FEM-MSM,Telangana,"Shadan IMSRC, Peerancheru",GENERAL MEDICINE,"₹7,50,000*",Info not available*,1*,"₹20,00,000*",800,1111(1),1424(1),1427(1),1427(1),1427(1),1427(1),684(1),684(1),684(1),684(1),-,-,-
Tel Govt-NS LOC,OPEN-GEN,Telangana,"Osmania Med Coll, Hyderabad",ORTHOPAEDICS,"₹25,000*","₹58,289",1,"₹20,00,000",4800,712(2),1008(2),1044(2),1044(2),1044(2),1044(2),469(2),469(2),685(2),685(2),-,-,-
Tel Govt-NS LOC,OPEN-GEN,Telangana,"Kamineni (KAMSRC), Hyderabad",OBG,"₹7,00,000*",Info not available*,1*,"₹20,00,000*",650,1277(1),1277(1),1279(1),1279(1),1279(1),1279(1),337(1),337(1),689(2),644(2),-,-,-
Tel Govt-NS LOC,OPEN-GEN,Telangana,"Mamata Med Coll, Khammam",GENERAL SURGERY,"₹7,50,000*",Info not available*,1*,"₹20,00,000*",1080,-,-,-,-,-,-,588(1),588(1),691(1),691(1),-,-,-
Tel Govt-NS LOC,MIN-GEN-MSM,Telangana,"Shadan IMSRC, Peerancheru",GENERAL MEDICINE,"₹7,50,000*",Info not available*,1*,"₹20,00,000*",800,1279(1),1546(1),1553(1),1553(1),1553(1),1553(1),693(1),693(1),693(1),693(1),-,-,-
Tel Govt-NS LOC,BCC-GEN,Telangana,"SVS Med Coll, Mehboobnagar",RADIO DIAGNOSIS,"₹7,50,000*",Info not available*,1*,"₹20,00,000*",760,-,-,-,-,-,-,694(1),694(1),694(1),694(1),-,-,-
Tel Govt-NS LOC,OPEN-FEM,Telangana,"Apollo IMSR, Hyderabad",GENERAL SURGERY,"₹7,50,000*",Info not available*,1*,"₹20,00,000*",570,-,-,-,-,-,-,-,-,695(1),986(1),-,-,-
Tel Govt-NS LOC,BCD-FEM,Telangana,"CAIMS, Karimnagar",GENERAL MEDICINE,"₹7,75,000*",Info not available*,1*,"₹20,00,000*",1000,-,-,1128(1),1128(1),1128(1),1128(1),569(1),569(1),702(2),702(2),-,-,-
Tel Govt-NS LOC,OPEN-FEM,Telangana,"CAIMS, Karimnagar",PAEDIATRICS,"₹7,75,000*",Info not available*,1*,"₹20,00,000*",1000,-,-,-,-,-,-,373(1),579(1),703(1),703(1),-,-,-
Tel Govt-NS LOC,BCA-FEM,Telangana,"Mamata Med Coll, Khammam",DERMATOLOGY,"₹7,50,000*",Info not available*,1*,"₹20,00,000*",1080,-,-,-,-,-,-,705(1),705(1),705(1),705(1),-,-,-
Tel Govt-NS LOC,MIN-GEN-MSM,Telangana,"Shadan IMSRC, Peerancheru",PAEDIATRICS,"₹7,50,000*",Info not available*,1*,"₹20,00,000*",800,1460(1),1575(1),1920(2),1920(2),1920(2),1920(2),706(1),706(1),706(1),706(1),-,-,-
Tel Govt-NS LOC,BCA-GEN,Telangana,"Kamineni (KAMSRC), Hyderabad",GENERAL MEDICINE,"₹7,00,000*",Info not available*,1*,"₹20,00,000*",650,-,-,-,-,-,-,708(1),708(1),708(1),708(1),-,-,-
Tel Govt-NS LOC,BCA-GEN,Telangana,"NIMS, Hyderabad",ANAESTHESIOLOGY,"₹72,000*","₹1,11,780",1,"₹50,00,000",1498,-,-,-,-,-,-,488(1),488(1),709(1),709(1),-,-,-
Tel Govt-NS LOC,OPEN-GEN,Telangana,"Prathima IMS, Karimnagar",OBG,"₹7,50,000*",Info not available*,1*,"₹20,00,000*",1060,1293(1),1293(1),1295(1),1418(2),1418(2),1418(2),427(1),485(1),710(1),710(1),-,-,-
Tel Govt-NS LOC,OPEN-FEM,Telangana,"SVS Med Coll, Mehboobnagar",OBG,"₹7,50,000*",Info not available*,1*,"₹20,00,000*",760,-,-,-,-,-,-,348(1),348(1),713(2),713(2),-,-,-
Tel Govt-NS LOC,BCD-GEN,Telangana,"Gandhi Med Coll, Secunderabad",TBRD,"₹25,000*","₹58,289",1,"₹20,00,000",1200,-,-,-,-,-,-,644(1),644(1),714(1),714(1),-,-,-
Tel Govt-NS LOC,BCA-GEN,Telangana,"Kakatiya Med Coll, Warangal",OBG,"₹25,000*","₹58,289",1,"₹20,00,000",1150,-,-,-,-,-,-,719(1),719(1),719(1),719(1),-,-,-
Tel Govt-NS LOC,OPEN-GEN,Telangana,"Govt Med Coll, Nizamabad",TBRD,"₹25,000*","₹58,289",1,"₹20,00,000",500,-,-,-,-,-,-,540(1),490(1),721(1),721(1),-,-,-
Tel Govt-NS LOC,OPEN-FEM,Telangana,"Prathima IMS, Karimnagar",GENERAL SURGERY,"₹7,50,000*",Info not available*,1*,"₹20,00,000*",1060,1586(1),1931(1),2121(1),2121(1),2121(1),2121(1),723(1),723(1),723(1),723(1),-,-,-
Tel Govt-NS LOC,OPEN-FEM,Telangana,"Osmania Med Coll, Hyderabad",ANAESTHESIOLOGY,"₹25,000*","₹58,289",1,"₹20,00,000",4800,823(2),1189(3),1626(3),1626(3),1626(3),1626(3),425(2),459(2),724(3),918(3),-,-,-
Tel Govt-NS LOC,OPEN-GEN,Telangana,"Mamata AcadofMedSci,Bachupally",OBG,"₹7,50,000*",Info not available*,1*,"₹20,00,000*",-,-,-,-,-,-,-,368(1),427(1),726(1),726(1),-,-,-
Tel Govt-NS LOC,OPEN-FEM,Telangana,"SVS Med Coll, Mehboobnagar",GENERAL SURGERY,"₹7,50,000*",Info not available*,1*,"₹20,00,000*",760,-,1299(1),1491(1),1491(1),1491(1),1491(1),441(1),441(1),728(1),728(1),-,-,-
Tel Govt-NS LOC,OPEN-GEN,Telangana,"Kakatiya Med Coll, Warangal",ORTHOPAEDICS,"₹25,000*","₹58,289",1,"₹20,00,000",1150,-,1010(1),1711(1),1711(1),1711(1),1711(1),638(1),638(1),730(1),730(1),-,-,-
Tel Govt-NS LOC,OPEN-GEN,Telangana,"Gandhi Med Coll, Secunderabad",GERIATRICS,"₹25,000*","₹58,289",1,"₹20,00,000",1200,-,-,-,-,-,-,660(1),734(1),734(1),734(1),-,-,-
Tel Govt-NS LOC,OPEN-FEM,Telangana,"Mamata Med Coll, Khammam",PAEDIATRICS,"₹7,50,000*",Info not available*,1*,"₹20,00,000*",1080,-,-,-,-,-,-,527(1),527(1),735(1),735(1),-,-,-
Tel Govt-NS LOC,BCB-GEN,Telangana,"Osmania Med Coll, Hyderabad",OPHTHALMOLOGY,"₹25,000*","₹58,289",1,"₹20,00,000",4800,978(1),1349(1),1984(1),1984(1),1984(1),1984(1),740(1),740(1),740(1),740(1),-,-,-
Tel Govt-NS LOC,BCB-GEN,Telangana,"Osmania Med Coll, Hyderabad",ENT,"₹25,000*","₹58,289",1,"₹20,00,000",4800,980(1),980(1),982(1),982(1),982(1),982(1),742(1),742(1),742(1),742(1),-,-,-
Tel Govt-NS LOC,BCC-FEM,Telangana,"Osmania Med Coll, Hyderabad",OBG,"₹25,000*","₹58,289",1,"₹20,00,000",4800,-,-,-,-,-,-,745(1),745(1),745(1),745(1),-,-,-
Tel Govt-NS LOC,BCE-GEN,Telangana,"Gandhi Med Coll, Secunderabad",OPHTHALMOLOGY,"₹25,000*","₹58,289",1,"₹20,00,000",1200,1637(1),1637(1),1644(1),1644(1),1644(1),1644(1),675(1),746(1),746(1),746(1),-,-,-
Tel Govt-NS LOC,SC-FEM,Telangana,"Osmania Med Coll, Hyderabad",DERMATOLOGY,"₹25,000*","₹58,289",1,"₹20,00,000",4800,-,-,-,-,-,-,743(1),743(1),747(1),747(1),-,-,-
Tel Govt-NS LOC,BCB-FEM,Telangana,"Dr Patnam MRInstofMS,Chevella",DERMATOLOGY,"₹7,00,000*",Info not available*,1*,"₹20,00,000*",-,-,-,-,-,-,-,580(1),939(1),748(1),1292(1),-,-,-
Tel Govt-NS LOC,BCE-GEN,Telangana,"Osmania Med Coll, Hyderabad",OPHTHALMOLOGY,"₹25,000*","₹58,289",1,"₹20,00,000",4800,-,-,-,-,-,-,642(1),642(1),749(1),749(1),-,-,-
Tel Govt-NS LOC,BCB-FEM,Telangana,"SVS Med Coll, Mehboobnagar",OBG,"₹7,50,000*",Info not available*,1*,"₹20,00,000*",760,-,-,-,-,-,-,672(1),672(1),753(1),753(1),-,-,-
Tel Govt-NS LOC,MIN-FEM-MSM,Telangana,"DCMS, Hyderabad",OBG,"₹7,75,000*",Info not available*,1*,"₹20,00,000*",1400,1859(1),1396(1),1399(1),1399(1),1399(1),1399(1),754(1),754(1),754(2),754(2),-,-,-
Tel Govt-NS LOC,BCD-GEN,Telangana,"Osmania Med Coll, Hyderabad",OPHTHALMOLOGY,"₹25,000*","₹58,289",1,"₹20,00,000",4800,1162(1),1162(1),1164(1),1164(1),1164(1),1164(1),714(1),757(1),757(1),757(1),-,-,-
Tel Govt-NS LOC,SC-GEN,Telangana,"Govt Med Coll, Siddipet",DERMATOLOGY,"₹25,000*","₹58,289",1,"₹20,00,000",780,-,-,-,-,-,-,764(1),764(1),764(1),764(1),-,-,-
Tel Govt-NS LOC,OPEN-FEM,Telangana,"CAIMS, Karimnagar",OBG,"₹7,75,000*",Info not available*,1*,"₹20,00,000*",1000,-,-,-,-,-,-,594(1),621(1),765(1),967(1),-,-,-
Tel Govt-NS LOC,OPEN-FEM,Telangana,"Gandhi Med Coll, Secunderabad",ANAESTHESIOLOGY,"₹25,000*","₹58,289",1,"₹20,00,000",1200,710(1),710(1),1191(1),1191(1),1191(1),1191(1),404(1),404(1),772(1),772(1),-,-,-
Tel Govt-NS LOC,MIN-GEN-MSM,Telangana,"DCMS, Hyderabad",OBG,"₹7,75,000*",Info not available*,1*,"₹20,00,000*",1400,2000(1),2000(1),2091(2),2091(2),2091(2),2091(2),774(2),774(2),774(2),774(2),-,-,-
Tel Govt-NS LOC,BCD-GEN,Telangana,"Surabhi InstituteofMS,Siddipet",GENERAL MEDICINE,"₹7,75,000*",Info not available*,1*,"₹20,00,000*",-,-,-,-,-,-,-,535(1),750(2),776(2),776(2),-,-,-
Tel Govt-NS LOC,OPEN-GEN,Telangana,"CAIMS, Karimnagar",PAEDIATRICS,"₹7,75,000*",Info not available*,1*,"₹20,00,000*",1000,1005(1),1005(1),1007(1),1007(1),1007(1),1007(1),-,-,781(1),781(1),-,-,-
Tel Govt-NS LOC,BCA-GEN,Telangana,"Govt Med Coll, Nizamabad",GENERAL SURGERY,"₹25,000*","₹58,289",1,"₹20,00,000",500,-,-,-,-,-,-,438(1),438(1),783(1),783(1),-,-,-
Tel Govt-NS LOC,BCD-GEN,Telangana,"RVM IMSRC, Siddipet",RADIO DIAGNOSIS,"₹7,00,000*",Info not available*,1*,"₹20,00,000*",1110,-,-,-,-,-,-,-,660(1),784(1),784(1),-,-,-
Tel Govt-NS LOC,OPEN-GEN,Telangana,"CAIMS, Karimnagar",GENERAL SURGERY,"₹7,75,000*",Info not available*,1*,"₹20,00,000*",1000,1507(1),1507(1),1513(1),1513(1),1513(1),1513(1),785(1),785(1),785(1),785(1),-,-,-
Tel Govt-NS LOC,OPEN-GEN,Telangana,"Rajiv Gandhi IMS, Adilabad",TBRD,"₹25,000*","₹58,289",1,"₹20,00,000",Info Not Available,720(1),1002(1),1351(1),1351(1),1351(1),1351(1),542(1),542(1),787(1),787(1),-,-,-
Tel Govt-NS LOC,BCB-FEM,Telangana,"Mamata Med Coll, Khammam",GENERAL MEDICINE,"₹7,50,000*",Info not available*,1*,"₹20,00,000*",1080,-,-,-,-,-,-,331(1),331(1),791(1),791(1),-,-,-
Tel Govt-NS LOC,BCD-GEN,Telangana,"Mamata AcadofMedSci,Bachupally",OBG,"₹7,50,000*",Info not available*,1*,"₹20,00,000*",-,-,-,-,-,-,-,518(1),489(1),792(1),792(1),-,-,-
Tel Govt-NS LOC,ST-GEN,Telangana,"Osmania Med Coll, Hyderabad",DERMATOLOGY,"₹25,000*","₹58,289",1,"₹20,00,000",4800,1968(1),2118(1),2126(1),2126(1),2126(1),2126(1),793(1),793(1),793(1),793(1),-,-,-
Tel Govt-NS LOC,OPEN-GEN,Telangana,"ESIC Med Coll,Sanath Nagar",OPHTHALMOLOGY,"₹2,50,000*","₹1,26,927*",2*,"₹10,00,000*",690,1155(1),1155(1),1593(1),1593(1),1593(1),1593(1),717(1),717(1),794(1),794(1),-,-,-
Tel Govt-NS LOC,OPEN-GEN,Telangana,"Gandhi Med Coll, Secunderabad",ENT,"₹25,000*","₹58,289",1,"₹20,00,000",1200,953(1),953(1),955(1),955(1),955(1),955(1),502(1),383(1),798(1),593(1),-,-,-
Tel Govt-NS LOC,BCB-FEM,Telangana,"Prathima IMS, Karimnagar",OBG,"₹7,50,000*",Info not available*,1*,"₹20,00,000*",1060,-,-,-,-,-,-,-,-,799(1),799(1),-,-,-
Tel Govt-NS LOC,OPEN-FEM,Telangana,"Osmania Med Coll, Hyderabad",PSYCHIATRY,"₹25,000*","₹58,289",1,"₹20,00,000",4800,1391(1),1220(1),1222(1),1222(1),1222(1),1222(1),746(1),423(1),801(1),801(1),-,-,-
Tel Govt-NS LOC,OPEN-GEN,Telangana,"Mediciti IMS, Ghanpur",OBG,"₹7,00,000*",Info not available*,1*,"₹20,00,000*",720,1427(1),1427(1),1430(1),1430(1),1430(1),1430(1),549(1),549(1),805(1),805(1),-,-,-
Tel Govt-NS LOC,BCD-GEN,Telangana,"Mamata Med Coll, Khammam",DERMATOLOGY,"₹7,50,000*",Info not available*,1*,"₹20,00,000*",1080,-,-,-,-,-,-,-,811(1),811(1),811(1),-,-,-
Tel Govt-NS LOC,BCB-GEN,Telangana,"NIMS, Hyderabad",EMERGENCY MEDICINE,"₹72,000*","₹1,11,780",1,"₹50,00,000",1498,-,-,-,-,-,-,809(1),809(1),813(1),1032(1),-,-,-
Tel Govt-NS LOC,OPEN-GEN,Telangana,"ESIC Med Coll,Sanath Nagar",ENT,"₹2,50,000*","₹1,26,927*",2*,"₹10,00,000*",690,-,-,-,-,-,-,617(1),617(1),815(1),815(1),-,-,-
Tel Govt-NS LOC,OPEN-FEM,Telangana,"Gandhi Med Coll, Secunderabad",ENT,"₹25,000*","₹58,289",1,"₹20,00,000",1200,1106(1),1372(1),1375(1),1375(1),1375(1),1375(1),430(1),430(1),818(2),818(2),-,-,-
Tel Govt-NS LOC,OPEN-GEN,Telangana,"Osmania Med Coll, Hyderabad",ANAESTHESIOLOGY,"₹25,000*","₹58,289",1,"₹20,00,000",4800,904(3),954(3),1753(3),1753(3),1753(3),1753(3),499(5),513(5),821(5),821(5),-,-,-
Tel Govt-NS LOC,OPEN-GEN,Telangana,"Mamata AcadofMedSci,Bachupally",GENERAL SURGERY,"₹7,50,000*",Info not available*,1*,"₹20,00,000*",-,-,-,-,-,-,-,759(1),759(1),823(2),887(2),-,-,-
Tel Govt-NS LOC,BCD-GEN,Telangana,"Osmania Med Coll, Hyderabad",ORTHOPAEDICS,"₹25,000*","₹58,289",1,"₹20,00,000",4800,-,-,-,-,-,-,-,-,824(1),1034(1),-,-,-
Tel Govt-NS LOC,OPEN-FEM,Telangana,"Gandhi Med Coll, Secunderabad",ORTHOPAEDICS,"₹25,000*","₹58,289",1,"₹20,00,000",1200,984(1),1068(1),2380(1),2380(1),2380(1),2380(1),825(1),825(1),825(1),825(1),-,-,-
Tel Govt-NS LOC,OPEN-FEM,Telangana,"NIMS, Hyderabad",ORTHOPAEDICS,"₹72,000*","₹1,11,780",1,"₹50,00,000",1498,547(1),547(1),547(1),547(1),547(1),547(1),512(1),512(1),826(1),826(1),-,-,-
Tel Govt-NS LOC,OPEN-GEN,Telangana,"Kakatiya Med Coll, Warangal",OPHTHALMOLOGY,"₹25,000*","₹58,289",1,"₹20,00,000",1150,-,1435(1),1649(1),1649(1),1649(1),1649(1),673(1),673(1),828(1),828(1),-,-,-
Tel Govt-NS LOC,OPEN-GEN,Telangana,"Govt Med Coll, Nizamabad",ORTHOPAEDICS,"₹25,000*","₹58,289",1,"₹20,00,000",500,1010(1),1042(1),1847(1),1847(1),1847(1),1847(1),730(1),730(1),830(1),830(1),-,-,-
Tel Govt-NS LOC,BCB-FEM,Telangana,"Osmania Med Coll, Hyderabad",ANAESTHESIOLOGY,"₹25,000*","₹58,289",1,"₹20,00,000",4800,-,-,-,-,-,-,657(1),657(1),831(1),831(1),-,-,-
Tel Govt-NS LOC,BCB-GEN,Telangana,"Osmania Med Coll, Hyderabad",ANAESTHESIOLOGY,"₹25,000*","₹58,289",1,"₹20,00,000",4800,1094(1),1142(1),1144(1),1144(1),1144(1),1144(1),696(1),696(1),837(2),837(2),-,-,-
Tel Govt-NS LOC,OPEN-GEN,Telangana,"Dr Patnam MRInstofMS,Chevella",PAEDIATRICS,"₹7,00,000*",Info not available*,1*,"₹20,00,000*",-,-,-,-,-,-,-,606(1),606(1),841(1),841(1),-,-,-
Tel Govt-NS LOC,BCD-GEN,Telangana,"CAIMS, Karimnagar",PAEDIATRICS,"₹7,75,000*",Info not available*,1*,"₹20,00,000*",1000,-,-,-,-,-,-,-,578(1),845(1),845(1),-,-,-
Tel Govt-NS LOC,OPEN-GEN,Telangana,"Govt Med Coll, Siddipet",OPHTHALMOLOGY,"₹25,000*","₹58,289",1,"₹20,00,000",780,1349(1),1627(1),1751(1),2716(1),2844(1),2844(1),828(1),828(1),846(1),846(1),-,-,-
Tel Govt-NS LOC,BCA-FEM,Telangana,"SVS Med Coll, Mehboobnagar",GENERAL MEDICINE,"₹7,50,000*",Info not available*,1*,"₹20,00,000*",760,-,-,-,-,-,-,849(1),849(1),849(1),849(1),-,-,-
Tel Govt-NS LOC,OPEN-FEM,Telangana,"Mamata Med Coll, Khammam",OBG,"₹7,50,000*",Info not available*,1*,"₹20,00,000*",1080,701(1),704(1),1348(1),1348(1),1348(1),1348(1),509(1),509(1),850(1),850(1),-,-,-
Tel Govt-NS LOC,OPEN-GEN,Telangana,"ESIC Med Coll,Sanath Nagar",PSYCHIATRY,"₹2,50,000*","₹1,26,927*",2*,"₹10,00,000*",690,1220(1),1915(1),2140(1),2140(1),2140(1),2140(1),801(1),801(1),852(1),852(1),-,-,-
Tel Govt-NS LOC,OPEN-FEM,Telangana,"Kamineni (KAMSRC), Hyderabad",TBRD,"₹7,00,000*",Info not available*,1*,"₹20,00,000*",650,-,-,1870(1),1870(1),1870(1),1870(1),-,-,855(1),855(1),-,-,-
Tel Govt-NS LOC,OPEN-GEN,Telangana,"Rajiv Gandhi IMS, Adilabad",ORTHOPAEDICS,"₹25,000*","₹58,289",1,"₹20,00,000",Info Not Available,1180(1),1185(1),1940(1),1940(1),1940(1),1940(1),744(1),744(1),856(1),856(1),-,-,-
Tel Govt-NS LOC,OPEN-GEN,Telangana,"Osmania Med Coll, Hyderabad",PSYCHIATRY,"₹25,000*","₹58,289",1,"₹20,00,000",4800,1754(2),1754(2),1761(2),1761(2),1761(2),1761(2),771(3),771(3),857(3),857(3),-,-,-
Tel Govt-NS LOC,BCB-GEN,Telangana,"Kamineni (KAMSRC), Hyderabad",DERMATOLOGY,"₹7,00,000*",Info not available*,1*,"₹20,00,000*",650,920(1),920(1),922(1),922(1),922(1),922(1),-,679(1),858(1),858(1),-,-,-
Tel Govt-NS LOC,OPEN-GEN,Telangana,"Gandhi Med Coll, Secunderabad",ANAESTHESIOLOGY,"₹25,000*","₹58,289",1,"₹20,00,000",1200,949(2),1138(2),1547(2),1547(2),1547(2),1547(2),457(2),522(2),859(1),859(1),-,-,-
Tel Govt-NS LOC,OPEN-GEN,Telangana,"MNR Med Coll, Sangareddy",PAEDIATRICS,"₹7,00,000*",Info not available*,1*,"₹20,00,000*",760,-,-,-,-,-,-,578(1),557(1),860(2),860(2),-,-,-
Tel Govt-NS LOC,BCA-FEM,Telangana,"Prathima IMS, Karimnagar",GENERAL MEDICINE,"₹7,50,000*",Info not available*,1*,"₹20,00,000*",1060,-,-,-,-,-,-,751(1),751(1),861(2),861(2),-,-,-
Tel Govt-NS LOC,OPEN-GEN,Telangana,"Kakatiya Med Coll, Warangal",EMERGENCY MEDICINE,"₹25,000*","₹58,289",1,"₹20,00,000",1150,716(1),1031(1),1587(1),1587(1),1587(1),1587(1),716(1),716(1),864(1),899(1),-,-,-
Tel Govt-NS LOC,OPEN-GEN,Telangana,"Govt Med Coll, Nizamabad",ENT,"₹25,000*","₹58,289",1,"₹20,00,000",500,-,-,-,-,-,-,648(1),648(1),865(1),865(1),-,-,-
Tel Govt-NS LOC,BCD-GEN,Telangana,"Gandhi Med Coll, Secunderabad",ORTHOPAEDICS,"₹25,000*","₹58,289",1,"₹20,00,000",1200,-,-,-,-,-,-,685(1),685(1),869(1),886(1),-,-,-
Tel Govt-NS LOC,OPEN-GEN,Telangana,"Mamata Med Coll, Khammam",OBG,"₹7,50,000*",Info not available*,1*,"₹20,00,000*",1080,1363(1),1363(1),1401(1),1401(1),1401(1),1401(1),-,518(1),871(1),871(1),-,-,-
Tel Govt-NS LOC,BCE-GEN,Telangana,"Rajiv Gandhi IMS, Adilabad",ORTHOPAEDICS,"₹25,000*","₹58,289",1,"₹20,00,000",Info Not Available,1901(1),1901(1),1908(1),1908(1),1908(1),1908(1),830(1),830(1),872(1),872(1),-,-,-
Tel Govt-NS LOC,BCA-GEN,Telangana,"Osmania Med Coll, Hyderabad",ORTHOPAEDICS,"₹25,000*","₹58,289",1,"₹20,00,000",4800,-,-,-,-,-,-,873(1),873(1),873(1),873(1),-,-,-
Tel Govt-NS LOC,OPEN-FEM,Telangana,"Mamata Med Coll, Khammam",GENERAL SURGERY,"₹7,50,000*",Info not available*,1*,"₹20,00,000*",1080,1607(1),1816(1),1943(1),1943(1),1943(1),1943(1),710(1),710(1),877(1),877(1),-,-,-
Tel Govt-NS LOC,SC-FEM,Telangana,"Prathima IMS, Karimnagar",GENERAL MEDICINE,"₹7,50,000*",Info not available*,1*,"₹20,00,000*",1060,2536(1),2536(1),2546(1),2546(1),2546(1),2546(1),1471(1),878(1),878(1),878(1),-,-,-
Tel Govt-NS LOC,OPEN-GEN,Telangana,"Mahavir Inst of MS, Vikarabad",PAEDIATRICS,"₹7,00,000*",Info not available*,1*,"₹20,00,000*",700,-,-,-,-,-,-,603(1),666(1),880(1),880(1),-,-,-
Tel Govt-NS LOC,BCE-GEN,Telangana,"Osmania Med Coll, Hyderabad",ANAESTHESIOLOGY,"₹25,000*","₹58,289",1,"₹20,00,000",4800,1031(1),1538(1),1953(1),1953(1),1953(1),1953(1),591(1),591(1),881(1),881(1),-,-,-
Tel Govt-NS LOC,BCD-FEM,Telangana,"RVM IMSRC, Siddipet",PAEDIATRICS,"₹7,00,000*",Info not available*,1*,"₹20,00,000*",1110,-,-,-,-,-,-,702(1),845(1),883(1),883(1),-,-,-
Tel Govt-NS LOC,BCB-GEN,Telangana,"Bhaskar Med Coll, Yenkapally",DERMATOLOGY,"₹7,50,000*",Info not available*,1*,"₹20,00,000*",850,-,-,-,-,-,-,-,858(1),884(1),884(1),-,-,-
Tel Govt-NS LOC,OPEN-FEM,Telangana,"Osmania Med Coll, Hyderabad",ORTHOPAEDICS,"₹25,000*","₹58,289",1,"₹20,00,000",4800,691(1),1586(1),2426(2),2426(2),2426(2),2426(2),826(1),826(1),885(1),885(1),-,-,-
Tel Govt-NS LOC,OPEN-GEN,Telangana,"Dr Patnam MRInstofMS,Chevella",GENERAL SURGERY,"₹7,00,000*",Info not available*,1*,"₹20,00,000*",-,1886(1),1886(1),1893(1),1893(1),1893(1),1893(1),823(1),823(1),887(1),1211(1),-,-,-
Tel Govt-NS LOC,BCB-GEN,Telangana,"Bhaskar Med Coll, Yenkapally",PAEDIATRICS,"₹7,50,000*",Info not available*,1*,"₹20,00,000*",850,-,-,-,-,-,-,625(1),625(1),889(1),1023(1),-,-,-
Tel Govt-NS LOC,OPEN-FEM,Telangana,"Surabhi InstituteofMS,Siddipet",PAEDIATRICS,"₹7,75,000*",Info not available*,1*,"₹20,00,000*",-,1346(1),1395(1),1600(1),1600(1),1600(1),1600(1),663(1),841(1),893(1),929(1),-,-,-
Tel Govt-NS LOC,BCB-GEN,Telangana,"Gandhi Med Coll, Secunderabad",ANAESTHESIOLOGY,"₹25,000*","₹58,289",1,"₹20,00,000",1200,-,-,-,-,-,-,818(1),818(1),894(1),894(1),-,-,-
Tel Govt-NS LOC,BCE-GEN,Telangana,"Gandhi Med Coll, Secunderabad",GERIATRICS,"₹25,000*","₹58,289",1,"₹20,00,000",1200,-,-,-,-,-,-,895(1),895(1),895(1),895(1),-,-,-
Tel Govt-NS LOC,OPEN-GEN,Telangana,"Kakatiya Med Coll, Warangal",PSYCHIATRY,"₹25,000*","₹58,289",1,"₹20,00,000",1150,-,-,-,-,-,-,896(1),896(1),896(1),896(1),-,-,-
Tel Govt-NS LOC,BCD-FEM,Telangana,"MNR Med Coll, Sangareddy",GENERAL MEDICINE,"₹7,00,000*",Info not available*,1*,"₹20,00,000*",760,-,-,-,-,-,-,670(1),702(1),898(1),898(1),-,-,-
Tel Govt-NS LOC,OPEN-GEN,Telangana,"Kamineni (KAMSRC), Hyderabad",GENERAL SURGERY,"₹7,00,000*",Info not available*,1*,"₹20,00,000*",650,-,-,-,-,-,-,428(1),428(1),899(1),823(1),-,-,-
Tel Govt-NS LOC,BCE-GEN,Telangana,"Mediciti IMS, Ghanpur",GENERAL MEDICINE,"₹7,00,000*",Info not available*,1*,"₹20,00,000*",720,-,-,-,-,-,-,907(1),772(1),910(1),910(1),-,-,-
Tel Govt-NS LOC,BCD-GEN,Telangana,"Osmania Med Coll, Hyderabad",ANAESTHESIOLOGY,"₹25,000*","₹58,289",1,"₹20,00,000",4800,-,-,-,-,-,-,566(1),573(1),911(1),932(1),-,-,-
Tel Govt-NS LOC,BCA-GEN,Telangana,"Rajiv Gandhi IMS, Adilabad",GENERAL SURGERY,"₹25,000*","₹58,289",1,"₹20,00,000",Info Not Available,-,-,-,-,-,-,783(1),783(1),912(1),912(1),-,-,-
Tel Govt-NS LOC,BCB-GEN,Telangana,"Mamata Med Coll, Khammam",GENERAL SURGERY,"₹7,50,000*",Info not available*,1*,"₹20,00,000*",1080,-,1977(1),2094(1),2094(1),2094(1),2094(1),-,-,913(1),913(1),-,-,-
Tel Govt-NS LOC,BCA-GEN,Telangana,"Kamineni IMS, Narketpally",RADIO DIAGNOSIS,"₹7,50,000*",Info not available*,1*,"₹20,00,000*",1060,-,-,-,-,-,-,-,-,914(1),914(1),-,-,-
Tel Govt-NS LOC,BCB-FEM,Telangana,"Mediciti IMS, Ghanpur",GENERAL MEDICINE,"₹7,00,000*",Info not available*,1*,"₹20,00,000*",720,-,-,-,-,-,-,-,635(1),916(1),916(1),-,-,-
Tel Govt-NS LOC,OPEN-GEN,Telangana,"Kakatiya Med Coll, Warangal",ANAESTHESIOLOGY,"₹25,000*","₹58,289",1,"₹20,00,000",1150,-,-,-,-,-,-,607(1),607(1),918(1),1003(1),-,-,-
Tel Govt-NS LOC,OPEN-GEN,Telangana,"Kamineni (KAMSRC), Hyderabad",TBRD,"₹7,00,000*",Info not available*,1*,"₹20,00,000*",650,-,-,-,-,-,-,616(1),616(1),924(1),924(1),-,-,-
Tel Govt-NS LOC,BCB-GEN,Telangana,"NIMS, Hyderabad",RADIATION ONCOLOGY,"₹72,000*","₹1,11,780",1,"₹50,00,000",1498,-,-,-,-,-,-,884(1),927(1),927(1),927(1),-,-,-
Tel Govt-NS LOC,BCB-FEM,Telangana,"MNR Med Coll, Sangareddy",GENERAL MEDICINE,"₹7,00,000*",Info not available*,1*,"₹20,00,000*",760,-,-,-,-,-,-,-,753(1),931(1),931(1),-,-,-
Tel Govt-NS LOC,OPEN-GEN,Telangana,"Govt Med Coll, Nizamabad",ANAESTHESIOLOGY,"₹25,000*","₹58,289",1,"₹20,00,000",500,-,-,-,-,-,-,614(1),583(1),932(1),1061(1),-,-,-
Tel Govt-NS LOC,BCA-FEM,Telangana,"Govt Med Coll, Nizamabad",OBG,"₹25,000*","₹58,289",1,"₹20,00,000",500,-,-,-,-,-,-,800(1),800(1),934(2),934(2),-,-,-
Tel Govt-NS LOC,BCB-GEN,Telangana,"Kamineni IMS, Narketpally",PAEDIATRICS,"₹7,50,000*",Info not available*,1*,"₹20,00,000*",1060,-,-,-,-,-,-,-,634(1),935(1),935(1),-,-,-
Tel Govt-NS LOC,MIN-FEM-MSM,Telangana,"Shadan IMSRC, Peerancheru",OBG,"₹7,50,000*",Info not available*,1*,"₹20,00,000*",800,828(1),828(1),1899(1),1899(1),1899(1),1899(1),548(1),548(1),937(1),937(1),-,-,-
Tel Govt-NS LOC,OPEN-GEN,Telangana,"Apollo IMSR, Hyderabad",EMERGENCY MEDICINE,"₹7,50,000*",Info not available*,1*,"₹20,00,000*",570,-,-,-,-,-,-,938(1),938(1),938(1),938(1),-,-,-
Tel Govt-NS LOC,OPEN-GEN,Telangana,"Gandhi Med Coll, Secunderabad",PSYCHIATRY,"₹25,000*","₹58,289",1,"₹20,00,000",1200,1849(1),1623(1),2412(1),2412(1),2412(1),2412(1),857(1),857(1),941(1),941(1),-,-,-
Tel Govt-NS LOC,BCB-GEN,Telangana,"Prathima IMS, Karimnagar",OBG,"₹7,50,000*",Info not available*,1*,"₹20,00,000*",1060,-,-,-,-,-,-,726(1),726(1),942(1),942(1),-,-,-
Tel Govt-NS LOC,OPEN-GEN,Telangana,"Bhaskar Med Coll, Yenkapally",OBG,"₹7,50,000*",Info not available*,1*,"₹20,00,000*",850,1450(1),1346(1),1411(1),1411(1),1411(1),1411(1),344(1),594(1),943(1),943(1),-,-,-
Tel Govt-NS LOC,BCB-GEN,Telangana,"Kakatiya Med Coll, Warangal",ENT,"₹25,000*","₹58,289",1,"₹20,00,000",1150,-,-,-,-,-,-,-,-,944(1),889(1),-,-,-
Tel Govt-NS LOC,ST-GEN,Telangana,"Osmania Med Coll, Hyderabad",GENERAL SURGERY,"₹25,000*","₹58,289",1,"₹20,00,000",4800,2777(1),2777(1),2789(1),2789(1),2789(1),2789(1),945(1),945(1),945(1),945(1),-,-,-
Tel Govt-NS LOC,OPEN-FEM,Telangana,"Osmania Med Coll, Hyderabad",RADIATION ONCOLOGY,"₹25,000*","₹58,289",1,"₹20,00,000",4800,1246(1),1246(1),2390(1),3014(1),3014(1),3014(1),953(1),953(1),953(1),953(1),-,-,-
Tel Govt-NS LOC,BCA-GEN,Telangana,"Kakatiya Med Coll, Warangal",ENT,"₹25,000*","₹58,289",1,"₹20,00,000",1150,-,-,-,-,-,-,971(1),971(1),954(1),954(1),-,-,-
Tel Govt-NS LOC,OPEN-GEN,Telangana,"RVM IMSRC, Siddipet",GENERAL SURGERY,"₹7,00,000*",Info not available*,1*,"₹20,00,000*",1110,-,-,-,-,-,-,787(1),787(1),955(1),955(1),-,-,-
Tel Govt-NS LOC,SC-GEN,Telangana,"Gandhi Med Coll, Secunderabad",OBG,"₹25,000*","₹58,289",1,"₹20,00,000",1200,802(1),802(1),804(1),804(1),804(1),804(1),747(1),747(1),957(1),957(1),-,-,-
Tel Govt-NS LOC,BCD-FEM,Telangana,"Bhaskar Med Coll, Yenkapally",DERMATOLOGY,"₹7,50,000*",Info not available*,1*,"₹20,00,000*",850,-,-,-,-,-,-,621(1),784(1),961(1),961(1),-,-,-
Tel Govt-NS LOC,SC-GEN,Telangana,"Gandhi Med Coll, Secunderabad",GENERAL SURGERY,"₹25,000*","₹58,289",1,"₹20,00,000",1200,1250(1),1517(1),1523(1),1523(1),1523(1),1523(1),962(1),962(1),962(1),962(1),-,-,-
Tel Govt-NS LOC,MIN-GEN-MSM,Telangana,"DCMS, Hyderabad",PAEDIATRICS,"₹7,75,000*",Info not available*,1*,"₹20,00,000*",1400,1275(2),1275(2),1277(2),1277(2),1277(2),1277(2),538(1),538(1),963(2),963(2),-,-,-
Tel Govt-NS LOC,BCB-GEN,Telangana,"Kakatiya Med Coll, Warangal",OPHTHALMOLOGY,"₹25,000*","₹58,289",1,"₹20,00,000",1150,-,-,-,-,-,-,821(1),821(1),967(1),1002(1),-,-,-
Tel Govt-NS LOC,BCD-GEN,Telangana,"Gandhi Med Coll, Secunderabad",ENT,"₹25,000*","₹58,289",1,"₹20,00,000",1200,-,-,-,-,-,-,593(1),593(1),969(1),969(1),-,-,-
Tel Govt-NS LOC,SC-FEM,Telangana,"NIMS, Hyderabad",ANAESTHESIOLOGY,"₹72,000*","₹1,11,780",1,"₹50,00,000",1498,1602(1),2162(1),2309(1),2309(1),2309(1),2309(1),972(1),972(1),972(1),972(1),-,-,-
Tel Govt-NS LOC,BCB-FEM,Telangana,"CAIMS, Karimnagar",PAEDIATRICS,"₹7,75,000*",Info not available*,1*,"₹20,00,000*",1000,-,-,-,-,-,-,635(1),894(1),973(1),1120(1),-,-,-
Tel Govt-NS LOC,BCA-GEN,Telangana,"Mamata AcadofMedSci,Bachupally",GENERAL MEDICINE,"₹7,50,000*",Info not available*,1*,"₹20,00,000*",-,-,-,-,-,-,-,861(1),861(1),976(1),976(1),-,-,-
Tel Govt-NS LOC,MIN-FEM-MSM,Telangana,"Shadan IMSRC, Peerancheru",PAEDIATRICS,"₹7,50,000*",Info not available*,1*,"₹20,00,000*",800,-,-,-,-,-,-,669(1),669(1),977(1),977(1),-,-,-
Tel Govt-NS LOC,BCA-GEN,Telangana,"ESIC Med Coll,Sanath Nagar",EMERGENCY MEDICINE,"₹2,50,000*","₹1,26,927*",2*,"₹10,00,000*",690,-,-,-,-,-,-,978(1),978(1),978(1),978(1),-,-,-
Tel Govt-NS LOC,OPEN-GEN,Telangana,"SVS Med Coll, Mehboobnagar",TBRD,"₹7,50,000*",Info not available*,1*,"₹20,00,000*",760,-,-,-,-,-,-,721(1),721(1),981(1),981(1),-,-,-
Tel Govt-NS LOC,BCB-GEN,Telangana,"Govt Med Coll, Nizamabad",ORTHOPAEDICS,"₹25,000*","₹58,289",1,"₹20,00,000",500,-,-,-,-,-,-,-,-,982(1),982(1),-,-,-
Tel Govt-NS LOC,OPEN-FEM,Telangana,"Mamata AcadofMedSci,Bachupally",TBRD,"₹7,50,000*",Info not available*,1*,"₹20,00,000*",-,-,-,-,-,-,-,735(1),735(1),983(1),983(1),-,-,-
Tel Govt-NS LOC,SC-GEN,Telangana,"Mamata AcadofMedSci,Bachupally",GENERAL MEDICINE,"₹7,50,000*",Info not available*,1*,"₹20,00,000*",-,-,-,-,-,-,-,984(1),984(1),984(1),984(1),-,-,-
Tel Govt-NS LOC,OPEN-FEM,Telangana,"Bhaskar Med Coll, Yenkapally",GENERAL SURGERY,"₹7,50,000*",Info not available*,1*,"₹20,00,000*",850,-,-,-,-,-,-,986(1),986(1),986(1),1467(1),-,-,-
Tel Govt-NS LOC,BCB-GEN,Telangana,"Mamata Med Coll, Khammam",OBG,"₹7,50,000*",Info not available*,1*,"₹20,00,000*",1080,-,-,-,-,-,-,753(1),791(1),988(1),988(1),-,-,-
Tel Govt-NS LOC,BCA-GEN,Telangana,"Kakatiya Med Coll, Warangal",TBRD,"₹25,000*","₹58,289",1,"₹20,00,000",1150,-,-,-,-,-,-,-,571(1),996(1),996(1),-,-,-
Tel Govt-NS LOC,OPEN-GEN,Telangana,"Prathima IMS, Karimnagar",GENERAL SURGERY,"₹7,50,000*",Info not available*,1*,"₹20,00,000*",1060,1692(1),1692(2),1699(2),1699(2),1699(2),1699(2),790(2),790(2),998(3),998(3),-,-,-
Tel Govt-NS LOC,BCE-FEM,Telangana,"Bhaskar Med Coll, Yenkapally",OBG,"₹7,50,000*",Info not available*,1*,"₹20,00,000*",850,-,-,-,-,-,-,937(1),937(1),999(1),999(1),-,-,-
Tel Govt-NS LOC,BCB-GEN,Telangana,"Osmania Med Coll, Hyderabad",RADIATION ONCOLOGY,"₹25,000*","₹58,289",1,"₹20,00,000",4800,-,-,-,-,-,-,1002(1),1002(1),1002(1),1020(1),-,-,-
Tel Govt-NS LOC,BCD-FEM,Telangana,"Govt Med Coll, Siddipet",ENT,"₹25,000*","₹58,289",1,"₹20,00,000",780,-,-,-,-,-,-,-,1006(1),1006(1),1006(1),-,-,-
Tel Govt-NS LOC,OPEN-GEN,Telangana,"RVM IMSRC, Siddipet",OBG,"₹7,00,000*",Info not available*,1*,"₹20,00,000*",1110,-,-,-,-,-,-,485(1),612(1),1007(1),1007(1),-,-,-
Tel Govt-NS LOC,BCA-GEN,Telangana,"Kamineni (KAMSRC), Hyderabad",OBG,"₹7,00,000*",Info not available*,1*,"₹20,00,000*",650,-,-,-,-,-,-,934(1),934(1),1011(1),1011(1),-,-,-
Tel Govt-NS LOC,BCD-FEM,Telangana,"NIMS, Hyderabad",ORTHOPAEDICS,"₹72,000*","₹1,11,780",1,"₹50,00,000",1498,-,-,-,-,-,-,1013(1),1013(1),1013(1),1013(1),-,-,-
Tel Govt-NS LOC,BCB-GEN,Telangana,"Govt Med Coll, Nizamabad",ENT,"₹25,000*","₹58,289",1,"₹20,00,000",500,-,-,-,-,-,-,889(1),889(1),1020(1),1170(1),-,-,-
Tel Govt-NS LOC,SC-GEN,Telangana,"Gandhi Med Coll, Secunderabad",ORTHOPAEDICS,"₹25,000*","₹58,289",1,"₹20,00,000",1200,-,-,-,-,-,-,1021(1),1021(1),1021(1),1021(1),-,-,-
Tel Govt-NS LOC,BCE-GEN,Telangana,"Prathima IMS, Karimnagar",PAEDIATRICS,"₹7,50,000*",Info not available*,1*,"₹20,00,000*",1060,-,-,-,-,-,-,1028(1),1028(1),1028(1),1028(1),-,-,-
Tel Govt-NS LOC,SC-FEM,Telangana,"Kakatiya Med Coll, Warangal",PAEDIATRICS,"₹25,000*","₹58,289",1,"₹20,00,000",1150,-,-,-,-,-,-,668(1),668(1),1029(1),1029(1),-,-,-
Tel Govt-NS LOC,MIN-GEN-MSM,Telangana,"DCMS, Hyderabad",TBRD,"₹7,75,000*",Info not available*,1*,"₹20,00,000*",1400,1546(1),1631(1),2514(1),2514(1),2514(1),2514(1),963(1),963(1),1031(1),1031(1),-,-,-
Tel Govt-NS LOC,OPEN-GEN,Telangana,"Kamineni IMS, Narketpally",GENERAL SURGERY,"₹7,50,000*",Info not available*,1*,"₹20,00,000*",1060,1639(1),1300(1),2519(2),2519(2),2519(2),2519(2),776(1),550(1),1033(1),1033(1),-,-,-
Tel Govt-NS LOC,BCD-GEN,Telangana,"Govt Med Coll, Siddipet",ENT,"₹25,000*","₹58,289",1,"₹20,00,000",780,-,-,-,-,-,-,-,-,1034(1),1062(1),-,-,-
Tel Govt-NS LOC,OPEN-GEN,Telangana,"Govt Med Coll, Suryapet",ENT,"₹25,000*","₹58,289",1,"₹20,00,000",580,-,-,-,-,-,-,814(1),797(1),1036(1),1036(1),-,-,-
Tel Govt-NS LOC,OPEN-GEN,Telangana,"Rajiv Gandhi IMS, Adilabad",ENT,"₹25,000*","₹58,289",1,"₹20,00,000",Info Not Available,1487(1),1499(1),2031(1),2031(1),2031(1),2031(1),786(1),786(1),1038(1),1038(1),-,-,-
Tel Govt-NS LOC,BCD-GEN,Telangana,"Dr Patnam MRInstofMS,Chevella",PAEDIATRICS,"₹7,00,000*",Info not available*,1*,"₹20,00,000*",-,-,-,-,-,-,-,666(1),776(1),1040(1),1040(1),-,-,-
Tel Govt-NS LOC,OPEN-GEN,Telangana,"Apollo IMSR, Hyderabad",ANAESTHESIOLOGY,"₹7,50,000*",Info not available*,1*,"₹20,00,000*",570,189(1),1619(1),2217(1),2217(1),2217(1),2217(1),757(1),862(1),1043(1),1043(1),-,-,-
Tel Govt-NS LOC,OPEN-GEN,Telangana,"Govt Med Coll, Siddipet",PSYCHIATRY,"₹25,000*","₹58,289",1,"₹20,00,000",780,-,-,-,-,-,-,-,1095(1),1047(1),1047(1),-,-,-
Tel Govt-NS LOC,ST-FEM,Telangana,"Osmania Med Coll, Hyderabad",OBG,"₹25,000*","₹58,289",1,"₹20,00,000",4800,2248(1),2248(1),2257(1),2257(1),2257(1),2257(1),700(1),1049(1),1049(1),1049(1),-,-,-
Tel Govt-NS LOC,OPEN-FEM,Telangana,"Dr Patnam MRInstofMS,Chevella",OBG,"₹7,00,000*",Info not available*,1*,"₹20,00,000*",-,-,-,-,-,-,-,713(1),713(1),1052(1),1052(1),-,-,-
Tel Govt-NS LOC,OPEN-GEN,Telangana,"Mamata AcadofMedSci,Bachupally",OPHTHALMOLOGY,"₹7,50,000*",Info not available*,1*,"₹20,00,000*",-,-,-,-,-,-,-,-,-,1053(1),1053(1),-,-,-
Tel Govt-NS LOC,OPEN-GEN,Telangana,"Rajiv Gandhi IMS, Adilabad",ANAESTHESIOLOGY,"₹25,000*","₹58,289",1,"₹20,00,000",Info Not Available,1214(1),1426(1),2161(1),2161(1),2161(1),2161(1),709(1),766(1),1061(1),1094(1),-,-,-
Tel Govt-NS LOC,OPEN-FEM,Telangana,"Kamineni (KAMSRC), Hyderabad",GENERAL SURGERY,"₹7,00,000*",Info not available*,1*,"₹20,00,000*",650,1485(1),1485(1),2042(1),2042(1),2042(1),2042(1),397(1),397(1),1065(2),1065(2),-,-,-
Tel Govt-NS LOC,OPEN-FEM,Telangana,"CAIMS, Karimnagar",GENERAL SURGERY,"₹7,75,000*",Info not available*,1*,"₹20,00,000*",1000,1598(1),1936(1),2811(2),2811(2),2811(2),2811(2),664(1),664(1),1066(2),1066(2),-,-,-
Tel Govt-NS LOC,OPEN-GEN,Telangana,"CAIMS, Karimnagar",OBG,"₹7,75,000*",Info not available*,1*,"₹20,00,000*",1000,-,-,-,-,-,-,633(1),633(1),1068(2),1173(2),-,-,-
Tel Govt-NS LOC,BCB-FEM,Telangana,"Kakatiya Med Coll, Warangal",ANAESTHESIOLOGY,"₹25,000*","₹58,289",1,"₹20,00,000",1150,1212(1),1675(1),1821(1),1821(1),1821(1),1821(1),-,837(1),1074(1),1074(1),-,-,-
Tel Govt-NS LOC,SC-GEN,Telangana,"Osmania Med Coll, Hyderabad",OBG,"₹25,000*","₹58,289",1,"₹20,00,000",4800,1545(1),1545(1),1552(1),1552(1),1552(1),1552(1),1054(3),1076(3),1076(3),1076(3),-,-,-
Tel Govt-NS LOC,SC-GEN,Telangana,"Prathima IMS, Karimnagar",RADIO DIAGNOSIS,"₹7,50,000*",Info not available*,1*,"₹20,00,000*",1060,1880(1),1880(1),1887(1),1887(1),1887(1),1887(1),1078(1),1078(1),1078(1),1078(1),-,-,-
Tel Govt-NS LOC,OPEN-FEM,Telangana,"MNR Med Coll, Sangareddy",GENERAL SURGERY,"₹7,00,000*",Info not available*,1*,"₹20,00,000*",760,-,-,-,-,-,-,-,933(1),1079(1),1517(1),-,-,-
Tel Govt-NS LOC,BCB-FEM,Telangana,"Mamata Med Coll, Khammam",PAEDIATRICS,"₹7,50,000*",Info not available*,1*,"₹20,00,000*",1080,-,-,-,-,-,-,572(1),931(1),1081(1),973(1),-,-,-
Tel Govt-NS LOC,BCC-FEM,Telangana,"Govt Med Coll, Siddipet",ANAESTHESIOLOGY,"₹25,000*","₹58,289",1,"₹20,00,000",780,-,-,-,-,-,-,1083(1),1083(1),1083(1),1083(1),-,-,-
Tel Govt-NS LOC,OPEN-GEN,Telangana,"Kamineni (KAMSRC), Hyderabad",ORTHOPAEDICS,"₹7,00,000*",Info not available*,1*,"₹20,00,000*",650,-,-,-,-,-,-,835(1),835(1),1084(2),1084(2),-,-,-
Tel Govt-NS LOC,OPEN-FEM,Telangana,"Kakatiya Med Coll, Warangal",ORTHOPAEDICS,"₹25,000*","₹58,289",1,"₹20,00,000",1150,1375(1),2106(1),2483(1),2483(1),2483(1),2483(1),-,-,1089(1),1089(1),-,-,-
Tel Govt-NS LOC,SC-FEM,Telangana,"Govt Med Coll, Siddipet",PAEDIATRICS,"₹25,000*","₹58,289",1,"₹20,00,000",780,-,-,-,-,-,-,1029(1),1029(1),1093(1),1093(1),-,-,-
Tel Govt-NS LOC,BCB-GEN,Telangana,"Osmania Med Coll, Hyderabad",PSYCHIATRY,"₹25,000*","₹58,289",1,"₹20,00,000",4800,2469(1),1849(1),2604(1),2604(1),2604(1),2604(1),1094(1),1094(1),1094(1),1318(1),-,-,-
Tel Govt-NS LOC,OPEN-GEN,Telangana,"Mamata AcadofMedSci,Bachupally",ORTHOPAEDICS,"₹7,50,000*",Info not available*,1*,"₹20,00,000*",-,-,-,-,-,-,-,870(1),870(1),1095(1),1095(1),-,-,-
Tel Govt-NS LOC,SC-GEN,Telangana,"CAIMS, Karimnagar",RADIO DIAGNOSIS,"₹7,75,000*",Info not available*,1*,"₹20,00,000*",1000,-,-,-,-,-,-,1097(1),1097(1),1097(1),1097(1),-,-,-
Tel Govt-NS LOC,OPEN-FEM,Telangana,"Apollo IMSR, Hyderabad",PSYCHIATRY,"₹7,50,000*",Info not available*,1*,"₹20,00,000*",570,2678(1),2678(1),2689(1),2689(1),2689(1),2689(1),1098(1),1098(1),1098(1),1098(1),-,-,-
Tel Govt-NS LOC,BCA-GEN,Telangana,"Maheshwara Med Coll, Medak",PAEDIATRICS,"₹7,00,000*",Info not available*,1*,"₹20,00,000*",745,-,-,-,-,-,-,914(1),914(1),1105(1),1105(1),-,-,-
Tel Govt-NS LOC,ST-GEN,Telangana,"Kakatiya Med Coll, Warangal",PAEDIATRICS,"₹25,000*","₹58,289",1,"₹20,00,000",1150,-,-,-,-,-,-,1106(1),1106(1),1106(1),1106(1),-,-,-
Tel Govt-NS LOC,SC-FEM,Telangana,"SVS Med Coll, Mehboobnagar",RADIO DIAGNOSIS,"₹7,50,000*",Info not available*,1*,"₹20,00,000*",760,-,-,-,-,-,-,1109(1),1109(1),1109(1),1109(1),-,-,-
Tel Govt-NS LOC,OPEN-GEN,Telangana,"Dr Patnam MRInstofMS,Chevella",OBG,"₹7,00,000*",Info not available*,1*,"₹20,00,000*",-,-,-,-,-,-,-,-,-,1110(1),1110(1),-,-,-
Tel Govt-NS LOC,SC-FEM,Telangana,"Osmania Med Coll, Hyderabad",OBG,"₹25,000*","₹58,289",1,"₹20,00,000",4800,1233(1),1233(1),1235(1),1235(1),1235(1),1235(1),957(1),957(1),1112(2),1112(2),-,-,-
Tel Govt-NS LOC,BCA-GEN,Telangana,"Rajiv Gandhi IMS, Adilabad",TBRD,"₹25,000*","₹58,289",1,"₹20,00,000",Info Not Available,-,-,-,-,-,-,605(1),996(1),1114(1),1114(1),-,-,-
Tel Govt-NS LOC,OPEN-GEN,Telangana,"Govt Med Coll, Nizamabad",OPHTHALMOLOGY,"₹25,000*","₹58,289",1,"₹20,00,000",500,1211(1),1251(1),1745(1),1745(1),1745(1),1745(1),749(1),749(1),1115(1),1115(1),-,-,-
Tel Govt-NS LOC,BCB-FEM,Telangana,"Kamineni IMS, Narketpally",PAEDIATRICS,"₹7,50,000*",Info not available*,1*,"₹20,00,000*",1060,-,-,-,-,-,-,-,-,1120(1),1167(1),-,-,-
Tel Govt-NS LOC,BCB-GEN,Telangana,"Apollo IMSR, Hyderabad",GENERAL SURGERY,"₹7,50,000*",Info not available*,1*,"₹20,00,000*",570,-,-,-,-,-,-,-,581(1),1121(1),1121(1),-,-,-
Tel Govt-NS LOC,OPEN-GEN,Telangana,"Mamata Med Coll, Khammam",TBRD,"₹7,50,000*",Info not available*,1*,"₹20,00,000*",1080,1231(1),1379(1),2067(1),2067(1),2067(1),2067(1),808(1),808(1),1122(1),1339(1),-,-,-
Tel Govt-NS LOC,OPEN-GEN,Telangana,"NIMS, Hyderabad",PATHOLOGY,"₹72,000*","₹1,11,780",1,"₹50,00,000",1498,1670(1),1697(1),2440(1),2440(1),2440(1),2440(1),237(1),836(2),1133(2),1133(2),-,-,-
Tel Govt-NS LOC,SC-GEN,Telangana,"NIMS, Hyderabad",ANAESTHESIOLOGY,"₹72,000*","₹1,11,780",1,"₹50,00,000",1498,1954(1),1954(1),1961(1),1961(1),1961(1),1961(1),1134(1),1134(1),1134(1),1134(1),-,-,-
Tel Govt-NS LOC,BCB-GEN,Telangana,"Kakatiya Med Coll, Warangal",ANAESTHESIOLOGY,"₹25,000*","₹58,289",1,"₹20,00,000",1150,-,-,-,-,-,-,831(1),831(1),1137(1),1137(1),-,-,-
Tel Govt-NS LOC,SC-FEM,Telangana,"Kakatiya Med Coll, Warangal",OBG,"₹25,000*","₹58,289",1,"₹20,00,000",1150,1590(1),1599(1),2270(1),2270(1),2270(1),2270(1),-,1085(1),1140(1),1140(1),-,-,-
Tel Govt-NS LOC,BCB-GEN,Telangana,"Mamata AcadofMedSci,Bachupally",GENERAL SURGERY,"₹7,50,000*",Info not available*,1*,"₹20,00,000*",-,-,-,-,-,-,-,1020(1),1020(1),1141(1),1141(1),-,-,-
Tel Govt-NS LOC,MIN-GEN-MSM,Telangana,"DCMS, Hyderabad",GENERAL SURGERY,"₹7,75,000*",Info not available*,1*,"₹20,00,000*",1400,1929(1),1929(1),2177(1),2177(1),2177(1),2177(1),1143(2),1143(2),1143(2),1143(2),-,-,-
Tel Govt-NS LOC,BCD-GEN,Telangana,"Rajiv Gandhi IMS, Adilabad",ANAESTHESIOLOGY,"₹25,000*","₹58,289",1,"₹20,00,000",Info Not Available,-,-,-,-,-,-,-,-,1149(1),1149(1),-,-,-
Tel Govt-NS LOC,OPEN-GEN,Telangana,"ESIC Med Coll,Sanath Nagar",PHARMACOLOGY,"₹2,50,000*","₹1,26,927*",2*,"₹10,00,000*",690,3730(1),3730(1),4068(2),4068(2),4068(2),4068(2),-,-,1152(1),1152(1),-,-,-
Tel Govt-NS LOC,MIN-FEM-MSM,Telangana,"DrVRK Womens MedColl,Aziznagar",PAEDIATRICS,"₹7,00,000*",Info not available*,1*,"₹20,00,000*",500,2049(1),2049(1),2057(1),2057(1),2057(1),2057(1),1157(1),1157(1),1157(1),1157(1),-,-,-
Tel Govt-NS LOC,OPEN-GEN,Telangana,"Kamineni IMS, Narketpally",OBG,"₹7,50,000*",Info not available*,1*,"₹20,00,000*",1060,1398(1),1398(1),1476(1),1658(1),1658(1),1658(1),698(1),698(1),1158(2),1158(2),-,-,-
Tel Govt-NS LOC,SC-GEN,Telangana,"SVS Med Coll, Mehboobnagar",GENERAL MEDICINE,"₹7,50,000*",Info not available*,1*,"₹20,00,000*",760,-,-,-,-,-,-,1132(1),1132(1),1159(1),1159(1),-,-,-
Tel Govt-NS LOC,BCD-GEN,Telangana,"Kakatiya Med Coll, Warangal",EMERGENCY MEDICINE,"₹25,000*","₹58,289",1,"₹20,00,000",1150,-,-,-,-,-,-,750(1),1160(1),1160(1),1160(1),-,-,-
Tel Govt-NS LOC,SC-GEN,Telangana,"Osmania Med Coll, Hyderabad",GENERAL SURGERY,"₹25,000*","₹58,289",1,"₹20,00,000",4800,-,-,-,-,-,-,868(1),868(1),1162(2),1162(2),-,-,-
Tel Govt-NS LOC,SC-GEN,Telangana,"Mediciti IMS, Ghanpur",RADIO DIAGNOSIS,"₹7,00,000*",Info not available*,1*,"₹20,00,000*",720,-,-,-,-,-,-,1165(1),1165(1),1165(1),1165(1),-,-,-
Tel Govt-NS LOC,OPEN-FEM,Telangana,"Prathima IMS, Karimnagar",TBRD,"₹7,50,000*",Info not available*,1*,"₹20,00,000*",1060,-,-,-,-,-,-,701(1),663(1),1167(1),1293(1),-,-,-
Tel Govt-NS LOC,OPEN-GEN,Telangana,"MNR Med Coll, Sangareddy",OBG,"₹7,00,000*",Info not available*,1*,"₹20,00,000*",760,-,-,-,-,-,-,612(1),675(1),1168(1),1190(1),-,-,-
Tel Govt-NS LOC,BCE-GEN,Telangana,"Govt Med Coll, Nizamabad",ANAESTHESIOLOGY,"₹25,000*","₹58,289",1,"₹20,00,000",500,-,-,-,-,-,-,865(1),865(1),1169(1),1169(1),-,-,-
Tel Govt-NS LOC,BCB-GEN,Telangana,"NIMS, Hyderabad",PATHOLOGY,"₹72,000*","₹1,11,780",1,"₹50,00,000",1498,-,-,-,-,-,-,1170(1),1170(1),1170(1),1264(1),-,-,-
Tel Govt-NS LOC,OPEN-GEN,Telangana,"Surabhi InstituteofMS,Siddipet",OBG,"₹7,75,000*",Info not available*,1*,"₹20,00,000*",-,-,-,-,-,-,-,805(1),805(1),1171(1),1081(1),-,-,-
Tel Govt-NS LOC,BCD-GEN,Telangana,"Bhaskar Med Coll, Yenkapally",OBG,"₹7,50,000*",Info not available*,1*,"₹20,00,000*",850,-,-,-,-,-,-,-,-,1172(1),1172(1),-,-,-
Tel Govt-NS LOC,OPEN-GEN,Telangana,"Mahavir Inst of MS, Vikarabad",OBG,"₹7,00,000*",Info not available*,1*,"₹20,00,000*",700,-,-,-,-,-,-,765(1),765(1),1173(1),1212(1),-,-,-
Tel Govt-NS LOC,MIN-FEM-MSM,Telangana,"DCMS, Hyderabad",GENERAL SURGERY,"₹7,75,000*",Info not available*,1*,"₹20,00,000*",1400,2793(1),2793(1),2805(2),2805(2),2805(2),2805(2),1174(1),1174(1),1174(1),1174(1),-,-,-
Tel Govt-NS LOC,BCB-GEN,Telangana,"CAIMS, Karimnagar",OBG,"₹7,75,000*",Info not available*,1*,"₹20,00,000*",1000,-,-,-,-,-,-,791(1),799(1),1175(1),1175(1),-,-,-
Tel Govt-NS LOC,BCB-FEM,Telangana,"Kamineni (KAMSRC), Hyderabad",GENERAL SURGERY,"₹7,00,000*",Info not available*,1*,"₹20,00,000*",650,-,-,-,-,-,-,916(1),916(1),1182(1),1182(1),-,-,-
Tel Govt-NS LOC,OPEN-FEM,Telangana,"Kamineni (KAMSRC), Hyderabad",ANAESTHESIOLOGY,"₹7,00,000*",Info not available*,1*,"₹20,00,000*",650,-,-,-,-,-,-,918(1),918(1),1184(2),1387(2),-,-,-
Tel Govt-NS LOC,BCD-FEM,Telangana,"Govt Med Coll, Siddipet",OPHTHALMOLOGY,"₹25,000*","₹58,289",1,"₹20,00,000",780,-,-,-,-,-,-,845(1),932(1),1185(1),1185(1),-,-,-
Tel Govt-NS LOC,SC-GEN,Telangana,"Govt Med Coll, Mahabubnagar",OBG,"₹25,000*","₹58,289",1,"₹20,00,000",900,-,-,-,-,-,-,1076(1),1140(1),1187(1),1187(1),-,-,-
Tel Govt-NS LOC,MIN-FEM-MSM,Telangana,"Shadan IMSRC, Peerancheru",TBRD,"₹7,50,000*",Info not available*,1*,"₹20,00,000*",800,-,-,-,-,-,-,1442(1),1442(1),1191(1),1191(1),-,-,-
Tel Govt-NS LOC,BCD-GEN,Telangana,"MNR Med Coll, Sangareddy",OBG,"₹7,00,000*",Info not available*,1*,"₹20,00,000*",760,-,-,-,-,-,-,883(1),883(1),1192(1),1192(1),-,-,-
Tel Govt-NS LOC,OPEN-GEN,Telangana,"Apollo IMSR, Hyderabad",ENT,"₹7,50,000*",Info not available*,1*,"₹20,00,000*",570,-,-,-,-,-,-,1058(1),1058(1),1193(1),1193(1),-,-,-
Tel Govt-NS LOC,OPEN-GEN,Telangana,"ESIC Med Coll,Sanath Nagar",PATHOLOGY,"₹2,50,000*","₹1,26,927*",2*,"₹10,00,000*",690,-,-,-,-,-,-,1191(1),1191(1),1196(1),1196(1),-,-,-
Tel Govt-NS LOC,BCC-GEN,Telangana,"Osmania Med Coll, Hyderabad",PSYCHIATRY,"₹25,000*","₹58,289",1,"₹20,00,000",4800,-,-,-,-,-,-,-,-,1197(1),1197(1),-,-,-
Tel Govt-NS LOC,OPEN-FEM,Telangana,"Govt Med Coll, Siddipet",ANAESTHESIOLOGY,"₹25,000*","₹58,289",1,"₹20,00,000",780,-,-,-,-,-,-,737(1),737(1),1199(1),1199(1),-,-,-
Tel Govt-NS LOC,BCA-FEM,Telangana,"SVS Med Coll, Mehboobnagar",PAEDIATRICS,"₹7,50,000*",Info not available*,1*,"₹20,00,000*",760,-,-,-,-,-,-,1204(1),1204(1),1204(1),1204(1),-,-,-
Tel Govt-NS LOC,BCD-FEM,Telangana,"Maheshwara Med Coll, Medak",OBG,"₹7,00,000*",Info not available*,1*,"₹20,00,000*",745,-,-,-,-,-,-,792(1),792(1),1205(1),1205(1),-,-,-
Tel Govt-NS LOC,OPEN-GEN,Telangana,"Bhaskar Med Coll, Yenkapally",TBRD,"₹7,50,000*",Info not available*,1*,"₹20,00,000*",850,-,-,-,-,-,-,855(1),855(1),1210(1),1210(1),-,-,-
Tel Govt-NS LOC,BCD-GEN,Telangana,"Prathima IMS, Karimnagar",GENERAL SURGERY,"₹7,50,000*",Info not available*,1*,"₹20,00,000*",1060,-,-,-,-,-,-,824(1),824(1),1211(1),1359(1),-,-,-
Tel Govt-NS LOC,OPEN-GEN,Telangana,"Kamineni (KAMSRC), Hyderabad",ANAESTHESIOLOGY,"₹7,00,000*",Info not available*,1*,"₹20,00,000*",650,2009(1),2009(1),2016(1),2016(1),2016(1),2016(1),1065(1),1065(1),1212(1),1401(1),-,-,-
Tel Govt-NS LOC,BCB-FEM,Telangana,"SVS Med Coll, Mehboobnagar",GENERAL SURGERY,"₹7,50,000*",Info not available*,1*,"₹20,00,000*",760,-,-,-,-,-,-,-,-,1215(1),1215(1),-,-,-
Tel Govt-NS LOC,BCE-FEM,Telangana,"Surabhi InstituteofMS,Siddipet",PAEDIATRICS,"₹7,75,000*",Info not available*,1*,"₹20,00,000*",-,-,-,-,-,-,-,1278(1),1278(1),1220(1),1220(1),-,-,-
Tel Govt-NS LOC,BCB-GEN,Telangana,"Prathima IMS, Karimnagar",GENERAL SURGERY,"₹7,50,000*",Info not available*,1*,"₹20,00,000*",1060,-,-,-,-,-,-,913(1),975(2),1221(2),1508(2),-,-,-
Tel Govt-NS LOC,SC-FEM,Telangana,"Mamata Med Coll, Khammam",RADIO DIAGNOSIS,"₹7,50,000*",Info not available*,1*,"₹20,00,000*",1080,-,-,-,-,-,-,1222(1),1222(1),1222(1),1222(1),-,-,-
Tel Govt-NS LOC,OPEN-FEM,Telangana,"SVS Med Coll, Mehboobnagar",ANAESTHESIOLOGY,"₹7,50,000*",Info not available*,1*,"₹20,00,000*",760,2425(1),2238(1),2473(1),2473(1),2473(1),2473(1),970(1),970(1),1228(1),1228(1),-,-,-
Tel Govt-NS LOC,BCE-FEM,Telangana,"SVS Med Coll, Mehboobnagar",GENERAL SURGERY,"₹7,50,000*",Info not available*,1*,"₹20,00,000*",760,2980(1),3260(1),3283(1),3283(1),3283(1),3283(1),1235(1),1235(1),1235(1),1235(1),-,-,-
Tel Govt-NS LOC,BCE-GEN,Telangana,"Govt Med Coll, Suryapet",ENT,"₹25,000*","₹58,289",1,"₹20,00,000",580,-,-,-,-,-,-,1240(1),1240(1),1240(1),1240(1),-,-,-
Tel Govt-NS LOC,OPEN-FEM,Telangana,"Mediciti IMS, Ghanpur",GENERAL SURGERY,"₹7,00,000*",Info not available*,1*,"₹20,00,000*",720,-,-,-,-,-,-,877(1),877(1),1247(1),1247(1),-,-,-
Tel Govt-NS LOC,BCB-FEM,Telangana,"Kakatiya Med Coll, Warangal",ORTHOPAEDICS,"₹25,000*","₹58,289",1,"₹20,00,000",1150,-,-,-,-,-,-,1081(1),1081(1),1248(1),1248(1),-,-,-
Tel Govt-NS LOC,OPEN-GEN,Telangana,"RVM IMSRC, Siddipet",TBRD,"₹7,00,000*",Info not available*,1*,"₹20,00,000*",1110,-,-,-,-,-,-,-,-,1251(1),1251(1),-,-,-
Tel Govt-NS LOC,OPEN-FEM,Telangana,"SVS Med Coll, Mehboobnagar",ENT,"₹7,50,000*",Info not available*,1*,"₹20,00,000*",760,-,-,-,-,-,-,815(1),1253(1),1253(1),1253(1),-,-,-
Tel Govt-NS LOC,BCA-GEN,Telangana,"Mamata Med Coll, Khammam",GENERAL SURGERY,"₹7,50,000*",Info not available*,1*,"₹20,00,000*",1080,-,-,-,-,-,-,1254(1),1254(1),1254(1),1254(1),-,-,-
Tel Govt-NS LOC,MIN-GEN-MSM,Telangana,"DCMS, Hyderabad",ENT,"₹7,75,000*",Info not available*,1*,"₹20,00,000*",1400,3045(1),2210(1),3338(1),3338(1),3338(1),3338(1),1257(1),1257(1),1257(1),1257(1),-,-,-
Tel Govt-NS LOC,OPEN-FEM,Telangana,"Govt Med Coll, Nizamabad",PSYCHIATRY,"₹25,000*","₹58,289",1,"₹20,00,000",500,-,-,-,-,-,-,941(1),941(1),1258(1),1258(1),-,-,-
Tel Govt-NS LOC,OPEN-FEM,Telangana,"Bhaskar Med Coll, Yenkapally",OPHTHALMOLOGY,"₹7,50,000*",Info not available*,1*,"₹20,00,000*",850,-,-,-,-,-,-,807(1),807(1),1259(1),1259(1),-,-,-
Tel Govt-NS LOC,SC-FEM,Telangana,"Govt Med Coll, Suryapet",OBG,"₹25,000*","₹58,289",1,"₹20,00,000",580,-,-,-,-,-,-,-,-,1260(1),1260(1),-,-,-
Tel Govt-NS LOC,OPEN-GEN,Telangana,"Kamineni IMS, Narketpally",TBRD,"₹7,50,000*",Info not available*,1*,"₹20,00,000*",1060,-,-,-,-,-,-,658(1),898(1),1261(1),1194(1),-,-,-
Tel Govt-NS LOC,BCE-FEM,Telangana,"Govt Med Coll, Siddipet",ANAESTHESIOLOGY,"₹25,000*","₹58,289",1,"₹20,00,000",780,-,-,-,-,-,-,-,-,1266(1),1266(1),-,-,-
Tel Govt-NS LOC,SC-GEN,Telangana,"Kamineni (KAMSRC), Hyderabad",DERMATOLOGY,"₹7,00,000*",Info not available*,1*,"₹20,00,000*",650,-,-,-,-,-,-,1634(1),1634(1),1267(1),1267(1),-,-,-
Tel Govt-NS LOC,OPEN-FEM,Telangana,"MNR Med Coll, Sangareddy",TBRD,"₹7,00,000*",Info not available*,1*,"₹20,00,000*",760,-,-,-,-,-,-,981(1),981(1),1268(1),1268(1),-,-,-
Tel Govt-NS LOC,BCE-GEN,Telangana,"Kamineni (KAMSRC), Hyderabad",TBRD,"₹7,00,000*",Info not available*,1*,"₹20,00,000*",650,-,-,-,-,-,-,1270(1),1270(1),1270(1),1270(1),-,-,-
Tel Govt-NS LOC,OPEN-GEN,Telangana,"Apollo IMSR, Hyderabad",ORTHOPAEDICS,"₹7,50,000*",Info not available*,1*,"₹20,00,000*",570,1909(1),2098(1),2106(1),2106(1),2106(1),2106(1),1084(1),1084(1),1271(1),1271(1),-,-,-
Tel Govt-NS LOC,MIN-GEN-MSM,Telangana,"Shadan IMSRC, Peerancheru",GENERAL SURGERY,"₹7,50,000*",Info not available*,1*,"₹20,00,000*",800,2169(1),2169(1),2285(1),2285(1),2285(1),2285(1),-,-,1272(1),1272(1),-,-,-
Tel Govt-NS LOC,BCB-GEN,Telangana,"Mediciti IMS, Ghanpur",TBRD,"₹7,00,000*",Info not available*,1*,"₹20,00,000*",720,-,-,-,-,-,-,1167(1),1167(1),1274(1),1274(1),-,-,-
Tel Govt-NS LOC,BCA-GEN,Telangana,"Rajiv Gandhi IMS, Adilabad",ORTHOPAEDICS,"₹25,000*","₹58,289",1,"₹20,00,000",Info Not Available,-,-,-,-,-,-,-,-,1277(1),1277(1),-,-,-
Tel Govt-NS LOC,BCE-FEM,Telangana,"Kamineni IMS, Narketpally",GENERAL MEDICINE,"₹7,50,000*",Info not available*,1*,"₹20,00,000*",1060,-,-,-,-,-,-,1169(1),1169(1),1278(1),1278(1),-,-,-
Tel Govt-NS LOC,OPEN-GEN,Telangana,"CAIMS, Karimnagar",ENT,"₹7,75,000*",Info not available*,1*,"₹20,00,000*",1000,2211(1),2211(1),2932(1),2932(1),2932(1),2932(1),-,1104(1),1280(1),1280(1),-,-,-
Tel Govt-NS LOC,SC-GEN,Telangana,"Osmania Med Coll, Hyderabad",ANAESTHESIOLOGY,"₹25,000*","₹58,289",1,"₹20,00,000",4800,-,-,-,-,-,-,1282(1),1282(1),1282(1),1282(1),-,-,-
Tel Govt-NS LOC,MIN-GEN-MSM,Telangana,"Shadan IMSRC, Peerancheru",OBG,"₹7,50,000*",Info not available*,1*,"₹20,00,000*",800,1424(1),2083(1),2117(1),2117(1),2117(1),2117(1),850(1),850(1),1283(1),1283(1),-,-,-
Tel Govt-NS LOC,SC-GEN,Telangana,"Osmania Med Coll, Hyderabad",TBRD,"₹25,000*","₹58,289",1,"₹20,00,000",4800,1481(1),1843(1),1850(1),1850(1),1850(1),1850(1),1140(1),1289(1),1289(1),1289(1),-,-,-
Tel Govt-NS LOC,OPEN-GEN,Telangana,"Mamata Med Coll, Khammam",EMERGENCY MEDICINE,"₹7,50,000*",Info not available*,1*,"₹20,00,000*",1080,-,-,-,-,-,-,1113(1),1182(1),1291(1),1291(1),-,-,-
Tel Govt-NS LOC,BCB-GEN,Telangana,"MNR Med Coll, Sangareddy",DERMATOLOGY,"₹7,00,000*",Info not available*,1*,"₹20,00,000*",760,-,-,-,-,-,-,679(1),884(1),1292(1),1306(1),-,-,-
Tel Govt-NS LOC,BCB-GEN,Telangana,"Prathima IMS, Karimnagar",OPHTHALMOLOGY,"₹7,50,000*",Info not available*,1*,"₹20,00,000*",1060,-,-,-,-,-,-,1293(1),1293(1),1293(1),1762(1),-,-,-
Tel Govt-NS LOC,ST-GEN,Telangana,"Kakatiya Med Coll, Warangal",GENERAL MEDICINE,"₹25,000*","₹58,289",1,"₹20,00,000",1150,1834(1),1834(1),1841(1),1841(1),1841(1),1841(1),515(1),700(1),1294(1),1294(1),-,-,-
Tel Govt-NS LOC,OPEN-FEM,Telangana,"Osmania Med Coll, Hyderabad",PATHOLOGY,"₹25,000*","₹58,289",1,"₹20,00,000",4800,1887(2),1924(2),2529(2),2529(2),2529(2),2529(2),836(1),1133(1),1297(2),1297(2),-,-,-
Tel Govt-NS LOC,OPEN-FEM,Telangana,"NIMS, Hyderabad",HOSPITAL ADMINISTRATION,"₹72,000*","₹1,11,780",1,"₹50,00,000",1498,-,-,-,-,-,-,1882(1),1301(1),1301(1),1301(1),-,-,-
Tel Govt-NS LOC,BCE-FEM,Telangana,"RVM IMSRC, Siddipet",GENERAL MEDICINE,"₹7,00,000*",Info not available*,1*,"₹20,00,000*",1110,-,-,-,-,-,-,437(1),437(1),1303(1),1303(1),-,-,-
Tel Govt-NS LOC,OPEN-GEN,Telangana,"SVS Med Coll, Mehboobnagar",ANAESTHESIOLOGY,"₹7,50,000*",Info not available*,1*,"₹20,00,000*",760,2297(2),2439(2),2719(2),2719(2),2719(2),2719(2),1125(2),1125(2),1304(3),1304(3),-,-,-
Tel Govt-NS LOC,BCB-GEN,Telangana,"Bhaskar Med Coll, Yenkapally",ENT,"₹7,50,000*",Info not available*,1*,"₹20,00,000*",850,-,-,-,-,-,-,1306(1),1306(1),1306(1),1673(1),-,-,-
Tel Govt-NS LOC,BCB-GEN,Telangana,"SVS Med Coll, Mehboobnagar",ANAESTHESIOLOGY,"₹7,50,000*",Info not available*,1*,"₹20,00,000*",760,2301(1),2301(1),2310(1),2310(1),2310(1),2310(1),1137(1),1137(1),1307(1),1307(1),-,-,-
Tel Govt-NS LOC,BCB-FEM,Telangana,"Govt Med Coll, Siddipet",PSYCHIATRY,"₹25,000*","₹58,289",1,"₹20,00,000",780,-,-,-,-,-,-,1318(1),1318(1),1318(1),1563(1),-,-,-
Tel Govt-NS LOC,OPEN-FEM,Telangana,"Gandhi Med Coll, Secunderabad",PATHOLOGY,"₹25,000*","₹58,289",1,"₹20,00,000",1200,-,-,-,-,-,-,1196(1),1196(1),1321(1),1321(1),-,-,-
Tel Govt-NS LOC,BCA-GEN,Telangana,"Osmania Med Coll, Hyderabad",OPHTHALMOLOGY,"₹25,000*","₹58,289",1,"₹20,00,000",4800,1263(1),1263(1),1265(1),1265(1),1265(1),1265(1),954(1),954(1),1329(2),1329(2),-,-,-
Tel Govt-NS LOC,OPEN-FEM,Telangana,"Osmania Med Coll, Hyderabad",DO,"₹25,000*","₹58,289",1,"₹10,00,000",4800,-,-,-,-,-,-,1335(1),1335(1),1335(1),1335(1),-,-,-
Tel Govt-NS LOC,BCA-FEM,Telangana,"Govt Med Coll, Nizamabad",OPHTHALMOLOGY,"₹25,000*","₹58,289",1,"₹20,00,000",500,-,-,-,-,-,-,1273(1),1273(1),1336(1),1336(1),-,-,-
Tel Govt-NS LOC,BCA-GEN,Telangana,"Bhaskar Med Coll, Yenkapally",DERMATOLOGY,"₹7,50,000*",Info not available*,1*,"₹20,00,000*",850,-,-,-,-,-,-,-,-,1337(1),1337(1),-,-,-
Tel Govt-NS LOC,OPEN-GEN,Telangana,"Kamineni (KAMSRC), Hyderabad",RADIATION ONCOLOGY,"₹7,00,000*",Info not available*,1*,"₹20,00,000*",650,-,-,3304(1),3867(1),3867(1),3867(1),1064(1),1060(1),1341(1),1341(1),-,-,-
Tel Govt-NS LOC,BCC-GEN,Telangana,"CAIMS, Karimnagar",TBRD,"₹7,75,000*",Info not available*,1*,"₹20,00,000*",1000,-,-,-,-,-,-,-,-,1342(1),1342(1),-,-,-
Tel Govt-NS LOC,OPEN-GEN,Telangana,"SVS Med Coll, Mehboobnagar",ORTHOPAEDICS,"₹7,50,000*",Info not available*,1*,"₹20,00,000*",760,-,-,-,-,-,-,880(1),880(1),1343(2),1343(2),-,-,-
Tel Govt-NS LOC,BCD-GEN,Telangana,"Kamineni IMS, Narketpally",GENERAL SURGERY,"₹7,50,000*",Info not available*,1*,"₹20,00,000*",1060,-,-,-,-,-,-,1348(1),1348(1),1348(1),1348(1),-,-,-
Tel Govt-NS LOC,OPEN-GEN,Telangana,"MNR Med Coll, Sangareddy",GENERAL SURGERY,"₹7,00,000*",Info not available*,1*,"₹20,00,000*",760,1751(1),1751(1),1907(1),1907(1),1907(1),1907(1),879(3),856(3),1349(4),1411(4),-,-,-
Tel Govt-NS LOC,OPEN-GEN,Telangana,"Osmania Med Coll, Hyderabad",DTBCD,"₹25,000*","₹58,289",1,"₹10,00,000",4800,1191(1),2134(1),2008(1),2008(1),2008(1),2008(1),1073(1),1149(1),1353(1),1353(1),-,-,-
Tel Govt-NS LOC,SC-GEN,Telangana,"Mamata Med Coll, Khammam",GENERAL MEDICINE,"₹7,50,000*",Info not available*,1*,"₹20,00,000*",1080,-,-,-,-,-,-,1138(1),1138(1),1354(2),1354(2),-,-,-
Tel Govt-NS LOC,BCB-FEM,Telangana,"Kamineni IMS, Narketpally",GENERAL SURGERY,"₹7,50,000*",Info not available*,1*,"₹20,00,000*",1060,-,-,-,-,-,-,-,1356(1),1356(1),1356(1),-,-,-
Tel Govt-NS LOC,MIN-GEN-MSM,Telangana,"DCMS, Hyderabad",ORTHOPAEDICS,"₹7,75,000*",Info not available*,1*,"₹20,00,000*",1400,2276(1),2276(1),3397(1),3397(1),3397(1),3397(1),947(1),947(1),1357(2),1357(2),-,-,-
Tel Govt-NS LOC,BCD-FEM,Telangana,"Dr Patnam MRInstofMS,Chevella",TBRD,"₹7,00,000*",Info not available*,1*,"₹20,00,000*",-,-,-,-,-,-,-,1099(1),1099(1),1359(1),1664(1),-,-,-
Tel Govt-NS LOC,BCD-GEN,Telangana,"MNR Med Coll, Sangareddy",GENERAL SURGERY,"₹7,00,000*",Info not available*,1*,"₹20,00,000*",760,2249(1),2249(1),2837(1),2837(1),2837(1),2837(1),1360(1),1360(1),1360(1),1360(1),-,-,-
Tel Govt-NS LOC,OPEN-FEM,Telangana,"SVS Med Coll, Mehboobnagar",OPHTHALMOLOGY,"₹7,50,000*",Info not available*,1*,"₹20,00,000*",760,-,-,-,-,-,-,890(1),1185(1),1364(1),1364(1),-,-,-
Tel Govt-NS LOC,OPEN-GEN,Telangana,"Mamata Med Coll, Khammam",ANAESTHESIOLOGY,"₹7,50,000*",Info not available*,1*,"₹20,00,000*",1080,-,-,-,-,-,-,1212(1),1212(1),1365(1),1365(1),-,-,-
Tel Govt-NS LOC,BCD-FEM,Telangana,"Mamata AcadofMedSci,Bachupally",GENERAL SURGERY,"₹7,50,000*",Info not available*,1*,"₹20,00,000*",-,-,-,-,-,-,-,1366(1),1366(1),1366(1),1366(1),-,-,-
Tel Govt-NS LOC,OPEN-GEN,Telangana,"Surabhi InstituteofMS,Siddipet",GENERAL SURGERY,"₹7,75,000*",Info not available*,1*,"₹20,00,000*",-,-,-,-,3345(1),3345(1),3345(1),901(1),974(1),1370(1),1370(1),-,-,-
Tel Govt-NS LOC,SC-GEN,Telangana,"MNR Med Coll, Sangareddy",RADIO DIAGNOSIS,"₹7,00,000*",Info not available*,1*,"₹20,00,000*",760,1893(1),1893(1),2321(1),2321(1),2321(1),2321(1),1371(1),1371(1),1371(1),1371(1),-,-,-
Tel Govt-NS LOC,MIN-GEN-MSM,Telangana,"DCMS, Hyderabad",OPHTHALMOLOGY,"₹7,75,000*",Info not available*,1*,"₹20,00,000*",1400,2820(1),2820(1),2832(1),2832(1),2832(1),2832(1),1220(1),1550(1),1384(1),1384(1),-,-,-
Tel Govt-NS LOC,OPEN-FEM,Telangana,"Prathima IMS, Karimnagar",ANAESTHESIOLOGY,"₹7,50,000*",Info not available*,1*,"₹20,00,000*",1060,-,-,2732(1),2732(1),2732(1),2732(1),1158(1),910(1),1387(1),1428(1),-,-,-
Tel Govt-Serv LOC,OPEN-GEN,Telangana,"Kakatiya Med Coll, Warangal",PAEDIATRICS,"₹25,000*","₹58,289",1,"₹20,00,000",1150,-,-,-,-,-,-,1389(1),1389(1),1388(1),1388(1),-,-,-
Tel Govt-NS LOC,BCB-GEN,Telangana,"Mahavir Inst of MS, Vikarabad",OBG,"₹7,00,000*",Info not available*,1*,"₹20,00,000*",700,-,-,-,-,-,-,799(1),943(1),1389(1),1389(1),-,-,-
Tel Govt-NS LOC,BCD-FEM,Telangana,"Apollo IMSR, Hyderabad",ANAESTHESIOLOGY,"₹7,50,000*",Info not available*,1*,"₹20,00,000*",570,-,-,-,-,-,-,1393(1),1393(1),1392(1),1392(1),-,-,-
Tel Govt-NS LOC,MIN-GEN-MSM,Telangana,"Shadan IMSRC, Peerancheru",ANAESTHESIOLOGY,"₹7,50,000*",Info not available*,1*,"₹20,00,000*",800,2627(1),2627(1),3441(1),3441(1),3441(1),3441(1),1525(1),1525(1),1394(1),1784(1),-,-,-
Tel Govt-NS LOC,OPEN-FEM,Telangana,"SVS Med Coll, Mehboobnagar",ORTHOPAEDICS,"₹7,50,000*",Info not available*,1*,"₹20,00,000*",760,2754(1),2730(1),2741(1),2741(1),2741(1),2741(1),1089(1),1089(1),1395(1),1395(1),-,-,-
Tel Govt-NS LOC,BCC-GEN,Telangana,"Rajiv Gandhi IMS, Adilabad",GENERAL SURGERY,"₹25,000*","₹58,289",1,"₹20,00,000",Info Not Available,-,-,-,-,-,-,1388(1),1404(1),1403(1),1403(1),-,-,-
Tel Govt-NS LOC,BCD-FEM,Telangana,"Mediciti IMS, Ghanpur",GENERAL SURGERY,"₹7,00,000*",Info not available*,1*,"₹20,00,000*",720,-,-,-,-,-,-,-,-,1404(1),1404(1),-,-,-
Tel Govt-NS LOC,SC-GEN,Telangana,"CAIMS, Karimnagar",GENERAL MEDICINE,"₹7,75,000*",Info not available*,1*,"₹20,00,000*",1000,1930(1),1930(1),1937(1),1937(1),1937(1),1937(1),1408(1),1408(1),1407(1),1407(1),-,-,-
Tel Govt-NS LOC,BCA-GEN,Telangana,"CAIMS, Karimnagar",ORTHOPAEDICS,"₹7,75,000*",Info not available*,1*,"₹20,00,000*",1000,-,-,-,-,-,-,1411(1),1411(1),1410(1),1410(1),-,-,-
Tel Govt-NS LOC,OPEN-GEN,Telangana,"Mamata AcadofMedSci,Bachupally",ANAESTHESIOLOGY,"₹7,50,000*",Info not available*,1*,"₹20,00,000*",-,-,-,-,-,-,-,1124(1),1124(1),1411(1),1135(1),-,-,-
Tel Govt-NS LOC,ST-GEN,Telangana,"Rajiv Gandhi IMS, Adilabad",GENERAL MEDICINE,"₹25,000*","₹58,289",1,"₹20,00,000",Info Not Available,-,-,-,-,-,-,1414(1),1414(1),1413(1),1413(1),-,-,-
Tel Govt-NS LOC,OPEN-FEM,Telangana,"Dr Patnam MRInstofMS,Chevella",ORTHOPAEDICS,"₹7,00,000*",Info not available*,1*,"₹20,00,000*",-,-,-,-,-,-,-,1416(1),1416(1),1415(1),1415(1),-,-,-
Tel Govt-NS LOC,OPEN-GEN,Telangana,"Osmania Med Coll, Hyderabad",PATHOLOGY,"₹25,000*","₹58,289",1,"₹20,00,000",4800,2120(3),2451(3),2563(3),2563(3),2563(3),2563(3),1133(3),1264(3),1416(4),1416(4),-,-,-
Tel Govt-NS LOC,BCB-FEM,Telangana,"MNR Med Coll, Sangareddy",ANAESTHESIOLOGY,"₹7,00,000*",Info not available*,1*,"₹20,00,000*",760,-,-,-,-,-,-,1418(1),1418(1),1417(1),1417(1),-,-,-
Tel Govt-NS LOC,SC-GEN,Telangana,"Bhaskar Med Coll, Yenkapally",GENERAL MEDICINE,"₹7,50,000*",Info not available*,1*,"₹20,00,000*",850,-,2110(1),2118(1),2118(1),2118(1),2118(1),1354(1),1354(1),1421(1),1421(1),-,-,-
Tel Govt-NS LOC,BCD-GEN,Telangana,"Bhaskar Med Coll, Yenkapally",OPHTHALMOLOGY,"₹7,50,000*",Info not available*,1*,"₹20,00,000*",850,-,-,-,-,-,-,1424(1),1424(1),1423(1),1423(1),-,-,-
Tel Govt-NS LOC,OPEN-FEM,Telangana,"Bhaskar Med Coll, Yenkapally",ANAESTHESIOLOGY,"₹7,50,000*",Info not available*,1*,"₹20,00,000*",850,-,-,-,-,-,-,1074(1),1074(1),1429(1),1429(1),-,-,-
Tel Govt-NS LOC,BCA-FEM,Telangana,"RVM IMSRC, Siddipet",OBG,"₹7,00,000*",Info not available*,1*,"₹20,00,000*",1110,-,-,-,-,-,-,1060(1),1433(1),1432(1),1432(1),-,-,-
Tel Govt-NS LOC,OPEN-GEN,Telangana,"Gandhi Med Coll, Secunderabad",PATHOLOGY,"₹25,000*","₹58,289",1,"₹20,00,000",1200,1575(1),1916(1),2758(1),2945(2),2945(2),2945(2),-,-,1434(1),1434(1),-,-,-
Tel Govt-NS LOC,BCB-FEM,Telangana,"Mamata Med Coll, Khammam",GENERAL SURGERY,"₹7,50,000*",Info not available*,1*,"₹20,00,000*",1080,-,-,-,-,-,-,728(1),728(1),1435(1),1435(1),-,-,-
Tel Govt-NS LOC,BCE-GEN,Telangana,"MNR Med Coll, Sangareddy",OBG,"₹7,00,000*",Info not available*,1*,"₹20,00,000*",760,-,-,-,-,-,-,999(1),999(1),1439(1),1439(1),-,-,-
Tel Govt-NS LOC,MIN-FEM-MSM,Telangana,"DrVRK Womens MedColl,Aziznagar",OBG,"₹7,00,000*",Info not available*,1*,"₹20,00,000*",500,1892(1),1892(1),2881(1),2881(1),2881(1),2881(1),1007(1),1007(1),1441(1),1441(1),-,-,-
Tel Govt-NS LOC,OPEN-FEM,Telangana,"CAIMS, Karimnagar",OPHTHALMOLOGY,"₹7,75,000*",Info not available*,1*,"₹20,00,000*",1000,-,-,-,-,-,-,942(1),942(1),1442(1),1442(1),-,-,-
Tel Govt-NS LOC,BCB-FEM,Telangana,"CAIMS, Karimnagar",GENERAL SURGERY,"₹7,75,000*",Info not available*,1*,"₹20,00,000*",1000,1923(1),2002(1),2885(1),3044(1),3044(1),3044(1),943(1),973(1),1444(1),1444(1),-,-,-
Tel Govt-NS LOC,BCA-FEM,Telangana,"Mamata Med Coll, Khammam",PAEDIATRICS,"₹7,50,000*",Info not available*,1*,"₹20,00,000*",1080,-,-,-,-,-,-,1090(1),1090(1),1445(1),1445(1),-,-,-
Tel Govt-NS LOC,SC-GEN,Telangana,"Mediciti IMS, Ghanpur",GENERAL MEDICINE,"₹7,00,000*",Info not available*,1*,"₹20,00,000*",720,-,-,-,-,-,-,-,-,1446(1),1446(1),-,-,-
Tel Govt-NS LOC,OPEN-FEM,Telangana,"MNR Med Coll, Sangareddy",EMERGENCY MEDICINE,"₹7,00,000*",Info not available*,1*,"₹20,00,000*",760,-,-,-,-,-,-,1303(1),1303(1),1449(1),1449(1),-,-,-
Tel Govt-NS LOC,SC-GEN,Telangana,"SVS Med Coll, Mehboobnagar",PAEDIATRICS,"₹7,50,000*",Info not available*,1*,"₹20,00,000*",760,-,-,-,-,-,-,1447(1),1447(1),1450(1),1450(1),-,-,-
Tel Govt-NS LOC,BCA-GEN,Telangana,"Kakatiya Med Coll, Warangal",ANAESTHESIOLOGY,"₹25,000*","₹58,289",1,"₹20,00,000",1150,-,-,-,-,-,-,-,709(1),1452(1),1452(1),-,-,-
Tel Govt-NS LOC,OPEN-GEN,Telangana,"Kamineni IMS, Narketpally",ANAESTHESIOLOGY,"₹7,50,000*",Info not available*,1*,"₹20,00,000*",1060,2443(1),2458(1),3185(1),3185(1),3185(1),3185(1),1288(1),1291(1),1454(1),1454(1),-,-,-
Tel Govt-NS LOC,OPEN-GEN,Telangana,"ESIC Med Coll,Sanath Nagar",PMR,"₹2,50,000*","₹1,26,927*",2*,"₹10,00,000*",690,2097(1),2132(1),2928(1),2928(1),2928(1),2928(1),1456(1),1456(1),1455(2),1455(2),-,-,-
Tel Govt-NS LOC,OPEN-GEN,Telangana,"RVM IMSRC, Siddipet",ORTHOPAEDICS,"₹7,00,000*",Info not available*,1*,"₹20,00,000*",1110,-,-,-,-,-,-,1123(1),1158(1),1457(1),1760(1),-,-,-
Tel Govt-NS LOC,BCB-FEM,Telangana,"Mamata AcadofMedSci,Bachupally",GENERAL SURGERY,"₹7,50,000*",Info not available*,1*,"₹20,00,000*",-,-,-,-,-,-,-,-,1171(1),1458(1),1458(1),-,-,-
Tel Govt-NS LOC,OPEN-FEM,Telangana,"Mamata Med Coll, Khammam",PSYCHIATRY,"₹7,50,000*",Info not available*,1*,"₹20,00,000*",1080,-,-,-,-,-,-,1253(1),1364(1),1459(1),1459(1),-,-,-
Tel Govt-NS LOC,BCD-GEN,Telangana,"Kamineni IMS, Narketpally",ORTHOPAEDICS,"₹7,50,000*",Info not available*,1*,"₹20,00,000*",1060,-,-,-,-,-,-,1461(1),1461(1),1460(1),1460(1),-,-,-
Tel Govt-NS LOC,SC-GEN,Telangana,"Kamineni (KAMSRC), Hyderabad",PAEDIATRICS,"₹7,00,000*",Info not available*,1*,"₹20,00,000*",650,-,-,-,-,-,-,1464(1),1464(1),1463(1),1463(1),-,-,-
Tel Govt-NS LOC,SC-FEM,Telangana,"SVS Med Coll, Mehboobnagar",GENERAL MEDICINE,"₹7,50,000*",Info not available*,1*,"₹20,00,000*",760,1874(1),1874(1),3030(1),3030(1),3030(1),3030(1),-,-,1464(1),1464(1),-,-,-
Tel Govt-NS LOC,OPEN-FEM,Telangana,"Kamineni IMS, Narketpally",ORTHOPAEDICS,"₹7,50,000*",Info not available*,1*,"₹20,00,000*",1060,-,-,-,-,-,-,1521(1),1521(1),1467(1),1819(1),-,-,-
Tel Govt-NS LOC,SC-FEM,Telangana,"Gandhi Med Coll, Secunderabad",TBRD,"₹25,000*","₹58,289",1,"₹20,00,000",1200,-,-,-,-,-,-,1187(1),1187(1),1473(1),1473(1),-,-,-
Tel Govt-NS LOC,BCD-FEM,Telangana,"Rajiv Gandhi IMS, Adilabad",PATHOLOGY,"₹25,000*","₹58,289",1,"₹20,00,000",Info Not Available,-,-,-,-,-,-,1479(1),1479(1),1478(1),1478(1),-,-,-
Tel Govt-NS LOC,OPEN-GEN,Telangana,"Prathima IMS, Karimnagar",ORTHOPAEDICS,"₹7,50,000*",Info not available*,1*,"₹20,00,000*",1060,1933(1),1933(1),2825(1),2825(1),2825(1),2825(1),1095(1),1105(1),1479(2),1680(2),-,-,-
Tel Govt-NS LOC,OPEN-FEM,Telangana,"CAIMS, Karimnagar",ANAESTHESIOLOGY,"₹7,75,000*",Info not available*,1*,"₹20,00,000*",1000,1919(1),1919(1),2888(1),2888(1),2888(1),2888(1),1304(1),1304(1),1488(1),1488(1),-,-,-
Tel Govt-NS LOC,SC-FEM,Telangana,"Govt Med Coll, Nizamabad",GENERAL SURGERY,"₹25,000*","₹58,289",1,"₹20,00,000",500,-,-,-,-,-,-,1085(1),1112(1),1489(1),1489(1),-,-,-
Tel Govt-NS LOC,SC-GEN,Telangana,"Gandhi Med Coll, Secunderabad",ANAESTHESIOLOGY,"₹25,000*","₹58,289",1,"₹20,00,000",1200,2342(1),2373(1),2382(1),2382(1),2382(1),2382(1),1308(1),1308(1),1491(1),1491(1),-,-,-
Tel Govt-NS LOC,SC-GEN,Telangana,"Mamata AcadofMedSci,Bachupally",PAEDIATRICS,"₹7,50,000*",Info not available*,1*,"₹20,00,000*",-,-,-,-,-,-,-,1493(1),1493(1),1492(1),1492(1),-,-,-
Tel Govt-NS LOC,BCE-GEN,Telangana,"CAIMS, Karimnagar",TBRD,"₹7,75,000*",Info not available*,1*,"₹20,00,000*",1000,-,-,-,-,-,-,1357(1),1357(1),1507(1),1507(1),-,-,-
Tel Govt-NS LOC,OPEN-GEN,Telangana,"MNR Med Coll, Sangareddy",ORTHOPAEDICS,"₹7,00,000*",Info not available*,1*,"₹20,00,000*",760,2335(1),2510(1),3017(1),3017(1),3017(1),3017(1),1370(1),1370(1),1508(1),1803(1),-,-,-
Tel Govt-NS LOC,MIN-FEM-MSM,Telangana,"Shadan IMSRC, Peerancheru",ANAESTHESIOLOGY,"₹7,50,000*",Info not available*,1*,"₹20,00,000*",800,2867(1),2867(1),3151(1),3151(1),3151(1),3151(1),1511(1),1511(1),1510(1),1510(1),-,-,-
Tel Govt-NS LOC,BCE-GEN,Telangana,"Dr Patnam MRInstofMS,Chevella",GENERAL SURGERY,"₹7,00,000*",Info not available*,1*,"₹20,00,000*",-,-,-,-,-,-,-,1512(1),1512(1),1511(1),1511(1),-,-,-
Tel Govt-NS LOC,OPEN-FEM,Telangana,"Mahavir Inst of MS, Vikarabad",GENERAL SURGERY,"₹7,00,000*",Info not available*,1*,"₹20,00,000*",700,-,-,-,-,-,-,1050(1),1050(1),1517(1),1580(1),-,-,-
Tel Govt-NS LOC,BCD-GEN,Telangana,"RVM IMSRC, Siddipet",ANAESTHESIOLOGY,"₹7,00,000*",Info not available*,1*,"₹20,00,000*",1110,-,-,-,-,-,-,1519(1),1519(1),1518(1),1518(1),-,-,-
Tel Govt-NS LOC,BCE-GEN,Telangana,"Gandhi Med Coll, Secunderabad",PATHOLOGY,"₹25,000*","₹58,289",1,"₹20,00,000",1200,-,-,-,-,-,-,1266(1),1266(1),1519(1),1519(1),-,-,-
Tel Govt-NS LOC,BCB-GEN,Telangana,"SVS Med Coll, Mehboobnagar",ORTHOPAEDICS,"₹7,50,000*",Info not available*,1*,"₹20,00,000*",760,-,-,-,-,-,-,-,1121(1),1520(1),1520(1),-,-,-
Tel Govt-NS LOC,OPEN-FEM,Telangana,"Mamata AcadofMedSci,Bachupally",ANAESTHESIOLOGY,"₹7,50,000*",Info not available*,1*,"₹20,00,000*",-,-,-,-,-,-,-,-,1135(1),1522(2),1522(2),-,-,-
Tel Govt-NS LOC,MIN-FEM-MSM,Telangana,"DCMS, Hyderabad",ANAESTHESIOLOGY,"₹7,75,000*",Info not available*,1*,"₹20,00,000*",1400,2824(1),3045(1),3061(2),3061(2),3061(2),3061(2),977(1),977(1),1524(1),1524(1),-,-,-
Tel Govt-NS LOC,OPEN-GEN,Telangana,"Kamineni IMS, Narketpally",ENT,"₹7,50,000*",Info not available*,1*,"₹20,00,000*",1060,-,-,-,-,-,-,1119(1),815(1),1525(1),1525(1),-,-,-
Tel Govt-NS LOC,SC-GEN,Telangana,"Kakatiya Med Coll, Warangal",ANAESTHESIOLOGY,"₹25,000*","₹58,289",1,"₹20,00,000",1150,-,-,-,-,-,-,-,1325(1),1527(1),1527(1),-,-,-
Tel Govt-NS LOC,MIN-GEN-MSM,Telangana,"Shadan IMSRC, Peerancheru",OPHTHALMOLOGY,"₹7,50,000*",Info not available*,1*,"₹20,00,000*",800,-,-,-,-,-,-,1369(1),1369(1),1534(1),1534(1),-,-,-
Tel Govt-NS LOC,BCE-GEN,Telangana,"Prathima IMS, Karimnagar",GENERAL SURGERY,"₹7,50,000*",Info not available*,1*,"₹20,00,000*",1060,-,-,-,-,-,-,-,-,1535(1),1913(1),-,-,-
Tel Govt-NS LOC,OPEN-GEN,Telangana,"CAIMS, Karimnagar",ORTHOPAEDICS,"₹7,75,000*",Info not available*,1*,"₹20,00,000*",1000,2098(1),2233(1),2984(1),3054(2),3054(2),3054(2),1211(1),1211(1),1536(1),1536(1),-,-,-
Tel Govt-NS LOC,OPEN-FEM,Telangana,"Bhaskar Med Coll, Yenkapally",ENT,"₹7,50,000*",Info not available*,1*,"₹20,00,000*",850,-,-,-,-,-,-,1066(1),1066(1),1539(1),1539(1),-,-,-
Tel Govt-NS LOC,OPEN-GEN,Telangana,"Prathima IMS, Karimnagar",OPHTHALMOLOGY,"₹7,50,000*",Info not available*,1*,"₹20,00,000*",1060,1688(1),1688(1),2591(1),2591(1),2591(1),2591(1),1014(1),1014(1),1540(2),1558(2),-,-,-
Tel Govt-NS LOC,OPEN-GEN,Telangana,"Prathima IMS, Karimnagar",ANAESTHESIOLOGY,"₹7,50,000*",Info not available*,1*,"₹20,00,000*",1060,2336(2),2336(2),2808(2),2808(2),2808(2),2808(2),1228(2),1228(2),1542(3),1564(3),-,-,-
Tel Govt-NS LOC,OPEN-GEN,Telangana,"Dr Patnam MRInstofMS,Chevella",ENT,"₹7,00,000*",Info not available*,1*,"₹20,00,000*",-,-,-,-,-,-,-,-,-,1544(1),1544(1),-,-,-
Tel Govt-NS LOC,MIN-GEN-MSM,Telangana,"DCMS, Hyderabad",ANAESTHESIOLOGY,"₹7,75,000*",Info not available*,1*,"₹20,00,000*",1400,2254(1),2573(1),2584(1),2584(1),2584(1),2584(1),1444(2),1444(2),1549(3),1549(3),-,-,-
Tel Govt-NS LOC,BCB-FEM,Telangana,"Kamineni IMS, Narketpally",TBRD,"₹7,50,000*",Info not available*,1*,"₹20,00,000*",1060,-,-,-,-,-,-,1120(1),1120(1),1555(1),1555(1),-,-,-
Tel Govt-NS LOC,OPEN-GEN,Telangana,"Kamineni IMS, Narketpally",OPHTHALMOLOGY,"₹7,50,000*",Info not available*,1*,"₹20,00,000*",1060,-,-,-,-,-,-,1048(1),1220(1),1558(1),1588(1),-,-,-
Tel Govt-NS LOC,OPEN-FEM,Telangana,"Bhaskar Med Coll, Yenkapally",ORTHOPAEDICS,"₹7,50,000*",Info not available*,1*,"₹20,00,000*",850,-,-,-,-,-,-,1560(1),1560(1),1559(1),1559(1),-,-,-
Tel Govt-NS LOC,BCA-GEN,Telangana,"Kamineni IMS, Narketpally",OBG,"₹7,50,000*",Info not available*,1*,"₹20,00,000*",1060,-,-,-,-,-,-,1011(1),1011(1),1560(1),1560(1),-,-,-
Tel Govt-NS LOC,OPEN-GEN,Telangana,"Mamata Med Coll, Khammam",ORTHOPAEDICS,"₹7,50,000*",Info not available*,1*,"₹20,00,000*",1080,2042(1),2143(1),2312(1),2312(1),2312(1),2312(1),1121(1),901(1),1562(1),1562(1),-,-,-
Tel Govt-NS LOC,BCB-GEN,Telangana,"Prathima IMS, Karimnagar",PSYCHIATRY,"₹7,50,000*",Info not available*,1*,"₹20,00,000*",1060,-,-,-,-,-,-,-,-,1563(1),2270(1),-,-,-
Tel Govt-NS LOC,OPEN-FEM,Telangana,"Govt Med Coll, Mahabubnagar",PATHOLOGY,"₹25,000*","₹58,289",1,"₹20,00,000",900,-,-,-,-,-,-,1234(1),1297(1),1568(1),2048(1),-,-,-
Tel Govt-NS LOC,OPEN-GEN,Telangana,"RVM IMSRC, Siddipet",OPHTHALMOLOGY,"₹7,00,000*",Info not available*,1*,"₹20,00,000*",1110,-,-,-,-,-,-,-,-,1569(1),1569(1),-,-,-
Tel Govt-NS LOC,OPEN-GEN,Telangana,"Mediciti IMS, Ghanpur",OPHTHALMOLOGY,"₹7,00,000*",Info not available*,1*,"₹20,00,000*",720,-,-,-,-,-,-,-,1053(1),1575(1),1590(1),-,-,-
Tel Govt-NS LOC,BCB-FEM,Telangana,"MNR Med Coll, Sangareddy",GENERAL SURGERY,"₹7,00,000*",Info not available*,1*,"₹20,00,000*",760,-,2140(1),3371(2),3371(2),3371(2),3371(2),-,1215(1),1577(1),1577(1),-,-,-
Tel Govt-NS LOC,MIN-GEN-MSM,Telangana,"Shadan IMSRC, Peerancheru",ENT,"₹7,50,000*",Info not available*,1*,"₹20,00,000*",800,-,-,-,-,-,-,1272(1),1272(1),1579(1),1579(1),-,-,-
Tel Govt-NS LOC,OPEN-GEN,Telangana,"CAIMS, Karimnagar",ANAESTHESIOLOGY,"₹7,75,000*",Info not available*,1*,"₹20,00,000*",1000,2439(2),2443(2),3025(2),3025(2),3025(2),3025(2),1166(2),1166(2),1584(3),1629(3),-,-,-
Tel Govt-NS LOC,BCA-GEN,Telangana,"Govt Med Coll, Nizamabad",ANAESTHESIOLOGY,"₹25,000*","₹58,289",1,"₹20,00,000",500,-,-,-,-,-,-,-,-,1587(1),1587(1),-,-,-
Tel Govt-NS LOC,BCE-FEM,Telangana,"Surabhi InstituteofMS,Siddipet",OPHTHALMOLOGY,"₹7,75,000*",Info not available*,1*,"₹20,00,000*",-,-,-,-,-,-,-,1566(1),1566(1),1588(1),2497(1),-,-,-
Tel Govt-NS LOC,BCB-GEN,Telangana,"Mamata Med Coll, Khammam",ORTHOPAEDICS,"₹7,50,000*",Info not available*,1*,"₹20,00,000*",1080,-,-,-,-,-,-,1141(1),1141(1),1589(1),1589(1),-,-,-
Tel Govt-NS LOC,BCB-GEN,Telangana,"Mamata AcadofMedSci,Bachupally",ANAESTHESIOLOGY,"₹7,50,000*",Info not available*,1*,"₹20,00,000*",-,-,-,-,-,-,-,1307(1),1307(1),1595(1),1595(1),-,-,-
Tel Govt-NS LOC,SC-FEM,Telangana,"Kamineni (KAMSRC), Hyderabad",GENERAL MEDICINE,"₹7,00,000*",Info not available*,1*,"₹20,00,000*",650,-,-,-,-,-,-,878(1),1039(1),1596(1),1596(1),-,-,-
Tel Govt-NS LOC,OPEN-FEM,Telangana,"CAIMS, Karimnagar",PSYCHIATRY,"₹7,75,000*",Info not available*,1*,"₹20,00,000*",1000,-,-,-,-,-,-,1541(1),1541(1),1599(1),1599(1),-,-,-
Tel Govt-NS LOC,BCD-FEM,Telangana,"SVS Med Coll, Mehboobnagar",ANAESTHESIOLOGY,"₹7,50,000*",Info not available*,1*,"₹20,00,000*",760,2753(1),2544(1),3239(1),3239(1),3239(1),3239(1),-,961(1),1601(1),1601(1),-,-,-
Tel Govt-NS LOC,SC-GEN,Telangana,"Govt Med Coll, Siddipet",GENERAL SURGERY,"₹25,000*","₹58,289",1,"₹20,00,000",780,-,-,-,-,-,-,1107(1),1107(1),1604(1),1604(1),-,-,-
Tel Govt-NS LOC,ST-GEN,Telangana,"Gandhi Med Coll, Secunderabad",OBG,"₹25,000*","₹58,289",1,"₹20,00,000",1200,-,-,-,-,-,-,523(1),523(1),1605(1),1605(1),-,-,-
Tel Govt-NS LOC,BCA-FEM,Telangana,"MNR Med Coll, Sangareddy",GENERAL MEDICINE,"₹7,00,000*",Info not available*,1*,"₹20,00,000*",760,-,-,-,-,-,-,976(1),976(1),1608(1),1608(1),-,-,-
Tel Govt-NS LOC,SC-GEN,Telangana,"Osmania Med Coll, Hyderabad",ENT,"₹25,000*","₹58,289",1,"₹20,00,000",4800,-,-,-,-,-,-,840(1),840(1),1611(2),1611(2),-,-,-
Tel Govt-NS LOC,OPEN-GEN,Telangana,"RVM IMSRC, Siddipet",ANAESTHESIOLOGY,"₹7,00,000*",Info not available*,1*,"₹20,00,000*",1110,-,-,-,-,-,-,1305(1),1305(1),1612(1),1612(1),-,-,-
Tel Govt-NS LOC,OPEN-GEN,Telangana,"Bhaskar Med Coll, Yenkapally",ORTHOPAEDICS,"₹7,50,000*",Info not available*,1*,"₹20,00,000*",850,2073(1),2073(1),2081(1),2081(1),2081(1),2081(1),1239(1),1239(1),1618(2),1626(2),-,-,-
Tel Govt-NS LOC,MIN-GEN-MSM,Telangana,"Shadan IMSRC, Peerancheru",ORTHOPAEDICS,"₹7,50,000*",Info not available*,1*,"₹20,00,000*",800,2948(1),2948(1),2963(1),2963(1),2963(1),2963(1),1621(1),1621(1),1620(1),1620(1),-,-,-
Tel Govt-NS LOC,ST-GEN,Telangana,"Osmania Med Coll, Hyderabad",PAEDIATRICS,"₹25,000*","₹58,289",1,"₹20,00,000",4800,2172(1),2172(1),2180(1),2180(1),2180(1),2180(1),1155(1),1294(1),1621(1),1621(1),-,-,-
Tel Govt-NS LOC,OPEN-GEN,Telangana,"Mamata Med Coll, Khammam",ENT,"₹7,50,000*",Info not available*,1*,"₹20,00,000*",1080,1951(1),1951(1),2697(1),3364(1),3364(1),3364(1),1038(1),1038(1),1622(2),1622(2),-,-,-
Tel Govt-NS LOC,BCB-GEN,Telangana,"Osmania Med Coll, Hyderabad",PATHOLOGY,"₹25,000*","₹58,289",1,"₹20,00,000",4800,2633(1),2633(1),3817(1),3817(1),3817(1),3817(1),1264(1),1374(1),1624(2),1624(2),-,-,-
Tel Govt-NS LOC,BCE-GEN,Telangana,"MNR Med Coll, Sangareddy",ORTHOPAEDICS,"₹7,00,000*",Info not available*,1*,"₹20,00,000*",760,-,-,-,-,-,-,-,-,1626(1),1923(1),-,-,-
Tel Govt-NS LOC,BCD-GEN,Telangana,"CAIMS, Karimnagar",ANAESTHESIOLOGY,"₹7,75,000*",Info not available*,1*,"₹20,00,000*",1000,-,-,-,-,-,-,1602(1),1602(1),1629(1),1775(1),-,-,-
Tel Govt-NS LOC,SC-FEM,Telangana,"Bhaskar Med Coll, Yenkapally",RADIO DIAGNOSIS,"₹7,50,000*",Info not available*,1*,"₹20,00,000*",850,-,-,-,-,-,-,1510(1),1510(1),1633(2),1633(2),-,-,-
Tel Govt-NS LOC,SC-FEM,Telangana,"MNR Med Coll, Sangareddy",GENERAL MEDICINE,"₹7,00,000*",Info not available*,1*,"₹20,00,000*",760,2396(1),2396(1),2405(1),2405(1),2405(1),2405(1),1646(1),1646(1),1645(1),1645(1),-,-,-
Tel Govt-NS LOC,OPEN-FEM,Telangana,"Mediciti IMS, Ghanpur",ANAESTHESIOLOGY,"₹7,00,000*",Info not available*,1*,"₹20,00,000*",720,2334(1),2334(1),2343(1),2343(1),2343(1),2343(1),1135(1),1184(1),1646(1),1648(1),-,-,-
Tel Govt-NS LOC,OPEN-FEM,Telangana,"Dr Patnam MRInstofMS,Chevella",ANAESTHESIOLOGY,"₹7,00,000*",Info not available*,1*,"₹20,00,000*",-,-,-,-,-,-,-,1378(1),1378(1),1648(1),1798(1),-,-,-
Tel Govt-NS LOC,SC-GEN,Telangana,"Prathima IMS, Karimnagar",PAEDIATRICS,"₹7,50,000*",Info not available*,1*,"₹20,00,000*",1060,-,-,-,-,-,-,1652(1),1652(1),1651(1),1651(1),-,-,-
Tel Govt-NS LOC,OPEN-GEN,Telangana,"Govt Med Coll, Siddipet",PATHOLOGY,"₹25,000*","₹58,289",1,"₹20,00,000",780,-,-,-,-,-,-,1286(1),1286(1),1654(1),1654(1),-,-,-
Tel Govt-NS LOC,OPEN-GEN,Telangana,"Mediciti IMS, Ghanpur",ORTHOPAEDICS,"₹7,00,000*",Info not available*,1*,"₹20,00,000*",720,2257(1),2335(1),2749(1),2749(1),2749(1),2749(1),1346(1),1346(1),1663(1),1694(1),-,-,-
Tel Govt-NS LOC,BCD-GEN,Telangana,"CAIMS, Karimnagar",OPHTHALMOLOGY,"₹7,75,000*",Info not available*,1*,"₹20,00,000*",1000,-,-,-,-,-,-,-,-,1664(1),2004(1),-,-,-
Tel Govt-NS LOC,SC-GEN,Telangana,"NIMS, Hyderabad",ORTHOPAEDICS,"₹72,000*","₹1,11,780",1,"₹50,00,000",1498,-,-,-,-,-,-,876(1),876(1),1665(1),1665(1),-,-,-
Tel Govt-NS LOC,OPEN-FEM,Telangana,"RVM IMSRC, Siddipet",ENT,"₹7,00,000*",Info not available*,1*,"₹20,00,000*",1110,-,-,-,-,-,-,867(1),867(1),1673(1),1695(1),-,-,-
Tel Govt-NS LOC,BCC-GEN,Telangana,"ESIC Med Coll,Sanath Nagar",IHBT,"₹2,50,000*","₹1,26,927*",2*,"₹10,00,000*",690,-,-,-,-,-,-,1929(1),1677(1),1676(1),1676(1),-,-,-
Tel Govt-NS LOC,BCD-GEN,Telangana,"Mamata Med Coll, Khammam",ENT,"₹7,50,000*",Info not available*,1*,"₹20,00,000*",1080,-,-,-,-,-,-,1681(1),1681(1),1680(1),1687(1),-,-,-
Tel Govt-NS LOC,OPEN-FEM,Telangana,"MNR Med Coll, Sangareddy",ANAESTHESIOLOGY,"₹7,00,000*",Info not available*,1*,"₹20,00,000*",760,2500(1),2500(1),3188(2),3188(2),3188(2),3188(2),1314(1),1359(1),1684(1),1809(1),-,-,-
Tel Govt-NS LOC,OPEN-GEN,Telangana,"Dr Patnam MRInstofMS,Chevella",ANAESTHESIOLOGY,"₹7,00,000*",Info not available*,1*,"₹20,00,000*",-,2547(1),2545(1),3220(1),3220(1),3220(1),3220(1),1394(1),1394(1),1685(1),1685(1),-,-,-
Tel Govt-NS LOC,BCD-FEM,Telangana,"Kamineni IMS, Narketpally",ENT,"₹7,50,000*",Info not available*,1*,"₹20,00,000*",1060,-,-,-,-,-,-,1688(1),1688(1),1687(1),2371(1),-,-,-
Tel Govt-NS LOC,ST-GEN,Telangana,"Osmania Med Coll, Hyderabad",OBG,"₹25,000*","₹58,289",1,"₹20,00,000",4800,2282(1),2282(1),2291(1),2291(1),2291(1),2291(1),733(1),1155(1),1688(2),1688(2),-,-,-
Tel Govt-NS LOC,BCA-GEN,Telangana,"Kamineni (KAMSRC), Hyderabad",ANAESTHESIOLOGY,"₹7,00,000*",Info not available*,1*,"₹20,00,000*",650,2641(1),2641(1),2652(1),2652(1),2652(1),2652(1),1691(1),1691(1),1690(1),1690(1),-,-,-
Tel Govt-NS LOC,BCA-GEN,Telangana,"Osmania Med Coll, Hyderabad",PSYCHIATRY,"₹25,000*","₹58,289",1,"₹20,00,000",4800,2972(1),2972(1),2987(1),2987(1),2987(1),2987(1),1383(1),1383(1),1692(1),1692(1),-,-,-
Tel Govt-NS LOC,OPEN-GEN,Telangana,"Mahavir Inst of MS, Vikarabad",ORTHOPAEDICS,"₹7,00,000*",Info not available*,1*,"₹20,00,000*",700,-,-,-,-,-,-,1343(1),1343(1),1694(1),1805(1),-,-,-
Tel Govt-NS LOC,BCE-GEN,Telangana,"Maheshwara Med Coll, Medak",GENERAL SURGERY,"₹7,00,000*",Info not available*,1*,"₹20,00,000*",745,-,-,-,-,-,-,1518(1),1518(1),1696(1),1696(1),-,-,-
Tel Govt-NS LOC,SC-FEM,Telangana,"Osmania Med Coll, Hyderabad",OPHTHALMOLOGY,"₹25,000*","₹58,289",1,"₹20,00,000",4800,1945(1),2261(1),2332(1),2332(1),2332(1),2332(1),1473(1),1473(1),1702(2),1702(2),-,-,-
Tel Govt-NS LOC,OPEN-GEN,Telangana,"ESIC Med Coll,Sanath Nagar",IHBT,"₹2,50,000*","₹1,26,927*",2*,"₹10,00,000*",690,-,-,-,-,-,-,1643(1),1643(1),1714(2),1714(2),-,-,-
Tel Govt-NS LOC,OPEN-FEM,Telangana,"Kakatiya Med Coll, Warangal",PATHOLOGY,"₹25,000*","₹58,289",1,"₹20,00,000",1150,-,-,-,-,-,-,-,-,1717(1),1717(1),-,-,-
Tel Govt-NS LOC,OPEN-GEN,Telangana,"Mediciti IMS, Ghanpur",ANAESTHESIOLOGY,"₹7,00,000*",Info not available*,1*,"₹20,00,000*",720,1971(1),2498(1),2620(1),3157(1),3157(1),3157(1),1310(1),956(1),1718(2),1718(2),-,-,-
Tel Govt-NS LOC,BCE-GEN,Telangana,"Apollo IMSR, Hyderabad",EMERGENCY MEDICINE,"₹7,50,000*",Info not available*,1*,"₹20,00,000*",570,-,-,-,-,-,-,-,-,1719(1),1719(1),-,-,-
Tel Govt-NS LOC,BCB-FEM,Telangana,"SVS Med Coll, Mehboobnagar",OPHTHALMOLOGY,"₹7,50,000*",Info not available*,1*,"₹20,00,000*",760,-,-,-,-,-,-,967(1),967(1),1722(1),1722(1),-,-,-
Tel Govt-NS LOC,ST-GEN,Telangana,"Gandhi Med Coll, Secunderabad",GENERAL SURGERY,"₹25,000*","₹58,289",1,"₹20,00,000",1200,-,-,-,-,-,-,1724(1),1724(1),1723(1),1723(1),-,-,-
Tel Govt-NS LOC,BCA-FEM,Telangana,"Kakatiya Med Coll, Warangal",ANAESTHESIOLOGY,"₹25,000*","₹58,289",1,"₹20,00,000",1150,-,-,-,-,-,-,859(1),859(1),1729(1),1729(1),-,-,-
Tel Govt-NS LOC,OPEN-GEN,Telangana,"Osmania Med Coll, Hyderabad",DO,"₹25,000*","₹58,289",1,"₹10,00,000",4800,2371(1),2371(1),2527(1),3560(2),3560(2),3560(2),1353(1),1353(1),1730(2),1486(2),-,-,-
Tel Govt-NS LOC,BCB-FEM,Telangana,"Mamata AcadofMedSci,Bachupally",ENT,"₹7,50,000*",Info not available*,1*,"₹20,00,000*",-,-,-,-,-,-,-,1526(1),1526(1),1732(1),1732(1),-,-,-
Tel Govt-NS LOC,OPEN-GEN,Telangana,"MNR Med Coll, Sangareddy",ANAESTHESIOLOGY,"₹7,00,000*",Info not available*,1*,"₹20,00,000*",760,2514(1),2514(1),3124(1),3124(1),3124(1),3124(1),1328(1),1328(1),1733(1),1733(1),-,-,-
Tel Govt-NS LOC,ST-GEN,Telangana,"Kakatiya Med Coll, Warangal",DERMATOLOGY,"₹25,000*","₹58,289",1,"₹20,00,000",1150,-,-,-,-,-,-,1622(1),1739(1),1738(1),1738(1),-,-,-
Tel Govt-NS LOC,OPEN-FEM,Telangana,"Kamineni IMS, Narketpally",ANAESTHESIOLOGY,"₹7,50,000*",Info not available*,1*,"₹20,00,000*",1060,-,-,-,-,-,-,1043(1),1043(1),1740(2),1814(2),-,-,-
Tel Govt-NS LOC,BCA-GEN,Telangana,"CAIMS, Karimnagar",GENERAL SURGERY,"₹7,75,000*",Info not available*,1*,"₹20,00,000*",1000,-,-,-,-,-,-,1114(1),1114(1),1741(1),2009(1),-,-,-
Tel Govt-NS LOC,SC-GEN,Telangana,"Prathima IMS, Karimnagar",DERMATOLOGY,"₹7,50,000*",Info not available*,1*,"₹20,00,000*",1060,-,-,-,-,-,-,1743(1),1743(1),1742(1),1742(1),-,-,-
Tel Govt-NS LOC,MIN-FEM-MSM,Telangana,"DrVRK Womens MedColl,Aziznagar",ENT,"₹7,00,000*",Info not available*,1*,"₹20,00,000*",500,-,3212(1),3518(1),3518(1),3518(1),3518(1),-,-,1744(1),2174(1),-,-,-
Tel Govt-NS LOC,OPEN-GEN,Telangana,"Maheshwara Med Coll, Medak",ANAESTHESIOLOGY,"₹7,00,000*",Info not available*,1*,"₹20,00,000*",745,-,-,-,-,-,-,1341(1),1341(1),1746(1),1830(1),-,-,-
Tel Govt-NS LOC,SC-GEN,Telangana,"SVS Med Coll, Mehboobnagar",GENERAL SURGERY,"₹7,50,000*",Info not available*,1*,"₹20,00,000*",760,-,-,-,-,-,-,1749(1),1749(1),1748(1),1748(1),-,-,-
Tel Govt-NS LOC,BCD-GEN,Telangana,"Osmania Med Coll, Hyderabad",PSYCHIATRY,"₹25,000*","₹58,289",1,"₹20,00,000",4800,-,-,-,-,-,-,987(1),1062(1),1751(1),1850(1),-,-,-
Tel Govt-NS LOC,ST-GEN,Telangana,"CAIMS, Karimnagar",RADIO DIAGNOSIS,"₹7,75,000*",Info not available*,1*,"₹20,00,000*",1000,-,-,-,-,-,-,2060(1),2060(1),1752(1),1752(1),-,-,-
Tel Govt-NS LOC,BCB-FEM,Telangana,"MNR Med Coll, Sangareddy",OPHTHALMOLOGY,"₹7,00,000*",Info not available*,1*,"₹20,00,000*",760,-,-,-,-,-,-,-,1396(1),1759(1),1759(1),-,-,-
Tel Govt-Serv LOC,OPEN-GEN,Telangana,"Osmania Med Coll, Hyderabad",RADIO DIAGNOSIS,"₹25,000*","₹58,289",1,"₹20,00,000",4800,2525(1),2525(1),2535(1),2535(1),2535(1),2535(1),1769(1),1769(1),1767(1),1767(1),-,-,-
Tel Govt-NS LOC,OPEN-FEM,Telangana,"SVS Med Coll, Mehboobnagar",PSYCHIATRY,"₹7,50,000*",Info not available*,1*,"₹20,00,000*",760,-,-,-,-,-,-,-,-,1769(1),1769(1),-,-,-
Tel Govt-NS LOC,SC-GEN,Telangana,"NIMS, Hyderabad",PATHOLOGY,"₹72,000*","₹1,11,780",1,"₹50,00,000",1498,-,-,-,-,-,-,1874(1),1874(1),1770(1),2468(1),-,-,-
Tel Govt-NS LOC,ST-FEM,Telangana,"Osmania Med Coll, Hyderabad",PAEDIATRICS,"₹25,000*","₹58,289",1,"₹20,00,000",4800,2028(1),2028(1),2035(1),2035(1),2035(1),2035(1),-,1775(1),1773(1),1773(1),-,-,-
Tel Govt-NS LOC,BCD-GEN,Telangana,"Mediciti IMS, Ghanpur",ANAESTHESIOLOGY,"₹7,00,000*",Info not available*,1*,"₹20,00,000*",720,2516(1),2685(1),3324(1),3324(1),3324(1),3324(1),1630(1),1630(1),1775(1),1905(1),-,-,-
Tel Govt-NS LOC,OPEN-FEM,Telangana,"Mahavir Inst of MS, Vikarabad",ANAESTHESIOLOGY,"₹7,00,000*",Info not available*,1*,"₹20,00,000*",700,2636(1),2606(1),2850(1),2850(1),2850(1),2850(1),1387(1),1387(1),1781(1),1781(1),-,-,-
Tel Govt-NS LOC,BCE-GEN,Telangana,"Maheshwara Med Coll, Medak",ANAESTHESIOLOGY,"₹7,00,000*",Info not available*,1*,"₹20,00,000*",745,-,-,-,-,-,-,1508(1),1508(1),1784(1),2141(1),-,-,-
Tel Govt-NS LOC,BCB-FEM,Telangana,"Prathima IMS, Karimnagar",ANAESTHESIOLOGY,"₹7,50,000*",Info not available*,1*,"₹20,00,000*",1060,-,-,-,-,-,-,-,-,1788(1),1788(1),-,-,-
Tel Govt-NS LOC,OPEN-FEM,Telangana,"Prathima IMS, Karimnagar",ORTHOPAEDICS,"₹7,50,000*",Info not available*,1*,"₹20,00,000*",1060,2730(1),3037(1),3071(1),3749(1),3749(1),3749(1),1355(1),1181(1),1790(1),1790(1),-,-,-
Tel Govt-NS LOC,OPEN-GEN,Telangana,"Surabhi InstituteofMS,Siddipet",ANAESTHESIOLOGY,"₹7,75,000*",Info not available*,1*,"₹20,00,000*",-,2576(1),2721(1),3323(1),3323(1),3323(1),3323(1),1412(1),1412(1),1794(1),1794(1),-,-,-
Tel Govt-NS LOC,OPEN-GEN,Telangana,"Gandhi Med Coll, Secunderabad",HOSPITAL ADMINISTRATION,"₹25,000*","₹58,289",1,"₹20,00,000",1200,-,-,-,-,-,-,1798(1),1798(1),1796(1),1796(1),-,-,-
Tel Govt-NS LOC,BCB-GEN,Telangana,"Gandhi Med Coll, Secunderabad",PATHOLOGY,"₹25,000*","₹58,289",1,"₹20,00,000",1200,-,-,-,-,-,-,-,1421(1),1799(1),1799(1),-,-,-
Tel Govt-NS LOC,BCE-GEN,Telangana,"Mahavir Inst of MS, Vikarabad",ORTHOPAEDICS,"₹7,00,000*",Info not available*,1*,"₹20,00,000*",700,-,-,-,-,-,-,1563(1),1563(1),1803(1),2145(1),-,-,-
Tel Govt-NS LOC,SC-GEN,Telangana,"Osmania Med Coll, Hyderabad",ORTHOPAEDICS,"₹25,000*","₹58,289",1,"₹20,00,000",4800,2361(1),2632(1),2643(1),2643(1),2643(1),2643(1),1128(1),1128(1),1804(1),1804(1),-,-,-
Tel Govt-NS LOC,BCA-FEM,Telangana,"Mamata Med Coll, Khammam",ANAESTHESIOLOGY,"₹7,50,000*",Info not available*,1*,"₹20,00,000*",1080,-,-,-,-,-,-,-,-,1806(1),1806(1),-,-,-
Tel Govt-NS LOC,BCB-GEN,Telangana,"Mediciti IMS, Ghanpur",ANAESTHESIOLOGY,"₹7,00,000*",Info not available*,1*,"₹20,00,000*",720,2611(1),2695(1),3051(1),3051(1),3051(1),3051(1),1430(1),1430(1),1810(1),1810(1),-,-,-
Tel Govt-NS LOC,SC-GEN,Telangana,"Kamineni (KAMSRC), Hyderabad",GENERAL SURGERY,"₹7,00,000*",Info not available*,1*,"₹20,00,000*",650,-,-,-,-,-,-,1605(1),1605(1),1813(1),1813(1),-,-,-
Tel Govt-NS LOC,OPEN-GEN,Telangana,"Kamineni IMS, Narketpally",PSYCHIATRY,"₹7,50,000*",Info not available*,1*,"₹20,00,000*",1060,-,-,-,-,-,-,1324(1),1324(1),1817(1),2142(1),-,-,-
Tel Govt-NS LOC,OPEN-FEM,Telangana,"Mediciti IMS, Ghanpur",ORTHOPAEDICS,"₹7,00,000*",Info not available*,1*,"₹20,00,000*",720,2400(1),2946(1),3012(1),3012(1),3012(1),3012(1),-,-,1819(1),1949(1),-,-,-
Tel Govt-NS LOC,SC-GEN,Telangana,"Surabhi InstituteofMS,Siddipet",PAEDIATRICS,"₹7,75,000*",Info not available*,1*,"₹20,00,000*",-,2759(1),2847(1),3045(1),3530(1),3530(1),3530(1),-,-,1823(1),1823(1),-,-,-
Tel Govt-NS LOC,OPEN-FEM,Telangana,"Mamata AcadofMedSci,Bachupally",PATHOLOGY,"₹4,30,000*",Info not available*,1*,"₹20,00,000*",-,-,-,-,-,-,-,2071(1),1827(1),1825(1),2546(1),-,-,-
Tel Govt-NS LOC,BCA-GEN,Telangana,"Osmania Med Coll, Hyderabad",PATHOLOGY,"₹25,000*","₹58,289",1,"₹20,00,000",4800,-,-,-,-,-,-,1320(1),1329(1),1834(1),1834(1),-,-,-
Tel Govt-NS LOC,ST-FEM,Telangana,"Kamineni (KAMSRC), Hyderabad",RADIO DIAGNOSIS,"₹7,00,000*",Info not available*,1*,"₹20,00,000*",650,3022(1),3022(1),3038(1),3038(1),3038(1),3038(1),1837(1),1837(1),1835(1),1835(1),-,-,-
Tel Govt-NS LOC,SC-GEN,Telangana,"Rajiv Gandhi IMS, Adilabad",ANAESTHESIOLOGY,"₹25,000*","₹58,289",1,"₹20,00,000",Info Not Available,-,-,-,-,-,-,1528(1),1528(1),1836(1),1836(1),-,-,-
Tel Govt-NS LOC,BCD-GEN,Telangana,"Dr Patnam MRInstofMS,Chevella",ORTHOPAEDICS,"₹7,00,000*",Info not available*,1*,"₹20,00,000*",-,-,-,-,-,-,-,1480(1),1480(1),1840(1),1840(1),-,-,-
Tel Govt-NS LOC,BCB-GEN,Telangana,"Prathima IMS, Karimnagar",ANAESTHESIOLOGY,"₹7,50,000*",Info not available*,1*,"₹20,00,000*",1060,2550(1),2625(1),2636(1),2636(1),2636(1),2636(1),1390(1),1390(2),1847(2),1955(2),-,-,-
Tel Govt-NS LOC,BCD-FEM,Telangana,"Bhaskar Med Coll, Yenkapally",ANAESTHESIOLOGY,"₹7,50,000*",Info not available*,1*,"₹20,00,000*",850,-,-,-,-,-,-,-,-,1850(1),2056(1),-,-,-
Tel Govt-NS LOC,BCB-FEM,Telangana,"CAIMS, Karimnagar",ANAESTHESIOLOGY,"₹7,75,000*",Info not available*,1*,"₹20,00,000*",1000,2551(1),2789(1),3204(1),3204(1),3204(1),3204(1),1356(1),1429(1),1852(1),1885(1),-,-,-
Tel Govt-NS LOC,BCA-FEM,Telangana,"Kamineni IMS, Narketpally",ANAESTHESIOLOGY,"₹7,50,000*",Info not available*,1*,"₹20,00,000*",1060,-,-,-,-,-,-,1856(1),1856(1),1854(1),1854(1),-,-,-
Tel Govt-NS LOC,OPEN-GEN,Telangana,"Mediciti IMS, Ghanpur",PSYCHIATRY,"₹7,00,000*",Info not available*,1*,"₹20,00,000*",720,-,-,-,-,-,-,-,1564(1),1855(1),1855(1),-,-,-
Tel Govt-NS LOC,SC-GEN,Telangana,"Prathima IMS, Karimnagar",OBG,"₹7,50,000*",Info not available*,1*,"₹20,00,000*",1060,-,-,-,-,-,-,1859(1),1859(1),1857(1),1857(1),-,-,-
Tel Govt-NS LOC,BCC-GEN,Telangana,"ESIC Med Coll,Sanath Nagar",ORTHOPAEDICS,"₹2,50,000*","₹1,26,927*",2*,"₹10,00,000*",690,-,-,-,-,-,-,797(1),1530(1),1858(1),1858(1),-,-,-
Tel Govt-NS LOC,BCA-FEM,Telangana,"Bhaskar Med Coll, Yenkapally",GENERAL SURGERY,"₹7,50,000*",Info not available*,1*,"₹20,00,000*",850,-,-,-,-,-,-,-,1561(1),1862(1),1862(1),-,-,-
Tel Govt-NS LOC,ST-GEN,Telangana,"Osmania Med Coll, Hyderabad",RADIATION ONCOLOGY,"₹25,000*","₹58,289",1,"₹20,00,000",4800,4211(1),4581(1),4739(1),4739(1),4739(1),4739(1),1865(1),1865(1),1863(1),1863(1),-,-,-
Tel Govt-NS LOC,SC-GEN,Telangana,"Osmania Med Coll, Hyderabad",OPHTHALMOLOGY,"₹25,000*","₹58,289",1,"₹20,00,000",4800,2183(1),2183(1),2191(1),2191(1),2191(1),2191(1),1703(1),1703(1),1876(1),1876(1),-,-,-
Tel Govt-NS LOC,SC-FEM,Telangana,"Osmania Med Coll, Hyderabad",ANAESTHESIOLOGY,"₹25,000*","₹58,289",1,"₹20,00,000",4800,2308(1),2308(1),2317(1),2317(1),2317(1),2317(1),1260(1),1260(1),1877(1),1877(1),-,-,-
Tel Govt-NS LOC,ST-FEM,Telangana,"Mamata AcadofMedSci,Bachupally",GENERAL MEDICINE,"₹7,50,000*",Info not available*,1*,"₹20,00,000*",-,-,-,-,-,-,-,1883(1),1883(1),1881(1),1881(1),-,-,-
Tel Govt-NS LOC,SC-GEN,Telangana,"Kakatiya Med Coll, Warangal",OPHTHALMOLOGY,"₹25,000*","₹58,289",1,"₹20,00,000",1150,-,-,-,-,-,-,1838(1),1838(1),1887(1),1887(1),-,-,-
Tel Govt-NS LOC,ST-GEN,Telangana,"Gandhi Med Coll, Secunderabad",PAEDIATRICS,"₹25,000*","₹58,289",1,"₹20,00,000",1200,-,-,-,-,-,-,1606(1),1622(1),1890(1),1890(1),-,-,-
Tel Govt-NS LOC,BCB-FEM,Telangana,"Kakatiya Med Coll, Warangal",PATHOLOGY,"₹25,000*","₹58,289",1,"₹20,00,000",1150,-,-,-,-,-,-,1625(1),1625(1),1897(1),2231(1),-,-,-
Tel Govt-NS LOC,SC-GEN,Telangana,"Osmania Med Coll, Hyderabad",RADIATION ONCOLOGY,"₹25,000*","₹58,289",1,"₹20,00,000",4800,-,-,-,-,-,-,1900(1),1900(1),1898(1),2164(1),-,-,-
Tel Govt-NS LOC,ST-GEN,Telangana,"Kakatiya Med Coll, Warangal",GENERAL SURGERY,"₹25,000*","₹58,289",1,"₹20,00,000",1150,-,-,-,-,-,-,1753(1),1753(1),1902(1),1902(1),-,-,-
Tel Govt-NS LOC,BCD-GEN,Telangana,"Osmania Med Coll, Hyderabad",PATHOLOGY,"₹25,000*","₹58,289",1,"₹20,00,000",4800,-,-,-,-,-,-,1199(1),1199(1),1903(1),1903(1),-,-,-
Tel Govt-NS LOC,OPEN-GEN,Telangana,"MNR Med Coll, Sangareddy",PSYCHIATRY,"₹7,00,000*",Info not available*,1*,"₹20,00,000*",760,-,-,-,-,-,-,1503(1),1503(1),1905(1),1963(1),-,-,-
Tel Govt-NS LOC,BCD-GEN,Telangana,"Kakatiya Med Coll, Warangal",PATHOLOGY,"₹25,000*","₹58,289",1,"₹20,00,000",1150,2524(1),2524(1),3541(1),3541(1),3541(1),3541(1),-,1905(1),1906(1),1906(1),-,-,-
Tel Govt-NS LOC,BCA-FEM,Telangana,"MNR Med Coll, Sangareddy",GENERAL SURGERY,"₹7,00,000*",Info not available*,1*,"₹20,00,000*",760,-,-,-,-,-,-,-,-,1907(1),1907(1),-,-,-
Tel Govt-NS LOC,BCE-GEN,Telangana,"RVM IMSRC, Siddipet",PSYCHIATRY,"₹7,00,000*",Info not available*,1*,"₹20,00,000*",1110,-,-,-,-,-,-,1627(1),1627(1),1919(1),2876(1),-,-,-
Tel Govt-NS LOC,SC-GEN,Telangana,"NIMS, Hyderabad",EMERGENCY MEDICINE,"₹72,000*","₹1,11,780",1,"₹50,00,000",1498,-,-,-,-,-,-,1162(1),1162(1),1925(1),1925(1),-,-,-
Tel Govt-NS LOC,BCC-GEN,Telangana,"Osmania Med Coll, Hyderabad",PATHOLOGY,"₹25,000*","₹58,289",1,"₹20,00,000",4800,-,-,-,-,-,-,1197(1),1197(1),1933(1),2000(1),-,-,-
Tel Govt-NS LOC,OPEN-FEM,Telangana,"NIMS, Hyderabad",BIOCHEMISTRY,"₹72,000*","₹1,11,780",1,"₹50,00,000",1498,3881(1),3881(1),3919(1),3919(1),3919(1),3919(1),1936(1),1936(1),1934(1),1934(1),-,-,-
Tel Govt-NS LOC,BCE-FEM,Telangana,"Prathima IMS, Karimnagar",ANAESTHESIOLOGY,"₹7,50,000*",Info not available*,1*,"₹20,00,000*",1060,-,-,-,-,-,-,1440(1),1440(1),1945(1),1945(1),-,-,-
Tel Govt-NS LOC,BCB-FEM,Telangana,"Prathima IMS, Karimnagar",ORTHOPAEDICS,"₹7,50,000*",Info not available*,1*,"₹20,00,000*",1060,-,-,-,-,-,-,1951(1),1951(1),1949(1),2257(1),-,-,-
Tel Govt-NS LOC,SC-FEM,Telangana,"Kamineni (KAMSRC), Hyderabad",OBG,"₹7,00,000*",Info not available*,1*,"₹20,00,000*",650,-,-,-,-,-,-,1958(1),1958(1),1956(1),1956(1),-,-,-
Tel Govt-NS LOC,SC-GEN,Telangana,"CAIMS, Karimnagar",OBG,"₹7,75,000*",Info not available*,1*,"₹20,00,000*",1000,2757(1),2251(1),3519(1),3519(1),3519(1),3519(1),1962(1),1962(1),1960(1),1960(1),-,-,-
Tel Govt-NS LOC,SC-FEM,Telangana,"RVM IMSRC, Siddipet",DERMATOLOGY,"₹7,00,000*",Info not available*,1*,"₹20,00,000*",1110,-,-,-,-,-,-,1878(1),1878(1),1964(1),1964(1),-,-,-
Tel Govt-NS LOC,BCA-GEN,Telangana,"MNR Med Coll, Sangareddy",GENERAL SURGERY,"₹7,00,000*",Info not available*,1*,"₹20,00,000*",760,-,-,-,-,-,-,1277(1),1277(1),1992(1),1992(1),-,-,-
Tel Govt-NS LOC,SC-GEN,Telangana,"Gandhi Med Coll, Secunderabad",ENT,"₹25,000*","₹58,289",1,"₹20,00,000",1200,-,-,-,-,-,-,1422(1),1422(1),1993(1),1993(1),-,-,-
Tel Govt-NS LOC,SC-FEM,Telangana,"SVS Med Coll, Mehboobnagar",PAEDIATRICS,"₹7,50,000*",Info not available*,1*,"₹20,00,000*",760,-,-,-,-,-,-,-,-,1996(1),1996(1),-,-,-
Tel Govt-NS LOC,OPEN-FEM,Telangana,"NIMS, Hyderabad",MICROBIOLOGY,"₹72,000*","₹1,11,780",1,"₹50,00,000",1498,-,-,-,-,-,-,1321(1),1321(1),1998(1),1998(1),-,-,-
Tel Govt-NS LOC,BCD-GEN,Telangana,"Osmania Med Coll, Hyderabad",DO,"₹25,000*","₹58,289",1,"₹10,00,000",4800,-,-,-,-,-,-,1468(1),1468(1),2007(1),2288(1),-,-,-
Tel Govt-NS LOC,BCA-GEN,Telangana,"Mamata Med Coll, Khammam",ANAESTHESIOLOGY,"₹7,50,000*",Info not available*,1*,"₹20,00,000*",1080,-,2228(1),2856(1),2856(1),2856(1),2856(1),1595(1),1595(1),2009(1),2071(1),-,-,-
Tel Govt-NS LOC,SC-GEN,Telangana,"SVS Med Coll, Mehboobnagar",ANAESTHESIOLOGY,"₹7,50,000*",Info not available*,1*,"₹20,00,000*",760,3269(1),3475(1),3668(1),3668(1),3668(1),3668(1),2014(1),2014(1),2012(1),2399(1),-,-,-
Tel Govt-NS LOC,OPEN-GEN,Telangana,"NIMS, Hyderabad",BIOCHEMISTRY,"₹72,000*","₹1,11,780",1,"₹50,00,000",1498,3890(1),3890(1),3928(1),3928(1),3928(1),3928(1),2024(1),2024(1),2022(1),2022(1),-,-,-
Tel Govt-NS LOC,SC-GEN,Telangana,"Prathima IMS, Karimnagar",GENERAL SURGERY,"₹7,50,000*",Info not available*,1*,"₹20,00,000*",1060,-,-,-,-,-,-,1692(1),1825(1),2024(1),2012(1),-,-,-
Tel Govt-NS LOC,SC-FEM,Telangana,"CAIMS, Karimnagar",PAEDIATRICS,"₹7,75,000*",Info not available*,1*,"₹20,00,000*",1000,-,-,-,-,-,-,1966(1),1966(1),2043(1),2043(1),-,-,-
Tel Govt-NS LOC,OPEN-GEN,Telangana,"Gandhi Med Coll, Secunderabad",FORENSIC MEDICINE,"₹25,000*","₹58,289",1,"₹20,00,000",1200,-,-,-,-,-,-,2046(1),2046(1),2044(1),2044(1),-,-,-
Tel Govt-NS LOC,SC-GEN,Telangana,"MNR Med Coll, Sangareddy",TBRD,"₹7,00,000*",Info not available*,1*,"₹20,00,000*",760,-,-,-,-,-,-,2250(1),2250(1),2046(1),2046(1),-,-,-
Tel Govt-NS LOC,SC-GEN,Telangana,"Prathima IMS, Karimnagar",TBRD,"₹7,50,000*",Info not available*,1*,"₹20,00,000*",1060,-,-,-,-,-,-,2059(1),2059(1),2057(1),2057(1),-,-,-
Tel Govt-NS LOC,ST-GEN,Telangana,"Kakatiya Med Coll, Warangal",OBG,"₹25,000*","₹58,289",1,"₹20,00,000",1150,-,-,-,-,-,-,1049(1),1606(1),2058(1),2058(1),-,-,-
Tel Govt-NS LOC,BCA-FEM,Telangana,"Bhaskar Med Coll, Yenkapally",TBRD,"₹7,50,000*",Info not available*,1*,"₹20,00,000*",850,-,-,-,-,-,-,1337(1),1337(1),2070(1),2070(1),-,-,-
Tel Govt-NS LOC,BCA-GEN,Telangana,"Dr Patnam MRInstofMS,Chevella",ANAESTHESIOLOGY,"₹7,00,000*",Info not available*,1*,"₹20,00,000*",-,2843(1),2843(1),3415(1),3828(1),3828(1),3828(1),1730(1),1730(1),2071(1),2553(1),-,-,-
Tel Govt-NS LOC,BCE-FEM,Telangana,"Prathima IMS, Karimnagar",ORTHOPAEDICS,"₹7,50,000*",Info not available*,1*,"₹20,00,000*",1060,-,-,-,-,-,-,1872(1),1872(1),2073(1),2073(1),-,-,-
Tel Govt-NS LOC,OPEN-GEN,Telangana,"NIMS, Hyderabad",MICROBIOLOGY,"₹72,000*","₹1,11,780",1,"₹50,00,000",1498,2852(1),2852(1),2866(1),2866(1),2866(1),2866(1),1426(1),1426(1),2083(1),2083(1),-,-,-
Tel Govt-NS LOC,ST-GEN,Telangana,"Mamata Med Coll, Khammam",RADIO DIAGNOSIS,"₹7,50,000*",Info not available*,1*,"₹20,00,000*",1080,-,-,-,-,-,-,2086(1),2086(1),2084(1),2084(1),-,-,-
Tel Govt-NS LOC,ST-GEN,Telangana,"Rajiv Gandhi IMS, Adilabad",OBG,"₹25,000*","₹58,289",1,"₹20,00,000",Info Not Available,-,-,-,-,-,-,1689(1),1689(1),2102(1),2102(1),-,-,-
Tel Govt-NS LOC,ST-FEM,Telangana,"CAIMS, Karimnagar",DERMATOLOGY,"₹7,75,000*",Info not available*,1*,"₹20,00,000*",1000,-,-,-,-,-,-,2105(1),2105(1),2103(1),2103(1),-,-,-
Tel Govt-NS LOC,BCA-GEN,Telangana,"Kakatiya Med Coll, Warangal",PATHOLOGY,"₹25,000*","₹58,289",1,"₹20,00,000",1150,-,-,3180(1),3180(1),3180(1),3180(1),-,-,2106(1),2106(1),-,-,-
Tel Govt-NS LOC,SC-GEN,Telangana,"Mamata AcadofMedSci,Bachupally",GENERAL SURGERY,"₹7,50,000*",Info not available*,1*,"₹20,00,000*",-,-,-,-,-,-,-,2048(1),2121(1),2119(1),2119(1),-,-,-
Tel Govt-NS LOC,SC-GEN,Telangana,"Mamata Med Coll, Khammam",OBG,"₹7,50,000*",Info not available*,1*,"₹20,00,000*",1080,-,-,-,-,-,-,2030(1),2030(1),2134(2),2134(2),-,-,-
Tel Govt-NS LOC,OPEN-GEN,Telangana,"Kakatiya Med Coll, Warangal",MICROBIOLOGY,"₹25,000*","₹58,289",1,"₹20,00,000",1150,-,-,-,-,-,-,2137(1),2137(1),2135(1),2135(1),-,-,-
Tel Govt-NS LOC,SC-GEN,Telangana,"Mediciti IMS, Ghanpur",OBG,"₹7,00,000*",Info not available*,1*,"₹20,00,000*",720,-,-,-,-,-,-,2140(1),2140(1),2138(1),2138(1),-,-,-
Tel Govt-NS LOC,SC-GEN,Telangana,"Dr Patnam MRInstofMS,Chevella",GENERAL SURGERY,"₹7,00,000*",Info not available*,1*,"₹20,00,000*",-,3219(1),3362(1),3539(1),3539(1),3539(1),3539(1),-,-,2147(1),2147(1),-,-,-
Tel Govt-NS LOC,SC-FEM,Telangana,"Kamineni IMS, Narketpally",GENERAL MEDICINE,"₹7,50,000*",Info not available*,1*,"₹20,00,000*",1060,-,-,-,-,-,-,1597(1),1597(1),2148(1),2148(1),-,-,-
Tel Govt-NS LOC,SC-GEN,Telangana,"Kamineni IMS, Narketpally",GENERAL SURGERY,"₹7,50,000*",Info not available*,1*,"₹20,00,000*",1060,2887(1),3219(1),3241(1),3241(1),3241(1),3241(1),-,1815(1),2150(1),2539(1),-,-,-
Tel Govt-NS LOC,SC-FEM,Telangana,"Kakatiya Med Coll, Warangal",ENT,"₹25,000*","₹58,289",1,"₹20,00,000",1150,-,-,3254(1),3236(1),3236(1),3236(1),1612(1),1612(1),2154(1),2154(1),-,-,-
Tel Govt-NS LOC,ST-GEN,Telangana,"Mediciti IMS, Ghanpur",RADIO DIAGNOSIS,"₹7,00,000*",Info not available*,1*,"₹20,00,000*",720,-,-,-,-,-,-,2158(1),2158(1),2156(1),2156(1),-,-,-
Tel Govt-NS LOC,SC-GEN,Telangana,"MNR Med Coll, Sangareddy",OBG,"₹7,00,000*",Info not available*,1*,"₹20,00,000*",760,-,-,-,-,-,-,-,-,2164(1),2342(1),-,-,-
Tel Govt-NS LOC,BCA-GEN,Telangana,"SVS Med Coll, Mehboobnagar",ENT,"₹7,50,000*",Info not available*,1*,"₹20,00,000*",760,-,-,-,-,-,-,-,-,2166(1),2166(1),-,-,-
Tel Govt-NS LOC,OPEN-GEN,Telangana,"Osmania Med Coll, Hyderabad",SPM,"₹25,000*","₹58,289",1,"₹20,00,000",4800,-,-,-,-,-,-,1317(1),1317(1),2179(2),2418(2),-,-,-
Tel Govt-NS LOC,OPEN-FEM,Telangana,"Osmania Med Coll, Hyderabad",PHARMACOLOGY,"₹25,000*","₹58,289",1,"₹20,00,000",4800,3696(1),3696(1),3730(1),3730(1),3730(1),3730(1),2263(1),2263(1),2193(1),2193(1),-,-,-
Tel Govt-NS LOC,OPEN-GEN,Telangana,"ESIC Med Coll,Sanath Nagar",MICROBIOLOGY,"₹2,50,000*","₹1,26,927*",2*,"₹10,00,000*",690,3393(1),3428(1),4089(1),4089(1),4089(1),4089(1),2205(1),2205(1),2203(1),1704(1),-,-,-
Tel Govt-NS LOC,OPEN-FEM,Telangana,"SVS Med Coll, Mehboobnagar",PATHOLOGY,"₹4,60,000*",Info not available*,1*,"₹20,00,000*",760,-,-,-,-,-,-,2167(1),2210(1),2208(1),2208(1),-,-,-
Tel Govt-NS LOC,BCA-GEN,Telangana,"Mamata Med Coll, Khammam",OPHTHALMOLOGY,"₹7,50,000*",Info not available*,1*,"₹20,00,000*",1080,-,-,-,-,-,-,1609(1),1609(1),2209(1),2209(1),-,-,-
Tel Govt-NS LOC,SC-GEN,Telangana,"Mamata Med Coll, Khammam",ANAESTHESIOLOGY,"₹7,50,000*",Info not available*,1*,"₹20,00,000*",1080,2981(1),3501(1),3529(1),3529(1),3529(1),3529(1),2212(1),2212(1),2210(1),2364(1),-,-,-
Tel Govt-NS LOC,BCA-FEM,Telangana,"Bhaskar Med Coll, Yenkapally",ANAESTHESIOLOGY,"₹7,50,000*",Info not available*,1*,"₹20,00,000*",850,-,-,3244(1),3244(1),3244(1),3244(1),1787(1),1673(1),2219(1),2219(1),-,-,-
Tel Govt-NS LOC,OPEN-GEN,Telangana,"Mediciti IMS, Ghanpur",PATHOLOGY,"₹4,30,000*",Info not available*,1*,"₹20,00,000*",720,-,-,-,-,-,-,2233(1),2233(1),2231(1),2733(1),-,-,-
Tel Govt-NS LOC,OPEN-GEN,Telangana,"SVS Med Coll, Mehboobnagar",PATHOLOGY,"₹4,60,000*",Info not available*,1*,"₹20,00,000*",760,3350(1),3677(1),4397(2),5198(2),5198(2),5198(2),2188(1),2240(1),2247(1),2247(1),-,-,-
Tel Govt-NS LOC,SC-GEN,Telangana,"Mamata AcadofMedSci,Bachupally",ANAESTHESIOLOGY,"₹7,50,000*",Info not available*,1*,"₹20,00,000*",-,-,-,-,-,-,-,2150(1),2150(1),2248(1),2662(1),-,-,-
Tel Govt-NS LOC,BCE-FEM,Telangana,"Govt Med Coll, Nizamabad",PATHOLOGY,"₹25,000*","₹58,289",1,"₹20,00,000",500,-,-,-,-,-,-,-,-,2261(1),1709(1),-,-,-
Tel Govt-NS LOC,ST-GEN,Telangana,"Osmania Med Coll, Hyderabad",OPHTHALMOLOGY,"₹25,000*","₹58,289",1,"₹20,00,000",4800,4111(1),4039(1),4285(1),4285(1),4285(1),4285(1),2266(1),2266(1),2264(1),2264(1),-,-,-
Tel Govt-NS LOC,BCD-FEM,Telangana,"Kamineni IMS, Narketpally",PSYCHIATRY,"₹7,50,000*",Info not available*,1*,"₹20,00,000*",1060,-,-,-,-,-,-,1752(1),1752(1),2266(1),2587(1),-,-,-
Tel Govt-NS LOC,BCB-GEN,Telangana,"MNR Med Coll, Sangareddy",PSYCHIATRY,"₹7,00,000*",Info not available*,1*,"₹20,00,000*",760,-,-,-,-,-,-,2248(1),2248(1),2270(1),2375(1),2136(1),-,-
Tel Govt-NS LOC,SC-FEM,Telangana,"SVS Med Coll, Mehboobnagar",ANAESTHESIOLOGY,"₹7,50,000*",Info not available*,1*,"₹20,00,000*",760,-,-,-,-,-,-,-,-,2271(1),2271(1),-,-,-
Tel Govt-NS LOC,BCA-FEM,Telangana,"Govt Med Coll, Nizamabad",PATHOLOGY,"₹25,000*","₹58,289",1,"₹20,00,000",500,-,-,-,-,-,-,2108(1),2108(1),2277(1),2277(1),-,-,-
Tel Govt-NS LOC,SC-FEM,Telangana,"Mamata Med Coll, Khammam",GENERAL SURGERY,"₹7,50,000*",Info not available*,1*,"₹20,00,000*",1080,-,-,-,-,-,-,2166(1),2166(1),2280(1),2280(1),-,-,-
Tel Govt-NS LOC,SC-FEM,Telangana,"Mamata Med Coll, Khammam",TBRD,"₹7,50,000*",Info not available*,1*,"₹20,00,000*",1080,-,-,-,-,-,-,2287(1),2287(1),2285(1),1898(1),-,-,-
Tel Govt-NS LOC,SC-GEN,Telangana,"CAIMS, Karimnagar",GENERAL SURGERY,"₹7,75,000*",Info not available*,1*,"₹20,00,000*",1000,-,-,-,-,-,-,1825(1),2048(1),2286(1),2286(1),-,-,-
Tel Govt-NS LOC,BCD-GEN,Telangana,"Rajiv Gandhi IMS, Adilabad",PATHOLOGY,"₹25,000*","₹58,289",1,"₹20,00,000",Info Not Available,-,-,-,-,-,-,-,-,2288(1),2396(1),-,-,-
Tel Govt-NS LOC,OPEN-GEN,Telangana,"Mamata AcadofMedSci,Bachupally",PATHOLOGY,"₹4,30,000*",Info not available*,1*,"₹20,00,000*",-,-,3490(1),4265(2),4325(2),4325(2),4325(2),-,-,2298(1),2298(1),-,-,-
Tel Govt-NS LOC,MIN-FEM-MSM,Telangana,"DrVRK Womens MedColl,Aziznagar",ORTHOPAEDICS,"₹7,00,000*",Info not available*,1*,"₹20,00,000*",500,2997(1),2997(1),3446(1),3446(1),3446(1),3446(1),1720(1),1720(1),2300(1),2300(1),-,-,-
Tel Govt-NS LOC,ST-FEM,Telangana,"Osmania Med Coll, Hyderabad",GENERAL SURGERY,"₹25,000*","₹58,289",1,"₹20,00,000",4800,3783(1),3783(1),3819(1),3819(1),3819(1),3819(1),2038(1),2307(1),2305(1),2305(1),-,-,-
Tel Govt-NS LOC,SC-GEN,Telangana,"Mamata Med Coll, Khammam",OPHTHALMOLOGY,"₹7,50,000*",Info not available*,1*,"₹20,00,000*",1080,-,-,-,-,-,-,2324(1),2324(1),2322(1),2482(1),-,-,-
Tel Govt-NS LOC,OPEN-GEN,Telangana,"Osmania Med Coll, Hyderabad",PHARMACOLOGY,"₹25,000*","₹58,289",1,"₹20,00,000",4800,-,-,-,-,-,-,2054(2),2054(2),2329(3),2329(3),-,-,-
Tel Govt-NS LOC,ST-GEN,Telangana,"CAIMS, Karimnagar",GENERAL MEDICINE,"₹7,75,000*",Info not available*,1*,"₹20,00,000*",1000,3461(1),3461(1),3489(1),3489(1),3489(1),3489(1),2296(1),2342(1),2340(1),2340(1),-,-,-
Tel Govt-NS LOC,SC-FEM,Telangana,"Surabhi InstituteofMS,Siddipet",GENERAL SURGERY,"₹7,75,000*",Info not available*,1*,"₹20,00,000*",-,-,-,-,-,-,-,2417(1),2417(1),2342(1),3302(1),-,-,-
Tel Govt-Serv LOC,BCA-GEN,Telangana,"Govt Med Coll, Nizamabad",PAEDIATRICS,"₹25,000*","₹58,289",1,"₹20,00,000",500,-,-,-,-,-,-,2354(1),2354(1),2352(1),2352(1),-,-,-
Tel Govt-NS LOC,OPEN-GEN,Telangana,"Osmania Med Coll, Hyderabad",DPH,"₹25,000*","₹58,289",1,"₹10,00,000",4800,3410(1),3722(1),4178(1),4837(1),4902(1),-,2397(1),1593(1),2362(1),3247(1),-,-,-
Tel Govt-NS LOC,BCB-GEN,Telangana,"SVS Med Coll, Mehboobnagar",PATHOLOGY,"₹4,60,000*",Info not available*,1*,"₹20,00,000*",760,3489(1),-,4660(1),5225(1),5724(1),5724(1),2371(1),2371(1),2369(1),2369(1),-,-,-
Tel Govt-NS LOC,OPEN-FEM,Telangana,"Gandhi Med Coll, Secunderabad",SPM,"₹25,000*","₹58,289",1,"₹20,00,000",1200,-,-,-,-,-,-,2378(1),2378(1),2376(1),2376(1),-,-,-
Tel Govt-NS LOC,SC-GEN,Telangana,"Osmania Med Coll, Hyderabad",PSYCHIATRY,"₹25,000*","₹58,289",1,"₹20,00,000",4800,2991(1),2991(1),3006(1),3006(1),3006(1),3006(1),1549(1),1549(1),2380(1),2574(1),-,-,-
Tel Govt-NS LOC,SC-FEM,Telangana,"Prathima IMS, Karimnagar",ANAESTHESIOLOGY,"₹7,50,000*",Info not available*,1*,"₹20,00,000*",1060,-,-,-,-,-,-,2336(1),2336(1),2384(1),2693(1),-,-,-
Tel Govt-NS LOC,BCA-GEN,Telangana,"Mediciti IMS, Ghanpur",ENT,"₹7,00,000*",Info not available*,1*,"₹20,00,000*",720,-,-,-,-,-,-,2168(1),2168(1),2389(1),2389(1),-,-,-
Tel Govt-NS LOC,ST-GEN,Telangana,"Prathima IMS, Karimnagar",GENERAL MEDICINE,"₹7,50,000*",Info not available*,1*,"₹20,00,000*",1060,-,-,-,-,-,-,-,2395(1),2393(1),2393(1),-,-,-
Tel Govt-NS LOC,SC-FEM,Telangana,"Bhaskar Med Coll, Yenkapally",GENERAL SURGERY,"₹7,50,000*",Info not available*,1*,"₹20,00,000*",850,-,-,-,-,-,-,-,-,2399(1),2415(1),-,-,-
Tel Govt-NS LOC,SC-FEM,Telangana,"Mediciti IMS, Ghanpur",ANAESTHESIOLOGY,"₹7,00,000*",Info not available*,1*,"₹20,00,000*",720,-,-,-,-,-,-,2416(1),2416(1),2414(1),2414(1),-,-,-
Tel Govt-NS LOC,SC-FEM,Telangana,"MNR Med Coll, Sangareddy",GENERAL SURGERY,"₹7,00,000*",Info not available*,1*,"₹20,00,000*",760,-,-,-,-,-,-,2273(1),2273(1),2415(1),2814(1),-,-,-
Tel Govt-NS LOC,ST-GEN,Telangana,"Kamineni IMS, Narketpally",DERMATOLOGY,"₹7,50,000*",Info not available*,1*,"₹20,00,000*",1060,-,-,-,-,-,-,2422(1),2422(1),2420(1),2420(1),-,-,-
Tel Govt-NS LOC,OPEN-FEM,Telangana,"Gandhi Med Coll, Secunderabad",PHARMACOLOGY,"₹25,000*","₹58,289",1,"₹20,00,000",1200,-,-,-,-,-,-,-,-,2426(1),2426(1),-,-,-
Tel Govt-NS LOC,ST-GEN,Telangana,"Prathima IMS, Karimnagar",OBG,"₹7,50,000*",Info not available*,1*,"₹20,00,000*",1060,-,-,-,-,-,-,2433(1),2433(1),2431(1),2431(1),-,-,-
Tel Govt-NS LOC,SC-GEN,Telangana,"CAIMS, Karimnagar",ANAESTHESIOLOGY,"₹7,75,000*",Info not available*,1*,"₹20,00,000*",1000,-,-,-,-,-,-,2441(1),2441(1),2439(1),2439(1),-,-,-
Tel Govt-NS LOC,SC-FEM,Telangana,"CAIMS, Karimnagar",ENT,"₹7,75,000*",Info not available*,1*,"₹20,00,000*",1000,-,-,-,-,-,-,2223(1),2223(1),2441(1),2441(1),-,-,-
Tel Govt-NS LOC,BCC-FEM,Telangana,"Kakatiya Med Coll, Warangal",ORTHOPAEDICS,"₹25,000*","₹58,289",1,"₹20,00,000",1150,-,-,-,-,-,-,-,1676(1),2442(1),2442(1),-,-,-
Tel Govt-NS LOC,SC-FEM,Telangana,"Kakatiya Med Coll, Warangal",ORTHOPAEDICS,"₹25,000*","₹58,289",1,"₹20,00,000",1150,-,-,-,-,-,-,1806(1),1806(1),2451(1),2451(1),-,-,-
Tel Govt-NS LOC,BCA-FEM,Telangana,"MNR Med Coll, Sangareddy",ENT,"₹7,00,000*",Info not available*,1*,"₹20,00,000*",760,-,-,-,-,-,-,1864(1),1864(1),2453(1),2453(1),-,-,-
Tel Govt-NS LOC,ST-GEN,Telangana,"NIMS, Hyderabad",ANAESTHESIOLOGY,"₹72,000*","₹1,11,780",1,"₹50,00,000",1498,2958(1),2958(1),3427(1),3427(1),3427(1),3427(1),1831(1),1831(1),2455(1),2455(1),-,-,-
Tel Govt-NS LOC,SC-GEN,Telangana,"Mediciti IMS, Ghanpur",ANAESTHESIOLOGY,"₹7,00,000*",Info not available*,1*,"₹20,00,000*",720,-,-,-,-,-,-,-,-,2457(1),2457(1),-,-,-
Tel Govt-NS LOC,SC-GEN,Telangana,"Govt Med Coll, Siddipet",PSYCHIATRY,"₹25,000*","₹58,289",1,"₹20,00,000",780,-,-,-,-,-,-,-,-,2464(1),2464(1),-,-,-
Tel Govt-NS LOC,SC-FEM,Telangana,"Gandhi Med Coll, Secunderabad",PATHOLOGY,"₹25,000*","₹58,289",1,"₹20,00,000",1200,-,-,-,-,-,-,2470(1),2470(1),2468(1),2527(1),-,-,-
Tel Govt-NS LOC,SC-GEN,Telangana,"Mediciti IMS, Ghanpur",ENT,"₹7,00,000*",Info not available*,1*,"₹20,00,000*",720,-,-,-,-,-,-,2484(1),2484(1),2482(1),2899(1),-,-,-
Tel Govt-NS LOC,OPEN-GEN,Telangana,"Prathima IMS, Karimnagar",PATHOLOGY,"₹4,62,250*",Info not available*,1*,"₹20,00,000*",1060,-,4048(1),4221(1),4998(1),4998(1),4998(1),-,-,2484(1),2484(1),-,-,-
Tel Govt-NS LOC,BCA-FEM,Telangana,"CAIMS, Karimnagar",PSYCHIATRY,"₹7,75,000*",Info not available*,1*,"₹20,00,000*",1000,-,-,-,-,-,-,1693(1),1693(1),2487(1),2487(1),-,-,-
Tel Govt-NS LOC,OPEN-GEN,Telangana,"Govt Med Coll, Mahabubnagar",SPM,"₹25,000*","₹58,289",1,"₹20,00,000",900,-,-,-,-,-,-,2490(1),2490(1),2488(1),3111(1),-,-,-
Tel Govt-NS LOC,BCA-GEN,Telangana,"Osmania Med Coll, Hyderabad",SPM,"₹25,000*","₹58,289",1,"₹20,00,000",4800,-,-,-,-,-,-,2493(1),2493(1),2491(1),2491(1),-,-,-
Tel Govt-NS LOC,ST-FEM,Telangana,"SVS Med Coll, Mehboobnagar",OBG,"₹7,50,000*",Info not available*,1*,"₹20,00,000*",760,-,-,-,-,-,-,2104(1),2104(1),2496(1),2496(1),-,-,-
Tel Govt-NS LOC,SC-GEN,Telangana,"Osmania Med Coll, Hyderabad",PATHOLOGY,"₹25,000*","₹58,289",1,"₹20,00,000",4800,3137(1),3137(2),3993(3),3993(3),3993(3),3993(3),2278(1),2278(1),2501(2),2501(2),-,-,-
Tel Govt-NS LOC,BCA-GEN,Telangana,"RVM IMSRC, Siddipet",ORTHOPAEDICS,"₹7,00,000*",Info not available*,1*,"₹20,00,000*",1110,-,-,-,-,-,-,1742(1),1742(1),2505(1),2753(1),-,-,-
Tel Govt-Serv LOC,OPEN-FEM,Telangana,"Gandhi Med Coll, Secunderabad",GENERAL MEDICINE,"₹25,000*","₹58,289",1,"₹20,00,000",1200,-,-,-,-,-,-,2510(1),2510(1),2507(1),2507(1),-,-,-
Tel Govt-NS LOC,BCB-GEN,Telangana,"Kamineni IMS, Narketpally",PATHOLOGY,"₹4,30,000*",Info not available*,1*,"₹20,00,000*",1060,-,-,-,-,-,-,-,2517(1),2514(1),2514(1),-,-,-
Tel Govt-NS LOC,SC-GEN,Telangana,"SVS Med Coll, Mehboobnagar",ORTHOPAEDICS,"₹7,50,000*",Info not available*,1*,"₹20,00,000*",760,-,-,-,-,-,-,2442(1),2288(1),2515(1),2515(1),-,-,-
Tel Govt-NS LOC,SC-GEN,Telangana,"Dr Patnam MRInstofMS,Chevella",ANAESTHESIOLOGY,"₹7,00,000*",Info not available*,1*,"₹20,00,000*",-,-,-,-,-,-,-,2401(1),2401(1),2517(1),2740(1),-,-,-
Tel Govt-NS LOC,ST-GEN,Telangana,"SVS Med Coll, Mehboobnagar",GENERAL SURGERY,"₹7,50,000*",Info not available*,1*,"₹20,00,000*",760,-,3933(1),4182(1),4727(1),4727(1),4727(1),2522(1),2522(1),2519(1),2519(1),-,-,-
Tel Govt-NS LOC,OPEN-GEN,Telangana,"Govt Med Coll, Siddipet",SPM,"₹25,000*","₹58,289",1,"₹20,00,000",780,-,-,-,-,-,-,1053(1),2524(1),2521(1),2521(1),-,-,-
Tel Govt-NS LOC,SC-GEN,Telangana,"Govt Med Coll, Siddipet",PATHOLOGY,"₹25,000*","₹58,289",1,"₹20,00,000",780,-,-,-,-,-,-,2530(1),2530(1),2527(1),2767(1),-,-,-
Tel Govt-NS LOC,MIN-GEN-MSM,Telangana,"DCMS, Hyderabad",PATHOLOGY,"₹4,30,000*",Info not available*,1*,"₹20,00,000*",1400,3242(1),3242(1),3572(1),3572(1),3572(1),3572(1),1684(1),2071(1),2530(2),2530(2),-,-,-
Tel Govt-NS LOC,SC-GEN,Telangana,"Surabhi InstituteofMS,Siddipet",GENERAL SURGERY,"₹7,75,000*",Info not available*,1*,"₹20,00,000*",-,-,-,-,-,-,-,-,-,2539(1),3016(1),-,-,-
Tel Govt-NS LOC,SC-GEN,Telangana,"CAIMS, Karimnagar",PATHOLOGY,"₹4,30,000*",Info not available*,1*,"₹20,00,000*",1000,-,-,-,-,-,-,-,2550(1),2547(1),3187(1),-,-,-
Tel Govt-NS LOC,OPEN-FEM,Telangana,"Osmania Med Coll, Hyderabad",BIOCHEMISTRY,"₹25,000*","₹58,289",1,"₹20,00,000",4800,3926(1),3926(1),3965(1),3965(1),3965(1),3965(1),2647(1),2553(1),2550(1),2550(1),-,-,-
Tel Govt-NS LOC,OPEN-GEN,Telangana,"Gandhi Med Coll, Secunderabad",PHYSIOLOGY,"₹25,000*","₹58,289",1,"₹20,00,000",1200,-,-,-,-,-,-,2570(1),2570(1),2567(1),2567(1),-,-,-
Tel Govt-NS LOC,ST-GEN,Telangana,"Gandhi Med Coll, Secunderabad",ANAESTHESIOLOGY,"₹25,000*","₹58,289",1,"₹20,00,000",1200,-,-,-,-,-,-,2578(1),2578(1),2575(1),2575(1),-,-,-
Tel Govt-NS LOC,SC-GEN,Telangana,"Mamata Med Coll, Khammam",ORTHOPAEDICS,"₹7,50,000*",Info not available*,1*,"₹20,00,000*",1080,-,-,-,-,-,-,2288(1),2518(1),2583(1),2583(1),-,-,-
Tel Govt-NS LOC,ST-FEM,Telangana,"Kamineni IMS, Narketpally",PAEDIATRICS,"₹7,50,000*",Info not available*,1*,"₹20,00,000*",1060,-,-,-,-,-,-,2592(1),2592(1),2589(1),2589(1),-,-,-
Tel Govt-NS LOC,ST-GEN,Telangana,"ESIC Med Coll,Sanath Nagar",ANAESTHESIOLOGY,"₹2,50,000*","₹1,26,927*",2*,"₹10,00,000*",690,-,-,-,-,-,-,2593(1),2593(1),2590(1),2590(1),-,-,-
Tel Govt-NS LOC,OPEN-FEM,Telangana,"Osmania Med Coll, Hyderabad",FORENSIC MEDICINE,"₹25,000*","₹58,289",1,"₹20,00,000",4800,-,-,-,-,-,-,2599(1),2599(1),2596(1),2596(1),-,-,-
Tel Govt-NS LOC,BCA-FEM,Telangana,"Mediciti IMS, Ghanpur",ORTHOPAEDICS,"₹7,00,000*",Info not available*,1*,"₹20,00,000*",720,-,-,-,-,-,-,1994(1),2391(1),2599(1),2599(1),-,-,-
Tel Govt-NS LOC,OPEN-GEN,Telangana,"ESIC Med Coll,Sanath Nagar",PHYSIOLOGY,"₹2,50,000*","₹1,26,927*",2*,"₹10,00,000*",690,4120(1),4327(1),4318(1),4318(1),4318(1),4318(1),2604(1),2604(1),2601(1),2601(1),-,-,-
Tel Govt-NS LOC,BCA-GEN,Telangana,"Prathima IMS, Karimnagar",PATHOLOGY,"₹4,62,250*",Info not available*,1*,"₹20,00,000*",1060,-,-,-,-,-,-,2614(1),2614(1),2611(1),2611(1),-,-,-
Tel Govt-NS LOC,BCA-GEN,Telangana,"Mediciti IMS, Ghanpur",ORTHOPAEDICS,"₹7,00,000*",Info not available*,1*,"₹20,00,000*",720,-,-,3058(1),3058(1),3058(1),3058(1),-,-,2617(1),1741(1),-,-,-
Tel Govt-NS LOC,SC-GEN,Telangana,"Kamineni (KAMSRC), Hyderabad",ORTHOPAEDICS,"₹7,00,000*",Info not available*,1*,"₹20,00,000*",650,-,-,-,-,-,-,1482(1),1482(1),2626(1),2626(1),-,-,-
Tel Govt-NS LOC,SC-FEM,Telangana,"RVM IMSRC, Siddipet",OPHTHALMOLOGY,"₹7,00,000*",Info not available*,1*,"₹20,00,000*",1110,-,-,-,-,-,-,2186(1),2632(1),2629(1),2629(1),-,-,-
Tel Govt-NS LOC,OPEN-GEN-PHO,Telangana,"ESIC Med Coll,Sanath Nagar",PAEDIATRICS,"₹2,50,000*","₹1,26,927*",2*,"₹10,00,000*",690,-,-,-,-,-,-,2635(1),2635(1),2632(1),2632(1),-,-,-
Tel Govt-NS LOC,BCB-GEN,Telangana,"Govt Med Coll, Mahabubnagar",SPM,"₹25,000*","₹58,289",1,"₹20,00,000",900,3566(1),3566(1),3888(1),3888(1),3888(1),3888(1),2638(1),2638(1),2635(1),2635(1),-,-,-
Tel Govt-NS LOC,ST-GEN,Telangana,"Kakatiya Med Coll, Warangal",ANAESTHESIOLOGY,"₹25,000*","₹58,289",1,"₹20,00,000",1150,-,-,-,-,-,-,2579(1),2639(1),2636(1),2636(1),-,-,-
Tel Govt-NS LOC,SC-FEM,Telangana,"Kakatiya Med Coll, Warangal",PSYCHIATRY,"₹25,000*","₹58,289",1,"₹20,00,000",1150,-,-,-,-,-,-,1797(1),1985(1),2649(1),2649(1),-,-,-
Tel Govt-NS LOC,BCD-GEN,Telangana,"Osmania Med Coll, Hyderabad",PHARMACOLOGY,"₹25,000*","₹58,289",1,"₹20,00,000",4800,-,-,-,-,-,-,-,2656(1),2653(1),2653(1),-,-,-
Tel Govt-NS LOC,ST-FEM,Telangana,"Apollo IMSR, Hyderabad",OBG,"₹7,50,000*",Info not available*,1*,"₹20,00,000*",570,-,-,-,-,-,-,2660(1),2660(1),2657(1),2657(1),-,-,-
Tel Govt-NS LOC,ST-FEM,Telangana,"SVS Med Coll, Mehboobnagar",GENERAL MEDICINE,"₹7,50,000*",Info not available*,1*,"₹20,00,000*",760,-,-,-,-,-,-,2662(1),2662(1),2659(1),2659(1),-,-,-
Tel Govt-NS LOC,SC-GEN,Telangana,"Mamata AcadofMedSci,Bachupally",PSYCHIATRY,"₹7,50,000*",Info not available*,1*,"₹20,00,000*",-,-,-,-,-,-,-,2730(1),2664(1),2661(1),2661(1),-,-,-
Tel Govt-NS LOC,SC-GEN,Telangana,"MNR Med Coll, Sangareddy",ANAESTHESIOLOGY,"₹7,00,000*",Info not available*,1*,"₹20,00,000*",760,3330(1),3636(1),3742(1),3742(1),3742(1),3742(1),2459(1),2459(1),2662(2),3561(2),-,-,-
Tel Govt-NS LOC,ST-GEN,Telangana,"Mamata Med Coll, Khammam",PAEDIATRICS,"₹7,50,000*",Info not available*,1*,"₹20,00,000*",1080,-,-,-,-,-,-,2680(1),2680(1),2677(1),2677(1),-,-,-
Tel Govt-NS LOC,OPEN-FEM,Telangana,"Osmania Med Coll, Hyderabad",MICROBIOLOGY,"₹25,000*","₹58,289",1,"₹20,00,000",4800,3018(1),3018(1),3203(2),3203(2),3203(2),3203(2),1435(1),1435(1),2681(1),2681(1),-,-,-
Tel Govt-NS LOC,SC-FEM,Telangana,"Kamineni (KAMSRC), Hyderabad",EMERGENCY MEDICINE,"₹7,00,000*",Info not available*,1*,"₹20,00,000*",650,-,-,-,-,-,-,2325(1),2688(1),2685(1),2685(1),-,-,-
Tel Govt-NS LOC,OPEN-GEN,Telangana,"Osmania Med Coll, Hyderabad",MICROBIOLOGY,"₹25,000*","₹58,289",1,"₹20,00,000",4800,3026(1),3026(1),3042(1),3042(1),3042(1),3042(1),2000(2),2000(2),2687(3),2687(3),-,-,-
Tel Govt-NS LOC,SC-GEN,Telangana,"SVS Med Coll, Mehboobnagar",PSYCHIATRY,"₹7,50,000*",Info not available*,1*,"₹20,00,000*",760,-,-,-,-,-,-,2623(1),2696(1),2693(1),3554(1),-,-,-
Tel Govt-NS LOC,ST-GEN,Telangana,"Osmania Med Coll, Hyderabad",ANAESTHESIOLOGY,"₹25,000*","₹58,289",1,"₹20,00,000",4800,2985(1),3400(1),3941(1),3941(1),3941(1),3941(1),2457(1),2457(1),2705(1),2705(1),-,-,-
Tel Govt-NS LOC,BCB-GEN,Telangana,"Osmania Med Coll, Hyderabad",MICROBIOLOGY,"₹25,000*","₹58,289",1,"₹20,00,000",4800,3781(1),3781(1),5104(1),5104(1),5104(1),5104(1),2650(1),2650(1),2715(2),2715(2),-,-,-
Tel Govt-NS LOC,OPEN-GEN,Telangana,"Gandhi Med Coll, Secunderabad",MICROBIOLOGY,"₹25,000*","₹58,289",1,"₹20,00,000",1200,3181(1),3181(1),4093(1),4093(1),4093(1),4093(1),2085(1),2085(1),2726(2),2726(2),-,-,-
Tel Govt-NS LOC,ST-GEN,Telangana,"Osmania Med Coll, Hyderabad",ORTHOPAEDICS,"₹25,000*","₹58,289",1,"₹20,00,000",4800,3080(1),3080(1),3099(1),3099(1),3099(1),3099(1),1870(1),1870(1),2731(1),2731(1),-,-,-
Tel Govt-NS LOC,SC-FEM,Telangana,"Surabhi InstituteofMS,Siddipet",ANAESTHESIOLOGY,"₹7,75,000*",Info not available*,1*,"₹20,00,000*",-,-,-,-,-,-,-,2487(1),2487(1),2740(1),1843(1),-,-,-
Tel Govt-NS LOC,SC-GEN,Telangana,"Osmania Med Coll, Hyderabad",MICROBIOLOGY,"₹25,000*","₹58,289",1,"₹20,00,000",4800,-,-,5020(1),5020(1),5020(1),5020(1),2706(1),2706(1),2746(1),2746(1),-,-,-
Tel Govt-NS LOC,ST-FEM,Telangana,"Kakatiya Med Coll, Warangal",ORTHOPAEDICS,"₹25,000*","₹58,289",1,"₹20,00,000",1150,-,-,-,-,-,-,2750(1),2750(1),2747(1),2747(1),-,-,-
Tel Govt-NS LOC,ST-GEN,Telangana,"Rajiv Gandhi IMS, Adilabad",OPHTHALMOLOGY,"₹25,000*","₹58,289",1,"₹20,00,000",Info Not Available,-,-,-,-,-,-,2338(1),2754(1),2751(1),2751(1),-,-,-
Tel Govt-NS LOC,BCB-GEN,Telangana,"Gandhi Med Coll, Secunderabad",BIOCHEMISTRY,"₹25,000*","₹58,289",1,"₹20,00,000",1200,-,-,-,-,-,-,2758(1),2758(1),2755(1),2755(1),-,-,-
Tel Govt-NS LOC,ST-GEN,Telangana,"Prathima IMS, Karimnagar",PAEDIATRICS,"₹7,50,000*",Info not available*,1*,"₹20,00,000*",1060,3817(1),3817(1),4096(1),4096(1),4096(1),4096(1),2182(1),2182(1),2756(1),2756(1),-,-,-
Tel Govt-NS LOC,ST-FEM,Telangana,"ESIC Med Coll,Sanath Nagar",OPHTHALMOLOGY,"₹2,50,000*","₹1,26,927*",2*,"₹10,00,000*",690,-,-,-,-,-,-,2307(1),2762(1),2759(1),2759(1),-,-,-
Tel Govt-NS LOC,ST-GEN,Telangana,"MNR Med Coll, Sangareddy",GENERAL MEDICINE,"₹7,00,000*",Info not available*,1*,"₹20,00,000*",760,-,-,-,-,-,-,2395(1),2767(1),2764(1),2764(1),-,-,-
Tel Govt-NS LOC,ST-FEM,Telangana,"Osmania Med Coll, Hyderabad",ANAESTHESIOLOGY,"₹25,000*","₹58,289",1,"₹20,00,000",4800,-,-,-,-,-,-,2089(1),2772(1),2769(1),2769(1),-,-,-
Tel Govt-NS LOC,ST-GEN,Telangana,"Osmania Med Coll, Hyderabad",TBRD,"₹25,000*","₹58,289",1,"₹20,00,000",4800,2890(1),2890(1),2905(1),2905(1),2905(1),2905(1),1892(1),1892(1),2785(1),2785(1),-,-,-
Tel Govt-NS LOC,ST-GEN,Telangana,"Osmania Med Coll, Hyderabad",ENT,"₹25,000*","₹58,289",1,"₹20,00,000",4800,3545(1),3545(1),3573(1),3573(1),3573(1),3573(1),2354(1),2793(1),2790(1),2790(1),-,-,-
Tel Govt-NS LOC,BCB-GEN,Telangana,"Osmania Med Coll, Hyderabad",PHARMACOLOGY,"₹25,000*","₹58,289",1,"₹20,00,000",4800,-,-,-,-,-,-,-,2718(1),2794(1),2794(1),-,-,-
Tel Govt-NS LOC,OPEN-GEN,Telangana,"Kamineni (KAMSRC), Hyderabad",SPM,"₹4,30,000*",Info not available*,1*,"₹20,00,000*",650,-,-,-,-,-,-,2511(1),2798(1),2795(1),2795(1),-,-,-
Tel Govt-NS LOC,ST-GEN,Telangana,"Mamata AcadofMedSci,Bachupally",OBG,"₹7,50,000*",Info not available*,1*,"₹20,00,000*",-,-,-,-,-,-,-,2802(1),2802(1),2799(1),2799(1),-,-,-
Tel Govt-NS LOC,BCA-GEN,Telangana,"NIMS, Hyderabad",HOSPITAL ADMINISTRATION,"₹72,000*","₹1,11,780",1,"₹50,00,000",1498,-,-,-,-,-,-,2815(1),2815(1),2812(1),2812(1),-,-,-
Tel Govt-NS LOC,OPEN-GEN,Telangana,"CAIMS, Karimnagar",PATHOLOGY,"₹4,30,000*",Info not available*,1*,"₹20,00,000*",1000,2982(1),3995(1),4037(1),4037(1),4037(1),4037(1),1721(1),2249(1),2823(2),3109(2),-,-,-
Tel Govt-Serv LOC,OPEN-GEN,Telangana,"Apollo IMSR, Hyderabad",PAEDIATRICS,"₹7,50,000*",Info not available*,1*,"₹20,00,000*",570,-,-,-,-,-,-,-,-,2831(1),2831(1),-,-,-
Tel Govt-NS LOC,SC-GEN,Telangana,"Gandhi Med Coll, Secunderabad",MICROBIOLOGY,"₹25,000*","₹58,289",1,"₹20,00,000",1200,-,-,-,-,-,-,-,-,2834(1),2834(1),-,-,-
Tel Govt-NS LOC,OPEN-FEM,Telangana,"Kamineni IMS, Narketpally",IHBT,"₹7,50,000*",Info not available*,1*,"₹20,00,000*",1060,-,-,-,-,-,-,-,2101(1),2836(1),3020(1),-,-,-
Tel Govt-NS LOC,OPEN-GEN,Telangana,"Gandhi Med Coll, Secunderabad",PHARMACOLOGY,"₹25,000*","₹58,289",1,"₹20,00,000",1200,3353(1),3353(1),3377(1),3377(1),3377(1),3377(1),2195(1),2195(1),2838(1),2838(1),-,-,-
Tel Govt-NS LOC,SC-GEN,Telangana,"NIMS, Hyderabad",HOSPITAL ADMINISTRATION,"₹72,000*","₹1,11,780",1,"₹50,00,000",1498,3526(1),4080(1),4196(1),4199(1),4199(1),4199(1),2843(1),2843(1),2840(1),2840(1),-,-,-
Tel Govt-NS LOC,SC-FEM,Telangana,"Mediciti IMS, Ghanpur",ORTHOPAEDICS,"₹7,00,000*",Info not available*,1*,"₹20,00,000*",720,-,-,-,-,-,-,2504(1),2623(1),2841(1),2841(1),-,-,-
Tel Govt-NS LOC,ST-FEM,Telangana,"Mamata Med Coll, Khammam",GENERAL MEDICINE,"₹7,50,000*",Info not available*,1*,"₹20,00,000*",1080,-,-,-,-,-,-,2669(1),2759(1),2847(1),2847(1),-,-,-
Tel Govt-NS LOC,SC-FEM,Telangana,"CAIMS, Karimnagar",ORTHOPAEDICS,"₹7,75,000*",Info not available*,1*,"₹20,00,000*",1000,3771(1),3771(1),3807(1),3807(1),3807(1),3807(1),-,-,2858(1),2858(1),-,-,-
Tel Govt-NS LOC,MIN-FEM-MSM,Telangana,"DrVRK Womens MedColl,Aziznagar",PATHOLOGY,"₹4,30,000*",Info not available*,1*,"₹20,00,000*",500,3722(1),3544(1),4467(1),4467(1),4467(1),4467(1),2302(1),2302(1),2863(1),2863(1),-,-,-
Tel Govt-NS LOC,ST-GEN,Telangana,"Dr Patnam MRInstofMS,Chevella",GENERAL MEDICINE,"₹7,00,000*",Info not available*,1*,"₹20,00,000*",-,-,-,-,-,-,-,2759(1),2850(1),2880(1),2880(1),-,-,-
Tel Govt-NS LOC,OPEN-FEM,Telangana,"Govt Med Coll, Nizamabad",MICROBIOLOGY,"₹25,000*","₹58,289",1,"₹20,00,000",500,-,-,-,-,-,-,2749(1),1631(1),2884(1),2203(1),-,-,-
Tel Govt-NS LOC,BCD-GEN,Telangana,"Gandhi Med Coll, Secunderabad",MICROBIOLOGY,"₹25,000*","₹58,289",1,"₹20,00,000",1200,4119(1),4119(1),4166(1),4166(1),4166(1),4166(1),2309(1),2309(1),2891(1),2891(1),-,-,-
Tel Govt-NS LOC,BCC-GEN,Telangana,"Osmania Med Coll, Hyderabad",MICROBIOLOGY,"₹25,000*","₹58,289",1,"₹20,00,000",4800,-,-,-,-,-,-,2582(1),2895(1),2892(1),2892(1),-,-,-
Tel Govt-NS LOC,SC-FEM,Telangana,"Prathima IMS, Karimnagar",ORTHOPAEDICS,"₹7,50,000*",Info not available*,1*,"₹20,00,000*",1060,-,-,-,-,-,-,2542(1),2542(1),2899(1),3188(1),-,-,-
Tel Govt-NS LOC,OPEN-FEM,Telangana,"RVM IMSRC, Siddipet",PATHOLOGY,"₹4,30,000*",Info not available*,1*,"₹20,00,000*",1110,-,-,-,-,-,-,1662(1),2486(1),2905(1),2905(1),-,-,-
Tel Govt-NS LOC,ST-GEN,Telangana,"Mamata Med Coll, Khammam",GENERAL SURGERY,"₹7,50,000*",Info not available*,1*,"₹20,00,000*",1080,-,-,-,-,-,-,2909(1),2909(1),2906(1),2906(1),-,-,-
Tel Govt-NS LOC,OPEN-GEN,Telangana,"Gandhi Med Coll, Secunderabad",BIOCHEMISTRY,"₹25,000*","₹58,289",1,"₹20,00,000",1200,4055(1),4215(1),4181(1),4648(1),4648(1),4648(1),2553(1),2914(1),2911(1),2911(1),-,-,-
Tel Govt-NS LOC,BCD-GEN,Telangana,"CAIMS, Karimnagar",PATHOLOGY,"₹4,30,000*",Info not available*,1*,"₹20,00,000*",1000,-,-,-,-,-,-,2290(1),2290(1),2914(1),3161(1),-,-,-
Tel Govt-NS LOC,BCB-GEN,Telangana,"Mamata AcadofMedSci,Bachupally",PATHOLOGY,"₹4,30,000*",Info not available*,1*,"₹20,00,000*",-,-,-,-,-,-,-,2514(1),2919(2),2916(2),2916(2),-,-,-
Tel Govt-NS LOC,OPEN-FEM,Telangana,"Dr Patnam MRInstofMS,Chevella",PATHOLOGY,"₹4,30,000*",Info not available*,1*,"₹20,00,000*",-,-,-,-,-,-,-,-,-,2917(1),3157(1),-,-,-
Tel Govt-NS LOC,SC-GEN,Telangana,"Maheshwara Med Coll, Medak",OPHTHALMOLOGY,"₹7,00,000*",Info not available*,1*,"₹20,00,000*",745,-,-,-,-,-,-,2613(1),2733(1),2951(1),2951(1),-,-,-
Tel Govt-NS LOC,ST-GEN,Telangana,"Mamata Med Coll, Khammam",DERMATOLOGY,"₹7,50,000*",Info not available*,1*,"₹20,00,000*",1080,-,-,-,-,-,-,-,-,2956(1),2956(1),-,-,-
Tel Govt-NS LOC,ST-GEN,Telangana,"Prathima IMS, Karimnagar",GENERAL SURGERY,"₹7,50,000*",Info not available*,1*,"₹20,00,000*",1060,4286(1),4670(1),5499(1),5499(1),5499(1),5499(1),2834(1),2111(1),2965(1),2965(1),-,-,-
Tel Govt-NS LOC,BCB-FEM,Telangana,"RVM IMSRC, Siddipet",PATHOLOGY,"₹4,30,000*",Info not available*,1*,"₹20,00,000*",1110,-,-,-,-,-,-,-,-,2968(1),2968(1),-,-,-
Tel Govt-NS LOC,SC-GEN,Telangana,"NIMS, Hyderabad",BIOCHEMISTRY,"₹72,000*","₹1,11,780",1,"₹50,00,000",1498,4116(1),4116(1),4162(1),4162(1),4162(1),4162(1),2972(1),2972(1),2969(1),2969(1),-,-,-
Tel Govt-NS LOC,SC-GEN,Telangana,"Kamineni IMS, Narketpally",OPHTHALMOLOGY,"₹7,50,000*",Info not available*,1*,"₹20,00,000*",1060,-,-,-,-,-,-,2559(1),2629(1),2971(1),2984(1),-,-,-
Tel Govt-NS LOC,OPEN-GEN,Telangana,"Apollo IMSR, Hyderabad",MICROBIOLOGY,"₹4,30,000*",Info not available*,1*,"₹20,00,000*",570,-,-,-,-,-,-,-,-,2972(1),2638(1),-,-,-
Tel Govt-NS LOC,SC-GEN,Telangana,"CAIMS, Karimnagar",ORTHOPAEDICS,"₹7,75,000*",Info not available*,1*,"₹20,00,000*",1000,-,-,-,-,-,-,2149(1),2149(1),2981(1),3014(1),-,-,-
Tel Govt-Serv LOC,OPEN-GEN,Telangana,"Gandhi Med Coll, Secunderabad",RADIO DIAGNOSIS,"₹25,000*","₹58,289",1,"₹20,00,000",1200,-,-,-,-,-,-,3009(1),3009(1),3005(1),3005(1),-,-,-
Tel Govt-NS LOC,OPEN-GEN,Telangana,"Kamineni (KAMSRC), Hyderabad",BIOCHEMISTRY,"₹2,16,000*",Info not available*,1*,"₹20,00,000*",650,-,-,-,-,-,-,3024(1),3024(1),3020(1),-,-,-,-
Tel Govt-NS LOC,ST-FEM,Telangana,"Mamata AcadofMedSci,Bachupally",GENERAL SURGERY,"₹7,50,000*",Info not available*,1*,"₹20,00,000*",-,-,-,-,-,-,-,3025(1),3025(1),3021(1),3021(1),-,-,-
Tel Govt-NS LOC,BCA-FEM,Telangana,"Mamata AcadofMedSci,Bachupally",ORTHOPAEDICS,"₹7,50,000*",Info not available*,1*,"₹20,00,000*",-,-,-,-,-,-,-,-,1994(1),3023(1),3023(1),-,-,-
Tel Govt-NS LOC,OPEN-GEN-PHO,Telangana,"Rajiv Gandhi IMS, Adilabad",GENERAL MEDICINE,"₹25,000*","₹58,289",1,"₹20,00,000",Info Not Available,-,-,-,-,-,-,3031(1),3031(1),3027(1),3027(1),-,-,-
Tel Govt-NS LOC,ST-FEM,Telangana,"MNR Med Coll, Sangareddy",GENERAL MEDICINE,"₹7,00,000*",Info not available*,1*,"₹20,00,000*",760,-,-,-,-,-,-,-,-,3033(1),3033(1),-,-,-
Tel Govt-Serv LOC,OPEN-GEN,Telangana,"Kakatiya Med Coll, Warangal",GENERAL MEDICINE,"₹25,000*","₹58,289",1,"₹20,00,000",1150,-,-,-,-,-,-,3042(1),3042(1),3037(1),3037(1),-,-,-
Tel Govt-NS LOC,ST-FEM,Telangana,"MNR Med Coll, Sangareddy",PAEDIATRICS,"₹7,00,000*",Info not available*,1*,"₹20,00,000*",760,-,-,-,-,-,-,2708(1),2708(1),3042(1),3042(1),-,-,-
Tel Govt-NS LOC,SC-GEN,Telangana,"Kamineni (KAMSRC), Hyderabad",IHBT,"₹7,00,000*",Info not available*,1*,"₹20,00,000*",650,-,-,-,-,-,-,2743(1),2743(1),3077(1),2306(1),-,-,-
Tel Govt-NS LOC,BCE-FEM,Telangana,"SVS Med Coll, Mehboobnagar",PATHOLOGY,"₹4,60,000*",Info not available*,1*,"₹20,00,000*",760,-,-,-,-,-,-,2400(1),2291(1),3083(1),3473(1),-,-,-
Tel Govt-Serv LOC,ST-GEN,Telangana,"Kakatiya Med Coll, Warangal",GENERAL MEDICINE,"₹25,000*","₹58,289",1,"₹20,00,000",1150,-,-,-,-,-,-,3091(1),3091(1),3085(1),3085(1),-,-,-
Tel Govt-Serv LOC,OPEN-GEN,Telangana,"Osmania Med Coll, Hyderabad",DERMATOLOGY,"₹25,000*","₹58,289",1,"₹20,00,000",4800,3591(1),3591(1),3620(1),3620(1),3620(1),3620(1),3106(1),3106(1),3099(1),3099(1),-,-,-
Tel Govt-Serv LOC,OPEN-GEN,Telangana,"Osmania Med Coll, Hyderabad",PAEDIATRICS,"₹25,000*","₹58,289",1,"₹20,00,000",4800,3645(1),3645(1),3677(1),3677(1),3677(1),3677(1),3114(1),3114(1),3106(1),3106(1),-,-,-
Tel Govt-NS LOC,BCB-GEN,Telangana,"Maheshwara Med Coll, Medak",PATHOLOGY,"₹4,30,000*",Info not available*,1*,"₹20,00,000*",745,-,-,-,-,-,-,-,2610(1),3109(1),3469(1),-,-,-
Tel Govt-NS LOC,BCA-GEN,Telangana,"Rajiv Gandhi IMS, Adilabad",SPM,"₹25,000*","₹58,289",1,"₹20,00,000",Info Not Available,-,-,-,-,-,-,2524(1),2849(1),3111(1),3506(1),3486(1),-,-
Tel Govt-NS LOC,OPEN-FEM,Telangana,"ESIC Med Coll,Sanath Nagar",PHYSIOLOGY,"₹2,50,000*","₹1,26,927*",2*,"₹10,00,000*",690,-,-,-,-,-,-,-,-,3122(1),3122(1),-,-,-
Tel Govt-NS LOC,ST-FEM,Telangana,"MNR Med Coll, Sangareddy",GENERAL SURGERY,"₹7,00,000*",Info not available*,1*,"₹20,00,000*",760,-,-,-,-,-,-,3136(1),3136(1),3128(1),3128(1),-,-,-
Tel Govt-NS LOC,OPEN-GEN,Telangana,"Osmania Med Coll, Hyderabad",BIOCHEMISTRY,"₹25,000*","₹58,289",1,"₹20,00,000",4800,4011(1),4011(1),4579(2),4579(2),4579(2),4579(2),2429(2),2429(2),3134(3),3134(3),-,-,-
Tel Govt-NS LOC,ST-GEN,Telangana,"SVS Med Coll, Mehboobnagar",TBRD,"₹7,50,000*",Info not available*,1*,"₹20,00,000*",760,-,-,-,-,-,-,3037(1),3207(1),3136(1),3136(1),-,-,-
Tel Govt-NS LOC,OPEN-FEM,Telangana,"Gandhi Med Coll, Secunderabad",ANATOMY,"₹25,000*","₹58,289",1,"₹20,00,000",1200,-,-,-,-,-,-,-,-,3147(1),-,-,-,-
Tel Govt-NS LOC,BCD-GEN,Telangana,"NIMS, Hyderabad",BIOCHEMISTRY,"₹72,000*","₹1,11,780",1,"₹50,00,000",1498,-,-,-,-,-,-,2230(1),2230(1),3161(1),3026(1),-,-,-
Tel Govt-NS LOC,SC-GEN,Telangana,"Kakatiya Med Coll, Warangal",SPM,"₹25,000*","₹58,289",1,"₹20,00,000",1150,-,-,-,-,-,-,3139(1),3166(1),3162(1),3162(1),-,-,-
Tel Govt-NS LOC,ST-GEN,Telangana,"Mediciti IMS, Ghanpur",OPHTHALMOLOGY,"₹7,00,000*",Info not available*,1*,"₹20,00,000*",720,-,-,-,-,-,-,3170(1),3170(1),3164(1),3164(1),-,-,-
Tel Govt-NS LOC,ST-GEN,Telangana,"Mamata Med Coll, Khammam",ORTHOPAEDICS,"₹7,50,000*",Info not available*,1*,"₹20,00,000*",1080,-,-,-,-,-,-,3153(1),3171(1),3165(1),3165(1),-,-,-
Tel Govt-NS LOC,BCA-GEN,Telangana,"Gandhi Med Coll, Secunderabad",FORENSIC MEDICINE,"₹25,000*","₹58,289",1,"₹20,00,000",1200,-,-,-,-,-,-,3172(1),3172(1),3166(1),3166(1),-,-,-
Tel Govt-Serv LOC,OPEN-GEN,Telangana,"Gandhi Med Coll, Secunderabad",DERMATOLOGY,"₹25,000*","₹58,289",1,"₹20,00,000",1200,-,-,-,-,-,-,3173(1),3173(1),3166(1),3166(1),-,-,-
Tel Govt-NS LOC,OPEN-GEN,Telangana,"Kakatiya Med Coll, Warangal",BIOCHEMISTRY,"₹25,000*","₹58,289",1,"₹20,00,000",1150,4207(1),4207(1),4259(1),4259(1),4259(1),4259(1),3175(1),3175(1),3168(1),3168(1),-,-,-
Tel Govt-NS LOC,OPEN-GEN,Telangana,"Govt Med Coll, Siddipet",FORENSIC MEDICINE,"₹25,000*","₹58,289",1,"₹20,00,000",780,4012(1),4552(1),4896(1),4969(1),4969(1),4969(1),3176(1),3176(1),3169(1),3169(1),-,-,-
Tel Govt-Serv LOC,OPEN-FEM,Telangana,"Osmania Med Coll, Hyderabad",PAEDIATRICS,"₹25,000*","₹58,289",1,"₹20,00,000",4800,4657(1),-,4823(1),4823(1),4823(1),4823(1),-,-,3174(1),3174(1),-,-,-
Tel Govt-NS LOC,OPEN-GEN,Telangana,"Osmania Med Coll, Hyderabad",FORENSIC MEDICINE,"₹25,000*","₹58,289",1,"₹20,00,000",4800,2752(1),4255(1),4622(1),4622(1),4622(1),4622(1),2709(1),2709(1),3175(2),3175(2),-,-,-
Tel Govt-NS LOC,OPEN-FEM,Telangana,"Osmania Med Coll, Hyderabad",ANATOMY,"₹25,000*","₹58,289",1,"₹20,00,000",4800,-,-,-,-,-,-,2994(1),3142(1),3176(1),3534(1),-,-,-
Tel Govt-Serv LOC,OPEN-FEM,Telangana,"Osmania Med Coll, Hyderabad",OBG,"₹25,000*","₹58,289",1,"₹20,00,000",4800,3820(1),3820(1),3856(1),3856(1),3856(1),3856(1),-,-,3177(1),3177(1),-,-,-
Tel Govt-NS LOC,OPEN-GEN,Telangana,"SVS Med Coll, Mehboobnagar",MICROBIOLOGY,"₹4,60,000*",Info not available*,1*,"₹20,00,000*",760,-,-,-,-,-,-,3032(1),3183(1),3178(1),-,-,-,-
Tel Govt-NS LOC,OPEN-GEN,Telangana,"Gandhi Med Coll, Secunderabad",ANATOMY,"₹25,000*","₹58,289",1,"₹20,00,000",1200,4151(1),4644(1),5085(1),5085(1),5085(1),5085(1),2868(1),3186(1),3181(1),3181(1),3559(1),-,-
Tel Govt-NS LOC,BCB-GEN,Telangana,"ESIC Med Coll,Sanath Nagar",ANATOMY,"₹2,50,000*","₹1,26,927*",2*,"₹10,00,000*",690,-,-,-,-,-,-,3189(1),3189(1),3184(1),3184(1),-,-,-
Tel Govt-NS LOC,OPEN-GEN,Telangana,"Dr Patnam MRInstofMS,Chevella",MICROBIOLOGY,"₹4,30,000*",Info not available*,1*,"₹20,00,000*",-,4654(1),-,5298(1),-,-,-,3193(1),3193(1),3189(1),3189(1),-,-,-
Tel Govt-Serv LOC,OPEN-FEM,Telangana,"Prathima IMS, Karimnagar",DERMATOLOGY,"₹7,50,000*",Info not available*,1*,"₹20,00,000*",1060,-,-,-,-,-,-,-,-,3192(1),3192(1),-,-,-
Tel Govt-NS LOC,SC-GEN,Telangana,"Gandhi Med Coll, Secunderabad",FORENSIC MEDICINE,"₹25,000*","₹58,289",1,"₹20,00,000",1200,3917(1),4350(1),4288(1),4288(1),4288(1),4288(1),3198(1),3198(1),3196(1),3420(1),-,-,-
Tel Govt-NS LOC,SC-GEN,Telangana,"Kakatiya Med Coll, Warangal",MICROBIOLOGY,"₹25,000*","₹58,289",1,"₹20,00,000",1150,-,-,-,-,-,-,2408(1),2749(1),3203(1),3178(1),-,-,-
Tel Govt-NS LOC,OPEN-GEN,Telangana,"CAIMS, Karimnagar",SPM,"₹4,30,000*",Info not available*,1*,"₹20,00,000*",1000,-,-,-,-,-,-,3230(1),3230(1),3204(1),3478(1),-,-,-
Tel Govt-NS LOC,ST-GEN,Telangana,"Osmania Med Coll, Hyderabad",PSYCHIATRY,"₹25,000*","₹58,289",1,"₹20,00,000",4800,4073(1),4073(1),4117(1),4117(1),4117(1),4117(1),2742(1),2742(1),3207(1),3207(1),-,-,-
Tel Govt-NS LOC,ST-FEM,Telangana,"Surabhi InstituteofMS,Siddipet",OBG,"₹7,75,000*",Info not available*,1*,"₹20,00,000*",-,-,-,-,-,-,-,2850(1),2959(1),3208(2),3208(2),-,-,-
Tel Govt-NS LOC,ST-FEM,Telangana,"Bhaskar Med Coll, Yenkapally",GENERAL SURGERY,"₹7,50,000*",Info not available*,1*,"₹20,00,000*",850,-,-,5022(1),5022(1),5022(1),5022(1),2967(1),3208(1),3209(1),3209(1),-,-,-
Tel Govt-NS LOC,OPEN-FEM,Telangana,"Kamineni IMS, Narketpally",SPM,"₹4,30,000*",Info not available*,1*,"₹20,00,000*",1060,-,-,-,-,-,-,-,-,3211(1),-,-,-,-
Tel Govt-Serv LOC,ST-GEN,Telangana,"Osmania Med Coll, Hyderabad",GENERAL MEDICINE,"₹25,000*","₹58,289",1,"₹20,00,000",4800,-,-,-,-,-,-,-,3212(1),3214(1),3214(1),-,-,-
Tel Govt-NS LOC,SC-FEM,Telangana,"SVS Med Coll, Mehboobnagar",PATHOLOGY,"₹4,60,000*",Info not available*,1*,"₹20,00,000*",760,3763(1),4322(1),5072(1),5072(1),5072(1),5072(1),-,-,3216(1),2543(1),-,-,-
Tel Govt-NS LOC,BCC-GEN,Telangana,"ESIC Med Coll,Sanath Nagar",PMR,"₹2,50,000*","₹1,26,927*",2*,"₹10,00,000*",690,-,-,-,-,-,-,1530(1),3079(1),3217(1),3217(1),-,-,-
Tel Govt-NS LOC,BCE-GEN,Telangana,"Kamineni (KAMSRC), Hyderabad",MICROBIOLOGY,"₹4,30,000*",Info not available*,1*,"₹20,00,000*",650,-,-,-,-,-,-,-,-,3218(1),-,-,3587(1),-
Tel Govt-NS LOC,ST-GEN,Telangana,"Mamata AcadofMedSci,Bachupally",ORTHOPAEDICS,"₹7,50,000*",Info not available*,1*,"₹20,00,000*",-,-,-,-,-,-,-,3262(1),3217(1),3219(1),3219(1),-,-,-
Tel Govt-NS LOC,BCE-GEN,Telangana,"Govt Med Coll, Nizamabad",MICROBIOLOGY,"₹25,000*","₹58,289",1,"₹20,00,000",500,-,-,-,-,-,-,3219(1),3219(1),3221(1),3512(1),-,-,-
Tel Govt-NS LOC,OPEN-FEM,Telangana,"Mediciti IMS, Ghanpur",PHARMACOLOGY,"₹4,30,000*",Info not available*,1*,"₹20,00,000*",720,-,-,-,-,-,-,3220(1),3220(1),3222(1),3222(1),-,-,-
Tel Govt-NS LOC,BCB-GEN,Telangana,"Kakatiya Med Coll, Warangal",SPM,"₹25,000*","₹58,289",1,"₹20,00,000",1150,-,-,-,-,-,-,-,-,3233(1),3233(1),-,-,-
Tel Govt-Serv LOC,OPEN-GEN,Telangana,"Gandhi Med Coll, Secunderabad",PAEDIATRICS,"₹25,000*","₹58,289",1,"₹20,00,000",1200,4059(1),4059(1),4102(1),4102(1),4102(1),4102(1),3235(1),3235(1),3240(1),3240(1),-,-,-
Tel Govt-Serv LOC,BCD-GEN,Telangana,"Mediciti IMS, Ghanpur",RADIO DIAGNOSIS,"₹7,00,000*",Info not available*,1*,"₹20,00,000*",720,-,-,-,-,-,-,-,-,3246(1),3246(1),-,-,-
Tel Govt-NS LOC,ST-GEN,Telangana,"Kamineni IMS, Narketpally",EMERGENCY MEDICINE,"₹7,50,000*",Info not available*,1*,"₹20,00,000*",1060,-,-,-,-,-,-,3239(1),3239(1),3246(1),2210(1),-,-,-
Tel Govt-Serv LOC,SC-GEN,Telangana,"ESIC Med Coll,Sanath Nagar",RADIO DIAGNOSIS,"₹2,50,000*","₹1,26,927*",2*,"₹10,00,000*",690,-,-,-,-,-,-,3240(1),3240(1),3247(1),3247(1),-,-,-
Tel Govt-NS LOC,BCD-GEN,Telangana,"Govt Med Coll, Mahabubnagar",MICROBIOLOGY,"₹25,000*","₹58,289",1,"₹20,00,000",900,-,-,-,-,-,-,-,-,3262(1),3349(1),-,-,-
Tel Govt-NS LOC,OPEN-GEN,Telangana,"Govt Med Coll, Mahabubnagar",PHARMACOLOGY,"₹25,000*","₹58,289",1,"₹20,00,000",900,-,-,-,-,-,-,2719(1),2841(1),3263(1),3362(1),-,-,-
Tel Govt-Serv LOC,OPEN-GEN,Telangana,"Mahavir Inst of MS, Vikarabad",DERMATOLOGY,"₹7,00,000*",Info not available*,1*,"₹20,00,000*",700,-,-,-,-,-,-,-,-,3275(1),3275(1),-,-,-
Tel Govt-NS LOC,BCE-GEN,Telangana,"Kakatiya Med Coll, Warangal",PHARMACOLOGY,"₹25,000*","₹58,289",1,"₹20,00,000",1150,-,-,-,-,-,-,3267(1),3267(1),3280(1),3280(1),-,-,-
Tel Govt-NS LOC,MIN-GEN-MSM,Telangana,"DCMS, Hyderabad",MICROBIOLOGY,"₹4,30,000*",Info not available*,1*,"₹20,00,000*",1400,-,-,-,-,-,-,3122(1),3122(1),3282(1),3282(1),-,-,-
Tel Govt-NS LOC,OPEN-FEM,Telangana,"Kakatiya Med Coll, Warangal",BIOCHEMISTRY,"₹25,000*","₹58,289",1,"₹20,00,000",1150,4604(1),4395(1),4768(1),5555(1),5555(1),5555(1),3241(1),3241(1),3283(2),3283(2),-,-,-
Tel Govt-NS LOC,BCA-GEN,Telangana,"ESIC Med Coll,Sanath Nagar",MICROBIOLOGY,"₹2,50,000*","₹1,26,927*",2*,"₹10,00,000*",690,-,-,-,-,-,-,-,-,3284(1),3284(1),2792(1),-,-
Tel Govt-Serv LOC,BCB-GEN,Telangana,"Osmania Med Coll, Hyderabad",DERMATOLOGY,"₹25,000*","₹58,289",1,"₹20,00,000",4800,-,-,-,-,-,-,-,-,3285(1),3285(1),-,-,-
Tel Govt-Serv LOC,SC-GEN,Telangana,"Osmania Med Coll, Hyderabad",PAEDIATRICS,"₹25,000*","₹58,289",1,"₹20,00,000",4800,4509(1),4509(1),4574(1),4574(1),4574(1),4574(1),3276(1),3276(1),3288(1),3288(1),-,-,-
Tel Govt-NS LOC,OPEN-FEM,Telangana,"Govt Med Coll, Siddipet",PHARMACOLOGY,"₹25,000*","₹58,289",1,"₹20,00,000",780,4109(1),-,5341(2),5404(2),5404(2),5404(2),3179(1),2887(1),3290(1),3290(1),-,-,-
Tel Govt-NS LOC,BCA-FEM,Telangana,"NIMS, Hyderabad",MICROBIOLOGY,"₹72,000*","₹1,11,780",1,"₹50,00,000",1498,-,-,-,-,-,-,3278(1),3278(1),3291(1),3291(1),-,-,-
Tel Govt-NS LOC,OPEN-FEM,Telangana,"Govt Med Coll, Suryapet",MICROBIOLOGY,"₹25,000*","₹58,289",1,"₹20,00,000",580,-,-,5015(1),5015(1),5015(1),5015(1),2955(1),3148(1),3298(1),3477(1),-,-,-
Tel Govt-NS LOC,ST-GEN,Telangana,"Kamineni IMS, Narketpally",GENERAL SURGERY,"₹7,50,000*",Info not available*,1*,"₹20,00,000*",1060,-,-,-,-,-,-,-,-,3299(1),3299(1),-,-,-
Tel Govt-Serv LOC,OPEN-GEN,Telangana,"Kakatiya Med Coll, Warangal",OBG,"₹25,000*","₹58,289",1,"₹20,00,000",1150,-,-,4957(1),4957(1),4957(1),4957(1),3291(1),3291(1),3303(1),3303(1),-,-,-
Tel Govt-NS LOC,MIN-GEN-MSM,Telangana,"DCMS, Hyderabad",BIOCHEMISTRY,"₹2,16,000*",Info not available*,1*,"₹20,00,000*",1400,4603(1),4603(1),4931(1),-,-,-,3293(1),3293(1),3305(1),3305(1),-,-,-
Tel Govt-NS LOC,MIN-GEN-MSM,Telangana,"Shadan IMSRC, Peerancheru",MICROBIOLOGY,"₹4,30,000*",Info not available*,1*,"₹20,00,000*",800,4526(1),-,4950(1),4950(1),4950(1),4950(1),2961(1),3295(1),3307(1),3307(1),-,-,-
Tel Govt-NS LOC,BCD-GEN,Telangana,"ESIC Med Coll,Sanath Nagar",BIOCHEMISTRY,"₹2,50,000*","₹1,26,927*",2*,"₹10,00,000*",690,-,-,-,-,-,-,3297(1),3297(2),3309(2),3309(2),-,-,-
Tel Govt-NS LOC,ST-GEN,Telangana,"Osmania Med Coll, Hyderabad",PATHOLOGY,"₹25,000*","₹58,289",1,"₹20,00,000",4800,4364(1),4748(1),4905(1),4905(1),4905(1),4905(1),2989(1),2989(1),3311(2),3311(2),-,-,-
Tel Govt-Serv LOC,OPEN-GEN,Telangana,"CAIMS, Karimnagar",RADIO DIAGNOSIS,"₹7,75,000*",Info not available*,1*,"₹20,00,000*",1000,-,-,-,-,-,-,3263(1),-,3311(1),3311(1),-,-,-
Tel Govt-NS LOC,ST-GEN,Telangana,"ESIC Med Coll,Sanath Nagar",PATHOLOGY,"₹2,50,000*","₹1,26,927*",2*,"₹10,00,000*",690,-,-,-,-,-,-,3304(1),3304(1),3319(1),3319(1),-,-,-
Tel Govt-NS LOC,OPEN-FEM,Telangana,"Gandhi Med Coll, Secunderabad",PHYSIOLOGY,"₹25,000*","₹58,289",1,"₹20,00,000",1200,3789(1),3978(1),4019(1),4019(1),4019(1),4019(1),2012(1),2012(1),3320(1),3428(1),-,-,-
Tel Govt-NS LOC,BCD-FEM,Telangana,"Osmania Med Coll, Hyderabad",BIOCHEMISTRY,"₹25,000*","₹58,289",1,"₹20,00,000",4800,-,-,-,-,-,-,-,-,3326(1),3326(1),-,-,-
Tel Govt-NS LOC,ST-GEN,Telangana,"Bhaskar Med Coll, Yenkapally",ORTHOPAEDICS,"₹7,50,000*",Info not available*,1*,"₹20,00,000*",850,-,-,-,-,-,-,3208(1),-,3328(1),3328(1),-,-,-
Tel Govt-NS LOC,SC-GEN,Telangana,"Osmania Med Coll, Hyderabad",PHARMACOLOGY,"₹25,000*","₹58,289",1,"₹20,00,000",4800,4025(1),4025(1),5055(2),4654(2),4654(2),4654(2),2837(1),2837(1),3332(1),3332(1),-,-,-
Tel Govt-NS LOC,OPEN-GEN,Telangana,"Kakatiya Med Coll, Warangal",FORENSIC MEDICINE,"₹25,000*","₹58,289",1,"₹20,00,000",1150,-,4498(1),5116(1),5433(1),5433(1),5433(1),2651(1),2991(1),3335(1),3335(1),-,-,-
Tel Govt-NS LOC,BCB-GEN,Telangana,"Gandhi Med Coll, Secunderabad",FORENSIC MEDICINE,"₹25,000*","₹58,289",1,"₹20,00,000",1200,3310(1),-,5470(1),5327(1),5327(1),5327(1),-,-,3336(1),3270(1),-,-,-
Tel Govt-Serv LOC,SC-GEN,Telangana,"Kamineni (KAMSRC), Hyderabad",RADIO DIAGNOSIS,"₹7,00,000*",Info not available*,1*,"₹20,00,000*",650,-,-,-,-,-,-,-,-,3340(1),3340(1),-,-,-
Tel Govt-Serv LOC,SC-GEN,Telangana,"Osmania Med Coll, Hyderabad",GENERAL MEDICINE,"₹25,000*","₹58,289",1,"₹20,00,000",4800,-,-,-,-,-,-,-,-,3340(1),3340(1),-,-,-
Tel Govt-NS LOC,SC-GEN,Telangana,"Kakatiya Med Coll, Warangal",FORENSIC MEDICINE,"₹25,000*","₹58,289",1,"₹20,00,000",1150,-,-,-,-,-,-,-,-,3342(1),3342(1),-,-,-
Tel Govt-NS LOC,ST-GEN,Telangana,"Osmania Med Coll, Hyderabad",FORENSIC MEDICINE,"₹25,000*","₹58,289",1,"₹20,00,000",4800,-,-,5429(1),4874(1),4874(1),4874(1),-,-,3343(1),3343(1),-,-,-
Tel Govt-NS LOC,BCD-GEN,Telangana,"Govt Med Coll, Siddipet",PHARMACOLOGY,"₹25,000*","₹58,289",1,"₹20,00,000",780,-,-,-,-,-,-,-,-,3349(1),3480(1),-,-,-
Tel Govt-NS LOC,OPEN-GEN,Telangana,"Govt Med Coll, Nizamabad",PHARMACOLOGY,"₹25,000*","₹58,289",1,"₹20,00,000",500,-,-,-,-,-,-,1330(1),1330(1),3350(1),3432(1),-,-,-
Tel Govt-NS LOC,OPEN-FEM,Telangana,"Kamineni (KAMSRC), Hyderabad",MICROBIOLOGY,"₹4,30,000*",Info not available*,1*,"₹20,00,000*",650,-,-,-,-,-,-,2840(1),2533(1),3351(1),3351(1),-,-,-
Tel Govt-NS LOC,ST-GEN,Telangana,"Maheshwara Med Coll, Medak",TBRD,"₹7,00,000*",Info not available*,1*,"₹20,00,000*",745,-,-,-,-,-,-,-,-,3352(1),2322(1),-,-,-
Tel Govt-Serv LOC,BCB-GEN,Telangana,"SVS Med Coll, Mehboobnagar",RADIO DIAGNOSIS,"₹7,50,000*",Info not available*,1*,"₹20,00,000*",760,-,-,-,-,-,-,3272(1),3272(1),3357(1),3357(1),-,-,-
Tel Govt-NS LOC,OPEN-GEN,Telangana,"Rajiv Gandhi IMS, Adilabad",PHARMACOLOGY,"₹25,000*","₹58,289",1,"₹20,00,000",Info Not Available,-,-,5140(1),5140(1),5140(1),5140(1),2841(1),2880(1),3358(1),-,-,-,-
Tel Govt-NS LOC,ST-FEM,Telangana,"Bhaskar Med Coll, Yenkapally",PSYCHIATRY,"₹7,50,000*",Info not available*,1*,"₹20,00,000*",850,-,-,-,-,-,-,-,-,3360(1),3360(1),-,-,-
Tel Govt-NS LOC,MIN-GEN-MSM,Telangana,"Shadan IMSRC, Peerancheru",PHARMACOLOGY,"₹4,30,000*",Info not available*,1*,"₹20,00,000*",800,-,-,-,-,-,-,-,-,3362(1),-,-,-,-
Tel Govt-NS LOC,ST-GEN,Telangana,"MNR Med Coll, Sangareddy",OPHTHALMOLOGY,"₹7,00,000*",Info not available*,1*,"₹20,00,000*",760,-,-,-,-,-,-,-,-,3363(1),2971(1),-,-,-
Tel Govt-Serv LOC,BCD-GEN,Telangana,"Kakatiya Med Coll, Warangal",PAEDIATRICS,"₹25,000*","₹58,289",1,"₹20,00,000",1150,-,-,-,-,-,-,-,-,3365(1),3365(1),-,-,-
Tel Govt-NS LOC,SC-GEN,Telangana,"Gandhi Med Coll, Secunderabad",PHYSIOLOGY,"₹25,000*","₹58,289",1,"₹20,00,000",1200,4680(1),-,4427(1),4427(1),4427(1),4427(1),3138(1),-,3369(1),3522(2),-,-,-
Tel Govt-NS LOC,OPEN-GEN,Telangana,"ESIC Med Coll,Sanath Nagar",ANATOMY,"₹2,50,000*","₹1,26,927*",2*,"₹10,00,000*",690,-,-,-,-,-,-,2877(1),2719(1),3372(1),3372(1),-,-,-
Tel Govt-NS LOC,OPEN-GEN,Telangana,"RVM IMSRC, Siddipet",MICROBIOLOGY,"₹4,30,000*",Info not available*,1*,"₹20,00,000*",1110,4700(1),-,5695(1),5695(1),5695(1),5695(1),-,-,3373(1),-,-,-,-
Tel Govt-NS LOC,SC-FEM,Telangana,"Gandhi Med Coll, Secunderabad",BIOCHEMISTRY,"₹25,000*","₹58,289",1,"₹20,00,000",1200,-,-,-,-,-,-,-,-,3380(1),3380(1),-,-,-
Tel Govt-NS LOC,OPEN-FEM,Telangana,"Maheshwara Med Coll, Medak",MICROBIOLOGY,"₹4,30,000*",Info not available*,1*,"₹20,00,000*",745,-,-,-,-,-,-,-,-,3381(1),-,-,-,-
Tel Govt-Serv LOC,OPEN-GEN,Telangana,"Prathima IMS, Karimnagar",GENERAL MEDICINE,"₹7,50,000*",Info not available*,1*,"₹20,00,000*",1060,-,-,-,-,-,-,-,-,3389(1),3389(1),-,-,-
Tel Govt-NS LOC,MIN-GEN-MSM,Telangana,"DCMS, Hyderabad",SPM,"₹4,30,000*",Info not available*,1*,"₹20,00,000*",1400,-,-,4942(1),-,-,-,-,-,3390(1),3390(1),-,-,-
Tel Govt-Serv LOC,SC-GEN,Telangana,"Rajiv Gandhi IMS, Adilabad",DERMATOLOGY,"₹25,000*","₹58,289",1,"₹20,00,000",Info Not Available,-,-,-,-,-,-,-,-,3391(1),3391(1),-,-,-
Tel Govt-Serv LOC,OPEN-GEN,Telangana,"Kakatiya Med Coll, Warangal",OPHTHALMOLOGY,"₹25,000*","₹58,289",1,"₹20,00,000",1150,-,-,-,-,-,-,-,-,3393(1),3393(1),-,-,-
Tel Govt-Serv LOC,ST-GEN,Telangana,"Osmania Med Coll, Hyderabad",PAEDIATRICS,"₹25,000*","₹58,289",1,"₹20,00,000",4800,4259(1),4259(1),4313(1),4313(1),4313(1),4313(1),3212(1),-,3394(1),3394(1),-,-,-
Tel Govt-NS LOC,OPEN-FEM,Telangana,"Kakatiya Med Coll, Warangal",DPH,"₹25,000*","₹58,289",1,"₹10,00,000",1150,-,-,-,-,-,-,2689(1),3068(1),3395(1),3550(1),-,-,-
Tel Govt-NS LOC,OPEN-GEN,Telangana,"Osmania Med Coll, Hyderabad",PHYSIOLOGY,"₹25,000*","₹58,289",1,"₹20,00,000",4800,4051(1),4051(1),4094(1),4094(1),4094(1),4094(1),2318(1),2318(1),3398(2),3330(2),-,-,-
Tel Govt-Serv LOC,BCE-GEN,Telangana,"MNR Med Coll, Sangareddy",RADIO DIAGNOSIS,"₹7,00,000*",Info not available*,1*,"₹20,00,000*",760,-,-,-,-,-,-,-,-,3400(1),3400(1),-,-,-
Tel Govt-NS LOC,BCA-GEN,Telangana,"Kakatiya Med Coll, Warangal",MICROBIOLOGY,"₹25,000*","₹58,289",1,"₹20,00,000",1150,4176(1),4176(1),4227(1),4227(1),4227(1),4227(1),-,-,3404(1),3501(1),-,-,-
Tel Govt-Serv LOC,OPEN-GEN,Telangana,"Osmania Med Coll, Hyderabad",TBRD,"₹25,000*","₹58,289",1,"₹20,00,000",4800,4406(1),4406(1),4468(1),4468(1),4468(1),4468(1),-,3263(1),3407(1),3407(1),-,-,-
Tel Govt-NS LOC,ST-FEM,Telangana,"Govt Med Coll, Siddipet",ENT,"₹25,000*","₹58,289",1,"₹20,00,000",780,4000(1),3921(1),4436(1),3534(1),3534(1),3534(1),2409(1),3037(1),3408(1),3408(1),-,-,-
Tel Govt-Serv LOC,OPEN-FEM,Telangana,"Maheshwara Med Coll, Medak",DERMATOLOGY,"₹7,00,000*",Info not available*,1*,"₹20,00,000*",745,-,-,-,-,-,-,-,-,3409(1),3409(1),-,-,-
Tel Govt-NS LOC,OPEN-FEM,Telangana,"Prathima IMS, Karimnagar",MICROBIOLOGY,"₹4,62,250*",Info not available*,1*,"₹20,00,000*",1060,4689(1),-,5535(1),-,-,-,-,-,3411(1),-,-,-,-
Tel Govt-Serv LOC,BCB-GEN,Telangana,"Osmania Med Coll, Hyderabad",PAEDIATRICS,"₹25,000*","₹58,289",1,"₹20,00,000",4800,-,4450(1),4514(1),4514(1),4514(1),4514(1),-,-,3412(2),3412(2),-,-,-
Tel Govt-NS LOC,OPEN-GEN,Telangana,"Kamineni IMS, Narketpally",MICROBIOLOGY,"₹4,30,000*",Info not available*,1*,"₹20,00,000*",1060,-,-,-,-,-,-,-,-,3412(1),-,-,-,-
Tel Govt-Serv LOC,OPEN-GEN,Telangana,"Osmania Med Coll, Hyderabad",RADIATION ONCOLOGY,"₹25,000*","₹58,289",1,"₹20,00,000",4800,-,-,-,-,-,-,-,-,3412(1),3412(1),-,-,-
Tel Govt-NS LOC,OPEN-GEN,Telangana,"Govt Med Coll, Mahabubnagar",FORENSIC MEDICINE,"₹25,000*","₹58,289",1,"₹20,00,000",900,-,-,-,-,-,-,2988(1),3255(1),3414(1),3414(1),-,-,-
Tel Govt-Serv LOC,OPEN-GEN,Telangana,"Gandhi Med Coll, Secunderabad",ANAESTHESIOLOGY,"₹25,000*","₹58,289",1,"₹20,00,000",1200,-,4730(1),4876(1),4876(1),4876(1),4876(1),-,-,3415(1),3415(1),-,-,-
Tel Govt-NS LOC,OPEN-FEM,Telangana,"Apollo IMSR, Hyderabad",SPM,"₹4,30,000*",Info not available*,1*,"₹20,00,000*",570,-,-,-,-,-,-,2798(1),-,3415(1),3415(1),-,-,-
Tel Govt-NS LOC,BCD-FEM,Telangana,"Surabhi InstituteofMS,Siddipet",PATHOLOGY,"₹4,30,000*",Info not available*,1*,"₹20,00,000*",-,-,-,-,-,-,-,-,2830(1),3416(1),3416(1),-,-,-
Tel Govt-NS LOC,OPEN-GEN,Telangana,"Osmania Med Coll, Hyderabad",ANATOMY,"₹25,000*","₹58,289",1,"₹20,00,000",4800,4321(1),4321(1),4872(2),4872(2),4872(2),4872(2),3132(1),3115(1),3420(2),-,-,3571(2),-
Tel Govt-Serv LOC,OPEN-GEN,Telangana,"Gandhi Med Coll, Secunderabad",HOSPITAL ADMINISTRATION,"₹25,000*","₹58,289",1,"₹20,00,000",1200,-,-,-,-,-,-,-,-,3423(1),3423(1),-,-,-
Tel Govt-NS LOC,OPEN-GEN,Telangana,"Mamata Med Coll, Khammam",SPM,"₹4,30,000*",Info not available*,1*,"₹20,00,000*",1080,-,-,-,-,-,-,2996(1),3256(1),3425(1),3474(1),-,-,-
Tel Govt-NS LOC,MIN-GEN-MSM,Telangana,"Shadan IMSRC, Peerancheru",BIOCHEMISTRY,"₹2,00,000*",Info not available*,1*,"₹20,00,000*",800,-,-,-,-,-,-,-,-,3426(1),3426(1),-,-,-
Tel Govt-NS LOC,BCD-GEN,Telangana,"Govt Med Coll, Siddipet",SPM,"₹25,000*","₹58,289",1,"₹20,00,000",780,3632(1),4742(1),4723(1),5235(1),5235(1),5235(1),2778(1),-,3434(1),3434(1),-,-,-
Tel Govt-Serv LOC,BCB-GEN,Telangana,"Osmania Med Coll, Hyderabad",GENERAL MEDICINE,"₹25,000*","₹58,289",1,"₹20,00,000",4800,3970(1),3970(1),4011(1),4011(1),4011(1),4011(1),-,-,3436(1),3436(1),-,-,-
Tel Govt-NS LOC,MIN-GEN-MSM,Telangana,"DCMS, Hyderabad",PHARMACOLOGY,"₹4,30,000*",Info not available*,1*,"₹20,00,000*",1400,-,-,4944(1),-,-,-,-,-,3436(1),3436(1),-,-,-
Tel Govt-Serv LOC,OPEN-GEN,Telangana,"Osmania Med Coll, Hyderabad",ANAESTHESIOLOGY,"₹25,000*","₹58,289",1,"₹20,00,000",4800,-,-,-,-,-,-,-,-,3436(1),3436(1),-,-,-
Tel Govt-NS LOC,ST-GEN,Telangana,"Kamineni IMS, Narketpally",ORTHOPAEDICS,"₹7,50,000*",Info not available*,1*,"₹20,00,000*",1060,-,-,-,-,-,-,3311(1),3311(1),3437(2),3437(2),-,-,-
Tel Govt-Serv LOC,BCD-GEN,Telangana,"ESIC Med Coll,Sanath Nagar",GENERAL MEDICINE,"₹2,50,000*","₹1,26,927*",2*,"₹10,00,000*",690,-,-,-,-,-,-,-,-,3437(1),3437(1),-,-,-
Tel Govt-Serv LOC,OPEN-GEN,Telangana,"Osmania Med Coll, Hyderabad",PSYCHIATRY,"₹25,000*","₹58,289",1,"₹20,00,000",4800,-,-,-,-,-,-,-,-,3440(1),3440(1),-,-,-
Tel Govt-Serv LOC,ST-GEN,Telangana,"Govt Med Coll, Nizamabad",RADIO DIAGNOSIS,"₹25,000*","₹58,289",1,"₹20,00,000",500,-,-,-,-,-,-,-,-,3441(1),3441(1),-,-,-
Tel Govt-Serv LOC,BCB-GEN,Telangana,"Mamata Med Coll, Khammam",RADIO DIAGNOSIS,"₹7,50,000*",Info not available*,1*,"₹20,00,000*",1080,-,-,-,-,-,-,-,-,3443(1),3443(1),-,-,-
Tel Govt-NS LOC,OPEN-GEN,Telangana,"Kakatiya Med Coll, Warangal",PHYSIOLOGY,"₹25,000*","₹58,289",1,"₹20,00,000",1150,-,-,-,-,-,-,-,3309(1),3446(1),3446(1),-,-,-
Tel Govt-Serv LOC,OPEN-GEN,Telangana,"Gandhi Med Coll, Secunderabad",PSYCHIATRY,"₹25,000*","₹58,289",1,"₹20,00,000",1200,-,-,-,-,-,-,-,-,3448(1),3448(1),-,-,-
Tel Govt-NS LOC,BCE-FEM,Telangana,"Rajiv Gandhi IMS, Adilabad",BIOCHEMISTRY,"₹25,000*","₹58,289",1,"₹20,00,000",Info Not Available,-,-,-,-,-,-,-,-,3450(1),3450(1),-,-,-
Tel Govt-Serv LOC,SC-GEN,Telangana,"RVM IMSRC, Siddipet",GENERAL MEDICINE,"₹7,00,000*",Info not available*,1*,"₹20,00,000*",1110,-,-,-,-,-,-,-,-,3455(1),3455(1),-,-,-
Tel Govt-NS LOC,SC-GEN,Telangana,"Gandhi Med Coll, Secunderabad",BIOCHEMISTRY,"₹25,000*","₹58,289",1,"₹20,00,000",1200,-,-,-,-,-,-,-,-,3455(1),3455(1),-,-,-
Tel Govt-NS LOC,ST-GEN,Telangana,"Mamata Med Coll, Khammam",PSYCHIATRY,"₹7,50,000*",Info not available*,1*,"₹20,00,000*",1080,-,-,-,-,-,-,-,-,3457(2),3503(2),-,-,-
Tel Govt-NS LOC,OPEN-FEM,Telangana,"Govt Med Coll, Siddipet",FORENSIC MEDICINE,"₹25,000*","₹58,289",1,"₹20,00,000",780,-,-,-,-,-,-,-,-,3460(1),3460(1),-,-,-
Tel Govt-Serv LOC,OPEN-FEM,Telangana,"Mediciti IMS, Ghanpur",SPM,"₹4,30,000*",Info not available*,1*,"₹20,00,000*",720,-,-,-,-,-,-,-,-,3461(1),3461(1),-,-,-
Tel Govt-NS LOC,ST-GEN,Telangana,"Mediciti IMS, Ghanpur",ANAESTHESIOLOGY,"₹7,00,000*",Info not available*,1*,"₹20,00,000*",720,-,4740(1),4888(1),4888(1),4888(1),4888(1),-,-,3462(1),2620(1),-,-,-
Tel Govt-NS LOC,BCA-FEM,Telangana,"Govt Med Coll, Nalgonda",PHARMACOLOGY,"₹25,000*","₹58,289",1,"₹20,00,000",580,-,-,-,-,-,-,-,-,3463(1),3463(1),-,-,-
Tel Govt-NS LOC,SC-GEN,Telangana,"Osmania Med Coll, Hyderabad",BIOCHEMISTRY,"₹25,000*","₹58,289",1,"₹20,00,000",4800,4313(1),4313(1),4369(1),4369(1),4369(1),4369(1),3109(1),-,3468(1),3221(1),-,-,-
Tel Govt-Serv LOC,OPEN-FEM,Telangana,"Prathima IMS, Karimnagar",RADIO DIAGNOSIS,"₹7,50,000*",Info not available*,1*,"₹20,00,000*",1060,-,-,-,-,-,-,-,-,3468(1),3468(1),-,-,-
Tel Govt-NS LOC,OPEN-GEN,Telangana,"Prathima IMS, Karimnagar",SPM,"₹4,62,250*",Info not available*,1*,"₹20,00,000*",1060,3738(1),-,5434(1),5616(1),5698(1),5698(1),-,-,3470(1),-,-,3597(1),-
Tel Govt-NS LOC,OPEN-GEN-PHO,Telangana,"Gandhi Med Coll, Secunderabad",ANAESTHESIOLOGY,"₹25,000*","₹58,289",1,"₹20,00,000",1200,-,-,-,-,-,-,-,-,3472(1),3472(1),-,-,-
Tel Govt-Serv LOC,OPEN-GEN,Telangana,"Gandhi Med Coll, Secunderabad",OBG,"₹25,000*","₹58,289",1,"₹20,00,000",1200,4245(1),4245(1),4297(1),4297(1),4297(1),4297(1),-,-,3475(1),3475(1),-,-,-
Tel Govt-Serv LOC,SC-GEN,Telangana,"ESIC Med Coll,Sanath Nagar",TBRD,"₹2,50,000*","₹1,26,927*",2*,"₹10,00,000*",690,-,-,-,-,-,-,-,-,3475(1),3475(1),-,-,-
Tel Govt-NS LOC,OPEN-GEN,Telangana,"RVM IMSRC, Siddipet",SPM,"₹4,30,000*",Info not available*,1*,"₹20,00,000*",1110,4122(1),-,5478(1),-,-,-,-,-,3478(1),2488(1),-,3594(1),-
Tel Govt-NS LOC,BCB-GEN,Telangana,"Osmania Med Coll, Hyderabad",FORENSIC MEDICINE,"₹25,000*","₹58,289",1,"₹20,00,000",4800,-,-,-,-,-,-,3134(1),3134(1),3481(1),3481(1),-,-,-
Tel Govt-Serv LOC,OPEN-GEN,Telangana,"Gandhi Med Coll, Secunderabad",GENERAL SURGERY,"₹25,000*","₹58,289",1,"₹20,00,000",1200,4686(1),-,4962(1),4962(1),4962(1),4962(1),-,-,3482(1),3482(1),-,-,-
Tel Govt-Serv LOC,OPEN-GEN,Telangana,"Mediciti IMS, Ghanpur",GENERAL MEDICINE,"₹7,00,000*",Info not available*,1*,"₹20,00,000*",720,-,-,-,-,-,-,-,-,3485(1),3485(1),-,-,-
Tel Govt-Serv LOC,SC-GEN,Telangana,"Gandhi Med Coll, Secunderabad",ORTHOPAEDICS,"₹25,000*","₹58,289",1,"₹20,00,000",1200,4655(1),4655(1),5026(1),5026(1),5026(1),5026(1),-,-,3488(1),3488(1),-,-,-
Tel Govt-Serv LOC,OPEN-GEN,Telangana,"Osmania Med Coll, Hyderabad",OPHTHALMOLOGY,"₹25,000*","₹58,289",1,"₹20,00,000",4800,4702(1),4702(1),4826(1),4826(1),4826(1),4826(1),-,-,3489(1),3489(1),-,-,-
Tel Govt-Serv LOC,OPEN-GEN,Telangana,"Bhaskar Med Coll, Yenkapally",GENERAL MEDICINE,"₹7,50,000*",Info not available*,1*,"₹20,00,000*",850,-,-,-,-,-,-,-,-,3489(1),3489(1),-,-,-
Tel Govt-Serv LOC,OPEN-GEN,Telangana,"Mamata AcadofMedSci,Bachupally",PAEDIATRICS,"₹7,50,000*",Info not available*,1*,"₹20,00,000*",-,-,-,-,-,-,-,-,-,3490(1),3490(1),-,-,-
Tel Govt-NS LOC,BCB-GEN,Telangana,"Osmania Med Coll, Hyderabad",PHYSIOLOGY,"₹25,000*","₹58,289",1,"₹20,00,000",4800,-,-,-,-,-,-,3093(1),-,3491(1),3525(1),-,-,-
Tel Govt-NS LOC,BCB-FEM,Telangana,"Prathima IMS, Karimnagar",SPM,"₹4,62,250*",Info not available*,1*,"₹20,00,000*",1060,-,-,-,-,-,-,-,-,3493(1),-,-,3598(1),-
Tel Govt-NS LOC,OPEN-GEN,Telangana,"Kamineni (KAMSRC), Hyderabad",PHARMACOLOGY,"₹4,30,000*",Info not available*,1*,"₹20,00,000*",650,-,-,5305(1),4968(1),-,-,3296(1),3093(1),3496(1),-,-,-,-
Tel Govt-Serv LOC,SC-GEN,Telangana,"Osmania Med Coll, Hyderabad",ANAESTHESIOLOGY,"₹25,000*","₹58,289",1,"₹20,00,000",4800,-,-,4930(1),4930(1),4930(1),4930(1),-,-,3498(1),3498(1),-,-,-
Tel Govt-Serv LOC,OPEN-FEM,Telangana,"Osmania Med Coll, Hyderabad",GENERAL SURGERY,"₹25,000*","₹58,289",1,"₹20,00,000",4800,-,-,4878(1),4878(1),4878(1),4878(1),-,-,3499(1),3499(1),-,-,-
Tel Govt-Serv LOC,OPEN-GEN,Telangana,"Apollo IMSR, Hyderabad",TBRD,"₹7,50,000*",Info not available*,1*,"₹20,00,000*",570,-,-,-,-,-,-,-,-,3499(1),3499(1),-,-,-
Tel Govt-Serv LOC,ST-FEM,Telangana,"Mamata Med Coll, Khammam",PAEDIATRICS,"₹7,50,000*",Info not available*,1*,"₹20,00,000*",1080,-,-,-,-,-,-,-,-,3500(1),3500(1),-,-,-
Tel Govt-NS LOC,OPEN-GEN-PHO,Telangana,"Apollo IMSR, Hyderabad",OPHTHALMOLOGY,"₹7,50,000*",Info not available*,1*,"₹20,00,000*",570,-,-,-,-,-,-,-,-,3500(1),3500(1),-,-,-
Tel Govt-NS LOC,SC-FEM,Telangana,"Govt Med Coll, Siddipet",MICROBIOLOGY,"₹25,000*","₹58,289",1,"₹20,00,000",780,-,-,-,-,-,-,-,-,3504(1),3549(1),-,-,-
Tel Govt-NS LOC,BCB-GEN,Telangana,"Osmania Med Coll, Hyderabad",BIOCHEMISTRY,"₹25,000*","₹58,289",1,"₹20,00,000",4800,-,-,-,-,-,-,2718(1),2797(1),3506(1),3555(1),-,-,-
Tel Govt-NS LOC,OPEN-GEN,Telangana,"Govt Med Coll, Siddipet",PHYSIOLOGY,"₹25,000*","₹58,289",1,"₹20,00,000",780,-,-,-,-,-,-,3197(1),3038(1),3507(1),-,-,-,-
Tel Govt-NS LOC,SC-FEM,Telangana,"Govt Med Coll, Nizamabad",FORENSIC MEDICINE,"₹25,000*","₹58,289",1,"₹20,00,000",500,-,-,-,-,-,-,-,-,3508(1),3398(1),-,-,-
Tel Govt-NS LOC,BCA-GEN,Telangana,"Gandhi Med Coll, Secunderabad",PHARMACOLOGY,"₹25,000*","₹58,289",1,"₹20,00,000",1200,-,-,-,-,-,-,3071(1),1690(1),3518(1),3518(1),-,-,-
Tel Govt-NS LOC,OPEN-FEM,Telangana,"Govt Med Coll, Mahabubnagar",BIOCHEMISTRY,"₹25,000*","₹58,289",1,"₹20,00,000",900,-,-,-,-,-,-,-,-,3519(1),-,-,3590(1),-
Tel Govt-Serv LOC,BCB-GEN,Telangana,"Rajiv Gandhi IMS, Adilabad",OPHTHALMOLOGY,"₹25,000*","₹58,289",1,"₹20,00,000",Info Not Available,-,-,-,-,-,-,-,-,3520(1),3520(1),-,-,-
Tel Govt-Serv LOC,OPEN-GEN,Telangana,"Osmania Med Coll, Hyderabad",GENERAL SURGERY,"₹25,000*","₹58,289",1,"₹20,00,000",4800,4522(1),4522(1),4589(1),4589(1),4589(1),4589(1),-,-,3521(1),3521(1),-,-,-
Tel Govt-NS LOC,OPEN-GEN,Telangana,"Bhaskar Med Coll, Yenkapally",ANATOMY,"₹1,70,000*",Info not available*,1*,"₹20,00,000*",850,-,-,-,-,-,-,-,-,3522(1),-,-,-,-
Tel Govt-Serv LOC,OPEN-GEN,Telangana,"Govt Med Coll, Siddipet",BIOCHEMISTRY,"₹25,000*","₹58,289",1,"₹20,00,000",780,-,-,-,-,-,-,-,-,3523(1),3523(1),-,-,-
Tel Govt-NS LOC,OPEN-FEM,Telangana,"Mamata Med Coll, Khammam",FORENSIC MEDICINE,"₹4,30,000*",Info not available*,1*,"₹20,00,000*",1080,-,-,-,-,-,-,3201(1),2943(1),3526(1),-,-,3585(1),-
Tel Govt-Serv LOC,BCA-GEN,Telangana,"Osmania Med Coll, Hyderabad",RADIATION ONCOLOGY,"₹25,000*","₹58,289",1,"₹20,00,000",4800,-,-,-,-,-,-,-,-,3528(1),3528(1),-,-,-
Tel Govt-NS LOC,OPEN-GEN,Telangana,"Surabhi InstituteofMS,Siddipet",MICROBIOLOGY,"₹4,30,000*",Info not available*,1*,"₹20,00,000*",-,-,-,5541(2),-,-,-,-,-,3530(1),-,-,-,-
Tel Govt-Serv LOC,ST-GEN,Telangana,"Gandhi Med Coll, Secunderabad",ANAESTHESIOLOGY,"₹25,000*","₹58,289",1,"₹20,00,000",1200,-,-,-,-,-,-,-,-,3531(1),3531(1),-,-,-
Tel Govt-NS LOC,SC-GEN,Telangana,"SVS Med Coll, Mehboobnagar",PATHOLOGY,"₹4,60,000*",Info not available*,1*,"₹20,00,000*",760,-,-,-,-,-,-,-,-,3533(1),2914(1),-,-,-
Tel Govt-Serv LOC,MIN-FEM-MSM,Telangana,"Shadan IMSRC, Peerancheru",RADIO DIAGNOSIS,"₹7,50,000*",Info not available*,1*,"₹20,00,000*",800,-,-,-,-,-,-,-,-,3534(1),3534(1),-,-,-
Tel Govt-Serv LOC,OPEN-GEN,Telangana,"Kakatiya Med Coll, Warangal",GENERAL SURGERY,"₹25,000*","₹58,289",1,"₹20,00,000",1150,-,-,-,-,-,-,-,-,3534(1),3534(1),-,-,-
Tel Govt-Serv LOC,BCB-GEN,Telangana,"Surabhi InstituteofMS,Siddipet",GENERAL MEDICINE,"₹7,75,000*",Info not available*,1*,"₹20,00,000*",-,-,-,-,-,-,-,-,-,3534(1),3534(1),-,-,-
Tel Govt-Serv LOC,BCD-GEN,Telangana,"Kamineni IMS, Narketpally",DERMATOLOGY,"₹7,50,000*",Info not available*,1*,"₹20,00,000*",1060,-,-,-,-,-,-,-,-,3534(1),3534(1),-,-,-
Tel Govt-NS LOC,MIN-GEN-MSM,Telangana,"Shadan IMSRC, Peerancheru",PHYSIOLOGY,"₹2,00,000*",Info not available*,1*,"₹20,00,000*",800,4577(1),4577(1),4649(1),4649(1),4649(1),4649(1),-,-,3536(1),3536(1),-,-,-
Tel Govt-Serv LOC,OPEN-FEM,Telangana,"Mamata AcadofMedSci,Bachupally",RADIO DIAGNOSIS,"₹7,50,000*",Info not available*,1*,"₹20,00,000*",-,-,-,-,-,-,-,-,-,3536(1),3536(1),-,-,-
Tel Govt-NS LOC,MIN-FEM-MSM,Telangana,"DrVRK Womens MedColl,Aziznagar",BIOCHEMISTRY,"₹1,70,000*",Info not available*,1*,"₹20,00,000*",500,-,-,-,-,-,-,-,-,3537(1),3537(1),-,-,-
Tel Govt-NS LOC,SC-GEN,Telangana,"Kamineni (KAMSRC), Hyderabad",PATHOLOGY,"₹4,30,000*",Info not available*,1*,"₹20,00,000*",650,-,-,-,-,-,-,-,-,3538(1),1825(1),-,-,-
Tel Govt-NS LOC,ST-FEM,Telangana,"Gandhi Med Coll, Secunderabad",SPM,"₹25,000*","₹58,289",1,"₹20,00,000",1200,-,-,-,-,-,-,-,-,3539(1),3539(1),-,-,-
Tel Govt-NS LOC,ST-GEN,Telangana,"ESIC Med Coll,Sanath Nagar",SPM,"₹2,50,000*","₹1,26,927*",2*,"₹10,00,000*",690,-,-,-,-,-,-,-,-,3541(1),3541(1),-,-,-
Tel Govt-NS LOC,ST-GEN,Telangana,"MNR Med Coll, Sangareddy",ANAESTHESIOLOGY,"₹7,00,000*",Info not available*,1*,"₹20,00,000*",760,-,-,-,-,-,-,3217(1),-,3543(1),2849(1),-,-,-
Tel Govt-Serv LOC,OPEN-GEN,Telangana,"Kakatiya Med Coll, Warangal",ANAESTHESIOLOGY,"₹25,000*","₹58,289",1,"₹20,00,000",1150,-,-,-,-,-,-,-,-,3545(1),3545(1),-,-,-
Tel Govt-NS LOC,BCD-FEM,Telangana,"MNR Med Coll, Sangareddy",ANATOMY,"₹1,89,000*",Info not available*,1*,"₹20,00,000*",760,-,-,-,-,-,-,-,-,3547(1),-,-,-,-
Tel Govt-NS LOC,BCE-GEN,Telangana,"Govt Med Coll, Nalgonda",FORENSIC MEDICINE,"₹25,000*","₹58,289",1,"₹20,00,000",580,-,-,-,-,-,-,-,3257(1),3548(1),3548(1),-,-,-
Tel Govt-Serv LOC,OPEN-GEN,Telangana,"Apollo IMSR, Hyderabad",GENERAL MEDICINE,"₹7,50,000*",Info not available*,1*,"₹20,00,000*",570,-,-,-,-,-,-,-,-,3554(1),3554(1),-,-,-
Tel Govt-Serv LOC,OPEN-GEN,Telangana,"Osmania Med Coll, Hyderabad",ORTHOPAEDICS,"₹25,000*","₹58,289",1,"₹20,00,000",4800,-,-,-,-,-,-,-,-,3554(1),3554(1),-,-,-
Tel Govt-Serv LOC,MIN-GEN-MSM,Telangana,"Shadan IMSRC, Peerancheru",GENERAL MEDICINE,"₹7,50,000*",Info not available*,1*,"₹20,00,000*",800,-,-,-,-,-,-,-,-,3559(1),3559(1),-,-,-
Tel Govt-NS LOC,ST-GEN,Telangana,"Govt Med Coll, Nizamabad",FORENSIC MEDICINE,"₹25,000*","₹58,289",1,"₹20,00,000",500,-,-,-,-,-,-,-,-,3560(1),3560(1),-,-,-
Tel Govt-Serv LOC,BCE-GEN,Telangana,"Govt Med Coll, Nizamabad",GENERAL MEDICINE,"₹25,000*","₹58,289",1,"₹20,00,000",500,-,-,-,-,-,-,-,-,3560(1),3560(1),-,-,-
Tel Govt-Serv LOC,ST-GEN,Telangana,"Dr Patnam MRInstofMS,Chevella",GENERAL MEDICINE,"₹7,00,000*",Info not available*,1*,"₹20,00,000*",-,-,-,-,-,-,-,-,-,3561(1),3561(1),-,-,-
Tel Govt-NS LOC,ST-GEN,Telangana,"Dr Patnam MRInstofMS,Chevella",ANAESTHESIOLOGY,"₹7,00,000*",Info not available*,1*,"₹20,00,000*",-,4760(1),-,-,4549(2),4512(2),4512(2),-,-,3563(1),3563(1),-,-,-
Tel Govt-Serv LOC,ST-GEN,Telangana,"Kakatiya Med Coll, Warangal",GENERAL SURGERY,"₹25,000*","₹58,289",1,"₹20,00,000",1150,-,-,-,-,-,-,-,-,3563(1),3563(1),-,-,-
Tel Govt-Serv LOC,OPEN-GEN,Telangana,"SVS Med Coll, Mehboobnagar",PATHOLOGY,"₹4,60,000*",Info not available*,1*,"₹20,00,000*",760,-,-,-,-,-,-,-,-,3563(1),3563(1),-,-,-
Tel Govt-Serv LOC,ST-FEM,Telangana,"Mahavir Inst of MS, Vikarabad",RADIO DIAGNOSIS,"₹7,00,000*",Info not available*,1*,"₹20,00,000*",700,-,-,-,-,-,-,-,-,3563(1),3563(1),-,-,-
Tel Govt-NS LOC,OPEN-GEN,Telangana,"Dr Patnam MRInstofMS,Chevella",RADIO DIAGNOSIS,"₹7,00,000*",Info not available*,1*,"₹20,00,000*",-,-,-,751(1),751(1),751(1),751(1),-,-,-,517(1),-,-,-
Tel Govt-NS LOC,BCB-GEN,Telangana,"Dr Patnam MRInstofMS,Chevella",RADIO DIAGNOSIS,"₹7,00,000*",Info not available*,1*,"₹20,00,000*",-,-,-,-,-,-,-,-,-,-,687(1),-,-,-
Tel Govt-NS LOC,OPEN-GEN,Telangana,"Mediciti IMS, Ghanpur",PAEDIATRICS,"₹7,00,000*",Info not available*,1*,"₹20,00,000*",720,-,-,-,-,-,-,-,-,-,756(1),-,-,-
Tel Govt-NS LOC,OPEN-GEN,Telangana,"Apollo IMSR, Hyderabad",OPHTHALMOLOGY,"₹7,50,000*",Info not available*,1*,"₹20,00,000*",570,-,-,-,2914(1),2959(1),2959(1),-,890(1),-,-,-,-,-
Tel Govt-NS LOC,BCD-GEN,Telangana,"Mediciti IMS, Ghanpur",PAEDIATRICS,"₹7,00,000*",Info not available*,1*,"₹20,00,000*",720,-,-,-,-,-,-,-,-,-,1180(1),-,-,-
Tel Govt-NS LOC,OPEN-GEN,Telangana,"Dr Patnam MRInstofMS,Chevella",OPHTHALMOLOGY,"₹7,00,000*",Info not available*,1*,"₹20,00,000*",-,-,-,2864(1),2864(1),2864(1),2864(1),-,-,-,1751(1),-,-,-
Tel Govt-NS LOC,ST-FEM,Telangana,"Surabhi InstituteofMS,Siddipet",ANAESTHESIOLOGY,"₹7,75,000*",Info not available*,1*,"₹20,00,000*",-,-,-,-,-,-,-,-,-,-,1852(1),-,-,-
Tel Govt-NS LOC,OPEN-GEN,Telangana,"Dr Patnam MRInstofMS,Chevella",PSYCHIATRY,"₹7,00,000*",Info not available*,1*,"₹20,00,000*",-,-,-,3710(1),3710(1),3710(1),3710(1),-,-,-,2157(1),-,-,-
Tel Govt-NS LOC,ST-FEM,Telangana,"Mamata AcadofMedSci,Bachupally",ORTHOPAEDICS,"₹7,50,000*",Info not available*,1*,"₹20,00,000*",-,-,-,-,-,-,-,-,-,-,2248(1),-,-,-
Tel Govt-NS LOC,ST-GEN,Telangana,"NIMS, Hyderabad",BIOCHEMISTRY,"₹72,000*","₹1,11,780",1,"₹50,00,000",1498,4748(1),-,5338(1),5528(1),5528(1),5528(1),-,-,-,2261(1),-,-,-
Tel Govt-NS LOC,SC-FEM,Telangana,"MNR Med Coll, Sangareddy",OBG,"₹7,00,000*",Info not available*,1*,"₹20,00,000*",760,-,-,-,-,-,-,1995(1),1995(1),-,2285(1),-,-,-
Tel Govt-NS LOC,ST-FEM,Telangana,"Kamineni (KAMSRC), Hyderabad",PATHOLOGY,"₹4,30,000*",Info not available*,1*,"₹20,00,000*",650,-,-,-,-,-,-,-,-,-,2542(1),-,-,-
Tel Govt-NS LOC,OPEN-GEN,Telangana,"Mamata Med Coll, Khammam",PSYCHIATRY,"₹7,50,000*",Info not available*,1*,"₹20,00,000*",1080,-,2689(1),3163(1),3163(1),3163(1),3163(1),-,-,-,-,2805(1),-,-
Tel Govt-NS LOC,BCA-FEM,Telangana,"Osmania Med Coll, Hyderabad",PHARMACOLOGY,"₹25,000*","₹58,289",1,"₹20,00,000",4800,-,-,-,-,-,-,-,-,-,2884(1),-,-,-
Tel Govt-NS LOC,ST-FEM,Telangana,"Prathima IMS, Karimnagar",ANAESTHESIOLOGY,"₹7,50,000*",Info not available*,1*,"₹20,00,000*",1060,-,-,-,4501(1),4501(1),4501(1),-,-,-,2913(1),-,-,-
Tel Govt-NS LOC,ST-FEM,Telangana,"Mamata Med Coll, Khammam",PATHOLOGY,"₹4,30,000*",Info not available*,1*,"₹20,00,000*",1080,-,-,-,-,-,-,-,-,-,2917(1),-,-,-
Tel Govt-NS LOC,ST-GEN,Telangana,"Gandhi Med Coll, Secunderabad",PHARMACOLOGY,"₹25,000*","₹58,289",1,"₹20,00,000",1200,-,-,-,-,-,-,-,-,-,2933(1),-,-,-
Tel Govt-NS LOC,SC-FEM,Telangana,"Kamineni IMS, Narketpally",PATHOLOGY,"₹4,30,000*",Info not available*,1*,"₹20,00,000*",1060,-,-,-,-,-,-,-,-,-,2960(1),-,-,-
Tel Govt-NS LOC,ST-GEN,Telangana,"Mamata Med Coll, Khammam",PATHOLOGY,"₹4,30,000*",Info not available*,1*,"₹20,00,000*",1080,-,-,-,-,-,-,-,-,-,2966(1),-,-,-
Tel Govt-NS LOC,ST-GEN,Telangana,"Dr Patnam MRInstofMS,Chevella",ENT,"₹7,00,000*",Info not available*,1*,"₹20,00,000*",-,-,-,-,-,-,-,-,-,-,2983(1),-,-,-
Tel Govt-NS LOC,ST-GEN,Telangana,"Dr Patnam MRInstofMS,Chevella",OPHTHALMOLOGY,"₹7,00,000*",Info not available*,1*,"₹20,00,000*",-,-,-,-,-,-,-,-,-,-,3061(1),-,-,-
Tel Govt-NS LOC,ST-GEN,Telangana,"MNR Med Coll, Sangareddy",ENT,"₹7,00,000*",Info not available*,1*,"₹20,00,000*",760,-,-,-,-,-,-,-,-,-,3155(1),-,-,-
Tel Govt-NS LOC,SC-FEM,Telangana,"MNR Med Coll, Sangareddy",MICROBIOLOGY,"₹4,46,500*",Info not available*,1*,"₹20,00,000*",760,-,-,-,-,-,-,-,-,-,3163(1),-,-,-
Tel Govt-NS LOC,BCD-FEM,Telangana,"Govt Med Coll, Suryapet",MICROBIOLOGY,"₹25,000*","₹58,289",1,"₹20,00,000",580,-,-,-,-,-,-,-,-,-,-,3167(1),-,-
Tel Govt-NS LOC,ST-GEN,Telangana,"Prathima IMS, Karimnagar",ENT,"₹7,50,000*",Info not available*,1*,"₹20,00,000*",1060,-,-,-,-,-,-,3207(1),-,-,2802(1),-,-,-
Tel Govt-NS LOC,ST-FEM,Telangana,"Kamineni (KAMSRC), Hyderabad",SPM,"₹4,30,000*",Info not available*,1*,"₹20,00,000*",650,-,-,-,-,-,-,-,-,-,3211(1),-,-,-
Tel Govt-NS LOC,ST-FEM,Telangana,"Surabhi InstituteofMS,Siddipet",ORTHOPAEDICS,"₹7,75,000*",Info not available*,1*,"₹20,00,000*",-,-,-,-,-,-,-,-,-,-,3214(1),-,-,-
Tel Govt-NS LOC,ST-FEM,Telangana,"CAIMS, Karimnagar",ANAESTHESIOLOGY,"₹7,75,000*",Info not available*,1*,"₹20,00,000*",1000,4740(1),-,-,3674(1),3674(1),3674(1),3080(1),-,-,3243(2),-,-,-
Tel Govt-NS LOC,ST-FEM,Telangana,"Mediciti IMS, Ghanpur",TBRD,"₹7,00,000*",Info not available*,1*,"₹20,00,000*",720,4160(1),4345(1),4981(1),4981(1),4981(1),4981(1),3144(1),3144(1),-,3246(1),-,-,-
Tel Govt-NS LOC,ST-GEN,Telangana,"Osmania Med Coll, Hyderabad",BIOCHEMISTRY,"₹25,000*","₹58,289",1,"₹20,00,000",4800,-,-,-,-,-,-,-,-,-,3258(1),-,-,-
Tel Govt-NS LOC,SC-FEM,Telangana,"Dr Patnam MRInstofMS,Chevella",PATHOLOGY,"₹4,30,000*",Info not available*,1*,"₹20,00,000*",-,4100(1),4609(1),5186(1),5357(1),5357(1),5357(1),-,-,-,3260(1),-,-,-
Tel Govt-NS LOC,ST-GEN,Telangana,"Kakatiya Med Coll, Warangal",MICROBIOLOGY,"₹25,000*","₹58,289",1,"₹20,00,000",1150,-,-,-,-,-,-,-,-,-,3262(1),-,-,-
Tel Govt-NS LOC,ST-GEN,Telangana,"Kakatiya Med Coll, Warangal",PHARMACOLOGY,"₹25,000*","₹58,289",1,"₹20,00,000",1150,-,-,-,-,-,-,-,-,-,3263(1),-,-,-
Tel Govt-NS LOC,ST-GEN,Telangana,"Gandhi Med Coll, Secunderabad",MICROBIOLOGY,"₹25,000*","₹58,289",1,"₹20,00,000",1200,-,-,-,-,-,-,-,-,-,3271(1),-,-,-
Tel Govt-NS LOC,OPEN-GEN-PHO,Telangana,"NIMS, Hyderabad",ANAESTHESIOLOGY,"₹72,000*","₹1,11,780",1,"₹50,00,000",1498,-,-,-,-,-,-,3284(1),-,-,-,-,-,-
Tel Govt-NS LOC,SC-GEN-PHO,Telangana,"Mediciti IMS, Ghanpur",GENERAL MEDICINE,"₹7,00,000*",Info not available*,1*,"₹20,00,000*",720,-,-,-,-,-,-,-,3284(1),-,-,-,-,-
Tel Govt-NS LOC,OPEN-GEN,Telangana,"Maheshwara Med Coll, Medak",MICROBIOLOGY,"₹4,30,000*",Info not available*,1*,"₹20,00,000*",745,-,-,-,-,-,-,3295(1),2618(1),-,-,-,-,-
Tel Govt-NS LOC,SC-GEN,Telangana,"Govt Med Coll, Nalgonda",BIOCHEMISTRY,"₹25,000*","₹58,289",1,"₹20,00,000",580,-,-,-,-,-,-,3298(1),-,-,-,-,-,-
Tel Govt-NS LOC,ST-FEM,Telangana,"Kakatiya Med Coll, Warangal",PATHOLOGY,"₹25,000*","₹58,289",1,"₹20,00,000",1150,-,-,-,4977(1),4977(1),4977(1),3299(1),3299(1),-,2547(1),-,-,-
Tel Govt-NS LOC,SC-FEM,Telangana,"Govt Med Coll, Mahabubnagar",PHARMACOLOGY,"₹25,000*","₹58,289",1,"₹20,00,000",900,-,-,-,-,-,-,3314(1),3314(1),-,-,-,-,-
Tel Govt-NS LOC,OPEN-GEN,Telangana,"Mahavir Inst of MS, Vikarabad",PATHOLOGY,"₹4,30,000*",Info not available*,1*,"₹20,00,000*",700,-,-,-,-,-,-,-,-,-,3340(1),-,-,-
Tel Govt-NS LOC,BCD-FEM,Telangana,"Govt Med Coll, Suryapet",PHARMACOLOGY,"₹25,000*","₹58,289",1,"₹20,00,000",580,-,-,-,-,-,-,-,-,-,3350(1),-,-,-
Tel Govt-NS LOC,SC-FEM,Telangana,"Govt Med Coll, Nalgonda",PHARMACOLOGY,"₹25,000*","₹58,289",1,"₹20,00,000",580,-,-,-,-,-,-,-,-,-,3358(1),-,-,-
Tel Govt-NS LOC,ST-FEM,Telangana,"Kakatiya Med Coll, Warangal",BIOCHEMISTRY,"₹25,000*","₹58,289",1,"₹20,00,000",1150,-,-,-,-,-,-,-,-,-,3378(1),-,-,-
Tel Govt-NS LOC,ST-GEN,Telangana,"Kamineni IMS, Narketpally",HOSPITAL ADMINISTRATION,"₹2,16,000*",Info not available*,1*,"₹20,00,000*",1060,-,-,5667(1),5074(1),5438(1),5447(1),-,-,-,2695(1),3400(1),-,-
Tel Govt-NS LOC,ST-FEM,Telangana,"ESIC Med Coll,Sanath Nagar",ANATOMY,"₹2,50,000*","₹1,26,927*",2*,"₹10,00,000*",690,-,-,-,-,-,-,-,-,-,3403(1),-,-,-
Tel Govt-NS LOC,ST-GEN,Telangana,"Kakatiya Med Coll, Warangal",ANATOMY,"₹25,000*","₹58,289",1,"₹20,00,000",1150,-,-,-,-,-,-,-,-,-,-,-,-,3424(1)
Tel Govt-NS LOC,ST-FEM,Telangana,"Govt Med Coll, Nalgonda",MICROBIOLOGY,"₹25,000*","₹58,289",1,"₹20,00,000",580,-,-,-,-,-,-,-,-,-,3466(1),-,-,-
Tel Govt-NS LOC,BCD-GEN,Telangana,"Rajiv Gandhi IMS, Adilabad",FORENSIC MEDICINE,"₹25,000*","₹58,289",1,"₹20,00,000",Info Not Available,-,-,-,-,-,-,3180(1),3180(1),-,-,3475(1),-,-
Tel Govt-NS LOC,ST-FEM,Telangana,"ESIC Med Coll,Sanath Nagar",PHYSIOLOGY,"₹2,50,000*","₹1,26,927*",2*,"₹10,00,000*",690,-,-,-,-,-,-,-,-,-,3491(1),-,-,-
Tel Govt-NS LOC,SC-GEN,Telangana,"Bhaskar Med Coll, Yenkapally",PHARMACOLOGY,"₹4,30,000*",Info not available*,1*,"₹20,00,000*",850,-,-,-,-,-,-,-,-,-,3496(1),-,-,-
Tel Govt-NS LOC,BCA-GEN,Telangana,"Kakatiya Med Coll, Warangal",BIOCHEMISTRY,"₹25,000*","₹58,289",1,"₹20,00,000",1150,-,-,-,-,-,-,-,-,-,3519(1),-,-,-
Tel Govt-NS LOC,SC-GEN,Telangana,"Dr Patnam MRInstofMS,Chevella",PSYCHIATRY,"₹7,00,000*",Info not available*,1*,"₹20,00,000*",-,-,-,-,-,-,-,-,-,-,3533(1),-,-,-
Tel Govt-NS LOC,BCD-GEN,Telangana,"Kakatiya Med Coll, Warangal",PHYSIOLOGY,"₹25,000*","₹58,289",1,"₹20,00,000",1150,-,-,-,-,-,-,-,-,-,3540(1),-,-,-
Tel Govt-NS LOC,ST-FEM,Telangana,"RVM IMSRC, Siddipet",GENERAL SURGERY,"₹7,00,000*",Info not available*,1*,"₹20,00,000*",1110,-,-,-,-,-,-,-,-,-,3545(1),-,-,-
Tel Govt-NS LOC,BCB-GEN,Telangana,"MNR Med Coll, Sangareddy",PHARMACOLOGY,"₹4,46,500*",Info not available*,1*,"₹20,00,000*",760,-,-,-,-,-,-,-,-,-,-,-,-,3557(1)
Tel Govt-NS LOC,OPEN-FEM,Telangana,"Prathima IMS, Karimnagar",ANATOMY,"₹1,87,000*",Info not available*,1*,"₹20,00,000*",1060,-,-,-,-,-,-,-,-,-,-,-,3567(1),-
Tel Govt-NS LOC,OPEN-GEN,Telangana,"Govt Med Coll, Nizamabad",ANATOMY,"₹25,000*","₹58,289",1,"₹20,00,000",500,-,-,5316(1),-,-,-,3269(1),3269(1),-,-,-,3570(1),-
Tel Govt-NS LOC,OPEN-GEN,Telangana,"Mahavir Inst of MS, Vikarabad",SPM,"₹4,30,000*",Info not available*,1*,"₹20,00,000*",700,-,-,-,-,-,-,-,-,-,-,-,3575(1),-
Tel Govt-NS LOC,OPEN-GEN,Telangana,"Prathima IMS, Karimnagar",BIOCHEMISTRY,"₹1,87,000*",Info not available*,1*,"₹20,00,000*",1060,-,-,-,-,-,-,-,-,-,-,-,3577(1),-
Tel Govt-NS LOC,MIN-FEM-MSM,Telangana,"DrVRK Womens MedColl,Aziznagar",SPM,"₹4,30,000*",Info not available*,1*,"₹20,00,000*",500,-,-,5536(1),5536(1),5536(1),5536(1),-,-,-,-,-,3581(1),-
Tel Govt-NS LOC,SC-GEN,Telangana,"Osmania Med Coll, Hyderabad",ANATOMY,"₹25,000*","₹58,289",1,"₹20,00,000",4800,-,-,-,-,-,-,-,-,-,-,-,3583(1),-
Tel Govt-NS LOC,SC-FEM,Telangana,"CAIMS, Karimnagar",SPM,"₹4,30,000*",Info not available*,1*,"₹20,00,000*",1000,4615(1),-,-,5485(1),5485(1),5485(1),-,3109(1),-,-,-,3589(1),-
Tel Govt-NS LOC,BCB-GEN,Telangana,"Mahavir Inst of MS, Vikarabad",FORENSIC MEDICINE,"₹4,30,000*",Info not available*,1*,"₹20,00,000*",700,-,-,-,-,-,-,-,-,-,-,-,3592(1),-
Tel Govt-NS LOC,BCB-GEN,Telangana,"Govt Med Coll, Suryapet",BIOCHEMISTRY,"₹25,000*","₹58,289",1,"₹20,00,000",580,-,-,-,-,-,-,-,-,-,-,-,3593(1),-
Tel Govt-NS LOC,BCE-GEN,Telangana,"Govt Med Coll, Suryapet",PHYSIOLOGY,"₹25,000*","₹58,289",1,"₹20,00,000",580,-,-,-,-,-,-,-,-,-,-,-,3595(1),-
Tel Govt-NS LOC,OPEN-GEN,Telangana,"Mediciti IMS, Ghanpur",PHYSIOLOGY,"₹1,70,000*",Info not available*,1*,"₹20,00,000*",720,-,-,-,-,-,-,-,-,-,-,-,3596(1),-
Tel Govt-NS UNR,OPEN-GEN,Telangana,"NIMS, Hyderabad",RADIO DIAGNOSIS,"₹72,000*","₹1,11,780",1,"₹50,00,000",1498,3(1),3(1),3(1),3(1),3(1),3(1),-,-,-,-,-,-,-
Tel Govt-NS UNR,OPEN-GEN,Telangana,"NIMS, Hyderabad",GENERAL MEDICINE,"₹72,000*","₹1,11,780",1,"₹50,00,000",1498,4(1),10(1),10(1),10(1),10(1),10(1),-,-,-,-,-,-,-
Tel Govt-NS UNR,BCB-GEN,Telangana,"Osmania Med Coll, Hyderabad",RADIO DIAGNOSIS,"₹25,000*","₹58,289",1,"₹20,00,000",4800,-,57(1),57(1),57(1),57(1),57(1),-,-,-,-,-,-,-
Tel Govt-NS LOC,BCB-GEN,Telangana,"Osmania Med Coll, Hyderabad",GENERAL MEDICINE,"₹25,000*","₹58,289",1,"₹20,00,000",4800,58(1),58(1),58(1),58(1),58(1),58(1),-,-,-,-,-,-,-
Tel Govt-NS LOC,BCD-GEN,Telangana,"NIMS, Hyderabad",GENERAL MEDICINE,"₹72,000*","₹1,11,780",1,"₹50,00,000",1498,77(1),77(1),77(1),77(1),77(1),77(1),-,-,-,-,-,-,-
Tel Govt-NS LOC,OPEN-GEN,Telangana,"Kakatiya Med Coll, Warangal",RADIO DIAGNOSIS,"₹25,000*","₹58,289",1,"₹20,00,000",1150,83(1),83(1),83(1),83(1),83(1),83(1),-,-,-,-,-,-,-
Tel Govt-NS UNR,BCB-FEM,Telangana,"Gandhi Med Coll, Secunderabad",GENERAL MEDICINE,"₹25,000*","₹58,289",1,"₹20,00,000",1200,97(1),97(1),97(1),97(1),97(1),97(1),-,-,-,-,-,-,-
Tel Govt-NS UNR,OPEN-FEM,Telangana,"Osmania Med Coll, Hyderabad",PAEDIATRICS,"₹25,000*","₹58,289",1,"₹20,00,000",4800,102(1),102(1),102(1),102(1),102(1),102(1),-,-,-,-,-,-,-
Tel Govt-NS UNR,OPEN-GEN,Telangana,"Gandhi Med Coll, Secunderabad",GENERAL SURGERY,"₹25,000*","₹58,289",1,"₹20,00,000",1200,105(1),105(1),105(1),105(1),105(1),105(1),-,-,-,-,-,-,-
Tel Govt-NS LOC,BCD-FEM,Telangana,"Osmania Med Coll, Hyderabad",GENERAL MEDICINE,"₹25,000*","₹58,289",1,"₹20,00,000",4800,115(1),115(1),115(1),115(1),115(1),115(1),-,-,-,-,-,-,-
Tel Govt-NS LOC,BCB-GEN,Telangana,"Gandhi Med Coll, Secunderabad",RADIO DIAGNOSIS,"₹25,000*","₹58,289",1,"₹20,00,000",1200,127(1),127(1),127(1),127(1),127(1),127(1),-,-,-,-,-,-,-
Tel Govt-NS UNR,OPEN-GEN,Telangana,"Osmania Med Coll, Hyderabad",DERMATOLOGY,"₹25,000*","₹58,289",1,"₹20,00,000",4800,43(1),128(1),52(1),52(1),52(1),52(1),-,-,-,-,-,-,-
Tel Govt-NS LOC,BCB-FEM,Telangana,"NIMS, Hyderabad",GENERAL MEDICINE,"₹72,000*","₹1,11,780",1,"₹50,00,000",1498,70(1),132(1),132(1),132(1),132(1),132(1),-,-,-,-,-,-,-
Tel Govt-NS UNR,OPEN-FEM,Telangana,"Malla Reddy IMS, Hyderabad",RADIO DIAGNOSIS,-,-,-,-,940,170(1),170(1),170(1),170(1),170(1),170(1),-,-,-,-,-,-,-
Tel Govt-NS UNR,OPEN-GEN,Telangana,"Osmania Med Coll, Hyderabad",PAEDIATRICS,"₹25,000*","₹58,289",1,"₹20,00,000",4800,110(1),183(1),183(1),183(1),183(1),183(1),-,-,-,-,-,-,-
Tel Govt-NS LOC,BCE-GEN,Telangana,"Kakatiya Med Coll, Warangal",GENERAL MEDICINE,"₹25,000*","₹58,289",1,"₹20,00,000",1150,184(1),184(1),184(1),184(1),184(1),184(1),-,-,-,-,-,-,-
Tel Govt-NS LOC,OPEN-GEN,Telangana,"Apollo IMSR, Hyderabad",RADIO DIAGNOSIS,"₹7,50,000*",Info not available*,1*,"₹20,00,000*",570,213(1),223(1),223(1),223(1),223(1),223(1),-,-,-,-,-,-,-
Tel Govt-NS LOC,BCE-GEN,Telangana,"Osmania Med Coll, Hyderabad",DERMATOLOGY,"₹25,000*","₹58,289",1,"₹20,00,000",4800,234(1),234(1),234(1),234(1),234(1),234(1),-,-,-,-,-,-,-
Tel Govt-NS LOC,OPEN-GEN,Telangana,"Malla Reddy IMS, Hyderabad",RADIO DIAGNOSIS,-,-,-,-,940,160(2),227(2),248(2),248(2),248(2),248(2),-,-,-,-,-,-,-
Tel Govt-NS LOC,OPEN-FEM,Telangana,"Malla Reddy IMS, Hyderabad",GENERAL MEDICINE,-,-,-,-,940,255(1),255(1),255(1),255(1),255(1),255(1),-,-,-,-,-,-,-
Tel Govt-NS UNR,BCB-GEN,Telangana,"Kakatiya Med Coll, Warangal",GENERAL MEDICINE,"₹25,000*","₹58,289",1,"₹20,00,000",1150,-,275(1),275(1),275(1),275(1),275(1),-,-,-,-,-,-,-
Tel Govt-NS UNR,OPEN-FEM,Telangana,"Rajiv Gandhi IMS, Adilabad",GENERAL MEDICINE,"₹25,000*","₹58,289",1,"₹20,00,000",Info Not Available,-,238(1),279(1),279(1),279(1),279(1),-,-,-,-,-,-,-
Tel Govt-NS LOC,BCA-FEM,Telangana,"Osmania Med Coll, Hyderabad",PAEDIATRICS,"₹25,000*","₹58,289",1,"₹20,00,000",4800,282(1),282(1),282(1),282(1),282(1),282(1),-,-,-,-,-,-,-
Tel Govt-NS LOC,BCB-GEN,Telangana,"Kakatiya Med Coll, Warangal",GENERAL MEDICINE,"₹25,000*","₹58,289",1,"₹20,00,000",1150,132(1),284(1),284(1),284(1),284(1),284(1),-,-,-,-,-,-,-
Tel Govt-NS LOC,BCB-GEN,Telangana,"Govt Med Coll, Nizamabad",GENERAL MEDICINE,"₹25,000*","₹58,289",1,"₹20,00,000",500,210(1),285(1),285(1),285(1),285(1),285(1),-,-,-,-,-,-,-
Tel Govt-NS LOC,OPEN-FEM,Telangana,"SVS Med Coll, Mehboobnagar",RADIO DIAGNOSIS,"₹7,50,000*",Info not available*,1*,"₹20,00,000*",760,227(1),287(1),287(1),287(1),287(1),287(1),-,-,-,-,-,-,-
Tel Govt-NS LOC,BCE-GEN,Telangana,"Govt Med Coll, Nizamabad",GENERAL MEDICINE,"₹25,000*","₹58,289",1,"₹20,00,000",500,-,291(1),291(1),291(1),291(1),291(1),-,-,-,-,-,-,-
Tel Govt-NS LOC,BCB-GEN,Telangana,"Malla Reddy IMS, Hyderabad",RADIO DIAGNOSIS,-,-,-,-,940,302(1),302(1),302(1),302(1),302(1),302(1),-,-,-,-,-,-,-
Tel Govt-NS LOC,OPEN-GEN,Telangana,"Malla Reddy(Women), Hyderabad",RADIO DIAGNOSIS,-,-,-,-,1050,312(1),312(1),312(1),312(1),312(1),312(1),-,-,-,-,-,-,-
Tel Govt-NS UNR,OPEN-FEM,Telangana,"Osmania Med Coll, Hyderabad",OBG,"₹25,000*","₹58,289",1,"₹20,00,000",4800,337(1),337(1),337(1),337(1),337(1),337(1),-,-,-,-,-,-,-
Tel Govt-NS LOC,OPEN-GEN,Telangana,"Rajiv Gandhi IMS, Adilabad",GENERAL MEDICINE,"₹25,000*","₹58,289",1,"₹20,00,000",Info Not Available,209(1),269(1),346(1),346(1),346(1),346(1),-,-,-,-,-,-,-
Tel Govt-NS LOC,BCA-GEN,Telangana,"Kamineni (KAMSRC), Hyderabad",RADIO DIAGNOSIS,"₹7,00,000*",Info not available*,1*,"₹20,00,000*",650,353(1),353(1),353(1),353(1),353(1),353(1),-,-,-,-,-,-,-
Tel Govt-NS UNR,OPEN-GEN,Telangana,"Gandhi Med Coll, Secunderabad",OBG,"₹25,000*","₹58,289",1,"₹20,00,000",1200,116(1),261(1),377(1),377(1),377(1),377(1),-,-,-,-,-,-,-
Tel Govt-NS LOC,SC-GEN,Telangana,"Gandhi Med Coll, Secunderabad",RADIO DIAGNOSIS,"₹25,000*","₹58,289",1,"₹20,00,000",1200,402(1),402(1),402(1),402(1),402(1),402(1),-,-,-,-,-,-,-
Tel Govt-NS LOC,OPEN-FEM,Telangana,"Kamineni (KAMSRC), Hyderabad",RADIO DIAGNOSIS,"₹7,00,000*",Info not available*,1*,"₹20,00,000*",650,248(1),248(1),409(1),409(1),409(1),409(1),-,-,-,-,-,-,-
Tel Govt-NS LOC,ST-GEN,Telangana,"NIMS, Hyderabad",RADIO DIAGNOSIS,"₹72,000*","₹1,11,780",1,"₹50,00,000",1498,415(1),415(1),415(1),415(1),415(1),415(1),-,-,-,-,-,-,-
Tel Govt-NS UNR,OPEN-GEN,Telangana,"Kakatiya Med Coll, Warangal",OBG,"₹25,000*","₹58,289",1,"₹20,00,000",1150,433(1),433(1),433(1),433(1),433(1),433(1),-,-,-,-,-,-,-
Tel Govt-NS UNR,OPEN-FEM,Telangana,"Kamineni (KAMSRC), Hyderabad",GENERAL MEDICINE,"₹7,00,000*",Info not available*,1*,"₹20,00,000*",650,331(1),441(1),441(1),441(1),441(1),441(1),-,-,-,-,-,-,-
Tel Govt-NS LOC,BCD-FEM,Telangana,"ESIC Med Coll,Sanath Nagar",GENERAL MEDICINE,"₹2,50,000*","₹1,26,927*",2*,"₹10,00,000*",690,-,443(1),443(1),443(1),443(1),443(1),-,-,-,-,-,-,-
Tel Govt-NS LOC,OPEN-GEN,Telangana,"ESIC Med Coll,Sanath Nagar",PAEDIATRICS,"₹2,50,000*","₹1,26,927*",2*,"₹10,00,000*",690,346(1),346(1),453(1),453(1),453(1),453(1),-,-,-,-,-,-,-
Tel Govt-NS LOC,BCD-FEM,Telangana,"Apollo IMSR, Hyderabad",RADIO DIAGNOSIS,"₹7,50,000*",Info not available*,1*,"₹20,00,000*",570,287(1),454(1),454(1),454(1),454(1),454(1),-,-,-,-,-,-,-
Tel Govt-NS LOC,BCB-GEN,Telangana,"Malla Reddy IMS, Hyderabad",GENERAL MEDICINE,-,-,-,-,940,468(1),468(1),468(1),468(1),468(1),468(1),-,-,-,-,-,-,-
Tel Govt-NS LOC,OPEN-GEN,Telangana,"ESIC Med Coll,Sanath Nagar",DERMATOLOGY,"₹2,50,000*","₹1,26,927*",2*,"₹10,00,000*",690,99(1),372(1),472(1),472(1),472(1),472(1),-,-,-,-,-,-,-
Tel Govt-NS LOC,BCD-FEM,Telangana,"Malla Reddy IMS, Hyderabad",GENERAL MEDICINE,-,-,-,-,940,487(1),487(1),487(1),487(1),487(1),487(1),-,-,-,-,-,-,-
Tel Govt-NS LOC,OPEN-FEM,Telangana,"RVM IMSRC, Siddipet",RADIO DIAGNOSIS,"₹7,00,000*",Info not available*,1*,"₹20,00,000*",1110,491(1),491(1),491(1),491(1),491(1),491(1),-,-,-,-,-,-,-
Tel Govt-NS LOC,BCA-FEM,Telangana,"ESIC Med Coll,Sanath Nagar",GENERAL MEDICINE,"₹2,50,000*","₹1,26,927*",2*,"₹10,00,000*",690,493(1),493(1),493(1),493(1),493(1),493(1),-,-,-,-,-,-,-
Tel Govt-NS LOC,BCA-FEM,Telangana,"Gandhi Med Coll, Secunderabad",GENERAL MEDICINE,"₹25,000*","₹58,289",1,"₹20,00,000",1200,251(1),251(1),499(1),499(1),499(1),499(1),-,-,-,-,-,-,-
Tel Govt-NS LOC,BCB-GEN,Telangana,"CAIMS, Karimnagar",RADIO DIAGNOSIS,"₹7,75,000*",Info not available*,1*,"₹20,00,000*",1000,-,502(1),502(1),502(1),502(1),502(1),-,-,-,-,-,-,-
Tel Govt-NS LOC,BCB-GEN,Telangana,"Gandhi Med Coll, Secunderabad",OBG,"₹25,000*","₹58,289",1,"₹20,00,000",1200,377(1),504(1),512(1),512(1),512(1),512(1),-,-,-,-,-,-,-
Tel Govt-NS UNR,ST-GEN,Telangana,"Osmania Med Coll, Hyderabad",GENERAL MEDICINE,"₹25,000*","₹58,289",1,"₹20,00,000",4800,169(1),520(1),520(1),520(1),520(1),520(1),-,-,-,-,-,-,-
Tel Govt-NS UNR,BCB-GEN,Telangana,"Prathima IMS, Karimnagar",RADIO DIAGNOSIS,"₹7,50,000*",Info not available*,1*,"₹20,00,000*",1060,527(1),527(1),527(1),527(1),527(1),527(1),-,-,-,-,-,-,-
Tel Govt-NS LOC,OPEN-GEN,Telangana,"Malla Reddy IMS, Hyderabad",GENERAL MEDICINE,-,-,-,-,940,328(3),405(3),534(3),534(3),534(3),534(3),-,-,-,-,-,-,-
Tel Govt-NS LOC,OPEN-FEM,Telangana,"CAIMS, Karimnagar",DERMATOLOGY,"₹7,75,000*",Info not available*,1*,"₹20,00,000*",1000,536(1),536(1),536(1),536(1),536(1),536(1),-,-,-,-,-,-,-
Tel Govt-NS LOC,BCA-GEN,Telangana,"Rajiv Gandhi IMS, Adilabad",GENERAL MEDICINE,"₹25,000*","₹58,289",1,"₹20,00,000",Info Not Available,442(1),485(1),550(1),550(1),550(1),550(1),-,-,-,-,-,-,-
Tel Govt-NS UNR,OPEN-GEN,Telangana,"Osmania Med Coll, Hyderabad",OBG,"₹25,000*","₹58,289",1,"₹20,00,000",4800,345(1),453(1),560(1),560(1),560(1),560(1),-,-,-,-,-,-,-
Tel Govt-NS LOC,OPEN-GEN,Telangana,"Malla Reddy(Women), Hyderabad",GENERAL MEDICINE,-,-,-,-,1050,562(1),562(1),562(1),562(1),562(1),562(1),-,-,-,-,-,-,-
Tel Govt-NS LOC,OPEN-FEM,Telangana,"Malla Reddy IMS, Hyderabad",PAEDIATRICS,-,-,-,-,940,566(1),566(1),566(1),566(1),566(1),566(1),-,-,-,-,-,-,-
Tel Govt-NS LOC,SC-GEN,Telangana,"ESIC Med Coll,Sanath Nagar",RADIO DIAGNOSIS,"₹2,50,000*","₹1,26,927*",2*,"₹10,00,000*",690,573(1),573(1),573(1),573(1),573(1),573(1),-,-,-,-,-,-,-
Tel Govt-NS LOC,OPEN-GEN,Telangana,"Malla Reddy IMS, Hyderabad",PAEDIATRICS,-,-,-,-,940,581(1),581(1),581(1),581(1),581(1),581(1),-,-,-,-,-,-,-
Tel Govt-NS LOC,BCB-GEN,Telangana,"Govt Med Coll, Nizamabad",PAEDIATRICS,"₹25,000*","₹58,289",1,"₹20,00,000",500,-,589(1),589(1),589(1),589(1),589(1),-,-,-,-,-,-,-
Tel Govt-NS LOC,SC-FEM,Telangana,"NIMS, Hyderabad",RADIO DIAGNOSIS,"₹72,000*","₹1,11,780",1,"₹50,00,000",1498,595(1),595(1),595(1),595(1),595(1),595(1),-,-,-,-,-,-,-
Tel Govt-NS LOC,BCA-FEM,Telangana,"Gandhi Med Coll, Secunderabad",OBG,"₹25,000*","₹58,289",1,"₹20,00,000",1200,499(1),499(1),597(1),597(1),597(1),597(1),-,-,-,-,-,-,-
Tel Govt-NS UNR,OPEN-GEN,Telangana,"SVS Med Coll, Mehboobnagar",GENERAL MEDICINE,"₹7,50,000*",Info not available*,1*,"₹20,00,000*",760,506(1),516(1),599(1),599(1),599(1),599(1),-,-,-,-,-,-,-
Tel Govt-NS UNR,OPEN-FEM,Telangana,"Prathima IMS, Karimnagar",GENERAL MEDICINE,"₹7,50,000*",Info not available*,1*,"₹20,00,000*",1060,484(1),484(1),606(1),606(1),606(1),606(1),-,-,-,-,-,-,-
Tel Govt-NS LOC,OPEN-GEN,Telangana,"MNR Med Coll, Sangareddy",RADIO DIAGNOSIS,"₹7,00,000*",Info not available*,1*,"₹20,00,000*",760,478(1),478(1),614(1),614(1),614(1),614(1),-,-,-,-,-,-,-
Tel Govt-NS LOC,SC-GEN,Telangana,"Kakatiya Med Coll, Warangal",GENERAL MEDICINE,"₹25,000*","₹58,289",1,"₹20,00,000",1150,646(1),646(1),646(1),646(1),646(1),646(1),-,-,-,-,-,-,-
Tel Govt-NS LOC,OPEN-GEN,Telangana,"Govt Med Coll, Nizamabad",OBG,"₹25,000*","₹58,289",1,"₹20,00,000",500,532(1),666(1),666(1),666(1),666(1),666(1),-,-,-,-,-,-,-
Tel Govt-NS UNR,OPEN-GEN,Telangana,"Osmania Med Coll, Hyderabad",GENERAL SURGERY,"₹25,000*","₹58,289",1,"₹20,00,000",4800,55(1),225(1),675(1),675(1),675(1),675(1),-,-,-,-,-,-,-
Tel Govt-NS UNR,OPEN-GEN,Telangana,"Kakatiya Med Coll, Warangal",TBRD,"₹25,000*","₹58,289",1,"₹20,00,000",1150,314(1),675(1),676(1),676(1),676(1),676(1),-,-,-,-,-,-,-
Tel Govt-NS LOC,BCD-FEM,Telangana,"Prathima IMS, Karimnagar",GENERAL MEDICINE,"₹7,50,000*",Info not available*,1*,"₹20,00,000*",1060,-,692(1),693(1),693(1),693(1),693(1),-,-,-,-,-,-,-
Tel Govt-NS UNR,OPEN-GEN,Telangana,"Osmania Med Coll, Hyderabad",OPHTHALMOLOGY,"₹25,000*","₹58,289",1,"₹20,00,000",4800,602(1),714(1),715(1),715(1),715(1),715(1),-,-,-,-,-,-,-
Tel Govt-NS UNR,BCB-GEN,Telangana,"CAIMS, Karimnagar",GENERAL MEDICINE,"₹7,75,000*",Info not available*,1*,"₹20,00,000*",1000,-,717(1),718(1),718(1),718(1),718(1),-,-,-,-,-,-,-
Tel Govt-NS LOC,BCB-FEM,Telangana,"Apollo IMSR, Hyderabad",GENERAL MEDICINE,"₹7,50,000*",Info not available*,1*,"₹20,00,000*",570,738(1),738(1),687(1),687(1),687(1),687(1),-,-,-,-,-,-,-
Tel Govt-NS UNR,BCA-GEN,Telangana,"Bhaskar Med Coll, Yenkapally",RADIO DIAGNOSIS,"₹7,50,000*",Info not available*,1*,"₹20,00,000*",850,743(1),743(1),744(1),744(1),744(1),744(1),-,-,-,-,-,-,-
Tel Govt-NS LOC,SC-FEM,Telangana,"Osmania Med Coll, Hyderabad",RADIO DIAGNOSIS,"₹25,000*","₹58,289",1,"₹20,00,000",4800,744(1),744(1),745(1),745(1),745(1),745(1),-,-,-,-,-,-,-
Tel Govt-NS LOC,OPEN-GEN,Telangana,"Mediciti IMS, Ghanpur",GENERAL MEDICINE,"₹7,00,000*",Info not available*,1*,"₹20,00,000*",720,753(1),709(1),710(1),710(1),710(1),710(1),-,-,-,-,-,-,-
Tel Govt-NS UNR,OPEN-GEN,Telangana,"Osmania Med Coll, Hyderabad",ORTHOPAEDICS,"₹25,000*","₹58,289",1,"₹20,00,000",4800,458(1),758(1),692(1),692(1),692(1),692(1),-,-,-,-,-,-,-
Tel Govt-NS LOC,BCA-GEN,Telangana,"Kakatiya Med Coll, Warangal",DERMATOLOGY,"₹25,000*","₹58,289",1,"₹20,00,000",1150,689(1),772(1),773(1),773(1),773(1),773(1),-,-,-,-,-,-,-
Tel Govt-NS LOC,SC-FEM,Telangana,"Gandhi Med Coll, Secunderabad",DERMATOLOGY,"₹25,000*","₹58,289",1,"₹20,00,000",1200,773(1),773(1),774(1),774(1),774(1),774(1),-,-,-,-,-,-,-
Tel Govt-NS LOC,OPEN-FEM,Telangana,"Apollo IMSR, Hyderabad",PAEDIATRICS,"₹7,50,000*",Info not available*,1*,"₹20,00,000*",570,780(1),780(1),781(1),781(1),781(1),781(1),-,-,-,-,-,-,-
Tel Govt-NS LOC,BCB-FEM,Telangana,"Prathima IMS, Karimnagar",RADIO DIAGNOSIS,"₹7,50,000*",Info not available*,1*,"₹20,00,000*",1060,-,785(1),787(1),787(1),787(1),787(1),-,-,-,-,-,-,-
Tel Govt-NS LOC,BCD-GEN,Telangana,"Malla Reddy(Women), Hyderabad",GENERAL MEDICINE,-,-,-,-,1050,833(1),833(1),756(1),756(1),756(1),756(1),-,-,-,-,-,-,-
Tel Govt-NS LOC,BCB-GEN,Telangana,"Kakatiya Med Coll, Warangal",OBG,"₹25,000*","₹58,289",1,"₹20,00,000",1150,541(1),698(1),839(1),839(1),839(1),839(1),-,-,-,-,-,-,-
Tel Govt-NS LOC,BCD-GEN,Telangana,"SVS Med Coll, Mehboobnagar",RADIO DIAGNOSIS,"₹7,50,000*",Info not available*,1*,"₹20,00,000*",760,843(1),843(1),845(1),845(1),845(1),845(1),-,-,-,-,-,-,-
Tel Govt-NS UNR,OPEN-GEN,Telangana,"Gandhi Med Coll, Secunderabad",PAEDIATRICS,"₹25,000*","₹58,289",1,"₹20,00,000",1200,183(1),235(1),299(1),847(1),847(1),847(1),-,-,-,-,-,-,-
Tel Govt-NS LOC,OPEN-FEM,Telangana,"Gandhi Med Coll, Secunderabad",TBRD,"₹25,000*","₹58,289",1,"₹20,00,000",1200,425(1),657(1),851(1),851(1),851(1),851(1),-,-,-,-,-,-,-
Tel Govt-NS LOC,BCA-FEM,Telangana,"Osmania Med Coll, Hyderabad",OBG,"₹25,000*","₹58,289",1,"₹20,00,000",4800,597(1),597(1),863(1),863(1),863(1),863(1),-,-,-,-,-,-,-
Tel Govt-NS LOC,BCD-FEM,Telangana,"CAIMS, Karimnagar",RADIO DIAGNOSIS,"₹7,75,000*",Info not available*,1*,"₹20,00,000*",1000,-,862(1),864(1),864(1),864(1),864(1),-,-,-,-,-,-,-
Tel Govt-NS LOC,BCD-GEN,Telangana,"Rajiv Gandhi IMS, Adilabad",OBG,"₹25,000*","₹58,289",1,"₹20,00,000",Info Not Available,-,731(1),867(1),867(1),867(1),867(1),-,-,-,-,-,-,-
Tel Govt-NS UNR,OPEN-FEM,Telangana,"Kakatiya Med Coll, Warangal",GENERAL SURGERY,"₹25,000*","₹58,289",1,"₹20,00,000",1150,385(1),633(1),871(1),871(1),871(1),871(1),-,-,-,-,-,-,-
Tel Govt-NS LOC,BCE-FEM,Telangana,"Govt Med Coll, Siddipet",OBG,"₹25,000*","₹58,289",1,"₹20,00,000",780,-,-,878(1),878(1),878(1),878(1),-,-,-,-,-,-,-
Tel Govt-NS LOC,BCA-FEM,Telangana,"CAIMS, Karimnagar",RADIO DIAGNOSIS,"₹7,75,000*",Info not available*,1*,"₹20,00,000*",1000,885(1),885(1),887(1),887(1),887(1),887(1),-,-,-,-,-,-,-
Tel Govt-NS UNR,BCB-GEN,Telangana,"CAIMS, Karimnagar",DERMATOLOGY,"₹7,75,000*",Info not available*,1*,"₹20,00,000*",1000,561(1),886(1),888(1),888(1),888(1),888(1),-,-,-,-,-,-,-
Tel Govt-NS LOC,OPEN-GEN,Telangana,"Kamineni (KAMSRC), Hyderabad",PAEDIATRICS,"₹7,00,000*",Info not available*,1*,"₹20,00,000*",650,408(1),887(1),889(1),889(1),889(1),889(1),-,-,-,-,-,-,-
Tel Govt-NS UNR,OPEN-FEM,Telangana,"Kakatiya Med Coll, Warangal",DERMATOLOGY,"₹25,000*","₹58,289",1,"₹20,00,000",1150,218(1),231(1),444(1),892(1),892(1),892(1),-,-,-,-,-,-,-
Tel Govt-NS LOC,OPEN-FEM,Telangana,"Mediciti IMS, Ghanpur",GENERAL MEDICINE,"₹7,00,000*",Info not available*,1*,"₹20,00,000*",720,832(1),686(1),896(1),896(1),896(1),896(1),-,-,-,-,-,-,-
Tel Govt-NS LOC,BCB-FEM,Telangana,"Kakatiya Med Coll, Warangal",GENERAL SURGERY,"₹25,000*","₹58,289",1,"₹20,00,000",1150,542(1),542(1),914(1),914(1),914(1),914(1),-,-,-,-,-,-,-
Tel Govt-NS LOC,BCD-GEN,Telangana,"SVS Med Coll, Mehboobnagar",GENERAL MEDICINE,"₹7,50,000*",Info not available*,1*,"₹20,00,000*",760,755(1),755(1),917(1),917(1),917(1),917(1),-,-,-,-,-,-,-
Tel Govt-NS LOC,OPEN-GEN,Telangana,"Malla Reddy(Women), Hyderabad",DERMATOLOGY,-,-,-,-,1050,894(1),605(1),918(1),918(1),918(1),918(1),-,-,-,-,-,-,-
Tel Govt-NS LOC,OPEN-GEN,Telangana,"Kamineni (KAMSRC), Hyderabad",DERMATOLOGY,"₹7,00,000*",Info not available*,1*,"₹20,00,000*",650,887(1),870(1),951(1),951(1),951(1),951(1),-,-,-,-,-,-,-
Tel Govt-NS UNR,BCB-FEM,Telangana,"MNR Med Coll, Sangareddy",RADIO DIAGNOSIS,"₹7,00,000*",Info not available*,1*,"₹20,00,000*",760,785(1),975(1),977(1),977(1),977(1),977(1),-,-,-,-,-,-,-
Tel Govt-NS UNR,MIN-GEN-MSM,Telangana,"Shadan IMSRC, Peerancheru",GENERAL MEDICINE,"₹7,50,000*",Info not available*,1*,"₹20,00,000*",800,989(1),989(1),991(1),991(1),991(1),991(1),-,-,-,-,-,-,-
Tel Govt-NS LOC,OPEN-FEM,Telangana,"Malla Reddy(Women), Hyderabad",PAEDIATRICS,-,-,-,-,1050,797(1),994(1),810(1),810(1),810(1),810(1),-,-,-,-,-,-,-
Tel Govt-NS UNR,BCD-FEM,Telangana,"SVS Med Coll, Mehboobnagar",PAEDIATRICS,"₹7,50,000*",Info not available*,1*,"₹20,00,000*",760,1000(1),1000(1),1002(1),1002(1),1002(1),1002(1),-,-,-,-,-,-,-
Tel Govt-NS LOC,BCA-FEM,Telangana,"Gandhi Med Coll, Secunderabad",TBRD,"₹25,000*","₹58,289",1,"₹20,00,000",1200,1004(1),1004(1),1006(1),1006(1),1006(1),1006(1),-,-,-,-,-,-,-
Tel Govt-NS LOC,BCA-GEN,Telangana,"Mediciti IMS, Ghanpur",RADIO DIAGNOSIS,"₹7,00,000*",Info not available*,1*,"₹20,00,000*",720,1029(1),1029(1),1031(1),1031(1),1031(1),1031(1),-,-,-,-,-,-,-
Tel Govt-NS LOC,BCB-GEN,Telangana,"NIMS, Hyderabad",ANAESTHESIOLOGY,"₹72,000*","₹1,11,780",1,"₹50,00,000",1498,735(1),735(1),1037(1),1037(1),1037(1),1037(1),-,-,-,-,-,-,-
Tel Govt-NS LOC,BCC-GEN,Telangana,"Osmania Med Coll, Hyderabad",GENERAL SURGERY,"₹25,000*","₹58,289",1,"₹20,00,000",4800,1008(1),1037(1),1039(1),1039(1),1039(1),1039(1),-,-,-,-,-,-,-
Tel Govt-NS LOC,BCB-FEM,Telangana,"CAIMS, Karimnagar",GENERAL MEDICINE,"₹7,75,000*",Info not available*,1*,"₹20,00,000*",1000,975(1),905(1),1046(1),1046(1),1046(1),1046(1),-,-,-,-,-,-,-
Tel Govt-NS UNR,OPEN-GEN,Telangana,"Osmania Med Coll, Hyderabad",ANAESTHESIOLOGY,"₹25,000*","₹58,289",1,"₹20,00,000",4800,713(1),741(1),1055(1),1055(1),1055(1),1055(1),-,-,-,-,-,-,-
Tel Govt-NS LOC,SC-GEN,Telangana,"Malla Reddy IMS, Hyderabad",GENERAL MEDICINE,-,-,-,-,940,1086(1),1086(1),1088(1),1088(1),1088(1),1088(1),-,-,-,-,-,-,-
Tel Govt-NS LOC,BCD-GEN,Telangana,"Malla Reddy(Women), Hyderabad",RADIO DIAGNOSIS,-,-,-,-,1050,915(1),915(1),1095(1),1095(1),1095(1),1095(1),-,-,-,-,-,-,-
Tel Govt-NS LOC,OPEN-FEM,Telangana,"Malla Reddy IMS, Hyderabad",OBG,-,-,-,-,940,1118(1),1118(1),1120(1),1120(1),1120(1),1120(1),-,-,-,-,-,-,-
Tel Govt-NS LOC,BCA-GEN,Telangana,"Prathima IMS, Karimnagar",GENERAL MEDICINE,"₹7,50,000*",Info not available*,1*,"₹20,00,000*",1060,1133(1),1133(1),1135(1),1135(1),1135(1),1135(1),-,-,-,-,-,-,-
Tel Govt-NS LOC,OPEN-GEN,Telangana,"Kamineni IMS, Narketpally",PAEDIATRICS,"₹7,50,000*",Info not available*,1*,"₹20,00,000*",1060,1028(1),1028(1),1150(1),1150(1),1150(1),1150(1),-,-,-,-,-,-,-
Tel Govt-NS LOC,BCD-GEN,Telangana,"Mediciti IMS, Ghanpur",DERMATOLOGY,"₹7,00,000*",Info not available*,1*,"₹20,00,000*",720,-,1151(1),1153(1),1153(1),1153(1),1153(1),-,-,-,-,-,-,-
Tel Govt-NS LOC,OPEN-FEM,Telangana,"Mamata Med Coll, Khammam",DERMATOLOGY,"₹7,50,000*",Info not available*,1*,"₹20,00,000*",1080,605(1),917(1),1157(1),1157(1),1157(1),1157(1),-,-,-,-,-,-,-
Tel Govt-NS LOC,OPEN-FEM,Telangana,"Dr Patnam MRInstofMS,Chevella",PAEDIATRICS,"₹7,00,000*",Info not available*,1*,"₹20,00,000*",-,1161(1),1161(1),1163(1),1163(1),1163(1),1163(1),-,-,-,-,-,-,-
Tel Govt-NS LOC,BCB-FEM,Telangana,"Malla Reddy(Women), Hyderabad",GENERAL MEDICINE,-,-,-,-,1050,-,-,1166(1),1166(1),1166(1),1166(1),-,-,-,-,-,-,-
Tel Govt-NS LOC,BCE-FEM,Telangana,"Mediciti IMS, Ghanpur",RADIO DIAGNOSIS,"₹7,00,000*",Info not available*,1*,"₹20,00,000*",720,1179(1),1179(1),1181(1),1181(1),1181(1),1181(1),-,-,-,-,-,-,-
Tel Govt-NS LOC,OPEN-GEN,Telangana,"Bhaskar Med Coll, Yenkapally",DERMATOLOGY,"₹7,50,000*",Info not available*,1*,"₹20,00,000*",850,916(1),1060(1),1196(1),1196(1),1196(1),1196(1),-,-,-,-,-,-,-
Tel Govt-NS UNR,BCA-FEM,Telangana,"Gandhi Med Coll, Secunderabad",ORTHOPAEDICS,"₹25,000*","₹58,289",1,"₹20,00,000",1200,1196(1),1196(1),1198(1),1198(1),1198(1),1198(1),-,-,-,-,-,-,-
Tel Govt-NS LOC,BCD-GEN,Telangana,"Malla Reddy(Women), Hyderabad",PAEDIATRICS,-,-,-,-,1050,1234(1),1234(1),1236(1),1236(1),1236(1),1236(1),-,-,-,-,-,-,-
Tel Govt-NS LOC,OPEN-GEN,Telangana,"Malla Reddy IMS, Hyderabad",OBG,-,-,-,-,940,1235(2),1235(2),1237(2),1237(2),1237(2),1237(2),-,-,-,-,-,-,-
Tel Govt-NS LOC,BCB-FEM,Telangana,"Mahavir Inst of MS, Vikarabad",DERMATOLOGY,"₹7,00,000*",Info not available*,1*,"₹20,00,000*",700,1236(1),1236(1),1238(1),1238(1),1238(1),1238(1),-,-,-,-,-,-,-
Tel Govt-NS LOC,BCD-FEM,Telangana,"Malla Reddy IMS, Hyderabad",DERMATOLOGY,-,-,-,-,940,1237(1),1237(1),1239(1),1239(1),1239(1),1239(1),-,-,-,-,-,-,-
Tel Govt-NS UNR,MIN-GEN-MSM,Telangana,"Shadan IMSRC, Peerancheru",RADIO DIAGNOSIS,"₹7,50,000*",Info not available*,1*,"₹20,00,000*",800,881(1),1238(1),1240(1),1240(1),1240(1),1240(1),-,-,-,-,-,-,-
Tel Govt-NS LOC,OPEN-GEN,Telangana,"SVS Med Coll, Mehboobnagar",OBG,"₹7,50,000*",Info not available*,1*,"₹20,00,000*",760,1247(1),1247(1),1249(1),1249(1),1249(1),1249(1),-,-,-,-,-,-,-
Tel Govt-NS LOC,OPEN-GEN,Telangana,"Apollo IMSR, Hyderabad",GENERAL SURGERY,"₹7,50,000*",Info not available*,1*,"₹20,00,000*",570,1249(1),1249(1),1251(1),1251(1),1251(1),1251(1),-,-,-,-,-,-,-
Tel Govt-NS LOC,BCD-GEN,Telangana,"Kakatiya Med Coll, Warangal",ORTHOPAEDICS,"₹25,000*","₹58,289",1,"₹20,00,000",1150,1254(1),1254(1),1256(1),1256(1),1256(1),1256(1),-,-,-,-,-,-,-
Tel Govt-NS UNR,OPEN-FEM,Telangana,"Kamineni (KAMSRC), Hyderabad",OBG,"₹7,00,000*",Info not available*,1*,"₹20,00,000*",650,805(1),852(1),1258(1),1258(1),1258(1),1258(1),-,-,-,-,-,-,-
Tel Govt-NS LOC,BCB-GEN,Telangana,"MNR Med Coll, Sangareddy",PAEDIATRICS,"₹7,00,000*",Info not available*,1*,"₹20,00,000*",760,-,1270(1),1272(1),1272(1),1272(1),1272(1),-,-,-,-,-,-,-
Tel Govt-NS UNR,BCB-GEN,Telangana,"Kakatiya Med Coll, Warangal",PAEDIATRICS,"₹25,000*","₹58,289",1,"₹20,00,000",1150,336(1),336(1),490(1),1284(1),1284(1),1284(1),-,-,-,-,-,-,-
Tel Govt-NS UNR,SC-GEN,Telangana,"NIMS, Hyderabad",ORTHOPAEDICS,"₹72,000*","₹1,11,780",1,"₹50,00,000",1498,1286(1),1286(1),1288(1),1288(1),1288(1),1288(1),-,-,-,-,-,-,-
Tel Govt-NS LOC,BCD-GEN,Telangana,"Rajiv Gandhi IMS, Adilabad",TBRD,"₹25,000*","₹58,289",1,"₹20,00,000",Info Not Available,862(1),1288(1),1290(1),1290(1),1290(1),1290(1),-,-,-,-,-,-,-
Tel Govt-NS LOC,OPEN-GEN,Telangana,"Apollo IMSR, Hyderabad",OBG,"₹7,50,000*",Info not available*,1*,"₹20,00,000*",570,1334(1),1334(1),1336(1),1336(1),1336(1),1336(1),-,-,-,-,-,-,-
Tel Govt-NS UNR,OPEN-GEN,Telangana,"CAIMS, Karimnagar",OBG,"₹7,75,000*",Info not available*,1*,"₹20,00,000*",1000,551(1),969(1),1104(1),1347(1),1347(1),1347(1),-,-,-,-,-,-,-
Tel Govt-NS LOC,BCB-FEM,Telangana,"Kamineni IMS, Narketpally",GENERAL MEDICINE,"₹7,50,000*",Info not available*,1*,"₹20,00,000*",1060,-,1044(1),1349(1),1349(1),1349(1),1349(1),-,-,-,-,-,-,-
Tel Govt-NS LOC,MIN-FEM-MSM,Telangana,"DCMS, Hyderabad",DERMATOLOGY,"₹7,75,000*",Info not available*,1*,"₹20,00,000*",1400,1351(1),1351(1),1353(1),1353(1),1353(1),1353(1),-,-,-,-,-,-,-
Tel Govt-NS UNR,BCB-GEN,Telangana,"Prathima IMS, Karimnagar",OBG,"₹7,50,000*",Info not available*,1*,"₹20,00,000*",1060,1184(1),1164(1),1365(1),1365(1),1365(1),1365(1),-,-,-,-,-,-,-
Tel Govt-NS UNR,BCA-GEN,Telangana,"Mamata Med Coll, Khammam",GENERAL MEDICINE,"₹7,50,000*",Info not available*,1*,"₹20,00,000*",1080,1371(1),1371(1),1373(1),1373(1),1373(1),1373(1),-,-,-,-,-,-,-
Tel Govt-NS LOC,OPEN-GEN,Telangana,"Prathima IMS, Karimnagar",TBRD,"₹7,50,000*",Info not available*,1*,"₹20,00,000*",1060,1187(1),1231(1),1382(1),1382(1),1382(1),1382(1),-,-,-,-,-,-,-
Tel Govt-NS LOC,BCA-GEN,Telangana,"Bhaskar Med Coll, Yenkapally",GENERAL MEDICINE,"₹7,50,000*",Info not available*,1*,"₹20,00,000*",850,1388(1),1388(1),1391(1),1391(1),1391(1),1391(1),-,-,-,-,-,-,-
Tel Govt-NS LOC,BCD-GEN,Telangana,"Malla Reddy IMS, Hyderabad",OBG,-,-,-,-,940,1390(1),1390(1),1393(1),1393(1),1393(1),1393(1),-,-,-,-,-,-,-
Tel Govt-NS LOC,OPEN-FEM,Telangana,"ESIC Med Coll,Sanath Nagar",ENT,"₹2,50,000*","₹1,26,927*",2*,"₹10,00,000*",690,1002(1),1391(1),1394(1),1394(1),1394(1),1394(1),-,-,-,-,-,-,-
Tel Govt-NS LOC,OPEN-FEM,Telangana,"Kakatiya Med Coll, Warangal",ANAESTHESIOLOGY,"₹25,000*","₹58,289",1,"₹20,00,000",1150,1097(1),1393(1),1396(1),1396(1),1396(1),1396(1),-,-,-,-,-,-,-
Tel Govt-NS LOC,OPEN-GEN,Telangana,"Kamineni IMS, Narketpally",DERMATOLOGY,"₹7,50,000*",Info not available*,1*,"₹20,00,000*",1060,917(1),949(1),1398(1),1398(1),1398(1),1398(1),-,-,-,-,-,-,-
Tel Govt-NS LOC,SC-GEN,Telangana,"Osmania Med Coll, Hyderabad",DERMATOLOGY,"₹25,000*","₹58,289",1,"₹20,00,000",4800,734(1),734(1),1402(1),1402(1),1402(1),1402(1),-,-,-,-,-,-,-
Tel Govt-NS UNR,OPEN-GEN,Telangana,"Malla Reddy IMS, Hyderabad",GENERAL SURGERY,-,-,-,-,940,869(1),869(1),1405(1),1405(1),1405(1),1405(1),-,-,-,-,-,-,-
Tel Govt-NS LOC,BCD-GEN,Telangana,"NIMS, Hyderabad",RADIATION ONCOLOGY,"₹72,000*","₹1,11,780",1,"₹50,00,000",1498,1394(1),1405(1),1408(1),1408(1),1408(1),1408(1),-,-,-,-,-,-,-
Tel Govt-NS LOC,BCE-GEN,Telangana,"Bhaskar Med Coll, Yenkapally",RADIO DIAGNOSIS,"₹7,50,000*",Info not available*,1*,"₹20,00,000*",850,1411(1),1411(1),1414(1),1414(1),1414(1),1414(1),-,-,-,-,-,-,-
Tel Govt-NS LOC,BCE-GEN,Telangana,"Malla Reddy IMS, Hyderabad",OBG,-,-,-,-,940,1420(1),1420(1),1423(1),1423(1),1423(1),1423(1),-,-,-,-,-,-,-
Tel Govt-NS LOC,BCC-FEM,Telangana,"Gandhi Med Coll, Secunderabad",OBG,"₹25,000*","₹58,289",1,"₹20,00,000",1200,1441(1),1441(1),1446(1),1446(1),1446(1),1446(1),-,-,-,-,-,-,-
Tel Govt-NS UNR,SC-GEN,Telangana,"Osmania Med Coll, Hyderabad",PAEDIATRICS,"₹25,000*","₹58,289",1,"₹20,00,000",4800,375(1),1190(1),1453(1),1453(1),1453(1),1453(1),-,-,-,-,-,-,-
Tel Govt-NS UNR,BCA-GEN,Telangana,"Mediciti IMS, Ghanpur",OBG,"₹7,00,000*",Info not available*,1*,"₹20,00,000*",720,931(1),1450(1),1455(1),1455(1),1455(1),1455(1),-,-,-,-,-,-,-
Tel Govt-NS UNR,OPEN-GEN,Telangana,"Osmania Med Coll, Hyderabad",PSYCHIATRY,"₹25,000*","₹58,289",1,"₹20,00,000",4800,1185(1),810(1),1464(1),1464(1),1464(1),1464(1),-,-,-,-,-,-,-
Tel Govt-NS LOC,MIN-GEN-MSM,Telangana,"Shadan IMSRC, Peerancheru",DERMATOLOGY,"₹7,50,000*",Info not available*,1*,"₹20,00,000*",800,1396(1),1462(1),1467(1),1467(1),1467(1),1467(1),-,-,-,-,-,-,-
Tel Govt-NS LOC,BCA-GEN,Telangana,"Malla Reddy IMS, Hyderabad",PAEDIATRICS,-,-,-,-,940,1467(1),1467(1),1472(1),1472(1),1472(1),1472(1),-,-,-,-,-,-,-
Tel Govt-NS LOC,OPEN-FEM,Telangana,"MNR Med Coll, Sangareddy",OBG,"₹7,00,000*",Info not available*,1*,"₹20,00,000*",760,1476(1),1476(1),1482(1),1482(1),1482(1),1482(1),-,-,-,-,-,-,-
Tel Govt-NS LOC,BCB-FEM,Telangana,"Kamineni IMS, Narketpally",OBG,"₹7,50,000*",Info not available*,1*,"₹20,00,000*",1060,1489(1),1489(1),1495(1),1495(1),1495(1),1495(1),-,-,-,-,-,-,-
Tel Govt-NS LOC,BCE-GEN,Telangana,"Malla Reddy IMS, Hyderabad",GENERAL MEDICINE,-,-,-,-,940,533(1),533(1),1500(1),1500(1),1500(1),1500(1),-,-,-,-,-,-,-
Tel Govt-NS LOC,BCB-GEN,Telangana,"RVM IMSRC, Siddipet",PAEDIATRICS,"₹7,00,000*",Info not available*,1*,"₹20,00,000*",1110,1336(1),1336(1),1501(1),1501(1),1501(1),1501(1),-,-,-,-,-,-,-
Tel Govt-NS UNR,BCB-GEN,Telangana,"Govt Med Coll, Nizamabad",GENERAL SURGERY,"₹25,000*","₹58,289",1,"₹20,00,000",500,-,837(1),1504(1),1504(1),1504(1),1504(1),-,-,-,-,-,-,-
Tel Govt-NS LOC,BCA-GEN,Telangana,"Gandhi Med Coll, Secunderabad",ENT,"₹25,000*","₹58,289",1,"₹20,00,000",1200,1515(1),1515(1),1521(1),1521(1),1521(1),1521(1),-,-,-,-,-,-,-
Tel Govt-NS UNR,OPEN-GEN,Telangana,"Malla Reddy IMS, Hyderabad",PAEDIATRICS,-,-,-,-,940,473(1),473(1),672(1),1536(1),1536(1),1536(1),-,-,-,-,-,-,-
Tel Govt-NS LOC,BCD-FEM,Telangana,"Surabhi InstituteofMS,Siddipet",GENERAL MEDICINE,"₹7,75,000*",Info not available*,1*,"₹20,00,000*",-,-,1181(1),1537(1),1537(1),1537(1),1537(1),-,-,-,-,-,-,-
Tel Govt-NS LOC,BCE-GEN,Telangana,"Prathima IMS, Karimnagar",GENERAL MEDICINE,"₹7,50,000*",Info not available*,1*,"₹20,00,000*",1060,1494(1),1494(1),1545(1),1545(1),1545(1),1545(1),-,-,-,-,-,-,-
Tel Govt-NS LOC,BCB-GEN,Telangana,"Bhaskar Med Coll, Yenkapally",OBG,"₹7,50,000*",Info not available*,1*,"₹20,00,000*",850,1544(1),1544(1),1551(1),1551(1),1551(1),1551(1),-,-,-,-,-,-,-
Tel Govt-NS LOC,BCA-GEN,Telangana,"Prathima IMS, Karimnagar",OBG,"₹7,50,000*",Info not available*,1*,"₹20,00,000*",1060,1561(1),1561(1),1568(1),1568(1),1568(1),1568(1),-,-,-,-,-,-,-
Tel Govt-NS UNR,MIN-FEM-MSM,Telangana,"DCMS, Hyderabad",OBG,"₹7,75,000*",Info not available*,1*,"₹20,00,000*",1400,1562(1),1562(1),1569(1),1569(1),1569(1),1569(1),-,-,-,-,-,-,-
Tel Govt-NS LOC,BCD-GEN,Telangana,"Apollo IMSR, Hyderabad",OBG,"₹7,50,000*",Info not available*,1*,"₹20,00,000*",570,1566(1),1566(1),1573(1),1573(1),1573(1),1573(1),-,-,-,-,-,-,-
Tel Govt-NS LOC,OPEN-GEN-PHO,Telangana,"NIMS, Hyderabad",RADIO DIAGNOSIS,"₹72,000*","₹1,11,780",1,"₹50,00,000",1498,1568(1),1568(1),1575(1),1575(1),1575(1),1575(1),-,-,-,-,-,-,-
Tel Govt-NS LOC,ST-FEM,Telangana,"NIMS, Hyderabad",GENERAL MEDICINE,"₹72,000*","₹1,11,780",1,"₹50,00,000",1498,520(1),1572(1),1579(1),1579(1),1579(1),1579(1),-,-,-,-,-,-,-
Tel Govt-NS LOC,BCB-FEM,Telangana,"SVS Med Coll, Mehboobnagar",PAEDIATRICS,"₹7,50,000*",Info not available*,1*,"₹20,00,000*",760,-,-,1590(1),1590(1),1590(1),1590(1),-,-,-,-,-,-,-
Tel Govt-NS UNR,SC-GEN,Telangana,"Osmania Med Coll, Hyderabad",GENERAL SURGERY,"₹25,000*","₹58,289",1,"₹20,00,000",4800,1397(1),1587(1),1594(1),1594(1),1594(1),1594(1),-,-,-,-,-,-,-
Tel Govt-NS LOC,BCB-GEN,Telangana,"Dr Patnam MRInstofMS,Chevella",PAEDIATRICS,"₹7,00,000*",Info not available*,1*,"₹20,00,000*",-,1347(1),1347(1),1595(1),1595(1),1595(1),1595(1),-,-,-,-,-,-,-
Tel Govt-NS LOC,SC-FEM,Telangana,"Govt Med Coll, Nizamabad",GENERAL MEDICINE,"₹25,000*","₹58,289",1,"₹20,00,000",500,1230(1),1590(1),1606(1),1606(1),1606(1),1606(1),-,-,-,-,-,-,-
Tel Govt-NS LOC,BCB-GEN,Telangana,"Govt Med Coll, Nizamabad",GENERAL SURGERY,"₹25,000*","₹58,289",1,"₹20,00,000",500,811(1),912(1),1620(1),1620(1),1620(1),1620(1),-,-,-,-,-,-,-
Tel Govt-NS LOC,SC-GEN,Telangana,"Kakatiya Med Coll, Warangal",PAEDIATRICS,"₹25,000*","₹58,289",1,"₹20,00,000",1150,1448(1),1448(1),1627(1),1627(1),1627(1),1627(1),-,-,-,-,-,-,-
Tel Govt-NS LOC,BCD-GEN,Telangana,"Kakatiya Med Coll, Warangal",GENERAL SURGERY,"₹25,000*","₹58,289",1,"₹20,00,000",1150,-,1013(1),1628(1),1628(1),1628(1),1628(1),-,-,-,-,-,-,-
Tel Govt-NS LOC,BCD-GEN,Telangana,"MNR Med Coll, Sangareddy",DERMATOLOGY,"₹7,00,000*",Info not available*,1*,"₹20,00,000*",760,1151(1),1621(1),1632(1),1632(1),1632(1),1632(1),-,-,-,-,-,-,-
Tel Govt-NS LOC,BCA-FEM,Telangana,"Bhaskar Med Coll, Yenkapally",DERMATOLOGY,"₹7,50,000*",Info not available*,1*,"₹20,00,000*",850,-,1644(1),1651(1),1651(1),1651(1),1651(1),-,-,-,-,-,-,-
Tel Govt-NS UNR,OPEN-GEN,Telangana,"SVS Med Coll, Mehboobnagar",ORTHOPAEDICS,"₹7,50,000*",Info not available*,1*,"₹20,00,000*",760,1239(1),1222(1),1666(1),1666(1),1666(1),1666(1),-,-,-,-,-,-,-
Tel Govt-NS LOC,BCA-GEN,Telangana,"Apollo IMSR, Hyderabad",PAEDIATRICS,"₹7,50,000*",Info not available*,1*,"₹20,00,000*",570,1685(1),1685(1),1692(1),1692(1),1692(1),1692(1),-,-,-,-,-,-,-
Tel Govt-NS UNR,SC-GEN,Telangana,"Osmania Med Coll, Hyderabad",OBG,"₹25,000*","₹58,289",1,"₹20,00,000",4800,933(1),1690(1),1697(1),1697(1),1697(1),1697(1),-,-,-,-,-,-,-
Tel Govt-NS LOC,BCD-FEM,Telangana,"Mahavir Inst of MS, Vikarabad",GENERAL MEDICINE,"₹7,00,000*",Info not available*,1*,"₹20,00,000*",700,1702(1),1702(1),1709(1),1709(1),1709(1),1709(1),-,-,-,-,-,-,-
Tel Govt-NS UNR,BCB-GEN,Telangana,"Kakatiya Med Coll, Warangal",OPHTHALMOLOGY,"₹25,000*","₹58,289",1,"₹20,00,000",1150,982(1),1386(1),1720(1),1720(1),1720(1),1720(1),-,-,-,-,-,-,-
Tel Govt-NS UNR,BCB-GEN,Telangana,"Gandhi Med Coll, Secunderabad",ANAESTHESIOLOGY,"₹25,000*","₹58,289",1,"₹20,00,000",1200,1035(1),1035(1),1732(1),1732(1),1732(1),1732(1),-,-,-,-,-,-,-
Tel Govt-NS LOC,OPEN-GEN,Telangana,"Malla Reddy IMS, Hyderabad",EMERGENCY MEDICINE,-,-,-,-,940,1749(1),1749(1),1756(1),1756(1),1756(1),1756(1),-,-,-,-,-,-,-
Tel Govt-NS LOC,BCA-GEN,Telangana,"Kamineni IMS, Narketpally",GENERAL MEDICINE,"₹7,50,000*",Info not available*,1*,"₹20,00,000*",1060,1777(1),1777(1),1784(1),1784(1),1784(1),1784(1),-,-,-,-,-,-,-
Tel Govt-NS LOC,OPEN-FEM,Telangana,"Malla Reddy IMS, Hyderabad",ENT,-,-,-,-,940,1785(1),1785(1),1792(1),1792(1),1792(1),1792(1),-,-,-,-,-,-,-
Tel Govt-NS LOC,BCB-GEN,Telangana,"Gandhi Med Coll, Secunderabad",ENT,"₹25,000*","₹58,289",1,"₹20,00,000",1200,1261(1),1691(1),1798(2),1798(2),1798(2),1798(2),-,-,-,-,-,-,-
Tel Govt-NS LOC,BCE-GEN,Telangana,"CAIMS, Karimnagar",PAEDIATRICS,"₹7,75,000*",Info not available*,1*,"₹20,00,000*",1000,-,1801(1),1808(1),1808(1),1808(1),1808(1),-,-,-,-,-,-,-
Tel Govt-NS UNR,OPEN-GEN,Telangana,"NIMS, Hyderabad",ANAESTHESIOLOGY,"₹72,000*","₹1,11,780",1,"₹50,00,000",1498,161(1),565(1),685(1),1813(1),1713(1),1713(1),-,-,-,-,-,-,-
Tel Govt-NS UNR,BCD-GEN,Telangana,"MNR Med Coll, Sangareddy",OBG,"₹7,00,000*",Info not available*,1*,"₹20,00,000*",760,822(1),1807(1),1814(1),1814(1),1814(1),1814(1),-,-,-,-,-,-,-
Tel Govt-NS LOC,OPEN-FEM,Telangana,"Apollo IMSR, Hyderabad",EMERGENCY MEDICINE,"₹7,50,000*",Info not available*,1*,"₹20,00,000*",570,1816(1),1681(1),1688(1),1688(1),1688(1),1688(1),-,-,-,-,-,-,-
Tel Govt-NS LOC,OPEN-FEM,Telangana,"Malla Reddy IMS, Hyderabad",GENERAL SURGERY,-,-,-,-,940,1104(1),1607(2),1823(2),1823(2),1823(2),1823(2),-,-,-,-,-,-,-
Tel Govt-NS LOC,OPEN-GEN,Telangana,"Malla Reddy(Women), Hyderabad",TBRD,-,-,-,-,1050,1271(1),1495(1),1829(1),1829(1),1829(1),1829(1),-,-,-,-,-,-,-
Tel Govt-NS LOC,BCD-GEN,Telangana,"Bhaskar Med Coll, Yenkapally",PAEDIATRICS,"₹7,50,000*",Info not available*,1*,"₹20,00,000*",850,-,1530(1),1835(1),1835(1),1835(1),1835(1),-,-,-,-,-,-,-
Tel Govt-NS UNR,BCA-FEM,Telangana,"MNR Med Coll, Sangareddy",PAEDIATRICS,"₹7,00,000*",Info not available*,1*,"₹20,00,000*",760,1597(1),1830(1),1837(1),1837(1),1837(1),1837(1),-,-,-,-,-,-,-
Tel Govt-NS LOC,SC-GEN,Telangana,"ESIC Med Coll,Sanath Nagar",GENERAL SURGERY,"₹2,50,000*","₹1,26,927*",2*,"₹10,00,000*",690,1787(1),1836(1),1843(1),1843(1),1843(1),1843(1),-,-,-,-,-,-,-
Tel Govt-NS LOC,BCD-FEM,Telangana,"Apollo IMSR, Hyderabad",OBG,"₹7,50,000*",Info not available*,1*,"₹20,00,000*",570,-,-,1846(1),1846(1),1846(1),1846(1),-,-,-,-,-,-,-
Tel Govt-NS LOC,BCB-FEM,Telangana,"Prathima IMS, Karimnagar",PAEDIATRICS,"₹7,50,000*",Info not available*,1*,"₹20,00,000*",1060,976(1),976(1),1856(1),1856(1),1856(1),1856(1),-,-,-,-,-,-,-
Tel Govt-NS LOC,MIN-GEN-MSM,Telangana,"Shadan IMSRC, Peerancheru",TBRD,"₹7,50,000*",Info not available*,1*,"₹20,00,000*",800,1850(1),1850(1),1857(1),1857(1),1857(1),1857(1),-,-,-,-,-,-,-
Tel Govt-NS LOC,ST-GEN,Telangana,"Gandhi Med Coll, Secunderabad",GENERAL MEDICINE,"₹25,000*","₹58,289",1,"₹20,00,000",1200,1572(1),1851(1),1858(1),1858(1),1858(1),1858(1),-,-,-,-,-,-,-
Tel Govt-NS UNR,OPEN-GEN,Telangana,"Osmania Med Coll, Hyderabad",ENT,"₹25,000*","₹58,289",1,"₹20,00,000",4800,513(1),974(1),724(1),1860(1),1860(1),1860(1),-,-,-,-,-,-,-
Tel Govt-NS UNR,OPEN-FEM,Telangana,"Prathima IMS, Karimnagar",GENERAL SURGERY,"₹7,50,000*",Info not available*,1*,"₹20,00,000*",1060,961(1),999(1),1861(1),1861(1),1861(1),1861(1),-,-,-,-,-,-,-
Tel Govt-NS UNR,BCD-GEN,Telangana,"Mediciti IMS, Ghanpur",GENERAL MEDICINE,"₹7,00,000*",Info not available*,1*,"₹20,00,000*",720,866(1),872(1),1051(1),1863(1),1863(1),1863(1),-,-,-,-,-,-,-
Tel Govt-NS UNR,BCE-GEN,Telangana,"SVS Med Coll, Mehboobnagar",OBG,"₹7,50,000*",Info not available*,1*,"₹20,00,000*",760,1538(1),1869(1),1876(1),1876(1),1876(1),1876(1),-,-,-,-,-,-,-
Tel Govt-NS LOC,SC-GEN,Telangana,"Malla Reddy IMS, Hyderabad",RADIO DIAGNOSIS,-,-,-,-,940,779(1),907(1),1881(1),1881(1),1881(1),1881(1),-,-,-,-,-,-,-
Tel Govt-NS LOC,BCB-FEM,Telangana,"Gandhi Med Coll, Secunderabad",ORTHOPAEDICS,"₹25,000*","₹58,289",1,"₹20,00,000",1200,1164(1),1883(1),1890(1),1890(1),1890(1),1890(1),-,-,-,-,-,-,-
Tel Govt-NS LOC,OPEN-FEM,Telangana,"NIMS, Hyderabad",PATHOLOGY,"₹72,000*","₹1,11,780",1,"₹50,00,000",1498,1619(1),1442(1),1894(1),1894(1),1894(1),1894(1),-,-,-,-,-,-,-
Tel Govt-NS LOC,BCA-GEN,Telangana,"Kamineni (KAMSRC), Hyderabad",TBRD,"₹7,00,000*",Info not available*,1*,"₹20,00,000*",650,-,1888(1),1895(1),1895(1),1895(1),1895(1),-,-,-,-,-,-,-
Tel Govt-NS UNR,SC-GEN,Telangana,"Mamata Med Coll, Khammam",RADIO DIAGNOSIS,"₹7,50,000*",Info not available*,1*,"₹20,00,000*",1080,343(1),1479(1),1900(1),1900(1),1900(1),1900(1),-,-,-,-,-,-,-
Tel Govt-NS LOC,BCE-FEM,Telangana,"Mamata Med Coll, Khammam",GENERAL MEDICINE,"₹7,50,000*",Info not available*,1*,"₹20,00,000*",1080,1894(1),1894(1),1901(1),1901(1),1901(1),1901(1),-,-,-,-,-,-,-
Tel Govt-NS LOC,BCA-FEM,Telangana,"Dr Patnam MRInstofMS,Chevella",GENERAL MEDICINE,"₹7,00,000*",Info not available*,1*,"₹20,00,000*",-,1899(1),1899(1),1906(1),1906(1),1906(1),1906(1),-,-,-,-,-,-,-
Tel Govt-NS LOC,OPEN-FEM,Telangana,"Malla Reddy(Women), Hyderabad",OPHTHALMOLOGY,-,-,-,-,1050,1912(1),1912(1),1919(1),1919(1),1919(1),1919(1),-,-,-,-,-,-,-
Tel Govt-NS LOC,BCB-FEM,Telangana,"Malla Reddy IMS, Hyderabad",GENERAL SURGERY,-,-,-,-,940,1696(1),1923(1),1930(1),1930(1),1930(1),1930(1),-,-,-,-,-,-,-
Tel Govt-NS LOC,BCD-GEN,Telangana,"Malla Reddy(Women), Hyderabad",GENERAL SURGERY,-,-,-,-,1050,1940(1),1940(1),1947(1),1947(1),1947(1),1947(1),-,-,-,-,-,-,-
Tel Govt-NS LOC,SC-GEN,Telangana,"Kamineni (KAMSRC), Hyderabad",GENERAL MEDICINE,"₹7,00,000*",Info not available*,1*,"₹20,00,000*",650,1669(1),1669(1),1951(1),1951(1),1951(1),1951(1),-,-,-,-,-,-,-
Tel Govt-NS UNR,OPEN-GEN,Telangana,"Kakatiya Med Coll, Warangal",ANAESTHESIOLOGY,"₹25,000*","₹58,289",1,"₹20,00,000",1150,954(1),1325(1),1197(1),1956(1),1956(1),1956(1),-,-,-,-,-,-,-
Tel Govt-NS LOC,OPEN-GEN,Telangana,"Govt Med Coll, Siddipet",ENT,"₹25,000*","₹58,289",1,"₹20,00,000",780,-,1453(1),1958(1),1958(1),1958(1),1958(1),-,-,-,-,-,-,-
Tel Govt-NS LOC,OPEN-GEN,Telangana,"CAIMS, Karimnagar",OPHTHALMOLOGY,"₹7,75,000*",Info not available*,1*,"₹20,00,000*",1000,1628(1),1628(1),1960(1),1960(1),1960(1),1960(1),-,-,-,-,-,-,-
Tel Govt-NS LOC,OPEN-FEM,Telangana,"CAIMS, Karimnagar",TBRD,"₹7,75,000*",Info not available*,1*,"₹20,00,000*",1000,1593(1),1729(1),1971(1),1971(1),1971(1),1971(1),-,-,-,-,-,-,-
Tel Govt-NS LOC,BCE-FEM,Telangana,"Mamata Med Coll, Khammam",PAEDIATRICS,"₹7,50,000*",Info not available*,1*,"₹20,00,000*",1080,1970(1),1970(1),1977(1),1977(1),1977(1),1977(1),-,-,-,-,-,-,-
Tel Govt-NS LOC,BCD-FEM,Telangana,"Apollo IMSR, Hyderabad",TBRD,"₹7,50,000*",Info not available*,1*,"₹20,00,000*",570,1828(1),1828(1),1983(1),1983(1),1983(1),1983(1),-,-,-,-,-,-,-
Tel Govt-NS UNR,BCB-GEN,Telangana,"CAIMS, Karimnagar",ORTHOPAEDICS,"₹7,75,000*",Info not available*,1*,"₹20,00,000*",1000,1295(1),1984(1),1991(1),1991(1),1991(1),1991(1),-,-,-,-,-,-,-
Tel Govt-NS UNR,BCE-GEN,Telangana,"MNR Med Coll, Sangareddy",GENERAL MEDICINE,"₹7,00,000*",Info not available*,1*,"₹20,00,000*",760,700(1),545(1),1992(1),1992(1),1992(1),1992(1),-,-,-,-,-,-,-
Tel Govt-NS UNR,SC-GEN,Telangana,"Rajiv Gandhi IMS, Adilabad",DERMATOLOGY,"₹25,000*","₹58,289",1,"₹20,00,000",Info Not Available,1399(1),1399(1),1995(1),1804(1),1804(1),1804(1),-,-,-,-,-,-,-
Tel Govt-NS LOC,OPEN-FEM,Telangana,"Surabhi InstituteofMS,Siddipet",OBG,"₹7,75,000*",Info not available*,1*,"₹20,00,000*",-,-,1408(1),1729(2),2015(2),2015(2),2015(2),-,-,-,-,-,-,-
Tel Govt-NS UNR,BCD-GEN,Telangana,"Malla Reddy(Women), Hyderabad",EMERGENCY MEDICINE,-,-,-,-,1050,1674(1),2014(1),2021(1),2021(1),2021(1),2021(1),-,-,-,-,-,-,-
Tel Govt-NS UNR,BCA-GEN,Telangana,"Malla Reddy IMS, Hyderabad",GENERAL SURGERY,-,-,-,-,940,1800(1),2023(1),2030(1),2030(1),2030(1),2030(1),-,-,-,-,-,-,-
Tel Govt-NS UNR,OPEN-FEM,Telangana,"Kakatiya Med Coll, Warangal",ORTHOPAEDICS,"₹25,000*","₹58,289",1,"₹20,00,000",1150,965(1),1925(1),2044(1),2044(1),2044(1),2044(1),-,-,-,-,-,-,-
Tel Govt-NS LOC,OPEN-GEN,Telangana,"Malla Reddy IMS, Hyderabad",ORTHOPAEDICS,-,-,-,-,940,1736(1),2042(1),2050(1),2050(1),2050(1),2050(1),-,-,-,-,-,-,-
Tel Govt-NS LOC,OPEN-FEM,Telangana,"ESIC Med Coll,Sanath Nagar",ORTHOPAEDICS,"₹2,50,000*","₹1,26,927*",2*,"₹10,00,000*",690,1068(1),2068(1),1070(1),1070(1),1070(1),1070(1),-,-,-,-,-,-,-
Tel Govt-NS LOC,OPEN-FEM,Telangana,"Mediciti IMS, Ghanpur",TBRD,"₹7,00,000*",Info not available*,1*,"₹20,00,000*",720,1605(1),1593(1),2072(1),2072(1),2072(1),2072(1),-,-,-,-,-,-,-
Tel Govt-NS UNR,MIN-FEM-MSM,Telangana,"DrVRK Womens MedColl,Aziznagar",PAEDIATRICS,"₹7,00,000*",Info not available*,1*,"₹20,00,000*",500,1913(1),1913(1),2074(1),2074(1),2074(1),2074(1),-,-,-,-,-,-,-
Tel Govt-NS LOC,BCB-FEM,Telangana,"Osmania Med Coll, Hyderabad",OPHTHALMOLOGY,"₹25,000*","₹58,289",1,"₹20,00,000",4800,-,-,2079(1),2079(1),2079(1),2079(1),-,-,-,-,-,-,-
Tel Govt-NS LOC,BCA-GEN,Telangana,"Malla Reddy(Women), Hyderabad",OBG,-,-,-,-,1050,2074(1),2074(1),2082(1),2082(1),2082(1),2082(1),-,-,-,-,-,-,-
Tel Govt-NS LOC,BCB-GEN,Telangana,"Surabhi InstituteofMS,Siddipet",OBG,"₹7,75,000*",Info not available*,1*,"₹20,00,000*",-,1583(1),1583(1),2090(1),2090(1),2090(1),2090(1),-,-,-,-,-,-,-
Tel Govt-NS LOC,BCE-GEN,Telangana,"Kakatiya Med Coll, Warangal",ANAESTHESIOLOGY,"₹25,000*","₹58,289",1,"₹20,00,000",1150,-,1926(1),2093(1),2093(1),2093(1),2093(1),-,-,-,-,-,-,-
Tel Govt-NS LOC,BCB-FEM,Telangana,"Malla Reddy(Women), Hyderabad",GENERAL SURGERY,-,-,-,-,1050,-,2088(1),2096(1),2096(1),2096(1),2096(1),-,-,-,-,-,-,-
Tel Govt-NS LOC,OPEN-GEN,Telangana,"MNR Med Coll, Sangareddy",TBRD,"₹7,00,000*",Info not available*,1*,"₹20,00,000*",760,1643(1),1863(1),2130(1),2130(1),2130(1),2130(1),-,-,-,-,-,-,-
Tel Govt-NS LOC,SC-GEN,Telangana,"Kakatiya Med Coll, Warangal",TBRD,"₹25,000*","₹58,289",1,"₹20,00,000",1150,1843(1),2157(1),2165(1),2165(1),2165(1),2165(1),-,-,-,-,-,-,-
Tel Govt-NS LOC,BCE-GEN,Telangana,"SVS Med Coll, Mehboobnagar",TBRD,"₹7,50,000*",Info not available*,1*,"₹20,00,000*",760,2186(1),2186(1),2194(1),2194(1),2194(1),2194(1),-,-,-,-,-,-,-
Tel Govt-NS UNR,BCE-GEN,Telangana,"MNR Med Coll, Sangareddy",GENERAL SURGERY,"₹7,00,000*",Info not available*,1*,"₹20,00,000*",760,1982(1),1985(1),2189(1),2201(1),2201(1),2201(1),-,-,-,-,-,-,-
Tel Govt-NS LOC,BCA-GEN,Telangana,"Dr Patnam MRInstofMS,Chevella",OBG,"₹7,00,000*",Info not available*,1*,"₹20,00,000*",-,2198(1),2198(1),2207(1),2207(1),2207(1),2207(1),-,-,-,-,-,-,-
Tel Govt-NS LOC,BCA-FEM,Telangana,"Mamata Med Coll, Khammam",OBG,"₹7,50,000*",Info not available*,1*,"₹20,00,000*",1080,-,-,2211(1),2211(1),2211(1),2211(1),-,-,-,-,-,-,-
Tel Govt-NS LOC,SC-GEN,Telangana,"RVM IMSRC, Siddipet",DERMATOLOGY,"₹7,00,000*",Info not available*,1*,"₹20,00,000*",1110,2203(1),2203(1),2212(1),2212(1),2212(1),2212(1),-,-,-,-,-,-,-
Tel Govt-NS LOC,OPEN-FEM,Telangana,"Prathima IMS, Karimnagar",OPHTHALMOLOGY,"₹7,50,000*",Info not available*,1*,"₹20,00,000*",1060,-,-,2220(1),2220(1),2220(1),2220(1),-,-,-,-,-,-,-
Tel Govt-NS UNR,BCB-GEN,Telangana,"Malla Reddy IMS, Hyderabad",TBRD,-,-,-,-,940,1241(1),1433(1),1672(1),2221(1),2221(1),2221(1),-,-,-,-,-,-,-
Tel Govt-NS LOC,BCA-GEN,Telangana,"Rajiv Gandhi IMS, Adilabad",ANAESTHESIOLOGY,"₹25,000*","₹58,289",1,"₹20,00,000",Info Not Available,1746(1),1746(1),2237(1),2237(1),2237(1),2237(1),-,-,-,-,-,-,-
Tel Govt-NS LOC,BCB-GEN,Telangana,"Rajiv Gandhi IMS, Adilabad",ENT,"₹25,000*","₹58,289",1,"₹20,00,000",Info Not Available,1791(1),1791(1),2242(1),2242(1),2242(1),2242(1),-,-,-,-,-,-,-
Tel Govt-NS LOC,BCB-FEM,Telangana,"MNR Med Coll, Sangareddy",TBRD,"₹7,00,000*",Info not available*,1*,"₹20,00,000*",760,1964(1),1964(1),2247(1),2247(1),2247(1),2247(1),-,-,-,-,-,-,-
Tel Govt-NS LOC,BCD-GEN,Telangana,"Govt Med Coll, Nizamabad",ENT,"₹25,000*","₹58,289",1,"₹20,00,000",500,1666(1),1666(1),2258(1),2258(1),2258(1),2258(1),-,-,-,-,-,-,-
Tel Govt-NS LOC,BCD-FEM,Telangana,"Mamata Med Coll, Khammam",ENT,"₹7,50,000*",Info not available*,1*,"₹20,00,000*",1080,2252(1),2252(1),2261(1),2261(1),2261(1),2261(1),-,-,-,-,-,-,-
Tel Govt-NS LOC,BCB-GEN,Telangana,"Govt Med Coll, Nizamabad",TBRD,"₹25,000*","₹58,289",1,"₹20,00,000",500,456(1),1136(1),1138(1),2269(2),2269(2),2269(2),-,-,-,-,-,-,-
Tel Govt-NS LOC,BCA-GEN,Telangana,"Apollo IMSR, Hyderabad",ORTHOPAEDICS,"₹7,50,000*",Info not available*,1*,"₹20,00,000*",570,2263(1),2263(1),2272(1),2272(1),2272(1),2272(1),-,-,-,-,-,-,-
Tel Govt-NS LOC,OPEN-GEN,Telangana,"Mediciti IMS, Ghanpur",GENERAL SURGERY,"₹7,00,000*",Info not available*,1*,"₹20,00,000*",720,1720(1),1841(1),2275(1),2275(1),2275(1),2275(1),-,-,-,-,-,-,-
Tel Govt-NS LOC,BCB-GEN,Telangana,"Bhaskar Med Coll, Yenkapally",ORTHOPAEDICS,"₹7,50,000*",Info not available*,1*,"₹20,00,000*",850,2270(1),2270(1),2279(1),2279(1),2279(1),2279(1),-,-,-,-,-,-,-
Tel Govt-NS LOC,BCD-GEN,Telangana,"Malla Reddy(Women), Hyderabad",ORTHOPAEDICS,-,-,-,-,1050,2279(1),2279(1),2288(1),2288(1),2288(1),2288(1),-,-,-,-,-,-,-
Tel Govt-NS LOC,SC-GEN,Telangana,"Govt Med Coll, Nizamabad",OBG,"₹25,000*","₹58,289",1,"₹20,00,000",500,1733(1),2022(1),2304(1),2304(1),2304(1),2304(1),-,-,-,-,-,-,-
Tel Govt-NS LOC,BCE-FEM,Telangana,"Mediciti IMS, Ghanpur",OBG,"₹7,00,000*",Info not available*,1*,"₹20,00,000*",720,2083(1),2309(1),2318(1),2318(1),2318(1),2318(1),-,-,-,-,-,-,-
Tel Govt-NS LOC,SC-FEM,Telangana,"SVS Med Coll, Mehboobnagar",DERMATOLOGY,"₹7,50,000*",Info not available*,1*,"₹20,00,000*",760,2321(1),2321(1),2330(1),2330(1),2330(1),2330(1),-,-,-,-,-,-,-
Tel Govt-NS LOC,BCB-FEM,Telangana,"Govt Med Coll, Siddipet",OPHTHALMOLOGY,"₹25,000*","₹58,289",1,"₹20,00,000",780,1449(1),1449(1),2331(1),2331(1),2331(1),2331(1),-,-,-,-,-,-,-
Tel Govt-NS LOC,SC-GEN,Telangana,"Malla Reddy IMS, Hyderabad",OBG,-,-,-,-,940,2149(1),2327(1),2336(1),2336(1),2336(1),2336(1),-,-,-,-,-,-,-
Tel Govt-NS LOC,OPEN-GEN,Telangana,"Bhaskar Med Coll, Yenkapally",GENERAL SURGERY,"₹7,50,000*",Info not available*,1*,"₹20,00,000*",850,1758(1),1406(1),2344(1),2344(1),2344(1),2344(1),-,-,-,-,-,-,-
Tel Govt-NS UNR,OPEN-FEM,Telangana,"Malla Reddy(Women), Hyderabad",ANAESTHESIOLOGY,-,-,-,-,1050,1302(1),1684(1),2345(1),2345(1),2345(1),2345(1),-,-,-,-,-,-,-
Tel Govt-NS UNR,BCE-FEM,Telangana,"Rajiv Gandhi IMS, Adilabad",ANAESTHESIOLOGY,"₹25,000*","₹58,289",1,"₹20,00,000",Info Not Available,1728(1),2339(1),2348(1),2348(1),2348(1),2348(1),-,-,-,-,-,-,-
Tel Govt-NS LOC,BCD-GEN,Telangana,"Gandhi Med Coll, Secunderabad",ANAESTHESIOLOGY,"₹25,000*","₹58,289",1,"₹20,00,000",1200,1172(1),1421(1),2377(1),2377(1),2377(1),2377(1),-,-,-,-,-,-,-
Tel Govt-NS UNR,BCB-FEM,Telangana,"SVS Med Coll, Mehboobnagar",ENT,"₹7,50,000*",Info not available*,1*,"₹20,00,000*",760,2380(1),2284(1),2293(1),2293(1),2293(1),2293(1),-,-,-,-,-,-,-
Tel Govt-NS UNR,BCB-GEN,Telangana,"Govt Med Coll, Nizamabad",ANAESTHESIOLOGY,"₹25,000*","₹58,289",1,"₹20,00,000",500,-,1418(1),1873(1),2387(1),2387(1),2387(1),-,-,-,-,-,-,-
Tel Govt-NS LOC,BCC-GEN,Telangana,"Malla Reddy IMS, Hyderabad",RADIO DIAGNOSIS,-,-,-,-,940,2395(1),2395(1),2404(1),2404(1),2404(1),2404(1),-,-,-,-,-,-,-
Tel Govt-NS LOC,BCE-FEM,Telangana,"SVS Med Coll, Mehboobnagar",OPHTHALMOLOGY,"₹7,50,000*",Info not available*,1*,"₹20,00,000*",760,2208(1),2397(1),2406(1),2406(1),2406(1),2406(1),-,-,-,-,-,-,-
Tel Govt-NS UNR,BCD-FEM,Telangana,"Kamineni (KAMSRC), Hyderabad",GENERAL SURGERY,"₹7,00,000*",Info not available*,1*,"₹20,00,000*",650,1323(1),1965(1),2409(1),2409(1),2409(1),2409(1),-,-,-,-,-,-,-
Tel Govt-NS LOC,OPEN-FEM,Telangana,"Kamineni IMS, Narketpally",GENERAL SURGERY,"₹7,50,000*",Info not available*,1*,"₹20,00,000*",1060,1655(1),2034(1),2411(1),2411(1),2411(1),2411(1),-,-,-,-,-,-,-
Tel Govt-NS LOC,OPEN-GEN,Telangana,"Dr Patnam MRInstofMS,Chevella",ORTHOPAEDICS,"₹7,00,000*",Info not available*,1*,"₹20,00,000*",-,2408(1),2408(1),2417(1),2417(1),2417(1),2417(1),-,-,-,-,-,-,-
Tel Govt-NS LOC,BCB-FEM,Telangana,"Osmania Med Coll, Hyderabad",RADIATION ONCOLOGY,"₹25,000*","₹58,289",1,"₹20,00,000",4800,2423(1),2423(1),2432(1),2432(1),2432(1),2432(1),-,-,-,-,-,-,-
Tel Govt-NS LOC,BCA-GEN,Telangana,"Kamineni (KAMSRC), Hyderabad",ORTHOPAEDICS,"₹7,00,000*",Info not available*,1*,"₹20,00,000*",650,2430(1),2430(1),2439(1),2439(1),2439(1),2439(1),-,-,-,-,-,-,-
Tel Govt-NS LOC,BCC-FEM,Telangana,"Govt Med Coll, Nizamabad",ANAESTHESIOLOGY,"₹25,000*","₹58,289",1,"₹20,00,000",500,2432(1),2432(1),2441(1),2441(1),2441(1),2441(1),-,-,-,-,-,-,-
Tel Govt-NS LOC,OPEN-FEM,Telangana,"Malla Reddy IMS, Hyderabad",ANAESTHESIOLOGY,-,-,-,-,940,2122(1),2122(1),2448(1),2448(1),2448(1),2448(1),-,-,-,-,-,-,-
Tel Govt-NS UNR,SC-GEN,Telangana,"Osmania Med Coll, Hyderabad",ANAESTHESIOLOGY,"₹25,000*","₹58,289",1,"₹20,00,000",4800,2300(1),2300(1),2451(1),2451(1),2451(1),2451(1),-,-,-,-,-,-,-
Tel Govt-NS LOC,MIN-FEM-MSM,Telangana,"Shadan IMSRC, Peerancheru",ENT,"₹7,50,000*",Info not available*,1*,"₹20,00,000*",800,2455(1),2455(1),2464(1),2464(1),2464(1),2464(1),-,-,-,-,-,-,-
Tel Govt-NS LOC,SC-FEM,Telangana,"Surabhi InstituteofMS,Siddipet",RADIO DIAGNOSIS,"₹7,75,000*",Info not available*,1*,"₹20,00,000*",-,2457(1),2457(1),2466(1),2466(1),2466(1),2466(1),-,-,-,-,-,-,-
Tel Govt-NS LOC,OPEN-GEN,Telangana,"Bhaskar Med Coll, Yenkapally",ANAESTHESIOLOGY,"₹7,50,000*",Info not available*,1*,"₹20,00,000*",850,2446(1),2446(1),2467(1),2467(1),2467(1),2467(1),-,-,-,-,-,-,-
Tel Govt-NS LOC,BCB-GEN,Telangana,"Kamineni IMS, Narketpally",EMERGENCY MEDICINE,"₹7,50,000*",Info not available*,1*,"₹20,00,000*",1060,-,2469(1),2478(1),2478(1),2478(1),2478(1),-,-,-,-,-,-,-
Tel Govt-NS LOC,SC-GEN,Telangana,"Kakatiya Med Coll, Warangal",ORTHOPAEDICS,"₹25,000*","₹58,289",1,"₹20,00,000",1150,2483(1),2483(1),2492(1),2492(1),2492(1),2492(1),-,-,-,-,-,-,-
Tel Govt-NS LOC,BCE-GEN,Telangana,"Apollo IMSR, Hyderabad",ANAESTHESIOLOGY,"₹7,50,000*",Info not available*,1*,"₹20,00,000*",570,2255(1),2208(1),2507(1),2507(1),2507(1),2507(1),-,-,-,-,-,-,-
Tel Govt-NS LOC,SC-FEM,Telangana,"Malla Reddy IMS, Hyderabad",PAEDIATRICS,-,-,-,-,940,2501(1),2501(1),2510(1),2510(1),2510(1),2510(1),-,-,-,-,-,-,-
Tel Govt-NS LOC,BCC-GEN,Telangana,"ESIC Med Coll,Sanath Nagar",SPM,"₹2,50,000*","₹1,26,927*",2*,"₹10,00,000*",690,2502(1),2502(1),2511(1),2511(1),2511(1),2511(1),-,-,-,-,-,-,-
Tel Govt-NS LOC,OPEN-GEN,Telangana,"Malla Reddy IMS, Hyderabad",ANAESTHESIOLOGY,-,-,-,-,940,2153(3),2153(3),2524(3),2524(3),2524(3),2524(3),-,-,-,-,-,-,-
Tel Govt-Serv LOC,OPEN-GEN,Telangana,"Osmania Med Coll, Hyderabad",GENERAL MEDICINE,"₹25,000*","₹58,289",1,"₹20,00,000",4800,2521(1),2521(1),2531(1),2531(1),2531(1),2531(1),-,-,-,-,-,-,-
Tel Govt-NS UNR,BCD-GEN,Telangana,"Govt Med Coll, Nizamabad",PSYCHIATRY,"₹25,000*","₹58,289",1,"₹20,00,000",500,1654(1),1976(1),2534(1),2534(1),2534(1),2534(1),-,-,-,-,-,-,-
Tel Govt-NS LOC,SC-FEM,Telangana,"Prathima IMS, Karimnagar",OBG,"₹7,50,000*",Info not available*,1*,"₹20,00,000*",1060,2528(1),2528(1),2538(1),2538(1),2538(1),2538(1),-,-,-,-,-,-,-
Tel Govt-NS UNR,SC-FEM,Telangana,"Malla Reddy IMS, Hyderabad",GENERAL MEDICINE,-,-,-,-,940,2534(1),2534(1),2544(1),2544(1),2544(1),2544(1),-,-,-,-,-,-,-
Tel Govt-NS LOC,BCB-GEN,Telangana,"Kamineni IMS, Narketpally",GENERAL SURGERY,"₹7,50,000*",Info not available*,1*,"₹20,00,000*",1060,1708(1),1758(1),2550(1),2550(1),2550(1),2550(1),-,-,-,-,-,-,-
Tel Govt-NS LOC,OPEN-GEN,Telangana,"Govt Med Coll, Mahabubnagar",PATHOLOGY,"₹25,000*","₹58,289",1,"₹20,00,000",900,2267(1),2543(1),2554(1),2554(1),2554(1),2554(1),-,-,-,-,-,-,-
Tel Govt-NS LOC,BCD-FEM,Telangana,"Kamineni (KAMSRC), Hyderabad",ANAESTHESIOLOGY,"₹7,00,000*",Info not available*,1*,"₹20,00,000*",650,-,-,2555(1),2555(1),2555(1),2555(1),-,-,-,-,-,-,-
Tel Govt-NS LOC,OPEN-FEM,Telangana,"Malla Reddy(Women), Hyderabad",ANAESTHESIOLOGY,-,-,-,-,1050,-,-,2556(1),2556(1),2556(1),2556(1),-,-,-,-,-,-,-
Tel Govt-NS UNR,OPEN-FEM,Telangana,"Bhaskar Med Coll, Yenkapally",OPHTHALMOLOGY,"₹7,50,000*",Info not available*,1*,"₹20,00,000*",850,1324(1),1955(1),2580(1),2580(1),2580(1),2580(1),-,-,-,-,-,-,-
Tel Govt-NS LOC,OPEN-GEN,Telangana,"SVS Med Coll, Mehboobnagar",OPHTHALMOLOGY,"₹7,50,000*",Info not available*,1*,"₹20,00,000*",760,1983(1),1953(1),2596(1),2596(1),2596(1),2596(1),-,-,-,-,-,-,-
Tel Govt-NS UNR,SC-GEN,Telangana,"Kamineni IMS, Narketpally",GENERAL MEDICINE,"₹7,50,000*",Info not available*,1*,"₹20,00,000*",1060,1944(1),1944(1),2597(1),2597(1),2597(1),2597(1),-,-,-,-,-,-,-
Tel Govt-NS LOC,BCE-FEM,Telangana,"Osmania Med Coll, Hyderabad",DO,"₹25,000*","₹58,289",1,"₹10,00,000",4800,2589(1),2589(1),2600(1),2600(1),2600(1),2600(1),-,-,-,-,-,-,-
Tel Govt-NS LOC,SC-FEM,Telangana,"Malla Reddy(Women), Hyderabad",GENERAL MEDICINE,-,-,-,-,1050,2592(1),2592(1),2603(1),2603(1),2603(1),2603(1),-,-,-,-,-,-,-
Tel Govt-NS UNR,OPEN-GEN,Telangana,"Mediciti IMS, Ghanpur",OPHTHALMOLOGY,"₹7,00,000*",Info not available*,1*,"₹20,00,000*",720,1355(1),2064(1),2352(1),2605(1),2605(1),2605(1),-,-,-,-,-,-,-
Tel Govt-NS LOC,BCD-FEM,Telangana,"Apollo IMSR, Hyderabad",OPHTHALMOLOGY,"₹7,50,000*",Info not available*,1*,"₹20,00,000*",570,2595(1),2595(1),2606(1),2606(1),2606(1),2606(1),-,-,-,-,-,-,-
Tel Govt-NS LOC,ST-FEM,Telangana,"Gandhi Med Coll, Secunderabad",PAEDIATRICS,"₹25,000*","₹58,289",1,"₹20,00,000",1200,2190(1),2597(1),2608(1),2608(1),2608(1),2608(1),-,-,-,-,-,-,-
Tel Govt-NS LOC,OPEN-GEN,Telangana,"Malla Reddy IMS, Hyderabad",OPHTHALMOLOGY,-,-,-,-,940,1738(1),1738(1),2617(1),2617(1),2617(1),2617(1),-,-,-,-,-,-,-
Tel Govt-NS UNR,OPEN-GEN,Telangana,"CAIMS, Karimnagar",ANAESTHESIOLOGY,"₹7,75,000*",Info not available*,1*,"₹20,00,000*",1000,-,1864(1),2618(1),2618(1),2618(1),2618(1),-,-,-,-,-,-,-
Tel Govt-NS LOC,BCA-GEN,Telangana,"Prathima IMS, Karimnagar",GENERAL SURGERY,"₹7,50,000*",Info not available*,1*,"₹20,00,000*",1060,2615(1),2615(1),2626(1),2626(1),2626(1),2626(1),-,-,-,-,-,-,-
Tel Govt-NS UNR,MIN-GEN-MSM,Telangana,"DCMS, Hyderabad",ANAESTHESIOLOGY,"₹7,75,000*",Info not available*,1*,"₹20,00,000*",1400,2124(1),2566(1),2638(1),2638(1),2638(1),2638(1),-,-,-,-,-,-,-
Tel Govt-NS LOC,BCB-GEN,Telangana,"ESIC Med Coll,Sanath Nagar",OPHTHALMOLOGY,"₹2,50,000*","₹1,26,927*",2*,"₹10,00,000*",690,1292(1),1377(1),2182(1),2645(1),2645(1),2645(1),-,-,-,-,-,-,-
Tel Govt-NS LOC,BCB-FEM,Telangana,"Kamineni IMS, Narketpally",ANAESTHESIOLOGY,"₹7,50,000*",Info not available*,1*,"₹20,00,000*",1060,-,2638(1),2649(1),2649(1),2649(1),2649(1),-,-,-,-,-,-,-
Tel Govt-NS UNR,SC-FEM,Telangana,"Prathima IMS, Karimnagar",PAEDIATRICS,"₹7,50,000*",Info not available*,1*,"₹20,00,000*",1060,2640(1),2640(1),2651(1),2651(1),2651(1),2651(1),-,-,-,-,-,-,-
Tel Govt-NS LOC,BCD-GEN,Telangana,"SVS Med Coll, Mehboobnagar",ORTHOPAEDICS,"₹7,50,000*",Info not available*,1*,"₹20,00,000*",760,-,2645(1),2656(1),2656(1),2656(1),2656(1),-,-,-,-,-,-,-
Tel Govt-NS LOC,SC-GEN,Telangana,"CAIMS, Karimnagar",PAEDIATRICS,"₹7,75,000*",Info not available*,1*,"₹20,00,000*",1000,2647(1),2647(1),2658(1),2658(1),2658(1),2658(1),-,-,-,-,-,-,-
Tel Govt-NS LOC,BCA-FEM,Telangana,"Mamata Med Coll, Khammam",GENERAL SURGERY,"₹7,50,000*",Info not available*,1*,"₹20,00,000*",1080,2648(1),2648(1),2659(1),2659(1),2659(1),2659(1),-,-,-,-,-,-,-
Tel Govt-NS LOC,OPEN-GEN,Telangana,"Mamata Med Coll, Khammam",OPHTHALMOLOGY,"₹7,50,000*",Info not available*,1*,"₹20,00,000*",1080,2038(1),2071(1),2674(1),2674(1),2674(1),2674(1),-,-,-,-,-,-,-
Tel Govt-NS LOC,ST-FEM,Telangana,"Kakatiya Med Coll, Warangal",OBG,"₹25,000*","₹58,289",1,"₹20,00,000",1150,2674(1),2674(1),2685(1),2685(1),2685(1),2685(1),-,-,-,-,-,-,-
Tel Govt-NS UNR,BCC-GEN,Telangana,"Prathima IMS, Karimnagar",ORTHOPAEDICS,"₹7,50,000*",Info not available*,1*,"₹20,00,000*",1060,2683(1),2683(1),2694(1),2694(1),2694(1),2694(1),-,-,-,-,-,-,-
Tel Govt-NS LOC,BCD-GEN,Telangana,"Bhaskar Med Coll, Yenkapally",GENERAL SURGERY,"₹7,50,000*",Info not available*,1*,"₹20,00,000*",850,2348(1),2271(1),2696(1),2696(1),2696(1),2696(1),-,-,-,-,-,-,-
Tel Govt-NS UNR,OPEN-FEM,Telangana,"Kamineni IMS, Narketpally",ENT,"₹7,50,000*",Info not available*,1*,"₹20,00,000*",1060,1306(1),2196(1),2699(1),2699(1),2699(1),2699(1),-,-,-,-,-,-,-
Tel Govt-NS LOC,SC-GEN,Telangana,"SVS Med Coll, Mehboobnagar",OBG,"₹7,50,000*",Info not available*,1*,"₹20,00,000*",760,2691(1),2691(1),2702(1),2702(1),2702(1),2702(1),-,-,-,-,-,-,-
Tel Govt-NS LOC,SC-FEM,Telangana,"Govt Med Coll, Siddipet",GENERAL SURGERY,"₹25,000*","₹58,289",1,"₹20,00,000",780,1795(1),2342(1),2714(1),2714(1),2714(1),2714(1),-,-,-,-,-,-,-
Tel Govt-NS LOC,BCC-GEN,Telangana,"Kamineni (KAMSRC), Hyderabad",GENERAL MEDICINE,"₹7,00,000*",Info not available*,1*,"₹20,00,000*",650,2707(1),2707(1),2718(1),2718(1),2718(1),2718(1),-,-,-,-,-,-,-
Tel Govt-NS LOC,BCD-GEN,Telangana,"Malla Reddy IMS, Hyderabad",OPHTHALMOLOGY,-,-,-,-,940,-,-,2736(1),2736(1),2736(1),2736(1),-,-,-,-,-,-,-
Tel Govt-NS LOC,BCA-GEN,Telangana,"Kamineni (KAMSRC), Hyderabad",EMERGENCY MEDICINE,"₹7,00,000*",Info not available*,1*,"₹20,00,000*",650,2228(1),2734(1),2745(1),2745(1),2745(1),2745(1),-,-,-,-,-,-,-
Tel Govt-NS UNR,OPEN-GEN,Telangana,"NIMS, Hyderabad",HOSPITAL ADMINISTRATION,"₹72,000*","₹1,11,780",1,"₹50,00,000",1498,2224(1),2390(1),2747(1),2747(1),2747(1),2747(1),-,-,-,-,-,-,-
Tel Govt-NS LOC,BCA-FEM,Telangana,"RVM IMSRC, Siddipet",GENERAL SURGERY,"₹7,00,000*",Info not available*,1*,"₹20,00,000*",1110,2417(1),2417(1),2765(1),2765(1),2765(1),2765(1),-,-,-,-,-,-,-
Tel Govt-NS LOC,SC-GEN,Telangana,"Mamata Med Coll, Khammam",PAEDIATRICS,"₹7,50,000*",Info not available*,1*,"₹20,00,000*",1080,2586(1),2759(1),2771(1),2771(1),2771(1),2771(1),-,-,-,-,-,-,-
Tel Govt-Serv LOC,OPEN-GEN,Telangana,"ESIC Med Coll,Sanath Nagar",RADIO DIAGNOSIS,"₹2,50,000*","₹1,26,927*",2*,"₹10,00,000*",690,2807(1),2807(1),2819(1),2819(1),2819(1),2819(1),-,-,-,-,-,-,-
Tel Govt-NS LOC,BCA-GEN,Telangana,"Mahavir Inst of MS, Vikarabad",GENERAL SURGERY,"₹7,00,000*",Info not available*,1*,"₹20,00,000*",700,2679(1),2754(1),2823(1),2823(1),2823(1),2823(1),-,-,-,-,-,-,-
Tel Govt-NS LOC,BCA-FEM,Telangana,"Malla Reddy IMS, Hyderabad",ANAESTHESIOLOGY,-,-,-,-,940,2816(1),2816(1),2828(1),2828(1),2828(1),2828(1),-,-,-,-,-,-,-
Tel Govt-NS LOC,BCA-FEM,Telangana,"Malla Reddy(Women), Hyderabad",ANAESTHESIOLOGY,-,-,-,-,1050,2827(1),2827(1),2840(1),2840(1),2840(1),2840(1),-,-,-,-,-,-,-
Tel Govt-NS LOC,SC-GEN,Telangana,"Kamineni (KAMSRC), Hyderabad",OBG,"₹7,00,000*",Info not available*,1*,"₹20,00,000*",650,2295(1),2295(1),2842(1),2842(1),2842(1),2842(1),-,-,-,-,-,-,-
Tel Govt-NS LOC,OPEN-GEN,Telangana,"Malla Reddy IMS, Hyderabad",GENERAL SURGERY,-,-,-,-,940,1372(2),1317(2),1618(2),2786(2),2852(2),2852(2),-,-,-,-,-,-,-
Tel Govt-NS UNR,BCA-GEN,Telangana,"MNR Med Coll, Sangareddy",ANAESTHESIOLOGY,"₹7,00,000*",Info not available*,1*,"₹20,00,000*",760,2561(1),2607(1),2870(1),2870(1),2870(1),2870(1),-,-,-,-,-,-,-
Tel Govt-NS LOC,BCB-GEN,Telangana,"Mamata Med Coll, Khammam",OPHTHALMOLOGY,"₹7,50,000*",Info not available*,1*,"₹20,00,000*",1080,2071(1),2082(1),2871(1),2871(1),2871(1),2871(1),-,-,-,-,-,-,-
Tel Govt-NS LOC,BCB-FEM,Telangana,"Malla Reddy IMS, Hyderabad",ANAESTHESIOLOGY,-,-,-,-,940,2322(1),2322(1),2876(1),2876(1),2876(1),2876(1),-,-,-,-,-,-,-
Tel Govt-NS LOC,SC-GEN,Telangana,"Apollo IMSR, Hyderabad",GENERAL SURGERY,"₹7,50,000*",Info not available*,1*,"₹20,00,000*",570,2869(1),2869(1),2883(1),2883(1),2883(1),2883(1),-,-,-,-,-,-,-
Tel Govt-NS LOC,SC-FEM,Telangana,"Kakatiya Med Coll, Warangal",ANAESTHESIOLOGY,"₹25,000*","₹58,289",1,"₹20,00,000",1150,1599(1),2876(1),2890(1),2890(1),2890(1),2890(1),-,-,-,-,-,-,-
Tel Govt-NS LOC,OPEN-GEN,Telangana,"Kakatiya Med Coll, Warangal",PATHOLOGY,"₹25,000*","₹58,289",1,"₹20,00,000",1150,2424(1),2747(1),2891(1),2891(1),2891(1),2891(1),-,-,-,-,-,-,-
Tel Govt-NS LOC,SC-GEN,Telangana,"Kamineni IMS, Narketpally",PAEDIATRICS,"₹7,50,000*",Info not available*,1*,"₹20,00,000*",1060,2703(1),2703(1),2894(1),2894(1),2894(1),2894(1),-,-,-,-,-,-,-
Tel Govt-NS UNR,BCB-FEM,Telangana,"SVS Med Coll, Mehboobnagar",ANAESTHESIOLOGY,"₹7,50,000*",Info not available*,1*,"₹20,00,000*",760,-,-,2896(1),2896(1),2896(1),2896(1),-,-,-,-,-,-,-
Tel Govt-NS UNR,SC-FEM,Telangana,"Mamata Med Coll, Khammam",TBRD,"₹7,50,000*",Info not available*,1*,"₹20,00,000*",1080,2677(1),2883(1),2898(1),2898(1),2898(1),2898(1),-,-,-,-,-,-,-
Tel Govt-NS LOC,SC-GEN,Telangana,"Malla Reddy IMS, Hyderabad",GENERAL SURGERY,-,-,-,-,940,2851(1),2887(2),2902(2),2902(2),2902(2),2902(2),-,-,-,-,-,-,-
Tel Govt-NS LOC,BCC-GEN,Telangana,"Bhaskar Med Coll, Yenkapally",ORTHOPAEDICS,"₹7,50,000*",Info not available*,1*,"₹20,00,000*",850,2906(1),2906(1),2921(1),2921(1),2921(1),2921(1),-,-,-,-,-,-,-
Tel Govt-NS LOC,ST-FEM,Telangana,"Prathima IMS, Karimnagar",DERMATOLOGY,"₹7,50,000*",Info not available*,1*,"₹20,00,000*",1060,2911(1),2911(1),2926(1),2926(1),2926(1),2926(1),-,-,-,-,-,-,-
Tel Govt-NS UNR,BCB-GEN,Telangana,"Prathima IMS, Karimnagar",GENERAL SURGERY,"₹7,50,000*",Info not available*,1*,"₹20,00,000*",1060,1378(1),1556(1),2230(1),2929(1),2929(1),2929(1),-,-,-,-,-,-,-
Tel Govt-NS LOC,MIN-FEM-MSM,Telangana,"Shadan IMSRC, Peerancheru",OPHTHALMOLOGY,"₹7,50,000*",Info not available*,1*,"₹20,00,000*",800,2919(1),2919(1),2934(1),2934(1),2934(1),2934(1),-,-,-,-,-,-,-
Tel Govt-NS LOC,OPEN-GEN,Telangana,"Kamineni IMS, Narketpally",ORTHOPAEDICS,"₹7,50,000*",Info not available*,1*,"₹20,00,000*",1060,2135(1),2230(1),2937(1),2937(1),2937(1),2937(1),-,-,-,-,-,-,-
Tel Govt-NS LOC,BCE-GEN,Telangana,"Bhaskar Med Coll, Yenkapally",TBRD,"₹7,50,000*",Info not available*,1*,"₹20,00,000*",850,-,2277(1),2939(1),2939(1),2939(1),2939(1),-,-,-,-,-,-,-
Tel Govt-NS UNR,SC-FEM,Telangana,"Mediciti IMS, Ghanpur",GENERAL SURGERY,"₹7,00,000*",Info not available*,1*,"₹20,00,000*",720,2942(1),2942(1),2957(1),2957(1),2957(1),2957(1),-,-,-,-,-,-,-
Tel Govt-NS LOC,SC-GEN,Telangana,"Surabhi InstituteofMS,Siddipet",GENERAL MEDICINE,"₹7,75,000*",Info not available*,1*,"₹20,00,000*",-,2110(1),2586(1),2976(1),2976(1),2976(1),2976(1),-,-,-,-,-,-,-
Tel Govt-NS LOC,OPEN-FEM,Telangana,"ESIC Med Coll,Sanath Nagar",PATHOLOGY,"₹2,50,000*","₹1,26,927*",2*,"₹10,00,000*",690,1825(1),2001(1),2983(2),2983(2),2983(2),2983(2),-,-,-,-,-,-,-
Tel Govt-NS LOC,BCA-GEN,Telangana,"Kamineni IMS, Narketpally",ORTHOPAEDICS,"₹7,50,000*",Info not available*,1*,"₹20,00,000*",1060,2734(1),2811(1),3022(1),3022(1),3022(1),3022(1),-,-,-,-,-,-,-
Tel Govt-NS LOC,ST-GEN,Telangana,"Bhaskar Med Coll, Yenkapally",RADIO DIAGNOSIS,"₹7,50,000*",Info not available*,1*,"₹20,00,000*",850,3014(1),3014(1),3029(1),3029(1),3029(1),3029(1),-,-,-,-,-,-,-
Tel Govt-NS LOC,BCA-GEN,Telangana,"Gandhi Med Coll, Secunderabad",PATHOLOGY,"₹25,000*","₹58,289",1,"₹20,00,000",1200,3021(1),3021(1),3037(1),3037(1),3037(1),3037(1),-,-,-,-,-,-,-
Tel Govt-NS LOC,ST-FEM,Telangana,"Kamineni IMS, Narketpally",RADIO DIAGNOSIS,"₹7,50,000*",Info not available*,1*,"₹20,00,000*",1060,3033(1),3033(1),3049(1),3049(1),3049(1),3049(1),-,-,-,-,-,-,-
Tel Govt-NS LOC,OPEN-GEN,Telangana,"RVM IMSRC, Siddipet",ENT,"₹7,00,000*",Info not available*,1*,"₹20,00,000*",1110,-,-,3064(1),3064(1),3064(1),3064(1),-,-,-,-,-,-,-
Tel Govt-NS UNR,SC-GEN,Telangana,"Osmania Med Coll, Hyderabad",RADIATION ONCOLOGY,"₹25,000*","₹58,289",1,"₹20,00,000",4800,3066(1),2405(1),2414(1),2414(1),2414(1),2414(1),-,-,-,-,-,-,-
Tel Govt-NS LOC,OPEN-GEN,Telangana,"Surabhi InstituteofMS,Siddipet",ORTHOPAEDICS,"₹7,75,000*",Info not available*,1*,"₹20,00,000*",-,-,-,-,3075(1),3075(1),3075(1),-,-,-,-,-,-,-
Tel Govt-NS UNR,OPEN-FEM,Telangana,"Kakatiya Med Coll, Warangal",SPM,"₹25,000*","₹58,289",1,"₹20,00,000",1150,3062(1),3062(1),3080(1),3080(1),3080(1),3080(1),-,-,-,-,-,-,-
Tel Govt-NS UNR,ST-GEN,Telangana,"Mediciti IMS, Ghanpur",RADIO DIAGNOSIS,"₹7,00,000*",Info not available*,1*,"₹20,00,000*",720,3064(1),3064(1),3082(1),3082(1),3082(1),3082(1),-,-,-,-,-,-,-
Tel Govt-NS LOC,SC-FEM,Telangana,"Kakatiya Med Coll, Warangal",OPHTHALMOLOGY,"₹25,000*","₹58,289",1,"₹20,00,000",1150,2241(1),3073(1),3091(1),3091(1),3091(1),3091(1),-,-,-,-,-,-,-
Tel Govt-NS LOC,BCC-GEN,Telangana,"NIMS, Hyderabad",PATHOLOGY,"₹72,000*","₹1,11,780",1,"₹50,00,000",1498,3077(1),3077(1),3095(1),3095(1),3095(1),3095(1),-,-,-,-,-,-,-
Tel Govt-NS LOC,BCE-GEN,Telangana,"Malla Reddy IMS, Hyderabad",ENT,-,-,-,-,940,3084(1),3084(1),3103(1),3103(1),3103(1),3103(1),-,-,-,-,-,-,-
Tel Govt-NS LOC,BCA-GEN,Telangana,"Malla Reddy IMS, Hyderabad",OPHTHALMOLOGY,-,-,-,-,940,2969(1),2969(1),3113(1),3113(1),3113(1),3113(1),-,-,-,-,-,-,-
Tel Govt-Serv UNR,OPEN-GEN,Telangana,"Osmania Med Coll, Hyderabad",PAEDIATRICS,"₹25,000*","₹58,289",1,"₹20,00,000",4800,3103(1),3103(1),3122(1),3122(1),3122(1),3122(1),-,-,-,-,-,-,-
Tel Govt-NS LOC,BCA-FEM,Telangana,"Kamineni IMS, Narketpally",OPHTHALMOLOGY,"₹7,50,000*",Info not available*,1*,"₹20,00,000*",1060,3109(1),3109(1),3129(1),3129(1),3129(1),3129(1),-,-,-,-,-,-,-
Tel Govt-NS LOC,BCB-FEM,Telangana,"Malla Reddy(Women), Hyderabad",ORTHOPAEDICS,-,-,-,-,1050,-,3110(1),3130(1),3130(1),3130(1),3130(1),-,-,-,-,-,-,-
Tel Govt-NS LOC,OPEN-GEN,Telangana,"MNR Med Coll, Sangareddy",ENT,"₹7,00,000*",Info not available*,1*,"₹20,00,000*",760,2459(1),2310(1),3133(1),3133(1),3133(1),3133(1),-,-,-,-,-,-,-
Tel Govt-NS LOC,OPEN-FEM,Telangana,"Kamineni (KAMSRC), Hyderabad",SPM,"₹4,30,000*",Info not available*,1*,"₹20,00,000*",650,3116(1),3116(1),3136(1),3136(1),3136(1),3136(1),-,-,-,-,-,-,-
Tel Govt-NS LOC,SC-GEN,Telangana,"Govt Med Coll, Nizamabad",ANAESTHESIOLOGY,"₹25,000*","₹58,289",1,"₹20,00,000",500,2442(1),2442(1),3139(1),2724(1),2724(1),2724(1),-,-,-,-,-,-,-
Tel Govt-NS LOC,OPEN-FEM,Telangana,"Kamineni (KAMSRC), Hyderabad",PATHOLOGY,"₹4,30,000*",Info not available*,1*,"₹20,00,000*",650,3121(1),3121(1),3141(1),3141(1),3141(1),3141(1),-,-,-,-,-,-,-
Tel Govt-NS LOC,SC-FEM,Telangana,"Osmania Med Coll, Hyderabad",ENT,"₹25,000*","₹58,289",1,"₹20,00,000",4800,2261(1),2936(1),3158(1),3158(1),3158(1),3158(1),-,-,-,-,-,-,-
Tel Govt-NS LOC,SC-FEM,Telangana,"Rajiv Gandhi IMS, Adilabad",ANAESTHESIOLOGY,"₹25,000*","₹58,289",1,"₹20,00,000",Info Not Available,-,-,3179(1),3179(1),3179(1),3179(1),-,-,-,-,-,-,-
Tel Govt-NS UNR,SC-GEN,Telangana,"Rajiv Gandhi IMS, Adilabad",OPHTHALMOLOGY,"₹25,000*","₹58,289",1,"₹20,00,000",Info Not Available,2278(1),2878(1),3189(1),3189(1),3189(1),3189(1),-,-,-,-,-,-,-
Tel Govt-NS LOC,BCE-GEN,Telangana,"ESIC Med Coll,Sanath Nagar",PMR,"₹2,50,000*","₹1,26,927*",2*,"₹10,00,000*",690,3177(1),3177(1),3199(1),3199(1),3199(1),3199(1),-,-,-,-,-,-,-
Tel Govt-NS LOC,SC-FEM,Telangana,"RVM IMSRC, Siddipet",OBG,"₹7,00,000*",Info not available*,1*,"₹20,00,000*",1110,2829(1),2880(1),3210(1),3210(1),3210(1),3210(1),-,-,-,-,-,-,-
Tel Govt-NS LOC,BCE-GEN,Telangana,"Malla Reddy IMS, Hyderabad",GENERAL SURGERY,-,-,-,-,940,-,-,3213(1),3213(1),3213(1),3213(1),-,-,-,-,-,-,-
Tel Govt-NS LOC,SC-GEN,Telangana,"Dr Patnam MRInstofMS,Chevella",ENT,"₹7,00,000*",Info not available*,1*,"₹20,00,000*",-,3193(1),3193(1),3215(1),3215(1),3215(1),3215(1),-,-,-,-,-,-,-
Tel Govt-NS LOC,SC-GEN,Telangana,"Kakatiya Med Coll, Warangal",ENT,"₹25,000*","₹58,289",1,"₹20,00,000",1150,2447(1),2802(1),3168(1),3221(1),3221(1),3221(1),-,-,-,-,-,-,-
Tel Govt-NS LOC,BCD-GEN,Telangana,"Prathima IMS, Karimnagar",ANAESTHESIOLOGY,"₹7,50,000*",Info not available*,1*,"₹20,00,000*",1060,2544(1),2725(1),3233(1),3233(1),3233(1),3233(1),-,-,-,-,-,-,-
Tel Govt-NS LOC,BCB-FEM,Telangana,"RVM IMSRC, Siddipet",ANAESTHESIOLOGY,"₹7,00,000*",Info not available*,1*,"₹20,00,000*",1110,2638(1),2796(1),3237(1),3237(1),3237(1),3237(1),-,-,-,-,-,-,-
Tel Govt-Serv LOC,OPEN-GEN,Telangana,"Gandhi Med Coll, Secunderabad",GENERAL MEDICINE,"₹25,000*","₹58,289",1,"₹20,00,000",1200,3221(1),3221(1),3243(1),3243(1),3243(1),3243(1),-,-,-,-,-,-,-
Tel Govt-NS LOC,BCE-GEN,Telangana,"Kakatiya Med Coll, Warangal",PSYCHIATRY,"₹25,000*","₹58,289",1,"₹20,00,000",1150,3226(1),3226(1),3248(1),3248(1),3248(1),3248(1),-,-,-,-,-,-,-
Tel Govt-NS LOC,ST-FEM,Telangana,"Malla Reddy IMS, Hyderabad",GENERAL MEDICINE,-,-,-,-,940,-,3239(1),3261(1),3261(1),3261(1),3261(1),-,-,-,-,-,-,-
Tel Govt-NS LOC,BCA-GEN,Telangana,"Prathima IMS, Karimnagar",ANAESTHESIOLOGY,"₹7,50,000*",Info not available*,1*,"₹20,00,000*",1060,2701(1),2708(1),3278(1),3278(1),3278(1),3278(1),-,-,-,-,-,-,-
Tel Govt-NS LOC,SC-GEN,Telangana,"Malla Reddy(Women), Hyderabad",ANAESTHESIOLOGY,-,-,-,-,1050,3247(1),3269(1),3292(1),3292(1),3292(1),3292(1),-,-,-,-,-,-,-
Tel Govt-NS LOC,SC-GEN,Telangana,"Prathima IMS, Karimnagar",OPHTHALMOLOGY,"₹7,50,000*",Info not available*,1*,"₹20,00,000*",1060,3073(1),3274(1),3297(1),3297(1),3297(1),3297(1),-,-,-,-,-,-,-
Tel Govt-NS LOC,SC-GEN,Telangana,"Malla Reddy IMS, Hyderabad",ANAESTHESIOLOGY,-,-,-,-,940,-,3276(1),3299(1),3299(1),3299(1),3299(1),-,-,-,-,-,-,-
Tel Govt-NS LOC,SC-GEN,Telangana,"RVM IMSRC, Siddipet",ORTHOPAEDICS,"₹7,00,000*",Info not available*,1*,"₹20,00,000*",1110,2961(1),2961(1),3316(1),3316(1),3316(1),3316(1),-,-,-,-,-,-,-
Tel Govt-NS LOC,BCE-FEM,Telangana,"SVS Med Coll, Mehboobnagar",ORTHOPAEDICS,"₹7,50,000*",Info not available*,1*,"₹20,00,000*",760,3060(1),3298(1),3321(1),3321(1),3321(1),3321(1),-,-,-,-,-,-,-
Tel Govt-NS LOC,BCD-FEM,Telangana,"RVM IMSRC, Siddipet",GENERAL SURGERY,"₹7,00,000*",Info not available*,1*,"₹20,00,000*",1110,-,-,3322(1),3322(1),3322(1),3322(1),-,-,-,-,-,-,-
Tel Govt-NS LOC,BCA-GEN,Telangana,"NIMS, Hyderabad",MICROBIOLOGY,"₹72,000*","₹1,11,780",1,"₹50,00,000",1498,3321(1),3321(1),3344(1),3344(1),3344(1),3344(1),-,-,-,-,-,-,-
Tel Govt-NS LOC,BCA-FEM,Telangana,"Mediciti IMS, Ghanpur",ENT,"₹7,00,000*",Info not available*,1*,"₹20,00,000*",720,3222(1),3222(1),3360(1),3360(1),3360(1),3360(1),-,-,-,-,-,-,-
Tel Govt-NS LOC,BCE-GEN,Telangana,"CAIMS, Karimnagar",ANAESTHESIOLOGY,"₹7,75,000*",Info not available*,1*,"₹20,00,000*",1000,-,-,3366(1),3366(1),3366(1),3366(1),-,-,-,-,-,-,-
Tel Govt-NS LOC,SC-GEN,Telangana,"Prathima IMS, Karimnagar",ORTHOPAEDICS,"₹7,50,000*",Info not available*,1*,"₹20,00,000*",1060,3345(1),3345(1),3369(1),3369(1),3369(1),3369(1),-,-,-,-,-,-,-
Tel Govt-NS UNR,OPEN-GEN,Telangana,"Osmania Med Coll, Hyderabad",PATHOLOGY,"₹25,000*","₹58,289",1,"₹20,00,000",4800,1384(1),1825(1),1812(1),3378(2),3378(2),3378(2),-,-,-,-,-,-,-
Tel Govt-NS LOC,SC-FEM,Telangana,"Gandhi Med Coll, Secunderabad",ORTHOPAEDICS,"₹25,000*","₹58,289",1,"₹20,00,000",1200,3188(1),3188(1),3384(1),3384(1),3384(1),3384(1),-,-,-,-,-,-,-
Tel Govt-NS LOC,BCE-FEM,Telangana,"Malla Reddy IMS, Hyderabad",ANAESTHESIOLOGY,-,-,-,-,940,2309(1),2388(1),3392(1),3392(1),3392(1),3392(1),-,-,-,-,-,-,-
Tel Govt-NS LOC,BCA-FEM,Telangana,"Dr Patnam MRInstofMS,Chevella",GENERAL SURGERY,"₹7,00,000*",Info not available*,1*,"₹20,00,000*",-,-,-,3398(1),3398(1),3398(1),3398(1),-,-,-,-,-,-,-
Tel Govt-NS LOC,BCB-FEM,Telangana,"Gandhi Med Coll, Secunderabad",PATHOLOGY,"₹25,000*","₹58,289",1,"₹20,00,000",1200,2552(1),2552(1),3402(1),3402(1),3402(1),3402(1),-,-,-,-,-,-,-
Tel Govt-NS LOC,SC-FEM,Telangana,"Govt Med Coll, Siddipet",PSYCHIATRY,"₹25,000*","₹58,289",1,"₹20,00,000",780,3133(1),3379(1),3404(1),3404(1),3404(1),3404(1),-,-,-,-,-,-,-
Tel Govt-NS LOC,OPEN-FEM,Telangana,"Gandhi Med Coll, Secunderabad",HOSPITAL ADMINISTRATION,"₹25,000*","₹58,289",1,"₹20,00,000",1200,3072(1),3380(1),3406(1),3406(1),3406(1),3406(1),-,-,-,-,-,-,-
Tel Govt-NS LOC,BCE-FEM,Telangana,"CAIMS, Karimnagar",GENERAL SURGERY,"₹7,75,000*",Info not available*,1*,"₹20,00,000*",1000,3260(1),3368(1),3412(1),3412(1),3412(1),3412(1),-,-,-,-,-,-,-
Tel Govt-NS UNR,SC-GEN,Telangana,"Bhaskar Med Coll, Yenkapally",ENT,"₹7,50,000*",Info not available*,1*,"₹20,00,000*",850,2810(1),2962(1),3425(1),3425(1),3425(1),3425(1),-,-,-,-,-,-,-
Tel Govt-NS LOC,SC-FEM,Telangana,"Kamineni IMS, Narketpally",OBG,"₹7,50,000*",Info not available*,1*,"₹20,00,000*",1060,-,2829(1),3444(1),3444(1),3444(1),3444(1),-,-,-,-,-,-,-
Tel Govt-NS LOC,ST-GEN,Telangana,"Govt Med Coll, Nizamabad",GENERAL SURGERY,"₹25,000*","₹58,289",1,"₹20,00,000",500,3423(1),3423(1),3451(1),3451(1),3451(1),3451(1),-,-,-,-,-,-,-
Tel Govt-NS LOC,MIN-FEM-MSM,Telangana,"DCMS, Hyderabad",PATHOLOGY,"₹4,30,000*",Info not available*,1*,"₹20,00,000*",1400,-,-,3456(1),3456(1),3456(1),3456(1),-,-,-,-,-,-,-
Tel Govt-NS UNR,OPEN-FEM,Telangana,"Prathima IMS, Karimnagar",ANAESTHESIOLOGY,"₹7,50,000*",Info not available*,1*,"₹20,00,000*",1060,1645(1),2077(1),2398(1),3457(1),3457(1),3457(1),-,-,-,-,-,-,-
Tel Govt-NS LOC,BCD-GEN,Telangana,"MNR Med Coll, Sangareddy",OPHTHALMOLOGY,"₹7,00,000*",Info not available*,1*,"₹20,00,000*",760,2060(1),2542(1),2931(1),3466(1),3466(1),3466(1),-,-,-,-,-,-,-
Tel Govt-NS LOC,BCA-FEM,Telangana,"Malla Reddy IMS, Hyderabad",PSYCHIATRY,-,-,-,-,940,3444(1),3444(1),3472(1),3472(1),3472(1),3472(1),-,-,-,-,-,-,-
Tel Govt-NS LOC,ST-GEN,Telangana,"SVS Med Coll, Mehboobnagar",GENERAL MEDICINE,"₹7,50,000*",Info not available*,1*,"₹20,00,000*",760,3450(1),3450(1),3478(1),3478(1),3478(1),3478(1),-,-,-,-,-,-,-
Tel Govt-NS LOC,BCD-FEM,Telangana,"SVS Med Coll, Mehboobnagar",PSYCHIATRY,"₹7,50,000*",Info not available*,1*,"₹20,00,000*",760,-,3487(1),2700(1),2700(1),2700(1),2700(1),-,-,-,-,-,-,-
Tel Govt-Serv LOC,OPEN-FEM,Telangana,"Gandhi Med Coll, Secunderabad",DERMATOLOGY,"₹25,000*","₹58,289",1,"₹20,00,000",1200,3467(1),3467(1),3495(1),3495(1),3495(1),3495(1),-,-,-,-,-,-,-
Tel Govt-NS LOC,SC-GEN,Telangana,"Kamineni (KAMSRC), Hyderabad",ANAESTHESIOLOGY,"₹7,00,000*",Info not available*,1*,"₹20,00,000*",650,3157(1),3157(1),3503(1),3503(1),3503(1),3503(1),-,-,-,-,-,-,-
Tel Govt-NS LOC,SC-GEN,Telangana,"Dr Patnam MRInstofMS,Chevella",OBG,"₹7,00,000*",Info not available*,1*,"₹20,00,000*",-,2880(1),3015(1),3525(1),3525(1),3525(1),3525(1),-,-,-,-,-,-,-
Tel Govt-NS LOC,OPEN-GEN,Telangana,"Rajiv Gandhi IMS, Adilabad",PATHOLOGY,"₹25,000*","₹58,289",1,"₹20,00,000",Info Not Available,2724(1),3016(1),3526(1),3526(1),3526(1),3526(1),-,-,-,-,-,-,-
Tel Govt-NS UNR,BCD-GEN,Telangana,"Mamata Med Coll, Khammam",ANAESTHESIOLOGY,"₹7,50,000*",Info not available*,1*,"₹20,00,000*",1080,2207(1),2094(1),2593(1),3527(1),3527(1),3527(1),-,-,-,-,-,-,-
Tel Govt-NS LOC,ST-GEN,Telangana,"Govt Med Coll, Siddipet",OBG,"₹25,000*","₹58,289",1,"₹20,00,000",780,3239(1),3504(1),3532(1),3532(1),3532(1),3532(1),-,-,-,-,-,-,-
Tel Govt-NS LOC,SC-FEM,Telangana,"SVS Med Coll, Mehboobnagar",GENERAL SURGERY,"₹7,50,000*",Info not available*,1*,"₹20,00,000*",760,3529(1),3254(1),3544(1),3544(1),3544(1),3544(1),-,-,-,-,-,-,-
Tel Govt-NS LOC,OPEN-FEM,Telangana,"Prathima IMS, Karimnagar",ENT,"₹7,50,000*",Info not available*,1*,"₹20,00,000*",1060,-,-,2918(1),3548(1),3548(1),3548(1),-,-,-,-,-,-,-
Tel Govt-NS UNR,OPEN-GEN,Telangana,"Osmania Med Coll, Hyderabad",PHARMACOLOGY,"₹25,000*","₹58,289",1,"₹20,00,000",4800,3534(1),3534(1),3562(1),3562(1),3562(1),3562(1),-,-,-,-,-,-,-
Tel Govt-NS LOC,SC-GEN,Telangana,"RVM IMSRC, Siddipet",TBRD,"₹7,00,000*",Info not available*,1*,"₹20,00,000*",1110,3015(1),3578(1),3464(1),3464(1),3464(1),3464(1),-,-,-,-,-,-,-
Tel Govt-NS LOC,ST-FEM,Telangana,"ESIC Med Coll,Sanath Nagar",ANAESTHESIOLOGY,"₹2,50,000*","₹1,26,927*",2*,"₹10,00,000*",690,3562(1),3562(1),3590(1),3590(1),3590(1),3590(1),-,-,-,-,-,-,-
Tel Govt-NS LOC,BCD-FEM,Telangana,"Osmania Med Coll, Hyderabad",ANAESTHESIOLOGY,"₹25,000*","₹58,289",1,"₹20,00,000",4800,1181(1),1357(1),2485(1),3598(1),3598(1),3598(1),-,-,-,-,-,-,-
Tel Govt-NS LOC,BCE-GEN,Telangana,"ESIC Med Coll,Sanath Nagar",IHBT,"₹2,50,000*","₹1,26,927*",2*,"₹10,00,000*",690,3576(1),3576(1),3604(1),3604(1),3604(1),3604(1),-,-,-,-,-,-,-
Tel Govt-NS LOC,BCC-GEN,Telangana,"ESIC Med Coll,Sanath Nagar",EMERGENCY MEDICINE,"₹2,50,000*","₹1,26,927*",2*,"₹10,00,000*",690,-,-,3614(1),3614(1),3614(1),3614(1),-,-,-,-,-,-,-
Tel Govt-NS LOC,SC-FEM,Telangana,"MNR Med Coll, Sangareddy",ENT,"₹7,00,000*",Info not available*,1*,"₹20,00,000*",760,3589(1),3589(1),3618(1),3618(1),3618(1),3618(1),-,-,-,-,-,-,-
Tel Govt-NS UNR,ST-GEN,Telangana,"Bhaskar Med Coll, Yenkapally",GENERAL SURGERY,"₹7,50,000*",Info not available*,1*,"₹20,00,000*",850,3606(1),3606(1),3636(1),3636(1),3636(1),3636(1),-,-,-,-,-,-,-
Tel Govt-NS LOC,BCD-GEN,Telangana,"Surabhi InstituteofMS,Siddipet",ANAESTHESIOLOGY,"₹7,75,000*",Info not available*,1*,"₹20,00,000*",-,2786(1),2786(1),3424(1),3651(1),3651(1),3651(1),-,-,-,-,-,-,-
Tel Govt-NS LOC,SC-GEN,Telangana,"Prathima IMS, Karimnagar",ANAESTHESIOLOGY,"₹7,50,000*",Info not available*,1*,"₹20,00,000*",1060,3274(1),3613(1),3675(1),3675(1),3675(1),3675(1),-,-,-,-,-,-,-
Tel Govt-NS LOC,BCD-FEM,Telangana,"Rajiv Gandhi IMS, Adilabad",GENERAL SURGERY,"₹25,000*","₹58,289",1,"₹20,00,000",Info Not Available,1046(1),1115(1),2154(1),3676(1),3676(1),3676(1),-,-,-,-,-,-,-
Tel Govt-Serv LOC,BCA-GEN,Telangana,"Kakatiya Med Coll, Warangal",GENERAL MEDICINE,"₹25,000*","₹58,289",1,"₹20,00,000",1150,3671(1),3671(1),3704(1),3704(1),3704(1),3704(1),-,-,-,-,-,-,-
Tel Govt-Serv LOC,OPEN-GEN,Telangana,"SVS Med Coll, Mehboobnagar",GENERAL MEDICINE,"₹7,50,000*",Info not available*,1*,"₹20,00,000*",760,3688(1),3688(1),3722(1),3722(1),3722(1),3722(1),-,-,-,-,-,-,-
Tel Govt-NS LOC,ST-FEM,Telangana,"Kakatiya Med Coll, Warangal",GENERAL SURGERY,"₹25,000*","₹58,289",1,"₹20,00,000",1150,3704(1),3704(1),3739(1),3739(1),3739(1),3739(1),-,-,-,-,-,-,-
Tel Govt-NS LOC,SC-GEN,Telangana,"MNR Med Coll, Sangareddy",ORTHOPAEDICS,"₹7,00,000*",Info not available*,1*,"₹20,00,000*",760,3293(1),3293(1),3741(1),3741(1),3741(1),3741(1),-,-,-,-,-,-,-
Tel Govt-Serv LOC,OPEN-GEN,Telangana,"Malla Reddy IMS, Hyderabad",RADIO DIAGNOSIS,-,-,-,-,940,3719(1),3719(1),3754(1),3754(1),3754(1),3754(1),-,-,-,-,-,-,-
Tel Govt-NS LOC,SC-FEM,Telangana,"Prathima IMS, Karimnagar",GENERAL SURGERY,"₹7,50,000*",Info not available*,1*,"₹20,00,000*",1060,3271(1),3516(1),3762(2),3762(2),3762(2),3762(2),-,-,-,-,-,-,-
Tel Govt-Serv LOC,OPEN-GEN,Telangana,"Bhaskar Med Coll, Yenkapally",DERMATOLOGY,"₹7,50,000*",Info not available*,1*,"₹20,00,000*",850,3737(1),3737(1),3773(1),3773(1),3773(1),3773(1),-,-,-,-,-,-,-
Tel Govt-NS LOC,BCB-FEM,Telangana,"CAIMS, Karimnagar",PSYCHIATRY,"₹7,75,000*",Info not available*,1*,"₹20,00,000*",1000,2741(1),3750(1),3786(1),3786(1),3786(1),3786(1),-,-,-,-,-,-,-
Tel Govt-NS LOC,ST-FEM,Telangana,"Bhaskar Med Coll, Yenkapally",GENERAL MEDICINE,"₹7,50,000*",Info not available*,1*,"₹20,00,000*",850,-,-,3795(1),3795(1),3795(1),3795(1),-,-,-,-,-,-,-
Tel Govt-NS LOC,ST-GEN,Telangana,"Mediciti IMS, Ghanpur",DERMATOLOGY,"₹7,00,000*",Info not available*,1*,"₹20,00,000*",720,3770(1),3770(1),3806(1),3806(1),3806(1),3806(1),-,-,-,-,-,-,-
Tel Govt-NS UNR,SC-FEM,Telangana,"Mediciti IMS, Ghanpur",ANAESTHESIOLOGY,"₹7,00,000*",Info not available*,1*,"₹20,00,000*",720,2855(1),3184(1),3523(1),3816(1),3816(1),3816(1),-,-,-,-,-,-,-
Tel Govt-NS UNR,ST-FEM,Telangana,"Apollo IMSR, Hyderabad",GENERAL MEDICINE,"₹7,50,000*",Info not available*,1*,"₹20,00,000*",570,3782(1),3782(1),3818(1),3818(1),3818(1),3818(1),-,-,-,-,-,-,-
Tel Govt-NS LOC,BCE-FEM,Telangana,"MNR Med Coll, Sangareddy",PSYCHIATRY,"₹7,00,000*",Info not available*,1*,"₹20,00,000*",760,-,2963(1),3536(1),3820(1),3820(1),3820(1),-,-,-,-,-,-,-
Tel Govt-NS LOC,SC-FEM,Telangana,"CAIMS, Karimnagar",ANAESTHESIOLOGY,"₹7,75,000*",Info not available*,1*,"₹20,00,000*",1000,3276(1),3497(1),3836(1),3836(1),3836(1),3836(1),-,-,-,-,-,-,-
Tel Govt-NS LOC,ST-FEM,Telangana,"Govt Med Coll, Siddipet",PATHOLOGY,"₹25,000*","₹58,289",1,"₹20,00,000",780,-,-,-,3837(1),3837(1),3837(1),-,-,-,-,-,-,-
Tel Govt-NS LOC,OPEN-FEM,Telangana,"Kakatiya Med Coll, Warangal",PHARMACOLOGY,"₹25,000*","₹58,289",1,"₹20,00,000",1150,3810(1),3810(1),3846(1),3846(1),3846(1),3846(1),-,-,-,-,-,-,-
Tel Govt-NS LOC,ST-GEN,Telangana,"Malla Reddy IMS, Hyderabad",PAEDIATRICS,-,-,-,-,940,-,3552(1),3853(1),3853(1),3853(1),3853(1),-,-,-,-,-,-,-
Tel Govt-NS LOC,BCA-GEN,Telangana,"Malla Reddy(Women), Hyderabad",RADIATION ONCOLOGY,-,-,-,-,1050,3435(1),3657(1),3879(1),3879(1),3879(1),3879(1),-,-,-,-,-,-,-
Tel Govt-NS UNR,ST-GEN,Telangana,"Mamata Med Coll, Khammam",OBG,"₹7,50,000*",Info not available*,1*,"₹20,00,000*",1080,3867(1),3867(1),3905(1),3905(1),3905(1),3905(1),-,-,-,-,-,-,-
Tel Govt-Serv LOC,SC-GEN,Telangana,"Osmania Med Coll, Hyderabad",DERMATOLOGY,"₹25,000*","₹58,289",1,"₹20,00,000",4800,3870(1),3870(1),3908(1),3908(1),3908(1),3908(1),-,-,-,-,-,-,-
Tel Govt-NS LOC,OPEN-FEM,Telangana,"Kamineni (KAMSRC), Hyderabad",ORTHOPAEDICS,"₹7,00,000*",Info not available*,1*,"₹20,00,000*",650,2068(1),2400(1),3234(2),3920(2),3920(2),3920(2),-,-,-,-,-,-,-
Tel Govt-Serv LOC,OPEN-FEM,Telangana,"MNR Med Coll, Sangareddy",GENERAL MEDICINE,"₹7,00,000*",Info not available*,1*,"₹20,00,000*",760,3924(1),-,-,-,-,-,-,-,-,-,-,-,-
Tel Govt-NS LOC,SC-GEN,Telangana,"MNR Med Coll, Sangareddy",GENERAL SURGERY,"₹7,00,000*",Info not available*,1*,"₹20,00,000*",760,3167(1),3167(1),3400(1),3952(1),3952(1),3952(1),-,-,-,-,-,-,-
Tel Govt-Serv UNR,OPEN-GEN,Telangana,"Mediciti IMS, Ghanpur",GENERAL MEDICINE,"₹7,00,000*",Info not available*,1*,"₹20,00,000*",720,2886(1),3924(1),3963(1),3963(1),3963(1),3963(1),-,-,-,-,-,-,-
Tel Govt-NS LOC,OPEN-GEN,Telangana,"Govt Med Coll, Nalgonda",PHARMACOLOGY,"₹25,000*","₹58,289",1,"₹20,00,000",580,3938(1),3938(1),3978(1),3978(1),3978(1),3978(1),-,-,-,-,-,-,-
Tel Govt-NS LOC,ST-GEN,Telangana,"Malla Reddy IMS, Hyderabad",OBG,-,-,-,-,940,3985(1),3592(1),3621(1),3621(1),3621(1),3621(1),-,-,-,-,-,-,-
Tel Govt-NS LOC,ST-GEN,Telangana,"RVM IMSRC, Siddipet",GENERAL MEDICINE,"₹7,00,000*",Info not available*,1*,"₹20,00,000*",1110,3946(1),3946(1),3986(1),3986(1),3986(1),3986(1),-,-,-,-,-,-,-
Tel Govt-Serv LOC,OPEN-GEN,Telangana,"Apollo IMSR, Hyderabad",RADIO DIAGNOSIS,"₹7,50,000*",Info not available*,1*,"₹20,00,000*",570,3947(1),3947(1),3987(1),3987(1),3987(1),3987(1),-,-,-,-,-,-,-
Tel Govt-NS LOC,SC-GEN,Telangana,"Mediciti IMS, Ghanpur",OPHTHALMOLOGY,"₹7,00,000*",Info not available*,1*,"₹20,00,000*",720,2323(1),3643(1),3838(1),3995(1),3995(1),3995(1),-,-,-,-,-,-,-
Tel Govt-NS LOC,SC-FEM,Telangana,"Bhaskar Med Coll, Yenkapally",OPHTHALMOLOGY,"₹7,50,000*",Info not available*,1*,"₹20,00,000*",850,-,2323(1),4005(1),4005(1),4005(1),4005(1),-,-,-,-,-,-,-
Tel Govt-Serv UNR,OPEN-FEM,Telangana,"Kakatiya Med Coll, Warangal",GENERAL MEDICINE,"₹25,000*","₹58,289",1,"₹20,00,000",1150,2832(1),3656(1),4013(1),4013(1),4013(1),4013(1),-,-,-,-,-,-,-
Tel Govt-NS LOC,ST-GEN,Telangana,"Mediciti IMS, Ghanpur",GENERAL MEDICINE,"₹7,00,000*",Info not available*,1*,"₹20,00,000*",720,3759(1),3759(1),4022(1),4022(1),4022(1),4022(1),-,-,-,-,-,-,-
Tel Govt-NS UNR,ST-FEM,Telangana,"Osmania Med Coll, Hyderabad",OPHTHALMOLOGY,"₹25,000*","₹58,289",1,"₹20,00,000",4800,2990(1),3691(1),4029(1),4029(1),4029(1),4029(1),-,-,-,-,-,-,-
Tel Govt-NS LOC,BCB-GEN,Telangana,"Mamata Med Coll, Khammam",BIOCHEMISTRY,"₹1,70,000*",Info not available*,1*,"₹20,00,000*",1080,-,-,-,4053(1),4053(1),4053(1),-,-,-,-,-,-,-
Tel Govt-NS LOC,OPEN-GEN,Telangana,"Malla Reddy IMS, Hyderabad",PATHOLOGY,-,-,-,-,940,2828(1),3333(1),4055(2),4055(2),4055(2),4055(2),-,-,-,-,-,-,-
Tel Govt-Serv LOC,BCD-GEN,Telangana,"Govt Med Coll, Nizamabad",GENERAL MEDICINE,"₹25,000*","₹58,289",1,"₹20,00,000",500,4022(1),4022(1),4065(1),4065(1),4065(1),4065(1),-,-,-,-,-,-,-
Tel Govt-Serv LOC,SC-GEN,Telangana,"Osmania Med Coll, Hyderabad",RADIO DIAGNOSIS,"₹25,000*","₹58,289",1,"₹20,00,000",4800,4029(1),4029(1),4072(1),4072(1),4072(1),4072(1),-,-,-,-,-,-,-
Tel Govt-NS LOC,BCD-FEM,Telangana,"Mamata Med Coll, Khammam",ORTHOPAEDICS,"₹7,50,000*",Info not available*,1*,"₹20,00,000*",1080,3155(1),2873(1),3646(1),4075(1),4075(1),4075(1),-,-,-,-,-,-,-
Tel Govt-NS LOC,ST-FEM,Telangana,"Dr Patnam MRInstofMS,Chevella",GENERAL MEDICINE,"₹7,00,000*",Info not available*,1*,"₹20,00,000*",-,4041(1),4041(1),4084(1),4084(1),4084(1),4084(1),-,-,-,-,-,-,-
Tel Govt-NS LOC,ST-GEN,Telangana,"Malla Reddy IMS, Hyderabad",GENERAL SURGERY,-,-,-,-,940,4045(1),4045(1),4088(1),4088(1),4088(1),4088(1),-,-,-,-,-,-,-
Tel Govt-NS LOC,SC-FEM,Telangana,"Surabhi InstituteofMS,Siddipet",OPHTHALMOLOGY,"₹7,75,000*",Info not available*,1*,"₹20,00,000*",-,-,-,4090(1),4090(1),4090(1),4090(1),-,-,-,-,-,-,-
Tel Govt-NS UNR,OPEN-FEM,Telangana,"SVS Med Coll, Mehboobnagar",PATHOLOGY,"₹4,60,000*",Info not available*,1*,"₹20,00,000*",760,3071(1),3905(1),4091(1),4091(1),4091(1),4091(1),-,-,-,-,-,-,-
Tel Govt-NS UNR,OPEN-GEN,Telangana,"Osmania Med Coll, Hyderabad",BIOCHEMISTRY,"₹25,000*","₹58,289",1,"₹20,00,000",4800,1387(1),4055(1),4098(1),4098(1),4098(1),4098(1),-,-,-,-,-,-,-
Tel Govt-NS LOC,BCE-FEM,Telangana,"Mamata AcadofMedSci,Bachupally",PATHOLOGY,"₹4,30,000*",Info not available*,1*,"₹20,00,000*",-,4112(1),3665(1),3698(1),3698(1),3698(1),3698(1),-,-,-,-,-,-,-
Tel Govt-NS LOC,ST-GEN,Telangana,"Kakatiya Med Coll, Warangal",EMERGENCY MEDICINE,"₹25,000*","₹58,289",1,"₹20,00,000",1150,3105(1),4111(1),4157(1),4157(1),4157(1),4157(1),-,-,-,-,-,-,-
Tel Govt-NS LOC,ST-GEN,Telangana,"Malla Reddy(Women), Hyderabad",OBG,-,-,-,-,1050,4113(1),4113(1),4159(1),4159(1),4159(1),4159(1),-,-,-,-,-,-,-
Tel Govt-Serv LOC,MIN-GEN-MSM,Telangana,"DCMS, Hyderabad",RADIO DIAGNOSIS,"₹7,75,000*",Info not available*,1*,"₹20,00,000*",1400,4115(1),4115(1),4161(1),4161(1),4161(1),4161(1),-,-,-,-,-,-,-
Tel Govt-NS LOC,ST-FEM,Telangana,"CAIMS, Karimnagar",OBG,"₹7,75,000*",Info not available*,1*,"₹20,00,000*",1000,4125(1),4125(1),4172(1),4172(1),4172(1),4172(1),-,-,-,-,-,-,-
Tel Govt-NS UNR,SC-GEN,Telangana,"Rajiv Gandhi IMS, Adilabad",PATHOLOGY,"₹25,000*","₹58,289",1,"₹20,00,000",Info Not Available,3439(1),3828(1),4180(1),4180(1),4180(1),4180(1),-,-,-,-,-,-,-
Tel Govt-NS LOC,BCA-GEN,Telangana,"Kamineni (KAMSRC), Hyderabad",PATHOLOGY,"₹4,30,000*",Info not available*,1*,"₹20,00,000*",650,3959(1),4162(1),4213(1),4213(1),4213(1),4213(1),-,-,-,-,-,-,-
Tel Govt-NS LOC,BCB-GEN,Telangana,"MNR Med Coll, Sangareddy",ANAESTHESIOLOGY,"₹7,00,000*",Info not available*,1*,"₹20,00,000*",760,2625(1),2800(1),3259(1),4217(1),4217(1),4217(1),-,-,-,-,-,-,-
Tel Govt-NS LOC,OPEN-GEN,Telangana,"Rajiv Gandhi IMS, Adilabad",SPM,"₹25,000*","₹58,289",1,"₹20,00,000",Info Not Available,3090(1),3372(1),4230(1),4230(1),4230(1),4230(1),-,-,-,-,-,-,-
Tel Govt-NS LOC,BCD-FEM,Telangana,"CAIMS, Karimnagar",PATHOLOGY,"₹4,30,000*",Info not available*,1*,"₹20,00,000*",1000,4185(1),4185(1),4237(1),4237(1),4237(1),4237(1),-,-,-,-,-,-,-
Tel Govt-NS UNR,BCE-GEN,Telangana,"Osmania Med Coll, Hyderabad",PHARMACOLOGY,"₹25,000*","₹58,289",1,"₹20,00,000",4800,4204(1),4204(1),4256(1),4256(1),4256(1),4256(1),-,-,-,-,-,-,-
Tel Govt-NS LOC,ST-GEN,Telangana,"Mahavir Inst of MS, Vikarabad",OBG,"₹7,00,000*",Info not available*,1*,"₹20,00,000*",700,4237(1),4237(1),4289(1),4289(1),4289(1),4289(1),-,-,-,-,-,-,-
Tel Govt-NS UNR,OPEN-GEN,Telangana,"Govt Med Coll, Nizamabad",MICROBIOLOGY,"₹25,000*","₹58,289",1,"₹20,00,000",500,-,3402(1),4290(1),4290(1),4290(1),4290(1),-,-,-,-,-,-,-
Tel Govt-NS LOC,SC-FEM,Telangana,"Govt Med Coll, Mahabubnagar",PATHOLOGY,"₹25,000*","₹58,289",1,"₹20,00,000",900,-,-,4303(1),4303(1),4303(1),4303(1),-,-,-,-,-,-,-
Tel Govt-Serv UNR,OPEN-GEN,Telangana,"Govt Med Coll, Nizamabad",GENERAL SURGERY,"₹25,000*","₹58,289",1,"₹20,00,000",500,4289(1),4289(1),4344(1),4344(1),4344(1),4344(1),-,-,-,-,-,-,-
Tel Govt-Serv LOC,OPEN-GEN,Telangana,"Malla Reddy IMS, Hyderabad",GENERAL MEDICINE,-,-,-,-,940,4296(1),4296(1),4352(1),4352(1),4352(1),4352(1),-,-,-,-,-,-,-
Tel Govt-NS LOC,ST-GEN,Telangana,"Malla Reddy IMS, Hyderabad",OPHTHALMOLOGY,-,-,-,-,940,4305(1),4305(1),4361(1),4361(1),4361(1),4361(1),-,-,-,-,-,-,-
Tel Govt-Serv LOC,ST-GEN,Telangana,"Rajiv Gandhi IMS, Adilabad",GENERAL MEDICINE,"₹25,000*","₹58,289",1,"₹20,00,000",Info Not Available,4311(1),4311(1),4367(1),4367(1),4367(1),4367(1),-,-,-,-,-,-,-
Tel Govt-NS LOC,OPEN-FEM,Telangana,"Mahavir Inst of MS, Vikarabad",SPM,"₹4,30,000*",Info not available*,1*,"₹20,00,000*",700,4300(1),-,4399(1),-,-,-,-,-,-,-,-,-,-
Tel Govt-NS UNR,BCD-GEN,Telangana,"Malla Reddy IMS, Hyderabad",PATHOLOGY,-,-,-,-,940,3677(1),4099(1),4401(1),4401(1),4401(1),4401(1),-,-,-,-,-,-,-
Tel Govt-NS LOC,ST-FEM,Telangana,"Mahavir Inst of MS, Vikarabad",PAEDIATRICS,"₹7,00,000*",Info not available*,1*,"₹20,00,000*",700,4053(1),4053(1),4402(1),4402(1),4402(1),4402(1),-,-,-,-,-,-,-
Tel Govt-NS LOC,ST-FEM,Telangana,"Kakatiya Med Coll, Warangal",ANAESTHESIOLOGY,"₹25,000*","₹58,289",1,"₹20,00,000",1150,3902(1),3902(1),4414(1),4414(1),4414(1),4414(1),-,-,-,-,-,-,-
Tel Govt-NS LOC,SC-GEN,Telangana,"Mamata AcadofMedSci,Bachupally",PATHOLOGY,"₹4,30,000*",Info not available*,1*,"₹20,00,000*",-,4357(1),4357(1),4415(1),4415(1),4415(1),4415(1),-,-,-,-,-,-,-
Tel Govt-Serv UNR,SC-GEN,Telangana,"Malla Reddy IMS, Hyderabad",GENERAL MEDICINE,-,-,-,-,940,4359(1),4359(1),4417(1),4417(1),4417(1),4417(1),-,-,-,-,-,-,-
Tel Govt-NS LOC,SC-GEN,Telangana,"Kamineni IMS, Narketpally",PSYCHIATRY,"₹7,50,000*",Info not available*,1*,"₹20,00,000*",1060,3436(1),3436(1),4424(1),4424(1),4424(1),4424(1),-,-,-,-,-,-,-
Tel Govt-Serv LOC,OPEN-GEN,Telangana,"Prathima IMS, Karimnagar",PAEDIATRICS,"₹7,50,000*",Info not available*,1*,"₹20,00,000*",1060,4367(1),4367(1),4425(1),4425(1),4425(1),4425(1),-,-,-,-,-,-,-
Tel Govt-Serv UNR,BCA-GEN,Telangana,"Osmania Med Coll, Hyderabad",OBG,"₹25,000*","₹58,289",1,"₹20,00,000",4800,4371(1),4371(1),4429(1),4429(1),4429(1),4429(1),-,-,-,-,-,-,-
Tel Govt-Serv UNR,OPEN-GEN,Telangana,"Kakatiya Med Coll, Warangal",EMERGENCY MEDICINE,"₹25,000*","₹58,289",1,"₹20,00,000",1150,3822(1),4218(1),4441(1),4441(1),4441(1),4441(1),-,-,-,-,-,-,-
Tel Govt-NS LOC,BCD-FEM,Telangana,"Gandhi Med Coll, Secunderabad",PATHOLOGY,"₹25,000*","₹58,289",1,"₹20,00,000",1200,-,-,3059(1),4443(1),4443(1),4443(1),-,-,-,-,-,-,-
Tel Govt-Serv LOC,BCB-GEN,Telangana,"Gandhi Med Coll, Secunderabad",RADIO DIAGNOSIS,"₹25,000*","₹58,289",1,"₹20,00,000",1200,4397(1),4397(1),4455(1),4455(1),4455(1),4455(1),-,-,-,-,-,-,-
Tel Govt-NS LOC,BCB-GEN,Telangana,"Kakatiya Med Coll, Warangal",PSYCHIATRY,"₹25,000*","₹58,289",1,"₹20,00,000",1150,-,2593(1),2709(1),4456(1),4456(1),4456(1),-,-,-,-,-,-,-
Tel Govt-NS UNR,ST-GEN,Telangana,"Mediciti IMS, Ghanpur",ORTHOPAEDICS,"₹7,00,000*",Info not available*,1*,"₹20,00,000*",720,4089(1),3875(1),4472(1),4472(1),4472(1),4472(1),-,-,-,-,-,-,-
Tel Govt-Serv UNR,SC-GEN,Telangana,"Malla Reddy IMS, Hyderabad",PAEDIATRICS,-,-,-,-,940,4427(1),4427(1),4491(1),4491(1),4491(1),4491(1),-,-,-,-,-,-,-
Tel Govt-Serv LOC,ST-GEN,Telangana,"SVS Med Coll, Mehboobnagar",RADIO DIAGNOSIS,"₹7,50,000*",Info not available*,1*,"₹20,00,000*",760,4429(1),4429(1),4493(1),4493(1),4493(1),4493(1),-,-,-,-,-,-,-
Tel Govt-Serv LOC,ST-GEN,Telangana,"Surabhi InstituteofMS,Siddipet",GENERAL MEDICINE,"₹7,75,000*",Info not available*,1*,"₹20,00,000*",-,4432(1),4432(1),4496(1),4496(1),4496(1),4496(1),-,-,-,-,-,-,-
Tel Govt-NS LOC,SC-FEM,Telangana,"Govt Med Coll, Mahabubnagar",MICROBIOLOGY,"₹25,000*","₹58,289",1,"₹20,00,000",900,4388(1),4388(1),4500(1),4500(1),4500(1),4500(1),-,-,-,-,-,-,-
Tel Govt-Serv UNR,BCD-GEN,Telangana,"Osmania Med Coll, Hyderabad",GENERAL SURGERY,"₹25,000*","₹58,289",1,"₹20,00,000",4800,4455(1),4455(1),4519(1),4519(1),4519(1),4519(1),-,-,-,-,-,-,-
Tel Govt-NS LOC,BCE-FEM,Telangana,"Surabhi InstituteofMS,Siddipet",BIOCHEMISTRY,"₹2,00,000*",Info not available*,1*,"₹20,00,000*",-,-,-,-,4520(1),4520(1),4520(1),-,-,-,-,-,-,-
Tel Govt-NS UNR,ST-GEN,Telangana,"Mediciti IMS, Ghanpur",PAEDIATRICS,"₹7,00,000*",Info not available*,1*,"₹20,00,000*",720,3856(1),3381(1),4139(1),4523(1),4523(1),4523(1),-,-,-,-,-,-,-
Tel Govt-NS LOC,ST-FEM,Telangana,"ESIC Med Coll,Sanath Nagar",SPM,"₹2,50,000*","₹1,26,927*",2*,"₹10,00,000*",690,-,-,4526(1),4526(1),4526(1),4526(1),-,-,-,-,-,-,-
Tel Govt-NS UNR,ST-FEM,Telangana,"Malla Reddy IMS, Hyderabad",ANAESTHESIOLOGY,-,-,-,-,940,4356(1),4356(1),4530(1),4530(1),4530(1),4530(1),-,-,-,-,-,-,-
Tel Govt-Serv LOC,OPEN-FEM,Telangana,"Bhaskar Med Coll, Yenkapally",RADIO DIAGNOSIS,"₹7,50,000*",Info not available*,1*,"₹20,00,000*",850,4469(1),4469(1),4533(1),4533(1),4533(1),4533(1),-,-,-,-,-,-,-
Tel Govt-NS LOC,ST-GEN,Telangana,"Prathima IMS, Karimnagar",ORTHOPAEDICS,"₹7,50,000*",Info not available*,1*,"₹20,00,000*",1060,4471(1),4471(1),4535(1),4535(1),4535(1),4535(1),-,-,-,-,-,-,-
Tel Govt-Serv UNR,OPEN-GEN,Telangana,"Malla Reddy IMS, Hyderabad",OBG,-,-,-,-,940,4146(1),4260(1),4536(1),4536(1),4536(1),4536(1),-,-,-,-,-,-,-
Tel Govt-NS LOC,OPEN-FEM,Telangana,"Kakatiya Med Coll, Warangal",ANATOMY,"₹25,000*","₹58,289",1,"₹20,00,000",1150,4543(1),-,3458(1),-,-,-,-,-,-,-,-,-,-
Tel Govt-NS LOC,OPEN-GEN-PHO,Telangana,"Gandhi Med Coll, Secunderabad",GENERAL MEDICINE,"₹25,000*","₹58,289",1,"₹20,00,000",1200,4362(1),4479(1),4544(1),4544(1),4544(1),4544(1),-,-,-,-,-,-,-
Tel Govt-NS LOC,ST-GEN,Telangana,"Govt Med Coll, Mahabubnagar",PHARMACOLOGY,"₹25,000*","₹58,289",1,"₹20,00,000",900,4564(1),4564(1),-,-,-,-,-,-,-,-,-,-,-
Tel Govt-Serv LOC,OPEN-GEN,Telangana,"Osmania Med Coll, Hyderabad",OBG,"₹25,000*","₹58,289",1,"₹20,00,000",4800,4510(1),4510(1),4575(1),4575(1),4575(1),4575(1),-,-,-,-,-,-,-
Tel Govt-Serv LOC,OPEN-GEN,Telangana,"Prathima IMS, Karimnagar",RADIO DIAGNOSIS,"₹7,50,000*",Info not available*,1*,"₹20,00,000*",1060,4515(1),4515(1),4581(1),4581(1),4581(1),4581(1),-,-,-,-,-,-,-
Tel Govt-NS LOC,SC-FEM,Telangana,"Malla Reddy IMS, Hyderabad",ORTHOPAEDICS,-,-,-,-,940,3360(1),3360(1),4282(1),4583(1),4583(1),4583(1),-,-,-,-,-,-,-
Tel Govt-Serv LOC,OPEN-GEN,Telangana,"Malla Reddy IMS, Hyderabad",PAEDIATRICS,-,-,-,-,940,4420(1),4517(1),4584(1),4584(1),4584(1),4584(1),-,-,-,-,-,-,-
Tel Govt-Serv LOC,SC-GEN,Telangana,"SVS Med Coll, Mehboobnagar",GENERAL MEDICINE,"₹7,50,000*",Info not available*,1*,"₹20,00,000*",760,-,4523(1),4590(1),4590(1),4590(1),4590(1),-,-,-,-,-,-,-
Tel Govt-Serv LOC,BCB-GEN,Telangana,"SVS Med Coll, Mehboobnagar",DERMATOLOGY,"₹7,50,000*",Info not available*,1*,"₹20,00,000*",760,4527(1),4527(1),4594(1),4594(1),4594(1),4594(1),-,-,-,-,-,-,-
Tel Govt-NS LOC,OPEN-FEM,Telangana,"Gandhi Med Coll, Secunderabad",MICROBIOLOGY,"₹25,000*","₹58,289",1,"₹20,00,000",1200,2968(1),2968(1),4606(1),4606(1),4606(1),4606(1),-,-,-,-,-,-,-
Tel Govt-Serv UNR,BCE-GEN,Telangana,"Mamata Med Coll, Khammam",RADIO DIAGNOSIS,"₹7,50,000*",Info not available*,1*,"₹20,00,000*",1080,3872(1),4548(1),4618(1),4618(1),4618(1),4618(1),-,-,-,-,-,-,-
Tel Govt-Serv UNR,BCB-GEN,Telangana,"Mediciti IMS, Ghanpur",TBRD,"₹7,00,000*",Info not available*,1*,"₹20,00,000*",720,-,4560(1),4631(1),4631(1),4631(1),4631(1),-,-,-,-,-,-,-
Tel Govt-Serv LOC,OPEN-FEM,Telangana,"Kakatiya Med Coll, Warangal",GENERAL SURGERY,"₹25,000*","₹58,289",1,"₹20,00,000",1150,4561(1),4561(1),4632(1),4632(1),4632(1),4632(1),-,-,-,-,-,-,-
Tel Govt-Serv LOC,OPEN-GEN,Telangana,"Kamineni (KAMSRC), Hyderabad",GENERAL MEDICINE,"₹7,00,000*",Info not available*,1*,"₹20,00,000*",650,4197(1),4197(1),4633(1),4633(1),4633(1),4633(1),-,-,-,-,-,-,-
Tel Govt-Serv LOC,OPEN-FEM,Telangana,"Mediciti IMS, Ghanpur",RADIO DIAGNOSIS,"₹7,00,000*",Info not available*,1*,"₹20,00,000*",720,4566(1),4566(1),4638(1),4638(1),4638(1),4638(1),-,-,-,-,-,-,-
Tel Govt-NS LOC,ST-GEN,Telangana,"Dr Patnam MRInstofMS,Chevella",ORTHOPAEDICS,"₹7,00,000*",Info not available*,1*,"₹20,00,000*",-,4569(1),4569(1),4641(1),4641(1),4641(1),4641(1),-,-,-,-,-,-,-
Tel Govt-NS LOC,SC-GEN,Telangana,"ESIC Med Coll,Sanath Nagar",EMERGENCY MEDICINE,"₹2,50,000*","₹1,26,927*",2*,"₹10,00,000*",690,4574(1),4574(1),4646(1),4646(1),4646(1),4646(1),-,-,-,-,-,-,-
Tel Govt-NS LOC,BCA-FEM,Telangana,"NIMS, Hyderabad",BIOCHEMISTRY,"₹72,000*","₹1,11,780",1,"₹50,00,000",1498,4499(1),4501(1),-,4655(1),4655(1),4655(1),-,-,-,-,-,-,-
Tel Govt-Serv LOC,OPEN-GEN,Telangana,"Dr Patnam MRInstofMS,Chevella",DERMATOLOGY,"₹7,00,000*",Info not available*,1*,"₹20,00,000*",-,4590(1),4590(1),4665(1),4665(1),4665(1),4665(1),-,-,-,-,-,-,-
Tel Govt-NS LOC,ST-GEN,Telangana,"Malla Reddy(Women), Hyderabad",ANAESTHESIOLOGY,-,-,-,-,1050,4019(1),4019(1),4676(1),4676(1),4676(1),4676(1),-,-,-,-,-,-,-
Tel Govt-Serv UNR,OPEN-GEN,Telangana,"Bhaskar Med Coll, Yenkapally",ORTHOPAEDICS,"₹7,50,000*",Info not available*,1*,"₹20,00,000*",850,4540(1),4601(1),4679(1),4679(1),4679(1),4679(1),-,-,-,-,-,-,-
Tel Govt-Serv LOC,BCA-GEN,Telangana,"CAIMS, Karimnagar",RADIO DIAGNOSIS,"₹7,75,000*",Info not available*,1*,"₹20,00,000*",1000,4608(1),4608(1),4687(1),4687(1),4687(1),4687(1),-,-,-,-,-,-,-
Tel Govt-NS LOC,SC-GEN,Telangana,"Malla Reddy IMS, Hyderabad",PATHOLOGY,-,-,-,-,940,4016(1),4534(1),4688(1),4688(1),4688(1),4688(1),-,-,-,-,-,-,-
Tel Govt-NS LOC,BCA-FEM,Telangana,"Kamineni IMS, Narketpally",PATHOLOGY,"₹4,30,000*",Info not available*,1*,"₹20,00,000*",1060,4610(1),4610(1),4689(1),4689(1),4689(1),4689(1),-,-,-,-,-,-,-
Tel Govt-NS UNR,SC-GEN,Telangana,"SVS Med Coll, Mehboobnagar",PATHOLOGY,"₹4,60,000*",Info not available*,1*,"₹20,00,000*",760,-,-,4703(1),4703(1),4703(1),4703(1),-,-,-,-,-,-,-
Tel Govt-Serv UNR,OPEN-FEM,Telangana,"Osmania Med Coll, Hyderabad",PSYCHIATRY,"₹25,000*","₹58,289",1,"₹20,00,000",4800,4472(1),-,4709(1),4709(1),4709(1),4709(1),-,-,-,-,-,-,-
Tel Govt-NS LOC,ST-GEN,Telangana,"Dr Patnam MRInstofMS,Chevella",TBRD,"₹7,00,000*",Info not available*,1*,"₹20,00,000*",-,4731(1),-,4451(1),3945(1),3945(1),3945(1),-,-,-,-,-,-,-
Tel Govt-NS LOC,OPEN-GEN,Telangana,"ESIC Med Coll,Sanath Nagar",BIOCHEMISTRY,"₹2,50,000*","₹1,26,927*",2*,"₹10,00,000*",690,3944(1),4050(1),4733(1),4733(1),4733(1),4733(1),-,-,-,-,-,-,-
Tel Govt-NS LOC,ST-GEN,Telangana,"Malla Reddy(Women), Hyderabad",PSYCHIATRY,-,-,-,-,1050,-,-,-,4734(1),4734(1),4734(1),-,-,-,-,-,-,-
Tel Govt-Serv LOC,BCB-GEN,Telangana,"Prathima IMS, Karimnagar",GENERAL MEDICINE,"₹7,50,000*",Info not available*,1*,"₹20,00,000*",1060,4636(1),4636(1),4735(1),4735(1),4735(1),4735(1),-,-,-,-,-,-,-
Tel Govt-Serv LOC,SC-FEM,Telangana,"Gandhi Med Coll, Secunderabad",GENERAL MEDICINE,"₹25,000*","₹58,289",1,"₹20,00,000",1200,4658(1),4658(1),4762(1),4762(1),4762(1),4762(1),-,-,-,-,-,-,-
Tel Govt-Serv LOC,BCD-GEN,Telangana,"MNR Med Coll, Sangareddy",DERMATOLOGY,"₹7,00,000*",Info not available*,1*,"₹20,00,000*",760,4664(1),4664(1),4771(1),4771(1),4771(1),4771(1),-,-,-,-,-,-,-
Tel Govt-NS LOC,ST-FEM,Telangana,"Kamineni (KAMSRC), Hyderabad",GENERAL SURGERY,"₹7,00,000*",Info not available*,1*,"₹20,00,000*",650,4466(1),4466(1),4778(1),4778(1),4778(1),4778(1),-,-,-,-,-,-,-
Tel Govt-Serv LOC,BCD-GEN,Telangana,"MNR Med Coll, Sangareddy",RADIO DIAGNOSIS,"₹7,00,000*",Info not available*,1*,"₹20,00,000*",760,4671(1),4671(1),4779(1),4779(1),4779(1),4779(1),-,-,-,-,-,-,-
Tel Govt-Serv LOC,OPEN-GEN,Telangana,"Kakatiya Med Coll, Warangal",ORTHOPAEDICS,"₹25,000*","₹58,289",1,"₹20,00,000",1150,4672(1),4672(1),4781(1),4781(1),4781(1),4781(1),-,-,-,-,-,-,-
Tel Govt-Serv LOC,SC-GEN,Telangana,"Osmania Med Coll, Hyderabad",OBG,"₹25,000*","₹58,289",1,"₹20,00,000",4800,4679(1),4679(1),4793(1),4793(1),4793(1),4793(1),-,-,-,-,-,-,-
Tel Govt-NS LOC,OPEN-GEN,Telangana,"Govt Med Coll, Suryapet",MICROBIOLOGY,"₹25,000*","₹58,289",1,"₹20,00,000",580,3695(1),3952(1),4799(1),4799(1),4799(1),4799(1),-,-,-,-,-,-,-
Tel Govt-Serv LOC,SC-GEN,Telangana,"Rajiv Gandhi IMS, Adilabad",TBRD,"₹25,000*","₹58,289",1,"₹20,00,000",Info Not Available,-,4686(1),4805(1),4805(1),4805(1),4805(1),-,-,-,-,-,-,-
Tel Govt-Serv LOC,SC-FEM,Telangana,"Kakatiya Med Coll, Warangal",PAEDIATRICS,"₹25,000*","₹58,289",1,"₹20,00,000",1150,4692(1),4692(1),4812(1),4812(1),4812(1),4812(1),-,-,-,-,-,-,-
Tel Govt-Serv LOC,OPEN-GEN,Telangana,"Kamineni IMS, Narketpally",GENERAL MEDICINE,"₹7,50,000*",Info not available*,1*,"₹20,00,000*",1060,4562(1),4562(1),4816(1),4816(1),4816(1),4816(1),-,-,-,-,-,-,-
Tel Govt-NS UNR,MIN-GEN-MSM,Telangana,"DCMS, Hyderabad",ANATOMY,"₹2,16,000*",Info not available*,1*,"₹20,00,000*",1400,4696(1),4696(1),4819(1),4819(1),4819(1),4819(1),-,-,-,-,-,-,-
Tel Govt-Serv LOC,SC-GEN,Telangana,"Dr Patnam MRInstofMS,Chevella",GENERAL MEDICINE,"₹7,00,000*",Info not available*,1*,"₹20,00,000*",-,4698(1),4698(1),4821(1),4821(1),4821(1),4821(1),-,-,-,-,-,-,-
Tel Govt-Serv LOC,SC-FEM,Telangana,"Kamineni (KAMSRC), Hyderabad",RADIO DIAGNOSIS,"₹7,00,000*",Info not available*,1*,"₹20,00,000*",650,4699(1),4699(1),4822(1),4822(1),4822(1),4822(1),-,-,-,-,-,-,-
Tel Govt-Serv UNR,OPEN-GEN,Telangana,"Osmania Med Coll, Hyderabad",ANAESTHESIOLOGY,"₹25,000*","₹58,289",1,"₹20,00,000",4800,4283(1),4472(1),4831(1),4831(1),4831(1),4831(1),-,-,-,-,-,-,-
Tel Govt-Serv LOC,SC-GEN,Telangana,"Gandhi Med Coll, Secunderabad",GENERAL SURGERY,"₹25,000*","₹58,289",1,"₹20,00,000",1200,4711(1),4711(1),4842(1),4842(1),4842(1),4842(1),-,-,-,-,-,-,-
Tel Govt-Serv UNR,MIN-GEN-MSM,Telangana,"DCMS, Hyderabad",ORTHOPAEDICS,"₹7,75,000*",Info not available*,1*,"₹20,00,000*",1400,4717(1),4717(1),4855(1),4855(1),4855(1),4855(1),-,-,-,-,-,-,-
Tel Govt-Serv LOC,BCA-GEN,Telangana,"ESIC Med Coll,Sanath Nagar",GENERAL MEDICINE,"₹2,50,000*","₹1,26,927*",2*,"₹10,00,000*",690,-,4722(1),4861(1),4861(1),4861(1),4861(1),-,-,-,-,-,-,-
Tel Govt-NS UNR,BCA-GEN,Telangana,"Osmania Med Coll, Hyderabad",BIOCHEMISTRY,"₹25,000*","₹58,289",1,"₹20,00,000",4800,4585(1),4727(1),4871(1),4871(1),4871(1),4871(1),-,-,-,-,-,-,-
Tel Govt-NS LOC,ST-GEN,Telangana,"CAIMS, Karimnagar",OPHTHALMOLOGY,"₹7,75,000*",Info not available*,1*,"₹20,00,000*",1000,4762(1),4731(1),4877(1),4877(1),4877(1),4877(1),-,-,-,-,-,-,-
Tel Govt-Serv UNR,ST-GEN,Telangana,"Rajiv Gandhi IMS, Adilabad",DERMATOLOGY,"₹25,000*","₹58,289",1,"₹20,00,000",Info Not Available,3883(1),4440(1),4879(1),4879(1),4879(1),4879(1),-,-,-,-,-,-,-
Tel Govt-Serv LOC,BCD-GEN,Telangana,"Gandhi Med Coll, Secunderabad",OBG,"₹25,000*","₹58,289",1,"₹20,00,000",1200,4737(1),4737(1),4884(1),4884(1),4884(1),4884(1),-,-,-,-,-,-,-
Tel Govt-Serv UNR,OPEN-GEN,Telangana,"Osmania Med Coll, Hyderabad",PATHOLOGY,"₹25,000*","₹58,289",1,"₹20,00,000",4800,-,-,4885(1),-,-,-,-,-,-,-,-,-,-
Tel Govt-NS UNR,OPEN-GEN,Telangana,"Kamineni (KAMSRC), Hyderabad",IHBT,"₹7,00,000*",Info not available*,1*,"₹20,00,000*",650,2493(1),2846(1),3330(1),4891(1),4891(1),4891(1),-,-,-,-,-,-,-
Tel Govt-Serv UNR,BCE-GEN,Telangana,"Osmania Med Coll, Hyderabad",RADIATION ONCOLOGY,"₹25,000*","₹58,289",1,"₹20,00,000",4800,4548(1),4751(1),4909(1),4909(1),4909(1),4909(1),-,-,-,-,-,-,-
Tel Govt-Serv LOC,OPEN-GEN,Telangana,"Govt Med Coll, Siddipet",PSYCHIATRY,"₹25,000*","₹58,289",1,"₹20,00,000",780,-,-,4912(1),4912(1),4912(1),4912(1),-,-,-,-,-,-,-
Tel Govt-Serv LOC,MIN-GEN-MSM,Telangana,"DCMS, Hyderabad",GENERAL MEDICINE,"₹7,75,000*",Info not available*,1*,"₹20,00,000*",1400,4756(1),4756(1),4915(1),4915(1),4915(1),4915(1),-,-,-,-,-,-,-
Tel Govt-NS LOC,SC-FEM,Telangana,"Bhaskar Med Coll, Yenkapally",ANATOMY,"₹1,70,000*",Info not available*,1*,"₹20,00,000*",850,-,-,-,4919(1),-,-,-,-,-,-,-,-,-
Tel Govt-NS LOC,ST-GEN,Telangana,"Bhaskar Med Coll, Yenkapally",ANAESTHESIOLOGY,"₹7,50,000*",Info not available*,1*,"₹20,00,000*",850,-,4760(1),4920(1),4920(1),4920(1),4920(1),-,-,-,-,-,-,-
Tel Govt-NS LOC,OPEN-FEM,Telangana,"Prathima IMS, Karimnagar",PATHOLOGY,"₹4,62,250*",Info not available*,1*,"₹20,00,000*",1060,-,-,4332(1),4926(1),4926(1),4926(1),-,-,-,-,-,-,-
Tel Govt-NS LOC,ST-GEN,Telangana,"Apollo IMSR, Hyderabad",ENT,"₹7,50,000*",Info not available*,1*,"₹20,00,000*",570,-,-,-,4927(1),4927(1),4927(1),-,-,-,-,-,-,-
Tel Govt-Serv LOC,ST-FEM,Telangana,"Osmania Med Coll, Hyderabad",OBG,"₹25,000*","₹58,289",1,"₹20,00,000",4800,-,-,4932(1),4932(1),4932(1),4932(1),-,-,-,-,-,-,-
Tel Govt-NS LOC,BCD-FEM,Telangana,"Mamata Med Coll, Khammam",PSYCHIATRY,"₹7,50,000*",Info not available*,1*,"₹20,00,000*",1080,1976(1),3951(1),4176(1),4935(1),4935(1),4935(1),-,-,-,-,-,-,-
Tel Govt-Serv LOC,SC-FEM,Telangana,"Mamata Med Coll, Khammam",PAEDIATRICS,"₹7,50,000*",Info not available*,1*,"₹20,00,000*",1080,-,-,4948(1),4948(1),4948(1),4948(1),-,-,-,-,-,-,-
Tel Govt-NS LOC,BCD-FEM,Telangana,"Malla Reddy IMS, Hyderabad",SPM,-,-,-,-,940,-,-,4954(1),4954(1),4954(1),4954(1),-,-,-,-,-,-,-
Tel Govt-Serv LOC,OPEN-FEM,Telangana,"Kakatiya Med Coll, Warangal",PAEDIATRICS,"₹25,000*","₹58,289",1,"₹20,00,000",1150,3972(1),3972(1),4956(1),4956(1),4956(1),4956(1),-,-,-,-,-,-,-
Tel Govt-Serv LOC,ST-GEN,Telangana,"Prathima IMS, Karimnagar",ORTHOPAEDICS,"₹7,50,000*",Info not available*,1*,"₹20,00,000*",1060,-,-,4966(1),4966(1),4966(1),4966(1),-,-,-,-,-,-,-
Tel Govt-NS LOC,OPEN-GEN,Telangana,"Govt Med Coll, Nalgonda",MICROBIOLOGY,"₹25,000*","₹58,289",1,"₹20,00,000",580,-,-,4978(1),4978(1),4978(1),4978(1),-,-,-,-,-,-,-
Tel Govt-Serv LOC,BCA-GEN,Telangana,"Mamata Med Coll, Khammam",DERMATOLOGY,"₹7,50,000*",Info not available*,1*,"₹20,00,000*",1080,-,-,4982(1),4982(1),4982(1),4982(1),-,-,-,-,-,-,-
Tel Govt-NS LOC,ST-GEN,Telangana,"CAIMS, Karimnagar",GENERAL SURGERY,"₹7,75,000*",Info not available*,1*,"₹20,00,000*",1000,4598(1),4598(1),4983(1),4983(1),4983(1),4983(1),-,-,-,-,-,-,-
Tel Govt-Serv LOC,ST-GEN,Telangana,"Osmania Med Coll, Hyderabad",GENERAL SURGERY,"₹25,000*","₹58,289",1,"₹20,00,000",4800,4694(1),4694(1),4986(1),4986(1),4986(1),4986(1),-,-,-,-,-,-,-
Tel Govt-Serv UNR,BCA-GEN,Telangana,"Malla Reddy IMS, Hyderabad",ENT,-,-,-,-,940,-,-,4991(1),4991(1),4991(1),4991(1),-,-,-,-,-,-,-
Tel Govt-Serv LOC,OPEN-GEN,Telangana,"Prathima IMS, Karimnagar",GENERAL SURGERY,"₹7,50,000*",Info not available*,1*,"₹20,00,000*",1060,-,-,4992(1),4992(1),4992(1),4992(1),-,-,-,-,-,-,-
Tel Govt-Serv LOC,BCB-GEN,Telangana,"Kakatiya Med Coll, Warangal",TBRD,"₹25,000*","₹58,289",1,"₹20,00,000",1150,4450(1),-,4993(1),4993(1),4993(1),4993(1),-,-,-,-,-,-,-
Tel Govt-NS UNR,ST-GEN,Telangana,"Mamata Med Coll, Khammam",PATHOLOGY,"₹4,30,000*",Info not available*,1*,"₹20,00,000*",1080,-,-,4994(1),4635(1),4668(1),4668(1),-,-,-,-,-,-,-
Tel Govt-Serv LOC,OPEN-GEN,Telangana,"Gandhi Med Coll, Secunderabad",OPHTHALMOLOGY,"₹25,000*","₹58,289",1,"₹20,00,000",1200,4732(1),4732(1),4997(1),4997(1),4997(1),4997(1),-,-,-,-,-,-,-
Tel Govt-NS LOC,ST-GEN,Telangana,"NIMS, Hyderabad",PATHOLOGY,"₹72,000*","₹1,11,780",1,"₹50,00,000",1498,4233(1),4233(1),4999(1),4232(1),4232(1),4232(1),-,-,-,-,-,-,-
Tel Govt-NS LOC,BCA-FEM,Telangana,"Rajiv Gandhi IMS, Adilabad",BIOCHEMISTRY,"₹25,000*","₹58,289",1,"₹20,00,000",Info Not Available,-,-,-,5002(1),5002(1),5002(1),-,-,-,-,-,-,-
Tel Govt-NS LOC,BCA-GEN,Telangana,"Govt Med Coll, Nizamabad",PHARMACOLOGY,"₹25,000*","₹58,289",1,"₹20,00,000",500,-,4109(1),5005(1),-,-,-,-,-,-,-,-,-,-
Tel Govt-Serv LOC,BCA-GEN,Telangana,"Kamineni IMS, Narketpally",PAEDIATRICS,"₹7,50,000*",Info not available*,1*,"₹20,00,000*",1060,4722(1),-,5009(1),5009(1),5009(1),5009(1),-,-,-,-,-,-,-
Tel Govt-NS LOC,ST-FEM,Telangana,"RVM IMSRC, Siddipet",OPHTHALMOLOGY,"₹7,00,000*",Info not available*,1*,"₹20,00,000*",1110,-,-,-,5010(1),5010(1),5010(1),-,-,-,-,-,-,-
Tel Govt-NS LOC,OPEN-GEN,Telangana,"Kamineni IMS, Narketpally",PATHOLOGY,"₹4,30,000*",Info not available*,1*,"₹20,00,000*",1060,3741(1),3886(1),3835(1),5016(1),5016(1),5016(1),-,-,-,-,-,-,-
Tel Govt-NS LOC,BCB-GEN,Telangana,"RVM IMSRC, Siddipet",PSYCHIATRY,"₹7,00,000*",Info not available*,1*,"₹20,00,000*",1110,-,-,4122(1),5017(1),5017(1),5017(1),-,-,-,-,-,-,-
Tel Govt-Serv LOC,OPEN-FEM,Telangana,"SVS Med Coll, Mehboobnagar",OBG,"₹7,50,000*",Info not available*,1*,"₹20,00,000*",760,-,-,5024(1),5024(1),5024(1),5024(1),-,-,-,-,-,-,-
Tel Govt-NS LOC,SC-GEN,Telangana,"Mamata Med Coll, Khammam",ANATOMY,"₹1,70,000*",Info not available*,1*,"₹20,00,000*",1080,-,-,-,5034(1),-,-,-,-,-,-,-,-,-
Tel Govt-NS LOC,BCA-GEN,Telangana,"Govt Med Coll, Siddipet",MICROBIOLOGY,"₹25,000*","₹58,289",1,"₹20,00,000",780,-,-,5039(1),5039(1),5039(1),5039(1),-,-,-,-,-,-,-
Tel Govt-NS LOC,SC-GEN,Telangana,"Prathima IMS, Karimnagar",PSYCHIATRY,"₹7,50,000*",Info not available*,1*,"₹20,00,000*",1060,3634(1),3897(1),4008(1),5041(1),5041(1),5041(1),-,-,-,-,-,-,-
Tel Govt-Serv LOC,OPEN-GEN,Telangana,"Osmania Med Coll, Hyderabad",ENT,"₹25,000*","₹58,289",1,"₹20,00,000",4800,-,-,5045(1),-,-,-,-,-,-,-,-,-,-
Tel Govt-NS LOC,ST-GEN,Telangana,"Osmania Med Coll, Hyderabad",MICROBIOLOGY,"₹25,000*","₹58,289",1,"₹20,00,000",4800,-,-,-,5049(1),5049(1),5049(1),-,-,-,-,-,-,-
Tel Govt-Serv LOC,OPEN-GEN,Telangana,"Govt Med Coll, Nizamabad",BIOCHEMISTRY,"₹25,000*","₹58,289",1,"₹20,00,000",500,-,-,5051(1),5051(1),5051(1),5051(1),-,-,-,-,-,-,-
Tel Govt-Serv LOC,ST-GEN,Telangana,"Osmania Med Coll, Hyderabad",ANAESTHESIOLOGY,"₹25,000*","₹58,289",1,"₹20,00,000",4800,4730(1),-,5052(1),5052(1),5052(1),5052(1),-,-,-,-,-,-,-
Tel Govt-Serv LOC,SC-GEN,Telangana,"Malla Reddy(Women), Hyderabad",GENERAL SURGERY,-,-,-,-,1050,-,-,5057(1),5057(1),5057(1),5057(1),-,-,-,-,-,-,-
Tel Govt-Serv LOC,SC-GEN,Telangana,"Kamineni (KAMSRC), Hyderabad",GENERAL SURGERY,"₹7,00,000*",Info not available*,1*,"₹20,00,000*",650,-,-,5059(1),5059(1),5059(1),5059(1),-,-,-,-,-,-,-
Tel Govt-Serv LOC,BCE-GEN,Telangana,"Mamata Med Coll, Khammam",GENERAL MEDICINE,"₹7,50,000*",Info not available*,1*,"₹20,00,000*",1080,-,-,5061(1),5061(1),5061(1),5061(1),-,-,-,-,-,-,-
Tel Govt-Serv LOC,OPEN-GEN,Telangana,"Malla Reddy IMS, Hyderabad",GENERAL SURGERY,-,-,-,-,940,-,-,5064(1),5064(1),5064(1),5064(1),-,-,-,-,-,-,-
Tel Govt-NS LOC,BCD-GEN,Telangana,"RVM IMSRC, Siddipet",PATHOLOGY,"₹4,30,000*",Info not available*,1*,"₹20,00,000*",1110,-,-,5073(1),5073(1),5073(1),5073(1),-,-,-,-,-,-,-
Tel Govt-Serv LOC,SC-GEN,Telangana,"Osmania Med Coll, Hyderabad",OPHTHALMOLOGY,"₹25,000*","₹58,289",1,"₹20,00,000",4800,-,-,5087(1),5087(1),5087(1),5087(1),-,-,-,-,-,-,-
Tel Govt-NS LOC,ST-FEM,Telangana,"Osmania Med Coll, Hyderabad",PHARMACOLOGY,"₹25,000*","₹58,289",1,"₹20,00,000",4800,4665(1),-,-,5089(1),5089(1),5089(1),-,-,-,-,-,-,-
Tel Govt-Serv LOC,OPEN-GEN,Telangana,"Mediciti IMS, Ghanpur",ANAESTHESIOLOGY,"₹7,00,000*",Info not available*,1*,"₹20,00,000*",720,-,-,5093(1),5093(1),5093(1),5093(1),-,-,-,-,-,-,-
Tel Govt-Serv LOC,OPEN-GEN,Telangana,"Malla Reddy IMS, Hyderabad",ORTHOPAEDICS,-,-,-,-,940,-,-,5099(1),5099(1),5099(1),5099(1),-,-,-,-,-,-,-
Tel Govt-NS LOC,OPEN-GEN,Telangana,"Malla Reddy(Women), Hyderabad",PHARMACOLOGY,-,-,-,-,1050,-,-,5101(2),5101(1),5101(1),5101(1),-,-,-,-,-,-,-
Tel Govt-NS UNR,ST-GEN,Telangana,"Kamineni IMS, Narketpally",ANAESTHESIOLOGY,"₹7,50,000*",Info not available*,1*,"₹20,00,000*",1060,3910(1),4410(1),5102(1),4939(1),5092(1),5092(1),-,-,-,-,-,-,-
Tel Govt-Serv UNR,SC-GEN,Telangana,"Malla Reddy IMS, Hyderabad",ANAESTHESIOLOGY,-,-,-,-,940,4744(1),-,5105(1),5105(1),5105(1),5105(1),-,-,-,-,-,-,-
Tel Govt-Serv UNR,OPEN-FEM,Telangana,"Kakatiya Med Coll, Warangal",BIOCHEMISTRY,"₹25,000*","₹58,289",1,"₹20,00,000",1150,-,-,5111(1),5111(1),5111(1),5111(1),-,-,-,-,-,-,-
Tel Govt-NS LOC,OPEN-FEM,Telangana,"ESIC Med Coll,Sanath Nagar",ANATOMY,"₹2,50,000*","₹1,26,927*",2*,"₹10,00,000*",690,-,-,5112(1),5112(1),5112(1),5112(1),-,-,-,-,-,-,-
Tel Govt-Serv LOC,OPEN-GEN,Telangana,"CAIMS, Karimnagar",ORTHOPAEDICS,"₹7,75,000*",Info not available*,1*,"₹20,00,000*",1000,-,-,5113(1),-,-,-,-,-,-,-,-,-,-
Tel Govt-NS UNR,OPEN-FEM,Telangana,"Osmania Med Coll, Hyderabad",FORENSIC MEDICINE,"₹25,000*","₹58,289",1,"₹20,00,000",4800,2285(1),4012(1),4329(1),5115(1),5115(1),5115(1),-,-,-,-,-,-,-
Tel Govt-Serv LOC,ST-GEN,Telangana,"Kamineni IMS, Narketpally",TBRD,"₹7,50,000*",Info not available*,1*,"₹20,00,000*",1060,-,-,5117(1),5117(1),5117(1),5117(1),-,-,-,-,-,-,-
Tel Govt-Serv LOC,OPEN-GEN,Telangana,"Mamata Med Coll, Khammam",GENERAL SURGERY,"₹7,50,000*",Info not available*,1*,"₹20,00,000*",1080,-,-,5118(1),5118(1),5118(1),5118(1),-,-,-,-,-,-,-
Tel Govt-Serv LOC,OPEN-GEN,Telangana,"ESIC Med Coll,Sanath Nagar",IHBT,"₹2,50,000*","₹1,26,927*",2*,"₹10,00,000*",690,-,-,5121(1),5121(1),5121(1),5121(1),-,-,-,-,-,-,-
Tel Govt-NS LOC,SC-GEN,Telangana,"Gandhi Med Coll, Secunderabad",SPM,"₹25,000*","₹58,289",1,"₹20,00,000",1200,3535(1),3917(1),3887(1),5124(1),5124(1),5124(1),-,-,-,-,-,-,-
Tel Govt-NS LOC,OPEN-FEM,Telangana,"Govt Med Coll, Siddipet",BIOCHEMISTRY,"₹25,000*","₹58,289",1,"₹20,00,000",780,-,-,5141(1),-,-,-,-,-,-,-,-,-,-
Tel Govt-Serv LOC,BCD-GEN,Telangana,"Mediciti IMS, Ghanpur",PAEDIATRICS,"₹7,00,000*",Info not available*,1*,"₹20,00,000*",720,4517(1),-,5144(1),5144(1),5144(1),5144(1),-,-,-,-,-,-,-
Tel Govt-Serv LOC,OPEN-GEN,Telangana,"Govt Med Coll, Siddipet",SPM,"₹25,000*","₹58,289",1,"₹20,00,000",780,-,-,5149(1),5149(1),5149(1),5149(1),-,-,-,-,-,-,-
Tel Govt-Serv LOC,OPEN-GEN,Telangana,"Osmania Med Coll, Hyderabad",SPM,"₹25,000*","₹58,289",1,"₹20,00,000",4800,-,-,5150(1),5150(1),5150(1),5150(1),-,-,-,-,-,-,-
Tel Govt-NS LOC,MIN-GEN-MSM,Telangana,"DCMS, Hyderabad",PHYSIOLOGY,"₹2,16,000*",Info not available*,1*,"₹20,00,000*",1400,-,-,5157(1),-,-,-,-,-,-,-,-,-,-
Tel Govt-NS UNR,ST-FEM,Telangana,"MNR Med Coll, Sangareddy",OPHTHALMOLOGY,"₹7,00,000*",Info not available*,1*,"₹20,00,000*",760,-,-,5158(1),5158(1),5158(1),5158(1),-,-,-,-,-,-,-
Tel Govt-NS LOC,OPEN-GEN,Telangana,"SVS Med Coll, Mehboobnagar",BIOCHEMISTRY,"₹1,80,000*",Info not available*,1*,"₹20,00,000*",760,-,-,5160(1),5160(1),5160(1),5160(1),-,-,-,-,-,-,-
Tel Govt-NS LOC,OPEN-GEN,Telangana,"Rajiv Gandhi IMS, Adilabad",FORENSIC MEDICINE,"₹25,000*","₹58,289",1,"₹20,00,000",Info Not Available,-,4563(1),5162(1),5162(1),5162(1),5162(1),-,-,-,-,-,-,-
Tel Govt-Serv LOC,ST-FEM,Telangana,"CAIMS, Karimnagar",PAEDIATRICS,"₹7,75,000*",Info not available*,1*,"₹20,00,000*",1000,-,-,5163(1),5163(1),5163(1),5163(1),-,-,-,-,-,-,-
Tel Govt-NS LOC,MIN-FEM-MSM,Telangana,"Shadan IMSRC, Peerancheru",PHARMACOLOGY,"₹4,30,000*",Info not available*,1*,"₹20,00,000*",800,-,-,5164(1),5164(1),5164(1),5164(1),-,-,-,-,-,-,-
Tel Govt-Serv LOC,SC-FEM,Telangana,"Kakatiya Med Coll, Warangal",OBG,"₹25,000*","₹58,289",1,"₹20,00,000",1150,-,-,5177(1),5177(1),5177(1),5177(1),-,-,-,-,-,-,-
Tel Govt-Serv LOC,ST-GEN,Telangana,"Apollo IMSR, Hyderabad",ENT,"₹7,50,000*",Info not available*,1*,"₹20,00,000*",570,-,-,5179(1),-,-,-,-,-,-,-,-,-,-
Tel Govt-Serv LOC,OPEN-GEN,Telangana,"Mamata Med Coll, Khammam",ANAESTHESIOLOGY,"₹7,50,000*",Info not available*,1*,"₹20,00,000*",1080,-,-,5182(1),5182(1),5182(1),5182(1),-,-,-,-,-,-,-
Tel Govt-NS LOC,SC-FEM,Telangana,"Rajiv Gandhi IMS, Adilabad",PHARMACOLOGY,"₹25,000*","₹58,289",1,"₹20,00,000",Info Not Available,4377(1),-,5185(1),5185(1),5185(1),5185(1),-,-,-,-,-,-,-
Tel Govt-NS LOC,OPEN-GEN,Telangana,"Malla Reddy IMS, Hyderabad",MICROBIOLOGY,-,-,-,-,940,-,-,5196(1),5196(1),5196(1),5196(1),-,-,-,-,-,-,-
Tel Govt-Serv LOC,OPEN-GEN,Telangana,"Osmania Med Coll, Hyderabad",FORENSIC MEDICINE,"₹25,000*","₹58,289",1,"₹20,00,000",4800,-,-,5199(1),5199(1),5199(1),5199(1),-,-,-,-,-,-,-
Tel Govt-Serv LOC,OPEN-FEM,Telangana,"Kakatiya Med Coll, Warangal",OPHTHALMOLOGY,"₹25,000*","₹58,289",1,"₹20,00,000",1150,-,-,5202(1),5202(1),5202(1),5202(1),-,-,-,-,-,-,-
Tel Govt-NS LOC,OPEN-GEN,Telangana,"Surabhi InstituteofMS,Siddipet",PATHOLOGY,"₹4,30,000*",Info not available*,1*,"₹20,00,000*",-,-,-,-,-,5204(1),5204(1),-,-,-,-,-,-,-
Tel Govt-Serv LOC,OPEN-GEN,Telangana,"Bhaskar Med Coll, Yenkapally",OBG,"₹7,50,000*",Info not available*,1*,"₹20,00,000*",850,-,-,5209(1),5209(1),5209(1),5209(1),-,-,-,-,-,-,-
Tel Govt-Serv LOC,OPEN-GEN,Telangana,"CAIMS, Karimnagar",ANAESTHESIOLOGY,"₹7,75,000*",Info not available*,1*,"₹20,00,000*",1000,-,-,5211(1),5211(1),5211(1),5211(1),-,-,-,-,-,-,-
Tel Govt-NS UNR,MIN-FEM-MSM,Telangana,"DrVRK Womens MedColl,Aziznagar",PHARMACOLOGY,"₹4,30,000*",Info not available*,1*,"₹20,00,000*",500,4485(1),-,5214(1),5214(1),5214(1),5214(1),-,-,-,-,-,-,-
Tel Govt-Serv LOC,SC-GEN,Telangana,"Kamineni (KAMSRC), Hyderabad",OBG,"₹7,00,000*",Info not available*,1*,"₹20,00,000*",650,-,-,5217(1),5217(1),5217(1),5217(1),-,-,-,-,-,-,-
Tel Govt-NS LOC,OPEN-GEN,Telangana,"Govt Med Coll, Siddipet",BIOCHEMISTRY,"₹25,000*","₹58,289",1,"₹20,00,000",780,4315(1),-,5223(1),5223(1),5223(1),5223(1),-,-,-,-,-,-,-
Tel Govt-NS LOC,SC-GEN,Telangana,"Govt Med Coll, Siddipet",PHARMACOLOGY,"₹25,000*","₹58,289",1,"₹20,00,000",780,-,-,5240(1),-,-,-,-,-,-,-,-,-,-
Tel Govt-NS LOC,BCB-FEM,Telangana,"Dr Patnam MRInstofMS,Chevella",PATHOLOGY,"₹4,30,000*",Info not available*,1*,"₹20,00,000*",-,-,-,5241(1),5241(1),5241(1),5241(1),-,-,-,-,-,-,-
Tel Govt-NS LOC,ST-FEM,Telangana,"Mahavir Inst of MS, Vikarabad",ORTHOPAEDICS,"₹7,00,000*",Info not available*,1*,"₹20,00,000*",700,-,-,-,5245(1),5245(1),5245(1),-,-,-,-,-,-,-
Tel Govt-Serv LOC,ST-GEN,Telangana,"Gandhi Med Coll, Secunderabad",BIOCHEMISTRY,"₹25,000*","₹58,289",1,"₹20,00,000",1200,-,-,5247(1),5247(1),5247(1),5247(1),-,-,-,-,-,-,-
Tel Govt-Serv LOC,BCD-GEN,Telangana,"SVS Med Coll, Mehboobnagar",ORTHOPAEDICS,"₹7,50,000*",Info not available*,1*,"₹20,00,000*",760,-,-,5251(1),5251(1),5251(1),5251(1),-,-,-,-,-,-,-
Tel Govt-Serv LOC,BCB-GEN,Telangana,"Osmania Med Coll, Hyderabad",ANAESTHESIOLOGY,"₹25,000*","₹58,289",1,"₹20,00,000",4800,-,-,5254(1),5254(1),5254(1),5254(1),-,-,-,-,-,-,-
Tel Govt-NS LOC,SC-GEN,Telangana,"Apollo IMSR, Hyderabad",MICROBIOLOGY,"₹4,30,000*",Info not available*,1*,"₹20,00,000*",570,-,-,5256(1),5256(1),5256(1),5256(1),-,-,-,-,-,-,-
Tel Govt-NS LOC,SC-GEN,Telangana,"Govt Med Coll, Suryapet",PHARMACOLOGY,"₹25,000*","₹58,289",1,"₹20,00,000",580,-,-,5258(1),5258(1),5258(1),5258(1),-,-,-,-,-,-,-
Tel Govt-NS LOC,BCD-GEN,Telangana,"Kakatiya Med Coll, Warangal",PHARMACOLOGY,"₹25,000*","₹58,289",1,"₹20,00,000",1150,4043(1),-,-,5262(1),5262(1),5262(1),-,-,-,-,-,-,-
Tel Govt-Serv LOC,SC-FEM,Telangana,"Govt Med Coll, Nizamabad",OBG,"₹25,000*","₹58,289",1,"₹20,00,000",500,-,-,5265(1),5265(1),5265(1),5265(1),-,-,-,-,-,-,-
Tel Govt-Serv LOC,BCA-FEM,Telangana,"Apollo IMSR, Hyderabad",GENERAL MEDICINE,"₹7,50,000*",Info not available*,1*,"₹20,00,000*",570,-,-,5267(1),5267(1),5267(1),5267(1),-,-,-,-,-,-,-
Tel Govt-Serv LOC,OPEN-FEM,Telangana,"Osmania Med Coll, Hyderabad",PATHOLOGY,"₹25,000*","₹58,289",1,"₹20,00,000",4800,-,-,5268(1),5268(1),5268(1),5268(1),-,-,-,-,-,-,-
Tel Govt-NS LOC,BCA-GEN,Telangana,"Govt Med Coll, Mahabubnagar",FORENSIC MEDICINE,"₹25,000*","₹58,289",1,"₹20,00,000",900,3768(1),4687(1),5275(1),5275(1),5275(1),5275(1),-,-,-,-,-,-,-
Tel Govt-Serv LOC,SC-GEN,Telangana,"Rajiv Gandhi IMS, Adilabad",SPM,"₹25,000*","₹58,289",1,"₹20,00,000",Info Not Available,-,-,5278(1),5278(1),5278(1),5278(1),-,-,-,-,-,-,-
Tel Govt-NS LOC,OPEN-FEM,Telangana,"Rajiv Gandhi IMS, Adilabad",PHYSIOLOGY,"₹25,000*","₹58,289",1,"₹20,00,000",Info Not Available,-,-,5280(1),-,-,-,-,-,-,-,-,-,-
Tel Govt-NS LOC,BCE-FEM,Telangana,"Mamata Med Coll, Khammam",ORTHOPAEDICS,"₹7,50,000*",Info not available*,1*,"₹20,00,000*",1080,-,-,3390(1),5284(1),5284(1),5284(1),-,-,-,-,-,-,-
Tel Govt-NS UNR,OPEN-GEN,Telangana,"MNR Med Coll, Sangareddy",PHYSIOLOGY,"₹1,89,000*",Info not available*,1*,"₹20,00,000*",760,4624(1),-,5286(1),-,-,-,-,-,-,-,-,-,-
Tel Govt-NS UNR,BCB-GEN,Telangana,"Osmania Med Coll, Hyderabad",ANATOMY,"₹25,000*","₹58,289",1,"₹20,00,000",4800,-,-,4979(1),-,5293(1),-,-,-,-,-,-,-,-
Tel Govt-Serv LOC,BCE-GEN,Telangana,"Kamineni (KAMSRC), Hyderabad",PAEDIATRICS,"₹7,00,000*",Info not available*,1*,"₹20,00,000*",650,-,-,5294(1),5294(1),5294(1),5294(1),-,-,-,-,-,-,-
Tel Govt-Serv UNR,OPEN-FEM,Telangana,"SVS Med Coll, Mehboobnagar",GENERAL SURGERY,"₹7,50,000*",Info not available*,1*,"₹20,00,000*",760,4482(1),-,5296(1),5296(1),5296(1),5296(1),-,-,-,-,-,-,-
Tel Govt-Serv LOC,SC-GEN,Telangana,"CAIMS, Karimnagar",OBG,"₹7,75,000*",Info not available*,1*,"₹20,00,000*",1000,-,-,5308(1),5308(1),5308(1),5308(1),-,-,-,-,-,-,-
Tel Govt-Serv LOC,BCB-GEN,Telangana,"Govt Med Coll, Nizamabad",TBRD,"₹25,000*","₹58,289",1,"₹20,00,000",500,-,-,5309(1),-,-,-,-,-,-,-,-,-,-
Tel Govt-NS LOC,BCE-GEN,Telangana,"CAIMS, Karimnagar",PATHOLOGY,"₹4,30,000*",Info not available*,1*,"₹20,00,000*",1000,-,-,4231(1),5311(1),5311(1),5311(1),-,-,-,-,-,-,-
Tel Govt-NS LOC,OPEN-GEN,Telangana,"Govt Med Coll, Nalgonda",BIOCHEMISTRY,"₹25,000*","₹58,289",1,"₹20,00,000",580,4399(1),4739(1),5312(2),5260(1),5260(1),5260(1),-,-,-,-,-,-,-
Tel Govt-Serv LOC,BCC-GEN,Telangana,"Osmania Med Coll, Hyderabad",PSYCHIATRY,"₹25,000*","₹58,289",1,"₹20,00,000",4800,-,-,5314(1),5314(1),5314(1),5314(1),-,-,-,-,-,-,-
Tel Govt-NS LOC,OPEN-FEM,Telangana,"CAIMS, Karimnagar",PHARMACOLOGY,"₹4,30,000*",Info not available*,1*,"₹20,00,000*",1000,-,-,5317(1),-,-,-,-,-,-,-,-,-,-
Tel Govt-NS UNR,ST-FEM,Telangana,"Mediciti IMS, Ghanpur",PSYCHIATRY,"₹7,00,000*",Info not available*,1*,"₹20,00,000*",720,4516(1),4622(1),5319(1),5319(1),5319(1),5319(1),-,-,-,-,-,-,-
Tel Govt-NS LOC,OPEN-GEN,Telangana,"Rajiv Gandhi IMS, Adilabad",PHYSIOLOGY,"₹25,000*","₹58,289",1,"₹20,00,000",Info Not Available,-,-,5320(1),-,-,-,-,-,-,-,-,-,-
Tel Govt-Serv LOC,OPEN-GEN,Telangana,"Kamineni (KAMSRC), Hyderabad",SPM,"₹4,30,000*",Info not available*,1*,"₹20,00,000*",650,-,-,5321(1),5321(1),5321(1),5321(1),-,-,-,-,-,-,-
Tel Govt-NS LOC,OPEN-GEN,Telangana,"Mahavir Inst of MS, Vikarabad",PHARMACOLOGY,"₹4,30,000*",Info not available*,1*,"₹20,00,000*",700,-,-,5326(1),-,-,-,-,-,-,-,-,-,-
Tel Govt-Serv LOC,BCB-GEN,Telangana,"Osmania Med Coll, Hyderabad",PATHOLOGY,"₹25,000*","₹58,289",1,"₹20,00,000",4800,-,-,5331(1),5331(1),5331(1),5331(1),-,-,-,-,-,-,-
Tel Govt-Serv LOC,OPEN-GEN,Telangana,"Kakatiya Med Coll, Warangal",PATHOLOGY,"₹25,000*","₹58,289",1,"₹20,00,000",1150,-,-,5333(1),5333(1),5333(1),5333(1),-,-,-,-,-,-,-
Tel Govt-Serv UNR,BCB-GEN,Telangana,"MNR Med Coll, Sangareddy",OBG,"₹7,00,000*",Info not available*,1*,"₹20,00,000*",760,4735(1),-,5334(1),5334(1),5334(1),5334(1),-,-,-,-,-,-,-
Tel Govt-Serv LOC,BCB-GEN,Telangana,"CAIMS, Karimnagar",SPM,"₹4,30,000*",Info not available*,1*,"₹20,00,000*",1000,-,-,5339(1),-,-,-,-,-,-,-,-,-,-
Tel Govt-Serv UNR,SC-FEM,Telangana,"Kamineni IMS, Narketpally",ORTHOPAEDICS,"₹7,50,000*",Info not available*,1*,"₹20,00,000*",1060,-,-,5343(1),5343(1),5343(1),5343(1),-,-,-,-,-,-,-
Tel Govt-Serv LOC,SC-GEN,Telangana,"Govt Med Coll, Nalgonda",FORENSIC MEDICINE,"₹25,000*","₹58,289",1,"₹20,00,000",580,-,-,5349(1),5349(1),5349(1),5349(1),-,-,-,-,-,-,-
Tel Govt-NS LOC,OPEN-GEN,Telangana,"Govt Med Coll, Siddipet",ANATOMY,"₹25,000*","₹58,289",1,"₹20,00,000",780,-,-,5351(1),-,-,-,-,-,-,-,-,-,-
Tel Govt-Serv LOC,OPEN-GEN,Telangana,"MNR Med Coll, Sangareddy",ORTHOPAEDICS,"₹7,00,000*",Info not available*,1*,"₹20,00,000*",760,-,-,5352(1),5352(1),5352(1),5352(1),-,-,-,-,-,-,-
Tel Govt-NS LOC,OPEN-GEN,Telangana,"RVM IMSRC, Siddipet",BIOCHEMISTRY,"₹1,70,000*",Info not available*,1*,"₹20,00,000*",1110,-,-,5354(1),-,-,-,-,-,-,-,-,-,-
Tel Govt-NS UNR,SC-GEN,Telangana,"Osmania Med Coll, Hyderabad",MICROBIOLOGY,"₹25,000*","₹58,289",1,"₹20,00,000",4800,3540(1),3888(1),4382(1),5355(1),5355(1),5355(1),-,-,-,-,-,-,-
Tel Govt-NS LOC,ST-FEM,Telangana,"MNR Med Coll, Sangareddy",SPM,"₹4,46,500*",Info not available*,1*,"₹20,00,000*",760,-,-,-,5358(1),5358(1),5358(1),-,-,-,-,-,-,-
Tel Govt-Serv LOC,OPEN-GEN,Telangana,"CAIMS, Karimnagar",ENT,"₹7,75,000*",Info not available*,1*,"₹20,00,000*",1000,-,-,5359(1),5359(1),5359(1),5359(1),-,-,-,-,-,-,-
Tel Govt-Serv LOC,OPEN-GEN,Telangana,"Kamineni IMS, Narketpally",ANAESTHESIOLOGY,"₹7,50,000*",Info not available*,1*,"₹20,00,000*",1060,-,-,5362(1),5362(1),5362(1),5362(1),-,-,-,-,-,-,-
Tel Govt-NS LOC,OPEN-GEN,Telangana,"Govt Med Coll, Nalgonda",PHYSIOLOGY,"₹25,000*","₹58,289",1,"₹20,00,000",580,4611(1),-,5366(1),5366(1),5366(1),5366(1),-,-,-,-,-,-,-
Tel Govt-NS LOC,BCB-FEM,Telangana,"Govt Med Coll, Siddipet",PATHOLOGY,"₹25,000*","₹58,289",1,"₹20,00,000",780,-,3574(1),4133(1),5368(1),5368(1),5368(1),-,-,-,-,-,-,-
Tel Govt-NS LOC,SC-FEM,Telangana,"Govt Med Coll, Siddipet",FORENSIC MEDICINE,"₹25,000*","₹58,289",1,"₹20,00,000",780,-,-,5369(1),5369(1),5369(1),5369(1),-,-,-,-,-,-,-
Tel Govt-Serv LOC,OPEN-FEM,Telangana,"CAIMS, Karimnagar",GENERAL MEDICINE,"₹7,75,000*",Info not available*,1*,"₹20,00,000*",1000,-,-,5375(1),5375(1),5375(1),5375(1),-,-,-,-,-,-,-
Tel Govt-Serv LOC,BCA-GEN,Telangana,"Kakatiya Med Coll, Warangal",ANAESTHESIOLOGY,"₹25,000*","₹58,289",1,"₹20,00,000",1150,-,-,5385(1),5385(1),5385(1),5385(1),-,-,-,-,-,-,-
Tel Govt-NS LOC,SC-GEN,Telangana,"MNR Med Coll, Sangareddy",MICROBIOLOGY,"₹4,46,500*",Info not available*,1*,"₹20,00,000*",760,-,-,5390(1),-,-,-,-,-,-,-,-,-,-
Tel Govt-Serv UNR,OPEN-GEN,Telangana,"Osmania Med Coll, Hyderabad",PHARMACOLOGY,"₹25,000*","₹58,289",1,"₹20,00,000",4800,-,-,5391(1),5391(1),5391(1),5391(1),-,-,-,-,-,-,-
Tel Govt-NS LOC,BCB-FEM,Telangana,"Kamineni IMS, Narketpally",SPM,"₹4,30,000*",Info not available*,1*,"₹20,00,000*",1060,-,-,-,5392(1),-,-,-,-,-,-,-,-,-
Tel Govt-NS LOC,OPEN-FEM,Telangana,"Govt Med Coll, Siddipet",MICROBIOLOGY,"₹25,000*","₹58,289",1,"₹20,00,000",780,4323(1),3919(1),5006(1),-,5407(1),5407(1),-,-,-,-,-,-,-
Tel Govt-NS LOC,BCB-FEM,Telangana,"ESIC Med Coll,Sanath Nagar",ANATOMY,"₹2,50,000*","₹1,26,927*",2*,"₹10,00,000*",690,-,-,-,5410(1),5410(1),5410(1),-,-,-,-,-,-,-
Tel Govt-NS LOC,BCD-GEN,Telangana,"Govt Med Coll, Nizamabad",FORENSIC MEDICINE,"₹25,000*","₹58,289",1,"₹20,00,000",500,-,-,5411(1),5411(1),5411(1),5411(1),-,-,-,-,-,-,-
Tel Govt-NS LOC,BCD-FEM,Telangana,"Kamineni (KAMSRC), Hyderabad",MICROBIOLOGY,"₹4,30,000*",Info not available*,1*,"₹20,00,000*",650,-,-,-,5416(1),5416(1),5416(1),-,-,-,-,-,-,-
Tel Govt-NS LOC,BCB-FEM,Telangana,"Osmania Med Coll, Hyderabad",BIOCHEMISTRY,"₹25,000*","₹58,289",1,"₹20,00,000",4800,-,-,5418(1),5418(1),5418(1),5418(1),-,-,-,-,-,-,-
Tel Govt-NS LOC,OPEN-GEN,Telangana,"Govt Med Coll, Suryapet",PHYSIOLOGY,"₹25,000*","₹58,289",1,"₹20,00,000",580,-,-,5421(1),5421(1),5421(1),5421(1),-,-,-,-,-,-,-
Tel Govt-NS LOC,OPEN-FEM,Telangana,"RVM IMSRC, Siddipet",SPM,"₹4,30,000*",Info not available*,1*,"₹20,00,000*",1110,-,-,5425(1),-,-,-,-,-,-,-,-,-,-
Tel Govt-Serv LOC,OPEN-GEN,Telangana,"Gandhi Med Coll, Secunderabad",PHYSIOLOGY,"₹25,000*","₹58,289",1,"₹20,00,000",1200,-,-,5426(1),5426(1),5426(1),5426(1),-,-,-,-,-,-,-
Tel Govt-Serv LOC,SC-FEM,Telangana,"Osmania Med Coll, Hyderabad",PSYCHIATRY,"₹25,000*","₹58,289",1,"₹20,00,000",4800,-,-,5427(1),5427(1),5427(1),5427(1),-,-,-,-,-,-,-
Tel Govt-NS LOC,ST-GEN,Telangana,"Malla Reddy IMS, Hyderabad",ENT,-,-,-,-,940,-,-,5428(1),5428(1),5428(1),5428(1),-,-,-,-,-,-,-
Tel Govt-Serv LOC,OPEN-GEN,Telangana,"Mahavir Inst of MS, Vikarabad",OBG,"₹7,00,000*",Info not available*,1*,"₹20,00,000*",700,-,-,5431(1),5431(1),5431(1),5431(1),-,-,-,-,-,-,-
Tel Govt-NS LOC,MIN-GEN-MSM,Telangana,"Shadan IMSRC, Peerancheru",ANATOMY,"₹2,00,000*",Info not available*,1*,"₹20,00,000*",800,-,-,5432(1),-,-,-,-,-,-,-,-,-,-
Tel Govt-NS LOC,OPEN-FEM,Telangana,"Malla Reddy(Women), Hyderabad",ANATOMY,-,-,-,-,1050,-,-,5437(1),5437(1),5437(1),5437(1),-,-,-,-,-,-,-
Tel Govt-Serv LOC,SC-GEN,Telangana,"Mediciti IMS, Ghanpur",ANAESTHESIOLOGY,"₹7,00,000*",Info not available*,1*,"₹20,00,000*",720,-,-,5440(1),5440(1),5440(1),5440(1),-,-,-,-,-,-,-
Tel Govt-NS LOC,OPEN-FEM,Telangana,"Mediciti IMS, Ghanpur",PHYSIOLOGY,"₹1,70,000*",Info not available*,1*,"₹20,00,000*",720,-,4349(1),5441(1),5441(1),5441(1),5441(1),-,-,-,-,-,-,-
Tel Govt-NS LOC,BCB-GEN,Telangana,"Govt Med Coll, Mahabubnagar",MICROBIOLOGY,"₹25,000*","₹58,289",1,"₹20,00,000",900,-,-,-,5451(1),5451(1),5451(1),-,-,-,-,-,-,-
Tel Govt-NS LOC,BCA-GEN,Telangana,"Apollo IMSR, Hyderabad",SPM,"₹4,30,000*",Info not available*,1*,"₹20,00,000*",570,4649(1),4752(1),5181(1),5453(1),5453(1),5453(1),-,-,-,-,-,-,-
Tel Govt-NS LOC,ST-GEN,Telangana,"Rajiv Gandhi IMS, Adilabad",SPM,"₹25,000*","₹58,289",1,"₹20,00,000",Info Not Available,-,-,5040(1),5350(1),5460(1),5460(1),-,-,-,-,-,-,-
Tel Govt-NS LOC,BCD-GEN,Telangana,"Govt Med Coll, Mahabubnagar",PHYSIOLOGY,"₹25,000*","₹58,289",1,"₹20,00,000",900,-,-,5463(1),5463(1),5463(1),5463(1),-,-,-,-,-,-,-
Tel Govt-Serv LOC,OPEN-GEN,Telangana,"Gandhi Med Coll, Secunderabad",MICROBIOLOGY,"₹25,000*","₹58,289",1,"₹20,00,000",1200,-,-,5468(1),5468(1),5468(1),5468(1),-,-,-,-,-,-,-
Tel Govt-NS LOC,BCE-FEM,Telangana,"Dr Patnam MRInstofMS,Chevella",MICROBIOLOGY,"₹4,30,000*",Info not available*,1*,"₹20,00,000*",-,-,-,5469(1),5469(1),5469(1),5469(1),-,-,-,-,-,-,-
Tel Govt-Serv LOC,ST-FEM,Telangana,"Gandhi Med Coll, Secunderabad",MICROBIOLOGY,"₹25,000*","₹58,289",1,"₹20,00,000",1200,-,-,5482(1),5482(1),5482(1),5482(1),-,-,-,-,-,-,-
Tel Govt-NS LOC,BCB-GEN,Telangana,"Gandhi Med Coll, Secunderabad",PHARMACOLOGY,"₹25,000*","₹58,289",1,"₹20,00,000",1200,4127(1),4127(1),5483(2),5483(2),5483(2),5483(2),-,-,-,-,-,-,-
Tel Govt-NS LOC,BCB-GEN,Telangana,"RVM IMSRC, Siddipet",PATHOLOGY,"₹4,30,000*",Info not available*,1*,"₹20,00,000*",1110,4354(1),4306(1),4725(1),5486(1),5486(1),5486(1),-,-,-,-,-,-,-
Tel Govt-NS LOC,BCB-FEM,Telangana,"Mamata Med Coll, Khammam",FORENSIC MEDICINE,"₹4,30,000*",Info not available*,1*,"₹20,00,000*",1080,-,-,-,5488(1),5253(1),-,-,-,-,-,-,-,-
Tel Govt-NS UNR,ST-FEM,Telangana,"Kakatiya Med Coll, Warangal",PHYSIOLOGY,"₹25,000*","₹58,289",1,"₹20,00,000",1150,-,-,5281(1),5494(1),5494(1),5494(1),-,-,-,-,-,-,-
Tel Govt-NS LOC,OPEN-FEM,Telangana,"Govt Med Coll, Suryapet",PHARMACOLOGY,"₹25,000*","₹58,289",1,"₹20,00,000",580,-,4688(1),5500(1),5480(1),5480(1),5480(1),-,-,-,-,-,-,-
Tel Govt-NS LOC,OPEN-GEN,Telangana,"CAIMS, Karimnagar",PHYSIOLOGY,"₹2,00,000*",Info not available*,1*,"₹20,00,000*",1000,-,-,5501(1),-,-,-,-,-,-,-,-,-,-
Tel Govt-Serv LOC,OPEN-FEM,Telangana,"Kakatiya Med Coll, Warangal",ANAESTHESIOLOGY,"₹25,000*","₹58,289",1,"₹20,00,000",1150,-,-,5503(1),5503(1),5503(1),5503(1),-,-,-,-,-,-,-
Tel Govt-NS LOC,SC-GEN,Telangana,"Kakatiya Med Coll, Warangal",BIOCHEMISTRY,"₹25,000*","₹58,289",1,"₹20,00,000",1150,-,-,5507(1),5507(1),5507(1),5507(1),-,-,-,-,-,-,-
Tel Govt-Serv LOC,OPEN-GEN,Telangana,"Malla Reddy IMS, Hyderabad",ANAESTHESIOLOGY,-,-,-,-,940,-,-,5509(1),5509(1),5509(1),5509(1),-,-,-,-,-,-,-
Tel Govt-NS LOC,BCB-GEN,Telangana,"Govt Med Coll, Nalgonda",PHARMACOLOGY,"₹25,000*","₹58,289",1,"₹20,00,000",580,-,-,5511(1),5511(1),5511(1),5511(1),-,-,-,-,-,-,-
Tel Govt-NS LOC,ST-FEM,Telangana,"Govt Med Coll, Nizamabad",ORTHOPAEDICS,"₹25,000*","₹58,289",1,"₹20,00,000",500,-,-,5514(1),5514(1),5514(1),5514(1),-,-,-,-,-,-,-
Tel Govt-NS UNR,BCB-FEM,Telangana,"Malla Reddy IMS, Hyderabad",MICROBIOLOGY,-,-,-,-,940,-,-,-,5516(1),5516(1),5516(1),-,-,-,-,-,-,-
Tel Govt-Serv LOC,OPEN-GEN,Telangana,"Mamata Med Coll, Khammam",PHYSIOLOGY,"₹1,70,000*",Info not available*,1*,"₹20,00,000*",1080,-,-,5518(1),5518(1),5518(1),5518(1),-,-,-,-,-,-,-
Tel Govt-NS LOC,BCE-GEN,Telangana,"Mamata Med Coll, Khammam",SPM,"₹4,30,000*",Info not available*,1*,"₹20,00,000*",1080,-,4725(1),5525(1),5364(1),5364(1),5364(1),-,-,-,-,-,-,-
Tel Govt-NS LOC,ST-GEN,Telangana,"Gandhi Med Coll, Secunderabad",BIOCHEMISTRY,"₹25,000*","₹58,289",1,"₹20,00,000",1200,-,-,5531(1),5531(1),5531(1),5531(1),-,-,-,-,-,-,-
Tel Govt-NS LOC,SC-GEN,Telangana,"Govt Med Coll, Nizamabad",PHYSIOLOGY,"₹25,000*","₹58,289",1,"₹20,00,000",500,-,-,5539(1),-,-,-,-,-,-,-,-,-,-
Tel Govt-NS LOC,ST-GEN,Telangana,"Bhaskar Med Coll, Yenkapally",PSYCHIATRY,"₹7,50,000*",Info not available*,1*,"₹20,00,000*",850,4639(1),4639(1),5540(1),5540(1),5540(1),5540(1),-,-,-,-,-,-,-
Tel Govt-Serv LOC,OPEN-GEN,Telangana,"Apollo IMSR, Hyderabad",OPHTHALMOLOGY,"₹7,50,000*",Info not available*,1*,"₹20,00,000*",570,-,-,5546(1),-,-,-,-,-,-,-,-,-,-
Tel Govt-NS LOC,BCE-GEN,Telangana,"Govt Med Coll, Nalgonda",MICROBIOLOGY,"₹25,000*","₹58,289",1,"₹20,00,000",580,4513(1),4513(1),5547(1),5547(1),5547(1),5547(1),-,-,-,-,-,-,-
Tel Govt-NS LOC,OPEN-GEN,Telangana,"Mahavir Inst of MS, Vikarabad",ANATOMY,"₹1,70,000*",Info not available*,1*,"₹20,00,000*",700,-,-,5549(1),5549(1),5549(1),5549(1),-,-,-,-,-,-,-
Tel Govt-NS LOC,OPEN-GEN,Telangana,"Mamata Med Coll, Khammam",PATHOLOGY,"₹4,30,000*",Info not available*,1*,"₹20,00,000*",1080,2979(1),3732(1),4188(1),5188(1),5551(1),5551(1),-,-,-,-,-,-,-
Tel Govt-Serv UNR,BCD-GEN,Telangana,"Kakatiya Med Coll, Warangal",MICROBIOLOGY,"₹25,000*","₹58,289",1,"₹20,00,000",1150,-,-,5553(1),5553(1),5553(1),5553(1),-,-,-,-,-,-,-
Tel Govt-Serv LOC,OPEN-GEN,Telangana,"Prathima IMS, Karimnagar",OBG,"₹7,50,000*",Info not available*,1*,"₹20,00,000*",1060,-,-,5554(1),-,-,-,-,-,-,-,-,-,-
Tel Govt-NS LOC,BCE-GEN,Telangana,"Govt Med Coll, Nizamabad",PATHOLOGY,"₹25,000*","₹58,289",1,"₹20,00,000",500,2877(1),2877(1),3959(1),-,4351(1),5562(1),-,-,-,-,-,-,-
Tel Govt-NS LOC,OPEN-GEN,Telangana,"Mahavir Inst of MS, Vikarabad",PHYSIOLOGY,"₹1,70,000*",Info not available*,1*,"₹20,00,000*",700,-,-,5568(1),5568(1),5568(1),5568(1),-,-,-,-,-,-,-
Tel Govt-NS UNR,SC-GEN,Telangana,"SVS Med Coll, Mehboobnagar",ANATOMY,"₹1,80,000*",Info not available*,1*,"₹20,00,000*",760,4559(1),-,5569(1),-,-,-,-,-,-,-,-,-,-
Tel Govt-NS LOC,SC-GEN,Telangana,"Mamata AcadofMedSci,Bachupally",SPM,"₹4,30,000*",Info not available*,1*,"₹20,00,000*",-,-,-,4988(1),5573(1),5295(1),-,-,-,-,-,-,-,-
Tel Govt-NS LOC,BCE-FEM,Telangana,"Govt Med Coll, Nalgonda",FORENSIC MEDICINE,"₹25,000*","₹58,289",1,"₹20,00,000",580,-,-,5576(1),5542(1),5542(1),5542(1),-,-,-,-,-,-,-
Tel Govt-NS LOC,OPEN-GEN,Telangana,"RVM IMSRC, Siddipet",PHARMACOLOGY,"₹4,30,000*",Info not available*,1*,"₹20,00,000*",1110,-,-,5578(1),5578(1),5578(1),5578(1),-,-,-,-,-,-,-
Tel Govt-Serv LOC,ST-GEN,Telangana,"Malla Reddy IMS, Hyderabad",OBG,-,-,-,-,940,-,-,5579(1),5579(1),5579(1),5579(1),-,-,-,-,-,-,-
Tel Govt-NS LOC,BCB-GEN,Telangana,"CAIMS, Karimnagar",SPM,"₹4,30,000*",Info not available*,1*,"₹20,00,000*",1000,-,-,-,5582(1),5582(1),5582(1),-,-,-,-,-,-,-
Tel Govt-NS LOC,BCD-GEN,Telangana,"Osmania Med Coll, Hyderabad",BIOCHEMISTRY,"₹25,000*","₹58,289",1,"₹20,00,000",4800,-,-,5584(1),5584(1),5584(1),5584(1),-,-,-,-,-,-,-
Tel Govt-NS LOC,SC-FEM,Telangana,"Govt Med Coll, Siddipet",BIOCHEMISTRY,"₹25,000*","₹58,289",1,"₹20,00,000",780,-,-,5585(1),-,-,-,-,-,-,-,-,-,-
Tel Govt-Serv LOC,ST-GEN,Telangana,"Osmania Med Coll, Hyderabad",PATHOLOGY,"₹25,000*","₹58,289",1,"₹20,00,000",4800,-,-,5593(1),5593(1),5593(1),5593(1),-,-,-,-,-,-,-
Tel Govt-NS LOC,SC-GEN,Telangana,"Mediciti IMS, Ghanpur",PHARMACOLOGY,"₹4,30,000*",Info not available*,1*,"₹20,00,000*",720,-,-,-,-,5595(1),5595(1),-,-,-,-,-,-,-
Tel Govt-NS LOC,OPEN-FEM,Telangana,"Gandhi Med Coll, Secunderabad",FORENSIC MEDICINE,"₹25,000*","₹58,289",1,"₹20,00,000",1200,3212(1),3821(1),5070(2),5066(2),5597(2),5597(1),-,-,-,-,-,-,-
Tel Govt-NS LOC,OPEN-FEM,Telangana,"RVM IMSRC, Siddipet",PHARMACOLOGY,"₹4,30,000*",Info not available*,1*,"₹20,00,000*",1110,-,-,5600(1),-,-,-,-,-,-,-,-,-,-
Tel Govt-NS LOC,ST-GEN,Telangana,"Govt Med Coll, Nizamabad",PHARMACOLOGY,"₹25,000*","₹58,289",1,"₹20,00,000",500,-,-,-,-,5604(1),5604(1),-,-,-,-,-,-,-
Tel Govt-Serv LOC,ST-GEN,Telangana,"Malla Reddy(Women), Hyderabad",PSYCHIATRY,-,-,-,-,1050,-,-,5605(1),-,-,-,-,-,-,-,-,-,-
Tel Govt-NS LOC,ST-GEN,Telangana,"ESIC Med Coll,Sanath Nagar",PHYSIOLOGY,"₹2,50,000*","₹1,26,927*",2*,"₹10,00,000*",690,-,-,-,5607(1),5607(1),5607(1),-,-,-,-,-,-,-
Tel Govt-NS LOC,OPEN-GEN,Telangana,"Kamineni (KAMSRC), Hyderabad",PHYSIOLOGY,"₹2,16,000*",Info not available*,1*,"₹20,00,000*",650,-,-,5611(1),-,-,-,-,-,-,-,-,-,-
Tel Govt-NS LOC,OPEN-GEN,Telangana,"Mediciti IMS, Ghanpur",SPM,"₹4,30,000*",Info not available*,1*,"₹20,00,000*",720,3786(1),-,4953(1),5617(1),5617(1),5617(1),-,-,-,-,-,-,-
Tel Govt-Serv LOC,BCA-GEN,Telangana,"Mahavir Inst of MS, Vikarabad",FORENSIC MEDICINE,"₹4,30,000*",Info not available*,1*,"₹20,00,000*",700,-,-,5622(1),5622(1),5622(1),5622(1),-,-,-,-,-,-,-
Tel Govt-Serv LOC,BCA-GEN,Telangana,"Rajiv Gandhi IMS, Adilabad",GENERAL SURGERY,"₹25,000*","₹58,289",1,"₹20,00,000",Info Not Available,-,-,5624(1),5624(1),5624(1),5624(1),-,-,-,-,-,-,-
Tel Govt-NS LOC,OPEN-FEM,Telangana,"RVM IMSRC, Siddipet",PHYSIOLOGY,"₹1,70,000*",Info not available*,1*,"₹20,00,000*",1110,-,-,5626(1),-,-,-,-,-,-,-,-,-,-
Tel Govt-NS LOC,SC-FEM,Telangana,"Gandhi Med Coll, Secunderabad",ANATOMY,"₹25,000*","₹58,289",1,"₹20,00,000",1200,-,-,5638(1),-,-,-,-,-,-,-,-,-,-
Tel Govt-NS LOC,OPEN-FEM,Telangana,"Govt Med Coll, Suryapet",BIOCHEMISTRY,"₹25,000*","₹58,289",1,"₹20,00,000",580,4425(1),-,5639(1),5639(1),5639(1),5639(1),-,-,-,-,-,-,-
Tel Govt-NS LOC,OPEN-GEN,Telangana,"CAIMS, Karimnagar",MICROBIOLOGY,"₹4,30,000*",Info not available*,1*,"₹20,00,000*",1000,-,-,5532(1),5644(1),5644(1),5644(1),-,-,-,-,-,-,-
Tel Govt-Serv LOC,OPEN-GEN,Telangana,"Gandhi Med Coll, Secunderabad",PATHOLOGY,"₹25,000*","₹58,289",1,"₹20,00,000",1200,-,-,5646(1),-,-,-,-,-,-,-,-,-,-
Tel Govt-Serv LOC,OPEN-FEM,Telangana,"Prathima IMS, Karimnagar",GENERAL MEDICINE,"₹7,50,000*",Info not available*,1*,"₹20,00,000*",1060,-,-,5650(1),5650(1),5650(1),5650(1),-,-,-,-,-,-,-
Tel Govt-Serv LOC,BCA-GEN,Telangana,"Govt Med Coll, Siddipet",OPHTHALMOLOGY,"₹25,000*","₹58,289",1,"₹20,00,000",780,-,-,5651(1),5651(1),5651(1),5651(1),-,-,-,-,-,-,-
Tel Govt-NS LOC,BCB-GEN,Telangana,"Kakatiya Med Coll, Warangal",BIOCHEMISTRY,"₹25,000*","₹58,289",1,"₹20,00,000",1150,-,-,5653(1),5534(1),5534(1),5534(1),-,-,-,-,-,-,-
Tel Govt-NS LOC,BCB-FEM,Telangana,"Kakatiya Med Coll, Warangal",MICROBIOLOGY,"₹25,000*","₹58,289",1,"₹20,00,000",1150,-,4328(1),-,5665(1),5665(1),5665(1),-,-,-,-,-,-,-
Tel Govt-NS LOC,BCB-GEN,Telangana,"Govt Med Coll, Nalgonda",PHYSIOLOGY,"₹25,000*","₹58,289",1,"₹20,00,000",580,-,-,5666(1),-,-,-,-,-,-,-,-,-,-
Tel Govt-NS LOC,BCB-GEN,Telangana,"NIMS, Hyderabad",HOSPITAL ADMINISTRATION,"₹72,000*","₹1,11,780",1,"₹50,00,000",1498,3716(1),4179(1),4853(1),5670(1),5670(1),5670(1),-,-,-,-,-,-,-
Tel Govt-Serv LOC,BCD-GEN,Telangana,"Gandhi Med Coll, Secunderabad",ANAESTHESIOLOGY,"₹25,000*","₹58,289",1,"₹20,00,000",1200,-,-,5672(1),5672(1),5672(1),5672(1),-,-,-,-,-,-,-
Tel Govt-NS LOC,OPEN-FEM,Telangana,"Prathima IMS, Karimnagar",BIOCHEMISTRY,"₹1,87,000*",Info not available*,1*,"₹20,00,000*",1060,-,-,5676(1),-,-,-,-,-,-,-,-,-,-
Tel Govt-Serv UNR,ST-GEN,Telangana,"Osmania Med Coll, Hyderabad",FORENSIC MEDICINE,"₹25,000*","₹58,289",1,"₹20,00,000",4800,-,-,5678(1),5678(1),5678(1),5678(1),-,-,-,-,-,-,-
Tel Govt-Serv LOC,BCB-FEM,Telangana,"Osmania Med Coll, Hyderabad",OBG,"₹25,000*","₹58,289",1,"₹20,00,000",4800,-,-,5679(1),5679(1),5679(1),5679(1),-,-,-,-,-,-,-
Tel Govt-NS LOC,BCB-FEM,Telangana,"Mahavir Inst of MS, Vikarabad",PATHOLOGY,"₹4,30,000*",Info not available*,1*,"₹20,00,000*",700,-,-,5681(1),5409(1),5409(1),5409(1),-,-,-,-,-,-,-
Tel Govt-NS LOC,ST-GEN,Telangana,"Osmania Med Coll, Hyderabad",PHYSIOLOGY,"₹25,000*","₹58,289",1,"₹20,00,000",4800,-,-,-,5696(1),5696(1),5696(1),-,-,-,-,-,-,-
Tel Govt-NS LOC,BCB-GEN,Telangana,"Malla Reddy IMS, Hyderabad",SPM,-,-,-,-,940,-,-,5702(1),5110(1),5110(1),5110(1),-,-,-,-,-,-,-
Tel Govt-NS LOC,BCA-FEM,Telangana,"Mediciti IMS, Ghanpur",MICROBIOLOGY,"₹4,30,000*",Info not available*,1*,"₹20,00,000*",720,-,-,5302(1),5705(1),5705(1),5705(1),-,-,-,-,-,-,-
Tel Govt-Serv LOC,OPEN-GEN,Telangana,"Osmania Med Coll, Hyderabad",DO,"₹25,000*","₹58,289",1,"₹10,00,000",4800,-,-,5706(1),-,-,-,-,-,-,-,-,-,-
Tel Govt-NS LOC,ST-FEM,Telangana,"Kakatiya Med Coll, Warangal",MICROBIOLOGY,"₹25,000*","₹58,289",1,"₹20,00,000",1150,-,-,-,5707(1),5654(1),5654(1),-,-,-,-,-,-,-
Tel Govt-NS LOC,BCD-FEM,Telangana,"Govt Med Coll, Mahabubnagar",BIOCHEMISTRY,"₹25,000*","₹58,289",1,"₹20,00,000",900,-,-,5709(1),5709(1),5709(1),5709(1),-,-,-,-,-,-,-
Tel Govt-NS LOC,BCC-GEN,Telangana,"Osmania Med Coll, Hyderabad",SPM,"₹25,000*","₹58,289",1,"₹20,00,000",4800,-,3549(1),4486(1),5710(1),5710(1),5710(1),-,-,-,-,-,-,-
Tel Govt-NS LOC,BCB-GEN,Telangana,"Gandhi Med Coll, Secunderabad",PHYSIOLOGY,"₹25,000*","₹58,289",1,"₹20,00,000",1200,-,-,5630(1),5717(1),5717(1),5717(1),-,-,-,-,-,-,-
Tel Govt-NS LOC,ST-GEN,Telangana,"Mediciti IMS, Ghanpur",PATHOLOGY,"₹4,30,000*",Info not available*,1*,"₹20,00,000*",720,-,-,5726(1),5153(1),5153(1),5153(1),-,-,-,-,-,-,-