Quota,Category,State,Institute,Course,Fee,Stipend Year 1,Bond Years,Bond Penalty,Beds,CR 2023 1,CR 2023 2,CR 2023 3,CR 2023 4,CR 2023 5,CR 2023 6,CR 2024 1,CR 2024 2,CR 2024 3,CR 2024 4,CR 2024 5,CR 2024 6
TELMgmt-MQ1-CatB-All,MQ1,Telangana,"SVS Med Coll, Mehboobnagar",DERMATOLOGY,"₹24,00,000*",Info not available*,1*,"₹20,00,000*",760,54(1),55(1),55(1),55(1),55(1),55(1),142(1),129(1),10(1),-,-,-
TELMgmt-MQ1-CatB-All,MQ1,Telangana,"Apollo IMSR, Hyderabad",RADIO DIAGNOSIS,"₹23,00,000*",Info not available*,1*,"₹20,00,000*",570,2(1),11(1),12(1),12(1),12(1),12(1),10(1),12(1),23(1),-,-,-
TELMgmt-MQ1-CatB-All,MQ1,Telangana,"Kamineni (KAMSRC), Hyderabad",RADIO DIAGNOSIS,"₹23,00,000*",Info not available*,1*,"₹20,00,000*",650,17(2),45(2),56(2),56(2),56(2),56(2),24(2),24(2),50(2),-,-,-
TELMgmt-MQ1-CatB-All,MQ1,Telangana,"Apollo IMSR, Hyderabad",GENERAL MEDICINE,"₹23,00,000*",Info not available*,1*,"₹20,00,000*",570,35(2),41(2),57(2),57(2),57(2),57(2),26(2),58(2),58(2),-,-,-
TELMgmt-MQ1-CatB-All,MQ1,Telangana,"Mamata AcadofMedSci,Bachupally",RADIO DIAGNOSIS,"₹23,00,000*",Info not available*,1*,"₹20,00,000*",-,-,-,-,-,-,-,71(2),71(2),73(2),-,-,-
TELMgmt-MQ1-CatB-All,MQ1,Telangana,"SVS Med Coll, Mehboobnagar",RADIO DIAGNOSIS,"₹24,00,000*",Info not available*,1*,"₹20,00,000*",760,24(2),24(2),24(2),24(2),24(2),24(2),27(1),41(1),78(1),-,-,-
TELMgmt-MQ1-CatB-All,MQ1,Telangana,"Mamata AcadofMedSci,Bachupally",GENERAL MEDICINE,"₹23,00,000*",Info not available*,1*,"₹20,00,000*",-,-,-,-,-,-,-,89(4),89(4),93(4),-,-,-
TELMgmt-MQ1-CatB-All,MQ1,Telangana,"RVM IMSRC, Siddipet",GENERAL MEDICINE,"₹23,00,000*",Info not available*,1*,"₹20,00,000*",1110,136(1),146(1),146(1),146(1),146(1),146(1),121(1),147(1),94(1),-,-,-
TELMgmt-MQ1-CatB-All,MQ1,Telangana,"Apollo IMSR, Hyderabad",DERMATOLOGY,"₹23,00,000*",Info not available*,1*,"₹20,00,000*",570,-,-,-,-,-,-,29(1),10(1),104(1),-,-,-
TELMgmt-MQ1-CatB-All,MQ1,Telangana,"Prathima IMS, Karimnagar",RADIO DIAGNOSIS,"₹23,00,000*",Info not available*,1*,"₹20,00,000*",1060,37(2),62(2),72(2),72(2),72(2),72(2),60(2),119(2),131(2),-,-,-
TELMgmt-MQ1-CatB-All,MQ1,Telangana,"SVS Med Coll, Mehboobnagar",GENERAL MEDICINE,"₹24,00,000*",Info not available*,1*,"₹20,00,000*",760,105(4),188(4),188(4),188(4),188(4),188(4),97(4),115(4),133(4),-,-,-
TELMgmt-MQ1-CatB-All,MQ1,Telangana,"Mamata AcadofMedSci,Bachupally",DERMATOLOGY,"₹23,00,000*",Info not available*,1*,"₹20,00,000*",-,-,-,-,-,-,-,137(1),137(1),137(1),-,-,-
TELMgmt-MQ1-CatB-All,MQ1,Telangana,"Bhaskar Med Coll, Yenkapally",GENERAL MEDICINE,"₹23,00,000*",Info not available*,1*,"₹20,00,000*",850,188(2),223(2),227(2),227(2),227(2),227(2),115(2),152(2),152(2),-,-,-
TELMgmt-MQ1-CatB-All,MQ1,Telangana,"Bhaskar Med Coll, Yenkapally",RADIO DIAGNOSIS,"₹23,00,000*",Info not available*,1*,"₹20,00,000*",850,93(2),96(2),96(2),96(2),96(2),96(2),77(2),92(2),153(2),-,-,-
TELMgmt-MQ1-CatB-All,MQ1,Telangana,"Apollo IMSR, Hyderabad",PAEDIATRICS,"₹23,00,000*",Info not available*,1*,"₹20,00,000*",570,144(1),155(1),155(1),155(1),155(1),155(1),42(1),159(1),159(1),-,-,-
TELMgmt-MQ1-CatB-All,MQ1-MSM,Telangana,"DCMS, Hyderabad",GENERAL MEDICINE,"₹24,00,000*",Info not available*,1*,"₹20,00,000*",1400,60(1),61(1),61(1),61(1),61(1),61(1),160(1),160(1),160(1),-,-,-
TELMgmt-MQ1-CatB-All,MQ1,Telangana,"Mamata Med Coll, Khammam",RADIO DIAGNOSIS,"₹23,00,000*",Info not available*,1*,"₹20,00,000*",1080,78(2),129(2),129(2),129(2),129(2),129(2),78(3),112(3),182(3),-,-,-
TELMgmt-MQ1-CatB-All,MQ1,Telangana,"Kamineni IMS, Narketpally",GENERAL MEDICINE,"₹23,00,000*",Info not available*,1*,"₹20,00,000*",1060,145(2),190(2),233(2),233(2),233(2),233(2),180(2),184(2),184(2),-,-,-
TELMgmt-MQ1-CatB-All,MQ1,Telangana,"Bhaskar Med Coll, Yenkapally",DERMATOLOGY,"₹23,00,000*",Info not available*,1*,"₹20,00,000*",850,123(1),131(1),139(1),139(1),139(1),139(1),193(1),193(1),193(1),-,-,-
TELMgmt-MQ1-CatB-All,MQ1,Telangana,"Prathima IMS, Karimnagar",GENERAL MEDICINE,"₹23,00,000*",Info not available*,1*,"₹20,00,000*",1060,157(6),181(6),193(6),193(6),193(6),193(6),110(5),109(5),194(5),-,-,-
TELMgmt-MQ1-CatB-All,MQ1,Telangana,"Kamineni (KAMSRC), Hyderabad",DERMATOLOGY,"₹23,00,000*",Info not available*,1*,"₹20,00,000*",650,44(1),117(1),117(1),117(1),117(1),117(1),111(1),104(1),206(1),-,-,-
TELMgmt-MQ1-CatB-All,MQ1,Telangana,"Dr Patnam MRInstofMS,Chevella",GENERAL MEDICINE,"₹23,00,000*",Info not available*,1*,"₹20,00,000*",-,208(2),299(2),384(2),647(2),647(2),647(2),187(2),208(2),208(2),-,-,-
TELMgmt-MQ1-CatB-All,MQ1,Telangana,"Mamata Med Coll, Khammam",DERMATOLOGY,"₹23,00,000*",Info not available*,1*,"₹20,00,000*",1080,73(1),94(1),94(1),94(1),94(1),94(1),212(1),212(1),212(1),-,-,-
TELMgmt-MQ1-CatB-All,MQ1,Telangana,"Kamineni (KAMSRC), Hyderabad",PAEDIATRICS,"₹23,00,000*",Info not available*,1*,"₹20,00,000*",650,187(1),204(1),274(1),274(1),274(1),274(1),44(1),215(1),215(1),-,-,-
TELMgmt-MQ1-CatB-All,MQ1,Telangana,"Mamata Med Coll, Khammam",GENERAL MEDICINE,"₹23,00,000*",Info not available*,1*,"₹20,00,000*",1080,106(3),177(3),190(3),190(3),190(3),190(3),163(6),150(6),216(6),-,-,-
TELMgmt-MQ1-CatB-All,MQ1,Telangana,"Mediciti IMS, Ghanpur",GENERAL MEDICINE,"₹23,00,000*",Info not available*,1*,"₹20,00,000*",720,172(2),233(2),353(2),590(2),590(2),590(2),135(2),166(2),225(2),-,-,-
TELMgmt-MQ1-CatB-All,MQ1,Telangana,"CAIMS, Karimnagar",RADIO DIAGNOSIS,"₹24,00,000*",Info not available*,1*,"₹20,00,000*",1000,70(3),109(3),114(3),114(3),114(3),114(3),92(2),128(2),226(2),-,-,-
TELMgmt-MQ1-CatB-All,MQ1,Telangana,"Mamata AcadofMedSci,Bachupally",OBG,"₹23,00,000*",Info not available*,1*,"₹20,00,000*",-,-,-,-,-,-,-,228(2),228(2),228(2),-,-,-
TELMgmt-MQ1-CatB-All,MQ1,Telangana,"CAIMS, Karimnagar",DERMATOLOGY,"₹24,00,000*",Info not available*,1*,"₹20,00,000*",1000,107(1),175(1),175(1),175(1),175(1),175(1),230(1),230(1),230(1),-,-,-
TELMgmt-MQ1-CatB-All,MQ1,Telangana,"Mamata AcadofMedSci,Bachupally",PAEDIATRICS,"₹23,00,000*",Info not available*,1*,"₹20,00,000*",-,-,-,-,-,-,-,185(2),247(2),247(2),-,-,-
TELMgmt-MQ1-CatB-All,MQ1,Telangana,"Mediciti IMS, Ghanpur",DERMATOLOGY,"₹23,00,000*",Info not available*,1*,"₹20,00,000*",720,112(1),136(1),136(1),136(1),136(1),136(1),56(1),250(1),250(1),-,-,-
TELMgmt-MQ1-CatB-All,MQ1,Telangana,"Kamineni (KAMSRC), Hyderabad",OBG,"₹23,00,000*",Info not available*,1*,"₹20,00,000*",650,118(2),125(2),125(2),125(2),125(2),125(2),256(2),256(2),256(2),-,-,-
TELMgmt-MQ1-CatB-All,MQ1,Telangana,"Apollo IMSR, Hyderabad",EMERGENCY MEDICINE,"₹23,00,000*",Info not available*,1*,"₹20,00,000*",570,387(1),589(1),589(1),589(1),589(1),589(1),263(1),263(1),263(1),-,-,-
TELMgmt-MQ1-CatB-All,MQ1,Telangana,"Kamineni (KAMSRC), Hyderabad",TBRD,"₹23,00,000*",Info not available*,1*,"₹20,00,000*",650,385(1),429(1),429(1),429(1),429(1),429(1),278(1),278(1),278(1),-,-,-
TELMgmt-MQ1-CatB-All,MQ1,Telangana,"Dr Patnam MRInstofMS,Chevella",DERMATOLOGY,"₹23,00,000*",Info not available*,1*,"₹20,00,000*",-,130(1),139(1),221(1),221(1),221(1),221(1),246(1),254(1),283(1),-,-,-
TELMgmt-MQ1-CatB-All,MQ1,Telangana,"CAIMS, Karimnagar",GENERAL MEDICINE,"₹24,00,000*",Info not available*,1*,"₹20,00,000*",1000,116(4),189(4),304(4),304(4),304(4),304(4),174(4),187(4),291(4),-,-,-
TELMgmt-MQ1-CatB-All,MQ1,Telangana,"Apollo IMSR, Hyderabad",OBG,"₹23,00,000*",Info not available*,1*,"₹20,00,000*",570,40(1),211(1),126(1),126(1),126(1),126(1),62(1),242(1),296(1),-,-,-
TELMgmt-MQ1-CatB-All,MQ1,Telangana,"Dr Patnam MRInstofMS,Chevella",RADIO DIAGNOSIS,"₹23,00,000*",Info not available*,1*,"₹20,00,000*",-,-,144(1),144(1),144(1),144(1),144(1),-,-,307(1),-,-,-
TELMgmt-MQ1-CatB-All,MQ1,Telangana,"Mediciti IMS, Ghanpur",OBG,"₹23,00,000*",Info not available*,1*,"₹20,00,000*",720,310(1),347(1),347(1),347(1),347(1),347(1),310(1),310(1),310(1),-,-,-
TELMgmt-MQ1-CatB-All,MQ1,Telangana,"RVM IMSRC, Siddipet",GENERAL SURGERY,"₹23,00,000*",Info not available*,1*,"₹20,00,000*",1110,88(1),91(1),91(1),91(1),91(1),91(1),315(1),315(1),315(1),-,-,-
TELMgmt-MQ1-CatB-All,MQ1-MSM,Telangana,"Shadan IMSRC, Peerancheru",DERMATOLOGY,"₹24,00,000*",Info not available*,1*,"₹20,00,000*",800,-,-,-,-,-,-,324(1),324(1),324(1),-,-,-
TELMgmt-MQ1-CatB-All,MQ1,Telangana,"Kamineni IMS, Narketpally",RADIO DIAGNOSIS,"₹23,00,000*",Info not available*,1*,"₹20,00,000*",1060,81(1),142(1),138(1),138(1),138(1),138(1),61(1),61(1),343(1),-,-,-
TELMgmt-MQ1-CatB-All,MQ1,Telangana,"SVS Med Coll, Mehboobnagar",OBG,"₹24,00,000*",Info not available*,1*,"₹20,00,000*",760,211(2),231(2),231(2),231(2),231(2),231(2),261(2),261(2),366(2),-,-,-
TELMgmt-MQ1-CatB-All,MQ1,Telangana,"Surabhi InstituteofMS,Siddipet",GENERAL MEDICINE,"₹24,00,000*",Info not available*,1*,"₹20,00,000*",-,212(2),272(2),402(2),402(2),402(2),402(2),216(2),245(2),367(2),-,-,-
TELMgmt-MQ1-CatB-All,MQ1,Telangana,"Mamata AcadofMedSci,Bachupally",TBRD,"₹23,00,000*",Info not available*,1*,"₹20,00,000*",-,-,-,-,-,-,-,247(1),375(1),375(1),-,-,-
TELMgmt-MQ1-CatB-All,MQ1,Telangana,"RVM IMSRC, Siddipet",DERMATOLOGY,"₹23,00,000*",Info not available*,1*,"₹20,00,000*",1110,-,-,-,-,-,-,173(1),283(1),383(1),-,-,-
TELMgmt-MQ1-CatB-All,MQ1,Telangana,"RVM IMSRC, Siddipet",RADIO DIAGNOSIS,"₹23,00,000*",Info not available*,1*,"₹20,00,000*",1110,45(1),128(1),128(1),128(1),128(1),128(1),112(1),131(1),409(1),-,-,-
TELMgmt-MQ1-CatB-All,MQ1,Telangana,"Mediciti IMS, Ghanpur",RADIO DIAGNOSIS,"₹23,00,000*",Info not available*,1*,"₹20,00,000*",720,90(3),93(3),131(3),131(3),131(3),131(3),131(3),182(3),419(3),-,-,-
TELMgmt-MQ1-CatB-All,MQ1,Telangana,"Prathima IMS, Karimnagar",DERMATOLOGY,"₹23,00,000*",Info not available*,1*,"₹20,00,000*",1060,91(1),171(1),184(1),184(1),184(1),184(1),226(1),226(1),421(1),-,-,-
TELMgmt-MQ1-CatB-All,MQ1,Telangana,"MNR Med Coll, Sangareddy",GENERAL MEDICINE,"₹23,00,000*",Info not available*,1*,"₹20,00,000*",760,189(3),256(3),326(3),326(3),326(3),326(3),203(6),225(6),425(6),-,-,-
TELMgmt-MQ1-CatB-All,MQ1,Telangana,"MNR Med Coll, Sangareddy",RADIO DIAGNOSIS,"₹23,00,000*",Info not available*,1*,"₹20,00,000*",760,115(2),174(2),174(2),174(2),174(2),174(2),139(2),195(2),428(2),-,-,-
TELMgmt-MQ1-CatB-All,MQ1,Telangana,"Maheshwara Med Coll, Medak",GENERAL MEDICINE,"₹23,00,000*",Info not available*,1*,"₹20,00,000*",745,-,-,-,-,-,-,209(1),238(1),434(1),-,-,-
TELMgmt-MQ1-CatB-All,MQ1,Telangana,"MNR Med Coll, Sangareddy",DERMATOLOGY,"₹23,00,000*",Info not available*,1*,"₹20,00,000*",760,131(1),141(1),141(1),141(1),141(1),141(1),206(1),206(1),435(1),-,-,-
TELMgmt-MQ1-CatB-All,MQ1,Telangana,"Surabhi InstituteofMS,Siddipet",OBG,"₹24,00,000*",Info not available*,1*,"₹20,00,000*",-,354(1),419(1),614(1),614(1),614(1),614(1),366(1),366(1),440(1),-,-,-
TELMgmt-MQ1-CatB-All,MQ1,Telangana,"Apollo IMSR, Hyderabad",PSYCHIATRY,"₹23,00,000*",Info not available*,1*,"₹20,00,000*",570,-,-,-,-,-,-,444(1),444(1),444(1),-,-,-
TELMgmt-MQ1-CatB-All,MQ1,Telangana,"Kamineni IMS, Narketpally",OBG,"₹23,00,000*",Info not available*,1*,"₹20,00,000*",1060,275(1),389(1),389(1),389(1),389(1),389(1),287(1),252(1),454(1),-,-,-
TELMgmt-MQ1-CatB-All,MQ1,Telangana,"Mahavir Inst of MS, Vikarabad",RADIO DIAGNOSIS,"₹23,00,000*",Info not available*,1*,"₹20,00,000*",700,121(1),182(1),182(1),182(1),182(1),182(1),153(1),211(1),456(1),-,-,-
TELMgmt-MQ1-CatB-All,MQ1,Telangana,"Apollo IMSR, Hyderabad",ENT,"₹23,00,000*",Info not available*,1*,"₹20,00,000*",570,-,-,-,-,-,-,457(1),457(1),457(1),-,-,-
TELMgmt-MQ1-CatB-All,MQ1,Telangana,"Mahavir Inst of MS, Vikarabad",GENERAL MEDICINE,"₹23,00,000*",Info not available*,1*,"₹20,00,000*",700,193(1),297(1),378(1),378(1),378(1),378(1),208(1),234(1),459(1),-,-,-
TELMgmt-MQ1-CatB-All,MQ1,Telangana,"Surabhi InstituteofMS,Siddipet",RADIO DIAGNOSIS,"₹24,00,000*",Info not available*,1*,"₹20,00,000*",-,-,-,-,-,-,-,164(1),219(1),460(1),-,-,-
TELMgmt-MQ1-CatB-All,MQ1-MSM,Telangana,"DCMS, Hyderabad",RADIO DIAGNOSIS,"₹24,00,000*",Info not available*,1*,"₹20,00,000*",1400,200(2),255(2),255(2),255(2),255(2),255(2),338(2),376(2),463(2),-,-,-
TELMgmt-MQ1-CatB-All,MQ1-MSM,Telangana,"DCMS, Hyderabad",PAEDIATRICS,"₹24,00,000*",Info not available*,1*,"₹20,00,000*",1400,374(1),417(1),417(1),417(1),417(1),417(1),465(1),465(1),465(1),-,-,-
TELMgmt-MQ1-CatB-All,MQ1,Telangana,"Mamata Med Coll, Khammam",OBG,"₹23,00,000*",Info not available*,1*,"₹20,00,000*",1080,297(2),334(2),334(2),334(2),334(2),334(2),285(2),262(2),481(2),-,-,-
TELMgmt-MQ1-CatB-All,MQ1,Telangana,"SVS Med Coll, Mehboobnagar",PAEDIATRICS,"₹24,00,000*",Info not available*,1*,"₹20,00,000*",760,176(2),265(2),265(2),265(2),265(2),265(2),86(1),86(1),482(1),692(1),-,-
TELMgmt-MQ1-CatB-All,MQ1-MSM,Telangana,"DCMS, Hyderabad",DERMATOLOGY,"₹24,00,000*",Info not available*,1*,"₹20,00,000*",1400,313(1),350(1),350(1),350(1),350(1),350(1),376(1),497(1),497(1),-,-,-
TELMgmt-MQ1-CatB-All,MQ1,Telangana,"Kamineni IMS, Narketpally",PAEDIATRICS,"₹23,00,000*",Info not available*,1*,"₹20,00,000*",1060,204(1),274(1),345(1),345(1),345(1),345(1),243(1),293(1),501(1),-,-,-
TELMgmt-MQ1-CatB-All,MQ1,Telangana,"Kamineni (KAMSRC), Hyderabad",ORTHOPAEDICS,"₹23,00,000*",Info not available*,1*,"₹20,00,000*",650,432(1),500(1),500(1),500(1),500(1),500(1),510(1),510(1),510(1),-,-,-
TELMgmt-MQ1-CatB-All,MQ1-MSM,Telangana,"Shadan IMSRC, Peerancheru",RADIO DIAGNOSIS,"₹24,00,000*",Info not available*,1*,"₹20,00,000*",800,94(1),396(1),396(1),396(1),396(1),396(1),231(1),511(1),511(1),-,-,-
TELMgmt-MQ1-CatB-All,MQ1,Telangana,"Prathima IMS, Karimnagar",OBG,"₹23,00,000*",Info not available*,1*,"₹20,00,000*",1060,290(3),326(3),331(3),331(3),331(3),331(3),297(3),341(3),526(3),-,-,-
TELMgmt-MQ1-CatB-All,MQ1-MSM,Telangana,"DCMS, Hyderabad",OBG,"₹24,00,000*",Info not available*,1*,"₹20,00,000*",1400,518(2),578(2),724(2),724(2),724(2),724(2),545(2),545(2),545(2),-,-,-
TELMgmt-MQ1-CatB-All,MQ1,Telangana,"Prathima IMS, Karimnagar",PAEDIATRICS,"₹23,00,000*",Info not available*,1*,"₹20,00,000*",1060,241(3),286(3),419(3),419(3),419(3),419(3),191(2),277(2),548(2),-,-,-
TELMgmt-MQ1-CatB-All,MQ1-MSM,Telangana,"Shadan IMSRC, Peerancheru",GENERAL MEDICINE,"₹24,00,000*",Info not available*,1*,"₹20,00,000*",800,214(1),280(1),460(1),769(1),769(1),769(1),463(1),463(1),555(1),-,-,-
TELMgmt-MQ1-CatB-All,MQ1,Telangana,"Mamata Med Coll, Khammam",PAEDIATRICS,"₹23,00,000*",Info not available*,1*,"₹20,00,000*",1080,222(2),253(2),253(2),253(2),253(2),253(2),232(3),279(3),558(3),-,-,-
TELMgmt-MQ1-CatB-All,MQ1,Telangana,"SVS Med Coll, Mehboobnagar",GENERAL SURGERY,"₹24,00,000*",Info not available*,1*,"₹20,00,000*",760,394(4),437(4),543(4),543(4),543(4),543(4),416(4),428(4),572(4),-,-,-
TELMgmt-MQ1-CatB-All,MQ1,Telangana,"CAIMS, Karimnagar",PAEDIATRICS,"₹24,00,000*",Info not available*,1*,"₹20,00,000*",1000,247(2),289(2),289(2),289(2),289(2),289(2),235(2),301(2),573(2),-,-,-
TELMgmt-MQ1-CatB-All,MQ1-MSM,Telangana,"Shadan IMSRC, Peerancheru",OBG,"₹24,00,000*",Info not available*,1*,"₹20,00,000*",800,377(1),646(1),646(1),646(1),646(1),646(1),598(1),598(1),598(1),-,-,-
TELMgmt-MQ1-CatB-All,MQ1,Telangana,"RVM IMSRC, Siddipet",OBG,"₹23,00,000*",Info not available*,1*,"₹20,00,000*",1110,334(1),162(1),400(1),400(1),400(1),400(1),277(1),359(1),605(1),-,-,-
TELMgmt-MQ1-CatB-All,MQ1,Telangana,"Dr Patnam MRInstofMS,Chevella",PAEDIATRICS,"₹23,00,000*",Info not available*,1*,"₹20,00,000*",-,276(1),310(1),310(1),310(1),310(1),310(1),269(1),292(1),613(1),-,-,-
TELMgmt-MQ1-CatB-All,MQ1,Telangana,"Mediciti IMS, Ghanpur",PAEDIATRICS,"₹23,00,000*",Info not available*,1*,"₹20,00,000*",720,224(1),298(1),298(1),298(1),298(1),298(1),-,-,629(1),-,-,-
TELMgmt-MQ1-CatB-All,MQ1,Telangana,"MNR Med Coll, Sangareddy",PAEDIATRICS,"₹23,00,000*",Info not available*,1*,"₹20,00,000*",760,240(1),309(1),463(1),463(1),463(1),463(1),254(2),329(2),631(2),-,-,-
TELMgmt-MQ1-CatB-All,MQ1-MSM,Telangana,"DrVRK Womens MedColl,Aziznagar",OBG,"₹23,00,000*",Info not available*,1*,"₹20,00,000*",500,-,-,-,-,-,-,632(1),632(1),632(1),-,-,-
TELMgmt-MQ2-CatC-NRI,MQ2,Telangana,"Apollo IMSR, Hyderabad",RADIO DIAGNOSIS,"₹69,00,000*",Info not available*,1*,"₹20,00,000*",570,-,-,-,-,-,-,491(1),662(1),662(1),-,-,-
TELMgmt-MQ1-CatB-All,MQ1,Telangana,"CAIMS, Karimnagar",OBG,"₹24,00,000*",Info not available*,1*,"₹20,00,000*",1000,324(2),362(2),395(2),395(2),395(2),395(2),304(2),352(2),666(2),-,-,-
TELMgmt-MQ1-CatB-All,MQ1,Telangana,"Surabhi InstituteofMS,Siddipet",PAEDIATRICS,"₹24,00,000*",Info not available*,1*,"₹20,00,000*",-,265(1),314(1),498(1),498(1),498(1),498(1),279(1),332(1),670(1),-,-,-
TELMgmt-MQ2-CatC-NRI,MQ2,Telangana,"SVS Med Coll, Mehboobnagar",RADIO DIAGNOSIS,"₹72,00,000*",Info not available*,1*,"₹20,00,000*",760,831(1),593(1),593(1),593(1),593(1),593(1),679(1),679(1),679(1),-,-,-
TELMgmt-MQ1-CatB-All,MQ1,Telangana,"Apollo IMSR, Hyderabad",ORTHOPAEDICS,"₹23,00,000*",Info not available*,1*,"₹20,00,000*",570,-,-,-,-,-,-,544(1),683(1),683(1),-,-,-
TELMgmt-MQ1-CatB-All,MQ1-MSM,Telangana,"Shadan IMSRC, Peerancheru",PAEDIATRICS,"₹24,00,000*",Info not available*,1*,"₹20,00,000*",800,295(1),440(1),440(1),440(1),440(1),440(1),511(1),555(1),686(1),-,-,-
TELMgmt-MQ1-CatB-All,MQ1,Telangana,"Mamata Med Coll, Khammam",EMERGENCY MEDICINE,"₹23,00,000*",Info not available*,1*,"₹20,00,000*",1080,-,-,-,-,-,-,690(1),690(1),690(1),-,-,-
TELMgmt-MQ1-CatB-All,MQ1,Telangana,"Mamata Med Coll, Khammam",TBRD,"₹23,00,000*",Info not available*,1*,"₹20,00,000*",1080,321(1),281(1),281(1),281(1),281(1),281(1),373(1),397(1),694(1),-,-,-
TELMgmt-MQ1-CatB-All,MQ1,Telangana,"Bhaskar Med Coll, Yenkapally",OBG,"₹23,00,000*",Info not available*,1*,"₹20,00,000*",850,309(1),346(1),346(1),346(1),346(1),346(1),275(1),275(1),695(1),-,-,-
TELMgmt-MQ1-CatB-All,MQ1,Telangana,"Bhaskar Med Coll, Yenkapally",ENT,"₹23,00,000*",Info not available*,1*,"₹20,00,000*",850,666(1),798(1),989(1),989(1),989(1),989(1),696(1),696(1),696(1),-,-,-
TELMgmt-MQ1-CatB-All,MQ1,Telangana,"Kamineni (KAMSRC), Hyderabad",GENERAL SURGERY,"₹23,00,000*",Info not available*,1*,"₹20,00,000*",650,474(2),529(2),553(2),553(2),553(2),553(2),447(2),447(2),698(2),-,-,-
TELMgmt-MQ1-CatB-All,MQ1,Telangana,"Apollo IMSR, Hyderabad",GENERAL SURGERY,"₹23,00,000*",Info not available*,1*,"₹20,00,000*",570,336(1),376(1),376(1),376(1),376(1),376(1),130(1),404(1),700(1),-,-,-
TELMgmt-MQ1-CatB-All,MQ1,Telangana,"Dr Patnam MRInstofMS,Chevella",TBRD,"₹23,00,000*",Info not available*,1*,"₹20,00,000*",-,478(1),538(1),766(1),699(1),712(1),712(1),374(1),402(1),706(1),-,-,-
TELMgmt-MQ1-CatB-All,MQ1,Telangana,"MNR Med Coll, Sangareddy",OBG,"₹23,00,000*",Info not available*,1*,"₹20,00,000*",760,318(2),413(2),510(2),532(2),532(2),532(2),339(2),374(2),711(2),-,-,-
TELMgmt-MQ1-CatB-All,MQ1,Telangana,"Maheshwara Med Coll, Medak",OBG,"₹23,00,000*",Info not available*,1*,"₹20,00,000*",745,-,-,-,-,-,-,345(1),360(1),720(1),-,-,-
TELMgmt-MQ1-CatB-All,MQ1-MSM,Telangana,"Shadan IMSRC, Peerancheru",GENERAL SURGERY,"₹24,00,000*",Info not available*,1*,"₹20,00,000*",800,-,-,-,-,-,-,729(1),729(1),729(1),-,-,-
TELMgmt-MQ1-CatB-All,MQ1,Telangana,"Apollo IMSR, Hyderabad",ANAESTHESIOLOGY,"₹23,00,000*",Info not available*,1*,"₹20,00,000*",570,514(1),564(1),628(1),628(1),628(1),628(1),618(1),618(1),742(1),-,-,-
TELMgmt-MQ1-CatB-All,MQ1,Telangana,"Dr Patnam MRInstofMS,Chevella",OBG,"₹23,00,000*",Info not available*,1*,"₹20,00,000*",-,341(1),400(1),478(1),478(1),478(1),478(1),343(1),380(1),755(1),-,-,-
TELMgmt-MQ1-CatB-All,MQ1,Telangana,"Mahavir Inst of MS, Vikarabad",OBG,"₹23,00,000*",Info not available*,1*,"₹20,00,000*",700,335(1),395(1),412(1),412(1),412(1),412(1),360(1),367(1),758(1),-,-,-
TELMgmt-MQ1-CatB-All,MQ1,Telangana,"Mamata AcadofMedSci,Bachupally",GENERAL SURGERY,"₹23,00,000*",Info not available*,1*,"₹20,00,000*",-,-,-,-,-,-,-,676(4),676(4),761(4),-,-,-
TELMgmt-MQ1-CatB-All,MQ1,Telangana,"Prathima IMS, Karimnagar",OPHTHALMOLOGY,"₹23,00,000*",Info not available*,1*,"₹20,00,000*",1060,446(1),596(1),596(1),596(1),596(1),596(1),409(1),409(1),771(1),-,-,-
TELMgmt-MQ1-CatB-All,MQ1-MSM,Telangana,"DrVRK Womens MedColl,Aziznagar",PAEDIATRICS,"₹23,00,000*",Info not available*,1*,"₹20,00,000*",500,417(1),552(1),552(1),552(1),552(1),552(1),555(1),686(1),774(1),-,-,-
TELMgmt-MQ1-CatB-All,MQ1,Telangana,"Dr Patnam MRInstofMS,Chevella",GENERAL SURGERY,"₹23,00,000*",Info not available*,1*,"₹20,00,000*",-,529(1),637(1),1008(1),1008(1),1008(1),1008(1),783(1),783(1),783(1),-,-,-
TELMgmt-MQ1-CatB-All,MQ1,Telangana,"MNR Med Coll, Sangareddy",TBRD,"₹23,00,000*",Info not available*,1*,"₹20,00,000*",760,433(1),528(1),681(1),681(1),681(1),681(1),333(1),333(1),787(1),-,-,-
TELMgmt-MQ1-CatB-All,MQ1,Telangana,"Mediciti IMS, Ghanpur",TBRD,"₹23,00,000*",Info not available*,1*,"₹20,00,000*",720,454(1),505(1),695(1),695(1),695(1),695(1),289(1),289(1),793(1),-,-,-
TELMgmt-MQ1-CatB-All,MQ1,Telangana,"Mediciti IMS, Ghanpur",GENERAL SURGERY,"₹23,00,000*",Info not available*,1*,"₹20,00,000*",720,496(1),553(1),844(1),844(1),844(1),844(1),739(1),739(1),795(1),-,-,-
TELMgmt-MQ1-CatB-All,MQ1,Telangana,"SVS Med Coll, Mehboobnagar",ORTHOPAEDICS,"₹24,00,000*",Info not available*,1*,"₹20,00,000*",760,560(2),716(2),931(2),931(2),931(2),931(2),583(2),583(2),796(2),-,-,-
TELMgmt-MQ2-CatC-NRI,MQ2,Telangana,"Mamata AcadofMedSci,Bachupally",RADIO DIAGNOSIS,"₹69,00,000*",Info not available*,1*,"₹20,00,000*",-,-,-,-,-,-,-,799(1),799(1),799(1),-,-,-
TELMgmt-MQ1-CatB-All,MQ1,Telangana,"Apollo IMSR, Hyderabad",OPHTHALMOLOGY,"₹23,00,000*",Info not available*,1*,"₹20,00,000*",570,-,-,-,-,-,-,250(1),321(1),814(1),-,-,-
TELMgmt-MQ1-CatB-All,MQ1,Telangana,"Kamineni (KAMSRC), Hyderabad",ANAESTHESIOLOGY,"₹23,00,000*",Info not available*,1*,"₹20,00,000*",650,677(2),758(2),758(2),758(2),758(2),758(2),622(2),533(2),823(2),-,-,-
TELMgmt-MQ1-CatB-All,MQ1,Telangana,"Mamata AcadofMedSci,Bachupally",ORTHOPAEDICS,"₹23,00,000*",Info not available*,1*,"₹20,00,000*",-,-,-,-,-,-,-,827(2),827(2),827(2),-,-,-
TELMgmt-MQ1-CatB-All,MQ1,Telangana,"Bhaskar Med Coll, Yenkapally",ANAESTHESIOLOGY,"₹23,00,000*",Info not available*,1*,"₹20,00,000*",850,678(1),960(1),960(1),960(1),960(1),960(1),829(1),829(1),829(1),-,-,-
TELMgmt-MQ1-CatB-All,MQ1-MSM,Telangana,"Shadan IMSRC, Peerancheru",TBRD,"₹24,00,000*",Info not available*,1*,"₹20,00,000*",800,-,-,-,-,-,-,841(1),841(1),841(1),-,-,-
TELMgmt-MQ1-CatB-All,MQ1,Telangana,"Kamineni IMS, Narketpally",GENERAL SURGERY,"₹23,00,000*",Info not available*,1*,"₹20,00,000*",1060,489(2),546(2),808(2),808(2),808(2),808(2),700(2),700(2),846(2),-,-,-
TELMgmt-MQ2-CatC-NRI,MQ2,Telangana,"Apollo IMSR, Hyderabad",OPHTHALMOLOGY,"₹69,00,000*",Info not available*,1*,"₹20,00,000*",570,-,-,-,-,-,-,856(1),856(1),856(1),-,-,-
TELMgmt-MQ1-CatB-All,MQ1,Telangana,"Dr Patnam MRInstofMS,Chevella",ORTHOPAEDICS,"₹23,00,000*",Info not available*,1*,"₹20,00,000*",-,630(1),956(1),1053(1),1053(1),1053(1),1053(1),868(1),868(1),868(1),-,-,-
TELMgmt-MQ1-CatB-All,MQ1,Telangana,"Mamata AcadofMedSci,Bachupally",OPHTHALMOLOGY,"₹23,00,000*",Info not available*,1*,"₹20,00,000*",-,-,-,-,-,-,-,485(1),485(1),874(1),-,-,-
TELMgmt-MQ2-CatC-NRI,MQ2,Telangana,"Apollo IMSR, Hyderabad",GENERAL MEDICINE,"₹69,00,000*",Info not available*,1*,"₹20,00,000*",570,530(1),439(1),439(1),439(1),439(1),439(1),875(1),875(1),875(1),-,-,-
TELMgmt-MQ1-CatB-All,MQ1,Telangana,"RVM IMSRC, Siddipet",TBRD,"₹23,00,000*",Info not available*,1*,"₹20,00,000*",1110,-,-,-,-,-,-,309(1),309(1),885(1),-,-,-
TELMgmt-MQ1-CatB-All,MQ1,Telangana,"Mamata Med Coll, Khammam",ORTHOPAEDICS,"₹23,00,000*",Info not available*,1*,"₹20,00,000*",1080,561(2),629(2),929(2),929(2),929(2),929(2),708(2),718(2),893(2),-,-,-
TELMgmt-MQ1-CatB-All,MQ1,Telangana,"Bhaskar Med Coll, Yenkapally",GENERAL SURGERY,"₹23,00,000*",Info not available*,1*,"₹20,00,000*",850,507(2),566(2),881(2),1045(2),1045(2),1045(2),716(2),726(2),897(2),-,-,-
TELMgmt-MQ1-CatB-All,MQ1,Telangana,"CAIMS, Karimnagar",OPHTHALMOLOGY,"₹24,00,000*",Info not available*,1*,"₹20,00,000*",1000,245(1),458(1),560(1),560(1),560(1),560(1),523(1),523(1),900(1),-,-,-
TELMgmt-MQ1-CatB-All,MQ1,Telangana,"Mamata Med Coll, Khammam",GENERAL SURGERY,"₹23,00,000*",Info not available*,1*,"₹20,00,000*",1080,473(2),527(2),527(2),527(2),527(2),527(2),541(4),541(4),905(4),-,-,-
TELMgmt-MQ2-CatC-NRI,MQ2,Telangana,"Kamineni (KAMSRC), Hyderabad",RADIO DIAGNOSIS,"₹69,00,000*",Info not available*,1*,"₹20,00,000*",650,352(1),393(1),393(1),393(1),393(1),393(1),662(1),874(1),908(1),-,-,-
TELMgmt-MQ1-CatB-All,MQ1-MSM,Telangana,"DCMS, Hyderabad",GENERAL SURGERY,"₹24,00,000*",Info not available*,1*,"₹20,00,000*",1400,610(2),722(2),722(2),722(2),722(2),722(2),686(2),911(2),911(2),-,-,-
TELMgmt-MQ1-CatB-All,MQ1,Telangana,"Mamata Med Coll, Khammam",OPHTHALMOLOGY,"₹23,00,000*",Info not available*,1*,"₹20,00,000*",1080,468(1),560(1),857(1),911(1),911(1),911(1),535(1),415(1),927(1),-,-,-
TELMgmt-MQ1-CatB-All,MQ1,Telangana,"CAIMS, Karimnagar",GENERAL SURGERY,"₹24,00,000*",Info not available*,1*,"₹20,00,000*",1000,487(3),543(3),795(3),1012(3),1012(3),1012(3),655(3),687(3),947(3),-,-,-
TELMgmt-MQ1-CatB-All,MQ1,Telangana,"Prathima IMS, Karimnagar",GENERAL SURGERY,"₹23,00,000*",Info not available*,1*,"₹20,00,000*",1060,519(5),579(5),946(5),999(5),999(5),999(5),669(5),666(5),953(5),-,-,-
TELMgmt-MQ1-CatB-All,MQ1,Telangana,"Maheshwara Med Coll, Medak",GENERAL SURGERY,"₹23,00,000*",Info not available*,1*,"₹20,00,000*",745,-,-,-,-,-,-,761(1),761(1),971(1),-,-,-
TELMgmt-MQ1-CatB-All,MQ1,Telangana,"Bhaskar Med Coll, Yenkapally",ORTHOPAEDICS,"₹23,00,000*",Info not available*,1*,"₹20,00,000*",850,549(2),840(2),1079(2),1079(2),1079(2),1079(2),883(2),893(2),979(2),-,-,-
TELMgmt-MQ1-CatB-All,MQ1,Telangana,"Mamata AcadofMedSci,Bachupally",ANAESTHESIOLOGY,"₹23,00,000*",Info not available*,1*,"₹20,00,000*",-,-,-,-,-,-,-,634(2),634(2),984(2),-,-,-
TELMgmt-MQ1-CatB-All,MQ1,Telangana,"Prathima IMS, Karimnagar",ENT,"₹23,00,000*",Info not available*,1*,"₹20,00,000*",1060,-,-,-,-,-,-,667(1),563(1),988(1),-,-,-
TELMgmt-MQ1-CatB-All,MQ1,Telangana,"SVS Med Coll, Mehboobnagar",ANAESTHESIOLOGY,"₹24,00,000*",Info not available*,1*,"₹20,00,000*",760,716(4),959(4),1213(4),1147(4),1147(4),1147(4),777(4),777(4),1015(4),-,-,-
TELMgmt-MQ1-CatB-All,MQ1,Telangana,"SVS Med Coll, Mehboobnagar",OPHTHALMOLOGY,"₹24,00,000*",Info not available*,1*,"₹20,00,000*",760,306(1),487(1),1040(1),1040(1),1040(1),1040(1),371(1),440(1),1018(1),-,-,-
TELMgmt-MQ1-CatB-All,MQ1,Telangana,"Kamineni IMS, Narketpally",ENT,"₹23,00,000*",Info not available*,1*,"₹20,00,000*",1060,626(1),941(1),1064(1),1064(1),1064(1),1064(1),540(1),540(1),1031(1),-,-,-
TELMgmt-MQ3-CatC-Inst,MQ3,Telangana,"SVS Med Coll, Mehboobnagar",RADIO DIAGNOSIS,"₹72,00,000*",Info not available*,1*,"₹20,00,000*",760,-,-,-,-,-,1334(1),-,-,1038(1),-,-,-
TELMgmt-MQ1-CatB-All,MQ1,Telangana,"MNR Med Coll, Sangareddy",GENERAL SURGERY,"₹23,00,000*",Info not available*,1*,"₹20,00,000*",760,535(3),558(3),976(3),976(3),976(3),976(3),846(6),846(6),1057(6),-,-,-
TELMgmt-MQ1-CatB-All,MQ1,Telangana,"Dr Patnam MRInstofMS,Chevella",OPHTHALMOLOGY,"₹23,00,000*",Info not available*,1*,"₹20,00,000*",-,-,811(1),1116(1),1068(1),1068(1),1068(1),-,-,1058(1),-,-,-
TELMgmt-MQ1-CatB-All,MQ1,Telangana,"Surabhi InstituteofMS,Siddipet",GENERAL SURGERY,"₹24,00,000*",Info not available*,1*,"₹20,00,000*",-,-,-,-,1048(1),1074(1),1074(1),847(1),847(1),1062(1),-,-,-
TELMgmt-MQ1-CatB-All,MQ1-MSM,Telangana,"DCMS, Hyderabad",OPHTHALMOLOGY,"₹24,00,000*",Info not available*,1*,"₹20,00,000*",1400,553(1),730(1),1009(1),1009(1),1009(1),1009(1),386(1),386(1),1066(1),-,-,-
TELMgmt-MQ1-CatB-All,MQ1,Telangana,"RVM IMSRC, Siddipet",ANAESTHESIOLOGY,"₹23,00,000*",Info not available*,1*,"₹20,00,000*",1110,914(1),1058(1),1058(1),1058(1),1058(1),1058(1),972(1),972(1),1069(1),-,-,-
TELMgmt-MQ1-CatB-All,MQ1,Telangana,"Kamineni IMS, Narketpally",ORTHOPAEDICS,"₹23,00,000*",Info not available*,1*,"₹20,00,000*",1060,547(2),685(2),685(2),685(2),685(2),685(2),697(1),731(1),1071(1),-,-,-
TELMgmt-MQ1-CatB-All,MQ1,Telangana,"Bhaskar Med Coll, Yenkapally",OPHTHALMOLOGY,"₹23,00,000*",Info not available*,1*,"₹20,00,000*",850,392(1),608(1),938(1),938(1),938(1),938(1),321(1),559(1),1105(1),-,-,-
TELMgmt-MQ1-CatB-All,MQ1-MSM,Telangana,"DCMS, Hyderabad",TBRD,"₹24,00,000*",Info not available*,1*,"₹20,00,000*",1400,-,-,-,-,-,-,774(1),774(1),1137(1),-,-,-
TELMgmt-MQ1-CatB-All,MQ1,Telangana,"Prathima IMS, Karimnagar",ORTHOPAEDICS,"₹23,00,000*",Info not available*,1*,"₹20,00,000*",1060,574(3),826(3),880(3),880(3),880(3),880(3),848(3),848(3),1140(3),-,-,-
TELMgmt-MQ1-CatB-All,MQ1,Telangana,"MNR Med Coll, Sangareddy",OPHTHALMOLOGY,"₹23,00,000*",Info not available*,1*,"₹20,00,000*",760,486(1),729(1),729(1),729(1),729(1),729(1),578(1),582(1),1142(1),-,-,-
TELMgmt-MQ1-CatB-All,MQ1,Telangana,"CAIMS, Karimnagar",ORTHOPAEDICS,"₹24,00,000*",Info not available*,1*,"₹20,00,000*",1000,557(2),830(2),1214(2),1214(2),1214(2),1214(2),789(2),789(2),1156(2),-,-,-
TELMgmt-MQ1-CatB-All,MQ1,Telangana,"Kamineni IMS, Narketpally",ANAESTHESIOLOGY,"₹23,00,000*",Info not available*,1*,"₹20,00,000*",1060,799(2),1021(2),1267(2),1204(2),1204(2),1204(2),977(2),977(2),1158(2),-,-,-
TELMgmt-MQ1-CatB-All,MQ1-MSM,Telangana,"DCMS, Hyderabad",ANAESTHESIOLOGY,"₹24,00,000*",Info not available*,1*,"₹20,00,000*",1400,917(2),1029(2),1029(2),1029(2),1029(2),1029(2),1137(2),1137(2),1167(2),-,-,-
TELMgmt-MQ2-CatC-NRI,MQ2,Telangana,"Bhaskar Med Coll, Yenkapally",RADIO DIAGNOSIS,"₹69,00,000*",Info not available*,1*,"₹20,00,000*",850,738(1),823(1),823(1),823(1),823(1),823(1),1168(2),1168(2),1168(2),-,-,-
TELMgmt-MQ1-CatB-All,MQ1,Telangana,"Mediciti IMS, Ghanpur",ORTHOPAEDICS,"₹23,00,000*",Info not available*,1*,"₹20,00,000*",720,594(2),905(2),1303(2),1303(2),1303(2),1303(2),889(2),938(2),1169(2),-,-,-
TELMgmt-MQ1-CatB-All,MQ1-MSM,Telangana,"DCMS, Hyderabad",PATHOLOGY,"₹5,30,000*",Info not available*,1*,"₹20,00,000*",1400,1309(1),1522(1),1522(1),1522(1),1522(1),1522(1),1185(1),1185(1),1185(1),-,-,-
TELMgmt-MQ1-CatB-All,MQ1,Telangana,"Maheshwara Med Coll, Medak",OPHTHALMOLOGY,"₹23,00,000*",Info not available*,1*,"₹20,00,000*",745,-,-,-,-,-,-,582(1),591(1),1199(1),-,-,-
TELMgmt-MQ1-CatB-All,MQ1,Telangana,"CAIMS, Karimnagar",PATHOLOGY,"₹5,30,000*",Info not available*,1*,"₹20,00,000*",1000,1229(2),1294(2),1294(2),1294(2),1294(2),1294(2),1202(1),1202(1),1202(1),-,-,-
TELMgmt-MQ1-CatB-All,MQ1,Telangana,"Surabhi InstituteofMS,Siddipet",OPHTHALMOLOGY,"₹24,00,000*",Info not available*,1*,"₹20,00,000*",-,615(1),784(1),827(1),827(1),827(1),827(1),591(1),603(1),1204(1),-,-,-
TELMgmt-MQ1-CatB-All,MQ1,Telangana,"MNR Med Coll, Sangareddy",ORTHOPAEDICS,"₹23,00,000*",Info not available*,1*,"₹20,00,000*",760,450(1),650(1),1290(1),1290(1),1290(1),1290(1),954(1),986(1),1209(1),-,-,-
TELMgmt-MQ1-CatB-All,MQ1,Telangana,"MNR Med Coll, Sangareddy",EMERGENCY MEDICINE,"₹23,00,000*",Info not available*,1*,"₹20,00,000*",760,-,-,-,-,-,-,502(1),653(1),1214(1),-,-,-
TELMgmt-MQ1-CatB-All,MQ1,Telangana,"Mamata Med Coll, Khammam",ENT,"₹23,00,000*",Info not available*,1*,"₹20,00,000*",1080,523(1),672(1),798(1),798(1),798(1),798(1),524(1),524(1),1225(1),-,-,-
TELMgmt-MQ1-CatB-All,MQ1-MSM,Telangana,"Shadan IMSRC, Peerancheru",OPHTHALMOLOGY,"₹24,00,000*",Info not available*,1*,"₹20,00,000*",800,-,-,-,-,-,-,1035(1),1035(1),1230(1),-,-,-
TELMgmt-MQ1-CatB-All,MQ1,Telangana,"Mamata AcadofMedSci,Bachupally",ENT,"₹23,00,000*",Info not available*,1*,"₹20,00,000*",-,-,-,-,-,-,-,814(1),605(1),1231(1),-,-,-
TELMgmt-MQ1-CatB-All,MQ1,Telangana,"Mahavir Inst of MS, Vikarabad",ORTHOPAEDICS,"₹23,00,000*",Info not available*,1*,"₹20,00,000*",700,613(1),931(1),1376(1),1381(1),1381(1),1381(1),897(1),897(1),1243(1),-,-,-
TELMgmt-MQ1-CatB-All,MQ1,Telangana,"Kamineni IMS, Narketpally",EMERGENCY MEDICINE,"₹23,00,000*",Info not available*,1*,"₹20,00,000*",1060,-,-,-,-,-,-,689(1),502(1),1244(1),-,-,-
TELMgmt-MQ2-CatC-NRI,MQ2-MSM,Telangana,"DCMS, Hyderabad",RADIO DIAGNOSIS,"₹72,00,000*",Info not available*,1*,"₹20,00,000*",1400,-,1745(1),1745(1),1745(1),1745(1),1745(1),1265(1),1265(1),1265(1),-,-,-
TELMgmt-MQ1-CatB-All,MQ1,Telangana,"CAIMS, Karimnagar",ENT,"₹24,00,000*",Info not available*,1*,"₹20,00,000*",1000,675(1),756(1),756(1),756(1),756(1),756(1),609(1),609(1),1267(1),-,-,-
TELMgmt-MQ1-CatB-All,MQ1,Telangana,"Maheshwara Med Coll, Medak",ORTHOPAEDICS,"₹23,00,000*",Info not available*,1*,"₹20,00,000*",745,-,-,-,-,-,-,893(1),995(1),1271(1),-,-,-
TELMgmt-MQ1-CatB-All,MQ1-MSM,Telangana,"Shadan IMSRC, Peerancheru",ANAESTHESIOLOGY,"₹24,00,000*",Info not available*,1*,"₹20,00,000*",800,974(1),1096(1),1096(1),1096(1),1096(1),1096(1),1167(1),1167(1),1285(1),-,-,-
TELMgmt-MQ1-CatB-All,MQ1,Telangana,"Surabhi InstituteofMS,Siddipet",ORTHOPAEDICS,"₹24,00,000*",Info not available*,1*,"₹20,00,000*",-,-,-,-,1391(1),1391(1),1391(1),986(1),1026(1),1287(1),-,-,-
TELMgmt-MQ1-CatB-All,MQ1,Telangana,"Mamata Med Coll, Khammam",ANAESTHESIOLOGY,"₹23,00,000*",Info not available*,1*,"₹20,00,000*",1080,502(2),790(2),790(2),790(2),790(2),790(2),945(2),814(2),1299(2),-,-,-
TELMgmt-MQ3-CatC-Inst,MQ3,Telangana,"Kamineni (KAMSRC), Hyderabad",GENERAL SURGERY,"₹69,00,000*",Info not available*,1*,"₹20,00,000*",650,-,-,-,-,-,2534(1),-,-,1316(1),-,-,-
TELMgmt-MQ1-CatB-All,MQ1-MSM,Telangana,"DCMS, Hyderabad",ORTHOPAEDICS,"₹24,00,000*",Info not available*,1*,"₹20,00,000*",1400,616(1),998(1),998(1),998(1),998(1),998(1),678(1),1321(1),1321(1),-,-,-
TELMgmt-MQ2-CatC-NRI,MQ2,Telangana,"Mamata AcadofMedSci,Bachupally",GENERAL MEDICINE,"₹69,00,000*",Info not available*,1*,"₹20,00,000*",-,-,-,-,-,-,-,1278(2),1322(2),1322(2),-,-,-
TELMgmt-MQ1-CatB-All,MQ1,Telangana,"CAIMS, Karimnagar",ANAESTHESIOLOGY,"₹24,00,000*",Info not available*,1*,"₹20,00,000*",1000,846(4),1054(4),1343(4),1440(4),1440(4),1440(4),1015(4),1078(4),1329(4),-,-,-
TELMgmt-MQ1-CatB-All,MQ1-MSM,Telangana,"DCMS, Hyderabad",ENT,"₹24,00,000*",Info not available*,1*,"₹20,00,000*",1400,798(1),813(1),813(1),813(1),813(1),813(1),1181(1),1333(1),1333(1),-,-,-
TELMgmt-MQ1-CatB-All,MQ1-MSM,Telangana,"Shadan IMSRC, Peerancheru",ORTHOPAEDICS,"₹24,00,000*",Info not available*,1*,"₹20,00,000*",800,-,-,-,-,-,-,843(1),1338(1),1338(1),-,-,-
TELMgmt-MQ2-CatC-NRI,MQ2,Telangana,"SVS Med Coll, Mehboobnagar",OBG,"₹72,00,000*",Info not available*,1*,"₹20,00,000*",760,1108(1),1244(1),1244(1),1244(1),1244(1),1244(1),1372(1),1372(1),1372(1),-,-,-
TELMgmt-MQ1-CatB-All,MQ1,Telangana,"Prathima IMS, Karimnagar",ANAESTHESIOLOGY,"₹23,00,000*",Info not available*,1*,"₹20,00,000*",1060,878(5),1006(5),1363(5),1585(5),1629(5),1629(5),976(4),1015(4),1374(4),-,-,-
TELMgmt-MQ1-CatB-All,MQ1,Telangana,"Dr Patnam MRInstofMS,Chevella",ANAESTHESIOLOGY,"₹23,00,000*",Info not available*,1*,"₹20,00,000*",-,920(2),1117(2),1428(2),1572(2),1572(2),1572(2),1058(2),1058(2),1397(2),-,-,-
TELMgmt-MQ1-CatB-All,MQ1,Telangana,"Mediciti IMS, Ghanpur",ANAESTHESIOLOGY,"₹23,00,000*",Info not available*,1*,"₹20,00,000*",720,868(4),1120(4),1347(4),1450(4),1450(4),1450(4),1031(4),1031(4),1408(4),-,-,-
TELMgmt-MQ1-CatB-All,MQ1-MSM,Telangana,"Shadan IMSRC, Peerancheru",ENT,"₹24,00,000*",Info not available*,1*,"₹20,00,000*",800,1163(1),1303(1),1577(1),1402(1),1402(1),1402(1),1285(1),1285(1),1419(1),-,-,-
TELMgmt-MQ3-CatC-Inst,MQ3,Telangana,"Mamata AcadofMedSci,Bachupally",DERMATOLOGY,"₹69,00,000*",Info not available*,1*,"₹20,00,000*",-,-,-,-,-,-,-,-,-,1422(1),-,-,-
TELMgmt-MQ1-CatB-All,MQ1,Telangana,"Prathima IMS, Karimnagar",PSYCHIATRY,"₹23,00,000*",Info not available*,1*,"₹20,00,000*",1060,-,-,-,-,-,-,1117(1),1126(1),1423(1),-,-,-
TELMgmt-MQ2-CatC-NRI,MQ2,Telangana,"Mediciti IMS, Ghanpur",DERMATOLOGY,"₹69,00,000*",Info not available*,1*,"₹20,00,000*",720,255(1),283(1),283(1),283(1),283(1),283(1),1425(1),1425(1),1425(1),-,-,-
TELMgmt-MQ2-CatC-NRI,MQ2,Telangana,"Bhaskar Med Coll, Yenkapally",GENERAL MEDICINE,"₹69,00,000*",Info not available*,1*,"₹20,00,000*",850,1159(2),1299(2),1299(2),1299(2),1299(2),1299(2),1428(1),1428(1),1428(1),-,-,-
TELMgmt-MQ3-CatC-Inst,MQ3,Telangana,"SVS Med Coll, Mehboobnagar",DERMATOLOGY,"₹72,00,000*",Info not available*,1*,"₹20,00,000*",760,-,-,-,-,-,-,-,-,1430(1),-,-,-
TELMgmt-MQ2-CatC-NRI,MQ2,Telangana,"Mamata Med Coll, Khammam",DERMATOLOGY,"₹69,00,000*",Info not available*,1*,"₹20,00,000*",1080,-,-,-,-,-,-,1346(1),1431(1),1431(1),-,-,-
TELMgmt-MQ2-CatC-NRI,MQ2,Telangana,"Bhaskar Med Coll, Yenkapally",DERMATOLOGY,"₹69,00,000*",Info not available*,1*,"₹20,00,000*",850,687(1),1256(1),1691(1),1691(1),1691(1),1691(1),1369(1),1435(1),1435(1),-,-,-
TELMgmt-MQ1-CatB-All,MQ1,Telangana,"Maheshwara Med Coll, Medak",ANAESTHESIOLOGY,"₹23,00,000*",Info not available*,1*,"₹20,00,000*",745,-,-,-,-,-,-,1114(1),1114(1),1446(1),-,-,-
TELMgmt-MQ1-CatB-All,MQ1,Telangana,"Prathima IMS, Karimnagar",PATHOLOGY,"₹5,62,250*",Info not available*,1*,"₹20,00,000*",1060,1095(1),1396(1),1396(1),1396(1),1396(1),1396(1),1584(1),1584(1),1448(1),-,-,-
TELMgmt-MQ2-CatC-NRI,MQ2,Telangana,"MNR Med Coll, Sangareddy",RADIO DIAGNOSIS,"₹69,00,000*",Info not available*,1*,"₹20,00,000*",760,1038(1),1167(1),1167(1),1167(1),1167(1),1167(1),1464(1),1464(1),1464(1),-,-,-
TELMgmt-MQ1-CatB-All,MQ1,Telangana,"MNR Med Coll, Sangareddy",ANAESTHESIOLOGY,"₹23,00,000*",Info not available*,1*,"₹20,00,000*",760,909(3),1102(3),1421(3),1545(3),1545(3),1545(3),1077(3),1132(3),1474(3),1345(1),-,-
TELMgmt-MQ1-CatB-All,MQ1,Telangana,"Mahavir Inst of MS, Vikarabad",ANAESTHESIOLOGY,"₹23,00,000*",Info not available*,1*,"₹20,00,000*",700,-,-,-,-,-,-,1078(1),1142(1),1475(1),-,-,-
TELMgmt-MQ1-CatB-All,MQ1,Telangana,"Surabhi InstituteofMS,Siddipet",ANAESTHESIOLOGY,"₹24,00,000*",Info not available*,1*,"₹20,00,000*",-,769(1),1141(1),1431(1),1231(1),1231(1),1231(1),1116(1),1133(1),1480(1),1472(1),-,-
TELMgmt-MQ1-CatB-All,MQ1,Telangana,"Dr Patnam MRInstofMS,Chevella",ENT,"₹23,00,000*",Info not available*,1*,"₹20,00,000*",-,730(1),827(1),1436(1),1436(1),1436(1),1436(1),888(1),628(1),1486(1),-,-,-
TELMgmt-MQ2-CatC-NRI,MQ2,Telangana,"Kamineni IMS, Narketpally",DERMATOLOGY,"₹69,00,000*",Info not available*,1*,"₹20,00,000*",1060,-,-,-,-,-,-,1496(1),1499(1),1499(1),-,-,-
TELMgmt-MQ2-CatC-NRI,MQ2,Telangana,"MNR Med Coll, Sangareddy",DERMATOLOGY,"₹69,00,000*",Info not available*,1*,"₹20,00,000*",760,1052(1),1519(1),1519(1),1519(1),1519(1),1519(1),1503(1),1503(1),1503(1),-,-,-
TELMgmt-MQ1-CatB-All,MQ1,Telangana,"Mediciti IMS, Ghanpur",ENT,"₹23,00,000*",Info not available*,1*,"₹20,00,000*",720,712(1),989(1),1252(1),1412(1),1723(1),1723(1),913(1),727(1),1510(1),1206(1),-,-
TELMgmt-MQ2-CatC-NRI,MQ2,Telangana,"Surabhi InstituteofMS,Siddipet",GENERAL MEDICINE,"₹72,00,000*",Info not available*,1*,"₹20,00,000*",-,-,1531(1),1531(1),1531(1),1531(1),1531(1),1521(1),1521(1),1521(1),-,-,-
TELMgmt-MQ1-CatB-All,MQ1,Telangana,"Kamineni (KAMSRC), Hyderabad",SPM,"₹5,45,000*",Info not available*,1*,"₹20,00,000*",650,-,1353(1),1353(1),1353(1),1353(1),1353(1),-,1523(1),1523(1),-,-,-
TELMgmt-MQ1-CatB-All,MQ1,Telangana,"MNR Med Coll, Sangareddy",ENT,"₹23,00,000*",Info not available*,1*,"₹20,00,000*",760,714(1),828(1),1050(1),1050(1),1050(1),1050(1),916(1),916(1),1538(1),-,-,-
TELMgmt-MQ2-CatC-NRI,MQ2,Telangana,"Mamata Med Coll, Khammam",RADIO DIAGNOSIS,"₹69,00,000*",Info not available*,1*,"₹20,00,000*",1080,911(1),1022(1),1022(1),1022(1),1022(1),1022(1),1559(2),1559(2),1559(2),-,-,-
TELMgmt-MQ1-CatB-All,MQ1,Telangana,"Mamata AcadofMedSci,Bachupally",PSYCHIATRY,"₹23,00,000*",Info not available*,1*,"₹20,00,000*",-,-,-,-,-,-,-,1054(1),661(1),1568(1),-,-,-
TELMgmt-MQ1-CatB-All,MQ1,Telangana,"Mamata Med Coll, Khammam",PSYCHIATRY,"₹23,00,000*",Info not available*,1*,"₹20,00,000*",1080,842(1),933(1),1020(1),1020(1),1020(1),1020(1),1111(1),1170(1),1575(1),-,-,-
TELMgmt-MQ2-CatC-NRI,MQ2,Telangana,"Prathima IMS, Karimnagar",RADIO DIAGNOSIS,"₹69,00,000*",Info not available*,1*,"₹20,00,000*",1060,925(2),1395(2),1395(2),1395(2),1395(2),1395(2),1578(2),1578(2),1578(2),-,-,-
TELMgmt-MQ3-CatC-Inst,MQ3,Telangana,"SVS Med Coll, Mehboobnagar",OPHTHALMOLOGY,"₹72,00,000*",Info not available*,1*,"₹20,00,000*",760,-,-,-,-,-,-,-,-,1587(1),-,-,-
TELMgmt-MQ1-CatB-All,MQ1,Telangana,"Kamineni IMS, Narketpally",PSYCHIATRY,"₹23,00,000*",Info not available*,1*,"₹20,00,000*",1060,871(1),1020(1),1305(1),1305(1),1305(1),1305(1),1126(1),1199(1),1591(1),-,-,-
TELMgmt-MQ2-CatC-NRI,MQ2,Telangana,"CAIMS, Karimnagar",DERMATOLOGY,"₹72,00,000*",Info not available*,1*,"₹20,00,000*",1000,-,-,-,-,-,-,1435(1),1594(1),1594(1),-,-,-
TELMgmt-MQ1-CatB-All,MQ1,Telangana,"Dr Patnam MRInstofMS,Chevella",PSYCHIATRY,"₹23,00,000*",Info not available*,1*,"₹20,00,000*",-,-,1090(1),1365(1),1601(1),1601(1),1601(1),-,-,1606(1),-,-,-
TELMgmt-MQ1-CatB-All,MQ1-MSM,Telangana,"DrVRK Womens MedColl,Aziznagar",ORTHOPAEDICS,"₹23,00,000*",Info not available*,1*,"₹20,00,000*",500,-,-,-,-,-,-,1458(1),1607(1),1607(1),-,-,-
TELMgmt-MQ2-CatC-NRI,MQ2,Telangana,"Mahavir Inst of MS, Vikarabad",DERMATOLOGY,"₹69,00,000*",Info not available*,1*,"₹20,00,000*",700,-,-,-,-,-,-,1499(1),1610(1),1610(1),-,-,-
TELMgmt-MQ2-CatC-NRI,MQ2,Telangana,"Surabhi InstituteofMS,Siddipet",GENERAL SURGERY,"₹72,00,000*",Info not available*,1*,"₹20,00,000*",-,-,-,-,-,-,-,1617(1),1617(1),1617(1),-,-,-
TELMgmt-MQ2-CatC-NRI,MQ2-MSM,Telangana,"DCMS, Hyderabad",PAEDIATRICS,"₹72,00,000*",Info not available*,1*,"₹20,00,000*",1400,-,1959(1),1959(1),1959(1),1959(1),1959(1),1627(1),1627(1),1627(1),-,-,-
TELMgmt-MQ2-CatC-NRI,MQ2-MSM,Telangana,"Shadan IMSRC, Peerancheru",ANAESTHESIOLOGY,"₹72,00,000*",Info not available*,1*,"₹20,00,000*",800,-,-,-,-,-,-,1633(1),1633(1),1633(1),-,-,-
TELMgmt-MQ1-CatB-All,MQ1,Telangana,"Kamineni (KAMSRC), Hyderabad",PATHOLOGY,"₹5,45,000*",Info not available*,1*,"₹20,00,000*",650,723(1),1192(1),1192(1),1192(1),1192(1),1192(1),1066(1),1066(1),1635(1),1471(1),-,-
TELMgmt-MQ2-CatC-NRI,MQ2,Telangana,"Mediciti IMS, Ghanpur",RADIO DIAGNOSIS,"₹69,00,000*",Info not available*,1*,"₹20,00,000*",720,1044(2),1258(2),1258(2),1258(2),1258(2),1258(2),1548(2),1548(2),1640(2),-,-,-
TELMgmt-MQ2-CatC-NRI,MQ2,Telangana,"Kamineni IMS, Narketpally",RADIO DIAGNOSIS,"₹69,00,000*",Info not available*,1*,"₹20,00,000*",1060,787(1),881(1),1551(1),991(1),991(1),991(1),1014(1),1648(1),1648(1),-,-,-
TELMgmt-MQ1-CatB-All,MQ1,Telangana,"Mediciti IMS, Ghanpur",PATHOLOGY,"₹5,30,000*",Info not available*,1*,"₹20,00,000*",720,-,-,-,-,-,-,1654(1),1654(1),1654(1),-,-,-
TELMgmt-MQ2-CatC-NRI,MQ2,Telangana,"Kamineni (KAMSRC), Hyderabad",OBG,"₹69,00,000*",Info not available*,1*,"₹20,00,000*",650,872(1),1434(1),1434(1),1434(1),1434(1),1434(1),1669(1),1669(1),1669(1),-,-,-
TELMgmt-MQ3-CatC-Inst,MQ3,Telangana,"Mamata AcadofMedSci,Bachupally",PAEDIATRICS,"₹69,00,000*",Info not available*,1*,"₹20,00,000*",-,-,-,-,-,-,-,-,-,1679(1),-,-,-
TELMgmt-MQ2-CatC-NRI,MQ2-MSM,Telangana,"Shadan IMSRC, Peerancheru",RADIO DIAGNOSIS,"₹72,00,000*",Info not available*,1*,"₹20,00,000*",800,-,-,-,-,-,-,1680(1),1680(1),1680(1),-,-,-
TELMgmt-MQ2-CatC-NRI,MQ2,Telangana,"Apollo IMSR, Hyderabad",OBG,"₹69,00,000*",Info not available*,1*,"₹20,00,000*",570,1142(1),1322(1),1493(1),1493(1),1493(1),1493(1),1684(1),1684(1),1684(1),-,-,-
TELMgmt-MQ2-CatC-NRI,MQ2,Telangana,"CAIMS, Karimnagar",RADIO DIAGNOSIS,"₹72,00,000*",Info not available*,1*,"₹20,00,000*",1000,968(2),1387(2),1474(2),1474(2),1474(2),1474(2),1594(2),1640(2),1723(2),-,-,-
TELMgmt-MQ2-CatC-NRI,MQ2,Telangana,"Mamata AcadofMedSci,Bachupally",OBG,"₹69,00,000*",Info not available*,1*,"₹20,00,000*",-,-,-,-,-,-,-,1741(2),1741(2),1741(2),-,-,-
TELMgmt-MQ3-CatC-Inst,MQ3,Telangana,"Apollo IMSR, Hyderabad",GENERAL MEDICINE,"₹69,00,000*",Info not available*,1*,"₹20,00,000*",570,-,-,-,-,-,610(1),-,-,1752(1),-,-,-
TELMgmt-MQ2-CatC-NRI,MQ2,Telangana,"Apollo IMSR, Hyderabad",GENERAL SURGERY,"₹69,00,000*",Info not available*,1*,"₹20,00,000*",570,-,-,-,-,-,-,1766(1),1766(1),1766(1),-,-,-
TELMgmt-MQ3-CatC-Inst,MQ3,Telangana,"SVS Med Coll, Mehboobnagar",ORTHOPAEDICS,"₹72,00,000*",Info not available*,1*,"₹20,00,000*",760,-,-,-,-,-,1401(1),-,-,1767(1),-,-,-
TELMgmt-MQ1-CatB-All,MQ1-MSM,Telangana,"DrVRK Womens MedColl,Aziznagar",PATHOLOGY,"₹5,30,000*",Info not available*,1*,"₹20,00,000*",500,-,-,-,-,-,-,1781(1),1781(1),1781(1),-,-,-
TELMgmt-MQ3-CatC-Inst,MQ3,Telangana,"SVS Med Coll, Mehboobnagar",GENERAL MEDICINE,"₹72,00,000*",Info not available*,1*,"₹20,00,000*",760,-,-,-,-,-,1410(2),-,-,1784(2),-,-,-
TELMgmt-MQ3-CatC-Inst,MQ3,Telangana,"Surabhi InstituteofMS,Siddipet",OPHTHALMOLOGY,"₹72,00,000*",Info not available*,1*,"₹20,00,000*",-,-,-,-,-,-,-,-,-,1797(1),-,-,-
TELMgmt-MQ2-CatC-NRI,MQ2,Telangana,"Mamata AcadofMedSci,Bachupally",PAEDIATRICS,"₹69,00,000*",Info not available*,1*,"₹20,00,000*",-,-,-,-,-,-,-,1808(1),1808(1),1808(1),-,-,-
TELMgmt-MQ2-CatC-NRI,MQ2-MSM,Telangana,"Shadan IMSRC, Peerancheru",ENT,"₹72,00,000*",Info not available*,1*,"₹20,00,000*",800,-,-,-,-,-,-,-,1820(1),1820(1),-,-,-
TELMgmt-MQ2-CatC-NRI,MQ2-MSM,Telangana,"Shadan IMSRC, Peerancheru",GENERAL MEDICINE,"₹72,00,000*",Info not available*,1*,"₹20,00,000*",800,907(1),1017(1),1017(1),1017(1),1017(1),1017(1),-,1825(1),1825(1),-,-,-
TELMgmt-MQ1-CatB-All,MQ1,Telangana,"SVS Med Coll, Mehboobnagar",PATHOLOGY,"₹7,50,000*",Info not available*,1*,"₹20,00,000*",760,1283(4),1454(4),1940(4),1940(4),1940(4),1940(4),1563(3),1563(3),1826(3),-,-,-
TELMgmt-MQ3-CatC-Inst,MQ3,Telangana,"Mamata AcadofMedSci,Bachupally",RADIO DIAGNOSIS,"₹69,00,000*",Info not available*,1*,"₹20,00,000*",-,-,-,-,-,-,-,-,-,1827(1),-,-,-
TELMgmt-MQ2-CatC-NRI,MQ2,Telangana,"SVS Med Coll, Mehboobnagar",PAEDIATRICS,"₹72,00,000*",Info not available*,1*,"₹20,00,000*",760,1173(1),1313(1),1313(1),1313(1),1313(1),1313(1),1828(1),1828(1),1828(1),-,-,-
TELMgmt-MQ2-CatC-NRI,MQ2,Telangana,"Maheshwara Med Coll, Medak",TBRD,"₹69,00,000*",Info not available*,1*,"₹20,00,000*",745,-,-,-,-,-,-,1833(1),1833(1),1833(1),-,-,-
TELMgmt-MQ2-CatC-NRI,MQ2-MSM,Telangana,"Shadan IMSRC, Peerancheru",OBG,"₹72,00,000*",Info not available*,1*,"₹20,00,000*",800,-,-,-,-,-,-,-,1841(1),1841(1),-,-,-
TELMgmt-MQ2-CatC-NRI,MQ2,Telangana,"MNR Med Coll, Sangareddy",ANAESTHESIOLOGY,"₹69,00,000*",Info not available*,1*,"₹20,00,000*",760,-,2134(2),2134(2),2134(2),2134(2),2134(2),1847(1),1847(1),1847(1),-,2917(1),-
TELMgmt-MQ1-CatB-All,MQ1,Telangana,"Maheshwara Med Coll, Medak",PATHOLOGY,"₹5,30,000*",Info not available*,1*,"₹20,00,000*",745,-,-,-,-,-,-,1778(1),1778(1),1851(1),2054(1),2326(1),-
TELMgmt-MQ2-CatC-NRI,MQ2,Telangana,"RVM IMSRC, Siddipet",PAEDIATRICS,"₹69,00,000*",Info not available*,1*,"₹20,00,000*",1110,-,-,-,-,-,-,1852(1),1852(1),1852(1),-,-,-
TELMgmt-MQ2-CatC-NRI,MQ2,Telangana,"MNR Med Coll, Sangareddy",OPHTHALMOLOGY,"₹69,00,000*",Info not available*,1*,"₹20,00,000*",760,977(1),1100(1),1100(1),1100(1),1100(1),1100(1),1862(1),1862(1),1862(1),-,-,-
TELMgmt-MQ1-CatB-All,MQ1,Telangana,"Mamata AcadofMedSci,Bachupally",PATHOLOGY,"₹7,50,000*",Info not available*,1*,"₹20,00,000*",-,1041(2),1260(2),1590(2),1590(2),1590(2),1590(2),1508(2),1508(2),1882(2),-,-,-
TELMgmt-MQ2-CatC-NRI,MQ2-MSM,Telangana,"DCMS, Hyderabad",DERMATOLOGY,"₹72,00,000*",Info not available*,1*,"₹20,00,000*",1400,-,-,-,-,-,-,1886(1),1886(1),1886(1),-,-,-
TELMgmt-MQ1-CatB-All,MQ1,Telangana,"Mamata Med Coll, Khammam",PATHOLOGY,"₹6,60,000*",Info not available*,1*,"₹20,00,000*",1080,1047(1),1382(1),1941(1),1941(1),1941(1),1941(1),1575(1),1575(1),1896(1),-,-,-
TELMgmt-MQ2-CatC-NRI,MQ2,Telangana,"Apollo IMSR, Hyderabad",ANAESTHESIOLOGY,"₹69,00,000*",Info not available*,1*,"₹20,00,000*",570,-,-,-,-,-,-,-,1903(1),1903(1),-,-,-
TELMgmt-MQ2-CatC-NRI,MQ2,Telangana,"Mamata AcadofMedSci,Bachupally",ENT,"₹69,00,000*",Info not available*,1*,"₹20,00,000*",-,-,-,-,-,-,-,1906(1),1906(1),1906(1),-,-,-
TELMgmt-MQ3-CatC-Inst,MQ3,Telangana,"Apollo IMSR, Hyderabad",RADIO DIAGNOSIS,"₹69,00,000*",Info not available*,1*,"₹20,00,000*",570,-,-,-,-,-,1177(1),-,-,1932(1),-,-,-
TELMgmt-MQ1-CatB-All,MQ1,Telangana,"Kamineni IMS, Narketpally",HOSPITAL ADMINISTRATION,"₹2,16,000*",Info not available*,1*,"₹20,00,000*",1060,-,-,-,-,-,-,1811(1),2358(1),1936(1),1935(1),2188(1),-
TELMgmt-MQ3-CatC-Inst,MQ3,Telangana,"Mamata Med Coll, Khammam",ANAESTHESIOLOGY,"₹69,00,000*",Info not available*,1*,"₹20,00,000*",1080,-,-,-,-,-,1483(1),-,-,1939(1),-,-,-
TELMgmt-MQ2-CatC-NRI,MQ2,Telangana,"Mediciti IMS, Ghanpur",OBG,"₹69,00,000*",Info not available*,1*,"₹20,00,000*",720,1176(1),1557(1),1557(1),1557(1),1557(1),1557(1),-,1796(1),1944(1),-,-,-
TELMgmt-MQ2-CatC-NRI,MQ2,Telangana,"Mediciti IMS, Ghanpur",GENERAL MEDICINE,"₹69,00,000*",Info not available*,1*,"₹20,00,000*",720,1028(1),1157(1),1157(1),1157(1),1157(1),1157(1),1967(2),2067(2),1953(2),-,-,-
TELMgmt-MQ3-CatC-Inst,MQ3,Telangana,"Mamata Med Coll, Khammam",ORTHOPAEDICS,"₹69,00,000*",Info not available*,1*,"₹20,00,000*",1080,-,-,-,-,-,1552(1),-,-,1982(1),-,-,-
TELMgmt-MQ3-CatC-Inst,MQ3,Telangana,"Bhaskar Med Coll, Yenkapally",PSYCHIATRY,"₹69,00,000*",Info not available*,1*,"₹20,00,000*",850,-,-,-,-,-,-,-,-,1983(1),-,-,-
TELMgmt-MQ3-CatC-Inst,MQ3,Telangana,"SVS Med Coll, Mehboobnagar",OBG,"₹72,00,000*",Info not available*,1*,"₹20,00,000*",760,-,-,-,-,-,1633(1),-,-,1988(1),-,-,-
TELMgmt-MQ2-CatC-NRI,MQ2-MSM,Telangana,"DCMS, Hyderabad",OBG,"₹72,00,000*",Info not available*,1*,"₹20,00,000*",1400,-,1979(2),2001(2),2001(2),2001(2),2001(2),1943(2),2004(2),2004(2),-,-,-
TELMgmt-MQ1-CatB-All,MQ1-MSM,Telangana,"DCMS, Hyderabad",PSYCHIATRY,"₹24,00,000*",Info not available*,1*,"₹20,00,000*",1400,1321(1),1554(1),1554(1),1554(1),1554(1),1554(1),1568(1),1568(1),2006(1),-,-,-
TELMgmt-MQ2-CatC-NRI,MQ2,Telangana,"Mediciti IMS, Ghanpur",OPHTHALMOLOGY,"₹69,00,000*",Info not available*,1*,"₹20,00,000*",720,-,-,-,-,-,-,874(1),2007(1),2007(1),-,-,-
TELMgmt-MQ3-CatC-Inst,MQ3,Telangana,"SVS Med Coll, Mehboobnagar",PAEDIATRICS,"₹72,00,000*",Info not available*,1*,"₹20,00,000*",760,-,-,-,-,-,1183(1),-,-,2011(1),-,-,-
TELMgmt-MQ3-CatC-Inst,MQ3,Telangana,"Kamineni (KAMSRC), Hyderabad",DERMATOLOGY,"₹69,00,000*",Info not available*,1*,"₹20,00,000*",650,-,-,-,-,-,2514(1),-,-,2015(1),-,-,-
TELMgmt-MQ2-CatC-NRI,MQ2,Telangana,"Mamata Med Coll, Khammam",OBG,"₹69,00,000*",Info not available*,1*,"₹20,00,000*",1080,1100(2),1538(2),1500(2),1500(2),1500(2),1500(2),1431(1),1974(1),2019(1),-,-,-
TELMgmt-MQ2-CatC-NRI,MQ2,Telangana,"Mamata Med Coll, Khammam",GENERAL MEDICINE,"₹69,00,000*",Info not available*,1*,"₹20,00,000*",1080,1150(2),1446(2),1656(2),1656(2),1656(2),1656(2),1887(3),2005(3),2021(3),-,-,-
TELMgmt-MQ2-CatC-NRI,MQ2,Telangana,"Bhaskar Med Coll, Yenkapally",OPHTHALMOLOGY,"₹69,00,000*",Info not available*,1*,"₹20,00,000*",850,-,-,-,-,-,-,-,2072(1),2028(1),-,-,-
TELMgmt-MQ1-CatB-All,MQ1,Telangana,"RVM IMSRC, Siddipet",PHARMACOLOGY,"₹5,30,000*",Info not available*,1*,"₹20,00,000*",1110,-,2223(1),-,-,-,-,-,2032(1),2032(1),-,-,-
TELMgmt-MQ2-CatC-NRI,MQ2-MSM,Telangana,"DCMS, Hyderabad",GENERAL MEDICINE,"₹72,00,000*",Info not available*,1*,"₹20,00,000*",1400,-,1944(1),1944(1),1944(1),1944(1),1944(1),1825(1),2038(1),2038(1),-,-,-
TELMgmt-MQ1-CatB-All,MQ1,Telangana,"Kamineni IMS, Narketpally",PATHOLOGY,"₹5,45,000*",Info not available*,1*,"₹20,00,000*",1060,1123(1),1466(1),1606(1),2174(1),-,-,1635(1),1635(1),2042(1),-,-,-
TELMgmt-MQ2-CatC-NRI,MQ2,Telangana,"Mediciti IMS, Ghanpur",PAEDIATRICS,"₹69,00,000*",Info not available*,1*,"₹20,00,000*",720,-,-,-,-,-,-,-,-,2045(1),-,-,-
TELMgmt-MQ1-CatB-All,MQ1,Telangana,"Dr Patnam MRInstofMS,Chevella",PATHOLOGY,"₹5,30,000*",Info not available*,1*,"₹20,00,000*",-,1223(1),1459(1),1484(1),1484(1),1484(1),1484(1),1716(1),1474(1),2046(1),-,-,-
TELMgmt-MQ2-CatC-NRI,MQ2,Telangana,"Mamata Med Coll, Khammam",PAEDIATRICS,"₹69,00,000*",Info not available*,1*,"₹20,00,000*",1080,1356(1),1485(1),1810(1),1810(1),1810(1),1810(1),1959(1),2063(2),2063(2),-,-,-
TELMgmt-MQ3-CatC-Inst,MQ3,Telangana,"Mamata Med Coll, Khammam",OBG,"₹69,00,000*",Info not available*,1*,"₹20,00,000*",1080,-,-,-,-,-,1710(1),-,-,2074(1),-,-,-
TELMgmt-MQ2-CatC-NRI,MQ2,Telangana,"Dr Patnam MRInstofMS,Chevella",TBRD,"₹69,00,000*",Info not available*,1*,"₹20,00,000*",-,-,1539(1),2094(1),2113(1),2113(1),2113(1),-,2258(1),2083(1),-,-,-
TELMgmt-MQ2-CatC-NRI,MQ2,Telangana,"CAIMS, Karimnagar",GENERAL MEDICINE,"₹72,00,000*",Info not available*,1*,"₹20,00,000*",1000,1171(3),1271(3),1383(3),1383(3),1383(3),1383(3),1861(3),1989(3),2089(3),-,-,-
TELMgmt-MQ1-CatB-All,MQ1,Telangana,"Surabhi InstituteofMS,Siddipet",PATHOLOGY,"₹7,50,000*",Info not available*,1*,"₹20,00,000*",-,-,-,-,-,2027(1),2458(1),1739(1),1665(1),2091(1),2331(1),-,-
TELMgmt-MQ3-CatC-Inst,MQ3,Telangana,"Mamata AcadofMedSci,Bachupally",OBG,"₹69,00,000*",Info not available*,1*,"₹20,00,000*",-,-,-,-,-,-,-,-,-,2098(1),-,-,-
TELMgmt-MQ3-CatC-Inst,MQ3,Telangana,"Bhaskar Med Coll, Yenkapally",RADIO DIAGNOSIS,"₹69,00,000*",Info not available*,1*,"₹20,00,000*",850,-,-,-,-,-,1698(1),-,-,2100(1),-,-,-
TELMgmt-MQ2-CatC-NRI,MQ2,Telangana,"MNR Med Coll, Sangareddy",ENT,"₹69,00,000*",Info not available*,1*,"₹20,00,000*",760,-,1592(1),1592(1),1592(1),1592(1),1592(1),-,2104(1),2104(1),-,-,-
TELMgmt-MQ2-CatC-NRI,MQ2,Telangana,"Mamata Med Coll, Khammam",TBRD,"₹69,00,000*",Info not available*,1*,"₹20,00,000*",1080,-,1834(1),1834(1),1834(1),1834(1),1834(1),-,2114(1),2114(1),-,-,-
TELMgmt-MQ2-CatC-NRI,MQ2,Telangana,"CAIMS, Karimnagar",OBG,"₹72,00,000*",Info not available*,1*,"₹20,00,000*",1000,1260(2),1616(2),1546(2),1546(2),1546(2),1546(2),1988(1),2128(1),2128(1),-,-,-
TELMgmt-MQ2-CatC-NRI,MQ2,Telangana,"Bhaskar Med Coll, Yenkapally",OBG,"₹69,00,000*",Info not available*,1*,"₹20,00,000*",850,1272(1),1432(1),1432(1),1432(1),1432(1),1432(1),1989(1),2130(1),2130(1),-,-,-
TELMgmt-MQ1-CatB-All,MQ1-MSM,Telangana,"DCMS, Hyderabad",DPM (Psychiatry),"₹24,00,000*",Info not available*,1*,"₹20,00,000*",1400,-,-,-,-,-,-,1890(1),2372(1),2138(1),-,-,-
TELMgmt-MQ3-CatC-Inst,MQ3,Telangana,"Apollo IMSR, Hyderabad",PAEDIATRICS,"₹69,00,000*",Info not available*,1*,"₹20,00,000*",570,-,-,-,-,-,-,-,-,2140(1),-,-,-
TELMgmt-MQ2-CatC-NRI,MQ2,Telangana,"Mamata Med Coll, Khammam",ENT,"₹69,00,000*",Info not available*,1*,"₹20,00,000*",1080,-,1905(1),2100(1),2445(1),2445(1),2445(1),-,2143(1),2143(1),-,-,-
TELMgmt-MQ2-CatC-NRI,MQ2,Telangana,"SVS Med Coll, Mehboobnagar",PSYCHIATRY,"₹72,00,000*",Info not available*,1*,"₹20,00,000*",760,-,-,-,-,-,-,1999(1),2156(1),2156(1),-,-,-
TELMgmt-MQ3-CatC-Inst,MQ3,Telangana,"Dr Patnam MRInstofMS,Chevella",GENERAL MEDICINE,"₹69,00,000*",Info not available*,1*,"₹20,00,000*",-,-,-,-,-,-,1473(1),-,-,2166(1),-,-,-
TELMgmt-MQ2-CatC-NRI,MQ2,Telangana,"Kamineni IMS, Narketpally",GENERAL MEDICINE,"₹69,00,000*",Info not available*,1*,"₹20,00,000*",1060,1262(1),1482(2),1775(2),1775(2),1775(2),1775(2),1835(2),1986(2),2169(2),-,-,-
TELMgmt-MQ2-CatC-NRI,MQ2,Telangana,"SVS Med Coll, Mehboobnagar",GENERAL MEDICINE,"₹72,00,000*",Info not available*,1*,"₹20,00,000*",760,1083(3),1142(3),1773(3),1773(3),1773(3),1773(3),1792(3),1970(3),2170(3),-,-,-
TELMgmt-MQ1-CatB-All,MQ1,Telangana,"RVM IMSRC, Siddipet",PATHOLOGY,"₹5,30,000*",Info not available*,1*,"₹20,00,000*",1110,1302(1),1535(1),1535(1),1535(1),1535(1),1535(1),1558(1),1448(1),2184(1),-,-,-
TELMgmt-MQ2-CatC-NRI,MQ2,Telangana,"Prathima IMS, Karimnagar",GENERAL MEDICINE,"₹69,00,000*",Info not available*,1*,"₹20,00,000*",1060,1218(3),1568(3),1568(3),1568(3),1568(3),1568(3),2014(3),2192(3),2192(3),-,-,-
TELMgmt-MQ2-CatC-NRI,MQ2,Telangana,"MNR Med Coll, Sangareddy",PAEDIATRICS,"₹69,00,000*",Info not available*,1*,"₹20,00,000*",760,-,1589(1),1589(1),1589(1),1589(1),1589(1),-,2194(1),2194(1),-,-,-
TELMgmt-MQ3-CatC-Inst,MQ3-MSM,Telangana,"DCMS, Hyderabad",OBG,"₹72,00,000*",Info not available*,1*,"₹20,00,000*",1400,-,-,-,-,-,1156(1),-,-,2197(1),-,-,-
TELMgmt-MQ2-CatC-NRI,MQ2,Telangana,"Kamineni (KAMSRC), Hyderabad",GENERAL SURGERY,"₹69,00,000*",Info not available*,1*,"₹20,00,000*",650,-,1658(2),1928(2),1928(2),1928(2),1928(2),2018(1),2198(1),2198(1),-,-,-
TELMgmt-MQ2-CatC-NRI,MQ2,Telangana,"Kamineni IMS, Narketpally",TBRD,"₹69,00,000*",Info not available*,1*,"₹20,00,000*",1060,-,-,-,-,-,-,-,2211(1),2211(1),-,-,-
TELMgmt-MQ2-CatC-NRI,MQ2,Telangana,"Kamineni (KAMSRC), Hyderabad",ORTHOPAEDICS,"₹69,00,000*",Info not available*,1*,"₹20,00,000*",650,-,1822(1),1867(1),1867(1),1867(1),1867(1),-,2224(1),2224(1),-,-,-
TELMgmt-MQ3-CatC-Inst,MQ3-MSM,Telangana,"DCMS, Hyderabad",ENT,"₹72,00,000*",Info not available*,1*,"₹20,00,000*",1400,-,-,-,-,-,-,-,-,2237(1),-,-,-
TELMgmt-MQ2-CatC-NRI,MQ2,Telangana,"Prathima IMS, Karimnagar",PATHOLOGY,"₹16,86,750*",Info not available*,1*,"₹20,00,000*",1060,-,-,-,-,-,-,-,2243(1),2243(1),-,-,-
TELMgmt-MQ3-CatC-Inst,MQ3,Telangana,"Mamata AcadofMedSci,Bachupally",ANAESTHESIOLOGY,"₹69,00,000*",Info not available*,1*,"₹20,00,000*",-,-,-,-,-,-,-,-,-,2244(1),-,-,-
TELMgmt-MQ2-CatC-NRI,MQ2,Telangana,"MNR Med Coll, Sangareddy",GENERAL MEDICINE,"₹69,00,000*",Info not available*,1*,"₹20,00,000*",760,1335(2),1507(2),1683(2),1683(2),1683(2),1683(2),1990(2),2132(3),2255(3),-,-,-
TELMgmt-MQ1-CatB-All,MQ1,Telangana,"Apollo IMSR, Hyderabad",SPM,"₹5,30,000*",Info not available*,1*,"₹20,00,000*",570,-,-,-,-,-,-,1531(1),2259(1),2259(1),-,-,-
TELMgmt-MQ3-CatC-Inst,MQ3,Telangana,"Kamineni (KAMSRC), Hyderabad",PAEDIATRICS,"₹69,00,000*",Info not available*,1*,"₹20,00,000*",650,-,-,-,-,-,1832(1),-,-,2262(1),-,-,-
TELMgmt-MQ3-CatC-Inst,MQ3,Telangana,"Kamineni IMS, Narketpally",OBG,"₹69,00,000*",Info not available*,1*,"₹20,00,000*",1060,-,-,-,-,-,2439(1),-,-,2278(1),-,-,-
TELMgmt-MQ2-CatC-NRI,MQ2,Telangana,"Surabhi InstituteofMS,Siddipet",OBG,"₹72,00,000*",Info not available*,1*,"₹20,00,000*",-,-,1732(1),1809(1),1809(1),1809(1),1809(1),-,2282(1),2282(1),-,-,-
TELMgmt-MQ2-CatC-NRI,MQ2,Telangana,"Mamata AcadofMedSci,Bachupally",ORTHOPAEDICS,"₹69,00,000*",Info not available*,1*,"₹20,00,000*",-,-,-,-,-,-,-,-,2288(2),2288(2),-,-,-
TELMgmt-MQ1-CatB-All,MQ1,Telangana,"Mahavir Inst of MS, Vikarabad",ANATOMY,"₹1,70,000*",Info not available*,1*,"₹20,00,000*",700,-,-,-,-,-,-,-,2300(1),2300(1),-,-,-
TELMgmt-MQ3-CatC-Inst,MQ3,Telangana,"SVS Med Coll, Mehboobnagar",ENT,"₹72,00,000*",Info not available*,1*,"₹20,00,000*",760,-,-,-,-,-,-,-,-,2305(1),-,-,-
TELMgmt-MQ2-CatC-NRI,MQ2,Telangana,"MNR Med Coll, Sangareddy",TBRD,"₹69,00,000*",Info not available*,1*,"₹20,00,000*",760,-,-,-,-,-,-,-,2311(1),2311(1),-,-,-
TELMgmt-MQ3-CatC-Inst,MQ3,Telangana,"Prathima IMS, Karimnagar",GENERAL MEDICINE,"₹69,00,000*",Info not available*,1*,"₹20,00,000*",1060,-,-,-,-,-,2527(2),-,-,2312(2),-,-,-
TELMgmt-MQ3-CatC-Inst,MQ3,Telangana,"MNR Med Coll, Sangareddy",EMERGENCY MEDICINE,"₹69,00,000*",Info not available*,1*,"₹20,00,000*",760,-,-,-,-,-,-,-,-,2314(1),-,-,-
TELMgmt-MQ1-CatB-All,MQ1-MSM,Telangana,"Shadan IMSRC, Peerancheru",PHARMACOLOGY,"₹5,30,000*",Info not available*,1*,"₹20,00,000*",800,-,-,-,-,-,-,-,-,2317(1),-,-,-
TELMgmt-MQ1-CatB-All,MQ1,Telangana,"Kamineni (KAMSRC), Hyderabad",PHARMACOLOGY,"₹5,45,000*",Info not available*,1*,"₹20,00,000*",650,-,1872(1),2017(1),-,-,-,-,2541(1),2332(1),-,-,-
TELMgmt-MQ2-CatC-NRI,MQ2,Telangana,"CAIMS, Karimnagar",ENT,"₹72,00,000*",Info not available*,1*,"₹20,00,000*",1000,-,-,-,-,-,-,-,2333(1),2333(1),-,-,-
TELMgmt-MQ1-CatB-All,MQ1,Telangana,"CAIMS, Karimnagar",ANATOMY,"₹2,00,000*",Info not available*,1*,"₹20,00,000*",1000,1182(1),2355(1),-,-,-,-,-,2339(1),2339(1),-,-,-
TELMgmt-MQ2-CatC-NRI,MQ2,Telangana,"Dr Patnam MRInstofMS,Chevella",GENERAL MEDICINE,"₹69,00,000*",Info not available*,1*,"₹20,00,000*",-,-,1666(2),1699(2),1699(2),1699(2),1699(2),2031(1),1995(2),2356(2),-,-,-
TELMgmt-MQ2-CatC-NRI,MQ2,Telangana,"CAIMS, Karimnagar",PAEDIATRICS,"₹72,00,000*",Info not available*,1*,"₹20,00,000*",1000,-,1608(2),1885(2),1764(2),1764(2),1764(2),-,2023(1),2359(1),-,-,-
TELMgmt-MQ2-CatC-NRI,MQ2,Telangana,"Mamata Med Coll, Khammam",OPHTHALMOLOGY,"₹69,00,000*",Info not available*,1*,"₹20,00,000*",1080,-,-,-,-,-,-,-,2355(1),2361(1),-,-,-
TELMgmt-MQ2-CatC-NRI,MQ2,Telangana,"Prathima IMS, Karimnagar",OBG,"₹69,00,000*",Info not available*,1*,"₹20,00,000*",1060,-,1652(2),1652(2),1652(2),1652(2),1652(2),-,2120(2),2364(2),-,-,-
TELMgmt-MQ2-CatC-NRI,MQ2,Telangana,"MNR Med Coll, Sangareddy",OBG,"₹69,00,000*",Info not available*,1*,"₹20,00,000*",760,-,1569(1),1569(1),1569(1),1569(1),1569(1),-,2240(2),2365(2),-,-,-
TELMgmt-MQ2-CatC-NRI,MQ2,Telangana,"Prathima IMS, Karimnagar",OPHTHALMOLOGY,"₹69,00,000*",Info not available*,1*,"₹20,00,000*",1060,1118(1),1255(1),1255(1),1255(1),1255(1),1255(1),-,2323(1),2369(1),-,-,-
TELMgmt-MQ2-CatC-NRI,MQ2,Telangana,"Kamineni IMS, Narketpally",OBG,"₹69,00,000*",Info not available*,1*,"₹20,00,000*",1060,1178(1),1711(1),1711(1),1711(1),1711(1),1711(1),1796(1),2147(1),2373(1),-,-,-
TELMgmt-MQ2-CatC-NRI,MQ2,Telangana,"Mahavir Inst of MS, Vikarabad",GENERAL MEDICINE,"₹69,00,000*",Info not available*,1*,"₹20,00,000*",700,-,-,-,-,-,-,-,2096(1),2386(1),-,-,-
TELMgmt-MQ3-CatC-Inst,MQ3-MSM,Telangana,"DCMS, Hyderabad",RADIO DIAGNOSIS,"₹72,00,000*",Info not available*,1*,"₹20,00,000*",1400,-,-,-,-,-,-,-,-,2387(1),-,-,-
TELMgmt-MQ3-CatC-Inst,MQ3,Telangana,"Mamata Med Coll, Khammam",DERMATOLOGY,"₹69,00,000*",Info not available*,1*,"₹20,00,000*",1080,-,-,-,-,-,1159(1),-,-,2390(1),-,-,-
TELMgmt-MQ2-CatC-NRI,MQ2,Telangana,"Mamata AcadofMedSci,Bachupally",PSYCHIATRY,"₹69,00,000*",Info not available*,1*,"₹20,00,000*",-,-,-,-,-,-,-,-,2043(1),2393(1),-,-,-
TELMgmt-MQ3-CatC-Inst,MQ3,Telangana,"Mamata AcadofMedSci,Bachupally",ORTHOPAEDICS,"₹69,00,000*",Info not available*,1*,"₹20,00,000*",-,-,-,-,-,-,-,-,-,2400(1),-,-,-
TELMgmt-MQ3-CatC-Inst,MQ3,Telangana,"Bhaskar Med Coll, Yenkapally",OBG,"₹69,00,000*",Info not available*,1*,"₹20,00,000*",850,-,-,-,-,-,1678(1),-,-,2401(1),-,-,-
TELMgmt-MQ2-CatC-NRI,MQ2-MSM,Telangana,"Shadan IMSRC, Peerancheru",PAEDIATRICS,"₹72,00,000*",Info not available*,1*,"₹20,00,000*",800,-,-,-,-,-,-,-,2001(1),2405(1),-,-,-
TELMgmt-MQ3-CatC-Inst,MQ3,Telangana,"Prathima IMS, Karimnagar",GENERAL SURGERY,"₹69,00,000*",Info not available*,1*,"₹20,00,000*",1060,-,-,-,-,-,2532(2),-,-,2409(1),-,-,-
TELMgmt-MQ2-CatC-NRI,MQ2,Telangana,"CAIMS, Karimnagar",PATHOLOGY,"₹15,90,000*",Info not available*,1*,"₹20,00,000*",1000,-,2258(1),2258(1),2258(1),2258(1),2258(1),-,-,2422(1),-,-,-
TELMgmt-MQ3-CatC-Inst,MQ3,Telangana,"SVS Med Coll, Mehboobnagar",PATHOLOGY,"₹22,50,000*",Info not available*,1*,"₹20,00,000*",760,-,-,-,-,-,2171(1),-,-,2433(1),-,-,-
TELMgmt-MQ1-CatB-All,MQ1,Telangana,"Mediciti IMS, Ghanpur",MICROBIOLOGY,"₹5,30,000*",Info not available*,1*,"₹20,00,000*",720,-,-,-,-,-,-,-,2435(1),2435(1),-,-,-
TELMgmt-MQ3-CatC-Inst,MQ3,Telangana,"Mamata AcadofMedSci,Bachupally",OPHTHALMOLOGY,"₹69,00,000*",Info not available*,1*,"₹20,00,000*",-,-,-,-,-,-,-,-,-,2444(1),-,-,-
TELMgmt-MQ1-CatB-All,MQ1,Telangana,"CAIMS, Karimnagar",SPM,"₹5,30,000*",Info not available*,1*,"₹20,00,000*",1000,-,2075(1),2366(1),-,2256(1),-,-,2448(1),2448(1),-,-,-
TELMgmt-MQ3-CatC-Inst,MQ3,Telangana,"Surabhi InstituteofMS,Siddipet",OBG,"₹72,00,000*",Info not available*,1*,"₹20,00,000*",-,-,-,-,-,-,1965(1),-,-,2456(1),-,-,-
TELMgmt-MQ3-CatC-Inst,MQ3,Telangana,"Dr Patnam MRInstofMS,Chevella",OBG,"₹69,00,000*",Info not available*,1*,"₹20,00,000*",-,-,-,-,-,-,1671(1),-,-,2458(1),-,-,-
TELMgmt-MQ2-CatC-NRI,MQ2,Telangana,"CAIMS, Karimnagar",OPHTHALMOLOGY,"₹72,00,000*",Info not available*,1*,"₹20,00,000*",1000,-,-,-,-,-,-,1874(1),2264(1),2459(1),-,-,-
TELMgmt-MQ2-CatC-NRI,MQ2,Telangana,"Maheshwara Med Coll, Medak",ANAESTHESIOLOGY,"₹69,00,000*",Info not available*,1*,"₹20,00,000*",745,-,-,-,-,-,-,-,-,2475(1),-,-,-
TELMgmt-MQ3-CatC-Inst,MQ3,Telangana,"Kamineni IMS, Narketpally",ORTHOPAEDICS,"₹69,00,000*",Info not available*,1*,"₹20,00,000*",1060,-,-,-,-,-,2155(1),-,-,2476(1),-,-,-
TELMgmt-MQ3-CatC-Inst,MQ3,Telangana,"Mamata Med Coll, Khammam",TBRD,"₹69,00,000*",Info not available*,1*,"₹20,00,000*",1080,-,-,-,-,-,-,-,-,2483(1),-,-,-
TELMgmt-MQ2-CatC-NRI,MQ2,Telangana,"SVS Med Coll, Mehboobnagar",GENERAL SURGERY,"₹72,00,000*",Info not available*,1*,"₹20,00,000*",760,1153(2),1293(2),1293(2),1293(2),1293(2),1293(2),-,2490(2),2490(2),-,-,-
TELMgmt-MQ3-CatC-Inst,MQ3,Telangana,"MNR Med Coll, Sangareddy",DERMATOLOGY,"₹69,00,000*",Info not available*,1*,"₹20,00,000*",760,-,-,-,-,-,-,-,-,2495(1),-,-,-
TELMgmt-MQ1-CatB-All,MQ1-MSM,Telangana,"DCMS, Hyderabad",PHARMACOLOGY,"₹5,30,000*",Info not available*,1*,"₹20,00,000*",1400,-,-,-,-,-,-,-,2498(1),2498(1),-,-,-
TELMgmt-MQ2-CatC-NRI,MQ2,Telangana,"Mamata Med Coll, Khammam",GENERAL SURGERY,"₹69,00,000*",Info not available*,1*,"₹20,00,000*",1080,-,1673(1),1874(1),1874(1),1874(1),1874(1),-,2346(2),2500(2),-,-,-
TELMgmt-MQ3-CatC-Inst,MQ3,Telangana,"Prathima IMS, Karimnagar",OBG,"₹69,00,000*",Info not available*,1*,"₹20,00,000*",1060,-,-,-,-,-,2103(1),-,-,2503(1),-,-,-
TELMgmt-MQ3-CatC-Inst,MQ3,Telangana,"Dr Patnam MRInstofMS,Chevella",PATHOLOGY,"₹15,90,000*",Info not available*,1*,"₹20,00,000*",-,-,-,-,-,-,-,-,-,2509(1),-,-,-
TELMgmt-MQ1-CatB-All,MQ1,Telangana,"Kamineni (KAMSRC), Hyderabad",MICROBIOLOGY,"₹5,45,000*",Info not available*,1*,"₹20,00,000*",650,-,1751(1),1751(1),1751(1),1751(1),1751(1),1807(1),1263(1),2518(1),-,-,-
TELMgmt-MQ2-CatC-NRI,MQ2,Telangana,"RVM IMSRC, Siddipet",PSYCHIATRY,"₹69,00,000*",Info not available*,1*,"₹20,00,000*",1110,-,-,-,-,-,-,-,2527(1),2527(1),-,-,-
TELMgmt-MQ3-CatC-Inst,MQ3,Telangana,"Apollo IMSR, Hyderabad",TBRD,"₹69,00,000*",Info not available*,1*,"₹20,00,000*",570,-,-,-,-,-,-,-,-,2528(1),-,-,-
TELMgmt-MQ2-CatC-NRI,MQ2,Telangana,"SVS Med Coll, Mehboobnagar",ORTHOPAEDICS,"₹72,00,000*",Info not available*,1*,"₹20,00,000*",760,1031(1),1753(2),1970(2),1970(2),1970(2),1970(2),-,2531(2),2531(1),-,2477(1),-
TELMgmt-MQ2-CatC-NRI,MQ2,Telangana,"Prathima IMS, Karimnagar",ORTHOPAEDICS,"₹69,00,000*",Info not available*,1*,"₹20,00,000*",1060,-,1994(2),2244(2),2420(2),2420(2),2420(2),-,2542(2),2542(1),-,2886(1),-
TELMgmt-MQ3-CatC-Inst,MQ3,Telangana,"Mamata AcadofMedSci,Bachupally",GENERAL SURGERY,"₹69,00,000*",Info not available*,1*,"₹20,00,000*",-,-,-,-,-,-,-,-,-,2547(2),-,-,-
TELMgmt-MQ3-CatC-Inst,MQ3,Telangana,"SVS Med Coll, Mehboobnagar",ANAESTHESIOLOGY,"₹72,00,000*",Info not available*,1*,"₹20,00,000*",760,-,-,-,-,-,2347(2),-,-,2548(1),-,-,-
TELMgmt-MQ3-CatC-Inst,MQ3,Telangana,"Kamineni (KAMSRC), Hyderabad",ANAESTHESIOLOGY,"₹69,00,000*",Info not available*,1*,"₹20,00,000*",650,-,-,-,-,-,2197(1),-,-,2555(1),-,-,-
TELMgmt-MQ2-CatC-NRI,MQ2,Telangana,"Mamata AcadofMedSci,Bachupally",GENERAL SURGERY,"₹69,00,000*",Info not available*,1*,"₹20,00,000*",-,-,-,-,-,-,-,-,2077(2),2568(2),-,-,-
TELMgmt-MQ2-CatC-NRI,MQ2,Telangana,"Prathima IMS, Karimnagar",GENERAL SURGERY,"₹69,00,000*",Info not available*,1*,"₹20,00,000*",1060,-,1725(3),1725(3),1725(3),1725(3),1725(3),-,2678(3),2581(3),-,-,-
TELMgmt-MQ3-CatC-Inst,MQ3,Telangana,"Prathima IMS, Karimnagar",PAEDIATRICS,"₹69,00,000*",Info not available*,1*,"₹20,00,000*",1060,-,-,-,-,-,2307(1),-,-,2585(1),-,-,-
TELMgmt-MQ1-CatB-All,MQ1-MSM,Telangana,"Shadan IMSRC, Peerancheru",ANATOMY,"₹2,00,000*",Info not available*,1*,"₹20,00,000*",800,-,-,-,-,-,-,-,-,2588(1),-,-,-
TELMgmt-MQ3-CatC-Inst,MQ3,Telangana,"Surabhi InstituteofMS,Siddipet",GENERAL MEDICINE,"₹72,00,000*",Info not available*,1*,"₹20,00,000*",-,-,-,-,-,-,1814(1),-,-,2591(1),-,-,-
TELMgmt-MQ3-CatC-Inst,MQ3,Telangana,"Kamineni (KAMSRC), Hyderabad",PATHOLOGY,"₹16,35,000*",Info not available*,1*,"₹20,00,000*",650,-,-,-,-,-,-,-,-,2592(1),-,-,-
TELMgmt-MQ2-CatC-NRI,MQ2,Telangana,"Apollo IMSR, Hyderabad",ORTHOPAEDICS,"₹69,00,000*",Info not available*,1*,"₹20,00,000*",570,1221(1),1659(1),1822(1),1822(1),1822(1),1822(1),-,2133(1),2593(1),-,-,-
TELMgmt-MQ1-CatB-All,MQ1-MSM,Telangana,"DCMS, Hyderabad",SPM,"₹5,30,000*",Info not available*,1*,"₹20,00,000*",1400,-,-,-,-,-,-,-,2596(1),2596(1),-,-,-
TELMgmt-MQ2-CatC-NRI,MQ2,Telangana,"CAIMS, Karimnagar",GENERAL SURGERY,"₹72,00,000*",Info not available*,1*,"₹20,00,000*",1000,-,1763(2),1763(2),1763(2),1763(2),1763(2),-,2657(2),2599(2),-,-,-
TELMgmt-MQ3-CatC-Inst,MQ3,Telangana,"Kamineni (KAMSRC), Hyderabad",GENERAL MEDICINE,"₹69,00,000*",Info not available*,1*,"₹20,00,000*",650,-,-,-,-,-,1717(1),-,-,2600(1),-,-,-
TELMgmt-MQ3-CatC-Inst,MQ3,Telangana,"Mediciti IMS, Ghanpur",ANAESTHESIOLOGY,"₹69,00,000*",Info not available*,1*,"₹20,00,000*",720,-,-,-,-,-,2553(2),-,-,2602(2),-,-,-
TELMgmt-MQ3-CatC-Inst,MQ3,Telangana,"Surabhi InstituteofMS,Siddipet",PAEDIATRICS,"₹72,00,000*",Info not available*,1*,"₹20,00,000*",-,-,-,-,-,-,2200(1),-,-,2603(1),-,-,-
TELMgmt-MQ3-CatC-Inst,MQ3,Telangana,"Mamata AcadofMedSci,Bachupally",GENERAL MEDICINE,"₹69,00,000*",Info not available*,1*,"₹20,00,000*",-,-,-,-,-,-,-,-,-,2605(2),-,-,-
TELMgmt-MQ3-CatC-Inst,MQ3,Telangana,"Mamata Med Coll, Khammam",ENT,"₹69,00,000*",Info not available*,1*,"₹20,00,000*",1080,-,-,-,-,-,-,-,-,2606(1),-,-,-
TELMgmt-MQ3-CatC-Inst,MQ3,Telangana,"Maheshwara Med Coll, Medak",DERMATOLOGY,"₹69,00,000*",Info not available*,1*,"₹20,00,000*",745,-,-,-,-,-,-,-,-,2620(1),-,-,-
TELMgmt-MQ2-CatC-NRI,MQ2,Telangana,"Dr Patnam MRInstofMS,Chevella",PAEDIATRICS,"₹69,00,000*",Info not available*,1*,"₹20,00,000*",-,1281(1),1549(1),1954(1),1954(1),1954(1),1954(1),-,2159(1),2621(1),-,-,-
TELMgmt-MQ3-CatC-Inst,MQ3,Telangana,"Mahavir Inst of MS, Vikarabad",OBG,"₹69,00,000*",Info not available*,1*,"₹20,00,000*",700,-,-,-,-,-,-,-,-,2623(1),-,-,-
TELMgmt-MQ3-CatC-Inst,MQ3,Telangana,"Kamineni (KAMSRC), Hyderabad",TBRD,"₹69,00,000*",Info not available*,1*,"₹20,00,000*",650,-,-,-,-,-,1594(1),-,-,2627(1),-,-,-
TELMgmt-MQ1-CatB-All,MQ1,Telangana,"Kamineni IMS, Narketpally",MICROBIOLOGY,"₹5,45,000*",Info not available*,1*,"₹20,00,000*",1060,-,-,-,-,-,-,-,2801(1),2631(1),-,-,-
TELMgmt-MQ2-CatC-NRI,MQ2,Telangana,"CAIMS, Karimnagar",ORTHOPAEDICS,"₹72,00,000*",Info not available*,1*,"₹20,00,000*",1000,-,1933(1),1933(1),1933(1),1933(1),1933(1),-,2638(1),2638(1),-,-,-
TELMgmt-MQ3-CatC-Inst,MQ3,Telangana,"Mediciti IMS, Ghanpur",TBRD,"₹69,00,000*",Info not available*,1*,"₹20,00,000*",720,-,-,-,-,-,2050(1),-,-,2640(1),-,-,-
TELMgmt-MQ2-CatC-NRI,MQ2,Telangana,"RVM IMSRC, Siddipet",ENT,"₹69,00,000*",Info not available*,1*,"₹20,00,000*",1110,-,-,-,-,-,-,-,2558(1),2650(1),-,-,-
TELMgmt-MQ1-CatB-All,MQ1,Telangana,"Kamineni IMS, Narketpally",SPM,"₹5,45,000*",Info not available*,1*,"₹20,00,000*",1060,-,1738(1),2153(1),2153(1),2153(1),2153(1),1996(1),2743(1),2652(1),-,-,-
TELMgmt-MQ3-CatC-Inst,MQ3,Telangana,"Kamineni IMS, Narketpally",PAEDIATRICS,"₹69,00,000*",Info not available*,1*,"₹20,00,000*",1060,-,-,-,-,-,1984(1),-,-,2653(1),-,-,-
TELMgmt-MQ3-CatC-Inst,MQ3-MSM,Telangana,"DCMS, Hyderabad",GENERAL MEDICINE,"₹72,00,000*",Info not available*,1*,"₹20,00,000*",1400,-,-,-,-,-,-,-,-,2658(1),-,-,-
TELMgmt-MQ2-CatC-NRI,MQ2,Telangana,"MNR Med Coll, Sangareddy",PSYCHIATRY,"₹69,00,000*",Info not available*,1*,"₹20,00,000*",760,-,-,-,-,-,-,-,2665(1),2665(1),-,-,-
TELMgmt-MQ3-CatC-Inst,MQ3-MSM,Telangana,"DCMS, Hyderabad",ORTHOPAEDICS,"₹72,00,000*",Info not available*,1*,"₹20,00,000*",1400,-,-,-,-,-,-,-,-,2666(1),-,-,-
TELMgmt-MQ3-CatC-Inst,MQ3,Telangana,"MNR Med Coll, Sangareddy",GENERAL MEDICINE,"₹69,00,000*",Info not available*,1*,"₹20,00,000*",760,-,-,-,-,-,2463(1),-,-,2670(2),-,-,-
TELMgmt-MQ3-CatC-Inst,MQ3,Telangana,"Mamata Med Coll, Khammam",PSYCHIATRY,"₹69,00,000*",Info not available*,1*,"₹20,00,000*",1080,-,-,-,-,-,2435(1),-,-,2672(1),-,-,-
TELMgmt-MQ3-CatC-Inst,MQ3,Telangana,"Dr Patnam MRInstofMS,Chevella",PAEDIATRICS,"₹69,00,000*",Info not available*,1*,"₹20,00,000*",-,-,-,-,-,-,1786(1),-,-,2673(1),-,-,-
TELMgmt-MQ2-CatC-NRI,MQ2,Telangana,"Prathima IMS, Karimnagar",PAEDIATRICS,"₹69,00,000*",Info not available*,1*,"₹20,00,000*",1060,-,1605(2),1986(2),2053(2),2053(2),2053(2),-,2126(2),2677(2),2488(1),-,-
TELMgmt-MQ1-CatB-All,MQ1,Telangana,"RVM IMSRC, Siddipet",MICROBIOLOGY,"₹5,30,000*",Info not available*,1*,"₹20,00,000*",1110,-,-,-,-,-,-,-,2679(1),2679(1),-,-,-
TELMgmt-MQ3-CatC-Inst,MQ3,Telangana,"Kamineni (KAMSRC), Hyderabad",EMERGENCY MEDICINE,"₹69,00,000*",Info not available*,1*,"₹20,00,000*",650,-,-,-,-,-,-,-,-,2680(1),-,-,-
TELMgmt-MQ2-CatC-NRI,MQ2,Telangana,"Mediciti IMS, Ghanpur",ANAESTHESIOLOGY,"₹69,00,000*",Info not available*,1*,"₹20,00,000*",720,-,2048(2),2442(2),2490(2),2490(2),2490(2),-,2185(1),2690(2),-,-,-
TELMgmt-MQ3-CatC-Inst,MQ3,Telangana,"Mediciti IMS, Ghanpur",OBG,"₹69,00,000*",Info not available*,1*,"₹20,00,000*",720,-,-,-,-,-,2231(1),-,-,2692(1),-,-,-
TELMgmt-MQ2-CatC-NRI,MQ2,Telangana,"Kamineni IMS, Narketpally",GENERAL SURGERY,"₹69,00,000*",Info not available*,1*,"₹20,00,000*",1060,-,1860(2),1930(2),2152(2),2152(2),2152(2),-,2457(2),2701(2),2293(1),-,-
TELMgmt-MQ2-CatC-NRI,MQ2,Telangana,"Kamineni IMS, Narketpally",PAEDIATRICS,"₹69,00,000*",Info not available*,1*,"₹20,00,000*",1060,-,1529(1),1947(1),1755(1),1755(1),1755(1),-,2206(1),2706(1),-,-,-
TELMgmt-MQ3-CatC-Inst,MQ3-MSM,Telangana,"Shadan IMSRC, Peerancheru",GENERAL MEDICINE,"₹72,00,000*",Info not available*,1*,"₹20,00,000*",800,-,-,-,-,-,-,-,-,2707(1),-,-,-
TELMgmt-MQ3-CatC-Inst,MQ3,Telangana,"Mediciti IMS, Ghanpur",RADIO DIAGNOSIS,"₹69,00,000*",Info not available*,1*,"₹20,00,000*",720,-,-,-,-,-,2392(1),-,-,2713(1),-,-,-
TELMgmt-MQ3-CatC-Inst,MQ3,Telangana,"RVM IMSRC, Siddipet",OPHTHALMOLOGY,"₹69,00,000*",Info not available*,1*,"₹20,00,000*",1110,-,-,-,-,-,-,-,-,2714(1),-,-,-
TELMgmt-MQ2-CatC-NRI,MQ2,Telangana,"Mahavir Inst of MS, Vikarabad",PAEDIATRICS,"₹69,00,000*",Info not available*,1*,"₹20,00,000*",700,-,-,-,-,-,-,-,2255(1),2715(1),-,-,-
TELMgmt-MQ3-CatC-Inst,MQ3-MSM,Telangana,"DCMS, Hyderabad",PAEDIATRICS,"₹72,00,000*",Info not available*,1*,"₹20,00,000*",1400,-,-,-,-,-,1269(1),-,-,2717(1),-,-,-
TELMgmt-MQ3-CatC-Inst,MQ3,Telangana,"Bhaskar Med Coll, Yenkapally",GENERAL SURGERY,"₹69,00,000*",Info not available*,1*,"₹20,00,000*",850,-,-,-,-,-,2536(1),-,-,2719(1),-,-,-
TELMgmt-MQ3-CatC-Inst,MQ3,Telangana,"MNR Med Coll, Sangareddy",PAEDIATRICS,"₹69,00,000*",Info not available*,1*,"₹20,00,000*",760,-,-,-,-,-,-,-,-,2727(1),-,-,-
TELMgmt-MQ3-CatC-Inst,MQ3,Telangana,"Kamineni IMS, Narketpally",GENERAL MEDICINE,"₹69,00,000*",Info not available*,1*,"₹20,00,000*",1060,-,-,-,-,-,2096(1),-,-,2729(1),-,-,-
TELMgmt-MQ3-CatC-Inst,MQ3,Telangana,"Apollo IMSR, Hyderabad",OBG,"₹69,00,000*",Info not available*,1*,"₹20,00,000*",570,-,-,-,-,-,-,-,-,2730(1),-,-,-
TELMgmt-MQ1-CatB-All,MQ1,Telangana,"Dr Patnam MRInstofMS,Chevella",BIOCHEMISTRY,"₹1,70,000*",Info not available*,1*,"₹20,00,000*",-,-,-,-,-,-,-,-,-,2738(1),-,-,-
TELMgmt-MQ3-CatC-Inst,MQ3,Telangana,"Kamineni (KAMSRC), Hyderabad",RADIO DIAGNOSIS,"₹69,00,000*",Info not available*,1*,"₹20,00,000*",650,-,-,-,-,-,1917(1),-,-,2748(1),-,-,-
TELMgmt-MQ3-CatC-Inst,MQ3,Telangana,"Kamineni (KAMSRC), Hyderabad",ORTHOPAEDICS,"₹69,00,000*",Info not available*,1*,"₹20,00,000*",650,-,-,-,-,-,2496(1),-,-,2749(1),-,-,-
TELMgmt-MQ3-CatC-Inst,MQ3,Telangana,"SVS Med Coll, Mehboobnagar",GENERAL SURGERY,"₹72,00,000*",Info not available*,1*,"₹20,00,000*",760,-,-,-,-,-,2065(2),-,-,2754(1),-,-,-
TELMgmt-MQ3-CatC-Inst,MQ3,Telangana,"SVS Med Coll, Mehboobnagar",TBRD,"₹72,00,000*",Info not available*,1*,"₹20,00,000*",760,-,-,-,-,-,-,-,-,2756(1),-,-,-
TELMgmt-MQ2-CatC-NRI,MQ2,Telangana,"Kamineni (KAMSRC), Hyderabad",RADIATION ONCOLOGY,"₹69,00,000*",Info not available*,1*,"₹20,00,000*",650,-,-,-,-,-,-,-,2721(1),2764(1),-,-,-
TELMgmt-MQ3-CatC-Inst,MQ3,Telangana,"Dr Patnam MRInstofMS,Chevella",DERMATOLOGY,"₹69,00,000*",Info not available*,1*,"₹20,00,000*",-,-,-,-,-,-,1491(1),-,-,2765(1),-,-,-
TELMgmt-MQ2-CatC-NRI,MQ2,Telangana,"Maheshwara Med Coll, Medak",ENT,"₹69,00,000*",Info not available*,1*,"₹20,00,000*",745,-,-,-,-,-,-,-,2612(1),2769(1),-,-,-
TELMgmt-MQ2-CatC-NRI,MQ2,Telangana,"CAIMS, Karimnagar",ANAESTHESIOLOGY,"₹72,00,000*",Info not available*,1*,"₹20,00,000*",1000,-,2104(3),2373(3),2373(3),2373(3),2373(3),-,2718(1),2770(2),2452(1),-,-
TELMgmt-MQ3-CatC-Inst,MQ3,Telangana,"Mamata Med Coll, Khammam",GENERAL SURGERY,"₹69,00,000*",Info not available*,1*,"₹20,00,000*",1080,-,-,-,-,-,2249(1),-,-,2773(2),-,-,-
TELMgmt-MQ3-CatC-Inst,MQ3-MSM,Telangana,"DrVRK Womens MedColl,Aziznagar",TBRD,"₹69,00,000*",Info not available*,1*,"₹20,00,000*",500,-,-,-,-,-,-,-,-,2777(1),-,-,-
TELMgmt-MQ3-CatC-Inst,MQ3,Telangana,"MNR Med Coll, Sangareddy",OPHTHALMOLOGY,"₹69,00,000*",Info not available*,1*,"₹20,00,000*",760,-,-,-,-,-,-,-,-,2778(1),-,-,-
TELMgmt-MQ3-CatC-Inst,MQ3,Telangana,"Mamata Med Coll, Khammam",RADIO DIAGNOSIS,"₹69,00,000*",Info not available*,1*,"₹20,00,000*",1080,-,-,-,-,-,1839(1),-,-,2779(1),-,-,-
TELMgmt-MQ2-CatC-NRI,MQ2-MSM,Telangana,"DCMS, Hyderabad",OPHTHALMOLOGY,"₹72,00,000*",Info not available*,1*,"₹20,00,000*",1400,-,-,-,-,-,-,-,2781(1),2781(1),-,-,-
TELMgmt-MQ3-CatC-Inst,MQ3,Telangana,"Kamineni (KAMSRC), Hyderabad",OBG,"₹69,00,000*",Info not available*,1*,"₹20,00,000*",650,-,-,-,-,-,1588(1),-,-,2783(1),-,-,-
TELMgmt-MQ2-CatC-NRI,MQ2,Telangana,"Mediciti IMS, Ghanpur",ORTHOPAEDICS,"₹69,00,000*",Info not available*,1*,"₹20,00,000*",720,-,1867(2),2262(2),2262(2),2262(2),2262(2),-,2593(1),2784(1),-,-,-
TELMgmt-MQ1-CatB-All,MQ1,Telangana,"Prathima IMS, Karimnagar",BIOCHEMISTRY,"₹1,87,000*",Info not available*,1*,"₹20,00,000*",1060,-,-,-,-,-,-,-,2791(1),2791(1),-,-,-
TELMgmt-MQ2-CatC-NRI,MQ2,Telangana,"Dr Patnam MRInstofMS,Chevella",ANAESTHESIOLOGY,"₹69,00,000*",Info not available*,1*,"₹20,00,000*",-,-,2145(2),2488(2),2488(2),2488(2),2488(2),-,2792(1),2792(1),-,-,-
TELMgmt-MQ3-CatC-Inst,MQ3,Telangana,"MNR Med Coll, Sangareddy",TBRD,"₹69,00,000*",Info not available*,1*,"₹20,00,000*",760,-,-,-,-,-,2241(1),-,-,2798(1),-,-,-
TELMgmt-MQ3-CatC-Inst,MQ3,Telangana,"Maheshwara Med Coll, Medak",RADIO DIAGNOSIS,"₹69,00,000*",Info not available*,1*,"₹20,00,000*",745,-,-,-,-,-,-,-,-,2804(1),-,-,-
TELMgmt-MQ3-CatC-Inst,MQ3,Telangana,"Bhaskar Med Coll, Yenkapally",PAEDIATRICS,"₹69,00,000*",Info not available*,1*,"₹20,00,000*",850,-,-,-,-,-,-,-,-,2805(1),-,-,-
TELMgmt-MQ3-CatC-Inst,MQ3,Telangana,"Mamata Med Coll, Khammam",GENERAL MEDICINE,"₹69,00,000*",Info not available*,1*,"₹20,00,000*",1080,-,-,-,-,-,2286(1),-,-,2806(2),-,-,-
TELMgmt-MQ1-CatB-All,MQ1,Telangana,"Mamata Med Coll, Khammam",SPM,"₹6,60,000*",Info not available*,1*,"₹20,00,000*",1080,-,-,-,-,-,-,1523(1),2403(1),2808(1),-,-,-
TELMgmt-MQ3-CatC-Inst,MQ3,Telangana,"MNR Med Coll, Sangareddy",OBG,"₹69,00,000*",Info not available*,1*,"₹20,00,000*",760,-,-,-,-,-,2193(1),-,-,2817(1),-,-,-
TELMgmt-MQ3-CatC-Inst,MQ3,Telangana,"Surabhi InstituteofMS,Siddipet",DERMATOLOGY,"₹72,00,000*",Info not available*,1*,"₹20,00,000*",-,-,-,-,-,-,-,-,-,2819(1),-,-,-
TELMgmt-MQ1-CatB-All,MQ1,Telangana,"Mamata AcadofMedSci,Bachupally",SPM,"₹7,50,000*",Info not available*,1*,"₹20,00,000*",-,-,-,-,-,-,-,-,2374(1),2820(1),-,-,-
TELMgmt-MQ3-CatC-Inst,MQ3,Telangana,"Maheshwara Med Coll, Medak",PAEDIATRICS,"₹69,00,000*",Info not available*,1*,"₹20,00,000*",745,-,-,-,-,-,-,-,-,2821(1),-,-,-
TELMgmt-MQ3-CatC-Inst,MQ3,Telangana,"RVM IMSRC, Siddipet",GENERAL MEDICINE,"₹69,00,000*",Info not available*,1*,"₹20,00,000*",1110,-,-,-,-,-,1338(1),-,-,2824(1),-,-,-
TELMgmt-MQ1-CatB-All,MQ1,Telangana,"Mahavir Inst of MS, Vikarabad",PHARMACOLOGY,"₹5,30,000*",Info not available*,1*,"₹20,00,000*",700,-,-,-,-,-,-,-,-,2832(1),-,-,-
TELMgmt-MQ3-CatC-Inst,MQ3,Telangana,"MNR Med Coll, Sangareddy",ENT,"₹69,00,000*",Info not available*,1*,"₹20,00,000*",760,-,-,-,-,-,-,-,-,2833(1),-,-,-
TELMgmt-MQ3-CatC-Inst,MQ3,Telangana,"Mediciti IMS, Ghanpur",ORTHOPAEDICS,"₹69,00,000*",Info not available*,1*,"₹20,00,000*",720,-,-,-,-,-,2325(1),-,-,2837(1),-,-,-
TELMgmt-MQ3-CatC-Inst,MQ3,Telangana,"Mamata Med Coll, Khammam",PAEDIATRICS,"₹69,00,000*",Info not available*,1*,"₹20,00,000*",1080,-,-,-,-,-,1704(1),-,-,2838(1),-,-,-
TELMgmt-MQ2-CatC-NRI,MQ2,Telangana,"SVS Med Coll, Mehboobnagar",ANAESTHESIOLOGY,"₹72,00,000*",Info not available*,1*,"₹20,00,000*",760,1314(2),1534(2),1534(2),1534(2),1534(2),1534(2),-,2789(2),2840(2),-,-,-
TELMgmt-MQ3-CatC-Inst,MQ3,Telangana,"Surabhi InstituteofMS,Siddipet",ANAESTHESIOLOGY,"₹72,00,000*",Info not available*,1*,"₹20,00,000*",-,-,-,-,-,-,2384(1),-,-,2844(1),-,-,-
TELMgmt-MQ2-CatC-NRI,MQ2,Telangana,"Mamata AcadofMedSci,Bachupally",PATHOLOGY,"₹22,50,000*",Info not available*,1*,"₹20,00,000*",-,-,1769(1),2000(1),2000(1),2000(1),2000(1),1562(1),1562(1),2847(1),-,-,-
TELMgmt-MQ2-CatC-NRI,MQ2,Telangana,"Mamata AcadofMedSci,Bachupally",ANAESTHESIOLOGY,"₹69,00,000*",Info not available*,1*,"₹20,00,000*",-,-,-,-,-,-,-,-,2851(2),2851(2),-,-,-
TELMgmt-MQ3-CatC-Inst,MQ3,Telangana,"Dr Patnam MRInstofMS,Chevella",ANAESTHESIOLOGY,"₹69,00,000*",Info not available*,1*,"₹20,00,000*",-,-,-,-,-,-,2045(1),-,-,2852(1),-,-,-
TELMgmt-MQ1-CatB-All,MQ1,Telangana,"Prathima IMS, Karimnagar",ANATOMY,"₹1,87,000*",Info not available*,1*,"₹20,00,000*",1060,-,-,-,-,-,-,-,2853(1),2853(1),-,-,-
TELMgmt-MQ3-CatC-Inst,MQ3,Telangana,"RVM IMSRC, Siddipet",GENERAL SURGERY,"₹69,00,000*",Info not available*,1*,"₹20,00,000*",1110,-,-,-,-,-,-,-,-,2854(1),-,-,-
TELMgmt-MQ3-CatC-Inst,MQ3,Telangana,"Prathima IMS, Karimnagar",ORTHOPAEDICS,"₹69,00,000*",Info not available*,1*,"₹20,00,000*",1060,-,-,-,-,-,2233(1),-,-,2861(1),-,-,-
TELMgmt-MQ3-CatC-Inst,MQ3,Telangana,"Mamata Med Coll, Khammam",PATHOLOGY,"₹19,80,000*",Info not available*,1*,"₹20,00,000*",1080,-,-,-,-,-,-,-,-,2869(1),-,-,-
TELMgmt-MQ2-CatC-NRI,MQ2,Telangana,"Bhaskar Med Coll, Yenkapally",GENERAL SURGERY,"₹69,00,000*",Info not available*,1*,"₹20,00,000*",850,-,1677(1),1892(1),1892(1),1892(1),1892(1),-,2439(1),2871(1),-,-,-
TELMgmt-MQ3-CatC-Inst,MQ3,Telangana,"Dr Patnam MRInstofMS,Chevella",ORTHOPAEDICS,"₹69,00,000*",Info not available*,1*,"₹20,00,000*",-,-,-,-,-,-,2471(1),-,-,2872(1),-,-,-
TELMgmt-MQ3-CatC-Inst,MQ3,Telangana,"MNR Med Coll, Sangareddy",GENERAL SURGERY,"₹69,00,000*",Info not available*,1*,"₹20,00,000*",760,-,-,-,-,-,2357(1),-,-,2873(1),-,2959(1),-
TELMgmt-MQ3-CatC-Inst,MQ3,Telangana,"Prathima IMS, Karimnagar",RADIO DIAGNOSIS,"₹69,00,000*",Info not available*,1*,"₹20,00,000*",1060,-,-,-,-,-,1520(1),-,-,2887(1),-,-,-
TELMgmt-MQ2-CatC-NRI,MQ2,Telangana,"Prathima IMS, Karimnagar",ANAESTHESIOLOGY,"₹69,00,000*",Info not available*,1*,"₹20,00,000*",1060,-,2030(3),2434(3),2434(3),2434(3),2434(3),-,2889(3),2889(2),-,2892(1),-
TELMgmt-MQ3-CatC-Inst,MQ3,Telangana,"MNR Med Coll, Sangareddy",RADIO DIAGNOSIS,"₹69,00,000*",Info not available*,1*,"₹20,00,000*",760,-,-,-,-,-,1525(1),-,-,2891(1),-,-,-
TELMgmt-MQ1-CatB-All,MQ1,Telangana,"Mediciti IMS, Ghanpur",SPM,"₹5,30,000*",Info not available*,1*,"₹20,00,000*",720,-,-,-,-,-,-,-,2631(1),2896(1),-,3073(1),-
TELMgmt-MQ3-CatC-Inst,MQ3,Telangana,"MNR Med Coll, Sangareddy",ORTHOPAEDICS,"₹69,00,000*",Info not available*,1*,"₹20,00,000*",760,-,-,-,-,-,-,-,-,2905(1),-,-,-
TELMgmt-MQ3-CatC-Inst,MQ3,Telangana,"Mamata AcadofMedSci,Bachupally",PATHOLOGY,"₹22,50,000*",Info not available*,1*,"₹20,00,000*",-,-,-,-,-,-,2199(1),-,-,2907(1),-,-,-
TELMgmt-MQ3-CatC-Inst,MQ3,Telangana,"Bhaskar Med Coll, Yenkapally",ORTHOPAEDICS,"₹69,00,000*",Info not available*,1*,"₹20,00,000*",850,-,-,-,-,-,2430(1),-,-,2908(1),-,-,-
TELMgmt-MQ2-CatC-NRI,MQ2,Telangana,"RVM IMSRC, Siddipet",ORTHOPAEDICS,"₹69,00,000*",Info not available*,1*,"₹20,00,000*",1110,-,-,-,-,-,-,-,2661(1),2909(1),-,-,-
TELMgmt-MQ3-CatC-Inst,MQ3,Telangana,"Mamata AcadofMedSci,Bachupally",TBRD,"₹69,00,000*",Info not available*,1*,"₹20,00,000*",-,-,-,-,-,-,-,-,-,2910(1),-,-,-
TELMgmt-MQ3-CatC-Inst,MQ3,Telangana,"Dr Patnam MRInstofMS,Chevella",GENERAL SURGERY,"₹69,00,000*",Info not available*,1*,"₹20,00,000*",-,-,-,-,-,-,2513(1),-,-,2914(1),-,-,-
TELMgmt-MQ3-CatC-Inst,MQ3,Telangana,"Mahavir Inst of MS, Vikarabad",GENERAL SURGERY,"₹69,00,000*",Info not available*,1*,"₹20,00,000*",700,-,-,-,-,-,-,-,-,2915(1),-,-,-
TELMgmt-MQ2-CatC-NRI,MQ2,Telangana,"CAIMS, Karimnagar",SPM,"₹15,90,000*",Info not available*,1*,"₹20,00,000*",1000,-,-,-,-,-,-,-,2919(1),2919(1),-,-,-
TELMgmt-MQ3-CatC-Inst,MQ3-MSM,Telangana,"DCMS, Hyderabad",GENERAL SURGERY,"₹72,00,000*",Info not available*,1*,"₹20,00,000*",1400,-,-,-,-,-,2341(1),-,-,2920(1),-,-,-
TELMgmt-MQ1-CatB-All,MQ1,Telangana,"Dr Patnam MRInstofMS,Chevella",MICROBIOLOGY,"₹5,30,000*",Info not available*,1*,"₹20,00,000*",-,-,2213(1),-,-,-,-,-,1489(1),-,-,-,-
TELMgmt-MQ1-CatB-All,MQ1,Telangana,"Surabhi InstituteofMS,Siddipet",MICROBIOLOGY,"₹7,50,000*",Info not available*,1*,"₹20,00,000*",-,-,2492(1),-,-,-,-,-,1920(1),-,-,-,-
TELMgmt-MQ2-CatC-NRI,MQ2-MSM,Telangana,"DrVRK Womens MedColl,Aziznagar",PAEDIATRICS,"₹69,00,000*",Info not available*,1*,"₹20,00,000*",500,-,-,-,-,-,-,-,-,-,2162(1),-,-
TELMgmt-MQ1-CatB-All,MQ1,Telangana,"Mamata Med Coll, Khammam",PHARMACOLOGY,"₹6,60,000*",Info not available*,1*,"₹20,00,000*",1080,-,-,-,-,-,-,-,2349(1),-,-,-,-
TELMgmt-MQ1-CatB-All,MQ1,Telangana,"CAIMS, Karimnagar",PHARMACOLOGY,"₹5,30,000*",Info not available*,1*,"₹20,00,000*",1000,-,1726(1),2487(1),2487(1),2487(1),2487(1),-,2466(1),-,-,-,-
TELMgmt-MQ1-CatB-All,MQ1,Telangana,"Prathima IMS, Karimnagar",MICROBIOLOGY,"₹5,62,250*",Info not available*,1*,"₹20,00,000*",1060,-,2182(1),-,-,-,-,-,2518(1),-,-,-,-
TELMgmt-MQ2-CatC-NRI,MQ2,Telangana,"Mamata Med Coll, Khammam",PSYCHIATRY,"₹69,00,000*",Info not available*,1*,"₹20,00,000*",1080,-,-,-,-,-,-,-,2202(1),-,2529(1),-,-
TELMgmt-MQ2-CatC-NRI,MQ2,Telangana,"Kamineni (KAMSRC), Hyderabad",ANAESTHESIOLOGY,"₹69,00,000*",Info not available*,1*,"₹20,00,000*",650,-,2129(1),2129(1),2129(1),2129(1),2129(1),-,2625(1),-,-,2496(1),-
TELMgmt-MQ2-CatC-NRI,MQ2,Telangana,"Mediciti IMS, Ghanpur",GENERAL SURGERY,"₹69,00,000*",Info not available*,1*,"₹20,00,000*",720,-,-,-,-,-,-,-,2609(1),-,-,2636(1),-
TELMgmt-MQ1-CatB-All,MQ1,Telangana,"MNR Med Coll, Sangareddy",SPM,"₹5,62,250*",Info not available*,1*,"₹20,00,000*",760,-,-,-,-,-,-,-,2671(1),-,-,-,-
TELMgmt-MQ3-CatC-Inst,MQ3,Telangana,"Bhaskar Med Coll, Yenkapally",DERMATOLOGY,"₹69,00,000*",Info not available*,1*,"₹20,00,000*",850,-,-,-,-,-,1403(1),-,-,-,-,2695(1),-
TELMgmt-MQ2-CatC-NRI,MQ2,Telangana,"MNR Med Coll, Sangareddy",GENERAL SURGERY,"₹69,00,000*",Info not available*,1*,"₹20,00,000*",760,-,1757(2),1921(2),2365(2),1757(2),1757(2),-,2697(3),-,2622(1),2688(2),-
TELMgmt-MQ1-CatB-All,MQ1,Telangana,"Mediciti IMS, Ghanpur",ANATOMY,"₹1,70,000*",Info not available*,1*,"₹20,00,000*",720,-,-,-,-,-,-,-,2702(1),-,-,-,-
TELMgmt-MQ2-CatC-NRI,MQ2,Telangana,"Dr Patnam MRInstofMS,Chevella",ORTHOPAEDICS,"₹69,00,000*",Info not available*,1*,"₹20,00,000*",-,-,1968(1),2121(1),1950(1),1950(1),1950(1),-,2703(1),-,-,2562(1),-
TELMgmt-MQ2-CatC-NRI,MQ2,Telangana,"Surabhi InstituteofMS,Siddipet",ORTHOPAEDICS,"₹72,00,000*",Info not available*,1*,"₹20,00,000*",-,-,-,-,-,-,-,-,2710(1),-,2635(1),-,-
TELMgmt-MQ1-CatB-All,MQ1,Telangana,"Mediciti IMS, Ghanpur",PHYSIOLOGY,"₹1,70,000*",Info not available*,1*,"₹20,00,000*",720,-,-,-,-,-,-,-,2732(1),-,-,-,-
TELMgmt-MQ1-CatB-All,MQ1,Telangana,"Kamineni IMS, Narketpally",BIOCHEMISTRY,"₹2,16,000*",Info not available*,1*,"₹20,00,000*",1060,-,-,-,-,-,-,-,2738(1),-,-,-,-
TELMgmt-MQ2-CatC-NRI,MQ2,Telangana,"Bhaskar Med Coll, Yenkapally",ORTHOPAEDICS,"₹69,00,000*",Info not available*,1*,"₹20,00,000*",850,-,1857(1),2059(1),2059(1),2059(1),2059(1),-,2201(1),-,2746(1),-,-
TELMgmt-MQ1-CatB-All,MQ1,Telangana,"Maheshwara Med Coll, Medak",SPM,"₹5,30,000*",Info not available*,1*,"₹20,00,000*",745,-,-,-,-,-,-,-,2750(1),-,-,-,2647(1)
TELMgmt-MQ1-CatB-All,MQ1,Telangana,"Mamata Med Coll, Khammam",MICROBIOLOGY,"₹6,60,000*",Info not available*,1*,"₹20,00,000*",1080,-,-,-,-,-,-,-,-,-,2759(1),-,-
TELMgmt-MQ2-CatC-NRI,MQ2,Telangana,"Dr Patnam MRInstofMS,Chevella",GENERAL SURGERY,"₹69,00,000*",Info not available*,1*,"₹20,00,000*",-,-,1820(1),2099(1),2344(1),2344(1),2344(1),-,2273(1),-,2793(1),-,-
TELMgmt-MQ1-CatB-All,MQ1,Telangana,"MNR Med Coll, Sangareddy",PHARMACOLOGY,"₹5,62,250*",Info not available*,1*,"₹20,00,000*",760,-,-,-,-,-,-,-,2832(1),-,-,-,-
TELMgmt-MQ2-CatC-NRI,MQ2,Telangana,"RVM IMSRC, Siddipet",PATHOLOGY,"₹15,90,000*",Info not available*,1*,"₹20,00,000*",1110,-,-,-,-,-,-,-,-,-,-,2846(1),-
TELMgmt-MQ1-CatB-All,MQ1,Telangana,"RVM IMSRC, Siddipet",SPM,"₹5,30,000*",Info not available*,1*,"₹20,00,000*",1110,-,2127(1),2127(1),2127(1),2127(1),2127(1),-,2880(1),-,-,-,-
TELMgmt-MQ3-CatC-Inst,MQ3,Telangana,"Bhaskar Med Coll, Yenkapally",TBRD,"₹69,00,000*",Info not available*,1*,"₹20,00,000*",850,-,-,-,-,-,-,-,-,-,-,2887(1),-
TELMgmt-MQ2-CatC-NRI,MQ2,Telangana,"Kamineni IMS, Narketpally",ORTHOPAEDICS,"₹69,00,000*",Info not available*,1*,"₹20,00,000*",1060,-,1787(1),1787(1),1787(1),1787(1),1787(1),-,2584(1),-,-,2888(1),-
TELMgmt-MQ2-CatC-NRI,MQ2,Telangana,"Mamata Med Coll, Khammam",ORTHOPAEDICS,"₹69,00,000*",Info not available*,1*,"₹20,00,000*",1080,-,1663(1),2184(1),2184(1),2184(1),2184(1),-,2265(1),-,-,2543(1),2896(1)
TELMgmt-MQ2-CatC-NRI,MQ2,Telangana,"DCMS, Hyderabad",PATHOLOGY,"₹15,90,000*",Info not available*,1*,"₹20,00,000*",1400,-,-,-,-,-,-,-,-,-,-,-,2897(1)
TELMgmt-MQ1-CatB-All,MQ1,Telangana,"Mediciti IMS, Ghanpur",PHARMACOLOGY,"₹5,30,000*",Info not available*,1*,"₹20,00,000*",720,-,-,-,-,-,-,-,2029(1),-,-,-,2900(1)
TELMgmt-MQ3-CatC-Inst,MQ3,Telangana,"Bhaskar Med Coll, Yenkapally",ANAESTHESIOLOGY,"₹69,00,000*",Info not available*,1*,"₹20,00,000*",850,-,-,-,-,-,2417(1),-,-,-,-,-,2905(1)
TELMgmt-MQ1-CatB-All,MQ1,Telangana,"Kamineni IMS, Narketpally",PHARMACOLOGY,"₹5,45,000*",Info not available*,1*,"₹20,00,000*",1060,-,2289(1),2528(1),2528(1),2528(1),2528(1),-,2913(1),-,-,-,-
TELMgmt-MQ2-CatC-NRI,MQ2,Telangana,"MNR Med Coll, Sangareddy",ORTHOPAEDICS,"₹69,00,000*",Info not available*,1*,"₹20,00,000*",760,-,1931(1),2319(1),2319(1),2319(1),2319(1),-,2699(1),-,-,2889(1),2914(1)
TELMgmt-MQ2-CatC-NRI,MQ2,Telangana,"Bhaskar Med Coll, Yenkapally",ANAESTHESIOLOGY,"₹69,00,000*",Info not available*,1*,"₹20,00,000*",850,-,2029(1),2246(1),2403(1),2403(1),2403(1),-,-,-,-,2916(1),-
TELMgmt-MQ2-CatC-NRI,MQ2-MSM,Telangana,"DCMS, Hyderabad",GENERAL SURGERY,"₹72,00,000*",Info not available*,1*,"₹20,00,000*",1400,-,2194(1),2125(1),2125(1),2125(1),2125(1),-,-,-,-,2920(1),-
TELMgmt-MQ2-CatC-NRI,MQ2,Telangana,"Kamineni IMS, Narketpally",ANAESTHESIOLOGY,"₹69,00,000*",Info not available*,1*,"₹20,00,000*",1060,-,2166(1),2437(1),2410(1),2410(1),2410(1),-,2709(1),-,-,2933(1),-
TELMgmt-MQ2-CatC-NRI,MQ2,Telangana,"Mamata Med Coll, Khammam",ANAESTHESIOLOGY,"₹69,00,000*",Info not available*,1*,"₹20,00,000*",1080,1162(1),1904(1),2260(1),2421(1),2421(1),2421(1),-,2545(1),-,-,2885(1),2941(1)
TELMgmt-MQ3-CatC-Inst,MQ3,Telangana,"Mediciti IMS, Ghanpur",GENERAL MEDICINE,"₹69,00,000*",Info not available*,1*,"₹20,00,000*",720,-,-,-,-,-,1578(1),-,-,-,-,2954(1),-
TELMgmt-MQ2-CatC-NRI,MQ2,Telangana,"Kamineni (KAMSRC), Hyderabad",IHBT,"₹69,00,000*",Info not available*,1*,"₹20,00,000*",650,-,-,-,-,-,-,-,2885(1),-,-,2955(1),-
TELMgmt-MQ1-CatB-All,MQ1,Telangana,"Maheshwara Med Coll, Medak",MICROBIOLOGY,"₹5,30,000*",Info not available*,1*,"₹20,00,000*",745,-,-,-,-,-,-,-,2283(1),-,-,2962(1),-
TELMgmt-MQ2-CatC-NRI,MQ2,Telangana,"Kamineni (KAMSRC), Hyderabad",SPM,"₹16,35,000*",Info not available*,1*,"₹20,00,000*",650,-,-,-,-,-,-,-,-,-,-,2990(1),-
TELMgmt-MQ3-CatC-Inst,MQ3,Telangana,"Surabhi InstituteofMS,Siddipet",BIOCHEMISTRY,"₹6,48,000*",Info not available*,1*,"₹20,00,000*",-,-,-,-,-,-,-,-,-,-,-,2992(1),-
TELMgmt-MQ1-CatB-All,MQ1,Telangana,"CAIMS, Karimnagar",MICROBIOLOGY,"₹5,30,000*",Info not available*,1*,"₹20,00,000*",1000,-,-,-,-,-,-,-,-,-,-,2996(1),-
TELMgmt-MQ1-CatB-All,MQ1,Telangana,"Mediciti IMS, Ghanpur",BIOCHEMISTRY,"₹1,70,000*",Info not available*,1*,"₹20,00,000*",720,-,-,-,-,-,-,-,-,-,-,2997(1),-
TELMgmt-MQ1-CatB-All,MQ1,Telangana,"MNR Med Coll, Sangareddy",MICROBIOLOGY,"₹5,62,250*",Info not available*,1*,"₹20,00,000*",760,-,-,-,-,-,-,-,2047(1),-,-,3000(1),-
TELMgmt-MQ1-CatB-All,MQ1-MSM,Telangana,"Shadan IMSRC, Peerancheru",PHYSIOLOGY,"₹2,00,000*",Info not available*,1*,"₹20,00,000*",800,-,-,-,-,-,-,-,-,-,-,3001(1),-
TELMgmt-MQ3-CatC-Inst,MQ3-MSM,Telangana,"DCMS, Hyderabad",ANAESTHESIOLOGY,"₹72,00,000*",Info not available*,1*,"₹20,00,000*",1400,-,-,-,-,-,-,-,-,-,-,3004(1),-
TELMgmt-MQ1-CatB-All,MQ1,Telangana,"CAIMS, Karimnagar",BIOCHEMISTRY,"₹2,00,000*",Info not available*,1*,"₹20,00,000*",1000,-,-,-,-,-,-,-,-,-,-,3007(1),-
TELMgmt-MQ2-CatC-NRI,MQ2-MSM,Telangana,"DCMS, Hyderabad",ANAESTHESIOLOGY,"₹72,00,000*",Info not available*,1*,"₹20,00,000*",1400,-,1821(1),1821(1),1821(1),1821(1),1821(1),-,-,-,-,-,3009(1)
TELMgmt-MQ2-CatC-NRI,MQ2,Telangana,"SVS Med Coll, Mehboobnagar",PATHOLOGY,"₹22,50,000*",Info not available*,1*,"₹20,00,000*",760,-,2151(2),2151(2),2151(2),2151(2),2151(2),-,-,-,-,3020(2),-
TELMgmt-MQ2-CatC-NRI,MQ2,Telangana,"Apollo IMSR, Hyderabad",MICROBIOLOGY,"₹15,90,000*",Info not available*,1*,"₹20,00,000*",570,-,-,-,-,-,-,-,2751(1),-,-,3025(1),-
TELMgmt-MQ2-CatC-NRI,MQ2,Telangana,"Kamineni IMS, Narketpally",PATHOLOGY,"₹16,35,000*",Info not available*,1*,"₹20,00,000*",1060,-,-,-,-,-,-,-,2847(1),-,-,3032(1),-
TELMgmt-MQ1-CatB-All,MQ1-MSM,Telangana,"DrVRK Womens MedColl,Aziznagar",PHYSIOLOGY,"₹1,70,000*",Info not available*,1*,"₹20,00,000*",500,-,-,-,-,-,-,-,-,-,-,3037(1),-
TELMgmt-MQ1-CatB-All,MQ1,Telangana,"Prathima IMS, Karimnagar",SPM,"₹5,62,250*",Info not available*,1*,"₹20,00,000*",1060,-,1875(1),2195(1),2195(1),2195(1),2195(1),-,2250(1),-,-,3045(1),-
TELMgmt-MQ3-CatC-Inst,MQ3,Telangana,"Bhaskar Med Coll, Yenkapally",GENERAL MEDICINE,"₹69,00,000*",Info not available*,1*,"₹20,00,000*",850,-,-,-,-,-,1433(1),-,-,-,-,3050(1),-
TELMgmt-MQ3-CatC-Inst,MQ3,Telangana,"Mahavir Inst of MS, Vikarabad",PATHOLOGY,"₹15,90,000*",Info not available*,1*,"₹20,00,000*",700,-,-,-,-,-,-,-,-,-,-,3057(1),-
TELMgmt-MQ3-CatC-Inst,MQ3,Telangana,"Surabhi InstituteofMS,Siddipet",GENERAL SURGERY,"₹72,00,000*",Info not available*,1*,"₹20,00,000*",-,-,-,-,-,-,2187(1),-,-,-,-,3061(1),-
TELMgmt-MQ1-CatB-All,MQ1,Telangana,"Mahavir Inst of MS, Vikarabad",FORENSIC MEDICINE,"₹5,30,000*",Info not available*,1*,"₹20,00,000*",700,-,-,-,-,-,-,1297(1),1297(1),-,-,3012(1),3075(1)
TELMgmt-MQ1-CatB-All,MQ1,Telangana,"Malla Reddy(Women), Hyderabad",RADIO DIAGNOSIS,-,-,-,-,1050,27(1),50(1),50(1),50(1),50(1),50(1),-,-,-,-,-,-
TELMgmt-MQ1-CatB-All,MQ1,Telangana,"Malla Reddy IMS, Hyderabad",RADIO DIAGNOSIS,-,-,-,-,940,14(4),37(4),52(4),52(4),52(4),52(4),-,-,-,-,-,-
TELMgmt-MQ1-CatB-All,MQ1,Telangana,"Malla Reddy IMS, Hyderabad",DERMATOLOGY,-,-,-,-,940,9(1),75(1),75(1),75(1),75(1),75(1),-,-,-,-,-,-
TELMgmt-MQ1-CatB-All,MQ1,Telangana,"Malla Reddy(Women), Hyderabad",DERMATOLOGY,-,-,-,-,1050,80(1),83(1),83(1),83(1),83(1),83(1),-,-,-,-,-,-
TELMgmt-MQ1-CatB-All,MQ1,Telangana,"Malla Reddy IMS, Hyderabad",GENERAL MEDICINE,-,-,-,-,940,65(6),85(6),106(6),106(6),106(6),106(6),-,-,-,-,-,-
TELMgmt-MQ1-CatB-All,MQ1,Telangana,"Kamineni IMS, Narketpally",DERMATOLOGY,"₹23,00,000*",Info not available*,1*,"₹20,00,000*",1060,125(1),133(1),133(1),133(1),133(1),133(1),-,-,-,-,-,-
TELMgmt-MQ1-CatB-All,MQ1,Telangana,"Kamineni (KAMSRC), Hyderabad",GENERAL MEDICINE,"₹23,00,000*",Info not available*,1*,"₹20,00,000*",650,85(2),119(2),140(2),140(2),140(2),140(2),-,-,-,-,-,-
TELMgmt-MQ1-CatB-All,MQ1,Telangana,"Mahavir Inst of MS, Vikarabad",DERMATOLOGY,"₹23,00,000*",Info not available*,1*,"₹20,00,000*",700,147(1),179(1),179(1),179(1),179(1),179(1),-,-,-,-,-,-
TELMgmt-MQ1-CatB-All,MQ1,Telangana,"Malla Reddy(Women), Hyderabad",GENERAL MEDICINE,-,-,-,-,1050,96(2),99(2),187(2),187(2),187(2),187(2),-,-,-,-,-,-
TELMgmt-MQ1-CatB-All,MQ1,Telangana,"Malla Reddy IMS, Hyderabad",PAEDIATRICS,-,-,-,-,940,169(4),185(4),229(4),229(4),229(4),229(4),-,-,-,-,-,-
TELMgmt-MQ1-CatB-All,MQ1,Telangana,"Malla Reddy IMS, Hyderabad",OBG,-,-,-,-,940,192(5),254(5),254(5),254(5),254(5),254(5),-,-,-,-,-,-
TELMgmt-MQ1-CatB-All,MQ1,Telangana,"Malla Reddy(Women), Hyderabad",PAEDIATRICS,-,-,-,-,1050,191(1),264(1),286(1),286(1),286(1),286(1),-,-,-,-,-,-
TELMgmt-MQ2-CatC-NRI,MQ2,Telangana,"Kamineni (KAMSRC), Hyderabad",DERMATOLOGY,"₹69,00,000*",Info not available*,1*,"₹20,00,000*",650,288(1),324(1),324(1),324(1),324(1),324(1),-,-,-,-,-,-
TELMgmt-MQ1-CatB-All,MQ1,Telangana,"Malla Reddy IMS, Hyderabad",ORTHOPAEDICS,-,-,-,-,940,244(1),387(1),387(1),387(1),387(1),387(1),-,-,-,-,-,-
TELMgmt-MQ1-CatB-All,MQ1,Telangana,"SVS Med Coll, Mehboobnagar",TBRD,"₹24,00,000*",Info not available*,1*,"₹20,00,000*",760,358(1),435(1),435(1),435(1),435(1),435(1),-,-,-,-,-,-
TELMgmt-MQ1-CatB-All,MQ1,Telangana,"Bhaskar Med Coll, Yenkapally",PAEDIATRICS,"₹23,00,000*",Info not available*,1*,"₹20,00,000*",850,249(1),304(1),448(1),425(1),425(1),425(1),-,-,-,-,-,-
TELMgmt-MQ1-CatB-All,MQ1,Telangana,"RVM IMSRC, Siddipet",PAEDIATRICS,"₹23,00,000*",Info not available*,1*,"₹20,00,000*",1110,258(1),307(1),454(1),454(1),454(1),454(1),-,-,-,-,-,-
TELMgmt-MQ1-CatB-All,MQ1,Telangana,"Malla Reddy IMS, Hyderabad",TBRD,-,-,-,-,940,363(1),391(1),488(1),488(1),488(1),488(1),-,-,-,-,-,-
TELMgmt-MQ1-CatB-All,MQ1,Telangana,"Apollo IMSR, Hyderabad",TBRD,"₹23,00,000*",Info not available*,1*,"₹20,00,000*",570,181(1),360(1),505(1),505(1),505(1),505(1),-,-,-,-,-,-
TELMgmt-MQ1-CatB-All,MQ1,Telangana,"Malla Reddy(Women), Hyderabad",TBRD,-,-,-,-,1050,406(1),454(1),517(1),517(1),517(1),517(1),-,-,-,-,-,-
TELMgmt-MQ1-CatB-All,MQ1,Telangana,"Malla Reddy IMS, Hyderabad",OPHTHALMOLOGY,-,-,-,-,940,419(2),519(2),519(2),519(2),519(2),519(2),-,-,-,-,-,-
TELMgmt-MQ1-CatB-All,MQ1,Telangana,"CAIMS, Karimnagar",TBRD,"₹24,00,000*",Info not available*,1*,"₹20,00,000*",1000,353(1),459(1),528(1),528(1),528(1),528(1),-,-,-,-,-,-
TELMgmt-MQ1-CatB-All,MQ1,Telangana,"Prathima IMS, Karimnagar",TBRD,"₹23,00,000*",Info not available*,1*,"₹20,00,000*",1060,332(1),405(1),538(1),538(1),538(1),538(1),-,-,-,-,-,-
TELMgmt-MQ1-CatB-All,MQ1,Telangana,"Kamineni IMS, Narketpally",OPHTHALMOLOGY,"₹23,00,000*",Info not available*,1*,"₹20,00,000*",1060,437(1),562(1),562(1),562(1),562(1),562(1),-,-,-,-,-,-
TELMgmt-MQ1-CatB-All,MQ1,Telangana,"Mahavir Inst of MS, Vikarabad",PAEDIATRICS,"₹23,00,000*",Info not available*,1*,"₹20,00,000*",700,268(1),317(1),406(1),568(1),568(1),568(1),-,-,-,-,-,-
TELMgmt-MQ1-CatB-All,MQ1,Telangana,"Malla Reddy IMS, Hyderabad",GENERAL SURGERY,-,-,-,-,940,386(6),472(6),579(6),579(6),579(6),579(6),-,-,-,-,-,-
TELMgmt-MQ1-CatB-All,MQ1,Telangana,"Malla Reddy IMS, Hyderabad",ENT,-,-,-,-,940,506(2),583(2),583(2),583(2),583(2),583(2),-,-,-,-,-,-
TELMgmt-MQ1-CatB-All,MQ1,Telangana,"Malla Reddy(Women), Hyderabad",OPHTHALMOLOGY,-,-,-,-,1050,410(1),599(1),599(1),599(1),599(1),599(1),-,-,-,-,-,-
TELMgmt-MQ1-CatB-All,MQ1,Telangana,"Bhaskar Med Coll, Yenkapally",TBRD,"₹23,00,000*",Info not available*,1*,"₹20,00,000*",850,424(1),488(1),604(1),627(1),627(1),627(1),-,-,-,-,-,-
TELMgmt-MQ1-CatB-All,MQ1,Telangana,"Kamineni IMS, Narketpally",TBRD,"₹23,00,000*",Info not available*,1*,"₹20,00,000*",1060,391(1),517(1),629(1),629(1),629(1),629(1),-,-,-,-,-,-
TELMgmt-MQ1-CatB-All,MQ1,Telangana,"Malla Reddy(Women), Hyderabad",GENERAL SURGERY,-,-,-,-,1050,448(1),498(1),633(1),633(1),633(1),633(1),-,-,-,-,-,-
TELMgmt-MQ1-CatB-All,MQ1-MSM,Telangana,"DrVRK Womens MedColl,Aziznagar",TBRD,"₹23,00,000*",Info not available*,1*,"₹20,00,000*",500,691(1),772(1),772(1),772(1),772(1),772(1),-,-,-,-,-,-
TELMgmt-MQ1-CatB-All,MQ1,Telangana,"Kamineni (KAMSRC), Hyderabad",RADIATION ONCOLOGY,"₹23,00,000*",Info not available*,1*,"₹20,00,000*",650,722(1),806(1),806(1),806(1),806(1),806(1),-,-,-,-,-,-
TELMgmt-MQ3-CatC-Inst,MQ3,Telangana,"Apollo IMSR, Hyderabad",GENERAL SURGERY,"₹69,00,000*",Info not available*,1*,"₹20,00,000*",570,-,-,-,-,-,819(1),-,-,-,-,-,-
TELMgmt-MQ1-CatB-All,MQ1,Telangana,"RVM IMSRC, Siddipet",ORTHOPAEDICS,"₹23,00,000*",Info not available*,1*,"₹20,00,000*",1110,464(1),822(1),822(1),822(1),822(1),822(1),-,-,-,-,-,-
TELMgmt-MQ1-CatB-All,MQ1,Telangana,"Malla Reddy(Women), Hyderabad",ORTHOPAEDICS,-,-,-,-,1050,347(1),515(1),830(1),830(1),830(1),830(1),-,-,-,-,-,-
TELMgmt-MQ1-CatB-All,MQ1,Telangana,"Bhaskar Med Coll, Yenkapally",PSYCHIATRY,"₹23,00,000*",Info not available*,1*,"₹20,00,000*",850,810(1),906(1),906(1),906(1),906(1),906(1),-,-,-,-,-,-
TELMgmt-MQ1-CatB-All,MQ1,Telangana,"SVS Med Coll, Mehboobnagar",ENT,"₹24,00,000*",Info not available*,1*,"₹20,00,000*",760,684(1),765(1),941(1),941(1),941(1),941(1),-,-,-,-,-,-
TELMgmt-MQ2-CatC-NRI,MQ2,Telangana,"SVS Med Coll, Mehboobnagar",TBRD,"₹72,00,000*",Info not available*,1*,"₹20,00,000*",760,847(1),947(1),947(1),947(1),947(1),947(1),-,-,-,-,-,-
TELMgmt-MQ1-CatB-All,MQ1,Telangana,"SVS Med Coll, Mehboobnagar",PSYCHIATRY,"₹24,00,000*",Info not available*,1*,"₹20,00,000*",760,771(1),981(1),981(1),981(1),981(1),981(1),-,-,-,-,-,-
TELMgmt-MQ1-CatB-All,MQ1,Telangana,"Mahavir Inst of MS, Vikarabad",GENERAL SURGERY,"₹23,00,000*",Info not available*,1*,"₹20,00,000*",700,565(1),633(1),982(1),982(1),982(1),982(1),-,-,-,-,-,-
TELMgmt-MQ2-CatC-NRI,MQ2,Telangana,"Malla Reddy IMS, Hyderabad",RADIO DIAGNOSIS,-,-,-,-,940,732(2),993(2),993(2),993(2),993(2),993(2),-,-,-,-,-,-
TELMgmt-MQ1-CatB-All,MQ1,Telangana,"Malla Reddy IMS, Hyderabad",PSYCHIATRY,-,-,-,-,940,840(1),1051(1),933(1),933(1),933(1),933(1),-,-,-,-,-,-
TELMgmt-MQ1-CatB-All,MQ1,Telangana,"Malla Reddy IMS, Hyderabad",ANAESTHESIOLOGY,-,-,-,-,940,713(6),803(6),1102(6),1102(6),1102(6),1102(6),-,-,-,-,-,-
TELMgmt-MQ1-CatB-All,MQ1,Telangana,"RVM IMSRC, Siddipet",OPHTHALMOLOGY,"₹23,00,000*",Info not available*,1*,"₹20,00,000*",1110,490(1),735(1),1103(1),1103(1),1103(1),1103(1),-,-,-,-,-,-
TELMgmt-MQ1-CatB-All,MQ1,Telangana,"Mediciti IMS, Ghanpur",OPHTHALMOLOGY,"₹23,00,000*",Info not available*,1*,"₹20,00,000*",720,481(1),714(1),1110(1),1110(1),1110(1),1110(1),-,-,-,-,-,-
TELMgmt-MQ1-CatB-All,MQ1,Telangana,"Malla Reddy(Women), Hyderabad",ANAESTHESIOLOGY,-,-,-,-,1050,750(2),854(2),1120(2),1120(2),1120(2),1120(2),-,-,-,-,-,-
TELMgmt-MQ1-CatB-All,MQ1,Telangana,"Malla Reddy IMS, Hyderabad",EMERGENCY MEDICINE,-,-,-,-,940,548(1),693(1),1132(1),1132(1),1132(1),1132(1),-,-,-,-,-,-
TELMgmt-MQ2-CatC-NRI,MQ2,Telangana,"Malla Reddy IMS, Hyderabad",GENERAL MEDICINE,-,-,-,-,940,996(4),1134(4),1134(4),1134(4),1134(4),1134(4),-,-,-,-,-,-
TELMgmt-MQ1-CatB-All,MQ1,Telangana,"Malla Reddy IMS, Hyderabad",PATHOLOGY,-,-,-,-,940,950(1),1069(1),1137(1),1137(1),1137(1),1137(1),-,-,-,-,-,-
TELMgmt-MQ1-CatB-All,MQ1,Telangana,"Kamineni (KAMSRC), Hyderabad",EMERGENCY MEDICINE,"₹23,00,000*",Info not available*,1*,"₹20,00,000*",650,521(1),551(1),1148(1),1148(1),1148(1),1148(1),-,-,-,-,-,-
TELMgmt-MQ3-CatC-Inst,MQ3,Telangana,"Apollo IMSR, Hyderabad",OPHTHALMOLOGY,"₹69,00,000*",Info not available*,1*,"₹20,00,000*",570,-,-,-,-,-,1149(1),-,-,-,-,-,-
TELMgmt-MQ2-CatC-NRI,MQ2,Telangana,"Malla Reddy IMS, Hyderabad",OBG,-,-,-,-,940,1024(2),1153(2),1153(2),1153(2),1153(2),1153(2),-,-,-,-,-,-
TELMgmt-MQ3-CatC-Inst,MQ3,Telangana,"Mahavir Inst of MS, Vikarabad",ORTHOPAEDICS,"₹69,00,000*",Info not available*,1*,"₹20,00,000*",700,-,-,-,-,-,1155(1),-,-,-,-,-,-
TELMgmt-MQ1-CatB-All,MQ1,Telangana,"CAIMS, Karimnagar",PSYCHIATRY,"₹24,00,000*",Info not available*,1*,"₹20,00,000*",1000,635(1),1055(1),1158(1),1158(1),1158(1),1158(1),-,-,-,-,-,-
TELMgmt-MQ1-CatB-All,MQ1,Telangana,"RVM IMSRC, Siddipet",ENT,"₹23,00,000*",Info not available*,1*,"₹20,00,000*",1110,694(1),796(1),1203(1),1203(1),1203(1),1203(1),-,-,-,-,-,-
TELMgmt-MQ2-CatC-NRI,MQ2,Telangana,"Kamineni (KAMSRC), Hyderabad",GENERAL MEDICINE,"₹69,00,000*",Info not available*,1*,"₹20,00,000*",650,1012(2),1215(2),1215(2),1215(2),1215(2),1215(2),-,-,-,-,-,-
TELMgmt-MQ1-CatB-All,MQ1,Telangana,"Mahavir Inst of MS, Vikarabad",PATHOLOGY,"₹5,30,000*",Info not available*,1*,"₹20,00,000*",700,1092(1),1224(1),1224(1),1224(1),1224(1),1224(1),-,-,-,-,-,-
TELMgmt-MQ2-CatC-NRI,MQ2-MSM,Telangana,"Shadan IMSRC, Peerancheru",OPHTHALMOLOGY,"₹72,00,000*",Info not available*,1*,"₹20,00,000*",800,1111(1),1247(1),1247(1),1247(1),1247(1),1247(1),-,-,-,-,-,-
TELMgmt-MQ1-CatB-All,MQ1,Telangana,"MNR Med Coll, Sangareddy",PSYCHIATRY,"₹23,00,000*",Info not available*,1*,"₹20,00,000*",760,873(1),1166(1),1259(1),1259(1),1259(1),1259(1),-,-,-,-,-,-
TELMgmt-MQ2-CatC-NRI,MQ2,Telangana,"Malla Reddy(Women), Hyderabad",RADIO DIAGNOSIS,-,-,-,-,1050,805(1),1261(1),1261(1),1261(1),1261(1),1261(1),-,-,-,-,-,-
TELMgmt-MQ2-CatC-NRI,MQ2,Telangana,"Malla Reddy(Women), Hyderabad",GENERAL MEDICINE,-,-,-,-,1050,1057(1),1283(1),1283(1),1283(1),1283(1),1283(1),-,-,-,-,-,-
TELMgmt-MQ2-CatC-NRI,MQ2,Telangana,"Bhaskar Med Coll, Yenkapally",PAEDIATRICS,"₹69,00,000*",Info not available*,1*,"₹20,00,000*",850,1146(1),1285(1),1285(1),1285(1),1285(1),1285(1),-,-,-,-,-,-
TELMgmt-MQ3-CatC-Inst,MQ3,Telangana,"SVS Med Coll, Mehboobnagar",PSYCHIATRY,"₹72,00,000*",Info not available*,1*,"₹20,00,000*",760,-,-,-,-,-,1298(1),-,-,-,-,-,-
TELMgmt-MQ3-CatC-Inst,MQ3,Telangana,"RVM IMSRC, Siddipet",ORTHOPAEDICS,"₹69,00,000*",Info not available*,1*,"₹20,00,000*",1110,-,-,-,-,-,1306(1),-,-,-,-,-,-
TELMgmt-MQ3-CatC-Inst,MQ3,Telangana,"RVM IMSRC, Siddipet",ANATOMY,"₹5,10,000*",Info not available*,1*,"₹20,00,000*",1110,-,-,-,-,-,1314(1),-,-,-,-,-,-
TELMgmt-MQ3-CatC-Inst,MQ3,Telangana,"Apollo IMSR, Hyderabad",ANAESTHESIOLOGY,"₹69,00,000*",Info not available*,1*,"₹20,00,000*",570,-,-,-,-,-,1317(1),-,-,-,-,-,-
TELMgmt-MQ2-CatC-NRI,MQ2,Telangana,"SVS Med Coll, Mehboobnagar",OPHTHALMOLOGY,"₹72,00,000*",Info not available*,1*,"₹20,00,000*",760,1191(1),1332(1),1332(1),1332(1),1332(1),1332(1),-,-,-,-,-,-
TELMgmt-MQ2-CatC-NRI,MQ2,Telangana,"Malla Reddy(Women), Hyderabad",OBG,-,-,-,-,1050,938(1),1340(1),1340(1),1340(1),1340(1),1340(1),-,-,-,-,-,-
TELMgmt-MQ1-CatB-All,MQ1,Telangana,"RVM IMSRC, Siddipet",PSYCHIATRY,"₹23,00,000*",Info not available*,1*,"₹20,00,000*",1110,885(1),1124(1),1341(1),1341(1),1341(1),1341(1),-,-,-,-,-,-
TELMgmt-MQ3-CatC-Inst,MQ3,Telangana,"DCMS, Hyderabad",RADIO DIAGNOSIS,"₹72,00,000*",Info not available*,1*,"₹20,00,000*",1400,-,-,-,-,-,1349(1),-,-,-,-,-,-
TELMgmt-MQ2-CatC-NRI,MQ2,Telangana,"Malla Reddy IMS, Hyderabad",PAEDIATRICS,-,-,-,-,940,735(2),1384(2),1384(2),1384(2),1384(2),1384(2),-,-,-,-,-,-
TELMgmt-MQ2-CatC-NRI,MQ2,Telangana,"Prathima IMS, Karimnagar",TBRD,"₹69,00,000*",Info not available*,1*,"₹20,00,000*",1060,1234(1),1388(1),1388(1),1388(1),1388(1),1388(1),-,-,-,-,-,-
TELMgmt-MQ2-CatC-NRI,MQ2,Telangana,"Malla Reddy IMS, Hyderabad",ORTHOPAEDICS,-,-,-,-,940,1239(1),1394(1),1394(1),1394(1),1394(1),1394(1),-,-,-,-,-,-
TELMgmt-MQ3-CatC-Inst,MQ3,Telangana,"CAIMS, Karimnagar",OPHTHALMOLOGY,"₹72,00,000*",Info not available*,1*,"₹20,00,000*",1000,-,-,-,-,-,1405(1),-,-,-,-,-,-
TELMgmt-MQ3-CatC-Inst,MQ3,Telangana,"Malla Reddy(Women), Hyderabad",PSYCHIATRY,-,-,-,-,1050,-,-,-,-,-,1407(1),-,-,-,-,-,-
TELMgmt-MQ3-CatC-Inst,MQ3,Telangana,"RVM IMSRC, Siddipet",TBRD,"₹69,00,000*",Info not available*,1*,"₹20,00,000*",1110,-,-,-,-,-,1411(1),-,-,-,-,-,-
TELMgmt-MQ3-CatC-Inst,MQ3-MSM,Telangana,"Shadan IMSRC, Peerancheru",DERMATOLOGY,"₹72,00,000*",Info not available*,1*,"₹20,00,000*",800,-,-,-,-,-,1413(1),-,-,-,-,-,-
TELMgmt-MQ3-CatC-Inst,MQ3-MSM,Telangana,"DCMS, Hyderabad",DERMATOLOGY,"₹72,00,000*",Info not available*,1*,"₹20,00,000*",1400,-,-,-,-,-,1415(1),-,-,-,-,-,-
TELMgmt-MQ2-CatC-NRI,MQ2,Telangana,"Apollo IMSR, Hyderabad",PAEDIATRICS,"₹69,00,000*",Info not available*,1*,"₹20,00,000*",570,1270(1),1430(1),1430(1),1430(1),1430(1),1430(1),-,-,-,-,-,-
TELMgmt-MQ3-CatC-Inst,MQ3,Telangana,"Malla Reddy IMS, Hyderabad",PATHOLOGY,-,-,-,-,940,-,-,-,-,-,1456(1),-,-,-,-,-,-
TELMgmt-MQ3-CatC-Inst,MQ3,Telangana,"Mediciti IMS, Ghanpur",PAEDIATRICS,"₹69,00,000*",Info not available*,1*,"₹20,00,000*",720,-,-,-,-,-,1496(1),-,-,-,-,-,-
TELMgmt-MQ3-CatC-Inst,MQ3,Telangana,"Dr Patnam MRInstofMS,Chevella",RADIO DIAGNOSIS,"₹69,00,000*",Info not available*,1*,"₹20,00,000*",-,-,-,-,-,-,1497(1),-,-,-,-,-,-
TELMgmt-MQ3-CatC-Inst,MQ3,Telangana,"Mediciti IMS, Ghanpur",OPHTHALMOLOGY,"₹69,00,000*",Info not available*,1*,"₹20,00,000*",720,-,-,-,-,-,1501(1),-,-,-,-,-,-
TELMgmt-MQ3-CatC-Inst,MQ3-MSM,Telangana,"DrVRK Womens MedColl,Aziznagar",OBG,"₹69,00,000*",Info not available*,1*,"₹20,00,000*",500,-,-,-,-,-,1509(1),-,-,-,-,-,-
TELMgmt-MQ3-CatC-Inst,MQ3,Telangana,"Mediciti IMS, Ghanpur",DERMATOLOGY,"₹69,00,000*",Info not available*,1*,"₹20,00,000*",720,-,-,-,-,-,1517(1),-,-,-,-,-,-
TELMgmt-MQ3-CatC-Inst,MQ3,Telangana,"CAIMS, Karimnagar",TBRD,"₹72,00,000*",Info not available*,1*,"₹20,00,000*",1000,-,-,-,-,-,1528(1),-,-,-,-,-,-
TELMgmt-MQ2-CatC-NRI,MQ2,Telangana,"Kamineni (KAMSRC), Hyderabad",PAEDIATRICS,"₹69,00,000*",Info not available*,1*,"₹20,00,000*",650,1301(1),1493(1),1529(1),1529(1),1529(1),1529(1),-,-,-,-,-,-
TELMgmt-MQ2-CatC-NRI,MQ2,Telangana,"Prathima IMS, Karimnagar",ENT,"₹69,00,000*",Info not available*,1*,"₹20,00,000*",1060,-,1532(1),1532(1),1532(1),1532(1),1532(1),-,-,-,-,-,-
TELMgmt-MQ1-CatB-All,MQ1,Telangana,"Prathima IMS, Karimnagar",PHYSIOLOGY,"₹1,87,000*",Info not available*,1*,"₹20,00,000*",1060,-,1533(1),1533(1),1533(1),1533(1),1533(1),-,-,-,-,-,-
TELMgmt-MQ2-CatC-NRI,MQ2,Telangana,"CAIMS, Karimnagar",MICROBIOLOGY,"₹15,90,000*",Info not available*,1*,"₹20,00,000*",1000,-,1536(1),1536(1),1536(1),1536(1),1536(1),-,-,-,-,-,-
TELMgmt-MQ2-CatC-NRI,MQ2,Telangana,"Malla Reddy(Women), Hyderabad",GENERAL SURGERY,-,-,-,-,1050,-,1567(1),1567(1),1567(1),1567(1),1567(1),-,-,-,-,-,-
TELMgmt-MQ2-CatC-NRI,MQ2,Telangana,"RVM IMSRC, Siddipet",GENERAL MEDICINE,"₹69,00,000*",Info not available*,1*,"₹20,00,000*",1110,-,1593(1),1593(1),1593(1),1593(1),1593(1),-,-,-,-,-,-
TELMgmt-MQ3-CatC-Inst,MQ3,Telangana,"RVM IMSRC, Siddipet",DERMATOLOGY,"₹69,00,000*",Info not available*,1*,"₹20,00,000*",1110,-,-,-,-,-,1611(1),-,-,-,-,-,-
TELMgmt-MQ3-CatC-Inst,MQ3,Telangana,"RVM IMSRC, Siddipet",RADIO DIAGNOSIS,"₹69,00,000*",Info not available*,1*,"₹20,00,000*",1110,-,-,-,-,-,1614(1),-,-,-,-,-,-
TELMgmt-MQ2-CatC-NRI,MQ2,Telangana,"Kamineni (KAMSRC), Hyderabad",PATHOLOGY,"₹16,35,000*",Info not available*,1*,"₹20,00,000*",650,1345(1),1621(1),1621(1),1621(1),1621(1),1621(1),-,-,-,-,-,-
TELMgmt-MQ3-CatC-Inst,MQ3,Telangana,"RVM IMSRC, Siddipet",PAEDIATRICS,"₹69,00,000*",Info not available*,1*,"₹20,00,000*",1110,-,-,-,-,-,1626(1),-,-,-,-,-,-
TELMgmt-MQ2-CatC-NRI,MQ2,Telangana,"Malla Reddy IMS, Hyderabad",GENERAL SURGERY,-,-,-,-,940,1351(3),1636(4),1636(4),1636(4),1636(4),1636(4),-,-,-,-,-,-
TELMgmt-MQ3-CatC-Inst,MQ3,Telangana,"Bhaskar Med Coll, Yenkapally",ENT,"₹69,00,000*",Info not available*,1*,"₹20,00,000*",850,-,-,-,-,-,1646(1),-,-,-,-,-,-
TELMgmt-MQ3-CatC-Inst,MQ3,Telangana,"CAIMS, Karimnagar",OBG,"₹72,00,000*",Info not available*,1*,"₹20,00,000*",1000,-,-,-,-,-,1655(1),-,-,-,-,-,-
TELMgmt-MQ1-CatB-All,MQ1-MSM,Telangana,"DCMS, Hyderabad",MICROBIOLOGY,"₹5,30,000*",Info not available*,1*,"₹20,00,000*",1400,-,1664(1),1664(1),1664(1),1664(1),1664(1),-,-,-,-,-,-
TELMgmt-MQ2-CatC-NRI,MQ2,Telangana,"Kamineni IMS, Narketpally",OPHTHALMOLOGY,"₹69,00,000*",Info not available*,1*,"₹20,00,000*",1060,1064(1),1675(1),1675(1),1675(1),1675(1),1675(1),-,-,-,-,-,-
TELMgmt-MQ2-CatC-NRI,MQ2,Telangana,"Dr Patnam MRInstofMS,Chevella",PSYCHIATRY,"₹69,00,000*",Info not available*,1*,"₹20,00,000*",-,-,1676(1),1676(1),1676(1),1676(1),1676(1),-,-,-,-,-,-
TELMgmt-MQ3-CatC-Inst,MQ3-MSM,Telangana,"DCMS, Hyderabad",PATHOLOGY,"₹15,90,000*",Info not available*,1*,"₹20,00,000*",1400,-,-,-,-,-,1679(1),-,-,-,-,-,-
TELMgmt-MQ1-CatB-All,MQ1,Telangana,"Malla Reddy IMS, Hyderabad",SPM,-,-,-,-,940,-,1685(1),1685(1),1685(1),1685(1),1685(1),-,-,-,-,-,-
TELMgmt-MQ2-CatC-NRI,MQ2,Telangana,"Malla Reddy IMS, Hyderabad",OPHTHALMOLOGY,-,-,-,-,940,-,1687(2),1687(2),1687(2),1687(2),1687(2),-,-,-,-,-,-
TELMgmt-MQ3-CatC-Inst,MQ3,Telangana,"Malla Reddy IMS, Hyderabad",OBG,-,-,-,-,940,-,-,-,-,-,1706(2),-,-,-,-,-,-
TELMgmt-MQ2-CatC-NRI,MQ2,Telangana,"RVM IMSRC, Siddipet",OPHTHALMOLOGY,"₹69,00,000*",Info not available*,1*,"₹20,00,000*",1110,-,1709(1),1709(1),1709(1),1709(1),1709(1),-,-,-,-,-,-
TELMgmt-MQ2-CatC-NRI,MQ2,Telangana,"Prathima IMS, Karimnagar",DERMATOLOGY,"₹69,00,000*",Info not available*,1*,"₹20,00,000*",1060,836(1),1514(1),1721(1),1721(1),1721(1),1721(1),-,-,-,-,-,-
TELMgmt-MQ3-CatC-Inst,MQ3,Telangana,"Malla Reddy IMS, Hyderabad",OPHTHALMOLOGY,-,-,-,-,940,-,-,-,-,-,1729(1),-,-,-,-,-,-
TELMgmt-MQ1-CatB-All,MQ1,Telangana,"Malla Reddy(Women), Hyderabad",EMERGENCY MEDICINE,-,-,-,-,1050,551(1),586(1),1197(1),1378(1),1735(1),1735(1),-,-,-,-,-,-
TELMgmt-MQ3-CatC-Inst,MQ3,Telangana,"Malla Reddy(Women), Hyderabad",EMERGENCY MEDICINE,-,-,-,-,1050,-,-,-,-,-,1772(1),-,-,-,-,-,-
TELMgmt-MQ3-CatC-Inst,MQ3,Telangana,"Mamata Med Coll, Khammam",OPHTHALMOLOGY,"₹69,00,000*",Info not available*,1*,"₹20,00,000*",1080,-,-,-,-,-,1791(1),-,-,-,-,-,-
TELMgmt-MQ3-CatC-Inst,MQ3,Telangana,"Malla Reddy IMS, Hyderabad",RADIO DIAGNOSIS,-,-,-,-,940,-,-,-,-,-,1794(2),-,-,-,-,-,-
TELMgmt-MQ2-CatC-NRI,MQ2,Telangana,"SVS Med Coll, Mehboobnagar",DERMATOLOGY,"₹72,00,000*",Info not available*,1*,"₹20,00,000*",760,795(1),1441(1),1803(1),1803(1),1803(1),1803(1),-,-,-,-,-,-
TELMgmt-MQ3-CatC-Inst,MQ3-MSM,Telangana,"Shadan IMSRC, Peerancheru",PAEDIATRICS,"₹72,00,000*",Info not available*,1*,"₹20,00,000*",800,-,-,-,-,-,1815(1),-,-,-,-,-,-
TELMgmt-MQ3-CatC-Inst,MQ3,Telangana,"Apollo IMSR, Hyderabad",DERMATOLOGY,"₹69,00,000*",Info not available*,1*,"₹20,00,000*",570,-,-,-,-,-,1825(1),-,-,-,-,-,-
TELMgmt-MQ1-CatB-All,MQ1,Telangana,"Mahavir Inst of MS, Vikarabad",BIOCHEMISTRY,"₹1,70,000*",Info not available*,1*,"₹20,00,000*",700,-,1844(1),1844(1),1844(1),1844(1),1844(1),-,-,-,-,-,-
TELMgmt-MQ2-CatC-NRI,MQ2,Telangana,"Kamineni (KAMSRC), Hyderabad",TBRD,"₹69,00,000*",Info not available*,1*,"₹20,00,000*",650,-,1537(1),1847(1),1847(1),1847(1),1847(1),-,-,-,-,-,-
TELMgmt-MQ1-CatB-All,MQ1,Telangana,"SVS Med Coll, Mehboobnagar",BIOCHEMISTRY,"₹1,80,000*",Info not available*,1*,"₹20,00,000*",760,-,1858(1),1858(1),1858(1),1858(1),1858(1),-,-,-,-,-,-
TELMgmt-MQ2-CatC-NRI,MQ2-MSM,Telangana,"DCMS, Hyderabad",ENT,"₹72,00,000*",Info not available*,1*,"₹20,00,000*",1400,-,1862(1),1862(1),1862(1),1862(1),1862(1),-,-,-,-,-,-
TELMgmt-MQ3-CatC-Inst,MQ3,Telangana,"MNR Med Coll, Sangareddy",PSYCHIATRY,"₹69,00,000*",Info not available*,1*,"₹20,00,000*",760,-,-,-,-,-,1866(1),-,-,-,-,-,-
TELMgmt-MQ2-CatC-NRI,MQ2,Telangana,"RVM IMSRC, Siddipet",GENERAL SURGERY,"₹69,00,000*",Info not available*,1*,"₹20,00,000*",1110,-,1737(1),1868(1),1868(1),1868(1),1868(1),-,-,-,-,-,-
TELMgmt-MQ2-CatC-NRI,MQ2,Telangana,"RVM IMSRC, Siddipet",OBG,"₹69,00,000*",Info not available*,1*,"₹20,00,000*",1110,-,1724(1),1869(1),1869(1),1869(1),1869(1),-,-,-,-,-,-
TELMgmt-MQ1-CatB-All,MQ1,Telangana,"Kamineni (KAMSRC), Hyderabad",IHBT,"₹23,00,000*",Info not available*,1*,"₹20,00,000*",650,957(1),1516(1),1872(1),1872(1),1872(1),1872(1),-,-,-,-,-,-
TELMgmt-MQ2-CatC-NRI,MQ2,Telangana,"Mediciti IMS, Ghanpur",TBRD,"₹69,00,000*",Info not available*,1*,"₹20,00,000*",720,-,1847(1),1880(1),1880(1),1880(1),1880(1),-,-,-,-,-,-
TELMgmt-MQ3-CatC-Inst,MQ3,Telangana,"Malla Reddy IMS, Hyderabad",SPM,-,-,-,-,940,-,-,-,-,-,1882(1),-,-,-,-,-,-
TELMgmt-MQ1-CatB-All,MQ1,Telangana,"Malla Reddy(Women), Hyderabad",RADIATION ONCOLOGY,-,-,-,-,1050,776(1),990(1),1175(1),1359(1),1887(1),1887(1),-,-,-,-,-,-
TELMgmt-MQ2-CatC-NRI,MQ2,Telangana,"Mediciti IMS, Ghanpur",PATHOLOGY,"₹15,90,000*",Info not available*,1*,"₹20,00,000*",720,-,1893(1),1893(1),1893(1),1893(1),1893(1),-,-,-,-,-,-
TELMgmt-MQ2-CatC-NRI,MQ2,Telangana,"Malla Reddy(Women), Hyderabad",RADIATION ONCOLOGY,-,-,-,-,1050,-,1901(1),1901(1),1901(1),1901(1),1901(1),-,-,-,-,-,-
TELMgmt-MQ3-CatC-Inst,MQ3,Telangana,"Kamineni IMS, Narketpally",TBRD,"₹69,00,000*",Info not available*,1*,"₹20,00,000*",1060,-,-,-,-,-,1906(1),-,-,-,-,-,-
TELMgmt-MQ2-CatC-NRI,MQ2,Telangana,"Mahavir Inst of MS, Vikarabad",OBG,"₹69,00,000*",Info not available*,1*,"₹20,00,000*",700,1294(1),1728(1),1911(1),1689(1),1689(1),1689(1),-,-,-,-,-,-
TELMgmt-MQ2-CatC-NRI,MQ2,Telangana,"Surabhi InstituteofMS,Siddipet",OPHTHALMOLOGY,"₹72,00,000*",Info not available*,1*,"₹20,00,000*",-,-,1785(1),1920(1),1920(1),1920(1),1920(1),-,-,-,-,-,-
TELMgmt-MQ3-CatC-Inst,MQ3,Telangana,"CAIMS, Karimnagar",PAEDIATRICS,"₹72,00,000*",Info not available*,1*,"₹20,00,000*",1000,-,-,-,-,-,1939(1),-,-,-,-,-,-
TELMgmt-MQ3-CatC-Inst,MQ3,Telangana,"Shadan IMSRC, Peerancheru",OBG,"₹72,00,000*",Info not available*,1*,"₹20,00,000*",800,-,-,-,-,-,1946(1),-,-,-,-,-,-
TELMgmt-MQ2-CatC-NRI,MQ2,Telangana,"DrVRK Womens MedColl,Aziznagar",ORTHOPAEDICS,"₹69,00,000*",Info not available*,1*,"₹20,00,000*",500,-,-,-,1948(1),1948(1),1948(1),-,-,-,-,-,-
TELMgmt-MQ2-CatC-NRI,MQ2,Telangana,"Prathima IMS, Karimnagar",PSYCHIATRY,"₹69,00,000*",Info not available*,1*,"₹20,00,000*",1060,-,1961(1),1961(1),1961(1),1961(1),1961(1),-,-,-,-,-,-
TELMgmt-MQ3-CatC-Inst,MQ3,Telangana,"Kamineni IMS, Narketpally",RADIO DIAGNOSIS,"₹69,00,000*",Info not available*,1*,"₹20,00,000*",1060,-,-,-,-,-,1968(1),-,-,-,-,-,-
TELMgmt-MQ1-CatB-All,MQ1-MSM,Telangana,"Shadan IMSRC, Peerancheru",BIOCHEMISTRY,"₹2,00,000*",Info not available*,1*,"₹20,00,000*",800,-,1985(1),-,-,-,-,-,-,-,-,-,-
TELMgmt-MQ3-CatC-Inst,MQ3,Telangana,"Malla Reddy IMS, Hyderabad",PAEDIATRICS,-,-,-,-,940,-,-,-,-,-,1990(2),-,-,-,-,-,-
TELMgmt-MQ3-CatC-Inst,MQ3,Telangana,"Surabhi InstituteofMS,Siddipet",RADIO DIAGNOSIS,"₹72,00,000*",Info not available*,1*,"₹20,00,000*",-,-,-,-,-,-,1991(1),-,-,-,-,-,-
TELMgmt-MQ2-CatC-NRI,MQ2-MSM,Telangana,"DrVRK Womens MedColl,Aziznagar",PHARMACOLOGY,"₹15,90,000*",Info not available*,1*,"₹20,00,000*",500,-,2005(1),2005(1),2005(1),2005(1),2005(1),-,-,-,-,-,-
TELMgmt-MQ2-CatC-NRI,MQ2,Telangana,"Malla Reddy IMS, Hyderabad",ANAESTHESIOLOGY,-,-,-,-,940,1197(1),2010(4),2010(4),2010(4),2010(4),2010(4),-,-,-,-,-,-
TELMgmt-MQ3-CatC-Inst,MQ3,Telangana,"Malla Reddy IMS, Hyderabad",EMERGENCY MEDICINE,-,-,-,-,940,-,-,-,-,-,2014(1),-,-,-,-,-,-
TELMgmt-MQ2-CatC-NRI,MQ2,Telangana,"CAIMS, Karimnagar",PSYCHIATRY,"₹72,00,000*",Info not available*,1*,"₹20,00,000*",1000,-,2020(1),2020(1),2020(1),2020(1),2020(1),-,-,-,-,-,-
TELMgmt-MQ2-CatC-NRI,MQ2,Telangana,"Malla Reddy IMS, Hyderabad",ENT,-,-,-,-,940,-,2022(1),2022(1),2022(1),2022(1),2022(1),-,-,-,-,-,-
TELMgmt-MQ2-CatC-NRI,MQ2,Telangana,"Surabhi InstituteofMS,Siddipet",PAEDIATRICS,"₹72,00,000*",Info not available*,1*,"₹20,00,000*",-,-,1708(1),2023(1),2023(1),2023(1),2023(1),-,-,-,-,-,-
TELMgmt-MQ1-CatB-All,MQ1,Telangana,"Malla Reddy IMS, Hyderabad",MICROBIOLOGY,-,-,-,-,940,-,2040(1),2040(1),2040(1),2040(1),2040(1),-,-,-,-,-,-
TELMgmt-MQ3-CatC-Inst,MQ3,Telangana,"Kamineni IMS, Narketpally",ENT,"₹69,00,000*",Info not available*,1*,"₹20,00,000*",1060,-,-,-,-,-,2057(1),-,-,-,-,-,-
TELMgmt-MQ3-CatC-Inst,MQ3,Telangana,"Kamineni IMS, Narketpally",EMERGENCY MEDICINE,"₹69,00,000*",Info not available*,1*,"₹20,00,000*",1060,-,-,-,-,-,2064(1),-,-,-,-,-,-
TELMgmt-MQ3-CatC-Inst,MQ3,Telangana,"Mediciti IMS, Ghanpur",PHARMACOLOGY,"₹15,90,000*",Info not available*,1*,"₹20,00,000*",720,-,-,-,-,-,2066(1),-,-,-,-,-,-
TELMgmt-MQ3-CatC-Inst,MQ3,Telangana,"CAIMS, Karimnagar",DERMATOLOGY,"₹72,00,000*",Info not available*,1*,"₹20,00,000*",1000,-,-,-,-,-,2073(1),-,-,-,-,-,-
TELMgmt-MQ1-CatB-All,MQ1-MSM,Telangana,"DCMS, Hyderabad",ANATOMY,"₹2,16,000*",Info not available*,1*,"₹20,00,000*",1400,-,-,-,2078(1),-,-,-,-,-,-,-,-
TELMgmt-MQ1-CatB-All,MQ1,Telangana,"Kamineni IMS, Narketpally",IHBT,"₹23,00,000*",Info not available*,1*,"₹20,00,000*",1060,1331(1),1561(1),1799(1),2080(1),2080(1),2080(1),-,-,-,-,-,-
TELMgmt-MQ1-CatB-All,MQ1-MSM,Telangana,"Shadan IMSRC, Peerancheru",MICROBIOLOGY,"₹5,30,000*",Info not available*,1*,"₹20,00,000*",800,-,2082(1),2082(1),2082(1),2082(1),2082(1),-,-,-,-,-,-
TELMgmt-MQ3-CatC-Inst,MQ3,Telangana,"Surabhi InstituteofMS,Siddipet",MICROBIOLOGY,"₹22,50,000*",Info not available*,1*,"₹20,00,000*",-,-,-,-,-,-,2086(1),-,-,-,-,-,-
TELMgmt-MQ1-CatB-All,MQ1,Telangana,"MNR Med Coll, Sangareddy",PHYSIOLOGY,"₹1,89,000*",Info not available*,1*,"₹20,00,000*",760,-,2086(1),-,-,-,-,-,-,-,-,-,-
TELMgmt-MQ3-CatC-Inst,MQ3-MSM,Telangana,"Shadan IMSRC, Peerancheru",RADIO DIAGNOSIS,"₹72,00,000*",Info not available*,1*,"₹20,00,000*",800,-,-,-,-,-,2088(1),-,-,-,-,-,-
TELMgmt-MQ3-CatC-Inst,MQ3,Telangana,"Shadan IMSRC, Peerancheru",ORTHOPAEDICS,"₹72,00,000*",Info not available*,1*,"₹20,00,000*",800,-,-,-,-,-,2090(1),-,-,-,-,-,-
TELMgmt-MQ3-CatC-Inst,MQ3,Telangana,"Prathima IMS, Karimnagar",OPHTHALMOLOGY,"₹69,00,000*",Info not available*,1*,"₹20,00,000*",1060,-,-,-,-,-,2108(1),-,-,-,-,-,-
TELMgmt-MQ2-CatC-NRI,MQ2,Telangana,"Bhaskar Med Coll, Yenkapally",TBRD,"₹69,00,000*",Info not available*,1*,"₹20,00,000*",850,-,1695(1),2038(1),2110(1),2110(1),2110(1),-,-,-,-,-,-
TELMgmt-MQ3-CatC-Inst,MQ3,Telangana,"Shadan IMSRC, Peerancheru",GENERAL MEDICINE,"₹72,00,000*",Info not available*,1*,"₹20,00,000*",800,-,-,-,-,-,2122(1),-,-,-,-,-,-
TELMgmt-MQ3-CatC-Inst,MQ3-MSM,Telangana,"DrVRK Womens MedColl,Aziznagar",PATHOLOGY,"₹15,90,000*",Info not available*,1*,"₹20,00,000*",500,-,-,-,-,-,2124(1),-,-,-,-,-,-
TELMgmt-MQ1-CatB-All,MQ1,Telangana,"Apollo IMSR, Hyderabad",MICROBIOLOGY,"₹5,30,000*",Info not available*,1*,"₹20,00,000*",570,1311(1),1977(1),2128(1),2128(1),2128(1),2128(1),-,-,-,-,-,-
TELMgmt-MQ1-CatB-All,MQ1,Telangana,"Mahavir Inst of MS, Vikarabad",MICROBIOLOGY,"₹5,30,000*",Info not available*,1*,"₹20,00,000*",700,-,2131(1),-,-,-,-,-,-,-,-,-,-
TELMgmt-MQ2-CatC-NRI,MQ2,Telangana,"DCMS, Hyderabad",DPM (Psychiatry),"₹72,00,000*",Info not available*,1*,"₹20,00,000*",1400,-,-,-,-,2135(1),2135(1),-,-,-,-,-,-
TELMgmt-MQ3-CatC-Inst,MQ3,Telangana,"Mediciti IMS, Ghanpur",SPM,"₹15,90,000*",Info not available*,1*,"₹20,00,000*",720,-,-,-,-,-,2140(1),-,-,-,-,-,-
TELMgmt-MQ3-CatC-Inst,MQ3,Telangana,"Malla Reddy IMS, Hyderabad",GENERAL MEDICINE,-,-,-,-,940,-,-,-,-,-,2143(2),-,-,-,-,-,-
TELMgmt-MQ3-CatC-Inst,MQ3,Telangana,"Surabhi InstituteofMS,Siddipet",ORTHOPAEDICS,"₹72,00,000*",Info not available*,1*,"₹20,00,000*",-,-,-,-,-,-,2144(1),-,-,-,-,-,-
TELMgmt-MQ3-CatC-Inst,MQ3,Telangana,"Dr Patnam MRInstofMS,Chevella",ENT,"₹69,00,000*",Info not available*,1*,"₹20,00,000*",-,-,-,-,-,-,2150(1),-,-,-,-,-,-
TELMgmt-MQ2-CatC-NRI,MQ2,Telangana,"Mediciti IMS, Ghanpur",ENT,"₹69,00,000*",Info not available*,1*,"₹20,00,000*",720,-,2035(1),1628(1),2161(1),2161(1),2161(1),-,-,-,-,-,-
TELMgmt-MQ2-CatC-NRI,MQ2,Telangana,"Apollo IMSR, Hyderabad",SPM,"₹15,90,000*",Info not available*,1*,"₹20,00,000*",570,-,2163(1),2163(1),2163(1),2163(1),2163(1),-,-,-,-,-,-
TELMgmt-MQ2-CatC-NRI,MQ2,Telangana,"Malla Reddy(Women), Hyderabad",ENT,-,-,-,-,1050,-,2111(1),2167(1),2167(1),2167(1),2167(1),-,-,-,-,-,-
TELMgmt-MQ1-CatB-All,MQ1,Telangana,"Malla Reddy(Women), Hyderabad",ANATOMY,-,-,-,-,1050,-,2178(1),-,-,-,-,-,-,-,-,-,-
TELMgmt-MQ2-CatC-NRI,MQ2,Telangana,"Malla Reddy(Women), Hyderabad",ANAESTHESIOLOGY,-,-,-,-,1050,-,2185(2),2185(2),2185(2),2185(2),2185(2),-,-,-,-,-,-
TELMgmt-MQ3-CatC-Inst,MQ3,Telangana,"Kamineni IMS, Narketpally",GENERAL SURGERY,"₹69,00,000*",Info not available*,1*,"₹20,00,000*",1060,-,-,-,-,-,2196(1),-,-,-,-,-,-
TELMgmt-MQ3-CatC-Inst,MQ3,Telangana,"DCMS, Hyderabad",ANAESTHESIOLOGY,"₹72,00,000*",Info not available*,1*,"₹20,00,000*",1400,-,-,-,-,-,2198(1),-,-,-,-,-,-
TELMgmt-MQ3-CatC-Inst,MQ3,Telangana,"Malla Reddy(Women), Hyderabad",GENERAL SURGERY,-,-,-,-,1050,-,-,-,-,-,2204(1),-,-,-,-,-,-
TELMgmt-MQ1-CatB-All,MQ1,Telangana,"Kamineni (KAMSRC), Hyderabad",PHYSIOLOGY,"₹2,16,000*",Info not available*,1*,"₹20,00,000*",650,-,2207(1),-,-,-,-,-,-,-,-,-,-
TELMgmt-MQ2-CatC-NRI,MQ2,Telangana,"Kamineni IMS, Narketpally",HOSPITAL ADMINISTRATION,"₹6,48,000*",Info not available*,1*,"₹20,00,000*",1060,-,2214(1),2214(1),2214(1),2214(1),2214(1),-,-,-,-,-,-
TELMgmt-MQ3-CatC-Inst,MQ3,Telangana,"Mahavir Inst of MS, Vikarabad",RADIO DIAGNOSIS,"₹69,00,000*",Info not available*,1*,"₹20,00,000*",700,-,-,-,-,-,2218(1),-,-,-,-,-,-
TELMgmt-MQ3-CatC-Inst,MQ3,Telangana,"Malla Reddy(Women), Hyderabad",GENERAL MEDICINE,-,-,-,-,1050,-,-,-,-,-,2220(1),-,-,-,-,-,-
TELMgmt-MQ2-CatC-NRI,MQ2,Telangana,"SVS Med Coll, Mehboobnagar",ENT,"₹72,00,000*",Info not available*,1*,"₹20,00,000*",760,-,1364(1),2222(1),2076(1),2076(1),2076(1),-,-,-,-,-,-
TELMgmt-MQ3-CatC-Inst,MQ3,Telangana,"Malla Reddy IMS, Hyderabad",ENT,-,-,-,-,940,-,-,-,-,-,2224(1),-,-,-,-,-,-
TELMgmt-MQ3-CatC-Inst,MQ3,Telangana,"CAIMS, Karimnagar",ENT,"₹72,00,000*",Info not available*,1*,"₹20,00,000*",1000,-,-,-,-,-,2229(1),-,-,-,-,-,-
TELMgmt-MQ2-CatC-NRI,MQ2,Telangana,"Apollo IMSR, Hyderabad",ENT,"₹69,00,000*",Info not available*,1*,"₹20,00,000*",570,-,2000(1),2137(1),2235(1),2235(1),2235(1),-,-,-,-,-,-
TELMgmt-MQ2-CatC-NRI,MQ2,Telangana,"DCMS, Hyderabad",TBRD,"₹72,00,000*",Info not available*,1*,"₹20,00,000*",1400,-,-,-,2236(1),2236(1),2236(1),-,-,-,-,-,-
TELMgmt-MQ3-CatC-Inst,MQ3,Telangana,"Mediciti IMS, Ghanpur",GENERAL SURGERY,"₹69,00,000*",Info not available*,1*,"₹20,00,000*",720,-,-,-,-,-,2252(1),-,-,-,-,-,-
TELMgmt-MQ3-CatC-Inst,MQ3,Telangana,"Shadan IMSRC, Peerancheru",ENT,"₹72,00,000*",Info not available*,1*,"₹20,00,000*",800,-,-,-,-,-,2255(1),-,-,-,-,-,-
TELMgmt-MQ3-CatC-Inst,MQ3,Telangana,"Surabhi InstituteofMS,Siddipet",PATHOLOGY,"₹22,50,000*",Info not available*,1*,"₹20,00,000*",-,-,-,-,-,-,2261(1),-,-,-,-,-,-
TELMgmt-MQ1-CatB-All,MQ1,Telangana,"Kamineni (KAMSRC), Hyderabad",BIOCHEMISTRY,"₹2,16,000*",Info not available*,1*,"₹20,00,000*",650,-,1940(1),2266(1),-,-,-,-,-,-,-,-,-
TELMgmt-MQ1-CatB-All,MQ1,Telangana,"Kamineni IMS, Narketpally",ANATOMY,"₹2,16,000*",Info not available*,1*,"₹20,00,000*",1060,-,-,2268(1),-,-,-,-,-,-,-,-,-
TELMgmt-MQ3-CatC-Inst,MQ3,Telangana,"Mahavir Inst of MS, Vikarabad",PHYSIOLOGY,"₹5,10,000*",Info not available*,1*,"₹20,00,000*",700,-,-,-,-,-,2268(1),-,-,-,-,-,-
TELMgmt-MQ3-CatC-Inst,MQ3,Telangana,"MNR Med Coll, Sangareddy",ANAESTHESIOLOGY,"₹69,00,000*",Info not available*,1*,"₹20,00,000*",760,-,-,-,-,-,2269(1),-,-,-,-,-,-
TELMgmt-MQ2-CatC-NRI,MQ2-MSM,Telangana,"Shadan IMSRC, Peerancheru",GENERAL SURGERY,"₹72,00,000*",Info not available*,1*,"₹20,00,000*",800,-,2074(1),2243(1),2271(1),2271(1),2271(1),-,-,-,-,-,-
TELMgmt-MQ1-CatB-All,MQ1-MSM,Telangana,"DCMS, Hyderabad",PHYSIOLOGY,"₹2,16,000*",Info not available*,1*,"₹20,00,000*",1400,-,2279(1),2279(1),2279(1),2279(1),2279(1),-,-,-,-,-,-
TELMgmt-MQ3-CatC-Inst,MQ3,Telangana,"CAIMS, Karimnagar",ORTHOPAEDICS,"₹72,00,000*",Info not available*,1*,"₹20,00,000*",1000,-,-,-,-,-,2300(1),-,-,-,-,-,-
TELMgmt-MQ2-CatC-NRI,MQ2,Telangana,"Malla Reddy IMS, Hyderabad",PATHOLOGY,-,-,-,-,940,1010(1),1137(1),-,-,2303(1),2303(1),-,-,-,-,-,-
TELMgmt-MQ3-CatC-Inst,MQ3,Telangana,"Dr Patnam MRInstofMS,Chevella",OPHTHALMOLOGY,"₹69,00,000*",Info not available*,1*,"₹20,00,000*",-,-,-,-,-,-,2309(1),-,-,-,-,-,-
TELMgmt-MQ2-CatC-NRI,MQ2,Telangana,"Surabhi InstituteofMS,Siddipet",ANAESTHESIOLOGY,"₹72,00,000*",Info not available*,1*,"₹20,00,000*",-,-,2215(1),2326(1),2326(1),2326(1),2326(1),-,-,-,-,-,-
TELMgmt-MQ3-CatC-Inst,MQ3,Telangana,"Kamineni (KAMSRC), Hyderabad",MICROBIOLOGY,"₹16,35,000*",Info not available*,1*,"₹20,00,000*",650,-,-,-,-,-,2331(1),-,-,-,-,-,-
TELMgmt-MQ3-CatC-Inst,MQ3,Telangana,"Mahavir Inst of MS, Vikarabad",GENERAL MEDICINE,"₹69,00,000*",Info not available*,1*,"₹20,00,000*",700,-,-,-,-,-,2333(1),-,-,-,-,-,-
TELMgmt-MQ1-CatB-All,MQ1,Telangana,"SVS Med Coll, Mehboobnagar",MICROBIOLOGY,"₹7,50,000*",Info not available*,1*,"₹20,00,000*",760,-,2051(1),-,2335(1),2335(1),2335(1),-,-,-,-,-,-
TELMgmt-MQ1-CatB-All,MQ1,Telangana,"Kamineni IMS, Narketpally",PHYSIOLOGY,"₹2,16,000*",Info not available*,1*,"₹20,00,000*",1060,-,2338(1),-,-,-,-,-,-,-,-,-,-
TELMgmt-MQ2-CatC-NRI,MQ2-MSM,Telangana,"DCMS, Hyderabad",ORTHOPAEDICS,"₹72,00,000*",Info not available*,1*,"₹20,00,000*",1400,-,2106(1),2343(1),2343(1),2343(1),2343(1),-,-,-,-,-,-
TELMgmt-MQ2-CatC-NRI,MQ2,Telangana,"Apollo IMSR, Hyderabad",EMERGENCY MEDICINE,"₹69,00,000*",Info not available*,1*,"₹20,00,000*",570,-,1808(1),2238(1),2345(1),2345(1),2345(1),-,-,-,-,-,-
TELMgmt-MQ1-CatB-All,MQ1,Telangana,"Malla Reddy(Women), Hyderabad",PHARMACOLOGY,-,-,-,-,1050,-,2006(2),2371(2),2371(2),2371(2),2371(2),-,-,-,-,-,-
TELMgmt-MQ3-CatC-Inst,MQ3,Telangana,"Malla Reddy IMS, Hyderabad",GENERAL SURGERY,-,-,-,-,940,-,-,-,-,-,2376(2),-,-,-,-,-,-
TELMgmt-MQ3-CatC-Inst,MQ3,Telangana,"Bhaskar Med Coll, Yenkapally",OPHTHALMOLOGY,"₹69,00,000*",Info not available*,1*,"₹20,00,000*",850,-,-,-,-,-,2383(1),-,-,-,-,-,-
TELMgmt-MQ3-CatC-Inst,MQ3-MSM,Telangana,"Shadan IMSRC, Peerancheru",PHARMACOLOGY,"₹15,90,000*",Info not available*,1*,"₹20,00,000*",800,-,-,-,-,-,2388(1),-,-,-,-,-,-
TELMgmt-MQ2-CatC-NRI,MQ2-MSM,Telangana,"DCMS, Hyderabad",PHARMACOLOGY,"₹15,90,000*",Info not available*,1*,"₹20,00,000*",1400,-,2389(1),-,-,-,-,-,-,-,-,-,-
TELMgmt-MQ3-CatC-Inst,MQ3,Telangana,"Mamata Med Coll, Khammam",BIOCHEMISTRY,"₹5,10,000*",Info not available*,1*,"₹20,00,000*",1080,-,-,-,-,-,2390(1),-,-,-,-,-,-
TELMgmt-MQ1-CatB-All,MQ1,Telangana,"Prathima IMS, Karimnagar",PHARMACOLOGY,"₹5,62,250*",Info not available*,1*,"₹20,00,000*",1060,-,1996(1),-,2391(1),-,-,-,-,-,-,-,-
TELMgmt-MQ3-CatC-Inst,MQ3,Telangana,"CAIMS, Karimnagar",PATHOLOGY,"₹15,90,000*",Info not available*,1*,"₹20,00,000*",1000,-,-,-,-,-,2395(1),-,-,-,-,-,-
TELMgmt-MQ3-CatC-Inst,MQ3,Telangana,"CAIMS, Karimnagar",GENERAL SURGERY,"₹72,00,000*",Info not available*,1*,"₹20,00,000*",1000,-,-,-,-,-,2397(1),-,-,-,-,-,-
TELMgmt-MQ2-CatC-NRI,MQ2-MSM,Telangana,"DCMS, Hyderabad",TBRD,"₹72,00,000*",Info not available*,1*,"₹20,00,000*",1400,-,1978(1),2399(1),-,-,-,-,-,-,-,-,-
TELMgmt-MQ3-CatC-Inst,MQ3,Telangana,"CAIMS, Karimnagar",ANAESTHESIOLOGY,"₹72,00,000*",Info not available*,1*,"₹20,00,000*",1000,-,-,-,-,-,2401(2),-,-,-,-,-,-
TELMgmt-MQ3-CatC-Inst,MQ3,Telangana,"Apollo IMSR, Hyderabad",PSYCHIATRY,"₹69,00,000*",Info not available*,1*,"₹20,00,000*",570,-,-,-,-,-,2404(1),-,-,-,-,-,-
TELMgmt-MQ3-CatC-Inst,MQ3,Telangana,"CAIMS, Karimnagar",RADIO DIAGNOSIS,"₹72,00,000*",Info not available*,1*,"₹20,00,000*",1000,-,-,-,-,-,2411(1),-,-,-,-,-,-
TELMgmt-MQ3-CatC-Inst,MQ3,Telangana,"Malla Reddy(Women), Hyderabad",PHARMACOLOGY,-,-,-,-,1050,-,-,-,-,-,2413(1),-,-,-,-,-,-
TELMgmt-MQ3-CatC-Inst,MQ3,Telangana,"Prathima IMS, Karimnagar",PATHOLOGY,"₹16,86,750*",Info not available*,1*,"₹20,00,000*",1060,-,-,-,-,-,2415(1),-,-,-,-,-,-
TELMgmt-MQ2-CatC-NRI,MQ2,Telangana,"Dr Patnam MRInstofMS,Chevella",PATHOLOGY,"₹15,90,000*",Info not available*,1*,"₹20,00,000*",-,-,2419(1),2419(1),2419(1),2419(1),2419(1),-,-,-,-,-,-
TELMgmt-MQ1-CatB-All,MQ1-MSM,Telangana,"DrVRK Womens MedColl,Aziznagar",BIOCHEMISTRY,"₹1,70,000*",Info not available*,1*,"₹20,00,000*",500,-,2425(1),2425(1),2425(1),2425(1),2425(1),-,-,-,-,-,-
TELMgmt-MQ2-CatC-NRI,MQ2,Telangana,"Mamata Med Coll, Khammam",PATHOLOGY,"₹19,80,000*",Info not available*,1*,"₹20,00,000*",1080,-,2225(1),2427(1),-,-,-,-,-,-,-,-,-
TELMgmt-MQ1-CatB-All,MQ1,Telangana,"Mamata Med Coll, Khammam",FORENSIC MEDICINE,"₹6,60,000*",Info not available*,1*,"₹20,00,000*",1080,-,1926(1),2263(1),2428(1),2304(1),2304(1),-,-,-,-,-,-
TELMgmt-MQ3-CatC-Inst,MQ3,Telangana,"Mahavir Inst of MS, Vikarabad",ANAESTHESIOLOGY,"₹69,00,000*",Info not available*,1*,"₹20,00,000*",700,-,-,-,-,-,2429(1),-,-,-,-,-,-
TELMgmt-MQ3-CatC-Inst,MQ3,Telangana,"Shadan IMSRC, Peerancheru",ANAESTHESIOLOGY,"₹72,00,000*",Info not available*,1*,"₹20,00,000*",800,-,-,-,-,-,2432(1),-,-,-,-,-,-
TELMgmt-MQ3-CatC-Inst,MQ3,Telangana,"Mediciti IMS, Ghanpur",PSYCHIATRY,"₹69,00,000*",Info not available*,1*,"₹20,00,000*",720,-,-,-,-,-,2436(1),-,-,-,-,-,-
TELMgmt-MQ2-CatC-NRI,MQ2,Telangana,"MNR Med Coll, Sangareddy",SPM,"₹16,86,750*",Info not available*,1*,"₹20,00,000*",760,-,2438(1),2438(1),2438(1),2438(1),2438(1),-,-,-,-,-,-
TELMgmt-MQ3-CatC-Inst,MQ3,Telangana,"Kamineni (KAMSRC), Hyderabad",SPM,"₹16,35,000*",Info not available*,1*,"₹20,00,000*",650,-,-,-,-,-,2440(1),-,-,-,-,-,-
TELMgmt-MQ3-CatC-Inst,MQ3,Telangana,"DCMS, Hyderabad",GENERAL MEDICINE,"₹72,00,000*",Info not available*,1*,"₹20,00,000*",1400,-,-,-,-,-,2443(1),-,-,-,-,-,-
TELMgmt-MQ3-CatC-Inst,MQ3,Telangana,"DCMS, Hyderabad",ANATOMY,"₹6,48,000*",Info not available*,1*,"₹20,00,000*",1400,-,-,-,-,-,2444(1),-,-,-,-,-,-
TELMgmt-MQ3-CatC-Inst,MQ3,Telangana,"RVM IMSRC, Siddipet",PATHOLOGY,"₹15,90,000*",Info not available*,1*,"₹20,00,000*",1110,-,-,-,-,-,2451(1),-,-,-,-,-,-
TELMgmt-MQ3-CatC-Inst,MQ3,Telangana,"Kamineni (KAMSRC), Hyderabad",BIOCHEMISTRY,"₹6,48,000*",Info not available*,1*,"₹20,00,000*",650,-,-,-,-,-,2465(1),-,-,-,-,-,-
TELMgmt-MQ3-CatC-Inst,MQ3-MSM,Telangana,"DCMS, Hyderabad",OPHTHALMOLOGY,"₹72,00,000*",Info not available*,1*,"₹20,00,000*",1400,-,-,-,-,-,2468(1),-,-,-,-,-,-
TELMgmt-MQ1-CatB-All,MQ1,Telangana,"Mahavir Inst of MS, Vikarabad",SPM,"₹5,30,000*",Info not available*,1*,"₹20,00,000*",700,-,2128(1),2470(1),2470(1),2470(1),2470(1),-,-,-,-,-,-
TELMgmt-MQ3-CatC-Inst,MQ3,Telangana,"Kamineni IMS, Narketpally",DERMATOLOGY,"₹69,00,000*",Info not available*,1*,"₹20,00,000*",1060,-,-,-,-,-,2473(1),-,-,-,-,-,-
TELMgmt-MQ3-CatC-Inst,MQ3,Telangana,"Malla Reddy(Women), Hyderabad",PAEDIATRICS,-,-,-,-,1050,-,-,-,-,-,2474(1),-,-,-,-,-,-
TELMgmt-MQ3-CatC-Inst,MQ3,Telangana,"RVM IMSRC, Siddipet",ANAESTHESIOLOGY,"₹69,00,000*",Info not available*,1*,"₹20,00,000*",1110,-,-,-,-,-,2483(1),-,-,-,-,-,-
TELMgmt-MQ3-CatC-Inst,MQ3,Telangana,"Prathima IMS, Karimnagar",ANAESTHESIOLOGY,"₹69,00,000*",Info not available*,1*,"₹20,00,000*",1060,-,-,-,-,-,2484(2),-,-,-,-,-,-
TELMgmt-MQ1-CatB-All,MQ1,Telangana,"CAIMS, Karimnagar",PHYSIOLOGY,"₹2,00,000*",Info not available*,1*,"₹20,00,000*",1000,-,2413(1),2485(1),2485(1),2485(1),2485(1),-,-,-,-,-,-
TELMgmt-MQ1-CatB-All,MQ1,Telangana,"Surabhi InstituteofMS,Siddipet",BIOCHEMISTRY,"₹2,16,000*",Info not available*,1*,"₹20,00,000*",-,-,2487(1),-,-,-,-,-,-,-,-,-,-
TELMgmt-MQ3-CatC-Inst,MQ3,Telangana,"Malla Reddy IMS, Hyderabad",ANAESTHESIOLOGY,-,-,-,-,940,-,-,-,-,-,2494(2),-,-,-,-,-,-
TELMgmt-MQ3-CatC-Inst,MQ3,Telangana,"Kamineni IMS, Narketpally",PSYCHIATRY,"₹69,00,000*",Info not available*,1*,"₹20,00,000*",1060,-,-,-,-,-,2508(1),-,-,-,-,-,-
TELMgmt-MQ2-CatC-NRI,MQ2,Telangana,"Mediciti IMS, Ghanpur",BIOCHEMISTRY,"₹5,10,000*",Info not available*,1*,"₹20,00,000*",720,-,2510(1),2510(1),2510(1),2510(1),2510(1),-,-,-,-,-,-
TELMgmt-MQ3-CatC-Inst,MQ3,Telangana,"DCMS, Hyderabad",SPM,"₹15,90,000*",Info not available*,1*,"₹20,00,000*",1400,-,-,-,-,-,2521(1),-,-,-,-,-,-
TELMgmt-MQ1-CatB-All,MQ1,Telangana,"Kamineni (KAMSRC), Hyderabad",ANATOMY,"₹2,16,000*",Info not available*,1*,"₹20,00,000*",650,-,2521(1),2221(1),-,-,-,-,-,-,-,-,-
TELMgmt-MQ2-CatC-NRI,MQ2-MSM,Telangana,"Shadan IMSRC, Peerancheru",TBRD,"₹72,00,000*",Info not available*,1*,"₹20,00,000*",800,-,2248(1),2522(1),2522(1),2522(1),2522(1),-,-,-,-,-,-
TELMgmt-MQ3-CatC-Inst,MQ3,Telangana,"Malla Reddy(Women), Hyderabad",ANAESTHESIOLOGY,-,-,-,-,1050,-,-,-,-,-,2526(1),-,-,-,-,-,-
TELMgmt-MQ3-CatC-Inst,MQ3,Telangana,"Kamineni IMS, Narketpally",ANAESTHESIOLOGY,"₹69,00,000*",Info not available*,1*,"₹20,00,000*",1060,-,-,-,-,-,2529(1),-,-,-,-,-,-
TELMgmt-MQ3-CatC-Inst,MQ3,Telangana,"RVM IMSRC, Siddipet",SPM,"₹15,90,000*",Info not available*,1*,"₹20,00,000*",1110,-,-,-,-,-,2548(1),-,-,-,-,-,-
TELMgmt-MQ3-CatC-Inst,MQ3,Telangana,"Malla Reddy IMS, Hyderabad",ORTHOPAEDICS,-,-,-,-,940,-,-,-,-,-,2549(1),-,-,-,-,-,-
TELMgmt-MQ3-CatC-Inst,MQ3,Telangana,"CAIMS, Karimnagar",GENERAL MEDICINE,"₹72,00,000*",Info not available*,1*,"₹20,00,000*",1000,-,-,-,-,-,2551(2),-,-,-,-,-,-