Quota,Category,State,Institute,Course,Fee,Stipend Year 1,Bond Years,Bond Penalty,Beds,CR 2023 1,CR 2023 2,CR 2023 3,CR 2023 4,CR 2023 5,CR 2024 1,CR 2024 2,CR 2024 3,CR 2024 4,CR 2024 5
UP-Govt Quota,UR,Uttar Pradesh,"SGPGI, Lucknow",RADIO DIAGNOSIS,"₹61,600*","₹1,11,780",2*,"₹40,00,000*",1609,1(1),1(1),-,1(1),-,2(1),8(1),1(1),-,-
UP-DNB InS,UR Service,Uttar Pradesh,"TejBahadurSapru Hosp,Allahabad",DNBGENERAL MEDICINE,"₹1,25,000","₹70,000*",0*,₹0*,171,-,-,-,-,-,-,-,3(1),57(1),-
UP-DNB InS,UR Service,Uttar Pradesh,"ShyamaPrasad (Civil), Lucknow",DNBGENERAL MEDICINE,"₹1,25,000","₹70,000*",0*,₹0*,401,-,-,-,-,-,-,-,9(1),-,-
UP-DNB InS,UR Service,Uttar Pradesh,"Divisional Dist Hosp, Azamgarh",DNBGENERAL SURGERY,"₹1,25,000","₹70,000",0*,₹0*,312,-,-,-,-,-,11(1),11(1),11(1),-,-
UP-DNB InS,UR Service,Uttar Pradesh,"District Comb Hosp,Sec 39,Noida",DNBGENERAL MEDICINE,"₹1,25,000","₹70,000*",0*,₹0*,240,-,-,-,-,-,2(1),14(1),14(1),-,-
UP-DNB InS,UR Service,Uttar Pradesh,"Govt IMS, Greater Noida",DNBOBG,"₹1,25,000","₹80,000*",0*,₹0*,300,24(1),25(1),-,-,-,-,-,15(1),-,-
UP-DNB InS,UR Service,Uttar Pradesh,"ShyamaPrasad (Civil), Lucknow",DNBPAEDIATRICS,"₹1,25,000","₹70,000",0*,₹0*,401,-,-,-,-,-,15(1),15(1),16(1),-,-
UP-DNB InS,UR Service,Uttar Pradesh,"LokBandhuRajNarayanHosp,Lucknow",DNBGENERAL MEDICINE,"₹1,25,000","₹70,000",0*,₹0*,318,-,-,-,-,-,1(1),2(1),17(1),42(1),-
UP-Govt Quota,UR,Uttar Pradesh,"Dr RML IMS, Lucknow",RADIO DIAGNOSIS,"₹37,500*","₹1,08,672",2*,"₹40,00,000*",Info Not Available,13(2),13(2),-,-,-,1(1),1(1),19(1),-,-
UP-DNB InS,UR Service,Uttar Pradesh,"Rana Beni MS DistHosp,Raebareli",DNBGENERAL MEDICINE,"₹1,25,000","₹70,000*",0*,₹0*,-,-,-,-,-,-,8(1),16(1),19(1),46(1),-
UP-DNB InS,UR Service,Uttar Pradesh,"UP Rural Inst of Med Sci,Etawah",DNBGENERAL MEDICINE,"₹1,25,000","₹80,000*",0*,₹0*,1078,-,-,-,-,-,-,-,20(1),49(1),-
UP-DNB InS,UR Service,Uttar Pradesh,"Divisional Dist Hosp, Azamgarh",DNBGENERAL MEDICINE,"₹1,25,000","₹70,000",0*,₹0*,312,-,-,-,-,-,9(1),9(1),21(1),94(1),-
UP-Govt Quota,UR,Uttar Pradesh,"KGMU, Lucknow",RADIO DIAGNOSIS,"₹54,700*","₹1,09,955",2*,"₹40,00,000*",4500,8(2),8(2),-,-,-,9(2),16(2),23(2),-,-
UP-DNB InS,UR Service,Uttar Pradesh,"NSC Bose Dist Hosp, Gorakhpur",DNBTBRD,"₹1,25,000","₹70,000",0*,₹0*,305,-,-,-,-,-,20(1),23(1),24(1),-,-
UP-Govt Quota,BC,Uttar Pradesh,"SGPGI, Lucknow",RADIO DIAGNOSIS,"₹61,600*","₹1,11,780",2*,"₹40,00,000*",1609,-,-,-,-,-,3(1),24(1),24(1),-,-
UP-DNB InS,UR Service,Uttar Pradesh,"TejBahadurSapru Hosp,Allahabad",DNBORTHOPAEDICS,"₹1,25,000","₹70,000*",0*,₹0*,171,-,-,-,-,-,-,-,27(1),111(1),-
UP-DNB InS,UR Service,Uttar Pradesh,"VeeranganaAwantiBaiWom,Lucknow",DNBOBG,"₹1,25,000","₹70,000",0*,₹0*,326,-,-,-,-,-,27(1),27(1),29(1),-,-
UP-DNB InS,BC Service,Uttar Pradesh,"NSC Bose Dist Hosp, Gorakhpur",DNBGENERAL MEDICINE,"₹1,25,000","₹70,000",0*,₹0*,305,-,-,-,-,-,10(1),20(1),30(1),-,-
UP-Govt Quota,UR,Uttar Pradesh,"MLN Med Coll, Allahabad",RADIO DIAGNOSIS,"₹40,000","₹1,00,980*",2*,"₹40,00,000*",Info Not Available,22(1),21(1),6(1),-,-,10(1),23(1),31(1),-,-
UP-DNB InS,BC Service,Uttar Pradesh,"UP Rural Inst of Med Sci,Etawah",DNBGENERAL MEDICINE,"₹1,25,000","₹80,000*",0*,₹0*,1078,-,-,-,-,-,30(1),30(1),32(1),-,-
UP-Govt Quota,UR,Uttar Pradesh,"S N Med Coll, Agra",RADIO DIAGNOSIS,"₹40,000","₹1,00,980*",2*,"₹40,00,000*",976,-,-,-,-,-,12(1),31(1),33(1),-,-
UP-DNB InS,UR Service,Uttar Pradesh,"AutonomousStateMC,Rampur",DMRD(NBEMS),"₹1,25,000","₹80,000*",0*,₹0*,Info Not Available,-,-,-,-,-,-,-,33(1),101(1),-
UP-DNB InS,BC Service,Uttar Pradesh,"Dist Male Hosp,SaiKaTakia,Agra",DNBGENERAL MEDICINE,"₹1,25,000","₹70,000",0*,₹0*,150,-,-,-,-,-,16(1),18(1),34(1),-,-
UP-DNB InS,UR Service,Uttar Pradesh,"VeeranganaAwantiBaiWom,Lucknow",DGO(NBEMS),"₹1,25,000","₹70,000",0*,₹0*,326,32(1),34(1),-,-,-,33(1),33(1),35(1),-,103(1)
UP-Govt Quota,UR,Uttar Pradesh,"MLB Med Coll, Jhansi",RADIO DIAGNOSIS,"₹40,000","₹1,00,980*",2*,"₹40,00,000*",700,-,-,-,-,-,37(1),37(1),37(1),-,-
UP-DNB InS,UR Service,Uttar Pradesh,"AutonomousStateMC,Shahjahanpur",DNBGENERAL MEDICINE,"₹1,25,000","₹80,000*",0*,₹0*,312,17(1),37(1),-,-,-,36(1),36(1),38(1),-,-
UP-Govt Quota,EW,Uttar Pradesh,"Dr RML IMS, Lucknow",RADIO DIAGNOSIS,"₹37,500*","₹1,08,672",2*,"₹40,00,000*",Info Not Available,-,-,-,-,-,28(1),38(1),38(1),-,-
UP-DNB InS,UR Service,Uttar Pradesh,"ShyamaPrasad (Civil), Lucknow",DNBGENERAL SURGERY,"₹1,25,000","₹70,000",0*,₹0*,401,5(1),6(1),-,-,-,13(1),13(1),39(1),-,-
UP-Govt Quota,EW,Uttar Pradesh,"KGMU, Lucknow",RADIO DIAGNOSIS,"₹54,700*","₹1,09,955",2*,"₹40,00,000*",4500,-,-,-,-,-,39(1),39(1),39(1),-,-
UP-DNB InS,UR Service,Uttar Pradesh,"LokBandhuRajNarayanHosp,Lucknow",DGO(NBEMS),"₹1,25,000","₹70,000",0*,₹0*,318,-,-,-,-,-,39(1),39(1),41(1),-,-
UP-Govt Quota,BC,Uttar Pradesh,"Dr RML IMS, Lucknow",RADIO DIAGNOSIS,"₹37,500*","₹1,08,672",2*,"₹40,00,000*",Info Not Available,15(1),30(1),-,-,-,24(1),36(1),44(1),-,-
UP-DNB InS,UR Service,Uttar Pradesh,"Balrampur Hospital, Lucknow",DCH(NBEMS),"₹1,25,000","₹70,000*",0*,₹0*,656,21(1),48(1),-,-,-,21(1),42(1),44(1),-,-
UP-DNB InS,UR Service,Uttar Pradesh,"LokBandhuRajNarayanHosp,Lucknow",DCH(NBEMS),"₹1,25,000","₹70,000",0*,₹0*,318,-,-,-,-,-,42(1),43(1),45(1),119(1),-
UP-DNB InS,UR Service,Uttar Pradesh,"Autonomous State MC, Firozabad",DNBGENERAL MEDICINE,"₹1,25,000","₹80,000*",0*,₹0*,244,23(1),18(1),-,-,-,31(1),45(1),47(1),-,-
UP-Govt Quota,UR,Uttar Pradesh,"KGMU, Lucknow",GENERAL MEDICINE,"₹54,700*","₹1,09,955",2*,"₹40,00,000*",4500,27(6),28(6),-,-,-,29(5),47(5),48(5),-,-
UP-DNB InS,SC Service,Uttar Pradesh,"Balrampur Hospital, Lucknow",DNBGENERAL SURGERY,"₹1,25,000","₹70,000*",0*,₹0*,656,-,-,-,-,-,46(1),46(1),48(1),148(1),-
UP-Govt Quota,UR,Uttar Pradesh,"MLN Med Coll, Allahabad",DERMATOLOGY,"₹40,000","₹1,00,980*",2*,"₹40,00,000*",Info Not Available,77(1),82(1),-,-,-,64(1),103(1),49(1),-,-
UP-DNB InS,UR Service,Uttar Pradesh,"Autonomous State MC, Firozabad",DNBORTHOPAEDICS,"₹1,25,000","₹80,000*",0*,₹0*,244,-,-,-,-,-,48(1),48(1),50(1),-,-
UP-Govt Quota,UR,Uttar Pradesh,"S N Med Coll, Agra",DERMATOLOGY,"₹40,000","₹1,00,980*",2*,"₹40,00,000*",976,-,-,-,-,-,48(1),48(1),50(1),-,-
UP-DNB InS,BC Service,Uttar Pradesh,"Balrampur Hospital, Lucknow",DCH(NBEMS),"₹1,25,000","₹70,000*",0*,₹0*,656,66(1),66(1),-,-,-,49(1),49(1),51(1),83(1),-
UP-Govt Quota,UR,Uttar Pradesh,"Dr RML IMS, Lucknow",GENERAL MEDICINE,"₹37,500*","₹1,08,672",2*,"₹40,00,000*",Info Not Available,32(1),33(1),-,-,-,26(1),50(1),52(1),-,-
UP-DNB InS,BC Service,Uttar Pradesh,"UrsalaHorsmanMemHosp, Kanpur",DNBPAEDIATRICS,"₹1,25,000","₹70,000",0*,₹0*,550,-,-,-,-,-,28(1),28(1),52(1),-,-
UP-DNB InS,UR Service,Uttar Pradesh,"Dist Women Hosp, Rekab Ganj",DCH(NBEMS),"₹1,25,000","₹70,000",0*,₹0*,-,-,-,-,-,-,51(1),51(1),53(1),-,136(1)
UP-DNB InS,BC Service,Uttar Pradesh,"RajaPratapBahadurHosp,Pratapgar",DNBGENERAL MEDICINE,"₹1,25,000","₹80,000*",0*,₹0*,336,-,-,-,-,-,53(1),53(1),55(1),-,-
UP-DNB InS,UR Service,Uttar Pradesh,"ShriShivPrasadDistHos,Varanasi",DCH(NBEMS),"₹1,25,000","₹70,000",0*,₹0*,316,7(1),16(1),-,-,-,43(1),52(1),56(2),-,-
UP-Govt Quota,BC,Uttar Pradesh,"KGMU, Lucknow",RADIO DIAGNOSIS,"₹54,700*","₹1,09,955",2*,"₹40,00,000*",4500,34(1),35(1),-,-,-,13(1),55(1),60(1),-,-
UP-DNB InS,UR Service,Uttar Pradesh,"TejBahadurSapru Hosp,Allahabad",DCH(NBEMS),"₹1,25,000","₹70,000*",0*,₹0*,171,-,-,-,-,-,-,-,60(1),132(1),-
UP-DNB InS,BC Service,Uttar Pradesh,"MaharajaSuhelDevMed,Bahraich,UP",DCH(NBEMS),"₹1,25,000","₹80,000*",0*,₹0*,550,-,-,-,-,-,59(1),59(1),61(1),-,-
UP-DNB InS,BC Service,Uttar Pradesh,"Dist Women Hosp, Raebareli",DGO(NBEMS),"₹1,25,000","₹70,000",0*,₹0*,-,-,-,-,-,-,61(1),61(1),63(1),-,-
UP-DNB InS,SC Service,Uttar Pradesh,"UrsalaHorsmanMemHosp, Kanpur",DNBGENERAL MEDICINE,"₹1,25,000","₹70,000",0*,₹0*,550,-,-,-,-,-,23(1),62(1),64(1),-,-
UP-Govt Quota,UR,Uttar Pradesh,"LLRM Med Coll, Meerut",DERMATOLOGY,"₹40,000","₹1,00,980*",2*,"₹40,00,000*",1090,61(2),85(2),7(1),-,-,21(1),64(1),66(1),-,-
UP-DNB InS,UR Service,Uttar Pradesh,"District Comb Hosp,Sec 39,Noida",DGO(NBEMS),"₹1,25,000","₹70,000*",0*,₹0*,240,-,-,-,-,-,64(1),64(1),67(1),-,-
UP-Govt Quota,BC,Uttar Pradesh,"KGMU, Lucknow",GENERAL MEDICINE,"₹54,700*","₹1,09,955",2*,"₹40,00,000*",4500,46(4),47(4),-,3(1),-,56(4),71(4),67(4),-,838(1)
UP-DNB InS,UR Service,Uttar Pradesh,"Government Med Col, Azamgarh,UP",DCH(NBEMS),"₹1,25,000","₹80,000*",0*,₹0*,550,-,-,-,-,-,65(1),65(1),68(1),-,-
UP-DNB InS,UR Service,Uttar Pradesh,"Autonomous State MC, Firozabad",DA(NBEMS),"₹1,25,000","₹80,000*",0*,₹0*,244,47(1),-,-,-,-,66(1),66(1),69(1),-,-
UP-DNB InS,SC Service,Uttar Pradesh,"ShyamaPrasad (Civil), Lucknow",DNBORTHOPAEDICS,"₹1,25,000","₹70,000",0*,₹0*,401,-,-,-,-,-,56(1),56(1),70(1),-,-
UP-DNB InS,SC Service,Uttar Pradesh,"Divisional Dist Hosp, Azamgarh",DNBGENERAL MEDICINE,"₹1,25,000","₹70,000",0*,₹0*,312,-,-,-,-,-,62(1),67(1),71(1),156(1),-
UP-DNB InS,UR Service,Uttar Pradesh,"Govt Med Coll, Kannauj, UP",DCH(NBEMS),"₹1,25,000","₹80,000*",0*,₹0*,470,36(1),84(1),-,-,-,69(1),69(1),72(1),-,-
UP-Govt Quota,UR,Uttar Pradesh,"GSVM Med Coll, Kanpur",GENERAL MEDICINE,"₹40,000","₹1,00,980*",2*,"₹40,00,000*",2083,52(4),58(4),4(1),-,-,50(5),66(5),72(5),409(2),-
UP-DNB InS,BC Service,Uttar Pradesh,"MaharanaPratapDistHos,Bareilly",DNBGENERAL SURGERY,"₹1,25,000","₹70,000",0*,₹0*,325,-,-,-,-,-,29(1),29(1),73(1),125(1),-
UP-DNB InS,SC Service,Uttar Pradesh,"PL Sharma Dist Hosp, Meerut",DNBGENERAL MEDICINE,"₹1,25,000","₹70,000",0*,₹0*,250,-,-,-,-,-,24(1),24(1),74(1),104(1),-
UP-DNB InS,BC Service,Uttar Pradesh,"Government Med Coll, Badaun",DCH(NBEMS),"₹1,25,000","₹80,000*",0*,₹0*,234,68(1),85(1),-,-,-,71(1),71(1),75(1),-,-
UP-Govt Quota,SC,Uttar Pradesh,"SGPGI, Lucknow",RADIO DIAGNOSIS,"₹61,600*","₹1,11,780",2*,"₹40,00,000*",1609,197(1),198(1),-,-,-,76(1),76(1),78(1),-,-
UP-DNB InS,UR Service,Uttar Pradesh,"Pandit DDUDivDistHosp,Moradabad",DCH(NBEMS),"₹1,25,000","₹70,000",0*,₹0*,-,-,-,-,-,-,78(1),35(1),78(1),155(1),-
UP-DNB InS,BC Service,Uttar Pradesh,"LokBandhuRajNarayanHosp,Lucknow",DCH(NBEMS),"₹1,25,000","₹70,000",0*,₹0*,318,-,-,-,-,-,77(1),77(1),81(1),-,-
UP-DNB InS,BC Service,Uttar Pradesh,"Dist Women Hosp, Rekab Ganj",DCH(NBEMS),"₹1,25,000","₹70,000",0*,₹0*,-,-,-,-,-,-,52(1),78(1),82(1),129(1),-
UP-Govt Quota,BC,Uttar Pradesh,"MLN Med Coll, Allahabad",RADIO DIAGNOSIS,"₹40,000","₹1,00,980*",2*,"₹40,00,000*",Info Not Available,29(1),73(1),-,-,-,82(1),82(1),84(1),-,-
UP-DNB InS,UR Service,Uttar Pradesh,"Dist Women Hosp, Barabanki",DGO(NBEMS),"₹1,25,000","₹70,000*",0*,₹0*,-,-,-,-,-,-,80(1),80(1),84(1),-,-
UP-DNB InS,UR Service,Uttar Pradesh,"AutonomousStateMC,Rampur",DCH(NBEMS),"₹1,25,000","₹80,000*",0*,₹0*,Info Not Available,-,-,-,-,-,81(1),81(1),85(1),-,-
UP-DNB InS,UR Service,Uttar Pradesh,"Dist Male Hosp, Basti, UP",DTBCD(NBEMS),"₹1,25,000","₹70,000*",0*,₹0*,-,-,-,-,-,-,35(1),83(1),87(1),-,-
UP-DNB InS,UR Service,Uttar Pradesh,"Autonomous State MC, Firozabad",DGO(NBEMS),"₹1,25,000","₹80,000*",0*,₹0*,244,-,-,-,-,-,85(1),85(1),89(1),-,-
UP-Govt Quota,SC,Uttar Pradesh,"KGMU, Lucknow",RADIO DIAGNOSIS,"₹54,700*","₹1,09,955",2*,"₹40,00,000*",4500,92(1),93(1),-,-,-,88(1),88(1),90(1),-,-
UP-DNB InS,UR Service,Uttar Pradesh,"ShriShivPrasadDistHos,Varanasi",DO(NBEMS),"₹1,25,000","₹70,000",0*,₹0*,316,-,-,-,-,-,86(1),86(1),90(1),-,-
UP-DNB InS,BC Service,Uttar Pradesh,"Balrampur Hospital, Lucknow",DO(NBEMS),"₹1,25,000","₹70,000*",0*,₹0*,656,-,-,-,-,-,88(1),88(1),92(1),-,-
UP-Govt Quota,UR,Uttar Pradesh,"MLN Med Coll, Allahabad",GENERAL MEDICINE,"₹40,000","₹1,00,980*",2*,"₹40,00,000*",Info Not Available,75(4),77(4),-,-,-,74(5),84(5),93(5),-,-
UP-DNB InS,BC Service,Uttar Pradesh,"MRA Med Coll, Ambedkar Nagar",DGO(NBEMS),"₹1,25,000","₹80,000*",0*,₹0*,Info Not Available,85(1),86(1),-,-,-,89(1),89(1),93(1),-,-
UP-Govt Quota,UR,Uttar Pradesh,"BRD Med Coll, Gorakhpur",DERMATOLOGY,"₹40,000","₹1,00,980*",2*,"₹40,00,000*",1050,-,-,-,-,-,72(1),92(1),94(1),-,-
UP-DNB InS,BC Service,Uttar Pradesh,"Autonomous State MC, Firozabad",DGO(NBEMS),"₹1,25,000","₹80,000*",0*,₹0*,244,-,-,-,-,-,93(1),93(1),97(1),-,-
UP-DNB InS,UR Service,Uttar Pradesh,"Rani DurgavatiMedColl,Banda,UP",DCH(NBEMS),"₹1,25,000","₹80,000*",0*,₹0*,430,65(1),80(1),-,-,-,94(1),94(1),98(1),-,-
UP-DNB InS,SC Service,Uttar Pradesh,"VeeranganaAwantiBaiWom,Lucknow",DGO(NBEMS),"₹1,25,000","₹70,000",0*,₹0*,326,-,-,-,-,-,41(1),95(1),99(1),-,-
UP-Govt Quota,BC,Uttar Pradesh,"LLRM Med Coll, Meerut",RADIO DIAGNOSIS,"₹40,000","₹1,00,980*",2*,"₹40,00,000*",1090,-,-,-,-,-,100(1),100(1),102(1),-,-
UP-DNB InS,SC Service,Uttar Pradesh,"Autonomous State MC, Firozabad",DNBPAEDIATRICS,"₹1,25,000","₹80,000*",0*,₹0*,244,-,-,-,-,-,98(1),98(1),102(1),-,-
UP-DNB InS,UR Service,Uttar Pradesh,"Government Med Coll, Badaun",DTBCD(NBEMS),"₹1,25,000","₹80,000*",0*,₹0*,234,-,-,-,-,-,101(1),101(1),105(1),-,-
UP-DNB InS,UR Service,Uttar Pradesh,"AutonomousStateMC,Shahjahanpur",DNBGENERAL SURGERY,"₹1,25,000","₹80,000*",0*,₹0*,312,-,-,-,-,-,103(1),103(1),107(1),-,-
UP-DNB InS,UR Service,Uttar Pradesh,"Autonomous State MC, Ayodhya",DCH(NBEMS),"₹1,25,000","₹80,000*",0*,₹0*,300,34(1),51(1),-,-,-,45(1),105(1),109(1),-,-
UP-DNB InS,UR Service,Uttar Pradesh,"AutonomousStateMC,Shahjahanpur",DCH(NBEMS),"₹1,25,000","₹80,000*",0*,₹0*,312,-,-,-,-,-,109(1),109(1),113(1),-,-
UP-DNB InS,UR Service,Uttar Pradesh,"Sri Ram Hospital, Ayodhya, UP",DTBCD(NBEMS),"₹1,25,000","₹70,000*",0*,₹0*,-,-,-,-,-,-,-,-,114(1),-,-
UP-Govt Quota,BC,Uttar Pradesh,"BRD Med Coll, Gorakhpur",DERMATOLOGY,"₹40,000","₹1,00,980*",2*,"₹40,00,000*",1050,-,-,-,-,-,114(1),114(1),116(1),-,-
UP-DNB InS,BC Service,Uttar Pradesh,"UrsalaHorsmanMemHosp, Kanpur",DTBCD(NBEMS),"₹1,25,000","₹70,000",0*,₹0*,550,-,-,-,-,-,26(1),91(1),116(1),-,-
UP-DNB InS,UR Service,Uttar Pradesh,"Balrampur Hospital, Lucknow",DNBPATHOLOGY,"₹1,25,000","₹70,000*",0*,₹0*,656,-,-,-,-,-,111(1),111(1),117(1),-,-
UP-DNB InS,SC Service,Uttar Pradesh,"UrsalaHorsmanMemHosp, Kanpur",DLO(NBEMS),"₹1,25,000","₹70,000",0*,₹0*,550,-,-,-,-,-,-,112(1),118(1),-,-
UP-DNB InS,UR Service,Uttar Pradesh,"Government Med Coll, Badaun",DCH(NBEMS),"₹1,25,000","₹80,000*",0*,₹0*,234,30(1),31(1),-,-,-,-,-,120(1),-,-
UP-DNB InS,UR Service,Uttar Pradesh,"RajaPratapBahadurHosp,Pratapgar",DGO(NBEMS),"₹1,25,000","₹80,000*",0*,₹0*,336,51(1),52(1),-,-,-,-,-,121(1),-,-
UP-Govt Quota,UR,Uttar Pradesh,"S N Med Coll, Agra",GENERAL MEDICINE,"₹40,000","₹1,00,980*",2*,"₹40,00,000*",976,119(4),120(4),-,-,-,92(5),119(5),121(5),389(1),-
UP-DNB InS,SC Service,Uttar Pradesh,"DistrictCombHos,Sec23,Ghaziabad",DCH(NBEMS),"₹1,25,000","₹70,000",0*,₹0*,-,-,-,-,-,-,68(1),126(1),122(1),-,-
UP-DNB InS,SC Service,Uttar Pradesh,"LalBahadurShastri Hosp,Varanasi",DTBCD(NBEMS),"₹1,25,000","₹70,000*",0*,₹0*,-,-,-,-,-,-,114(1),114(1),123(1),-,-
UP-DNB InS,BC Service,Uttar Pradesh,"Autonomous State MC, Hardoi",DNBGENERAL SURGERY,"₹1,25,000","₹80,000*",0*,₹0*,332,-,-,-,-,-,117(1),117(1),126(1),-,-
UP-DNB InS,UR Service,Uttar Pradesh,"MaharanaPratapDistHos,Bareilly",DLO(NBEMS),"₹1,25,000","₹70,000",0*,₹0*,325,78(1),-,-,-,-,110(1),-,128(1),-,-
UP-DNB InS,BC Service,Uttar Pradesh,"Rana Beni MS DistHosp,Raebareli",DNBENT,"₹1,25,000","₹70,000*",0*,₹0*,-,-,-,-,-,-,83(1),110(1),130(1),-,-
UP-Govt Quota,EW,Uttar Pradesh,"KGMU, Lucknow",GENERAL MEDICINE,"₹54,700*","₹1,09,955",2*,"₹40,00,000*",4500,39(1),40(1),-,-,-,108(2),108(2),133(2),-,-
UP-Govt Quota,UR,Uttar Pradesh,"SGPGI, Lucknow",NUCLEAR MEDICINE,"₹61,600*","₹1,11,780",2*,"₹40,00,000*",1609,139(2),252(2),-,-,-,118(1),132(1),134(1),-,-
UP-Govt Quota,BC,Uttar Pradesh,"LLRM Med Coll, Meerut",DERMATOLOGY,"₹40,000","₹1,00,980*",2*,"₹40,00,000*",1090,-,-,-,-,-,103(1),139(1),141(1),-,-
UP-DNB InS,SC Service,Uttar Pradesh,"Balrampur Hospital, Lucknow",DTBCD(NBEMS),"₹1,25,000","₹70,000*",0*,₹0*,656,-,-,-,-,-,127(1),127(1),142(1),-,-
UP-DNB InS,SC Service,Uttar Pradesh,"Rana Beni MS DistHosp,Raebareli",DCH(NBEMS),"₹1,25,000","₹70,000*",0*,₹0*,-,-,-,-,-,-,113(1),113(1),144(1),186(1),-
UP-Govt Quota,SC,Uttar Pradesh,"Dr RML IMS, Lucknow",RADIO DIAGNOSIS,"₹37,500*","₹1,08,672",2*,"₹40,00,000*",Info Not Available,290(1),295(1),-,-,-,83(1),143(1),145(1),-,-
UP-DNB InS,UR Service,Uttar Pradesh,"Autonomous State MC, Ayodhya",DGO(NBEMS),"₹1,25,000","₹80,000*",0*,₹0*,300,-,-,-,-,-,-,-,146(1),-,-
UP-DNB InS,BC Service,Uttar Pradesh,"DistrictCombHosp,Vrindavan,UP",DGO(NBEMS),"₹1,25,000","₹70,000",0*,₹0*,-,-,-,-,-,-,130(1),130(1),147(1),-,-
UP-Govt Quota,EW,Uttar Pradesh,"Shaik-ul-Hind, Saharanpur",DERMATOLOGY,"₹40,000","₹1,00,980*",2*,"₹40,00,000*",500,-,-,-,-,-,148(1),148(1),150(1),-,-
UP-DNB InS,UR Service,Uttar Pradesh,"Autonomous State MC, Hardoi",DGO(NBEMS),"₹1,25,000","₹80,000*",0*,₹0*,332,-,-,-,-,-,-,-,150(1),-,-
UP-DNB InS,SC Service,Uttar Pradesh,"UrsalaHorsmanMemHosp, Kanpur",DO(NBEMS),"₹1,25,000","₹70,000",0*,₹0*,550,-,-,-,-,-,134(1),134(1),152(1),-,-
UP-DNB InS,UR Service,Uttar Pradesh,"MaharanaPratapDistHos,Bareilly",DO(NBEMS),"₹1,25,000","₹70,000",0*,₹0*,325,46(1),-,-,-,-,119(1),119(1),153(1),193(1),-
UP-DNB InS,UR Service,Uttar Pradesh,"Divisional Dist Hosp, Azamgarh",DO(NBEMS),"₹1,25,000","₹70,000",0*,₹0*,312,-,-,-,-,-,-,135(1),154(1),-,-
UP-Govt Quota,BC,Uttar Pradesh,"GSVM Med Coll, Kanpur",GENERAL MEDICINE,"₹40,000","₹1,00,980*",2*,"₹40,00,000*",2083,114(3),134(3),9(1),10(1),-,102(3),147(3),159(3),-,-
UP-DNB InS,UR Service,Uttar Pradesh,"Government Med Coll, Badaun",DGO(NBEMS),"₹1,25,000","₹80,000*",0*,₹0*,234,-,-,-,-,-,-,-,159(1),-,-
UP-Govt Quota,UR,Uttar Pradesh,"Govt IMS, Kasna",GENERAL MEDICINE,"₹40,000","₹1,00,980*",2*,"₹40,00,000*",500,-,-,-,-,-,84(1),158(1),160(1),-,-
UP-DNB InS,UR Service,Uttar Pradesh,"Government Med Col, Azamgarh,UP",DA(NBEMS),"₹1,25,000","₹80,000*",0*,₹0*,550,82(1),83(1),-,-,-,-,-,165(1),131(1),218(1)
UP-DNB InS,BC Service,Uttar Pradesh,"LalBahadurShastri Hosp,Varanasi",DO(NBEMS),"₹1,25,000","₹70,000*",0*,₹0*,-,-,-,-,-,-,142(1),-,167(1),-,-
UP-Govt Quota,UR,Uttar Pradesh,"BRD Med Coll, Gorakhpur",GENERAL MEDICINE,"₹40,000","₹1,00,980*",2*,"₹40,00,000*",1050,149(3),150(3),-,-,-,133(3),138(3),169(3),-,-
UP-DNB InS,BC Service,Uttar Pradesh,"SwamiKalyanDistHos,Muzaffrnagar",DLO(NBEMS),"₹1,25,000","₹70,000",0*,₹0*,-,-,-,-,-,-,135(1),-,172(1),-,-
UP-Govt Quota,EW,Uttar Pradesh,"BRD Med Coll, Gorakhpur",GENERAL MEDICINE,"₹40,000","₹1,00,980*",2*,"₹40,00,000*",1050,185(1),238(1),-,-,-,170(1),301(1),172(1),1101(1),-
UP-Govt Quota,UR,Uttar Pradesh,"KGMU, Lucknow",PAEDIATRICS,"₹54,700*","₹1,09,955",2*,"₹40,00,000*",4500,81(5),119(5),-,-,-,67(4),130(4),177(4),-,-
UP-DNB InS,UR Service,Uttar Pradesh,"Autonomous StateMC, Siraon,Etah",DGO(NBEMS),"₹1,25,000","₹80,000*",0*,₹0*,300,-,-,-,-,-,-,-,178(1),-,-
UP-Govt Quota,EW,Uttar Pradesh,"MLN Med Coll, Allahabad",GENERAL MEDICINE,"₹40,000","₹1,00,980*",2*,"₹40,00,000*",Info Not Available,-,-,-,4(1),-,137(1),178(1),180(1),-,-
UP-DNB InS,BC Service,Uttar Pradesh,"PL Sharma Dist Hosp, Meerut",DO(NBEMS),"₹1,25,000","₹70,000*",0*,₹0*,250,79(1),-,-,-,-,-,-,180(1),175(1),-
UP-DNB InS,UR Service,Uttar Pradesh,"MRA Med Coll, Ambedkar Nagar",DGO(NBEMS),"₹1,25,000","₹80,000*",0*,₹0*,Info Not Available,76(1),77(1),-,-,-,-,-,182(1),-,-
UP-DNB InS,BC Service,Uttar Pradesh,"Government Med Col, Azamgarh,UP",DA(NBEMS),"₹1,25,000","₹80,000*",0*,₹0*,550,-,88(1),-,-,-,-,-,183(1),-,-
UP-DNB InS,ST Service,Uttar Pradesh,"Balrampur Hospital, Lucknow",DNBGENERAL MEDICINE,"₹1,25,000","₹70,000*",0*,₹0*,656,-,-,-,-,-,-,-,185(1),-,-
UP-Govt Quota,UR,Uttar Pradesh,"MLB Med Coll, Jhansi",GENERAL MEDICINE,"₹40,000","₹1,00,980*",2*,"₹40,00,000*",700,129(1),108(1),12(1),-,-,129(2),153(2),187(3),516(1),-
UP-Govt Quota,SC,Uttar Pradesh,"S N Med Coll, Agra",DERMATOLOGY,"₹40,000","₹1,00,980*",2*,"₹40,00,000*",976,268(1),272(1),-,-,-,187(1),187(1),189(1),-,-
UP-DNB InS,UR Service,Uttar Pradesh,"AutonomousStateMC,Rampur",DA(NBEMS),"₹1,25,000","₹80,000*",0*,₹0*,Info Not Available,-,-,-,-,-,-,-,189(1),-,-
UP-Govt Quota,UR,Uttar Pradesh,"LLRM Med Coll, Meerut",GENERAL MEDICINE,"₹40,000","₹1,00,980*",2*,"₹40,00,000*",1090,99(4),130(4),-,-,-,105(3),105(3),191(3),-,-
UP-DNB InS,SC Service,Uttar Pradesh,"MaharajaSuhelDevMed,Bahraich,UP",DA(NBEMS),"₹1,25,000","₹80,000*",0*,₹0*,550,-,-,-,-,-,-,-,191(1),-,-
UP-Govt Quota,UR,Uttar Pradesh,"Super Spec Paediatric, Noida",PAEDIATRICS,"₹40,000","₹1,00,980*",2*,"₹40,00,000*",312,161(1),192(1),23(1),14(1),-,190(1),190(1),192(1),-,-
UP-DNB InS,UR Service,Uttar Pradesh,"AutonomousStateMC,Shahjahanpur",DGO(NBEMS),"₹1,25,000","₹80,000*",0*,₹0*,312,-,-,-,-,-,-,-,194(2),-,-
UP-DNB InS,SC Service,Uttar Pradesh,"AutonomousStateMC,Shahjahanpur",DMRD(NBEMS),"₹1,25,000","₹80,000*",0*,₹0*,312,-,-,-,-,-,-,-,197(1),-,-
UP-DNB InS,UR Service,Uttar Pradesh,"Government Med Col, Azamgarh,UP",DGO(NBEMS),"₹1,25,000","₹80,000*",0*,₹0*,550,-,-,-,-,-,-,73(1),198(2),-,-
UP-DNB InS,UR Service,Uttar Pradesh,"Divisional Dist Hosp, Azamgarh",DLO(NBEMS),"₹1,25,000","₹70,000*",0*,₹0*,312,-,-,-,-,-,-,-,199(1),-,-
UP-DNB InS,SC Service,Uttar Pradesh,"Autonomous State MC, Ayodhya",DTBCD(NBEMS),"₹1,25,000","₹80,000*",0*,₹0*,300,-,-,-,-,-,-,-,203(1),-,-
UP-Govt Quota,UR,Uttar Pradesh,"Dr RML IMS, Lucknow",PAEDIATRICS,"₹37,500*","₹1,08,672",2*,"₹40,00,000*",Info Not Available,163(2),229(2),-,-,-,68(1),182(1),205(1),-,-
UP-Govt Quota,EW,Uttar Pradesh,"KGMU, Lucknow",GENERAL SURGERY,"₹54,700*","₹1,09,955",2*,"₹40,00,000*",4500,282(2),286(2),-,-,-,204(1),204(1),206(1),-,-
UP-DNB InS,BC Service,Uttar Pradesh,"Autonomous State MC, Ayodhya",DA(NBEMS),"₹1,25,000","₹80,000*",0*,₹0*,300,-,-,-,-,-,-,-,207(1),208(1),-
UP-DNB InS,SC Service,Uttar Pradesh,"MaharajaSuhelDevMed,Bahraich,UP",DGO(NBEMS),"₹1,25,000","₹80,000*",0*,₹0*,550,-,-,-,-,-,-,-,214(1),-,-
UP-DNB InS,UR Service,Uttar Pradesh,"Rani DurgavatiMedColl,Banda,UP",DGO(NBEMS),"₹1,25,000","₹80,000*",0*,₹0*,430,-,-,-,-,-,-,-,215(2),-,-
UP-DNB InS,UR Service,Uttar Pradesh,"Dr RML IMS,Lucknow",DNBFORENSIC MEDICINE,"₹1,25,000","₹1,00,980*",0*,₹0*,350,-,-,-,-,-,-,-,217(1),205(1),258(1)
UP-DNB InS,SC Service,Uttar Pradesh,"Government Med Col, Azamgarh,UP",DCH(NBEMS),"₹1,25,000","₹80,000*",0*,₹0*,550,86(1),87(1),-,-,-,-,-,220(1),-,-
UP-Govt Quota,UR,Uttar Pradesh,"Auton. State Med Coll, Ayodhya",GENERAL MEDICINE,"₹40,000","₹1,00,980*",2*,"₹40,00,000*",-,-,-,-,-,-,167(1),167(1),220(1),-,-
UP-DNB InS,SC Service,Uttar Pradesh,"Autonomous State MC, Firozabad",DNBGENERAL MEDICINE,"₹1,25,000","₹80,000*",0*,₹0*,244,-,-,-,-,-,-,-,226(1),-,-
UP-Govt Quota,BC,Uttar Pradesh,"LLRM Med Coll, Meerut",GENERAL MEDICINE,"₹40,000","₹1,00,980*",2*,"₹40,00,000*",1090,133(1),136(1),-,6(1),-,161(1),226(1),228(1),-,-
UP-DNB InS,SC Service,Uttar Pradesh,"MRA Med Coll, Ambedkar Nagar",DCH(NBEMS),"₹1,25,000","₹80,000*",0*,₹0*,Info Not Available,-,-,-,-,-,-,-,231(1),283(1),-
UP-Govt Quota,UR Service,Uttar Pradesh,"MLB Med Coll, Jhansi",DMRD,"₹40,000","₹1,00,980*",2*,"₹20,00,000*",700,-,-,-,-,-,232(1),232(1),234(1),-,-
UP-Govt Quota,UR,Uttar Pradesh,"LLRM Med Coll, Meerut",OBG,"₹40,000","₹1,00,980*",2*,"₹40,00,000*",1090,316(3),375(3),-,-,-,235(3),235(3),237(3),-,-
UP-Govt Quota,UR,Uttar Pradesh,"KGMU, Lucknow",GENERAL SURGERY,"₹54,700*","₹1,09,955",2*,"₹40,00,000*",4500,130(4),131(4),-,-,-,146(5),163(5),239(5),1058(1),-
UP-DNB InS,SC Service,Uttar Pradesh,"Autonomous State MC, Ayodhya",DNBGENERAL SURGERY,"₹1,25,000","₹80,000*",0*,₹0*,300,-,-,-,-,-,-,-,240(1),-,-
UP-Govt Quota,UR,Uttar Pradesh,"KGMU, Lucknow",OBG,"₹54,700*","₹1,09,955",2*,"₹40,00,000*",4500,179(6),190(6),-,-,-,189(6),201(6),242(6),-,-
UP-Govt Quota,UR,Uttar Pradesh,"Shaik-ul-Hind, Saharanpur",GENERAL MEDICINE,"₹40,000","₹1,00,980*",2*,"₹40,00,000*",500,151(1),152(1),-,-,-,153(2),174(2),245(2),-,-
UP-DNB InS,SC Service,Uttar Pradesh,"Autonomous State MC, Ayodhya",DGO(NBEMS),"₹1,25,000","₹80,000*",0*,₹0*,300,-,-,-,-,-,95(1),-,249(1),-,-
UP-Govt Quota,UR,Uttar Pradesh,"KGMU, Lucknow",TRAUMATOLOGY AND SURGERY,"₹54,700*","₹1,09,955",2*,"₹40,00,000*",4500,666(1),616(1),-,-,-,248(1),248(1),250(1),-,-
UP-Govt Quota,UR,Uttar Pradesh,"KGMU, Lucknow",PSYCHIATRY,"₹54,700*","₹1,09,955",2*,"₹40,00,000*",4500,332(2),521(2),-,-,-,230(2),230(2),257(2),1341(1),-
UP-Govt Quota,UR,Uttar Pradesh,"BRD Med Coll, Gorakhpur",PAEDIATRICS,"₹40,000","₹1,00,980*",2*,"₹40,00,000*",1050,205(2),287(2),-,-,-,239(2),262(2),264(2),-,-
UP-Govt Quota,UR,Uttar Pradesh,"Rajkiya Med Coll, Jalaun",GENERAL MEDICINE,"₹40,000","₹1,00,980*",2*,"₹40,00,000*",Info Not Available,-,-,-,-,-,-,189(1),265(1),-,-
UP-DNB InS,SC Service,Uttar Pradesh,"Rani DurgavatiMedColl,Banda,UP",DCH(NBEMS),"₹1,25,000","₹80,000*",0*,₹0*,430,-,-,-,-,-,-,-,267(1),-,-
UP-DNB InS,SC Service,Uttar Pradesh,"Autonomous State MC, Firozabad",DA(NBEMS),"₹1,25,000","₹80,000*",0*,₹0*,244,-,-,-,-,-,126(1),-,268(1),273(1),-
UP-Govt Quota,UR,Uttar Pradesh,"GSVM Med Coll, Kanpur",ORTHOPAEDICS,"₹40,000","₹1,00,980*",2*,"₹40,00,000*",2083,249(3),344(3),50(1),-,-,263(1),263(1),272(1),893(1),-
UP-Govt Quota,BC,Uttar Pradesh,"KGMU, Lucknow",GENERAL SURGERY,"₹54,700*","₹1,09,955",2*,"₹40,00,000*",4500,284(4),289(4),-,17(1),-,271(4),271(4),273(4),-,-
UP-Govt Quota,BC,Uttar Pradesh,"MLN Med Coll, Allahabad",GENERAL MEDICINE,"₹40,000","₹1,00,980*",2*,"₹40,00,000*",Info Not Available,127(2),128(2),-,-,-,195(5),251(5),278(5),-,-
UP-Govt Quota,UR,Uttar Pradesh,"Dr RML IMS, Lucknow",GENERAL SURGERY,"₹37,500*","₹1,08,672",2*,"₹40,00,000*",Info Not Available,183(1),184(1),45(1),29(1),-,198(1),237(1),280(1),-,-
UP-Govt Quota,EW,Uttar Pradesh,"S N Med Coll, Agra",GENERAL MEDICINE,"₹40,000","₹1,00,980*",2*,"₹40,00,000*",976,111(1),112(1),-,-,-,178(2),231(2),286(2),-,-
UP-Govt Quota,UR,Uttar Pradesh,"GSVM Med Coll, Kanpur",OBG,"₹40,000","₹1,00,980*",2*,"₹40,00,000*",2083,255(3),284(3),29(1),-,-,249(3),288(3),290(3),-,-
UP-Govt Quota,BC,Uttar Pradesh,"S N Med Coll, Agra",GENERAL MEDICINE,"₹40,000","₹1,00,980*",2*,"₹40,00,000*",976,164(3),158(3),-,11(1),-,264(4),299(4),301(4),460(1),-
UP-Govt Quota,EW,Uttar Pradesh,"KGMU, Lucknow",PAEDIATRICS,"₹54,700*","₹1,09,955",2*,"₹40,00,000*",4500,137(1),138(1),-,-,-,231(2),317(2),303(2),-,-
UP-Govt Quota,EW,Uttar Pradesh,"GSVM Med Coll, Kanpur",GENERAL MEDICINE,"₹40,000","₹1,00,980*",2*,"₹40,00,000*",2083,117(1),118(1),-,-,-,131(1),131(1),319(1),-,-
UP-Govt Quota,UR,Uttar Pradesh,"BRD Med Coll, Gorakhpur",OBG,"₹40,000","₹1,00,980*",2*,"₹40,00,000*",1050,330(1),315(1),-,-,-,262(2),318(2),320(2),981(1),-
UP-Govt Quota,BC,Uttar Pradesh,"Govt IMS, Kasna",GENERAL MEDICINE,"₹40,000","₹1,00,980*",2*,"₹40,00,000*",500,-,-,-,-,-,310(2),319(2),321(2),-,-
UP-Govt Quota,UR,Uttar Pradesh,"MLN Med Coll, Allahabad",PAEDIATRICS,"₹40,000","₹1,00,980*",2*,"₹40,00,000*",Info Not Available,89(1),164(1),-,-,-,203(2),242(2),324(2),-,-
UP-Govt Quota,EW,Uttar Pradesh,"Dr RML IMS, Lucknow",OBG,"₹37,500*","₹1,08,672",2*,"₹40,00,000*",Info Not Available,-,-,-,-,-,325(1),325(1),327(1),-,-
UP-Govt Quota,BC,Uttar Pradesh,"MLB Med Coll, Jhansi",GENERAL MEDICINE,"₹40,000","₹1,00,980*",2*,"₹40,00,000*",700,180(2),202(2),-,-,-,277(1),315(1),331(2),-,-
UP-Govt Quota,EW,Uttar Pradesh,"SGPGI, Lucknow",NUCLEAR MEDICINE,"₹61,600*","₹1,11,780",2*,"₹40,00,000*",1609,-,-,-,-,-,332(1),332(1),334(1),-,-
UP-Govt Quota,UR,Uttar Pradesh,"Dr RML IMS, Lucknow",RADIATION ONCOLOGY,"₹37,500*","₹1,08,672",2*,"₹40,00,000*",Info Not Available,600(1),820(1),-,-,-,488(1),337(1),339(1),-,-
UP-Govt Quota,EW,Uttar Pradesh,"MLB Med Coll, Jhansi",GENERAL MEDICINE,"₹40,000","₹1,00,980*",2*,"₹40,00,000*",700,132(1),153(1),14(1),-,-,222(1),280(1),347(1),953(1),-
UP-Govt Quota,UR,Uttar Pradesh,"LLRM Med Coll, Meerut",PAEDIATRICS,"₹40,000","₹1,00,980*",2*,"₹40,00,000*",1090,123(1),242(1),-,8(1),-,199(3),221(3),354(3),773(1),-
UP-Govt Quota,UR,Uttar Pradesh,"KGMU, Lucknow",OPHTHALMOLOGY,"₹54,700*","₹1,09,955",2*,"₹40,00,000*",4500,356(1),378(1),-,-,-,326(1),353(1),355(1),-,-
UP-Govt Quota,BC,Uttar Pradesh,"KGMU, Lucknow",PSYCHIATRY,"₹54,700*","₹1,09,955",2*,"₹40,00,000*",4500,638(1),657(1),-,-,-,355(1),355(1),357(1),-,-
UP-Govt Quota,UR,Uttar Pradesh,"KGMU, Lucknow",ENT,"₹54,700*","₹1,09,955",2*,"₹40,00,000*",4500,513(2),527(2),-,-,-,356(1),356(1),358(1),-,-
UP-Govt Quota,EW,Uttar Pradesh,"Dr RML IMS, Lucknow",PAEDIATRICS,"₹37,500*","₹1,08,672",2*,"₹40,00,000*",Info Not Available,-,-,-,-,-,280(1),338(1),362(1),-,-
UP-Govt Quota,UR,Uttar Pradesh,"MLN Med Coll, Allahabad",OBG,"₹40,000","₹1,00,980*",2*,"₹40,00,000*",Info Not Available,276(2),337(2),-,-,-,240(3),296(3),364(3),-,-
UP-Govt Quota,EW,Uttar Pradesh,"KGMU, Lucknow",TBRD,"₹54,700*","₹1,09,955",2*,"₹40,00,000*",4500,444(1),453(1),-,-,-,371(1),371(1),373(1),-,-
UP-Govt Quota,BC,Uttar Pradesh,"BRD Med Coll, Gorakhpur",GENERAL MEDICINE,"₹40,000","₹1,00,980*",2*,"₹40,00,000*",1050,157(2),179(2),-,-,-,276(2),310(2),380(2),-,-
UP-Govt Quota,BC,Uttar Pradesh,"Shaik-ul-Hind, Saharanpur",GENERAL MEDICINE,"₹40,000","₹1,00,980*",2*,"₹40,00,000*",500,243(1),245(1),-,-,-,299(1),382(1),384(1),-,-
UP-Govt Quota,UR,Uttar Pradesh,"S N Med Coll, Agra",OBG,"₹40,000","₹1,00,980*",2*,"₹40,00,000*",976,329(3),414(3),-,30(1),-,288(3),322(3),385(3),-,-
UP-Govt Quota,SC,Uttar Pradesh,"LLRM Med Coll, Meerut",DERMATOLOGY,"₹40,000","₹1,00,980*",2*,"₹40,00,000*",1090,349(1),635(1),-,-,-,392(1),392(1),394(1),-,-
UP-Govt Quota,BC,Uttar Pradesh,"MLN Med Coll, Allahabad",PAEDIATRICS,"₹40,000","₹1,00,980*",2*,"₹40,00,000*",Info Not Available,160(1),161(1),-,-,-,426(1),393(1),395(1),-,-
UP-Govt Quota,UR,Uttar Pradesh,"GSVM Med Coll, Kanpur",PAEDIATRICS,"₹40,000","₹1,00,980*",2*,"₹40,00,000*",2083,103(2),283(2),-,-,-,221(3),243(4),406(4),513(1),-
UP-Govt Quota,UR,Uttar Pradesh,"MLN Med Coll, Allahabad",TBRD,"₹40,000","₹1,00,980*",2*,"₹40,00,000*",Info Not Available,366(2),496(2),66(1),-,-,404(1),405(1),407(1),-,-
UP-Govt Quota,BC,Uttar Pradesh,"Dr RML IMS, Lucknow",GENERAL SURGERY,"₹37,500*","₹1,08,672",2*,"₹40,00,000*",Info Not Available,298(1),303(1),-,-,-,406(1),406(1),408(1),-,-
UP-Govt Quota,UR,Uttar Pradesh,"Dr RML IMS, Lucknow",ORTHOPAEDICS,"₹37,500*","₹1,08,672",2*,"₹40,00,000*",Info Not Available,344(1),349(1),-,-,-,273(1),412(1),414(1),-,-
UP-Govt Quota,BC,Uttar Pradesh,"KGMU, Lucknow",PAEDIATRICS,"₹54,700*","₹1,09,955",2*,"₹40,00,000*",4500,214(4),236(4),22(2),41(2),-,234(3),363(3),417(3),-,-
UP-Govt Quota,UR,Uttar Pradesh,"S N Med Coll, Agra",PAEDIATRICS,"₹40,000","₹1,00,980*",2*,"₹40,00,000*",976,159(1),160(1),-,-,-,228(2),256(2),420(2),-,-
UP-Govt Quota,UR,Uttar Pradesh,"MLB Med Coll, Jhansi",PAEDIATRICS,"₹40,000","₹1,00,980*",2*,"₹40,00,000*",700,181(2),353(2),30(1),-,-,-,-,427(1),932(1),-
UP-Govt Quota,UR,Uttar Pradesh,"MLB Med Coll, Jhansi",OBG,"₹40,000","₹1,00,980*",2*,"₹40,00,000*",700,360(2),488(2),-,-,-,318(2),333(2),430(2),804(1),-
UP-Govt Quota,EW,Uttar Pradesh,"KGMU, Lucknow",OBG,"₹54,700*","₹1,09,955",2*,"₹40,00,000*",4500,231(1),233(1),-,-,-,365(2),259(2),435(2),-,-
UP-Govt Quota,SC,Uttar Pradesh,"KGMU, Lucknow",GENERAL MEDICINE,"₹54,700*","₹1,09,955",2*,"₹40,00,000*",4500,292(3),528(3),222(1),-,-,336(2),435(2),437(2),-,-
UP-Govt Quota,EW,Uttar Pradesh,"MLN Med Coll, Allahabad",PAEDIATRICS,"₹40,000","₹1,00,980*",2*,"₹40,00,000*",Info Not Available,252(1),255(1),-,-,-,301(1),437(1),439(1),-,-
UP-Govt Quota,EW,Uttar Pradesh,"LLRM Med Coll, Meerut",GENERAL SURGERY,"₹40,000","₹1,00,980*",2*,"₹40,00,000*",1090,542(1),558(1),-,-,-,546(1),763(1),441(1),-,-
UP-Govt Quota,EW,Uttar Pradesh,"GSVM Med Coll, Kanpur",OBG,"₹40,000","₹1,00,980*",2*,"₹40,00,000*",2083,307(1),312(1),-,-,-,433(1),433(1),448(1),-,-
UP-Govt Quota,UR,Uttar Pradesh,"LLRM Med Coll, Meerut",GENERAL SURGERY,"₹40,000","₹1,00,980*",2*,"₹40,00,000*",1090,392(4),398(4),-,-,-,459(3),459(3),461(3),1169(1),-
UP-Govt Quota,BC,Uttar Pradesh,"Dr RML IMS, Lucknow",PAEDIATRICS,"₹37,500*","₹1,08,672",2*,"₹40,00,000*",Info Not Available,-,-,-,-,-,363(2),447(2),464(2),-,-
UP-Govt Quota,SC,Uttar Pradesh,"Dr RML IMS, Lucknow",GENERAL MEDICINE,"₹37,500*","₹1,08,672",2*,"₹40,00,000*",Info Not Available,-,-,-,-,-,388(1),466(1),469(1),-,-
UP-Govt Quota,EW,Uttar Pradesh,"Govt IMS, Kasna",PAEDIATRICS,"₹40,000","₹1,00,980*",2*,"₹40,00,000*",500,-,-,-,-,-,317(1),470(1),473(1),-,-
UP-Govt Quota,UR,Uttar Pradesh,"UP Univ of Med Sci, Etawah",PAEDIATRICS,"₹40,000","₹1,00,980*",2*,"₹40,00,000*",1268,221(1),361(1),-,-,-,242(2),284(2),486(2),-,-
UP-Govt Quota,UR,Uttar Pradesh,"UP Univ of Med Sci, Etawah",OBG,"₹40,000","₹1,00,980*",2*,"₹40,00,000*",1268,-,-,35(1),40(1),-,333(1),341(1),489(1),-,-
UP-Govt Quota,SC,Uttar Pradesh,"GSVM Med Coll, Kanpur",RADIO DIAGNOSIS,"₹40,000","₹1,00,980*",2*,"₹40,00,000*",2083,319(1),324(1),-,-,-,111(1),489(1),492(1),-,-
UP-Govt Quota,BC,Uttar Pradesh,"KGMU, Lucknow",OBG,"₹54,700*","₹1,09,955",2*,"₹40,00,000*",4500,269(5),273(5),-,-,-,274(3),274(3),495(4),-,-
UP-Govt Quota,UR,Uttar Pradesh,"BRD Med Coll, Gorakhpur",ORTHOPAEDICS,"₹40,000","₹1,00,980*",2*,"₹40,00,000*",1050,365(1),401(1),-,-,-,350(1),494(1),497(1),-,-
UP-Govt Quota,UR,Uttar Pradesh,"SGPGI, Lucknow",PATHOLOGY,"₹61,600*","₹1,11,780",2*,"₹40,00,000*",1609,887(1),1555(1),-,-,-,495(1),495(1),498(1),-,-
UP-Govt Quota,BC,Uttar Pradesh,"BRD Med Coll, Gorakhpur",PAEDIATRICS,"₹40,000","₹1,00,980*",2*,"₹40,00,000*",1050,230(1),232(1),-,-,-,382(1),497(1),500(1),-,-
UP-Govt Quota,UR,Uttar Pradesh,"Govt Med Coll, Kannauj",PAEDIATRICS,"₹40,000","₹1,00,980*",2*,"₹40,00,000*",470,-,-,-,-,-,-,269(1),501(1),-,-
UP-Govt Quota,UR,Uttar Pradesh,"KGMU, Lucknow",TBRD,"₹54,700*","₹1,09,955",2*,"₹40,00,000*",4500,199(3),363(3),-,-,-,272(3),297(3),504(3),-,-
UP-Govt Quota,UR,Uttar Pradesh,"Rajkiya Med Coll, Jalaun",PAEDIATRICS,"₹40,000","₹1,00,980*",2*,"₹40,00,000*",Info Not Available,-,-,-,-,-,-,352(1),508(1),1034(1),-
UP-Govt Quota,UR,Uttar Pradesh,"Govt Med Coll, Kannauj",OBG,"₹40,000","₹1,00,980*",2*,"₹40,00,000*",470,-,-,-,-,-,-,342(1),523(1),-,-
UP-Govt Quota,UR,Uttar Pradesh,"GSVM Med Coll, Kanpur",GENERAL SURGERY,"₹40,000","₹1,00,980*",2*,"₹40,00,000*",2083,228(4),309(4),37(1),21(1),-,316(4),476(6),525(6),-,-
UP-Govt Quota,BC,Uttar Pradesh,"GSVM Med Coll, Kanpur",PAEDIATRICS,"₹40,000","₹1,00,980*",2*,"₹40,00,000*",2083,264(2),340(2),-,-,-,378(2),482(2),526(2),827(1),-
UP-Govt Quota,EW,Uttar Pradesh,"MLN Med Coll, Allahabad",GENERAL SURGERY,"₹40,000","₹1,00,980*",2*,"₹40,00,000*",Info Not Available,425(2),433(2),-,-,-,531(1),531(1),534(1),-,-
UP-Govt Quota,EW,Uttar Pradesh,"GSVM Med Coll, Kanpur",ORTHOPAEDICS,"₹40,000","₹1,00,980*",2*,"₹40,00,000*",2083,-,-,-,-,-,536(1),536(1),539(1),-,-
UP-Govt Quota,UR,Uttar Pradesh,"Shaik-ul-Hind, Saharanpur",OBG,"₹40,000","₹1,00,980*",2*,"₹40,00,000*",500,370(1),491(1),-,-,-,294(1),328(1),542(1),-,-
UP-Govt Quota,UR,Uttar Pradesh,"Govt IMS, Kasna",GENERAL SURGERY,"₹40,000","₹1,00,980*",2*,"₹40,00,000*",500,-,-,-,-,-,268(1),546(1),550(1),1226(1),-
UP-Govt Quota,UR,Uttar Pradesh,"KGMU, Lucknow",ORTHOPAEDICS,"₹54,700*","₹1,09,955",2*,"₹40,00,000*",4500,265(2),269(2),52(1),-,-,233(3),384(3),554(4),-,-
UP-Govt Quota,UR,Uttar Pradesh,"MLN Med Coll, Allahabad",GENERAL SURGERY,"₹40,000","₹1,00,980*",2*,"₹40,00,000*",Info Not Available,295(4),300(4),-,-,8(1),403(5),438(5),555(5),1168(2),-
UP-Govt Quota,UR,Uttar Pradesh,"LLRM Med Coll, Meerut",PSYCHIATRY,"₹40,000","₹1,00,980*",2*,"₹40,00,000*",1090,-,-,-,-,-,297(1),554(1),558(1),-,-
UP-Govt Quota,BC,Uttar Pradesh,"Dr RML IMS, Lucknow",OBG,"₹37,500*","₹1,08,672",2*,"₹40,00,000*",Info Not Available,322(1),327(1),-,-,-,278(1),278(1),561(1),-,-
UP-Govt Quota,UR,Uttar Pradesh,"GSVM Med Coll, Kanpur",TBRD,"₹40,000","₹1,00,980*",2*,"₹40,00,000*",2083,277(1),406(1),38(1),39(2),-,358(2),404(2),567(2),-,-
UP-Govt Quota,BC,Uttar Pradesh,"GSVM Med Coll, Kanpur",GENERAL SURGERY,"₹40,000","₹1,00,980*",2*,"₹40,00,000*",2083,353(2),358(2),57(1),-,-,449(2),449(2),569(3),-,-
UP-Govt Quota,BC,Uttar Pradesh,"GSVM Med Coll, Kanpur",OBG,"₹40,000","₹1,00,980*",2*,"₹40,00,000*",2083,310(1),359(1),-,-,-,440(3),487(4),575(4),-,-
UP-Govt Quota,EW,Uttar Pradesh,"MLB Med Coll, Jhansi",OBG,"₹40,000","₹1,00,980*",2*,"₹40,00,000*",700,-,-,-,-,-,446(1),446(1),577(1),-,-
UP-Govt Quota,BC,Uttar Pradesh,"MLN Med Coll, Allahabad",OBG,"₹40,000","₹1,00,980*",2*,"₹40,00,000*",Info Not Available,351(1),356(1),-,-,-,487(2),492(2),579(2),-,-
UP-Govt Quota,UR,Uttar Pradesh,"UP Univ of Med Sci, Etawah",ORTHOPAEDICS,"₹40,000","₹1,00,980*",2*,"₹40,00,000*",1268,414(2),486(2),-,-,-,505(1),576(1),580(1),-,-
UP-Govt Quota,UR,Uttar Pradesh,"Rajkiya Med Coll, Jalaun",OBG,"₹40,000","₹1,00,980*",2*,"₹40,00,000*",Info Not Available,-,-,-,-,-,-,362(1),582(1),-,-
UP-Govt Quota,BC,Uttar Pradesh,"LLRM Med Coll, Meerut",OBG,"₹40,000","₹1,00,980*",2*,"₹40,00,000*",1090,451(2),524(2),-,-,-,575(2),575(2),586(2),-,-
UP-Govt Quota,EW,Uttar Pradesh,"S N Med Coll, Agra",OBG,"₹40,000","₹1,00,980*",2*,"₹40,00,000*",976,313(1),441(1),-,-,-,-,-,614(1),2572(1),-
UP-Govt Quota,BC,Uttar Pradesh,"LLRM Med Coll, Meerut",PAEDIATRICS,"₹40,000","₹1,00,980*",2*,"₹40,00,000*",1090,335(1),389(1),-,-,-,463(2),614(2),618(2),-,-
UP-Govt Quota,UR,Uttar Pradesh,"LLRM Med Coll, Meerut",ORTHOPAEDICS,"₹40,000","₹1,00,980*",2*,"₹40,00,000*",1090,413(1),432(1),58(1),19(1),-,496(2),519(2),622(2),1102(1),-
UP-Govt Quota,UR,Uttar Pradesh,"BRD Med Coll, Gorakhpur",GENERAL SURGERY,"₹40,000","₹1,00,980*",2*,"₹40,00,000*",1050,398(2),492(2),-,-,-,432(2),496(2),624(2),-,-
UP-Govt Quota,BC,Uttar Pradesh,"KGMU, Lucknow",TBRD,"₹54,700*","₹1,09,955",2*,"₹40,00,000*",4500,291(2),296(2),-,-,-,461(2),611(2),630(2),-,-
UP-Govt Quota,UR,Uttar Pradesh,"MLB Med Coll, Jhansi",TBRD,"₹40,000","₹1,00,980*",2*,"₹40,00,000*",700,391(1),514(1),83(1),-,-,421(1),416(1),632(1),-,-
UP-Govt Quota,BC,Uttar Pradesh,"Rajkiya Med Coll, Jalaun",PAEDIATRICS,"₹40,000","₹1,00,980*",2*,"₹40,00,000*",Info Not Available,-,-,-,-,-,-,628(1),634(1),-,-
UP-Govt Quota,UR,Uttar Pradesh,"Dr RML IMS, Lucknow",ENT,"₹37,500*","₹1,08,672",2*,"₹40,00,000*",Info Not Available,567(1),629(1),-,-,-,416(1),529(1),641(1),-,-
UP-Govt Quota,BC,Uttar Pradesh,"GSVM Med Coll, Kanpur",TBRD,"₹40,000","₹1,00,980*",2*,"₹40,00,000*",2083,-,-,-,-,-,560(1),648(1),654(1),-,1441(1)
UP-Govt Quota,BC,Uttar Pradesh,"UP Univ of Med Sci, Etawah",OBG,"₹40,000","₹1,00,980*",2*,"₹40,00,000*",1268,-,-,-,-,-,649(1),649(1),655(1),-,-
UP-Govt Quota,BC,Uttar Pradesh,"S N Med Coll, Agra",OBG,"₹40,000","₹1,00,980*",2*,"₹40,00,000*",976,449(2),537(2),-,-,-,557(1),557(1),658(1),801(1),1147(1)
UP-Govt Quota,UR,Uttar Pradesh,"MLN Med Coll, Allahabad",OPHTHALMOLOGY,"₹40,000","₹1,00,980*",2*,"₹40,00,000*",Info Not Available,389(2),434(2),-,-,-,409(3),499(3),670(3),1519(1),-
UP-Govt Quota,UR,Uttar Pradesh,"Dr RML IMS, Lucknow",EMERGENCY MEDICINE,"₹37,500*","₹1,08,672",2*,"₹40,00,000*",Info Not Available,-,-,88(1),-,-,402(1),488(1),680(1),-,-
UP-Govt Quota,UR,Uttar Pradesh,"S N Med Coll, Agra",GENERAL SURGERY,"₹40,000","₹1,00,980*",2*,"₹40,00,000*",976,382(4),391(4),-,-,-,456(4),475(4),684(5),-,-
UP-Govt Quota,UR,Uttar Pradesh,"UP Univ of Med Sci, Etawah",GENERAL SURGERY,"₹40,000","₹1,00,980*",2*,"₹40,00,000*",1268,309(2),405(2),-,-,-,451(2),522(2),687(2),-,-
UP-Govt Quota,BC,Uttar Pradesh,"BRD Med Coll, Gorakhpur",OBG,"₹40,000","₹1,00,980*",2*,"₹40,00,000*",1050,384(1),458(1),-,-,-,511(2),571(2),692(2),1086(1),-
UP-Govt Quota,UR,Uttar Pradesh,"MLB Med Coll, Jhansi",GENERAL SURGERY,"₹40,000","₹1,00,980*",2*,"₹40,00,000*",700,440(3),500(3),81(1),36(3),-,484(3),540(3),693(3),-,-
UP-Govt Quota,BC,Uttar Pradesh,"MLB Med Coll, Jhansi",DMRD,"₹40,000","₹1,00,980*",2*,"₹20,00,000*",700,-,-,-,-,-,393(1),582(1),694(1),-,-
UP-Govt Quota,UR,Uttar Pradesh,"RIO, Sitapur",OPHTHALMOLOGY,"₹40,000","₹1,00,980*",2*,"₹40,00,000*",500,776(3),776(3),203(1),-,-,537(2),520(2),696(2),-,-
UP-Govt Quota,EW,Uttar Pradesh,"S N Med Coll, Agra",TBRD,"₹40,000","₹1,00,980*",2*,"₹40,00,000*",976,495(1),507(1),-,-,-,516(1),563(1),703(1),-,2120(1)
UP-Govt Quota,EW,Uttar Pradesh,"KGMU, Lucknow",OPHTHALMOLOGY,"₹54,700*","₹1,09,955",2*,"₹40,00,000*",4500,559(1),622(1),182(1),125(1),68(1),-,-,705(1),1912(1),-
UP-Govt Quota,BC,Uttar Pradesh,"S N Med Coll, Agra",TBRD,"₹40,000","₹1,00,980*",2*,"₹40,00,000*",976,-,-,-,-,-,702(1),702(1),708(1),-,-
UP-Govt Quota,UR,Uttar Pradesh,"KGMU, Lucknow",RADIATION ONCOLOGY,"₹54,700*","₹1,09,955",2*,"₹40,00,000*",4500,-,-,-,-,-,327(1),705(1),711(1),-,-
UP-Govt Quota,BC,Uttar Pradesh,"Govt Med Coll, Kannauj",OBG,"₹40,000","₹1,00,980*",2*,"₹40,00,000*",470,-,-,-,-,-,-,710(1),716(1),-,-
UP-Govt Quota,UR,Uttar Pradesh,"UP Univ of Med Sci, Etawah",TBRD,"₹40,000","₹1,00,980*",2*,"₹40,00,000*",1268,390(1),520(1),-,-,-,405(1),501(1),717(1),-,-
UP-Govt Quota,BC,Uttar Pradesh,"S N Med Coll, Agra",PAEDIATRICS,"₹40,000","₹1,00,980*",2*,"₹40,00,000*",976,323(1),386(1),-,-,-,497(1),606(1),722(1),-,-
UP-Govt Quota,BC,Uttar Pradesh,"UP Univ of Med Sci, Etawah",PAEDIATRICS,"₹40,000","₹1,00,980*",2*,"₹40,00,000*",1268,345(2),439(2),-,-,-,508(2),523(2),724(2),-,-
UP-Govt Quota,BC,Uttar Pradesh,"Govt Med Coll, Kannauj",PAEDIATRICS,"₹40,000","₹1,00,980*",2*,"₹40,00,000*",470,-,-,-,-,-,-,714(1),730(1),-,-
UP-Govt Quota,UR,Uttar Pradesh,"S N Med Coll, Agra",PSYCHIATRY,"₹40,000","₹1,00,980*",2*,"₹40,00,000*",976,399(1),529(1),140(1),-,-,486(1),545(1),735(2),-,1696(1)
UP-Govt Quota,BC,Uttar Pradesh,"MLN Med Coll, Allahabad",GENERAL SURGERY,"₹40,000","₹1,00,980*",2*,"₹40,00,000*",Info Not Available,441(3),545(3),-,-,-,445(2),559(2),736(3),-,-
UP-Govt Quota,BC,Uttar Pradesh,"MLB Med Coll, Jhansi",OBG,"₹40,000","₹1,00,980*",2*,"₹40,00,000*",700,458(2),585(2),59(1),-,-,582(1),511(1),747(1),-,-
UP-Govt Quota,EW,Uttar Pradesh,"KGMU, Lucknow",PSYCHIATRY,"₹54,700*","₹1,09,955",2*,"₹40,00,000*",4500,-,-,210(1),-,-,740(1),740(1),748(1),-,-
UP-Govt Quota,BC,Uttar Pradesh,"KGMU, Lucknow",TRAUMATOLOGY AND SURGERY,"₹54,700*","₹1,09,955",2*,"₹40,00,000*",4500,771(1),800(1),-,-,-,-,-,749(1),2739(1),-
UP-Govt Quota,EW,Uttar Pradesh,"UP Univ of Med Sci, Etawah",OBG,"₹40,000","₹1,00,980*",2*,"₹40,00,000*",1268,-,-,-,-,-,517(1),517(1),752(1),-,-
UP-Govt Quota,BC,Uttar Pradesh,"LLRM Med Coll, Meerut",GENERAL SURGERY,"₹40,000","₹1,00,980*",2*,"₹40,00,000*",1090,522(2),683(2),-,-,-,642(3),719(3),762(3),-,-
UP-Govt Quota,BC,Uttar Pradesh,"Govt IMS, Kasna",GENERAL SURGERY,"₹40,000","₹1,00,980*",2*,"₹40,00,000*",500,-,-,-,-,-,685(1),759(1),767(1),-,-
UP-Govt Quota,EW,Uttar Pradesh,"GSVM Med Coll, Kanpur",GENERAL SURGERY,"₹40,000","₹1,00,980*",2*,"₹40,00,000*",2083,-,-,-,-,-,439(1),541(1),772(1),-,-
UP-Govt Quota,BC,Uttar Pradesh,"SGPGI, Lucknow",OPHTHALMOLOGY,"₹61,600*","₹1,11,780",2*,"₹40,00,000*",1609,-,-,-,-,-,769(1),769(1),778(1),-,-
UP-Govt Quota,UR,Uttar Pradesh,"Govt IMS, Kasna",ORTHOPAEDICS,"₹40,000","₹1,00,980*",2*,"₹40,00,000*",500,-,-,-,-,-,412(1),505(1),780(1),-,-
UP-Govt Quota,UR,Uttar Pradesh,"GSVM Med Coll, Kanpur",ENT,"₹40,000","₹1,00,980*",2*,"₹40,00,000*",2083,610(1),775(1),-,-,-,578(1),626(1),782(1),1731(1),-
UP-Govt Quota,BC,Uttar Pradesh,"GSVM Med Coll, Kanpur",ORTHOPAEDICS,"₹40,000","₹1,00,980*",2*,"₹40,00,000*",2083,296(1),301(1),60(1),45(1),-,419(2),419(2),783(2),-,-
UP-Govt Quota,UR,Uttar Pradesh,"Shaik-ul-Hind, Saharanpur",GENERAL SURGERY,"₹40,000","₹1,00,980*",2*,"₹40,00,000*",500,489(1),559(1),92(1),-,-,-,-,788(1),-,-
UP-Govt Quota,EW,Uttar Pradesh,"MLN Med Coll, Allahabad",ORTHOPAEDICS,"₹40,000","₹1,00,980*",2*,"₹40,00,000*",Info Not Available,-,-,-,-,-,563(1),603(1),796(1),-,-
UP-Govt Quota,UR,Uttar Pradesh,"LLRM Med Coll, Meerut",OPHTHALMOLOGY,"₹40,000","₹1,00,980*",2*,"₹40,00,000*",1090,521(2),606(2),-,-,-,386(2),647(2),797(2),-,-
UP-Govt Quota,UR,Uttar Pradesh,"Govt Allopathic Med Coll,Banda",GENERAL SURGERY,"₹40,000","₹1,00,980*",2*,"₹40,00,000*",430,-,-,-,-,-,514(1),639(1),811(1),-,-
UP-Govt Quota,UR,Uttar Pradesh,"S N Med Coll, Agra",ORTHOPAEDICS,"₹40,000","₹1,00,980*",2*,"₹40,00,000*",976,402(1),409(1),-,-,-,474(2),550(2),813(3),1007(1),-
UP-Govt Quota,BC,Uttar Pradesh,"BRD Med Coll, Gorakhpur",DCH,"₹40,000","₹1,00,980*",2*,"₹20,00,000*",1050,-,-,-,-,-,999(1),806(1),816(1),-,-
UP Priv-Open Quota,UR,Uttar Pradesh,"SMSR, Greater Noida",RADIO DIAGNOSIS,"₹25,40,649*","₹32,000",0,₹0,1200,859(10),891(10),-,-,-,605(10),802(10),817(10),-,-
UP-Govt Quota,UR,Uttar Pradesh,"MLB Med Coll, Jhansi",ORTHOPAEDICS,"₹40,000","₹1,00,980*",2*,"₹40,00,000*",700,428(1),436(1),-,-,-,577(2),653(2),818(2),-,-
UP-Govt Quota,BC,Uttar Pradesh,"KGMU, Lucknow",ORTHOPAEDICS,"₹54,700*","₹1,09,955",2*,"₹40,00,000*",4500,274(1),278(1),-,-,-,300(2),300(2),823(2),-,-
UP-Govt Quota,BC,Uttar Pradesh,"MLN Med Coll, Allahabad",ORTHOPAEDICS,"₹40,000","₹1,00,980*",2*,"₹40,00,000*",Info Not Available,395(2),402(2),-,-,-,530(1),621(1),824(1),-,-
UP-Govt Quota,UR,Uttar Pradesh,"Govt Med Coll, Bahraich",ORTHOPAEDICS,"₹40,000","₹1,00,980*",2*,"₹40,00,000*",-,-,-,-,-,-,617(1),680(1),826(1),1427(1),-
UP-Govt Quota,BC,Uttar Pradesh,"S N Med Coll, Agra",ORTHOPAEDICS,"₹40,000","₹1,00,980*",2*,"₹40,00,000*",976,415(1),422(1),-,57(1),-,538(1),716(1),829(1),-,-
UP-Govt Quota,BC,Uttar Pradesh,"LLRM Med Coll, Meerut",OPHTHALMOLOGY,"₹40,000","₹1,00,980*",2*,"₹40,00,000*",1090,841(2),989(2),-,-,-,820(1),820(1),830(1),-,-
UP-Govt Quota,EW,Uttar Pradesh,"Rajkiya Med Coll, Jalaun",ORTHOPAEDICS,"₹40,000","₹1,00,980*",2*,"₹40,00,000*",Info Not Available,-,-,-,-,-,-,830(1),840(1),1869(1),-
UP-Govt Quota,UR,Uttar Pradesh,"GSVM Med Coll, Kanpur",OPHTHALMOLOGY,"₹40,000","₹1,00,980*",2*,"₹40,00,000*",2083,416(2),589(2),-,-,-,368(1),483(1),841(2),1748(1),-
UP-Govt Quota,BC,Uttar Pradesh,"S N Med Coll, Agra",OPHTHALMOLOGY,"₹40,000","₹1,00,980*",2*,"₹40,00,000*",976,947(1),1076(1),-,-,-,832(1),832(1),842(1),-,-
UP-Govt Quota,EW,Uttar Pradesh,"MLB Med Coll, Jhansi",GENERAL SURGERY,"₹40,000","₹1,00,980*",2*,"₹40,00,000*",700,-,-,-,-,-,564(1),838(1),848(1),-,-
UP-Govt Quota,UR,Uttar Pradesh,"UP Univ of Med Sci, Etawah",OPHTHALMOLOGY,"₹40,000","₹1,00,980*",2*,"₹40,00,000*",1268,-,-,-,-,-,522(1),690(1),849(1),-,-
UP-Govt Quota,UR,Uttar Pradesh,"Shaik-ul-Hind, Saharanpur",ORTHOPAEDICS,"₹40,000","₹1,00,980*",2*,"₹40,00,000*",500,-,-,-,-,-,592(1),617(1),858(1),-,-
UP-Govt Quota,SC,Uttar Pradesh,"KGMU, Lucknow",PAEDIATRICS,"₹54,700*","₹1,09,955",2*,"₹40,00,000*",4500,658(3),946(3),-,-,-,691(3),691(3),863(3),-,3304(1)
UP-Govt Quota,EW,Uttar Pradesh,"MLN Med Coll, Allahabad",OPHTHALMOLOGY,"₹40,000","₹1,00,980*",2*,"₹40,00,000*",Info Not Available,667(1),688(1),-,-,-,856(1),856(1),868(1),-,-
UP-Govt Quota,EW,Uttar Pradesh,"BRD Med Coll, Gorakhpur",GENERAL SURGERY,"₹40,000","₹1,00,980*",2*,"₹40,00,000*",1050,506(1),641(1),-,-,-,541(1),859(1),871(1),-,-
UP-Govt Quota,BC,Uttar Pradesh,"MLN Med Coll, Allahabad",TBRD,"₹40,000","₹1,00,980*",2*,"₹40,00,000*",Info Not Available,381(1),509(1),-,-,-,611(1),715(1),872(1),-,-
UP-Govt Quota,BC,Uttar Pradesh,"SGPGI, Lucknow",EMERGENCY MEDICINE,"₹61,600*","₹1,11,780",2*,"₹40,00,000*",1609,538(1),554(1),-,-,-,663(1),741(1),876(1),-,-
UP-Govt Quota,EW,Uttar Pradesh,"S N Med Coll, Agra",GENERAL SURGERY,"₹40,000","₹1,00,980*",2*,"₹40,00,000*",976,519(1),533(1),-,-,-,597(1),781(1),884(2),1545(1),-
UP-Govt Quota,BC,Uttar Pradesh,"KGMU, Lucknow",EMERGENCY MEDICINE,"₹54,700*","₹1,09,955",2*,"₹40,00,000*",4500,-,-,-,-,-,725(1),725(1),902(1),1634(1),-
UP-Govt Quota,BC,Uttar Pradesh,"UP Univ of Med Sci, Etawah",TBRD,"₹40,000","₹1,00,980*",2*,"₹40,00,000*",1268,510(2),579(2),-,-,-,715(1),688(1),906(1),-,-
UP-Govt Quota,UR,Uttar Pradesh,"S N Med Coll, Agra",OPHTHALMOLOGY,"₹40,000","₹1,00,980*",2*,"₹40,00,000*",976,548(2),618(2),-,-,-,431(2),664(2),907(2),-,-
UP-Govt Quota,BC,Uttar Pradesh,"MLN Med Coll, Allahabad",PSYCHIATRY,"₹40,000","₹1,00,980*",2*,"₹40,00,000*",Info Not Available,-,-,-,-,-,896(1),896(1),908(1),-,-
UP-Govt Quota,UR,Uttar Pradesh,"Govt Allopathic Med Coll,Banda",ENT,"₹40,000","₹1,00,980*",2*,"₹40,00,000*",430,-,-,-,-,-,680(1),903(1),915(1),2337(1),-
UP-Govt Quota,BC,Uttar Pradesh,"LLRM Med Coll, Meerut",ORTHOPAEDICS,"₹40,000","₹1,00,980*",2*,"₹40,00,000*",1090,492(1),504(1),-,-,-,-,-,922(1),-,-
UP-Govt Quota,EW,Uttar Pradesh,"SGPGI, Lucknow",RADIATION ONCOLOGY,"₹61,600*","₹1,11,780",2*,"₹40,00,000*",1609,-,-,-,-,-,915(1),915(1),927(1),-,-
UP-Govt Quota,EW,Uttar Pradesh,"UP Univ of Med Sci, Etawah",GENERAL SURGERY,"₹40,000","₹1,00,980*",2*,"₹40,00,000*",1268,-,-,-,-,-,659(1),659(1),928(1),1932(1),-
UP-Govt Quota,EW,Uttar Pradesh,"UP Univ of Med Sci, Etawah",ORTHOPAEDICS,"₹40,000","₹1,00,980*",2*,"₹40,00,000*",1268,-,-,-,-,-,576(1),786(1),930(1),1289(1),-
UP-Govt Quota,UR,Uttar Pradesh,"MLB Med Coll, Jhansi",OPHTHALMOLOGY,"₹40,000","₹1,00,980*",2*,"₹40,00,000*",700,563(1),765(1),-,-,-,500(1),500(1),935(1),1816(1),-
UP-Govt Quota,BC,Uttar Pradesh,"BRD Med Coll, Gorakhpur",ORTHOPAEDICS,"₹40,000","₹1,00,980*",2*,"₹40,00,000*",1050,-,-,-,-,-,562(1),620(1),938(1),1113(1),-
UP-Govt Quota,UR,Uttar Pradesh,"MLN Med Coll, Allahabad",ENT,"₹40,000","₹1,00,980*",2*,"₹40,00,000*",Info Not Available,599(1),811(1),180(1),95(1),-,586(1),635(1),942(1),-,-
UP-Govt Quota,BC,Uttar Pradesh,"UP Univ of Med Sci, Etawah",ORTHOPAEDICS,"₹40,000","₹1,00,980*",2*,"₹40,00,000*",1268,-,-,-,-,-,589(1),773(1),944(1),-,-
UP-Govt Quota,BC,Uttar Pradesh,"BRD Med Coll, Gorakhpur",GENERAL SURGERY,"₹40,000","₹1,00,980*",2*,"₹40,00,000*",1050,577(2),714(2),-,-,-,662(2),662(2),950(2),1377(1),-
UP-Govt Quota,BC,Uttar Pradesh,"S N Med Coll, Agra",GENERAL SURGERY,"₹40,000","₹1,00,980*",2*,"₹40,00,000*",976,578(2),634(2),-,-,-,565(2),686(2),962(3),1195(1),-
UP-Govt Quota,UR,Uttar Pradesh,"BRD Med Coll, Gorakhpur",PSYCHIATRY,"₹40,000","₹1,00,980*",2*,"₹40,00,000*",1050,434(1),443(1),96(1),86(1),-,501(1),727(1),969(1),1348(1),-
UP-Govt Quota,UR,Uttar Pradesh,"SGPGI, Lucknow",ANAESTHESIOLOGY,"₹61,600*","₹1,11,780",2*,"₹40,00,000*",1609,732(3),758(3),-,106(1),-,661(2),661(2),972(3),-,-
UP-Govt Quota,UR,Uttar Pradesh,"Govt Med Coll, Kannauj",ORTHOPAEDICS,"₹40,000","₹1,00,980*",2*,"₹40,00,000*",470,-,-,-,-,-,-,674(1),976(1),1167(1),-
UP-Govt Quota,BC,Uttar Pradesh,"Govt Med Coll, Kannauj",ORTHOPAEDICS,"₹40,000","₹1,00,980*",2*,"₹40,00,000*",470,-,-,-,-,-,-,814(1),987(1),-,-
UP-Govt Quota,UR,Uttar Pradesh,"MLB Med Coll, Jhansi",ENT,"₹40,000","₹1,00,980*",2*,"₹40,00,000*",700,676(1),844(1),-,-,-,593(2),758(2),988(2),-,-
UP-Govt Quota,BC,Uttar Pradesh,"MLB Med Coll, Jhansi",ORTHOPAEDICS,"₹40,000","₹1,00,980*",2*,"₹40,00,000*",700,517(1),549(1),-,-,-,621(1),667(1),989(1),-,-
UP-Govt Quota,EW,Uttar Pradesh,"KGMU, Lucknow",EMERGENCY MEDICINE,"₹54,700*","₹1,09,955",2*,"₹40,00,000*",4500,-,-,-,-,-,742(1),742(1),998(1),2180(1),-
UP Priv-Open Quota,UR,Uttar Pradesh,"KD Med Coll, Mathura",RADIO DIAGNOSIS,"₹21,63,946*","₹32,000",0,₹0,720,1232(2),1302(2),-,-,-,995(2),995(2),1008(2),-,-
UP-Govt Quota,SC,Uttar Pradesh,"GSVM Med Coll, Kanpur",PAEDIATRICS,"₹40,000","₹1,00,980*",2*,"₹40,00,000*",2083,673(1),1051(1),-,-,-,997(1),997(1),1010(1),-,-
UP-Govt Quota,UR,Uttar Pradesh,"BRD Med Coll, Gorakhpur",ENT,"₹40,000","₹1,00,980*",2*,"₹40,00,000*",1050,747(1),906(1),-,-,-,619(1),770(1),1019(1),1908(1),-
UP-Govt Quota,UR,Uttar Pradesh,"Govt Med Coll, Kannauj",ENT,"₹40,000","₹1,00,980*",2*,"₹40,00,000*",470,-,-,-,-,-,-,964(1),1028(1),-,-
UP-Govt Quota,UR,Uttar Pradesh,"IMHH, Agra",PSYCHIATRY,"₹40,000","₹1,00,980*",2*,"₹40,00,000*",718,377(1),588(1),166(1),74(1),-,275(2),633(2),1029(2),-,-
UP-Govt Quota,SC,Uttar Pradesh,"GSVM Med Coll, Kanpur",GENERAL MEDICINE,"₹40,000","₹1,00,980*",2*,"₹40,00,000*",2083,412(2),563(2),-,-,-,489(3),852(3),1030(3),-,-
UP-Govt Quota,BC,Uttar Pradesh,"Govt IMS, Kasna",ENT,"₹40,000","₹1,00,980*",2*,"₹40,00,000*",500,-,-,-,-,-,931(1),1027(1),1040(1),-,-
UP-Govt Quota,EW,Uttar Pradesh,"Govt Med Coll, Kannauj",GENERAL SURGERY,"₹40,000","₹1,00,980*",2*,"₹40,00,000*",470,-,-,-,-,-,-,1041(1),1054(1),-,-
UP-Govt Quota,SC,Uttar Pradesh,"MLN Med Coll, Allahabad",GENERAL MEDICINE,"₹40,000","₹1,00,980*",2*,"₹40,00,000*",Info Not Available,494(3),745(3),-,-,64(1),852(2),1017(2),1056(2),-,-
UP-Govt Quota,EW,Uttar Pradesh,"Rajkiya Med Coll, Jalaun",GENERAL SURGERY,"₹40,000","₹1,00,980*",2*,"₹40,00,000*",Info Not Available,-,-,-,-,-,-,-,1060(1),-,-
UP-Govt Quota,BC,Uttar Pradesh,"KGMU, Lucknow",RADIATION ONCOLOGY,"₹54,700*","₹1,09,955",2*,"₹40,00,000*",4500,1678(1),1786(1),-,-,-,556(1),734(1),1069(1),2536(1),-
UP-Govt Quota,SC,Uttar Pradesh,"LLRM Med Coll, Meerut",DDVL,"₹40,000","₹1,00,980*",2*,"₹20,00,000*",1090,-,-,-,-,-,1058(1),1058(1),1071(1),-,-
UP-Govt Quota,BC,Uttar Pradesh,"MLB Med Coll, Jhansi",GENERAL SURGERY,"₹40,000","₹1,00,980*",2*,"₹40,00,000*",700,615(2),747(2),-,-,-,686(2),739(2),1077(2),-,-
UP-Govt Quota,BC,Uttar Pradesh,"UP Univ of Med Sci, Etawah",GENERAL SURGERY,"₹40,000","₹1,00,980*",2*,"₹40,00,000*",1268,469(1),711(1),104(1),56(1),-,719(2),754(2),1081(2),-,-
UP-Govt Quota,BC,Uttar Pradesh,"MLN Med Coll, Allahabad",OPHTHALMOLOGY,"₹40,000","₹1,00,980*",2*,"₹40,00,000*",Info Not Available,741(2),873(2),-,103(1),-,814(2),1069(2),1082(2),-,-
UP-Govt Quota,BC,Uttar Pradesh,"Govt Med Coll, Bahraich",ORTHOPAEDICS,"₹40,000","₹1,00,980*",2*,"₹40,00,000*",-,-,-,-,-,-,716(1),813(1),1085(1),-,-
UP-Govt Quota,UR,Uttar Pradesh,"Govt IMS, Kasna",ANAESTHESIOLOGY,"₹40,000","₹1,00,980*",2*,"₹40,00,000*",500,-,-,-,-,-,633(1),1053(1),1091(1),2081(1),-
UP-Govt Quota,UR,Uttar Pradesh,"KGMU, Lucknow",ANAESTHESIOLOGY,"₹54,700*","₹1,09,955",2*,"₹40,00,000*",4500,819(9),904(9),196(1),105(1),-,707(9),924(9),1098(9),1667(2),-
UP-Govt Quota,EW,Uttar Pradesh,"LLRM Med Coll, Meerut",ENT,"₹40,000","₹1,00,980*",2*,"₹40,00,000*",1090,1230(1),1300(1),-,-,-,898(1),1086(1),1100(1),-,-
UP-Govt Quota,SC,Uttar Pradesh,"MLN Med Coll, Allahabad",PAEDIATRICS,"₹40,000","₹1,00,980*",2*,"₹40,00,000*",Info Not Available,681(1),1327(1),-,-,-,1145(1),1091(1),1105(1),-,-
UP-Govt Quota,BC,Uttar Pradesh,"Dr RML IMS, Lucknow",RADIATION ONCOLOGY,"₹37,500*","₹1,08,672",2*,"₹40,00,000*",Info Not Available,1471(1),1560(1),-,-,-,1095(1),1095(1),1109(1),-,-
UP-Govt Quota,SC,Uttar Pradesh,"Dr RML IMS, Lucknow",GENERAL SURGERY,"₹37,500*","₹1,08,672",2*,"₹40,00,000*",Info Not Available,944(1),985(1),408(1),-,-,1102(1),1102(1),1116(1),-,-
UP-Govt Quota,BC,Uttar Pradesh,"BRD Med Coll, Gorakhpur",DGO,"₹40,000","₹1,00,980*",2*,"₹20,00,000*",1050,-,-,-,-,-,1074(1),1106(1),1120(1),-,-
UP-Govt Quota,EW,Uttar Pradesh,"BRD Med Coll, Gorakhpur",OPHTHALMOLOGY,"₹40,000","₹1,00,980*",2*,"₹40,00,000*",1050,-,-,-,-,-,744(1),1358(1),1126(1),2412(1),-
UP-Govt Quota,EW,Uttar Pradesh,"SGPGI, Lucknow",ANAESTHESIOLOGY,"₹61,600*","₹1,11,780",2*,"₹40,00,000*",1609,1016(1),1067(1),-,-,-,-,-,1127(1),2679(1),-
UP-Govt Quota,SC,Uttar Pradesh,"LLRM Med Coll, Meerut",OPHTHALMOLOGY,"₹40,000","₹1,00,980*",2*,"₹40,00,000*",1090,-,-,-,-,-,1115(1),1115(1),1129(1),-,-
UP-Govt Quota,UR,Uttar Pradesh,"Dr RML IMS, Lucknow",ANAESTHESIOLOGY,"₹37,500*","₹1,08,672",2*,"₹40,00,000*",Info Not Available,821(2),852(2),233(2),102(1),-,717(3),934(3),1137(3),-,-
UP-Govt Quota,SC,Uttar Pradesh,"MLB Med Coll, Jhansi",GENERAL MEDICINE,"₹40,000","₹1,00,980*",2*,"₹40,00,000*",700,616(1),876(1),-,-,-,951(1),1145(1),1159(1),-,-
UP-Govt Quota,BC,Uttar Pradesh,"Govt Allopathic Med Coll,Banda",GENERAL SURGERY,"₹40,000","₹1,00,980*",2*,"₹40,00,000*",430,-,-,-,-,-,739(1),853(1),1161(1),-,-
UP Priv-Open Quota,UR,Uttar Pradesh,Muzaffarnagar Medical College,RADIO DIAGNOSIS,"₹23,23,197*","₹56,100*",1*,₹0*,857,957(6),1000(6),112(2),75(1),39(1),1092(6),1164(6),1179(6),-,-
UP-Govt Quota,BC,Uttar Pradesh,"MLB Med Coll, Jhansi",OPHTHALMOLOGY,"₹40,000","₹1,00,980*",2*,"₹40,00,000*",700,-,-,-,-,-,927(1),1165(1),1180(1),-,-
UP-Govt Quota,BC,Uttar Pradesh,"MLB Med Coll, Jhansi",DCH,"₹40,000","₹1,00,980*",2*,"₹20,00,000*",700,-,-,-,-,-,1062(1),1152(1),1183(1),-,-
UP-Govt Quota,BC,Uttar Pradesh,"RIO, Sitapur",OPHTHALMOLOGY,"₹40,000","₹1,00,980*",2*,"₹40,00,000*",500,1092(2),1187(2),239(1),-,-,890(2),1178(2),1194(2),2261(1),-
UP Priv-Open Quota,UR,Uttar Pradesh,"SMSR, Greater Noida",DERMATOLOGY,"₹25,40,649*","₹32,000",0,₹0,1200,1051(4),1104(4),-,-,-,969(4),1181(4),1197(4),-,-
UP-Govt Quota,UR,Uttar Pradesh,"Govt Med Coll, Kannauj",OPHTHALMOLOGY,"₹40,000","₹1,00,980*",2*,"₹40,00,000*",470,-,-,-,-,-,-,787(1),1205(1),-,-
UP Priv-Open Quota,UR,Uttar Pradesh,"Subharti Med Coll, Meerut",RADIO DIAGNOSIS,"₹14,43,744*","₹30,000*",2*,₹0*,938,846(5),878(5),-,-,-,767(6),1191(6),1207(6),-,2806(1)
UP-Govt Quota,UR,Uttar Pradesh,"Govt Med Coll, Azamgarh",ENT,"₹40,000","₹1,00,980*",2*,"₹40,00,000*",550,-,-,-,-,-,798(1),929(1),1208(1),1955(1),-
UP-Govt Quota,SC,Uttar Pradesh,"SGPGI, Lucknow",NUCLEAR MEDICINE,"₹61,600*","₹1,11,780",2*,"₹40,00,000*",1609,-,-,-,-,-,1602(1),1193(1),1210(1),-,-
UP-Govt Quota,UR,Uttar Pradesh,"LLRM Med Coll, Meerut",ANAESTHESIOLOGY,"₹40,000","₹1,00,980*",2*,"₹40,00,000*",1090,956(3),1144(3),-,-,-,751(2),980(2),1240(2),-,-
UP-Govt Quota,SC,Uttar Pradesh,"S N Med Coll, Agra",GENERAL MEDICINE,"₹40,000","₹1,00,980*",2*,"₹40,00,000*",976,568(1),354(1),-,-,-,901(2),984(2),1246(2),-,-
UP-Govt Quota,UR,Uttar Pradesh,"S N Med Coll, Agra",ANAESTHESIOLOGY,"₹40,000","₹1,00,980*",2*,"₹40,00,000*",976,940(3),981(3),241(1),-,-,799(2),1123(2),1254(2),-,-
UP Priv-Open Quota,UR,Uttar Pradesh,"SRMS IMS, Bareilly",RADIO DIAGNOSIS,"₹25,09,957*","₹32,000*",1*,₹0*,950,888(5),1001(5),-,-,-,907(8),1231(8),1256(8),-,-
UP-Govt Quota,BC,Uttar Pradesh,"IMHH, Agra",PSYCHIATRY,"₹40,000","₹1,00,980*",2*,"₹40,00,000*",718,466(1),1002(1),189(1),-,-,729(1),1117(1),1258(2),-,-
UP-Govt Quota,UR,Uttar Pradesh,"Shaik-ul-Hind, Saharanpur",ANAESTHESIOLOGY,"₹40,000","₹1,00,980*",2*,"₹40,00,000*",500,1052(2),1190(2),265(2),111(1),-,941(1),1237(1),1259(1),2512(1),-
UP-Govt Quota,BC,Uttar Pradesh,"UP Univ of Med Sci, Etawah",OPHTHALMOLOGY,"₹40,000","₹1,00,980*",2*,"₹40,00,000*",1268,952(1),1085(1),234(1),-,-,939(1),1255(1),1273(1),-,-
UP-Govt Quota,SC,Uttar Pradesh,"LLRM Med Coll, Meerut",PAEDIATRICS,"₹40,000","₹1,00,980*",2*,"₹40,00,000*",1090,685(1),1224(1),-,-,-,1260(1),1260(1),1278(1),-,-
UP-Govt Quota,SC,Uttar Pradesh,"LLRM Med Coll, Meerut",GENERAL MEDICINE,"₹40,000","₹1,00,980*",2*,"₹40,00,000*",1090,540(2),760(2),-,-,-,984(2),1043(2),1279(2),-,-
UP-Govt Quota,BC,Uttar Pradesh,"KGMU, Lucknow",ANAESTHESIOLOGY,"₹54,700*","₹1,09,955",2*,"₹40,00,000*",4500,1100(6),1156(6),-,128(1),-,1069(6),1252(6),1281(6),-,-
UP-Govt Quota,BC,Uttar Pradesh,"Dr RML IMS, Lucknow",ANAESTHESIOLOGY,"₹37,500*","₹1,08,672",2*,"₹40,00,000*",Info Not Available,1102(1),1159(1),-,-,-,860(2),1241(2),1286(2),-,-
UP-Govt Quota,UR,Uttar Pradesh,"Govt Med Coll, Kannauj",ANAESTHESIOLOGY,"₹40,000","₹1,00,980*",2*,"₹40,00,000*",470,-,-,-,-,-,-,1277(1),1296(1),-,-
UP-Govt Quota,EW,Uttar Pradesh,"Dr RML IMS, Lucknow",ANAESTHESIOLOGY,"₹37,500*","₹1,08,672",2*,"₹40,00,000*",Info Not Available,1041(1),1094(1),-,-,-,1282(1),1282(1),1301(1),-,-
UP Priv-Open Quota,UR,Uttar Pradesh,"GS Med Coll Hosp,Hapur",RADIO DIAGNOSIS,"₹21,63,946*","₹32,000",0,₹0,Info Not Available,1155(3),1215(3),-,-,-,1126(3),1307(3),1326(3),-,-
UP-Govt Quota,BC,Uttar Pradesh,"GSVM Med Coll, Kanpur",ENT,"₹40,000","₹1,00,980*",2*,"₹40,00,000*",2083,868(2),789(2),-,-,-,864(2),931(2),1337(2),-,-
UP-Govt Quota,BC,Uttar Pradesh,"SGPGI, Lucknow",ANAESTHESIOLOGY,"₹61,600*","₹1,11,780",2*,"₹40,00,000*",1609,965(2),1010(2),-,-,-,946(1),946(1),1345(1),-,-
UP-Govt Quota,SC,Uttar Pradesh,"Shaik-ul-Hind, Saharanpur",GENERAL MEDICINE,"₹40,000","₹1,00,980*",2*,"₹40,00,000*",500,711(1),1093(1),-,-,-,1261(1),1261(1),1346(1),-,-
UP-Govt Quota,EW,Uttar Pradesh,"KGMU, Lucknow",ANAESTHESIOLOGY,"₹54,700*","₹1,09,955",2*,"₹40,00,000*",4500,1018(2),1069(2),-,-,-,1079(2),1079(2),1347(2),-,-
UP Priv-Open Quota,UR,Uttar Pradesh,"KD Med Coll, Mathura",DERMATOLOGY,"₹21,63,946*","₹32,000",0,₹0,720,1603(2),1281(2),-,-,-,1336(2),1336(2),1357(2),-,-
UP Priv-Open Quota,UR,Uttar Pradesh,"National Captl Reg IMS, Meerut",RADIO DIAGNOSIS,"₹22,35,387*","₹56,100",0,₹0,680,-,-,-,-,-,1352(5),1352(5),1373(5),-,-
UP-Govt Quota,BC,Uttar Pradesh,"LLRM Med Coll, Meerut",ENT,"₹40,000","₹1,00,980*",2*,"₹40,00,000*",1090,842(1),874(1),-,-,-,1027(1),1167(1),1378(1),-,-
UP-Govt Quota,UR,Uttar Pradesh,"GSVM Med Coll, Kanpur",RADIATION ONCOLOGY,"₹40,000","₹1,00,980*",2*,"₹40,00,000*",2083,903(1),941(1),-,-,-,543(1),1371(1),1392(1),-,-
UP Priv-Open Quota,UR,Uttar Pradesh,"Saraswati IMS, Hapur",RADIO DIAGNOSIS,"₹20,22,143*","₹32,000*",0,₹0,851,1114(6),1172(6),-,-,-,1275(6),1239(6),1394(6),-,-
UP Priv-Open Quota,UR,Uttar Pradesh,"Hind IMS, Barabanki",RADIO DIAGNOSIS,"₹25,24,901*","₹35,000",1*,₹0*,580,1187(4),1249(4),-,-,-,1231(4),1234(4),1398(4),-,-
UP-Govt Quota,UR Service,Uttar Pradesh,"BRD Med Coll, Gorakhpur",DCH,"₹40,000","₹1,00,980*",2*,"₹20,00,000*",1050,-,-,-,-,-,1378(1),1378(1),1399(1),-,-
UP-Govt Quota,SC,Uttar Pradesh,"S N Med Coll, Agra",PAEDIATRICS,"₹40,000","₹1,00,980*",2*,"₹40,00,000*",976,823(1),1110(1),299(1),-,-,1228(2),1228(2),1407(2),-,-
UP-Govt Quota,BC,Uttar Pradesh,"MLN Med Coll, Allahabad",ENT,"₹40,000","₹1,00,980*",2*,"₹40,00,000*",Info Not Available,628(1),900(1),-,-,-,894(2),1100(2),1413(2),2258(1),-
UP-Govt Quota,UR,Uttar Pradesh,"MLN Med Coll, Allahabad",ANAESTHESIOLOGY,"₹40,000","₹1,00,980*",2*,"₹40,00,000*",Info Not Available,833(2),987(2),-,-,-,848(3),1198(3),1414(3),1910(2),-
UP-Govt Quota,SC,Uttar Pradesh,"BRD Med Coll, Gorakhpur",PAEDIATRICS,"₹40,000","₹1,00,980*",2*,"₹40,00,000*",1050,-,-,-,-,-,1193(1),1269(1),1415(1),-,-
UP Priv-Open Quota,UR,Uttar Pradesh,"Rama Med Coll, Hapur",RADIO DIAGNOSIS,"₹24,75,612*","₹30,000*",Info Not Available,Info not available,1259,1160(2),1220(2),-,-,-,1190(2),1414(2),1435(2),-,-
UP-Govt Quota,UR,Uttar Pradesh,"Auton. State Med Coll, Ayodhya",PATHOLOGY,"₹40,000","₹1,00,980*",2*,"₹40,00,000*",-,-,-,-,-,-,1516(1),2480(1),1437(1),-,3737(1)
UP-Govt Quota,UR,Uttar Pradesh,"GSVM Med Coll, Kanpur",ANAESTHESIOLOGY,"₹40,000","₹1,00,980*",2*,"₹40,00,000*",2083,-,-,-,-,-,-,1084(1),1439(2),2187(1),-
UP-Govt Quota,SC,Uttar Pradesh,"MLN Med Coll, Allahabad",OBG,"₹40,000","₹1,00,980*",2*,"₹40,00,000*",Info Not Available,889(2),1158(2),-,-,-,1434(1),1434(1),1455(1),-,-
UP-Govt Quota,SC,Uttar Pradesh,"KGMU, Lucknow",OBG,"₹54,700*","₹1,09,955",2*,"₹40,00,000*",4500,836(3),882(3),-,-,-,893(3),1367(3),1458(3),-,3248(1)
UP-Govt Quota,EW,Uttar Pradesh,"RIO, Sitapur",OPHTHALMOLOGY,"₹40,000","₹1,00,980*",2*,"₹40,00,000*",500,1233(1),1303(1),-,-,-,960(1),1245(1),1464(1),2125(1),-
UP-Govt Quota,BC,Uttar Pradesh,"Govt IMS, Kasna",ANAESTHESIOLOGY,"₹40,000","₹1,00,980*",2*,"₹40,00,000*",500,-,-,-,-,-,1238(1),1444(1),1465(1),-,-
UP Priv-Open Quota,UR,Uttar Pradesh,"Hind IMS, Sitapur",RADIO DIAGNOSIS,"₹20,40,950*","₹30,000",1*,₹0*,700,1265(2),1337(2),-,-,-,1343(2),1447(2),1468(2),-,-
UP-Govt Quota,BC,Uttar Pradesh,"Rajkiya Med Coll, Jalaun",OPHTHALMOLOGY,"₹40,000","₹1,00,980*",2*,"₹40,00,000*",Info Not Available,1038(1),1089(1),237(1),143(1),-,947(1),1404(1),1477(1),2287(1),-
UP-Govt Quota,SC,Uttar Pradesh,"LLRM Med Coll, Meerut",DMRD,"₹40,000","₹1,00,980*",2*,"₹20,00,000*",1090,-,-,-,-,-,1461(1),1461(1),1483(1),-,-
UP-Govt Quota,BC,Uttar Pradesh,"GSVM Med Coll, Kanpur",RADIATION ONCOLOGY,"₹40,000","₹1,00,980*",2*,"₹40,00,000*",2083,1835(1),1960(1),-,-,-,1427(1),1466(1),1489(1),-,-
UP-Govt Quota,SC,Uttar Pradesh,"Super Spec Paediatric, Noida",PAEDIATRICS,"₹40,000","₹1,00,980*",2*,"₹40,00,000*",312,-,-,-,-,-,1091(1),1229(1),1498(1),-,-
UP-Govt Quota,UR,Uttar Pradesh,"BRD Med Coll, Gorakhpur",ANAESTHESIOLOGY,"₹40,000","₹1,00,980*",2*,"₹40,00,000*",1050,993(2),1105(2),-,-,-,924(2),1265(2),1506(2),2198(2),-
UP-Govt Quota,UR,Uttar Pradesh,"MLB Med Coll, Jhansi",ANAESTHESIOLOGY,"₹40,000","₹1,00,980*",2*,"₹40,00,000*",700,-,-,-,-,-,903(1),1218(1),1514(2),-,-
UP Priv-Open Quota,UR,Uttar Pradesh,"Venkateshwara IMS, Gajraula",RADIO DIAGNOSIS,"₹21,63,946*","₹36,000",0,₹0,750,1388(2),1468(2),-,-,-,1410(2),1497(2),1522(2),-,-
UP-Govt Quota,UR,Uttar Pradesh,"KGMU, Lucknow",PMR,"₹54,700*","₹1,09,955",2*,"₹40,00,000*",4500,1772(1),1890(1),-,-,-,1006(1),1504(1),1529(1),-,-
UP Priv-Open Quota,UR,Uttar Pradesh,"Rama Med Coll, Kanpur",RADIO DIAGNOSIS,"₹25,62,430*","₹30,000",0,₹0,730,1191(4),1253(4),-,-,-,1280(4),1511(4),1536(4),-,-
UP Priv-Open Quota,UR,Uttar Pradesh,"Heritage IMS, Varanasi",RADIO DIAGNOSIS,"₹21,12,517*","₹21,000",0,₹0,735,1278(4),1351(4),-,-,-,1254(4),1477(4),1537(4),-,-
UP-Govt Quota,UR,Uttar Pradesh,"Dr RML IMS, Lucknow",PATHOLOGY,"₹37,500*","₹1,08,672",2*,"₹40,00,000*",Info Not Available,923(2),1368(2),-,-,-,1104(3),1517(3),1542(3),-,-
UP-Govt Quota,BC,Uttar Pradesh,"MLN Med Coll, Allahabad",ANAESTHESIOLOGY,"₹40,000","₹1,00,980*",2*,"₹40,00,000*",Info Not Available,1080(1),1168(1),-,-,-,-,-,1543(1),-,-
UP Priv-Open Quota,UR,Uttar Pradesh,"TS Misra Med Coll, Lucknow",RADIO DIAGNOSIS,"₹21,63,946*","₹30,000",0,₹0,735,1330(4),1404(4),-,-,-,1441(4),1521(4),1546(4),-,-
UP-Govt Quota,UR,Uttar Pradesh,"S N Med Coll, Agra",RADIATION ONCOLOGY,"₹40,000","₹1,00,980*",2*,"₹40,00,000*",976,409(1),721(1),-,-,-,-,-,1561(1),1896(1),-
UP Priv-Open Quota,UR,Uttar Pradesh,"KD Med Coll, Mathura",GENERAL MEDICINE,"₹21,63,946*","₹32,000",0,₹0,720,1899(3),2028(3),-,-,-,1539(3),1539(3),1564(3),-,-
UP-Govt Quota,UR Service,Uttar Pradesh,"GSVM Med Coll, Kanpur",DCH,"₹40,000","₹1,00,980*",2*,"₹20,00,000*",2083,-,-,-,-,-,-,-,1568(1),-,-
UP-Govt Quota,SC,Uttar Pradesh,"Rajkiya Med Coll, Jalaun",GENERAL MEDICINE,"₹40,000","₹1,00,980*",2*,"₹40,00,000*",Info Not Available,-,-,-,-,-,-,1549(1),1574(1),-,-
UP-Govt Quota,SC,Uttar Pradesh,"KGMU, Lucknow",GENERAL SURGERY,"₹54,700*","₹1,09,955",2*,"₹40,00,000*",4500,834(2),866(2),-,-,-,914(2),1550(2),1575(2),-,-
UP Priv-Open Quota,UR,Uttar Pradesh,Muzaffarnagar Medical College,DERMATOLOGY,"₹23,23,197*","₹56,100*",1*,₹0*,857,1072(5),1074(5),146(2),176(2),69(2),1097(5),1440(5),1581(5),-,-
UP-Govt Quota,UR,Uttar Pradesh,"MLN Med Coll, Allahabad",RADIATION ONCOLOGY,"₹40,000","₹1,00,980*",2*,"₹40,00,000*",Info Not Available,838(1),1053(1),-,-,-,708(1),711(1),1588(1),-,-
UP-Govt Quota,BC,Uttar Pradesh,"GSVM Med Coll, Kanpur",ANAESTHESIOLOGY,"₹40,000","₹1,00,980*",2*,"₹40,00,000*",2083,982(1),1028(1),-,-,-,-,1263(1),1603(1),-,-
UP-Govt Quota,SC,Uttar Pradesh,"LLRM Med Coll, Meerut",OBG,"₹40,000","₹1,00,980*",2*,"₹40,00,000*",1090,921(1),959(1),-,-,-,1465(2),1587(2),1613(2),-,-
UP-Govt Quota,BC,Uttar Pradesh,"LLRM Med Coll, Meerut",ANAESTHESIOLOGY,"₹40,000","₹1,00,980*",2*,"₹40,00,000*",1090,1228(2),1532(2),-,-,-,1149(1),1290(1),1623(1),-,-
UP-Govt Quota,SC,Uttar Pradesh,"Dr RML IMS, Lucknow",ORTHOPAEDICS,"₹37,500*","₹1,08,672",2*,"₹40,00,000*",Info Not Available,-,-,-,-,-,1247(1),1602(1),1628(1),-,-
UP-Govt Quota,BC,Uttar Pradesh,"BRD Med Coll, Gorakhpur",ANAESTHESIOLOGY,"₹40,000","₹1,00,980*",2*,"₹40,00,000*",1050,1418(1),1501(1),-,-,-,1165(1),1393(1),1645(1),-,-
UP-Govt Quota,SC,Uttar Pradesh,"Auton. State Med Coll, Ayodhya",GENERAL MEDICINE,"₹40,000","₹1,00,980*",2*,"₹40,00,000*",-,-,-,-,-,-,1269(1),1316(1),1655(1),-,-
UP-Govt Quota,UR,Uttar Pradesh,"UP Univ of Med Sci, Etawah",ANAESTHESIOLOGY,"₹40,000","₹1,00,980*",2*,"₹40,00,000*",1268,898(1),1106(1),-,-,-,975(3),1319(3),1657(3),2240(1),-
UP-Govt Quota,UR,Uttar Pradesh,"Govt Med Coll, Azamgarh",ANAESTHESIOLOGY,"₹40,000","₹1,00,980*",2*,"₹40,00,000*",550,-,-,-,-,-,980(1),1341(1),1662(1),2376(1),-
UP-Govt Quota,EW,Uttar Pradesh,"BRD Med Coll, Gorakhpur",ANAESTHESIOLOGY,"₹40,000","₹1,00,980*",2*,"₹40,00,000*",1050,-,-,-,-,-,1322(1),1761(1),1679(1),-,-
UP-Govt Quota,EW,Uttar Pradesh,"Govt IMS, Kasna",ENT,"₹40,000","₹1,00,980*",2*,"₹40,00,000*",500,-,-,-,-,-,945(1),1121(1),1686(1),2028(1),-
UP-Govt Quota,UR,Uttar Pradesh,"Govt Allopathic Med Coll,Banda",ANAESTHESIOLOGY,"₹40,000","₹1,00,980*",2*,"₹40,00,000*",430,-,-,-,-,-,1003(1),1342(1),1691(1),-,-
UP-Govt Quota,SC,Uttar Pradesh,"MLB Med Coll, Jhansi",OBG,"₹40,000","₹1,00,980*",2*,"₹40,00,000*",700,1101(1),1311(1),-,-,-,1665(1),1665(1),1692(1),-,-
UP-Govt Quota,BC,Uttar Pradesh,"S N Med Coll, Agra",ANAESTHESIOLOGY,"₹40,000","₹1,00,980*",2*,"₹40,00,000*",976,1402(3),1407(3),274(1),-,-,1203(2),1325(2),1694(2),-,-
UP-Govt Quota,SC,Uttar Pradesh,"MLN Med Coll, Allahabad",GENERAL SURGERY,"₹40,000","₹1,00,980*",2*,"₹40,00,000*",Info Not Available,1247(3),1387(3),449(1),180(1),-,1474(2),1677(2),1704(2),-,-
UP-Govt Quota,BC,Uttar Pradesh,"Govt Med Coll, Kannauj",ENT,"₹40,000","₹1,00,980*",2*,"₹40,00,000*",470,-,-,-,-,-,-,1357(1),1714(1),-,-
UP-Govt Quota,BC,Uttar Pradesh,"UP Univ of Med Sci, Etawah",ANAESTHESIOLOGY,"₹40,000","₹1,00,980*",2*,"₹40,00,000*",1268,-,-,331(1),-,-,1252(2),1570(2),1723(2),-,-
UP-Govt Quota,SC,Uttar Pradesh,"BRD Med Coll, Gorakhpur",GENERAL MEDICINE,"₹40,000","₹1,00,980*",2*,"₹40,00,000*",1050,649(2),854(2),-,-,-,1017(2),1060(2),1744(2),-,-
UP Priv-Open Quota,UR,Uttar Pradesh,Muzaffarnagar Medical College,GENERAL MEDICINE,"₹23,23,197*","₹56,100*",1*,₹0*,857,1551(8),1646(8),181(1),172(1),75(1),1457(8),1847(8),1765(8),-,-
UP-Govt Quota,SC,Uttar Pradesh,"Dr RML IMS, Lucknow",OBG,"₹37,500*","₹1,08,672",2*,"₹40,00,000*",Info Not Available,-,-,-,-,-,1367(1),1437(1),1774(1),-,-
UP Priv-Open Quota,UR,Uttar Pradesh,"Prasad Inst of Med Sci,Lucknow",RADIO DIAGNOSIS,"₹21,63,946*","₹18,000",0,₹0,410,-,-,-,-,-,1682(6),1758(6),1789(6),-,-
UP Priv-Open Quota,UR,Uttar Pradesh,"Rajshree MRI, Bareilly",RADIO DIAGNOSIS,"₹24,89,880*","₹32,000",1*,₹0*,740,1348(3),1424(3),-,-,-,1644(3),1699(3),1790(3),-,-
UP Priv-Open Quota,UR,Uttar Pradesh,"Rohilkhand Med Coll, Bareilly",RADIO DIAGNOSIS,"₹29,09,009*","₹24,000*",1,"₹15,00,000",720,1545(16),1640(16),151(1),93(1),45(1),1703(16),1762(16),1792(16),1969(1),-
UP-Govt Quota,SC,Uttar Pradesh,"GSVM Med Coll, Kanpur",OBG,"₹40,000","₹1,00,980*",2*,"₹40,00,000*",2083,850(2),899(2),-,-,-,1363(2),1568(2),1817(2),-,-
UP-Govt Quota,EW,Uttar Pradesh,"LLRM Med Coll, Meerut",ANAESTHESIOLOGY,"₹40,000","₹1,00,980*",2*,"₹40,00,000*",1090,-,-,-,-,-,1327(1),1327(1),1823(1),-,-
UP-Govt Quota,UR,Uttar Pradesh,"Rajkiya Med Coll, Jalaun",ANAESTHESIOLOGY,"₹40,000","₹1,00,980*",2*,"₹40,00,000*",Info Not Available,-,-,-,-,-,-,1267(1),1834(1),2393(1),-
UP-Govt Quota,BC,Uttar Pradesh,"MLB Med Coll, Jhansi",ANAESTHESIOLOGY,"₹40,000","₹1,00,980*",2*,"₹40,00,000*",700,1444(1),1502(1),-,-,-,1268(2),1577(2),1839(3),-,-
UP-Govt Quota,UR,Uttar Pradesh,"KGMU, Lucknow",PATHOLOGY,"₹54,700*","₹1,09,955",2*,"₹40,00,000*",4500,1142(3),1500(3),343(1),164(2),92(2),979(4),1551(4),1844(4),2859(2),3553(1)
UP Priv-Open Quota,UR,Uttar Pradesh,"Mayo IMS, Barabanki",RADIO DIAGNOSIS,"₹20,30,961*","₹14,000*",1*,₹0*,736,1422(3),1536(3),-,-,-,1512(3),1544(3),1847(3),-,-
UP Priv-Open Quota,UR,Uttar Pradesh,"SRMS IMS, Bareilly",DERMATOLOGY,"₹25,09,957*","₹32,000*",1*,₹0*,950,1126(4),1700(4),-,-,-,1236(4),1824(4),1855(4),-,-
UP-Govt Quota,BC,Uttar Pradesh,"Shaik-ul-Hind, Saharanpur",ANAESTHESIOLOGY,"₹40,000","₹1,00,980*",2*,"₹40,00,000*",500,1451(1),1539(1),-,-,-,1325(1),1578(1),1865(1),-,-
UP Priv-Open Quota,UR,Uttar Pradesh,"Subharti Med Coll, Meerut",DERMATOLOGY,"₹14,43,744*","₹30,000*",2*,₹0*,938,1154(3),1214(3),-,-,-,1094(2),1852(2),1885(2),-,-
UP Priv-Open Quota,UR,Uttar Pradesh,"Varun Arjun, Shahjahanpur",RADIO DIAGNOSIS,"₹23,38,116*","₹24,000*",1,"₹10,00,000",770,1560(4),1655(4),-,-,-,1685(5),1759(5),1890(5),-,-
UP-Govt Quota,BC,Uttar Pradesh,"Govt Med Coll, Azamgarh",ANAESTHESIOLOGY,"₹40,000","₹1,00,980*",2*,"₹40,00,000*",550,-,-,-,-,-,1480(2),1641(2),1917(2),-,-
UP-Govt Quota,BC,Uttar Pradesh,"Rajkiya Med Coll, Jalaun",ANAESTHESIOLOGY,"₹40,000","₹1,00,980*",2*,"₹40,00,000*",Info Not Available,-,-,-,-,-,-,1597(1),1918(1),-,-
UP Priv-Open Quota,UR,Uttar Pradesh,"Hind IMS, Barabanki",DERMATOLOGY,"₹25,24,901*","₹35,000",1*,₹0*,580,1063(2),1118(2),-,-,-,1440(2),1885(2),1920(2),-,-
UP Priv-Open Quota,UR,Uttar Pradesh,"SRMS IMS, Bareilly",GENERAL MEDICINE,"₹25,09,957*","₹32,000*",1*,₹0*,950,1614(12),1713(12),-,-,-,1377(12),1872(12),1927(12),-,-
UP-Govt Quota,SC,Uttar Pradesh,"GSVM Med Coll, Kanpur",GENERAL SURGERY,"₹40,000","₹1,00,980*",2*,"₹40,00,000*",2083,914(1),952(1),446(1),-,-,1550(2),1887(2),1937(2),-,-
UP Priv-Open Quota,UR,Uttar Pradesh,"Krishna Mohan Med Coll,Mathura",RADIO DIAGNOSIS,"₹21,63,946*","₹15,000*",0,₹0,700,-,-,-,-,-,-,-,1953(4),-,-
UP-Govt Quota,EW,Uttar Pradesh,"S N Med Coll, Agra",ANAESTHESIOLOGY,"₹40,000","₹1,00,980*",2*,"₹40,00,000*",976,-,-,-,-,-,1504(1),1652(1),1967(1),-,-
UP-Govt Quota,EW,Uttar Pradesh,"Rajkiya Med Coll, Jalaun",ANAESTHESIOLOGY,"₹40,000","₹1,00,980*",2*,"₹40,00,000*",Info Not Available,-,-,-,-,-,-,1931(1),2001(1),-,-
UP-Govt Quota,SC,Uttar Pradesh,"MLB Med Coll, Jhansi",PAEDIATRICS,"₹40,000","₹1,00,980*",2*,"₹40,00,000*",700,901(1),1339(1),-,-,-,1229(1),1337(1),2044(1),-,-
UP-Govt Quota,SC,Uttar Pradesh,"S N Med Coll, Agra",ORTHOPAEDICS,"₹40,000","₹1,00,980*",2*,"₹40,00,000*",976,1026(1),1077(1),-,-,-,1676(1),1676(1),2048(1),-,-
UP-Govt Quota,SC,Uttar Pradesh,"GSVM Med Coll, Kanpur",TBRD,"₹40,000","₹1,00,980*",2*,"₹40,00,000*",2083,943(1),1488(1),-,-,-,1421(1),1421(1),2070(1),-,-
UP Priv-Open Quota,UR,Uttar Pradesh,"Teerthanker Med Coll,Moradabad",RADIO DIAGNOSIS,"₹39,90,000*","₹69,600",0,₹0,1000,1727(6),1841(6),-,-,-,1917(8),2033(8),2075(8),-,-
UP-Govt Quota,EW,Uttar Pradesh,"Shaik-ul-Hind, Saharanpur",ANAESTHESIOLOGY,"₹40,000","₹1,00,980*",2*,"₹40,00,000*",500,-,-,-,-,-,1652(1),1793(1),2088(1),-,-
UP-Govt Quota,SC,Uttar Pradesh,"Rajkiya Med Coll, Jalaun",PAEDIATRICS,"₹40,000","₹1,00,980*",2*,"₹40,00,000*",Info Not Available,-,-,-,-,-,-,1474(1),2089(1),-,-
UP-Govt Quota,SC,Uttar Pradesh,"KGMU, Lucknow",ORTHOPAEDICS,"₹54,700*","₹1,09,955",2*,"₹40,00,000*",4500,715(2),738(2),-,-,-,1422(2),1422(2),2100(2),-,-
UP Priv-Open Quota,UR,Uttar Pradesh,"Rama Med Coll, Kanpur",DERMATOLOGY,"₹25,62,430*","₹30,000",0,₹0,730,1711(2),1838(2),-,-,-,1752(2),2075(2),2118(2),-,-
UP Priv-Open Quota,UR,Uttar Pradesh,"SMSR, Greater Noida",GENERAL MEDICINE,"₹25,40,649*","₹32,000",0,₹0,1200,1698(16),1808(16),-,-,-,1772(16),2088(16),2131(16),-,-
UP Priv-Open Quota,UR,Uttar Pradesh,"Saraswati IMS, Hapur",DERMATOLOGY,"₹20,22,143*","₹32,000*",0,₹0,851,1284(5),1357(5),-,-,-,1614(5),2116(5),2160(5),-,-
UP Priv-Open Quota,UR,Uttar Pradesh,"GS Med Coll Hosp,Hapur",DERMATOLOGY,"₹21,63,946*","₹32,000",0,₹0,Info Not Available,1602(3),1647(3),-,-,-,1915(3),2136(3),2181(3),2582(1),2276(1)
UP-Govt Quota,SC,Uttar Pradesh,"KGMU, Lucknow",TBRD,"₹54,700*","₹1,09,955",2*,"₹40,00,000*",4500,908(2),1444(2),342(1),-,-,1394(1),1394(1),2200(1),-,-
UP Priv-Open Quota,UR,Uttar Pradesh,"GS Med Coll Hosp,Hapur",GENERAL MEDICINE,"₹21,63,946*","₹32,000",0,₹0,Info Not Available,1926(4),1995(4),277(1),-,-,1872(4),2165(4),2210(4),-,-
UP-Govt Quota,SC,Uttar Pradesh,"BRD Med Coll, Gorakhpur",OBG,"₹40,000","₹1,00,980*",2*,"₹40,00,000*",1050,1060(1),1316(1),-,-,-,1587(1),1787(1),2230(1),3216(1),-
UP-Govt Quota,SC,Uttar Pradesh,"BRD Med Coll, Gorakhpur",OPHTHALMOLOGY,"₹40,000","₹1,00,980*",2*,"₹40,00,000*",1050,-,-,-,-,-,2204(1),2204(1),2250(1),-,-
UP Priv-Open Quota,UR,Uttar Pradesh,"Era Lucknow Med Coll, Lucknow",RADIO DIAGNOSIS,"₹39,95,000*","₹62,000",0,₹0,850,1808(8),1928(8),-,-,-,1873(7),2103(7),2251(7),2856(1),-
UP-Govt Quota,SC,Uttar Pradesh,"KGMU, Lucknow",ENT,"₹54,700*","₹1,09,955",2*,"₹40,00,000*",4500,1337(1),1413(1),-,-,-,1688(1),2247(1),2254(1),-,-
UP-Govt Quota,UR,Uttar Pradesh,"BRD Med Coll, Gorakhpur",PATHOLOGY,"₹40,000","₹1,00,980*",2*,"₹40,00,000*",1050,1666(2),2123(2),471(1),-,-,1631(2),2223(2),2269(2),-,-
UP-Govt Quota,UR,Uttar Pradesh,"MLN Med Coll, Allahabad",PATHOLOGY,"₹40,000","₹1,00,980*",2*,"₹40,00,000*",Info Not Available,1295(2),1900(2),-,167(1),-,1451(1),2231(1),2277(1),-,-
UP-Govt Quota,UR,Uttar Pradesh,"LLRM Med Coll, Meerut",PATHOLOGY,"₹40,000","₹1,00,980*",2*,"₹40,00,000*",1090,-,-,-,-,-,1237(1),2238(1),2284(1),-,-
UP-Govt Quota,SC,Uttar Pradesh,"S N Med Coll, Agra",OBG,"₹40,000","₹1,00,980*",2*,"₹40,00,000*",976,1036(2),1183(2),-,-,-,1568(1),1744(1),2286(3),2558(1),3556(1)
UP-Govt Quota,SC,Uttar Pradesh,"GSVM Med Coll, Kanpur",ORTHOPAEDICS,"₹40,000","₹1,00,980*",2*,"₹40,00,000*",2083,722(1),1071(1),-,-,-,1584(1),1629(1),2304(1),-,-
UP Priv-Open Quota,UR,Uttar Pradesh,"Heritage IMS, Varanasi",GENERAL MEDICINE,"₹21,12,517*","₹21,000",0,₹0,735,1952(3),2085(3),-,-,-,1957(3),2260(3),2307(3),-,-
UP Priv-Open Quota,UR,Uttar Pradesh,"Hind IMS, Sitapur",DERMATOLOGY,"₹20,40,950*","₹30,000",1*,₹0*,700,1731(2),1845(2),-,-,-,2075(2),2263(2),2310(2),-,-
UP-Govt Quota,EW,Uttar Pradesh,"KGMU, Lucknow",PATHOLOGY,"₹54,700*","₹1,09,955",2*,"₹40,00,000*",4500,2060(1),2202(1),-,-,-,1793(1),2267(1),2314(1),3453(1),-
UP Priv-Open Quota,UR,Uttar Pradesh,"Career Instt of MS, Lucknow",RADIO DIAGNOSIS,"₹42,20,000*","₹40,000",0,₹0,600,1801(1),1921(1),-,-,-,1984(1),2279(1),2326(1),-,-
UP Priv-Open Quota,UR,Uttar Pradesh,"IIMSR, Lucknow",RADIO DIAGNOSIS,"₹41,95,000*","₹40,800",0,₹0,540,1854(1),1636(1),-,-,-,2087(1),2285(1),2332(1),-,-
UP-Govt Quota,EW,Uttar Pradesh,"GSVM Med Coll, Kanpur",PATHOLOGY,"₹40,000","₹1,00,980*",2*,"₹40,00,000*",2083,-,-,-,-,-,2255(1),2286(1),2333(1),-,-
UP Priv-Open Quota,UR,Uttar Pradesh,"Rama Med Coll, Hapur",DERMATOLOGY,"₹24,75,612*","₹30,000*",Info Not Available,Info not available,1259,1596(3),1693(3),-,-,-,1955(3),2302(3),2349(3),-,-
UP-Govt Quota,SC,Uttar Pradesh,"BRD Med Coll, Gorakhpur",GENERAL SURGERY,"₹40,000","₹1,00,980*",2*,"₹40,00,000*",1050,1249(1),1364(1),-,-,-,-,-,2353(1),-,-
UP-Govt Quota,BC,Uttar Pradesh,"GSVM Med Coll, Kanpur",DA,"₹40,000","₹1,00,980*",2*,"₹20,00,000*",2083,-,-,-,-,-,1170(1),2310(1),2358(1),-,-
UP-Govt Quota,SC,Uttar Pradesh,"MLN Med Coll, Allahabad",ORTHOPAEDICS,"₹40,000","₹1,00,980*",2*,"₹40,00,000*",Info Not Available,1054(1),1107(1),-,-,-,1692(1),1823(1),2378(1),-,-
UP-Govt Quota,BC,Uttar Pradesh,"Dr RML IMS, Lucknow",PATHOLOGY,"₹37,500*","₹1,08,672",2*,"₹40,00,000*",Info Not Available,1516(1),1705(1),-,-,-,1600(2),1972(2),2383(2),-,-
UP Priv-Open Quota,UR,Uttar Pradesh,"Subharti Med Coll, Meerut",OBG,"₹14,43,744*","₹30,000*",2*,₹0*,938,1628(4),1728(4),150(1),-,-,1716(3),2355(3),2403(3),3583(1),-
UP Priv-Open Quota,UR,Uttar Pradesh,"TS Misra Med Coll, Lucknow",DERMATOLOGY,"₹21,63,946*","₹30,000",0,₹0,735,1754(2),1869(2),-,-,-,1953(2),2357(2),2405(2),-,-
UP Priv-Open Quota,UR,Uttar Pradesh,"Rohilkhand Med Coll, Bareilly",DERMATOLOGY,"₹29,09,009*","₹24,000*",1,"₹15,00,000",720,1575(3),1609(3),152(1),153(1),-,2123(5),2369(5),2417(5),-,-
UP-Govt Quota,SC,Uttar Pradesh,"UP Univ of Med Sci, Etawah",TBRD,"₹40,000","₹1,00,980*",2*,"₹40,00,000*",1268,-,-,-,-,-,850(1),1584(1),2423(1),-,-
UP-Govt Quota,SC,Uttar Pradesh,"MLB Med Coll, Jhansi",ORTHOPAEDICS,"₹40,000","₹1,00,980*",2*,"₹40,00,000*",700,1219(1),1431(1),-,-,-,1823(1),1994(1),2440(1),-,-
UP Priv-Open Quota,UR,Uttar Pradesh,"Rama Med Coll, Kanpur",GENERAL MEDICINE,"₹25,62,430*","₹30,000",0,₹0,730,1742(4),1857(4),-,-,-,2072(4),2399(4),2447(4),-,-
UP-Govt Quota,UR Service,Uttar Pradesh,"BRD Med Coll, Gorakhpur",DORTHO,"₹40,000","₹1,00,980*",2*,"₹20,00,000*",1050,-,-,-,-,-,-,-,2448(1),-,-
UP Priv-Open Quota,UR,Uttar Pradesh,"Saraswati IMS, Hapur",GENERAL MEDICINE,"₹20,22,143*","₹32,000*",0,₹0,851,1714(14),1826(14),-,-,-,2062(14),2408(14),2456(14),-,-
UP-Govt Quota,SC,Uttar Pradesh,"Govt Med Coll, Kannauj",ORTHOPAEDICS,"₹40,000","₹1,00,980*",2*,"₹40,00,000*",470,-,-,-,-,-,-,2007(1),2457(1),-,-
UP Priv-Open Quota,UR,Uttar Pradesh,"National Captl Reg IMS, Meerut",GENERAL MEDICINE,"₹22,35,387*","₹56,100",0,₹0,680,-,-,-,-,-,2482(10),2415(10),2463(10),-,-
UP-Govt Quota,BC,Uttar Pradesh,"KGMU, Lucknow",PMR,"₹54,700*","₹1,09,955",2*,"₹40,00,000*",4500,2023(1),2162(1),-,-,-,1139(1),1598(1),2478(1),2848(1),-
UP Priv-Open Quota,UR,Uttar Pradesh,"National Captl Reg IMS, Meerut",DERMATOLOGY,"₹22,35,387*","₹56,100",0,₹0,680,-,-,-,-,-,2391(3),2473(3),2524(3),-,-
UP Priv-Open Quota,UR,Uttar Pradesh,"FH Med Coll, Agra",RADIO DIAGNOSIS,"₹42,50,000*","₹45,000",0,₹0,932,1865(1),1992(1),-,-,-,1925(1),2488(1),2537(1),-,-
UP-Govt Quota,UR Service,Uttar Pradesh,"BRD Med Coll, Gorakhpur",DGO,"₹40,000","₹1,00,980*",2*,"₹20,00,000*",1050,-,-,-,-,-,-,-,2549(1),2402(1),-
UP Priv-Open Quota,UR,Uttar Pradesh,"Rama Med Coll, Hapur",GENERAL MEDICINE,"₹24,75,612*","₹30,000*",Info Not Available,Info not available,1259,2051(10),2192(10),409(2),145(1),104(1),2261(10),2500(10),2552(10),-,-
UP Priv-Open Quota,UR,Uttar Pradesh,"Hind IMS, Barabanki",GENERAL MEDICINE,"₹25,24,901*","₹35,000",1*,₹0*,580,1917(8),2047(8),-,-,-,2150(10),2413(10),2598(10),-,-
UP-Govt Quota,UR,Uttar Pradesh,"Govt IMS, Kasna",SPM,"₹40,000","₹1,00,980*",2*,"₹40,00,000*",500,-,-,-,-,-,1551(1),2554(1),2608(1),-,-
UP Priv-Open Quota,UR,Uttar Pradesh,"Hind IMS, Sitapur",GENERAL MEDICINE,"₹20,40,950*","₹30,000",1*,₹0*,700,2020(5),2159(5),-,-,-,2356(5),2576(5),2631(5),-,-
UP-Govt Quota,BC,Uttar Pradesh,"KGMU, Lucknow",PATHOLOGY,"₹54,700*","₹1,09,955",2*,"₹40,00,000*",4500,1536(2),2007(2),-,-,-,1709(3),2293(3),2633(3),3296(1),-
UP Priv-Open Quota,UR,Uttar Pradesh,"SMSR, Greater Noida",OBG,"₹25,40,649*","₹32,000",0,₹0,1200,1556(3),1697(3),254(1),264(1),-,2178(8),2580(8),2635(8),-,-
UP-Govt Quota,SC,Uttar Pradesh,"Govt IMS, Kasna",ORTHOPAEDICS,"₹40,000","₹1,00,980*",2*,"₹40,00,000*",500,-,-,-,-,-,-,-,2637(1),3254(1),-
UP Priv-Open Quota,UR,Uttar Pradesh,"TS Misra Med Coll, Lucknow",GENERAL MEDICINE,"₹21,63,946*","₹30,000",0,₹0,735,2064(6),2208(6),-,-,-,2512(6),2596(6),2651(6),-,-
UP Priv-Open Quota,UR,Uttar Pradesh,"Subharti Med Coll, Meerut",GENERAL MEDICINE,"₹14,43,744*","₹30,000*",2*,₹0*,938,1495(12),1601(12),-,-,-,1870(12),2176(12),2657(21),3896(1),4026(2)
UP Priv-Open Quota,UR,Uttar Pradesh,"GS Med Coll Hosp,Hapur",OBG,"₹21,63,946*","₹32,000",0,₹0,Info Not Available,2305(3),2475(3),-,-,-,2592(3),2592(3),2665(3),-,-
UP-Govt Quota,UR,Uttar Pradesh,"GSVM Med Coll, Kanpur",PATHOLOGY,"₹40,000","₹1,00,980*",2*,"₹40,00,000*",2083,1624(2),1770(2),-,-,-,1435(1),2259(2),2700(2),2938(1),-
UP Priv-Open Quota,UR,Uttar Pradesh,"Venkateshwara IMS, Gajraula",DERMATOLOGY,"₹21,63,946*","₹36,000",0,₹0,750,1953(3),2086(3),-,-,-,2499(3),2644(3),2702(3),-,-
UP-Govt Quota,SC,Uttar Pradesh,"S N Med Coll, Agra",GENERAL SURGERY,"₹40,000","₹1,00,980*",2*,"₹40,00,000*",976,1202(2),1268(2),-,-,-,1715(2),1901(2),2734(3),-,-
UP-Govt Quota,BC,Uttar Pradesh,"LLRM Med Coll, Meerut",PATHOLOGY,"₹40,000","₹1,00,980*",2*,"₹40,00,000*",1090,-,-,-,-,-,1756(1),2688(1),2747(1),-,-
UP-Govt Quota,ST,Uttar Pradesh,"LLRM Med Coll, Meerut",GENERAL MEDICINE,"₹40,000","₹1,00,980*",2*,"₹40,00,000*",1090,-,-,-,-,-,2692(1),2692(1),2751(1),-,-
UP Priv-Open Quota,UR,Uttar Pradesh,"Rajshree MRI, Bareilly",DERMATOLOGY,"₹24,89,880*","₹32,000",1*,₹0*,740,1884(2),2012(2),-,-,-,2533(2),2719(2),2778(2),-,-
UP Priv-Open Quota,UR,Uttar Pradesh,"SRMS IMS, Bareilly",OBG,"₹25,09,957*","₹32,000*",1*,₹0*,950,1672(6),1779(6),-,-,-,2118(9),2599(9),2791(9),-,-
UP-Govt Quota,SC,Uttar Pradesh,"LLRM Med Coll, Meerut",GENERAL SURGERY,"₹40,000","₹1,00,980*",2*,"₹40,00,000*",1090,1401(2),1481(2),-,-,-,2043(2),2070(2),2793(2),3082(1),-
UP-Govt Quota,SC,Uttar Pradesh,"SGPGI, Lucknow",RADIATION ONCOLOGY,"₹61,600*","₹1,11,780",2*,"₹40,00,000*",1609,-,-,-,-,-,2735(1),2735(1),2795(1),-,-
UP-Govt Quota,SC,Uttar Pradesh,"KGMU, Lucknow",PSYCHIATRY,"₹54,700*","₹1,09,955",2*,"₹40,00,000*",4500,1326(2),1718(2),-,-,-,1586(2),1586(2),2812(2),-,-
UP Priv-Open Quota,UR,Uttar Pradesh,"Heritage IMS, Varanasi",OBG,"₹21,12,517*","₹21,000",0,₹0,735,2128(3),2277(3),-,-,-,2768(3),2768(3),2828(3),-,-
UP-Govt Quota,SC,Uttar Pradesh,"S N Med Coll, Agra",ENT,"₹40,000","₹1,00,980*",2*,"₹40,00,000*",976,-,-,-,-,-,2045(1),2660(1),2831(1),-,-
UP-Govt Quota,ST,Uttar Pradesh,"BRD Med Coll, Gorakhpur",RADIO DIAGNOSIS,"₹40,000","₹1,00,980*",2*,"₹40,00,000*",1050,-,-,-,-,-,2773(1),2773(1),2833(1),-,-
UP-Govt Quota,SC,Uttar Pradesh,"S N Med Coll, Agra",DCH,"₹40,000","₹1,00,980*",2*,"₹20,00,000*",976,-,-,-,-,-,3062(1),2797(1),2857(1),3767(1),-
UP Priv-Open Quota,UR,Uttar Pradesh,Muzaffarnagar Medical College,OBG,"₹23,23,197*","₹56,100*",1*,₹0*,857,1961(10),2094(10),-,-,-,2559(10),2810(10),2870(10),-,-
UP-Govt Quota,SC,Uttar Pradesh,"Govt IMS, Kasna",GENERAL SURGERY,"₹40,000","₹1,00,980*",2*,"₹40,00,000*",500,-,-,-,-,-,1549(1),2330(1),2873(1),3409(1),-
UP Priv-Open Quota,UR,Uttar Pradesh,"Teerthanker Med Coll,Moradabad",DERMATOLOGY,"₹39,90,000*","₹69,600",0,₹0,1000,1673(2),1781(2),-,-,-,2390(2),2814(2),2875(2),-,-
UP-Govt Quota,UR,Uttar Pradesh,"KGMU, Lucknow",SPM,"₹54,700*","₹1,09,955",2*,"₹40,00,000*",4500,2265(2),2428(2),-,-,-,905(2),2822(2),2883(2),-,-
UP-Govt Quota,SC,Uttar Pradesh,"MLB Med Coll, Jhansi",GENERAL SURGERY,"₹40,000","₹1,00,980*",2*,"₹40,00,000*",700,1291(1),1570(1),-,-,-,2059(2),2257(2),2895(2),3368(1),-
UP-Govt Quota,UR,Uttar Pradesh,"S N Med Coll, Agra",PATHOLOGY,"₹40,000","₹1,00,980*",2*,"₹40,00,000*",976,1581(2),1799(2),-,-,-,-,-,2897(3),-,-
UP-Govt Quota,UR,Uttar Pradesh,"Shaik-ul-Hind, Saharanpur",PATHOLOGY,"₹40,000","₹1,00,980*",2*,"₹40,00,000*",500,2041(1),2361(1),-,-,-,1943(1),2851(1),2913(1),-,-
UP-Govt Quota,UR Service,Uttar Pradesh,"LLRM Med Coll, Meerut",DORTHO,"₹40,000","₹1,00,980*",2*,"₹20,00,000*",1090,-,-,-,-,-,974(1),974(1),2941(1),4066(1),-
UP-Govt Quota,SC,Uttar Pradesh,"Shaik-ul-Hind, Saharanpur",GENERAL SURGERY,"₹40,000","₹1,00,980*",2*,"₹40,00,000*",500,1304(1),1496(1),-,-,-,2257(1),2416(1),2946(1),-,-
UP Priv-Open Quota,UR,Uttar Pradesh,"Mayo IMS, Barabanki",DERMATOLOGY,"₹20,30,961*","₹14,000*",1*,₹0*,736,1888(3),2016(3),-,-,-,2421(4),2860(4),2950(4),-,-
UP-Govt Quota,SC,Uttar Pradesh,"RIO, Sitapur",OPHTHALMOLOGY,"₹40,000","₹1,00,980*",2*,"₹40,00,000*",500,1755(2),2266(2),-,-,-,2330(1),2504(1),2957(1),-,-
UP-Govt Quota,UR,Uttar Pradesh,"Govt IMS, Kasna",PATHOLOGY,"₹40,000","₹1,00,980*",2*,"₹40,00,000*",500,-,-,-,-,-,1398(1),2130(1),2961(1),-,-
UP-Govt Quota,UR,Uttar Pradesh,"KGMU, Lucknow",TRANSFUSION MEDICINE,"₹54,700*","₹1,09,955",2*,"₹40,00,000*",4500,-,-,-,-,-,1346(1),2535(1),2978(1),2755(1),3017(1)
UP-Govt Quota,SC,Uttar Pradesh,"UP Univ of Med Sci, Etawah",GENERAL SURGERY,"₹40,000","₹1,00,980*",2*,"₹40,00,000*",1268,1323(1),1397(1),-,195(1),-,2070(1),2305(1),2995(1),-,-
UP-Govt Quota,SC,Uttar Pradesh,"Rajkiya Med Coll, Jalaun",ORTHOPAEDICS,"₹40,000","₹1,00,980*",2*,"₹40,00,000*",Info Not Available,-,-,-,-,-,-,1698(1),3003(1),-,-
UP Priv-Open Quota,UR,Uttar Pradesh,"Hind IMS, Barabanki",OBG,"₹25,24,901*","₹35,000",1*,₹0*,580,2168(4),2287(4),-,-,-,2810(4),2808(4),3007(4),4068(1),-
UP Priv-Open Quota,UR,Uttar Pradesh,"National Captl Reg IMS, Meerut",OBG,"₹22,35,387*","₹56,100",0,₹0,680,-,-,-,-,-,2960(5),2960(5),3023(5),-,-
UP Priv-Open Quota,UR,Uttar Pradesh,"GS Med Coll Hosp,Hapur",PAEDIATRICS,"₹21,63,946*","₹32,000",0,₹0,Info Not Available,2593(3),2790(3),-,-,-,2966(3),2966(3),3029(3),-,-
UP-Govt Quota,UR,Uttar Pradesh,"UP Univ of Med Sci, Etawah",PATHOLOGY,"₹40,000","₹1,00,980*",2*,"₹40,00,000*",1268,2017(4),2352(4),470(1),205(1),94(1),1804(4),2836(4),3032(4),3161(1),-
UP-Govt Quota,BC,Uttar Pradesh,"GSVM Med Coll, Kanpur",PATHOLOGY,"₹40,000","₹1,00,980*",2*,"₹40,00,000*",2083,1945(2),2147(2),-,-,-,1833(1),2635(2),3033(2),-,-
UP-Govt Quota,ST,Uttar Pradesh,"MLB Med Coll, Jhansi",PAEDIATRICS,"₹40,000","₹1,00,980*",2*,"₹40,00,000*",700,-,-,-,-,-,2972(1),2972(1),3035(1),-,-
UP Priv-Open Quota,UR,Uttar Pradesh,"Rama Med Coll, Hapur",OBG,"₹24,75,612*","₹30,000*",Info Not Available,Info not available,1259,2283(4),2450(4),-,-,-,2979(4),2979(4),3042(4),-,-
UP Priv-Open Quota,UR,Uttar Pradesh,"Era Lucknow Med Coll, Lucknow",DERMATOLOGY,"₹39,90,000*","₹62,000",0,₹0,850,1636(3),1738(3),-,-,-,1671(2),2563(2),3046(2),-,-
UP Priv-Open Quota,UR,Uttar Pradesh,"Prasad Inst of Med Sci,Lucknow",DERMATOLOGY,"₹21,63,946*","₹18,000",0,₹0,410,1968(4),2101(4),-,-,-,2423(4),2988(4),3051(4),-,-
UP-Govt Quota,SC,Uttar Pradesh,"MLB Med Coll, Jhansi",ENT,"₹40,000","₹1,00,980*",2*,"₹40,00,000*",700,1441(1),1748(1),493(1),234(1),-,2409(1),2998(1),3061(1),-,-
UP Priv-Open Quota,UR,Uttar Pradesh,"Varun Arjun, Shahjahanpur",DERMATOLOGY,"₹23,38,116*","₹24,000*",1*,"₹10,00,000*",770,1974(2),2107(2),-,-,-,2566(3),3010(3),3073(3),-,-
UP Priv-Open Quota,UR,Uttar Pradesh,"Subharti Med Coll, Meerut",ORTHOPAEDICS,"₹14,43,744*","₹30,000*",2*,₹0*,938,2389(5),2570(5),-,-,-,3014(4),3354(4),3077(4),5752(1),-
UP-Govt Quota,SC,Uttar Pradesh,"Rajkiya Med Coll, Jalaun",GENERAL SURGERY,"₹40,000","₹1,00,980*",2*,"₹40,00,000*",Info Not Available,-,-,-,-,-,2134(1),2134(1),3078(1),-,-
UP-Govt Quota,SC,Uttar Pradesh,"Govt Med Coll, Kannauj",GENERAL SURGERY,"₹40,000","₹1,00,980*",2*,"₹40,00,000*",470,-,-,-,-,-,-,2409(1),3080(1),-,-
UP Priv-Open Quota,UR,Uttar Pradesh,Noida International Inst of MS,GENERAL MEDICINE,"₹22,35,387*","₹30,000",0,₹0,-,-,-,-,-,-,-,3053(15),3094(15),3320(1),-
UP Priv-Open Quota,UR,Uttar Pradesh,"Prasad Inst of Med Sci,Lucknow",GENERAL MEDICINE,"₹21,63,946*","₹18,000",0,₹0,410,2352(5),2507(5),418(1),-,-,2682(5),2889(5),3099(5),-,-
UP Priv-Min. Quota,UR,Uttar Pradesh,"IIMSR, Lucknow",RADIO DIAGNOSIS,"₹41,95,000*","₹40,800",0,₹0,540,2600(1),2800(1),-,-,-,3039(1),3039(1),3102(1),-,-
UP-Govt Quota,UR,Uttar Pradesh,"Govt Med Coll, Firozobad",PATHOLOGY,"₹40,000","₹1,00,980*",2*,"₹40,00,000*",517,-,-,-,-,-,1713(1),2899(1),3105(1),-,-
UP-Govt Quota,SC,Uttar Pradesh,"Govt IMS, Kasna",ANAESTHESIOLOGY,"₹40,000","₹1,00,980*",2*,"₹40,00,000*",500,-,-,-,-,-,2760(1),3043(1),3106(1),-,-
UP Priv-Open Quota,UR,Uttar Pradesh,"GS Med Coll Hosp,Hapur",ORTHOPAEDICS,"₹21,63,946*","₹32,000",0,₹0,Info Not Available,3346(2),3626(2),-,-,-,2385(2),3044(2),3107(2),-,-
UP Priv-Open Quota,UR,Uttar Pradesh,"Krishna Mohan Med Coll,Mathura",DERMATOLOGY,"₹21,63,946*","₹15,000*",0,₹0,700,2129(6),2278(6),-,-,-,2703(6),3058(6),3121(6),-,-
UP-Govt Quota,SC,Uttar Pradesh,"BRD Med Coll, Gorakhpur",PSYCHIATRY,"₹40,000","₹1,00,980*",2*,"₹40,00,000*",1050,1653(1),1836(1),483(1),-,-,2015(1),2091(1),3123(1),-,-
UP-Govt Quota,SC,Uttar Pradesh,"Dr RML IMS, Lucknow",EMERGENCY MEDICINE,"₹37,500*","₹1,08,672",2*,"₹40,00,000*",Info Not Available,1569(1),1665(1),-,-,-,1879(1),1879(1),3125(1),-,-
UP Priv-Open Quota,UR,Uttar Pradesh,"Venkateshwara IMS, Gajraula",GENERAL MEDICINE,"₹21,63,946*","₹36,000",0,₹0,750,2500(10),2691(10),-,-,-,2783(10),3063(10),3126(10),-,-
UP-Govt Quota,UR,Uttar Pradesh,"MLN Med Coll, Allahabad",TRANSFUSION MEDICINE,"₹40,000","₹1,00,980*",2*,"₹40,00,000*",Info Not Available,-,-,-,-,-,1123(1),3081(1),3144(1),-,-
UP Priv-Open Quota,UR,Uttar Pradesh,"KD Med Coll, Mathura",OBG,"₹21,63,946*","₹32,000",0,₹0,720,2239(3),2398(3),-,-,-,2762(3),3084(3),3147(3),-,-
UP-Govt Quota,UR Service,Uttar Pradesh,"S N Med Coll, Agra",DCH,"₹40,000","₹1,00,980*",2*,"₹20,00,000*",976,-,-,-,-,-,976(2),976(2),3152(2),3311(1),-
UP-Govt Quota,UR Service,Uttar Pradesh,"MLB Med Coll, Jhansi",DCH,"₹40,000","₹1,00,980*",2*,"₹20,00,000*",700,-,-,-,-,-,1267(1),1543(1),3153(1),-,-
UP Priv-Open Quota,UR,Uttar Pradesh,"IIMSR, Lucknow",DERMATOLOGY,"₹41,95,000*","₹45,000",0,₹0,540,2373(2),2553(2),-,-,-,2948(2),3056(2),3160(2),5131(1),4939(1)
UP-Govt Quota,UR,Uttar Pradesh,"MLB Med Coll, Jhansi",PATHOLOGY,"₹40,000","₹1,00,980*",2*,"₹40,00,000*",700,1081(1),1645(1),-,-,-,1621(1),2275(1),3174(1),3355(1),-
UP Priv-Open Quota,UR,Uttar Pradesh,"Mayo IMS, Barabanki",GENERAL MEDICINE,"₹20,30,961*","₹14,000*",1*,₹0*,736,2296(4),2464(4),-,-,-,2759(8),3146(8),3211(8),3738(1),-
UP Priv-Open Quota,UR,Uttar Pradesh,"Krishna Mohan Med Coll,Mathura",GENERAL MEDICINE,"₹21,63,946*","₹15,000*",0,₹0,700,2466(4),2652(4),-,-,-,2749(4),2997(4),3213(4),-,-
UP Priv-Open Quota,UR,Uttar Pradesh,"Prasad Inst of Med Sci,Lucknow",OBG,"₹21,63,946*","₹18,000",0,₹0,410,2773(3),2991(3),-,-,-,3167(3),3167(3),3233(3),-,-
UP-Govt Quota,EW,Uttar Pradesh,"MLN Med Coll, Allahabad",PATHOLOGY,"₹40,000","₹1,00,980*",2*,"₹40,00,000*",Info Not Available,-,-,-,-,-,2286(1),3176(1),3242(1),-,-
UP-Govt Quota,SC,Uttar Pradesh,"BRD Med Coll, Gorakhpur",ENT,"₹40,000","₹1,00,980*",2*,"₹40,00,000*",1050,1586(1),1885(1),-,-,-,2247(1),2771(1),3250(1),-,-
UP Priv-Open Quota,UR,Uttar Pradesh,"Hind IMS, Sitapur",OBG,"₹20,40,950*","₹30,000",1*,₹0*,700,2435(3),2618(3),-,-,-,2992(3),3187(3),3253(3),-,-
UP-Govt Quota,SC,Uttar Pradesh,"MLN Med Coll, Allahabad",OPHTHALMOLOGY,"₹40,000","₹1,00,980*",2*,"₹40,00,000*",Info Not Available,1368(1),1613(1),561(1),-,-,2188(2),2449(2),3258(2),3374(1),-
UP-Govt Quota,BC,Uttar Pradesh,"MLN Med Coll, Allahabad",PATHOLOGY,"₹40,000","₹1,00,980*",2*,"₹40,00,000*",Info Not Available,2009(1),2128(1),-,-,-,1978(1),2401(1),3279(1),-,-
UP-Govt Quota,SC,Uttar Pradesh,"S N Med Coll, Agra",OPHTHALMOLOGY,"₹40,000","₹1,00,980*",2*,"₹40,00,000*",976,1519(1),1870(1),-,-,-,2160(1),2426(1),3280(1),-,-
UP Priv-Open Quota,UR,Uttar Pradesh,Muzaffarnagar Medical College,PAEDIATRICS,"₹23,23,197*","₹56,100*",1*,₹0*,857,2188(4),2343(4),211(1),242(1),116(1),2361(4),3216(4),3283(4),-,-
UP Priv-Open Quota,UR,Uttar Pradesh,"Rama Med Coll, Kanpur",OBG,"₹25,62,430*","₹30,000",0,₹0,730,2410(4),2593(4),-,-,-,3029(4),3219(4),3286(4),-,-
UP Priv-Min. Quota,UR,Uttar Pradesh,"IIMSR, Lucknow",PAEDIATRICS,"₹38,95,000*","₹40,800",0,₹0,540,4197(1),4561(1),-,-,-,5288(1),5147(1),3287(1),6912(1),-
UP-Govt Quota,UR,Uttar Pradesh,"Govt Med Coll, Kannauj",PATHOLOGY,"₹40,000","₹1,00,980*",2*,"₹40,00,000*",470,-,-,-,-,-,-,2880(1),3289(1),-,-
UP-Govt Quota,SC,Uttar Pradesh,"KGMU, Lucknow",OPHTHALMOLOGY,"₹54,700*","₹1,09,955",2*,"₹40,00,000*",4500,-,-,497(1),-,-,1825(2),1825(2),3307(2),3714(1),-
UP-Govt Quota,BC,Uttar Pradesh,"BRD Med Coll, Gorakhpur",PATHOLOGY,"₹40,000","₹1,00,980*",2*,"₹40,00,000*",1050,2194(2),2350(2),-,-,-,2310(1),2730(1),3331(2),-,-
UP Priv-Open Quota,UR,Uttar Pradesh,"Career Instt of MS, Lucknow",DERMATOLOGY,"₹39,90,000*","₹40,000",0,₹0,600,2213(1),2370(1),-,-,-,2563(1),3391(1),3336(1),-,-
UP-Govt Quota,UR,Uttar Pradesh,"Govt Med Coll, Shahjhanpur",PATHOLOGY,"₹40,000","₹1,00,980*",2*,"₹40,00,000*",460,-,-,-,-,-,-,2969(1),3337(1),-,-
UP-Govt Quota,UR,Uttar Pradesh,"GSVM Med Coll, Kanpur",SPM,"₹40,000","₹1,00,980*",2*,"₹40,00,000*",2083,-,-,-,-,-,3178(1),3178(1),3339(1),-,-
UP Priv-Open Quota,UR,Uttar Pradesh,"FH Med Coll, Agra",DERMATOLOGY,"₹42,50,000*","₹45,000",0,₹0,932,1928(1),2371(1),-,-,-,2930(1),3276(1),3347(1),-,-
UP Priv-Open Quota,UR,Uttar Pradesh,"Saraswati IMS, Hapur",OBG,"₹20,22,143*","₹32,000*",0,₹0,851,2112(6),2260(6),-,-,-,2763(6),3072(6),3356(6),-,-
UP Priv-Open Quota,UR,Uttar Pradesh,"Teerthanker Med Coll,Moradabad",OBG,"₹35,10,000*","₹69,600",0,₹0,1000,2409(5),2592(5),-,-,-,2924(4),3272(4),3371(5),-,-
UP Priv-Open Quota,UR,Uttar Pradesh,"SRMS IMS, Bareilly",PAEDIATRICS,"₹25,09,957*","₹32,000*",1*,₹0*,950,2217(6),2374(6),-,-,-,2807(9),3309(9),3380(9),4870(1),-
UP-Govt Quota,BC,Uttar Pradesh,"S N Med Coll, Agra",PATHOLOGY,"₹40,000","₹1,00,980*",2*,"₹40,00,000*",976,1879(1),2172(1),-,-,-,2126(1),2335(1),3384(2),-,-
UP Priv-Open Quota,UR,Uttar Pradesh,"SMSR, Greater Noida",PAEDIATRICS,"₹25,40,649*","₹32,000",0,₹0,1200,2151(12),2304(12),-,-,-,2980(12),3317(12),3388(12),4588(1),-
UP-Govt Quota,EW,Uttar Pradesh,"SGPGI, Lucknow",IHBT,"₹61,600*","₹1,11,780",2*,"₹40,00,000*",1609,-,-,-,-,-,3318(1),3318(1),3389(1),-,-
UP-Govt Quota,SC,Uttar Pradesh,"KGMU, Lucknow",PATHOLOGY,"₹54,700*","₹1,09,955",2*,"₹40,00,000*",4500,2091(2),2237(2),-,-,-,2812(2),3330(2),3401(2),-,-
UP Priv-Open Quota,UR,Uttar Pradesh,Noida International Inst of MS,OBG,"₹22,35,387*","₹30,000",0,₹0,-,-,-,-,-,-,-,3339(3),3410(3),4087(1),-
UP-Govt Quota,UR Service,Uttar Pradesh,"S N Med Coll, Agra",DLO,"₹40,000","₹1,00,980*",2*,"₹20,00,000*",976,-,-,-,-,-,2222(1),3953(1),3418(1),5310(1),5575(1)
UP-Govt Quota,SC,Uttar Pradesh,"BRD Med Coll, Gorakhpur",DGO,"₹40,000","₹1,00,980*",2*,"₹20,00,000*",1050,-,-,-,-,-,2240(1),2240(1),3422(1),4137(1),-
UP Priv-Open Quota,UR,Uttar Pradesh,"Teerthanker Med Coll,Moradabad",GENERAL MEDICINE,"₹39,90,000*","₹69,600",0,₹0,1000,2382(8),2711(8),214(1),322(1),-,2902(12),3357(12),3429(12),4839(1),-
UP Priv-Open Quota,UR,Uttar Pradesh,"Subharti Med Coll, Meerut",PSYCHIATRY,"₹14,43,744*","₹30,000*",2*,₹0*,938,3551(3),3850(3),-,-,-,2133(2),3363(2),3437(2),7222(2),-
UP-Govt Quota,UR,Uttar Pradesh,"LLRM Med Coll, Meerut",SPM,"₹40,000","₹1,00,980*",2*,"₹40,00,000*",1090,3196(2),3460(2),-,-,-,3461(2),3371(2),3447(2),3668(1),5343(1)
UP-Govt Quota,SC,Uttar Pradesh,"KGMU, Lucknow",ANAESTHESIOLOGY,"₹54,700*","₹1,09,955",2*,"₹40,00,000*",4500,1692(4),1802(4),-,-,-,2224(4),2284(4),3450(4),-,-
UP Priv-Open Quota,UR,Uttar Pradesh,"Mayo IMS, Barabanki",OBG,"₹20,30,961*","₹14,000*",1*,₹0*,736,2490(2),2680(2),-,-,-,3257(6),3531(6),3497(6),4161(1),-
UP-Govt Quota,SC,Uttar Pradesh,"GSVM Med Coll, Kanpur",ANAESTHESIOLOGY,"₹40,000","₹1,00,980*",2*,"₹40,00,000*",2083,1728(1),1842(1),565(1),-,-,2426(1),2812(1),3499(1),-,-
UP-Govt Quota,SC,Uttar Pradesh,"KGMU, Lucknow",RADIATION ONCOLOGY,"₹54,700*","₹1,09,955",2*,"₹40,00,000*",4500,1989(1),2122(1),-,-,-,2999(1),2740(1),3501(1),-,-
UP Priv-Open Quota,UR,Uttar Pradesh,"Hind IMS, Barabanki",PAEDIATRICS,"₹25,24,901*","₹35,000",1*,₹0*,580,2589(3),2698(3),-,-,-,3071(3),3420(3),3502(3),-,-
UP Priv-Open Quota,UR,Uttar Pradesh,"Varun Arjun, Shahjahanpur",GENERAL MEDICINE,"₹23,38,116*","₹24,000*",1,"₹7,50,000",770,2429(5),2612(5),-,-,-,2706(5),3169(5),3506(10),-,-
UP Priv-Open Quota,UR,Uttar Pradesh,"Rajshree MRI, Bareilly",GENERAL MEDICINE,"₹24,89,880*","₹32,000",1*,₹0*,740,2260(6),2423(6),-,-,-,2691(9),3038(9),3510(9),4348(2),-
UP-Govt Quota,SC,Uttar Pradesh,"SGPGI, Lucknow",ANAESTHESIOLOGY,"₹61,600*","₹1,11,780",2*,"₹40,00,000*",1609,1548(2),1773(2),-,-,-,2284(2),2673(2),3512(2),-,-
UP Priv-Open Quota,UR,Uttar Pradesh,"TS Misra Med Coll, Lucknow",OBG,"₹21,63,946*","₹30,000",0,₹0,735,2702(6),2916(6),-,-,-,3161(6),3450(6),3530(6),-,-
UP-Govt Quota,BC,Uttar Pradesh,"KGMU, Lucknow",FORENSIC MEDICINE,"₹54,700*","₹1,09,955",2*,"₹40,00,000*",4500,3944(1),4385(1),-,-,-,3453(1),3453(1),3533(1),-,-
UP Priv-Open Quota,UR,Uttar Pradesh,"KD Med Coll, Mathura",PAEDIATRICS,"₹21,63,946*","₹32,000",0,₹0,720,2420(2),2603(2),-,-,-,2886(2),3422(2),3537(2),-,-
UP-Govt Quota,BC,Uttar Pradesh,"MLB Med Coll, Jhansi",PATHOLOGY,"₹40,000","₹1,00,980*",2*,"₹40,00,000*",700,2040(1),2446(1),-,-,-,2578(1),2927(1),3550(1),-,-
UP-Govt Quota,EW,Uttar Pradesh,"S N Med Coll, Agra",PATHOLOGY,"₹40,000","₹1,00,980*",2*,"₹40,00,000*",976,-,-,-,-,-,2702(1),3497(1),3562(1),-,-
UP Priv-Open Quota,UR,Uttar Pradesh,"Subharti Med Coll, Meerut",PAEDIATRICS,"₹14,43,744*","₹30,000*",2*,₹0*,938,1905(3),2034(3),-,-,-,2346(3),2346(3),3563(4),4223(1),-
UP-Govt Quota,SC,Uttar Pradesh,"Dr RML IMS, Lucknow",ANAESTHESIOLOGY,"₹37,500*","₹1,08,672",2*,"₹40,00,000*",Info Not Available,1647(2),2055(2),-,-,-,2094(1),2536(1),3570(1),-,-
UP-Govt Quota,SC,Uttar Pradesh,"MLN Med Coll, Allahabad",ANAESTHESIOLOGY,"₹40,000","₹1,00,980*",2*,"₹40,00,000*",Info Not Available,1826(1),1949(1),-,-,-,2615(2),3062(2),3575(2),4258(1),-
UP-Govt Quota,BC,Uttar Pradesh,"UP Univ of Med Sci, Etawah",PATHOLOGY,"₹40,000","₹1,00,980*",2*,"₹40,00,000*",1268,2530(2),2724(2),-,-,-,2380(2),3198(2),3581(2),-,-
UP-Govt Quota,SC,Uttar Pradesh,"LLRM Med Coll, Meerut",DCH,"₹40,000","₹1,00,980*",2*,"₹20,00,000*",1090,-,-,-,-,-,3083(1),2003(1),3586(1),-,-
UP-Govt Quota,SC,Uttar Pradesh,"Govt Allopathic Med Coll,Banda",ENT,"₹40,000","₹1,00,980*",2*,"₹40,00,000*",430,-,-,-,-,-,2416(1),3018(1),3608(1),-,-
UP Priv-Open Quota,UR,Uttar Pradesh,"Saraswati IMS, Hapur",PAEDIATRICS,"₹20,22,143*","₹32,000*",0,₹0,851,2295(8),2463(8),-,-,-,3156(8),3438(8),3615(8),-,-
UP Priv-Open Quota,UR,Uttar Pradesh,"Rohilkhand Med Coll, Bareilly",GENERAL MEDICINE,"₹29,09,009*","₹24,000*",1,"₹7,50,000",720,2351(17),2528(17),484(6),316(4),111(1),2517(17),2955(17),3616(17),4699(3),-
UP Priv-Open Quota,UR,Uttar Pradesh,Muzaffarnagar Medical College,TBRD,"₹23,23,197*","₹56,100*",1*,₹0*,857,2493(2),2683(2),-,-,-,2889(2),3555(2),3642(2),-,-
UP-Govt Quota,BC,Uttar Pradesh,"Govt Med Coll, Kannauj",PATHOLOGY,"₹40,000","₹1,00,980*",2*,"₹40,00,000*",470,-,-,-,-,-,-,3212(1),3649(1),-,-
UP Priv-Open Quota,UR,Uttar Pradesh,"Heritage IMS, Varanasi",PAEDIATRICS,"₹21,12,517*","₹21,000",0,₹0,735,2450(3),2633(3),-,-,-,2988(3),3563(3),3650(3),-,-
UP-Govt Quota,SC,Uttar Pradesh,"MLB Med Coll, Jhansi",ANAESTHESIOLOGY,"₹40,000","₹1,00,980*",2*,"₹40,00,000*",700,-,-,-,-,-,-,-,3667(1),-,-
UP Priv-Open Quota,UR,Uttar Pradesh,"SRMS IMS, Bareilly",ORTHOPAEDICS,"₹25,09,957*","₹32,000*",1*,₹0*,950,2815(6),3036(6),-,-,-,3179(6),3584(6),3671(6),-,-
UP Priv-Open Quota,UR,Uttar Pradesh,"Venkateshwara IMS, Gajraula",OBG,"₹21,63,946*","₹36,000",0,₹0,750,2852(6),3078(6),-,-,-,3502(6),3585(6),3672(6),-,-
UP Priv-Open Quota,UR,Uttar Pradesh,"SRMS IMS, Bareilly",TBRD,"₹25,09,957*","₹32,000*",1*,₹0*,950,2569(3),2075(3),672(2),-,-,3172(5),3501(5),3678(5),-,-
UP-Govt Quota,SC,Uttar Pradesh,"LLRM Med Coll, Meerut",ANAESTHESIOLOGY,"₹40,000","₹1,00,980*",2*,"₹40,00,000*",1090,1874(1),2138(1),-,-,-,2669(2),3083(2),3681(2),-,-
UP Priv-Open Quota,UR,Uttar Pradesh,"Rama Med Coll, Kanpur",PAEDIATRICS,"₹25,62,430*","₹30,000",0,₹0,730,2353(2),2530(2),-,-,-,3150(2),3602(2),3690(2),-,-
UP-Govt Quota,BC,Uttar Pradesh,"Auton. State Med Coll, Ayodhya",PATHOLOGY,"₹40,000","₹1,00,980*",2*,"₹40,00,000*",-,-,-,-,-,-,2658(1),3261(1),3725(1),-,-
UP Priv-Open Quota,UR,Uttar Pradesh,"Hind IMS, Sitapur",PAEDIATRICS,"₹20,40,950*","₹30,000",1*,₹0*,700,2781(5),3000(5),-,-,-,2938(1),3660(1),3746(1),-,-
UP-Govt Quota,SC,Uttar Pradesh,"S N Med Coll, Agra",ANAESTHESIOLOGY,"₹40,000","₹1,00,980*",2*,"₹40,00,000*",976,1907(1),2000(1),-,-,-,2673(2),3135(2),3747(2),4273(1),-
UP-Govt Quota,SC,Uttar Pradesh,"BRD Med Coll, Gorakhpur",ANAESTHESIOLOGY,"₹40,000","₹1,00,980*",2*,"₹40,00,000*",1050,1908(2),2254(2),-,-,-,2740(1),3234(1),3759(1),-,-
UP Priv-Min. Quota,UR,Uttar Pradesh,"Teerthanker Med Coll,Moradabad",DERMATOLOGY,"₹39,90,000*","₹69,600",0,₹0,1000,2982(2),3225(2),-,-,-,3715(2),3715(2),3810(2),-,-
UP Priv-Open Quota,UR,Uttar Pradesh,"Subharti Med Coll, Meerut",TBRD,"₹14,43,744*","₹30,000*",2*,₹0*,938,2609(3),2811(3),-,-,-,2900(2),3612(2),3815(3),-,-
UP-Govt Quota,SC,Uttar Pradesh,"SGPGI, Lucknow",PATHOLOGY,"₹61,600*","₹1,11,780",2*,"₹40,00,000*",1609,-,-,-,-,-,2789(1),2789(1),3817(1),-,-
UP-Govt Quota,SC,Uttar Pradesh,"Govt Allopathic Med Coll,Banda",ANAESTHESIOLOGY,"₹40,000","₹1,00,980*",2*,"₹40,00,000*",430,-,-,-,-,-,-,-,3818(1),4782(1),-
UP-Govt Quota,SC,Uttar Pradesh,"Govt Med Coll, Kannauj",ANAESTHESIOLOGY,"₹40,000","₹1,00,980*",2*,"₹40,00,000*",470,-,-,-,-,-,-,2858(1),3840(1),-,-
UP-Govt Quota,SC,Uttar Pradesh,"MLN Med Coll, Allahabad",PATHOLOGY,"₹40,000","₹1,00,980*",2*,"₹40,00,000*",Info Not Available,2000(1),2817(1),-,-,-,3021(1),3748(1),3843(1),-,-
UP-Govt Quota,UR,Uttar Pradesh,"KGMU, Lucknow",FORENSIC MEDICINE,"₹54,700*","₹1,09,955",2*,"₹40,00,000*",4500,3514(2),3810(2),-,-,-,3077(2),3768(2),3863(2),-,-
UP Priv-Open Quota,UR,Uttar Pradesh,"SMSR, Greater Noida",PSYCHIATRY,"₹25,40,649*","₹32,000",0,₹0,1200,2637(3),2845(3),-,-,-,3413(3),3783(3),3878(3),-,-
UP Priv-Open Quota,UR,Uttar Pradesh,"IIMSR, Lucknow",PSYCHIATRY,"₹25,00,000*","₹40,800",0,₹0,540,-,-,-,-,-,5239(1),3789(1),3884(1),-,-
UP Priv-Open Quota,UR,Uttar Pradesh,"Era Lucknow Med Coll, Lucknow",PSYCHIATRY,"₹25,10,000*","₹62,000",0,₹0,850,2884(2),3116(2),-,-,-,3363(1),3959(1),3885(1),-,-
UP Priv-Open Quota,UR,Uttar Pradesh,"Era Lucknow Med Coll, Lucknow",OBG,"₹39,80,000*","₹62,000",0,₹0,850,2987(5),3158(5),-,-,-,3183(5),3627(5),3895(5),-,-
UP-Govt Quota,UR,Uttar Pradesh,"S N Med Coll, Agra",SPM,"₹40,000","₹1,00,980*",2*,"₹40,00,000*",976,2331(1),2504(1),-,-,-,2276(1),4233(1),3908(1),-,-
UP Priv-Open Quota,UR,Uttar Pradesh,"Krishna Mohan Med Coll,Mathura",OBG,"₹21,63,946*","₹15,000*",0,₹0,700,2785(4),3004(4),-,-,-,3381(4),3816(4),3912(4),-,-
UP Priv-Open Quota,UR,Uttar Pradesh,"Venkateshwara IMS, Gajraula",PAEDIATRICS,"₹21,63,946*","₹36,000",0,₹0,750,3244(6),3514(6),-,-,-,3660(6),3821(6),3917(6),-,-
UP-Govt Quota,UR,Uttar Pradesh,"Govt Med Coll, Badaun",SPM,"₹40,000","₹1,00,980*",2*,"₹40,00,000*",-,-,-,-,-,-,4289(1),4789(1),3943(1),-,-
UP Priv-Min. Quota,UR,Uttar Pradesh,"Career Instt of MS, Lucknow",RADIO DIAGNOSIS,"₹42,20,000*","₹40,000",0,₹0,600,2879(1),3110(1),-,-,-,3854(1),3854(1),3950(1),-,-
UP Priv-Open Quota,UR,Uttar Pradesh,"SMSR, Greater Noida",ORTHOPAEDICS,"₹25,40,649*","₹32,000",0,₹0,1200,2876(6),3107(6),-,-,-,2918(5),3861(5),3957(5),-,-
UP Priv-Open Quota,UR,Uttar Pradesh,"TS Misra Med Coll, Lucknow",PAEDIATRICS,"₹21,63,946*","₹30,000",0,₹0,735,2871(6),3102(6),485(1),-,-,3343(6),3874(6),3972(6),-,-
UP Priv-Open Quota,UR,Uttar Pradesh,"Varun Arjun, Shahjahanpur",OBG,"₹23,38,116*","₹24,000*",1,"₹10,00,000",770,2797(6),3018(6),-,-,-,3611(6),3888(6),3988(6),-,-
UP Priv-Open Quota,UR,Uttar Pradesh,"SMSR, Greater Noida",TBRD,"₹25,40,649*","₹32,000",0,₹0,1200,2690(3),2902(3),-,-,-,2665(3),2846(3),3994(3),5264(1),-
UP-Govt Quota,SC,Uttar Pradesh,"S N Med Coll, Agra",RADIATION ONCOLOGY,"₹40,000","₹1,00,980*",2*,"₹40,00,000*",976,-,-,-,-,-,3043(1),3213(1),4001(1),-,-
UP Priv-Open Quota,UR,Uttar Pradesh,"Rohilkhand Med Coll, Bareilly",OBG,"₹29,09,009*","₹24,000*",1,"₹15,00,000",720,2612(16),2815(16),337(2),293(3),-,3339(16),3838(16),4012(16),4622(2),-
UP Priv-Open Quota,UR,Uttar Pradesh,"Rajshree MRI, Bareilly",OBG,"₹24,89,880*","₹32,000",1*,₹0*,740,2518(3),2712(3),-,-,-,3488(7),3920(7),4020(7),-,-
UP Priv-Min. Quota,UR,Uttar Pradesh,"Era Lucknow Med Coll, Lucknow",RADIO DIAGNOSIS,"₹39,95,000*","₹62,000",0,₹0,850,2562(6),2758(6),-,-,-,3648(7),3763(7),4038(7),-,-
UP Priv-Min. Quota,UR,Uttar Pradesh,"Teerthanker Med Coll,Moradabad",RADIO DIAGNOSIS,"₹39,90,000*","₹69,600",0,₹0,1000,3199(6),3463(6),340(1),281(1),-,3889(7),2802(7),4046(7),-,-
UP Priv-Open Quota,UR,Uttar Pradesh,"Career Instt of MS, Lucknow",OBG,"₹39,90,000*","₹40,000",0,₹0,600,3697(1),2515(1),-,-,-,3919(1),3950(1),4050(1),-,-
UP Priv-Open Quota,UR,Uttar Pradesh,"Teerthanker Med Coll,Moradabad",PSYCHIATRY,"₹23,40,000*","₹69,600",0,₹0,1000,2658(2),2868(2),-,-,-,3273(2),3685(2),4059(2),-,-
UP Priv-Open Quota,UR,Uttar Pradesh,"Prasad Inst of Med Sci,Lucknow",PAEDIATRICS,"₹21,63,946*","₹18,000",0,₹0,410,2928(3),3164(3),603(1),-,-,3527(3),3964(3),4063(3),-,-
UP Priv-Open Quota,UR,Uttar Pradesh,"Era Lucknow Med Coll, Lucknow",GENERAL MEDICINE,"₹39,60,000*","₹62,000",0,₹0,850,2462(7),2648(7),515(1),290(1),-,2694(7),3572(7),4082(7),-,-
UP Priv-Open Quota,UR,Uttar Pradesh,"Rama Med Coll, Hapur",PAEDIATRICS,"₹24,75,612*","₹30,000*",Info Not Available,Info not available,1259,2524(3),2718(3),-,-,-,3216(3),3618(3),4086(3),-,-
UP Priv-Open Quota,UR,Uttar Pradesh,"Teerthanker Med Coll,Moradabad",TBRD,"₹27,00,000*","₹69,600",0,₹0,1000,2915(2),3151(2),-,-,-,3061(2),3591(2),4094(2),-,-
UP Priv-Open Quota,UR,Uttar Pradesh,"KD Med Coll, Mathura",TBRD,"₹21,63,946*","₹32,000",0,₹0,720,2926(2),3162(2),-,-,-,3825(2),4010(2),4111(2),-,-
UP Priv-Open Quota,UR,Uttar Pradesh,"KD Med Coll, Mathura",ORTHOPAEDICS,"₹21,63,946*","₹32,000",0,₹0,720,3406(5),3690(5),-,-,-,3865(5),4015(5),4116(5),-,-
UP Priv-Open Quota,UR,Uttar Pradesh,"SRMS IMS, Bareilly",RADIATION ONCOLOGY,"₹16,00,000*","₹32,000*",1*,₹0*,950,4338(4),4869(4),975(1),627(1),-,4053(4),4053(4),4156(4),-,-
UP-Govt Quota,UR,Uttar Pradesh,"Shaik-ul-Hind, Saharanpur",SPM,"₹40,000","₹1,00,980*",2*,"₹40,00,000*",500,3617(1),3927(1),-,-,-,4082(1),4082(1),4185(1),-,-
UP-Govt Quota,SC,Uttar Pradesh,"S N Med Coll, Agra",SPM,"₹40,000","₹1,00,980*",2*,"₹40,00,000*",976,3717(1),3784(1),1362(1),708(1),-,4089(1),4089(1),4193(1),-,-
UP-Govt Quota,BC,Uttar Pradesh,"Govt Med Coll, Firozobad",PATHOLOGY,"₹40,000","₹1,00,980*",2*,"₹40,00,000*",517,-,-,-,-,-,2730(1),3313(1),4232(1),-,-
UP-Govt Quota,EW,Uttar Pradesh,"BRD Med Coll, Gorakhpur",PATHOLOGY,"₹40,000","₹1,00,980*",2*,"₹40,00,000*",1050,-,2761(1),-,-,-,3176(1),4132(1),4236(1),-,-
UP Priv-Open Quota,UR,Uttar Pradesh,"GS Med Coll Hosp,Hapur",TBRD,"₹21,63,946*","₹32,000",0,₹0,Info Not Available,3297(2),3572(2),909(1),-,-,3903(2),4142(2),4246(2),-,-
UP Priv-Open Quota,UR,Uttar Pradesh,Muzaffarnagar Medical College,OPHTHALMOLOGY,"₹23,23,197*","₹56,100*",1*,₹0*,857,3352(4),3848(4),-,-,-,4042(4),4163(4),4268(4),-,-
UP Priv-Open Quota,UR,Uttar Pradesh,"IIMSR, Lucknow",OBG,"₹39,95,000*","₹40,800",0,₹0,540,2885(1),3117(1),-,-,-,3828(3),4136(3),4269(3),-,-
UP Priv-Open Quota,UR,Uttar Pradesh,"Heritage IMS, Varanasi",TBRD,"₹21,12,517*","₹21,000",0,₹0,735,3411(3),3696(3),-,-,-,3372(3),4181(3),4287(3),-,-
UP Priv-Open Quota,UR,Uttar Pradesh,Noida International Inst of MS,PAEDIATRICS,"₹22,35,387*","₹30,000",0,₹0,-,-,-,-,-,-,-,4186(9),4292(9),-,-
UP Priv-Open Quota,UR,Uttar Pradesh,"IIMSR, Lucknow",GENERAL MEDICINE,"₹39,95,000*","₹40,800",0,₹0,540,2543(2),2737(2),693(1),330(1),-,2952(2),3907(2),4310(2),-,-
UP Priv-Open Quota,UR,Uttar Pradesh,"Hind IMS, Sitapur",TBRD,"₹20,40,950*","₹30,000",1*,₹0*,700,3330(2),3609(2),865(1),-,-,3630(2),3630(2),4327(2),5205(1),-
UP Priv-Open Quota,UR,Uttar Pradesh,Muzaffarnagar Medical College,ORTHOPAEDICS,"₹23,23,197*","₹56,100*",1*,₹0*,857,2726(6),2940(6),-,-,-,3803(10),4223(10),4331(10),-,-
UP Priv-Open Quota,UR,Uttar Pradesh,"FH Med Coll, Agra",OBG,"₹42,00,000*","₹45,000",0,₹0,932,3580(3),3490(3),767(2),320(2),88(1),3818(3),4228(3),4336(3),-,-
UP-Govt Quota,UR,Uttar Pradesh,"LLRM Med Coll, Meerut",BIOCHEMISTRY,"₹40,000","₹1,00,980*",2*,"₹40,00,000*",1090,-,4934(1),-,-,-,4959(1),6416(1),4341(1),-,-
UP Priv-Open Quota,UR,Uttar Pradesh,"Mayo IMS, Barabanki",PAEDIATRICS,"₹20,30,961*","₹14,000*",1*,₹0*,736,2875(2),3106(2),-,-,-,3634(7),4264(7),4381(7),5122(1),-
UP Priv-Open Quota,UR,Uttar Pradesh,"Saraswati IMS, Hapur",ORTHOPAEDICS,"₹20,22,143*","₹32,000*",0,₹0,851,2917(2),3153(2),-,-,-,3815(2),4295(2),4409(2),-,-
UP Priv-Min. Quota,UR,Uttar Pradesh,"Era Lucknow Med Coll, Lucknow",PSYCHIATRY,"₹25,10,000*","₹62,000",0,₹0,850,2364(1),2544(1),-,-,-,4298(2),4298(2),4412(2),-,-
UP Priv-Open Quota,UR,Uttar Pradesh,"Saraswati IMS, Hapur",TBRD,"₹20,22,143*","₹32,000*",0,₹0,851,2623(2),2828(2),-,-,-,3287(2),4302(2),4416(2),-,-
UP Priv-Open Quota,UR,Uttar Pradesh,"Teerthanker Med Coll,Moradabad",PAEDIATRICS,"₹36,00,000*","₹69,600",0,₹0,1000,3036(5),3284(5),-,-,-,3670(5),4304(5),4418(5),-,-
UP Priv-Open Quota,UR,Uttar Pradesh,"Career Instt of MS, Lucknow",GENERAL MEDICINE,"₹39,90,000*","₹40,000",0,₹0,600,2818(2),3190(2),814(1),-,-,3063(3),3862(3),4425(3),5183(2),-
UP Priv-Open Quota,UR,Uttar Pradesh,"Heritage IMS, Varanasi",ORTHOPAEDICS,"₹21,12,517*","₹21,000",0,₹0,735,3000(3),3245(3),-,-,-,4013(3),4318(3),4432(3),-,-
UP Priv-Open Quota,UR,Uttar Pradesh,Muzaffarnagar Medical College,PSYCHIATRY,"₹23,23,197*","₹56,100*",1*,₹0*,857,3706(3),4017(3),-,-,-,3770(3),4325(3),4440(3),-,-
UP-Govt Quota,BC,Uttar Pradesh,"KGMU, Lucknow",SPM,"₹54,700*","₹1,09,955",2*,"₹40,00,000*",4500,3165(2),3547(2),-,-,-,3198(2),4241(2),4452(2),5630(1),-
UP Priv-Open Quota,UR,Uttar Pradesh,"Rajshree MRI, Bareilly",PAEDIATRICS,"₹24,89,880*","₹32,000",1*,₹0*,740,2861(6),3091(6),784(2),-,-,3671(7),4349(7),4466(7),-,-
UP Priv-Open Quota,UR,Uttar Pradesh,"FH Med Coll, Agra",GENERAL MEDICINE,"₹42,00,000*","₹45,000",0,₹0,932,2575(2),2783(2),768(1),-,-,3169(2),3831(2),4467(2),5572(1),-
UP Priv-Open Quota,UR,Uttar Pradesh,"Krishna Mohan Med Coll,Mathura",PAEDIATRICS,"₹21,63,946*","₹15,000*",0,₹0,700,3283(8),3556(8),852(3),381(2),-,3793(8),4385(8),4497(8),4805(2),-
UP Priv-Open Quota,UR,Uttar Pradesh,"Varun Arjun, Shahjahanpur",PAEDIATRICS,"₹23,38,116*","₹24,000*",1,"₹7,50,000",770,2943(3),3179(3),-,-,-,3730(3),4389(3),4506(3),-,-
UP-Govt Quota,EW,Uttar Pradesh,"KGMU, Lucknow",SPM,"₹54,700*","₹1,09,955",2*,"₹40,00,000*",4500,3648(1),3959(1),-,-,-,4398(1),4398(1),4515(1),-,-
UP-Govt Quota,BC,Uttar Pradesh,"Dr RML IMS, Lucknow",SPM,"₹37,500*","₹1,08,672",2*,"₹40,00,000*",Info Not Available,2644(1),3370(1),-,-,-,3701(1),4337(1),4520(1),6082(1),-
UP Priv-Open Quota,UR,Uttar Pradesh,"SMSR, Greater Noida",OPHTHALMOLOGY,"₹25,40,649*","₹32,000",0,₹0,1200,3221(4),3525(4),-,-,-,3721(4),4202(4),4525(4),5438(1),-
UP Priv-Open Quota,UR,Uttar Pradesh,"Rohilkhand Med Coll, Bareilly",PAEDIATRICS,"₹29,09,009*","₹24,000*",1,"₹7,50,000",720,2853(9),3079(9),-,-,-,3712(13),4192(13),4527(13),5224(1),-
UP-Govt Quota,EW,Uttar Pradesh,"UP Univ of Med Sci, Etawah",PATHOLOGY,"₹40,000","₹1,00,980*",2*,"₹40,00,000*",1268,2537(1),3237(1),-,-,-,3168(1),4439(1),4559(1),-,-
UP Priv-Open Quota,UR,Uttar Pradesh,"TS Misra Med Coll, Lucknow",ORTHOPAEDICS,"₹21,63,946*","₹30,000",0,₹0,735,3493(2),3786(2),-,-,-,4064(2),4478(2),4598(2),-,-
UP Priv-Open Quota,UR,Uttar Pradesh,"Rama Med Coll, Kanpur",ORTHOPAEDICS,"₹25,62,430*","₹30,000",0,₹0,730,2792(3),3013(3),-,-,-,3936(3),4483(3),4603(3),6113(1),-
UP Priv-Open Quota,UR,Uttar Pradesh,"Rohilkhand Med Coll, Bareilly",TBRD,"₹23,09,009*","₹24,000*",1,"₹5,00,000",720,3100(5),3352(5),-,-,-,4012(5),4486(5),4606(5),-,-
UP Priv-Open Quota,UR,Uttar Pradesh,"TS Misra Med Coll, Lucknow",TBRD,"₹21,63,946*","₹30,000",0,₹0,735,3410(2),3694(2),-,-,-,3892(2),4219(2),4608(2),-,-
UP Priv-Open Quota,UR,Uttar Pradesh,"SRMS IMS, Bareilly",PSYCHIATRY,"₹23,00,000*","₹32,000*",1*,₹0*,950,3430(3),3719(3),-,-,-,3783(5),4490(5),4610(5),-,-
UP-Govt Quota,UR,Uttar Pradesh,"UP Univ of Med Sci, Etawah",SPM,"₹40,000","₹1,00,980*",2*,"₹40,00,000*",1268,3120(2),3707(2),-,-,-,2709(2),4091(2),4613(3),-,-
UP-Govt Quota,EW,Uttar Pradesh,"Govt Med Coll, Kannauj",PATHOLOGY,"₹40,000","₹1,00,980*",2*,"₹40,00,000*",470,-,-,-,-,-,-,4494(1),4614(1),-,-
UP Priv-Open Quota,UR,Uttar Pradesh,"Rama Med Coll, Hapur",TBRD,"₹24,75,612*","₹30,000*",Info Not Available,Info not available,1259,3238(3),3507(3),873(1),-,-,4106(3),4496(3),4616(3),-,-
UP Priv-Open Quota,UR,Uttar Pradesh,"FH Med Coll, Agra",PSYCHIATRY,"₹24,00,000*","₹45,000",0,₹0,932,4099(1),4455(1),-,-,-,4504(1),4504(1),4624(1),-,-
UP Priv-Min. Quota,UR,Uttar Pradesh,"FH Med Coll, Agra",RADIO DIAGNOSIS,"₹42,50,000*","₹45,000",0,₹0,932,2959(2),3199(2),-,-,-,4512(2),4512(2),4633(2),-,-
UP-Govt Quota,UR,Uttar Pradesh,"Govt Med Coll, Firozobad",SPM,"₹40,000","₹1,00,980*",2*,"₹40,00,000*",517,-,-,-,-,-,4789(1),4607(1),4634(1),5844(1),7704(1)
UP Priv-Open Quota,UR,Uttar Pradesh,"Era Lucknow Med Coll, Lucknow",PAEDIATRICS,"₹36,10,000*","₹62,000",0,₹0,850,2826(5),3049(5),-,-,-,3738(5),4380(5),4643(5),5121(1),-
UP Priv-Open Quota,UR,Uttar Pradesh,"Hind IMS, Barabanki",TBRD,"₹25,24,901*","₹35,000",1*,₹0*,580,3264(2),3535(2),-,-,-,3612(2),4484(2),4650(2),-,-
UP Priv-Open Quota,UR,Uttar Pradesh,"Rama Med Coll, Kanpur",TBRD,"₹25,62,430*","₹30,000",0,₹0,730,3179(2),3441(2),-,-,-,3525(2),4376(2),4652(2),-,-
UP Priv-Open Quota,UR,Uttar Pradesh,Muzaffarnagar Medical College,GENERAL SURGERY,"₹23,23,197*","₹56,100*",1*,₹0*,857,3227(8),3496(8),630(2),209(1),158(1),3897(8),4533(8),4654(8),5634(1),-
UP-Govt Quota,ST,Uttar Pradesh,"S N Med Coll, Agra",OBG,"₹40,000","₹1,00,980*",2*,"₹40,00,000*",976,-,-,-,-,-,3719(1),4534(1),4655(1),-,-
UP-Govt Quota,UR,Uttar Pradesh,"KGMU, Lucknow",MICROBIOLOGY,"₹54,700*","₹1,09,955",2*,"₹40,00,000*",4500,3615(3),3925(3),-,-,-,3747(4),3795(4),4667(4),-,-
UP Priv-Open Quota,UR,Uttar Pradesh,"KD Med Coll, Mathura",PSYCHIATRY,"₹21,63,946*","₹32,000",0,₹0,720,3870(2),4198(2),-,-,-,4015(2),4546(2),4668(2),-,-
UP Priv-Open Quota,UR,Uttar Pradesh,"IIMSR, Lucknow",PAEDIATRICS,"₹38,95,000*","₹40,800",0,₹0,540,2937(1),3066(1),-,-,-,3904(1),4440(1),4673(1),-,-
UP Priv-Open Quota,UR,Uttar Pradesh,"Varun Arjun, Shahjahanpur",TBRD,"₹23,38,116*","₹24,000*",1,"₹5,00,000",770,3633(2),3944(2),-,-,-,4149(2),4734(2),4675(2),-,-
UP-Govt Quota,UR,Uttar Pradesh,"Govt IMS, Kasna",MICROBIOLOGY,"₹40,000","₹1,00,980*",2*,"₹40,00,000*",500,-,-,-,-,-,4554(1),4554(1),4676(1),-,-
UP-Govt Quota,UR,Uttar Pradesh,"Super Spec Paediatric, Noida",MICROBIOLOGY,"₹40,000","₹1,00,980*",2*,"₹40,00,000*",312,3476(1),3768(1),-,-,-,4574(1),4574(1),4696(1),-,-
UP Priv-Open Quota,UR,Uttar Pradesh,"Subharti Med Coll, Meerut",OPHTHALMOLOGY,"₹14,43,744*","₹30,000*",2*,₹0*,938,2897(6),3217(6),782(1),-,-,3740(3),4303(3),4697(5),-,-
UP Priv-Open Quota,UR,Uttar Pradesh,"SMSR, Greater Noida",GENERAL SURGERY,"₹25,40,649*","₹32,000",0,₹0,1200,3484(11),3777(11),592(1),-,-,3511(9),4590(9),4715(9),-,-
UP Priv-Open Quota,UR,Uttar Pradesh,"SRMS IMS, Bareilly",GENERAL SURGERY,"₹25,09,957*","₹32,000*",1*,₹0*,950,2825(8),3048(8),-,-,-,3309(12),4387(12),4717(12),-,-
UP Priv-Open Quota,UR,Uttar Pradesh,"Hind IMS, Barabanki",PSYCHIATRY,"₹25,24,901*","₹35,000",1*,₹0*,580,4307(2),4240(2),-,-,-,3959(2),4603(2),4730(2),-,-
UP Priv-Open Quota,UR,Uttar Pradesh,"FH Med Coll, Agra",PAEDIATRICS,"₹38,50,000*","₹45,000",0,₹0,932,3388(2),3672(2),-,-,-,3868(2),4613(2),4741(2),-,-
UP Priv-Open Quota,UR,Uttar Pradesh,"SRMS IMS, Bareilly",OPHTHALMOLOGY,"₹25,09,957*","₹32,000*",1*,₹0*,950,2794(3),3015(3),-,-,-,3570(5),4622(5),4750(5),-,-
UP Priv-Open Quota,UR,Uttar Pradesh,"Rajshree MRI, Bareilly",TBRD,"₹24,89,880*","₹32,000",1*,₹0*,740,3359(2),3641(2),-,-,-,4307(2),4531(2),4785(2),-,-
UP Priv-Min. Quota,UR,Uttar Pradesh,"FH Med Coll, Agra",DERMATOLOGY,"₹42,50,000*","₹45,000",0,₹0,932,2686(1),2898(1),-,-,-,4660(1),4660(1),4791(1),-,-
UP Priv-Open Quota,UR,Uttar Pradesh,"Era Lucknow Med Coll, Lucknow",TBRD,"₹29,50,000*","₹62,000",0,₹0,850,3038(2),3286(2),-,-,-,3858(2),4310(2),4803(2),-,-
UP-Govt Quota,BC,Uttar Pradesh,"KGMU, Lucknow",HOSPITAL ADMINISTRATION,"₹54,700*","₹1,09,955",2*,"₹40,00,000*",4500,2659(1),2869(1),-,-,-,3165(1),4231(1),4812(1),5926(1),7444(1)
UP-Govt Quota,SC,Uttar Pradesh,"BRD Med Coll, Gorakhpur",PATHOLOGY,"₹40,000","₹1,00,980*",2*,"₹40,00,000*",1050,2703(1),2941(1),801(1),-,-,3524(1),4151(1),4826(1),6871(1),-
UP-Govt Quota,SC,Uttar Pradesh,"GSVM Med Coll, Kanpur",PATHOLOGY,"₹40,000","₹1,00,980*",2*,"₹40,00,000*",2083,-,-,-,-,-,3330(1),3621(2),4859(2),-,-
UP-Govt Quota,UR,Uttar Pradesh,"Dr RML IMS, Lucknow",PHYSIOLOGY,"₹37,500*","₹1,08,672",2*,"₹40,00,000*",Info Not Available,3858(1),4184(1),-,-,-,-,-,4861(1),-,-
UP-Govt Quota,SC,Uttar Pradesh,"Govt IMS, Kasna",SPM,"₹40,000","₹1,00,980*",2*,"₹40,00,000*",500,-,-,-,-,-,2956(1),4740(1),4872(1),-,-
UP Priv-Open Quota,UR,Uttar Pradesh,"Subharti Med Coll, Meerut",GENERAL SURGERY,"₹14,43,744*","₹30,000*",2*,₹0*,938,3002(15),3247(15),-,-,-,3314(7),4597(7),4877(11),5037(1),4692(1)
UP Priv-Open Quota,UR,Uttar Pradesh,"Hind IMS, Barabanki",OPHTHALMOLOGY,"₹25,24,901*","₹35,000",1*,₹0*,580,3873(2),4070(2),1065(1),-,-,4349(2),4749(2),4881(2),-,-
UP Priv-Open Quota,UR,Uttar Pradesh,"National Captl Reg IMS, Meerut",ORTHOPAEDICS,"₹22,35,387*","₹56,100",0,₹0,680,-,-,-,-,-,4771(8),4771(8),4903(8),-,-
UP-Govt Quota,SC,Uttar Pradesh,"LLRM Med Coll, Meerut",SPM,"₹40,000","₹1,00,980*",2*,"₹40,00,000*",1090,3783(1),4101(1),-,-,-,5155(1),5155(1),4917(1),-,-
UP Priv-Open Quota,UR,Uttar Pradesh,"GS Med Coll Hosp,Hapur",OPHTHALMOLOGY,"₹21,63,946*","₹32,000",0,₹0,Info Not Available,4304(3),4682(3),-,-,-,4287(3),4798(3),4930(3),-,-
UP Priv-Min. Quota,UR,Uttar Pradesh,"Era Lucknow Med Coll, Lucknow",GENERAL MEDICINE,"₹39,60,000*","₹62,000",0,₹0,850,3362(6),3644(6),-,-,-,3824(6),4806(6),4938(6),-,-
UP Priv-Open Quota,UR,Uttar Pradesh,"Career Instt of MS, Lucknow",PAEDIATRICS,"₹35,90,000*","₹40,000",0,₹0,600,3064(1),3314(1),-,-,-,3895(2),4722(2),4940(2),-,-
UP Priv-Open Quota,UR,Uttar Pradesh,"Rama Med Coll, Hapur",ORTHOPAEDICS,"₹24,75,612*","₹30,000*",Info Not Available,Info not available,1259,3308(4),3583(4),-,-,-,4146(4),4829(4),4954(4),-,-
UP Priv-Open Quota,UR,Uttar Pradesh,"Hind IMS, Barabanki",ORTHOPAEDICS,"₹25,24,901*","₹35,000",1*,₹0*,580,3247(4),3517(4),-,-,-,3789(4),4571(4),4961(4),-,-
UP Priv-Open Quota,UR,Uttar Pradesh,"Prasad Inst of Med Sci,Lucknow",TBRD,"₹21,63,946*","₹18,000",0,₹0,410,3711(3),3824(3),920(1),387(1),-,4310(3),4672(3),4976(3),5350(1),-
UP Priv-Open Quota,UR,Uttar Pradesh,"Saraswati IMS, Hapur",OPHTHALMOLOGY,"₹20,22,143*","₹32,000*",0,₹0,851,3707(4),4018(4),1064(1),-,-,4445(4),4854(4),4987(4),-,-
UP Priv-Open Quota,UR,Uttar Pradesh,"Rama Med Coll, Hapur",OPHTHALMOLOGY,"₹24,75,612*","₹30,000*",Info Not Available,Info not available,1259,4135(3),4491(3),-,-,-,4621(3),4621(3),4990(3),-,-
UP Priv-Open Quota,UR,Uttar Pradesh,"Mayo IMS, Barabanki",TBRD,"₹20,30,961*","₹14,000*",1*,₹0*,736,3439(2),3729(2),-,-,-,4181(2),4654(2),4994(2),6267(1),-
UP Priv-Open Quota,UR,Uttar Pradesh,"Career Instt of MS, Lucknow",TBRD,"₹34,90,000*","₹40,000",0,₹0,600,3559(1),3860(1),-,-,-,4376(1),3994(1),4995(1),-,-
UP-Govt Quota,UR,Uttar Pradesh,"BRD Med Coll, Gorakhpur",SPM,"₹40,000","₹1,00,980*",2*,"₹40,00,000*",1050,2649(2),3144(2),832(1),-,-,3812(2),4617(2),5005(2),-,-
UP-Govt Quota,SC,Uttar Pradesh,"GSVM Med Coll, Kanpur",SPM,"₹40,000","₹1,00,980*",2*,"₹40,00,000*",2083,3395(1),3679(1),-,-,-,4881(1),4881(1),5014(1),-,-
UP Priv-Open Quota,UR,Uttar Pradesh,"KD Med Coll, Mathura",OPHTHALMOLOGY,"₹21,63,946*","₹32,000",0,₹0,720,4351(2),4735(2),1289(1),-,-,4657(2),4657(2),5018(2),-,-
UP-Govt Quota,BC,Uttar Pradesh,"BRD Med Coll, Gorakhpur",SPM,"₹40,000","₹1,00,980*",2*,"₹40,00,000*",1050,-,-,984(1),-,-,4241(1),4886(1),5020(1),-,-
UP Priv-Open Quota,UR,Uttar Pradesh,"Saraswati IMS, Hapur",PSYCHIATRY,"₹20,22,143*","₹32,000*",0,₹0,851,3758(4),4074(4),1155(1),-,-,4548(4),5016(4),5035(4),-,-
UP-Govt Quota,UR,Uttar Pradesh,"MLN Med Coll, Allahabad",SPM,"₹40,000","₹1,00,980*",2*,"₹40,00,000*",Info Not Available,2136(1),1418(1),1116(2),465(1),-,3269(2),3974(2),5036(2),-,-
UP-Govt Quota,ST,Uttar Pradesh,"MLN Med Coll, Allahabad",ORTHOPAEDICS,"₹40,000","₹1,00,980*",2*,"₹40,00,000*",Info Not Available,-,-,-,-,-,3051(1),4908(1),5043(1),5804(1),-
UP Priv-Open Quota,UR,Uttar Pradesh,"GS Med Coll Hosp,Hapur",PSYCHIATRY,"₹21,63,946*","₹32,000",0,₹0,Info Not Available,4246(2),4506(2),-,-,-,4429(2),4952(2),5089(2),-,-
UP Priv-Open Quota,UR,Uttar Pradesh,"Krishna Mohan Med Coll,Mathura",TBRD,"₹21,63,946*","₹15,000*",0,₹0,700,3659(4),3869(4),887(1),411(1),-,4344(4),4703(4),5097(4),5871(1),-
UP-Govt Quota,UR,Uttar Pradesh,"S N Med Coll, Agra",FORENSIC MEDICINE,"₹40,000","₹1,00,980*",2*,"₹40,00,000*",976,-,-,1292(1),-,-,-,-,5103(1),4576(1),-
UP Priv-Open Quota,UR,Uttar Pradesh,"Teerthanker Med Coll,Moradabad",GENERAL SURGERY,"₹27,00,000*","₹69,600",0,₹0,1000,3434(8),3724(8),257(1),470(1),164(1),4351(8),4958(8),5180(8),-,-
UP-Govt Quota,BC,Uttar Pradesh,"Govt Med Coll, Rampur, Basti",SPM,"₹40,000","₹1,00,980*",2*,"₹40,00,000*",500,-,-,-,-,-,5040(1),5040(1),5184(1),-,-
UP Priv-Open Quota,UR,Uttar Pradesh,"Hind IMS, Sitapur",ORTHOPAEDICS,"₹20,40,950*","₹30,000",1*,₹0*,700,3328(2),3605(2),-,-,-,4483(5),5058(5),5203(5),-,-
UP-Govt Quota,BC,Uttar Pradesh,"MLN Med Coll, Allahabad",SPM,"₹40,000","₹1,00,980*",2*,"₹40,00,000*",Info Not Available,3276(1),4183(1),1359(1),-,-,3898(1),5077(1),5222(1),-,-
UP-Govt Quota,BC,Uttar Pradesh,"UP Univ of Med Sci, Etawah",SPM,"₹40,000","₹1,00,980*",2*,"₹40,00,000*",1268,3876(2),4407(2),-,-,-,4610(1),5080(1),5225(1),6696(1),-
UP-Govt Quota,ST,Uttar Pradesh,"GSVM Med Coll, Kanpur",OPHTHALMOLOGY,"₹40,000","₹1,00,980*",2*,"₹40,00,000*",2083,-,-,-,-,-,5100(1),5100(1),5246(1),9862(1),-
UP Priv-Open Quota,UR,Uttar Pradesh,"National Captl Reg IMS, Meerut",GENERAL SURGERY,"₹22,35,387*","₹56,100",0,₹0,680,-,-,-,-,-,5485(10),5149(10),5297(10),-,-
UP-Govt Quota,SC,Uttar Pradesh,"S N Med Coll, Agra",PATHOLOGY,"₹40,000","₹1,00,980*",2*,"₹40,00,000*",976,2513(1),2707(1),-,-,-,3213(1),3434(1),5303(2),6674(3),7136(1)
UP Priv-Open Quota,UR,Uttar Pradesh,"Heritage IMS, Varanasi",GENERAL SURGERY,"₹21,12,517*","₹21,000",0,₹0,735,3684(3),3995(3),-,-,-,4467(6),4677(6),5312(6),6460(1),-
UP Priv-Min. Quota,UR,Uttar Pradesh,"Career Instt of MS, Lucknow",GENERAL MEDICINE,"₹39,90,000*","₹40,000",0,₹0,600,4162(2),4522(2),-,-,-,5057(2),5191(2),5339(2),-,-
UP-Govt Quota,SC,Uttar Pradesh,"UP Univ of Med Sci, Etawah",PATHOLOGY,"₹40,000","₹1,00,980*",2*,"₹40,00,000*",1268,2667(2),3017(2),817(1),-,-,3700(2),4222(2),5362(2),6931(1),-
UP-Govt Quota,BC,Uttar Pradesh,"LLRM Med Coll, Meerut",SPM,"₹40,000","₹1,00,980*",2*,"₹40,00,000*",1090,3771(1),4089(1),-,-,-,4161(1),5214(1),5363(1),-,-
UP Priv-Min. Quota,UR,Uttar Pradesh,"IIMSR, Lucknow",DERMATOLOGY,"₹41,95,000*","₹45,000",0,₹0,540,3385(1),3669(1),-,-,-,5218(1),5218(1),5367(1),-,-
UP Priv-Open Quota,UR,Uttar Pradesh,Noida International Inst of MS,ORTHOPAEDICS,"₹22,35,387*","₹30,000",0,₹0,-,-,-,-,-,-,-,5232(9),5382(9),-,-
UP-Govt Quota,SC,Uttar Pradesh,"Govt IMS, Kasna",PATHOLOGY,"₹40,000","₹1,00,980*",2*,"₹40,00,000*",500,-,-,-,-,-,-,-,5385(1),-,-
UP-Govt Quota,UR,Uttar Pradesh,"Dr RML IMS, Lucknow",MICROBIOLOGY,"₹37,500*","₹1,08,672",2*,"₹40,00,000*",Info Not Available,2688(2),2900(2),-,-,-,4403(3),4400(3),5405(3),3722(1),-
UP Priv-Open Quota,UR,Uttar Pradesh,"Venkateshwara IMS, Gajraula",ORTHOPAEDICS,"₹21,63,946*","₹36,000",0,₹0,750,3739(3),4053(3),-,-,-,4506(3),5256(3),5407(3),-,-
UP-Govt Quota,UR,Uttar Pradesh,"GSVM Med Coll, Kanpur",FORENSIC MEDICINE,"₹40,000","₹1,00,980*",2*,"₹40,00,000*",2083,-,-,-,-,-,3768(1),5277(1),5430(1),-,-
UP Priv-Min. Quota,UR,Uttar Pradesh,"Career Instt of MS, Lucknow",DERMATOLOGY,"₹38,90,000*","₹40,000",0,₹0,600,3052(1),3300(1),-,-,-,5278(1),5278(1),5431(1),-,-
UP Priv-Min. Quota,UR,Uttar Pradesh,"Era Lucknow Med Coll, Lucknow",DERMATOLOGY,"₹39,90,000*","₹62,000",0,₹0,850,2587(2),2829(2),-,-,-,5061(3),5288(3),5441(3),-,-
UP-Govt Quota,BC,Uttar Pradesh,"Auton. State Med Coll, Ayodhya",SPM,"₹40,000","₹1,00,980*",2*,"₹40,00,000*",-,-,-,-,-,-,5376(1),5307(1),5461(1),-,-
UP-Govt Quota,UR,Uttar Pradesh,"Govt Med Coll, Kannauj",SPM,"₹40,000","₹1,00,980*",2*,"₹40,00,000*",470,-,-,-,-,-,-,4883(1),5468(1),6985(1),-
UP Priv-Min. Quota,UR,Uttar Pradesh,"Era Lucknow Med Coll, Lucknow",PAEDIATRICS,"₹36,10,000*","₹62,000",0,₹0,850,4106(5),4462(5),-,-,-,5320(5),5320(5),5475(5),-,-
UP Priv-Open Quota,UR,Uttar Pradesh,"Subharti Med Coll, Meerut",ENT,"₹14,43,744*","₹30,000*",2*,₹0*,938,3880(2),3796(2),-,-,-,3973(2),4745(2),5477(3),-,-
UP Priv-Min. Quota,UR,Uttar Pradesh,"Career Instt of MS, Lucknow",PAEDIATRICS,"₹35,90,000*","₹40,000",0,₹0,600,4211(1),4575(1),-,-,-,6026(2),6026(2),5479(2),-,-
UP Priv-Open Quota,UR,Uttar Pradesh,"FH Med Coll, Agra",TBRD,"₹32,50,000*","₹45,000",0,₹0,932,3811(1),4131(1),-,-,-,4140(1),5344(1),5499(1),-,-
UP Priv-Min. Quota,UR,Uttar Pradesh,"IIMSR, Lucknow",GENERAL MEDICINE,"₹39,95,000*","₹40,800",0,₹0,540,3397(2),3681(2),-,-,-,4427(2),4910(2),5505(2),-,-
UP Priv-Open Quota,UR,Uttar Pradesh,"Subharti Med Coll, Meerut",RADIATION ONCOLOGY,"₹14,43,744*","₹30,000*",2*,₹0*,938,-,-,-,-,-,3588(2),5111(2),5514(3),7763(2),-
UP Priv-Open Quota,UR,Uttar Pradesh,"National Captl Reg IMS, Meerut",PSYCHIATRY,"₹22,35,387*","₹56,100",0,₹0,680,-,-,-,-,-,5372(3),5372(3),5527(3),-,-
UP Priv-Min. Quota,UR,Uttar Pradesh,"Era Lucknow Med Coll, Lucknow",OBG,"₹39,80,000*","₹62,000",0,₹0,850,3552(4),3852(4),-,-,-,5380(4),5380(4),5538(4),-,-
UP-Govt Quota,UR,Uttar Pradesh,"S N Med Coll, Agra",MICROBIOLOGY,"₹40,000","₹1,00,980*",2*,"₹40,00,000*",976,-,-,-,-,-,4423(1),4423(1),5546(1),-,-
UP-Govt Quota,UR,Uttar Pradesh,"Govt Med Coll, Azamgarh",SPM,"₹40,000","₹1,00,980*",2*,"₹40,00,000*",550,3294(1),3569(1),1170(1),-,-,4233(2),5390(2),5548(2),-,-
UP Priv-Open Quota,UR,Uttar Pradesh,"Hind IMS, Sitapur",PSYCHIATRY,"₹20,40,950*","₹30,000",1*,₹0*,700,4522(2),4931(2),-,409(1),311(1),5223(2),5395(2),5553(2),-,-
UP Priv-Open Quota,UR,Uttar Pradesh,"Saraswati IMS, Hapur",GENERAL SURGERY,"₹20,22,143*","₹32,000*",0,₹0,851,3721(10),4033(10),703(1),-,-,4458(10),5397(10),5555(10),-,-
UP Priv-Open Quota,UR,Uttar Pradesh,"SRMS IMS, Bareilly",EMERGENCY MEDICINE,"₹22,00,000*","₹32,000*",1*,₹0*,950,3407(2),3691(2),-,-,-,3878(2),5398(2),5556(2),6880(1),-
UP Priv-Open Quota,UR,Uttar Pradesh,"TS Misra Med Coll, Lucknow",OPHTHALMOLOGY,"₹21,63,946*","₹30,000",0,₹0,735,4267(2),4640(2),-,-,-,5072(2),5403(2),5561(2),-,-
UP-Govt Quota,SC,Uttar Pradesh,"UP Univ of Med Sci, Etawah",SPM,"₹40,000","₹1,00,980*",2*,"₹40,00,000*",1268,3710(1),3876(1),-,-,-,5261(1),5406(1),5564(1),-,-
UP Priv-Open Quota,UR,Uttar Pradesh,"Rama Med Coll, Hapur",PSYCHIATRY,"₹24,75,612*","₹30,000*",Info Not Available,Info not available,1259,4227(3),4591(3),-,-,-,4819(3),5409(3),5568(3),-,-
UP-Govt Quota,UR,Uttar Pradesh,"Govt Med Coll, Bahraich",FORENSIC MEDICINE,"₹40,000","₹1,00,980*",2*,"₹40,00,000*",-,-,-,-,-,-,6285(1),5416(1),5575(1),-,-
UP Priv-Open Quota,UR,Uttar Pradesh,"SMSR, Greater Noida",ENT,"₹25,40,649*","₹32,000",0,₹0,1200,4137(3),4494(3),-,-,-,4859(3),5431(3),5591(3),-,-
UP Priv-Open Quota,UR,Uttar Pradesh,"KD Med Coll, Mathura",GENERAL SURGERY,"₹21,63,946*","₹32,000",0,₹0,720,4023(12),4367(12),717(1),477(1),-,5149(12),5581(12),5603(12),-,-
UP Priv-Open Quota,UR,Uttar Pradesh,"Hind IMS, Barabanki",GENERAL SURGERY,"₹25,24,901*","₹35,000",1*,₹0*,580,3408(4),3692(4),-,-,-,4814(7),5187(7),5607(7),-,-
UP-Govt Quota,BC,Uttar Pradesh,"KGMU, Lucknow",BIOCHEMISTRY,"₹54,700*","₹1,09,955",2*,"₹40,00,000*",4500,3365(1),3647(1),-,-,-,4337(1),4715(1),5609(1),-,-
UP-Govt Quota,SC,Uttar Pradesh,"MLB Med Coll, Jhansi",PATHOLOGY,"₹40,000","₹1,00,980*",2*,"₹40,00,000*",700,2549(1),2743(1),-,-,-,3443(1),3700(1),5612(1),-,-
UP-Govt Quota,BC,Uttar Pradesh,"Govt Med Coll, Firozobad",SPM,"₹40,000","₹1,00,980*",2*,"₹40,00,000*",517,-,-,-,-,-,5214(1),5459(1),5621(1),-,-
UP Priv-Open Quota,UR,Uttar Pradesh,"Subharti Med Coll, Meerut",EMERGENCY MEDICINE,"₹14,43,744*","₹30,000*",2*,₹0*,938,3103(2),3355(2),-,-,-,3143(1),5464(1),5626(2),5331(1),-
UP Priv-Open Quota,UR,Uttar Pradesh,"Teerthanker Med Coll,Moradabad",OPHTHALMOLOGY,"₹30,60,000*","₹69,600",0,₹0,1000,3404(2),3688(2),-,-,-,4714(2),4912(2),5635(2),-,-
UP Priv-Open Quota,UR,Uttar Pradesh,"Career Instt of MS, Lucknow",ENT,"₹19,00,000*","₹40,000",0,₹0,600,-,4914(1),-,-,-,5802(2),6865(2),5643(2),-,-
UP Priv-Open Quota,UR,Uttar Pradesh,"Rohilkhand Med Coll, Bareilly",ORTHOPAEDICS,"₹29,09,009*","₹24,000*",1,"₹15,00,000",720,3502(10),3704(10),1060(4),324(1),171(1),4624(10),5291(10),5645(10),5888(1),-
UP Priv-Open Quota,UR,Uttar Pradesh,"GS Med Coll Hosp,Hapur",GENERAL SURGERY,"₹21,63,946*","₹32,000",0,₹0,Info Not Available,3949(4),4289(4),-,-,-,4538(4),5503(4),5669(4),6467(2),-
UP Priv-Open Quota,UR,Uttar Pradesh,Muzaffarnagar Medical College,EMERGENCY MEDICINE,"₹23,23,197*","₹56,100*",1*,₹0*,857,3847(3),4170(3),976(1),-,-,4393(3),5504(3),5670(3),-,-
UP Priv-Open Quota,UR,Uttar Pradesh,"Heritage IMS, Varanasi",OPHTHALMOLOGY,"₹21,12,517*","₹21,000",0,₹0,735,3821(2),4142(2),-,-,-,4586(2),5127(2),5673(4),-,-
UP-Govt Quota,UR,Uttar Pradesh,"KGMU, Lucknow",PHARMACOLOGY,"₹54,700*","₹1,09,955",2*,"₹40,00,000*",4500,3403(4),3687(4),720(1),719(1),-,4021(4),4545(4),5675(5),-,-
UP-Govt Quota,SC,Uttar Pradesh,"MLB Med Coll, Jhansi",SPM,"₹40,000","₹1,00,980*",2*,"₹40,00,000*",700,3666(1),3829(1),1320(1),804(1),-,5287(1),5539(1),5708(1),-,-
UP Priv-Min. Quota,UR,Uttar Pradesh,"IIMSR, Lucknow",OBG,"₹39,95,000*","₹40,800",0,₹0,540,3541(1),3840(1),1330(1),-,-,5546(3),5546(3),5715(3),-,-
UP-Govt Quota,UR,Uttar Pradesh,"Govt Med Coll, Rampur, Basti",MICROBIOLOGY,"₹40,000","₹1,00,980*",2*,"₹40,00,000*",500,-,-,-,-,-,4872(1),6038(1),5738(1),7894(1),7881(1)
UP-Govt Quota,SC,Uttar Pradesh,"MLN Med Coll, Allahabad",TRANSFUSION MEDICINE,"₹40,000","₹1,00,980*",2*,"₹40,00,000*",Info Not Available,-,-,-,-,-,2884(1),3505(1),5741(1),6465(1),8444(1)
UP Priv-Open Quota,UR,Uttar Pradesh,"Prasad Inst of Med Sci,Lucknow",ORTHOPAEDICS,"₹21,63,946*","₹18,000",0,₹0,410,3690(3),3930(3),-,-,-,4673(3),5533(3),5745(3),-,-
UP Priv-Open Quota,UR,Uttar Pradesh,"KD Med Coll, Mathura",EMERGENCY MEDICINE,"₹21,63,946*","₹32,000",0,₹0,720,4415(6),4813(6),-,-,-,5241(6),5839(6),5765(6),5579(1),7117(1)
UP-Govt Quota,UR,Uttar Pradesh,"MLN Med Coll, Allahabad",PHARMACOLOGY,"₹40,000","₹1,00,980*",2*,"₹40,00,000*",Info Not Available,-,-,-,-,-,5596(1),5596(1),5770(1),-,-
UP Priv-Open Quota,UR,Uttar Pradesh,"Rajshree MRI, Bareilly",ORTHOPAEDICS,"₹24,89,880*","₹32,000",1*,₹0*,740,3529(3),3826(3),-,-,-,4878(7),5598(7),5772(7),-,-
UP Priv-Open Quota,UR,Uttar Pradesh,"Rama Med Coll, Kanpur",GENERAL SURGERY,"₹25,62,430*","₹30,000",0,₹0,730,3769(4),4087(4),-,-,-,4686(4),5601(4),5775(4),-,-
UP-Govt Quota,UR,Uttar Pradesh,"Govt Med Coll, Bahraich",BIOCHEMISTRY,"₹40,000","₹1,00,980*",2*,"₹40,00,000*",-,-,-,-,-,-,6305(1),5621(1),5796(1),-,-
UP Priv-Min. Quota,UR,Uttar Pradesh,"FH Med Coll, Agra",PAEDIATRICS,"₹38,50,000*","₹45,000",0,₹0,932,4523(2),4932(2),-,-,-,5628(2),5966(2),5803(2),7041(1),-
UP Priv-Open Quota,UR,Uttar Pradesh,"Saraswati IMS, Hapur",ENT,"₹20,22,143*","₹32,000*",0,₹0,851,4460(2),4863(2),-,-,-,5355(2),6050(2),5818(2),-,-
UP Priv-Open Quota,UR,Uttar Pradesh,"Hind IMS, Sitapur",OPHTHALMOLOGY,"₹20,40,950*","₹30,000",1*,₹0*,700,4169(2),4402(2),-,-,-,4749(2),5648(2),5824(2),-,-
UP Priv-Open Quota,UR,Uttar Pradesh,"Teerthanker Med Coll,Moradabad",ANAESTHESIOLOGY,"₹19,80,000*","₹69,600",0,₹0,1000,4108(6),4464(6),-,544(2),-,5262(6),5666(6),5842(6),-,-
UP Priv-Open Quota,UR,Uttar Pradesh,"Teerthanker Med Coll,Moradabad",ENT,"₹23,40,000*","₹69,600",0,₹0,1000,3955(2),4295(2),1130(1),506(1),-,5428(2),5675(2),5853(2),-,-
UP Priv-Open Quota,UR,Uttar Pradesh,"Rohilkhand Med Coll, Bareilly",OPHTHALMOLOGY,"₹23,09,009*","₹24,000*",1,"₹5,00,000",720,3702(5),3962(5),-,-,-,4731(5),5695(5),5875(5),-,-
UP-Govt Quota,UR,Uttar Pradesh,"Govt IMS, Kasna",PHARMACOLOGY,"₹40,000","₹1,00,980*",2*,"₹40,00,000*",500,-,-,-,-,-,2554(1),5509(1),5885(1),-,-
UP-Govt Quota,UR,Uttar Pradesh,"Govt Allopathic Med Coll,Banda",SPM,"₹40,000","₹1,00,980*",2*,"₹40,00,000*",430,3619(1),4226(1),-,-,-,4052(1),5707(1),5887(1),-,-
UP Priv-Open Quota,UR,Uttar Pradesh,"Krishna Mohan Med Coll,Mathura",ORTHOPAEDICS,"₹21,63,946*","₹15,000*",0,₹0,700,3720(4),4032(4),-,-,-,5055(4),5718(4),5899(4),-,-
UP Priv-Open Quota,UR,Uttar Pradesh,"SMSR, Greater Noida",EMERGENCY MEDICINE,"₹25,40,649*","₹32,000",0,₹0,1200,3312(2),3299(2),919(1),-,-,4186(2),5721(2),5902(2),-,-
UP-Govt Quota,ST,Uttar Pradesh,"MLN Med Coll, Allahabad",GENERAL SURGERY,"₹40,000","₹1,00,980*",2*,"₹40,00,000*",Info Not Available,-,-,-,-,-,5722(1),5722(1),5903(1),-,-
UP Priv-Open Quota,UR,Uttar Pradesh,"Rama Med Coll, Kanpur",OPHTHALMOLOGY,"₹25,62,430*","₹30,000",0,₹0,730,3550(1),3849(1),-,-,-,4389(1),5404(1),5905(1),-,-
UP Priv-Min. Quota,UR,Uttar Pradesh,"FH Med Coll, Agra",GENERAL MEDICINE,"₹42,00,000*","₹45,000",0,₹0,932,4589(3),5004(3),-,-,-,5191(3),5350(3),5916(3),7315(1),-
UP Priv-Min. Quota,UR,Uttar Pradesh,"Career Instt of MS, Lucknow",OBG,"₹39,90,000*","₹40,000",0,₹0,600,3601(1),3911(1),-,-,-,5737(1),5737(1),5919(1),-,-
UP-Govt Quota,EW,Uttar Pradesh,"S N Med Coll, Agra",SPM,"₹40,000","₹1,00,980*",2*,"₹40,00,000*",976,-,-,-,-,-,4507(1),5738(1),5920(1),-,-
UP Priv-Open Quota,UR,Uttar Pradesh,"Rama Med Coll, Hapur",GENERAL SURGERY,"₹24,75,612*","₹30,000*",Info Not Available,Info not available,1259,3825(5),4147(5),-,-,-,4644(5),5624(5),5924(5),-,-
UP-Govt Quota,SC,Uttar Pradesh,"Govt Med Coll, Badaun",SPM,"₹40,000","₹1,00,980*",2*,"₹40,00,000*",-,-,-,-,-,-,5758(1),5758(1),5941(1),-,-
UP Priv-Open Quota,UR,Uttar Pradesh,"Rohilkhand Med Coll, Bareilly",PSYCHIATRY,"₹23,09,009*","₹24,000*",1,"₹5,00,000",720,3765(2),4083(2),1373(1),-,-,4559(5),5124(5),5943(5),-,-
UP-Govt Quota,SC,Uttar Pradesh,"Govt Med Coll, Azamgarh",SPM,"₹40,000","₹1,00,980*",2*,"₹40,00,000*",550,3895(1),4651(1),-,-,-,6707(1),5761(1),5944(1),-,-
UP-Govt Quota,BC,Uttar Pradesh,"GSVM Med Coll, Kanpur",BIOCHEMISTRY,"₹40,000","₹1,00,980*",2*,"₹40,00,000*",2083,-,-,-,-,-,-,5766(1),5950(1),-,-
UP-Govt Quota,SC,Uttar Pradesh,"KGMU, Lucknow",MICROBIOLOGY,"₹54,700*","₹1,09,955",2*,"₹40,00,000*",4500,4062(1),4412(1),-,-,-,5768(1),5768(1),5952(1),-,-
UP Priv-Open Quota,UR,Uttar Pradesh,"Varun Arjun, Shahjahanpur",ORTHOPAEDICS,"₹23,38,116*","₹24,000*",1,"₹10,00,000",770,3853(9),4178(9),-,-,-,5296(9),5832(9),6018(9),-,-
UP Priv-Min. Quota,UR,Uttar Pradesh,"Era Lucknow Med Coll, Lucknow",ENT,"₹22,90,000*","₹62,000",0,₹0,850,1723(1),-,1557(1),780(1),-,5836(1),5836(1),6022(1),-,-
UP Priv-Min. Quota,UR,Uttar Pradesh,"Era Lucknow Med Coll, Lucknow",TBRD,"₹29,50,000*","₹62,000",0,₹0,850,4004(2),4347(2),-,-,-,5492(2),5492(2),6024(2),-,-
UP-Govt Quota,BC,Uttar Pradesh,"Shaik-ul-Hind, Saharanpur",SPM,"₹40,000","₹1,00,980*",2*,"₹40,00,000*",500,4059(1),-,708(1),-,-,5845(1),5845(1),6031(1),-,-
UP Priv-Min. Quota,UR,Uttar Pradesh,"FH Med Coll, Agra",TBRD,"₹32,50,000*","₹45,000",0,₹0,932,-,-,1584(1),-,-,5912(1),5864(1),6052(1),-,-
UP Priv-Open Quota,UR,Uttar Pradesh,"Teerthanker Med Coll,Moradabad",ORTHOPAEDICS,"₹36,00,000*","₹69,600",0,₹0,1000,3791(5),4110(5),224(1),447(1),-,4384(5),5871(5),6059(5),-,-
UP Priv-Open Quota,UR,Uttar Pradesh,"Era Lucknow Med Coll, Lucknow",ENT,"₹22,90,000*","₹62,000",0,₹0,850,4116(2),4472(2),-,-,-,4587(2),5873(2),6061(2),-,-
UP-Govt Quota,EW,Uttar Pradesh,"MRA Med Coll, Ambedkarnagar",SPM,"₹40,000","₹1,00,980*",2*,"₹40,00,000*",490,-,-,-,-,-,5876(1),5876(1),6064(1),-,-
UP-Govt Quota,UR,Uttar Pradesh,"Govt Med Coll, Bahraich",SPM,"₹40,000","₹1,00,980*",2*,"₹40,00,000*",-,-,-,-,-,-,4615(2),5913(2),6104(2),-,-
UP Priv-Open Quota,UR,Uttar Pradesh,"Mayo IMS, Barabanki",ORTHOPAEDICS,"₹20,30,961*","₹14,000*",1*,₹0*,736,3629(3),3940(3),-,-,-,5058(8),5734(8),6120(8),-,-
UP Priv-Open Quota,UR,Uttar Pradesh,"Era Lucknow Med Coll, Lucknow",OPHTHALMOLOGY,"₹35,80,000*","₹62,000",0,₹0,850,4012(2),4355(2),-,-,-,4620(2),5910(2),6122(2),-,-
UP-Govt Quota,SC,Uttar Pradesh,"Rajkiya Med Coll, Jalaun",PATHOLOGY,"₹40,000","₹1,00,980*",2*,"₹40,00,000*",Info Not Available,2606(1),2807(1),826(1),-,-,4259(1),4695(1),6123(1),-,-
UP-Govt Quota,UR,Uttar Pradesh,"S N Med Coll, Agra",PHARMACOLOGY,"₹40,000","₹1,00,980*",2*,"₹40,00,000*",976,-,-,-,-,-,5050(1),5934(1),6125(1),-,-
UP-Govt Quota,UR,Uttar Pradesh,"Govt Med Coll, Firozobad",MICROBIOLOGY,"₹40,000","₹1,00,980*",2*,"₹40,00,000*",517,-,-,-,-,-,-,-,6127(1),5917(1),7754(1)
UP-Govt Quota,ST,Uttar Pradesh,"SGPGI, Lucknow",ANAESTHESIOLOGY,"₹61,600*","₹1,11,780",2*,"₹40,00,000*",1609,-,-,-,-,-,5942(1),5942(1),6133(1),-,-
UP-Govt Quota,BC,Uttar Pradesh,"Govt Med Coll, Azamgarh",SPM,"₹40,000","₹1,00,980*",2*,"₹40,00,000*",550,4540(1),5000(1),-,-,-,4927(1),5947(1),6138(1),-,-
UP-Govt Quota,ST,Uttar Pradesh,"GSVM Med Coll, Kanpur",ANAESTHESIOLOGY,"₹40,000","₹1,00,980*",2*,"₹40,00,000*",2083,-,-,-,-,-,6014(1),6014(1),6206(1),-,-
UP Priv-Open Quota,UR,Uttar Pradesh,"Rohilkhand Med Coll, Bareilly",GENERAL SURGERY,"₹23,09,009*","₹24,000*",1,"₹5,00,000",720,3724(10),3965(10),894(2),410(1),-,5397(22),6015(22),6207(22),6242(2),6118(1)
UP Priv-Open Quota,UR,Uttar Pradesh,"Era Lucknow Med Coll, Lucknow",GENERAL SURGERY,"₹32,00,000*","₹62,000",0,₹0,850,3846(6),4169(6),-,-,-,4772(6),6018(6),6210(6),6717(1),6875(1)
UP Priv-Min. Quota,UR,Uttar Pradesh,"FH Med Coll, Agra",OBG,"₹42,00,000*","₹45,000",0,₹0,932,4109(3),4465(3),-,-,-,6020(3),6020(3),6213(3),6997(1),-
UP-Govt Quota,BC,Uttar Pradesh,"Govt Med Coll, Kannauj",SPM,"₹40,000","₹1,00,980*",2*,"₹40,00,000*",470,-,-,-,-,-,-,6025(1),6220(1),-,-
UP Priv-Open Quota,UR,Uttar Pradesh,"Venkateshwara IMS, Gajraula",OPHTHALMOLOGY,"₹21,63,946*","₹36,000",0,₹0,750,-,4874(3),1250(1),-,-,5551(3),6027(3),6222(3),7282(1),-
UP Priv-Open Quota,UR,Uttar Pradesh,"Era Lucknow Med Coll, Lucknow",ORTHOPAEDICS,"₹39,80,000*","₹62,000",0,₹0,850,3799(6),4117(6),761(1),-,-,4763(5),6040(5),6235(5),6291(1),6927(1)
UP Priv-Open Quota,UR,Uttar Pradesh,"TS Misra Med Coll, Lucknow",GENERAL SURGERY,"₹21,63,946*","₹30,000",0,₹0,735,3982(5),4325(5),-,-,-,4703(5),6048(5),6243(5),-,-
UP Priv-Open Quota,UR,Uttar Pradesh,"Hind IMS, Sitapur",GENERAL SURGERY,"₹20,40,950*","₹30,000",1*,₹0*,700,3866(4),4192(4),-,-,-,5370(12),6058(12),6253(12),-,-
UP-Govt Quota,SC,Uttar Pradesh,"Dr RML IMS, Lucknow",MICROBIOLOGY,"₹37,500*","₹1,08,672",2*,"₹40,00,000*",Info Not Available,4086(1),4438(1),-,-,-,6059(1),6059(1),6254(1),-,-
UP Priv-Open Quota,UR,Uttar Pradesh,"Rama Med Coll, Kanpur",PSYCHIATRY,"₹25,62,430*","₹30,000",0,₹0,730,4268(3),4641(3),-,-,-,4901(3),6062(3),6257(3),-,-
UP Priv-Open Quota,UR,Uttar Pradesh,"IIMSR, Lucknow",GENERAL SURGERY,"₹34,95,000*","₹40,800",0,₹0,540,3961(1),4301(1),-,-,-,5698(1),6587(1),6264(1),7058(1),7316(1)
UP Priv-Open Quota,UR,Uttar Pradesh,"Rajshree MRI, Bareilly",OPHTHALMOLOGY,"₹24,89,880*","₹32,000",1*,₹0*,740,4397(2),4790(2),-,-,-,5510(3),6057(3),6268(3),-,-
UP Priv-Open Quota,UR,Uttar Pradesh,"SRMS IMS, Bareilly",ENT,"₹22,00,000*","₹32,000*",1*,₹0*,950,3726(3),4038(3),-,-,-,4486(5),6088(5),6284(5),-,-
UP Priv-Open Quota,UR,Uttar Pradesh,"Prasad Inst of Med Sci,Lucknow",OPHTHALMOLOGY,"₹21,63,946*","₹18,000",0,₹0,410,4385(1),4775(2),-,-,-,4846(2),6036(2),6289(2),-,-
UP Priv-Open Quota,UR,Uttar Pradesh,"Era Lucknow Med Coll, Lucknow",ANAESTHESIOLOGY,"₹21,50,000*","₹62,000",0,₹0,850,4138(6),4496(6),-,-,-,5344(5),6246(5),6292(5),-,-
UP Priv-Open Quota,UR,Uttar Pradesh,"Career Instt of MS, Lucknow",ANAESTHESIOLOGY,"₹16,00,000*","₹40,000",0,₹0,600,2977(1),4057(2),-,-,-,5195(2),6112(2),6309(2),-,-
UP-Govt Quota,BC,Uttar Pradesh,"KGMU, Lucknow",MICROBIOLOGY,"₹54,700*","₹1,09,955",2*,"₹40,00,000*",4500,4515(3),4923(3),-,-,-,5080(3),6128(3),6322(3),-,-
UP-Govt Quota,SC,Uttar Pradesh,"SGPGI, Lucknow",MICROBIOLOGY,"₹61,600*","₹1,11,780",2*,"₹40,00,000*",1609,-,-,-,-,-,5647(1),5647(1),6328(1),-,-
UP Priv-Open Quota,UR,Uttar Pradesh,"Mayo IMS, Barabanki",GENERAL SURGERY,"₹20,30,961*","₹14,000*",1*,₹0*,736,4110(5),4466(5),-,-,-,5639(9),6133(9),6331(9),6733(1),-
UP Priv-Open Quota,UR,Uttar Pradesh,"Rohilkhand Med Coll, Bareilly",RADIATION ONCOLOGY,"₹18,00,000*","₹24,000*",0,₹0,720,-,-,-,-,-,-,-,6341(4),7520(2),8207(1)
UP Priv-Open Quota,UR,Uttar Pradesh,"FH Med Coll, Agra",OPHTHALMOLOGY,"₹32,50,000*","₹45,000",0,₹0,932,4481(1),4886(1),-,-,-,5657(1),6151(1),6350(1),-,-
UP-Govt Quota,UR,Uttar Pradesh,"LLRM Med Coll, Meerut",PHARMACOLOGY,"₹40,000","₹1,00,980*",2*,"₹40,00,000*",1090,-,3771(1),-,-,-,4896(2),5705(2),6357(2),-,-
UP-Govt Quota,SC,Uttar Pradesh,"Govt Med Coll, Rampur, Basti",PATHOLOGY,"₹40,000","₹1,00,980*",2*,"₹40,00,000*",500,-,-,-,-,-,3901(1),4639(1),6364(1),6729(1),-
UP Priv-Open Quota,UR,Uttar Pradesh,"Rama Med Coll, Kanpur",EMERGENCY MEDICINE,"₹25,62,430*","₹30,000",0,₹0,730,4046(3),4393(3),-,-,-,5328(3),6310(3),6368(3),7204(2),-
UP Priv-Open Quota,UR,Uttar Pradesh,"IIMSR, Lucknow",OPHTHALMOLOGY,"₹35,95,000*","₹40,800",0,₹0,540,4151(1),4510(1),-,-,-,5069(1),6184(1),6385(1),-,-
UP Priv-Open Quota,UR,Uttar Pradesh,"TS Misra Med Coll, Lucknow",ENT,"₹21,63,946*","₹30,000",0,₹0,735,-,-,1317(1),508(1),218(1),5908(1),6186(1),6387(1),-,-
UP Priv-Open Quota,UR,Uttar Pradesh,"Mayo IMS, Barabanki",OPHTHALMOLOGY,"₹20,30,961*","₹14,000*",1*,₹0*,736,4434(2),4835(2),-,-,-,5020(4),6213(4),6415(4),-,-
UP-Govt Quota,ST,Uttar Pradesh,"Shaik-ul-Hind, Saharanpur",GENERAL SURGERY,"₹40,000","₹1,00,980*",2*,"₹40,00,000*",500,-,-,-,-,-,6215(1),6215(1),6417(1),-,-
UP Priv-Open Quota,UR,Uttar Pradesh,"Venkateshwara IMS, Gajraula",PSYCHIATRY,"₹21,63,946*","₹36,000",0,₹0,750,3562(1),3864(1),1652(2),-,-,5991(3),6228(3),6430(3),-,-
UP-Govt Quota,BC,Uttar Pradesh,"Dr RML IMS, Lucknow",MICROBIOLOGY,"₹37,500*","₹1,08,672",2*,"₹40,00,000*",Info Not Available,-,3867(2),-,-,-,5257(1),6229(1),6431(1),-,-
UP Priv-Open Quota,UR,Uttar Pradesh,"Prasad Inst of Med Sci,Lucknow",GENERAL SURGERY,"₹21,63,946*","₹18,000",0,₹0,410,4031(5),4375(5),-,-,-,5626(5),6231(5),6433(5),-,-
UP-Govt Quota,BC,Uttar Pradesh,"Auton. State Med Coll, Jaunpur",BIOCHEMISTRY,"₹40,000","₹1,00,980*",2*,"₹40,00,000*",394,-,-,-,-,-,6235(1),6235(1),6437(1),-,-
UP-Govt Quota,SC,Uttar Pradesh,"LLRM Med Coll, Meerut",MICROBIOLOGY,"₹40,000","₹1,00,980*",2*,"₹40,00,000*",1090,4425(1),4824(1),-,-,-,6130(1),6240(1),6442(1),-,-
UP-Govt Quota,EW,Uttar Pradesh,"LLRM Med Coll, Meerut",MICROBIOLOGY,"₹40,000","₹1,00,980*",2*,"₹40,00,000*",1090,-,-,-,-,-,6250(1),6250(1),6452(1),-,-
UP Priv-Open Quota,UR,Uttar Pradesh,"Rajshree MRI, Bareilly",GENERAL SURGERY,"₹24,89,880*","₹32,000",1*,₹0*,740,3994(3),4306(3),-,-,-,5581(8),6332(8),6458(8),7039(3),6737(1)
UP-Govt Quota,SC,Uttar Pradesh,"GSVM Med Coll, Kanpur",ANATOMY,"₹40,000","₹1,00,980*",2*,"₹40,00,000*",2083,-,-,3152(1),1740(1),-,7981(1),7983(1),6476(1),-,-
UP Priv-Open Quota,UR,Uttar Pradesh,"Venkateshwara IMS, Gajraula",GENERAL SURGERY,"₹21,63,946*","₹36,000",0,₹0,750,4315(10),4694(10),-,-,-,5712(10),6274(10),6478(10),-,-
UP-Govt Quota,BC,Uttar Pradesh,"MLN Med Coll, Allahabad",MICROBIOLOGY,"₹40,000","₹1,00,980*",2*,"₹40,00,000*",Info Not Available,-,-,-,-,-,5766(1),6277(1),6482(1),-,-
UP-Govt Quota,UR,Uttar Pradesh,"UP Univ of Med Sci, Etawah",MICROBIOLOGY,"₹40,000","₹1,00,980*",2*,"₹40,00,000*",1268,3780(1),4098(1),-,-,-,4860(2),5254(2),6498(2),-,-
UP Priv-Open Quota,UR,Uttar Pradesh,Noida International Inst of MS,GENERAL SURGERY,"₹22,35,387*","₹30,000",0,₹0,-,-,-,-,-,-,-,6348(15),6503(15),6760(2),-
UP Priv-Open Quota,UR,Uttar Pradesh,"Subharti Med Coll, Meerut",ANAESTHESIOLOGY,"₹14,43,744*","₹30,000*",2*,₹0*,938,4154(10),4514(10),-,-,-,5082(9),5479(9),6509(16),7982(4),5333(1)
UP Priv-Min. Quota,UR,Uttar Pradesh,"Career Instt of MS, Lucknow",PSYCHIATRY,"₹26,90,000*","₹40,000",0,₹0,600,-,-,2378(1),-,-,6309(1),6309(1),6514(1),-,-
UP Priv-Open Quota,UR,Uttar Pradesh,"Rohilkhand Med Coll, Bareilly",EMERGENCY MEDICINE,"₹23,09,009*","₹24,000*",1,"₹7,50,000",720,4180(3),4161(3),1051(1),442(1),162(1),5439(3),6043(3),6534(3),-,-
UP-Govt Quota,UR,Uttar Pradesh,"Govt Med Coll, Azamgarh",PHARMACOLOGY,"₹40,000","₹1,00,980*",2*,"₹40,00,000*",550,4356(1),4740(1),-,-,-,5621(1),6331(1),6536(1),-,-
UP Priv-Open Quota,UR,Uttar Pradesh,"FH Med Coll, Agra",ORTHOPAEDICS,"₹39,50,000*","₹45,000",0,₹0,932,4128(2),4484(2),-,-,-,5411(2),6333(2),6538(2),-,-
UP Priv-Open Quota,UR,Uttar Pradesh,"IIMSR, Lucknow",ORTHOPAEDICS,"₹39,95,000*","₹40,800",0,₹0,540,3973(1),3674(1),1070(1),-,-,4709(1),6086(1),6553(1),-,-
UP Priv-Open Quota,UR,Uttar Pradesh,"Krishna Mohan Med Coll,Mathura",GENERAL SURGERY,"₹21,63,946*","₹15,000*",0,₹0,700,4157(4),4481(4),1069(2),434(1),169(1),5522(4),6352(4),6557(4),7110(2),-
UP Priv-Min. Quota,UR,Uttar Pradesh,"Teerthanker Med Coll,Moradabad",PSYCHIATRY,"₹23,40,000*","₹69,600",0,₹0,1000,-,-,3342(2),833(1),-,6159(3),6372(3),6578(3),-,-
UP-Govt Quota,UR,Uttar Pradesh,"MLN Med Coll, Allahabad",PHYSIOLOGY,"₹40,000","₹1,00,980*",2*,"₹40,00,000*",Info Not Available,-,-,2014(2),-,-,6377(1),6377(1),6583(1),-,-
UP Priv-Min. Quota,UR,Uttar Pradesh,"Teerthanker Med Coll,Moradabad",GENERAL MEDICINE,"₹39,90,000*","₹69,600",0,₹0,1000,4080(5),4432(7),-,-,-,6008(13),6380(13),6586(13),-,-
UP Priv-Open Quota,UR,Uttar Pradesh,"Varun Arjun, Shahjahanpur",OPHTHALMOLOGY,"₹23,38,116*","₹24,000*",1,"₹5,00,000",770,4470(2),4564(2),1297(1),-,-,5507(2),6382(2),6588(2),-,-
UP-Govt Quota,UR,Uttar Pradesh,"Govt Med Coll, Shahjhanpur",MICROBIOLOGY,"₹40,000","₹1,00,980*",2*,"₹40,00,000*",460,-,-,-,-,-,-,-,6589(1),-,-
UP Priv-Open Quota,UR,Uttar Pradesh,"Saraswati IMS, Hapur",MICROBIOLOGY,"₹50,000*","₹25,000*",0,₹0,851,-,-,3905(1),-,-,-,6403(1),6609(1),-,-
UP Priv-Open Quota,UR,Uttar Pradesh,"Rajshree MRI, Bareilly",EMERGENCY MEDICINE,"₹24,89,880*","₹32,000",1*,₹0*,740,4152(2),4511(2),-,-,-,5423(2),6732(2),6618(2),7176(2),-
UP Priv-Open Quota,UR,Uttar Pradesh,"Varun Arjun, Shahjahanpur",GENERAL SURGERY,"₹23,38,116*","₹24,000*",1,"₹5,00,000",770,4122(4),4478(4),-,-,-,5710(7),6419(7),6625(7),6919(1),-
UP Priv-Open Quota,UR,Uttar Pradesh,Muzaffarnagar Medical College,ENT,"₹23,23,197*","₹56,100*",1*,₹0*,857,4585(4),4999(4),-,-,-,5150(4),6429(4),6635(4),-,-
UP Priv-Open Quota,UR,Uttar Pradesh,"Career Instt of MS, Lucknow",OPHTHALMOLOGY,"₹30,00,000*","₹40,000",0,₹0,600,4580(1),4994(1),-,-,-,4826(2),6446(2),6655(2),-,-
UP-Govt Quota,BC,Uttar Pradesh,"MRA Med Coll, Ambedkarnagar",SPM,"₹40,000","₹1,00,980*",2*,"₹40,00,000*",490,-,-,-,-,-,-,-,6667(1),-,-
UP-Govt Quota,UR,Uttar Pradesh,"Govt Med Coll, Azamgarh",ANATOMY,"₹40,000","₹1,00,980*",2*,"₹40,00,000*",550,-,-,2767(1),-,-,6466(1),6466(1),6676(1),9788(1),-
UP-Govt Quota,UR,Uttar Pradesh,"BRD Med Coll, Gorakhpur",PHARMACOLOGY,"₹40,000","₹1,00,980*",2*,"₹40,00,000*",1050,-,-,-,-,-,5509(1),5685(1),6684(1),-,-
UP Priv-Min. Quota,UR,Uttar Pradesh,"Teerthanker Med Coll,Moradabad",TBRD,"₹27,00,000*","₹69,600",0,₹0,1000,4422(2),4820(2),-,-,-,6483(2),6483(2),6694(2),-,-
UP-Govt Quota,UR,Uttar Pradesh,"UP Univ of Med Sci, Etawah",PHARMACOLOGY,"₹40,000","₹1,00,980*",2*,"₹40,00,000*",1268,-,-,-,-,-,5252(1),6486(1),6697(1),-,-
UP Priv-Min. Quota,UR,Uttar Pradesh,"Teerthanker Med Coll,Moradabad",OBG,"₹35,10,000*","₹69,600",0,₹0,1000,4236(4),4602(4),259(1),1629(1),-,5713(4),5713(4),6708(5),7429(1),-
UP-Govt Quota,UR,Uttar Pradesh,"Auton. State Med Coll, Jaunpur",BIOCHEMISTRY,"₹40,000","₹1,00,980*",2*,"₹40,00,000*",394,-,-,-,-,-,6067(1),6506(1),6720(1),-,-
UP-Govt Quota,ST,Uttar Pradesh,"S N Med Coll, Agra",PATHOLOGY,"₹40,000","₹1,00,980*",2*,"₹40,00,000*",976,-,-,-,-,-,6513(1),6513(1),6727(1),-,-
UP Priv-Open Quota,UR,Uttar Pradesh,"Career Instt of MS, Lucknow",ORTHOPAEDICS,"₹39,90,000*","₹40,000",0,₹0,600,4082(2),4434(2),-,-,-,5094(2),6520(2),6734(2),-,-
UP Priv-Open Quota,UR,Uttar Pradesh,"Krishna Mohan Med Coll,Mathura",OPHTHALMOLOGY,"₹21,63,946*","₹15,000*",0,₹0,700,4517(3),5013(3),1476(4),553(3),296(2),5720(6),6360(6),6737(6),7525(2),-
UP-Govt Quota,UR,Uttar Pradesh,"Govt Med Coll, Shahjhanpur",PHARMACOLOGY,"₹40,000","₹1,00,980*",2*,"₹40,00,000*",460,-,-,-,-,-,5707(1),6873(1),6774(1),6690(1),8489(1)
UP-Govt Quota,BC,Uttar Pradesh,"Super Spec Paediatric, Noida",MICROBIOLOGY,"₹40,000","₹1,00,980*",2*,"₹40,00,000*",312,-,2169(1),2311(1),1150(1),-,6004(1),6570(1),6786(1),-,-
UP Priv-Open Quota,UR,Uttar Pradesh,"FH Med Coll, Agra",ENT,"₹22,50,000*","₹45,000",0,₹0,932,-,-,1775(1),805(1),332(1),5882(1),7005(1),6787(1),-,-
UP Priv-Open Quota,UR,Uttar Pradesh,"FH Med Coll, Agra",GENERAL SURGERY,"₹33,00,000*","₹45,000",0,₹0,932,4107(2),4463(2),-,-,-,5840(2),6573(2),6789(2),-,-
UP-Govt Quota,SC,Uttar Pradesh,"KGMU, Lucknow",FORENSIC MEDICINE,"₹54,700*","₹1,09,955",2*,"₹40,00,000*",4500,3737(1),4051(1),-,-,-,6155(2),6589(2),6806(2),-,-
UP Priv-Open Quota,UR,Uttar Pradesh,"Career Instt of MS, Lucknow",PSYCHIATRY,"₹26,90,000*","₹40,000",0,₹0,600,-,-,1059(2),-,-,5395(2),5869(2),6809(2),-,-
UP Priv-Min. Quota,UR,Uttar Pradesh,"IIMSR, Lucknow",OPHTHALMOLOGY,"₹35,95,000*","₹40,800",0,₹0,540,-,-,1967(1),-,-,6593(1),6593(1),6810(1),-,-
UP-Govt Quota,BC-PH,Uttar Pradesh,"KGMU, Lucknow",GENERAL MEDICINE,"₹54,700*","₹1,09,955",2*,"₹40,00,000*",4500,-,-,-,-,-,6606(1),6606(1),6823(1),-,-
UP-Govt Quota,SC,Uttar Pradesh,"Rajkiya Med Coll, Jalaun",SPM,"₹40,000","₹1,00,980*",2*,"₹40,00,000*",Info Not Available,3837(1),4159(1),-,-,-,6364(1),6617(1),6836(1),8375(1),9794(1)
UP-Govt Quota,UR,Uttar Pradesh,"Govt Med Coll, Kannauj",MICROBIOLOGY,"₹40,000","₹1,00,980*",2*,"₹40,00,000*",470,-,-,-,-,-,-,5393(1),6839(1),-,-
UP-Govt Quota,UR,Uttar Pradesh,"Govt Allopathic Med Coll,Banda",PHARMACOLOGY,"₹40,000","₹1,00,980*",2*,"₹40,00,000*",430,-,-,-,-,-,5393(1),6559(1),6842(1),-,-
UP-Govt Quota,BC,Uttar Pradesh,"Govt Allopathic Med Coll,Banda",SPM,"₹40,000","₹1,00,980*",2*,"₹40,00,000*",430,4586(1),4701(1),-,-,-,5307(1),6158(1),6872(1),-,-
UP Priv-Open Quota,UR,Uttar Pradesh,"Hind IMS, Sitapur",ENT,"₹20,40,950*","₹30,000",1*,₹0*,700,-,-,1506(2),-,-,5808(2),6571(2),6877(2),-,-
UP Priv-Open Quota,UR,Uttar Pradesh,"Heritage IMS, Varanasi",ENT,"₹21,12,517*","₹21,000",0,₹0,735,3564(1),5011(2),-,-,-,5753(2),6509(2),6882(4),-,-
UP Priv-Open Quota,UR,Uttar Pradesh,"Career Instt of MS, Lucknow",GENERAL SURGERY,"₹36,90,000*","₹40,000",0,₹0,600,4312(2),4337(2),958(1),484(1),-,5645(2),6747(5),6898(5),-,-
UP Priv-Min. Quota,UR,Uttar Pradesh,"Era Lucknow Med Coll, Lucknow",OPHTHALMOLOGY,"₹35,80,000*","₹62,000",0,₹0,850,-,4676(1),1848(1),-,-,6691(2),6691(2),6914(2),8738(1),-
UP Priv-Open Quota,UR,Uttar Pradesh,"Rama Med Coll, Hapur",ENT,"₹24,75,612*","₹30,000*",Info Not Available,Info not available,1259,-,-,1567(1),-,-,5857(1),5968(1),6937(1),-,-
UP Priv-Min. Quota,UR,Uttar Pradesh,"Career Instt of MS, Lucknow",TBRD,"₹34,90,000*","₹40,000",0,₹0,600,-,-,1537(1),-,-,6262(2),6108(2),6958(2),-,-
UP Priv-Open Quota,UR,Uttar Pradesh,"IIMSR, Lucknow",ANAESTHESIOLOGY,"₹19,00,000*","₹40,800",0,₹0,540,-,4503(2),-,-,-,5595(3),6740(3),6966(3),-,-
UP Priv-Open Quota,UR,Uttar Pradesh,"GS Med Coll Hosp,Hapur",ENT,"₹21,63,946*","₹32,000",0,₹0,Info Not Available,-,-,1752(2),717(1),381(1),5859(2),6742(2),6981(2),7085(1),-
UP Priv-Open Quota,UR,Uttar Pradesh,"Rajshree MRI, Bareilly",PSYCHIATRY,"₹24,89,880*","₹32,000",1*,₹0*,740,4595(1),4474(3),-,-,-,5273(3),6397(3),7002(3),-,-
UP Priv-Open Quota,UR,Uttar Pradesh,"Rohilkhand Med Coll, Bareilly",ENT,"₹23,09,009*","₹24,000*",1,"₹2,50,000",720,4149(3),4667(3),1259(1),-,-,5846(3),6546(3),7012(3),-,7506(1)
UP Priv-Open Quota,UR,Uttar Pradesh,"KD Med Coll, Mathura",ANAESTHESIOLOGY,"₹21,63,946*","₹32,000",0,₹0,720,-,4621(1),1841(3),835(1),-,6478(4),6785(4),7014(4),-,-
UP Priv-Open Quota,UR,Uttar Pradesh,"Hind IMS, Barabanki",ENT,"₹25,24,901*","₹35,000",1*,₹0*,580,4546(1),4992(2),-,-,-,5464(2),6613(2),7015(2),-,-
UP-Govt Quota,SC,Uttar Pradesh,"Govt Med Coll, Shahjhanpur",SPM,"₹40,000","₹1,00,980*",2*,"₹40,00,000*",460,-,-,-,-,-,-,6096(1),7020(1),-,-
UP Priv-Open Quota,UR,Uttar Pradesh,"SMSR, Greater Noida",ANAESTHESIOLOGY,"₹25,40,649*","₹32,000",0,₹0,1200,4433(7),5020(12),1465(4),610(1),-,5900(15),6844(15),7021(15),7527(1),-
UP-Govt Quota,BC,Uttar Pradesh,"KGMU, Lucknow",PHARMACOLOGY,"₹54,700*","₹1,09,955",2*,"₹40,00,000*",4500,4529(1),4938(2),-,-,-,6124(3),6124(3),7023(3),-,-
UP Priv-Open Quota,UR,Uttar Pradesh,"Prasad Inst of Med Sci,Lucknow",PSYCHIATRY,"₹21,63,946*","₹18,000",0,₹0,410,4423(3),4821(2),1542(1),580(1),285(1),5870(3),6794(3),7024(3),-,-
UP-Govt Quota,UR,Uttar Pradesh,"Govt Med Coll, Firozobad",PHARMACOLOGY,"₹40,000","₹1,00,980*",2*,"₹40,00,000*",517,-,-,-,-,-,-,-,7042(1),-,-
UP Priv-Open Quota,UR,Uttar Pradesh,Muzaffarnagar Medical College,ANAESTHESIOLOGY,"₹23,23,197*","₹56,100*",1*,₹0*,857,4428(2),4828(5),1470(2),473(1),-,6036(6),6861(6),7081(6),7537(1),-
UP-Govt Quota,SC,Uttar Pradesh,"S N Med Coll, Agra",PHARMACOLOGY,"₹40,000","₹1,00,980*",2*,"₹40,00,000*",976,4562(1),4976(1),-,-,-,6853(1),6853(1),7089(1),-,-
UP Priv-Open Quota,UR,Uttar Pradesh,"KD Med Coll, Mathura",ENT,"₹21,63,946*","₹32,000",0,₹0,720,-,-,1837(6),705(3),378(2),5982(6),6766(6),7091(6),7476(1),-
UP Priv-Open Quota,UR,Uttar Pradesh,"Mayo IMS, Barabanki",ENT,"₹20,30,961*","₹14,000*",1*,₹0*,736,-,-,1755(3),778(2),345(1),6088(3),6725(3),7095(3),7523(1),-
UP Priv-Min. Quota,UR,Uttar Pradesh,"FH Med Coll, Agra",PSYCHIATRY,"₹24,00,000*","₹45,000",0,₹0,932,4093(1),-,2107(1),-,-,6726(1),6810(1),7103(1),-,-
UP-Govt Quota,SC,Uttar Pradesh,"MLN Med Coll, Allahabad",FORENSIC MEDICINE,"₹40,000","₹1,00,980*",2*,"₹40,00,000*",Info Not Available,-,-,-,-,-,6589(1),6882(1),7119(1),-,-
UP Priv-Min. Quota,UR,Uttar Pradesh,"FH Med Coll, Agra",OPHTHALMOLOGY,"₹32,50,000*","₹45,000",0,₹0,932,-,-,2218(1),-,-,6900(1),6900(1),7137(1),-,-
UP Priv-Open Quota,UR,Uttar Pradesh,"Krishna Mohan Med Coll,Mathura",PSYCHIATRY,"₹21,63,946*","₹15,000*",0,₹0,700,-,4557(1),1600(6),676(2),334(1),5980(6),6867(6),7139(6),7719(2),7933(1)
UP Priv-Open Quota,UR,Uttar Pradesh,"SRMS IMS, Bareilly",ANAESTHESIOLOGY,"₹22,00,000*","₹32,000*",1*,₹0*,950,4566(11),4981(12),1571(3),-,-,5987(14),6924(14),7163(14),7964(1),-
UP Priv-Min. Quota,UR,Uttar Pradesh,"IIMSR, Lucknow",ENT,"₹22,00,000*","₹40,800",0,₹0,540,-,-,-,-,-,-,6925(1),7164(1),-,-
UP-Govt Quota,UR,Uttar Pradesh,"Govt Allopathic Med Coll,Banda",FORENSIC MEDICINE,"₹40,000","₹1,00,980*",2*,"₹40,00,000*",430,-,-,1392(1),373(1),293(1),4978(1),6926(1),7165(1),-,-
UP Priv-Open Quota,UR,Uttar Pradesh,"SRMS IMS, Bareilly",IHBT,"₹50,000*","₹32,000*",1*,₹0*,950,3914(1),4248(1),-,-,-,4258(1),6928(1),7167(1),-,-
UP-Govt Quota,UR-PH,Uttar Pradesh,"S N Med Coll, Agra",OBG,"₹40,000","₹1,00,980*",2*,"₹40,00,000*",976,-,-,-,-,-,6933(1),6933(1),7172(1),-,-
UP-Govt Quota,SC,Uttar Pradesh,"LLRM Med Coll, Meerut",PHARMACOLOGY,"₹40,000","₹1,00,980*",2*,"₹40,00,000*",1090,-,-,-,-,-,6838(1),6948(1),7189(1),-,-
UP Priv-Open Quota,UR,Uttar Pradesh,"Heritage IMS, Varanasi",ANAESTHESIOLOGY,"₹21,12,517*","₹21,000",0,₹0,735,4574(2),4989(4),1845(1),619(1),335(1),6539(5),6711(5),7200(8),-,-
UP-Govt Quota,UR,Uttar Pradesh,"Govt Med Coll, Shahjhanpur",FORENSIC MEDICINE,"₹40,000","₹1,00,980*",2*,"₹40,00,000*",460,-,-,-,-,-,5390(1),6982(1),7223(1),-,-
UP-Govt Quota,EW,Uttar Pradesh,"S N Med Coll, Agra",MICROBIOLOGY,"₹40,000","₹1,00,980*",2*,"₹40,00,000*",976,-,-,-,-,-,4494(1),6984(1),7225(1),-,-
UP-Govt Quota,BC,Uttar Pradesh,"S N Med Coll, Agra",MICROBIOLOGY,"₹40,000","₹1,00,980*",2*,"₹40,00,000*",976,-,-,-,-,-,-,-,7229(1),-,-
UP-Govt Quota,BC,Uttar Pradesh,"Dr RML IMS, Lucknow",PHARMACOLOGY,"₹37,500*","₹1,08,672",2*,"₹40,00,000*",Info Not Available,-,-,1730(1),-,-,4268(1),4927(1),7232(1),7934(1),8148(1)
UP-Govt Quota,SC,Uttar Pradesh,"Govt Med Coll, Bahraich",SPM,"₹40,000","₹1,00,980*",2*,"₹40,00,000*",-,-,-,-,-,-,6219(1),6668(1),7233(1),8675(1),-
UP-Govt Quota,BC,Uttar Pradesh,"S N Med Coll, Agra",PHARMACOLOGY,"₹40,000","₹1,00,980*",2*,"₹40,00,000*",976,-,-,-,-,-,6793(1),6793(1),7238(1),-,-
UP-Govt Quota,SC,Uttar Pradesh,"Auton. State Med Coll, Ayodhya",SPM,"₹40,000","₹1,00,980*",2*,"₹40,00,000*",-,-,-,-,-,-,-,-,7241(1),-,-
UP-Govt Quota,BC,Uttar Pradesh,"Govt Med Coll, Azamgarh",PHARMACOLOGY,"₹40,000","₹1,00,980*",2*,"₹40,00,000*",550,-,-,991(1),-,-,5947(1),7023(1),7270(1),-,-
UP-Govt Quota,UR,Uttar Pradesh,"Govt IMS, Kasna",PHYSIOLOGY,"₹40,000","₹1,00,980*",2*,"₹40,00,000*",500,-,-,-,-,-,7047(1),7047(1),7296(1),8626(1),-
UP Priv-Open Quota,UR,Uttar Pradesh,"Rama Med Coll, Kanpur",ENT,"₹25,62,430*","₹30,000",0,₹0,730,-,4833(1),1281(1),-,-,5944(2),6690(2),7316(2),7461(1),7947(1)
UP Priv-Open Quota,UR,Uttar Pradesh,"Rajshree MRI, Bareilly",ENT,"₹24,89,880*","₹32,000",1*,₹0*,740,-,-,1531(2),-,-,6182(2),7027(2),7332(2),-,-
UP Priv-Open Quota,UR,Uttar Pradesh,"Saraswati IMS, Hapur",ANAESTHESIOLOGY,"₹20,22,143*","₹32,000*",0,₹0,851,4597(3),5015(7),1653(3),-,-,6571(9),7086(9),7337(9),8011(1),-
UP Priv-Open Quota,UR,Uttar Pradesh,"Venkateshwara IMS, Gajraula",ENT,"₹21,63,946*","₹36,000",0,₹0,750,-,-,1990(4),886(1),-,6175(4),7094(4),7346(4),-,-
UP Priv-Min. Quota,UR,Uttar Pradesh,"Era Lucknow Med Coll, Lucknow",GENERAL SURGERY,"₹32,00,000*","₹62,000",0,₹0,850,4427(5),4657(3),1734(3),-,-,7130(6),7130(6),7383(6),-,-
UP-Govt Quota,SC,Uttar Pradesh,"UP Univ of Med Sci, Etawah",MICROBIOLOGY,"₹40,000","₹1,00,980*",2*,"₹40,00,000*",1268,-,-,-,-,878(1),6240(1),7135(1),7388(1),-,-
UP Priv-Open Quota,UR,Uttar Pradesh,"Varun Arjun, Shahjahanpur",ENT,"₹23,38,116*","₹24,000*",1,"₹2,50,000",770,-,-,1703(2),-,-,6218(2),7015(2),7394(2),-,-
UP Priv-Open Quota,UR,Uttar Pradesh,"Varun Arjun, Shahjahanpur",PSYCHIATRY,"₹23,38,116*","₹24,000*",1,"₹5,00,000",770,-,4403(1),1649(3),-,-,5759(4),6565(4),7403(4),-,-
UP-Govt Quota,UR,Uttar Pradesh,"Govt IMS, Kasna",BIOCHEMISTRY,"₹40,000","₹1,00,980*",2*,"₹40,00,000*",500,-,-,-,-,-,4024(1),5284(1),7408(2),7344(1),8327(1)
UP Priv-Min. Quota,UR,Uttar Pradesh,"Era Lucknow Med Coll, Lucknow",ANAESTHESIOLOGY,"₹21,50,000*","₹62,000",0,₹0,850,4501(3),4908(4),-,-,-,6991(5),7162(5),7417(5),-,-
UP Priv-Open Quota,UR,Uttar Pradesh,"Prasad Inst of Med Sci,Lucknow",ENT,"₹21,63,946*","₹18,000",0,₹0,410,-,-,1969(4),809(2),418(2),6184(4),7049(4),7426(4),7549(1),-
UP Priv-Min. Quota,UR,Uttar Pradesh,"IIMSR, Lucknow",GENERAL SURGERY,"₹34,95,000*","₹40,800",0,₹0,540,-,-,1551(1),-,-,7179(1),7179(1),7436(1),-,-
UP Priv-Open Quota,UR,Uttar Pradesh,"Krishna Mohan Med Coll,Mathura",ENT,"₹21,63,946*","₹15,000*",0,₹0,700,-,-,2010(6),755(1),359(1),6288(6),7137(6),7482(6),-,-
UP Priv-Open Quota,UR,Uttar Pradesh,"Rama Med Coll, Hapur",ANAESTHESIOLOGY,"₹24,75,612*","₹30,000*",Info Not Available,Info not available,1259,-,4594(2),1767(3),772(1),-,6786(4),7215(4),7490(4),-,-
UP-Govt Quota,BC,Uttar Pradesh,"Govt Med Coll, Rampur, Basti",MICROBIOLOGY,"₹40,000","₹1,00,980*",2*,"₹40,00,000*",500,-,-,-,-,-,6118(1),7233(1),7493(1),-,-
UP Priv-Open Quota,UR,Uttar Pradesh,"TS Misra Med Coll, Lucknow",ANAESTHESIOLOGY,"₹21,63,946*","₹30,000",0,₹0,735,2341(1),-,2022(3),-,-,6781(3),7237(3),7497(3),8031(1),-
UP-Govt Quota,BC,Uttar Pradesh,"Govt IMS, Kasna",PHARMACOLOGY,"₹40,000","₹1,00,980*",2*,"₹40,00,000*",500,-,-,-,-,-,6996(1),6996(1),7503(1),-,-
UP Priv-Open Quota,UR,Uttar Pradesh,"FH Med Coll, Agra",ANAESTHESIOLOGY,"₹22,50,000*","₹45,000",0,₹0,932,-,-,2064(2),-,-,6298(2),7257(2),7517(2),-,-
UP Priv-Min. Quota,UR,Uttar Pradesh,"Career Instt of MS, Lucknow",ENT,"₹19,00,000*","₹40,000",0,₹0,600,-,-,2338(1),850(1),-,6087(1),6087(1),7561(2),-,-
UP-Govt Quota,SC,Uttar Pradesh,"Govt IMS, Kasna",MICROBIOLOGY,"₹40,000","₹1,00,980*",2*,"₹40,00,000*",500,-,-,-,-,-,-,-,7562(1),9542(1),-
UP-Govt Quota,UR,Uttar Pradesh,"GSVM Med Coll, Kanpur",PHYSIOLOGY,"₹40,000","₹1,00,980*",2*,"₹40,00,000*",2083,-,-,1818(1),-,-,6331(2),7483(2),7600(2),-,-
UP Priv-Min. Quota,UR,Uttar Pradesh,"IIMSR, Lucknow",ORTHOPAEDICS,"₹39,95,000*","₹40,800",0,₹0,540,-,4772(1),-,-,-,5734(1),-,7601(1),8615(1),-
UP Priv-Open Quota,UR,Uttar Pradesh,"Mayo IMS, Barabanki",ANAESTHESIOLOGY,"₹20,30,961*","₹14,000*",1*,₹0*,736,-,-,2095(3),852(1),439(1),6733(3),7339(3),7605(3),8027(1),8145(1)
UP Priv-Open Quota,UR,Uttar Pradesh,"GS Med Coll Hosp,Hapur",ANAESTHESIOLOGY,"₹21,63,946*","₹32,000",0,₹0,Info Not Available,-,-,2009(6),822(3),401(1),6785(6),7375(6),7643(6),-,-
UP-Govt Quota,SC,Uttar Pradesh,"LLRM Med Coll, Meerut",PHYSIOLOGY,"₹40,000","₹1,00,980*",2*,"₹40,00,000*",1090,-,-,2635(1),-,-,7402(1),7402(1),7676(1),-,-
UP Priv-Open Quota,UR,Uttar Pradesh,"Hind IMS, Barabanki",ANAESTHESIOLOGY,"₹25,24,901*","₹35,000",1*,₹0*,580,-,4133(1),2011(7),711(1),-,6732(7),7428(7),7706(7),-,-
UP Priv-Open Quota,UR,Uttar Pradesh,"Rama Med Coll, Kanpur",ANAESTHESIOLOGY,"₹25,62,430*","₹30,000",0,₹0,730,4571(1),4986(1),1808(3),786(2),-,6816(4),7478(4),7772(4),-,-
UP-Govt Quota,BC,Uttar Pradesh,"Govt Med Coll, Bahraich",BIOCHEMISTRY,"₹40,000","₹1,00,980*",2*,"₹40,00,000*",-,-,-,-,-,-,7500(1),7500(1),7784(1),-,-
UP-Govt Quota,EW,Uttar Pradesh,"KGMU, Lucknow",PHYSIOLOGY,"₹54,700*","₹1,09,955",2*,"₹40,00,000*",4500,-,-,-,-,-,6643(1),7502(1),7786(1),-,-
UP Priv-Open Quota,UR,Uttar Pradesh,"Teerthanker Med Coll,Moradabad",PATHOLOGY,"₹11,70,000*","₹69,600",0,₹0,1000,-,-,2284(5),1262(3),-,7826(4),7513(2),7798(4),8356(2),-
UP-Govt Quota,SC,Uttar Pradesh,"KGMU, Lucknow",PHARMACOLOGY,"₹54,700*","₹1,09,955",2*,"₹40,00,000*",4500,4539(3),4948(3),-,-,-,6297(3),6317(3),7810(3),-,-
UP-Govt Quota,BC,Uttar Pradesh,"KGMU, Lucknow",PHYSIOLOGY,"₹54,700*","₹1,09,955",2*,"₹40,00,000*",4500,-,-,2380(3),1239(1),-,7709(2),7536(2),7823(2),-,-
UP Priv-Open Quota,UR,Uttar Pradesh,"Rohilkhand Med Coll, Bareilly",ANAESTHESIOLOGY,"₹23,09,009*","₹24,000*",1,"₹2,50,000",720,-,4036(1),1788(13),700(5),357(1),6865(14),7539(14),7826(14),8014(1),-
UP Priv-Open Quota,UR,Uttar Pradesh,"Hind IMS, Sitapur",ANAESTHESIOLOGY,"₹20,40,950*","₹30,000",1*,₹0*,700,4537(2),4946(2),1914(3),824(1),437(1),6738(5),7575(5),7865(5),-,-
UP-Govt Quota,BC,Uttar Pradesh,"UP Univ of Med Sci, Etawah",MICROBIOLOGY,"₹40,000","₹1,00,980*",2*,"₹40,00,000*",1268,-,4102(1),-,-,-,6025(1),6988(1),7874(1),-,-
UP-Govt Quota,SC,Uttar Pradesh,"Govt Med Coll, Shahjhanpur",MICROBIOLOGY,"₹40,000","₹1,00,980*",2*,"₹40,00,000*",460,-,-,-,-,-,6882(1),7278(1),7901(1),8235(1),-
UP-Govt Quota,UR,Uttar Pradesh,"S N Med Coll, Agra",PHYSIOLOGY,"₹40,000","₹1,00,980*",2*,"₹40,00,000*",976,-,-,1729(1),951(1),762(1),5934(1),7574(1),7902(1),-,-
UP-Govt Quota,UR,Uttar Pradesh,"UP Univ of Med Sci, Etawah",BIOCHEMISTRY,"₹40,000","₹1,00,980*",2*,"₹40,00,000*",1268,-,-,1452(2),275(1),-,-,-,7920(1),-,-
UP Priv-Open Quota,UR,Uttar Pradesh,"Era Lucknow Med Coll, Lucknow",PATHOLOGY,"₹10,90,000*","₹62,000",0,₹0,850,4120(4),4476(4),-,-,-,7032(3),7631(3),7925(3),-,-
UP Priv-Min. Quota,UR,Uttar Pradesh,"Teerthanker Med Coll,Moradabad",PAEDIATRICS,"₹36,00,000*","₹69,600",0,₹0,1000,-,-,1947(4),900(1),376(1),7635(5),7641(5),7937(5),-,-
UP Priv-Open Quota,UR,Uttar Pradesh,"National Captl Reg IMS, Meerut",ANAESTHESIOLOGY,"₹22,35,387*","₹56,100",0,₹0,680,-,-,-,-,-,7107(12),7661(12),7961(12),-,-
UP-Govt Quota,UR,Uttar Pradesh,"KGMU, Lucknow",PHYSIOLOGY,"₹54,700*","₹1,09,955",2*,"₹40,00,000*",4500,4479(4),4884(3),1524(2),-,-,5177(2),5246(2),7970(3),-,-
UP Priv-Min. Quota,UR,Uttar Pradesh,"Career Instt of MS, Lucknow",OPHTHALMOLOGY,"₹30,00,000*","₹40,000",0,₹0,600,-,4574(1),-,-,-,7060(2),7673(2),7973(2),-,-
UP-Govt Quota,SC,Uttar Pradesh,"GSVM Med Coll, Kanpur",MICROBIOLOGY,"₹40,000","₹1,00,980*",2*,"₹40,00,000*",2083,-,-,-,-,-,-,6130(1),7983(1),-,-
UP Priv-Open Quota,UR,Uttar Pradesh,"SRMS IMS, Bareilly",PATHOLOGY,"₹9,00,000*","₹32,000*",1*,₹0*,950,-,-,2196(6),1033(2),515(1),7466(6),7700(5),8002(6),-,-
UP-Govt Quota,UR,Uttar Pradesh,"BRD Med Coll, Gorakhpur",PHYSIOLOGY,"₹40,000","₹1,00,980*",2*,"₹40,00,000*",1050,-,-,1961(1),633(1),-,5246(1),7608(1),8008(1),9077(1),9490(1)
UP-Govt Quota,EW,Uttar Pradesh,"Auton. State Med Coll, Ayodhya",SPM,"₹40,000","₹1,00,980*",2*,"₹40,00,000*",-,-,-,-,-,-,4617(1),7705(1),8009(1),-,-
UP Priv-Open Quota,UR,Uttar Pradesh,Noida International Inst of MS,ANAESTHESIOLOGY,"₹22,35,387*","₹30,000",0,₹0,-,-,-,-,-,-,-,7708(15),8012(15),6793(1),-
UP Priv-Open Quota,UR,Uttar Pradesh,"Krishna Mohan Med Coll,Mathura",ANAESTHESIOLOGY,"₹21,63,946*","₹15,000*",0,₹0,700,-,-,2139(4),881(2),-,7036(4),7740(4),8015(4),-,-
UP-Govt Quota,BC,Uttar Pradesh,"Govt Med Coll, Kannauj",MICROBIOLOGY,"₹40,000","₹1,00,980*",2*,"₹40,00,000*",470,-,-,-,-,-,-,7126(1),8038(1),-,-
UP Priv-Min. Quota,UR,Uttar Pradesh,"Era Lucknow Med Coll, Lucknow",ORTHOPAEDICS,"₹39,80,000*","₹62,000",0,₹0,850,4341(1),4724(1),1708(2),593(1),-,6901(4),7739(4),8047(4),-,-
UP Priv-Open Quota,UR,Uttar Pradesh,"Venkateshwara IMS, Gajraula",ANAESTHESIOLOGY,"₹21,63,946*","₹36,000",0,₹0,750,-,-,2154(4),918(2),443(1),7086(4),7768(4),8076(4),-,-
UP-Govt Quota,UR,Uttar Pradesh,"Govt Med Coll, Kannauj",BIOCHEMISTRY,"₹40,000","₹1,00,980*",2*,"₹40,00,000*",470,-,-,-,-,-,-,-,8077(1),-,-
UP Priv-Open Quota,UR,Uttar Pradesh,"SMSR, Greater Noida",PATHOLOGY,"₹13,68,025*","₹32,000",0,₹0,1200,4408(2),4804(3),706(1),-,-,7774(4),7774(4),8082(4),-,-
UP Priv-Open Quota,UR,Uttar Pradesh,"Prasad Inst of Med Sci,Lucknow",ANAESTHESIOLOGY,"₹21,63,946*","₹18,000",0,₹0,410,-,-,2109(5),934(3),441(1),7049(5),7783(5),8091(5),-,-
UP Priv-Open Quota,UR,Uttar Pradesh,"Rajshree MRI, Bareilly",ANAESTHESIOLOGY,"₹24,89,880*","₹32,000",1*,₹0*,740,-,-,2066(4),-,-,7084(5),7784(5),8092(5),7405(1),7579(1)
UP Priv-Min. Quota,UR,Uttar Pradesh,"Career Instt of MS, Lucknow",ANAESTHESIOLOGY,"₹16,00,000*","₹40,000",0,₹0,600,-,-,2043(2),904(1),-,7962(4),7785(2),8093(4),-,-
UP Priv-Min. Quota,UR,Uttar Pradesh,"Teerthanker Med Coll,Moradabad",ORTHOPAEDICS,"₹36,00,000*","₹69,600",0,₹0,1000,-,4066(1),2121(4),1193(2),-,7526(5),7526(5),8100(5),-,-
UP-Govt Quota,EW,Uttar Pradesh,"Rajkiya Med Coll, Jalaun",SPM,"₹40,000","₹1,00,980*",2*,"₹40,00,000*",Info Not Available,-,-,-,-,-,6720(1),7835(1),8145(1),-,-
UP Priv-Min. Quota,UR,Uttar Pradesh,"Teerthanker Med Coll,Moradabad",ENT,"₹23,40,000*","₹69,600",0,₹0,1000,4349(1),-,3612(2),-,-,6891(1),6891(1),8172(2),-,-
UP-Govt Quota,BC,Uttar Pradesh,"MLB Med Coll, Jhansi",PHARMACOLOGY,"₹40,000","₹1,00,980*",2*,"₹40,00,000*",700,-,-,-,-,-,-,-,8196(1),8563(1),-
UP-Govt Quota,BC,Uttar Pradesh,"GSVM Med Coll, Kanpur",PHYSIOLOGY,"₹40,000","₹1,00,980*",2*,"₹40,00,000*",2083,-,-,1389(1),-,-,7857(1),7857(1),8215(1),-,-
UP Priv-Open Quota,UR,Uttar Pradesh,Noida International Inst of MS,PATHOLOGY,"₹12,18,877*","₹30,000",0,₹0,-,-,-,-,-,-,-,-,8216(2),8793(1),9095(1)
UP Priv-Open Quota,UR,Uttar Pradesh,"Varun Arjun, Shahjahanpur",ANAESTHESIOLOGY,"₹23,38,116*","₹24,000*",1,"₹2,50,000",770,-,5005(1),2189(12),860(1),-,7220(13),7886(13),8222(13),-,-
UP-Govt Quota,UR,Uttar Pradesh,"KGMU, Lucknow",ANATOMY,"₹54,700*","₹1,09,955",2*,"₹40,00,000*",4500,3341(1),4893(3),1728(2),-,-,6912(3),7842(3),8225(4),9361(1),-
UP-Govt Quota,SC,Uttar Pradesh,"KGMU, Lucknow",PHYSIOLOGY,"₹54,700*","₹1,09,955",2*,"₹40,00,000*",4500,4599(1),5017(1),-,-,-,6923(2),7852(2),8231(2),9296(1),-
UP-Govt Quota,BC,Uttar Pradesh,"Govt Med Coll, Shahjhanpur",PHARMACOLOGY,"₹40,000","₹1,00,980*",2*,"₹40,00,000*",460,-,-,-,-,-,6570(1),7243(1),8240(1),-,-
UP Priv-Open Quota,UR,Uttar Pradesh,"Hind IMS, Barabanki",PATHOLOGY,"₹6,00,000*","₹35,000",1*,₹0*,580,-,-,2761(4),891(1),-,7877(2),7877(1),8261(4),3855(1),-
UP Priv-Min. Quota,UR,Uttar Pradesh,"Career Instt of MS, Lucknow",ORTHOPAEDICS,"₹39,90,000*","₹40,000",0,₹0,600,-,-,2054(2),-,-,6454(1),8023(2),8262(2),-,-
UP-Govt Quota,UR,Uttar Pradesh,"Govt Med Coll, Firozobad",BIOCHEMISTRY,"₹40,000","₹1,00,980*",2*,"₹40,00,000*",517,-,-,-,-,-,7108(1),7154(1),8270(1),8176(1),-
UP Priv-Min. Quota,UR,Uttar Pradesh,"FH Med Coll, Agra",GENERAL SURGERY,"₹33,00,000*","₹45,000",0,₹0,932,-,4826(1),1602(1),-,-,7819(2),7878(2),8271(2),-,-
UP-Govt Quota,SC,Uttar Pradesh,"UP Univ of Med Sci, Etawah",BIOCHEMISTRY,"₹40,000","₹1,00,980*",2*,"₹40,00,000*",1268,-,-,-,-,-,7769(1),7769(1),8273(1),9472(1),-
UP-Govt Quota,UR,Uttar Pradesh,"LLRM Med Coll, Meerut",PHYSIOLOGY,"₹40,000","₹1,00,980*",2*,"₹40,00,000*",1090,-,-,1338(1),-,-,6559(2),7626(2),8274(2),8874(1),-
UP Priv-Open Quota,UR,Uttar Pradesh,"Hind IMS, Sitapur",PATHOLOGY,"₹5,00,000*","₹30,000",1*,₹0*,700,-,4499(1),2229(3),1206(1),-,7790(3),-,8282(4),8947(1),-
UP-Govt Quota,SC,Uttar Pradesh,"Govt IMS, Kasna",PHYSIOLOGY,"₹40,000","₹1,00,980*",2*,"₹40,00,000*",500,-,-,-,-,-,-,-,8284(1),-,-
UP Priv-Min. Quota,UR,Uttar Pradesh,"FH Med Coll, Agra",ANAESTHESIOLOGY,"₹22,50,000*","₹45,000",0,₹0,932,-,-,2261(1),-,-,8039(1),-,8299(1),-,-
UP-Govt Quota,UR,Uttar Pradesh,"Govt Med Coll, Shahjhanpur",BIOCHEMISTRY,"₹40,000","₹1,00,980*",2*,"₹40,00,000*",460,-,-,-,-,-,-,7453(1),8324(1),-,-
UP Priv-Open Quota,UR,Uttar Pradesh,"Era Lucknow Med Coll, Lucknow",BIOCHEMISTRY,"₹6,00,000*",₹0*,0,₹0,850,-,-,-,2131(1),-,-,-,8337(1),-,-
UP Priv-Min. Quota,UR,Uttar Pradesh,"Teerthanker Med Coll,Moradabad",GENERAL SURGERY,"₹27,00,000*","₹69,600",0,₹0,1000,-,-,3183(8),1235(1),-,7801(4),7801(6),8340(8),8619(1),-
UP-Govt Quota,BC,Uttar Pradesh,"Govt Allopathic Med Coll,Banda",PHARMACOLOGY,"₹40,000","₹1,00,980*",2*,"₹40,00,000*",430,-,-,-,-,-,7126(1),7583(1),8343(1),-,-
UP Priv-Min. Quota,UR,Uttar Pradesh,"FH Med Coll, Agra",ORTHOPAEDICS,"₹39,50,000*","₹45,000",0,₹0,932,-,-,1774(1),-,-,7412(1),-,8354(1),-,-
UP Priv-Min. Quota,UR,Uttar Pradesh,"Teerthanker Med Coll,Moradabad",OPHTHALMOLOGY,"₹30,60,000*","₹69,600",0,₹0,1000,-,-,2283(2),1128(1),-,7070(2),7070(2),8383(3),8629(1),-
UP-Govt Quota,BC,Uttar Pradesh,"MLN Med Coll, Allahabad",PHYSIOLOGY,"₹40,000","₹1,00,980*",2*,"₹40,00,000*",Info Not Available,-,-,-,-,-,7961(1),4729(1),8387(1),-,-
UP Priv-Open Quota,UR,Uttar Pradesh,"Saraswati IMS, Hapur",PATHOLOGY,"₹10,88,846*","₹25,000*",0,₹0,851,-,-,2602(4),823(1),-,7914(1),7914(2),8391(4),8633(1),-
UP-Govt Quota,BC,Uttar Pradesh,"Auton. State Med Coll, Ayodhya",BIOCHEMISTRY,"₹40,000","₹1,00,980*",2*,"₹40,00,000*",-,-,-,-,-,-,5447(1),5447(1),8396(1),-,-
UP-Govt Quota,EW,Uttar Pradesh,"Govt Med Coll, Kannauj",MICROBIOLOGY,"₹40,000","₹1,00,980*",2*,"₹40,00,000*",470,-,-,-,-,-,-,-,8420(1),-,-
UP Priv-Open Quota,UR,Uttar Pradesh,"Career Instt of MS, Lucknow",PATHOLOGY,"₹8,00,000*","₹40,000",0,₹0,600,-,-,2367(1),-,-,6455(3),6455(1),8428(3),-,-
UP Priv-Open Quota,UR,Uttar Pradesh,"IIMSR, Lucknow",PATHOLOGY,"₹12,00,000*","₹40,800",0,₹0,540,-,-,2498(2),-,-,-,5950(1),8459(3),9047(1),-
UP-Govt Quota,SC,Uttar Pradesh,"BRD Med Coll, Gorakhpur",PHARMACOLOGY,"₹40,000","₹1,00,980*",2*,"₹40,00,000*",1050,3894(1),4225(1),-,-,-,7278(1),7534(1),8473(1),-,-
UP-Govt Quota,EW,Uttar Pradesh,"MLN Med Coll, Allahabad",FORENSIC MEDICINE,"₹40,000","₹1,00,980*",2*,"₹40,00,000*",Info Not Available,-,-,-,-,-,-,-,8476(1),-,-
UP-Govt Quota,BC,Uttar Pradesh,"BRD Med Coll, Gorakhpur",PHYSIOLOGY,"₹40,000","₹1,00,980*",2*,"₹40,00,000*",1050,-,-,-,-,-,-,-,8480(1),-,-
UP Priv-Min. Quota,UR,Uttar Pradesh,"FH Med Coll, Agra",ENT,"₹22,50,000*","₹45,000",0,₹0,932,-,-,2059(1),-,-,-,-,8483(1),-,-
UP-Govt Quota,UR,Uttar Pradesh,"UP Univ of Med Sci, Etawah",PHYSIOLOGY,"₹40,000","₹1,00,980*",2*,"₹40,00,000*",1268,-,-,2096(1),903(1),-,7361(1),7670(1),8514(1),-,-
UP Priv-Open Quota,UR,Uttar Pradesh,"Rama Med Coll, Kanpur",PATHOLOGY,"₹14,32,270*","₹30,000",0,₹0,730,3978(1),4321(1),2835(1),-,-,7973(2),7973(2),8618(2),-,-
UP Priv-Open Quota,UR,Uttar Pradesh,"TS Misra Med Coll, Lucknow",PATHOLOGY,"₹2,00,000*","₹30,000",0,₹0,735,-,-,2540(3),-,-,7925(2),7975(2),8628(3),5065(1),-
UP-Govt Quota,SC,Uttar Pradesh,"Govt Med Coll, Firozobad",MICROBIOLOGY,"₹40,000","₹1,00,980*",2*,"₹40,00,000*",517,-,-,-,-,-,7088(1),6999(1),8637(1),-,-
UP Priv-Min. Quota,UR,Uttar Pradesh,"IIMSR, Lucknow",ANAESTHESIOLOGY,"₹19,00,000*","₹40,800",0,₹0,540,-,4781(1),-,-,-,7982(4),7982(4),8659(4),-,-
UP-Govt Quota,SC,Uttar Pradesh,"GSVM Med Coll, Kanpur",PHARMACOLOGY,"₹40,000","₹1,00,980*",2*,"₹40,00,000*",2083,4538(1),4947(1),-,-,-,6317(1),6765(1),8665(1),-,-
UP Priv-Min. Quota,UR,Uttar Pradesh,"Era Lucknow Med Coll, Lucknow",PATHOLOGY,"₹10,90,000*","₹62,000",0,₹0,850,-,4520(1),2384(2),-,-,7990(2),7990(2),8686(4),-,-
UP Priv-Open Quota,UR,Uttar Pradesh,"KD Med Coll, Mathura",PATHOLOGY,"₹8,00,000*","₹32,000",0,₹0,720,-,-,2293(4),1322(3),-,7993(2),7993(4),8696(4),-,-
UP Priv-Min. Quota,UR,Uttar Pradesh,"Career Instt of MS, Lucknow",GENERAL SURGERY,"₹36,90,000*","₹40,000",0,₹0,600,-,-,1443(1),-,-,7878(1),7997(4),8716(4),-,-
UP Priv-Open Quota,UR,Uttar Pradesh,"SRMS IMS, Bareilly",SPM,"₹36,000*","₹32,000*",1*,₹0*,950,-,2591(1),2583(2),1015(1),-,6508(1),7790(2),8728(3),-,9988(1)
UP-Govt Quota,SC,Uttar Pradesh,"Auton. State Med Coll, Ayodhya",PHARMACOLOGY,"₹40,000","₹1,00,980*",2*,"₹40,00,000*",-,-,-,-,-,-,6668(1),7088(1),8729(1),9900(1),-
UP-Govt Quota,UR,Uttar Pradesh,"Auton. State Med Coll, Deoria",ANATOMY,"₹40,000","₹1,00,980*",2*,"₹40,00,000*",340,-,-,-,-,-,-,-,8748(1),10176(1),-
UP-Govt Quota,BC,Uttar Pradesh,"S N Med Coll, Agra",PHYSIOLOGY,"₹40,000","₹1,00,980*",2*,"₹40,00,000*",976,-,-,2826(1),-,-,7870(1),7870(1),8751(2),-,-
UP Priv-Open Quota,UR,Uttar Pradesh,"Rajshree MRI, Bareilly",BIOCHEMISTRY,"₹11,000*","₹32,000",1*,₹0*,740,-,-,4082(2),-,-,-,6745(1),8754(3),-,-
UP-Govt Quota,UR,Uttar Pradesh,"Dr RML IMS, Lucknow",ANATOMY,"₹37,500*","₹1,08,672",2*,"₹40,00,000*",Info Not Available,-,-,-,1324(1),-,7154(1),-,8789(1),8263(1),-
UP Priv-Open Quota,UR,Uttar Pradesh,"Subharti Med Coll, Meerut",PATHOLOGY,"₹10,80,000*","₹30,000*",2*,₹0*,938,4196(1),4560(1),2149(4),1095(3),460(1),7123(3),8018(3),8800(5),8205(1),9046(1)
UP-Govt Quota,SC,Uttar Pradesh,"Dr RML IMS, Lucknow",PHYSIOLOGY,"₹37,500*","₹1,08,672",2*,"₹40,00,000*",Info Not Available,-,-,-,-,-,5932(1),7856(1),8837(1),-,-
UP Priv-Open Quota,UR,Uttar Pradesh,"National Captl Reg IMS, Meerut",PATHOLOGY,"₹12,02,199*","₹56,100",0,₹0,680,-,-,2905(3),1173(1),-,-,-,8842(3),8785(2),9351(2)
UP-Govt Quota,SC,Uttar Pradesh,"S N Med Coll, Agra",ANATOMY,"₹40,000","₹1,00,980*",2*,"₹40,00,000*",976,-,-,-,-,-,8032(1),8032(1),8850(1),-,-
UP Priv-Open Quota,UR,Uttar Pradesh,"Saraswati IMS, Hapur",SPM,"₹50,000*","₹25,000*",0,₹0,851,-,-,2161(2),-,-,-,-,8851(2),-,-
UP-Govt Quota,ST,Uttar Pradesh,"KGMU, Lucknow",PHYSIOLOGY,"₹54,700*","₹1,09,955",2*,"₹40,00,000*",4500,-,-,-,-,-,-,-,8864(1),-,-
UP Priv-Open Quota,UR,Uttar Pradesh,"Heritage IMS, Varanasi",PATHOLOGY,"₹11,37,509*","₹21,000",0,₹0,735,-,4512(1),2877(5),1345(2),614(1),8045(4),8045(4),8890(6),8434(2),8751(1)
UP-Govt Quota,BC,Uttar Pradesh,"Govt Med Coll, Firozobad",FORENSIC MEDICINE,"₹40,000","₹1,00,980*",2*,"₹40,00,000*",517,-,-,-,-,-,4128(1),6481(1),8893(1),-,-
UP-Govt Quota,BC,Uttar Pradesh,"Govt Allopathic Med Coll,Banda",FORENSIC MEDICINE,"₹40,000","₹1,00,980*",2*,"₹40,00,000*",430,-,-,-,-,-,6310(1),7306(1),8905(1),-,-
UP Priv-Open Quota,UR,Uttar Pradesh,"Hind IMS, Barabanki",ANATOMY,₹0*,"₹35,000",1*,₹0*,580,-,-,4633(2),-,1206(1),-,-,9004(1),-,-
UP Priv-Min. Quota,UR,Uttar Pradesh,"Subharti Med Coll, Meerut",RADIO DIAGNOSIS,"₹14,43,744*","₹30,000*",2*,₹0*,938,-,-,-,-,-,7888(2),7888(5),9008(7),-,-
UP-Govt Quota,UR,Uttar Pradesh,"Auton. State Med Coll, Ayodhya",PHYSIOLOGY,"₹40,000","₹1,00,980*",2*,"₹40,00,000*",-,-,-,-,-,-,5854(1),7809(1),9023(1),9708(1),-
UP Priv-Min. Quota,UR,Uttar Pradesh,"Subharti Med Coll, Meerut",DERMATOLOGY,"₹14,43,744*","₹30,000*",2*,₹0*,938,-,-,-,-,-,-,5507(1),9043(1),-,-
UP Priv-Open Quota,UR,Uttar Pradesh,"Varun Arjun, Shahjahanpur",SPM,"₹4,00,000*",₹0,0,₹0,770,-,-,3784(3),-,-,-,-,9060(1),-,10720(2)
UP Priv-Open Quota,UR,Uttar Pradesh,"Rajshree MRI, Bareilly",PATHOLOGY,"₹8,00,000*","₹32,000",1*,₹0*,740,-,-,2857(4),1308(1),-,7410(1),7744(1),9065(4),9293(3),-
UP-Govt Quota,UR,Uttar Pradesh,"Govt Med Coll, Bahraich",PHYSIOLOGY,"₹40,000","₹1,00,980*",2*,"₹40,00,000*",-,-,-,-,-,-,7102(1),-,9068(1),10139(1),-
UP-Govt Quota,UR-PH,Uttar Pradesh,"MLN Med Coll, Allahabad",ORTHOPAEDICS,"₹40,000","₹1,00,980*",2*,"₹40,00,000*",Info Not Available,-,-,-,-,-,-,-,9082(1),-,-
UP Priv-Open Quota,UR,Uttar Pradesh,"Rajshree MRI, Bareilly",PHARMACOLOGY,"₹11,000*","₹32,000",1*,₹0*,740,-,-,4522(4),1866(1),-,-,-,9095(1),-,10485(1)
UP-Govt Quota,SC,Uttar Pradesh,"UP Univ of Med Sci, Etawah",PHYSIOLOGY,"₹40,000","₹1,00,980*",2*,"₹40,00,000*",1268,-,-,2693(1),-,-,7871(1),7862(1),9108(1),10065(1),-
UP-Govt Quota,ST,Uttar Pradesh,"UP Univ of Med Sci, Etawah",SPM,"₹40,000","₹1,00,980*",2*,"₹40,00,000*",1268,-,-,-,-,-,-,-,9109(1),-,-
UP-Govt Quota,UR,Uttar Pradesh,"S N Med Coll, Agra",ANATOMY,"₹40,000","₹1,00,980*",2*,"₹40,00,000*",976,-,-,1489(1),1271(1),-,-,-,9126(1),-,-
UP Priv-Open Quota,UR,Uttar Pradesh,"FH Med Coll, Agra",PATHOLOGY,"₹12,50,000*","₹45,000",0,₹0,932,-,-,2773(2),-,-,6388(2),-,9128(3),9237(1),-
UP-Govt Quota,EW,Uttar Pradesh,"BRD Med Coll, Gorakhpur",PHARMACOLOGY,"₹40,000","₹1,00,980*",2*,"₹40,00,000*",1050,-,-,1930(1),-,-,6000(1),-,9152(1),-,-
UP Priv-Open Quota,UR,Uttar Pradesh,"SMSR, Greater Noida",BIOCHEMISTRY,"₹9,77,116*","₹32,000",0,₹0,1200,-,-,4206(1),-,-,-,-,9155(1),-,-
UP Priv-Open Quota,UR,Uttar Pradesh,"Rohilkhand Med Coll, Bareilly",PATHOLOGY,"₹11,00,000*","₹24,000*",1,"₹2,50,000",720,-,-,2755(9),1280(3),-,7760(5),7485(2),9164(9),-,-
UP Priv-Open Quota,UR,Uttar Pradesh,"Varun Arjun, Shahjahanpur",MICROBIOLOGY,"₹4,00,000*",₹0,0,₹0,770,-,-,4396(2),1926(1),-,-,-,9167(1),-,-
UP Priv-Open Quota,UR,Uttar Pradesh,Muzaffarnagar Medical College,PATHOLOGY,"₹12,50,889*","₹56,100*",1*,₹0*,857,4554(1),4968(1),2481(9),1382(4),576(1),8018(7),7789(2),9189(10),8056(1),-
UP Priv-Open Quota,UR,Uttar Pradesh,"Mayo IMS, Barabanki",PATHOLOGY,"₹10,93,571*","₹14,000*",0*,₹0*,736,-,-,2978(4),1403(2),773(1),-,-,9190(4),-,-
UP Priv-Open Quota,UR,Uttar Pradesh,"United InstofMed Sci,Allahabad",PATHOLOGY,"₹11,96,543*",Info not available,0,₹0,-,-,-,2917(4),-,-,-,-,9213(4),9375(2),-
UP-Govt Quota,BC,Uttar Pradesh,"KGMU, Lucknow",ANATOMY,"₹54,700*","₹1,09,955",2*,"₹40,00,000*",4500,-,-,3103(2),1910(2),870(1),7985(3),7985(2),9218(3),9927(1),-
UP-Govt Quota,BC,Uttar Pradesh,"Auton. State Med Coll, Ayodhya",PHYSIOLOGY,"₹40,000","₹1,00,980*",2*,"₹40,00,000*",-,-,-,-,-,-,7975(1),-,9292(1),9863(1),9974(1)
UP-Govt Quota,UR,Uttar Pradesh,"LLRM Med Coll, Meerut",ANATOMY,"₹40,000","₹1,00,980*",2*,"₹40,00,000*",1090,-,-,2211(1),1386(1),-,7601(1),6771(1),9308(1),-,-
UP-Govt Quota,ST,Uttar Pradesh,"S N Med Coll, Agra",DORTHO,"₹40,000","₹1,00,980*",2*,"₹20,00,000*",976,-,-,-,-,-,7508(1),7508(1),9309(1),9893(1),-
UP Priv-Open Quota,UR,Uttar Pradesh,"Venkateshwara IMS, Gajraula",PATHOLOGY,"₹12,02,199*","₹36,000",0,₹0,750,-,-,3165(6),1460(3),-,-,-,9343(6),9352(2),-
UP-Govt Quota,SC,Uttar Pradesh,"Govt Med Coll, Firozobad",BIOCHEMISTRY,"₹40,000","₹1,00,980*",2*,"₹40,00,000*",517,-,-,-,-,-,7772(1),-,9344(1),-,-
UP Priv-Min. Quota,UR,Uttar Pradesh,"Teerthanker Med Coll,Moradabad",ANAESTHESIOLOGY,"₹19,80,000*","₹69,600",0,₹0,1000,-,4649(1),4080(5),1533(1),-,7454(3),7792(2),9355(5),-,-
UP Priv-Open Quota,UR,Uttar Pradesh,"Subharti Med Coll, Meerut",PHYSIOLOGY,₹0*,"₹30,000*",2*,Info not available*,938,-,-,4589(2),2146(1),-,-,-,9386(1),-,-
UP Priv-Open Quota,UR,Uttar Pradesh,"National Captl Reg IMS, Meerut",SPM,"₹8,80,186*","₹56,100",0,₹0,680,-,-,3898(4),1611(1),-,-,-,9394(2),10244(3),-
UP-Govt Quota,SC,Uttar Pradesh,"Govt Med Coll, Bahraich",PHYSIOLOGY,"₹40,000","₹1,00,980*",2*,"₹40,00,000*",-,-,-,-,-,-,7892(1),-,9488(1),-,-
UP Priv-Open Quota,UR,Uttar Pradesh,"SMSR, Greater Noida",SPM,"₹9,77,116*","₹32,000",0,₹0,1200,-,-,2775(2),1593(2),-,-,-,9491(1),8039(1),-
UP-Govt Quota,UR,Uttar Pradesh,"Govt Med Coll, Rampur, Basti",PHYSIOLOGY,"₹40,000","₹1,00,980*",2*,"₹40,00,000*",500,-,-,-,-,-,7608(1),-,9496(2),9490(1),-
UP Priv-Min. Quota,UR,Uttar Pradesh,"IIMSR, Lucknow",PATHOLOGY,"₹12,00,000*","₹40,800",0,₹0,540,-,-,3154(3),1542(1),-,7021(1),7021(1),9506(2),-,-
UP-Govt Quota,UR,Uttar Pradesh,"Govt Med Coll, Shahjhanpur",PHYSIOLOGY,"₹40,000","₹1,00,980*",2*,"₹40,00,000*",460,-,-,-,-,-,-,-,9516(1),-,-
UP Priv-Open Quota,UR,Uttar Pradesh,"SMSR, Greater Noida",MICROBIOLOGY,"₹9,77,116*","₹32,000",0,₹0,1200,-,-,3861(2),1550(1),-,-,-,9536(2),9887(1),-
UP Priv-Open Quota,UR,Uttar Pradesh,"Krishna Mohan Med Coll,Mathura",PATHOLOGY,"₹11,96,543*","₹15,000*",0,₹0,700,-,-,3134(6),1475(4),809(2),7700(1),-,9549(6),8857(1),9442(1)
UP Priv-Open Quota,UR,Uttar Pradesh,Muzaffarnagar Medical College,PHARMACOLOGY,"₹8,93,521*","₹56,100*",1*,₹0*,857,-,-,4250(3),1784(1),736(1),-,-,9571(1),-,-
UP-Govt Quota,UR,Uttar Pradesh,"Govt IMS, Kasna",ANATOMY,"₹40,000","₹1,00,980*",2*,"₹40,00,000*",500,-,-,-,-,-,6771(1),-,9579(2),8358(1),10045(1)
UP-Govt Quota,BC,Uttar Pradesh,"Govt Med Coll, Firozobad",PHYSIOLOGY,"₹40,000","₹1,00,980*",2*,"₹40,00,000*",517,-,-,-,-,-,-,-,9619(1),-,-
UP Priv-Open Quota,UR,Uttar Pradesh,"Rohilkhand Med Coll, Bareilly",SPM,"₹1,00,000*","₹24,000*",0,₹0,720,-,-,3641(6),1541(2),-,-,-,9627(3),-,10622(4)
UP-Govt Quota,BC,Uttar Pradesh,"Govt Med Coll, Rampur, Basti",PHYSIOLOGY,"₹40,000","₹1,00,980*",2*,"₹40,00,000*",500,-,-,-,-,-,8008(1),8008(1),9639(1),-,-
UP-Govt Quota,BC,Uttar Pradesh,"Dr RML IMS, Lucknow",ANATOMY,"₹37,500*","₹1,08,672",2*,"₹40,00,000*",Info Not Available,-,-,-,-,-,7752(1),-,9646(1),-,-
UP Priv-Open Quota,UR,Uttar Pradesh,"Hind IMS, Barabanki",FORENSIC MEDICINE,₹0*,"₹35,000",1*,₹0*,580,-,-,3633(2),-,-,-,-,9648(2),-,-
UP Priv-Open Quota,UR,Uttar Pradesh,"Subharti Med Coll, Meerut",SPM,₹0*,"₹30,000*",2*,Info not available*,938,-,-,3126(3),-,-,-,-,9649(3),-,-
UP Priv-Min. Quota,UR,Uttar Pradesh,"Subharti Med Coll, Meerut",ORTHOPAEDICS,"₹14,43,744*","₹30,000*",2*,₹0*,938,-,-,-,-,-,7655(3),-,9655(3),-,-
UP Priv-Open Quota,UR,Uttar Pradesh,"Varun Arjun, Shahjahanpur",PATHOLOGY,"₹12,02,199*",₹0,0,₹0,770,-,-,3123(10),-,-,-,-,9674(10),9716(3),-
UP Priv-Min. Quota,UR,Uttar Pradesh,"Subharti Med Coll, Meerut",OBG,"₹14,43,744*","₹30,000*",2*,₹0*,938,-,-,-,-,-,-,-,9679(3),-,-
UP Priv-Open Quota,UR,Uttar Pradesh,"Teerthanker Med Coll,Moradabad",FORENSIC MEDICINE,"₹10,000*",Info not available*,0,₹0,1000,-,-,3917(2),1664(1),1166(1),-,7577(1),9713(2),10128(1),-
UP Priv-Open Quota,UR,Uttar Pradesh,"Teerthanker Med Coll,Moradabad",SPM,"₹10,000*",Info not available*,0,₹0,1000,-,-,2951(2),-,653(1),7351(1),-,9717(3),9452(1),10471(1)
UP-Govt Quota,UR,Uttar Pradesh,"Govt Allopathic Med Coll,Banda",PHYSIOLOGY,"₹40,000","₹1,00,980*",2*,"₹40,00,000*",430,-,-,2230(1),1217(1),-,-,-,9725(1),9721(1),-
UP-Govt Quota,UR,Uttar Pradesh,"Auton. State Med Coll, Ayodhya",ANATOMY,"₹40,000","₹1,00,980*",2*,"₹40,00,000*",-,-,-,-,-,-,6704(1),-,9730(1),-,-
UP-Govt Quota,UR,Uttar Pradesh,"MLN Med Coll, Allahabad",ANATOMY,"₹40,000","₹1,00,980*",2*,"₹40,00,000*",Info Not Available,2024(1),-,1621(1),-,-,-,-,9732(2),8611(1),-
UP-Govt Quota,SC,Uttar Pradesh,"Govt Med Coll, Kannauj",ANATOMY,"₹40,000","₹1,00,980*",2*,"₹40,00,000*",470,-,-,-,-,-,-,-,9734(1),-,-
UP-Govt Quota,UR,Uttar Pradesh,"Govt Med Coll, Kannauj",ANATOMY,"₹40,000","₹1,00,980*",2*,"₹40,00,000*",470,-,-,-,-,-,-,-,9750(1),8733(1),-
UP Priv-Open Quota,UR,Uttar Pradesh,"Rama Med Coll, Kanpur",MICROBIOLOGY,"₹40,000*","₹30,000",0,₹0,730,-,-,4300(3),-,-,-,-,9775(2),-,10577(1)
UP Priv-Min. Quota,UR,Uttar Pradesh,"Subharti Med Coll, Meerut",OPHTHALMOLOGY,"₹14,43,744*","₹30,000*",2*,₹0*,938,-,-,-,-,-,-,-,9780(1),-,-
UP-Govt Quota,UR,Uttar Pradesh,"Govt Med Coll, Firozobad",ANATOMY,"₹40,000","₹1,00,980*",2*,"₹40,00,000*",517,-,-,-,-,-,-,-,9808(1),-,9830(1)
UP Priv-Min. Quota,UR,Uttar Pradesh,"FH Med Coll, Agra",PATHOLOGY,"₹12,50,000*","₹45,000",0,₹0,932,-,-,3303(2),-,-,-,-,9829(1),9147(1),-
UP Priv-Open Quota,UR,Uttar Pradesh,"Career Instt of MS, Lucknow",SPM,"₹1,00,000*",Info not available*,0,₹0,600,-,-,3465(2),-,-,-,-,9870(3),-,-
UP Priv-Open Quota,UR,Uttar Pradesh,"Era Lucknow Med Coll, Lucknow",SPM,"₹6,00,000*",₹0*,0,₹0,850,-,-,2061(1),-,-,-,-,9882(2),9960(1),-
UP-Govt Quota,UR,Uttar Pradesh,"Auton. State Med Coll, Jaunpur",ANATOMY,"₹40,000","₹1,00,980*",2*,"₹40,00,000*",394,-,-,-,-,-,6506(1),-,9911(2),10168(1),10393(1)
UP Priv-Min. Quota,UR,Uttar Pradesh,"Career Instt of MS, Lucknow",SPM,"₹1,00,000*",Info not available*,0,₹0,600,-,-,4139(2),-,-,5622(1),-,9920(1),-,-
UP Priv-Open Quota,UR,Uttar Pradesh,"Hind IMS, Barabanki",SPM,"₹6,00,000*","₹35,000",1*,₹0*,580,-,-,3634(2),-,-,4460(1),-,9925(2),9160(1),-
UP-Govt Quota,EW,Uttar Pradesh,"KGMU, Lucknow",PHARMACOLOGY,"₹54,700*","₹1,09,955",2*,"₹40,00,000*",4500,-,-,3734(2),1437(1),-,-,-,9926(1),-,-
UP Priv-Open Quota,UR,Uttar Pradesh,"TS Misra Med Coll, Lucknow",MICROBIOLOGY,₹0*,"₹10,000",0,₹0,735,-,-,4280(2),-,-,-,-,9929(2),-,-
UP-Govt Quota,SC,Uttar Pradesh,"Govt Med Coll, Shahjhanpur",PHYSIOLOGY,"₹40,000","₹1,00,980*",2*,"₹40,00,000*",460,-,-,-,-,-,-,-,9932(1),-,-
UP Priv-Open Quota,UR,Uttar Pradesh,"Subharti Med Coll, Meerut",MICROBIOLOGY,₹0*,"₹30,000*",2*,Info not available*,938,-,-,3413(3),-,-,-,-,9944(3),9841(1),10737(1)
UP Priv-Min. Quota,UR,Uttar Pradesh,"Subharti Med Coll, Meerut",GENERAL SURGERY,"₹14,43,744*","₹30,000*",2*,₹0*,938,-,-,-,-,-,-,-,9956(2),-,-
UP Priv-Open Quota,UR,Uttar Pradesh,"TS Misra Med Coll, Lucknow",PHARMACOLOGY,₹0*,"₹10,000",0,₹0,735,-,-,4336(2),-,-,-,-,9962(2),-,-
UP-Govt Quota,BC,Uttar Pradesh,"MLN Med Coll, Allahabad",ANATOMY,"₹40,000","₹1,00,980*",2*,"₹40,00,000*",Info Not Available,-,-,3175(1),-,-,-,-,9973(1),-,-
UP-Govt Quota,UR,Uttar Pradesh,"Govt Med Coll, Shahjhanpur",ANATOMY,"₹40,000","₹1,00,980*",2*,"₹40,00,000*",460,-,-,-,-,-,-,-,9982(1),-,-
UP-Govt Quota,UR-PH,Uttar Pradesh,"MLN Med Coll, Allahabad",GENERAL SURGERY,"₹40,000","₹1,00,980*",2*,"₹40,00,000*",Info Not Available,-,-,-,-,-,-,-,9995(1),-,-
UP-Govt Quota,EW,Uttar Pradesh,"Dr RML IMS, Lucknow",PHARMACOLOGY,"₹37,500*","₹1,08,672",2*,"₹40,00,000*",Info Not Available,-,-,-,-,-,4363(1),5312(1),9997(1),8560(1),-
UP Priv-Min. Quota,UR,Uttar Pradesh,"Career Instt of MS, Lucknow",PATHOLOGY,"₹8,00,000*","₹40,000",0,₹0,600,-,-,2573(1),1408(1),-,-,-,9998(3),9590(1),-
UP Priv-Min. Quota,UR,Uttar Pradesh,"Subharti Med Coll, Meerut",GENERAL MEDICINE,"₹14,43,744*","₹30,000*",2*,₹0*,938,-,-,-,-,-,-,-,10001(4),-,-
UP-Govt Quota,EW,Uttar Pradesh,"GSVM Med Coll, Kanpur",PHARMACOLOGY,"₹40,000","₹1,00,980*",2*,"₹40,00,000*",2083,-,-,-,-,-,5312(1),6000(1),10004(1),-,-
UP-Govt Quota,SC,Uttar Pradesh,"LLRM Med Coll, Meerut",ANATOMY,"₹40,000","₹1,00,980*",2*,"₹40,00,000*",1090,-,-,-,-,-,-,-,10008(1),-,-
UP Priv-Open Quota,UR,Uttar Pradesh,"Career Instt of MS, Lucknow",MICROBIOLOGY,"₹1,00,000*",Info not available*,0,₹0,600,-,-,4395(2),-,-,-,-,10028(1),-,10752(3)
UP-Govt Quota,UR-PH,Uttar Pradesh,"LLRM Med Coll, Meerut",GENERAL MEDICINE,"₹40,000","₹1,00,980*",2*,"₹40,00,000*",1090,-,-,-,-,-,7924(1),-,10033(1),-,-
UP Priv-Open Quota,UR,Uttar Pradesh,"FH Med Coll, Agra",SPM,"₹10,000*","₹45,000",0,₹0,932,-,-,3812(2),1510(1),-,-,-,10036(3),-,9961(1)
UP-Govt Quota,UR,Uttar Pradesh,"UP Univ of Med Sci, Etawah",ANATOMY,"₹40,000","₹1,00,980*",2*,"₹40,00,000*",1268,-,-,2695(3),1402(2),1025(2),7983(2),-,10045(3),-,-
UP Priv-Open Quota,UR,Uttar Pradesh,"TS Misra Med Coll, Lucknow",SPM,₹0*,"₹10,000",0,₹0,735,-,-,3481(3),1491(1),-,-,-,10061(3),-,-
UP Priv-Open Quota,UR,Uttar Pradesh,"Hind IMS, Barabanki",PHARMACOLOGY,₹0*,"₹35,000",1*,₹0*,580,-,-,4261(4),1850(1),-,-,-,10063(1),-,10552(3)
UP Priv-Min. Quota,UR,Uttar Pradesh,"Subharti Med Coll, Meerut",PSYCHIATRY,"₹14,43,744*","₹30,000*",2*,₹0*,938,-,-,-,-,-,-,-,10069(3),-,-
UP Priv-Open Quota,UR,Uttar Pradesh,"Rohilkhand Med Coll, Bareilly",MICROBIOLOGY,"₹1,00,000*","₹24,000*",0,₹0,720,-,-,3986(2),1804(1),-,-,-,10072(1),-,10749(1)
UP Priv-Open Quota,UR,Uttar Pradesh,"Heritage IMS, Varanasi",PHARMACOLOGY,"₹5,00,000*","₹21,000",0,₹0,735,-,-,4452(2),1921(1),1172(1),-,-,10091(1),-,-
UP-Govt Quota,ST,Uttar Pradesh,"KGMU, Lucknow",PHARMACOLOGY,"₹54,700*","₹1,09,955",2*,"₹40,00,000*",4500,4189(1),4551(1),-,-,-,-,-,10099(1),-,-
UP-Govt Quota,UR,Uttar Pradesh,"Shaik-ul-Hind, Saharanpur",ANATOMY,"₹40,000","₹1,00,980*",2*,"₹40,00,000*",500,-,-,2814(1),1441(1),-,-,-,10105(1),-,-
UP Priv-Open Quota,UR,Uttar Pradesh,"SMSR, Greater Noida",PHARMACOLOGY,"₹9,77,116*","₹32,000",0,₹0,1200,-,-,3613(2),-,-,-,-,10109(2),-,-
UP Priv-Open Quota,UR,Uttar Pradesh,"Rajshree MRI, Bareilly",SPM,"₹11,000*","₹32,000",1*,₹0*,740,-,-,3654(3),-,-,-,-,10117(2),9910(1),-
UP Priv-Min. Quota,UR,Uttar Pradesh,"Subharti Med Coll, Meerut",PAEDIATRICS,"₹14,43,744*","₹30,000*",2*,₹0*,938,-,-,-,-,-,5398(1),-,10118(3),-,-
UP Priv-Open Quota,UR,Uttar Pradesh,"Rajshree MRI, Bareilly",MICROBIOLOGY,"₹11,000*","₹32,000",1*,₹0*,740,-,-,4116(3),-,-,-,-,10129(1),-,10795(2)
UP-Govt Quota,SC,Uttar Pradesh,"KGMU, Lucknow",ANATOMY,"₹54,700*","₹1,09,955",2*,"₹40,00,000*",4500,-,-,-,-,-,7467(1),-,10134(1),-,-
UP-Govt Quota,BC,Uttar Pradesh,"S N Med Coll, Agra",ANATOMY,"₹40,000","₹1,00,980*",2*,"₹40,00,000*",976,-,-,-,-,-,4476(1),-,10135(1),-,-
UP-Govt Quota,UR,Uttar Pradesh,"Govt Allopathic Med Coll,Banda",ANATOMY,"₹40,000","₹1,00,980*",2*,"₹40,00,000*",430,-,-,1634(1),-,-,-,-,10143(1),-,-
UP-Govt Quota,UR,Uttar Pradesh,"BRD Med Coll, Gorakhpur",ANATOMY,"₹40,000","₹1,00,980*",2*,"₹40,00,000*",1050,-,-,2021(2),1316(1),-,-,-,10145(2),-,-
UP Priv-Open Quota,UR,Uttar Pradesh,"SRMS IMS, Bareilly",MICROBIOLOGY,"₹36,000*","₹32,000*",1*,₹0*,950,-,-,4096(3),-,-,7142(1),7142(1),10146(3),-,-
UP Priv-Min. Quota,UR,Uttar Pradesh,"Teerthanker Med Coll,Moradabad",PATHOLOGY,"₹11,70,000*","₹69,600",0,₹0,1000,-,-,4499(3),-,-,-,-,10155(4),-,-
UP-Govt Quota,SC-PH,Uttar Pradesh,"LLRM Med Coll, Meerut",GENERAL MEDICINE,"₹40,000","₹1,00,980*",2*,"₹40,00,000*",1090,-,-,-,-,-,-,-,10157(1),-,-
UP Priv-Min. Quota,UR,Uttar Pradesh,"Subharti Med Coll, Meerut",ANAESTHESIOLOGY,"₹14,43,744*","₹30,000*",2*,₹0*,938,-,-,-,-,-,-,-,10169(2),-,-
UP-Govt Quota,BC,Uttar Pradesh,"Govt Med Coll, Kannauj",ANATOMY,"₹40,000","₹1,00,980*",2*,"₹40,00,000*",470,-,-,-,-,-,-,-,10170(1),-,-
UP Priv-Open Quota,UR,Uttar Pradesh,"Career Instt of MS, Lucknow",ANATOMY,"₹1,00,000*",Info not available*,0,₹0,600,-,-,4541(1),-,1196(1),-,-,10194(1),-,10596(1)
UP Priv-Open Quota,UR,Uttar Pradesh,"Career Instt of MS, Lucknow",PHARMACOLOGY,"₹1,00,000*",Info not available*,0,₹0,600,-,-,3133(1),-,-,-,-,10207(2),-,10547(1)
UP-Govt Quota,ST,Uttar Pradesh,"S N Med Coll, Agra",FORENSIC MEDICINE,"₹40,000","₹1,00,980*",2*,"₹40,00,000*",976,-,-,-,-,-,-,-,10210(1),-,-
UP Priv-Open Quota,UR,Uttar Pradesh,"Hind IMS, Barabanki",MICROBIOLOGY,"₹6,00,000*","₹35,000",1*,₹0*,580,-,-,4462(4),-,-,-,-,10225(3),-,10186(1)
UP-Govt Quota,BC,Uttar Pradesh,"Rajkiya Med Coll, Jalaun",ANATOMY,"₹40,000","₹1,00,980*",2*,"₹40,00,000*",Info Not Available,-,-,3933(1),1915(1),-,-,-,10227(1),-,-
UP-Govt Quota,ST,Uttar Pradesh,"GSVM Med Coll, Kanpur",PHYSIOLOGY,"₹40,000","₹1,00,980*",2*,"₹40,00,000*",2083,-,-,-,-,-,-,-,10234(1),-,-
UP-Govt Quota,SC,Uttar Pradesh,"BRD Med Coll, Gorakhpur",ANATOMY,"₹40,000","₹1,00,980*",2*,"₹40,00,000*",1050,-,-,3955(1),1844(1),1122(1),-,-,10236(1),9640(1),-
UP-Govt Quota,SC,Uttar Pradesh,"Govt Med Coll, Azamgarh",ANATOMY,"₹40,000","₹1,00,980*",2*,"₹40,00,000*",550,-,-,3885(1),-,-,-,-,10239(1),-,-
UP-Govt Quota,SC-PH,Uttar Pradesh,"MLB Med Coll, Jhansi",TBRD,"₹40,000","₹1,00,980*",2*,"₹40,00,000*",700,-,-,-,-,-,-,-,10240(1),-,-
UP-Govt Quota,BC,Uttar Pradesh,"UP Univ of Med Sci, Etawah",ANATOMY,"₹40,000","₹1,00,980*",2*,"₹40,00,000*",1268,-,-,3793(2),-,-,-,-,10245(2),-,-
UP-Govt Quota,SC,Uttar Pradesh,"Govt Med Coll, Bahraich",ANATOMY,"₹40,000","₹1,00,980*",2*,"₹40,00,000*",-,-,-,-,-,-,-,-,10246(1),-,-
UP-Govt Quota,SC,Uttar Pradesh,"UP Univ of Med Sci, Etawah",ANATOMY,"₹40,000","₹1,00,980*",2*,"₹40,00,000*",1268,-,-,3609(1),1999(1),-,-,-,10250(1),-,-
UP Priv-Open Quota,UR,Uttar Pradesh,"Hind IMS, Barabanki",PHYSIOLOGY,₹0*,"₹35,000",1*,₹0*,580,-,-,4471(2),2075(1),-,-,-,10252(1),-,-
UP Priv-Open Quota,UR,Uttar Pradesh,"SRMS IMS, Bareilly",FORENSIC MEDICINE,"₹36,000*","₹32,000*",1*,₹0*,950,-,-,3604(3),927(2),866(2),-,-,10253(3),-,-
UP-Govt Quota,BC,Uttar Pradesh,"Auton. State Med Coll, Deoria",ANATOMY,"₹40,000","₹1,00,980*",2*,"₹40,00,000*",340,-,-,-,-,-,-,7934(1),10254(1),-,-
UP Priv-Open Quota,UR,Uttar Pradesh,"IIMSR, Lucknow",SPM,"₹6,00,000*",Info not available*,0,₹0,540,-,-,3723(2),1488(1),-,-,-,10258(2),-,10649(3)
UP Priv-Open Quota,UR,Uttar Pradesh,"Rama Med Coll, Kanpur",SPM,"₹40,000*","₹30,000",0,₹0,730,-,-,3580(6),1719(3),-,-,-,10259(4),-,10658(4)
UP Priv-Min. Quota,UR,Uttar Pradesh,"FH Med Coll, Agra",SPM,"₹10,000*","₹45,000",0,₹0,932,-,-,4036(2),-,-,-,-,10260(1),-,-
UP Priv-Open Quota,UR,Uttar Pradesh,"Career Instt of MS, Lucknow",PHYSIOLOGY,"₹1,00,000*",Info not available*,0,₹0,600,-,-,-,2003(1),-,-,-,10262(1),-,-
UP-DNB InS,BC Service,Uttar Pradesh,"ShriShivPrasadDistHos,Varanasi",DCH(NBEMS),"₹1,25,000","₹70,000",0*,₹0*,316,-,-,-,-,-,50(1),50(1),-,-,-
UP-DNB InS,BC Service,Uttar Pradesh,"Govt Med Coll, Kannauj, UP",DCH(NBEMS),"₹1,25,000","₹80,000*",0*,₹0*,470,-,-,-,-,-,105(1),-,-,-,-
UP-Govt Quota,EW,Uttar Pradesh,"KGMU, Lucknow",ORTHOPAEDICS,"₹54,700*","₹1,09,955",2*,"₹40,00,000*",4500,-,-,100(1),-,-,338(1),439(1),-,-,-
UP-Govt Quota,BC,Uttar Pradesh,"S N Med Coll, Agra",PSYCHIATRY,"₹40,000","₹1,00,980*",2*,"₹40,00,000*",976,663(1),837(1),-,-,-,606(1),891(1),-,-,-
UP-Govt Quota,SC,Uttar Pradesh,"MLB Med Coll, Jhansi",TBRD,"₹40,000","₹1,00,980*",2*,"₹40,00,000*",700,1246(1),1514(1),-,-,-,-,-,-,3508(1),-
UP-Govt Quota,SC-PH,Uttar Pradesh,"S N Med Coll, Agra",OBG,"₹40,000","₹1,00,980*",2*,"₹40,00,000*",976,-,-,-,-,-,5073(1),-,-,-,-
UP-Govt Quota,UR,Uttar Pradesh,"Govt Med Coll, Kannauj",PHARMACOLOGY,"₹40,000","₹1,00,980*",2*,"₹40,00,000*",470,-,-,1241(1),750(1),-,1219(1),6604(1),-,-,-
UP-Govt Quota,SC,Uttar Pradesh,"Govt IMS, Kasna",BIOCHEMISTRY,"₹40,000","₹1,00,980*",2*,"₹40,00,000*",500,-,-,-,-,-,6948(1),6666(1),-,-,-
UP-Govt Quota,EW,Uttar Pradesh,"Govt Med Coll, Firozobad",MICROBIOLOGY,"₹40,000","₹1,00,980*",2*,"₹40,00,000*",517,-,-,-,-,-,6984(1),-,-,-,-
UP-Govt Quota,BC-PH,Uttar Pradesh,"MLN Med Coll, Allahabad",ANAESTHESIOLOGY,"₹40,000","₹1,00,980*",2*,"₹40,00,000*",Info Not Available,-,-,-,-,-,7256(1),-,-,-,-
UP-Govt Quota,ST,Uttar Pradesh,"Govt IMS, Kasna",MICROBIOLOGY,"₹40,000","₹1,00,980*",2*,"₹40,00,000*",500,-,-,-,-,-,7272(1),-,-,-,-
UP-Govt Quota,EW,Uttar Pradesh,"Dr RML IMS, Lucknow",PHYSIOLOGY,"₹37,500*","₹1,08,672",2*,"₹40,00,000*",Info Not Available,-,-,-,-,-,7502(1),-,-,-,-
UP-Govt Quota,EW,Uttar Pradesh,"Govt Allopathic Med Coll,Banda",PHYSIOLOGY,"₹40,000","₹1,00,980*",2*,"₹40,00,000*",430,-,-,-,-,-,7705(1),-,-,-,-
UP-Govt Quota,UR,Uttar Pradesh,"Dr RML IMS, Lucknow",PHARMACOLOGY,"₹37,500*","₹1,08,672",2*,"₹40,00,000*",Info Not Available,3962(2),4302(2),-,703(1),-,-,-,-,-,7919(1)
UP-Govt Quota,SC,Uttar Pradesh,"Govt Med Coll, Kannauj",PHYSIOLOGY,"₹40,000","₹1,00,980*",2*,"₹40,00,000*",470,-,-,-,-,-,7862(1),8029(1),-,-,-
UP-Govt Quota,SC-PH,Uttar Pradesh,"Auton. State Med Coll, Ayodhya",SPM,"₹40,000","₹1,00,980*",2*,"₹40,00,000*",-,-,-,-,-,-,8043(1),-,-,-,-
UP Priv-Open Quota,UR,Uttar Pradesh,"Hind IMS, Sitapur",BIOCHEMISTRY,₹0*,"₹30,000",1*,₹0*,700,-,-,4454(3),-,-,-,-,-,-,9313(1)
UP-Govt Quota,UR,Uttar Pradesh,"GSVM Med Coll, Kanpur",ANATOMY,"₹40,000","₹1,00,980*",2*,"₹40,00,000*",2083,-,-,-,-,-,-,-,-,9824(1),-
UP Priv-Open Quota,UR,Uttar Pradesh,Muzaffarnagar Medical College,BIOCHEMISTRY,"₹8,93,521*","₹56,100*",1*,₹0*,857,-,-,4513(1),-,-,-,-,-,9836(1),-
UP-Govt Quota,SC,Uttar Pradesh,"S N Med Coll, Agra",FORENSIC MEDICINE,"₹40,000","₹1,00,980*",2*,"₹40,00,000*",976,3006(1),4982(1),-,-,-,-,-,-,9850(1),-
UP Priv-Open Quota,UR,Uttar Pradesh,"Rohilkhand Med Coll, Bareilly",PHARMACOLOGY,"₹50,000*","₹24,000*",0,₹0,720,-,-,4449(4),-,-,-,-,-,-,9907(1)
UP Priv-Open Quota,UR,Uttar Pradesh,"Hind IMS, Barabanki",BIOCHEMISTRY,₹0*,"₹35,000",1*,₹0*,580,-,-,4320(1),-,-,-,-,-,9954(1),-
UP-Govt Quota,UR,Uttar Pradesh,"Govt Med Coll, Bahraich",ANATOMY,"₹40,000","₹1,00,980*",2*,"₹40,00,000*",-,-,-,-,-,-,-,-,-,9969(1),10309(1)
UP Priv-Open Quota,UR,Uttar Pradesh,"Heritage IMS, Varanasi",MICROBIOLOGY,"₹5,00,000*","₹21,000",0,₹0,735,-,-,3884(1),1871(1),988(1),-,-,-,-,10491(1)
UP Priv-Open Quota,UR,Uttar Pradesh,"Era Lucknow Med Coll, Lucknow",PHARMACOLOGY,"₹6,00,000*",₹0*,0,₹0,850,-,-,3232(1),-,-,-,-,-,-,10541(2)
UP Priv-Open Quota,UR,Uttar Pradesh,"Mayo IMS, Barabanki",PHARMACOLOGY,"₹5,00,000*","₹14,000*",0*,₹0*,736,-,-,4398(3),2007(1),-,-,-,-,-,10557(1)
UP Priv-Open Quota,UR,Uttar Pradesh,"Teerthanker Med Coll,Moradabad",MICROBIOLOGY,"₹10,000*",Info not available*,0,₹0,1000,-,-,3599(2),1677(1),-,-,-,-,10214(1),10571(2)
UP Priv-Open Quota,UR,Uttar Pradesh,"Teerthanker Med Coll,Moradabad",BIOCHEMISTRY,"₹10,000*",Info not available*,0,₹0,1000,-,-,4372(1),2099(2),-,-,-,-,-,10581(2)
UP Priv-Open Quota,UR,Uttar Pradesh,"SRMS IMS, Bareilly",BIOCHEMISTRY,"₹36,000*","₹32,000*",1*,₹0*,950,-,-,4590(1),-,-,-,-,-,-,10633(1)
UP Priv-Open Quota,UR,Uttar Pradesh,Muzaffarnagar Medical College,SPM,"₹8,93,521*","₹56,100*",1*,₹0*,857,-,-,2780(2),-,-,-,-,-,-,10638(2)
UP Priv-Open Quota,UR,Uttar Pradesh,"IIMSR, Lucknow",BIOCHEMISTRY,"₹6,00,000*",Info not available*,0,₹0,540,-,-,4717(2),2171(1),-,-,-,-,-,10671(1)
UP Priv-Open Quota,UR,Uttar Pradesh,"Heritage IMS, Varanasi",ANATOMY,"₹5,00,000*","₹21,000",0,₹0,735,-,-,4640(1),-,-,-,-,-,-,10680(1)
UP Priv-Open Quota,UR,Uttar Pradesh,"SMSR, Greater Noida",PHYSIOLOGY,"₹9,77,116*","₹32,000",0,₹0,1200,-,-,3738(2),-,-,-,-,-,-,10681(2)
UP Priv-Open Quota,UR,Uttar Pradesh,"SRMS IMS, Bareilly",PHARMACOLOGY,"₹36,000*","₹32,000*",1*,₹0*,950,-,-,3351(2),-,-,-,-,-,9205(1),10686(1)
UP Priv-Open Quota,UR,Uttar Pradesh,"Teerthanker Med Coll,Moradabad",PHARMACOLOGY,"₹10,000*",Info not available*,0,₹0,1000,-,-,4321(2),-,-,-,-,-,-,10703(1)
UP Priv-Open Quota,UR,Uttar Pradesh,"Mayo IMS, Barabanki",SPM,"₹5,00,000*","₹14,000*",0*,₹0*,736,-,-,3902(4),1702(2),-,-,-,-,-,10712(4)
UP Priv-Open Quota,UR,Uttar Pradesh,"Subharti Med Coll, Meerut",PHARMACOLOGY,₹0*,"₹30,000*",2*,Info not available*,938,-,-,4168(3),1741(2),1066(1),-,-,-,-,10717(1)
UP Priv-Open Quota,UR,Uttar Pradesh,"SMSR, Greater Noida",ANATOMY,"₹9,77,116*","₹32,000",0,₹0,1200,-,-,4282(2),-,1178(1),-,-,-,-,10719(1)
UP Priv-Open Quota,UR,Uttar Pradesh,"Career Instt of MS, Lucknow",BIOCHEMISTRY,"₹1,00,000*",Info not available*,0,₹0,600,-,-,4575(2),-,1182(2),-,-,-,-,10723(2)
UP Priv-Open Quota,UR,Uttar Pradesh,"Rama Med Coll, Kanpur",PHARMACOLOGY,"₹40,000*","₹30,000",0,₹0,730,-,-,3771(3),-,-,-,-,-,-,10725(2)
UP Priv-Open Quota,UR,Uttar Pradesh,Muzaffarnagar Medical College,MICROBIOLOGY,"₹8,93,521*","₹56,100*",1*,₹0*,857,-,-,3826(4),1616(2),710(1),-,-,-,9337(1),10729(1)
UP Priv-Open Quota,UR,Uttar Pradesh,"Era Lucknow Med Coll, Lucknow",MICROBIOLOGY,"₹6,00,000*",₹0*,0,₹0,850,-,-,2716(1),1521(1),-,-,-,-,-,10734(2)
UP Priv-Open Quota,UR,Uttar Pradesh,"FH Med Coll, Agra",MICROBIOLOGY,"₹10,000*","₹45,000",0,₹0,932,-,-,2554(1),1811(1),-,-,-,-,-,10738(2)
UP Priv-Open Quota,UR,Uttar Pradesh,"Hind IMS, Sitapur",MICROBIOLOGY,₹0*,"₹30,000",1*,₹0*,700,-,-,4732(6),1775(1),981(1),-,-,-,-,10757(3)
UP Priv-Open Quota,UR,Uttar Pradesh,"Saraswati IMS, Hapur",PHARMACOLOGY,"₹10,000*","₹25,000*",0,₹0,851,-,-,3593(2),-,-,-,-,-,-,10761(2)
UP Priv-Open Quota,UR,Uttar Pradesh,"Subharti Med Coll, Meerut",BIOCHEMISTRY,₹0*,"₹30,000*",2*,Info not available*,938,-,-,4693(3),-,-,-,-,-,-,10768(1)
UP Priv-Open Quota,UR,Uttar Pradesh,"TS Misra Med Coll, Lucknow",BIOCHEMISTRY,₹0*,"₹10,000",0,₹0,735,-,-,-,2088(1),-,-,-,-,-,10791(1)
UP Priv-Open Quota,UR,Uttar Pradesh,"IIMSR, Lucknow",MICROBIOLOGY,"₹6,00,000*",Info not available*,0,₹0,540,-,-,4232(2),-,-,-,-,-,9802(1),10811(4)
UP Priv-Open Quota,UR,Uttar Pradesh,"Rama Med Coll, Kanpur",BIOCHEMISTRY,"₹40,000*","₹30,000",0,₹0,730,-,-,4361(2),-,-,-,-,-,-,10814(1)
UP-DNB InS,UR Service,Uttar Pradesh,"Govt IMS, Greater Noida",DNBRADIO DIAGNOSIS,-,-,-,-,300,1(1),2(1),-,-,-,-,-,-,-,-
UP-DNB InS,UR Service,Uttar Pradesh,"AutonomousStateMC,Shahjahanpur",DMRD(NBEMS),"₹1,25,000","₹80,000*",0*,₹0*,312,2(1),5(1),-,-,-,-,-,-,-,-
UP-Govt Quota,UR,Uttar Pradesh,"BRD Med Coll, Gorakhpur",RADIO DIAGNOSIS,"₹40,000","₹1,00,980*",2*,"₹40,00,000*",1050,9(1),9(1),-,-,-,-,-,-,-,-
UP-DNB InS,BC Service,Uttar Pradesh,"Balrampur Hospital, Lucknow",DNBORTHOPAEDICS,-,-,-,-,656,11(1),12(1),-,-,-,-,-,-,-,-
UP-DNB InS,UR Service,Uttar Pradesh,"Govt IMS, Greater Noida",DNBGENERAL MEDICINE,-,-,-,-,300,12(1),13(1),-,-,-,-,-,-,-,-
UP-DNB InS,UR Service,Uttar Pradesh,"UrsalaHorsmanMemHosp, Kanpur",DNBGENERAL MEDICINE,"₹1,25,000","₹70,000",0*,₹0*,550,13(1),14(1),-,-,-,-,-,-,-,-
UP-DNB InS,UR Service,Uttar Pradesh,"UrsalaHorsmanMemHosp, Kanpur",DTBCD(NBEMS),"₹1,25,000","₹70,000",0*,₹0*,550,16(1),17(1),-,-,-,-,-,-,-,-
UP-DNB InS,UR Service,Uttar Pradesh,"Govt IMS, Greater Noida",DNBPAEDIATRICS,-,-,-,-,300,22(1),23(1),-,-,-,-,-,-,-,-
UP-DNB InS,UR Service,Uttar Pradesh,"Govt IMS, Greater Noida",DNBANAESTHESIOLOGY,-,-,-,-,300,25(1),26(1),-,-,-,-,-,-,-,-
UP-DNB InS,SC Service,Uttar Pradesh,"ShyamaPrasad (Civil), Lucknow",DNBGENERAL MEDICINE,"₹1,25,000","₹70,000*",0*,₹0*,401,37(1),38(1),-,-,-,-,-,-,-,-
UP-Govt Quota,EW,Uttar Pradesh,"SGPGI, Lucknow",RADIO DIAGNOSIS,"₹61,600*","₹1,11,780",2*,"₹40,00,000*",1609,38(1),39(1),-,-,-,-,-,-,-,-
UP-DNB InS,BC Service,Uttar Pradesh,"AutonomousStateMC,Rampur",DMRD(NBEMS),"₹1,25,000","₹80,000*",0*,₹0*,Info Not Available,38(1),39(1),-,-,-,-,-,-,-,-
UP-DNB InS,BC Service,Uttar Pradesh,"Autonomous State MC, Firozabad",DNBGENERAL MEDICINE,"₹1,25,000","₹80,000*",0*,₹0*,244,40(1),41(1),-,-,-,-,-,-,-,-
UP-DNB InS,BC Service,Uttar Pradesh,"Autonomous State MC, Firozabad",DMRD(NBEMS),-,-,-,-,244,41(1),-,-,-,-,-,-,-,-,-
UP-DNB InS,BC Service,Uttar Pradesh,"Govt IMS, Greater Noida",DNBGENERAL MEDICINE,-,-,-,-,300,19(1),42(1),-,-,-,-,-,-,-,-
UP-DNB InS,BC Service,Uttar Pradesh,"Balrampur Hospital, Lucknow",DNBGENERAL MEDICINE,"₹1,25,000","₹70,000*",0*,₹0*,656,10(1),43(1),-,-,-,-,-,-,-,-
UP-DNB InS,UR Service,Uttar Pradesh,"PL Sharma Dist Hosp, Meerut",DNBGENERAL MEDICINE,"₹1,25,000","₹70,000",0*,₹0*,250,6(1),44(1),-,-,-,-,-,-,-,-
UP-DNB InS,BC Service,Uttar Pradesh,"ShyamaPrasad (Civil), Lucknow",DNBTBRD,-,-,-,-,401,4(1),47(1),-,-,-,-,-,-,-,-
UP-DNB InS,BC Service,Uttar Pradesh,"UrsalaHorsmanMemHosp, Kanpur",DNBEMERGENCY MEDICINE,-,-,-,-,550,54(1),55(1),-,-,-,-,-,-,-,-
UP-DNB InS,UR Service,Uttar Pradesh,"MaharajaSuhelDevMed,Bahraich,UP",DGO(NBEMS),"₹1,25,000","₹80,000*",0*,₹0*,550,57(1),58(1),-,-,-,-,-,-,-,-
UP-DNB InS,UR Service,Uttar Pradesh,"Balrampur Hospital, Lucknow",DNBENT,-,-,-,-,656,52(1),59(1),-,-,-,-,-,-,-,-
UP-DNB InS,BC Service,Uttar Pradesh,"TejBahadurSapru Hosp,Allahabad",DCH(NBEMS),"₹1,25,000","₹70,000*",0*,₹0*,171,59(1),60(1),-,-,-,-,-,-,-,-
UP-DNB InS,BC Service,Uttar Pradesh,"Balrampur Hospital, Lucknow",DNBGENERAL SURGERY,"₹1,25,000","₹70,000*",0*,₹0*,656,61(1),49(1),-,-,-,-,-,-,-,-
UP-DNB InS,BC Service,Uttar Pradesh,"ShyamaPrasad (Civil), Lucknow",DNBPAEDIATRICS,"₹1,25,000","₹70,000",0*,₹0*,401,42(1),63(1),-,-,-,-,-,-,-,-
UP-DNB InS,SC Service,Uttar Pradesh,"TejBahadurSapru Hosp,Allahabad",DNBGENERAL MEDICINE,"₹1,25,000","₹70,000*",0*,₹0*,171,39(1),64(1),-,-,-,-,-,-,-,-
UP-DNB InS,UR Service,Uttar Pradesh,"MaharajaSuhelDevMed,Bahraich,UP",DCH(NBEMS),"₹1,25,000","₹80,000*",0*,₹0*,550,64(1),65(1),-,-,-,-,-,-,-,-
UP-DNB InS,UR Service,Uttar Pradesh,"UrsalaHorsmanMemHosp, Kanpur",DLO(NBEMS),"₹1,25,000","₹70,000",0*,₹0*,550,69(1),-,-,-,-,-,-,-,-,-
UP-DNB InS,BC Service,Uttar Pradesh,"TejBahadurSapru Hosp,Allahabad",DNBGENERAL SURGERY,-,-,-,-,171,55(1),70(1),-,-,-,-,-,-,-,-
UP-DNB InS,UR Service,Uttar Pradesh,"Rani DurgavatiMedColl,Banda,UP",DA(NBEMS),-,-,-,-,430,72(1),73(1),-,-,-,-,-,-,-,-
UP-DNB InS,BC Service,Uttar Pradesh,"UrsalaHorsmanMemHosp, Kanpur",DLO(NBEMS),"₹1,25,000","₹70,000",0*,₹0*,550,75(1),-,-,-,-,-,-,-,-,-
UP-DNB InS,BC Service,Uttar Pradesh,"Rani DurgavatiMedColl,Banda,UP",DCH(NBEMS),"₹1,25,000","₹80,000*",0*,₹0*,430,74(1),75(1),-,-,-,-,-,-,-,-
UP-DNB InS,BC Service,Uttar Pradesh,"Autonomous State MC, Ayodhya",DTBCD(NBEMS),"₹1,25,000","₹80,000*",0*,₹0*,300,45(1),76(1),-,-,-,-,-,-,-,-
UP-Govt Quota,BC,Uttar Pradesh,"S N Med Coll, Agra",RADIO DIAGNOSIS,"₹40,000","₹1,00,980*",2*,"₹40,00,000*",976,72(1),78(1),-,-,-,-,-,-,-,-
UP-DNB InS,BC Service,Uttar Pradesh,"VeeranganaAwantiBaiWom,Lucknow",DGO(NBEMS),"₹1,25,000","₹70,000",0*,₹0*,326,77(1),78(1),-,-,-,-,-,-,-,-
UP-DNB InS,SC Service,Uttar Pradesh,"Government Med Col, Azamgarh,UP",DGO(NBEMS),"₹1,25,000","₹80,000*",0*,₹0*,550,80(1),81(1),-,-,-,-,-,-,-,-
UP-Govt Quota,EW,Uttar Pradesh,"LLRM Med Coll, Meerut",RADIO DIAGNOSIS,"₹40,000","₹1,00,980*",2*,"₹40,00,000*",1090,82(1),83(1),-,-,-,-,-,-,-,-
UP-Govt Quota,EW,Uttar Pradesh,"S N Med Coll, Agra",DERMATOLOGY,"₹40,000","₹1,00,980*",2*,"₹40,00,000*",976,86(1),87(1),-,-,-,-,-,-,-,-
UP-DNB InS,SC Service,Uttar Pradesh,"Autonomous State MC, Ayodhya",DNBANAESTHESIOLOGY,-,-,-,-,300,88(1),89(1),-,-,-,-,-,-,-,-
UP-DNB InS,SC Service,Uttar Pradesh,"Autonomous State MC, Ayodhya",DNBGENERAL MEDICINE,-,-,-,-,300,89(1),90(1),-,-,-,-,-,-,-,-
UP-Govt Quota,BC,Uttar Pradesh,"MLN Med Coll, Allahabad",DERMATOLOGY,"₹40,000","₹1,00,980*",2*,"₹40,00,000*",Info Not Available,101(1),102(1),-,-,-,-,-,-,-,-
UP-Govt Quota,BC,Uttar Pradesh,"Dr RML IMS, Lucknow",GENERAL MEDICINE,"₹37,500*","₹1,08,672",2*,"₹40,00,000*",Info Not Available,65(1),115(1),-,-,-,-,-,-,-,-
UP-Govt Quota,BC,Uttar Pradesh,"MLB Med Coll, Jhansi",RADIO DIAGNOSIS,"₹40,000","₹1,00,980*",2*,"₹40,00,000*",700,74(1),127(1),-,-,-,-,-,-,-,-
UP-Govt Quota,EW,Uttar Pradesh,"LLRM Med Coll, Meerut",GENERAL MEDICINE,"₹40,000","₹1,00,980*",2*,"₹40,00,000*",1090,150(1),151(1),10(1),-,-,-,-,-,-,-
UP-Govt Quota,EW,Uttar Pradesh,"Shaik-ul-Hind, Saharanpur",GENERAL MEDICINE,"₹40,000","₹1,00,980*",2*,"₹40,00,000*",500,175(1),176(1),-,-,-,-,-,-,-,-
UP-Govt Quota,BC Service,Uttar Pradesh,"MLB Med Coll, Jhansi",DMRD,"₹40,000","₹1,00,980*",2*,"₹20,00,000*",700,245(1),247(1),-,-,-,-,-,-,-,-
UP-Govt Quota,UR,Uttar Pradesh,"Dr RML IMS, Lucknow",OBG,"₹37,500*","₹1,08,672",2*,"₹40,00,000*",Info Not Available,257(2),261(2),-,-,-,-,-,-,-,-
UP-Govt Quota,BC,Uttar Pradesh,"Super Spec Paediatric, Noida",PAEDIATRICS,"₹40,000","₹1,00,980*",2*,"₹40,00,000*",312,270(1),274(1),-,-,-,-,-,-,-,-
UP-Govt Quota,EW,Uttar Pradesh,"GSVM Med Coll, Kanpur",PAEDIATRICS,"₹40,000","₹1,00,980*",2*,"₹40,00,000*",2083,198(1),310(1),-,-,-,-,-,-,-,-
UP-Govt Quota,EW,Uttar Pradesh,"LLRM Med Coll, Meerut",PAEDIATRICS,"₹40,000","₹1,00,980*",2*,"₹40,00,000*",1090,288(1),338(1),-,42(1),-,-,-,-,-,-
UP-Govt Quota,SC,Uttar Pradesh,"BRD Med Coll, Gorakhpur",DERMATOLOGY,"₹40,000","₹1,00,980*",2*,"₹40,00,000*",1050,338(1),343(1),-,-,-,-,-,-,-,-
UP-Govt Quota,BC,Uttar Pradesh,"Dr RML IMS, Lucknow",ORTHOPAEDICS,"₹37,500*","₹1,08,672",2*,"₹40,00,000*",Info Not Available,355(1),360(1),-,-,-,-,-,-,-,-
UP-Govt Quota,EW,Uttar Pradesh,"LLRM Med Coll, Meerut",OBG,"₹40,000","₹1,00,980*",2*,"₹40,00,000*",1090,359(1),364(1),-,-,-,-,-,-,-,-
UP-Govt Quota,UR,Uttar Pradesh,"MLN Med Coll, Allahabad",ORTHOPAEDICS,"₹40,000","₹1,00,980*",2*,"₹40,00,000*",Info Not Available,346(3),370(3),55(1),-,9(1),-,-,-,-,-
UP-Govt Quota,EW,Uttar Pradesh,"MLN Med Coll, Allahabad",OBG,"₹40,000","₹1,00,980*",2*,"₹40,00,000*",Info Not Available,372(1),377(1),-,-,-,-,-,-,-,-
UP-Govt Quota,UR,Uttar Pradesh,"Shaik-ul-Hind, Saharanpur",PAEDIATRICS,"₹40,000","₹1,00,980*",2*,"₹40,00,000*",500,279(1),383(1),-,-,-,-,-,-,-,-
UP-Govt Quota,EW,Uttar Pradesh,"UP Univ of Med Sci, Etawah",PAEDIATRICS,"₹40,000","₹1,00,980*",2*,"₹40,00,000*",1268,305(1),392(1),71(1),47(1),-,-,-,-,-,-
UP-Govt Quota,UR,Uttar Pradesh,"KGMU, Lucknow",EMERGENCY MEDICINE,"₹54,700*","₹1,09,955",2*,"₹40,00,000*",4500,396(1),403(1),-,-,-,-,-,-,-,-
UP-Govt Quota,UR,Uttar Pradesh,"SGPGI, Lucknow",OPHTHALMOLOGY,"₹61,600*","₹1,11,780",2*,"₹40,00,000*",1609,373(1),423(1),-,-,-,-,-,-,-,-
UP-Govt Quota,EW,Uttar Pradesh,"MLB Med Coll, Jhansi",ORTHOPAEDICS,"₹40,000","₹1,00,980*",2*,"₹40,00,000*",700,439(1),448(1),-,-,-,-,-,-,-,-
UP-Govt Quota,EW,Uttar Pradesh,"BRD Med Coll, Gorakhpur",OBG,"₹40,000","₹1,00,980*",2*,"₹40,00,000*",1050,450(1),459(1),-,-,-,-,-,-,-,-
UP-Govt Quota,BC Service,Uttar Pradesh,"LLRM Med Coll, Meerut",DDVL,"₹40,000","₹1,00,980*",2*,"₹20,00,000*",1090,394(1),476(1),-,-,-,-,-,-,-,-
UP-Govt Quota,EW,Uttar Pradesh,"MLB Med Coll, Jhansi",DMRD,"₹40,000","₹1,00,980*",2*,"₹20,00,000*",700,515(1),542(1),-,-,-,-,-,-,-,-
UP-Govt Quota,UR,Uttar Pradesh,"SGPGI, Lucknow",RADIATION ONCOLOGY,"₹61,600*","₹1,11,780",2*,"₹40,00,000*",1609,537(1),553(1),-,-,-,-,-,-,-,-
UP-Govt Quota,UR,Uttar Pradesh,"MLN Med Coll, Allahabad",PSYCHIATRY,"₹40,000","₹1,00,980*",2*,"₹40,00,000*",Info Not Available,446(1),566(1),134(1),69(1),-,-,-,-,-,-
UP-Govt Quota,BC,Uttar Pradesh,"Shaik-ul-Hind, Saharanpur",ORTHOPAEDICS,"₹40,000","₹1,00,980*",2*,"₹40,00,000*",500,533(1),595(1),-,-,-,-,-,-,-,-
UP-Govt Quota,EW,Uttar Pradesh,"S N Med Coll, Agra",ORTHOPAEDICS,"₹40,000","₹1,00,980*",2*,"₹40,00,000*",976,530(1),636(1),-,-,-,-,-,-,-,-
UP-Govt Quota,BC,Uttar Pradesh,"SGPGI, Lucknow",NUCLEAR MEDICINE,"₹61,600*","₹1,11,780",2*,"₹40,00,000*",1609,618(1),637(1),-,-,-,-,-,-,-,-
UP-Govt Quota,EW,Uttar Pradesh,"Shaik-ul-Hind, Saharanpur",ORTHOPAEDICS,"₹40,000","₹1,00,980*",2*,"₹40,00,000*",500,553(1),639(1),-,-,-,-,-,-,-,-
UP-Govt Quota,EW,Uttar Pradesh,"Shaik-ul-Hind, Saharanpur",GENERAL SURGERY,"₹40,000","₹1,00,980*",2*,"₹40,00,000*",500,544(1),651(1),-,-,-,-,-,-,-,-
UP-Govt Quota,UR,Uttar Pradesh,"Rajkiya Med Coll, Jalaun",GENERAL SURGERY,"₹40,000","₹1,00,980*",2*,"₹40,00,000*",Info Not Available,470(1),682(1),-,-,-,-,-,-,-,-
UP-Govt Quota,UR,Uttar Pradesh,"BRD Med Coll, Gorakhpur",DCH,"₹40,000","₹1,00,980*",2*,"₹20,00,000*",1050,678(1),700(1),-,-,-,-,-,-,-,-
UP-Govt Quota,BC,Uttar Pradesh,"Rajkiya Med Coll, Jalaun",GENERAL SURGERY,"₹40,000","₹1,00,980*",2*,"₹40,00,000*",Info Not Available,625(1),766(1),-,-,-,-,-,-,-,-
UP-Govt Quota,UR,Uttar Pradesh,"GSVM Med Coll, Kanpur",DCH,"₹40,000","₹1,00,980*",2*,"₹20,00,000*",2083,742(1),769(1),-,-,-,-,-,-,-,-
UP-Govt Quota,UR,Uttar Pradesh,"BRD Med Coll, Gorakhpur",OPHTHALMOLOGY,"₹40,000","₹1,00,980*",2*,"₹40,00,000*",1050,474(1),779(1),-,-,-,-,-,-,-,-
UP-Govt Quota,UR,Uttar Pradesh,"S N Med Coll, Agra",DCH,"₹40,000","₹1,00,980*",2*,"₹20,00,000*",976,828(2),846(2),-,-,-,-,-,-,-,-
UP-Govt Quota,EW,Uttar Pradesh,"Dr RML IMS, Lucknow",EMERGENCY MEDICINE,"₹37,500*","₹1,08,672",2*,"₹40,00,000*",Info Not Available,687(1),875(1),-,-,-,-,-,-,-,-
UP-Govt Quota,UR,Uttar Pradesh,"S N Med Coll, Agra",ENT,"₹40,000","₹1,00,980*",2*,"₹40,00,000*",976,407(1),888(1),-,-,-,-,-,-,-,-
UP-Govt Quota,UR,Uttar Pradesh,"BRD Med Coll, Gorakhpur",DORTHO,"₹40,000","₹1,00,980*",2*,"₹20,00,000*",1050,863(1),895(1),-,-,-,-,-,-,-,-
UP-Govt Quota,UR,Uttar Pradesh,"BRD Med Coll, Gorakhpur",DGO,"₹40,000","₹1,00,980*",2*,"₹20,00,000*",1050,878(1),910(1),-,-,-,-,-,-,-,-
UP-Govt Quota,SC,Uttar Pradesh,"Shaik-ul-Hind, Saharanpur",OBG,"₹40,000","₹1,00,980*",2*,"₹40,00,000*",500,912(1),950(1),-,-,-,-,-,-,-,-
UP-Govt Quota,SC,Uttar Pradesh,"Dr RML IMS, Lucknow",PAEDIATRICS,"₹37,500*","₹1,08,672",2*,"₹40,00,000*",Info Not Available,664(1),969(1),-,-,-,-,-,-,-,-
UP-Govt Quota,SC,Uttar Pradesh,"LLRM Med Coll, Meerut",ORTHOPAEDICS,"₹40,000","₹1,00,980*",2*,"₹40,00,000*",1090,936(1),975(1),-,-,-,-,-,-,-,-
UP-Govt Quota,EW,Uttar Pradesh,"MLB Med Coll, Jhansi",DCH,"₹40,000","₹1,00,980*",2*,"₹20,00,000*",700,881(1),976(1),-,-,-,-,-,-,-,-
UP-Govt Quota,EW,Uttar Pradesh,"UP Univ of Med Sci, Etawah",OPHTHALMOLOGY,"₹40,000","₹1,00,980*",2*,"₹40,00,000*",1268,826(1),978(1),-,-,-,-,-,-,-,-
UP-Govt Quota,BC,Uttar Pradesh,"KGMU, Lucknow",OPHTHALMOLOGY,"₹54,700*","₹1,09,955",2*,"₹40,00,000*",4500,759(1),994(1),-,-,-,-,-,-,-,-
UP-Govt Quota,BC,Uttar Pradesh,"MLB Med Coll, Jhansi",ENT,"₹40,000","₹1,00,980*",2*,"₹40,00,000*",700,806(1),995(1),-,-,-,-,-,-,-,-
UP-Govt Quota,UR,Uttar Pradesh,"Rajkiya Med Coll, Jalaun",ANATOMY,"₹40,000","₹1,00,980*",2*,"₹40,00,000*",Info Not Available,-,-,-,-,1045(1),-,-,-,-,-
UP-Govt Quota,UR,Uttar Pradesh,"S N Med Coll, Agra",DORTHO,"₹40,000","₹1,00,980*",2*,"₹20,00,000*",976,738(1),1046(1),194(1),151(1),-,-,-,-,-,-
UP-Govt Quota,BC,Uttar Pradesh,"BRD Med Coll, Gorakhpur",OPHTHALMOLOGY,"₹40,000","₹1,00,980*",2*,"₹40,00,000*",1050,1032(1),1083(1),-,-,-,-,-,-,-,-
UP-Govt Quota,SC Service,Uttar Pradesh,"MLB Med Coll, Jhansi",DCH,"₹40,000","₹1,00,980*",2*,"₹20,00,000*",700,-,-,1184(1),-,-,-,-,-,-,-
UP Priv-Open Quota,UR,Uttar Pradesh,"Rohilkhand Med Coll, Bareilly",ANATOMY,"₹50,000*","₹24,000*",0,₹0,720,-,-,-,-,1204(1),-,-,-,-,-
UP-Govt Quota,SC,Uttar Pradesh,"BRD Med Coll, Gorakhpur",ORTHOPAEDICS,"₹40,000","₹1,00,980*",2*,"₹40,00,000*",1050,1151(1),1211(1),-,-,-,-,-,-,-,-
UP-Govt Quota,BC Service,Uttar Pradesh,"S N Med Coll, Agra",DCH,"₹40,000","₹1,00,980*",2*,"₹20,00,000*",976,1157(1),1217(1),-,-,-,-,-,-,-,-
UP-Govt Quota,SC,Uttar Pradesh,"UP Univ of Med Sci, Etawah",OBG,"₹40,000","₹1,00,980*",2*,"₹40,00,000*",1268,1125(1),1229(1),-,-,-,-,-,-,-,-
UP-Govt Quota,SC,Uttar Pradesh,"UP Univ of Med Sci, Etawah",ORTHOPAEDICS,"₹40,000","₹1,00,980*",2*,"₹40,00,000*",1268,1020(1),1287(1),-,-,-,-,-,-,-,-
UP-Govt Quota,BC,Uttar Pradesh,"UP Univ of Med Sci, Etawah",PHARMACOLOGY,"₹40,000","₹1,00,980*",2*,"₹40,00,000*",1268,-,-,1331(1),-,-,-,-,-,-,-
UP-Govt Quota,UR,Uttar Pradesh,"MLN Med Coll, Allahabad",MICROBIOLOGY,"₹40,000","₹1,00,980*",2*,"₹40,00,000*",Info Not Available,-,-,1332(1),716(1),-,-,-,-,-,-
UP-Govt Quota,SC,Uttar Pradesh,"KGMU, Lucknow",EMERGENCY MEDICINE,"₹54,700*","₹1,09,955",2*,"₹40,00,000*",4500,1297(1),1371(1),-,-,-,-,-,-,-,-
UP-Govt Quota,EW,Uttar Pradesh,"MLN Med Coll, Allahabad",ANAESTHESIOLOGY,"₹40,000","₹1,00,980*",2*,"₹40,00,000*",Info Not Available,1238(1),1540(1),-,-,-,-,-,-,-,-
UP-Govt Quota,BC,Uttar Pradesh,"SGPGI, Lucknow",PATHOLOGY,"₹61,600*","₹1,11,780",2*,"₹40,00,000*",1609,1483(1),1574(1),-,-,-,-,-,-,-,-
UP-Govt Quota,SC,Uttar Pradesh,"LLRM Med Coll, Meerut",PSYCHIATRY,"₹40,000","₹1,00,980*",2*,"₹40,00,000*",1090,1497(1),1589(1),-,232(1),-,-,-,-,-,-
UP-Govt Quota,BC Service,Uttar Pradesh,"MLB Med Coll, Jhansi",DA,"₹40,000","₹1,00,980*",2*,"₹20,00,000*",700,1535(1),1630(1),-,-,-,-,-,-,-,-
UP-Govt Quota,EW,Uttar Pradesh,"GSVM Med Coll, Kanpur",ANAESTHESIOLOGY,"₹40,000","₹1,00,980*",2*,"₹40,00,000*",2083,1079(1),1633(1),-,-,-,-,-,-,-,-
UP-Govt Quota,BC,Uttar Pradesh,"SGPGI, Lucknow",RADIATION ONCOLOGY,"₹61,600*","₹1,11,780",2*,"₹40,00,000*",1609,1544(1),1639(1),-,-,-,-,-,-,-,-
UP-Govt Quota,SC,Uttar Pradesh,"S N Med Coll, Agra",TBRD,"₹40,000","₹1,00,980*",2*,"₹40,00,000*",976,1237(1),1668(1),-,-,-,-,-,-,-,-
UP-Govt Quota,SC,Uttar Pradesh,"GSVM Med Coll, Kanpur",OPHTHALMOLOGY,"₹40,000","₹1,00,980*",2*,"₹40,00,000*",2083,1485(1),1683(1),-,-,-,-,-,-,-,-
UP-Govt Quota,BC Service,Uttar Pradesh,"LLRM Med Coll, Meerut",DCH,"₹40,000","₹1,00,980*",2*,"₹20,00,000*",1090,933(1),1704(1),-,-,-,-,-,-,-,-
UP-Govt Quota,SC,Uttar Pradesh,"Dr RML IMS, Lucknow",ENT,"₹37,500*","₹1,08,672",2*,"₹40,00,000*",Info Not Available,1386(1),1712(1),-,-,-,-,-,-,-,-
UP-Govt Quota,SC Service,Uttar Pradesh,"LLRM Med Coll, Meerut",DMRD,"₹40,000","₹1,00,980*",2*,"₹20,00,000*",1090,1621(1),1720(1),-,-,-,-,-,-,-,-
UP Priv-Open Quota,UR,Uttar Pradesh,"Subharti Med Coll, Meerut",ANATOMY,₹0*,"₹30,000*",2*,Info not available*,938,-,-,-,1737(1),-,-,-,-,-,-
UP Priv-Min. Quota,UR,Uttar Pradesh,"IIMSR, Lucknow",PSYCHIATRY,"₹25,00,000*","₹40,800",0,₹0,540,-,-,1795(1),-,-,-,-,-,-,-
UP-Govt Quota,UR-PH,Uttar Pradesh,"MLN Med Coll, Allahabad",GENERAL MEDICINE,"₹40,000","₹1,00,980*",2*,"₹40,00,000*",Info Not Available,-,-,1799(1),-,-,-,-,-,-,-
UP-Govt Quota,SC,Uttar Pradesh,"KGMU, Lucknow",TRAUMATOLOGY AND SURGERY,"₹54,700*","₹1,09,955",2*,"₹40,00,000*",4500,1480(1),1888(1),-,-,-,-,-,-,-,-
UP-Govt Quota,BC Service,Uttar Pradesh,"BRD Med Coll, Gorakhpur",DGO,"₹40,000","₹1,00,980*",2*,"₹20,00,000*",1050,1893(2),1052(1),859(1),284(1),-,-,-,-,-,-
UP Priv-Open Quota,UR,Uttar Pradesh,Muzaffarnagar Medical College,ANATOMY,"₹8,93,521*","₹56,100*",1*,₹0*,857,-,-,-,1901(1),-,-,-,-,-,-
UP-Govt Quota,SC,Uttar Pradesh,"MLB Med Coll, Jhansi",OPHTHALMOLOGY,"₹40,000","₹1,00,980*",2*,"₹40,00,000*",700,1530(1),1970(1),-,-,-,-,-,-,-,-
UP-Govt Quota,BC,Uttar Pradesh,"BRD Med Coll, Gorakhpur",PHARMACOLOGY,"₹40,000","₹1,00,980*",2*,"₹40,00,000*",1050,-,-,1977(1),-,-,-,-,-,-,-
UP-Govt Quota,SC Service,Uttar Pradesh,"BRD Med Coll, Gorakhpur",DCH,"₹40,000","₹1,00,980*",2*,"₹20,00,000*",1050,1892(1),2020(1),-,-,-,-,-,-,-,-
UP-Govt Quota,ST,Uttar Pradesh,"Shaik-ul-Hind, Saharanpur",DERMATOLOGY,"₹40,000","₹1,00,980*",2*,"₹40,00,000*",500,1910(1),2039(1),-,-,-,-,-,-,-,-
UP-Govt Quota,SC,Uttar Pradesh,"Dr RML IMS, Lucknow",PATHOLOGY,"₹37,500*","₹1,08,672",2*,"₹40,00,000*",Info Not Available,1936(1),2068(1),-,-,-,-,-,-,-,-
UP-Govt Quota,UR,Uttar Pradesh,"GSVM Med Coll, Kanpur",DA,"₹40,000","₹1,00,980*",2*,"₹20,00,000*",2083,1549(1),2084(1),393(1),-,-,-,-,-,-,-
UP-Govt Quota,BC-PH,Uttar Pradesh,"MLN Med Coll, Allahabad",PAEDIATRICS,"₹40,000","₹1,00,980*",2*,"₹40,00,000*",Info Not Available,-,-,2093(1),973(1),-,-,-,-,-,-
UP-Govt Quota,BC,Uttar Pradesh,"LLRM Med Coll, Meerut",PHARMACOLOGY,"₹40,000","₹1,00,980*",2*,"₹40,00,000*",1090,-,-,2112(2),1371(1),-,-,-,-,-,-
UP Priv-Open Quota,UR,Uttar Pradesh,"Mayo IMS, Barabanki",BIOCHEMISTRY,"₹5,00,000*","₹14,000*",0*,₹0*,736,-,-,-,2175(1),-,-,-,-,-,-
UP-Govt Quota,BC,Uttar Pradesh,"S N Med Coll, Agra",RADIATION ONCOLOGY,"₹40,000","₹1,00,980*",2*,"₹40,00,000*",976,1970(1),2181(1),-,-,-,-,-,-,-,-
UP-Govt Quota,UR,Uttar Pradesh,"S N Med Coll, Agra",DLO,"₹40,000","₹1,00,980*",2*,"₹20,00,000*",976,1465(1),2184(1),-,-,-,-,-,-,-,-
UP-Govt Quota,BC-PH,Uttar Pradesh,"MLB Med Coll, Jhansi",TBRD,"₹40,000","₹1,00,980*",2*,"₹40,00,000*",700,-,-,2197(1),-,-,-,-,-,-,-
UP-Govt Quota,EW,Uttar Pradesh,"MLN Med Coll, Allahabad",IHBT,"₹40,000","₹1,00,980*",2*,"₹40,00,000*",Info Not Available,-,-,2202(1),-,-,-,-,-,-,-
UP-Govt Quota,SC,Uttar Pradesh,"UP Univ of Med Sci, Etawah",ANAESTHESIOLOGY,"₹40,000","₹1,00,980*",2*,"₹40,00,000*",1268,1862(1),2217(1),567(1),238(1),-,-,-,-,-,-
UP-Govt Quota,UR,Uttar Pradesh,"KGMU, Lucknow",IHBT,"₹54,700*","₹1,09,955",2*,"₹40,00,000*",4500,1709(1),2244(1),539(1),-,-,-,-,-,-,-
UP-Govt Quota,UR,Uttar Pradesh,"Govt Med Coll, Kannauj",PHYSIOLOGY,"₹40,000","₹1,00,980*",2*,"₹40,00,000*",470,-,-,2259(1),-,-,-,-,-,-,-
UP-Govt Quota,SC Service,Uttar Pradesh,"LLRM Med Coll, Meerut",DORTHO,"₹40,000","₹1,00,980*",2*,"₹20,00,000*",1090,2126(1),2274(1),-,-,-,-,-,-,-,-
UP-Govt Quota,BC,Uttar Pradesh,"Shaik-ul-Hind, Saharanpur",PHARMACOLOGY,"₹40,000","₹1,00,980*",2*,"₹40,00,000*",500,-,-,2280(1),-,-,-,-,-,-,-
UP-Govt Quota,UR,Uttar Pradesh,"SGPGI, Lucknow",IHBT,"₹61,600*","₹1,11,780",2*,"₹40,00,000*",1609,1430(1),2284(1),-,-,-,-,-,-,-,-
UP-Govt Quota,BC-PH,Uttar Pradesh,"S N Med Coll, Agra",PATHOLOGY,"₹40,000","₹1,00,980*",2*,"₹40,00,000*",976,-,-,2410(1),-,-,-,-,-,-,-
UP-Govt Quota,BC,Uttar Pradesh,"Dr RML IMS, Lucknow",PHYSIOLOGY,"₹37,500*","₹1,08,672",2*,"₹40,00,000*",Info Not Available,-,-,2416(1),-,-,-,-,-,-,-
UP-Govt Quota,SC,Uttar Pradesh,"LLRM Med Coll, Meerut",PATHOLOGY,"₹40,000","₹1,00,980*",2*,"₹40,00,000*",1090,2306(1),2476(1),740(1),-,-,-,-,-,-,-
UP-Govt Quota,BC,Uttar Pradesh,"Govt Allopathic Med Coll,Banda",PHYSIOLOGY,"₹40,000","₹1,00,980*",2*,"₹40,00,000*",430,-,-,2521(1),-,-,-,-,-,-,-
UP-Govt Quota,SC,Uttar Pradesh,"Dr RML IMS, Lucknow",ANATOMY,"₹37,500*","₹1,08,672",2*,"₹40,00,000*",Info Not Available,-,-,2539(1),1254(1),-,-,-,-,-,-
UP-Govt Quota,UR-PH,Uttar Pradesh,"IMHH, Agra",PSYCHIATRY,"₹40,000","₹1,00,980*",2*,"₹40,00,000*",718,-,-,2592(1),-,-,-,-,-,-,-
UP-Govt Quota,EW,Uttar Pradesh,"Dr RML IMS, Lucknow",PATHOLOGY,"₹37,500*","₹1,08,672",2*,"₹40,00,000*",Info Not Available,2421(1),2604(1),-,-,-,-,-,-,-,-
UP-Govt Quota,BC-PH,Uttar Pradesh,"MLN Med Coll, Allahabad",OPHTHALMOLOGY,"₹40,000","₹1,00,980*",2*,"₹40,00,000*",Info Not Available,-,-,2628(1),-,-,-,-,-,-,-
UP-Govt Quota,EW,Uttar Pradesh,"UP Univ of Med Sci, Etawah",ANAESTHESIOLOGY,"₹40,000","₹1,00,980*",2*,"₹40,00,000*",1268,1255(1),2736(1),486(1),121(1),44(1),-,-,-,-,-
UP-Govt Quota,EW,Uttar Pradesh,"Dr RML IMS, Lucknow",ANATOMY,"₹37,500*","₹1,08,672",2*,"₹40,00,000*",Info Not Available,-,-,2756(1),-,-,-,-,-,-,-
UP-Govt Quota,SC,Uttar Pradesh,"MLN Med Coll, Allahabad",PHYSIOLOGY,"₹40,000","₹1,00,980*",2*,"₹40,00,000*",Info Not Available,-,-,2764(1),1443(1),-,-,-,-,-,-
UP-Govt Quota,UR,Uttar Pradesh,"SGPGI, Lucknow",MICROBIOLOGY,"₹61,600*","₹1,11,780",2*,"₹40,00,000*",1609,2326(1),2777(1),860(1),-,-,-,-,-,-,-
UP-Govt Quota,SC,Uttar Pradesh,"Dr RML IMS, Lucknow",RADIATION ONCOLOGY,"₹37,500*","₹1,08,672",2*,"₹40,00,000*",Info Not Available,2602(1),2802(1),-,-,-,-,-,-,-,-
UP-Govt Quota,EW,Uttar Pradesh,"KGMU, Lucknow",RADIATION ONCOLOGY,"₹54,700*","₹1,09,955",2*,"₹40,00,000*",4500,1226(1),2804(1),-,-,-,-,-,-,-,-
UP-Govt Quota,UR,Uttar Pradesh,"Dr RML IMS, Lucknow",SPM,"₹37,500*","₹1,08,672",2*,"₹40,00,000*",Info Not Available,1845(1),2839(1),-,-,-,-,-,-,-,-
UP-Govt Quota,SC,Uttar Pradesh,"KGMU, Lucknow",IHBT,"₹54,700*","₹1,09,955",2*,"₹40,00,000*",4500,2655(1),2865(1),-,-,-,-,-,-,-,-
UP-Govt Quota,SC,Uttar Pradesh,"GSVM Med Coll, Kanpur",PHYSIOLOGY,"₹40,000","₹1,00,980*",2*,"₹40,00,000*",2083,-,-,2914(1),961(1),-,-,-,-,-,-
UP-Govt Quota,UR-PH,Uttar Pradesh,"LLRM Med Coll, Meerut",PAEDIATRICS,"₹40,000","₹1,00,980*",2*,"₹40,00,000*",1090,-,-,2918(1),-,-,-,-,-,-,-
UP-Govt Quota,ST,Uttar Pradesh,"GSVM Med Coll, Kanpur",OBG,"₹40,000","₹1,00,980*",2*,"₹40,00,000*",2083,2704(1),2918(1),-,-,-,-,-,-,-,-
UP-Govt Quota,ST,Uttar Pradesh,"MLN Med Coll, Allahabad",GENERAL MEDICINE,"₹40,000","₹1,00,980*",2*,"₹40,00,000*",Info Not Available,2712(1),2926(1),-,-,-,-,-,-,-,-
UP-Govt Quota,EW,Uttar Pradesh,"UP Univ of Med Sci, Etawah",MICROBIOLOGY,"₹40,000","₹1,00,980*",2*,"₹40,00,000*",1268,-,-,2931(1),-,-,-,-,-,-,-
UP-Govt Quota,BC,Uttar Pradesh,"LLRM Med Coll, Meerut",PHYSIOLOGY,"₹40,000","₹1,00,980*",2*,"₹40,00,000*",1090,-,-,2934(1),-,-,-,-,-,-,-
UP-Govt Quota,ST,Uttar Pradesh,"LLRM Med Coll, Meerut",PAEDIATRICS,"₹40,000","₹1,00,980*",2*,"₹40,00,000*",1090,2747(1),2961(1),-,-,-,-,-,-,-,-
UP Priv-Min. Quota,UR,Uttar Pradesh,"Era Lucknow Med Coll, Lucknow",SPM,"₹6,00,000*",₹0*,0,₹0,850,-,-,2969(1),-,-,-,-,-,-,-
UP-Govt Quota,ST,Uttar Pradesh,"GSVM Med Coll, Kanpur",GENERAL MEDICINE,"₹40,000","₹1,00,980*",2*,"₹40,00,000*",2083,2814(1),3035(1),-,-,-,-,-,-,-,-
UP-Govt Quota,SC,Uttar Pradesh,"BRD Med Coll, Gorakhpur",PHYSIOLOGY,"₹40,000","₹1,00,980*",2*,"₹40,00,000*",1050,-,-,3037(1),1409(1),-,-,-,-,-,-
UP-Govt Quota,ST,Uttar Pradesh,"UP Univ of Med Sci, Etawah",OBG,"₹40,000","₹1,00,980*",2*,"₹40,00,000*",1268,2824(1),3047(1),-,-,-,-,-,-,-,-
UP-Govt Quota,EW,Uttar Pradesh,"LLRM Med Coll, Meerut",PATHOLOGY,"₹40,000","₹1,00,980*",2*,"₹40,00,000*",1090,2886(1),3118(1),-,-,-,-,-,-,-,-
UP-Govt Quota,ST,Uttar Pradesh,"KGMU, Lucknow",ORTHOPAEDICS,"₹54,700*","₹1,09,955",2*,"₹40,00,000*",4500,3126(1),3385(1),-,-,-,-,-,-,-,-
UP-Govt Quota,ST,Uttar Pradesh,"GSVM Med Coll, Kanpur",TBRD,"₹40,000","₹1,00,980*",2*,"₹40,00,000*",2083,3166(1),3426(1),-,-,-,-,-,-,-,-
UP Priv-Open Quota,UR,Uttar Pradesh,"Saraswati IMS, Hapur",PHYSIOLOGY,"₹10,000*","₹25,000*",0,₹0,851,-,-,3537(1),-,-,-,-,-,-,-
UP-Govt Quota,SC,Uttar Pradesh,"MLN Med Coll, Allahabad",ANATOMY,"₹40,000","₹1,00,980*",2*,"₹40,00,000*",Info Not Available,-,-,3571(1),-,-,-,-,-,-,-
UP Priv-Open Quota,UR,Uttar Pradesh,"Era Lucknow Med Coll, Lucknow",PHYSIOLOGY,"₹6,00,000*",₹0*,0,₹0,850,-,-,3614(1),-,-,-,-,-,-,-
UP-Govt Quota,SC-PH,Uttar Pradesh,"S N Med Coll, Agra",GENERAL MEDICINE,"₹40,000","₹1,00,980*",2*,"₹40,00,000*",976,-,-,3657(1),-,-,-,-,-,-,-
UP-Govt Quota,EW-PH,Uttar Pradesh,"MLN Med Coll, Allahabad",GENERAL MEDICINE,"₹40,000","₹1,00,980*",2*,"₹40,00,000*",Info Not Available,-,3677(1),-,-,-,-,-,-,-,-
UP-Govt Quota,ST,Uttar Pradesh,"IMHH, Agra",PSYCHIATRY,"₹40,000","₹1,00,980*",2*,"₹40,00,000*",718,3421(1),3708(1),-,-,-,-,-,-,-,-
UP-Govt Quota,BC,Uttar Pradesh,"LLRM Med Coll, Meerut",ANATOMY,"₹40,000","₹1,00,980*",2*,"₹40,00,000*",1090,-,-,3754(1),-,-,-,-,-,-,-
UP-Govt Quota,ST,Uttar Pradesh,"Dr RML IMS, Lucknow",ANAESTHESIOLOGY,"₹37,500*","₹1,08,672",2*,"₹40,00,000*",Info Not Available,3466(1),3758(1),-,-,-,-,-,-,-,-
UP-Govt Quota,UR-PH,Uttar Pradesh,"KGMU, Lucknow",PATHOLOGY,"₹54,700*","₹1,09,955",2*,"₹40,00,000*",4500,-,-,3804(1),-,-,-,-,-,-,-
UP Priv-Min. Quota,UR,Uttar Pradesh,"IIMSR, Lucknow",SPM,"₹6,00,000*",Info not available*,0,₹0,540,-,-,3847(2),1922(1),-,-,-,-,-,-
UP Priv-Min. Quota,UR,Uttar Pradesh,"Era Lucknow Med Coll, Lucknow",PHYSIOLOGY,"₹6,00,000*",₹0*,0,₹0,850,-,-,3878(1),-,-,-,-,-,-,-
UP Priv-Open Quota,UR,Uttar Pradesh,"Teerthanker Med Coll,Moradabad",ANATOMY,"₹10,000*",Info not available*,0,₹0,1000,-,-,3925(1),-,-,-,-,-,-,-
UP-Govt Quota,EW,Uttar Pradesh,"S N Med Coll, Agra",PHARMACOLOGY,"₹40,000","₹1,00,980*",2*,"₹40,00,000*",976,3646(1),3957(1),-,-,-,-,-,-,-,-
UP-Govt Quota,ST,Uttar Pradesh,"MLB Med Coll, Jhansi",GENERAL SURGERY,"₹40,000","₹1,00,980*",2*,"₹40,00,000*",700,3663(1),3974(1),-,-,-,-,-,-,-,-
UP-Govt Quota,ST,Uttar Pradesh,"Govt Allopathic Med Coll,Banda",ANATOMY,"₹40,000","₹1,00,980*",2*,"₹40,00,000*",430,-,-,3984(1),-,-,-,-,-,-,-
UP Priv-Open Quota,UR,Uttar Pradesh,"Saraswati IMS, Hapur",ANATOMY,"₹10,000*","₹25,000*",0,₹0,851,-,-,4051(1),-,-,-,-,-,-,-
UP Priv-Min. Quota,UR,Uttar Pradesh,"Career Instt of MS, Lucknow",PHARMACOLOGY,"₹1,00,000*",Info not available*,0,₹0,600,-,-,4068(2),-,-,-,-,-,-,-
UP-Govt Quota,BC,Uttar Pradesh,"GSVM Med Coll, Kanpur",FORENSIC MEDICINE,"₹40,000","₹1,00,980*",2*,"₹40,00,000*",2083,3792(1),4111(1),-,-,-,-,-,-,-,-
UP Priv-Min. Quota,UR,Uttar Pradesh,"Era Lucknow Med Coll, Lucknow",PHARMACOLOGY,"₹6,00,000*",₹0*,0,₹0,850,-,-,4152(2),-,-,-,-,-,-,-
UP-Govt Quota,ST,Uttar Pradesh,"KGMU, Lucknow",PATHOLOGY,"₹54,700*","₹1,09,955",2*,"₹40,00,000*",4500,3933(1),4269(1),-,-,-,-,-,-,-,-
UP Priv-Min. Quota,UR,Uttar Pradesh,"Teerthanker Med Coll,Moradabad",SPM,"₹10,000*",Info not available*,0,₹0,1000,-,-,4276(1),-,-,-,-,-,-,-
UP Priv-Open Quota,UR,Uttar Pradesh,"Era Lucknow Med Coll, Lucknow",ANATOMY,"₹6,00,000*",₹0*,0,₹0,850,-,-,4278(2),1805(1),-,-,-,-,-,-
UP-Govt Quota,UR,Uttar Pradesh,"MLN Med Coll, Allahabad",FORENSIC MEDICINE,"₹40,000","₹1,00,980*",2*,"₹40,00,000*",Info Not Available,3968(2),4309(2),943(1),218(1),117(1),-,-,-,-,-
UP Priv-Min. Quota,UR,Uttar Pradesh,"Era Lucknow Med Coll, Lucknow",MICROBIOLOGY,"₹6,00,000*",₹0*,0,₹0,850,-,-,4353(1),-,-,-,-,-,-,-
UP-Govt Quota,UR-PH,Uttar Pradesh,"GSVM Med Coll, Kanpur",TBRD,"₹40,000","₹1,00,980*",2*,"₹40,00,000*",2083,4362(1),-,-,-,-,-,-,-,-,-
UP-Govt Quota,ST,Uttar Pradesh,"KGMU, Lucknow",EMERGENCY MEDICINE,"₹54,700*","₹1,09,955",2*,"₹40,00,000*",4500,4019(1),4362(1),-,-,-,-,-,-,-,-
UP Priv-Min. Quota,UR,Uttar Pradesh,"Career Instt of MS, Lucknow",PHYSIOLOGY,"₹1,00,000*",Info not available*,0,₹0,600,-,-,4362(2),1831(1),-,-,-,-,-,-
UP Priv-Min. Quota,UR,Uttar Pradesh,"IIMSR, Lucknow",MICROBIOLOGY,"₹6,00,000*",Info not available*,0,₹0,540,-,-,4457(2),-,-,-,-,-,-,-
UP-Govt Quota,UR,Uttar Pradesh,"Rajkiya Med Coll, Jalaun",SPM,"₹40,000","₹1,00,980*",2*,"₹40,00,000*",Info Not Available,3355(1),4467(1),-,-,-,-,-,-,-,-
UP-Govt Quota,SC-PH,Uttar Pradesh,"BRD Med Coll, Gorakhpur",PAEDIATRICS,"₹40,000","₹1,00,980*",2*,"₹40,00,000*",1050,-,-,4479(1),-,-,-,-,-,-,-
UP-Govt Quota,UR,Uttar Pradesh,"LLRM Med Coll, Meerut",MICROBIOLOGY,"₹40,000","₹1,00,980*",2*,"₹40,00,000*",1090,4124(1),4480(1),-,-,-,-,-,-,-,-
UP-Govt Quota,UR,Uttar Pradesh,"MLB Med Coll, Jhansi",PHARMACOLOGY,"₹40,000","₹1,00,980*",2*,"₹40,00,000*",700,4150(1),4509(1),-,-,-,-,-,-,-,-
UP-Govt Quota,BC,Uttar Pradesh,"MLN Med Coll, Allahabad",FORENSIC MEDICINE,"₹40,000","₹1,00,980*",2*,"₹40,00,000*",Info Not Available,4153(1),4513(1),-,-,-,-,-,-,-,-
UP-Govt Quota,SC-PH,Uttar Pradesh,"UP Univ of Med Sci, Etawah",MICROBIOLOGY,"₹40,000","₹1,00,980*",2*,"₹40,00,000*",1268,-,-,4536(1),1817(1),-,-,-,-,-,-
UP-Govt Quota,BC-PH,Uttar Pradesh,"BRD Med Coll, Gorakhpur",OBG,"₹40,000","₹1,00,980*",2*,"₹40,00,000*",1050,4179(1),4541(1),-,-,-,-,-,-,-,-
UP Priv-Min. Quota,UR,Uttar Pradesh,"FH Med Coll, Agra",MICROBIOLOGY,"₹10,000*","₹45,000",0,₹0,932,-,-,4563(1),2056(1),-,-,-,-,-,-
UP Priv-Open Quota,UR,Uttar Pradesh,"Teerthanker Med Coll,Moradabad",PHYSIOLOGY,"₹10,000*",Info not available*,0,₹0,1000,-,-,4568(2),-,-,-,-,-,-,-
UP Priv-Open Quota,UR,Uttar Pradesh,Muzaffarnagar Medical College,PHYSIOLOGY,"₹8,93,521*","₹56,100*",1*,₹0*,857,-,-,4573(2),2118(1),-,-,-,-,-,-
UP-Govt Quota,UR,Uttar Pradesh,"GSVM Med Coll, Kanpur",PHARMACOLOGY,"₹40,000","₹1,00,980*",2*,"₹40,00,000*",2083,4573(1),3063(1),-,-,-,-,-,-,-,-
UP Priv-Open Quota,UR,Uttar Pradesh,"Rohilkhand Med Coll, Bareilly",PHYSIOLOGY,"₹50,000*","₹24,000*",0,₹0,720,-,-,4585(2),2145(1),-,-,-,-,-,-
UP Priv-Open Quota,UR,Uttar Pradesh,"Mayo IMS, Barabanki",PHYSIOLOGY,"₹5,00,000*","₹14,000*",0*,₹0*,736,4133(1),-,4593(3),2048(1),-,-,-,-,-,-
UP Priv-Open Quota,UR,Uttar Pradesh,"SRMS IMS, Bareilly",PHYSIOLOGY,"₹36,000*","₹32,000*",1*,₹0*,950,-,-,4598(3),2183(1),-,-,-,-,-,-
UP-Govt Quota,EW,Uttar Pradesh,"UP Univ of Med Sci, Etawah",SPM,"₹40,000","₹1,00,980*",2*,"₹40,00,000*",1268,4233(1),4598(1),-,-,-,-,-,-,-,-
UP Priv-Open Quota,UR,Uttar Pradesh,"United InstofMed Sci,Allahabad",PHYSIOLOGY,"₹8,74,840*",Info not available,0,₹0,-,-,-,4622(2),-,-,-,-,-,-,-
UP-Govt Quota,UR-PH,Uttar Pradesh,"GSVM Med Coll, Kanpur",GENERAL MEDICINE,"₹40,000","₹1,00,980*",2*,"₹40,00,000*",2083,-,4658(1),-,-,-,-,-,-,-,-
UP Priv-Open Quota,UR,Uttar Pradesh,"SRMS IMS, Bareilly",ANATOMY,"₹36,000*","₹32,000*",1*,₹0*,950,4292(1),4670(1),4237(1),2155(1),-,-,-,-,-,-
UP-Govt Quota,SC,Uttar Pradesh,"S N Med Coll, Agra",MICROBIOLOGY,"₹40,000","₹1,00,980*",2*,"₹40,00,000*",976,4302(1),4680(1),-,-,-,-,-,-,-,-
UP Priv-Open Quota,UR,Uttar Pradesh,"Rohilkhand Med Coll, Bareilly",BIOCHEMISTRY,"₹50,000*","₹24,000*",0,₹0,720,-,-,4702(2),-,-,-,-,-,-,-
UP Priv-Min. Quota,UR,Uttar Pradesh,"Career Instt of MS, Lucknow",MICROBIOLOGY,"₹1,00,000*",Info not available*,0,₹0,600,-,-,4703(2),-,-,-,-,-,-,-
UP Priv-Open Quota,UR,Uttar Pradesh,"IIMSR, Lucknow",ENT,"₹22,00,000*","₹40,800",0,₹0,540,4323(1),4704(1),-,-,-,-,-,-,-,-
UP Priv-Open Quota,UR,Uttar Pradesh,"Mayo IMS, Barabanki",MICROBIOLOGY,"₹5,00,000*","₹14,000*",0*,₹0*,736,-,-,4733(3),-,-,-,-,-,-,-
UP-Govt Quota,UR-PH,Uttar Pradesh,"BRD Med Coll, Gorakhpur",DERMATOLOGY,"₹40,000","₹1,00,980*",2*,"₹40,00,000*",1050,4283(1),4747(1),-,-,-,-,-,-,-,-
UP-Govt Quota,BC,Uttar Pradesh,"S N Med Coll, Agra",SPM,"₹40,000","₹1,00,980*",2*,"₹40,00,000*",976,3207(1),4949(1),-,-,-,-,-,-,-,-
UP-Govt Quota,BC-PH,Uttar Pradesh,"LLRM Med Coll, Meerut",GENERAL MEDICINE,"₹40,000","₹1,00,980*",2*,"₹40,00,000*",1090,4541(1),4950(1),-,-,-,-,-,-,-,-
UP-Govt Quota,SC,Uttar Pradesh,"MLN Med Coll, Allahabad",PHARMACOLOGY,"₹40,000","₹1,00,980*",2*,"₹40,00,000*",Info Not Available,4569(1),4984(1),-,-,-,-,-,-,-,-